{
  "depth_scale_m": 1.1190253083271273,
  "depth_offset_m": -0.052744215040343025
}