{
  "depth_scale_m": 1.0318838815770814,
  "depth_offset_m": 0.01950715698366136
}