{
  "depth_scale_m": 1.0646591059582005,
  "depth_offset_m": -0.008083105084590772
}