{
  "depth_scale_m": 1.0136116192627733,
  "depth_offset_m": 0.03253787547230222
}