Format Version,1.23,Take Name,MDC_data_1779778584,Take Notes,,Capture Frame Rate,10,Export Frame Rate,10,Capture Start Time,2026-05-26 04:56:53 PM,Total Frames in Take,,Total Exported Frames,,Rotation Type,XYZ,Length Units,Meters,Coordinate Space,Global

,Type,Rigid Body Marker,Rigid Body Marker,Rigid Body Marker,Rigid Body Marker,Rigid Body Marker,Rigid Body Marker,Rigid Body Marker,Rigid Body Marker,Rigid Body Marker,Rigid Body Marker,Rigid Body Marker,Rigid Body Marker,Marker,Marker,Marker,Marker,Marker,Marker
,Name,Tag0,Tag0,Tag0,Tag1,Tag1,Tag1,Tag2,Tag2,Tag2,Midpoint,Midpoint,Midpoint,Pink,Pink,Pink,Green,Green,Green
,ID,Tag0,Tag0,Tag0,Tag1,Tag1,Tag1,Tag2,Tag2,Tag2,Midpoint,Midpoint,Midpoint,Pink,Pink,Pink,Green,Green,Green
,,Position,Position,Position,Position,Position,Position,Position,Position,Position,Position,Position,Position,Position,Position,Position,Position,Position,Position
Timestamp,Time (Seconds),X,Y,Z,X,Y,Z,X,Y,Z,X,Y,Z,X,Y,Z,X,Y,Z
2026-05-26 16:56:53.454,0.000000,0.000000,0.000000,0.000000,-0.129488,-0.093733,-0.318971,0.064944,-0.094561,-0.322235,-0.032272,-0.094147,-0.320603,-0.000117,-0.116311,-0.297004,-0.058744,-0.119697,-0.294609
2026-05-26 16:56:53.554,0.100000,0.000000,0.000000,0.000000,-0.129488,-0.093733,-0.318971,0.065179,-0.093512,-0.322322,-0.032154,-0.093623,-0.320646,0.000456,-0.117398,-0.296971,-0.058655,-0.117588,-0.294702
2026-05-26 16:56:53.654,0.200000,0.000000,0.000000,0.000000,-0.129420,-0.094799,-0.318888,0.064944,-0.094561,-0.322235,-0.032238,-0.094680,-0.320561,0.000456,-0.117398,-0.296971,-0.058700,-0.118643,-0.294655
2026-05-26 16:56:53.754,0.300000,0.000000,0.000000,0.000000,-0.129556,-0.092667,-0.319054,0.065179,-0.093512,-0.322322,-0.032189,-0.093090,-0.320688,0.000456,-0.117398,-0.296971,-0.058700,-0.118643,-0.294655
2026-05-26 16:56:53.854,0.400000,0.000000,0.000000,0.000000,-0.129488,-0.093733,-0.318971,0.064944,-0.094561,-0.322235,-0.032272,-0.094147,-0.320603,0.000456,-0.117398,-0.296971,-0.058700,-0.118643,-0.294655
2026-05-26 16:56:53.954,0.500000,0.000000,0.000000,0.000000,-0.129420,-0.094799,-0.318888,0.064709,-0.095611,-0.322148,-0.032355,-0.095205,-0.320518,0.000456,-0.117398,-0.296971,-0.058700,-0.118643,-0.294655
2026-05-26 16:56:54.054,0.599999,0.000000,0.000000,0.000000,-0.129420,-0.094799,-0.318888,0.065414,-0.092463,-0.322409,-0.032003,-0.093631,-0.320648,0.000456,-0.117398,-0.296971,-0.058655,-0.117588,-0.294702
2026-05-26 16:56:54.154,0.699999,0.000000,0.000000,0.000000,-0.129488,-0.093733,-0.318971,0.064944,-0.094561,-0.322235,-0.032272,-0.094147,-0.320603,-0.000255,-0.117361,-0.296954,-0.058700,-0.118643,-0.294655
2026-05-26 16:56:54.254,0.799999,0.000000,0.000000,0.000000,-0.129420,-0.094799,-0.318888,0.064709,-0.095611,-0.322148,-0.032355,-0.095205,-0.320518,0.000456,-0.117398,-0.296971,-0.058744,-0.119697,-0.294609
2026-05-26 16:56:54.354,0.899999,0.000000,0.000000,0.000000,-0.129488,-0.093733,-0.318971,0.064944,-0.094561,-0.322235,-0.032272,-0.094147,-0.320603,-0.000255,-0.117361,-0.296954,-0.058700,-0.118643,-0.294655
2026-05-26 16:56:54.454,0.999999,0.000000,0.000000,0.000000,-0.129420,-0.094799,-0.318888,0.065179,-0.093512,-0.322322,-0.032120,-0.094155,-0.320605,-0.000255,-0.117361,-0.296954,-0.058700,-0.118643,-0.294655
2026-05-26 16:56:54.554,1.099999,0.000000,0.000000,0.000000,-0.129488,-0.093733,-0.318971,0.065179,-0.093512,-0.322322,-0.032154,-0.093623,-0.320646,-0.000255,-0.117361,-0.296954,-0.058700,-0.118643,-0.294655
2026-05-26 16:56:54.654,1.199999,0.000000,0.000000,0.000000,-0.129488,-0.093733,-0.318971,0.064944,-0.094561,-0.322235,-0.032272,-0.094147,-0.320603,-0.000255,-0.117361,-0.296954,-0.058744,-0.119697,-0.294609
2026-05-26 16:56:54.754,1.299999,0.000000,0.000000,0.000000,-0.129420,-0.094799,-0.318888,0.064944,-0.094561,-0.322235,-0.032238,-0.094680,-0.320561,0.000456,-0.117398,-0.296971,-0.058744,-0.119697,-0.294609
2026-05-26 16:56:54.854,1.399999,0.000000,0.000000,0.000000,-0.129488,-0.093733,-0.318971,0.065179,-0.093512,-0.322322,-0.032154,-0.093623,-0.320646,0.000456,-0.117398,-0.296971,-0.058744,-0.119697,-0.294609
2026-05-26 16:56:54.954,1.499999,0.000000,0.000000,0.000000,-0.129488,-0.093733,-0.318971,0.065179,-0.093512,-0.322322,-0.032154,-0.093623,-0.320646,0.000456,-0.117398,-0.296971,-0.058700,-0.118643,-0.294655
2026-05-26 16:56:55.054,1.599998,0.000000,0.000000,0.000000,-0.129488,-0.093733,-0.318971,0.064944,-0.094561,-0.322235,-0.032272,-0.094147,-0.320603,0.000456,-0.117398,-0.296971,-0.058700,-0.118643,-0.294655
2026-05-26 16:56:55.154,1.699998,0.000000,0.000000,0.000000,-0.129488,-0.093733,-0.318971,0.064944,-0.094561,-0.322235,-0.032272,-0.094147,-0.320603,-0.000255,-0.117361,-0.296954,-0.058700,-0.118643,-0.294655
2026-05-26 16:56:55.254,1.799998,0.000000,0.000000,0.000000,-0.129420,-0.094799,-0.318888,0.065179,-0.093512,-0.322322,-0.032120,-0.094155,-0.320605,0.000456,-0.117398,-0.296971,-0.058700,-0.118643,-0.294655
2026-05-26 16:56:55.354,1.899998,0.000000,0.000000,0.000000,-0.129488,-0.093733,-0.318971,0.065179,-0.093512,-0.322322,-0.032154,-0.093623,-0.320646,-0.000255,-0.117361,-0.296954,-0.058744,-0.119697,-0.294609
2026-05-26 16:56:55.454,1.999998,0.000000,0.000000,0.000000,-0.129488,-0.093733,-0.318971,0.064944,-0.094561,-0.322235,-0.032272,-0.094147,-0.320603,0.000595,-0.116348,-0.297021,-0.058744,-0.119697,-0.294609
2026-05-26 16:56:55.554,2.099998,0.000000,0.000000,0.000000,-0.129488,-0.093733,-0.318971,0.064944,-0.094561,-0.322235,-0.032272,-0.094147,-0.320603,-0.000255,-0.117361,-0.296954,-0.058744,-0.119697,-0.294609
2026-05-26 16:56:55.654,2.199998,0.000000,0.000000,0.000000,-0.129488,-0.093733,-0.318971,0.064944,-0.094561,-0.322235,-0.032272,-0.094147,-0.320603,0.000456,-0.117398,-0.296971,-0.058700,-0.118643,-0.294655
2026-05-26 16:56:55.754,2.299998,0.000000,0.000000,0.000000,-0.129556,-0.092667,-0.319054,0.064709,-0.095611,-0.322148,-0.032424,-0.094139,-0.320601,0.000456,-0.117398,-0.296971,-0.058655,-0.117588,-0.294702
2026-05-26 16:56:55.854,2.399998,0.000000,0.000000,0.000000,-0.129420,-0.094799,-0.318888,0.064944,-0.094561,-0.322235,-0.032238,-0.094680,-0.320561,-0.000255,-0.117361,-0.296954,-0.058744,-0.119697,-0.294609
2026-05-26 16:56:55.954,2.499998,0.000000,0.000000,0.000000,-0.129488,-0.093733,-0.318971,0.065179,-0.093512,-0.322322,-0.032154,-0.093623,-0.320646,-0.000324,-0.117886,-0.296929,-0.058744,-0.119697,-0.294609
2026-05-26 16:56:56.054,2.599998,0.000000,0.000000,0.000000,-0.129420,-0.094799,-0.318888,0.064709,-0.095611,-0.322148,-0.032355,-0.095205,-0.320518,0.000456,-0.117398,-0.296971,-0.058700,-0.118643,-0.294655
2026-05-26 16:56:56.154,2.699997,0.000000,0.000000,0.000000,-0.129488,-0.093733,-0.318971,0.064709,-0.095611,-0.322148,-0.032389,-0.094672,-0.320559,0.000456,-0.117398,-0.296971,-0.058700,-0.118643,-0.294655
2026-05-26 16:56:56.254,2.799997,0.000000,0.000000,0.000000,-0.129488,-0.093733,-0.318971,0.065179,-0.093512,-0.322322,-0.032154,-0.093623,-0.320646,-0.000255,-0.117361,-0.296954,-0.058700,-0.118643,-0.294655
2026-05-26 16:56:56.354,2.899997,0.000000,0.000000,0.000000,-0.129420,-0.094799,-0.318888,0.064944,-0.094561,-0.322235,-0.032238,-0.094680,-0.320561,0.000456,-0.117398,-0.296971,-0.058744,-0.119697,-0.294609
2026-05-26 16:56:56.454,2.999997,0.000000,0.000000,0.000000,-0.129420,-0.094799,-0.318888,0.064944,-0.094561,-0.322235,-0.032238,-0.094680,-0.320561,0.000456,-0.117398,-0.296971,-0.058700,-0.118643,-0.294655
2026-05-26 16:56:56.554,3.099997,0.000000,0.000000,0.000000,-0.129488,-0.093733,-0.318971,0.064944,-0.094561,-0.322235,-0.032272,-0.094147,-0.320603,0.000456,-0.117398,-0.296971,-0.058744,-0.119697,-0.294609
2026-05-26 16:56:56.654,3.199997,0.000000,0.000000,0.000000,-0.129488,-0.093733,-0.318971,0.065179,-0.093512,-0.322322,-0.032154,-0.093623,-0.320646,-0.000255,-0.117361,-0.296954,-0.058700,-0.118643,-0.294655
2026-05-26 16:56:56.754,3.299997,0.000000,0.000000,0.000000,-0.129488,-0.093733,-0.318971,0.065179,-0.093512,-0.322322,-0.032154,-0.093623,-0.320646,0.000456,-0.117398,-0.296971,-0.058700,-0.118643,-0.294655
2026-05-26 16:56:56.854,3.399997,0.000000,0.000000,0.000000,-0.129488,-0.093733,-0.318971,0.064709,-0.095611,-0.322148,-0.032389,-0.094672,-0.320559,0.000456,-0.117398,-0.296971,-0.058700,-0.118643,-0.294655
2026-05-26 16:56:56.954,3.499997,0.000000,0.000000,0.000000,-0.129488,-0.093733,-0.318971,0.064944,-0.094561,-0.322235,-0.032272,-0.094147,-0.320603,0.000456,-0.117398,-0.296971,-0.058744,-0.119697,-0.294609
2026-05-26 16:56:57.054,3.599997,0.000000,0.000000,0.000000,-0.129488,-0.093733,-0.318971,0.064944,-0.094561,-0.322235,-0.032272,-0.094147,-0.320603,0.000456,-0.117398,-0.296971,-0.058700,-0.118643,-0.294655
2026-05-26 16:56:57.154,3.699996,0.000000,0.000000,0.000000,-0.129420,-0.094799,-0.318888,0.065179,-0.093512,-0.322322,-0.032120,-0.094155,-0.320605,0.000456,-0.117398,-0.296971,-0.058700,-0.118643,-0.294655
2026-05-26 16:56:57.254,3.799996,0.000000,0.000000,0.000000,-0.129420,-0.094799,-0.318888,0.065179,-0.093512,-0.322322,-0.032120,-0.094155,-0.320605,0.000456,-0.117398,-0.296971,-0.058700,-0.118643,-0.294655
2026-05-26 16:56:57.354,3.899996,0.000000,0.000000,0.000000,-0.129488,-0.093733,-0.318971,0.064944,-0.094561,-0.322235,-0.032272,-0.094147,-0.320603,0.000456,-0.117398,-0.296971,-0.058700,-0.118643,-0.294655
2026-05-26 16:56:57.454,3.999996,0.000000,0.000000,0.000000,-0.129488,-0.093733,-0.318971,0.064944,-0.094561,-0.322235,-0.032272,-0.094147,-0.320603,0.000456,-0.117398,-0.296971,-0.058700,-0.118643,-0.294655
2026-05-26 16:56:57.554,4.099996,0.000000,0.000000,0.000000,-0.129488,-0.093733,-0.318971,0.064709,-0.095611,-0.322148,-0.032389,-0.094672,-0.320559,0.000456,-0.117398,-0.296971,-0.058700,-0.118643,-0.294655
2026-05-26 16:56:57.654,4.199996,0.000000,0.000000,0.000000,-0.129488,-0.093733,-0.318971,0.065179,-0.093512,-0.322322,-0.032154,-0.093623,-0.320646,0.000456,-0.117398,-0.296971,-0.058744,-0.119697,-0.294609
2026-05-26 16:56:57.754,4.299996,0.000000,0.000000,0.000000,-0.129420,-0.094799,-0.318888,0.064944,-0.094561,-0.322235,-0.032238,-0.094680,-0.320561,0.000456,-0.117398,-0.296971,-0.058700,-0.118643,-0.294655
2026-05-26 16:56:57.854,4.399996,0.000000,0.000000,0.000000,-0.129556,-0.092667,-0.319054,0.064944,-0.094561,-0.322235,-0.032306,-0.093614,-0.320644,-0.000255,-0.117361,-0.296954,-0.058744,-0.119697,-0.294609
2026-05-26 16:56:57.954,4.499996,0.000000,0.000000,0.000000,-0.129420,-0.094799,-0.318888,0.065179,-0.093512,-0.322322,-0.032120,-0.094155,-0.320605,0.000456,-0.117398,-0.296971,-0.058700,-0.118643,-0.294655
2026-05-26 16:56:58.054,4.599996,0.000000,0.000000,0.000000,-0.129420,-0.094799,-0.318888,0.064944,-0.094561,-0.322235,-0.032238,-0.094680,-0.320561,0.000456,-0.117398,-0.296971,-0.058655,-0.117588,-0.294702
2026-05-26 16:56:58.154,4.699996,0.000000,0.000000,0.000000,-0.129488,-0.093733,-0.318971,0.064944,-0.094561,-0.322235,-0.032272,-0.094147,-0.320603,-0.000255,-0.117361,-0.296954,-0.058744,-0.119697,-0.294609
2026-05-26 16:56:58.254,4.799995,0.000000,0.000000,0.000000,-0.129488,-0.093733,-0.318971,0.064944,-0.094561,-0.322235,-0.032272,-0.094147,-0.320603,0.000456,-0.117398,-0.296971,-0.058700,-0.118643,-0.294655
2026-05-26 16:56:58.354,4.899995,0.000000,0.000000,0.000000,-0.129488,-0.093733,-0.318971,0.065414,-0.092463,-0.322409,-0.032037,-0.093098,-0.320690,-0.000255,-0.117361,-0.296954,-0.058700,-0.118643,-0.294655
2026-05-26 16:56:58.454,4.999995,0.000000,0.000000,0.000000,-0.129420,-0.094799,-0.318888,0.065414,-0.092463,-0.322409,-0.032003,-0.093631,-0.320648,-0.000255,-0.117361,-0.296954,-0.058700,-0.118643,-0.294655
2026-05-26 16:56:58.554,5.099995,0.000000,0.000000,0.000000,-0.129556,-0.092667,-0.319054,0.065179,-0.093512,-0.322322,-0.032189,-0.093090,-0.320688,0.000456,-0.117398,-0.296971,-0.058700,-0.118643,-0.294655
2026-05-26 16:56:58.654,5.199995,0.000000,0.000000,0.000000,-0.129488,-0.093733,-0.318971,0.064944,-0.094561,-0.322235,-0.032272,-0.094147,-0.320603,0.000456,-0.117398,-0.296971,-0.058744,-0.119697,-0.294609
2026-05-26 16:56:58.754,5.299995,0.000000,0.000000,0.000000,-0.129556,-0.092667,-0.319054,0.064944,-0.094561,-0.322235,-0.032306,-0.093614,-0.320644,0.000456,-0.117398,-0.296971,-0.058700,-0.118643,-0.294655
2026-05-26 16:56:58.854,5.399995,0.000000,0.000000,0.000000,-0.129488,-0.093733,-0.318971,0.064709,-0.095611,-0.322148,-0.032389,-0.094672,-0.320559,0.000456,-0.117398,-0.296971,-0.058700,-0.118643,-0.294655
2026-05-26 16:56:58.954,5.499995,0.000000,0.000000,0.000000,-0.129488,-0.093733,-0.318971,0.064944,-0.094561,-0.322235,-0.032272,-0.094147,-0.320603,0.000456,-0.117398,-0.296971,-0.058700,-0.118643,-0.294655
2026-05-26 16:56:59.054,5.599995,0.000000,0.000000,0.000000,-0.129420,-0.094799,-0.318888,0.065179,-0.093512,-0.322322,-0.032120,-0.094155,-0.320605,0.000456,-0.117398,-0.296971,-0.058700,-0.118643,-0.294655
2026-05-26 16:56:59.154,5.699995,0.000000,0.000000,0.000000,-0.129488,-0.093733,-0.318971,0.064944,-0.094561,-0.322235,-0.032272,-0.094147,-0.320603,0.000456,-0.117398,-0.296971,-0.058700,-0.118643,-0.294655
2026-05-26 16:56:59.254,5.799994,0.000000,0.000000,0.000000,-0.129420,-0.094799,-0.318888,0.065414,-0.092463,-0.322409,-0.032003,-0.093631,-0.320648,0.000456,-0.117398,-0.296971,-0.058744,-0.119697,-0.294609
2026-05-26 16:56:59.354,5.899994,0.000000,0.000000,0.000000,-0.129488,-0.093733,-0.318971,0.065179,-0.093512,-0.322322,-0.032154,-0.093623,-0.320646,0.000456,-0.117398,-0.296971,-0.058744,-0.119697,-0.294609
2026-05-26 16:56:59.454,5.999994,0.000000,0.000000,0.000000,-0.129488,-0.093733,-0.318971,0.064944,-0.094561,-0.322235,-0.032272,-0.094147,-0.320603,0.000456,-0.117398,-0.296971,-0.058700,-0.118643,-0.294655
2026-05-26 16:56:59.554,6.099994,0.000000,0.000000,0.000000,-0.129420,-0.094799,-0.318888,0.065179,-0.093512,-0.322322,-0.032120,-0.094155,-0.320605,0.000456,-0.117398,-0.296971,-0.058744,-0.119697,-0.294609
2026-05-26 16:56:59.654,6.199994,0.000000,0.000000,0.000000,-0.129556,-0.092667,-0.319054,0.064709,-0.095611,-0.322148,-0.032424,-0.094139,-0.320601,-0.000255,-0.117361,-0.296954,-0.058700,-0.118643,-0.294655
2026-05-26 16:56:59.754,6.299994,0.000000,0.000000,0.000000,-0.129420,-0.094799,-0.318888,0.064944,-0.094561,-0.322235,-0.032238,-0.094680,-0.320561,0.000456,-0.117398,-0.296971,-0.058744,-0.119697,-0.294609
2026-05-26 16:56:59.854,6.399994,0.000000,0.000000,0.000000,-0.129488,-0.093733,-0.318971,0.065179,-0.093512,-0.322322,-0.032154,-0.093623,-0.320646,0.000456,-0.117398,-0.296971,-0.058744,-0.119697,-0.294609
2026-05-26 16:56:59.954,6.499994,0.000000,0.000000,0.000000,-0.129488,-0.093733,-0.318971,0.064709,-0.095611,-0.322148,-0.032389,-0.094672,-0.320559,0.000456,-0.117398,-0.296971,-0.058655,-0.117588,-0.294702
2026-05-26 16:57:00.054,6.599994,0.000000,0.000000,0.000000,-0.129488,-0.093733,-0.318971,0.064944,-0.094561,-0.322235,-0.032272,-0.094147,-0.320603,-0.000186,-0.116836,-0.296979,-0.058700,-0.118643,-0.294655
2026-05-26 16:57:00.154,6.699994,0.000000,0.000000,0.000000,-0.129488,-0.093733,-0.318971,0.065179,-0.093512,-0.322322,-0.032154,-0.093623,-0.320646,0.000456,-0.117398,-0.296971,-0.058700,-0.118643,-0.294655
2026-05-26 16:57:00.254,6.799994,0.000000,0.000000,0.000000,-0.129488,-0.093733,-0.318971,0.064944,-0.094561,-0.322235,-0.032272,-0.094147,-0.320603,-0.000255,-0.117361,-0.296954,-0.058655,-0.117588,-0.294702
2026-05-26 16:57:00.354,6.899993,0.000000,0.000000,0.000000,-0.129488,-0.093733,-0.318971,0.065179,-0.093512,-0.322322,-0.032154,-0.093623,-0.320646,-0.000255,-0.117361,-0.296954,-0.058677,-0.118115,-0.294679
2026-05-26 16:57:00.454,6.999993,0.000000,0.000000,0.000000,-0.129420,-0.094799,-0.318888,0.064944,-0.094561,-0.322235,-0.032238,-0.094680,-0.320561,0.000456,-0.117398,-0.296971,-0.058700,-0.118643,-0.294655
2026-05-26 16:57:00.554,7.099993,0.000000,0.000000,0.000000,-0.129488,-0.093733,-0.318971,0.065179,-0.093512,-0.322322,-0.032154,-0.093623,-0.320646,0.000456,-0.117398,-0.296971,-0.058700,-0.118643,-0.294655
2026-05-26 16:57:00.654,7.199993,0.000000,0.000000,0.000000,-0.129488,-0.093733,-0.318971,0.064709,-0.095611,-0.322148,-0.032389,-0.094672,-0.320559,0.000456,-0.117398,-0.296971,-0.058700,-0.118643,-0.294655
2026-05-26 16:57:00.754,7.299993,0.000000,0.000000,0.000000,-0.129420,-0.094799,-0.318888,0.064709,-0.095611,-0.322148,-0.032355,-0.095205,-0.320518,0.000456,-0.117398,-0.296971,-0.058744,-0.119697,-0.294609
2026-05-26 16:57:00.854,7.399993,0.000000,0.000000,0.000000,-0.129420,-0.094799,-0.318888,0.064944,-0.094561,-0.322235,-0.032238,-0.094680,-0.320561,0.000456,-0.117398,-0.296971,-0.058700,-0.118643,-0.294655
2026-05-26 16:57:00.954,7.499993,0.000000,0.000000,0.000000,-0.129488,-0.093733,-0.318971,0.064944,-0.094561,-0.322235,-0.032272,-0.094147,-0.320603,0.000456,-0.117398,-0.296971,-0.058700,-0.118643,-0.294655
2026-05-26 16:57:01.054,7.599993,0.000000,0.000000,0.000000,-0.129488,-0.093733,-0.318971,0.065179,-0.093512,-0.322322,-0.032154,-0.093623,-0.320646,-0.000255,-0.117361,-0.296954,-0.058700,-0.118643,-0.294655
2026-05-26 16:57:01.154,7.699993,0.000000,0.000000,0.000000,-0.129488,-0.093733,-0.318971,0.064944,-0.094561,-0.322235,-0.032272,-0.094147,-0.320603,0.000456,-0.117398,-0.296971,-0.058700,-0.118643,-0.294655
2026-05-26 16:57:01.254,7.799993,0.000000,0.000000,0.000000,-0.129488,-0.093733,-0.318971,0.065414,-0.092463,-0.322409,-0.032037,-0.093098,-0.320690,0.000456,-0.117398,-0.296971,-0.058700,-0.118643,-0.294655
2026-05-26 16:57:01.354,7.899992,0.000000,0.000000,0.000000,-0.129488,-0.093733,-0.318971,0.065179,-0.093512,-0.322322,-0.032154,-0.093623,-0.320646,0.000456,-0.117398,-0.296971,-0.058655,-0.117588,-0.294702
2026-05-26 16:57:01.454,7.999992,0.000000,0.000000,0.000000,-0.129488,-0.093733,-0.318971,0.065179,-0.093512,-0.322322,-0.032154,-0.093623,-0.320646,-0.000255,-0.117361,-0.296954,-0.058700,-0.118643,-0.294655
2026-05-26 16:57:01.554,8.099992,0.000000,0.000000,0.000000,-0.129488,-0.093733,-0.318971,0.064944,-0.094561,-0.322235,-0.032272,-0.094147,-0.320603,0.000456,-0.117398,-0.296971,-0.058744,-0.119697,-0.294609
2026-05-26 16:57:01.654,8.199992,0.000000,0.000000,0.000000,-0.129420,-0.094799,-0.318888,0.065414,-0.092463,-0.322409,-0.032003,-0.093631,-0.320648,0.000456,-0.117398,-0.296971,-0.058700,-0.118643,-0.294655
2026-05-26 16:57:01.754,8.299992,0.000000,0.000000,0.000000,-0.129488,-0.093733,-0.318971,0.064931,-0.094466,-0.322966,-0.032278,-0.094100,-0.320969,0.000456,-0.117398,-0.296971,-0.058700,-0.118643,-0.294655
2026-05-26 16:57:01.854,8.399992,0.000000,0.000000,0.000000,-0.129488,-0.093733,-0.318971,0.065179,-0.093512,-0.322322,-0.032154,-0.093623,-0.320646,0.000456,-0.117398,-0.296971,-0.058744,-0.119697,-0.294609
2026-05-26 16:57:01.954,8.499992,0.000000,0.000000,0.000000,-0.129488,-0.093733,-0.318971,0.064944,-0.094561,-0.322235,-0.032272,-0.094147,-0.320603,0.000456,-0.117398,-0.296971,-0.058744,-0.119697,-0.294609
2026-05-26 16:57:02.054,8.599992,0.000000,0.000000,0.000000,-0.129556,-0.092667,-0.319054,0.065179,-0.093512,-0.322322,-0.032189,-0.093090,-0.320688,0.000456,-0.117398,-0.296971,-0.058700,-0.118643,-0.294655
2026-05-26 16:57:02.154,8.699992,0.000000,0.000000,0.000000,-0.129420,-0.094799,-0.318888,0.065179,-0.093512,-0.322322,-0.032120,-0.094155,-0.320605,-0.000255,-0.117361,-0.296954,-0.058700,-0.118643,-0.294655
2026-05-26 16:57:02.254,8.799992,0.000000,0.000000,0.000000,-0.129420,-0.094799,-0.318888,0.064944,-0.094561,-0.322235,-0.032238,-0.094680,-0.320561,0.000456,-0.117398,-0.296971,-0.058744,-0.119697,-0.294609
2026-05-26 16:57:02.354,8.899992,0.000000,0.000000,0.000000,-0.129488,-0.093733,-0.318971,0.065166,-0.093417,-0.323055,-0.032161,-0.093575,-0.321013,-0.000255,-0.117361,-0.296954,-0.058700,-0.118643,-0.294655
2026-05-26 16:57:02.454,8.999991,0.000000,0.000000,0.000000,-0.129488,-0.093733,-0.318971,0.064944,-0.094561,-0.322235,-0.032272,-0.094147,-0.320603,0.000316,-0.118447,-0.296922,-0.058700,-0.118643,-0.294655
2026-05-26 16:57:02.554,9.099991,0.000000,0.000000,0.000000,-0.129420,-0.094799,-0.318888,0.064944,-0.094561,-0.322235,-0.032238,-0.094680,-0.320561,-0.000255,-0.117361,-0.296954,-0.058700,-0.118643,-0.294655
2026-05-26 16:57:02.654,9.199991,0.000000,0.000000,0.000000,-0.129420,-0.094799,-0.318888,0.064944,-0.094561,-0.322235,-0.032238,-0.094680,-0.320561,-0.000255,-0.117361,-0.296954,-0.058700,-0.118643,-0.294655
2026-05-26 16:57:02.754,9.299991,0.000000,0.000000,0.000000,-0.129420,-0.094799,-0.318888,0.064944,-0.094561,-0.322235,-0.032238,-0.094680,-0.320561,0.000456,-0.117398,-0.296971,-0.058700,-0.118643,-0.294655
2026-05-26 16:57:02.854,9.399991,0.000000,0.000000,0.000000,-0.129420,-0.094799,-0.318888,0.065179,-0.093512,-0.322322,-0.032120,-0.094155,-0.320605,-0.000255,-0.117361,-0.296954,-0.058744,-0.119697,-0.294609
2026-05-26 16:57:02.954,9.499991,0.000000,0.000000,0.000000,-0.129488,-0.093733,-0.318971,0.064944,-0.094561,-0.322235,-0.032272,-0.094147,-0.320603,0.000456,-0.117398,-0.296971,-0.058744,-0.119697,-0.294609
2026-05-26 16:57:03.054,9.599991,0.000000,0.000000,0.000000,-0.129420,-0.094799,-0.318888,0.065414,-0.092463,-0.322409,-0.032003,-0.093631,-0.320648,0.000456,-0.117398,-0.296971,-0.058700,-0.118643,-0.294655
2026-05-26 16:57:03.154,9.699991,0.000000,0.000000,0.000000,-0.129420,-0.094799,-0.318888,0.064709,-0.095611,-0.322148,-0.032355,-0.095205,-0.320518,-0.000255,-0.117361,-0.296954,-0.058700,-0.118643,-0.294655
2026-05-26 16:57:03.254,9.799991,0.000000,0.000000,0.000000,-0.129488,-0.093733,-0.318971,0.065414,-0.092463,-0.322409,-0.032037,-0.093098,-0.320690,0.000456,-0.117398,-0.296971,-0.058700,-0.118643,-0.294655
2026-05-26 16:57:03.354,9.899991,0.000000,0.000000,0.000000,-0.129420,-0.094799,-0.318888,0.065179,-0.093512,-0.322322,-0.032120,-0.094155,-0.320605,0.000456,-0.117398,-0.296971,-0.058700,-0.118643,-0.294655
2026-05-26 16:57:03.454,9.999990,0.000000,0.000000,0.000000,-0.129556,-0.092667,-0.319054,0.064944,-0.094561,-0.322235,-0.032306,-0.093614,-0.320644,0.000456,-0.117398,-0.296971,-0.058744,-0.119697,-0.294609
2026-05-26 16:57:03.554,10.099990,0.000000,0.000000,0.000000,-0.129488,-0.093733,-0.318971,0.065179,-0.093512,-0.322322,-0.032154,-0.093623,-0.320646,0.000456,-0.117398,-0.296971,-0.058700,-0.118643,-0.294655
2026-05-26 16:57:03.654,10.199990,0.000000,0.000000,0.000000,-0.129488,-0.093733,-0.318971,0.065179,-0.093512,-0.322322,-0.032154,-0.093623,-0.320646,0.000456,-0.117398,-0.296971,-0.058744,-0.119697,-0.294609
2026-05-26 16:57:03.754,10.299990,0.000000,0.000000,0.000000,-0.129420,-0.094799,-0.318888,0.065414,-0.092463,-0.322409,-0.032003,-0.093631,-0.320648,0.000456,-0.117398,-0.296971,-0.058744,-0.119697,-0.294609
2026-05-26 16:57:03.854,10.399990,0.000000,0.000000,0.000000,-0.129420,-0.094799,-0.318888,0.064696,-0.095516,-0.322878,-0.032362,-0.095157,-0.320883,0.000456,-0.117398,-0.296971,-0.058700,-0.118643,-0.294655
2026-05-26 16:57:03.954,10.499990,0.000000,0.000000,0.000000,-0.129420,-0.094799,-0.318888,0.064944,-0.094561,-0.322235,-0.032238,-0.094680,-0.320561,0.000456,-0.117398,-0.296971,-0.058744,-0.119697,-0.294609
2026-05-26 16:57:04.054,10.599990,0.000000,0.000000,0.000000,-0.129420,-0.094799,-0.318888,0.064944,-0.094561,-0.322235,-0.032238,-0.094680,-0.320561,0.000456,-0.117398,-0.296971,-0.058700,-0.118643,-0.294655
2026-05-26 16:57:04.154,10.699990,0.000000,0.000000,0.000000,-0.129488,-0.093733,-0.318971,0.064709,-0.095611,-0.322148,-0.032389,-0.094672,-0.320559,0.000456,-0.117398,-0.296971,-0.058700,-0.118643,-0.294655
2026-05-26 16:57:04.254,10.799990,0.000000,0.000000,0.000000,-0.129488,-0.093733,-0.318971,0.064709,-0.095611,-0.322148,-0.032389,-0.094672,-0.320559,0.000456,-0.117398,-0.296971,-0.058744,-0.119697,-0.294609
2026-05-26 16:57:04.354,10.899990,0.000000,0.000000,0.000000,-0.129420,-0.094799,-0.318888,0.064696,-0.095516,-0.322878,-0.032362,-0.095157,-0.320883,0.000456,-0.117398,-0.296971,-0.058655,-0.117588,-0.294702
2026-05-26 16:57:04.454,10.999990,0.000000,0.000000,0.000000,-0.129488,-0.093733,-0.318971,0.064944,-0.094561,-0.322235,-0.032272,-0.094147,-0.320603,0.000456,-0.117398,-0.296971,-0.058744,-0.119697,-0.294609
2026-05-26 16:57:04.554,11.099989,0.000000,0.000000,0.000000,-0.129488,-0.093733,-0.318971,0.064944,-0.094561,-0.322235,-0.032272,-0.094147,-0.320603,0.000595,-0.116348,-0.297021,-0.058744,-0.119697,-0.294609
2026-05-26 16:57:04.654,11.199989,0.000000,0.000000,0.000000,-0.129351,-0.095864,-0.318805,0.065179,-0.093512,-0.322322,-0.032086,-0.094688,-0.320563,0.000456,-0.117398,-0.296971,-0.058744,-0.119697,-0.294609
2026-05-26 16:57:04.754,11.299989,0.000000,0.000000,0.000000,-0.129420,-0.094799,-0.318888,0.064944,-0.094561,-0.322235,-0.032238,-0.094680,-0.320561,-0.000255,-0.117361,-0.296954,-0.058700,-0.118643,-0.294655
2026-05-26 16:57:04.854,11.399989,0.000000,0.000000,0.000000,-0.129420,-0.094799,-0.318888,0.064944,-0.094561,-0.322235,-0.032238,-0.094680,-0.320561,-0.000255,-0.117361,-0.296954,-0.058744,-0.119697,-0.294609
2026-05-26 16:57:04.954,11.499989,0.000000,0.000000,0.000000,-0.129488,-0.093733,-0.318971,0.064944,-0.094561,-0.322235,-0.032272,-0.094147,-0.320603,0.000456,-0.117398,-0.296971,-0.058744,-0.119697,-0.294609
2026-05-26 16:57:05.054,11.599989,0.000000,0.000000,0.000000,-0.129556,-0.092667,-0.319054,0.065414,-0.092463,-0.322409,-0.032071,-0.092565,-0.320731,0.000595,-0.116348,-0.297021,-0.058744,-0.119697,-0.294609
2026-05-26 16:57:05.154,11.699989,0.000000,0.000000,0.000000,-0.129420,-0.094799,-0.318888,0.064709,-0.095611,-0.322148,-0.032355,-0.095205,-0.320518,-0.000255,-0.117361,-0.296954,-0.058744,-0.119697,-0.294609
2026-05-26 16:57:05.254,11.799989,0.000000,0.000000,0.000000,-0.129420,-0.094799,-0.318888,0.065179,-0.093512,-0.322322,-0.032120,-0.094155,-0.320605,-0.000255,-0.117361,-0.296954,-0.058744,-0.119697,-0.294609
2026-05-26 16:57:05.354,11.899989,0.000000,0.000000,0.000000,-0.129420,-0.094799,-0.318888,0.065179,-0.093512,-0.322322,-0.032120,-0.094155,-0.320605,0.000456,-0.117398,-0.296971,-0.058700,-0.118643,-0.294655
2026-05-26 16:57:05.454,11.999989,0.000000,0.000000,0.000000,-0.129420,-0.094799,-0.318888,0.065166,-0.093417,-0.323055,-0.032127,-0.094108,-0.320971,0.000456,-0.117398,-0.296971,-0.058700,-0.118643,-0.294655
2026-05-26 16:57:05.554,12.099988,0.000000,0.000000,0.000000,-0.129488,-0.093733,-0.318971,0.064944,-0.094561,-0.322235,-0.032272,-0.094147,-0.320603,-0.000255,-0.117361,-0.296954,-0.058744,-0.119697,-0.294609
2026-05-26 16:57:05.654,12.199988,0.000000,0.000000,0.000000,-0.129556,-0.092667,-0.319054,0.065179,-0.093512,-0.322322,-0.032189,-0.093090,-0.320688,0.000456,-0.117398,-0.296971,-0.058700,-0.118643,-0.294655
2026-05-26 16:57:05.754,12.299988,0.000000,0.000000,0.000000,-0.129420,-0.094799,-0.318888,0.064944,-0.094561,-0.322235,-0.032238,-0.094680,-0.320561,-0.000255,-0.117361,-0.296954,-0.058700,-0.118643,-0.294655
2026-05-26 16:57:05.854,12.399988,0.000000,0.000000,0.000000,-0.129488,-0.093733,-0.318971,0.064944,-0.094561,-0.322235,-0.032272,-0.094147,-0.320603,0.000456,-0.117398,-0.296971,-0.058655,-0.117588,-0.294702
2026-05-26 16:57:05.954,12.499988,0.000000,0.000000,0.000000,-0.129488,-0.093733,-0.318971,0.064709,-0.095611,-0.322148,-0.032389,-0.094672,-0.320559,0.000456,-0.117398,-0.296971,-0.058700,-0.118643,-0.294655
2026-05-26 16:57:06.054,12.599988,0.000000,0.000000,0.000000,-0.129488,-0.093733,-0.318971,0.065414,-0.092463,-0.322409,-0.032037,-0.093098,-0.320690,0.000595,-0.116348,-0.297021,-0.058700,-0.118643,-0.294655
2026-05-26 16:57:06.154,12.699988,0.000000,0.000000,0.000000,-0.129420,-0.094799,-0.318888,0.064944,-0.094561,-0.322235,-0.032238,-0.094680,-0.320561,0.000456,-0.117398,-0.296971,-0.058744,-0.119697,-0.294609
2026-05-26 16:57:06.254,12.799988,0.000000,0.000000,0.000000,-0.129420,-0.094799,-0.318888,0.064944,-0.094561,-0.322235,-0.032238,-0.094680,-0.320561,0.000456,-0.117398,-0.296971,-0.058744,-0.119697,-0.294609
2026-05-26 16:57:06.354,12.899988,0.000000,0.000000,0.000000,-0.129488,-0.093733,-0.318971,0.064709,-0.095611,-0.322148,-0.032389,-0.094672,-0.320559,0.000595,-0.116348,-0.297021,-0.058744,-0.119697,-0.294609
2026-05-26 16:57:06.454,12.999988,0.000000,0.000000,0.000000,-0.129488,-0.093733,-0.318971,0.065179,-0.093512,-0.322322,-0.032154,-0.093623,-0.320646,0.000456,-0.117398,-0.296971,-0.058700,-0.118643,-0.294655
2026-05-26 16:57:06.554,13.099988,0.000000,0.000000,0.000000,-0.129488,-0.093733,-0.318971,0.064944,-0.094561,-0.322235,-0.032272,-0.094147,-0.320603,-0.000255,-0.117361,-0.296954,-0.058744,-0.119697,-0.294609
2026-05-26 16:57:06.654,13.199987,0.000000,0.000000,0.000000,-0.129556,-0.092667,-0.319054,0.065179,-0.093512,-0.322322,-0.032189,-0.093090,-0.320688,0.000456,-0.117398,-0.296971,-0.058744,-0.119697,-0.294609
2026-05-26 16:57:06.754,13.299987,0.000000,0.000000,0.000000,-0.129420,-0.094799,-0.318888,0.064944,-0.094561,-0.322235,-0.032238,-0.094680,-0.320561,0.000456,-0.117398,-0.296971,-0.058700,-0.118643,-0.294655
2026-05-26 16:57:06.854,13.399987,0.000000,0.000000,0.000000,-0.129420,-0.094799,-0.318888,0.064944,-0.094561,-0.322235,-0.032238,-0.094680,-0.320561,0.000456,-0.117398,-0.296971,-0.058744,-0.119697,-0.294609
2026-05-26 16:57:06.954,13.499987,0.000000,0.000000,0.000000,-0.129488,-0.093733,-0.318971,0.065179,-0.093512,-0.322322,-0.032154,-0.093623,-0.320646,-0.000117,-0.116311,-0.297004,-0.058700,-0.118643,-0.294655
2026-05-26 16:57:07.054,13.599987,0.000000,0.000000,0.000000,-0.129488,-0.093733,-0.318971,0.065179,-0.093512,-0.322322,-0.032154,-0.093623,-0.320646,0.000595,-0.116348,-0.297021,-0.058744,-0.119697,-0.294609
2026-05-26 16:57:07.154,13.699987,0.000000,0.000000,0.000000,-0.129420,-0.094799,-0.318888,0.064944,-0.094561,-0.322235,-0.032238,-0.094680,-0.320561,0.000456,-0.117398,-0.296971,-0.058655,-0.117588,-0.294702
2026-05-26 16:57:07.254,13.799987,0.000000,0.000000,0.000000,-0.129488,-0.093733,-0.318971,0.065179,-0.093512,-0.322322,-0.032154,-0.093623,-0.320646,0.000456,-0.117398,-0.296971,-0.058700,-0.118643,-0.294655
2026-05-26 16:57:07.354,13.899987,0.000000,0.000000,0.000000,-0.129420,-0.094799,-0.318888,0.065179,-0.093512,-0.322322,-0.032120,-0.094155,-0.320605,0.000456,-0.117398,-0.296971,-0.058744,-0.119697,-0.294609
2026-05-26 16:57:07.454,13.999987,0.000000,0.000000,0.000000,-0.129420,-0.094799,-0.318888,0.065179,-0.093512,-0.322322,-0.032120,-0.094155,-0.320605,0.000456,-0.117398,-0.296971,-0.058744,-0.119697,-0.294609
2026-05-26 16:57:07.554,14.099987,0.000000,0.000000,0.000000,-0.129420,-0.094799,-0.318888,0.065414,-0.092463,-0.322409,-0.032003,-0.093631,-0.320648,-0.000255,-0.117361,-0.296954,-0.058744,-0.119697,-0.294609
2026-05-26 16:57:07.654,14.199986,0.000000,0.000000,0.000000,-0.129420,-0.094799,-0.318888,0.064944,-0.094561,-0.322235,-0.032238,-0.094680,-0.320561,0.000456,-0.117398,-0.296971,-0.058744,-0.119697,-0.294609
2026-05-26 16:57:07.754,14.299986,0.000000,0.000000,0.000000,-0.129420,-0.094799,-0.318888,0.064944,-0.094561,-0.322235,-0.032238,-0.094680,-0.320561,0.000456,-0.117398,-0.296971,-0.058744,-0.119697,-0.294609
2026-05-26 16:57:07.854,14.399986,0.000000,0.000000,0.000000,-0.129488,-0.093733,-0.318971,0.064944,-0.094561,-0.322235,-0.032272,-0.094147,-0.320603,0.000595,-0.116348,-0.297021,-0.058744,-0.119697,-0.294609
2026-05-26 16:57:07.954,14.499986,0.000000,0.000000,0.000000,-0.129556,-0.092667,-0.319054,0.065179,-0.093512,-0.322322,-0.032189,-0.093090,-0.320688,-0.000255,-0.117361,-0.296954,-0.058744,-0.119697,-0.294609
2026-05-26 16:57:08.054,14.599986,0.000000,0.000000,0.000000,-0.129488,-0.093733,-0.318971,0.065179,-0.093512,-0.322322,-0.032154,-0.093623,-0.320646,0.000456,-0.117398,-0.296971,-0.058744,-0.119697,-0.294609
2026-05-26 16:57:08.154,14.699986,0.000000,0.000000,0.000000,-0.129488,-0.093733,-0.318971,0.065179,-0.093512,-0.322322,-0.032154,-0.093623,-0.320646,0.000456,-0.117398,-0.296971,-0.058744,-0.119697,-0.294609
2026-05-26 16:57:08.254,14.799986,0.000000,0.000000,0.000000,-0.129420,-0.094799,-0.318888,0.065179,-0.093512,-0.322322,-0.032120,-0.094155,-0.320605,0.000456,-0.117398,-0.296971,-0.058744,-0.119697,-0.294609
2026-05-26 16:57:08.354,14.899986,0.000000,0.000000,0.000000,-0.129351,-0.095864,-0.318805,0.064696,-0.095516,-0.322878,-0.032328,-0.095690,-0.320841,-0.000255,-0.117361,-0.296954,-0.058700,-0.118643,-0.294655
2026-05-26 16:57:08.454,14.999986,0.000000,0.000000,0.000000,-0.129488,-0.093733,-0.318971,0.065179,-0.093512,-0.322322,-0.032154,-0.093623,-0.320646,0.000595,-0.116348,-0.297021,-0.058744,-0.119697,-0.294609
2026-05-26 16:57:08.554,15.099986,0.000000,0.000000,0.000000,-0.129420,-0.094799,-0.318888,0.065179,-0.093512,-0.322322,-0.032120,-0.094155,-0.320605,-0.000255,-0.117361,-0.296954,-0.058744,-0.119697,-0.294609
2026-05-26 16:57:08.654,15.199986,0.000000,0.000000,0.000000,-0.129420,-0.094799,-0.318888,0.065179,-0.093512,-0.322322,-0.032120,-0.094155,-0.320605,0.000456,-0.117398,-0.296971,-0.058700,-0.118643,-0.294655
2026-05-26 16:57:08.754,15.299985,0.000000,0.000000,0.000000,-0.129488,-0.093733,-0.318971,0.064931,-0.094466,-0.322966,-0.032278,-0.094100,-0.320969,-0.000255,-0.117361,-0.296954,-0.058744,-0.119697,-0.294609
2026-05-26 16:57:08.854,15.399985,0.000000,0.000000,0.000000,-0.129488,-0.093733,-0.318971,0.064944,-0.094561,-0.322235,-0.032272,-0.094147,-0.320603,0.000456,-0.117398,-0.296971,-0.058700,-0.118643,-0.294655
2026-05-26 16:57:08.954,15.499985,0.000000,0.000000,0.000000,-0.129420,-0.094799,-0.318888,0.064709,-0.095611,-0.322148,-0.032355,-0.095205,-0.320518,0.000456,-0.117398,-0.296971,-0.058744,-0.119697,-0.294609
2026-05-26 16:57:09.054,15.599985,0.000000,0.000000,0.000000,-0.129420,-0.094799,-0.318888,0.064944,-0.094561,-0.322235,-0.032238,-0.094680,-0.320561,0.000456,-0.117398,-0.296971,-0.058744,-0.119697,-0.294609
2026-05-26 16:57:09.154,15.699985,0.000000,0.000000,0.000000,-0.129488,-0.093733,-0.318971,0.064944,-0.094561,-0.322235,-0.032272,-0.094147,-0.320603,0.000456,-0.117398,-0.296971,-0.058700,-0.118643,-0.294655
2026-05-26 16:57:09.254,15.799985,0.000000,0.000000,0.000000,-0.129488,-0.093733,-0.318971,0.064944,-0.094561,-0.322235,-0.032272,-0.094147,-0.320603,0.000456,-0.117398,-0.296971,-0.058700,-0.118643,-0.294655
2026-05-26 16:57:09.354,15.899985,0.000000,0.000000,0.000000,-0.129488,-0.093733,-0.318971,0.064931,-0.094466,-0.322966,-0.032278,-0.094100,-0.320969,0.000456,-0.117398,-0.296971,-0.058700,-0.118643,-0.294655
2026-05-26 16:57:09.454,15.999985,0.000000,0.000000,0.000000,-0.129488,-0.093733,-0.318971,0.065179,-0.093512,-0.322322,-0.032154,-0.093623,-0.320646,0.000456,-0.117398,-0.296971,-0.058677,-0.118115,-0.294679
2026-05-26 16:57:09.554,16.099985,0.000000,0.000000,0.000000,-0.129488,-0.093733,-0.318971,0.064696,-0.095516,-0.322878,-0.032396,-0.094624,-0.320925,0.000595,-0.116348,-0.297021,-0.059319,-0.116497,-0.294730
2026-05-26 16:57:09.654,16.199985,0.000000,0.000000,0.000000,-0.129420,-0.094799,-0.318888,0.064944,-0.094561,-0.322235,-0.032238,-0.094680,-0.320561,0.000316,-0.118447,-0.296922,-0.059406,-0.118606,-0.294638
2026-05-26 16:57:09.754,16.299984,0.000000,0.000000,0.000000,-0.129420,-0.094799,-0.318888,0.064944,-0.094561,-0.322235,-0.032238,-0.094680,-0.320561,0.000456,-0.117398,-0.296971,-0.059362,-0.117551,-0.294684
2026-05-26 16:57:09.854,16.399984,0.000000,0.000000,0.000000,-0.129488,-0.093733,-0.318971,0.065166,-0.093417,-0.323055,-0.032161,-0.093575,-0.321013,0.000456,-0.117398,-0.296971,-0.058655,-0.117588,-0.294702
2026-05-26 16:57:09.954,16.499984,0.000000,0.000000,0.000000,-0.129488,-0.093733,-0.318971,0.064944,-0.094561,-0.322235,-0.032272,-0.094147,-0.320603,0.000316,-0.118447,-0.296922,-0.058610,-0.116533,-0.294748
2026-05-26 16:57:10.054,16.599984,0.000000,0.000000,0.000000,-0.129420,-0.094799,-0.318888,0.064944,-0.094561,-0.322235,-0.032238,-0.094680,-0.320561,0.000456,-0.117398,-0.296971,-0.059362,-0.117551,-0.294684
2026-05-26 16:57:10.154,16.699984,0.000000,0.000000,0.000000,-0.129488,-0.093733,-0.318971,0.064944,-0.094561,-0.322235,-0.032272,-0.094147,-0.320603,0.000595,-0.116348,-0.297021,-0.059319,-0.116497,-0.294730
2026-05-26 16:57:10.254,16.799984,0.000000,0.000000,0.000000,-0.129488,-0.093733,-0.318971,0.064944,-0.094561,-0.322235,-0.032272,-0.094147,-0.320603,0.000456,-0.117398,-0.296971,-0.058610,-0.116533,-0.294748
2026-05-26 16:57:10.354,16.899984,0.000000,0.000000,0.000000,-0.129420,-0.094799,-0.318888,0.065179,-0.093512,-0.322322,-0.032120,-0.094155,-0.320605,0.000456,-0.117398,-0.296971,-0.059406,-0.118606,-0.294638
2026-05-26 16:57:10.454,16.999984,0.000000,0.000000,0.000000,-0.129488,-0.093733,-0.318971,0.065166,-0.093417,-0.323055,-0.032161,-0.093575,-0.321013,0.000456,-0.117398,-0.296971,-0.059406,-0.118606,-0.294638
2026-05-26 16:57:10.554,17.099984,0.000000,0.000000,0.000000,-0.129488,-0.093733,-0.318971,0.064931,-0.094466,-0.322966,-0.032278,-0.094100,-0.320969,0.000456,-0.117398,-0.296971,-0.059362,-0.117551,-0.294684
2026-05-26 16:57:10.654,17.199984,0.000000,0.000000,0.000000,-0.129420,-0.094799,-0.318888,0.064696,-0.095516,-0.322878,-0.032362,-0.095157,-0.320883,0.000456,-0.117398,-0.296971,-0.058610,-0.116533,-0.294748
2026-05-26 16:57:10.754,17.299984,0.000000,0.000000,0.000000,-0.129420,-0.094799,-0.318888,0.064696,-0.095516,-0.322878,-0.032362,-0.095157,-0.320883,0.000456,-0.117398,-0.296971,-0.059406,-0.118606,-0.294638
2026-05-26 16:57:10.854,17.399983,0.000000,0.000000,0.000000,-0.129556,-0.092667,-0.319054,0.064709,-0.095611,-0.322148,-0.032424,-0.094139,-0.320601,0.000456,-0.117398,-0.296971,-0.058655,-0.117588,-0.294702
2026-05-26 16:57:10.954,17.499983,0.000000,0.000000,0.000000,-0.129420,-0.094799,-0.318888,0.065179,-0.093512,-0.322322,-0.032120,-0.094155,-0.320605,0.000456,-0.117398,-0.296971,-0.059319,-0.116497,-0.294730
2026-05-26 16:57:11.054,17.599983,0.000000,0.000000,0.000000,-0.129420,-0.094799,-0.318888,0.064709,-0.095611,-0.322148,-0.032355,-0.095205,-0.320518,0.000316,-0.118447,-0.296922,-0.058700,-0.118643,-0.294655
2026-05-26 16:57:11.154,17.699983,0.000000,0.000000,0.000000,-0.129488,-0.093733,-0.318971,0.064944,-0.094561,-0.322235,-0.032272,-0.094147,-0.320603,0.000316,-0.118447,-0.296922,-0.059362,-0.117551,-0.294684
2026-05-26 16:57:11.254,17.799983,0.000000,0.000000,0.000000,-0.129556,-0.092667,-0.319054,0.065166,-0.093417,-0.323055,-0.032195,-0.093042,-0.321054,0.000456,-0.117398,-0.296971,-0.059319,-0.116497,-0.294730
2026-05-26 16:57:11.354,17.899983,0.000000,0.000000,0.000000,-0.129420,-0.094799,-0.318888,0.065166,-0.093417,-0.323055,-0.032127,-0.094108,-0.320971,0.000456,-0.117398,-0.296971,-0.059406,-0.118606,-0.294638
2026-05-26 16:57:11.454,17.999983,0.000000,0.000000,0.000000,-0.129488,-0.093733,-0.318971,0.064931,-0.094466,-0.322966,-0.032278,-0.094100,-0.320969,0.000456,-0.117398,-0.296971,-0.059362,-0.117551,-0.294684
2026-05-26 16:57:11.554,18.099983,0.000000,0.000000,0.000000,-0.129488,-0.093733,-0.318971,0.064696,-0.095516,-0.322878,-0.032396,-0.094624,-0.320925,0.000456,-0.117398,-0.296971,-0.059362,-0.117551,-0.294684
2026-05-26 16:57:11.654,18.199983,0.000000,0.000000,0.000000,-0.129488,-0.093733,-0.318971,0.064944,-0.094561,-0.322235,-0.032272,-0.094147,-0.320603,0.000456,-0.117398,-0.296971,-0.059319,-0.116497,-0.294730
2026-05-26 16:57:11.754,18.299983,0.000000,0.000000,0.000000,-0.129488,-0.093733,-0.318971,0.064709,-0.095611,-0.322148,-0.032389,-0.094672,-0.320559,0.000456,-0.117398,-0.296971,-0.059406,-0.118606,-0.294638
2026-05-26 16:57:11.854,18.399982,0.000000,0.000000,0.000000,-0.129420,-0.094799,-0.318888,0.064931,-0.094466,-0.322966,-0.032244,-0.094632,-0.320927,0.000456,-0.117398,-0.296971,-0.059319,-0.116497,-0.294730
2026-05-26 16:57:11.954,18.499982,0.000000,0.000000,0.000000,-0.129420,-0.094799,-0.318888,0.064944,-0.094561,-0.322235,-0.032238,-0.094680,-0.320561,0.000456,-0.117398,-0.296971,-0.058655,-0.117588,-0.294702
2026-05-26 16:57:12.054,18.599982,0.000000,0.000000,0.000000,-0.129420,-0.094799,-0.318888,0.065179,-0.093512,-0.322322,-0.032120,-0.094155,-0.320605,0.000456,-0.117398,-0.296971,-0.058655,-0.117588,-0.294702
2026-05-26 16:57:12.154,18.699982,0.000000,0.000000,0.000000,-0.129488,-0.093733,-0.318971,0.065179,-0.093512,-0.322322,-0.032154,-0.093623,-0.320646,0.000456,-0.117398,-0.296971,-0.059362,-0.117551,-0.294684
2026-05-26 16:57:12.254,18.799982,0.000000,0.000000,0.000000,-0.129488,-0.093733,-0.318971,0.064944,-0.094561,-0.322235,-0.032272,-0.094147,-0.320603,0.000456,-0.117398,-0.296971,-0.058700,-0.118643,-0.294655
2026-05-26 16:57:12.354,18.899982,0.000000,0.000000,0.000000,-0.129420,-0.094799,-0.318888,0.065179,-0.093512,-0.322322,-0.032120,-0.094155,-0.320605,0.000456,-0.117398,-0.296971,-0.059362,-0.117551,-0.294684
2026-05-26 16:57:12.454,18.999982,0.000000,0.000000,0.000000,-0.129420,-0.094799,-0.318888,0.064696,-0.095516,-0.322878,-0.032362,-0.095157,-0.320883,0.000456,-0.117398,-0.296971,-0.059319,-0.116497,-0.294730
2026-05-26 16:57:12.554,19.099982,0.000000,0.000000,0.000000,-0.129488,-0.093733,-0.318971,0.064709,-0.095611,-0.322148,-0.032389,-0.094672,-0.320559,0.000456,-0.117398,-0.296971,-0.058610,-0.116533,-0.294748
2026-05-26 16:57:12.654,19.199982,0.000000,0.000000,0.000000,-0.129488,-0.093733,-0.318971,0.064696,-0.095516,-0.322878,-0.032396,-0.094624,-0.320925,0.000456,-0.117398,-0.296971,-0.059275,-0.115442,-0.294777
2026-05-26 16:57:12.754,19.299982,0.000000,0.000000,0.000000,-0.129488,-0.093733,-0.318971,0.064944,-0.094561,-0.322235,-0.032272,-0.094147,-0.320603,0.000456,-0.117398,-0.296971,-0.059319,-0.116497,-0.294730
2026-05-26 16:57:12.854,19.399981,0.000000,0.000000,0.000000,-0.129488,-0.093733,-0.318971,0.064944,-0.094561,-0.322235,-0.032272,-0.094147,-0.320603,0.000316,-0.118447,-0.296922,-0.059362,-0.117551,-0.294684
2026-05-26 16:57:12.954,19.499981,0.000000,0.000000,0.000000,-0.129488,-0.093733,-0.318971,0.065414,-0.092463,-0.322409,-0.032037,-0.093098,-0.320690,0.000456,-0.117398,-0.296971,-0.059362,-0.117551,-0.294684
2026-05-26 16:57:13.054,19.599981,0.000000,0.000000,0.000000,-0.129420,-0.094799,-0.318888,0.065414,-0.092463,-0.322409,-0.032003,-0.093631,-0.320648,0.000456,-0.117398,-0.296971,-0.059319,-0.116497,-0.294730
2026-05-26 16:57:13.154,19.699981,0.000000,0.000000,0.000000,-0.129420,-0.094799,-0.318888,0.064709,-0.095611,-0.322148,-0.032355,-0.095205,-0.320518,0.000456,-0.117398,-0.296971,-0.058655,-0.117588,-0.294702
2026-05-26 16:57:13.254,19.799981,0.000000,0.000000,0.000000,-0.129420,-0.094799,-0.318888,0.065179,-0.093512,-0.322322,-0.032120,-0.094155,-0.320605,0.000456,-0.117398,-0.296971,-0.059362,-0.117551,-0.294684
2026-05-26 16:57:13.354,19.899981,0.000000,0.000000,0.000000,-0.129420,-0.094799,-0.318888,0.065166,-0.093417,-0.323055,-0.032127,-0.094108,-0.320971,0.000456,-0.117398,-0.296971,-0.058655,-0.117588,-0.294702
2026-05-26 16:57:13.454,19.999981,0.000000,0.000000,0.000000,-0.129420,-0.094799,-0.318888,0.065179,-0.093512,-0.322322,-0.032120,-0.094155,-0.320605,0.000456,-0.117398,-0.296971,-0.058700,-0.118643,-0.294655
2026-05-26 16:57:13.554,20.099981,0.000000,0.000000,0.000000,-0.129420,-0.094799,-0.318888,0.064944,-0.094561,-0.322235,-0.032238,-0.094680,-0.320561,0.000456,-0.117398,-0.296971,-0.058655,-0.117588,-0.294702
2026-05-26 16:57:13.654,20.199981,0.000000,0.000000,0.000000,-0.129488,-0.093733,-0.318971,0.064944,-0.094561,-0.322235,-0.032272,-0.094147,-0.320603,0.000456,-0.117398,-0.296971,-0.058700,-0.118643,-0.294655
2026-05-26 16:57:13.754,20.299981,0.000000,0.000000,0.000000,-0.129420,-0.094799,-0.318888,0.065166,-0.093417,-0.323055,-0.032127,-0.094108,-0.320971,0.000456,-0.117398,-0.296971,-0.058655,-0.117588,-0.294702
2026-05-26 16:57:13.854,20.399981,0.000000,0.000000,0.000000,-0.129420,-0.094799,-0.318888,0.064944,-0.094561,-0.322235,-0.032238,-0.094680,-0.320561,0.000456,-0.117398,-0.296971,-0.058610,-0.116533,-0.294748
2026-05-26 16:57:13.954,20.499980,0.000000,0.000000,0.000000,-0.129420,-0.094799,-0.318888,0.064944,-0.094561,-0.322235,-0.032238,-0.094680,-0.320561,0.000456,-0.117398,-0.296971,-0.059362,-0.117551,-0.294684
2026-05-26 16:57:14.054,20.599980,0.000000,0.000000,0.000000,-0.129488,-0.093733,-0.318971,0.064709,-0.095611,-0.322148,-0.032389,-0.094672,-0.320559,0.000456,-0.117398,-0.296971,-0.059362,-0.117551,-0.294684
2026-05-26 16:57:14.154,20.699980,0.000000,0.000000,0.000000,-0.129488,-0.093733,-0.318971,0.065179,-0.093512,-0.322322,-0.032154,-0.093623,-0.320646,0.000456,-0.117398,-0.296971,-0.059362,-0.117551,-0.294684
2026-05-26 16:57:14.254,20.799980,0.000000,0.000000,0.000000,-0.129420,-0.094799,-0.318888,0.064944,-0.094561,-0.322235,-0.032238,-0.094680,-0.320561,0.000456,-0.117398,-0.296971,-0.058610,-0.116533,-0.294748
2026-05-26 16:57:14.354,20.899980,0.000000,0.000000,0.000000,-0.129488,-0.093733,-0.318971,0.064696,-0.095516,-0.322878,-0.032396,-0.094624,-0.320925,0.000316,-0.118447,-0.296922,-0.058655,-0.117588,-0.294702
2026-05-26 16:57:14.454,20.999980,0.000000,0.000000,0.000000,-0.129420,-0.094799,-0.318888,0.065179,-0.093512,-0.322322,-0.032120,-0.094155,-0.320605,0.000456,-0.117398,-0.296971,-0.059362,-0.117551,-0.294684
2026-05-26 16:57:14.554,21.099980,0.000000,0.000000,0.000000,-0.129488,-0.093733,-0.318971,0.064944,-0.094561,-0.322235,-0.032272,-0.094147,-0.320603,0.000456,-0.117398,-0.296971,-0.059319,-0.116497,-0.294730
2026-05-26 16:57:14.654,21.199980,0.000000,0.000000,0.000000,-0.129420,-0.094799,-0.318888,0.064944,-0.094561,-0.322235,-0.032238,-0.094680,-0.320561,0.000456,-0.117398,-0.296971,-0.059319,-0.116497,-0.294730
2026-05-26 16:57:14.754,21.299980,0.000000,0.000000,0.000000,-0.129420,-0.094799,-0.318888,0.064709,-0.095611,-0.322148,-0.032355,-0.095205,-0.320518,0.000456,-0.117398,-0.296971,-0.059406,-0.118606,-0.294638
2026-05-26 16:57:14.854,21.399980,0.000000,0.000000,0.000000,-0.129420,-0.094799,-0.318888,0.065179,-0.093512,-0.322322,-0.032120,-0.094155,-0.320605,0.000456,-0.117398,-0.296971,-0.058655,-0.117588,-0.294702
2026-05-26 16:57:14.954,21.499979,0.000000,0.000000,0.000000,-0.129351,-0.095864,-0.318805,0.065166,-0.093417,-0.323055,-0.032093,-0.094640,-0.320930,0.000316,-0.118447,-0.296922,-0.058655,-0.117588,-0.294702
2026-05-26 16:57:15.054,21.599979,0.000000,0.000000,0.000000,-0.129420,-0.094799,-0.318888,0.064944,-0.094561,-0.322235,-0.032238,-0.094680,-0.320561,0.000456,-0.117398,-0.296971,-0.058677,-0.118115,-0.294679
2026-05-26 16:57:15.154,21.699979,0.000000,0.000000,0.000000,-0.129420,-0.094799,-0.318888,0.064931,-0.094466,-0.322966,-0.032244,-0.094632,-0.320927,0.000456,-0.117398,-0.296971,-0.058655,-0.117588,-0.294702
2026-05-26 16:57:15.254,21.799979,0.000000,0.000000,0.000000,-0.129488,-0.093733,-0.318971,0.065166,-0.093417,-0.323055,-0.032161,-0.093575,-0.321013,0.000456,-0.117398,-0.296971,-0.058700,-0.118643,-0.294655
2026-05-26 16:57:15.354,21.899979,0.000000,0.000000,0.000000,-0.129556,-0.092667,-0.319054,0.064931,-0.094466,-0.322966,-0.032312,-0.093567,-0.321010,0.000456,-0.117398,-0.296971,-0.058744,-0.119697,-0.294609
2026-05-26 16:57:15.454,21.999979,0.000000,0.000000,0.000000,-0.129488,-0.093733,-0.318971,0.064709,-0.095611,-0.322148,-0.032389,-0.094672,-0.320559,0.000456,-0.117398,-0.296971,-0.058655,-0.117588,-0.294702
2026-05-26 16:57:15.554,22.099979,0.000000,0.000000,0.000000,-0.129420,-0.094799,-0.318888,0.065166,-0.093417,-0.323055,-0.032127,-0.094108,-0.320971,0.000456,-0.117398,-0.296971,-0.058655,-0.117588,-0.294702
2026-05-26 16:57:15.654,22.199979,0.000000,0.000000,0.000000,-0.129420,-0.094799,-0.318888,0.065166,-0.093417,-0.323055,-0.032127,-0.094108,-0.320971,0.000386,-0.117923,-0.296946,-0.058744,-0.119697,-0.294609
2026-05-26 16:57:15.754,22.299979,0.000000,0.000000,0.000000,-0.129488,-0.093733,-0.318971,0.064931,-0.094466,-0.322966,-0.032278,-0.094100,-0.320969,0.000456,-0.117398,-0.296971,-0.058744,-0.119697,-0.294609
2026-05-26 16:57:15.854,22.399979,0.000000,0.000000,0.000000,-0.129420,-0.094799,-0.318888,0.064709,-0.095611,-0.322148,-0.032355,-0.095205,-0.320518,-0.000104,-0.116403,-0.296296,-0.058687,-0.118734,-0.293953
2026-05-26 16:57:15.954,22.499979,0.000000,0.000000,0.000000,-0.129488,-0.093733,-0.318971,0.065401,-0.092367,-0.323143,-0.032043,-0.093050,-0.321057,-0.000243,-0.117453,-0.296247,-0.058687,-0.118734,-0.293953
2026-05-26 16:57:16.054,22.599978,0.000000,0.000000,0.000000,-0.129488,-0.093733,-0.318971,0.064944,-0.094561,-0.322235,-0.032272,-0.094147,-0.320603,0.000747,-0.115390,-0.296361,-0.058700,-0.118643,-0.294655
2026-05-26 16:57:16.154,22.699978,0.000000,0.000000,0.000000,-0.129420,-0.094799,-0.318888,0.064931,-0.094466,-0.322966,-0.032244,-0.094632,-0.320927,-0.000104,-0.116403,-0.296296,-0.058554,-0.115571,-0.294088
2026-05-26 16:57:16.254,22.799978,0.000000,0.000000,0.000000,-0.129420,-0.094799,-0.318888,0.065179,-0.093512,-0.322322,-0.032120,-0.094155,-0.320605,-0.000243,-0.117453,-0.296247,-0.058643,-0.117680,-0.293998
2026-05-26 16:57:16.354,22.899978,0.000000,0.000000,0.000000,-0.129420,-0.094799,-0.318888,0.064944,-0.094561,-0.322235,-0.032238,-0.094680,-0.320561,-0.000104,-0.116403,-0.296296,-0.058598,-0.116625,-0.294043
2026-05-26 16:57:16.454,22.999978,0.000000,0.000000,0.000000,-0.129420,-0.094799,-0.318888,0.065166,-0.093417,-0.323055,-0.032127,-0.094108,-0.320971,-0.000104,-0.116403,-0.296296,-0.058598,-0.116625,-0.294043
2026-05-26 16:57:16.554,23.099978,0.000000,0.000000,0.000000,-0.129420,-0.094799,-0.318888,0.064944,-0.094561,-0.322235,-0.032238,-0.094680,-0.320561,-0.000104,-0.116403,-0.296296,-0.058554,-0.115571,-0.294088
2026-05-26 16:57:16.654,23.199978,0.000000,0.000000,0.000000,-0.129488,-0.093733,-0.318971,0.065166,-0.093417,-0.323055,-0.032161,-0.093575,-0.321013,-0.000104,-0.116403,-0.296296,-0.058554,-0.115571,-0.294088
2026-05-26 16:57:16.754,23.299978,0.000000,0.000000,0.000000,-0.129488,-0.093733,-0.318971,0.064696,-0.095516,-0.322878,-0.032396,-0.094624,-0.320925,-0.000104,-0.116403,-0.296296,-0.058643,-0.117680,-0.293998
2026-05-26 16:57:16.854,23.399978,0.000000,0.000000,0.000000,-0.129500,-0.093639,-0.319692,0.065166,-0.093417,-0.323055,-0.032167,-0.093528,-0.321373,0.000608,-0.116440,-0.296313,-0.058509,-0.114516,-0.294133
2026-05-26 16:57:16.954,23.499978,0.000000,0.000000,0.000000,-0.128140,-0.092461,-0.321257,0.066378,-0.094352,-0.324465,-0.030881,-0.093407,-0.322861,0.001576,-0.114193,-0.297847,-0.057065,-0.113351,-0.295628
2026-05-26 16:57:17.054,23.599977,0.000000,0.000000,0.000000,-0.125455,-0.089131,-0.323765,0.068995,-0.088797,-0.327903,-0.028230,-0.088964,-0.325834,0.003957,-0.111834,-0.300850,-0.054916,-0.112131,-0.297854
2026-05-26 16:57:17.154,23.699977,0.000000,0.000000,0.000000,-0.127414,-0.092499,-0.321274,0.067577,-0.092196,-0.325398,-0.029918,-0.092347,-0.323336,0.002420,-0.113087,-0.298626,-0.056257,-0.111279,-0.295740
2026-05-26 16:57:17.254,23.799977,0.000000,0.000000,0.000000,-0.128206,-0.091395,-0.321344,0.066852,-0.092253,-0.324646,-0.030677,-0.091824,-0.322995,0.001576,-0.114193,-0.297847,-0.057065,-0.113351,-0.295628
2026-05-26 16:57:17.354,23.899977,0.000000,0.000000,0.000000,-0.126699,-0.092442,-0.322015,0.067565,-0.092100,-0.326132,-0.029567,-0.092271,-0.324073,0.002407,-0.112995,-0.299337,-0.056222,-0.110132,-0.296498
2026-05-26 16:57:17.454,23.999977,0.000000,0.000000,0.000000,-0.126827,-0.090310,-0.322190,0.067803,-0.091050,-0.326225,-0.029512,-0.090680,-0.324207,0.002478,-0.112470,-0.299364,-0.055556,-0.111224,-0.296467
2026-05-26 16:57:17.554,24.099977,0.000000,0.000000,0.000000,-0.127478,-0.091433,-0.321361,0.066365,-0.094257,-0.325197,-0.030557,-0.092845,-0.323279,0.002420,-0.113087,-0.298626,-0.056995,-0.111769,-0.295699
2026-05-26 16:57:17.654,24.199977,0.000000,0.000000,0.000000,-0.127478,-0.091433,-0.321361,0.066602,-0.093207,-0.325289,-0.030438,-0.092320,-0.323325,0.002574,-0.112130,-0.297966,-0.056305,-0.112334,-0.295692
2026-05-26 16:57:17.754,24.299977,0.000000,0.000000,0.000000,-0.126890,-0.089244,-0.322278,0.068041,-0.090000,-0.326318,-0.029425,-0.089622,-0.324298,0.002407,-0.112995,-0.299337,-0.056318,-0.112242,-0.296401
2026-05-26 16:57:17.854,24.399977,0.000000,0.000000,0.000000,-0.126827,-0.090310,-0.322190,0.067803,-0.091050,-0.326225,-0.029512,-0.090680,-0.324207,0.002420,-0.113087,-0.298626,-0.056209,-0.110225,-0.295787
2026-05-26 16:57:17.954,24.499977,0.000000,0.000000,0.000000,-0.126763,-0.091376,-0.322102,0.067565,-0.092100,-0.326132,-0.029599,-0.091738,-0.324117,0.002420,-0.113087,-0.298626,-0.056257,-0.111279,-0.295740
2026-05-26 16:57:18.054,24.599977,0.000000,0.000000,0.000000,-0.126827,-0.090310,-0.322190,0.067565,-0.092100,-0.326132,-0.029631,-0.091205,-0.324161,0.002278,-0.114137,-0.298574,-0.056270,-0.111187,-0.296450
2026-05-26 16:57:18.154,24.699976,0.000000,0.000000,0.000000,-0.126827,-0.090310,-0.322190,0.067326,-0.093150,-0.326039,-0.029750,-0.091730,-0.324115,0.002278,-0.114137,-0.298574,-0.056305,-0.112334,-0.295692
2026-05-26 16:57:18.254,24.799976,0.000000,0.000000,0.000000,-0.126763,-0.091376,-0.322102,0.067803,-0.091050,-0.326225,-0.029480,-0.091213,-0.324164,0.002290,-0.114230,-0.297864,-0.056305,-0.112334,-0.295692
2026-05-26 16:57:18.354,24.899976,0.000000,0.000000,0.000000,-0.126763,-0.091376,-0.322102,0.067803,-0.091050,-0.326225,-0.029480,-0.091213,-0.324164,0.002136,-0.115187,-0.298522,-0.056305,-0.112334,-0.295692
2026-05-26 16:57:18.454,24.999976,0.000000,0.000000,0.000000,-0.126763,-0.091376,-0.322102,0.067565,-0.092100,-0.326132,-0.029599,-0.091738,-0.324117,0.002420,-0.113087,-0.298626,-0.056305,-0.112334,-0.295692
2026-05-26 16:57:18.554,25.099976,0.000000,0.000000,0.000000,-0.126827,-0.090310,-0.322190,0.067088,-0.094200,-0.325946,-0.029869,-0.092255,-0.324068,0.002420,-0.113087,-0.298626,-0.056353,-0.113388,-0.295645
2026-05-26 16:57:18.654,25.199976,0.000000,0.000000,0.000000,-0.126763,-0.091376,-0.322102,0.067565,-0.092100,-0.326132,-0.029599,-0.091738,-0.324117,0.002420,-0.113087,-0.298626,-0.057065,-0.113351,-0.295628
2026-05-26 16:57:18.754,25.299976,0.000000,0.000000,0.000000,-0.126699,-0.092442,-0.322015,0.067565,-0.092100,-0.326132,-0.029567,-0.092271,-0.324073,0.002420,-0.113087,-0.298626,-0.057018,-0.112297,-0.295675
2026-05-26 16:57:18.854,25.399976,0.000000,0.000000,0.000000,-0.126699,-0.092442,-0.322015,0.067565,-0.092100,-0.326132,-0.029567,-0.092271,-0.324073,0.002420,-0.113087,-0.298626,-0.057065,-0.113351,-0.295628
2026-05-26 16:57:18.954,25.499976,0.000000,0.000000,0.000000,-0.126827,-0.090310,-0.322190,0.067326,-0.093150,-0.326039,-0.029750,-0.091730,-0.324115,0.001564,-0.114100,-0.298557,-0.057065,-0.113351,-0.295628
2026-05-26 16:57:19.054,25.599976,0.000000,0.000000,0.000000,-0.126763,-0.091376,-0.322102,0.067565,-0.092100,-0.326132,-0.029599,-0.091738,-0.324117,0.002278,-0.114137,-0.298574,-0.057065,-0.113351,-0.295628
2026-05-26 16:57:19.154,25.699975,0.000000,0.000000,0.000000,-0.126699,-0.092442,-0.322015,0.067565,-0.092100,-0.326132,-0.029567,-0.092271,-0.324073,0.002278,-0.114137,-0.298574,-0.057065,-0.113351,-0.295628
2026-05-26 16:57:19.254,25.799975,0.000000,0.000000,0.000000,-0.126827,-0.090310,-0.322190,0.067565,-0.092100,-0.326132,-0.029631,-0.091205,-0.324161,0.002290,-0.114230,-0.297864,-0.057065,-0.113351,-0.295628
2026-05-26 16:57:19.354,25.899975,0.000000,0.000000,0.000000,-0.126763,-0.091376,-0.322102,0.067565,-0.092100,-0.326132,-0.029599,-0.091738,-0.324117,0.002290,-0.114230,-0.297864,-0.057065,-0.113351,-0.295628
2026-05-26 16:57:19.454,25.999975,0.000000,0.000000,0.000000,-0.126699,-0.092442,-0.322015,0.067565,-0.092100,-0.326132,-0.029567,-0.092271,-0.324073,0.002290,-0.114230,-0.297864,-0.057053,-0.113443,-0.294920
2026-05-26 16:57:19.554,26.099975,0.000000,0.000000,0.000000,-0.126699,-0.092442,-0.322015,0.067326,-0.093150,-0.326039,-0.029687,-0.092796,-0.324027,0.002290,-0.114230,-0.297864,-0.057053,-0.113443,-0.294920
2026-05-26 16:57:19.654,26.199975,0.000000,0.000000,0.000000,-0.126763,-0.091376,-0.322102,0.067326,-0.093150,-0.326039,-0.029718,-0.092263,-0.324071,0.002290,-0.114230,-0.297864,-0.057006,-0.112389,-0.294966
2026-05-26 16:57:19.754,26.299975,0.000000,0.000000,0.000000,-0.126763,-0.091376,-0.322102,0.067326,-0.093150,-0.326039,-0.029718,-0.092263,-0.324071,0.002290,-0.114230,-0.297864,-0.057006,-0.112389,-0.294966
2026-05-26 16:57:19.854,26.399975,0.000000,0.000000,0.000000,-0.126763,-0.091376,-0.322102,0.067565,-0.092100,-0.326132,-0.029599,-0.091738,-0.324117,0.002148,-0.115280,-0.297814,-0.057006,-0.112389,-0.294966
2026-05-26 16:57:19.954,26.499975,0.000000,0.000000,0.000000,-0.126827,-0.090310,-0.322190,0.067565,-0.092100,-0.326132,-0.029631,-0.091205,-0.324161,0.002290,-0.114230,-0.297864,-0.057053,-0.113443,-0.294920
2026-05-26 16:57:20.054,26.599975,0.000000,0.000000,0.000000,-0.126763,-0.091376,-0.322102,0.067565,-0.092100,-0.326132,-0.029599,-0.091738,-0.324117,0.002290,-0.114230,-0.297864,-0.057006,-0.112389,-0.294966
2026-05-26 16:57:20.154,26.699975,0.000000,0.000000,0.000000,-0.126827,-0.090310,-0.322190,0.067565,-0.092100,-0.326132,-0.029631,-0.091205,-0.324161,0.002290,-0.114230,-0.297864,-0.057006,-0.112389,-0.294966
2026-05-26 16:57:20.254,26.799974,0.000000,0.000000,0.000000,-0.126827,-0.090310,-0.322190,0.067803,-0.091050,-0.326225,-0.029512,-0.090680,-0.324207,0.002290,-0.114230,-0.297864,-0.057053,-0.113443,-0.294920
2026-05-26 16:57:20.354,26.899974,0.000000,0.000000,0.000000,-0.126827,-0.090310,-0.322190,0.067803,-0.091050,-0.326225,-0.029512,-0.090680,-0.324207,0.002290,-0.114230,-0.297864,-0.057053,-0.113443,-0.294920
2026-05-26 16:57:20.454,26.999974,0.000000,0.000000,0.000000,-0.126699,-0.092442,-0.322015,0.067565,-0.092100,-0.326132,-0.029567,-0.092271,-0.324073,0.002290,-0.114230,-0.297864,-0.057053,-0.113443,-0.294920
2026-05-26 16:57:20.554,27.099974,0.000000,0.000000,0.000000,-0.126763,-0.091376,-0.322102,0.067803,-0.091050,-0.326225,-0.029480,-0.091213,-0.324164,0.001576,-0.114193,-0.297847,-0.057006,-0.112389,-0.294966
2026-05-26 16:57:20.654,27.199974,0.000000,0.000000,0.000000,-0.126763,-0.091376,-0.322102,0.067803,-0.091050,-0.326225,-0.029480,-0.091213,-0.324164,0.002290,-0.114230,-0.297864,-0.057053,-0.113443,-0.294920
2026-05-26 16:57:20.754,27.299974,0.000000,0.000000,0.000000,-0.126763,-0.091376,-0.322102,0.067326,-0.093150,-0.326039,-0.029718,-0.092263,-0.324071,0.002290,-0.114230,-0.297864,-0.057006,-0.112389,-0.294966
2026-05-26 16:57:20.854,27.399974,0.000000,0.000000,0.000000,-0.126827,-0.090310,-0.322190,0.067326,-0.093150,-0.326039,-0.029750,-0.091730,-0.324115,0.002290,-0.114230,-0.297864,-0.057053,-0.113443,-0.294920
2026-05-26 16:57:20.954,27.499974,0.000000,0.000000,0.000000,-0.126763,-0.091376,-0.322102,0.067803,-0.091050,-0.326225,-0.029480,-0.091213,-0.324164,0.002290,-0.114230,-0.297864,-0.057053,-0.113443,-0.294920
2026-05-26 16:57:21.054,27.599974,0.000000,0.000000,0.000000,-0.126763,-0.091376,-0.322102,0.067326,-0.093150,-0.326039,-0.029718,-0.092263,-0.324071,0.002290,-0.114230,-0.297864,-0.057053,-0.113443,-0.294920
2026-05-26 16:57:21.154,27.699974,0.000000,0.000000,0.000000,-0.126763,-0.091376,-0.322102,0.067803,-0.091050,-0.326225,-0.029480,-0.091213,-0.324164,0.002148,-0.115280,-0.297814,-0.057053,-0.113443,-0.294920
2026-05-26 16:57:21.254,27.799973,0.000000,0.000000,0.000000,-0.126827,-0.090310,-0.322190,0.067803,-0.091050,-0.326225,-0.029512,-0.090680,-0.324207,0.002290,-0.114230,-0.297864,-0.057053,-0.113443,-0.294920
2026-05-26 16:57:21.354,27.899973,0.000000,0.000000,0.000000,-0.126763,-0.091376,-0.322102,0.067803,-0.091050,-0.326225,-0.029480,-0.091213,-0.324164,0.002290,-0.114230,-0.297864,-0.057053,-0.113443,-0.294920
2026-05-26 16:57:21.454,27.999973,0.000000,0.000000,0.000000,-0.126763,-0.091376,-0.322102,0.067803,-0.091050,-0.326225,-0.029480,-0.091213,-0.324164,0.002290,-0.114230,-0.297864,-0.057053,-0.113443,-0.294920
2026-05-26 16:57:21.554,28.099973,0.000000,0.000000,0.000000,-0.126699,-0.092442,-0.322015,0.067803,-0.091050,-0.326225,-0.029448,-0.091746,-0.324120,0.002290,-0.114230,-0.297864,-0.057053,-0.113443,-0.294920
2026-05-26 16:57:21.654,28.199973,0.000000,0.000000,0.000000,-0.126763,-0.091376,-0.322102,0.067565,-0.092100,-0.326132,-0.029599,-0.091738,-0.324117,0.002136,-0.115187,-0.298522,-0.057053,-0.113443,-0.294920
2026-05-26 16:57:21.754,28.299973,0.000000,0.000000,0.000000,-0.126763,-0.091376,-0.322102,0.067803,-0.091050,-0.326225,-0.029480,-0.091213,-0.324164,0.002148,-0.115280,-0.297814,-0.057053,-0.113443,-0.294920
2026-05-26 16:57:21.854,28.399973,0.000000,0.000000,0.000000,-0.126763,-0.091376,-0.322102,0.067565,-0.092100,-0.326132,-0.029599,-0.091738,-0.324117,0.002278,-0.114137,-0.298574,-0.057006,-0.112389,-0.294966
2026-05-26 16:57:21.954,28.499973,0.000000,0.000000,0.000000,-0.126699,-0.092442,-0.322015,0.067326,-0.093150,-0.326039,-0.029687,-0.092796,-0.324027,0.002136,-0.115187,-0.298522,-0.057053,-0.113443,-0.294920
2026-05-26 16:57:22.054,28.599973,0.000000,0.000000,0.000000,-0.126763,-0.091376,-0.322102,0.067088,-0.094200,-0.325946,-0.029838,-0.092788,-0.324024,0.002278,-0.114137,-0.298574,-0.057100,-0.114498,-0.294874
2026-05-26 16:57:22.154,28.699973,0.000000,0.000000,0.000000,-0.126827,-0.090310,-0.322190,0.067565,-0.092100,-0.326132,-0.029631,-0.091205,-0.324161,0.002278,-0.114137,-0.298574,-0.057053,-0.113443,-0.294920
2026-05-26 16:57:22.254,28.799973,0.000000,0.000000,0.000000,-0.126763,-0.091376,-0.322102,0.067326,-0.093150,-0.326039,-0.029718,-0.092263,-0.324071,0.002278,-0.114137,-0.298574,-0.057053,-0.113443,-0.294920
2026-05-26 16:57:22.354,28.899972,0.000000,0.000000,0.000000,-0.126699,-0.092442,-0.322015,0.067803,-0.091050,-0.326225,-0.029448,-0.091746,-0.324120,0.002290,-0.114230,-0.297864,-0.057100,-0.114498,-0.294874
2026-05-26 16:57:22.454,28.999972,0.000000,0.000000,0.000000,-0.126699,-0.092442,-0.322015,0.067565,-0.092100,-0.326132,-0.029567,-0.092271,-0.324073,0.002136,-0.115187,-0.298522,-0.056389,-0.114535,-0.294891
2026-05-26 16:57:22.554,29.099972,0.000000,0.000000,0.000000,-0.126827,-0.090310,-0.322190,0.067565,-0.092100,-0.326132,-0.029631,-0.091205,-0.324161,0.002278,-0.114137,-0.298574,-0.056389,-0.114535,-0.294891
2026-05-26 16:57:22.654,29.199972,0.000000,0.000000,0.000000,-0.126763,-0.091376,-0.322102,0.067803,-0.091050,-0.326225,-0.029480,-0.091213,-0.324164,0.002278,-0.114137,-0.298574,-0.056341,-0.113480,-0.294937
2026-05-26 16:57:22.754,29.299972,0.000000,0.000000,0.000000,-0.126763,-0.091376,-0.322102,0.067326,-0.093150,-0.326039,-0.029718,-0.092263,-0.324071,0.002290,-0.114230,-0.297864,-0.056341,-0.113480,-0.294937
2026-05-26 16:57:22.854,29.399972,0.000000,0.000000,0.000000,-0.126763,-0.091376,-0.322102,0.067565,-0.092100,-0.326132,-0.029599,-0.091738,-0.324117,0.002290,-0.114230,-0.297864,-0.056341,-0.113480,-0.294937
2026-05-26 16:57:22.954,29.499972,0.000000,0.000000,0.000000,-0.126763,-0.091376,-0.322102,0.067326,-0.093150,-0.326039,-0.029718,-0.092263,-0.324071,0.002290,-0.114230,-0.297864,-0.056341,-0.113480,-0.294937
2026-05-26 16:57:23.054,29.599972,0.000000,0.000000,0.000000,-0.126763,-0.091376,-0.322102,0.067803,-0.091050,-0.326225,-0.029480,-0.091213,-0.324164,0.002290,-0.114230,-0.297864,-0.056341,-0.113480,-0.294937
2026-05-26 16:57:23.154,29.699972,0.000000,0.000000,0.000000,-0.126827,-0.090310,-0.322190,0.067565,-0.092100,-0.326132,-0.029631,-0.091205,-0.324161,0.002278,-0.114137,-0.298574,-0.056341,-0.113480,-0.294937
2026-05-26 16:57:23.254,29.799972,0.000000,0.000000,0.000000,-0.126763,-0.091376,-0.322102,0.067565,-0.092100,-0.326132,-0.029599,-0.091738,-0.324117,0.002136,-0.115187,-0.298522,-0.056293,-0.112426,-0.294984
2026-05-26 16:57:23.354,29.899971,0.000000,0.000000,0.000000,-0.126763,-0.091376,-0.322102,0.067326,-0.093150,-0.326039,-0.029718,-0.092263,-0.324071,0.002278,-0.114137,-0.298574,-0.056293,-0.112426,-0.294984
2026-05-26 16:57:23.454,29.999971,0.000000,0.000000,0.000000,-0.126763,-0.091376,-0.322102,0.067565,-0.092100,-0.326132,-0.029599,-0.091738,-0.324117,0.002278,-0.114137,-0.298574,-0.056293,-0.112426,-0.294984
2026-05-26 16:57:23.554,30.099971,0.000000,0.000000,0.000000,-0.126699,-0.092442,-0.322015,0.067088,-0.094200,-0.325946,-0.029806,-0.093321,-0.323980,0.002278,-0.114137,-0.298574,-0.056293,-0.112426,-0.294984
2026-05-26 16:57:23.654,30.199971,0.000000,0.000000,0.000000,-0.126827,-0.090310,-0.322190,0.067326,-0.093150,-0.326039,-0.029750,-0.091730,-0.324115,0.002420,-0.113087,-0.298626,-0.055555,-0.111936,-0.295024
2026-05-26 16:57:23.754,30.299971,0.000000,0.000000,0.000000,-0.126763,-0.091376,-0.322102,0.067565,-0.092100,-0.326132,-0.029599,-0.091738,-0.324117,0.002420,-0.113087,-0.298626,-0.055531,-0.111409,-0.295047
2026-05-26 16:57:23.854,30.399971,0.000000,0.000000,0.000000,-0.126827,-0.090310,-0.322190,0.067565,-0.092100,-0.326132,-0.029631,-0.091205,-0.324161,0.002278,-0.114137,-0.298574,-0.055580,-0.112463,-0.295001
2026-05-26 16:57:23.954,30.499971,0.000000,0.000000,0.000000,-0.126827,-0.090310,-0.322190,0.067565,-0.092100,-0.326132,-0.029631,-0.091205,-0.324161,0.002278,-0.114137,-0.298574,-0.055531,-0.111409,-0.295047
2026-05-26 16:57:24.054,30.599971,0.000000,0.000000,0.000000,-0.126763,-0.091376,-0.322102,0.067565,-0.092100,-0.326132,-0.029599,-0.091738,-0.324117,0.003135,-0.113125,-0.298643,-0.055531,-0.111409,-0.295047
2026-05-26 16:57:24.154,30.699971,0.000000,0.000000,0.000000,-0.126763,-0.091376,-0.322102,0.067326,-0.093150,-0.326039,-0.029718,-0.092263,-0.324071,0.003135,-0.113125,-0.298643,-0.055531,-0.111409,-0.295047
2026-05-26 16:57:24.254,30.799971,0.000000,0.000000,0.000000,-0.126763,-0.091376,-0.322102,0.067565,-0.092100,-0.326132,-0.029599,-0.091738,-0.324117,0.002992,-0.114175,-0.298592,-0.055531,-0.111409,-0.295047
2026-05-26 16:57:24.354,30.899971,0.000000,0.000000,0.000000,-0.126763,-0.091376,-0.322102,0.067565,-0.092100,-0.326132,-0.029599,-0.091738,-0.324117,0.003135,-0.113125,-0.298643,-0.055580,-0.112463,-0.295001
2026-05-26 16:57:24.454,30.999970,0.000000,0.000000,0.000000,-0.126827,-0.090310,-0.322190,0.067326,-0.093150,-0.326039,-0.029750,-0.091730,-0.324115,0.003135,-0.113125,-0.298643,-0.055482,-0.110354,-0.295093
2026-05-26 16:57:24.554,31.099970,0.000000,0.000000,0.000000,-0.126763,-0.091376,-0.322102,0.068041,-0.090000,-0.326318,-0.029361,-0.090688,-0.324210,0.003135,-0.113125,-0.298643,-0.054716,-0.109337,-0.295157
2026-05-26 16:57:24.654,31.199970,0.000000,0.000000,0.000000,-0.126699,-0.092442,-0.322015,0.067326,-0.093150,-0.326039,-0.029687,-0.092796,-0.324027,0.002420,-0.113087,-0.298626,-0.054754,-0.110484,-0.294399
2026-05-26 16:57:24.754,31.299970,0.000000,0.000000,0.000000,-0.126827,-0.090310,-0.322190,0.067326,-0.093150,-0.326039,-0.029750,-0.091730,-0.324115,0.002420,-0.113087,-0.298626,-0.054754,-0.110484,-0.294399
2026-05-26 16:57:24.854,31.399970,0.000000,0.000000,0.000000,-0.126763,-0.091376,-0.322102,0.067326,-0.093150,-0.326039,-0.029718,-0.092263,-0.324071,0.003135,-0.113125,-0.298643,-0.054754,-0.110484,-0.294399
2026-05-26 16:57:24.954,31.499970,0.000000,0.000000,0.000000,-0.126827,-0.090310,-0.322190,0.067326,-0.093150,-0.326039,-0.029750,-0.091730,-0.324115,0.003135,-0.113125,-0.298643,-0.054754,-0.110484,-0.294399
2026-05-26 16:57:25.054,31.599970,0.000000,0.000000,0.000000,-0.126699,-0.092442,-0.322015,0.067803,-0.091050,-0.326225,-0.029448,-0.091746,-0.324120,0.003135,-0.113125,-0.298643,-0.054704,-0.109430,-0.294444
2026-05-26 16:57:25.154,31.699970,0.000000,0.000000,0.000000,-0.126699,-0.092442,-0.322015,0.067803,-0.091050,-0.326225,-0.029448,-0.091746,-0.324120,0.003135,-0.113125,-0.298643,-0.054704,-0.109430,-0.294444
2026-05-26 16:57:25.254,31.799970,0.000000,0.000000,0.000000,-0.126699,-0.092442,-0.322015,0.067326,-0.093150,-0.326039,-0.029687,-0.092796,-0.324027,0.003135,-0.113125,-0.298643,-0.054754,-0.110484,-0.294399
2026-05-26 16:57:25.354,31.899970,0.000000,0.000000,0.000000,-0.126763,-0.091376,-0.322102,0.067803,-0.091050,-0.326225,-0.029480,-0.091213,-0.324164,0.003135,-0.113125,-0.298643,-0.054704,-0.109430,-0.294444
2026-05-26 16:57:25.454,31.999969,0.000000,0.000000,0.000000,-0.126763,-0.091376,-0.322102,0.067803,-0.091050,-0.326225,-0.029480,-0.091213,-0.324164,0.002407,-0.112995,-0.299337,-0.054039,-0.110521,-0.294417
2026-05-26 16:57:25.554,32.099969,0.000000,0.000000,0.000000,-0.126763,-0.091376,-0.322102,0.067803,-0.091050,-0.326225,-0.029480,-0.091213,-0.324164,0.003135,-0.113125,-0.298643,-0.054090,-0.111575,-0.294371
2026-05-26 16:57:25.654,32.199969,0.000000,0.000000,0.000000,-0.126763,-0.091376,-0.322102,0.067565,-0.092100,-0.326132,-0.029599,-0.091738,-0.324117,0.002278,-0.114137,-0.298574,-0.054039,-0.110521,-0.294417
2026-05-26 16:57:25.754,32.299969,0.000000,0.000000,0.000000,-0.126763,-0.091376,-0.322102,0.067803,-0.091050,-0.326225,-0.029480,-0.091213,-0.324164,0.002278,-0.114137,-0.298574,-0.054090,-0.111575,-0.294371
2026-05-26 16:57:25.854,32.399969,0.000000,0.000000,0.000000,-0.126763,-0.091376,-0.322102,0.067565,-0.092100,-0.326132,-0.029599,-0.091738,-0.324117,0.002278,-0.114137,-0.298574,-0.054090,-0.111575,-0.294371
2026-05-26 16:57:25.954,32.499969,0.000000,0.000000,0.000000,-0.126763,-0.091376,-0.322102,0.067565,-0.092100,-0.326132,-0.029599,-0.091738,-0.324117,0.002278,-0.114137,-0.298574,-0.054039,-0.110521,-0.294417
2026-05-26 16:57:26.054,32.599969,0.000000,0.000000,0.000000,-0.126763,-0.091376,-0.322102,0.067565,-0.092100,-0.326132,-0.029599,-0.091738,-0.324117,0.002278,-0.114137,-0.298574,-0.054142,-0.112629,-0.294326
2026-05-26 16:57:26.154,32.699969,0.000000,0.000000,0.000000,-0.126763,-0.091376,-0.322102,0.067326,-0.093150,-0.326039,-0.029718,-0.092263,-0.324071,0.002278,-0.114137,-0.298574,-0.054039,-0.110521,-0.294417
2026-05-26 16:57:26.254,32.799969,0.000000,0.000000,0.000000,-0.126827,-0.090310,-0.322190,0.067326,-0.093150,-0.326039,-0.029750,-0.091730,-0.324115,0.002278,-0.114137,-0.298574,-0.054039,-0.110521,-0.294417
2026-05-26 16:57:26.354,32.899969,0.000000,0.000000,0.000000,-0.126763,-0.091376,-0.322102,0.067565,-0.092100,-0.326132,-0.029599,-0.091738,-0.324117,0.002278,-0.114137,-0.298574,-0.054090,-0.111575,-0.294371
2026-05-26 16:57:26.454,32.999969,0.000000,0.000000,0.000000,-0.126763,-0.091376,-0.322102,0.067565,-0.092100,-0.326132,-0.029599,-0.091738,-0.324117,0.002278,-0.114137,-0.298574,-0.053987,-0.109467,-0.294462
2026-05-26 16:57:26.554,33.099968,0.000000,0.000000,0.000000,-0.126763,-0.091376,-0.322102,0.067565,-0.092100,-0.326132,-0.029599,-0.091738,-0.324117,0.002278,-0.114137,-0.298574,-0.054090,-0.111575,-0.294371
2026-05-26 16:57:26.654,33.199968,0.000000,0.000000,0.000000,-0.126763,-0.091376,-0.322102,0.067326,-0.093150,-0.326039,-0.029718,-0.092263,-0.324071,0.002278,-0.114137,-0.298574,-0.054090,-0.111575,-0.294371
2026-05-26 16:57:26.754,33.299968,0.000000,0.000000,0.000000,-0.126827,-0.090310,-0.322190,0.067803,-0.091050,-0.326225,-0.029512,-0.090680,-0.324207,0.002278,-0.114137,-0.298574,-0.054039,-0.110521,-0.294417
2026-05-26 16:57:26.854,33.399968,0.000000,0.000000,0.000000,-0.126763,-0.091376,-0.322102,0.067565,-0.092100,-0.326132,-0.029599,-0.091738,-0.324117,0.002420,-0.113087,-0.298626,-0.054090,-0.111575,-0.294371
2026-05-26 16:57:26.954,33.499968,0.000000,0.000000,0.000000,-0.126763,-0.091376,-0.322102,0.067803,-0.091050,-0.326225,-0.029480,-0.091213,-0.324164,0.002278,-0.114137,-0.298574,-0.054065,-0.111048,-0.294394
2026-05-26 16:57:27.054,33.599968,0.000000,0.000000,0.000000,-0.126827,-0.090310,-0.322190,0.067803,-0.091050,-0.326225,-0.029512,-0.090680,-0.324207,0.002278,-0.114137,-0.298574,-0.054039,-0.110521,-0.294417
2026-05-26 16:57:27.154,33.699968,0.000000,0.000000,0.000000,-0.126763,-0.091376,-0.322102,0.067565,-0.092100,-0.326132,-0.029599,-0.091738,-0.324117,0.002278,-0.114137,-0.298574,-0.054039,-0.110521,-0.294417
2026-05-26 16:57:27.254,33.799968,0.000000,0.000000,0.000000,-0.126827,-0.090310,-0.322190,0.067326,-0.093150,-0.326039,-0.029750,-0.091730,-0.324115,0.002278,-0.114137,-0.298574,-0.054039,-0.110521,-0.294417
2026-05-26 16:57:27.354,33.899968,0.000000,0.000000,0.000000,-0.126699,-0.092442,-0.322015,0.067565,-0.092100,-0.326132,-0.029567,-0.092271,-0.324073,0.002278,-0.114137,-0.298574,-0.054090,-0.111575,-0.294371
2026-05-26 16:57:27.454,33.999968,0.000000,0.000000,0.000000,-0.126763,-0.091376,-0.322102,0.067326,-0.093150,-0.326039,-0.029718,-0.092263,-0.324071,0.002992,-0.114175,-0.298592,-0.054804,-0.111538,-0.294354
2026-05-26 16:57:27.554,34.099967,0.000000,0.000000,0.000000,-0.126699,-0.092442,-0.322015,0.067565,-0.092100,-0.326132,-0.029567,-0.092271,-0.324073,0.002349,-0.113612,-0.298600,-0.054804,-0.111538,-0.294354
2026-05-26 16:57:27.654,34.199967,0.000000,0.000000,0.000000,-0.126763,-0.091376,-0.322102,0.067565,-0.092100,-0.326132,-0.029599,-0.091738,-0.324117,0.003135,-0.113125,-0.298643,-0.054754,-0.110484,-0.294399
2026-05-26 16:57:27.754,34.299967,0.000000,0.000000,0.000000,-0.126699,-0.092442,-0.322015,0.067565,-0.092100,-0.326132,-0.029567,-0.092271,-0.324073,0.002278,-0.114137,-0.298574,-0.054804,-0.111538,-0.294354
2026-05-26 16:57:27.854,34.399967,0.000000,0.000000,0.000000,-0.126699,-0.092442,-0.322015,0.067565,-0.092100,-0.326132,-0.029567,-0.092271,-0.324073,0.002992,-0.114175,-0.298592,-0.054804,-0.111538,-0.294354
2026-05-26 16:57:27.954,34.499967,0.000000,0.000000,0.000000,-0.126763,-0.091376,-0.322102,0.067565,-0.092100,-0.326132,-0.029599,-0.091738,-0.324117,0.003147,-0.113217,-0.297932,-0.055469,-0.110447,-0.294382
2026-05-26 16:57:28.054,34.599967,0.000000,0.000000,0.000000,-0.126763,-0.091376,-0.322102,0.067803,-0.091050,-0.326225,-0.029480,-0.091213,-0.324164,0.003004,-0.114267,-0.297882,-0.055519,-0.111501,-0.294337
2026-05-26 16:57:28.154,34.699967,0.000000,0.000000,0.000000,-0.126699,-0.092442,-0.322015,0.067803,-0.091050,-0.326225,-0.029448,-0.091746,-0.324120,0.003147,-0.113217,-0.297932,-0.055568,-0.112555,-0.294292
2026-05-26 16:57:28.254,34.799967,0.000000,0.000000,0.000000,-0.126763,-0.091376,-0.322102,0.067803,-0.091050,-0.326225,-0.029480,-0.091213,-0.324164,0.003718,-0.114304,-0.297899,-0.055519,-0.111501,-0.294337
2026-05-26 16:57:28.354,34.899967,0.000000,0.000000,0.000000,-0.126763,-0.091376,-0.322102,0.067803,-0.091050,-0.326225,-0.029480,-0.091213,-0.324164,0.003706,-0.114212,-0.298609,-0.056329,-0.113573,-0.294230
2026-05-26 16:57:28.454,34.999967,0.000000,0.000000,0.000000,-0.126827,-0.090310,-0.322190,0.067326,-0.093150,-0.326039,-0.029750,-0.091730,-0.324115,0.003718,-0.114304,-0.297899,-0.056329,-0.113573,-0.294230
2026-05-26 16:57:28.554,35.099967,0.000000,0.000000,0.000000,-0.126827,-0.090310,-0.322190,0.067565,-0.092100,-0.326132,-0.029631,-0.091205,-0.324161,0.003574,-0.115354,-0.297848,-0.056329,-0.113573,-0.294230
2026-05-26 16:57:28.654,35.199966,0.000000,0.000000,0.000000,-0.126699,-0.092442,-0.322015,0.067565,-0.092100,-0.326132,-0.029567,-0.092271,-0.324073,0.003574,-0.115354,-0.297848,-0.057041,-0.113536,-0.294212
2026-05-26 16:57:28.754,35.299966,0.000000,0.000000,0.000000,-0.126763,-0.091376,-0.322102,0.067803,-0.091050,-0.326225,-0.029480,-0.091213,-0.324164,0.004287,-0.115391,-0.297865,-0.057088,-0.114590,-0.294167
2026-05-26 16:57:28.854,35.399966,0.000000,0.000000,0.000000,-0.126763,-0.091376,-0.322102,0.067088,-0.094200,-0.325946,-0.029838,-0.092788,-0.324024,0.004287,-0.115391,-0.297865,-0.057088,-0.114590,-0.294167
2026-05-26 16:57:28.954,35.499966,0.000000,0.000000,0.000000,-0.126763,-0.091376,-0.322102,0.067565,-0.092100,-0.326132,-0.029599,-0.091738,-0.324117,0.004287,-0.115391,-0.297865,-0.057844,-0.115607,-0.294105
2026-05-26 16:57:29.054,35.599966,0.000000,0.000000,0.000000,-0.126827,-0.090310,-0.322190,0.067803,-0.091050,-0.326225,-0.029512,-0.090680,-0.324207,0.004142,-0.116441,-0.297814,-0.057844,-0.115607,-0.294105
2026-05-26 16:57:29.154,35.699966,0.000000,0.000000,0.000000,-0.126763,-0.091376,-0.322102,0.067326,-0.093150,-0.326039,-0.029718,-0.092263,-0.324071,0.004142,-0.116441,-0.297814,-0.057844,-0.115607,-0.294105
2026-05-26 16:57:29.254,35.799966,0.000000,0.000000,0.000000,-0.126699,-0.092442,-0.322015,0.067565,-0.092100,-0.326132,-0.029567,-0.092271,-0.324073,0.004708,-0.117527,-0.297781,-0.057844,-0.115607,-0.294105
2026-05-26 16:57:29.354,35.899966,0.000000,0.000000,0.000000,-0.126763,-0.091376,-0.322102,0.067326,-0.093150,-0.326039,-0.029718,-0.092263,-0.324071,0.004708,-0.117527,-0.297781,-0.058598,-0.116625,-0.294043
2026-05-26 16:57:29.454,35.999966,0.000000,0.000000,0.000000,-0.126763,-0.091376,-0.322102,0.067326,-0.093150,-0.326039,-0.029718,-0.092263,-0.324071,0.004854,-0.116478,-0.297832,-0.058598,-0.116625,-0.294043
2026-05-26 16:57:29.554,36.099966,0.000000,0.000000,0.000000,-0.126763,-0.091376,-0.322102,0.067326,-0.093150,-0.326039,-0.029718,-0.092263,-0.324071,0.004708,-0.117527,-0.297781,-0.058509,-0.114516,-0.294133
2026-05-26 16:57:29.654,36.199965,0.000000,0.000000,0.000000,-0.126763,-0.091376,-0.322102,0.067565,-0.092100,-0.326132,-0.029599,-0.091738,-0.324117,0.005418,-0.117564,-0.297798,-0.059176,-0.113425,-0.294161
2026-05-26 16:57:29.754,36.299965,0.000000,0.000000,0.000000,-0.126763,-0.091376,-0.322102,0.067803,-0.091050,-0.326225,-0.029480,-0.091213,-0.324164,0.005418,-0.117564,-0.297798,-0.059176,-0.113425,-0.294161
2026-05-26 16:57:29.854,36.399965,0.000000,0.000000,0.000000,-0.126699,-0.092442,-0.322015,0.067565,-0.092100,-0.326132,-0.029567,-0.092271,-0.324073,0.005418,-0.117564,-0.297798,-0.059220,-0.114479,-0.294116
2026-05-26 16:57:29.954,36.499965,0.000000,0.000000,0.000000,-0.126699,-0.092442,-0.322015,0.067803,-0.091050,-0.326225,-0.029448,-0.091746,-0.324120,0.005418,-0.117564,-0.297798,-0.059220,-0.114479,-0.294116
2026-05-26 16:57:30.054,36.599965,0.000000,0.000000,0.000000,-0.126763,-0.091376,-0.322102,0.067565,-0.092100,-0.326132,-0.029599,-0.091738,-0.324117,0.006129,-0.117601,-0.297815,-0.059985,-0.115405,-0.294759
2026-05-26 16:57:30.154,36.699965,0.000000,0.000000,0.000000,-0.126763,-0.091376,-0.322102,0.067326,-0.093150,-0.326039,-0.029718,-0.092263,-0.324071,0.006129,-0.117601,-0.297815,-0.059985,-0.115405,-0.294759
2026-05-26 16:57:30.254,36.799965,0.000000,0.000000,0.000000,-0.126699,-0.092442,-0.322015,0.067326,-0.093150,-0.326039,-0.029687,-0.092796,-0.324027,0.006265,-0.116459,-0.298574,-0.059985,-0.115405,-0.294759
2026-05-26 16:57:30.354,36.899965,0.000000,0.000000,0.000000,-0.126699,-0.092442,-0.322015,0.067565,-0.092100,-0.326132,-0.029567,-0.092271,-0.324073,0.006117,-0.117509,-0.298522,-0.060695,-0.115368,-0.294742
2026-05-26 16:57:30.454,36.999965,0.000000,0.000000,0.000000,-0.126763,-0.091376,-0.322102,0.067565,-0.092100,-0.326132,-0.029599,-0.091738,-0.324117,0.006840,-0.117638,-0.297832,-0.060612,-0.113259,-0.294834
2026-05-26 16:57:30.554,37.099965,0.000000,0.000000,0.000000,-0.126699,-0.092442,-0.322015,0.067803,-0.091050,-0.326225,-0.029448,-0.091746,-0.324120,0.006828,-0.117546,-0.298539,-0.060777,-0.117478,-0.294650
2026-05-26 16:57:30.654,37.199965,0.000000,0.000000,0.000000,-0.126763,-0.091376,-0.322102,0.067565,-0.092100,-0.326132,-0.029599,-0.091738,-0.324117,0.006828,-0.117546,-0.298539,-0.061404,-0.115331,-0.294725
2026-05-26 16:57:30.754,37.299964,0.000000,0.000000,0.000000,-0.126763,-0.091376,-0.322102,0.067565,-0.092100,-0.326132,-0.029599,-0.091738,-0.324117,0.006828,-0.117546,-0.298539,-0.061444,-0.116386,-0.294679
2026-05-26 16:57:30.854,37.399964,0.000000,0.000000,0.000000,-0.126763,-0.091376,-0.322102,0.067803,-0.091050,-0.326225,-0.029480,-0.091213,-0.324164,0.006828,-0.117546,-0.298539,-0.062114,-0.115294,-0.294708
2026-05-26 16:57:30.954,37.499964,0.000000,0.000000,0.000000,-0.126763,-0.091376,-0.322102,0.067326,-0.093150,-0.326039,-0.029718,-0.092263,-0.324071,0.007538,-0.117583,-0.298556,-0.062165,-0.116258,-0.295366
2026-05-26 16:57:31.054,37.599964,0.000000,0.000000,0.000000,-0.126699,-0.092442,-0.322015,0.067803,-0.091050,-0.326225,-0.029448,-0.091746,-0.324120,0.007387,-0.118633,-0.298504,-0.062126,-0.115203,-0.295413
2026-05-26 16:57:31.154,37.699964,0.000000,0.000000,0.000000,-0.126763,-0.091376,-0.322102,0.067088,-0.094200,-0.325946,-0.029838,-0.092788,-0.324024,0.007387,-0.118633,-0.298504,-0.062204,-0.117313,-0.295319
2026-05-26 16:57:31.254,37.799964,0.000000,0.000000,0.000000,-0.126763,-0.091376,-0.322102,0.067803,-0.091050,-0.326225,-0.029480,-0.091213,-0.324164,0.007387,-0.118633,-0.298504,-0.062836,-0.115166,-0.295396
2026-05-26 16:57:31.354,37.899964,0.000000,0.000000,0.000000,-0.126763,-0.091376,-0.322102,0.067565,-0.092100,-0.326132,-0.029599,-0.091738,-0.324117,0.007236,-0.119682,-0.298452,-0.062836,-0.115166,-0.295396
2026-05-26 16:57:31.454,37.999964,0.000000,0.000000,0.000000,-0.126763,-0.091376,-0.322102,0.067565,-0.092100,-0.326132,-0.029599,-0.091738,-0.324117,0.007236,-0.119682,-0.298452,-0.062873,-0.116221,-0.295349
2026-05-26 16:57:31.554,38.099964,0.000000,0.000000,0.000000,-0.126763,-0.091376,-0.322102,0.067565,-0.092100,-0.326132,-0.029599,-0.091738,-0.324117,0.007236,-0.119682,-0.298452,-0.063667,-0.118203,-0.295940
2026-05-26 16:57:31.654,38.199964,0.000000,0.000000,0.000000,-0.126699,-0.092442,-0.322015,0.067565,-0.092100,-0.326132,-0.029567,-0.092271,-0.324073,0.007086,-0.120732,-0.298400,-0.063630,-0.117148,-0.295988
2026-05-26 16:57:31.754,38.299963,0.000000,0.000000,0.000000,-0.126763,-0.091376,-0.322102,0.067803,-0.091050,-0.326225,-0.029480,-0.091213,-0.324164,0.007086,-0.120732,-0.298400,-0.063630,-0.117148,-0.295988
2026-05-26 16:57:31.854,38.399963,0.000000,0.000000,0.000000,-0.126763,-0.091376,-0.322102,0.067326,-0.093150,-0.326039,-0.029718,-0.092263,-0.324071,0.007236,-0.119682,-0.298452,-0.063594,-0.116092,-0.296037
2026-05-26 16:57:31.954,38.499963,0.000000,0.000000,0.000000,-0.126699,-0.092442,-0.322015,0.067326,-0.093150,-0.326039,-0.029687,-0.092796,-0.324027,0.007086,-0.120732,-0.298400,-0.063630,-0.117148,-0.295988
2026-05-26 16:57:32.054,38.599963,0.000000,0.000000,0.000000,-0.126827,-0.090310,-0.322190,0.067326,-0.093150,-0.326039,-0.029750,-0.091730,-0.324115,0.007086,-0.120732,-0.298400,-0.063630,-0.117148,-0.295988
2026-05-26 16:57:32.154,38.699963,0.000000,0.000000,0.000000,-0.126763,-0.091376,-0.322102,0.067326,-0.093150,-0.326039,-0.029718,-0.092263,-0.324071,0.007086,-0.120732,-0.298400,-0.063630,-0.117148,-0.295988
2026-05-26 16:57:32.254,38.799963,0.000000,0.000000,0.000000,-0.126763,-0.091376,-0.322102,0.067326,-0.093150,-0.326039,-0.029718,-0.092263,-0.324071,0.007236,-0.119682,-0.298452,-0.063667,-0.118203,-0.295940
2026-05-26 16:57:32.354,38.899963,0.000000,0.000000,0.000000,-0.126763,-0.091376,-0.322102,0.067803,-0.091050,-0.326225,-0.029480,-0.091213,-0.324164,0.007086,-0.120732,-0.298400,-0.063630,-0.117148,-0.295988
2026-05-26 16:57:32.454,38.999963,0.000000,0.000000,0.000000,-0.126763,-0.091376,-0.322102,0.067326,-0.093150,-0.326039,-0.029718,-0.092263,-0.324071,0.007086,-0.120732,-0.298400,-0.063667,-0.118203,-0.295940
2026-05-26 16:57:32.554,39.099963,0.000000,0.000000,0.000000,-0.126827,-0.090310,-0.322190,0.067565,-0.092100,-0.326132,-0.029631,-0.091205,-0.324161,0.007086,-0.120732,-0.298400,-0.063667,-0.118203,-0.295940
2026-05-26 16:57:32.654,39.199963,0.000000,0.000000,0.000000,-0.126699,-0.092442,-0.322015,0.067326,-0.093150,-0.326039,-0.029687,-0.092796,-0.324027,0.007086,-0.120732,-0.298400,-0.063594,-0.116092,-0.296037
2026-05-26 16:57:32.754,39.299963,0.000000,0.000000,0.000000,-0.126699,-0.092442,-0.322015,0.067565,-0.092100,-0.326132,-0.029567,-0.092271,-0.324073,0.007086,-0.120732,-0.298400,-0.063667,-0.118203,-0.295940
2026-05-26 16:57:32.854,39.399962,0.000000,0.000000,0.000000,-0.126763,-0.091376,-0.322102,0.067565,-0.092100,-0.326132,-0.029599,-0.091738,-0.324117,0.007086,-0.120732,-0.298400,-0.063594,-0.116092,-0.296037
2026-05-26 16:57:32.954,39.499962,0.000000,0.000000,0.000000,-0.126763,-0.091376,-0.322102,0.067326,-0.093150,-0.326039,-0.029718,-0.092263,-0.324071,0.007236,-0.119682,-0.298452,-0.063630,-0.117148,-0.295988
2026-05-26 16:57:33.054,39.599962,0.000000,0.000000,0.000000,-0.126699,-0.092442,-0.322015,0.067326,-0.093150,-0.326039,-0.029687,-0.092796,-0.324027,0.007086,-0.120732,-0.298400,-0.063667,-0.118203,-0.295940
2026-05-26 16:57:33.154,39.699962,0.000000,0.000000,0.000000,-0.126763,-0.091376,-0.322102,0.067326,-0.093150,-0.326039,-0.029718,-0.092263,-0.324071,0.007236,-0.119682,-0.298452,-0.063630,-0.117148,-0.295988
2026-05-26 16:57:33.254,39.799962,0.000000,0.000000,0.000000,-0.126763,-0.091376,-0.322102,0.067326,-0.093150,-0.326039,-0.029718,-0.092263,-0.324071,0.007236,-0.119682,-0.298452,-0.063630,-0.117148,-0.295988
2026-05-26 16:57:33.354,39.899962,0.000000,0.000000,0.000000,-0.126699,-0.092442,-0.322015,0.067565,-0.092100,-0.326132,-0.029567,-0.092271,-0.324073,0.006528,-0.119645,-0.298435,-0.062885,-0.116129,-0.296054
2026-05-26 16:57:33.454,39.999962,0.000000,0.000000,0.000000,-0.126699,-0.092442,-0.322015,0.066589,-0.093112,-0.326021,-0.030055,-0.092777,-0.324018,0.006528,-0.119645,-0.298435,-0.062848,-0.115074,-0.296102
2026-05-26 16:57:33.554,40.099962,0.000000,0.000000,0.000000,-0.126763,-0.091376,-0.322102,0.067326,-0.093150,-0.326039,-0.029718,-0.092263,-0.324071,0.006678,-0.118596,-0.298487,-0.062885,-0.116129,-0.296054
2026-05-26 16:57:33.654,40.199962,0.000000,0.000000,0.000000,-0.126699,-0.092442,-0.322015,0.067326,-0.093150,-0.326039,-0.029687,-0.092796,-0.324027,0.006528,-0.119645,-0.298435,-0.062848,-0.115074,-0.296102
2026-05-26 16:57:33.754,40.299962,0.000000,0.000000,0.000000,-0.126699,-0.092442,-0.322015,0.067565,-0.092100,-0.326132,-0.029567,-0.092271,-0.324073,0.006528,-0.119645,-0.298435,-0.063539,-0.114509,-0.296109
2026-05-26 16:57:33.854,40.399961,0.000000,0.000000,0.000000,-0.127426,-0.092405,-0.321997,0.066589,-0.093112,-0.326021,-0.030418,-0.092758,-0.324009,0.006528,-0.119645,-0.298435,-0.063557,-0.115037,-0.296085
2026-05-26 16:57:33.954,40.499961,0.000000,0.000000,0.000000,-0.126763,-0.091376,-0.322102,0.067326,-0.093150,-0.326039,-0.029718,-0.092263,-0.324071,0.005820,-0.119609,-0.298418,-0.063521,-0.113982,-0.296133
2026-05-26 16:57:34.054,40.599961,0.000000,0.000000,0.000000,-0.126699,-0.092442,-0.322015,0.067064,-0.091012,-0.326207,-0.029818,-0.091727,-0.324111,0.005820,-0.119609,-0.298418,-0.063521,-0.113982,-0.296133
2026-05-26 16:57:34.154,40.699961,0.000000,0.000000,0.000000,-0.126699,-0.092442,-0.322015,0.067326,-0.093150,-0.326039,-0.029687,-0.092796,-0.324027,0.005671,-0.120658,-0.298366,-0.063521,-0.113982,-0.296133
2026-05-26 16:57:34.254,40.799961,0.000000,0.000000,0.000000,-0.126699,-0.092442,-0.322015,0.067565,-0.092100,-0.326132,-0.029567,-0.092271,-0.324073,0.005820,-0.119609,-0.298418,-0.063521,-0.113982,-0.296133
2026-05-26 16:57:34.354,40.899961,0.000000,0.000000,0.000000,-0.126699,-0.092442,-0.322015,0.067803,-0.091050,-0.326225,-0.029448,-0.091746,-0.324120,0.005671,-0.120658,-0.298366,-0.063484,-0.112926,-0.296181
2026-05-26 16:57:34.454,40.999961,0.000000,0.000000,0.000000,-0.126827,-0.090310,-0.322190,0.066589,-0.093112,-0.326021,-0.030119,-0.091711,-0.324106,0.005820,-0.119609,-0.298418,-0.063521,-0.113982,-0.296133
2026-05-26 16:57:34.554,41.099961,0.000000,0.000000,0.000000,-0.126763,-0.091376,-0.322102,0.067803,-0.091050,-0.326225,-0.029480,-0.091213,-0.324164,0.005671,-0.120658,-0.298366,-0.063521,-0.113982,-0.296133
2026-05-26 16:57:34.654,41.199961,0.000000,0.000000,0.000000,-0.127491,-0.091338,-0.322085,0.067326,-0.093150,-0.326039,-0.030082,-0.092244,-0.324062,0.005671,-0.120658,-0.298366,-0.063484,-0.112926,-0.296181
2026-05-26 16:57:34.754,41.299961,0.000000,0.000000,0.000000,-0.126763,-0.091376,-0.322102,0.067803,-0.091050,-0.326225,-0.029480,-0.091213,-0.324164,0.005820,-0.119609,-0.298418,-0.063521,-0.113982,-0.296133
2026-05-26 16:57:34.854,41.399961,0.000000,0.000000,0.000000,-0.127491,-0.091338,-0.322085,0.066589,-0.093112,-0.326021,-0.030451,-0.092225,-0.324053,0.005671,-0.120658,-0.298366,-0.063521,-0.113982,-0.296133
2026-05-26 16:57:34.954,41.499960,0.000000,0.000000,0.000000,-0.127491,-0.091338,-0.322085,0.066589,-0.093112,-0.326021,-0.030451,-0.092225,-0.324053,0.005671,-0.120658,-0.298366,-0.063521,-0.113982,-0.296133
2026-05-26 16:57:35.054,41.599960,0.000000,0.000000,0.000000,-0.126827,-0.090310,-0.322190,0.067803,-0.091050,-0.326225,-0.029512,-0.090680,-0.324207,0.005820,-0.119609,-0.298418,-0.063557,-0.115037,-0.296085
2026-05-26 16:57:35.154,41.699960,0.000000,0.000000,0.000000,-0.127491,-0.091338,-0.322085,0.067565,-0.092100,-0.326132,-0.029963,-0.091719,-0.324108,0.005671,-0.120658,-0.298366,-0.063484,-0.112926,-0.296181
2026-05-26 16:57:35.254,41.799960,0.000000,0.000000,0.000000,-0.127426,-0.092405,-0.321997,0.067565,-0.092100,-0.326132,-0.029931,-0.092252,-0.324064,0.005671,-0.120658,-0.298366,-0.063557,-0.115037,-0.296085
2026-05-26 16:57:35.354,41.899960,0.000000,0.000000,0.000000,-0.126699,-0.092442,-0.322015,0.067326,-0.093150,-0.326039,-0.029687,-0.092796,-0.324027,0.005671,-0.120658,-0.298366,-0.063521,-0.113982,-0.296133
2026-05-26 16:57:35.454,41.999960,0.000000,0.000000,0.000000,-0.127426,-0.092405,-0.321997,0.066589,-0.093112,-0.326021,-0.030418,-0.092758,-0.324009,0.005671,-0.120658,-0.298366,-0.063448,-0.111871,-0.296229
2026-05-26 16:57:35.554,42.099960,0.000000,0.000000,0.000000,-0.127491,-0.091338,-0.322085,0.066589,-0.093112,-0.326021,-0.030451,-0.092225,-0.324053,0.005820,-0.119609,-0.298418,-0.063557,-0.115037,-0.296085
2026-05-26 16:57:35.654,42.199960,0.000000,0.000000,0.000000,-0.127426,-0.092405,-0.321997,0.067565,-0.092100,-0.326132,-0.029931,-0.092252,-0.324064,0.005820,-0.119609,-0.298418,-0.063503,-0.113454,-0.296157
2026-05-26 16:57:35.754,42.299960,0.000000,0.000000,0.000000,-0.126699,-0.092442,-0.322015,0.067803,-0.091050,-0.326225,-0.029448,-0.091746,-0.324120,0.005820,-0.119609,-0.298418,-0.063521,-0.113982,-0.296133
2026-05-26 16:57:35.854,42.399960,0.000000,0.000000,0.000000,-0.126763,-0.091376,-0.322102,0.067326,-0.093150,-0.326039,-0.029718,-0.092263,-0.324071,0.005671,-0.120658,-0.298366,-0.063521,-0.113982,-0.296133
2026-05-26 16:57:35.954,42.499959,0.000000,0.000000,0.000000,-0.126763,-0.091376,-0.322102,0.067565,-0.092100,-0.326132,-0.029599,-0.091738,-0.324117,0.005671,-0.120658,-0.298366,-0.063521,-0.113982,-0.296133
2026-05-26 16:57:36.054,42.599959,0.000000,0.000000,0.000000,-0.126763,-0.091376,-0.322102,0.067565,-0.092100,-0.326132,-0.029599,-0.091738,-0.324117,0.005671,-0.120658,-0.298366,-0.063521,-0.113982,-0.296133
2026-05-26 16:57:36.154,42.699959,0.000000,0.000000,0.000000,-0.127491,-0.091338,-0.322085,0.067803,-0.091050,-0.326225,-0.029844,-0.091194,-0.324155,0.005820,-0.119609,-0.298418,-0.063521,-0.113982,-0.296133
2026-05-26 16:57:36.254,42.799959,0.000000,0.000000,0.000000,-0.127491,-0.091338,-0.322085,0.067565,-0.092100,-0.326132,-0.029963,-0.091719,-0.324108,0.005671,-0.120658,-0.298366,-0.063521,-0.113982,-0.296133
2026-05-26 16:57:36.354,42.899959,0.000000,0.000000,0.000000,-0.127556,-0.090272,-0.322173,0.067803,-0.091050,-0.326225,-0.029876,-0.090661,-0.324199,0.005820,-0.119609,-0.298418,-0.063557,-0.115037,-0.296085
2026-05-26 16:57:36.454,42.999959,0.000000,0.000000,0.000000,-0.126763,-0.091376,-0.322102,0.067565,-0.092100,-0.326132,-0.029599,-0.091738,-0.324117,0.005820,-0.119609,-0.298418,-0.063484,-0.112926,-0.296181
2026-05-26 16:57:36.554,43.099959,0.000000,0.000000,0.000000,-0.126827,-0.090310,-0.322190,0.067326,-0.093150,-0.326039,-0.029750,-0.091730,-0.324115,0.005820,-0.119609,-0.298418,-0.063521,-0.113982,-0.296133
2026-05-26 16:57:36.654,43.199959,0.000000,0.000000,0.000000,-0.127426,-0.092405,-0.321997,0.066826,-0.092062,-0.326114,-0.030300,-0.092233,-0.324056,0.005820,-0.119609,-0.298418,-0.063484,-0.112926,-0.296181
2026-05-26 16:57:36.754,43.299959,0.000000,0.000000,0.000000,-0.126763,-0.091376,-0.322102,0.066826,-0.092062,-0.326114,-0.029968,-0.091719,-0.324108,0.005820,-0.119609,-0.298418,-0.063484,-0.112926,-0.296181
2026-05-26 16:57:36.854,43.399959,0.000000,0.000000,0.000000,-0.126763,-0.091376,-0.322102,0.066589,-0.093112,-0.326021,-0.030087,-0.092244,-0.324062,0.005671,-0.120658,-0.298366,-0.063521,-0.113982,-0.296133
2026-05-26 16:57:36.954,43.499959,0.000000,0.000000,0.000000,-0.127491,-0.091338,-0.322085,0.067326,-0.093150,-0.326039,-0.030082,-0.092244,-0.324062,0.005820,-0.119609,-0.298418,-0.063484,-0.112926,-0.296181
2026-05-26 16:57:37.054,43.599958,0.000000,0.000000,0.000000,-0.126763,-0.091376,-0.322102,0.067326,-0.093150,-0.326039,-0.029718,-0.092263,-0.324071,0.005671,-0.120658,-0.298366,-0.063521,-0.113982,-0.296133
2026-05-26 16:57:37.154,43.699958,0.000000,0.000000,0.000000,-0.126699,-0.092442,-0.322015,0.067326,-0.093150,-0.326039,-0.029687,-0.092796,-0.324027,0.005820,-0.119609,-0.298418,-0.063557,-0.115037,-0.296085
2026-05-26 16:57:37.254,43.799958,0.000000,0.000000,0.000000,-0.126699,-0.092442,-0.322015,0.067565,-0.092100,-0.326132,-0.029567,-0.092271,-0.324073,0.005820,-0.119609,-0.298418,-0.063503,-0.113454,-0.296157
2026-05-26 16:57:37.354,43.899958,0.000000,0.000000,0.000000,-0.126763,-0.091376,-0.322102,0.067565,-0.092100,-0.326132,-0.029599,-0.091738,-0.324117,0.005820,-0.119609,-0.298418,-0.063521,-0.113982,-0.296133
2026-05-26 16:57:37.454,43.999958,0.000000,0.000000,0.000000,-0.126763,-0.091376,-0.322102,0.067565,-0.092100,-0.326132,-0.029599,-0.091738,-0.324117,0.005820,-0.119609,-0.298418,-0.063521,-0.113982,-0.296133
2026-05-26 16:57:37.554,44.099958,0.000000,0.000000,0.000000,-0.126699,-0.092442,-0.322015,0.067565,-0.092100,-0.326132,-0.029567,-0.092271,-0.324073,0.005671,-0.120658,-0.298366,-0.063484,-0.112926,-0.296181
2026-05-26 16:57:37.654,44.199958,0.000000,0.000000,0.000000,-0.127426,-0.092405,-0.321997,0.066589,-0.093112,-0.326021,-0.030418,-0.092758,-0.324009,0.005671,-0.120658,-0.298366,-0.063521,-0.113982,-0.296133
2026-05-26 16:57:37.754,44.299958,0.000000,0.000000,0.000000,-0.127426,-0.092405,-0.321997,0.067565,-0.092100,-0.326132,-0.029931,-0.092252,-0.324064,0.005671,-0.120658,-0.298366,-0.063539,-0.114509,-0.296109
2026-05-26 16:57:37.854,44.399958,0.000000,0.000000,0.000000,-0.127491,-0.091338,-0.322085,0.067088,-0.094200,-0.325946,-0.030201,-0.092769,-0.324016,0.005820,-0.119609,-0.298418,-0.063484,-0.112926,-0.296181
2026-05-26 16:57:37.954,44.499958,0.000000,0.000000,0.000000,-0.127426,-0.092405,-0.321997,0.067565,-0.092100,-0.326132,-0.029931,-0.092252,-0.324064,0.005671,-0.120658,-0.298366,-0.063521,-0.113982,-0.296133
2026-05-26 16:57:38.054,44.599957,0.000000,0.000000,0.000000,-0.126699,-0.092442,-0.322015,0.067803,-0.091050,-0.326225,-0.029448,-0.091746,-0.324120,0.005671,-0.120658,-0.298366,-0.063557,-0.115037,-0.296085
2026-05-26 16:57:38.154,44.699957,0.000000,0.000000,0.000000,-0.126763,-0.091376,-0.322102,0.067565,-0.092100,-0.326132,-0.029599,-0.091738,-0.324117,0.005820,-0.119609,-0.298418,-0.063521,-0.113982,-0.296133
2026-05-26 16:57:38.254,44.799957,0.000000,0.000000,0.000000,-0.127491,-0.091338,-0.322085,0.067088,-0.094200,-0.325946,-0.030201,-0.092769,-0.324016,0.005820,-0.119609,-0.298418,-0.063521,-0.113982,-0.296133
2026-05-26 16:57:38.354,44.899957,0.000000,0.000000,0.000000,-0.127491,-0.091338,-0.322085,0.066826,-0.092062,-0.326114,-0.030332,-0.091700,-0.324099,0.005820,-0.119609,-0.298418,-0.063521,-0.113982,-0.296133
2026-05-26 16:57:38.454,44.999957,0.000000,0.000000,0.000000,-0.127361,-0.093471,-0.321909,0.067565,-0.092100,-0.326132,-0.029898,-0.092785,-0.324021,0.005820,-0.119609,-0.298418,-0.063521,-0.113982,-0.296133
2026-05-26 16:57:38.554,45.099957,0.000000,0.000000,0.000000,-0.126699,-0.092442,-0.322015,0.067803,-0.091050,-0.326225,-0.029448,-0.091746,-0.324120,0.005820,-0.119609,-0.298418,-0.063521,-0.113982,-0.296133
2026-05-26 16:57:38.654,45.199957,0.000000,0.000000,0.000000,-0.127491,-0.091338,-0.322085,0.067565,-0.092100,-0.326132,-0.029963,-0.091719,-0.324108,0.005671,-0.120658,-0.298366,-0.063484,-0.112926,-0.296181
2026-05-26 16:57:38.754,45.299957,0.000000,0.000000,0.000000,-0.126763,-0.091376,-0.322102,0.067803,-0.091050,-0.326225,-0.029480,-0.091213,-0.324164,0.005671,-0.120658,-0.298366,-0.063557,-0.115037,-0.296085
2026-05-26 16:57:38.854,45.399957,0.000000,0.000000,0.000000,-0.127491,-0.091338,-0.322085,0.067803,-0.091050,-0.326225,-0.029844,-0.091194,-0.324155,0.005820,-0.119609,-0.298418,-0.063521,-0.113982,-0.296133
2026-05-26 16:57:38.954,45.499957,0.000000,0.000000,0.000000,-0.127491,-0.091338,-0.322085,0.067803,-0.091050,-0.326225,-0.029844,-0.091194,-0.324155,0.005671,-0.120658,-0.298366,-0.063521,-0.113982,-0.296133
2026-05-26 16:57:39.054,45.599957,0.000000,0.000000,0.000000,-0.127491,-0.091338,-0.322085,0.066826,-0.092062,-0.326114,-0.030332,-0.091700,-0.324099,0.005820,-0.119609,-0.298418,-0.063557,-0.115037,-0.296085
2026-05-26 16:57:39.154,45.699956,0.000000,0.000000,0.000000,-0.127426,-0.092405,-0.321997,0.067326,-0.093150,-0.326039,-0.030050,-0.092777,-0.324018,0.005671,-0.120658,-0.298366,-0.063484,-0.112926,-0.296181
2026-05-26 16:57:39.254,45.799956,0.000000,0.000000,0.000000,-0.127426,-0.092405,-0.321997,0.066589,-0.093112,-0.326021,-0.030418,-0.092758,-0.324009,0.005671,-0.120658,-0.298366,-0.063521,-0.113982,-0.296133
2026-05-26 16:57:39.354,45.899956,0.000000,0.000000,0.000000,-0.127426,-0.092405,-0.321997,0.067565,-0.092100,-0.326132,-0.029931,-0.092252,-0.324064,0.005671,-0.120658,-0.298366,-0.063521,-0.113982,-0.296133
2026-05-26 16:57:39.454,45.999956,0.000000,0.000000,0.000000,-0.127491,-0.091338,-0.322085,0.066589,-0.093112,-0.326021,-0.030451,-0.092225,-0.324053,0.005522,-0.121708,-0.298314,-0.062848,-0.115074,-0.296102
2026-05-26 16:57:39.554,46.099956,0.000000,0.000000,0.000000,-0.127491,-0.091338,-0.322085,0.066589,-0.093112,-0.326021,-0.030451,-0.092225,-0.324053,0.005671,-0.120658,-0.298366,-0.062848,-0.115074,-0.296102
2026-05-26 16:57:39.654,46.199956,0.000000,0.000000,0.000000,-0.127491,-0.091338,-0.322085,0.068041,-0.090000,-0.326318,-0.029725,-0.090669,-0.324201,0.004964,-0.120621,-0.298349,-0.062848,-0.115074,-0.296102
2026-05-26 16:57:39.754,46.299956,0.000000,0.000000,0.000000,-0.127491,-0.091338,-0.322085,0.067803,-0.091050,-0.326225,-0.029844,-0.091194,-0.324155,0.004951,-0.120530,-0.299052,-0.062848,-0.115074,-0.296102
2026-05-26 16:57:39.854,46.399956,0.000000,0.000000,0.000000,-0.127426,-0.092405,-0.321997,0.066589,-0.093112,-0.326021,-0.030418,-0.092758,-0.324009,0.004951,-0.120530,-0.299052,-0.062885,-0.116129,-0.296054
2026-05-26 16:57:39.954,46.499956,0.000000,0.000000,0.000000,-0.127491,-0.091338,-0.322085,0.067064,-0.091012,-0.326207,-0.030214,-0.091175,-0.324146,0.004951,-0.120530,-0.299052,-0.062810,-0.114019,-0.296150
2026-05-26 16:57:40.054,46.599956,0.000000,0.000000,0.000000,-0.127491,-0.091338,-0.322085,0.067565,-0.092100,-0.326132,-0.029963,-0.091719,-0.324108,0.004951,-0.120530,-0.299052,-0.062810,-0.114019,-0.296150
2026-05-26 16:57:40.154,46.699955,0.000000,0.000000,0.000000,-0.127491,-0.091338,-0.322085,0.066589,-0.093112,-0.326021,-0.030451,-0.092225,-0.324053,0.004951,-0.120530,-0.299052,-0.062848,-0.115074,-0.296102
2026-05-26 16:57:40.254,46.799955,0.000000,0.000000,0.000000,-0.127426,-0.092405,-0.321997,0.067064,-0.091012,-0.326207,-0.030181,-0.091708,-0.324102,0.004951,-0.120530,-0.299052,-0.062848,-0.115074,-0.296102
2026-05-26 16:57:40.354,46.899955,0.000000,0.000000,0.000000,-0.127491,-0.091338,-0.322085,0.066589,-0.093112,-0.326021,-0.030451,-0.092225,-0.324053,0.004951,-0.120530,-0.299052,-0.062848,-0.115074,-0.296102
2026-05-26 16:57:40.454,46.999955,0.000000,0.000000,0.000000,-0.127491,-0.091338,-0.322085,0.067565,-0.092100,-0.326132,-0.029963,-0.091719,-0.324108,0.004804,-0.121580,-0.298999,-0.062848,-0.115074,-0.296102
2026-05-26 16:57:40.554,47.099955,0.000000,0.000000,0.000000,-0.127426,-0.092405,-0.321997,0.066589,-0.093112,-0.326021,-0.030418,-0.092758,-0.324009,0.004951,-0.120530,-0.299052,-0.062848,-0.115074,-0.296102
2026-05-26 16:57:40.654,47.199955,0.000000,0.000000,0.000000,-0.127491,-0.091338,-0.322085,0.066826,-0.092062,-0.326114,-0.030332,-0.091700,-0.324099,0.004804,-0.121580,-0.298999,-0.062848,-0.115074,-0.296102
2026-05-26 16:57:40.754,47.299955,0.000000,0.000000,0.000000,-0.126699,-0.092442,-0.322015,0.067565,-0.092100,-0.326132,-0.029567,-0.092271,-0.324073,0.004804,-0.121580,-0.298999,-0.062848,-0.115074,-0.296102
2026-05-26 16:57:40.854,47.399955,0.000000,0.000000,0.000000,-0.127426,-0.092405,-0.321997,0.067088,-0.094200,-0.325946,-0.030169,-0.093302,-0.323972,0.004951,-0.120530,-0.299052,-0.062848,-0.115074,-0.296102
2026-05-26 16:57:40.954,47.499955,0.000000,0.000000,0.000000,-0.127491,-0.091338,-0.322085,0.067064,-0.091012,-0.326207,-0.030214,-0.091175,-0.324146,0.004951,-0.120530,-0.299052,-0.062885,-0.116129,-0.296054
2026-05-26 16:57:41.054,47.599955,0.000000,0.000000,0.000000,-0.127491,-0.091338,-0.322085,0.067803,-0.091050,-0.326225,-0.029844,-0.091194,-0.324155,0.004804,-0.121580,-0.298999,-0.062885,-0.116129,-0.296054
2026-05-26 16:57:41.154,47.699955,0.000000,0.000000,0.000000,-0.127426,-0.092405,-0.321997,0.067565,-0.092100,-0.326132,-0.029931,-0.092252,-0.324064,0.004804,-0.121580,-0.298999,-0.062848,-0.115074,-0.296102
2026-05-26 16:57:41.254,47.799954,0.000000,0.000000,0.000000,-0.127426,-0.092405,-0.321997,0.067565,-0.092100,-0.326132,-0.029931,-0.092252,-0.324064,0.004951,-0.120530,-0.299052,-0.062848,-0.115074,-0.296102
2026-05-26 16:57:41.354,47.899954,0.000000,0.000000,0.000000,-0.127491,-0.091338,-0.322085,0.067565,-0.092100,-0.326132,-0.029963,-0.091719,-0.324108,0.004804,-0.121580,-0.298999,-0.062848,-0.115074,-0.296102
2026-05-26 16:57:41.454,47.999954,0.000000,0.000000,0.000000,-0.127426,-0.092405,-0.321997,0.067803,-0.091050,-0.326225,-0.029812,-0.091727,-0.324111,0.004804,-0.121580,-0.298999,-0.062848,-0.115074,-0.296102
2026-05-26 16:57:41.554,48.099954,0.000000,0.000000,0.000000,-0.127491,-0.091338,-0.322085,0.067565,-0.092100,-0.326132,-0.029963,-0.091719,-0.324108,0.004951,-0.120530,-0.299052,-0.062848,-0.115074,-0.296102
2026-05-26 16:57:41.654,48.199954,0.000000,0.000000,0.000000,-0.127426,-0.092405,-0.321997,0.067565,-0.092100,-0.326132,-0.029931,-0.092252,-0.324064,0.004804,-0.121580,-0.298999,-0.062848,-0.115074,-0.296102
2026-05-26 16:57:41.754,48.299954,0.000000,0.000000,0.000000,-0.127491,-0.091338,-0.322085,0.067326,-0.093150,-0.326039,-0.030082,-0.092244,-0.324062,0.004951,-0.120530,-0.299052,-0.062848,-0.115074,-0.296102
2026-05-26 16:57:41.854,48.399954,0.000000,0.000000,0.000000,-0.127426,-0.092405,-0.321997,0.066589,-0.093112,-0.326021,-0.030418,-0.092758,-0.324009,0.004951,-0.120530,-0.299052,-0.062848,-0.115074,-0.296102
2026-05-26 16:57:41.954,48.499954,0.000000,0.000000,0.000000,-0.127491,-0.091338,-0.322085,0.067565,-0.092100,-0.326132,-0.029963,-0.091719,-0.324108,0.004951,-0.120530,-0.299052,-0.062848,-0.115074,-0.296102
2026-05-26 16:57:42.054,48.599954,0.000000,0.000000,0.000000,-0.126699,-0.092442,-0.322015,0.067326,-0.093150,-0.326039,-0.029687,-0.092796,-0.324027,0.004951,-0.120530,-0.299052,-0.062848,-0.115074,-0.296102
2026-05-26 16:57:42.154,48.699954,0.000000,0.000000,0.000000,-0.126763,-0.091376,-0.322102,0.067803,-0.091050,-0.326225,-0.029480,-0.091213,-0.324164,0.004951,-0.120530,-0.299052,-0.062848,-0.115074,-0.296102
2026-05-26 16:57:42.254,48.799953,0.000000,0.000000,0.000000,-0.126699,-0.092442,-0.322015,0.068041,-0.090000,-0.326318,-0.029329,-0.091221,-0.324166,0.004951,-0.120530,-0.299052,-0.062848,-0.115074,-0.296102
2026-05-26 16:57:42.354,48.899953,0.000000,0.000000,0.000000,-0.127426,-0.092405,-0.321997,0.067064,-0.091012,-0.326207,-0.030181,-0.091708,-0.324102,0.004951,-0.120530,-0.299052,-0.062848,-0.115074,-0.296102
2026-05-26 16:57:42.454,48.999953,0.000000,0.000000,0.000000,-0.127426,-0.092405,-0.321997,0.067803,-0.091050,-0.326225,-0.029812,-0.091727,-0.324111,0.004951,-0.120530,-0.299052,-0.062848,-0.115074,-0.296102
2026-05-26 16:57:42.554,49.099953,0.000000,0.000000,0.000000,-0.127491,-0.091338,-0.322085,0.067565,-0.092100,-0.326132,-0.029963,-0.091719,-0.324108,0.004951,-0.120530,-0.299052,-0.062848,-0.115074,-0.296102
2026-05-26 16:57:42.654,49.199953,0.000000,0.000000,0.000000,-0.127426,-0.092405,-0.321997,0.067803,-0.091050,-0.326225,-0.029812,-0.091727,-0.324111,0.004951,-0.120530,-0.299052,-0.062848,-0.115074,-0.296102
2026-05-26 16:57:42.754,49.299953,0.000000,0.000000,0.000000,-0.127426,-0.092405,-0.321997,0.066826,-0.092062,-0.326114,-0.030300,-0.092233,-0.324056,0.004804,-0.121580,-0.298999,-0.062848,-0.115074,-0.296102
2026-05-26 16:57:42.854,49.399953,0.000000,0.000000,0.000000,-0.127491,-0.091338,-0.322085,0.067803,-0.091050,-0.326225,-0.029844,-0.091194,-0.324155,0.004951,-0.120530,-0.299052,-0.062848,-0.115074,-0.296102
2026-05-26 16:57:42.954,49.499953,0.000000,0.000000,0.000000,-0.127491,-0.091338,-0.322085,0.067326,-0.093150,-0.326039,-0.030082,-0.092244,-0.324062,0.004951,-0.120530,-0.299052,-0.062848,-0.115074,-0.296102
2026-05-26 16:57:43.054,49.599953,0.000000,0.000000,0.000000,-0.127426,-0.092405,-0.321997,0.067803,-0.091050,-0.326225,-0.029812,-0.091727,-0.324111,0.004951,-0.120530,-0.299052,-0.062848,-0.115074,-0.296102
2026-05-26 16:57:43.154,49.699953,0.000000,0.000000,0.000000,-0.127426,-0.092405,-0.321997,0.066589,-0.093112,-0.326021,-0.030418,-0.092758,-0.324009,0.004951,-0.120530,-0.299052,-0.062848,-0.115074,-0.296102
2026-05-26 16:57:43.254,49.799953,0.000000,0.000000,0.000000,-0.126699,-0.092442,-0.322015,0.066589,-0.093112,-0.326021,-0.030055,-0.092777,-0.324018,0.004804,-0.121580,-0.298999,-0.062848,-0.115074,-0.296102
2026-05-26 16:57:43.354,49.899952,0.000000,0.000000,0.000000,-0.127491,-0.091338,-0.322085,0.066826,-0.092062,-0.326114,-0.030332,-0.091700,-0.324099,0.004804,-0.121580,-0.298999,-0.062848,-0.115074,-0.296102
2026-05-26 16:57:43.454,49.999952,0.000000,0.000000,0.000000,-0.127426,-0.092405,-0.321997,0.067326,-0.093150,-0.326039,-0.030050,-0.092777,-0.324018,0.004951,-0.120530,-0.299052,-0.062848,-0.115074,-0.296102
2026-05-26 16:57:43.554,50.099952,0.000000,0.000000,0.000000,-0.127426,-0.092405,-0.321997,0.066826,-0.092062,-0.326114,-0.030300,-0.092233,-0.324056,0.004951,-0.120530,-0.299052,-0.062848,-0.115074,-0.296102
2026-05-26 16:57:43.654,50.199952,0.000000,0.000000,0.000000,-0.127491,-0.091338,-0.322085,0.067064,-0.091012,-0.326207,-0.030214,-0.091175,-0.324146,0.004804,-0.121580,-0.298999,-0.062848,-0.115074,-0.296102
2026-05-26 16:57:43.754,50.299952,0.000000,0.000000,0.000000,-0.126699,-0.092442,-0.322015,0.067565,-0.092100,-0.326132,-0.029567,-0.092271,-0.324073,0.004951,-0.120530,-0.299052,-0.062810,-0.114019,-0.296150
2026-05-26 16:57:43.854,50.399952,0.000000,0.000000,0.000000,-0.127491,-0.091338,-0.322085,0.067326,-0.093150,-0.326039,-0.030082,-0.092244,-0.324062,0.004951,-0.120530,-0.299052,-0.062810,-0.114019,-0.296150
2026-05-26 16:57:43.954,50.499952,0.000000,0.000000,0.000000,-0.127426,-0.092405,-0.321997,0.067326,-0.093150,-0.326039,-0.030050,-0.092777,-0.324018,0.004951,-0.120530,-0.299052,-0.062848,-0.115074,-0.296102
2026-05-26 16:57:44.054,50.599952,0.000000,0.000000,0.000000,-0.126699,-0.092442,-0.322015,0.067565,-0.092100,-0.326132,-0.029567,-0.092271,-0.324073,0.004804,-0.121580,-0.298999,-0.062848,-0.115074,-0.296102
2026-05-26 16:57:44.154,50.699952,0.000000,0.000000,0.000000,-0.127426,-0.092405,-0.321997,0.067803,-0.091050,-0.326225,-0.029812,-0.091727,-0.324111,0.004804,-0.121580,-0.298999,-0.062848,-0.115074,-0.296102
2026-05-26 16:57:44.254,50.799952,0.000000,0.000000,0.000000,-0.127491,-0.091338,-0.322085,0.067803,-0.091050,-0.326225,-0.029844,-0.091194,-0.324155,0.004804,-0.121580,-0.298999,-0.062848,-0.115074,-0.296102
2026-05-26 16:57:44.354,50.899951,0.000000,0.000000,0.000000,-0.127491,-0.091338,-0.322085,0.067326,-0.093150,-0.326039,-0.030082,-0.092244,-0.324062,0.004804,-0.121580,-0.298999,-0.062848,-0.115074,-0.296102
2026-05-26 16:57:44.454,50.999951,0.000000,0.000000,0.000000,-0.127426,-0.092405,-0.321997,0.067565,-0.092100,-0.326132,-0.029931,-0.092252,-0.324064,0.004951,-0.120530,-0.299052,-0.062848,-0.115074,-0.296102
2026-05-26 16:57:44.554,51.099951,0.000000,0.000000,0.000000,-0.127491,-0.091338,-0.322085,0.067803,-0.091050,-0.326225,-0.029844,-0.091194,-0.324155,0.004951,-0.120530,-0.299052,-0.062848,-0.115074,-0.296102
2026-05-26 16:57:44.654,51.199951,0.000000,0.000000,0.000000,-0.127426,-0.092405,-0.321997,0.067803,-0.091050,-0.326225,-0.029812,-0.091727,-0.324111,0.004951,-0.120530,-0.299052,-0.062848,-0.115074,-0.296102
2026-05-26 16:57:44.754,51.299951,0.000000,0.000000,0.000000,-0.126699,-0.092442,-0.322015,0.067565,-0.092100,-0.326132,-0.029567,-0.092271,-0.324073,0.004951,-0.120530,-0.299052,-0.062848,-0.115074,-0.296102
2026-05-26 16:57:44.854,51.399951,0.000000,0.000000,0.000000,-0.127491,-0.091338,-0.322085,0.066589,-0.093112,-0.326021,-0.030451,-0.092225,-0.324053,0.005099,-0.119480,-0.299105,-0.062848,-0.115074,-0.296102
2026-05-26 16:57:44.954,51.499951,0.000000,0.000000,0.000000,-0.127426,-0.092405,-0.321997,0.067565,-0.092100,-0.326132,-0.029931,-0.092252,-0.324064,0.004878,-0.121055,-0.299025,-0.062848,-0.115074,-0.296102
2026-05-26 16:57:45.054,51.599951,0.000000,0.000000,0.000000,-0.126763,-0.091376,-0.322102,0.067565,-0.092100,-0.326132,-0.029599,-0.091738,-0.324117,0.004951,-0.120530,-0.299052,-0.062848,-0.115074,-0.296102
2026-05-26 16:57:45.154,51.699951,0.000000,0.000000,0.000000,-0.127426,-0.092405,-0.321997,0.067565,-0.092100,-0.326132,-0.029931,-0.092252,-0.324064,0.004951,-0.120530,-0.299052,-0.062848,-0.115074,-0.296102
2026-05-26 16:57:45.254,51.799951,0.000000,0.000000,0.000000,-0.127426,-0.092405,-0.321997,0.066826,-0.092062,-0.326114,-0.030300,-0.092233,-0.324056,0.004951,-0.120530,-0.299052,-0.062848,-0.115074,-0.296102
2026-05-26 16:57:45.354,51.899951,0.000000,0.000000,0.000000,-0.127426,-0.092405,-0.321997,0.067326,-0.093150,-0.326039,-0.030050,-0.092777,-0.324018,0.004804,-0.121580,-0.298999,-0.063570,-0.114945,-0.296790
2026-05-26 16:57:45.454,51.999950,0.000000,0.000000,0.000000,-0.127426,-0.092405,-0.321997,0.067088,-0.094200,-0.325946,-0.030169,-0.093302,-0.323972,0.004804,-0.121580,-0.298999,-0.063570,-0.114945,-0.296790
2026-05-26 16:57:45.554,52.099950,0.000000,0.000000,0.000000,-0.127491,-0.091338,-0.322085,0.067326,-0.093150,-0.326039,-0.030082,-0.092244,-0.324062,0.004804,-0.121580,-0.298999,-0.064279,-0.114908,-0.296773
2026-05-26 16:57:45.654,52.199950,0.000000,0.000000,0.000000,-0.127491,-0.091338,-0.322085,0.067326,-0.093150,-0.326039,-0.030082,-0.092244,-0.324062,0.004804,-0.121580,-0.298999,-0.064279,-0.114908,-0.296773
2026-05-26 16:57:45.754,52.299950,0.000000,0.000000,0.000000,-0.127491,-0.091338,-0.322085,0.067326,-0.093150,-0.326039,-0.030082,-0.092244,-0.324062,0.004657,-0.122630,-0.298946,-0.064315,-0.115964,-0.296724
2026-05-26 16:57:45.854,52.399950,0.000000,0.000000,0.000000,-0.127491,-0.091338,-0.322085,0.067326,-0.093150,-0.326039,-0.030082,-0.092244,-0.324062,0.004644,-0.122538,-0.299647,-0.065035,-0.115835,-0.297411
2026-05-26 16:57:45.954,52.499950,0.000000,0.000000,0.000000,-0.127426,-0.092405,-0.321997,0.066826,-0.092062,-0.326114,-0.030300,-0.092233,-0.324056,0.004644,-0.122538,-0.299647,-0.065035,-0.115835,-0.297411
2026-05-26 16:57:46.054,52.599950,0.000000,0.000000,0.000000,-0.127491,-0.091338,-0.322085,0.066589,-0.093112,-0.326021,-0.030451,-0.092225,-0.324053,0.004644,-0.122538,-0.299647,-0.065069,-0.116891,-0.297361
2026-05-26 16:57:46.154,52.699950,0.000000,0.000000,0.000000,-0.127491,-0.091338,-0.322085,0.067064,-0.091012,-0.326207,-0.030214,-0.091175,-0.324146,0.003939,-0.122502,-0.299630,-0.065069,-0.116891,-0.297361
2026-05-26 16:57:46.254,52.799950,0.000000,0.000000,0.000000,-0.127491,-0.091338,-0.322085,0.066589,-0.093112,-0.326021,-0.030451,-0.092225,-0.324053,0.003939,-0.122502,-0.299630,-0.065069,-0.116891,-0.297361
2026-05-26 16:57:46.354,52.899950,0.000000,0.000000,0.000000,-0.127426,-0.092405,-0.321997,0.067064,-0.091012,-0.326207,-0.030181,-0.091708,-0.324102,0.003939,-0.122502,-0.299630,-0.065035,-0.115835,-0.297411
2026-05-26 16:57:46.454,52.999949,0.000000,0.000000,0.000000,-0.127426,-0.092405,-0.321997,0.066826,-0.092062,-0.326114,-0.030300,-0.092233,-0.324056,0.003939,-0.122502,-0.299630,-0.065035,-0.115835,-0.297411
2026-05-26 16:57:46.554,53.099949,0.000000,0.000000,0.000000,-0.127491,-0.091338,-0.322085,0.066352,-0.094162,-0.325928,-0.030569,-0.092750,-0.324007,0.003793,-0.123552,-0.299575,-0.065035,-0.115835,-0.297411
2026-05-26 16:57:46.654,53.199949,0.000000,0.000000,0.000000,-0.127491,-0.091338,-0.322085,0.066826,-0.092062,-0.326114,-0.030332,-0.091700,-0.324099,0.003939,-0.122502,-0.299630,-0.065035,-0.115835,-0.297411
2026-05-26 16:57:46.754,53.299949,0.000000,0.000000,0.000000,-0.127426,-0.092405,-0.321997,0.066589,-0.093112,-0.326021,-0.030418,-0.092758,-0.324009,0.003939,-0.122502,-0.299630,-0.065069,-0.116891,-0.297361
2026-05-26 16:57:46.854,53.399949,0.000000,0.000000,0.000000,-0.127361,-0.093471,-0.321909,0.067064,-0.091012,-0.326207,-0.030149,-0.092241,-0.324058,0.003939,-0.122502,-0.299630,-0.065035,-0.115835,-0.297411
2026-05-26 16:57:46.954,53.499949,0.000000,0.000000,0.000000,-0.127426,-0.092405,-0.321997,0.067326,-0.093150,-0.326039,-0.030050,-0.092777,-0.324018,0.003939,-0.122502,-0.299630,-0.065052,-0.116363,-0.297386
2026-05-26 16:57:47.054,53.599949,0.000000,0.000000,0.000000,-0.127426,-0.092405,-0.321997,0.067565,-0.092100,-0.326132,-0.029931,-0.092252,-0.324064,0.003939,-0.122502,-0.299630,-0.065035,-0.115835,-0.297411
2026-05-26 16:57:47.154,53.699949,0.000000,0.000000,0.000000,-0.127491,-0.091338,-0.322085,0.066826,-0.092062,-0.326114,-0.030332,-0.091700,-0.324099,0.003939,-0.122502,-0.299630,-0.065069,-0.116891,-0.297361
2026-05-26 16:57:47.254,53.799949,0.000000,0.000000,0.000000,-0.127426,-0.092405,-0.321997,0.066826,-0.092062,-0.326114,-0.030300,-0.092233,-0.324056,0.003939,-0.122502,-0.299630,-0.065069,-0.116891,-0.297361
2026-05-26 16:57:47.354,53.899949,0.000000,0.000000,0.000000,-0.127491,-0.091338,-0.322085,0.067064,-0.091012,-0.326207,-0.030214,-0.091175,-0.324146,0.003939,-0.122502,-0.299630,-0.065069,-0.116891,-0.297361
2026-05-26 16:57:47.454,53.999949,0.000000,0.000000,0.000000,-0.127426,-0.092405,-0.321997,0.067803,-0.091050,-0.326225,-0.029812,-0.091727,-0.324111,0.003939,-0.122502,-0.299630,-0.065035,-0.115835,-0.297411
2026-05-26 16:57:47.554,54.099948,0.000000,0.000000,0.000000,-0.127556,-0.090272,-0.322173,0.067565,-0.092100,-0.326132,-0.029996,-0.091186,-0.324152,0.003939,-0.122502,-0.299630,-0.065035,-0.115835,-0.297411
2026-05-26 16:57:47.654,54.199948,0.000000,0.000000,0.000000,-0.126763,-0.091376,-0.322102,0.067565,-0.092100,-0.326132,-0.029599,-0.091738,-0.324117,0.003939,-0.122502,-0.299630,-0.065035,-0.115835,-0.297411
2026-05-26 16:57:47.754,54.299948,0.000000,0.000000,0.000000,-0.127491,-0.091338,-0.322085,0.066826,-0.092062,-0.326114,-0.030332,-0.091700,-0.324099,0.003939,-0.122502,-0.299630,-0.065035,-0.115835,-0.297411
2026-05-26 16:57:47.854,54.399948,0.000000,0.000000,0.000000,-0.127426,-0.092405,-0.321997,0.066352,-0.094162,-0.325928,-0.030537,-0.093283,-0.323963,0.003939,-0.122502,-0.299630,-0.065035,-0.115835,-0.297411
2026-05-26 16:57:47.954,54.499948,0.000000,0.000000,0.000000,-0.127491,-0.091338,-0.322085,0.066826,-0.092062,-0.326114,-0.030332,-0.091700,-0.324099,0.003939,-0.122502,-0.299630,-0.065069,-0.116891,-0.297361
2026-05-26 16:57:48.054,54.599948,0.000000,0.000000,0.000000,-0.126839,-0.090216,-0.322915,0.067565,-0.092100,-0.326132,-0.029637,-0.091158,-0.324523,0.003939,-0.122502,-0.299630,-0.065035,-0.115835,-0.297411
2026-05-26 16:57:48.154,54.699948,0.000000,0.000000,0.000000,-0.126827,-0.090310,-0.322190,0.067803,-0.091050,-0.326225,-0.029512,-0.090680,-0.324207,0.003939,-0.122502,-0.299630,-0.065018,-0.115308,-0.297436
2026-05-26 16:57:48.254,54.799948,0.000000,0.000000,0.000000,-0.126763,-0.091376,-0.322102,0.067326,-0.093150,-0.326039,-0.029718,-0.092263,-0.324071,0.003939,-0.122502,-0.299630,-0.065035,-0.115835,-0.297411
2026-05-26 16:57:48.354,54.899948,0.000000,0.000000,0.000000,-0.126763,-0.091376,-0.322102,0.067565,-0.092100,-0.326132,-0.029599,-0.091738,-0.324117,0.003939,-0.122502,-0.299630,-0.065035,-0.115835,-0.297411
2026-05-26 16:57:48.454,54.999948,0.000000,0.000000,0.000000,-0.127426,-0.092405,-0.321997,0.067326,-0.093150,-0.326039,-0.030050,-0.092777,-0.324018,0.003939,-0.122502,-0.299630,-0.065035,-0.115835,-0.297411
2026-05-26 16:57:48.554,55.099947,0.000000,0.000000,0.000000,-0.126763,-0.091376,-0.322102,0.067803,-0.091050,-0.326225,-0.029480,-0.091213,-0.324164,0.003939,-0.122502,-0.299630,-0.065035,-0.115835,-0.297411
2026-05-26 16:57:48.654,55.199947,0.000000,0.000000,0.000000,-0.127491,-0.091338,-0.322085,0.067565,-0.092100,-0.326132,-0.029963,-0.091719,-0.324108,0.003939,-0.122502,-0.299630,-0.065035,-0.115835,-0.297411
2026-05-26 16:57:48.754,55.299947,0.000000,0.000000,0.000000,-0.127426,-0.092405,-0.321997,0.067064,-0.091012,-0.326207,-0.030181,-0.091708,-0.324102,0.003939,-0.122502,-0.299630,-0.065035,-0.115835,-0.297411
2026-05-26 16:57:48.854,55.399947,0.000000,0.000000,0.000000,-0.127426,-0.092405,-0.321997,0.066826,-0.092062,-0.326114,-0.030300,-0.092233,-0.324056,0.003793,-0.123552,-0.299575,-0.065035,-0.115835,-0.297411
2026-05-26 16:57:48.954,55.499947,0.000000,0.000000,0.000000,-0.127491,-0.091338,-0.322085,0.067565,-0.092100,-0.326132,-0.029963,-0.091719,-0.324108,0.003939,-0.122502,-0.299630,-0.065035,-0.115835,-0.297411
2026-05-26 16:57:49.054,55.599947,0.000000,0.000000,0.000000,-0.127426,-0.092405,-0.321997,0.067326,-0.093150,-0.326039,-0.030050,-0.092777,-0.324018,0.003939,-0.122502,-0.299630,-0.065069,-0.116891,-0.297361
2026-05-26 16:57:49.154,55.699947,0.000000,0.000000,0.000000,-0.127426,-0.092405,-0.321997,0.067064,-0.091012,-0.326207,-0.030181,-0.091708,-0.324102,0.003939,-0.122502,-0.299630,-0.065035,-0.115835,-0.297411
2026-05-26 16:57:49.254,55.799947,0.000000,0.000000,0.000000,-0.127426,-0.092405,-0.321997,0.067565,-0.092100,-0.326132,-0.029931,-0.092252,-0.324064,0.003939,-0.122502,-0.299630,-0.065035,-0.115835,-0.297411
2026-05-26 16:57:49.354,55.899947,0.000000,0.000000,0.000000,-0.127426,-0.092405,-0.321997,0.066826,-0.092062,-0.326114,-0.030300,-0.092233,-0.324056,0.003939,-0.122502,-0.299630,-0.065035,-0.115835,-0.297411
2026-05-26 16:57:49.454,55.999947,0.000000,0.000000,0.000000,-0.127491,-0.091338,-0.322085,0.066826,-0.092062,-0.326114,-0.030332,-0.091700,-0.324099,0.003939,-0.122502,-0.299630,-0.065035,-0.115835,-0.297411
2026-05-26 16:57:49.554,56.099946,0.000000,0.000000,0.000000,-0.127426,-0.092405,-0.321997,0.066589,-0.093112,-0.326021,-0.030418,-0.092758,-0.324009,0.003939,-0.122502,-0.299630,-0.065035,-0.115835,-0.297411
2026-05-26 16:57:49.654,56.199946,0.000000,0.000000,0.000000,-0.127426,-0.092405,-0.321997,0.066589,-0.093112,-0.326021,-0.030418,-0.092758,-0.324009,0.003939,-0.122502,-0.299630,-0.065035,-0.115835,-0.297411
2026-05-26 16:57:49.754,56.299946,0.000000,0.000000,0.000000,-0.127426,-0.092405,-0.321997,0.067803,-0.091050,-0.326225,-0.029812,-0.091727,-0.324111,0.003939,-0.122502,-0.299630,-0.065069,-0.116891,-0.297361
2026-05-26 16:57:49.854,56.399946,0.000000,0.000000,0.000000,-0.127426,-0.092405,-0.321997,0.067064,-0.091012,-0.326207,-0.030181,-0.091708,-0.324102,0.003939,-0.122502,-0.299630,-0.065035,-0.115835,-0.297411
2026-05-26 16:57:49.954,56.499946,0.000000,0.000000,0.000000,-0.127491,-0.091338,-0.322085,0.066826,-0.092062,-0.326114,-0.030332,-0.091700,-0.324099,0.003939,-0.122502,-0.299630,-0.065035,-0.115835,-0.297411
2026-05-26 16:57:50.054,56.599946,0.000000,0.000000,0.000000,-0.127491,-0.091338,-0.322085,0.067064,-0.091012,-0.326207,-0.030214,-0.091175,-0.324146,0.003939,-0.122502,-0.299630,-0.065035,-0.115835,-0.297411
2026-05-26 16:57:50.154,56.699946,0.000000,0.000000,0.000000,-0.127426,-0.092405,-0.321997,0.067064,-0.091012,-0.326207,-0.030181,-0.091708,-0.324102,0.003793,-0.123552,-0.299575,-0.065035,-0.115835,-0.297411
2026-05-26 16:57:50.254,56.799946,0.000000,0.000000,0.000000,-0.127491,-0.091338,-0.322085,0.066589,-0.093112,-0.326021,-0.030451,-0.092225,-0.324053,0.003939,-0.122502,-0.299630,-0.065035,-0.115835,-0.297411
2026-05-26 16:57:50.354,56.899946,0.000000,0.000000,0.000000,-0.127426,-0.092405,-0.321997,0.067064,-0.091012,-0.326207,-0.030181,-0.091708,-0.324102,0.003939,-0.122502,-0.299630,-0.065035,-0.115835,-0.297411
2026-05-26 16:57:50.454,56.999946,0.000000,0.000000,0.000000,-0.127491,-0.091338,-0.322085,0.066826,-0.092062,-0.326114,-0.030332,-0.091700,-0.324099,0.003939,-0.122502,-0.299630,-0.065035,-0.115835,-0.297411
2026-05-26 16:57:50.554,57.099946,0.000000,0.000000,0.000000,-0.127426,-0.092405,-0.321997,0.067064,-0.091012,-0.326207,-0.030181,-0.091708,-0.324102,0.003939,-0.122502,-0.299630,-0.065035,-0.115835,-0.297411
2026-05-26 16:57:50.654,57.199945,0.000000,0.000000,0.000000,-0.127491,-0.091338,-0.322085,0.066589,-0.093112,-0.326021,-0.030451,-0.092225,-0.324053,0.003939,-0.122502,-0.299630,-0.065035,-0.115835,-0.297411
2026-05-26 16:57:50.754,57.299945,0.000000,0.000000,0.000000,-0.127426,-0.092405,-0.321997,0.067803,-0.091050,-0.326225,-0.029812,-0.091727,-0.324111,0.003939,-0.122502,-0.299630,-0.065035,-0.115835,-0.297411
2026-05-26 16:57:50.854,57.399945,0.000000,0.000000,0.000000,-0.127491,-0.091338,-0.322085,0.067803,-0.091050,-0.326225,-0.029844,-0.091194,-0.324155,0.003939,-0.122502,-0.299630,-0.065035,-0.115835,-0.297411
2026-05-26 16:57:50.954,57.499945,0.000000,0.000000,0.000000,-0.127426,-0.092405,-0.321997,0.066589,-0.093112,-0.326021,-0.030418,-0.092758,-0.324009,0.003939,-0.122502,-0.299630,-0.065035,-0.115835,-0.297411
2026-05-26 16:57:51.054,57.599945,0.000000,0.000000,0.000000,-0.127491,-0.091338,-0.322085,0.066826,-0.092062,-0.326114,-0.030332,-0.091700,-0.324099,0.003939,-0.122502,-0.299630,-0.065035,-0.115835,-0.297411
2026-05-26 16:57:51.154,57.699945,0.000000,0.000000,0.000000,-0.127491,-0.091338,-0.322085,0.067064,-0.091012,-0.326207,-0.030214,-0.091175,-0.324146,0.003939,-0.122502,-0.299630,-0.065035,-0.115835,-0.297411
2026-05-26 16:57:51.254,57.799945,0.000000,0.000000,0.000000,-0.127491,-0.091338,-0.322085,0.067565,-0.092100,-0.326132,-0.029963,-0.091719,-0.324108,0.003939,-0.122502,-0.299630,-0.065035,-0.115835,-0.297411
2026-05-26 16:57:51.354,57.899945,0.000000,0.000000,0.000000,-0.127491,-0.091338,-0.322085,0.066826,-0.092062,-0.326114,-0.030332,-0.091700,-0.324099,0.003939,-0.122502,-0.299630,-0.065035,-0.115835,-0.297411
2026-05-26 16:57:51.454,57.999945,0.000000,0.000000,0.000000,-0.127426,-0.092405,-0.321997,0.067064,-0.091012,-0.326207,-0.030181,-0.091708,-0.324102,0.003939,-0.122502,-0.299630,-0.065035,-0.115835,-0.297411
2026-05-26 16:57:51.554,58.099945,0.000000,0.000000,0.000000,-0.127491,-0.091338,-0.322085,0.067565,-0.092100,-0.326132,-0.029963,-0.091719,-0.324108,0.003952,-0.122593,-0.298929,-0.065069,-0.116891,-0.297361
2026-05-26 16:57:51.654,58.199944,0.000000,0.000000,0.000000,-0.127426,-0.092405,-0.321997,0.067064,-0.091012,-0.326207,-0.030181,-0.091708,-0.324102,0.003952,-0.122593,-0.298929,-0.065810,-0.117910,-0.297293
2026-05-26 16:57:51.754,58.299944,0.000000,0.000000,0.000000,-0.127426,-0.092405,-0.321997,0.067301,-0.089962,-0.326300,-0.030063,-0.091183,-0.324148,0.003952,-0.122593,-0.298929,-0.065810,-0.117910,-0.297293
2026-05-26 16:57:51.854,58.399944,0.000000,0.000000,0.000000,-0.127491,-0.091338,-0.322085,0.066826,-0.092062,-0.326114,-0.030332,-0.091700,-0.324099,0.003101,-0.123606,-0.298859,-0.065810,-0.117910,-0.297293
2026-05-26 16:57:51.954,58.499944,0.000000,0.000000,0.000000,-0.127426,-0.092405,-0.321997,0.066826,-0.092062,-0.326114,-0.030300,-0.092233,-0.324056,0.003101,-0.123606,-0.298859,-0.065843,-0.118966,-0.297243
2026-05-26 16:57:52.054,58.599944,0.000000,0.000000,0.000000,-0.127491,-0.091338,-0.322085,0.066826,-0.092062,-0.326114,-0.030332,-0.091700,-0.324099,0.002956,-0.124656,-0.298806,-0.065810,-0.117910,-0.297293
2026-05-26 16:57:52.154,58.699944,0.000000,0.000000,0.000000,-0.127491,-0.091338,-0.322085,0.066826,-0.092062,-0.326114,-0.030332,-0.091700,-0.324099,0.003101,-0.123606,-0.298859,-0.065810,-0.117910,-0.297293
2026-05-26 16:57:52.254,58.799944,0.000000,0.000000,0.000000,-0.127491,-0.091338,-0.322085,0.066826,-0.092062,-0.326114,-0.030332,-0.091700,-0.324099,0.003101,-0.123606,-0.298859,-0.065810,-0.117910,-0.297293
2026-05-26 16:57:52.354,58.899944,0.000000,0.000000,0.000000,-0.127491,-0.091338,-0.322085,0.066352,-0.094162,-0.325928,-0.030569,-0.092750,-0.324007,0.002944,-0.124565,-0.299504,-0.065843,-0.118966,-0.297243
2026-05-26 16:57:52.454,58.999944,0.000000,0.000000,0.000000,-0.127491,-0.091338,-0.322085,0.066826,-0.092062,-0.326114,-0.030332,-0.091700,-0.324099,0.002110,-0.125670,-0.298736,-0.065843,-0.118966,-0.297243
2026-05-26 16:57:52.554,59.099944,0.000000,0.000000,0.000000,-0.127426,-0.092405,-0.321997,0.066826,-0.092062,-0.326114,-0.030300,-0.092233,-0.324056,0.002110,-0.125670,-0.298736,-0.065843,-0.118966,-0.297243
2026-05-26 16:57:52.654,59.199944,0.000000,0.000000,0.000000,-0.127491,-0.091338,-0.322085,0.067326,-0.093150,-0.326039,-0.030082,-0.092244,-0.324062,0.002110,-0.125670,-0.298736,-0.065843,-0.118966,-0.297243
2026-05-26 16:57:52.754,59.299943,0.000000,0.000000,0.000000,-0.127491,-0.091338,-0.322085,0.066826,-0.092062,-0.326114,-0.030332,-0.091700,-0.324099,0.002254,-0.124620,-0.298789,-0.065843,-0.118966,-0.297243
2026-05-26 16:57:52.854,59.399943,0.000000,0.000000,0.000000,-0.127491,-0.091338,-0.322085,0.066826,-0.092062,-0.326114,-0.030332,-0.091700,-0.324099,0.002254,-0.124620,-0.298789,-0.065843,-0.118966,-0.297243
2026-05-26 16:57:52.954,59.499943,0.000000,0.000000,0.000000,-0.127491,-0.091338,-0.322085,0.066589,-0.093112,-0.326021,-0.030451,-0.092225,-0.324053,0.002254,-0.124620,-0.298789,-0.065810,-0.117910,-0.297293
2026-05-26 16:57:53.054,59.599943,0.000000,0.000000,0.000000,-0.127491,-0.091338,-0.322085,0.067326,-0.093150,-0.326039,-0.030082,-0.092244,-0.324062,0.002254,-0.124620,-0.298789,-0.065810,-0.117910,-0.297293
2026-05-26 16:57:53.154,59.699943,0.000000,0.000000,0.000000,-0.127426,-0.092405,-0.321997,0.066589,-0.093112,-0.326021,-0.030418,-0.092758,-0.324009,0.002254,-0.124620,-0.298789,-0.065843,-0.118966,-0.297243
2026-05-26 16:57:53.254,59.799943,0.000000,0.000000,0.000000,-0.127491,-0.091338,-0.322085,0.066826,-0.092062,-0.326114,-0.030332,-0.091700,-0.324099,0.002254,-0.124620,-0.298789,-0.065810,-0.117910,-0.297293
2026-05-26 16:57:53.354,59.899943,0.000000,0.000000,0.000000,-0.127491,-0.091338,-0.322085,0.066589,-0.093112,-0.326021,-0.030451,-0.092225,-0.324053,0.002254,-0.124620,-0.298789,-0.065843,-0.118966,-0.297243
2026-05-26 16:57:53.454,59.999943,0.000000,0.000000,0.000000,-0.127556,-0.090272,-0.322173,0.066826,-0.092062,-0.326114,-0.030365,-0.091167,-0.324143,0.002398,-0.123570,-0.298842,-0.065810,-0.117910,-0.297293
2026-05-26 16:57:53.554,60.099943,0.000000,0.000000,0.000000,-0.127426,-0.092405,-0.321997,0.067064,-0.091012,-0.326207,-0.030181,-0.091708,-0.324102,0.002254,-0.124620,-0.298789,-0.065843,-0.118966,-0.297243
2026-05-26 16:57:53.654,60.199943,0.000000,0.000000,0.000000,-0.127426,-0.092405,-0.321997,0.066589,-0.093112,-0.326021,-0.030418,-0.092758,-0.324009,0.002254,-0.124620,-0.298789,-0.065810,-0.117910,-0.297293
2026-05-26 16:57:53.754,60.299942,0.000000,0.000000,0.000000,-0.127491,-0.091338,-0.322085,0.066589,-0.093112,-0.326021,-0.030451,-0.092225,-0.324053,0.002254,-0.124620,-0.298789,-0.065810,-0.117910,-0.297293
2026-05-26 16:57:53.854,60.399942,0.000000,0.000000,0.000000,-0.127426,-0.092405,-0.321997,0.066589,-0.093112,-0.326021,-0.030418,-0.092758,-0.324009,0.002241,-0.124529,-0.299487,-0.065843,-0.118966,-0.297243
2026-05-26 16:57:53.954,60.499942,0.000000,0.000000,0.000000,-0.127426,-0.092405,-0.321997,0.066589,-0.093112,-0.326021,-0.030418,-0.092758,-0.324009,0.002241,-0.124529,-0.299487,-0.065843,-0.118966,-0.297243
2026-05-26 16:57:54.054,60.599942,0.000000,0.000000,0.000000,-0.127426,-0.092405,-0.321997,0.067803,-0.091050,-0.326225,-0.029812,-0.091727,-0.324111,0.002254,-0.124620,-0.298789,-0.065843,-0.118966,-0.297243
2026-05-26 16:57:54.154,60.699942,0.000000,0.000000,0.000000,-0.127426,-0.092405,-0.321997,0.066826,-0.092062,-0.326114,-0.030300,-0.092233,-0.324056,0.002254,-0.124620,-0.298789,-0.065843,-0.118966,-0.297243
2026-05-26 16:57:54.254,60.799942,0.000000,0.000000,0.000000,-0.127491,-0.091338,-0.322085,0.066826,-0.092062,-0.326114,-0.030332,-0.091700,-0.324099,0.002241,-0.124529,-0.299487,-0.065843,-0.118966,-0.297243
2026-05-26 16:57:54.354,60.899942,0.000000,0.000000,0.000000,-0.127491,-0.091338,-0.322085,0.067064,-0.091012,-0.326207,-0.030214,-0.091175,-0.324146,0.002254,-0.124620,-0.298789,-0.065843,-0.118966,-0.297243
2026-05-26 16:57:54.454,60.999942,0.000000,0.000000,0.000000,-0.127556,-0.090272,-0.322173,0.066826,-0.092062,-0.326114,-0.030365,-0.091167,-0.324143,0.002254,-0.124620,-0.298789,-0.065810,-0.117910,-0.297293
2026-05-26 16:57:54.554,61.099942,0.000000,0.000000,0.000000,-0.127491,-0.091338,-0.322085,0.066826,-0.092062,-0.326114,-0.030332,-0.091700,-0.324099,0.002254,-0.124620,-0.298789,-0.065843,-0.118966,-0.297243
2026-05-26 16:57:54.654,61.199942,0.000000,0.000000,0.000000,-0.127426,-0.092405,-0.321997,0.066826,-0.092062,-0.326114,-0.030300,-0.092233,-0.324056,0.002254,-0.124620,-0.298789,-0.065843,-0.118966,-0.297243
2026-05-26 16:57:54.754,61.299942,0.000000,0.000000,0.000000,-0.127491,-0.091338,-0.322085,0.066589,-0.093112,-0.326021,-0.030451,-0.092225,-0.324053,0.002254,-0.124620,-0.298789,-0.065843,-0.118966,-0.297243
2026-05-26 16:57:54.854,61.399941,0.000000,0.000000,0.000000,-0.127426,-0.092405,-0.321997,0.066826,-0.092062,-0.326114,-0.030300,-0.092233,-0.324056,0.002254,-0.124620,-0.298789,-0.065843,-0.118966,-0.297243
2026-05-26 16:57:54.954,61.499941,0.000000,0.000000,0.000000,-0.127426,-0.092405,-0.321997,0.066589,-0.093112,-0.326021,-0.030418,-0.092758,-0.324009,0.002254,-0.124620,-0.298789,-0.065810,-0.117910,-0.297293
2026-05-26 16:57:55.054,61.599941,0.000000,0.000000,0.000000,-0.127556,-0.090272,-0.322173,0.067064,-0.091012,-0.326207,-0.030246,-0.090642,-0.324190,0.002254,-0.124620,-0.298789,-0.065843,-0.118966,-0.297243
2026-05-26 16:57:55.154,61.699941,0.000000,0.000000,0.000000,-0.127491,-0.091338,-0.322085,0.066589,-0.093112,-0.326021,-0.030451,-0.092225,-0.324053,0.002254,-0.124620,-0.298789,-0.065810,-0.117910,-0.297293
2026-05-26 16:57:55.254,61.799941,0.000000,0.000000,0.000000,-0.127491,-0.091338,-0.322085,0.066826,-0.092062,-0.326114,-0.030332,-0.091700,-0.324099,0.002254,-0.124620,-0.298789,-0.065843,-0.118966,-0.297243
2026-05-26 16:57:55.354,61.899941,0.000000,0.000000,0.000000,-0.127426,-0.092405,-0.321997,0.066589,-0.093112,-0.326021,-0.030418,-0.092758,-0.324009,0.002254,-0.124620,-0.298789,-0.065843,-0.118966,-0.297243
2026-05-26 16:57:55.454,61.999941,0.000000,0.000000,0.000000,-0.127491,-0.091338,-0.322085,0.066826,-0.092062,-0.326114,-0.030332,-0.091700,-0.324099,0.002254,-0.124620,-0.298789,-0.065843,-0.118966,-0.297243
2026-05-26 16:57:55.554,62.099941,0.000000,0.000000,0.000000,-0.127491,-0.091338,-0.322085,0.066826,-0.092062,-0.326114,-0.030332,-0.091700,-0.324099,0.002398,-0.123570,-0.298842,-0.065843,-0.118966,-0.297243
2026-05-26 16:57:55.654,62.199941,0.000000,0.000000,0.000000,-0.127426,-0.092405,-0.321997,0.066352,-0.094162,-0.325928,-0.030537,-0.093283,-0.323963,0.002254,-0.124620,-0.298789,-0.065843,-0.118966,-0.297243
2026-05-26 16:57:55.754,62.299941,0.000000,0.000000,0.000000,-0.127491,-0.091338,-0.322085,0.066589,-0.093112,-0.326021,-0.030451,-0.092225,-0.324053,0.002254,-0.124620,-0.298789,-0.065810,-0.117910,-0.297293
2026-05-26 16:57:55.854,62.399940,0.000000,0.000000,0.000000,-0.127426,-0.092405,-0.321997,0.066589,-0.093112,-0.326021,-0.030418,-0.092758,-0.324009,0.002398,-0.123570,-0.298842,-0.065843,-0.118966,-0.297243
2026-05-26 16:57:55.954,62.499940,0.000000,0.000000,0.000000,-0.127491,-0.091338,-0.322085,0.066826,-0.092062,-0.326114,-0.030332,-0.091700,-0.324099,0.002241,-0.124529,-0.299487,-0.065843,-0.118966,-0.297243
2026-05-26 16:57:56.054,62.599940,0.000000,0.000000,0.000000,-0.127491,-0.091338,-0.322085,0.066826,-0.092062,-0.326114,-0.030332,-0.091700,-0.324099,0.002254,-0.124620,-0.298789,-0.065810,-0.117910,-0.297293
2026-05-26 16:57:56.154,62.699940,0.000000,0.000000,0.000000,-0.127426,-0.092405,-0.321997,0.066589,-0.093112,-0.326021,-0.030418,-0.092758,-0.324009,0.002254,-0.124620,-0.298789,-0.065843,-0.118966,-0.297243
2026-05-26 16:57:56.254,62.799940,0.000000,0.000000,0.000000,-0.127491,-0.091338,-0.322085,0.067803,-0.091050,-0.326225,-0.029844,-0.091194,-0.324155,0.002254,-0.124620,-0.298789,-0.065843,-0.118966,-0.297243
2026-05-26 16:57:56.354,62.899940,0.000000,0.000000,0.000000,-0.127491,-0.091338,-0.322085,0.066589,-0.093112,-0.326021,-0.030451,-0.092225,-0.324053,0.002254,-0.124620,-0.298789,-0.065843,-0.118966,-0.297243
2026-05-26 16:57:56.454,62.999940,0.000000,0.000000,0.000000,-0.127491,-0.091338,-0.322085,0.066826,-0.092062,-0.326114,-0.030332,-0.091700,-0.324099,0.002254,-0.124620,-0.298789,-0.065810,-0.117910,-0.297293
2026-05-26 16:57:56.554,63.099940,0.000000,0.000000,0.000000,-0.127491,-0.091338,-0.322085,0.066826,-0.092062,-0.326114,-0.030332,-0.091700,-0.324099,0.002254,-0.124620,-0.298789,-0.065843,-0.118966,-0.297243
2026-05-26 16:57:56.654,63.199940,0.000000,0.000000,0.000000,-0.127426,-0.092405,-0.321997,0.067088,-0.094200,-0.325946,-0.030169,-0.093302,-0.323972,0.002254,-0.124620,-0.298789,-0.065843,-0.118966,-0.297243
2026-05-26 16:57:56.754,63.299940,0.000000,0.000000,0.000000,-0.127491,-0.091338,-0.322085,0.066589,-0.093112,-0.326021,-0.030451,-0.092225,-0.324053,0.002254,-0.124620,-0.298789,-0.065843,-0.118966,-0.297243
2026-05-26 16:57:56.854,63.399940,0.000000,0.000000,0.000000,-0.127491,-0.091338,-0.322085,0.066589,-0.093112,-0.326021,-0.030451,-0.092225,-0.324053,0.002254,-0.124620,-0.298789,-0.065843,-0.118966,-0.297243
2026-05-26 16:57:56.954,63.499939,0.000000,0.000000,0.000000,-0.127426,-0.092405,-0.321997,0.066589,-0.093112,-0.326021,-0.030418,-0.092758,-0.324009,0.002254,-0.124620,-0.298789,-0.065843,-0.118966,-0.297243
2026-05-26 16:57:57.054,63.599939,0.000000,0.000000,0.000000,-0.127426,-0.092405,-0.321997,0.066589,-0.093112,-0.326021,-0.030418,-0.092758,-0.324009,0.002398,-0.123570,-0.298842,-0.065843,-0.118966,-0.297243
2026-05-26 16:57:57.154,63.699939,0.000000,0.000000,0.000000,-0.127491,-0.091338,-0.322085,0.067064,-0.091012,-0.326207,-0.030214,-0.091175,-0.324146,0.002254,-0.124620,-0.298789,-0.065843,-0.118966,-0.297243
2026-05-26 16:57:57.254,63.799939,0.000000,0.000000,0.000000,-0.127491,-0.091338,-0.322085,0.067064,-0.091012,-0.326207,-0.030214,-0.091175,-0.324146,0.002241,-0.124529,-0.299487,-0.065843,-0.118966,-0.297243
2026-05-26 16:57:57.354,63.899939,0.000000,0.000000,0.000000,-0.127491,-0.091338,-0.322085,0.066589,-0.093112,-0.326021,-0.030451,-0.092225,-0.324053,0.002254,-0.124620,-0.298789,-0.065843,-0.118966,-0.297243
2026-05-26 16:57:57.454,63.999939,0.000000,0.000000,0.000000,-0.127556,-0.090272,-0.322173,0.066589,-0.093112,-0.326021,-0.030483,-0.091692,-0.324097,0.002254,-0.124620,-0.298789,-0.065843,-0.118966,-0.297243
2026-05-26 16:57:57.554,64.099939,0.000000,0.000000,0.000000,-0.127361,-0.093471,-0.321909,0.067064,-0.091012,-0.326207,-0.030149,-0.092241,-0.324058,0.002398,-0.123570,-0.298842,-0.065104,-0.117947,-0.297310
2026-05-26 16:57:57.654,64.199939,0.000000,0.000000,0.000000,-0.127426,-0.092405,-0.321997,0.066352,-0.094162,-0.325928,-0.030537,-0.093283,-0.323963,0.002398,-0.123570,-0.298842,-0.065138,-0.119003,-0.297260
2026-05-26 16:57:57.754,64.299939,0.000000,0.000000,0.000000,-0.127491,-0.091338,-0.322085,0.066589,-0.093112,-0.326021,-0.030451,-0.092225,-0.324053,0.002457,-0.122954,-0.299569,-0.065138,-0.119003,-0.297260
2026-05-26 16:57:57.854,64.399939,0.000000,0.000000,0.000000,-0.127426,-0.092405,-0.321997,0.066826,-0.092062,-0.326114,-0.030300,-0.092233,-0.324056,0.002385,-0.123479,-0.299541,-0.065138,-0.119003,-0.297260
2026-05-26 16:57:57.954,64.499938,0.000000,0.000000,0.000000,-0.127491,-0.091338,-0.322085,0.066826,-0.092062,-0.326114,-0.030332,-0.091700,-0.324099,0.002529,-0.122429,-0.299596,-0.065138,-0.119003,-0.297260
2026-05-26 16:57:58.054,64.599938,0.000000,0.000000,0.000000,-0.127426,-0.092405,-0.321997,0.067064,-0.091012,-0.326207,-0.030181,-0.091708,-0.324102,0.002529,-0.122429,-0.299596,-0.065138,-0.119003,-0.297260
2026-05-26 16:57:58.154,64.699938,0.000000,0.000000,0.000000,-0.127426,-0.092405,-0.321997,0.067064,-0.091012,-0.326207,-0.030181,-0.091708,-0.324102,0.002529,-0.122429,-0.299596,-0.065104,-0.117947,-0.297310
2026-05-26 16:57:58.254,64.799938,0.000000,0.000000,0.000000,-0.127491,-0.091338,-0.322085,0.066826,-0.092062,-0.326114,-0.030332,-0.091700,-0.324099,0.002529,-0.122429,-0.299596,-0.064433,-0.119039,-0.297277
2026-05-26 16:57:58.354,64.899938,0.000000,0.000000,0.000000,-0.127491,-0.091338,-0.322085,0.066826,-0.092062,-0.326114,-0.030332,-0.091700,-0.324099,0.002529,-0.122429,-0.299596,-0.064398,-0.117984,-0.297327
2026-05-26 16:57:58.454,64.999938,0.000000,0.000000,0.000000,-0.127426,-0.092405,-0.321997,0.067064,-0.091012,-0.326207,-0.030181,-0.091708,-0.324102,0.002673,-0.121378,-0.299650,-0.064445,-0.118948,-0.297978
2026-05-26 16:57:58.554,65.099938,0.000000,0.000000,0.000000,-0.127426,-0.092405,-0.321997,0.066589,-0.093112,-0.326021,-0.030418,-0.092758,-0.324009,0.002529,-0.122429,-0.299596,-0.064415,-0.118511,-0.297302
2026-05-26 16:57:58.654,65.199938,0.000000,0.000000,0.000000,-0.127491,-0.091338,-0.322085,0.067088,-0.094200,-0.325946,-0.030201,-0.092769,-0.324016,0.002661,-0.121287,-0.300352,-0.064445,-0.118948,-0.297978
2026-05-26 16:57:58.754,65.299938,0.000000,0.000000,0.000000,-0.127491,-0.091338,-0.322085,0.066589,-0.093112,-0.326021,-0.030451,-0.092225,-0.324053,0.002661,-0.121287,-0.300352,-0.064445,-0.118948,-0.297978
2026-05-26 16:57:58.854,65.399938,0.000000,0.000000,0.000000,-0.127426,-0.092405,-0.321997,0.066826,-0.092062,-0.326114,-0.030300,-0.092233,-0.324056,0.002517,-0.122337,-0.300297,-0.064445,-0.118948,-0.297978
2026-05-26 16:57:58.954,65.499938,0.000000,0.000000,0.000000,-0.127426,-0.092405,-0.321997,0.066826,-0.092062,-0.326114,-0.030300,-0.092233,-0.324056,0.002661,-0.121287,-0.300352,-0.064445,-0.118948,-0.297978
2026-05-26 16:57:59.054,65.599937,0.000000,0.000000,0.000000,-0.127491,-0.091338,-0.322085,0.067326,-0.093150,-0.326039,-0.030082,-0.092244,-0.324062,0.002517,-0.122337,-0.300297,-0.064445,-0.118948,-0.297978
2026-05-26 16:57:59.154,65.699937,0.000000,0.000000,0.000000,-0.127491,-0.091338,-0.322085,0.066589,-0.093112,-0.326021,-0.030451,-0.092225,-0.324053,0.002661,-0.121287,-0.300352,-0.064427,-0.118420,-0.298004
2026-05-26 16:57:59.254,65.799937,0.000000,0.000000,0.000000,-0.127426,-0.092405,-0.321997,0.066589,-0.093112,-0.326021,-0.030418,-0.092758,-0.324009,0.002517,-0.122337,-0.300297,-0.063740,-0.118985,-0.297995
2026-05-26 16:57:59.354,65.899937,0.000000,0.000000,0.000000,-0.127491,-0.091338,-0.322085,0.067803,-0.091050,-0.326225,-0.029844,-0.091194,-0.324155,0.002649,-0.121196,-0.301054,-0.063704,-0.117929,-0.298047
2026-05-26 16:57:59.454,65.999937,0.000000,0.000000,0.000000,-0.127426,-0.092405,-0.321997,0.067326,-0.093150,-0.326039,-0.030050,-0.092777,-0.324018,0.003355,-0.121232,-0.301071,-0.063740,-0.118985,-0.297995
2026-05-26 16:57:59.554,66.099937,0.000000,0.000000,0.000000,-0.127491,-0.091338,-0.322085,0.067565,-0.092100,-0.326132,-0.029963,-0.091719,-0.324108,0.002649,-0.121196,-0.301054,-0.063704,-0.117929,-0.298047
2026-05-26 16:57:59.654,66.199937,0.000000,0.000000,0.000000,-0.127491,-0.091338,-0.322085,0.066589,-0.093112,-0.326021,-0.030451,-0.092225,-0.324053,0.002649,-0.121196,-0.301054,-0.063740,-0.118985,-0.297995
2026-05-26 16:57:59.754,66.299937,0.000000,0.000000,0.000000,-0.127491,-0.091338,-0.322085,0.067326,-0.093150,-0.326039,-0.030082,-0.092244,-0.324062,0.003355,-0.121232,-0.301071,-0.063704,-0.117929,-0.298047
2026-05-26 16:57:59.854,66.399937,0.000000,0.000000,0.000000,-0.127491,-0.091338,-0.322085,0.067565,-0.092100,-0.326132,-0.029963,-0.091719,-0.324108,0.002649,-0.121196,-0.301054,-0.063704,-0.117929,-0.298047
2026-05-26 16:57:59.954,66.499937,0.000000,0.000000,0.000000,-0.127491,-0.091338,-0.322085,0.067803,-0.091050,-0.326225,-0.029844,-0.091194,-0.324155,0.003355,-0.121232,-0.301071,-0.063704,-0.117929,-0.298047
2026-05-26 16:58:00.054,66.599936,0.000000,0.000000,0.000000,-0.127491,-0.091338,-0.322085,0.066589,-0.093112,-0.326021,-0.030451,-0.092225,-0.324053,0.002649,-0.121196,-0.301054,-0.063704,-0.117929,-0.298047
2026-05-26 16:58:00.154,66.699936,0.000000,0.000000,0.000000,-0.127426,-0.092405,-0.321997,0.066352,-0.094162,-0.325928,-0.030537,-0.093283,-0.323963,0.003355,-0.121232,-0.301071,-0.063704,-0.117929,-0.298047
2026-05-26 16:58:00.254,66.799936,0.000000,0.000000,0.000000,-0.127426,-0.092405,-0.321997,0.067803,-0.091050,-0.326225,-0.029812,-0.091727,-0.324111,0.003210,-0.122283,-0.301015,-0.063704,-0.117929,-0.298047
2026-05-26 16:58:00.354,66.899936,0.000000,0.000000,0.000000,-0.127491,-0.091338,-0.322085,0.067803,-0.091050,-0.326225,-0.029844,-0.091194,-0.324155,0.003210,-0.122283,-0.301015,-0.063704,-0.117929,-0.298047
2026-05-26 16:58:00.454,66.999936,0.000000,0.000000,0.000000,-0.127426,-0.092405,-0.321997,0.067803,-0.091050,-0.326225,-0.029812,-0.091727,-0.324111,0.002649,-0.121196,-0.301054,-0.063740,-0.118985,-0.297995
2026-05-26 16:58:00.554,67.099936,0.000000,0.000000,0.000000,-0.127426,-0.092405,-0.321997,0.067326,-0.093150,-0.326039,-0.030050,-0.092777,-0.324018,0.003210,-0.122283,-0.301015,-0.063704,-0.117929,-0.298047
2026-05-26 16:58:00.654,67.199936,0.000000,0.000000,0.000000,-0.127491,-0.091338,-0.322085,0.066589,-0.093112,-0.326021,-0.030451,-0.092225,-0.324053,0.003210,-0.122283,-0.301015,-0.063704,-0.117929,-0.298047
2026-05-26 16:58:00.754,67.299936,0.000000,0.000000,0.000000,-0.127491,-0.091338,-0.322085,0.067565,-0.092100,-0.326132,-0.029963,-0.091719,-0.324108,0.003355,-0.121232,-0.301071,-0.063704,-0.117929,-0.298047
2026-05-26 16:58:00.854,67.399936,0.000000,0.000000,0.000000,-0.127491,-0.091338,-0.322085,0.067803,-0.091050,-0.326225,-0.029844,-0.091194,-0.324155,0.003210,-0.122283,-0.301015,-0.063704,-0.117929,-0.298047
2026-05-26 16:58:00.954,67.499936,0.000000,0.000000,0.000000,-0.127426,-0.092405,-0.321997,0.067064,-0.091012,-0.326207,-0.030181,-0.091708,-0.324102,0.003355,-0.121232,-0.301071,-0.063704,-0.117929,-0.298047
2026-05-26 16:58:01.054,67.599936,0.000000,0.000000,0.000000,-0.127491,-0.091338,-0.322085,0.066589,-0.093112,-0.326021,-0.030451,-0.092225,-0.324053,0.003355,-0.121232,-0.301071,-0.063704,-0.117929,-0.298047
2026-05-26 16:58:01.154,67.699935,0.000000,0.000000,0.000000,-0.127491,-0.091338,-0.322085,0.067565,-0.092100,-0.326132,-0.029963,-0.091719,-0.324108,0.003355,-0.121232,-0.301071,-0.063704,-0.117929,-0.298047
2026-05-26 16:58:01.254,67.799935,0.000000,0.000000,0.000000,-0.127491,-0.091338,-0.322085,0.067565,-0.092100,-0.326132,-0.029963,-0.091719,-0.324108,0.003210,-0.122283,-0.301015,-0.063704,-0.117929,-0.298047
2026-05-26 16:58:01.354,67.899935,0.000000,0.000000,0.000000,-0.127491,-0.091338,-0.322085,0.067803,-0.091050,-0.326225,-0.029844,-0.091194,-0.324155,0.003355,-0.121232,-0.301071,-0.063704,-0.117929,-0.298047
2026-05-26 16:58:01.454,67.999935,0.000000,0.000000,0.000000,-0.127491,-0.091338,-0.322085,0.066352,-0.094162,-0.325928,-0.030569,-0.092750,-0.324007,0.003355,-0.121232,-0.301071,-0.063704,-0.117929,-0.298047
2026-05-26 16:58:01.554,68.099935,0.000000,0.000000,0.000000,-0.127491,-0.091338,-0.322085,0.067326,-0.093150,-0.326039,-0.030082,-0.092244,-0.324062,0.003210,-0.122283,-0.301015,-0.063704,-0.117929,-0.298047
2026-05-26 16:58:01.654,68.199935,0.000000,0.000000,0.000000,-0.127426,-0.092405,-0.321997,0.067326,-0.093150,-0.326039,-0.030050,-0.092777,-0.324018,0.003210,-0.122283,-0.301015,-0.063704,-0.117929,-0.298047
2026-05-26 16:58:01.754,68.299935,0.000000,0.000000,0.000000,-0.127491,-0.091338,-0.322085,0.067565,-0.092100,-0.326132,-0.029963,-0.091719,-0.324108,0.002505,-0.122246,-0.300998,-0.063704,-0.117929,-0.298047
2026-05-26 16:58:01.854,68.399935,0.000000,0.000000,0.000000,-0.127426,-0.092405,-0.321997,0.067565,-0.092100,-0.326132,-0.029931,-0.092252,-0.324064,0.002793,-0.120145,-0.301110,-0.063704,-0.117929,-0.298047
2026-05-26 16:58:01.954,68.499935,0.000000,0.000000,0.000000,-0.127491,-0.091338,-0.322085,0.066826,-0.092062,-0.326114,-0.030332,-0.091700,-0.324099,0.003355,-0.121232,-0.301071,-0.063704,-0.117929,-0.298047
2026-05-26 16:58:02.054,68.599935,0.000000,0.000000,0.000000,-0.127491,-0.091338,-0.322085,0.067565,-0.092100,-0.326132,-0.029963,-0.091719,-0.324108,0.003355,-0.121232,-0.301071,-0.063704,-0.117929,-0.298047
2026-05-26 16:58:02.154,68.699934,0.000000,0.000000,0.000000,-0.127426,-0.092405,-0.321997,0.067326,-0.093150,-0.326039,-0.030050,-0.092777,-0.324018,0.002649,-0.121196,-0.301054,-0.063704,-0.117929,-0.298047
2026-05-26 16:58:02.254,68.799934,0.000000,0.000000,0.000000,-0.127491,-0.091338,-0.322085,0.067565,-0.092100,-0.326132,-0.029963,-0.091719,-0.324108,0.002505,-0.122246,-0.300998,-0.063704,-0.117929,-0.298047
2026-05-26 16:58:02.354,68.899934,0.000000,0.000000,0.000000,-0.126839,-0.090216,-0.322915,0.067803,-0.091050,-0.326225,-0.029518,-0.090633,-0.324570,0.002649,-0.121196,-0.301054,-0.063704,-0.117929,-0.298047
2026-05-26 16:58:02.454,68.999934,0.000000,0.000000,0.000000,-0.127426,-0.092405,-0.321997,0.067565,-0.092100,-0.326132,-0.029931,-0.092252,-0.324064,0.003210,-0.122283,-0.301015,-0.063740,-0.118985,-0.297995
2026-05-26 16:58:02.554,69.099934,0.000000,0.000000,0.000000,-0.127426,-0.092405,-0.321997,0.067803,-0.091050,-0.326225,-0.029812,-0.091727,-0.324111,0.003355,-0.121232,-0.301071,-0.063740,-0.118985,-0.297995
2026-05-26 16:58:02.654,69.199934,0.000000,0.000000,0.000000,-0.127491,-0.091338,-0.322085,0.067326,-0.093150,-0.326039,-0.030082,-0.092244,-0.324062,0.003355,-0.121232,-0.301071,-0.063740,-0.118985,-0.297995
2026-05-26 16:58:02.754,69.299934,0.000000,0.000000,0.000000,-0.127491,-0.091338,-0.322085,0.067326,-0.093150,-0.326039,-0.030082,-0.092244,-0.324062,0.002649,-0.121196,-0.301054,-0.063704,-0.117929,-0.298047
2026-05-26 16:58:02.854,69.399934,0.000000,0.000000,0.000000,-0.127491,-0.091338,-0.322085,0.067565,-0.092100,-0.326132,-0.029963,-0.091719,-0.324108,0.003355,-0.121232,-0.301071,-0.063740,-0.118985,-0.297995
2026-05-26 16:58:02.954,69.499934,0.000000,0.000000,0.000000,-0.127491,-0.091338,-0.322085,0.067565,-0.092100,-0.326132,-0.029963,-0.091719,-0.324108,0.002649,-0.121196,-0.301054,-0.063740,-0.118985,-0.297995
2026-05-26 16:58:03.054,69.599934,0.000000,0.000000,0.000000,-0.127491,-0.091338,-0.322085,0.067326,-0.093150,-0.326039,-0.030082,-0.092244,-0.324062,0.002649,-0.121196,-0.301054,-0.063740,-0.118985,-0.297995
2026-05-26 16:58:03.154,69.699934,0.000000,0.000000,0.000000,-0.127491,-0.091338,-0.322085,0.067565,-0.092100,-0.326132,-0.029963,-0.091719,-0.324108,0.003210,-0.122283,-0.301015,-0.063740,-0.118985,-0.297995
2026-05-26 16:58:03.254,69.799933,0.000000,0.000000,0.000000,-0.127491,-0.091338,-0.322085,0.067803,-0.091050,-0.326225,-0.029844,-0.091194,-0.324155,0.003355,-0.121232,-0.301071,-0.063740,-0.118985,-0.297995
2026-05-26 16:58:03.354,69.899933,0.000000,0.000000,0.000000,-0.127426,-0.092405,-0.321997,0.067326,-0.093150,-0.326039,-0.030050,-0.092777,-0.324018,0.003210,-0.122283,-0.301015,-0.063740,-0.118985,-0.297995
2026-05-26 16:58:03.454,69.999933,0.000000,0.000000,0.000000,-0.127491,-0.091338,-0.322085,0.067565,-0.092100,-0.326132,-0.029963,-0.091719,-0.324108,0.003210,-0.122283,-0.301015,-0.063740,-0.118985,-0.297995
2026-05-26 16:58:03.554,70.099933,0.000000,0.000000,0.000000,-0.127491,-0.091338,-0.322085,0.066589,-0.093112,-0.326021,-0.030451,-0.092225,-0.324053,0.003428,-0.120707,-0.301099,-0.063740,-0.118985,-0.297995
2026-05-26 16:58:03.654,70.199933,0.000000,0.000000,0.000000,-0.127491,-0.091338,-0.322085,0.067326,-0.093150,-0.326039,-0.030082,-0.092244,-0.324062,0.002649,-0.121196,-0.301054,-0.063704,-0.117929,-0.298047
2026-05-26 16:58:03.754,70.299933,0.000000,0.000000,0.000000,-0.127491,-0.091338,-0.322085,0.067565,-0.092100,-0.326132,-0.029963,-0.091719,-0.324108,0.003210,-0.122283,-0.301015,-0.063704,-0.117929,-0.298047
2026-05-26 16:58:03.854,70.399933,0.000000,0.000000,0.000000,-0.127491,-0.091338,-0.322085,0.066826,-0.092062,-0.326114,-0.030332,-0.091700,-0.324099,0.003210,-0.122283,-0.301015,-0.063704,-0.117929,-0.298047
2026-05-26 16:58:03.954,70.499933,0.000000,0.000000,0.000000,-0.127426,-0.092405,-0.321997,0.066589,-0.093112,-0.326021,-0.030418,-0.092758,-0.324009,0.002637,-0.121104,-0.301756,-0.063667,-0.116873,-0.298098
2026-05-26 16:58:04.054,70.599933,0.000000,0.000000,0.000000,-0.127426,-0.092405,-0.321997,0.066589,-0.093112,-0.326021,-0.030418,-0.092758,-0.324009,0.003343,-0.121141,-0.301773,-0.063740,-0.118985,-0.297995
2026-05-26 16:58:04.154,70.699933,0.000000,0.000000,0.000000,-0.127491,-0.091338,-0.322085,0.067565,-0.092100,-0.326132,-0.029963,-0.091719,-0.324108,0.003343,-0.121141,-0.301773,-0.063704,-0.117929,-0.298047
2026-05-26 16:58:04.254,70.799932,0.000000,0.000000,0.000000,-0.127426,-0.092405,-0.321997,0.066352,-0.094162,-0.325928,-0.030537,-0.093283,-0.323963,0.003343,-0.121141,-0.301773,-0.063685,-0.117401,-0.298072
2026-05-26 16:58:04.354,70.899932,0.000000,0.000000,0.000000,-0.127426,-0.092405,-0.321997,0.066826,-0.092062,-0.326114,-0.030300,-0.092233,-0.324056,0.003343,-0.121141,-0.301773,-0.063704,-0.117929,-0.298047
2026-05-26 16:58:04.454,70.999932,0.000000,0.000000,0.000000,-0.127491,-0.091338,-0.322085,0.067803,-0.091050,-0.326225,-0.029844,-0.091194,-0.324155,0.003198,-0.122192,-0.301716,-0.063667,-0.116873,-0.298098
2026-05-26 16:58:04.554,71.099932,0.000000,0.000000,0.000000,-0.127491,-0.091338,-0.322085,0.066826,-0.092062,-0.326114,-0.030332,-0.091700,-0.324099,0.003343,-0.121141,-0.301773,-0.063667,-0.116873,-0.298098
2026-05-26 16:58:04.654,71.199932,0.000000,0.000000,0.000000,-0.127491,-0.091338,-0.322085,0.067088,-0.094200,-0.325946,-0.030201,-0.092769,-0.324016,0.003198,-0.122192,-0.301716,-0.063704,-0.117929,-0.298047
2026-05-26 16:58:04.754,71.299932,0.000000,0.000000,0.000000,-0.127426,-0.092405,-0.321997,0.067326,-0.093150,-0.326039,-0.030050,-0.092777,-0.324018,0.002637,-0.121104,-0.301756,-0.063704,-0.117929,-0.298047
2026-05-26 16:58:04.854,71.399932,0.000000,0.000000,0.000000,-0.127426,-0.092405,-0.321997,0.067326,-0.093150,-0.326039,-0.030050,-0.092777,-0.324018,0.003198,-0.122192,-0.301716,-0.063704,-0.117929,-0.298047
2026-05-26 16:58:04.954,71.499932,0.000000,0.000000,0.000000,-0.127491,-0.091338,-0.322085,0.066826,-0.092062,-0.326114,-0.030332,-0.091700,-0.324099,0.003343,-0.121141,-0.301773,-0.063704,-0.117929,-0.298047
2026-05-26 16:58:05.054,71.599932,0.000000,0.000000,0.000000,-0.127491,-0.091338,-0.322085,0.066589,-0.093112,-0.326021,-0.030451,-0.092225,-0.324053,0.003343,-0.121141,-0.301773,-0.063667,-0.116873,-0.298098
2026-05-26 16:58:05.154,71.699932,0.000000,0.000000,0.000000,-0.127491,-0.091338,-0.322085,0.067326,-0.093150,-0.326039,-0.030082,-0.092244,-0.324062,0.003343,-0.121141,-0.301773,-0.063667,-0.116873,-0.298098
2026-05-26 16:58:05.254,71.799932,0.000000,0.000000,0.000000,-0.127491,-0.091338,-0.322085,0.066589,-0.093112,-0.326021,-0.030451,-0.092225,-0.324053,0.003343,-0.121141,-0.301773,-0.063704,-0.117929,-0.298047
2026-05-26 16:58:05.354,71.899931,0.000000,0.000000,0.000000,-0.127491,-0.091338,-0.322085,0.067326,-0.093150,-0.326039,-0.030082,-0.092244,-0.324062,0.002637,-0.121104,-0.301756,-0.063704,-0.117929,-0.298047
2026-05-26 16:58:05.454,71.999931,0.000000,0.000000,0.000000,-0.127426,-0.092405,-0.321997,0.067565,-0.092100,-0.326132,-0.029931,-0.092252,-0.324064,0.003343,-0.121141,-0.301773,-0.063704,-0.117929,-0.298047
2026-05-26 16:58:05.554,72.099931,0.000000,0.000000,0.000000,-0.127426,-0.092405,-0.321997,0.066589,-0.093112,-0.326021,-0.030418,-0.092758,-0.324009,0.003198,-0.122192,-0.301716,-0.063704,-0.117929,-0.298047
2026-05-26 16:58:05.654,72.199931,0.000000,0.000000,0.000000,-0.127426,-0.092405,-0.321997,0.066589,-0.093112,-0.326021,-0.030418,-0.092758,-0.324009,0.003343,-0.121141,-0.301773,-0.063704,-0.117929,-0.298047
2026-05-26 16:58:05.754,72.299931,0.000000,0.000000,0.000000,-0.127426,-0.092405,-0.321997,0.067565,-0.092100,-0.326132,-0.029931,-0.092252,-0.324064,0.003343,-0.121141,-0.301773,-0.063667,-0.116873,-0.298098
2026-05-26 16:58:05.854,72.399931,0.000000,0.000000,0.000000,-0.127491,-0.091338,-0.322085,0.066826,-0.092062,-0.326114,-0.030332,-0.091700,-0.324099,0.003343,-0.121141,-0.301773,-0.063685,-0.117401,-0.298072
2026-05-26 16:58:05.954,72.499931,0.000000,0.000000,0.000000,-0.127426,-0.092405,-0.321997,0.067088,-0.094200,-0.325946,-0.030169,-0.093302,-0.323972,0.003198,-0.122192,-0.301716,-0.063704,-0.117929,-0.298047
2026-05-26 16:58:06.054,72.599931,0.000000,0.000000,0.000000,-0.127426,-0.092405,-0.321997,0.067326,-0.093150,-0.326039,-0.030050,-0.092777,-0.324018,0.002493,-0.122155,-0.301698,-0.063704,-0.117929,-0.298047
2026-05-26 16:58:06.154,72.699931,0.000000,0.000000,0.000000,-0.127426,-0.092405,-0.321997,0.067565,-0.092100,-0.326132,-0.029931,-0.092252,-0.324064,0.002637,-0.121104,-0.301756,-0.063667,-0.116873,-0.298098
2026-05-26 16:58:06.254,72.799931,0.000000,0.000000,0.000000,-0.127491,-0.091338,-0.322085,0.066352,-0.094162,-0.325928,-0.030569,-0.092750,-0.324007,0.002637,-0.121104,-0.301756,-0.063704,-0.117929,-0.298047
2026-05-26 16:58:06.354,72.899930,0.000000,0.000000,0.000000,-0.127491,-0.091338,-0.322085,0.067565,-0.092100,-0.326132,-0.029963,-0.091719,-0.324108,0.003343,-0.121141,-0.301773,-0.063704,-0.117929,-0.298047
2026-05-26 16:58:06.454,72.999930,0.000000,0.000000,0.000000,-0.127426,-0.092405,-0.321997,0.067326,-0.093150,-0.326039,-0.030050,-0.092777,-0.324018,0.003198,-0.122192,-0.301716,-0.063704,-0.117929,-0.298047
2026-05-26 16:58:06.554,73.099930,0.000000,0.000000,0.000000,-0.127491,-0.091338,-0.322085,0.066826,-0.092062,-0.326114,-0.030332,-0.091700,-0.324099,0.003198,-0.122192,-0.301716,-0.063704,-0.117929,-0.298047
2026-05-26 16:58:06.654,73.199930,0.000000,0.000000,0.000000,-0.127491,-0.091338,-0.322085,0.067326,-0.093150,-0.326039,-0.030082,-0.092244,-0.324062,0.003343,-0.121141,-0.301773,-0.063667,-0.116873,-0.298098
2026-05-26 16:58:06.754,73.299930,0.000000,0.000000,0.000000,-0.127426,-0.092405,-0.321997,0.067326,-0.093150,-0.326039,-0.030050,-0.092777,-0.324018,0.003343,-0.121141,-0.301773,-0.063667,-0.116873,-0.298098
2026-05-26 16:58:06.854,73.399930,0.000000,0.000000,0.000000,-0.127491,-0.091338,-0.322085,0.066589,-0.093112,-0.326021,-0.030451,-0.092225,-0.324053,0.003343,-0.121141,-0.301773,-0.063704,-0.117929,-0.298047
2026-05-26 16:58:06.954,73.499930,0.000000,0.000000,0.000000,-0.127426,-0.092405,-0.321997,0.067088,-0.094200,-0.325946,-0.030169,-0.093302,-0.323972,0.003343,-0.121141,-0.301773,-0.063704,-0.117929,-0.298047
2026-05-26 16:58:07.054,73.599930,0.000000,0.000000,0.000000,-0.127426,-0.092405,-0.321997,0.067326,-0.093150,-0.326039,-0.030050,-0.092777,-0.324018,0.003343,-0.121141,-0.301773,-0.063704,-0.117929,-0.298047
2026-05-26 16:58:07.154,73.699930,0.000000,0.000000,0.000000,-0.127491,-0.091338,-0.322085,0.066589,-0.093112,-0.326021,-0.030451,-0.092225,-0.324053,0.003343,-0.121141,-0.301773,-0.063704,-0.117929,-0.298047
2026-05-26 16:58:07.254,73.799930,0.000000,0.000000,0.000000,-0.127361,-0.093471,-0.321909,0.066589,-0.093112,-0.326021,-0.030386,-0.093291,-0.323965,0.003343,-0.121141,-0.301773,-0.063667,-0.116873,-0.298098
2026-05-26 16:58:07.354,73.899930,0.000000,0.000000,0.000000,-0.127426,-0.092405,-0.321997,0.067565,-0.092100,-0.326132,-0.029931,-0.092252,-0.324064,0.003270,-0.121666,-0.301744,-0.063704,-0.117929,-0.298047
2026-05-26 16:58:07.454,73.999929,0.000000,0.000000,0.000000,-0.127426,-0.092405,-0.321997,0.067088,-0.094200,-0.325946,-0.030169,-0.093302,-0.323972,0.003343,-0.121141,-0.301773,-0.063667,-0.116873,-0.298098
2026-05-26 16:58:07.554,74.099929,0.000000,0.000000,0.000000,-0.127491,-0.091338,-0.322085,0.067326,-0.093150,-0.326039,-0.030082,-0.092244,-0.324062,0.002637,-0.121104,-0.301756,-0.063667,-0.116873,-0.298098
2026-05-26 16:58:07.654,74.199929,0.000000,0.000000,0.000000,-0.127491,-0.091338,-0.322085,0.066352,-0.094162,-0.325928,-0.030569,-0.092750,-0.324007,0.003343,-0.121141,-0.301773,-0.063667,-0.116873,-0.298098
2026-05-26 16:58:07.754,74.299929,0.000000,0.000000,0.000000,-0.127426,-0.092405,-0.321997,0.067088,-0.094200,-0.325946,-0.030169,-0.093302,-0.323972,0.003343,-0.121141,-0.301773,-0.063704,-0.117929,-0.298047
2026-05-26 16:58:07.854,74.399929,0.000000,0.000000,0.000000,-0.127426,-0.092405,-0.321997,0.067088,-0.094200,-0.325946,-0.030169,-0.093302,-0.323972,0.002637,-0.121104,-0.301756,-0.063704,-0.117929,-0.298047
2026-05-26 16:58:07.954,74.499929,0.000000,0.000000,0.000000,-0.127426,-0.092405,-0.321997,0.067803,-0.091050,-0.326225,-0.029812,-0.091727,-0.324111,0.002637,-0.121104,-0.301756,-0.063704,-0.117929,-0.298047
2026-05-26 16:58:08.054,74.599929,0.000000,0.000000,0.000000,-0.127491,-0.091338,-0.322085,0.067088,-0.094200,-0.325946,-0.030201,-0.092769,-0.324016,0.003343,-0.121141,-0.301773,-0.063704,-0.117929,-0.298047
2026-05-26 16:58:08.154,74.699929,0.000000,0.000000,0.000000,-0.127491,-0.091338,-0.322085,0.066589,-0.093112,-0.326021,-0.030451,-0.092225,-0.324053,0.003415,-0.120616,-0.301802,-0.063704,-0.117929,-0.298047
2026-05-26 16:58:08.254,74.799929,0.000000,0.000000,0.000000,-0.127426,-0.092405,-0.321997,0.066826,-0.092062,-0.326114,-0.030300,-0.092233,-0.324056,0.002493,-0.122155,-0.301698,-0.063704,-0.117929,-0.298047
2026-05-26 16:58:08.354,74.899929,0.000000,0.000000,0.000000,-0.127491,-0.091338,-0.322085,0.067326,-0.093150,-0.326039,-0.030082,-0.092244,-0.324062,0.003343,-0.121141,-0.301773,-0.063704,-0.117929,-0.298047
2026-05-26 16:58:08.454,74.999928,0.000000,0.000000,0.000000,-0.127426,-0.092405,-0.321997,0.066589,-0.093112,-0.326021,-0.030418,-0.092758,-0.324009,0.003198,-0.122192,-0.301716,-0.063704,-0.117929,-0.298047
2026-05-26 16:58:08.554,75.099928,0.000000,0.000000,0.000000,-0.127426,-0.092405,-0.321997,0.066589,-0.093112,-0.326021,-0.030418,-0.092758,-0.324009,0.002493,-0.122155,-0.301698,-0.063740,-0.118985,-0.297995
2026-05-26 16:58:08.654,75.199928,0.000000,0.000000,0.000000,-0.127426,-0.092405,-0.321997,0.066352,-0.094162,-0.325928,-0.030537,-0.093283,-0.323963,0.002637,-0.121104,-0.301756,-0.063704,-0.117929,-0.298047
2026-05-26 16:58:08.754,75.299928,0.000000,0.000000,0.000000,-0.127491,-0.091338,-0.322085,0.067064,-0.091012,-0.326207,-0.030214,-0.091175,-0.324146,0.003343,-0.121141,-0.301773,-0.063740,-0.118985,-0.297995
2026-05-26 16:58:08.854,75.399928,0.000000,0.000000,0.000000,-0.127426,-0.092405,-0.321997,0.067064,-0.091012,-0.326207,-0.030181,-0.091708,-0.324102,0.003198,-0.122192,-0.301716,-0.063704,-0.117929,-0.298047
2026-05-26 16:58:08.954,75.499928,0.000000,0.000000,0.000000,-0.127491,-0.091338,-0.322085,0.066589,-0.093112,-0.326021,-0.030451,-0.092225,-0.324053,0.003198,-0.122192,-0.301716,-0.063704,-0.117929,-0.298047
2026-05-26 16:58:09.054,75.599928,0.000000,0.000000,0.000000,-0.127491,-0.091338,-0.322085,0.066589,-0.093112,-0.326021,-0.030451,-0.092225,-0.324053,0.002637,-0.121104,-0.301756,-0.063704,-0.117929,-0.298047
2026-05-26 16:58:09.154,75.699928,0.000000,0.000000,0.000000,-0.127426,-0.092405,-0.321997,0.066352,-0.094162,-0.325928,-0.030537,-0.093283,-0.323963,0.003198,-0.122192,-0.301716,-0.063704,-0.117929,-0.298047
2026-05-26 16:58:09.254,75.799928,0.000000,0.000000,0.000000,-0.127426,-0.092405,-0.321997,0.066589,-0.093112,-0.326021,-0.030418,-0.092758,-0.324009,0.002493,-0.122155,-0.301698,-0.063704,-0.117929,-0.298047
2026-05-26 16:58:09.354,75.899928,0.000000,0.000000,0.000000,-0.127426,-0.092405,-0.321997,0.066589,-0.093112,-0.326021,-0.030418,-0.092758,-0.324009,0.003198,-0.122192,-0.301716,-0.063704,-0.117929,-0.298047
2026-05-26 16:58:09.454,75.999928,0.000000,0.000000,0.000000,-0.127426,-0.092405,-0.321997,0.066589,-0.093112,-0.326021,-0.030418,-0.092758,-0.324009,0.003198,-0.122192,-0.301716,-0.063740,-0.118985,-0.297995
2026-05-26 16:58:09.554,76.099927,0.000000,0.000000,0.000000,-0.127426,-0.092405,-0.321997,0.066352,-0.094162,-0.325928,-0.030537,-0.093283,-0.323963,0.002637,-0.121104,-0.301756,-0.062997,-0.117966,-0.298064
2026-05-26 16:58:09.654,76.199927,0.000000,0.000000,0.000000,-0.127491,-0.091338,-0.322085,0.067565,-0.092100,-0.326132,-0.029963,-0.091719,-0.324108,0.003343,-0.121141,-0.301773,-0.062997,-0.117966,-0.298064
2026-05-26 16:58:09.754,76.299927,0.000000,0.000000,0.000000,-0.127426,-0.092405,-0.321997,0.067326,-0.093150,-0.326039,-0.030050,-0.092777,-0.324018,0.003343,-0.121141,-0.301773,-0.062997,-0.117966,-0.298064
2026-05-26 16:58:09.854,76.399927,0.000000,0.000000,0.000000,-0.127426,-0.092405,-0.321997,0.067803,-0.091050,-0.326225,-0.029812,-0.091727,-0.324111,0.003343,-0.121141,-0.301773,-0.062240,-0.117038,-0.297429
2026-05-26 16:58:09.954,76.499927,0.000000,0.000000,0.000000,-0.127491,-0.091338,-0.322085,0.067326,-0.093150,-0.326039,-0.030082,-0.092244,-0.324062,0.003488,-0.120090,-0.301831,-0.062240,-0.117038,-0.297429
2026-05-26 16:58:10.054,76.599927,0.000000,0.000000,0.000000,-0.127426,-0.092405,-0.321997,0.067064,-0.091012,-0.326207,-0.030181,-0.091708,-0.324102,0.003355,-0.121232,-0.301071,-0.062202,-0.115983,-0.297480
2026-05-26 16:58:10.154,76.699927,0.000000,0.000000,0.000000,-0.127426,-0.092405,-0.321997,0.066826,-0.092062,-0.326114,-0.030300,-0.092233,-0.324056,0.003645,-0.119131,-0.301184,-0.061533,-0.117075,-0.297446
2026-05-26 16:58:10.254,76.799927,0.000000,0.000000,0.000000,-0.127426,-0.092405,-0.321997,0.066589,-0.093112,-0.326021,-0.030418,-0.092758,-0.324009,0.004500,-0.118118,-0.301258,-0.061493,-0.116020,-0.297497
2026-05-26 16:58:10.354,76.899927,0.000000,0.000000,0.000000,-0.127426,-0.092405,-0.321997,0.066589,-0.093112,-0.326021,-0.030418,-0.092758,-0.324009,0.004646,-0.117067,-0.301314,-0.061481,-0.116111,-0.296792
2026-05-26 16:58:10.454,76.999927,0.000000,0.000000,0.000000,-0.127426,-0.092405,-0.321997,0.067326,-0.093150,-0.326039,-0.030050,-0.092777,-0.324018,0.004659,-0.117159,-0.300607,-0.060814,-0.117203,-0.296760
2026-05-26 16:58:10.554,77.099926,0.000000,0.000000,0.000000,-0.127491,-0.091338,-0.322085,0.066826,-0.092062,-0.326114,-0.030332,-0.091700,-0.324099,0.004659,-0.117159,-0.300607,-0.060731,-0.115093,-0.296859
2026-05-26 16:58:10.654,77.199926,0.000000,0.000000,0.000000,-0.127491,-0.091338,-0.322085,0.067565,-0.092100,-0.326132,-0.029963,-0.091719,-0.324108,0.004659,-0.117159,-0.300607,-0.060772,-0.116148,-0.296809
2026-05-26 16:58:10.754,77.299926,0.000000,0.000000,0.000000,-0.127491,-0.091338,-0.322085,0.066589,-0.093112,-0.326021,-0.030451,-0.092225,-0.324053,0.004646,-0.117067,-0.301314,-0.060814,-0.117203,-0.296760
2026-05-26 16:58:10.854,77.399926,0.000000,0.000000,0.000000,-0.127491,-0.091338,-0.322085,0.067064,-0.091012,-0.326207,-0.030214,-0.091175,-0.324146,0.004500,-0.118118,-0.301258,-0.060814,-0.117203,-0.296760
2026-05-26 16:58:10.954,77.499926,0.000000,0.000000,0.000000,-0.127491,-0.091338,-0.322085,0.067565,-0.092100,-0.326132,-0.029963,-0.091719,-0.324108,0.004659,-0.117159,-0.300607,-0.060814,-0.117203,-0.296760
2026-05-26 16:58:11.054,77.599926,0.000000,0.000000,0.000000,-0.127491,-0.091338,-0.322085,0.066352,-0.094162,-0.325928,-0.030569,-0.092750,-0.324007,0.004659,-0.117159,-0.300607,-0.060731,-0.115093,-0.296859
2026-05-26 16:58:11.154,77.699926,0.000000,0.000000,0.000000,-0.127491,-0.091338,-0.322085,0.066589,-0.093112,-0.326021,-0.030451,-0.092225,-0.324053,0.004659,-0.117159,-0.300607,-0.060814,-0.117203,-0.296760
2026-05-26 16:58:11.254,77.799926,0.000000,0.000000,0.000000,-0.127491,-0.091338,-0.322085,0.066589,-0.093112,-0.326021,-0.030451,-0.092225,-0.324053,0.004512,-0.118210,-0.300552,-0.060814,-0.117203,-0.296760
2026-05-26 16:58:11.354,77.899926,0.000000,0.000000,0.000000,-0.127491,-0.091338,-0.322085,0.066352,-0.094162,-0.325928,-0.030569,-0.092750,-0.324007,0.004512,-0.118210,-0.300552,-0.060772,-0.116148,-0.296809
2026-05-26 16:58:11.454,77.999926,0.000000,0.000000,0.000000,-0.127426,-0.092405,-0.321997,0.066826,-0.092062,-0.326114,-0.030300,-0.092233,-0.324056,0.004585,-0.117685,-0.300580,-0.060772,-0.116148,-0.296809
2026-05-26 16:58:11.554,78.099926,0.000000,0.000000,0.000000,-0.127426,-0.092405,-0.321997,0.066826,-0.092062,-0.326114,-0.030300,-0.092233,-0.324056,0.004512,-0.118210,-0.300552,-0.060772,-0.116148,-0.296809
2026-05-26 16:58:11.654,78.199925,0.000000,0.000000,0.000000,-0.127491,-0.091338,-0.322085,0.066826,-0.092062,-0.326114,-0.030332,-0.091700,-0.324099,0.004500,-0.118118,-0.301258,-0.060772,-0.116148,-0.296809
2026-05-26 16:58:11.754,78.299925,0.000000,0.000000,0.000000,-0.127491,-0.091338,-0.322085,0.066589,-0.093112,-0.326021,-0.030451,-0.092225,-0.324053,0.004512,-0.118210,-0.300552,-0.060814,-0.117203,-0.296760
2026-05-26 16:58:11.854,78.399925,0.000000,0.000000,0.000000,-0.127491,-0.091338,-0.322085,0.066589,-0.093112,-0.326021,-0.030451,-0.092225,-0.324053,0.004659,-0.117159,-0.300607,-0.060814,-0.117203,-0.296760
2026-05-26 16:58:11.954,78.499925,0.000000,0.000000,0.000000,-0.127491,-0.091338,-0.322085,0.066826,-0.092062,-0.326114,-0.030332,-0.091700,-0.324099,0.004500,-0.118118,-0.301258,-0.060814,-0.117203,-0.296760
2026-05-26 16:58:12.054,78.599925,0.000000,0.000000,0.000000,-0.127491,-0.091338,-0.322085,0.067064,-0.091012,-0.326207,-0.030214,-0.091175,-0.324146,0.004659,-0.117159,-0.300607,-0.060772,-0.116148,-0.296809
2026-05-26 16:58:12.154,78.699925,0.000000,0.000000,0.000000,-0.127491,-0.091338,-0.322085,0.066589,-0.093112,-0.326021,-0.030451,-0.092225,-0.324053,0.004500,-0.118118,-0.301258,-0.060793,-0.116676,-0.296785
2026-05-26 16:58:12.254,78.799925,0.000000,0.000000,0.000000,-0.127426,-0.092405,-0.321997,0.066826,-0.092062,-0.326114,-0.030300,-0.092233,-0.324056,0.004659,-0.117159,-0.300607,-0.060772,-0.116148,-0.296809
2026-05-26 16:58:12.354,78.899925,0.000000,0.000000,0.000000,-0.127426,-0.092405,-0.321997,0.067326,-0.093150,-0.326039,-0.030050,-0.092777,-0.324018,0.004512,-0.118210,-0.300552,-0.060814,-0.117203,-0.296760
2026-05-26 16:58:12.454,78.999925,0.000000,0.000000,0.000000,-0.127491,-0.091338,-0.322085,0.067088,-0.094200,-0.325946,-0.030201,-0.092769,-0.324016,0.004659,-0.117159,-0.300607,-0.060772,-0.116148,-0.296809
2026-05-26 16:58:12.554,79.099925,0.000000,0.000000,0.000000,-0.127491,-0.091338,-0.322085,0.066589,-0.093112,-0.326021,-0.030451,-0.092225,-0.324053,0.004500,-0.118118,-0.301258,-0.060772,-0.116148,-0.296809
2026-05-26 16:58:12.654,79.199924,0.000000,0.000000,0.000000,-0.127426,-0.092405,-0.321997,0.066589,-0.093112,-0.326021,-0.030418,-0.092758,-0.324009,0.004512,-0.118210,-0.300552,-0.060814,-0.117203,-0.296760
2026-05-26 16:58:12.754,79.299924,0.000000,0.000000,0.000000,-0.127426,-0.092405,-0.321997,0.067565,-0.092100,-0.326132,-0.029931,-0.092252,-0.324064,0.004659,-0.117159,-0.300607,-0.060772,-0.116148,-0.296809
2026-05-26 16:58:12.854,79.399924,0.000000,0.000000,0.000000,-0.127491,-0.091338,-0.322085,0.066589,-0.093112,-0.326021,-0.030451,-0.092225,-0.324053,0.004512,-0.118210,-0.300552,-0.061481,-0.116111,-0.296792
2026-05-26 16:58:12.954,79.499924,0.000000,0.000000,0.000000,-0.127491,-0.091338,-0.322085,0.067088,-0.094200,-0.325946,-0.030201,-0.092769,-0.324016,0.004659,-0.117159,-0.300607,-0.060793,-0.116676,-0.296785
2026-05-26 16:58:13.054,79.599924,0.000000,0.000000,0.000000,-0.127426,-0.092405,-0.321997,0.066589,-0.093112,-0.326021,-0.030418,-0.092758,-0.324009,0.004659,-0.117159,-0.300607,-0.060814,-0.117203,-0.296760
2026-05-26 16:58:13.154,79.699924,0.000000,0.000000,0.000000,-0.127491,-0.091338,-0.322085,0.066589,-0.093112,-0.326021,-0.030451,-0.092225,-0.324053,0.004512,-0.118210,-0.300552,-0.060814,-0.117203,-0.296760
2026-05-26 16:58:13.254,79.799924,0.000000,0.000000,0.000000,-0.127426,-0.092405,-0.321997,0.066589,-0.093112,-0.326021,-0.030418,-0.092758,-0.324009,0.004512,-0.118210,-0.300552,-0.061521,-0.117166,-0.296743
2026-05-26 16:58:13.354,79.899924,0.000000,0.000000,0.000000,-0.127491,-0.091338,-0.322085,0.067803,-0.091050,-0.326225,-0.029844,-0.091194,-0.324155,0.004512,-0.118210,-0.300552,-0.060814,-0.117203,-0.296760
2026-05-26 16:58:13.454,79.999924,0.000000,0.000000,0.000000,-0.127491,-0.091338,-0.322085,0.067326,-0.093150,-0.326039,-0.030082,-0.092244,-0.324062,0.004500,-0.118118,-0.301258,-0.060772,-0.116148,-0.296809
2026-05-26 16:58:13.554,80.099924,0.000000,0.000000,0.000000,-0.127491,-0.091338,-0.322085,0.066826,-0.092062,-0.326114,-0.030332,-0.091700,-0.324099,0.004500,-0.118118,-0.301258,-0.061481,-0.116111,-0.296792
2026-05-26 16:58:13.654,80.199924,0.000000,0.000000,0.000000,-0.127491,-0.091338,-0.322085,0.066589,-0.093112,-0.326021,-0.030451,-0.092225,-0.324053,0.004512,-0.118210,-0.300552,-0.061521,-0.117166,-0.296743
2026-05-26 16:58:13.754,80.299923,0.000000,0.000000,0.000000,-0.127491,-0.091338,-0.322085,0.067088,-0.094200,-0.325946,-0.030201,-0.092769,-0.324016,0.004512,-0.118210,-0.300552,-0.060814,-0.117203,-0.296760
2026-05-26 16:58:13.854,80.399923,0.000000,0.000000,0.000000,-0.127491,-0.091338,-0.322085,0.066352,-0.094162,-0.325928,-0.030569,-0.092750,-0.324007,0.004512,-0.118210,-0.300552,-0.061521,-0.117166,-0.296743
2026-05-26 16:58:13.954,80.499923,0.000000,0.000000,0.000000,-0.127426,-0.092405,-0.321997,0.066589,-0.093112,-0.326021,-0.030418,-0.092758,-0.324009,0.004512,-0.118210,-0.300552,-0.061481,-0.116111,-0.296792
2026-05-26 16:58:14.054,80.599923,0.000000,0.000000,0.000000,-0.127556,-0.090272,-0.322173,0.066589,-0.093112,-0.326021,-0.030483,-0.091692,-0.324097,0.004512,-0.118210,-0.300552,-0.061521,-0.117166,-0.296743
2026-05-26 16:58:14.154,80.699923,0.000000,0.000000,0.000000,-0.127426,-0.092405,-0.321997,0.067565,-0.092100,-0.326132,-0.029931,-0.092252,-0.324064,0.004500,-0.118118,-0.301258,-0.061521,-0.117166,-0.296743
2026-05-26 16:58:14.254,80.799923,0.000000,0.000000,0.000000,-0.127491,-0.091338,-0.322085,0.066352,-0.094162,-0.325928,-0.030569,-0.092750,-0.324007,0.004512,-0.118210,-0.300552,-0.061521,-0.117166,-0.296743
2026-05-26 16:58:14.354,80.899923,0.000000,0.000000,0.000000,-0.127491,-0.091338,-0.322085,0.066589,-0.093112,-0.326021,-0.030451,-0.092225,-0.324053,0.004512,-0.118210,-0.300552,-0.061521,-0.117166,-0.296743
2026-05-26 16:58:14.454,80.999923,0.000000,0.000000,0.000000,-0.127426,-0.092405,-0.321997,0.067565,-0.092100,-0.326132,-0.029931,-0.092252,-0.324064,0.004500,-0.118118,-0.301258,-0.060814,-0.117203,-0.296760
2026-05-26 16:58:14.554,81.099923,0.000000,0.000000,0.000000,-0.127491,-0.091338,-0.322085,0.067326,-0.093150,-0.326039,-0.030082,-0.092244,-0.324062,0.004512,-0.118210,-0.300552,-0.060772,-0.116148,-0.296809
2026-05-26 16:58:14.654,81.199923,0.000000,0.000000,0.000000,-0.127426,-0.092405,-0.321997,0.066589,-0.093112,-0.326021,-0.030418,-0.092758,-0.324009,0.004512,-0.118210,-0.300552,-0.061481,-0.116111,-0.296792
2026-05-26 16:58:14.754,81.299922,0.000000,0.000000,0.000000,-0.127491,-0.091338,-0.322085,0.066826,-0.092062,-0.326114,-0.030332,-0.091700,-0.324099,0.004659,-0.117159,-0.300607,-0.060814,-0.117203,-0.296760
2026-05-26 16:58:14.854,81.399922,0.000000,0.000000,0.000000,-0.127491,-0.091338,-0.322085,0.067064,-0.091012,-0.326207,-0.030214,-0.091175,-0.324146,0.004512,-0.118210,-0.300552,-0.061521,-0.117166,-0.296743
2026-05-26 16:58:14.954,81.499922,0.000000,0.000000,0.000000,-0.127426,-0.092405,-0.321997,0.067326,-0.093150,-0.326039,-0.030050,-0.092777,-0.324018,0.004646,-0.117067,-0.301314,-0.061501,-0.116639,-0.296768
2026-05-26 16:58:15.054,81.599922,0.000000,0.000000,0.000000,-0.127491,-0.091338,-0.322085,0.067803,-0.091050,-0.326225,-0.029844,-0.091194,-0.324155,0.004659,-0.117159,-0.300607,-0.060814,-0.117203,-0.296760
2026-05-26 16:58:15.154,81.699922,0.000000,0.000000,0.000000,-0.127491,-0.091338,-0.322085,0.067326,-0.093150,-0.326039,-0.030082,-0.092244,-0.324062,0.004512,-0.118210,-0.300552,-0.060772,-0.116148,-0.296809
2026-05-26 16:58:15.254,81.799922,0.000000,0.000000,0.000000,-0.127426,-0.092405,-0.321997,0.067565,-0.092100,-0.326132,-0.029931,-0.092252,-0.324064,0.004646,-0.117067,-0.301314,-0.060772,-0.116148,-0.296809
2026-05-26 16:58:15.354,81.899922,0.000000,0.000000,0.000000,-0.127426,-0.092405,-0.321997,0.066589,-0.093112,-0.326021,-0.030418,-0.092758,-0.324009,0.004659,-0.117159,-0.300607,-0.061481,-0.116111,-0.296792
2026-05-26 16:58:15.454,81.999922,0.000000,0.000000,0.000000,-0.127556,-0.090272,-0.322173,0.067326,-0.093150,-0.326039,-0.030115,-0.091711,-0.324106,0.004659,-0.117159,-0.300607,-0.061481,-0.116111,-0.296792
2026-05-26 16:58:15.554,82.099922,0.000000,0.000000,0.000000,-0.127491,-0.091338,-0.322085,0.067326,-0.093150,-0.326039,-0.030082,-0.092244,-0.324062,0.004512,-0.118210,-0.300552,-0.061521,-0.117166,-0.296743
2026-05-26 16:58:15.654,82.199922,0.000000,0.000000,0.000000,-0.127491,-0.091338,-0.322085,0.067565,-0.092100,-0.326132,-0.029963,-0.091719,-0.324108,0.004512,-0.118210,-0.300552,-0.061521,-0.117166,-0.296743
2026-05-26 16:58:15.754,82.299922,0.000000,0.000000,0.000000,-0.127491,-0.091338,-0.322085,0.067326,-0.093150,-0.326039,-0.030082,-0.092244,-0.324062,0.004512,-0.118210,-0.300552,-0.061521,-0.117166,-0.296743
2026-05-26 16:58:15.854,82.399921,0.000000,0.000000,0.000000,-0.127426,-0.092405,-0.321997,0.067565,-0.092100,-0.326132,-0.029931,-0.092252,-0.324064,0.005222,-0.118247,-0.300569,-0.061521,-0.117166,-0.296743
2026-05-26 16:58:15.954,82.499921,0.000000,0.000000,0.000000,-0.127426,-0.092405,-0.321997,0.066589,-0.093112,-0.326021,-0.030418,-0.092758,-0.324009,0.004366,-0.119260,-0.300497,-0.061521,-0.117166,-0.296743
2026-05-26 16:58:16.054,82.599921,0.000000,0.000000,0.000000,-0.127556,-0.090272,-0.322173,0.067326,-0.093150,-0.326039,-0.030115,-0.091711,-0.324106,0.005222,-0.118247,-0.300569,-0.061481,-0.116111,-0.296792
2026-05-26 16:58:16.154,82.699921,0.000000,0.000000,0.000000,-0.127491,-0.091338,-0.322085,0.067326,-0.093150,-0.326039,-0.030082,-0.092244,-0.324062,0.005074,-0.119297,-0.300514,-0.061521,-0.117166,-0.296743
2026-05-26 16:58:16.254,82.799921,0.000000,0.000000,0.000000,-0.127426,-0.092405,-0.321997,0.066589,-0.093112,-0.326021,-0.030418,-0.092758,-0.324009,0.005074,-0.119297,-0.300514,-0.061521,-0.117166,-0.296743
2026-05-26 16:58:16.354,82.899921,0.000000,0.000000,0.000000,-0.127361,-0.093471,-0.321909,0.066589,-0.093112,-0.326021,-0.030386,-0.093291,-0.323965,0.005074,-0.119297,-0.300514,-0.060772,-0.116148,-0.296809
2026-05-26 16:58:16.454,82.999921,0.000000,0.000000,0.000000,-0.127491,-0.091338,-0.322085,0.066826,-0.092062,-0.326114,-0.030332,-0.091700,-0.324099,0.005222,-0.118247,-0.300569,-0.060855,-0.118258,-0.296711
2026-05-26 16:58:16.554,83.099921,0.000000,0.000000,0.000000,-0.127426,-0.092405,-0.321997,0.067565,-0.092100,-0.326132,-0.029931,-0.092252,-0.324064,0.004512,-0.118210,-0.300552,-0.060855,-0.118258,-0.296711
2026-05-26 16:58:16.654,83.199921,0.000000,0.000000,0.000000,-0.127426,-0.092405,-0.321997,0.067565,-0.092100,-0.326132,-0.029931,-0.092252,-0.324064,0.005074,-0.119297,-0.300514,-0.060855,-0.118258,-0.296711
2026-05-26 16:58:16.754,83.299921,0.000000,0.000000,0.000000,-0.127426,-0.092405,-0.321997,0.067326,-0.093150,-0.326039,-0.030050,-0.092777,-0.324018,0.004512,-0.118210,-0.300552,-0.060855,-0.118258,-0.296711
2026-05-26 16:58:16.854,83.399920,0.000000,0.000000,0.000000,-0.127491,-0.091338,-0.322085,0.067565,-0.092100,-0.326132,-0.029963,-0.091719,-0.324108,0.005222,-0.118247,-0.300569,-0.060855,-0.118258,-0.296711
2026-05-26 16:58:16.954,83.499920,0.000000,0.000000,0.000000,-0.127491,-0.091338,-0.322085,0.066826,-0.092062,-0.326114,-0.030332,-0.091700,-0.324099,0.005222,-0.118247,-0.300569,-0.060896,-0.119314,-0.296661
2026-05-26 16:58:17.054,83.599920,0.000000,0.000000,0.000000,-0.127426,-0.092405,-0.321997,0.067565,-0.092100,-0.326132,-0.029931,-0.092252,-0.324064,0.005222,-0.118247,-0.300569,-0.060896,-0.119314,-0.296661
2026-05-26 16:58:17.154,83.699920,0.000000,0.000000,0.000000,-0.127426,-0.092405,-0.321997,0.067565,-0.092100,-0.326132,-0.029931,-0.092252,-0.324064,0.005222,-0.118247,-0.300569,-0.060191,-0.119350,-0.296678
2026-05-26 16:58:17.254,83.799920,0.000000,0.000000,0.000000,-0.127491,-0.091338,-0.322085,0.067565,-0.092100,-0.326132,-0.029963,-0.091719,-0.324108,0.005222,-0.118247,-0.300569,-0.060179,-0.119442,-0.295977
2026-05-26 16:58:17.354,83.899920,0.000000,0.000000,0.000000,-0.127491,-0.091338,-0.322085,0.067803,-0.091050,-0.326225,-0.029844,-0.091194,-0.324155,0.005222,-0.118247,-0.300569,-0.060136,-0.118387,-0.296026
2026-05-26 16:58:17.454,83.999920,0.000000,0.000000,0.000000,-0.127491,-0.091338,-0.322085,0.067565,-0.092100,-0.326132,-0.029963,-0.091719,-0.324108,0.005222,-0.118247,-0.300569,-0.060179,-0.119442,-0.295977
2026-05-26 16:58:17.554,84.099920,0.000000,0.000000,0.000000,-0.127426,-0.092405,-0.321997,0.067803,-0.091050,-0.326225,-0.029812,-0.091727,-0.324111,0.005369,-0.117196,-0.300625,-0.060179,-0.119442,-0.295977
2026-05-26 16:58:17.654,84.199920,0.000000,0.000000,0.000000,-0.127491,-0.091338,-0.322085,0.067565,-0.092100,-0.326132,-0.029963,-0.091719,-0.324108,0.005222,-0.118247,-0.300569,-0.060136,-0.118387,-0.296026
2026-05-26 16:58:17.754,84.299920,0.000000,0.000000,0.000000,-0.127361,-0.093471,-0.321909,0.067326,-0.093150,-0.326039,-0.030018,-0.093310,-0.323974,0.005369,-0.117196,-0.300625,-0.060179,-0.119442,-0.295977
2026-05-26 16:58:17.854,84.399920,0.000000,0.000000,0.000000,-0.127426,-0.092405,-0.321997,0.067326,-0.093150,-0.326039,-0.030050,-0.092777,-0.324018,0.005222,-0.118247,-0.300569,-0.060136,-0.118387,-0.296026
2026-05-26 16:58:17.954,84.499919,0.000000,0.000000,0.000000,-0.127426,-0.092405,-0.321997,0.067565,-0.092100,-0.326132,-0.029931,-0.092252,-0.324064,0.005222,-0.118247,-0.300569,-0.060179,-0.119442,-0.295977
2026-05-26 16:58:18.054,84.599919,0.000000,0.000000,0.000000,-0.127426,-0.092405,-0.321997,0.067326,-0.093150,-0.326039,-0.030050,-0.092777,-0.324018,0.005222,-0.118247,-0.300569,-0.060179,-0.119442,-0.295977
2026-05-26 16:58:18.154,84.699919,0.000000,0.000000,0.000000,-0.127491,-0.091338,-0.322085,0.067565,-0.092100,-0.326132,-0.029963,-0.091719,-0.324108,0.005222,-0.118247,-0.300569,-0.060136,-0.118387,-0.296026
2026-05-26 16:58:18.254,84.799919,0.000000,0.000000,0.000000,-0.127426,-0.092405,-0.321997,0.067326,-0.093150,-0.326039,-0.030050,-0.092777,-0.324018,0.005222,-0.118247,-0.300569,-0.060136,-0.118387,-0.296026
2026-05-26 16:58:18.354,84.899919,0.000000,0.000000,0.000000,-0.127426,-0.092405,-0.321997,0.067565,-0.092100,-0.326132,-0.029931,-0.092252,-0.324064,0.005222,-0.118247,-0.300569,-0.060136,-0.118387,-0.296026
2026-05-26 16:58:18.454,84.999919,0.000000,0.000000,0.000000,-0.127491,-0.091338,-0.322085,0.067565,-0.092100,-0.326132,-0.029963,-0.091719,-0.324108,0.005222,-0.118247,-0.300569,-0.060094,-0.117331,-0.296074
2026-05-26 16:58:18.554,85.099919,0.000000,0.000000,0.000000,-0.127426,-0.092405,-0.321997,0.067326,-0.093150,-0.326039,-0.030050,-0.092777,-0.324018,0.005369,-0.117196,-0.300625,-0.060136,-0.118387,-0.296026
2026-05-26 16:58:18.654,85.199919,0.000000,0.000000,0.000000,-0.127491,-0.091338,-0.322085,0.067565,-0.092100,-0.326132,-0.029963,-0.091719,-0.324108,0.005369,-0.117196,-0.300625,-0.060136,-0.118387,-0.296026
2026-05-26 16:58:18.754,85.299919,0.000000,0.000000,0.000000,-0.127361,-0.093471,-0.321909,0.067803,-0.091050,-0.326225,-0.029779,-0.092260,-0.324067,0.005222,-0.118247,-0.300569,-0.060136,-0.118387,-0.296026
2026-05-26 16:58:18.854,85.399919,0.000000,0.000000,0.000000,-0.127361,-0.093471,-0.321909,0.067565,-0.092100,-0.326132,-0.029898,-0.092785,-0.324021,0.005369,-0.117196,-0.300625,-0.060136,-0.118387,-0.296026
2026-05-26 16:58:18.954,85.499918,0.000000,0.000000,0.000000,-0.127426,-0.092405,-0.321997,0.066589,-0.093112,-0.326021,-0.030418,-0.092758,-0.324009,0.005369,-0.117196,-0.300625,-0.060136,-0.118387,-0.296026
2026-05-26 16:58:19.054,85.599918,0.000000,0.000000,0.000000,-0.127426,-0.092405,-0.321997,0.066589,-0.093112,-0.326021,-0.030418,-0.092758,-0.324009,0.005369,-0.117196,-0.300625,-0.060136,-0.118387,-0.296026
2026-05-26 16:58:19.154,85.699918,0.000000,0.000000,0.000000,-0.127426,-0.092405,-0.321997,0.067565,-0.092100,-0.326132,-0.029931,-0.092252,-0.324064,0.005222,-0.118247,-0.300569,-0.060136,-0.118387,-0.296026
2026-05-26 16:58:19.254,85.799918,0.000000,0.000000,0.000000,-0.127491,-0.091338,-0.322085,0.067326,-0.093150,-0.326039,-0.030082,-0.092244,-0.324062,0.005369,-0.117196,-0.300625,-0.060179,-0.119442,-0.295977
2026-05-26 16:58:19.354,85.899918,0.000000,0.000000,0.000000,-0.127426,-0.092405,-0.321997,0.067565,-0.092100,-0.326132,-0.029931,-0.092252,-0.324064,0.005369,-0.117196,-0.300625,-0.060179,-0.119442,-0.295977
2026-05-26 16:58:19.454,85.999918,0.000000,0.000000,0.000000,-0.127491,-0.091338,-0.322085,0.067565,-0.092100,-0.326132,-0.029963,-0.091719,-0.324108,0.005369,-0.117196,-0.300625,-0.060136,-0.118387,-0.296026
2026-05-26 16:58:19.554,86.099918,0.000000,0.000000,0.000000,-0.127491,-0.091338,-0.322085,0.066826,-0.092062,-0.326114,-0.030332,-0.091700,-0.324099,0.005234,-0.118338,-0.299864,-0.060136,-0.118387,-0.296026
2026-05-26 16:58:19.654,86.199918,0.000000,0.000000,0.000000,-0.127426,-0.092405,-0.321997,0.067565,-0.092100,-0.326132,-0.029931,-0.092252,-0.324064,0.005222,-0.118247,-0.300569,-0.060179,-0.119442,-0.295977
2026-05-26 16:58:19.754,86.299918,0.000000,0.000000,0.000000,-0.127426,-0.092405,-0.321997,0.067803,-0.091050,-0.326225,-0.029812,-0.091727,-0.324111,0.005222,-0.118247,-0.300569,-0.060136,-0.118387,-0.296026
2026-05-26 16:58:19.854,86.399918,0.000000,0.000000,0.000000,-0.127491,-0.091338,-0.322085,0.067803,-0.091050,-0.326225,-0.029844,-0.091194,-0.324155,0.005369,-0.117196,-0.300625,-0.060136,-0.118387,-0.296026
2026-05-26 16:58:19.954,86.499918,0.000000,0.000000,0.000000,-0.127426,-0.092405,-0.321997,0.067565,-0.092100,-0.326132,-0.029931,-0.092252,-0.324064,0.005369,-0.117196,-0.300625,-0.060136,-0.118387,-0.296026
2026-05-26 16:58:20.054,86.599917,0.000000,0.000000,0.000000,-0.127426,-0.092405,-0.321997,0.067326,-0.093150,-0.326039,-0.030050,-0.092777,-0.324018,0.005222,-0.118247,-0.300569,-0.060136,-0.118387,-0.296026
2026-05-26 16:58:20.154,86.699917,0.000000,0.000000,0.000000,-0.127426,-0.092405,-0.321997,0.067565,-0.092100,-0.326132,-0.029931,-0.092252,-0.324064,0.005369,-0.117196,-0.300625,-0.060136,-0.118387,-0.296026
2026-05-26 16:58:20.254,86.799917,0.000000,0.000000,0.000000,-0.127426,-0.092405,-0.321997,0.067803,-0.091050,-0.326225,-0.029812,-0.091727,-0.324111,0.005382,-0.117288,-0.299918,-0.060136,-0.118387,-0.296026
2026-05-26 16:58:20.354,86.899917,0.000000,0.000000,0.000000,-0.127426,-0.092405,-0.321997,0.067565,-0.092100,-0.326132,-0.029931,-0.092252,-0.324064,0.005382,-0.117288,-0.299918,-0.060179,-0.119442,-0.295977
2026-05-26 16:58:20.454,86.999917,0.000000,0.000000,0.000000,-0.127426,-0.092405,-0.321997,0.067326,-0.093150,-0.326039,-0.030050,-0.092777,-0.324018,0.005369,-0.117196,-0.300625,-0.060136,-0.118387,-0.296026
2026-05-26 16:58:20.554,87.099917,0.000000,0.000000,0.000000,-0.127426,-0.092405,-0.321997,0.067565,-0.092100,-0.326132,-0.029931,-0.092252,-0.324064,0.005369,-0.117196,-0.300625,-0.060136,-0.118387,-0.296026
2026-05-26 16:58:20.654,87.199917,0.000000,0.000000,0.000000,-0.127361,-0.093471,-0.321909,0.067803,-0.091050,-0.326225,-0.029779,-0.092260,-0.324067,0.005308,-0.117813,-0.299891,-0.060136,-0.118387,-0.296026
2026-05-26 16:58:20.754,87.299917,0.000000,0.000000,0.000000,-0.127426,-0.092405,-0.321997,0.067326,-0.093150,-0.326039,-0.030050,-0.092777,-0.324018,0.005369,-0.117196,-0.300625,-0.060094,-0.117331,-0.296074
2026-05-26 16:58:20.854,87.399917,0.000000,0.000000,0.000000,-0.127426,-0.092405,-0.321997,0.067565,-0.092100,-0.326132,-0.029931,-0.092252,-0.324064,0.005369,-0.117196,-0.300625,-0.060136,-0.118387,-0.296026
2026-05-26 16:58:20.954,87.499917,0.000000,0.000000,0.000000,-0.127426,-0.092405,-0.321997,0.067803,-0.091050,-0.326225,-0.029812,-0.091727,-0.324111,0.005234,-0.118338,-0.299864,-0.060136,-0.118387,-0.296026
2026-05-26 16:58:21.054,87.599916,0.000000,0.000000,0.000000,-0.127426,-0.092405,-0.321997,0.067565,-0.092100,-0.326132,-0.029931,-0.092252,-0.324064,0.005222,-0.118247,-0.300569,-0.060136,-0.118387,-0.296026
2026-05-26 16:58:21.154,87.699916,0.000000,0.000000,0.000000,-0.127426,-0.092405,-0.321997,0.066589,-0.093112,-0.326021,-0.030418,-0.092758,-0.324009,0.005369,-0.117196,-0.300625,-0.060136,-0.118387,-0.296026
2026-05-26 16:58:21.254,87.799916,0.000000,0.000000,0.000000,-0.127426,-0.092405,-0.321997,0.067326,-0.093150,-0.326039,-0.030050,-0.092777,-0.324018,0.005369,-0.117196,-0.300625,-0.060136,-0.118387,-0.296026
2026-05-26 16:58:21.354,87.899916,0.000000,0.000000,0.000000,-0.127426,-0.092405,-0.321997,0.067565,-0.092100,-0.326132,-0.029931,-0.092252,-0.324064,0.005234,-0.118338,-0.299864,-0.060179,-0.119442,-0.295977
2026-05-26 16:58:21.454,87.999916,0.000000,0.000000,0.000000,-0.127361,-0.093471,-0.321909,0.067088,-0.094200,-0.325946,-0.030137,-0.093835,-0.323928,0.005222,-0.118247,-0.300569,-0.060136,-0.118387,-0.296026
2026-05-26 16:58:21.554,88.099916,0.000000,0.000000,0.000000,-0.127361,-0.093471,-0.321909,0.067064,-0.091012,-0.326207,-0.030149,-0.092241,-0.324058,0.005369,-0.117196,-0.300625,-0.060136,-0.118387,-0.296026
2026-05-26 16:58:21.654,88.199916,0.000000,0.000000,0.000000,-0.127426,-0.092405,-0.321997,0.067803,-0.091050,-0.326225,-0.029812,-0.091727,-0.324111,0.005222,-0.118247,-0.300569,-0.060136,-0.118387,-0.296026
2026-05-26 16:58:21.754,88.299916,0.000000,0.000000,0.000000,-0.127426,-0.092405,-0.321997,0.066826,-0.092062,-0.326114,-0.030300,-0.092233,-0.324056,0.005222,-0.118247,-0.300569,-0.060191,-0.119350,-0.296678
2026-05-26 16:58:21.854,88.399916,0.000000,0.000000,0.000000,-0.127426,-0.092405,-0.321997,0.067565,-0.092100,-0.326132,-0.029931,-0.092252,-0.324064,0.005222,-0.118247,-0.300569,-0.060937,-0.120369,-0.296612
2026-05-26 16:58:21.954,88.499916,0.000000,0.000000,0.000000,-0.127426,-0.092405,-0.321997,0.067326,-0.093150,-0.326039,-0.030050,-0.092777,-0.324018,0.005931,-0.118283,-0.300586,-0.060896,-0.119314,-0.296661
2026-05-26 16:58:22.054,88.599916,0.000000,0.000000,0.000000,-0.127491,-0.091338,-0.322085,0.067565,-0.092100,-0.326132,-0.029963,-0.091719,-0.324108,0.005931,-0.118283,-0.300586,-0.060937,-0.120369,-0.296612
2026-05-26 16:58:22.154,88.699915,0.000000,0.000000,0.000000,-0.127426,-0.092405,-0.321997,0.067326,-0.093150,-0.326039,-0.030050,-0.092777,-0.324018,0.006080,-0.117233,-0.300642,-0.060937,-0.120369,-0.296612
2026-05-26 16:58:22.254,88.799915,0.000000,0.000000,0.000000,-0.127426,-0.092405,-0.321997,0.066826,-0.092062,-0.326114,-0.030300,-0.092233,-0.324056,0.006080,-0.117233,-0.300642,-0.060896,-0.119314,-0.296661
2026-05-26 16:58:22.354,88.899915,0.000000,0.000000,0.000000,-0.127426,-0.092405,-0.321997,0.067565,-0.092100,-0.326132,-0.029931,-0.092252,-0.324064,0.006080,-0.117233,-0.300642,-0.060949,-0.120278,-0.297312
2026-05-26 16:58:22.454,88.999915,0.000000,0.000000,0.000000,-0.127426,-0.092405,-0.321997,0.066589,-0.093112,-0.326021,-0.030418,-0.092758,-0.324009,0.006641,-0.118320,-0.300603,-0.061653,-0.120241,-0.297295
2026-05-26 16:58:22.554,89.099915,0.000000,0.000000,0.000000,-0.127426,-0.092405,-0.321997,0.067803,-0.091050,-0.326225,-0.029812,-0.091727,-0.324111,0.006641,-0.118320,-0.300603,-0.061613,-0.119186,-0.297345
2026-05-26 16:58:22.654,89.199915,0.000000,0.000000,0.000000,-0.127426,-0.092405,-0.321997,0.067326,-0.093150,-0.326039,-0.030050,-0.092777,-0.324018,0.007338,-0.118265,-0.301326,-0.061653,-0.120241,-0.297295
2026-05-26 16:58:22.754,89.299915,0.000000,0.000000,0.000000,-0.127426,-0.092405,-0.321997,0.067565,-0.092100,-0.326132,-0.029931,-0.092252,-0.324064,0.007037,-0.120366,-0.301213,-0.061653,-0.120241,-0.297295
2026-05-26 16:58:22.854,89.399915,0.000000,0.000000,0.000000,-0.127426,-0.092405,-0.321997,0.067326,-0.093150,-0.326039,-0.030050,-0.092777,-0.324018,0.007187,-0.119316,-0.301269,-0.061653,-0.120241,-0.297295
2026-05-26 16:58:22.954,89.499915,0.000000,0.000000,0.000000,-0.127491,-0.091338,-0.322085,0.067326,-0.093150,-0.326039,-0.030082,-0.092244,-0.324062,0.007187,-0.119316,-0.301269,-0.061653,-0.120241,-0.297295
2026-05-26 16:58:23.054,89.599915,0.000000,0.000000,0.000000,-0.127491,-0.091338,-0.322085,0.066589,-0.093112,-0.326021,-0.030451,-0.092225,-0.324053,0.007187,-0.119316,-0.301269,-0.061613,-0.119186,-0.297345
2026-05-26 16:58:23.154,89.699914,0.000000,0.000000,0.000000,-0.127491,-0.091338,-0.322085,0.067326,-0.093150,-0.326039,-0.030082,-0.092244,-0.324062,0.007187,-0.119316,-0.301269,-0.061653,-0.120241,-0.297295
2026-05-26 16:58:23.254,89.799914,0.000000,0.000000,0.000000,-0.127491,-0.091338,-0.322085,0.066826,-0.092062,-0.326114,-0.030332,-0.091700,-0.324099,0.007187,-0.119316,-0.301269,-0.061653,-0.120241,-0.297295
2026-05-26 16:58:23.354,89.899914,0.000000,0.000000,0.000000,-0.127491,-0.091338,-0.322085,0.066589,-0.093112,-0.326021,-0.030451,-0.092225,-0.324053,0.007187,-0.119316,-0.301269,-0.061653,-0.120241,-0.297295
2026-05-26 16:58:23.454,89.999914,0.000000,0.000000,0.000000,-0.127491,-0.091338,-0.322085,0.067326,-0.093150,-0.326039,-0.030082,-0.092244,-0.324062,0.007187,-0.119316,-0.301269,-0.061653,-0.120241,-0.297295
2026-05-26 16:58:23.554,90.099914,0.000000,0.000000,0.000000,-0.127491,-0.091338,-0.322085,0.067326,-0.093150,-0.326039,-0.030082,-0.092244,-0.324062,0.007187,-0.119316,-0.301269,-0.061653,-0.120241,-0.297295
2026-05-26 16:58:23.654,90.199914,0.000000,0.000000,0.000000,-0.127491,-0.091338,-0.322085,0.067326,-0.093150,-0.326039,-0.030082,-0.092244,-0.324062,0.007187,-0.119316,-0.301269,-0.061653,-0.120241,-0.297295
2026-05-26 16:58:23.754,90.299914,0.000000,0.000000,0.000000,-0.127556,-0.090272,-0.322173,0.066826,-0.092062,-0.326114,-0.030365,-0.091167,-0.324143,0.007187,-0.119316,-0.301269,-0.061653,-0.120241,-0.297295
2026-05-26 16:58:23.854,90.399914,0.000000,0.000000,0.000000,-0.127491,-0.091338,-0.322085,0.066589,-0.093112,-0.326021,-0.030451,-0.092225,-0.324053,0.007187,-0.119316,-0.301269,-0.061653,-0.120241,-0.297295
2026-05-26 16:58:23.954,90.499914,0.000000,0.000000,0.000000,-0.127491,-0.091338,-0.322085,0.067326,-0.093150,-0.326039,-0.030082,-0.092244,-0.324062,0.007338,-0.118265,-0.301326,-0.061653,-0.120241,-0.297295
2026-05-26 16:58:24.054,90.599914,0.000000,0.000000,0.000000,-0.127491,-0.091338,-0.322085,0.066826,-0.092062,-0.326114,-0.030332,-0.091700,-0.324099,0.007187,-0.119316,-0.301269,-0.061653,-0.120241,-0.297295
2026-05-26 16:58:24.154,90.699914,0.000000,0.000000,0.000000,-0.127426,-0.092405,-0.321997,0.067326,-0.093150,-0.326039,-0.030050,-0.092777,-0.324018,0.007187,-0.119316,-0.301269,-0.061653,-0.120241,-0.297295
2026-05-26 16:58:24.254,90.799913,0.000000,0.000000,0.000000,-0.127426,-0.092405,-0.321997,0.067326,-0.093150,-0.326039,-0.030050,-0.092777,-0.324018,0.007187,-0.119316,-0.301269,-0.061693,-0.121297,-0.297244
2026-05-26 16:58:24.354,90.899913,0.000000,0.000000,0.000000,-0.127426,-0.092405,-0.321997,0.067565,-0.092100,-0.326132,-0.029931,-0.092252,-0.324064,0.007187,-0.119316,-0.301269,-0.061653,-0.120241,-0.297295
2026-05-26 16:58:24.454,90.999913,0.000000,0.000000,0.000000,-0.127491,-0.091338,-0.322085,0.067326,-0.093150,-0.326039,-0.030082,-0.092244,-0.324062,0.007187,-0.119316,-0.301269,-0.061693,-0.121297,-0.297244
2026-05-26 16:58:24.554,91.099913,0.000000,0.000000,0.000000,-0.127491,-0.091338,-0.322085,0.067088,-0.094200,-0.325946,-0.030201,-0.092769,-0.324016,0.007200,-0.119407,-0.300565,-0.061693,-0.121297,-0.297244
2026-05-26 16:58:24.654,91.199913,0.000000,0.000000,0.000000,-0.127491,-0.091338,-0.322085,0.067565,-0.092100,-0.326132,-0.029963,-0.091719,-0.324108,0.007200,-0.119407,-0.300565,-0.061653,-0.120241,-0.297295
2026-05-26 16:58:24.754,91.299913,0.000000,0.000000,0.000000,-0.127491,-0.091338,-0.322085,0.066826,-0.092062,-0.326114,-0.030332,-0.091700,-0.324099,0.007187,-0.119316,-0.301269,-0.061653,-0.120241,-0.297295
2026-05-26 16:58:24.854,91.399913,0.000000,0.000000,0.000000,-0.127491,-0.091338,-0.322085,0.066589,-0.093112,-0.326021,-0.030451,-0.092225,-0.324053,0.007187,-0.119316,-0.301269,-0.061653,-0.120241,-0.297295
2026-05-26 16:58:24.954,91.499913,0.000000,0.000000,0.000000,-0.127491,-0.091338,-0.322085,0.066826,-0.092062,-0.326114,-0.030332,-0.091700,-0.324099,0.007200,-0.119407,-0.300565,-0.061653,-0.120241,-0.297295
2026-05-26 16:58:25.054,91.599913,0.000000,0.000000,0.000000,-0.127491,-0.091338,-0.322085,0.066589,-0.093112,-0.326021,-0.030451,-0.092225,-0.324053,0.007187,-0.119316,-0.301269,-0.061653,-0.120241,-0.297295
2026-05-26 16:58:25.154,91.699913,0.000000,0.000000,0.000000,-0.127491,-0.091338,-0.322085,0.067326,-0.093150,-0.326039,-0.030082,-0.092244,-0.324062,0.007187,-0.119316,-0.301269,-0.061653,-0.120241,-0.297295
2026-05-26 16:58:25.254,91.799912,0.000000,0.000000,0.000000,-0.127491,-0.091338,-0.322085,0.066352,-0.094162,-0.325928,-0.030569,-0.092750,-0.324007,0.007338,-0.118265,-0.301326,-0.061653,-0.120241,-0.297295
2026-05-26 16:58:25.354,91.899912,0.000000,0.000000,0.000000,-0.127426,-0.092405,-0.321997,0.066589,-0.093112,-0.326021,-0.030418,-0.092758,-0.324009,0.007037,-0.120366,-0.301213,-0.061653,-0.120241,-0.297295
2026-05-26 16:58:25.454,91.999912,0.000000,0.000000,0.000000,-0.127426,-0.092405,-0.321997,0.067088,-0.094200,-0.325946,-0.030169,-0.093302,-0.323972,0.007037,-0.120366,-0.301213,-0.061693,-0.121297,-0.297244
2026-05-26 16:58:25.554,92.099912,0.000000,0.000000,0.000000,-0.127491,-0.091338,-0.322085,0.066589,-0.093112,-0.326021,-0.030451,-0.092225,-0.324053,0.007187,-0.119316,-0.301269,-0.061653,-0.120241,-0.297295
2026-05-26 16:58:25.654,92.199912,0.000000,0.000000,0.000000,-0.127491,-0.091338,-0.322085,0.067064,-0.091012,-0.326207,-0.030214,-0.091175,-0.324146,0.007187,-0.119316,-0.301269,-0.061653,-0.120241,-0.297295
2026-05-26 16:58:25.754,92.299912,0.000000,0.000000,0.000000,-0.127491,-0.091338,-0.322085,0.066826,-0.092062,-0.326114,-0.030332,-0.091700,-0.324099,0.006479,-0.119279,-0.301252,-0.061653,-0.120241,-0.297295
2026-05-26 16:58:25.854,92.399912,0.000000,0.000000,0.000000,-0.127426,-0.092405,-0.321997,0.066589,-0.093112,-0.326021,-0.030418,-0.092758,-0.324009,0.007263,-0.118790,-0.301298,-0.061653,-0.120241,-0.297295
2026-05-26 16:58:25.954,92.499912,0.000000,0.000000,0.000000,-0.127491,-0.091338,-0.322085,0.067326,-0.093150,-0.326039,-0.030082,-0.092244,-0.324062,0.007187,-0.119316,-0.301269,-0.061653,-0.120241,-0.297295
2026-05-26 16:58:26.054,92.599912,0.000000,0.000000,0.000000,-0.127491,-0.091338,-0.322085,0.067565,-0.092100,-0.326132,-0.029963,-0.091719,-0.324108,0.007187,-0.119316,-0.301269,-0.061613,-0.119186,-0.297345
2026-05-26 16:58:26.154,92.699912,0.000000,0.000000,0.000000,-0.127491,-0.091338,-0.322085,0.067565,-0.092100,-0.326132,-0.029963,-0.091719,-0.324108,0.007187,-0.119316,-0.301269,-0.061653,-0.120241,-0.297295
2026-05-26 16:58:26.254,92.799911,0.000000,0.000000,0.000000,-0.127491,-0.091338,-0.322085,0.067565,-0.092100,-0.326132,-0.029963,-0.091719,-0.324108,0.007200,-0.119407,-0.300565,-0.061653,-0.120241,-0.297295
2026-05-26 16:58:26.354,92.899911,0.000000,0.000000,0.000000,-0.127491,-0.091338,-0.322085,0.066589,-0.093112,-0.326021,-0.030451,-0.092225,-0.324053,0.007187,-0.119316,-0.301269,-0.061653,-0.120241,-0.297295
2026-05-26 16:58:26.454,92.999911,0.000000,0.000000,0.000000,-0.127426,-0.092405,-0.321997,0.066589,-0.093112,-0.326021,-0.030418,-0.092758,-0.324009,0.007200,-0.119407,-0.300565,-0.061653,-0.120241,-0.297295
2026-05-26 16:58:26.554,93.099911,0.000000,0.000000,0.000000,-0.127491,-0.091338,-0.322085,0.067565,-0.092100,-0.326132,-0.029963,-0.091719,-0.324108,0.007187,-0.119316,-0.301269,-0.061653,-0.120241,-0.297295
2026-05-26 16:58:26.654,93.199911,0.000000,0.000000,0.000000,-0.127426,-0.092405,-0.321997,0.066826,-0.092062,-0.326114,-0.030300,-0.092233,-0.324056,0.007200,-0.119407,-0.300565,-0.061653,-0.120241,-0.297295
2026-05-26 16:58:26.754,93.299911,0.000000,0.000000,0.000000,-0.127426,-0.092405,-0.321997,0.066826,-0.092062,-0.326114,-0.030300,-0.092233,-0.324056,0.007275,-0.118882,-0.300593,-0.061653,-0.120241,-0.297295
2026-05-26 16:58:26.854,93.399911,0.000000,0.000000,0.000000,-0.127426,-0.092405,-0.321997,0.066826,-0.092062,-0.326114,-0.030300,-0.092233,-0.324056,0.007200,-0.119407,-0.300565,-0.061653,-0.120241,-0.297295
2026-05-26 16:58:26.954,93.499911,0.000000,0.000000,0.000000,-0.127426,-0.092405,-0.321997,0.067326,-0.093150,-0.326039,-0.030050,-0.092777,-0.324018,0.007187,-0.119316,-0.301269,-0.061653,-0.120241,-0.297295
2026-05-26 16:58:27.054,93.599911,0.000000,0.000000,0.000000,-0.127491,-0.091338,-0.322085,0.066826,-0.092062,-0.326114,-0.030332,-0.091700,-0.324099,0.007351,-0.118357,-0.300621,-0.061653,-0.120241,-0.297295
2026-05-26 16:58:27.154,93.699911,0.000000,0.000000,0.000000,-0.127426,-0.092405,-0.321997,0.066589,-0.093112,-0.326021,-0.030418,-0.092758,-0.324009,0.007187,-0.119316,-0.301269,-0.061653,-0.120241,-0.297295
2026-05-26 16:58:27.254,93.799911,0.000000,0.000000,0.000000,-0.127426,-0.092405,-0.321997,0.066589,-0.093112,-0.326021,-0.030418,-0.092758,-0.324009,0.007187,-0.119316,-0.301269,-0.061653,-0.120241,-0.297295
2026-05-26 16:58:27.354,93.899910,0.000000,0.000000,0.000000,-0.127491,-0.091338,-0.322085,0.066589,-0.093112,-0.326021,-0.030451,-0.092225,-0.324053,0.007187,-0.119316,-0.301269,-0.061653,-0.120241,-0.297295
2026-05-26 16:58:27.454,93.999910,0.000000,0.000000,0.000000,-0.127491,-0.091338,-0.322085,0.066589,-0.093112,-0.326021,-0.030451,-0.092225,-0.324053,0.007338,-0.118265,-0.301326,-0.061653,-0.120241,-0.297295
2026-05-26 16:58:27.554,94.099910,0.000000,0.000000,0.000000,-0.127426,-0.092405,-0.321997,0.066589,-0.093112,-0.326021,-0.030418,-0.092758,-0.324009,0.007187,-0.119316,-0.301269,-0.061653,-0.120241,-0.297295
2026-05-26 16:58:27.654,94.199910,0.000000,0.000000,0.000000,-0.127426,-0.092405,-0.321997,0.066589,-0.093112,-0.326021,-0.030418,-0.092758,-0.324009,0.007187,-0.119316,-0.301269,-0.061653,-0.120241,-0.297295
2026-05-26 16:58:27.754,94.299910,0.000000,0.000000,0.000000,-0.127491,-0.091338,-0.322085,0.066826,-0.092062,-0.326114,-0.030332,-0.091700,-0.324099,0.006641,-0.118320,-0.300603,-0.060949,-0.120278,-0.297312
2026-05-26 16:58:27.854,94.399910,0.000000,0.000000,0.000000,-0.127426,-0.092405,-0.321997,0.067064,-0.091012,-0.326207,-0.030181,-0.091708,-0.324102,0.006641,-0.118320,-0.300603,-0.060949,-0.120278,-0.297312
2026-05-26 16:58:27.954,94.499910,0.000000,0.000000,0.000000,-0.127426,-0.092405,-0.321997,0.066589,-0.093112,-0.326021,-0.030418,-0.092758,-0.324009,0.006641,-0.118320,-0.300603,-0.060937,-0.120369,-0.296612
2026-05-26 16:58:28.054,94.599910,0.000000,0.000000,0.000000,-0.127361,-0.093471,-0.321909,0.066589,-0.093112,-0.326021,-0.030386,-0.093291,-0.323965,0.006641,-0.118320,-0.300603,-0.060990,-0.121333,-0.297261
2026-05-26 16:58:28.154,94.699910,0.000000,0.000000,0.000000,-0.127426,-0.092405,-0.321997,0.066589,-0.093112,-0.326021,-0.030418,-0.092758,-0.324009,0.006080,-0.117233,-0.300642,-0.060233,-0.120406,-0.296629
2026-05-26 16:58:28.254,94.799910,0.000000,0.000000,0.000000,-0.127491,-0.091338,-0.322085,0.066352,-0.094162,-0.325928,-0.030569,-0.092750,-0.324007,0.005931,-0.118283,-0.300586,-0.060275,-0.121461,-0.296579
2026-05-26 16:58:28.354,94.899909,0.000000,0.000000,0.000000,-0.127426,-0.092405,-0.321997,0.066826,-0.092062,-0.326114,-0.030300,-0.092233,-0.324056,0.006080,-0.117233,-0.300642,-0.060233,-0.120406,-0.296629
2026-05-26 16:58:28.454,94.999909,0.000000,0.000000,0.000000,-0.127491,-0.091338,-0.322085,0.067565,-0.092100,-0.326132,-0.029963,-0.091719,-0.324108,0.006080,-0.117233,-0.300642,-0.060233,-0.120406,-0.296629
2026-05-26 16:58:28.554,95.099909,0.000000,0.000000,0.000000,-0.127426,-0.092405,-0.321997,0.066826,-0.092062,-0.326114,-0.030300,-0.092233,-0.324056,0.006080,-0.117233,-0.300642,-0.060233,-0.120406,-0.296629
2026-05-26 16:58:28.654,95.199909,0.000000,0.000000,0.000000,-0.127491,-0.091338,-0.322085,0.066826,-0.092062,-0.326114,-0.030332,-0.091700,-0.324099,0.006006,-0.117758,-0.300614,-0.060233,-0.120406,-0.296629
2026-05-26 16:58:28.754,95.299909,0.000000,0.000000,0.000000,-0.127426,-0.092405,-0.321997,0.067326,-0.093150,-0.326039,-0.030050,-0.092777,-0.324018,0.006080,-0.117233,-0.300642,-0.060233,-0.120406,-0.296629
2026-05-26 16:58:28.854,95.399909,0.000000,0.000000,0.000000,-0.127426,-0.092405,-0.321997,0.066589,-0.093112,-0.326021,-0.030418,-0.092758,-0.324009,0.005931,-0.118283,-0.300586,-0.060275,-0.121461,-0.296579
2026-05-26 16:58:28.954,95.499909,0.000000,0.000000,0.000000,-0.127491,-0.091338,-0.322085,0.066352,-0.094162,-0.325928,-0.030569,-0.092750,-0.324007,0.005931,-0.118283,-0.300586,-0.060233,-0.120406,-0.296629
2026-05-26 16:58:29.054,95.599909,0.000000,0.000000,0.000000,-0.127426,-0.092405,-0.321997,0.067565,-0.092100,-0.326132,-0.029931,-0.092252,-0.324064,0.006080,-0.117233,-0.300642,-0.060233,-0.120406,-0.296629
2026-05-26 16:58:29.154,95.699909,0.000000,0.000000,0.000000,-0.127491,-0.091338,-0.322085,0.067064,-0.091012,-0.326207,-0.030214,-0.091175,-0.324146,0.006080,-0.117233,-0.300642,-0.060233,-0.120406,-0.296629
2026-05-26 16:58:29.254,95.799909,0.000000,0.000000,0.000000,-0.127426,-0.092405,-0.321997,0.067326,-0.093150,-0.326039,-0.030050,-0.092777,-0.324018,0.006080,-0.117233,-0.300642,-0.060233,-0.120406,-0.296629
2026-05-26 16:58:29.354,95.899909,0.000000,0.000000,0.000000,-0.127361,-0.093471,-0.321909,0.066589,-0.093112,-0.326021,-0.030386,-0.093291,-0.323965,0.005931,-0.118283,-0.300586,-0.060233,-0.120406,-0.296629
2026-05-26 16:58:29.454,95.999908,0.000000,0.000000,0.000000,-0.127491,-0.091338,-0.322085,0.067326,-0.093150,-0.326039,-0.030082,-0.092244,-0.324062,0.006080,-0.117233,-0.300642,-0.060233,-0.120406,-0.296629
2026-05-26 16:58:29.554,96.099908,0.000000,0.000000,0.000000,-0.127426,-0.092405,-0.321997,0.066589,-0.093112,-0.326021,-0.030418,-0.092758,-0.324009,0.005931,-0.118283,-0.300586,-0.060233,-0.120406,-0.296629
2026-05-26 16:58:29.654,96.199908,0.000000,0.000000,0.000000,-0.127426,-0.092405,-0.321997,0.066589,-0.093112,-0.326021,-0.030418,-0.092758,-0.324009,0.006080,-0.117233,-0.300642,-0.060233,-0.120406,-0.296629
2026-05-26 16:58:29.754,96.299908,0.000000,0.000000,0.000000,-0.127491,-0.091338,-0.322085,0.067326,-0.093150,-0.326039,-0.030082,-0.092244,-0.324062,0.006080,-0.117233,-0.300642,-0.060233,-0.120406,-0.296629
2026-05-26 16:58:29.854,96.399908,0.000000,0.000000,0.000000,-0.127426,-0.092405,-0.321997,0.067326,-0.093150,-0.326039,-0.030050,-0.092777,-0.324018,0.006641,-0.118320,-0.300603,-0.060233,-0.120406,-0.296629
2026-05-26 16:58:29.954,96.499908,0.000000,0.000000,0.000000,-0.127426,-0.092405,-0.321997,0.067565,-0.092100,-0.326132,-0.029931,-0.092252,-0.324064,0.006080,-0.117233,-0.300642,-0.060233,-0.120406,-0.296629
2026-05-26 16:58:30.054,96.599908,0.000000,0.000000,0.000000,-0.127426,-0.092405,-0.321997,0.067064,-0.091012,-0.326207,-0.030181,-0.091708,-0.324102,0.006641,-0.118320,-0.300603,-0.060233,-0.120406,-0.296629
2026-05-26 16:58:30.154,96.699908,0.000000,0.000000,0.000000,-0.127426,-0.092405,-0.321997,0.067803,-0.091050,-0.326225,-0.029812,-0.091727,-0.324111,0.006080,-0.117233,-0.300642,-0.060233,-0.120406,-0.296629
2026-05-26 16:58:30.254,96.799908,0.000000,0.000000,0.000000,-0.127426,-0.092405,-0.321997,0.066589,-0.093112,-0.326021,-0.030418,-0.092758,-0.324009,0.006080,-0.117233,-0.300642,-0.060233,-0.120406,-0.296629
2026-05-26 16:58:30.354,96.899908,0.000000,0.000000,0.000000,-0.127426,-0.092405,-0.321997,0.067326,-0.093150,-0.326039,-0.030050,-0.092777,-0.324018,0.006641,-0.118320,-0.300603,-0.060275,-0.121461,-0.296579
2026-05-26 16:58:30.454,96.999907,0.000000,0.000000,0.000000,-0.127491,-0.091338,-0.322085,0.066589,-0.093112,-0.326021,-0.030451,-0.092225,-0.324053,0.005931,-0.118283,-0.300586,-0.060233,-0.120406,-0.296629
2026-05-26 16:58:30.554,97.099907,0.000000,0.000000,0.000000,-0.127426,-0.092405,-0.321997,0.066589,-0.093112,-0.326021,-0.030418,-0.092758,-0.324009,0.006641,-0.118320,-0.300603,-0.060233,-0.120406,-0.296629
2026-05-26 16:58:30.654,97.199907,0.000000,0.000000,0.000000,-0.127426,-0.092405,-0.321997,0.066589,-0.093112,-0.326021,-0.030418,-0.092758,-0.324009,0.006641,-0.118320,-0.300603,-0.060275,-0.121461,-0.296579
2026-05-26 16:58:30.754,97.299907,0.000000,0.000000,0.000000,-0.127491,-0.091338,-0.322085,0.066589,-0.093112,-0.326021,-0.030451,-0.092225,-0.324053,0.006080,-0.117233,-0.300642,-0.060233,-0.120406,-0.296629
2026-05-26 16:58:30.854,97.399907,0.000000,0.000000,0.000000,-0.127361,-0.093471,-0.321909,0.067565,-0.092100,-0.326132,-0.029898,-0.092785,-0.324021,0.006791,-0.117270,-0.300659,-0.060233,-0.120406,-0.296629
2026-05-26 16:58:30.954,97.499907,0.000000,0.000000,0.000000,-0.127361,-0.093471,-0.321909,0.066589,-0.093112,-0.326021,-0.030386,-0.093291,-0.323965,0.005931,-0.118283,-0.300586,-0.060275,-0.121461,-0.296579
2026-05-26 16:58:31.054,97.599907,0.000000,0.000000,0.000000,-0.127426,-0.092405,-0.321997,0.066589,-0.093112,-0.326021,-0.030418,-0.092758,-0.324009,0.006080,-0.117233,-0.300642,-0.060233,-0.120406,-0.296629
2026-05-26 16:58:31.154,97.699907,0.000000,0.000000,0.000000,-0.127491,-0.091338,-0.322085,0.066589,-0.093112,-0.326021,-0.030451,-0.092225,-0.324053,0.006080,-0.117233,-0.300642,-0.060275,-0.121461,-0.296579
2026-05-26 16:58:31.254,97.799907,0.000000,0.000000,0.000000,-0.127426,-0.092405,-0.321997,0.067565,-0.092100,-0.326132,-0.029931,-0.092252,-0.324064,0.006080,-0.117233,-0.300642,-0.060275,-0.121461,-0.296579
2026-05-26 16:58:31.354,97.899907,0.000000,0.000000,0.000000,-0.127426,-0.092405,-0.321997,0.066826,-0.092062,-0.326114,-0.030300,-0.092233,-0.324056,0.006080,-0.117233,-0.300642,-0.060233,-0.120406,-0.296629
2026-05-26 16:58:31.454,97.999907,0.000000,0.000000,0.000000,-0.127426,-0.092405,-0.321997,0.066826,-0.092062,-0.326114,-0.030300,-0.092233,-0.324056,0.006641,-0.118320,-0.300603,-0.060233,-0.120406,-0.296629
2026-05-26 16:58:31.554,98.099906,0.000000,0.000000,0.000000,-0.127361,-0.093471,-0.321909,0.066589,-0.093112,-0.326021,-0.030386,-0.093291,-0.323965,0.006080,-0.117233,-0.300642,-0.060275,-0.121461,-0.296579
2026-05-26 16:58:31.654,98.199906,0.000000,0.000000,0.000000,-0.127426,-0.092405,-0.321997,0.066352,-0.094162,-0.325928,-0.030537,-0.093283,-0.323963,0.006716,-0.117795,-0.300631,-0.060233,-0.120406,-0.296629
2026-05-26 16:58:31.754,98.299906,0.000000,0.000000,0.000000,-0.127426,-0.092405,-0.321997,0.066826,-0.092062,-0.326114,-0.030300,-0.092233,-0.324056,0.005931,-0.118283,-0.300586,-0.060233,-0.120406,-0.296629
2026-05-26 16:58:31.854,98.399906,0.000000,0.000000,0.000000,-0.127426,-0.092405,-0.321997,0.067326,-0.093150,-0.326039,-0.030050,-0.092777,-0.324018,0.006080,-0.117233,-0.300642,-0.060233,-0.120406,-0.296629
2026-05-26 16:58:31.954,98.499906,0.000000,0.000000,0.000000,-0.127361,-0.093471,-0.321909,0.066589,-0.093112,-0.326021,-0.030386,-0.093291,-0.323965,0.006080,-0.117233,-0.300642,-0.060233,-0.120406,-0.296629
2026-05-26 16:58:32.054,98.599906,0.000000,0.000000,0.000000,-0.127491,-0.091338,-0.322085,0.066352,-0.094162,-0.325928,-0.030569,-0.092750,-0.324007,0.005931,-0.118283,-0.300586,-0.060233,-0.120406,-0.296629
2026-05-26 16:58:32.154,98.699906,0.000000,0.000000,0.000000,-0.127426,-0.092405,-0.321997,0.067326,-0.093150,-0.326039,-0.030050,-0.092777,-0.324018,0.006641,-0.118320,-0.300603,-0.060233,-0.120406,-0.296629
2026-05-26 16:58:32.254,98.799906,0.000000,0.000000,0.000000,-0.127426,-0.092405,-0.321997,0.067326,-0.093150,-0.326039,-0.030050,-0.092777,-0.324018,0.006641,-0.118320,-0.300603,-0.060233,-0.120406,-0.296629
2026-05-26 16:58:32.354,98.899906,0.000000,0.000000,0.000000,-0.127426,-0.092405,-0.321997,0.067064,-0.091012,-0.326207,-0.030181,-0.091708,-0.324102,0.006080,-0.117233,-0.300642,-0.060233,-0.120406,-0.296629
2026-05-26 16:58:32.454,98.999906,0.000000,0.000000,0.000000,-0.127426,-0.092405,-0.321997,0.067565,-0.092100,-0.326132,-0.029931,-0.092252,-0.324064,0.005931,-0.118283,-0.300586,-0.060233,-0.120406,-0.296629
2026-05-26 16:58:32.554,99.099905,0.000000,0.000000,0.000000,-0.127426,-0.092405,-0.321997,0.067326,-0.093150,-0.326039,-0.030050,-0.092777,-0.324018,0.006641,-0.118320,-0.300603,-0.060233,-0.120406,-0.296629
2026-05-26 16:58:32.654,99.199905,0.000000,0.000000,0.000000,-0.127426,-0.092405,-0.321997,0.067803,-0.091050,-0.326225,-0.029812,-0.091727,-0.324111,0.006080,-0.117233,-0.300642,-0.060233,-0.120406,-0.296629
2026-05-26 16:58:32.754,99.299905,0.000000,0.000000,0.000000,-0.127426,-0.092405,-0.321997,0.067565,-0.092100,-0.326132,-0.029931,-0.092252,-0.324064,0.006080,-0.117233,-0.300642,-0.060212,-0.119878,-0.296653
2026-05-26 16:58:32.854,99.399905,0.000000,0.000000,0.000000,-0.127491,-0.091338,-0.322085,0.067326,-0.093150,-0.326039,-0.030082,-0.092244,-0.324062,0.006641,-0.118320,-0.300603,-0.060275,-0.121461,-0.296579
2026-05-26 16:58:32.954,99.499905,0.000000,0.000000,0.000000,-0.127426,-0.092405,-0.321997,0.067565,-0.092100,-0.326132,-0.029931,-0.092252,-0.324064,0.006080,-0.117233,-0.300642,-0.060233,-0.120406,-0.296629
2026-05-26 16:58:33.054,99.599905,0.000000,0.000000,0.000000,-0.127426,-0.092405,-0.321997,0.067565,-0.092100,-0.326132,-0.029931,-0.092252,-0.324064,0.006080,-0.117233,-0.300642,-0.060233,-0.120406,-0.296629
2026-05-26 16:58:33.154,99.699905,0.000000,0.000000,0.000000,-0.127426,-0.092405,-0.321997,0.067565,-0.092100,-0.326132,-0.029931,-0.092252,-0.324064,0.006791,-0.117270,-0.300659,-0.060233,-0.120406,-0.296629
2026-05-26 16:58:33.254,99.799905,0.000000,0.000000,0.000000,-0.127426,-0.092405,-0.321997,0.066352,-0.094162,-0.325928,-0.030537,-0.093283,-0.323963,0.006080,-0.117233,-0.300642,-0.060233,-0.120406,-0.296629
2026-05-26 16:58:33.354,99.899905,0.000000,0.000000,0.000000,-0.127491,-0.091338,-0.322085,0.066589,-0.093112,-0.326021,-0.030451,-0.092225,-0.324053,0.005931,-0.118283,-0.300586,-0.060233,-0.120406,-0.296629
2026-05-26 16:58:33.454,99.999905,0.000000,0.000000,0.000000,-0.127491,-0.091338,-0.322085,0.066826,-0.092062,-0.326114,-0.030332,-0.091700,-0.324099,0.005931,-0.118283,-0.300586,-0.060233,-0.120406,-0.296629
2026-05-26 16:58:33.554,100.099905,0.000000,0.000000,0.000000,-0.127491,-0.091338,-0.322085,0.066589,-0.093112,-0.326021,-0.030451,-0.092225,-0.324053,0.006080,-0.117233,-0.300642,-0.060233,-0.120406,-0.296629
2026-05-26 16:58:33.654,100.199904,0.000000,0.000000,0.000000,-0.127426,-0.092405,-0.321997,0.067326,-0.093150,-0.326039,-0.030050,-0.092777,-0.324018,0.006080,-0.117233,-0.300642,-0.060233,-0.120406,-0.296629
2026-05-26 16:58:33.754,100.299904,0.000000,0.000000,0.000000,-0.127426,-0.092405,-0.321997,0.067326,-0.093150,-0.326039,-0.030050,-0.092777,-0.324018,0.005931,-0.118283,-0.300586,-0.060191,-0.119350,-0.296678
2026-05-26 16:58:33.854,100.399904,0.000000,0.000000,0.000000,-0.127426,-0.092405,-0.321997,0.066826,-0.092062,-0.326114,-0.030300,-0.092233,-0.324056,0.006080,-0.117233,-0.300642,-0.059529,-0.120442,-0.296646
2026-05-26 16:58:33.954,100.499904,0.000000,0.000000,0.000000,-0.127426,-0.092405,-0.321997,0.066589,-0.093112,-0.326021,-0.030418,-0.092758,-0.324009,0.006080,-0.117233,-0.300642,-0.059486,-0.119387,-0.296695
2026-05-26 16:58:34.054,100.599904,0.000000,0.000000,0.000000,-0.127426,-0.092405,-0.321997,0.067565,-0.092100,-0.326132,-0.029931,-0.092252,-0.324064,0.005369,-0.117196,-0.300625,-0.059486,-0.119387,-0.296695
2026-05-26 16:58:34.154,100.699904,0.000000,0.000000,0.000000,-0.127426,-0.092405,-0.321997,0.066589,-0.093112,-0.326021,-0.030418,-0.092758,-0.324009,0.005529,-0.116238,-0.299972,-0.058781,-0.119424,-0.296712
2026-05-26 16:58:34.254,100.799904,0.000000,0.000000,0.000000,-0.127426,-0.092405,-0.321997,0.066826,-0.092062,-0.326114,-0.030300,-0.092233,-0.324056,0.005382,-0.117288,-0.299918,-0.058781,-0.119424,-0.296712
2026-05-26 16:58:34.354,100.899904,0.000000,0.000000,0.000000,-0.127426,-0.092405,-0.321997,0.067803,-0.091050,-0.326225,-0.029812,-0.091727,-0.324111,0.005529,-0.116238,-0.299972,-0.058781,-0.119424,-0.296712
2026-05-26 16:58:34.454,100.999904,0.000000,0.000000,0.000000,-0.127426,-0.092405,-0.321997,0.067064,-0.091012,-0.326207,-0.030181,-0.091708,-0.324102,0.005676,-0.115188,-0.300026,-0.058076,-0.119460,-0.296729
2026-05-26 16:58:34.554,101.099904,0.000000,0.000000,0.000000,-0.127491,-0.091338,-0.322085,0.067803,-0.091050,-0.326225,-0.029844,-0.091194,-0.324155,0.005529,-0.116238,-0.299972,-0.058076,-0.119460,-0.296729
2026-05-26 16:58:34.654,101.199903,0.000000,0.000000,0.000000,-0.127491,-0.091338,-0.322085,0.066589,-0.093112,-0.326021,-0.030451,-0.092225,-0.324053,0.004963,-0.115151,-0.300009,-0.058076,-0.119460,-0.296729
2026-05-26 16:58:34.754,101.299903,0.000000,0.000000,0.000000,-0.127426,-0.092405,-0.321997,0.067565,-0.092100,-0.326132,-0.029931,-0.092252,-0.324064,0.004963,-0.115151,-0.300009,-0.057371,-0.119497,-0.296746
2026-05-26 16:58:34.854,101.399903,0.000000,0.000000,0.000000,-0.127426,-0.092405,-0.321997,0.067326,-0.093150,-0.326039,-0.030050,-0.092777,-0.324018,0.004963,-0.115151,-0.300009,-0.057324,-0.118442,-0.296796
2026-05-26 16:58:34.954,101.499903,0.000000,0.000000,0.000000,-0.127426,-0.092405,-0.321997,0.067565,-0.092100,-0.326132,-0.029931,-0.092252,-0.324064,0.005110,-0.114101,-0.300063,-0.057324,-0.118442,-0.296796
2026-05-26 16:58:35.054,101.599903,0.000000,0.000000,0.000000,-0.127491,-0.091338,-0.322085,0.067803,-0.091050,-0.326225,-0.029844,-0.091194,-0.324155,0.005110,-0.114101,-0.300063,-0.057324,-0.118442,-0.296796
2026-05-26 16:58:35.154,101.699903,0.000000,0.000000,0.000000,-0.127426,-0.092405,-0.321997,0.067803,-0.091050,-0.326225,-0.029812,-0.091727,-0.324111,0.004963,-0.115151,-0.300009,-0.056570,-0.117424,-0.296862
2026-05-26 16:58:35.254,101.799903,0.000000,0.000000,0.000000,-0.127491,-0.091338,-0.322085,0.067565,-0.092100,-0.326132,-0.029963,-0.091719,-0.324108,0.004396,-0.114064,-0.300046,-0.056522,-0.116369,-0.296912
2026-05-26 16:58:35.354,101.899903,0.000000,0.000000,0.000000,-0.127426,-0.092405,-0.321997,0.067326,-0.093150,-0.326039,-0.030050,-0.092777,-0.324018,0.004553,-0.113106,-0.299389,-0.056570,-0.117424,-0.296862
2026-05-26 16:58:35.454,101.999903,0.000000,0.000000,0.000000,-0.127426,-0.092405,-0.321997,0.067803,-0.091050,-0.326225,-0.029812,-0.091727,-0.324111,0.004408,-0.114156,-0.299336,-0.055850,-0.117552,-0.296176
2026-05-26 16:58:35.554,102.099903,0.000000,0.000000,0.000000,-0.127491,-0.091338,-0.322085,0.067326,-0.093150,-0.326039,-0.030082,-0.092244,-0.324062,0.004396,-0.114064,-0.300046,-0.055813,-0.116406,-0.296929
2026-05-26 16:58:35.654,102.199903,0.000000,0.000000,0.000000,-0.127426,-0.092405,-0.321997,0.067326,-0.093150,-0.326039,-0.030050,-0.092777,-0.324018,0.004553,-0.113106,-0.299389,-0.055813,-0.116406,-0.296929
2026-05-26 16:58:35.754,102.299902,0.000000,0.000000,0.000000,-0.127426,-0.092405,-0.321997,0.067565,-0.092100,-0.326132,-0.029931,-0.092252,-0.324064,0.004553,-0.113106,-0.299389,-0.055752,-0.115443,-0.296273
2026-05-26 16:58:35.854,102.399902,0.000000,0.000000,0.000000,-0.127426,-0.092405,-0.321997,0.067326,-0.093150,-0.326039,-0.030050,-0.092777,-0.324018,0.003838,-0.113069,-0.299372,-0.055043,-0.115480,-0.296290
2026-05-26 16:58:35.954,102.499902,0.000000,0.000000,0.000000,-0.127491,-0.091338,-0.322085,0.067565,-0.092100,-0.326132,-0.029963,-0.091719,-0.324108,0.003982,-0.112019,-0.299425,-0.055093,-0.116534,-0.296242
2026-05-26 16:58:36.054,102.599902,0.000000,0.000000,0.000000,-0.127426,-0.092405,-0.321997,0.067565,-0.092100,-0.326132,-0.029931,-0.092252,-0.324064,0.003982,-0.112019,-0.299425,-0.055043,-0.115480,-0.296290
2026-05-26 16:58:36.154,102.699902,0.000000,0.000000,0.000000,-0.127426,-0.092405,-0.321997,0.067803,-0.091050,-0.326225,-0.029812,-0.091727,-0.324111,0.003982,-0.112019,-0.299425,-0.055043,-0.115480,-0.296290
2026-05-26 16:58:36.254,102.799902,0.000000,0.000000,0.000000,-0.127426,-0.092405,-0.321997,0.067565,-0.092100,-0.326132,-0.029931,-0.092252,-0.324064,0.003982,-0.112019,-0.299425,-0.054333,-0.115516,-0.296308
2026-05-26 16:58:36.354,102.899902,0.000000,0.000000,0.000000,-0.127426,-0.092405,-0.321997,0.067326,-0.093150,-0.326039,-0.030050,-0.092777,-0.324018,0.003982,-0.112019,-0.299425,-0.054333,-0.115516,-0.296308
2026-05-26 16:58:36.454,102.999902,0.000000,0.000000,0.000000,-0.127426,-0.092405,-0.321997,0.067565,-0.092100,-0.326132,-0.029931,-0.092252,-0.324064,0.003982,-0.112019,-0.299425,-0.054333,-0.115516,-0.296308
2026-05-26 16:58:36.554,103.099902,0.000000,0.000000,0.000000,-0.127426,-0.092405,-0.321997,0.067326,-0.093150,-0.326039,-0.030050,-0.092777,-0.324018,0.003982,-0.112019,-0.299425,-0.053623,-0.115553,-0.296325
2026-05-26 16:58:36.654,103.199902,0.000000,0.000000,0.000000,-0.127426,-0.092405,-0.321997,0.067088,-0.094200,-0.325946,-0.030169,-0.093302,-0.323972,0.003982,-0.112019,-0.299425,-0.053623,-0.115553,-0.296325
2026-05-26 16:58:36.754,103.299901,0.000000,0.000000,0.000000,-0.127426,-0.092405,-0.321997,0.067565,-0.092100,-0.326132,-0.029931,-0.092252,-0.324064,0.003982,-0.112019,-0.299425,-0.053623,-0.115553,-0.296325
2026-05-26 16:58:36.854,103.399901,0.000000,0.000000,0.000000,-0.127491,-0.091338,-0.322085,0.067326,-0.093150,-0.326039,-0.030082,-0.092244,-0.324062,0.003265,-0.111982,-0.299408,-0.053623,-0.115553,-0.296325
2026-05-26 16:58:36.954,103.499901,0.000000,0.000000,0.000000,-0.127426,-0.092405,-0.321997,0.067565,-0.092100,-0.326132,-0.029931,-0.092252,-0.324064,0.003265,-0.111982,-0.299408,-0.053623,-0.115553,-0.296325
2026-05-26 16:58:37.054,103.599901,0.000000,0.000000,0.000000,-0.127491,-0.091338,-0.322085,0.067326,-0.093150,-0.326039,-0.030082,-0.092244,-0.324062,0.003265,-0.111982,-0.299408,-0.053623,-0.115553,-0.296325
2026-05-26 16:58:37.154,103.699901,0.000000,0.000000,0.000000,-0.127491,-0.091338,-0.322085,0.067326,-0.093150,-0.326039,-0.030082,-0.092244,-0.324062,0.003408,-0.110932,-0.299461,-0.053571,-0.114499,-0.296373
2026-05-26 16:58:37.254,103.799901,0.000000,0.000000,0.000000,-0.127426,-0.092405,-0.321997,0.067803,-0.091050,-0.326225,-0.029812,-0.091727,-0.324111,0.003265,-0.111982,-0.299408,-0.053623,-0.115553,-0.296325
2026-05-26 16:58:37.354,103.899901,0.000000,0.000000,0.000000,-0.127426,-0.092405,-0.321997,0.067326,-0.093150,-0.326039,-0.030050,-0.092777,-0.324018,0.003265,-0.111982,-0.299408,-0.053623,-0.115553,-0.296325
2026-05-26 16:58:37.454,103.999901,0.000000,0.000000,0.000000,-0.127491,-0.091338,-0.322085,0.067088,-0.094200,-0.325946,-0.030201,-0.092769,-0.324016,0.003265,-0.111982,-0.299408,-0.053571,-0.114499,-0.296373
2026-05-26 16:58:37.554,104.099901,0.000000,0.000000,0.000000,-0.127426,-0.092405,-0.321997,0.067326,-0.093150,-0.326039,-0.030050,-0.092777,-0.324018,0.003408,-0.110932,-0.299461,-0.053623,-0.115553,-0.296325
2026-05-26 16:58:37.654,104.199901,0.000000,0.000000,0.000000,-0.127426,-0.092405,-0.321997,0.067565,-0.092100,-0.326132,-0.029931,-0.092252,-0.324064,0.003265,-0.111982,-0.299408,-0.053571,-0.114499,-0.296373
2026-05-26 16:58:37.754,104.299901,0.000000,0.000000,0.000000,-0.127426,-0.092405,-0.321997,0.067326,-0.093150,-0.326039,-0.030050,-0.092777,-0.324018,0.003408,-0.110932,-0.299461,-0.053623,-0.115553,-0.296325
2026-05-26 16:58:37.854,104.399900,0.000000,0.000000,0.000000,-0.127426,-0.092405,-0.321997,0.067565,-0.092100,-0.326132,-0.029931,-0.092252,-0.324064,0.003265,-0.111982,-0.299408,-0.053571,-0.114499,-0.296373
2026-05-26 16:58:37.954,104.499900,0.000000,0.000000,0.000000,-0.127491,-0.091338,-0.322085,0.067326,-0.093150,-0.326039,-0.030082,-0.092244,-0.324062,0.003265,-0.111982,-0.299408,-0.053571,-0.114499,-0.296373
2026-05-26 16:58:38.054,104.599900,0.000000,0.000000,0.000000,-0.127491,-0.091338,-0.322085,0.067326,-0.093150,-0.326039,-0.030082,-0.092244,-0.324062,0.003265,-0.111982,-0.299408,-0.053623,-0.115553,-0.296325
2026-05-26 16:58:38.154,104.699900,0.000000,0.000000,0.000000,-0.127361,-0.093471,-0.321909,0.067326,-0.093150,-0.326039,-0.030018,-0.093310,-0.323974,0.003265,-0.111982,-0.299408,-0.053571,-0.114499,-0.296373
2026-05-26 16:58:38.254,104.799900,0.000000,0.000000,0.000000,-0.127426,-0.092405,-0.321997,0.067565,-0.092100,-0.326132,-0.029931,-0.092252,-0.324064,0.003265,-0.111982,-0.299408,-0.053571,-0.114499,-0.296373
2026-05-26 16:58:38.354,104.899900,0.000000,0.000000,0.000000,-0.127491,-0.091338,-0.322085,0.067803,-0.091050,-0.326225,-0.029844,-0.091194,-0.324155,0.003551,-0.109882,-0.299514,-0.053623,-0.115553,-0.296325
2026-05-26 16:58:38.454,104.999900,0.000000,0.000000,0.000000,-0.127491,-0.091338,-0.322085,0.067326,-0.093150,-0.326039,-0.030082,-0.092244,-0.324062,0.003408,-0.110932,-0.299461,-0.053623,-0.115553,-0.296325
2026-05-26 16:58:38.554,105.099900,0.000000,0.000000,0.000000,-0.127426,-0.092405,-0.321997,0.067326,-0.093150,-0.326039,-0.030050,-0.092777,-0.324018,0.003265,-0.111982,-0.299408,-0.053623,-0.115553,-0.296325
2026-05-26 16:58:38.654,105.199900,0.000000,0.000000,0.000000,-0.127491,-0.091338,-0.322085,0.067326,-0.093150,-0.326039,-0.030082,-0.092244,-0.324062,0.003408,-0.110932,-0.299461,-0.053623,-0.115553,-0.296325
2026-05-26 16:58:38.754,105.299900,0.000000,0.000000,0.000000,-0.127426,-0.092405,-0.321997,0.067326,-0.093150,-0.326039,-0.030050,-0.092777,-0.324018,0.003265,-0.111982,-0.299408,-0.053623,-0.115553,-0.296325
2026-05-26 16:58:38.854,105.399899,0.000000,0.000000,0.000000,-0.127426,-0.092405,-0.321997,0.067565,-0.092100,-0.326132,-0.029931,-0.092252,-0.324064,0.003408,-0.110932,-0.299461,-0.053623,-0.115553,-0.296325
2026-05-26 16:58:38.954,105.499899,0.000000,0.000000,0.000000,-0.127426,-0.092405,-0.321997,0.067565,-0.092100,-0.326132,-0.029931,-0.092252,-0.324064,0.003408,-0.110932,-0.299461,-0.053623,-0.115553,-0.296325
2026-05-26 16:58:39.054,105.599899,0.000000,0.000000,0.000000,-0.127426,-0.092405,-0.321997,0.067326,-0.093150,-0.326039,-0.030050,-0.092777,-0.324018,0.003408,-0.110932,-0.299461,-0.053623,-0.115553,-0.296325
2026-05-26 16:58:39.154,105.699899,0.000000,0.000000,0.000000,-0.127426,-0.092405,-0.321997,0.067565,-0.092100,-0.326132,-0.029931,-0.092252,-0.324064,0.003337,-0.111457,-0.299434,-0.053571,-0.114499,-0.296373
2026-05-26 16:58:39.254,105.799899,0.000000,0.000000,0.000000,-0.127491,-0.091338,-0.322085,0.067565,-0.092100,-0.326132,-0.029963,-0.091719,-0.324108,0.003265,-0.111982,-0.299408,-0.053623,-0.115553,-0.296325
2026-05-26 16:58:39.354,105.899899,0.000000,0.000000,0.000000,-0.127491,-0.091338,-0.322085,0.067326,-0.093150,-0.326039,-0.030082,-0.092244,-0.324062,0.003265,-0.111982,-0.299408,-0.053571,-0.114499,-0.296373
2026-05-26 16:58:39.454,105.999899,0.000000,0.000000,0.000000,-0.127491,-0.091338,-0.322085,0.067326,-0.093150,-0.326039,-0.030082,-0.092244,-0.324062,0.003265,-0.111982,-0.299408,-0.053623,-0.115553,-0.296325
2026-05-26 16:58:39.554,106.099899,0.000000,0.000000,0.000000,-0.127491,-0.091338,-0.322085,0.067565,-0.092100,-0.326132,-0.029963,-0.091719,-0.324108,0.003265,-0.111982,-0.299408,-0.053571,-0.114499,-0.296373
2026-05-26 16:58:39.654,106.199899,0.000000,0.000000,0.000000,-0.127426,-0.092405,-0.321997,0.067326,-0.093150,-0.326039,-0.030050,-0.092777,-0.324018,0.003408,-0.110932,-0.299461,-0.053623,-0.115553,-0.296325
2026-05-26 16:58:39.754,106.299899,0.000000,0.000000,0.000000,-0.127491,-0.091338,-0.322085,0.067088,-0.094200,-0.325946,-0.030201,-0.092769,-0.324016,0.003265,-0.111982,-0.299408,-0.053623,-0.115553,-0.296325
2026-05-26 16:58:39.854,106.399899,0.000000,0.000000,0.000000,-0.127491,-0.091338,-0.322085,0.067565,-0.092100,-0.326132,-0.029963,-0.091719,-0.324108,0.003265,-0.111982,-0.299408,-0.053623,-0.115553,-0.296325
2026-05-26 16:58:39.954,106.499898,0.000000,0.000000,0.000000,-0.127426,-0.092405,-0.321997,0.067565,-0.092100,-0.326132,-0.029931,-0.092252,-0.324064,0.003265,-0.111982,-0.299408,-0.053623,-0.115553,-0.296325
2026-05-26 16:58:40.054,106.599898,0.000000,0.000000,0.000000,-0.127426,-0.092405,-0.321997,0.067565,-0.092100,-0.326132,-0.029931,-0.092252,-0.324064,0.003265,-0.111982,-0.299408,-0.053623,-0.115553,-0.296325
2026-05-26 16:58:40.154,106.699898,0.000000,0.000000,0.000000,-0.126699,-0.092442,-0.322015,0.067326,-0.093150,-0.326039,-0.029687,-0.092796,-0.324027,0.003551,-0.109882,-0.299514,-0.054333,-0.115516,-0.296308
2026-05-26 16:58:40.254,106.799898,0.000000,0.000000,0.000000,-0.127491,-0.091338,-0.322085,0.067326,-0.093150,-0.326039,-0.030082,-0.092244,-0.324062,0.003408,-0.110932,-0.299461,-0.054333,-0.115516,-0.296308
2026-05-26 16:58:40.354,106.899898,0.000000,0.000000,0.000000,-0.127426,-0.092405,-0.321997,0.067088,-0.094200,-0.325946,-0.030169,-0.093302,-0.323972,0.003265,-0.111982,-0.299408,-0.054333,-0.115516,-0.296308
2026-05-26 16:58:40.454,106.999898,0.000000,0.000000,0.000000,-0.127491,-0.091338,-0.322085,0.067326,-0.093150,-0.326039,-0.030082,-0.092244,-0.324062,0.003265,-0.111982,-0.299408,-0.054333,-0.115516,-0.296308
2026-05-26 16:58:40.554,107.099898,0.000000,0.000000,0.000000,-0.127491,-0.091338,-0.322085,0.067326,-0.093150,-0.326039,-0.030082,-0.092244,-0.324062,0.003982,-0.112019,-0.299425,-0.054333,-0.115516,-0.296308
2026-05-26 16:58:40.654,107.199898,0.000000,0.000000,0.000000,-0.127491,-0.091338,-0.322085,0.067326,-0.093150,-0.326039,-0.030082,-0.092244,-0.324062,0.003982,-0.112019,-0.299425,-0.054333,-0.115516,-0.296308
2026-05-26 16:58:40.754,107.299898,0.000000,0.000000,0.000000,-0.127426,-0.092405,-0.321997,0.067326,-0.093150,-0.326039,-0.030050,-0.092777,-0.324018,0.003982,-0.112019,-0.299425,-0.055043,-0.115480,-0.296290
2026-05-26 16:58:40.854,107.399898,0.000000,0.000000,0.000000,-0.127426,-0.092405,-0.321997,0.067565,-0.092100,-0.326132,-0.029931,-0.092252,-0.324064,0.003982,-0.112019,-0.299425,-0.055043,-0.115480,-0.296290
2026-05-26 16:58:40.954,107.499897,0.000000,0.000000,0.000000,-0.127426,-0.092405,-0.321997,0.067088,-0.094200,-0.325946,-0.030169,-0.093302,-0.323972,0.003982,-0.112019,-0.299425,-0.055043,-0.115480,-0.296290
2026-05-26 16:58:41.054,107.599897,0.000000,0.000000,0.000000,-0.127491,-0.091338,-0.322085,0.067326,-0.093150,-0.326039,-0.030082,-0.092244,-0.324062,0.003838,-0.113069,-0.299372,-0.055043,-0.115480,-0.296290
2026-05-26 16:58:41.154,107.699897,0.000000,0.000000,0.000000,-0.127491,-0.091338,-0.322085,0.067803,-0.091050,-0.326225,-0.029844,-0.091194,-0.324155,0.003838,-0.113069,-0.299372,-0.055752,-0.115443,-0.296273
2026-05-26 16:58:41.254,107.799897,0.000000,0.000000,0.000000,-0.127491,-0.091338,-0.322085,0.067326,-0.093150,-0.326039,-0.030082,-0.092244,-0.324062,0.003838,-0.113069,-0.299372,-0.055801,-0.116497,-0.296225
2026-05-26 16:58:41.354,107.899897,0.000000,0.000000,0.000000,-0.127426,-0.092405,-0.321997,0.067326,-0.093150,-0.326039,-0.030050,-0.092777,-0.324018,0.004553,-0.113106,-0.299389,-0.055801,-0.116497,-0.296225
2026-05-26 16:58:41.454,107.999897,0.000000,0.000000,0.000000,-0.127491,-0.091338,-0.322085,0.067565,-0.092100,-0.326132,-0.029963,-0.091719,-0.324108,0.003910,-0.112544,-0.299398,-0.055801,-0.116497,-0.296225
2026-05-26 16:58:41.554,108.099897,0.000000,0.000000,0.000000,-0.127426,-0.092405,-0.321997,0.067326,-0.093150,-0.326039,-0.030050,-0.092777,-0.324018,0.003982,-0.112019,-0.299425,-0.055752,-0.115443,-0.296273
2026-05-26 16:58:41.654,108.199897,0.000000,0.000000,0.000000,-0.127426,-0.092405,-0.321997,0.067326,-0.093150,-0.326039,-0.030050,-0.092777,-0.324018,0.003838,-0.113069,-0.299372,-0.055801,-0.116497,-0.296225
2026-05-26 16:58:41.754,108.299897,0.000000,0.000000,0.000000,-0.127491,-0.091338,-0.322085,0.067326,-0.093150,-0.326039,-0.030082,-0.092244,-0.324062,0.003838,-0.113069,-0.299372,-0.055093,-0.116534,-0.296242
2026-05-26 16:58:41.854,108.399897,0.000000,0.000000,0.000000,-0.127361,-0.093471,-0.321909,0.067565,-0.092100,-0.326132,-0.029898,-0.092785,-0.324021,0.004698,-0.112056,-0.299442,-0.055752,-0.115443,-0.296273
2026-05-26 16:58:41.954,108.499897,0.000000,0.000000,0.000000,-0.127426,-0.092405,-0.321997,0.067326,-0.093150,-0.326039,-0.030050,-0.092777,-0.324018,0.003838,-0.113069,-0.299372,-0.055752,-0.115443,-0.296273
2026-05-26 16:58:42.054,108.599896,0.000000,0.000000,0.000000,-0.127426,-0.092405,-0.321997,0.067326,-0.093150,-0.326039,-0.030050,-0.092777,-0.324018,0.003838,-0.113069,-0.299372,-0.055752,-0.115443,-0.296273
2026-05-26 16:58:42.154,108.699896,0.000000,0.000000,0.000000,-0.127491,-0.091338,-0.322085,0.067565,-0.092100,-0.326132,-0.029963,-0.091719,-0.324108,0.003838,-0.113069,-0.299372,-0.055752,-0.115443,-0.296273
2026-05-26 16:58:42.254,108.799896,0.000000,0.000000,0.000000,-0.127491,-0.091338,-0.322085,0.067565,-0.092100,-0.326132,-0.029963,-0.091719,-0.324108,0.003838,-0.113069,-0.299372,-0.055801,-0.116497,-0.296225
2026-05-26 16:58:42.354,108.899896,0.000000,0.000000,0.000000,-0.127426,-0.092405,-0.321997,0.067326,-0.093150,-0.326039,-0.030050,-0.092777,-0.324018,0.003838,-0.113069,-0.299372,-0.055801,-0.116497,-0.296225
2026-05-26 16:58:42.454,108.999896,0.000000,0.000000,0.000000,-0.127426,-0.092405,-0.321997,0.067565,-0.092100,-0.326132,-0.029931,-0.092252,-0.324064,0.003838,-0.113069,-0.299372,-0.055752,-0.115443,-0.296273
2026-05-26 16:58:42.554,109.099896,0.000000,0.000000,0.000000,-0.127426,-0.092405,-0.321997,0.067326,-0.093150,-0.326039,-0.030050,-0.092777,-0.324018,0.003838,-0.113069,-0.299372,-0.055801,-0.116497,-0.296225
2026-05-26 16:58:42.654,109.199896,0.000000,0.000000,0.000000,-0.127491,-0.091338,-0.322085,0.067565,-0.092100,-0.326132,-0.029963,-0.091719,-0.324108,0.003838,-0.113069,-0.299372,-0.055801,-0.116497,-0.296225
2026-05-26 16:58:42.754,109.299896,0.000000,0.000000,0.000000,-0.127426,-0.092405,-0.321997,0.067326,-0.093150,-0.326039,-0.030050,-0.092777,-0.324018,0.003838,-0.113069,-0.299372,-0.055801,-0.116497,-0.296225
2026-05-26 16:58:42.854,109.399896,0.000000,0.000000,0.000000,-0.127426,-0.092405,-0.321997,0.067565,-0.092100,-0.326132,-0.029931,-0.092252,-0.324064,0.003838,-0.113069,-0.299372,-0.055801,-0.116497,-0.296225
2026-05-26 16:58:42.954,109.499896,0.000000,0.000000,0.000000,-0.127426,-0.092405,-0.321997,0.067326,-0.093150,-0.326039,-0.030050,-0.092777,-0.324018,0.003838,-0.113069,-0.299372,-0.055752,-0.115443,-0.296273
2026-05-26 16:58:43.054,109.599895,0.000000,0.000000,0.000000,-0.127491,-0.091338,-0.322085,0.067565,-0.092100,-0.326132,-0.029963,-0.091719,-0.324108,0.003838,-0.113069,-0.299372,-0.055752,-0.115443,-0.296273
2026-05-26 16:58:43.154,109.699895,0.000000,0.000000,0.000000,-0.127426,-0.092405,-0.321997,0.067326,-0.093150,-0.326039,-0.030050,-0.092777,-0.324018,0.003838,-0.113069,-0.299372,-0.055752,-0.115443,-0.296273
2026-05-26 16:58:43.254,109.799895,0.000000,0.000000,0.000000,-0.127491,-0.091338,-0.322085,0.067565,-0.092100,-0.326132,-0.029963,-0.091719,-0.324108,0.003838,-0.113069,-0.299372,-0.055752,-0.115443,-0.296273
2026-05-26 16:58:43.354,109.899895,0.000000,0.000000,0.000000,-0.127491,-0.091338,-0.322085,0.067326,-0.093150,-0.326039,-0.030082,-0.092244,-0.324062,0.003838,-0.113069,-0.299372,-0.055801,-0.116497,-0.296225
2026-05-26 16:58:43.454,109.999895,0.000000,0.000000,0.000000,-0.127426,-0.092405,-0.321997,0.067326,-0.093150,-0.326039,-0.030050,-0.092777,-0.324018,0.003838,-0.113069,-0.299372,-0.055801,-0.116497,-0.296225
2026-05-26 16:58:43.554,110.099895,0.000000,0.000000,0.000000,-0.127361,-0.093471,-0.321909,0.067326,-0.093150,-0.326039,-0.030018,-0.093310,-0.323974,0.003838,-0.113069,-0.299372,-0.055752,-0.115443,-0.296273
2026-05-26 16:58:43.654,110.199895,0.000000,0.000000,0.000000,-0.127426,-0.092405,-0.321997,0.067565,-0.092100,-0.326132,-0.029931,-0.092252,-0.324064,0.003982,-0.112019,-0.299425,-0.055801,-0.116497,-0.296225
2026-05-26 16:58:43.754,110.299895,0.000000,0.000000,0.000000,-0.127426,-0.092405,-0.321997,0.067326,-0.093150,-0.326039,-0.030050,-0.092777,-0.324018,0.003838,-0.113069,-0.299372,-0.055752,-0.115443,-0.296273
2026-05-26 16:58:43.854,110.399895,0.000000,0.000000,0.000000,-0.127426,-0.092405,-0.321997,0.067326,-0.093150,-0.326039,-0.030050,-0.092777,-0.324018,0.003838,-0.113069,-0.299372,-0.055801,-0.116497,-0.296225
2026-05-26 16:58:43.954,110.499895,0.000000,0.000000,0.000000,-0.127556,-0.090272,-0.322173,0.067088,-0.094200,-0.325946,-0.030234,-0.092236,-0.324059,0.003982,-0.112019,-0.299425,-0.055801,-0.116497,-0.296225
2026-05-26 16:58:44.054,110.599895,0.000000,0.000000,0.000000,-0.127491,-0.091338,-0.322085,0.067326,-0.093150,-0.326039,-0.030082,-0.092244,-0.324062,0.003838,-0.113069,-0.299372,-0.055752,-0.115443,-0.296273
2026-05-26 16:58:44.154,110.699894,0.000000,0.000000,0.000000,-0.127426,-0.092405,-0.321997,0.067326,-0.093150,-0.326039,-0.030050,-0.092777,-0.324018,0.003838,-0.113069,-0.299372,-0.055801,-0.116497,-0.296225
2026-05-26 16:58:44.254,110.799894,0.000000,0.000000,0.000000,-0.127491,-0.091338,-0.322085,0.067088,-0.094200,-0.325946,-0.030201,-0.092769,-0.324016,0.003838,-0.113069,-0.299372,-0.055752,-0.115443,-0.296273
2026-05-26 16:58:44.354,110.899894,0.000000,0.000000,0.000000,-0.127556,-0.090272,-0.322173,0.067088,-0.094200,-0.325946,-0.030234,-0.092236,-0.324059,0.003838,-0.113069,-0.299372,-0.055801,-0.116497,-0.296225
2026-05-26 16:58:44.454,110.999894,0.000000,0.000000,0.000000,-0.127426,-0.092405,-0.321997,0.067565,-0.092100,-0.326132,-0.029931,-0.092252,-0.324064,0.003838,-0.113069,-0.299372,-0.055752,-0.115443,-0.296273
2026-05-26 16:58:44.554,111.099894,0.000000,0.000000,0.000000,-0.127426,-0.092405,-0.321997,0.067326,-0.093150,-0.326039,-0.030050,-0.092777,-0.324018,0.003838,-0.113069,-0.299372,-0.055801,-0.116497,-0.296225
2026-05-26 16:58:44.654,111.199894,0.000000,0.000000,0.000000,-0.127426,-0.092405,-0.321997,0.067565,-0.092100,-0.326132,-0.029931,-0.092252,-0.324064,0.003838,-0.113069,-0.299372,-0.055752,-0.115443,-0.296273
2026-05-26 16:58:44.754,111.299894,0.000000,0.000000,0.000000,-0.127426,-0.092405,-0.321997,0.067326,-0.093150,-0.326039,-0.030050,-0.092777,-0.324018,0.003982,-0.112019,-0.299425,-0.055752,-0.115443,-0.296273
2026-05-26 16:58:44.854,111.399894,0.000000,0.000000,0.000000,-0.127491,-0.091338,-0.322085,0.067326,-0.093150,-0.326039,-0.030082,-0.092244,-0.324062,0.003838,-0.113069,-0.299372,-0.055752,-0.115443,-0.296273
2026-05-26 16:58:44.954,111.499894,0.000000,0.000000,0.000000,-0.127426,-0.092405,-0.321997,0.067326,-0.093150,-0.326039,-0.030050,-0.092777,-0.324018,0.003838,-0.113069,-0.299372,-0.055752,-0.115443,-0.296273
2026-05-26 16:58:45.054,111.599894,0.000000,0.000000,0.000000,-0.127426,-0.092405,-0.321997,0.067565,-0.092100,-0.326132,-0.029931,-0.092252,-0.324064,0.003838,-0.113069,-0.299372,-0.055752,-0.115443,-0.296273
2026-05-26 16:58:45.154,111.699893,0.000000,0.000000,0.000000,-0.127426,-0.092405,-0.321997,0.067326,-0.093150,-0.326039,-0.030050,-0.092777,-0.324018,0.003910,-0.112544,-0.299398,-0.055752,-0.115443,-0.296273
2026-05-26 16:58:45.254,111.799893,0.000000,0.000000,0.000000,-0.127426,-0.092405,-0.321997,0.067326,-0.093150,-0.326039,-0.030050,-0.092777,-0.324018,0.003838,-0.113069,-0.299372,-0.055801,-0.116497,-0.296225
2026-05-26 16:58:45.354,111.899893,0.000000,0.000000,0.000000,-0.127426,-0.092405,-0.321997,0.067326,-0.093150,-0.326039,-0.030050,-0.092777,-0.324018,0.003838,-0.113069,-0.299372,-0.055801,-0.116497,-0.296225
2026-05-26 16:58:45.454,111.999893,0.000000,0.000000,0.000000,-0.127491,-0.091338,-0.322085,0.067326,-0.093150,-0.326039,-0.030082,-0.092244,-0.324062,0.003838,-0.113069,-0.299372,-0.055752,-0.115443,-0.296273
2026-05-26 16:58:45.554,112.099893,0.000000,0.000000,0.000000,-0.127361,-0.093471,-0.321909,0.067565,-0.092100,-0.326132,-0.029898,-0.092785,-0.324021,0.003838,-0.113069,-0.299372,-0.055801,-0.116497,-0.296225
2026-05-26 16:58:45.654,112.199893,0.000000,0.000000,0.000000,-0.127426,-0.092405,-0.321997,0.067803,-0.091050,-0.326225,-0.029812,-0.091727,-0.324111,0.003982,-0.112019,-0.299425,-0.055752,-0.115443,-0.296273
2026-05-26 16:58:45.754,112.299893,0.000000,0.000000,0.000000,-0.127491,-0.091338,-0.322085,0.067326,-0.093150,-0.326039,-0.030082,-0.092244,-0.324062,0.004553,-0.113106,-0.299389,-0.055801,-0.116497,-0.296225
2026-05-26 16:58:45.854,112.399893,0.000000,0.000000,0.000000,-0.127491,-0.091338,-0.322085,0.067326,-0.093150,-0.326039,-0.030082,-0.092244,-0.324062,0.003838,-0.113069,-0.299372,-0.055801,-0.116497,-0.296225
2026-05-26 16:58:45.954,112.499893,0.000000,0.000000,0.000000,-0.127426,-0.092405,-0.321997,0.067326,-0.093150,-0.326039,-0.030050,-0.092777,-0.324018,0.003838,-0.113069,-0.299372,-0.055801,-0.116497,-0.296225
2026-05-26 16:58:46.054,112.599893,0.000000,0.000000,0.000000,-0.127426,-0.092405,-0.321997,0.067326,-0.093150,-0.326039,-0.030050,-0.092777,-0.324018,0.003838,-0.113069,-0.299372,-0.055752,-0.115443,-0.296273
2026-05-26 16:58:46.154,112.699893,0.000000,0.000000,0.000000,-0.127426,-0.092405,-0.321997,0.067565,-0.092100,-0.326132,-0.029931,-0.092252,-0.324064,0.003838,-0.113069,-0.299372,-0.055752,-0.115443,-0.296273
2026-05-26 16:58:46.254,112.799892,0.000000,0.000000,0.000000,-0.127426,-0.092405,-0.321997,0.067088,-0.094200,-0.325946,-0.030169,-0.093302,-0.323972,0.003838,-0.113069,-0.299372,-0.055752,-0.115443,-0.296273
2026-05-26 16:58:46.354,112.899892,0.000000,0.000000,0.000000,-0.127426,-0.092405,-0.321997,0.067326,-0.093150,-0.326039,-0.030050,-0.092777,-0.324018,0.003838,-0.113069,-0.299372,-0.055752,-0.115443,-0.296273
2026-05-26 16:58:46.454,112.999892,0.000000,0.000000,0.000000,-0.127491,-0.091338,-0.322085,0.067565,-0.092100,-0.326132,-0.029963,-0.091719,-0.324108,0.003838,-0.113069,-0.299372,-0.055752,-0.115443,-0.296273
2026-05-26 16:58:46.554,113.099892,0.000000,0.000000,0.000000,-0.127426,-0.092405,-0.321997,0.067326,-0.093150,-0.326039,-0.030050,-0.092777,-0.324018,0.003838,-0.113069,-0.299372,-0.055752,-0.115443,-0.296273
2026-05-26 16:58:46.654,113.199892,0.000000,0.000000,0.000000,-0.127426,-0.092405,-0.321997,0.067565,-0.092100,-0.326132,-0.029931,-0.092252,-0.324064,0.003838,-0.113069,-0.299372,-0.055752,-0.115443,-0.296273
2026-05-26 16:58:46.754,113.299892,0.000000,0.000000,0.000000,-0.127491,-0.091338,-0.322085,0.067565,-0.092100,-0.326132,-0.029963,-0.091719,-0.324108,0.003838,-0.113069,-0.299372,-0.055752,-0.115443,-0.296273
2026-05-26 16:58:46.854,113.399892,0.000000,0.000000,0.000000,-0.127491,-0.091338,-0.322085,0.067326,-0.093150,-0.326039,-0.030082,-0.092244,-0.324062,0.003838,-0.113069,-0.299372,-0.055752,-0.115443,-0.296273
2026-05-26 16:58:46.954,113.499892,0.000000,0.000000,0.000000,-0.127426,-0.092405,-0.321997,0.067326,-0.093150,-0.326039,-0.030050,-0.092777,-0.324018,0.003838,-0.113069,-0.299372,-0.055752,-0.115443,-0.296273
2026-05-26 16:58:47.054,113.599892,0.000000,0.000000,0.000000,-0.127426,-0.092405,-0.321997,0.067565,-0.092100,-0.326132,-0.029931,-0.092252,-0.324064,0.003838,-0.113069,-0.299372,-0.055752,-0.115443,-0.296273
2026-05-26 16:58:47.154,113.699892,0.000000,0.000000,0.000000,-0.127426,-0.092405,-0.321997,0.067326,-0.093150,-0.326039,-0.030050,-0.092777,-0.324018,0.003838,-0.113069,-0.299372,-0.055752,-0.115443,-0.296273
2026-05-26 16:58:47.254,113.799891,0.000000,0.000000,0.000000,-0.127426,-0.092405,-0.321997,0.067326,-0.093150,-0.326039,-0.030050,-0.092777,-0.324018,0.003838,-0.113069,-0.299372,-0.055752,-0.115443,-0.296273
2026-05-26 16:58:47.354,113.899891,0.000000,0.000000,0.000000,-0.127491,-0.091338,-0.322085,0.067565,-0.092100,-0.326132,-0.029963,-0.091719,-0.324108,0.003838,-0.113069,-0.299372,-0.055752,-0.115443,-0.296273
2026-05-26 16:58:47.454,113.999891,0.000000,0.000000,0.000000,-0.127426,-0.092405,-0.321997,0.067565,-0.092100,-0.326132,-0.029931,-0.092252,-0.324064,0.003838,-0.113069,-0.299372,-0.055752,-0.115443,-0.296273
2026-05-26 16:58:47.554,114.099891,0.000000,0.000000,0.000000,-0.127426,-0.092405,-0.321997,0.067326,-0.093150,-0.326039,-0.030050,-0.092777,-0.324018,0.003994,-0.112112,-0.298713,-0.055752,-0.115443,-0.296273
2026-05-26 16:58:47.654,114.199891,0.000000,0.000000,0.000000,-0.127426,-0.092405,-0.321997,0.067326,-0.093150,-0.326039,-0.030050,-0.092777,-0.324018,0.003838,-0.113069,-0.299372,-0.055752,-0.115443,-0.296273
2026-05-26 16:58:47.754,114.299891,0.000000,0.000000,0.000000,-0.127426,-0.092405,-0.321997,0.067326,-0.093150,-0.326039,-0.030050,-0.092777,-0.324018,0.003838,-0.113069,-0.299372,-0.055752,-0.115443,-0.296273
2026-05-26 16:58:47.854,114.399891,0.000000,0.000000,0.000000,-0.127491,-0.091338,-0.322085,0.067326,-0.093150,-0.326039,-0.030082,-0.092244,-0.324062,0.003982,-0.112019,-0.299425,-0.055752,-0.115443,-0.296273
2026-05-26 16:58:47.954,114.499891,0.000000,0.000000,0.000000,-0.127426,-0.092405,-0.321997,0.067326,-0.093150,-0.326039,-0.030050,-0.092777,-0.324018,0.003838,-0.113069,-0.299372,-0.055752,-0.115443,-0.296273
2026-05-26 16:58:48.054,114.599891,0.000000,0.000000,0.000000,-0.127426,-0.092405,-0.321997,0.067326,-0.093150,-0.326039,-0.030050,-0.092777,-0.324018,0.003838,-0.113069,-0.299372,-0.055752,-0.115443,-0.296273
2026-05-26 16:58:48.154,114.699891,0.000000,0.000000,0.000000,-0.127426,-0.092405,-0.321997,0.067326,-0.093150,-0.326039,-0.030050,-0.092777,-0.324018,0.003838,-0.113069,-0.299372,-0.055752,-0.115443,-0.296273
2026-05-26 16:58:48.254,114.799891,0.000000,0.000000,0.000000,-0.127426,-0.092405,-0.321997,0.067326,-0.093150,-0.326039,-0.030050,-0.092777,-0.324018,0.003838,-0.113069,-0.299372,-0.055752,-0.115443,-0.296273
2026-05-26 16:58:48.354,114.899890,0.000000,0.000000,0.000000,-0.127491,-0.091338,-0.322085,0.067326,-0.093150,-0.326039,-0.030082,-0.092244,-0.324062,0.003838,-0.113069,-0.299372,-0.055752,-0.115443,-0.296273
2026-05-26 16:58:48.454,114.999890,0.000000,0.000000,0.000000,-0.127491,-0.091338,-0.322085,0.067326,-0.093150,-0.326039,-0.030082,-0.092244,-0.324062,0.003994,-0.112112,-0.298713,-0.055752,-0.115443,-0.296273
2026-05-26 16:58:48.554,115.099890,0.000000,0.000000,0.000000,-0.127426,-0.092405,-0.321997,0.067565,-0.092100,-0.326132,-0.029931,-0.092252,-0.324064,0.003922,-0.112637,-0.298687,-0.055752,-0.115443,-0.296273
2026-05-26 16:58:48.654,115.199890,0.000000,0.000000,0.000000,-0.127361,-0.093471,-0.321909,0.067088,-0.094200,-0.325946,-0.030137,-0.093835,-0.323928,0.003838,-0.113069,-0.299372,-0.055752,-0.115443,-0.296273
2026-05-26 16:58:48.754,115.299890,0.000000,0.000000,0.000000,-0.127491,-0.091338,-0.322085,0.067088,-0.094200,-0.325946,-0.030201,-0.092769,-0.324016,0.003850,-0.113162,-0.298661,-0.055752,-0.115443,-0.296273
2026-05-26 16:58:48.854,115.399890,0.000000,0.000000,0.000000,-0.127426,-0.092405,-0.321997,0.067326,-0.093150,-0.326039,-0.030050,-0.092777,-0.324018,0.003838,-0.113069,-0.299372,-0.055752,-0.115443,-0.296273
2026-05-26 16:58:48.954,115.499890,0.000000,0.000000,0.000000,-0.127426,-0.092405,-0.321997,0.067565,-0.092100,-0.326132,-0.029931,-0.092252,-0.324064,0.003838,-0.113069,-0.299372,-0.055752,-0.115443,-0.296273
2026-05-26 16:58:49.054,115.599890,0.000000,0.000000,0.000000,-0.127361,-0.093471,-0.321909,0.066850,-0.095250,-0.325853,-0.030256,-0.094360,-0.323881,0.003838,-0.113069,-0.299372,-0.055752,-0.115443,-0.296273
2026-05-26 16:58:49.154,115.699890,0.000000,0.000000,0.000000,-0.127491,-0.091338,-0.322085,0.067565,-0.092100,-0.326132,-0.029963,-0.091719,-0.324108,0.003838,-0.113069,-0.299372,-0.055752,-0.115443,-0.296273
2026-05-26 16:58:49.254,115.799890,0.000000,0.000000,0.000000,-0.127426,-0.092405,-0.321997,0.067088,-0.094200,-0.325946,-0.030169,-0.093302,-0.323972,0.003838,-0.113069,-0.299372,-0.055752,-0.115443,-0.296273
2026-05-26 16:58:49.354,115.899889,0.000000,0.000000,0.000000,-0.127426,-0.092405,-0.321997,0.067565,-0.092100,-0.326132,-0.029931,-0.092252,-0.324064,0.003838,-0.113069,-0.299372,-0.055752,-0.115443,-0.296273
2026-05-26 16:58:49.454,115.999889,0.000000,0.000000,0.000000,-0.127426,-0.092405,-0.321997,0.067565,-0.092100,-0.326132,-0.029931,-0.092252,-0.324064,0.003838,-0.113069,-0.299372,-0.055752,-0.115443,-0.296273
2026-05-26 16:58:49.554,116.099889,0.000000,0.000000,0.000000,-0.127426,-0.092405,-0.321997,0.067565,-0.092100,-0.326132,-0.029931,-0.092252,-0.324064,0.003694,-0.114119,-0.299319,-0.055801,-0.116497,-0.296225
2026-05-26 16:58:49.654,116.199889,0.000000,0.000000,0.000000,-0.127361,-0.093471,-0.321909,0.067565,-0.092100,-0.326132,-0.029898,-0.092785,-0.324021,0.003850,-0.113162,-0.298661,-0.055777,-0.115970,-0.296249
2026-05-26 16:58:49.754,116.299889,0.000000,0.000000,0.000000,-0.127426,-0.092405,-0.321997,0.067326,-0.093150,-0.326039,-0.030050,-0.092777,-0.324018,0.003850,-0.113162,-0.298661,-0.055801,-0.116497,-0.296225
2026-05-26 16:58:49.854,116.399889,0.000000,0.000000,0.000000,-0.127491,-0.091338,-0.322085,0.067326,-0.093150,-0.326039,-0.030082,-0.092244,-0.324062,0.003838,-0.113069,-0.299372,-0.055801,-0.116497,-0.296225
2026-05-26 16:58:49.954,116.499889,0.000000,0.000000,0.000000,-0.127426,-0.092405,-0.321997,0.067565,-0.092100,-0.326132,-0.029931,-0.092252,-0.324064,0.003838,-0.113069,-0.299372,-0.055752,-0.115443,-0.296273
2026-05-26 16:58:50.054,116.599889,0.000000,0.000000,0.000000,-0.127426,-0.092405,-0.321997,0.067326,-0.093150,-0.326039,-0.030050,-0.092777,-0.324018,0.003838,-0.113069,-0.299372,-0.055752,-0.115443,-0.296273
2026-05-26 16:58:50.154,116.699889,0.000000,0.000000,0.000000,-0.127491,-0.091338,-0.322085,0.067326,-0.093150,-0.326039,-0.030082,-0.092244,-0.324062,0.003850,-0.113162,-0.298661,-0.055752,-0.115443,-0.296273
2026-05-26 16:58:50.254,116.799889,0.000000,0.000000,0.000000,-0.127361,-0.093471,-0.321909,0.067565,-0.092100,-0.326132,-0.029898,-0.092785,-0.324021,0.003838,-0.113069,-0.299372,-0.055752,-0.115443,-0.296273
2026-05-26 16:58:50.354,116.899889,0.000000,0.000000,0.000000,-0.127426,-0.092405,-0.321997,0.067088,-0.094200,-0.325946,-0.030169,-0.093302,-0.323972,0.003838,-0.113069,-0.299372,-0.055752,-0.115443,-0.296273
2026-05-26 16:58:50.454,116.999888,0.000000,0.000000,0.000000,-0.127361,-0.093471,-0.321909,0.067326,-0.093150,-0.326039,-0.030018,-0.093310,-0.323974,0.003838,-0.113069,-0.299372,-0.055752,-0.115443,-0.296273
2026-05-26 16:58:50.554,117.099888,0.000000,0.000000,0.000000,-0.127426,-0.092405,-0.321997,0.067326,-0.093150,-0.326039,-0.030050,-0.092777,-0.324018,0.003838,-0.113069,-0.299372,-0.055752,-0.115443,-0.296273
2026-05-26 16:58:50.654,117.199888,0.000000,0.000000,0.000000,-0.127491,-0.091338,-0.322085,0.067088,-0.094200,-0.325946,-0.030201,-0.092769,-0.324016,0.003838,-0.113069,-0.299372,-0.055752,-0.115443,-0.296273
2026-05-26 16:58:50.754,117.299888,0.000000,0.000000,0.000000,-0.127426,-0.092405,-0.321997,0.067326,-0.093150,-0.326039,-0.030050,-0.092777,-0.324018,0.003838,-0.113069,-0.299372,-0.055752,-0.115443,-0.296273
2026-05-26 16:58:50.854,117.399888,0.000000,0.000000,0.000000,-0.127491,-0.091338,-0.322085,0.067088,-0.094200,-0.325946,-0.030201,-0.092769,-0.324016,0.003838,-0.113069,-0.299372,-0.055801,-0.116497,-0.296225
2026-05-26 16:58:50.954,117.499888,0.000000,0.000000,0.000000,-0.127426,-0.092405,-0.321997,0.067326,-0.093150,-0.326039,-0.030050,-0.092777,-0.324018,0.003838,-0.113069,-0.299372,-0.055752,-0.115443,-0.296273
2026-05-26 16:58:51.054,117.599888,0.000000,0.000000,0.000000,-0.127426,-0.092405,-0.321997,0.067088,-0.094200,-0.325946,-0.030169,-0.093302,-0.323972,0.003838,-0.113069,-0.299372,-0.055752,-0.115443,-0.296273
2026-05-26 16:58:51.154,117.699888,0.000000,0.000000,0.000000,-0.127426,-0.092405,-0.321997,0.067326,-0.093150,-0.326039,-0.030050,-0.092777,-0.324018,0.003766,-0.113594,-0.299345,-0.055752,-0.115443,-0.296273
2026-05-26 16:58:51.254,117.799888,0.000000,0.000000,0.000000,-0.127426,-0.092405,-0.321997,0.067565,-0.092100,-0.326132,-0.029931,-0.092252,-0.324064,0.003838,-0.113069,-0.299372,-0.055752,-0.115443,-0.296273
2026-05-26 16:58:51.354,117.899888,0.000000,0.000000,0.000000,-0.127426,-0.092405,-0.321997,0.067088,-0.094200,-0.325946,-0.030169,-0.093302,-0.323972,0.003838,-0.113069,-0.299372,-0.055752,-0.115443,-0.296273
2026-05-26 16:58:51.454,117.999887,0.000000,0.000000,0.000000,-0.127426,-0.092405,-0.321997,0.067088,-0.094200,-0.325946,-0.030169,-0.093302,-0.323972,0.003838,-0.113069,-0.299372,-0.055752,-0.115443,-0.296273
2026-05-26 16:58:51.554,118.099887,0.000000,0.000000,0.000000,-0.127426,-0.092405,-0.321997,0.067326,-0.093150,-0.326039,-0.030050,-0.092777,-0.324018,0.003838,-0.113069,-0.299372,-0.055801,-0.116497,-0.296225
2026-05-26 16:58:51.654,118.199887,0.000000,0.000000,0.000000,-0.127491,-0.091338,-0.322085,0.067326,-0.093150,-0.326039,-0.030082,-0.092244,-0.324062,0.003838,-0.113069,-0.299372,-0.055752,-0.115443,-0.296273
2026-05-26 16:58:51.754,118.299887,0.000000,0.000000,0.000000,-0.127426,-0.092405,-0.321997,0.067326,-0.093150,-0.326039,-0.030050,-0.092777,-0.324018,0.003838,-0.113069,-0.299372,-0.055801,-0.116497,-0.296225
2026-05-26 16:58:51.854,118.399887,0.000000,0.000000,0.000000,-0.127426,-0.092405,-0.321997,0.067326,-0.093150,-0.326039,-0.030050,-0.092777,-0.324018,0.003838,-0.113069,-0.299372,-0.055752,-0.115443,-0.296273
2026-05-26 16:58:51.954,118.499887,0.000000,0.000000,0.000000,-0.127426,-0.092405,-0.321997,0.067088,-0.094200,-0.325946,-0.030169,-0.093302,-0.323972,0.003994,-0.112112,-0.298713,-0.055740,-0.115534,-0.295568
2026-05-26 16:58:52.054,118.599887,0.000000,0.000000,0.000000,-0.127426,-0.092405,-0.321997,0.067803,-0.091050,-0.326225,-0.029812,-0.091727,-0.324111,0.003922,-0.112637,-0.298687,-0.055030,-0.115571,-0.295585
2026-05-26 16:58:52.154,118.699887,0.000000,0.000000,0.000000,-0.127361,-0.093471,-0.321909,0.067326,-0.093150,-0.326039,-0.030018,-0.093310,-0.323974,0.003850,-0.113162,-0.298661,-0.054980,-0.114517,-0.295632
2026-05-26 16:58:52.254,118.799887,0.000000,0.000000,0.000000,-0.127491,-0.091338,-0.322085,0.067326,-0.093150,-0.326039,-0.030082,-0.092244,-0.324062,0.003135,-0.113125,-0.298643,-0.055030,-0.115571,-0.295585
2026-05-26 16:58:52.354,118.899887,0.000000,0.000000,0.000000,-0.127426,-0.092405,-0.321997,0.067326,-0.093150,-0.326039,-0.030050,-0.092777,-0.324018,0.003135,-0.113125,-0.298643,-0.054930,-0.113462,-0.295680
2026-05-26 16:58:52.454,118.999887,0.000000,0.000000,0.000000,-0.127426,-0.092405,-0.321997,0.067326,-0.093150,-0.326039,-0.030050,-0.092777,-0.324018,0.003135,-0.113125,-0.298643,-0.054980,-0.114517,-0.295632
2026-05-26 16:58:52.554,119.099886,0.000000,0.000000,0.000000,-0.127491,-0.091338,-0.322085,0.067565,-0.092100,-0.326132,-0.029963,-0.091719,-0.324108,0.002992,-0.114175,-0.298592,-0.054930,-0.113462,-0.295680
2026-05-26 16:58:52.654,119.199886,0.000000,0.000000,0.000000,-0.127491,-0.091338,-0.322085,0.067326,-0.093150,-0.326039,-0.030082,-0.092244,-0.324062,0.003135,-0.113125,-0.298643,-0.054879,-0.112408,-0.295727
2026-05-26 16:58:52.754,119.299886,0.000000,0.000000,0.000000,-0.127426,-0.092405,-0.321997,0.067326,-0.093150,-0.326039,-0.030050,-0.092777,-0.324018,0.003135,-0.113125,-0.298643,-0.054930,-0.113462,-0.295680
2026-05-26 16:58:52.854,119.399886,0.000000,0.000000,0.000000,-0.127491,-0.091338,-0.322085,0.067326,-0.093150,-0.326039,-0.030082,-0.092244,-0.324062,0.003135,-0.113125,-0.298643,-0.054930,-0.113462,-0.295680
2026-05-26 16:58:52.954,119.499886,0.000000,0.000000,0.000000,-0.127491,-0.091338,-0.322085,0.067326,-0.093150,-0.326039,-0.030082,-0.092244,-0.324062,0.002992,-0.114175,-0.298592,-0.055642,-0.113425,-0.295662
2026-05-26 16:58:53.054,119.599886,0.000000,0.000000,0.000000,-0.127426,-0.092405,-0.321997,0.067088,-0.094200,-0.325946,-0.030169,-0.093302,-0.323972,0.002992,-0.114175,-0.298592,-0.055642,-0.113425,-0.295662
2026-05-26 16:58:53.154,119.699886,0.000000,0.000000,0.000000,-0.127426,-0.092405,-0.321997,0.067326,-0.093150,-0.326039,-0.030050,-0.092777,-0.324018,0.003135,-0.113125,-0.298643,-0.055592,-0.112371,-0.295710
2026-05-26 16:58:53.254,119.799886,0.000000,0.000000,0.000000,-0.127426,-0.092405,-0.321997,0.067326,-0.093150,-0.326039,-0.030050,-0.092777,-0.324018,0.003135,-0.113125,-0.298643,-0.055592,-0.112371,-0.295710
2026-05-26 16:58:53.354,119.899886,0.000000,0.000000,0.000000,-0.127491,-0.091338,-0.322085,0.067326,-0.093150,-0.326039,-0.030082,-0.092244,-0.324062,0.003135,-0.113125,-0.298643,-0.055642,-0.113425,-0.295662
2026-05-26 16:58:53.454,119.999886,0.000000,0.000000,0.000000,-0.127426,-0.092405,-0.321997,0.067088,-0.094200,-0.325946,-0.030169,-0.093302,-0.323972,0.002992,-0.114175,-0.298592,-0.055642,-0.113425,-0.295662
2026-05-26 16:58:53.554,120.099885,0.000000,0.000000,0.000000,-0.127426,-0.092405,-0.321997,0.067803,-0.091050,-0.326225,-0.029812,-0.091727,-0.324111,0.002992,-0.114175,-0.298592,-0.055580,-0.112463,-0.295001
2026-05-26 16:58:53.654,120.199885,0.000000,0.000000,0.000000,-0.127426,-0.092405,-0.321997,0.067565,-0.092100,-0.326132,-0.029931,-0.092252,-0.324064,0.003135,-0.113125,-0.298643,-0.055629,-0.113517,-0.294955
2026-05-26 16:58:53.754,120.299885,0.000000,0.000000,0.000000,-0.127361,-0.093471,-0.321909,0.067565,-0.092100,-0.326132,-0.029898,-0.092785,-0.324021,0.002992,-0.114175,-0.298592,-0.055629,-0.113517,-0.294955
2026-05-26 16:58:53.854,120.399885,0.000000,0.000000,0.000000,-0.127426,-0.092405,-0.321997,0.067088,-0.094200,-0.325946,-0.030169,-0.093302,-0.323972,0.002992,-0.114175,-0.298592,-0.055642,-0.113425,-0.295662
2026-05-26 16:58:53.954,120.499885,0.000000,0.000000,0.000000,-0.127426,-0.092405,-0.321997,0.067088,-0.094200,-0.325946,-0.030169,-0.093302,-0.323972,0.002992,-0.114175,-0.298592,-0.055580,-0.112463,-0.295001
2026-05-26 16:58:54.054,120.599885,0.000000,0.000000,0.000000,-0.127426,-0.092405,-0.321997,0.067565,-0.092100,-0.326132,-0.029931,-0.092252,-0.324064,0.002992,-0.114175,-0.298592,-0.055629,-0.113517,-0.294955
2026-05-26 16:58:54.154,120.699885,0.000000,0.000000,0.000000,-0.127426,-0.092405,-0.321997,0.067565,-0.092100,-0.326132,-0.029931,-0.092252,-0.324064,0.002992,-0.114175,-0.298592,-0.055580,-0.112463,-0.295001
2026-05-26 16:58:54.254,120.799885,0.000000,0.000000,0.000000,-0.127361,-0.093471,-0.321909,0.067326,-0.093150,-0.326039,-0.030018,-0.093310,-0.323974,0.002992,-0.114175,-0.298592,-0.055605,-0.112990,-0.294978
2026-05-26 16:58:54.354,120.899885,0.000000,0.000000,0.000000,-0.127426,-0.092405,-0.321997,0.067326,-0.093150,-0.326039,-0.030050,-0.092777,-0.324018,0.002992,-0.114175,-0.298592,-0.055629,-0.113517,-0.294955
2026-05-26 16:58:54.454,120.999885,0.000000,0.000000,0.000000,-0.127426,-0.092405,-0.321997,0.067326,-0.093150,-0.326039,-0.030050,-0.092777,-0.324018,0.002992,-0.114175,-0.298592,-0.055605,-0.112990,-0.294978
2026-05-26 16:58:54.554,121.099885,0.000000,0.000000,0.000000,-0.127426,-0.092405,-0.321997,0.067565,-0.092100,-0.326132,-0.029931,-0.092252,-0.324064,0.002992,-0.114175,-0.298592,-0.055629,-0.113517,-0.294955
2026-05-26 16:58:54.654,121.199884,0.000000,0.000000,0.000000,-0.127426,-0.092405,-0.321997,0.067326,-0.093150,-0.326039,-0.030050,-0.092777,-0.324018,0.002992,-0.114175,-0.298592,-0.055580,-0.112463,-0.295001
2026-05-26 16:58:54.754,121.299884,0.000000,0.000000,0.000000,-0.127491,-0.091338,-0.322085,0.067565,-0.092100,-0.326132,-0.029963,-0.091719,-0.324108,0.002992,-0.114175,-0.298592,-0.055580,-0.112463,-0.295001
2026-05-26 16:58:54.854,121.399884,0.000000,0.000000,0.000000,-0.127426,-0.092405,-0.321997,0.067326,-0.093150,-0.326039,-0.030050,-0.092777,-0.324018,0.003135,-0.113125,-0.298643,-0.055629,-0.113517,-0.294955
2026-05-26 16:58:54.954,121.499884,0.000000,0.000000,0.000000,-0.127426,-0.092405,-0.321997,0.067565,-0.092100,-0.326132,-0.029931,-0.092252,-0.324064,0.002992,-0.114175,-0.298592,-0.055642,-0.113425,-0.295662
2026-05-26 16:58:55.054,121.599884,0.000000,0.000000,0.000000,-0.127426,-0.092405,-0.321997,0.067565,-0.092100,-0.326132,-0.029931,-0.092252,-0.324064,0.002992,-0.114175,-0.298592,-0.055629,-0.113517,-0.294955
2026-05-26 16:58:55.154,121.699884,0.000000,0.000000,0.000000,-0.127491,-0.091338,-0.322085,0.067326,-0.093150,-0.326039,-0.030082,-0.092244,-0.324062,0.002992,-0.114175,-0.298592,-0.054930,-0.113462,-0.295680
2026-05-26 16:58:55.254,121.799884,0.000000,0.000000,0.000000,-0.127426,-0.092405,-0.321997,0.067326,-0.093150,-0.326039,-0.030050,-0.092777,-0.324018,0.002992,-0.114175,-0.298592,-0.055629,-0.113517,-0.294955
2026-05-26 16:58:55.354,121.899884,0.000000,0.000000,0.000000,-0.127491,-0.091338,-0.322085,0.067326,-0.093150,-0.326039,-0.030082,-0.092244,-0.324062,0.002992,-0.114175,-0.298592,-0.055592,-0.112371,-0.295710
2026-05-26 16:58:55.454,121.999884,0.000000,0.000000,0.000000,-0.127491,-0.091338,-0.322085,0.067326,-0.093150,-0.326039,-0.030082,-0.092244,-0.324062,0.002992,-0.114175,-0.298592,-0.055642,-0.113425,-0.295662
2026-05-26 16:58:55.554,122.099884,0.000000,0.000000,0.000000,-0.127426,-0.092405,-0.321997,0.067326,-0.093150,-0.326039,-0.030050,-0.092777,-0.324018,0.002992,-0.114175,-0.298592,-0.055642,-0.113425,-0.295662
2026-05-26 16:58:55.654,122.199883,0.000000,0.000000,0.000000,-0.127426,-0.092405,-0.321997,0.067326,-0.093150,-0.326039,-0.030050,-0.092777,-0.324018,0.002992,-0.114175,-0.298592,-0.055580,-0.112463,-0.295001
2026-05-26 16:58:55.754,122.299883,0.000000,0.000000,0.000000,-0.126776,-0.091282,-0.322826,0.067326,-0.093150,-0.326039,-0.029725,-0.092216,-0.324433,0.002992,-0.114175,-0.298592,-0.054879,-0.112408,-0.295727
2026-05-26 16:58:55.854,122.399883,0.000000,0.000000,0.000000,-0.126776,-0.091282,-0.322826,0.067326,-0.093150,-0.326039,-0.029725,-0.092216,-0.324433,0.002992,-0.114175,-0.298592,-0.054879,-0.112408,-0.295727
2026-05-26 16:58:55.954,122.499883,0.000000,0.000000,0.000000,-0.127426,-0.092405,-0.321997,0.066602,-0.093207,-0.325289,-0.030412,-0.092806,-0.323643,0.002992,-0.114175,-0.298592,-0.055629,-0.113517,-0.294955
2026-05-26 16:58:56.054,122.599883,0.000000,0.000000,0.000000,-0.126712,-0.092348,-0.322737,0.067565,-0.092100,-0.326132,-0.029574,-0.092224,-0.324435,0.003706,-0.114212,-0.298609,-0.054879,-0.112408,-0.295727
2026-05-26 16:58:56.154,122.699883,0.000000,0.000000,0.000000,-0.127426,-0.092405,-0.321997,0.067326,-0.093150,-0.326039,-0.030050,-0.092777,-0.324018,0.003706,-0.114212,-0.298609,-0.055642,-0.113425,-0.295662
2026-05-26 16:58:56.254,122.799883,0.000000,0.000000,0.000000,-0.128206,-0.091395,-0.321344,0.066602,-0.093207,-0.325289,-0.030802,-0.092301,-0.323316,0.003004,-0.114267,-0.297882,-0.055678,-0.114572,-0.294908
2026-05-26 16:58:56.354,122.899883,0.000000,0.000000,0.000000,-0.128140,-0.092461,-0.321257,0.066365,-0.094257,-0.325197,-0.030888,-0.093359,-0.323227,0.003004,-0.114267,-0.297882,-0.055629,-0.113517,-0.294955
2026-05-26 16:58:56.454,122.999883,0.000000,0.000000,0.000000,-0.127426,-0.092405,-0.321997,0.066602,-0.093207,-0.325289,-0.030412,-0.092806,-0.323643,0.002992,-0.114175,-0.298592,-0.055629,-0.113517,-0.294955
2026-05-26 16:58:56.554,123.099883,0.000000,0.000000,0.000000,-0.126763,-0.091376,-0.322102,0.067565,-0.092100,-0.326132,-0.029599,-0.091738,-0.324117,0.003850,-0.113162,-0.298661,-0.054879,-0.112408,-0.295727
2026-05-26 16:58:56.654,123.199883,0.000000,0.000000,0.000000,-0.127426,-0.092405,-0.321997,0.067326,-0.093150,-0.326039,-0.030050,-0.092777,-0.324018,0.002992,-0.114175,-0.298592,-0.055580,-0.112463,-0.295001
2026-05-26 16:58:56.754,123.299882,0.000000,0.000000,0.000000,-0.126712,-0.092348,-0.322737,0.067326,-0.093150,-0.326039,-0.029693,-0.092749,-0.324388,0.003706,-0.114212,-0.298609,-0.054879,-0.112408,-0.295727
2026-05-26 16:58:56.854,123.399882,0.000000,0.000000,0.000000,-0.126699,-0.092442,-0.322015,0.067565,-0.092100,-0.326132,-0.029567,-0.092271,-0.324073,0.003706,-0.114212,-0.298609,-0.055580,-0.112463,-0.295001
2026-05-26 16:58:56.954,123.499882,0.000000,0.000000,0.000000,-0.126712,-0.092348,-0.322737,0.067326,-0.093150,-0.326039,-0.029693,-0.092749,-0.324388,0.003706,-0.114212,-0.298609,-0.054930,-0.113462,-0.295680
2026-05-26 16:58:57.054,123.599882,0.000000,0.000000,0.000000,-0.126712,-0.092348,-0.322737,0.067565,-0.092100,-0.326132,-0.029574,-0.092224,-0.324435,0.003850,-0.113162,-0.298661,-0.054867,-0.112500,-0.295018
2026-05-26 16:58:57.154,123.699882,0.000000,0.000000,0.000000,-0.127426,-0.092405,-0.321997,0.067088,-0.094200,-0.325946,-0.030169,-0.093302,-0.323972,0.002992,-0.114175,-0.298592,-0.055678,-0.114572,-0.294908
2026-05-26 16:58:57.254,123.799882,0.000000,0.000000,0.000000,-0.127426,-0.092405,-0.321997,0.067326,-0.093150,-0.326039,-0.030050,-0.092777,-0.324018,0.002992,-0.114175,-0.298592,-0.054867,-0.112500,-0.295018
2026-05-26 16:58:57.354,123.899882,0.000000,0.000000,0.000000,-0.126699,-0.092442,-0.322015,0.067326,-0.093150,-0.326039,-0.029687,-0.092796,-0.324027,0.002992,-0.114175,-0.298592,-0.054930,-0.113462,-0.295680
2026-05-26 16:58:57.454,123.999882,0.000000,0.000000,0.000000,-0.127361,-0.093471,-0.321909,0.067088,-0.094200,-0.325946,-0.030137,-0.093835,-0.323928,0.002992,-0.114175,-0.298592,-0.055629,-0.113517,-0.294955
2026-05-26 16:58:57.554,124.099882,0.000000,0.000000,0.000000,-0.126712,-0.092348,-0.322737,0.067565,-0.092100,-0.326132,-0.029574,-0.092224,-0.324435,0.003706,-0.114212,-0.298609,-0.054917,-0.113554,-0.294972
2026-05-26 16:58:57.654,124.199882,0.000000,0.000000,0.000000,-0.126636,-0.093508,-0.321927,0.067088,-0.094200,-0.325946,-0.029774,-0.093854,-0.323936,0.002992,-0.114175,-0.298592,-0.054917,-0.113554,-0.294972
2026-05-26 16:58:57.754,124.299881,0.000000,0.000000,0.000000,-0.127426,-0.092405,-0.321997,0.066602,-0.093207,-0.325289,-0.030412,-0.092806,-0.323643,0.002992,-0.114175,-0.298592,-0.055629,-0.113517,-0.294955
2026-05-26 16:58:57.854,124.399881,0.000000,0.000000,0.000000,-0.127426,-0.092405,-0.321997,0.066602,-0.093207,-0.325289,-0.030412,-0.092806,-0.323643,0.003004,-0.114267,-0.297882,-0.055629,-0.113517,-0.294955
2026-05-26 16:58:57.954,124.499881,0.000000,0.000000,0.000000,-0.127478,-0.091433,-0.321361,0.066602,-0.093207,-0.325289,-0.030438,-0.092320,-0.323325,0.003004,-0.114267,-0.297882,-0.055580,-0.112463,-0.295001
2026-05-26 16:58:58.054,124.599881,0.000000,0.000000,0.000000,-0.127426,-0.092405,-0.321997,0.066365,-0.094257,-0.325197,-0.030531,-0.093331,-0.323597,0.003004,-0.114267,-0.297882,-0.055629,-0.113517,-0.294955
2026-05-26 16:58:58.154,124.699881,0.000000,0.000000,0.000000,-0.126712,-0.092348,-0.322737,0.067326,-0.093150,-0.326039,-0.029693,-0.092749,-0.324388,0.002992,-0.114175,-0.298592,-0.055580,-0.112463,-0.295001
2026-05-26 16:58:58.254,124.799881,0.000000,0.000000,0.000000,-0.126776,-0.091282,-0.322826,0.067326,-0.093150,-0.326039,-0.029725,-0.092216,-0.324433,0.003004,-0.114267,-0.297882,-0.055580,-0.112463,-0.295001
2026-05-26 16:58:58.354,124.899881,0.000000,0.000000,0.000000,-0.127426,-0.092405,-0.321997,0.067326,-0.093150,-0.326039,-0.030050,-0.092777,-0.324018,0.003004,-0.114267,-0.297882,-0.055629,-0.113517,-0.294955
2026-05-26 16:58:58.454,124.999881,0.000000,0.000000,0.000000,-0.126699,-0.092442,-0.322015,0.067326,-0.093150,-0.326039,-0.029687,-0.092796,-0.324027,0.003004,-0.114267,-0.297882,-0.055629,-0.113517,-0.294955
2026-05-26 16:58:58.554,125.099881,0.000000,0.000000,0.000000,-0.127426,-0.092405,-0.321997,0.067326,-0.093150,-0.326039,-0.030050,-0.092777,-0.324018,0.002861,-0.115317,-0.297831,-0.056389,-0.114535,-0.294891
2026-05-26 16:58:58.654,125.199881,0.000000,0.000000,0.000000,-0.126699,-0.092442,-0.322015,0.067088,-0.094200,-0.325946,-0.029806,-0.093321,-0.323980,0.003004,-0.114267,-0.297882,-0.056341,-0.113480,-0.294937
2026-05-26 16:58:58.754,125.299881,0.000000,0.000000,0.000000,-0.127426,-0.092405,-0.321997,0.067326,-0.093150,-0.326039,-0.030050,-0.092777,-0.324018,0.003004,-0.114267,-0.297882,-0.056341,-0.113480,-0.294937
2026-05-26 16:58:58.854,125.399880,0.000000,0.000000,0.000000,-0.127478,-0.091433,-0.321361,0.066602,-0.093207,-0.325289,-0.030438,-0.092320,-0.323325,0.003004,-0.114267,-0.297882,-0.056377,-0.114627,-0.294185
2026-05-26 16:58:58.954,125.499880,0.000000,0.000000,0.000000,-0.128128,-0.092555,-0.320534,0.066378,-0.094352,-0.324465,-0.030875,-0.093454,-0.322500,0.002173,-0.115464,-0.296396,-0.057216,-0.117845,-0.293329
2026-05-26 16:58:59.054,125.599880,0.000000,0.000000,0.000000,-0.130144,-0.094761,-0.318870,0.065427,-0.092558,-0.321675,-0.032359,-0.093660,-0.320273,0.000493,-0.117673,-0.294851,-0.059388,-0.120117,-0.291088
2026-05-26 16:58:59.154,125.699880,0.000000,0.000000,0.000000,-0.129364,-0.095771,-0.319524,0.065667,-0.094505,-0.322984,-0.031848,-0.095138,-0.321254,0.000480,-0.117582,-0.295558,-0.058663,-0.118917,-0.292549
2026-05-26 16:58:59.254,125.799880,0.000000,0.000000,0.000000,-0.129513,-0.093545,-0.320414,0.065654,-0.094409,-0.323716,-0.031929,-0.093977,-0.322065,0.001319,-0.116477,-0.296330,-0.057923,-0.117808,-0.293312
2026-05-26 16:58:59.354,125.899880,0.000000,0.000000,0.000000,-0.129420,-0.094799,-0.318888,0.065179,-0.093512,-0.322322,-0.032120,-0.094155,-0.320605,0.000493,-0.117673,-0.294851,-0.058651,-0.119008,-0.291847
2026-05-26 16:58:59.454,125.999880,0.000000,0.000000,0.000000,-0.129432,-0.094705,-0.319608,0.064696,-0.095516,-0.322878,-0.032368,-0.095110,-0.321243,0.000480,-0.117582,-0.295558,-0.058618,-0.117863,-0.292592
2026-05-26 16:58:59.554,126.099880,0.000000,0.000000,0.000000,-0.129296,-0.096836,-0.319439,0.065431,-0.095554,-0.322896,-0.031932,-0.096195,-0.321168,0.000480,-0.117582,-0.295558,-0.058618,-0.117863,-0.292592
2026-05-26 16:58:59.654,126.199880,0.000000,0.000000,0.000000,-0.129364,-0.095771,-0.319524,0.064696,-0.095516,-0.322878,-0.032334,-0.095643,-0.321201,0.000480,-0.117582,-0.295558,-0.058708,-0.119971,-0.292507
2026-05-26 16:58:59.754,126.299880,0.000000,0.000000,0.000000,-0.129364,-0.095771,-0.319524,0.064931,-0.094466,-0.322966,-0.032216,-0.095118,-0.321245,0.000480,-0.117582,-0.295558,-0.058651,-0.119008,-0.291847
2026-05-26 16:58:59.854,126.399879,0.000000,0.000000,0.000000,-0.129351,-0.095864,-0.318805,0.065179,-0.093512,-0.322322,-0.032086,-0.094688,-0.320563,0.000493,-0.117673,-0.294851,-0.058651,-0.119008,-0.291847
2026-05-26 16:58:59.954,126.499879,0.000000,0.000000,0.000000,-0.129432,-0.094705,-0.319608,0.064931,-0.094466,-0.322966,-0.032250,-0.094586,-0.321287,0.000620,-0.116532,-0.295605,-0.058663,-0.118917,-0.292549
2026-05-26 16:59:00.054,126.599879,0.000000,0.000000,0.000000,-0.129364,-0.095771,-0.319524,0.064696,-0.095516,-0.322878,-0.032334,-0.095643,-0.321201,0.000480,-0.117582,-0.295558,-0.058651,-0.119008,-0.291847
2026-05-26 16:59:00.154,126.699879,0.000000,0.000000,0.000000,-0.129283,-0.096930,-0.318721,0.065179,-0.093512,-0.322322,-0.032052,-0.095221,-0.320522,0.000480,-0.117582,-0.295558,-0.058561,-0.116900,-0.291930
2026-05-26 16:59:00.254,126.799879,0.000000,0.000000,0.000000,-0.129364,-0.095771,-0.319524,0.064696,-0.095516,-0.322878,-0.032334,-0.095643,-0.321201,0.000480,-0.117582,-0.295558,-0.058618,-0.117863,-0.292592
2026-05-26 16:59:00.354,126.899879,0.000000,0.000000,0.000000,-0.129283,-0.096930,-0.318721,0.064474,-0.096660,-0.322061,-0.032405,-0.096795,-0.320391,0.000493,-0.117673,-0.294851,-0.058606,-0.117954,-0.291889
2026-05-26 16:59:00.454,126.999879,0.000000,0.000000,0.000000,-0.129296,-0.096836,-0.319439,0.064696,-0.095516,-0.322878,-0.032300,-0.096176,-0.321159,0.000480,-0.117582,-0.295558,-0.058618,-0.117863,-0.292592
2026-05-26 16:59:00.554,127.099879,0.000000,0.000000,0.000000,-0.129296,-0.096836,-0.319439,0.064461,-0.096565,-0.322790,-0.032417,-0.096701,-0.321115,0.000632,-0.116624,-0.294897,-0.058574,-0.116808,-0.292635
2026-05-26 16:59:00.654,127.199879,0.000000,0.000000,0.000000,-0.129296,-0.096836,-0.319439,0.064931,-0.094466,-0.322966,-0.032182,-0.095651,-0.321203,0.000493,-0.117673,-0.294851,-0.058606,-0.117954,-0.291889
2026-05-26 16:59:00.754,127.299879,0.000000,0.000000,0.000000,-0.129364,-0.095771,-0.319524,0.065166,-0.093417,-0.323055,-0.032099,-0.094594,-0.321289,0.000341,-0.118631,-0.295511,-0.058606,-0.117954,-0.291889
2026-05-26 16:59:00.854,127.399879,0.000000,0.000000,0.000000,-0.129432,-0.094705,-0.319608,0.064696,-0.095516,-0.322878,-0.032368,-0.095110,-0.321243,0.000341,-0.118631,-0.295511,-0.058606,-0.117954,-0.291889
2026-05-26 16:59:00.954,127.499878,0.000000,0.000000,0.000000,-0.129364,-0.095771,-0.319524,0.064696,-0.095516,-0.322878,-0.032334,-0.095643,-0.321201,0.000493,-0.117673,-0.294851,-0.058618,-0.117863,-0.292592
2026-05-26 16:59:01.054,127.599878,0.000000,0.000000,0.000000,-0.129364,-0.095771,-0.319524,0.064931,-0.094466,-0.322966,-0.032216,-0.095118,-0.321245,0.000493,-0.117673,-0.294851,-0.058561,-0.116900,-0.291930
2026-05-26 16:59:01.154,127.699878,0.000000,0.000000,0.000000,-0.129364,-0.095771,-0.319524,0.064931,-0.094466,-0.322966,-0.032216,-0.095118,-0.321245,0.000493,-0.117673,-0.294851,-0.058663,-0.118917,-0.292549
2026-05-26 16:59:01.254,127.799878,0.000000,0.000000,0.000000,-0.129432,-0.094705,-0.319608,0.064931,-0.094466,-0.322966,-0.032250,-0.094586,-0.321287,0.000493,-0.117673,-0.294851,-0.058663,-0.118917,-0.292549
2026-05-26 16:59:01.354,127.899878,0.000000,0.000000,0.000000,-0.129364,-0.095771,-0.319524,0.064696,-0.095516,-0.322878,-0.032334,-0.095643,-0.321201,0.000632,-0.116624,-0.294897,-0.058618,-0.117863,-0.292592
2026-05-26 16:59:01.454,127.999878,0.000000,0.000000,0.000000,-0.129364,-0.095771,-0.319524,0.064931,-0.094466,-0.322966,-0.032216,-0.095118,-0.321245,0.000480,-0.117582,-0.295558,-0.058651,-0.119008,-0.291847
2026-05-26 16:59:01.554,128.099878,0.000000,0.000000,0.000000,-0.129296,-0.096836,-0.319439,0.064931,-0.094466,-0.322966,-0.032182,-0.095651,-0.321203,0.000493,-0.117673,-0.294851,-0.058606,-0.117954,-0.291889
2026-05-26 16:59:01.654,128.199878,0.000000,0.000000,0.000000,-0.129296,-0.096836,-0.319439,0.064461,-0.096565,-0.322790,-0.032417,-0.096701,-0.321115,0.000493,-0.117673,-0.294851,-0.058695,-0.120062,-0.291806
2026-05-26 16:59:01.754,128.299878,0.000000,0.000000,0.000000,-0.129296,-0.096836,-0.319439,0.064931,-0.094466,-0.322966,-0.032182,-0.095651,-0.321203,0.000493,-0.117673,-0.294851,-0.058618,-0.117863,-0.292592
2026-05-26 16:59:01.854,128.399878,0.000000,0.000000,0.000000,-0.129227,-0.097902,-0.319355,0.064931,-0.094466,-0.322966,-0.032148,-0.096184,-0.321161,0.000480,-0.117582,-0.295558,-0.058606,-0.117954,-0.291889
2026-05-26 16:59:01.954,128.499877,0.000000,0.000000,0.000000,-0.129296,-0.096836,-0.319439,0.064931,-0.094466,-0.322966,-0.032182,-0.095651,-0.321203,0.000480,-0.117582,-0.295558,-0.058606,-0.117954,-0.291889
2026-05-26 16:59:02.054,128.599877,0.000000,0.000000,0.000000,-0.129364,-0.095771,-0.319524,0.064696,-0.095516,-0.322878,-0.032334,-0.095643,-0.321201,0.000550,-0.117057,-0.295582,-0.058606,-0.117954,-0.291889
2026-05-26 16:59:02.154,128.699877,0.000000,0.000000,0.000000,-0.129296,-0.096836,-0.319439,0.064931,-0.094466,-0.322966,-0.032182,-0.095651,-0.321203,0.000341,-0.118631,-0.295511,-0.058651,-0.119008,-0.291847
2026-05-26 16:59:02.254,128.799877,0.000000,0.000000,0.000000,-0.129364,-0.095771,-0.319524,0.064696,-0.095516,-0.322878,-0.032334,-0.095643,-0.321201,0.000480,-0.117582,-0.295558,-0.058606,-0.117954,-0.291889
2026-05-26 16:59:02.354,128.899877,0.000000,0.000000,0.000000,-0.129296,-0.096836,-0.319439,0.064696,-0.095516,-0.322878,-0.032300,-0.096176,-0.321159,0.000493,-0.117673,-0.294851,-0.058651,-0.119008,-0.291847
2026-05-26 16:59:02.454,128.999877,0.000000,0.000000,0.000000,-0.129432,-0.094705,-0.319608,0.064461,-0.096565,-0.322790,-0.032485,-0.095635,-0.321199,0.000341,-0.118631,-0.295511,-0.058651,-0.119008,-0.291847
2026-05-26 16:59:02.554,129.099877,0.000000,0.000000,0.000000,-0.129364,-0.095771,-0.319524,0.064696,-0.095516,-0.322878,-0.032334,-0.095643,-0.321201,0.000493,-0.117673,-0.294851,-0.058606,-0.117954,-0.291889
2026-05-26 16:59:02.654,129.199877,0.000000,0.000000,0.000000,-0.129364,-0.095771,-0.319524,0.064931,-0.094466,-0.322966,-0.032216,-0.095118,-0.321245,0.000480,-0.117582,-0.295558,-0.058618,-0.117863,-0.292592
2026-05-26 16:59:02.754,129.299877,0.000000,0.000000,0.000000,-0.129296,-0.096836,-0.319439,0.065166,-0.093417,-0.323055,-0.032065,-0.095127,-0.321247,0.000493,-0.117673,-0.294851,-0.058606,-0.117954,-0.291889
2026-05-26 16:59:02.854,129.399877,0.000000,0.000000,0.000000,-0.129296,-0.096836,-0.319439,0.064931,-0.094466,-0.322966,-0.032182,-0.095651,-0.321203,0.000493,-0.117673,-0.294851,-0.058606,-0.117954,-0.291889
2026-05-26 16:59:02.954,129.499876,0.000000,0.000000,0.000000,-0.129296,-0.096836,-0.319439,0.064696,-0.095516,-0.322878,-0.032300,-0.096176,-0.321159,0.000341,-0.118631,-0.295511,-0.058606,-0.117954,-0.291889
2026-05-26 16:59:03.054,129.599876,0.000000,0.000000,0.000000,-0.129432,-0.094705,-0.319608,0.064696,-0.095516,-0.322878,-0.032368,-0.095110,-0.321243,0.000480,-0.117582,-0.295558,-0.058561,-0.116900,-0.291930
2026-05-26 16:59:03.154,129.699876,0.000000,0.000000,0.000000,-0.129296,-0.096836,-0.319439,0.064696,-0.095516,-0.322878,-0.032300,-0.096176,-0.321159,0.000493,-0.117673,-0.294851,-0.058561,-0.116900,-0.291930
2026-05-26 16:59:03.254,129.799876,0.000000,0.000000,0.000000,-0.129364,-0.095771,-0.319524,0.064931,-0.094466,-0.322966,-0.032216,-0.095118,-0.321245,0.000493,-0.117673,-0.294851,-0.058618,-0.117863,-0.292592
2026-05-26 16:59:03.354,129.899876,0.000000,0.000000,0.000000,-0.130087,-0.095733,-0.319506,0.065166,-0.093417,-0.323055,-0.032461,-0.094575,-0.321280,0.000480,-0.117582,-0.295558,-0.058606,-0.117954,-0.291889
2026-05-26 16:59:03.454,129.999876,0.000000,0.000000,0.000000,-0.129296,-0.096836,-0.319439,0.064931,-0.094466,-0.322966,-0.032182,-0.095651,-0.321203,0.000493,-0.117673,-0.294851,-0.058606,-0.117954,-0.291889
2026-05-26 16:59:03.554,130.099876,0.000000,0.000000,0.000000,-0.129296,-0.096836,-0.319439,0.064696,-0.095516,-0.322878,-0.032300,-0.096176,-0.321159,0.000493,-0.117673,-0.294851,-0.058618,-0.117863,-0.292592
2026-05-26 16:59:03.654,130.199876,0.000000,0.000000,0.000000,-0.129364,-0.095771,-0.319524,0.064931,-0.094466,-0.322966,-0.032216,-0.095118,-0.321245,0.000480,-0.117582,-0.295558,-0.058574,-0.116808,-0.292635
2026-05-26 16:59:03.754,130.299876,0.000000,0.000000,0.000000,-0.129432,-0.094705,-0.319608,0.064931,-0.094466,-0.322966,-0.032250,-0.094586,-0.321287,0.000341,-0.118631,-0.295511,-0.058641,-0.118390,-0.292571
2026-05-26 16:59:03.854,130.399876,0.000000,0.000000,0.000000,-0.129432,-0.094705,-0.319608,0.064696,-0.095516,-0.322878,-0.032368,-0.095110,-0.321243,0.000480,-0.117582,-0.295558,-0.058561,-0.116900,-0.291930
2026-05-26 16:59:03.954,130.499876,0.000000,0.000000,0.000000,-0.129364,-0.095771,-0.319524,0.065401,-0.092367,-0.323143,-0.031981,-0.094069,-0.321333,0.000632,-0.116624,-0.294897,-0.058561,-0.116900,-0.291930
2026-05-26 16:59:04.054,130.599875,0.000000,0.000000,0.000000,-0.129296,-0.096836,-0.319439,0.064461,-0.096565,-0.322790,-0.032417,-0.096701,-0.321115,0.000493,-0.117673,-0.294851,-0.058651,-0.119008,-0.291847
2026-05-26 16:59:04.154,130.699875,0.000000,0.000000,0.000000,-0.130018,-0.096799,-0.319422,0.064461,-0.096565,-0.322790,-0.032778,-0.096682,-0.321106,0.000493,-0.117673,-0.294851,-0.058651,-0.119008,-0.291847
2026-05-26 16:59:04.254,130.799875,0.000000,0.000000,0.000000,-0.129364,-0.095771,-0.319524,0.064696,-0.095516,-0.322878,-0.032334,-0.095643,-0.321201,-0.000080,-0.116587,-0.294880,-0.058708,-0.119971,-0.292507
2026-05-26 16:59:04.354,130.899875,0.000000,0.000000,0.000000,-0.129364,-0.095771,-0.319524,0.065166,-0.093417,-0.323055,-0.032099,-0.094594,-0.321289,-0.000080,-0.116587,-0.294880,-0.058708,-0.119971,-0.292507
2026-05-26 16:59:04.454,130.999875,0.000000,0.000000,0.000000,-0.129296,-0.096836,-0.319439,0.064696,-0.095516,-0.322878,-0.032300,-0.096176,-0.321159,-0.000218,-0.117637,-0.294834,-0.058708,-0.119971,-0.292507
2026-05-26 16:59:04.554,131.099875,0.000000,0.000000,0.000000,-0.129432,-0.094705,-0.319608,0.064931,-0.094466,-0.322966,-0.032250,-0.094586,-0.321287,-0.000218,-0.117637,-0.294834,-0.059400,-0.120026,-0.291789
2026-05-26 16:59:04.654,131.199875,0.000000,0.000000,0.000000,-0.129296,-0.096836,-0.319439,0.064696,-0.095516,-0.322878,-0.032300,-0.096176,-0.321159,-0.000344,-0.118778,-0.294083,-0.059357,-0.118971,-0.291830
2026-05-26 16:59:04.754,131.299875,0.000000,0.000000,0.000000,-0.129296,-0.096836,-0.319439,0.064461,-0.096565,-0.322790,-0.032417,-0.096701,-0.321115,-0.000344,-0.118778,-0.294083,-0.059369,-0.118880,-0.292532
2026-05-26 16:59:04.854,131.399875,0.000000,0.000000,0.000000,-0.129364,-0.095771,-0.319524,0.065166,-0.093417,-0.323055,-0.032099,-0.094594,-0.321289,-0.000344,-0.118778,-0.294083,-0.059413,-0.119934,-0.292490
2026-05-26 16:59:04.954,131.499875,0.000000,0.000000,0.000000,-0.129296,-0.096836,-0.319439,0.064931,-0.094466,-0.322966,-0.032182,-0.095651,-0.321203,-0.000344,-0.118778,-0.294083,-0.060118,-0.119898,-0.292472
2026-05-26 16:59:05.054,131.599874,0.000000,0.000000,0.000000,-0.129432,-0.094705,-0.319608,0.064696,-0.095516,-0.322878,-0.032368,-0.095110,-0.321243,-0.000344,-0.118778,-0.294083,-0.059413,-0.119934,-0.292490
2026-05-26 16:59:05.154,131.699874,0.000000,0.000000,0.000000,-0.129364,-0.095771,-0.319524,0.064931,-0.094466,-0.322966,-0.032216,-0.095118,-0.321245,-0.000344,-0.118778,-0.294083,-0.059413,-0.119934,-0.292490
2026-05-26 16:59:05.254,131.799874,0.000000,0.000000,0.000000,-0.129364,-0.095771,-0.319524,0.064461,-0.096565,-0.322790,-0.032451,-0.096168,-0.321157,0.000365,-0.118815,-0.294100,-0.059369,-0.118880,-0.292532
2026-05-26 16:59:05.354,131.899874,0.000000,0.000000,0.000000,-0.129296,-0.096836,-0.319439,0.064696,-0.095516,-0.322878,-0.032300,-0.096176,-0.321159,-0.000344,-0.118778,-0.294083,-0.059369,-0.118880,-0.292532
2026-05-26 16:59:05.454,131.999874,0.000000,0.000000,0.000000,-0.129364,-0.095771,-0.319524,0.064696,-0.095516,-0.322878,-0.032334,-0.095643,-0.321201,-0.000344,-0.118778,-0.294083,-0.059369,-0.118880,-0.292532
2026-05-26 16:59:05.554,132.099874,0.000000,0.000000,0.000000,-0.129364,-0.095771,-0.319524,0.064696,-0.095516,-0.322878,-0.032334,-0.095643,-0.321201,-0.000344,-0.118778,-0.294083,-0.059369,-0.118880,-0.292532
2026-05-26 16:59:05.654,132.199874,0.000000,0.000000,0.000000,-0.129296,-0.096836,-0.319439,0.065166,-0.093417,-0.323055,-0.032065,-0.095127,-0.321247,-0.000344,-0.118778,-0.294083,-0.059413,-0.119934,-0.292490
2026-05-26 16:59:05.754,132.299874,0.000000,0.000000,0.000000,-0.129296,-0.096836,-0.319439,0.064931,-0.094466,-0.322966,-0.032182,-0.095651,-0.321203,-0.000344,-0.118778,-0.294083,-0.059413,-0.119934,-0.292490
2026-05-26 16:59:05.854,132.399874,0.000000,0.000000,0.000000,-0.129296,-0.096836,-0.319439,0.064931,-0.094466,-0.322966,-0.032182,-0.095651,-0.321203,-0.000344,-0.118778,-0.294083,-0.059413,-0.119934,-0.292490
2026-05-26 16:59:05.954,132.499874,0.000000,0.000000,0.000000,-0.129364,-0.095771,-0.319524,0.064461,-0.096565,-0.322790,-0.032451,-0.096168,-0.321157,-0.000344,-0.118778,-0.294083,-0.059369,-0.118880,-0.292532
2026-05-26 16:59:06.054,132.599874,0.000000,0.000000,0.000000,-0.129364,-0.095771,-0.319524,0.064931,-0.094466,-0.322966,-0.032216,-0.095118,-0.321245,-0.000344,-0.118778,-0.294083,-0.059326,-0.117826,-0.292575
2026-05-26 16:59:06.154,132.699873,0.000000,0.000000,0.000000,-0.129364,-0.095771,-0.319524,0.064696,-0.095516,-0.322878,-0.032334,-0.095643,-0.321201,-0.000344,-0.118778,-0.294083,-0.059413,-0.119934,-0.292490
2026-05-26 16:59:06.254,132.799873,0.000000,0.000000,0.000000,-0.129296,-0.096836,-0.319439,0.064696,-0.095516,-0.322878,-0.032300,-0.096176,-0.321159,-0.000206,-0.117728,-0.294127,-0.059413,-0.119934,-0.292490
2026-05-26 16:59:06.354,132.899873,0.000000,0.000000,0.000000,-0.129296,-0.096836,-0.319439,0.064931,-0.094466,-0.322966,-0.032182,-0.095651,-0.321203,-0.000344,-0.118778,-0.294083,-0.059413,-0.119934,-0.292490
2026-05-26 16:59:06.454,132.999873,0.000000,0.000000,0.000000,-0.129296,-0.096836,-0.319439,0.064931,-0.094466,-0.322966,-0.032182,-0.095651,-0.321203,-0.000206,-0.117728,-0.294127,-0.059369,-0.118880,-0.292532
2026-05-26 16:59:06.554,133.099873,0.000000,0.000000,0.000000,-0.129364,-0.095771,-0.319524,0.064931,-0.094466,-0.322966,-0.032216,-0.095118,-0.321245,-0.000344,-0.118778,-0.294083,-0.060075,-0.118843,-0.292515
2026-05-26 16:59:06.654,133.199873,0.000000,0.000000,0.000000,-0.129364,-0.095771,-0.319524,0.064931,-0.094466,-0.322966,-0.032216,-0.095118,-0.321245,-0.000344,-0.118778,-0.294083,-0.059413,-0.119934,-0.292490
2026-05-26 16:59:06.754,133.299873,0.000000,0.000000,0.000000,-0.129296,-0.096836,-0.319439,0.064696,-0.095516,-0.322878,-0.032300,-0.096176,-0.321159,-0.000344,-0.118778,-0.294083,-0.059413,-0.119934,-0.292490
2026-05-26 16:59:06.854,133.399873,0.000000,0.000000,0.000000,-0.129296,-0.096836,-0.319439,0.065166,-0.093417,-0.323055,-0.032065,-0.095127,-0.321247,-0.000344,-0.118778,-0.294083,-0.059369,-0.118880,-0.292532
2026-05-26 16:59:06.954,133.499873,0.000000,0.000000,0.000000,-0.129296,-0.096836,-0.319439,0.064696,-0.095516,-0.322878,-0.032300,-0.096176,-0.321159,0.000365,-0.118815,-0.294100,-0.059413,-0.119934,-0.292490
2026-05-26 16:59:07.054,133.599873,0.000000,0.000000,0.000000,-0.129364,-0.095771,-0.319524,0.064696,-0.095516,-0.322878,-0.032334,-0.095643,-0.321201,-0.000344,-0.118778,-0.294083,-0.059369,-0.118880,-0.292532
2026-05-26 16:59:07.154,133.699872,0.000000,0.000000,0.000000,-0.129364,-0.095771,-0.319524,0.064931,-0.094466,-0.322966,-0.032216,-0.095118,-0.321245,-0.000344,-0.118778,-0.294083,-0.059369,-0.118880,-0.292532
2026-05-26 16:59:07.254,133.799872,0.000000,0.000000,0.000000,-0.129364,-0.095771,-0.319524,0.064461,-0.096565,-0.322790,-0.032451,-0.096168,-0.321157,-0.000344,-0.118778,-0.294083,-0.059413,-0.119934,-0.292490
2026-05-26 16:59:07.354,133.899872,0.000000,0.000000,0.000000,-0.129364,-0.095771,-0.319524,0.064931,-0.094466,-0.322966,-0.032216,-0.095118,-0.321245,-0.000206,-0.117728,-0.294127,-0.059369,-0.118880,-0.292532
2026-05-26 16:59:07.454,133.999872,0.000000,0.000000,0.000000,-0.129364,-0.095771,-0.319524,0.065166,-0.093417,-0.323055,-0.032099,-0.094594,-0.321289,-0.000206,-0.117728,-0.294127,-0.059413,-0.119934,-0.292490
2026-05-26 16:59:07.554,134.099872,0.000000,0.000000,0.000000,-0.129296,-0.096836,-0.319439,0.064931,-0.094466,-0.322966,-0.032182,-0.095651,-0.321203,-0.000344,-0.118778,-0.294083,-0.059413,-0.119934,-0.292490
2026-05-26 16:59:07.654,134.199872,0.000000,0.000000,0.000000,-0.129364,-0.095771,-0.319524,0.064931,-0.094466,-0.322966,-0.032216,-0.095118,-0.321245,-0.000344,-0.118778,-0.294083,-0.059413,-0.119934,-0.292490
2026-05-26 16:59:07.754,134.299872,0.000000,0.000000,0.000000,-0.129364,-0.095771,-0.319524,0.064696,-0.095516,-0.322878,-0.032334,-0.095643,-0.321201,-0.000344,-0.118778,-0.294083,-0.059369,-0.118880,-0.292532
2026-05-26 16:59:07.854,134.399872,0.000000,0.000000,0.000000,-0.129364,-0.095771,-0.319524,0.064696,-0.095516,-0.322878,-0.032334,-0.095643,-0.321201,-0.000206,-0.117728,-0.294127,-0.059326,-0.117826,-0.292575
2026-05-26 16:59:07.954,134.499872,0.000000,0.000000,0.000000,-0.129296,-0.096836,-0.319439,0.064931,-0.094466,-0.322966,-0.032182,-0.095651,-0.321203,-0.000206,-0.117728,-0.294127,-0.059400,-0.120026,-0.291789
2026-05-26 16:59:08.054,134.599872,0.000000,0.000000,0.000000,-0.129432,-0.094705,-0.319608,0.065166,-0.093417,-0.323055,-0.032133,-0.094061,-0.321331,-0.000344,-0.118778,-0.294083,-0.059413,-0.119934,-0.292490
2026-05-26 16:59:08.154,134.699872,0.000000,0.000000,0.000000,-0.129364,-0.095771,-0.319524,0.064226,-0.097615,-0.322702,-0.032569,-0.096693,-0.321113,-0.000344,-0.118778,-0.294083,-0.059369,-0.118880,-0.292532
2026-05-26 16:59:08.254,134.799871,0.000000,0.000000,0.000000,-0.130157,-0.094667,-0.319591,0.064696,-0.095516,-0.322878,-0.032730,-0.095092,-0.321234,-0.000344,-0.118778,-0.294083,-0.060118,-0.119898,-0.292472
2026-05-26 16:59:08.354,134.899871,0.000000,0.000000,0.000000,-0.129296,-0.096836,-0.319439,0.064461,-0.096565,-0.322790,-0.032417,-0.096701,-0.321115,-0.000344,-0.118778,-0.294083,-0.059413,-0.119934,-0.292490
2026-05-26 16:59:08.454,134.999871,0.000000,0.000000,0.000000,-0.129364,-0.095771,-0.319524,0.064696,-0.095516,-0.322878,-0.032334,-0.095643,-0.321201,-0.000344,-0.118778,-0.294083,-0.059413,-0.119934,-0.292490
2026-05-26 16:59:08.554,135.099871,0.000000,0.000000,0.000000,-0.129364,-0.095771,-0.319524,0.064696,-0.095516,-0.322878,-0.032334,-0.095643,-0.321201,-0.000344,-0.118778,-0.294083,-0.059413,-0.119934,-0.292490
2026-05-26 16:59:08.654,135.199871,0.000000,0.000000,0.000000,-0.129296,-0.096836,-0.319439,0.064931,-0.094466,-0.322966,-0.032182,-0.095651,-0.321203,-0.000206,-0.117728,-0.294127,-0.059369,-0.118880,-0.292532
2026-05-26 16:59:08.754,135.299871,0.000000,0.000000,0.000000,-0.129364,-0.095771,-0.319524,0.064461,-0.096565,-0.322790,-0.032451,-0.096168,-0.321157,-0.000344,-0.118778,-0.294083,-0.059369,-0.118880,-0.292532
2026-05-26 16:59:08.854,135.399871,0.000000,0.000000,0.000000,-0.129296,-0.096836,-0.319439,0.064226,-0.097615,-0.322702,-0.032535,-0.097226,-0.321071,-0.000344,-0.118778,-0.294083,-0.059369,-0.118880,-0.292532
2026-05-26 16:59:08.954,135.499871,0.000000,0.000000,0.000000,-0.129364,-0.095771,-0.319524,0.064931,-0.094466,-0.322966,-0.032216,-0.095118,-0.321245,-0.000344,-0.118778,-0.294083,-0.059413,-0.119934,-0.292490
2026-05-26 16:59:09.054,135.599871,0.000000,0.000000,0.000000,-0.129296,-0.096836,-0.319439,0.065166,-0.093417,-0.323055,-0.032065,-0.095127,-0.321247,-0.000344,-0.118778,-0.294083,-0.059413,-0.119934,-0.292490
2026-05-26 16:59:09.154,135.699871,0.000000,0.000000,0.000000,-0.129364,-0.095771,-0.319524,0.064931,-0.094466,-0.322966,-0.032216,-0.095118,-0.321245,-0.000344,-0.118778,-0.294083,-0.059369,-0.118880,-0.292532
2026-05-26 16:59:09.254,135.799870,0.000000,0.000000,0.000000,-0.129364,-0.095771,-0.319524,0.064931,-0.094466,-0.322966,-0.032216,-0.095118,-0.321245,-0.000344,-0.118778,-0.294083,-0.059369,-0.118880,-0.292532
2026-05-26 16:59:09.354,135.899870,0.000000,0.000000,0.000000,-0.129432,-0.094705,-0.319608,0.064461,-0.096565,-0.322790,-0.032485,-0.095635,-0.321199,-0.000344,-0.118778,-0.294083,-0.059413,-0.119934,-0.292490
2026-05-26 16:59:09.454,135.999870,0.000000,0.000000,0.000000,-0.129296,-0.096836,-0.319439,0.064696,-0.095516,-0.322878,-0.032300,-0.096176,-0.321159,-0.000344,-0.118778,-0.294083,-0.059369,-0.118880,-0.292532
2026-05-26 16:59:09.554,136.099870,0.000000,0.000000,0.000000,-0.129296,-0.096836,-0.319439,0.064696,-0.095516,-0.322878,-0.032300,-0.096176,-0.321159,-0.000344,-0.118778,-0.294083,-0.059369,-0.118880,-0.292532
2026-05-26 16:59:09.654,136.199870,0.000000,0.000000,0.000000,-0.129296,-0.096836,-0.319439,0.064931,-0.094466,-0.322966,-0.032182,-0.095651,-0.321203,-0.000344,-0.118778,-0.294083,-0.059413,-0.119934,-0.292490
2026-05-26 16:59:09.754,136.299870,0.000000,0.000000,0.000000,-0.129432,-0.094705,-0.319608,0.064696,-0.095516,-0.322878,-0.032368,-0.095110,-0.321243,-0.000344,-0.118778,-0.294083,-0.059369,-0.118880,-0.292532
2026-05-26 16:59:09.854,136.399870,0.000000,0.000000,0.000000,-0.129364,-0.095771,-0.319524,0.064461,-0.096565,-0.322790,-0.032451,-0.096168,-0.321157,-0.000344,-0.118778,-0.294083,-0.059413,-0.119934,-0.292490
2026-05-26 16:59:09.954,136.499870,0.000000,0.000000,0.000000,-0.129364,-0.095771,-0.319524,0.064696,-0.095516,-0.322878,-0.032334,-0.095643,-0.321201,-0.000344,-0.118778,-0.294083,-0.059413,-0.119934,-0.292490
2026-05-26 16:59:10.054,136.599870,0.000000,0.000000,0.000000,-0.129364,-0.095771,-0.319524,0.064461,-0.096565,-0.322790,-0.032451,-0.096168,-0.321157,-0.000206,-0.117728,-0.294127,-0.060075,-0.118843,-0.292515
2026-05-26 16:59:10.154,136.699870,0.000000,0.000000,0.000000,-0.129296,-0.096836,-0.319439,0.064696,-0.095516,-0.322878,-0.032300,-0.096176,-0.321159,-0.000344,-0.118778,-0.294083,-0.060118,-0.119898,-0.292472
2026-05-26 16:59:10.254,136.799870,0.000000,0.000000,0.000000,-0.129364,-0.095771,-0.319524,0.064931,-0.094466,-0.322966,-0.032216,-0.095118,-0.321245,0.000365,-0.118815,-0.294100,-0.060118,-0.119898,-0.292472
2026-05-26 16:59:10.354,136.899869,0.000000,0.000000,0.000000,-0.129296,-0.096836,-0.319439,0.064461,-0.096565,-0.322790,-0.032417,-0.096701,-0.321115,0.000365,-0.118815,-0.294100,-0.060823,-0.119861,-0.292455
2026-05-26 16:59:10.454,136.999869,0.000000,0.000000,0.000000,-0.129364,-0.095771,-0.319524,0.064696,-0.095516,-0.322878,-0.032334,-0.095643,-0.321201,0.000365,-0.118815,-0.294100,-0.060823,-0.119861,-0.292455
2026-05-26 16:59:10.554,137.099869,0.000000,0.000000,0.000000,-0.129364,-0.095771,-0.319524,0.064696,-0.095516,-0.322878,-0.032334,-0.095643,-0.321201,0.000213,-0.119772,-0.294759,-0.061528,-0.119824,-0.292438
2026-05-26 16:59:10.654,137.199869,0.000000,0.000000,0.000000,-0.129364,-0.095771,-0.319524,0.064696,-0.095516,-0.322878,-0.032334,-0.095643,-0.321201,0.000353,-0.118723,-0.294805,-0.061568,-0.120879,-0.292396
2026-05-26 16:59:10.754,137.299869,0.000000,0.000000,0.000000,-0.129364,-0.095771,-0.319524,0.064931,-0.094466,-0.322966,-0.032216,-0.095118,-0.321245,0.000353,-0.118723,-0.294805,-0.061528,-0.119824,-0.292438
2026-05-26 16:59:10.854,137.399869,0.000000,0.000000,0.000000,-0.129364,-0.095771,-0.319524,0.064696,-0.095516,-0.322878,-0.032334,-0.095643,-0.321201,0.000353,-0.118723,-0.294805,-0.061528,-0.119824,-0.292438
2026-05-26 16:59:10.954,137.499869,0.000000,0.000000,0.000000,-0.129364,-0.095771,-0.319524,0.064931,-0.094466,-0.322966,-0.032216,-0.095118,-0.321245,0.000213,-0.119772,-0.294759,-0.061528,-0.119824,-0.292438
2026-05-26 16:59:11.054,137.599869,0.000000,0.000000,0.000000,-0.129364,-0.095771,-0.319524,0.064931,-0.094466,-0.322966,-0.032216,-0.095118,-0.321245,0.000213,-0.119772,-0.294759,-0.061568,-0.120879,-0.292396
2026-05-26 16:59:11.154,137.699869,0.000000,0.000000,0.000000,-0.129432,-0.094705,-0.319608,0.064931,-0.094466,-0.322966,-0.032250,-0.094586,-0.321287,0.000353,-0.118723,-0.294805,-0.061528,-0.119824,-0.292438
2026-05-26 16:59:11.254,137.799869,0.000000,0.000000,0.000000,-0.129364,-0.095771,-0.319524,0.064696,-0.095516,-0.322878,-0.032334,-0.095643,-0.321201,0.000353,-0.118723,-0.294805,-0.061568,-0.120879,-0.292396
2026-05-26 16:59:11.354,137.899868,0.000000,0.000000,0.000000,-0.129364,-0.095771,-0.319524,0.064931,-0.094466,-0.322966,-0.032216,-0.095118,-0.321245,0.000213,-0.119772,-0.294759,-0.061580,-0.120788,-0.293096
2026-05-26 16:59:11.454,137.999868,0.000000,0.000000,0.000000,-0.129364,-0.095771,-0.319524,0.064461,-0.096565,-0.322790,-0.032451,-0.096168,-0.321157,0.000353,-0.118723,-0.294805,-0.061548,-0.120352,-0.292417
2026-05-26 16:59:11.554,138.099868,0.000000,0.000000,0.000000,-0.129364,-0.095771,-0.319524,0.064696,-0.095516,-0.322878,-0.032334,-0.095643,-0.321201,0.000213,-0.119772,-0.294759,-0.061528,-0.119824,-0.292438
2026-05-26 16:59:11.654,138.199868,0.000000,0.000000,0.000000,-0.129296,-0.096836,-0.319439,0.064931,-0.094466,-0.322966,-0.032182,-0.095651,-0.321203,0.000353,-0.118723,-0.294805,-0.061540,-0.119733,-0.293139
2026-05-26 16:59:11.754,138.299868,0.000000,0.000000,0.000000,-0.129364,-0.095771,-0.319524,0.064696,-0.095516,-0.322878,-0.032334,-0.095643,-0.321201,0.000213,-0.119772,-0.294759,-0.061528,-0.119824,-0.292438
2026-05-26 16:59:11.854,138.399868,0.000000,0.000000,0.000000,-0.129432,-0.094705,-0.319608,0.064461,-0.096565,-0.322790,-0.032485,-0.095635,-0.321199,0.000353,-0.118723,-0.294805,-0.061528,-0.119824,-0.292438
2026-05-26 16:59:11.954,138.499868,0.000000,0.000000,0.000000,-0.129296,-0.096836,-0.319439,0.064931,-0.094466,-0.322966,-0.032182,-0.095651,-0.321203,0.000353,-0.118723,-0.294805,-0.061528,-0.119824,-0.292438
2026-05-26 16:59:12.054,138.599868,0.000000,0.000000,0.000000,-0.129227,-0.097902,-0.319355,0.064696,-0.095516,-0.322878,-0.032266,-0.096709,-0.321117,0.000353,-0.118723,-0.294805,-0.061528,-0.119824,-0.292438
2026-05-26 16:59:12.154,138.699868,0.000000,0.000000,0.000000,-0.129364,-0.095771,-0.319524,0.064931,-0.094466,-0.322966,-0.032216,-0.095118,-0.321245,0.000353,-0.118723,-0.294805,-0.060835,-0.119770,-0.293156
2026-05-26 16:59:12.254,138.799868,0.000000,0.000000,0.000000,-0.129296,-0.096836,-0.319439,0.064696,-0.095516,-0.322878,-0.032300,-0.096176,-0.321159,0.000493,-0.117673,-0.294851,-0.061568,-0.120879,-0.292396
2026-05-26 16:59:12.354,138.899868,0.000000,0.000000,0.000000,-0.129364,-0.095771,-0.319524,0.064931,-0.094466,-0.322966,-0.032216,-0.095118,-0.321245,0.000353,-0.118723,-0.294805,-0.061540,-0.119733,-0.293139
2026-05-26 16:59:12.454,138.999867,0.000000,0.000000,0.000000,-0.129364,-0.095771,-0.319524,0.064931,-0.094466,-0.322966,-0.032216,-0.095118,-0.321245,0.000353,-0.118723,-0.294805,-0.061528,-0.119824,-0.292438
2026-05-26 16:59:12.554,139.099867,0.000000,0.000000,0.000000,-0.129432,-0.094705,-0.319608,0.064696,-0.095516,-0.322878,-0.032368,-0.095110,-0.321243,0.000353,-0.118723,-0.294805,-0.061528,-0.119824,-0.292438
2026-05-26 16:59:12.654,139.199867,0.000000,0.000000,0.000000,-0.129432,-0.094705,-0.319608,0.064696,-0.095516,-0.322878,-0.032368,-0.095110,-0.321243,0.000353,-0.118723,-0.294805,-0.061528,-0.119824,-0.292438
2026-05-26 16:59:12.754,139.299867,0.000000,0.000000,0.000000,-0.129296,-0.096836,-0.319439,0.064696,-0.095516,-0.322878,-0.032300,-0.096176,-0.321159,0.000353,-0.118723,-0.294805,-0.061528,-0.119824,-0.292438
2026-05-26 16:59:12.854,139.399867,0.000000,0.000000,0.000000,-0.129364,-0.095771,-0.319524,0.064696,-0.095516,-0.322878,-0.032334,-0.095643,-0.321201,0.000353,-0.118723,-0.294805,-0.061528,-0.119824,-0.292438
2026-05-26 16:59:12.954,139.499867,0.000000,0.000000,0.000000,-0.129296,-0.096836,-0.319439,0.064696,-0.095516,-0.322878,-0.032300,-0.096176,-0.321159,0.000283,-0.119248,-0.294782,-0.060823,-0.119861,-0.292455
2026-05-26 16:59:13.054,139.599867,0.000000,0.000000,0.000000,-0.129296,-0.096836,-0.319439,0.064696,-0.095516,-0.322878,-0.032300,-0.096176,-0.321159,0.000353,-0.118723,-0.294805,-0.060823,-0.119861,-0.292455
2026-05-26 16:59:13.154,139.699867,0.000000,0.000000,0.000000,-0.129364,-0.095771,-0.319524,0.065166,-0.093417,-0.323055,-0.032099,-0.094594,-0.321289,0.000353,-0.118723,-0.294805,-0.061528,-0.119824,-0.292438
2026-05-26 16:59:13.254,139.799867,0.000000,0.000000,0.000000,-0.129296,-0.096836,-0.319439,0.065166,-0.093417,-0.323055,-0.032065,-0.095127,-0.321247,0.000353,-0.118723,-0.294805,-0.060835,-0.119770,-0.293156
2026-05-26 16:59:13.354,139.899867,0.000000,0.000000,0.000000,-0.129364,-0.095771,-0.319524,0.064931,-0.094466,-0.322966,-0.032216,-0.095118,-0.321245,0.000353,-0.118723,-0.294805,-0.061540,-0.119733,-0.293139
2026-05-26 16:59:13.454,139.999866,0.000000,0.000000,0.000000,-0.129296,-0.096836,-0.319439,0.064696,-0.095516,-0.322878,-0.032300,-0.096176,-0.321159,0.000213,-0.119772,-0.294759,-0.061528,-0.119824,-0.292438
2026-05-26 16:59:13.554,140.099866,0.000000,0.000000,0.000000,-0.129296,-0.096836,-0.319439,0.064461,-0.096565,-0.322790,-0.032417,-0.096701,-0.321115,0.000353,-0.118723,-0.294805,-0.061528,-0.119824,-0.292438
2026-05-26 16:59:13.654,140.199866,0.000000,0.000000,0.000000,-0.129364,-0.095771,-0.319524,0.064931,-0.094466,-0.322966,-0.032216,-0.095118,-0.321245,0.000353,-0.118723,-0.294805,-0.060835,-0.119770,-0.293156
2026-05-26 16:59:13.754,140.299866,0.000000,0.000000,0.000000,-0.129296,-0.096836,-0.319439,0.064696,-0.095516,-0.322878,-0.032300,-0.096176,-0.321159,0.000353,-0.118723,-0.294805,-0.060823,-0.119861,-0.292455
2026-05-26 16:59:13.854,140.399866,0.000000,0.000000,0.000000,-0.129364,-0.095771,-0.319524,0.064696,-0.095516,-0.322878,-0.032334,-0.095643,-0.321201,0.000353,-0.118723,-0.294805,-0.060835,-0.119770,-0.293156
2026-05-26 16:59:13.954,140.499866,0.000000,0.000000,0.000000,-0.129364,-0.095771,-0.319524,0.064696,-0.095516,-0.322878,-0.032334,-0.095643,-0.321201,0.000213,-0.119772,-0.294759,-0.061528,-0.119824,-0.292438
2026-05-26 16:59:14.054,140.599866,0.000000,0.000000,0.000000,-0.129364,-0.095771,-0.319524,0.064931,-0.094466,-0.322966,-0.032216,-0.095118,-0.321245,0.000213,-0.119772,-0.294759,-0.060823,-0.119861,-0.292455
2026-05-26 16:59:14.154,140.699866,0.000000,0.000000,0.000000,-0.130087,-0.095733,-0.319506,0.064696,-0.095516,-0.322878,-0.032695,-0.095624,-0.321192,0.000213,-0.119772,-0.294759,-0.061528,-0.119824,-0.292438
2026-05-26 16:59:14.254,140.799866,0.000000,0.000000,0.000000,-0.129364,-0.095771,-0.319524,0.064696,-0.095516,-0.322878,-0.032334,-0.095643,-0.321201,0.000353,-0.118723,-0.294805,-0.061540,-0.119733,-0.293139
2026-05-26 16:59:14.354,140.899866,0.000000,0.000000,0.000000,-0.129364,-0.095771,-0.319524,0.064931,-0.094466,-0.322966,-0.032216,-0.095118,-0.321245,0.000353,-0.118723,-0.294805,-0.060835,-0.119770,-0.293156
2026-05-26 16:59:14.454,140.999866,0.000000,0.000000,0.000000,-0.129364,-0.095771,-0.319524,0.064696,-0.095516,-0.322878,-0.032334,-0.095643,-0.321201,0.000353,-0.118723,-0.294805,-0.060823,-0.119861,-0.292455
2026-05-26 16:59:14.554,141.099865,0.000000,0.000000,0.000000,-0.129432,-0.094705,-0.319608,0.065166,-0.093417,-0.323055,-0.032133,-0.094061,-0.321331,0.000353,-0.118723,-0.294805,-0.060823,-0.119861,-0.292455
2026-05-26 16:59:14.654,141.199865,0.000000,0.000000,0.000000,-0.129296,-0.096836,-0.319439,0.064696,-0.095516,-0.322878,-0.032300,-0.096176,-0.321159,0.000353,-0.118723,-0.294805,-0.060835,-0.119770,-0.293156
2026-05-26 16:59:14.754,141.299865,0.000000,0.000000,0.000000,-0.129364,-0.095771,-0.319524,0.064696,-0.095516,-0.322878,-0.032334,-0.095643,-0.321201,0.000353,-0.118723,-0.294805,-0.060823,-0.119861,-0.292455
2026-05-26 16:59:14.854,141.399865,0.000000,0.000000,0.000000,-0.129227,-0.097902,-0.319355,0.064696,-0.095516,-0.322878,-0.032266,-0.096709,-0.321117,0.000353,-0.118723,-0.294805,-0.061528,-0.119824,-0.292438
2026-05-26 16:59:14.954,141.499865,0.000000,0.000000,0.000000,-0.129296,-0.096836,-0.319439,0.064696,-0.095516,-0.322878,-0.032300,-0.096176,-0.321159,0.000353,-0.118723,-0.294805,-0.061528,-0.119824,-0.292438
2026-05-26 16:59:15.054,141.599865,0.000000,0.000000,0.000000,-0.129364,-0.095771,-0.319524,0.064696,-0.095516,-0.322878,-0.032334,-0.095643,-0.321201,0.000353,-0.118723,-0.294805,-0.060835,-0.119770,-0.293156
2026-05-26 16:59:15.154,141.699865,0.000000,0.000000,0.000000,-0.129364,-0.095771,-0.319524,0.064931,-0.094466,-0.322966,-0.032216,-0.095118,-0.321245,0.000213,-0.119772,-0.294759,-0.061528,-0.119824,-0.292438
2026-05-26 16:59:15.254,141.799865,0.000000,0.000000,0.000000,-0.129364,-0.095771,-0.319524,0.064696,-0.095516,-0.322878,-0.032334,-0.095643,-0.321201,0.000353,-0.118723,-0.294805,-0.060835,-0.119770,-0.293156
2026-05-26 16:59:15.354,141.899865,0.000000,0.000000,0.000000,-0.129296,-0.096836,-0.319439,0.064696,-0.095516,-0.322878,-0.032300,-0.096176,-0.321159,0.000353,-0.118723,-0.294805,-0.060835,-0.119770,-0.293156
2026-05-26 16:59:15.454,141.999865,0.000000,0.000000,0.000000,-0.129432,-0.094705,-0.319608,0.064461,-0.096565,-0.322790,-0.032485,-0.095635,-0.321199,0.000353,-0.118723,-0.294805,-0.060823,-0.119861,-0.292455
2026-05-26 16:59:15.554,142.099864,0.000000,0.000000,0.000000,-0.129296,-0.096836,-0.319439,0.064931,-0.094466,-0.322966,-0.032182,-0.095651,-0.321203,0.000353,-0.118723,-0.294805,-0.060835,-0.119770,-0.293156
2026-05-26 16:59:15.654,142.199864,0.000000,0.000000,0.000000,-0.129364,-0.095771,-0.319524,0.064931,-0.094466,-0.322966,-0.032216,-0.095118,-0.321245,0.000353,-0.118723,-0.294805,-0.060823,-0.119861,-0.292455
2026-05-26 16:59:15.754,142.299864,0.000000,0.000000,0.000000,-0.129364,-0.095771,-0.319524,0.064931,-0.094466,-0.322966,-0.032216,-0.095118,-0.321245,0.000353,-0.118723,-0.294805,-0.061528,-0.119824,-0.292438
2026-05-26 16:59:15.854,142.399864,0.000000,0.000000,0.000000,-0.129364,-0.095771,-0.319524,0.064226,-0.097615,-0.322702,-0.032569,-0.096693,-0.321113,0.000353,-0.118723,-0.294805,-0.060823,-0.119861,-0.292455
2026-05-26 16:59:15.954,142.499864,0.000000,0.000000,0.000000,-0.129296,-0.096836,-0.319439,0.064461,-0.096565,-0.322790,-0.032417,-0.096701,-0.321115,0.000353,-0.118723,-0.294805,-0.060835,-0.119770,-0.293156
2026-05-26 16:59:16.054,142.599864,0.000000,0.000000,0.000000,-0.129296,-0.096836,-0.319439,0.064931,-0.094466,-0.322966,-0.032182,-0.095651,-0.321203,0.000213,-0.119772,-0.294759,-0.061528,-0.119824,-0.292438
2026-05-26 16:59:16.154,142.699864,0.000000,0.000000,0.000000,-0.129296,-0.096836,-0.319439,0.064931,-0.094466,-0.322966,-0.032182,-0.095651,-0.321203,0.000213,-0.119772,-0.294759,-0.061540,-0.119733,-0.293139
2026-05-26 16:59:16.254,142.799864,0.000000,0.000000,0.000000,-0.129296,-0.096836,-0.319439,0.064931,-0.094466,-0.322966,-0.032182,-0.095651,-0.321203,0.000353,-0.118723,-0.294805,-0.061540,-0.119733,-0.293139
2026-05-26 16:59:16.354,142.899864,0.000000,0.000000,0.000000,-0.129296,-0.096836,-0.319439,0.064931,-0.094466,-0.322966,-0.032182,-0.095651,-0.321203,0.000201,-0.119681,-0.295463,-0.062245,-0.119697,-0.293122
2026-05-26 16:59:16.454,142.999864,0.000000,0.000000,0.000000,-0.129296,-0.096836,-0.319439,0.064696,-0.095516,-0.322878,-0.032300,-0.096176,-0.321159,0.000201,-0.119681,-0.295463,-0.062284,-0.120751,-0.293079
2026-05-26 16:59:16.554,143.099864,0.000000,0.000000,0.000000,-0.129364,-0.095771,-0.319524,0.064696,-0.095516,-0.322878,-0.032334,-0.095643,-0.321201,0.000201,-0.119681,-0.295463,-0.062257,-0.119605,-0.293823
2026-05-26 16:59:16.654,143.199863,0.000000,0.000000,0.000000,-0.129227,-0.097902,-0.319355,0.064696,-0.095516,-0.322878,-0.032266,-0.096709,-0.321117,0.000910,-0.119717,-0.295481,-0.062257,-0.119605,-0.293823
2026-05-26 16:59:16.754,143.299863,0.000000,0.000000,0.000000,-0.129364,-0.095771,-0.319524,0.064461,-0.096565,-0.322790,-0.032451,-0.096168,-0.321157,0.000062,-0.120730,-0.295416,-0.062257,-0.119605,-0.293823
2026-05-26 16:59:16.854,143.399863,0.000000,0.000000,0.000000,-0.129364,-0.095771,-0.319524,0.064696,-0.095516,-0.322878,-0.032334,-0.095643,-0.321201,0.000201,-0.119681,-0.295463,-0.062257,-0.119605,-0.293823
2026-05-26 16:59:16.954,143.499863,0.000000,0.000000,0.000000,-0.129364,-0.095771,-0.319524,0.064931,-0.094466,-0.322966,-0.032216,-0.095118,-0.321245,0.000049,-0.120639,-0.296119,-0.062257,-0.119605,-0.293823
2026-05-26 16:59:17.054,143.599863,0.000000,0.000000,0.000000,-0.129296,-0.096836,-0.319439,0.064931,-0.094466,-0.322966,-0.032182,-0.095651,-0.321203,0.000049,-0.120639,-0.296119,-0.062257,-0.119605,-0.293823
2026-05-26 16:59:17.154,143.699863,0.000000,0.000000,0.000000,-0.129364,-0.095771,-0.319524,0.064931,-0.094466,-0.322966,-0.032216,-0.095118,-0.321245,0.000049,-0.120639,-0.296119,-0.062257,-0.119605,-0.293823
2026-05-26 16:59:17.254,143.799863,0.000000,0.000000,0.000000,-0.129296,-0.096836,-0.319439,0.064461,-0.096565,-0.322790,-0.032417,-0.096701,-0.321115,0.000049,-0.120639,-0.296119,-0.062257,-0.119605,-0.293823
2026-05-26 16:59:17.354,143.899863,0.000000,0.000000,0.000000,-0.129296,-0.096836,-0.319439,0.064696,-0.095516,-0.322878,-0.032300,-0.096176,-0.321159,0.000897,-0.119626,-0.296185,-0.062257,-0.119605,-0.293823
2026-05-26 16:59:17.454,143.999863,0.000000,0.000000,0.000000,-0.129364,-0.095771,-0.319524,0.065166,-0.093417,-0.323055,-0.032099,-0.094594,-0.321289,0.000757,-0.120675,-0.296137,-0.062257,-0.119605,-0.293823
2026-05-26 16:59:17.554,144.099863,0.000000,0.000000,0.000000,-0.129296,-0.096836,-0.319439,0.064931,-0.094466,-0.322966,-0.032182,-0.095651,-0.321203,-0.000090,-0.121688,-0.296071,-0.062257,-0.119605,-0.293823
2026-05-26 16:59:17.654,144.199862,0.000000,0.000000,0.000000,-0.129364,-0.095771,-0.319524,0.064461,-0.096565,-0.322790,-0.032451,-0.096168,-0.321157,0.000189,-0.119589,-0.296168,-0.062257,-0.119605,-0.293823
2026-05-26 16:59:17.754,144.299862,0.000000,0.000000,0.000000,-0.129296,-0.096836,-0.319439,0.064696,-0.095516,-0.322878,-0.032300,-0.096176,-0.321159,0.000757,-0.120675,-0.296137,-0.062257,-0.119605,-0.293823
2026-05-26 16:59:17.854,144.399862,0.000000,0.000000,0.000000,-0.129364,-0.095771,-0.319524,0.064696,-0.095516,-0.322878,-0.032334,-0.095643,-0.321201,0.000757,-0.120675,-0.296137,-0.062218,-0.118551,-0.293868
2026-05-26 16:59:17.954,144.499862,0.000000,0.000000,0.000000,-0.129296,-0.096836,-0.319439,0.064931,-0.094466,-0.322966,-0.032182,-0.095651,-0.321203,0.000049,-0.120639,-0.296119,-0.062257,-0.119605,-0.293823
2026-05-26 16:59:18.054,144.599862,0.000000,0.000000,0.000000,-0.129364,-0.095771,-0.319524,0.065166,-0.093417,-0.323055,-0.032099,-0.094594,-0.321289,0.000049,-0.120639,-0.296119,-0.062257,-0.119605,-0.293823
2026-05-26 16:59:18.154,144.699862,0.000000,0.000000,0.000000,-0.129364,-0.095771,-0.319524,0.064931,-0.094466,-0.322966,-0.032216,-0.095118,-0.321245,0.000897,-0.119626,-0.296185,-0.062257,-0.119605,-0.293823
2026-05-26 16:59:18.254,144.799862,0.000000,0.000000,0.000000,-0.129364,-0.095771,-0.319524,0.064931,-0.094466,-0.322966,-0.032216,-0.095118,-0.321245,0.000119,-0.120114,-0.296144,-0.062257,-0.119605,-0.293823
2026-05-26 16:59:18.354,144.899862,0.000000,0.000000,0.000000,-0.129364,-0.095771,-0.319524,0.064696,-0.095516,-0.322878,-0.032334,-0.095643,-0.321201,0.000049,-0.120639,-0.296119,-0.062257,-0.119605,-0.293823
2026-05-26 16:59:18.454,144.999862,0.000000,0.000000,0.000000,-0.129364,-0.095771,-0.319524,0.064931,-0.094466,-0.322966,-0.032216,-0.095118,-0.321245,0.000757,-0.120675,-0.296137,-0.062257,-0.119605,-0.293823
2026-05-26 16:59:18.554,145.099862,0.000000,0.000000,0.000000,-0.129364,-0.095771,-0.319524,0.064931,-0.094466,-0.322966,-0.032216,-0.095118,-0.321245,0.000049,-0.120639,-0.296119,-0.062257,-0.119605,-0.293823
2026-05-26 16:59:18.654,145.199862,0.000000,0.000000,0.000000,-0.129364,-0.095771,-0.319524,0.064931,-0.094466,-0.322966,-0.032216,-0.095118,-0.321245,0.000897,-0.119626,-0.296185,-0.062257,-0.119605,-0.293823
2026-05-26 16:59:18.754,145.299861,0.000000,0.000000,0.000000,-0.129364,-0.095771,-0.319524,0.064696,-0.095516,-0.322878,-0.032334,-0.095643,-0.321201,0.000189,-0.119589,-0.296168,-0.062257,-0.119605,-0.293823
2026-05-26 16:59:18.854,145.399861,0.000000,0.000000,0.000000,-0.129364,-0.095771,-0.319524,0.064696,-0.095516,-0.322878,-0.032334,-0.095643,-0.321201,0.000049,-0.120639,-0.296119,-0.062257,-0.119605,-0.293823
2026-05-26 16:59:18.954,145.499861,0.000000,0.000000,0.000000,-0.129364,-0.095771,-0.319524,0.064931,-0.094466,-0.322966,-0.032216,-0.095118,-0.321245,0.000757,-0.120675,-0.296137,-0.062257,-0.119605,-0.293823
2026-05-26 16:59:19.054,145.599861,0.000000,0.000000,0.000000,-0.129364,-0.095771,-0.319524,0.064931,-0.094466,-0.322966,-0.032216,-0.095118,-0.321245,0.000049,-0.120639,-0.296119,-0.062296,-0.120660,-0.293779
2026-05-26 16:59:19.154,145.699861,0.000000,0.000000,0.000000,-0.129432,-0.094705,-0.319608,0.065166,-0.093417,-0.323055,-0.032133,-0.094061,-0.321331,0.000049,-0.120639,-0.296119,-0.062257,-0.119605,-0.293823
2026-05-26 16:59:19.254,145.799861,0.000000,0.000000,0.000000,-0.129432,-0.094705,-0.319608,0.065166,-0.093417,-0.323055,-0.032133,-0.094061,-0.321331,0.000049,-0.120639,-0.296119,-0.062257,-0.119605,-0.293823
2026-05-26 16:59:19.354,145.899861,0.000000,0.000000,0.000000,-0.129296,-0.096836,-0.319439,0.064696,-0.095516,-0.322878,-0.032300,-0.096176,-0.321159,0.000757,-0.120675,-0.296137,-0.062257,-0.119605,-0.293823
2026-05-26 16:59:19.454,145.999861,0.000000,0.000000,0.000000,-0.129432,-0.094705,-0.319608,0.064696,-0.095516,-0.322878,-0.032368,-0.095110,-0.321243,0.000049,-0.120639,-0.296119,-0.062257,-0.119605,-0.293823
2026-05-26 16:59:19.554,146.099861,0.000000,0.000000,0.000000,-0.129364,-0.095771,-0.319524,0.064931,-0.094466,-0.322966,-0.032216,-0.095118,-0.321245,0.000049,-0.120639,-0.296119,-0.062257,-0.119605,-0.293823
2026-05-26 16:59:19.654,146.199861,0.000000,0.000000,0.000000,-0.129364,-0.095771,-0.319524,0.065166,-0.093417,-0.323055,-0.032099,-0.094594,-0.321289,0.000049,-0.120639,-0.296119,-0.062257,-0.119605,-0.293823
2026-05-26 16:59:19.754,146.299860,0.000000,0.000000,0.000000,-0.129364,-0.095771,-0.319524,0.064696,-0.095516,-0.322878,-0.032334,-0.095643,-0.321201,-0.000033,-0.121072,-0.296798,-0.062257,-0.119605,-0.293823
2026-05-26 16:59:19.854,146.399860,0.000000,0.000000,0.000000,-0.129364,-0.095771,-0.319524,0.064931,-0.094466,-0.322966,-0.032216,-0.095118,-0.321245,0.000757,-0.120675,-0.296137,-0.062257,-0.119605,-0.293823
2026-05-26 16:59:19.954,146.499860,0.000000,0.000000,0.000000,-0.129364,-0.095771,-0.319524,0.064931,-0.094466,-0.322966,-0.032216,-0.095118,-0.321245,0.000049,-0.120639,-0.296119,-0.062257,-0.119605,-0.293823
2026-05-26 16:59:20.054,146.599860,0.000000,0.000000,0.000000,-0.129364,-0.095771,-0.319524,0.064931,-0.094466,-0.322966,-0.032216,-0.095118,-0.321245,0.000049,-0.120639,-0.296119,-0.062257,-0.119605,-0.293823
2026-05-26 16:59:20.154,146.699860,0.000000,0.000000,0.000000,-0.129364,-0.095771,-0.319524,0.065166,-0.093417,-0.323055,-0.032099,-0.094594,-0.321289,0.000049,-0.120639,-0.296119,-0.062257,-0.119605,-0.293823
2026-05-26 16:59:20.254,146.799860,0.000000,0.000000,0.000000,-0.129364,-0.095771,-0.319524,0.064696,-0.095516,-0.322878,-0.032334,-0.095643,-0.321201,0.000616,-0.121725,-0.296088,-0.062218,-0.118551,-0.293868
2026-05-26 16:59:20.354,146.899860,0.000000,0.000000,0.000000,-0.129364,-0.095771,-0.319524,0.064931,-0.094466,-0.322966,-0.032216,-0.095118,-0.321245,0.000049,-0.120639,-0.296119,-0.062257,-0.119605,-0.293823
2026-05-26 16:59:20.454,146.999860,0.000000,0.000000,0.000000,-0.129432,-0.094705,-0.319608,0.064931,-0.094466,-0.322966,-0.032250,-0.094586,-0.321287,0.000049,-0.120639,-0.296119,-0.062257,-0.119605,-0.293823
2026-05-26 16:59:20.554,147.099860,0.000000,0.000000,0.000000,-0.129296,-0.096836,-0.319439,0.064696,-0.095516,-0.322878,-0.032300,-0.096176,-0.321159,0.000757,-0.120675,-0.296137,-0.062257,-0.119605,-0.293823
2026-05-26 16:59:20.654,147.199860,0.000000,0.000000,0.000000,-0.129364,-0.095771,-0.319524,0.064696,-0.095516,-0.322878,-0.032334,-0.095643,-0.321201,0.000757,-0.120675,-0.296137,-0.062257,-0.119605,-0.293823
2026-05-26 16:59:20.754,147.299860,0.000000,0.000000,0.000000,-0.129364,-0.095771,-0.319524,0.064696,-0.095516,-0.322878,-0.032334,-0.095643,-0.321201,0.000897,-0.119626,-0.296185,-0.062257,-0.119605,-0.293823
2026-05-26 16:59:20.854,147.399859,0.000000,0.000000,0.000000,-0.129364,-0.095771,-0.319524,0.064461,-0.096565,-0.322790,-0.032451,-0.096168,-0.321157,0.000897,-0.119626,-0.296185,-0.062257,-0.119605,-0.293823
2026-05-26 16:59:20.954,147.499859,0.000000,0.000000,0.000000,-0.129296,-0.096836,-0.319439,0.064696,-0.095516,-0.322878,-0.032300,-0.096176,-0.321159,0.000757,-0.120675,-0.296137,-0.062257,-0.119605,-0.293823
2026-05-26 16:59:21.054,147.599859,0.000000,0.000000,0.000000,-0.129364,-0.095771,-0.319524,0.064931,-0.094466,-0.322966,-0.032216,-0.095118,-0.321245,0.000189,-0.119589,-0.296168,-0.062257,-0.119605,-0.293823
2026-05-26 16:59:21.154,147.699859,0.000000,0.000000,0.000000,-0.129364,-0.095771,-0.319524,0.064931,-0.094466,-0.322966,-0.032216,-0.095118,-0.321245,0.000049,-0.120639,-0.296119,-0.062257,-0.119605,-0.293823
2026-05-26 16:59:21.254,147.799859,0.000000,0.000000,0.000000,-0.129364,-0.095771,-0.319524,0.065166,-0.093417,-0.323055,-0.032099,-0.094594,-0.321289,0.000897,-0.119626,-0.296185,-0.062218,-0.118551,-0.293868
2026-05-26 16:59:21.354,147.899859,0.000000,0.000000,0.000000,-0.129364,-0.095771,-0.319524,0.065166,-0.093417,-0.323055,-0.032099,-0.094594,-0.321289,0.000897,-0.119626,-0.296185,-0.062257,-0.119605,-0.293823
2026-05-26 16:59:21.454,147.999859,0.000000,0.000000,0.000000,-0.129364,-0.095771,-0.319524,0.064931,-0.094466,-0.322966,-0.032216,-0.095118,-0.321245,0.000049,-0.120639,-0.296119,-0.062257,-0.119605,-0.293823
2026-05-26 16:59:21.554,148.099859,0.000000,0.000000,0.000000,-0.129364,-0.095771,-0.319524,0.064931,-0.094466,-0.322966,-0.032216,-0.095118,-0.321245,0.000049,-0.120639,-0.296119,-0.062257,-0.119605,-0.293823
2026-05-26 16:59:21.654,148.199859,0.000000,0.000000,0.000000,-0.129364,-0.095771,-0.319524,0.064931,-0.094466,-0.322966,-0.032216,-0.095118,-0.321245,0.000049,-0.120639,-0.296119,-0.062218,-0.118551,-0.293868
2026-05-26 16:59:21.754,148.299859,0.000000,0.000000,0.000000,-0.129364,-0.095771,-0.319524,0.064931,-0.094466,-0.322966,-0.032216,-0.095118,-0.321245,0.000757,-0.120675,-0.296137,-0.062257,-0.119605,-0.293823
2026-05-26 16:59:21.854,148.399858,0.000000,0.000000,0.000000,-0.129296,-0.096836,-0.319439,0.064461,-0.096565,-0.322790,-0.032417,-0.096701,-0.321115,0.000049,-0.120639,-0.296119,-0.062218,-0.118551,-0.293868
2026-05-26 16:59:21.954,148.499858,0.000000,0.000000,0.000000,-0.129364,-0.095771,-0.319524,0.064931,-0.094466,-0.322966,-0.032216,-0.095118,-0.321245,0.000049,-0.120639,-0.296119,-0.062257,-0.119605,-0.293823
2026-05-26 16:59:22.054,148.599858,0.000000,0.000000,0.000000,-0.129364,-0.095771,-0.319524,0.064931,-0.094466,-0.322966,-0.032216,-0.095118,-0.321245,0.000049,-0.120639,-0.296119,-0.062269,-0.119514,-0.294524
2026-05-26 16:59:22.154,148.699858,0.000000,0.000000,0.000000,-0.129364,-0.095771,-0.319524,0.064461,-0.096565,-0.322790,-0.032451,-0.096168,-0.321157,0.000037,-0.120547,-0.296823,-0.062269,-0.119514,-0.294524
2026-05-26 16:59:22.254,148.799858,0.000000,0.000000,0.000000,-0.129364,-0.095771,-0.319524,0.065166,-0.093417,-0.323055,-0.032099,-0.094594,-0.321289,0.000604,-0.121634,-0.296790,-0.062308,-0.120569,-0.294478
2026-05-26 16:59:22.354,148.899858,0.000000,0.000000,0.000000,-0.129364,-0.095771,-0.319524,0.064696,-0.095516,-0.322878,-0.032334,-0.095643,-0.321201,0.000744,-0.120584,-0.296840,-0.062974,-0.119477,-0.294507
2026-05-26 16:59:22.454,148.999858,0.000000,0.000000,0.000000,-0.129296,-0.096836,-0.319439,0.064931,-0.094466,-0.322966,-0.032182,-0.095651,-0.321203,-0.000102,-0.121597,-0.296773,-0.063012,-0.120532,-0.294461
2026-05-26 16:59:22.554,149.099858,0.000000,0.000000,0.000000,-0.129432,-0.094705,-0.319608,0.064696,-0.095516,-0.322878,-0.032368,-0.095110,-0.321243,0.000592,-0.121542,-0.297492,-0.063012,-0.120532,-0.294461
2026-05-26 16:59:22.654,149.199858,0.000000,0.000000,0.000000,-0.129364,-0.095771,-0.319524,0.065166,-0.093417,-0.323055,-0.032099,-0.094594,-0.321289,0.000592,-0.121542,-0.297492,-0.063679,-0.119441,-0.294490
2026-05-26 16:59:22.754,149.299858,0.000000,0.000000,0.000000,-0.129432,-0.094705,-0.319608,0.064461,-0.096565,-0.322790,-0.032485,-0.095635,-0.321199,0.000451,-0.122592,-0.297442,-0.063679,-0.119441,-0.294490
2026-05-26 16:59:22.854,149.399858,0.000000,0.000000,0.000000,-0.129364,-0.095771,-0.319524,0.064696,-0.095516,-0.322878,-0.032334,-0.095643,-0.321201,0.000451,-0.122592,-0.297442,-0.063716,-0.120496,-0.294444
2026-05-26 16:59:22.954,149.499857,0.000000,0.000000,0.000000,-0.129364,-0.095771,-0.319524,0.064931,-0.094466,-0.322966,-0.032216,-0.095118,-0.321245,0.000451,-0.122592,-0.297442,-0.063679,-0.119441,-0.294490
2026-05-26 16:59:23.054,149.599857,0.000000,0.000000,0.000000,-0.129364,-0.095771,-0.319524,0.065166,-0.093417,-0.323055,-0.032099,-0.094594,-0.321289,0.000451,-0.122592,-0.297442,-0.063679,-0.119441,-0.294490
2026-05-26 16:59:23.154,149.699857,0.000000,0.000000,0.000000,-0.129432,-0.094705,-0.319608,0.064696,-0.095516,-0.322878,-0.032368,-0.095110,-0.321243,0.000451,-0.122592,-0.297442,-0.063679,-0.119441,-0.294490
2026-05-26 16:59:23.254,149.799857,0.000000,0.000000,0.000000,-0.129364,-0.095771,-0.319524,0.064696,-0.095516,-0.322878,-0.032334,-0.095643,-0.321201,0.000451,-0.122592,-0.297442,-0.063679,-0.119441,-0.294490
2026-05-26 16:59:23.354,149.899857,0.000000,0.000000,0.000000,-0.129364,-0.095771,-0.319524,0.064931,-0.094466,-0.322966,-0.032216,-0.095118,-0.321245,0.000451,-0.122592,-0.297442,-0.063679,-0.119441,-0.294490
2026-05-26 16:59:23.454,149.999857,0.000000,0.000000,0.000000,-0.129364,-0.095771,-0.319524,0.065166,-0.093417,-0.323055,-0.032099,-0.094594,-0.321289,0.000451,-0.122592,-0.297442,-0.063679,-0.119441,-0.294490
2026-05-26 16:59:23.554,150.099857,0.000000,0.000000,0.000000,-0.129364,-0.095771,-0.319524,0.064696,-0.095516,-0.322878,-0.032334,-0.095643,-0.321201,0.000451,-0.122592,-0.297442,-0.063679,-0.119441,-0.294490
2026-05-26 16:59:23.654,150.199857,0.000000,0.000000,0.000000,-0.129364,-0.095771,-0.319524,0.064696,-0.095516,-0.322878,-0.032334,-0.095643,-0.321201,0.000451,-0.122592,-0.297442,-0.063679,-0.119441,-0.294490
2026-05-26 16:59:23.754,150.299857,0.000000,0.000000,0.000000,-0.129432,-0.094705,-0.319608,0.064696,-0.095516,-0.322878,-0.032368,-0.095110,-0.321243,0.000451,-0.122592,-0.297442,-0.063679,-0.119441,-0.294490
2026-05-26 16:59:23.854,150.399857,0.000000,0.000000,0.000000,-0.129364,-0.095771,-0.319524,0.064696,-0.095516,-0.322878,-0.032334,-0.095643,-0.321201,0.000592,-0.121542,-0.297492,-0.063716,-0.120496,-0.294444
2026-05-26 16:59:23.954,150.499856,0.000000,0.000000,0.000000,-0.129364,-0.095771,-0.319524,0.064696,-0.095516,-0.322878,-0.032334,-0.095643,-0.321201,0.001298,-0.121579,-0.297509,-0.063679,-0.119441,-0.294490
2026-05-26 16:59:24.054,150.599856,0.000000,0.000000,0.000000,-0.129364,-0.095771,-0.319524,0.065166,-0.093417,-0.323055,-0.032099,-0.094594,-0.321289,0.000592,-0.121542,-0.297492,-0.063679,-0.119441,-0.294490
2026-05-26 16:59:24.154,150.699856,0.000000,0.000000,0.000000,-0.129364,-0.095771,-0.319524,0.064931,-0.094466,-0.322966,-0.032216,-0.095118,-0.321245,0.000451,-0.122592,-0.297442,-0.063679,-0.119441,-0.294490
2026-05-26 16:59:24.254,150.799856,0.000000,0.000000,0.000000,-0.129364,-0.095771,-0.319524,0.065166,-0.093417,-0.323055,-0.032099,-0.094594,-0.321289,0.000451,-0.122592,-0.297442,-0.063716,-0.120496,-0.294444
2026-05-26 16:59:24.354,150.899856,0.000000,0.000000,0.000000,-0.129364,-0.095771,-0.319524,0.064696,-0.095516,-0.322878,-0.032334,-0.095643,-0.321201,0.000451,-0.122592,-0.297442,-0.063679,-0.119441,-0.294490
2026-05-26 16:59:24.454,150.999856,0.000000,0.000000,0.000000,-0.129296,-0.096836,-0.319439,0.064931,-0.094466,-0.322966,-0.032182,-0.095651,-0.321203,0.000592,-0.121542,-0.297492,-0.063679,-0.119441,-0.294490
2026-05-26 16:59:24.554,151.099856,0.000000,0.000000,0.000000,-0.129432,-0.094705,-0.319608,0.064696,-0.095516,-0.322878,-0.032368,-0.095110,-0.321243,0.000592,-0.121542,-0.297492,-0.063679,-0.119441,-0.294490
2026-05-26 16:59:24.654,151.199856,0.000000,0.000000,0.000000,-0.129364,-0.095771,-0.319524,0.064696,-0.095516,-0.322878,-0.032334,-0.095643,-0.321201,0.000592,-0.121542,-0.297492,-0.063716,-0.120496,-0.294444
2026-05-26 16:59:24.754,151.299856,0.000000,0.000000,0.000000,-0.129432,-0.094705,-0.319608,0.064931,-0.094466,-0.322966,-0.032250,-0.094586,-0.321287,0.000451,-0.122592,-0.297442,-0.063679,-0.119441,-0.294490
2026-05-26 16:59:24.854,151.399856,0.000000,0.000000,0.000000,-0.129364,-0.095771,-0.319524,0.064696,-0.095516,-0.322878,-0.032334,-0.095643,-0.321201,0.000451,-0.122592,-0.297442,-0.063716,-0.120496,-0.294444
2026-05-26 16:59:24.954,151.499856,0.000000,0.000000,0.000000,-0.129432,-0.094705,-0.319608,0.064931,-0.094466,-0.322966,-0.032250,-0.094586,-0.321287,0.000451,-0.122592,-0.297442,-0.063716,-0.120496,-0.294444
2026-05-26 16:59:25.054,151.599855,0.000000,0.000000,0.000000,-0.129432,-0.094705,-0.319608,0.064931,-0.094466,-0.322966,-0.032250,-0.094586,-0.321287,0.001298,-0.121579,-0.297509,-0.063679,-0.119441,-0.294490
2026-05-26 16:59:25.154,151.699855,0.000000,0.000000,0.000000,-0.129364,-0.095771,-0.319524,0.064696,-0.095516,-0.322878,-0.032334,-0.095643,-0.321201,0.000451,-0.122592,-0.297442,-0.063716,-0.120496,-0.294444
2026-05-26 16:59:25.254,151.799855,0.000000,0.000000,0.000000,-0.129432,-0.094705,-0.319608,0.064931,-0.094466,-0.322966,-0.032250,-0.094586,-0.321287,0.000451,-0.122592,-0.297442,-0.063679,-0.119441,-0.294490
2026-05-26 16:59:25.354,151.899855,0.000000,0.000000,0.000000,-0.129364,-0.095771,-0.319524,0.064931,-0.094466,-0.322966,-0.032216,-0.095118,-0.321245,0.000451,-0.122592,-0.297442,-0.063679,-0.119441,-0.294490
2026-05-26 16:59:25.454,151.999855,0.000000,0.000000,0.000000,-0.129364,-0.095771,-0.319524,0.064461,-0.096565,-0.322790,-0.032451,-0.096168,-0.321157,0.000451,-0.122592,-0.297442,-0.063679,-0.119441,-0.294490
2026-05-26 16:59:25.554,152.099855,0.000000,0.000000,0.000000,-0.129364,-0.095771,-0.319524,0.064931,-0.094466,-0.322966,-0.032216,-0.095118,-0.321245,0.000451,-0.122592,-0.297442,-0.063716,-0.120496,-0.294444
2026-05-26 16:59:25.654,152.199855,0.000000,0.000000,0.000000,-0.129432,-0.094705,-0.319608,0.064696,-0.095516,-0.322878,-0.032368,-0.095110,-0.321243,0.001156,-0.122629,-0.297459,-0.063716,-0.120496,-0.294444
2026-05-26 16:59:25.754,152.299855,0.000000,0.000000,0.000000,-0.129364,-0.095771,-0.319524,0.064696,-0.095516,-0.322878,-0.032334,-0.095643,-0.321201,0.000451,-0.122592,-0.297442,-0.063679,-0.119441,-0.294490
2026-05-26 16:59:25.854,152.399855,0.000000,0.000000,0.000000,-0.129296,-0.096836,-0.319439,0.064931,-0.094466,-0.322966,-0.032182,-0.095651,-0.321203,0.000451,-0.122592,-0.297442,-0.063643,-0.118386,-0.294536
2026-05-26 16:59:25.954,152.499855,0.000000,0.000000,0.000000,-0.129432,-0.094705,-0.319608,0.064696,-0.095516,-0.322878,-0.032368,-0.095110,-0.321243,0.000451,-0.122592,-0.297442,-0.063679,-0.119441,-0.294490
2026-05-26 16:59:26.054,152.599854,0.000000,0.000000,0.000000,-0.129364,-0.095771,-0.319524,0.064931,-0.094466,-0.322966,-0.032216,-0.095118,-0.321245,0.000451,-0.122592,-0.297442,-0.063679,-0.119441,-0.294490
2026-05-26 16:59:26.154,152.699854,0.000000,0.000000,0.000000,-0.129364,-0.095771,-0.319524,0.064696,-0.095516,-0.322878,-0.032334,-0.095643,-0.321201,0.000451,-0.122592,-0.297442,-0.063679,-0.119441,-0.294490
2026-05-26 16:59:26.254,152.799854,0.000000,0.000000,0.000000,-0.129432,-0.094705,-0.319608,0.064931,-0.094466,-0.322966,-0.032250,-0.094586,-0.321287,0.000451,-0.122592,-0.297442,-0.063679,-0.119441,-0.294490
2026-05-26 16:59:26.354,152.899854,0.000000,0.000000,0.000000,-0.129296,-0.096836,-0.319439,0.064696,-0.095516,-0.322878,-0.032300,-0.096176,-0.321159,0.000451,-0.122592,-0.297442,-0.063679,-0.119441,-0.294490
2026-05-26 16:59:26.454,152.999854,0.000000,0.000000,0.000000,-0.129364,-0.095771,-0.319524,0.064931,-0.094466,-0.322966,-0.032216,-0.095118,-0.321245,0.000451,-0.122592,-0.297442,-0.063679,-0.119441,-0.294490
2026-05-26 16:59:26.554,153.099854,0.000000,0.000000,0.000000,-0.129364,-0.095771,-0.319524,0.064696,-0.095516,-0.322878,-0.032334,-0.095643,-0.321201,0.000451,-0.122592,-0.297442,-0.063679,-0.119441,-0.294490
2026-05-26 16:59:26.654,153.199854,0.000000,0.000000,0.000000,-0.129432,-0.094705,-0.319608,0.064931,-0.094466,-0.322966,-0.032250,-0.094586,-0.321287,0.000451,-0.122592,-0.297442,-0.063679,-0.119441,-0.294490
2026-05-26 16:59:26.754,153.299854,0.000000,0.000000,0.000000,-0.129364,-0.095771,-0.319524,0.064931,-0.094466,-0.322966,-0.032216,-0.095118,-0.321245,0.000592,-0.121542,-0.297492,-0.063679,-0.119441,-0.294490
2026-05-26 16:59:26.854,153.399854,0.000000,0.000000,0.000000,-0.129364,-0.095771,-0.319524,0.064696,-0.095516,-0.322878,-0.032334,-0.095643,-0.321201,0.000451,-0.122592,-0.297442,-0.063679,-0.119441,-0.294490
2026-05-26 16:59:26.954,153.499854,0.000000,0.000000,0.000000,-0.130087,-0.095733,-0.319506,0.064696,-0.095516,-0.322878,-0.032695,-0.095624,-0.321192,0.000451,-0.122592,-0.297442,-0.063679,-0.119441,-0.294490
2026-05-26 16:59:27.054,153.599854,0.000000,0.000000,0.000000,-0.129432,-0.094705,-0.319608,0.064696,-0.095516,-0.322878,-0.032368,-0.095110,-0.321243,0.000451,-0.122592,-0.297442,-0.063716,-0.120496,-0.294444
2026-05-26 16:59:27.154,153.699853,0.000000,0.000000,0.000000,-0.129364,-0.095771,-0.319524,0.064696,-0.095516,-0.322878,-0.032334,-0.095643,-0.321201,0.000451,-0.122592,-0.297442,-0.063716,-0.120496,-0.294444
2026-05-26 16:59:27.254,153.799853,0.000000,0.000000,0.000000,-0.129364,-0.095771,-0.319524,0.065166,-0.093417,-0.323055,-0.032099,-0.094594,-0.321289,0.000451,-0.122592,-0.297442,-0.063679,-0.119441,-0.294490
2026-05-26 16:59:27.354,153.899853,0.000000,0.000000,0.000000,-0.129296,-0.096836,-0.319439,0.064931,-0.094466,-0.322966,-0.032182,-0.095651,-0.321203,0.000451,-0.122592,-0.297442,-0.063679,-0.119441,-0.294490
2026-05-26 16:59:27.454,153.999853,0.000000,0.000000,0.000000,-0.129364,-0.095771,-0.319524,0.064931,-0.094466,-0.322966,-0.032216,-0.095118,-0.321245,0.000451,-0.122592,-0.297442,-0.063643,-0.118386,-0.294536
2026-05-26 16:59:27.554,154.099853,0.000000,0.000000,0.000000,-0.129364,-0.095771,-0.319524,0.064696,-0.095516,-0.322878,-0.032334,-0.095643,-0.321201,0.000451,-0.122592,-0.297442,-0.063679,-0.119441,-0.294490
2026-05-26 16:59:27.654,154.199853,0.000000,0.000000,0.000000,-0.129364,-0.095771,-0.319524,0.064696,-0.095516,-0.322878,-0.032334,-0.095643,-0.321201,0.000451,-0.122592,-0.297442,-0.063679,-0.119441,-0.294490
2026-05-26 16:59:27.754,154.299853,0.000000,0.000000,0.000000,-0.129364,-0.095771,-0.319524,0.064931,-0.094466,-0.322966,-0.032216,-0.095118,-0.321245,0.000451,-0.122592,-0.297442,-0.063679,-0.119441,-0.294490
2026-05-26 16:59:27.854,154.399853,0.000000,0.000000,0.000000,-0.129364,-0.095771,-0.319524,0.064931,-0.094466,-0.322966,-0.032216,-0.095118,-0.321245,0.000310,-0.123642,-0.297391,-0.063679,-0.119441,-0.294490
2026-05-26 16:59:27.954,154.499853,0.000000,0.000000,0.000000,-0.129296,-0.096836,-0.319439,0.064931,-0.094466,-0.322966,-0.032182,-0.095651,-0.321203,0.000451,-0.122592,-0.297442,-0.063679,-0.119441,-0.294490
2026-05-26 16:59:28.054,154.599853,0.000000,0.000000,0.000000,-0.129364,-0.095771,-0.319524,0.064696,-0.095516,-0.322878,-0.032334,-0.095643,-0.321201,0.000592,-0.121542,-0.297492,-0.063716,-0.120496,-0.294444
2026-05-26 16:59:28.154,154.699852,0.000000,0.000000,0.000000,-0.129432,-0.094705,-0.319608,0.064931,-0.094466,-0.322966,-0.032250,-0.094586,-0.321287,0.000451,-0.122592,-0.297442,-0.063012,-0.120532,-0.294461
2026-05-26 16:59:28.254,154.799852,0.000000,0.000000,0.000000,-0.129364,-0.095771,-0.319524,0.064696,-0.095516,-0.322878,-0.032334,-0.095643,-0.321201,0.000451,-0.122592,-0.297442,-0.062974,-0.119477,-0.294507
2026-05-26 16:59:28.354,154.899852,0.000000,0.000000,0.000000,-0.129432,-0.094705,-0.319608,0.064696,-0.095516,-0.322878,-0.032368,-0.095110,-0.321243,0.000451,-0.122592,-0.297442,-0.063012,-0.120532,-0.294461
2026-05-26 16:59:28.454,154.999852,0.000000,0.000000,0.000000,-0.129296,-0.096836,-0.319439,0.065166,-0.093417,-0.323055,-0.032065,-0.095127,-0.321247,0.000592,-0.121542,-0.297492,-0.062308,-0.120569,-0.294478
2026-05-26 16:59:28.554,155.099852,0.000000,0.000000,0.000000,-0.129364,-0.095771,-0.319524,0.064931,-0.094466,-0.322966,-0.032216,-0.095118,-0.321245,0.000592,-0.121542,-0.297492,-0.062308,-0.120569,-0.294478
2026-05-26 16:59:28.654,155.199852,0.000000,0.000000,0.000000,-0.129432,-0.094705,-0.319608,0.064696,-0.095516,-0.322878,-0.032368,-0.095110,-0.321243,0.000592,-0.121542,-0.297492,-0.062308,-0.120569,-0.294478
2026-05-26 16:59:28.754,155.299852,0.000000,0.000000,0.000000,-0.129364,-0.095771,-0.319524,0.064931,-0.094466,-0.322966,-0.032216,-0.095118,-0.321245,0.000592,-0.121542,-0.297492,-0.061604,-0.120606,-0.294495
2026-05-26 16:59:28.854,155.399852,0.000000,0.000000,0.000000,-0.129364,-0.095771,-0.319524,0.064696,-0.095516,-0.322878,-0.032334,-0.095643,-0.321201,0.000592,-0.121542,-0.297492,-0.061564,-0.119551,-0.294541
2026-05-26 16:59:28.954,155.499852,0.000000,0.000000,0.000000,-0.129296,-0.096836,-0.319439,0.064931,-0.094466,-0.322966,-0.032182,-0.095651,-0.321203,0.000732,-0.120492,-0.297543,-0.061604,-0.120606,-0.294495
2026-05-26 16:59:29.054,155.599852,0.000000,0.000000,0.000000,-0.129364,-0.095771,-0.319524,0.064931,-0.094466,-0.322966,-0.032216,-0.095118,-0.321245,0.000732,-0.120492,-0.297543,-0.060900,-0.120642,-0.294512
2026-05-26 16:59:29.154,155.699852,0.000000,0.000000,0.000000,-0.129364,-0.095771,-0.319524,0.064931,-0.094466,-0.322966,-0.032216,-0.095118,-0.321245,0.000732,-0.120492,-0.297543,-0.060900,-0.120642,-0.294512
2026-05-26 16:59:29.254,155.799851,0.000000,0.000000,0.000000,-0.129296,-0.096836,-0.319439,0.064461,-0.096565,-0.322790,-0.032417,-0.096701,-0.321115,0.000732,-0.120492,-0.297543,-0.060859,-0.119587,-0.294558
2026-05-26 16:59:29.354,155.899851,0.000000,0.000000,0.000000,-0.129432,-0.094705,-0.319608,0.064931,-0.094466,-0.322966,-0.032250,-0.094586,-0.321287,0.000732,-0.120492,-0.297543,-0.060859,-0.119587,-0.294558
2026-05-26 16:59:29.454,155.999851,0.000000,0.000000,0.000000,-0.129432,-0.094705,-0.319608,0.064696,-0.095516,-0.322878,-0.032368,-0.095110,-0.321243,0.000885,-0.119534,-0.296889,-0.060859,-0.119587,-0.294558
2026-05-26 16:59:29.554,156.099851,0.000000,0.000000,0.000000,-0.129296,-0.096836,-0.319439,0.064931,-0.094466,-0.322966,-0.032182,-0.095651,-0.321203,0.000873,-0.119442,-0.297594,-0.060859,-0.119587,-0.294558
2026-05-26 16:59:29.654,156.199851,0.000000,0.000000,0.000000,-0.129296,-0.096836,-0.319439,0.064696,-0.095516,-0.322878,-0.032300,-0.096176,-0.321159,0.000885,-0.119534,-0.296889,-0.060859,-0.119587,-0.294558
2026-05-26 16:59:29.754,156.299851,0.000000,0.000000,0.000000,-0.129364,-0.095771,-0.319524,0.064931,-0.094466,-0.322966,-0.032216,-0.095118,-0.321245,0.000732,-0.120492,-0.297543,-0.060818,-0.118533,-0.294604
2026-05-26 16:59:29.854,156.399851,0.000000,0.000000,0.000000,-0.129432,-0.094705,-0.319608,0.064696,-0.095516,-0.322878,-0.032368,-0.095110,-0.321243,0.000732,-0.120492,-0.297543,-0.060859,-0.119587,-0.294558
2026-05-26 16:59:29.954,156.499851,0.000000,0.000000,0.000000,-0.129364,-0.095771,-0.319524,0.064931,-0.094466,-0.322966,-0.032216,-0.095118,-0.321245,0.000885,-0.119534,-0.296889,-0.060900,-0.120642,-0.294512
2026-05-26 16:59:30.054,156.599851,0.000000,0.000000,0.000000,-0.129364,-0.095771,-0.319524,0.064696,-0.095516,-0.322878,-0.032334,-0.095643,-0.321201,0.000744,-0.120584,-0.296840,-0.060900,-0.120642,-0.294512
2026-05-26 16:59:30.154,156.699851,0.000000,0.000000,0.000000,-0.129364,-0.095771,-0.319524,0.064931,-0.094466,-0.322966,-0.032216,-0.095118,-0.321245,0.000732,-0.120492,-0.297543,-0.060859,-0.119587,-0.294558
2026-05-26 16:59:30.254,156.799850,0.000000,0.000000,0.000000,-0.129296,-0.096836,-0.319439,0.064931,-0.094466,-0.322966,-0.032182,-0.095651,-0.321203,0.000885,-0.119534,-0.296889,-0.060900,-0.120642,-0.294512
2026-05-26 16:59:30.354,156.899850,0.000000,0.000000,0.000000,-0.129296,-0.096836,-0.319439,0.064931,-0.094466,-0.322966,-0.032182,-0.095651,-0.321203,0.000732,-0.120492,-0.297543,-0.060859,-0.119587,-0.294558
2026-05-26 16:59:30.454,156.999850,0.000000,0.000000,0.000000,-0.130087,-0.095733,-0.319506,0.064931,-0.094466,-0.322966,-0.032578,-0.095100,-0.321236,0.000885,-0.119534,-0.296889,-0.060900,-0.120642,-0.294512
2026-05-26 16:59:30.554,157.099850,0.000000,0.000000,0.000000,-0.129364,-0.095771,-0.319524,0.065166,-0.093417,-0.323055,-0.032099,-0.094594,-0.321289,0.000177,-0.119497,-0.296872,-0.060859,-0.119587,-0.294558
2026-05-26 16:59:30.654,157.199850,0.000000,0.000000,0.000000,-0.129227,-0.097902,-0.319355,0.064931,-0.094466,-0.322966,-0.032148,-0.096184,-0.321161,0.000885,-0.119534,-0.296889,-0.060900,-0.120642,-0.294512
2026-05-26 16:59:30.754,157.299850,0.000000,0.000000,0.000000,-0.129364,-0.095771,-0.319524,0.064931,-0.094466,-0.322966,-0.032216,-0.095118,-0.321245,0.000732,-0.120492,-0.297543,-0.060818,-0.118533,-0.294604
2026-05-26 16:59:30.854,157.399850,0.000000,0.000000,0.000000,-0.129364,-0.095771,-0.319524,0.064696,-0.095516,-0.322878,-0.032334,-0.095643,-0.321201,0.000732,-0.120492,-0.297543,-0.060859,-0.119587,-0.294558
2026-05-26 16:59:30.954,157.499850,0.000000,0.000000,0.000000,-0.129364,-0.095771,-0.319524,0.064944,-0.094561,-0.322235,-0.032210,-0.095166,-0.320879,0.000732,-0.120492,-0.297543,-0.060900,-0.120642,-0.294512
2026-05-26 16:59:31.054,157.599850,0.000000,0.000000,0.000000,-0.129432,-0.094705,-0.319608,0.064931,-0.094466,-0.322966,-0.032250,-0.094586,-0.321287,0.000732,-0.120492,-0.297543,-0.060859,-0.119587,-0.294558
2026-05-26 16:59:31.154,157.699850,0.000000,0.000000,0.000000,-0.129296,-0.096836,-0.319439,0.064931,-0.094466,-0.322966,-0.032182,-0.095651,-0.321203,0.000885,-0.119534,-0.296889,-0.060900,-0.120642,-0.294512
2026-05-26 16:59:31.254,157.799850,0.000000,0.000000,0.000000,-0.129432,-0.094705,-0.319608,0.064696,-0.095516,-0.322878,-0.032368,-0.095110,-0.321243,0.000885,-0.119534,-0.296889,-0.060859,-0.119587,-0.294558
2026-05-26 16:59:31.354,157.899849,0.000000,0.000000,0.000000,-0.129432,-0.094705,-0.319608,0.064931,-0.094466,-0.322966,-0.032250,-0.094586,-0.321287,0.000732,-0.120492,-0.297543,-0.060859,-0.119587,-0.294558
2026-05-26 16:59:31.454,157.999849,0.000000,0.000000,0.000000,-0.129364,-0.095771,-0.319524,0.065166,-0.093417,-0.323055,-0.032099,-0.094594,-0.321289,0.000732,-0.120492,-0.297543,-0.060900,-0.120642,-0.294512
2026-05-26 16:59:31.554,158.099849,0.000000,0.000000,0.000000,-0.129364,-0.095771,-0.319524,0.064461,-0.096565,-0.322790,-0.032451,-0.096168,-0.321157,0.000873,-0.119442,-0.297594,-0.060859,-0.119587,-0.294558
2026-05-26 16:59:31.654,158.199849,0.000000,0.000000,0.000000,-0.129364,-0.095771,-0.319524,0.064931,-0.094466,-0.322966,-0.032216,-0.095118,-0.321245,0.000732,-0.120492,-0.297543,-0.060859,-0.119587,-0.294558
2026-05-26 16:59:31.754,158.299849,0.000000,0.000000,0.000000,-0.129296,-0.096836,-0.319439,0.064696,-0.095516,-0.322878,-0.032300,-0.096176,-0.321159,0.000873,-0.119442,-0.297594,-0.060859,-0.119587,-0.294558
2026-05-26 16:59:31.854,158.399849,0.000000,0.000000,0.000000,-0.129296,-0.096836,-0.319439,0.064696,-0.095516,-0.322878,-0.032300,-0.096176,-0.321159,0.000732,-0.120492,-0.297543,-0.060859,-0.119587,-0.294558
2026-05-26 16:59:31.954,158.499849,0.000000,0.000000,0.000000,-0.129296,-0.096836,-0.319439,0.064931,-0.094466,-0.322966,-0.032182,-0.095651,-0.321203,0.000885,-0.119534,-0.296889,-0.060859,-0.119587,-0.294558
2026-05-26 16:59:32.054,158.599849,0.000000,0.000000,0.000000,-0.129364,-0.095771,-0.319524,0.064696,-0.095516,-0.322878,-0.032334,-0.095643,-0.321201,0.000744,-0.120584,-0.296840,-0.060859,-0.119587,-0.294558
2026-05-26 16:59:32.154,158.699849,0.000000,0.000000,0.000000,-0.129364,-0.095771,-0.319524,0.064931,-0.094466,-0.322966,-0.032216,-0.095118,-0.321245,0.000885,-0.119534,-0.296889,-0.060859,-0.119587,-0.294558
2026-05-26 16:59:32.254,158.799849,0.000000,0.000000,0.000000,-0.129296,-0.096836,-0.319439,0.064931,-0.094466,-0.322966,-0.032182,-0.095651,-0.321203,0.000873,-0.119442,-0.297594,-0.060859,-0.119587,-0.294558
2026-05-26 16:59:32.354,158.899848,0.000000,0.000000,0.000000,-0.129432,-0.094705,-0.319608,0.064696,-0.095516,-0.322878,-0.032368,-0.095110,-0.321243,0.000732,-0.120492,-0.297543,-0.060859,-0.119587,-0.294558
2026-05-26 16:59:32.454,158.999848,0.000000,0.000000,0.000000,-0.129296,-0.096836,-0.319439,0.064931,-0.094466,-0.322966,-0.032182,-0.095651,-0.321203,0.000025,-0.120456,-0.297526,-0.060859,-0.119587,-0.294558
2026-05-26 16:59:32.554,159.099848,0.000000,0.000000,0.000000,-0.129364,-0.095771,-0.319524,0.064696,-0.095516,-0.322878,-0.032334,-0.095643,-0.321201,0.000744,-0.120584,-0.296840,-0.060859,-0.119587,-0.294558
2026-05-26 16:59:32.654,159.199848,0.000000,0.000000,0.000000,-0.129364,-0.095771,-0.319524,0.064696,-0.095516,-0.322878,-0.032334,-0.095643,-0.321201,0.000177,-0.119497,-0.296872,-0.060859,-0.119587,-0.294558
2026-05-26 16:59:32.754,159.299848,0.000000,0.000000,0.000000,-0.129364,-0.095771,-0.319524,0.064931,-0.094466,-0.322966,-0.032216,-0.095118,-0.321245,0.000732,-0.120492,-0.297543,-0.060900,-0.120642,-0.294512
2026-05-26 16:59:32.854,159.399848,0.000000,0.000000,0.000000,-0.129432,-0.094705,-0.319608,0.064461,-0.096565,-0.322790,-0.032485,-0.095635,-0.321199,0.000732,-0.120492,-0.297543,-0.060859,-0.119587,-0.294558
2026-05-26 16:59:32.954,159.499848,0.000000,0.000000,0.000000,-0.129364,-0.095771,-0.319524,0.064931,-0.094466,-0.322966,-0.032216,-0.095118,-0.321245,0.000732,-0.120492,-0.297543,-0.060859,-0.119587,-0.294558
2026-05-26 16:59:33.054,159.599848,0.000000,0.000000,0.000000,-0.129364,-0.095771,-0.319524,0.065166,-0.093417,-0.323055,-0.032099,-0.094594,-0.321289,0.000885,-0.119534,-0.296889,-0.060859,-0.119587,-0.294558
2026-05-26 16:59:33.154,159.699848,0.000000,0.000000,0.000000,-0.129364,-0.095771,-0.319524,0.064696,-0.095516,-0.322878,-0.032334,-0.095643,-0.321201,0.000732,-0.120492,-0.297543,-0.060859,-0.119587,-0.294558
2026-05-26 16:59:33.254,159.799848,0.000000,0.000000,0.000000,-0.129296,-0.096836,-0.319439,0.064696,-0.095516,-0.322878,-0.032300,-0.096176,-0.321159,0.000885,-0.119534,-0.296889,-0.060859,-0.119587,-0.294558
2026-05-26 16:59:33.354,159.899848,0.000000,0.000000,0.000000,-0.129296,-0.096836,-0.319439,0.065166,-0.093417,-0.323055,-0.032065,-0.095127,-0.321247,0.000732,-0.120492,-0.297543,-0.060859,-0.119587,-0.294558
2026-05-26 16:59:33.454,159.999847,0.000000,0.000000,0.000000,-0.129432,-0.094705,-0.319608,0.064931,-0.094466,-0.322966,-0.032250,-0.094586,-0.321287,0.000873,-0.119442,-0.297594,-0.060859,-0.119587,-0.294558
2026-05-26 16:59:33.554,160.099847,0.000000,0.000000,0.000000,-0.129364,-0.095771,-0.319524,0.064931,-0.094466,-0.322966,-0.032216,-0.095118,-0.321245,0.000732,-0.120492,-0.297543,-0.060818,-0.118533,-0.294604
2026-05-26 16:59:33.654,160.199847,0.000000,0.000000,0.000000,-0.129364,-0.095771,-0.319524,0.064696,-0.095516,-0.322878,-0.032334,-0.095643,-0.321201,0.000732,-0.120492,-0.297543,-0.060859,-0.119587,-0.294558
2026-05-26 16:59:33.754,160.299847,0.000000,0.000000,0.000000,-0.129364,-0.095771,-0.319524,0.064696,-0.095516,-0.322878,-0.032334,-0.095643,-0.321201,0.000744,-0.120584,-0.296840,-0.060859,-0.119587,-0.294558
2026-05-26 16:59:33.854,160.399847,0.000000,0.000000,0.000000,-0.129364,-0.095771,-0.319524,0.064931,-0.094466,-0.322966,-0.032216,-0.095118,-0.321245,0.000873,-0.119442,-0.297594,-0.060859,-0.119587,-0.294558
2026-05-26 16:59:33.954,160.499847,0.000000,0.000000,0.000000,-0.129364,-0.095771,-0.319524,0.064696,-0.095516,-0.322878,-0.032334,-0.095643,-0.321201,0.000873,-0.119442,-0.297594,-0.060859,-0.119587,-0.294558
2026-05-26 16:59:34.054,160.599847,0.000000,0.000000,0.000000,-0.129296,-0.096836,-0.319439,0.064696,-0.095516,-0.322878,-0.032300,-0.096176,-0.321159,0.000885,-0.119534,-0.296889,-0.060859,-0.119587,-0.294558
2026-05-26 16:59:34.154,160.699847,0.000000,0.000000,0.000000,-0.129364,-0.095771,-0.319524,0.064931,-0.094466,-0.322966,-0.032216,-0.095118,-0.321245,0.000732,-0.120492,-0.297543,-0.060818,-0.118533,-0.294604
2026-05-26 16:59:34.254,160.799847,0.000000,0.000000,0.000000,-0.129364,-0.095771,-0.319524,0.064461,-0.096565,-0.322790,-0.032451,-0.096168,-0.321157,0.000873,-0.119442,-0.297594,-0.060859,-0.119587,-0.294558
2026-05-26 16:59:34.354,160.899847,0.000000,0.000000,0.000000,-0.129432,-0.094705,-0.319608,0.064696,-0.095516,-0.322878,-0.032368,-0.095110,-0.321243,0.000732,-0.120492,-0.297543,-0.061564,-0.119551,-0.294541
2026-05-26 16:59:34.454,160.999846,0.000000,0.000000,0.000000,-0.129364,-0.095771,-0.319524,0.064931,-0.094466,-0.322966,-0.032216,-0.095118,-0.321245,0.000592,-0.121542,-0.297492,-0.061576,-0.119460,-0.295242
2026-05-26 16:59:34.554,161.099846,0.000000,0.000000,0.000000,-0.129364,-0.095771,-0.319524,0.065166,-0.093417,-0.323055,-0.032099,-0.094594,-0.321289,0.000592,-0.121542,-0.297492,-0.061616,-0.120515,-0.295195
2026-05-26 16:59:34.654,161.199846,0.000000,0.000000,0.000000,-0.129432,-0.094705,-0.319608,0.064696,-0.095516,-0.322878,-0.032368,-0.095110,-0.321243,0.000592,-0.121542,-0.297492,-0.061576,-0.119460,-0.295242
2026-05-26 16:59:34.754,161.299846,0.000000,0.000000,0.000000,-0.129432,-0.094705,-0.319608,0.064931,-0.094466,-0.322966,-0.032250,-0.094586,-0.321287,0.000592,-0.121542,-0.297492,-0.061576,-0.119460,-0.295242
2026-05-26 16:59:34.854,161.399846,0.000000,0.000000,0.000000,-0.129432,-0.094705,-0.319608,0.064931,-0.094466,-0.322966,-0.032250,-0.094586,-0.321287,0.000732,-0.120492,-0.297543,-0.061576,-0.119460,-0.295242
2026-05-26 16:59:34.954,161.499846,0.000000,0.000000,0.000000,-0.129432,-0.094705,-0.319608,0.064696,-0.095516,-0.322878,-0.032368,-0.095110,-0.321243,0.000592,-0.121542,-0.297492,-0.061616,-0.120515,-0.295195
2026-05-26 16:59:35.054,161.599846,0.000000,0.000000,0.000000,-0.129364,-0.095771,-0.319524,0.064696,-0.095516,-0.322878,-0.032334,-0.095643,-0.321201,0.000592,-0.121542,-0.297492,-0.061576,-0.119460,-0.295242
2026-05-26 16:59:35.154,161.699846,0.000000,0.000000,0.000000,-0.129364,-0.095771,-0.319524,0.064696,-0.095516,-0.322878,-0.032334,-0.095643,-0.321201,0.000592,-0.121542,-0.297492,-0.061576,-0.119460,-0.295242
2026-05-26 16:59:35.254,161.799846,0.000000,0.000000,0.000000,-0.129432,-0.094705,-0.319608,0.064931,-0.094466,-0.322966,-0.032250,-0.094586,-0.321287,0.000592,-0.121542,-0.297492,-0.061576,-0.119460,-0.295242
2026-05-26 16:59:35.354,161.899846,0.000000,0.000000,0.000000,-0.129364,-0.095771,-0.319524,0.064931,-0.094466,-0.322966,-0.032216,-0.095118,-0.321245,0.000592,-0.121542,-0.297492,-0.061576,-0.119460,-0.295242
2026-05-26 16:59:35.454,161.999846,0.000000,0.000000,0.000000,-0.129432,-0.094705,-0.319608,0.064931,-0.094466,-0.322966,-0.032250,-0.094586,-0.321287,0.000732,-0.120492,-0.297543,-0.061576,-0.119460,-0.295242
2026-05-26 16:59:35.554,162.099845,0.000000,0.000000,0.000000,-0.129364,-0.095771,-0.319524,0.064696,-0.095516,-0.322878,-0.032334,-0.095643,-0.321201,0.000732,-0.120492,-0.297543,-0.061576,-0.119460,-0.295242
2026-05-26 16:59:35.654,162.199845,0.000000,0.000000,0.000000,-0.129364,-0.095771,-0.319524,0.064696,-0.095516,-0.322878,-0.032334,-0.095643,-0.321201,0.000592,-0.121542,-0.297492,-0.061576,-0.119460,-0.295242
2026-05-26 16:59:35.754,162.299845,0.000000,0.000000,0.000000,-0.129296,-0.096836,-0.319439,0.064931,-0.094466,-0.322966,-0.032182,-0.095651,-0.321203,0.000732,-0.120492,-0.297543,-0.061576,-0.119460,-0.295242
2026-05-26 16:59:35.854,162.399845,0.000000,0.000000,0.000000,-0.129364,-0.095771,-0.319524,0.064696,-0.095516,-0.322878,-0.032334,-0.095643,-0.321201,0.000592,-0.121542,-0.297492,-0.061576,-0.119460,-0.295242
2026-05-26 16:59:35.954,162.499845,0.000000,0.000000,0.000000,-0.129432,-0.094705,-0.319608,0.064461,-0.096565,-0.322790,-0.032485,-0.095635,-0.321199,0.000592,-0.121542,-0.297492,-0.061576,-0.119460,-0.295242
2026-05-26 16:59:36.054,162.599845,0.000000,0.000000,0.000000,-0.129364,-0.095771,-0.319524,0.064931,-0.094466,-0.322966,-0.032216,-0.095118,-0.321245,0.000592,-0.121542,-0.297492,-0.061576,-0.119460,-0.295242
2026-05-26 16:59:36.154,162.699845,0.000000,0.000000,0.000000,-0.129432,-0.094705,-0.319608,0.064931,-0.094466,-0.322966,-0.032250,-0.094586,-0.321287,0.000592,-0.121542,-0.297492,-0.061576,-0.119460,-0.295242
2026-05-26 16:59:36.254,162.799845,0.000000,0.000000,0.000000,-0.129432,-0.094705,-0.319608,0.065166,-0.093417,-0.323055,-0.032133,-0.094061,-0.321331,0.000732,-0.120492,-0.297543,-0.061576,-0.119460,-0.295242
2026-05-26 16:59:36.354,162.899845,0.000000,0.000000,0.000000,-0.129364,-0.095771,-0.319524,0.064696,-0.095516,-0.322878,-0.032334,-0.095643,-0.321201,0.000592,-0.121542,-0.297492,-0.061576,-0.119460,-0.295242
2026-05-26 16:59:36.454,162.999845,0.000000,0.000000,0.000000,-0.129432,-0.094705,-0.319608,0.064696,-0.095516,-0.322878,-0.032368,-0.095110,-0.321243,0.000592,-0.121542,-0.297492,-0.061616,-0.120515,-0.295195
2026-05-26 16:59:36.554,163.099844,0.000000,0.000000,0.000000,-0.129296,-0.096836,-0.319439,0.064931,-0.094466,-0.322966,-0.032182,-0.095651,-0.321203,0.000592,-0.121542,-0.297492,-0.061576,-0.119460,-0.295242
2026-05-26 16:59:36.654,163.199844,0.000000,0.000000,0.000000,-0.129364,-0.095771,-0.319524,0.064931,-0.094466,-0.322966,-0.032216,-0.095118,-0.321245,0.000592,-0.121542,-0.297492,-0.061576,-0.119460,-0.295242
2026-05-26 16:59:36.754,163.299844,0.000000,0.000000,0.000000,-0.129432,-0.094705,-0.319608,0.065166,-0.093417,-0.323055,-0.032133,-0.094061,-0.321331,0.000592,-0.121542,-0.297492,-0.061576,-0.119460,-0.295242
2026-05-26 16:59:36.854,163.399844,0.000000,0.000000,0.000000,-0.129364,-0.095771,-0.319524,0.064931,-0.094466,-0.322966,-0.032216,-0.095118,-0.321245,0.000592,-0.121542,-0.297492,-0.061576,-0.119460,-0.295242
2026-05-26 16:59:36.954,163.499844,0.000000,0.000000,0.000000,-0.129364,-0.095771,-0.319524,0.064931,-0.094466,-0.322966,-0.032216,-0.095118,-0.321245,0.000592,-0.121542,-0.297492,-0.061576,-0.119460,-0.295242
2026-05-26 16:59:37.054,163.599844,0.000000,0.000000,0.000000,-0.129364,-0.095771,-0.319524,0.065166,-0.093417,-0.323055,-0.032099,-0.094594,-0.321289,0.000592,-0.121542,-0.297492,-0.061616,-0.120515,-0.295195
2026-05-26 16:59:37.154,163.699844,0.000000,0.000000,0.000000,-0.129432,-0.094705,-0.319608,0.064931,-0.094466,-0.322966,-0.032250,-0.094586,-0.321287,0.000592,-0.121542,-0.297492,-0.061616,-0.120515,-0.295195
2026-05-26 16:59:37.254,163.799844,0.000000,0.000000,0.000000,-0.129364,-0.095771,-0.319524,0.064696,-0.095516,-0.322878,-0.032334,-0.095643,-0.321201,0.000592,-0.121542,-0.297492,-0.061576,-0.119460,-0.295242
2026-05-26 16:59:37.354,163.899844,0.000000,0.000000,0.000000,-0.129432,-0.094705,-0.319608,0.064696,-0.095516,-0.322878,-0.032368,-0.095110,-0.321243,0.000732,-0.120492,-0.297543,-0.061576,-0.119460,-0.295242
2026-05-26 16:59:37.454,163.999844,0.000000,0.000000,0.000000,-0.129364,-0.095771,-0.319524,0.064696,-0.095516,-0.322878,-0.032334,-0.095643,-0.321201,0.000732,-0.120492,-0.297543,-0.061576,-0.119460,-0.295242
2026-05-26 16:59:37.554,164.099844,0.000000,0.000000,0.000000,-0.129364,-0.095771,-0.319524,0.065166,-0.093417,-0.323055,-0.032099,-0.094594,-0.321289,0.000592,-0.121542,-0.297492,-0.061616,-0.120515,-0.295195
2026-05-26 16:59:37.654,164.199843,0.000000,0.000000,0.000000,-0.129364,-0.095771,-0.319524,0.064931,-0.094466,-0.322966,-0.032216,-0.095118,-0.321245,0.000592,-0.121542,-0.297492,-0.061576,-0.119460,-0.295242
2026-05-26 16:59:37.754,164.299843,0.000000,0.000000,0.000000,-0.129364,-0.095771,-0.319524,0.064696,-0.095516,-0.322878,-0.032334,-0.095643,-0.321201,0.000592,-0.121542,-0.297492,-0.061576,-0.119460,-0.295242
2026-05-26 16:59:37.854,164.399843,0.000000,0.000000,0.000000,-0.129432,-0.094705,-0.319608,0.065166,-0.093417,-0.323055,-0.032133,-0.094061,-0.321331,0.000592,-0.121542,-0.297492,-0.061576,-0.119460,-0.295242
2026-05-26 16:59:37.954,164.499843,0.000000,0.000000,0.000000,-0.129364,-0.095771,-0.319524,0.064931,-0.094466,-0.322966,-0.032216,-0.095118,-0.321245,0.000592,-0.121542,-0.297492,-0.061616,-0.120515,-0.295195
2026-05-26 16:59:38.054,164.599843,0.000000,0.000000,0.000000,-0.129364,-0.095771,-0.319524,0.064931,-0.094466,-0.322966,-0.032216,-0.095118,-0.321245,0.000592,-0.121542,-0.297492,-0.061616,-0.120515,-0.295195
2026-05-26 16:59:38.154,164.699843,0.000000,0.000000,0.000000,-0.129432,-0.094705,-0.319608,0.064696,-0.095516,-0.322878,-0.032368,-0.095110,-0.321243,0.000592,-0.121542,-0.297492,-0.061576,-0.119460,-0.295242
2026-05-26 16:59:38.254,164.799843,0.000000,0.000000,0.000000,-0.129364,-0.095771,-0.319524,0.064696,-0.095516,-0.322878,-0.032334,-0.095643,-0.321201,0.000592,-0.121542,-0.297492,-0.061576,-0.119460,-0.295242
2026-05-26 16:59:38.354,164.899843,0.000000,0.000000,0.000000,-0.129364,-0.095771,-0.319524,0.065166,-0.093417,-0.323055,-0.032099,-0.094594,-0.321289,0.000592,-0.121542,-0.297492,-0.061576,-0.119460,-0.295242
2026-05-26 16:59:38.454,164.999843,0.000000,0.000000,0.000000,-0.129364,-0.095771,-0.319524,0.064461,-0.096565,-0.322790,-0.032451,-0.096168,-0.321157,0.000592,-0.121542,-0.297492,-0.061576,-0.119460,-0.295242
2026-05-26 16:59:38.554,165.099843,0.000000,0.000000,0.000000,-0.129364,-0.095771,-0.319524,0.064931,-0.094466,-0.322966,-0.032216,-0.095118,-0.321245,0.000592,-0.121542,-0.297492,-0.061576,-0.119460,-0.295242
2026-05-26 16:59:38.654,165.199842,0.000000,0.000000,0.000000,-0.129432,-0.094705,-0.319608,0.065166,-0.093417,-0.323055,-0.032133,-0.094061,-0.321331,0.000592,-0.121542,-0.297492,-0.061576,-0.119460,-0.295242
2026-05-26 16:59:38.754,165.299842,0.000000,0.000000,0.000000,-0.129296,-0.096836,-0.319439,0.064931,-0.094466,-0.322966,-0.032182,-0.095651,-0.321203,0.000592,-0.121542,-0.297492,-0.061576,-0.119460,-0.295242
2026-05-26 16:59:38.854,165.399842,0.000000,0.000000,0.000000,-0.129364,-0.095771,-0.319524,0.064696,-0.095516,-0.322878,-0.032334,-0.095643,-0.321201,0.000592,-0.121542,-0.297492,-0.061576,-0.119460,-0.295242
2026-05-26 16:59:38.954,165.499842,0.000000,0.000000,0.000000,-0.129364,-0.095771,-0.319524,0.064696,-0.095516,-0.322878,-0.032334,-0.095643,-0.321201,0.000592,-0.121542,-0.297492,-0.061576,-0.119460,-0.295242
2026-05-26 16:59:39.054,165.599842,0.000000,0.000000,0.000000,-0.129364,-0.095771,-0.319524,0.064461,-0.096565,-0.322790,-0.032451,-0.096168,-0.321157,0.000592,-0.121542,-0.297492,-0.061616,-0.120515,-0.295195
2026-05-26 16:59:39.154,165.699842,0.000000,0.000000,0.000000,-0.129364,-0.095771,-0.319524,0.064696,-0.095516,-0.322878,-0.032334,-0.095643,-0.321201,0.000592,-0.121542,-0.297492,-0.061576,-0.119460,-0.295242
2026-05-26 16:59:39.254,165.799842,0.000000,0.000000,0.000000,-0.129364,-0.095771,-0.319524,0.064931,-0.094466,-0.322966,-0.032216,-0.095118,-0.321245,0.000592,-0.121542,-0.297492,-0.061596,-0.119987,-0.295219
2026-05-26 16:59:39.354,165.899842,0.000000,0.000000,0.000000,-0.129364,-0.095771,-0.319524,0.064696,-0.095516,-0.322878,-0.032334,-0.095643,-0.321201,0.000592,-0.121542,-0.297492,-0.061576,-0.119460,-0.295242
2026-05-26 16:59:39.454,165.999842,0.000000,0.000000,0.000000,-0.129296,-0.096836,-0.319439,0.064696,-0.095516,-0.322878,-0.032300,-0.096176,-0.321159,0.000592,-0.121542,-0.297492,-0.061536,-0.118405,-0.295289
2026-05-26 16:59:39.554,166.099842,0.000000,0.000000,0.000000,-0.129432,-0.094705,-0.319608,0.064696,-0.095516,-0.322878,-0.032368,-0.095110,-0.321243,0.000592,-0.121542,-0.297492,-0.061576,-0.119460,-0.295242
2026-05-26 16:59:39.654,166.199841,0.000000,0.000000,0.000000,-0.129364,-0.095771,-0.319524,0.064696,-0.095516,-0.322878,-0.032334,-0.095643,-0.321201,0.000592,-0.121542,-0.297492,-0.061576,-0.119460,-0.295242
2026-05-26 16:59:39.754,166.299841,0.000000,0.000000,0.000000,-0.129432,-0.094705,-0.319608,0.064931,-0.094466,-0.322966,-0.032250,-0.094586,-0.321287,0.000592,-0.121542,-0.297492,-0.061616,-0.120515,-0.295195
2026-05-26 16:59:39.854,166.399841,0.000000,0.000000,0.000000,-0.129432,-0.094705,-0.319608,0.064696,-0.095516,-0.322878,-0.032368,-0.095110,-0.321243,0.000732,-0.120492,-0.297543,-0.061576,-0.119460,-0.295242
2026-05-26 16:59:39.954,166.499841,0.000000,0.000000,0.000000,-0.129364,-0.095771,-0.319524,0.064931,-0.094466,-0.322966,-0.032216,-0.095118,-0.321245,0.000592,-0.121542,-0.297492,-0.061576,-0.119460,-0.295242
2026-05-26 16:59:40.054,166.599841,0.000000,0.000000,0.000000,-0.129432,-0.094705,-0.319608,0.064696,-0.095516,-0.322878,-0.032368,-0.095110,-0.321243,0.000592,-0.121542,-0.297492,-0.061576,-0.119460,-0.295242
2026-05-26 16:59:40.154,166.699841,0.000000,0.000000,0.000000,-0.129364,-0.095771,-0.319524,0.064931,-0.094466,-0.322966,-0.032216,-0.095118,-0.321245,0.000592,-0.121542,-0.297492,-0.061576,-0.119460,-0.295242
2026-05-26 16:59:40.254,166.799841,0.000000,0.000000,0.000000,-0.129364,-0.095771,-0.319524,0.064931,-0.094466,-0.322966,-0.032216,-0.095118,-0.321245,0.000592,-0.121542,-0.297492,-0.061616,-0.120515,-0.295195
2026-05-26 16:59:40.354,166.899841,0.000000,0.000000,0.000000,-0.129364,-0.095771,-0.319524,0.065166,-0.093417,-0.323055,-0.032099,-0.094594,-0.321289,0.000592,-0.121542,-0.297492,-0.061576,-0.119460,-0.295242
2026-05-26 16:59:40.454,166.999841,0.000000,0.000000,0.000000,-0.129364,-0.095771,-0.319524,0.064931,-0.094466,-0.322966,-0.032216,-0.095118,-0.321245,0.001156,-0.122629,-0.297459,-0.062359,-0.121533,-0.295131
2026-05-26 16:59:40.554,167.099841,0.000000,0.000000,0.000000,-0.129364,-0.095771,-0.319524,0.064696,-0.095516,-0.322878,-0.032334,-0.095643,-0.321201,0.001156,-0.122629,-0.297459,-0.062281,-0.119423,-0.295225
2026-05-26 16:59:40.654,167.199841,0.000000,0.000000,0.000000,-0.129364,-0.095771,-0.319524,0.064696,-0.095516,-0.322878,-0.032334,-0.095643,-0.321201,0.001144,-0.122538,-0.298160,-0.062320,-0.120478,-0.295178
2026-05-26 16:59:40.754,167.299840,0.000000,0.000000,0.000000,-0.129364,-0.095771,-0.319524,0.065166,-0.093417,-0.323055,-0.032099,-0.094594,-0.321289,0.001286,-0.121488,-0.298211,-0.062281,-0.119423,-0.295225
2026-05-26 16:59:40.854,167.399840,0.000000,0.000000,0.000000,-0.129500,-0.093639,-0.319692,0.064931,-0.094466,-0.322966,-0.032285,-0.094053,-0.321329,0.001144,-0.122538,-0.298160,-0.063024,-0.120441,-0.295161
2026-05-26 16:59:40.954,167.499840,0.000000,0.000000,0.000000,-0.129364,-0.095771,-0.319524,0.064696,-0.095516,-0.322878,-0.032334,-0.095643,-0.321201,0.001286,-0.121488,-0.298211,-0.062986,-0.119386,-0.295208
2026-05-26 16:59:41.054,167.599840,0.000000,0.000000,0.000000,-0.129296,-0.096836,-0.319439,0.064696,-0.095516,-0.322878,-0.032300,-0.096176,-0.321159,0.001144,-0.122538,-0.298160,-0.062986,-0.119386,-0.295208
2026-05-26 16:59:41.154,167.699840,0.000000,0.000000,0.000000,-0.129364,-0.095771,-0.319524,0.064696,-0.095516,-0.322878,-0.032334,-0.095643,-0.321201,0.001144,-0.122538,-0.298160,-0.062986,-0.119386,-0.295208
2026-05-26 16:59:41.254,167.799840,0.000000,0.000000,0.000000,-0.129364,-0.095771,-0.319524,0.064696,-0.095516,-0.322878,-0.032334,-0.095643,-0.321201,0.001144,-0.122538,-0.298160,-0.062986,-0.119386,-0.295208
2026-05-26 16:59:41.354,167.899840,0.000000,0.000000,0.000000,-0.129364,-0.095771,-0.319524,0.065166,-0.093417,-0.323055,-0.032099,-0.094594,-0.321289,0.001144,-0.122538,-0.298160,-0.063024,-0.120441,-0.295161
2026-05-26 16:59:41.454,167.999840,0.000000,0.000000,0.000000,-0.129432,-0.094705,-0.319608,0.065166,-0.093417,-0.323055,-0.032133,-0.094061,-0.321331,0.001144,-0.122538,-0.298160,-0.062986,-0.119386,-0.295208
2026-05-26 16:59:41.554,168.099840,0.000000,0.000000,0.000000,-0.129364,-0.095771,-0.319524,0.065166,-0.093417,-0.323055,-0.032099,-0.094594,-0.321289,0.001144,-0.122538,-0.298160,-0.063024,-0.120441,-0.295161
2026-05-26 16:59:41.654,168.199840,0.000000,0.000000,0.000000,-0.129364,-0.095771,-0.319524,0.064931,-0.094466,-0.322966,-0.032216,-0.095118,-0.321245,0.001144,-0.122538,-0.298160,-0.063024,-0.120441,-0.295161
2026-05-26 16:59:41.754,168.299839,0.000000,0.000000,0.000000,-0.129296,-0.096836,-0.319439,0.064696,-0.095516,-0.322878,-0.032300,-0.096176,-0.321159,0.001144,-0.122538,-0.298160,-0.062986,-0.119386,-0.295208
2026-05-26 16:59:41.854,168.399839,0.000000,0.000000,0.000000,-0.129432,-0.094705,-0.319608,0.064696,-0.095516,-0.322878,-0.032368,-0.095110,-0.321243,0.001144,-0.122538,-0.298160,-0.062986,-0.119386,-0.295208
2026-05-26 16:59:41.954,168.499839,0.000000,0.000000,0.000000,-0.129364,-0.095771,-0.319524,0.064931,-0.094466,-0.322966,-0.032216,-0.095118,-0.321245,0.001144,-0.122538,-0.298160,-0.063024,-0.120441,-0.295161
2026-05-26 16:59:42.054,168.599839,0.000000,0.000000,0.000000,-0.129364,-0.095771,-0.319524,0.064931,-0.094466,-0.322966,-0.032216,-0.095118,-0.321245,0.001144,-0.122538,-0.298160,-0.063024,-0.120441,-0.295161
2026-05-26 16:59:42.154,168.699839,0.000000,0.000000,0.000000,-0.129364,-0.095771,-0.319524,0.064461,-0.096565,-0.322790,-0.032451,-0.096168,-0.321157,0.001144,-0.122538,-0.298160,-0.063024,-0.120441,-0.295161
2026-05-26 16:59:42.254,168.799839,0.000000,0.000000,0.000000,-0.129364,-0.095771,-0.319524,0.064696,-0.095516,-0.322878,-0.032334,-0.095643,-0.321201,0.001144,-0.122538,-0.298160,-0.063024,-0.120441,-0.295161
2026-05-26 16:59:42.354,168.899839,0.000000,0.000000,0.000000,-0.129364,-0.095771,-0.319524,0.064931,-0.094466,-0.322966,-0.032216,-0.095118,-0.321245,0.001286,-0.121488,-0.298211,-0.063024,-0.120441,-0.295161
2026-05-26 16:59:42.454,168.999839,0.000000,0.000000,0.000000,-0.129364,-0.095771,-0.319524,0.064696,-0.095516,-0.322878,-0.032334,-0.095643,-0.321201,0.001144,-0.122538,-0.298160,-0.063024,-0.120441,-0.295161
2026-05-26 16:59:42.554,169.099839,0.000000,0.000000,0.000000,-0.129364,-0.095771,-0.319524,0.064931,-0.094466,-0.322966,-0.032216,-0.095118,-0.321245,0.001144,-0.122538,-0.298160,-0.063005,-0.119914,-0.295185
2026-05-26 16:59:42.654,169.199839,0.000000,0.000000,0.000000,-0.129432,-0.094705,-0.319608,0.064461,-0.096565,-0.322790,-0.032485,-0.095635,-0.321199,0.001144,-0.122538,-0.298160,-0.063024,-0.120441,-0.295161
2026-05-26 16:59:42.754,169.299839,0.000000,0.000000,0.000000,-0.129296,-0.096836,-0.319439,0.064696,-0.095516,-0.322878,-0.032300,-0.096176,-0.321159,0.001144,-0.122538,-0.298160,-0.062986,-0.119386,-0.295208
2026-05-26 16:59:42.854,169.399838,0.000000,0.000000,0.000000,-0.129364,-0.095771,-0.319524,0.064696,-0.095516,-0.322878,-0.032334,-0.095643,-0.321201,0.001144,-0.122538,-0.298160,-0.063024,-0.120441,-0.295161
2026-05-26 16:59:42.954,169.499838,0.000000,0.000000,0.000000,-0.129296,-0.096836,-0.319439,0.064696,-0.095516,-0.322878,-0.032300,-0.096176,-0.321159,0.001144,-0.122538,-0.298160,-0.062986,-0.119386,-0.295208
2026-05-26 16:59:43.054,169.599838,0.000000,0.000000,0.000000,-0.129364,-0.095771,-0.319524,0.064931,-0.094466,-0.322966,-0.032216,-0.095118,-0.321245,0.001144,-0.122538,-0.298160,-0.063024,-0.120441,-0.295161
2026-05-26 16:59:43.154,169.699838,0.000000,0.000000,0.000000,-0.129296,-0.096836,-0.319439,0.064696,-0.095516,-0.322878,-0.032300,-0.096176,-0.321159,0.001144,-0.122538,-0.298160,-0.063024,-0.120441,-0.295161
2026-05-26 16:59:43.254,169.799838,0.000000,0.000000,0.000000,-0.129364,-0.095771,-0.319524,0.064931,-0.094466,-0.322966,-0.032216,-0.095118,-0.321245,0.001144,-0.122538,-0.298160,-0.062986,-0.119386,-0.295208
2026-05-26 16:59:43.354,169.899838,0.000000,0.000000,0.000000,-0.129364,-0.095771,-0.319524,0.065166,-0.093417,-0.323055,-0.032099,-0.094594,-0.321289,0.001286,-0.121488,-0.298211,-0.063024,-0.120441,-0.295161
2026-05-26 16:59:43.454,169.999838,0.000000,0.000000,0.000000,-0.129432,-0.094705,-0.319608,0.064696,-0.095516,-0.322878,-0.032368,-0.095110,-0.321243,0.001144,-0.122538,-0.298160,-0.063062,-0.121497,-0.295114
2026-05-26 16:59:43.554,170.099838,0.000000,0.000000,0.000000,-0.129364,-0.095771,-0.319524,0.064931,-0.094466,-0.322966,-0.032216,-0.095118,-0.321245,0.001144,-0.122538,-0.298160,-0.063024,-0.120441,-0.295161
2026-05-26 16:59:43.654,170.199838,0.000000,0.000000,0.000000,-0.129364,-0.095771,-0.319524,0.064931,-0.094466,-0.322966,-0.032216,-0.095118,-0.321245,0.001144,-0.122538,-0.298160,-0.063024,-0.120441,-0.295161
2026-05-26 16:59:43.754,170.299838,0.000000,0.000000,0.000000,-0.129432,-0.094705,-0.319608,0.064931,-0.094466,-0.322966,-0.032250,-0.094586,-0.321287,0.001144,-0.122538,-0.298160,-0.063024,-0.120441,-0.295161
2026-05-26 16:59:43.854,170.399837,0.000000,0.000000,0.000000,-0.129364,-0.095771,-0.319524,0.064931,-0.094466,-0.322966,-0.032216,-0.095118,-0.321245,0.001144,-0.122538,-0.298160,-0.062986,-0.119386,-0.295208
2026-05-26 16:59:43.954,170.499837,0.000000,0.000000,0.000000,-0.129432,-0.094705,-0.319608,0.064696,-0.095516,-0.322878,-0.032368,-0.095110,-0.321243,0.001144,-0.122538,-0.298160,-0.062986,-0.119386,-0.295208
2026-05-26 16:59:44.054,170.599837,0.000000,0.000000,0.000000,-0.129364,-0.095771,-0.319524,0.064931,-0.094466,-0.322966,-0.032216,-0.095118,-0.321245,0.001144,-0.122538,-0.298160,-0.062986,-0.119386,-0.295208
2026-05-26 16:59:44.154,170.699837,0.000000,0.000000,0.000000,-0.129432,-0.094705,-0.319608,0.064696,-0.095516,-0.322878,-0.032368,-0.095110,-0.321243,0.001144,-0.122538,-0.298160,-0.063024,-0.120441,-0.295161
2026-05-26 16:59:44.254,170.799837,0.000000,0.000000,0.000000,-0.129364,-0.095771,-0.319524,0.064696,-0.095516,-0.322878,-0.032334,-0.095643,-0.321201,0.001144,-0.122538,-0.298160,-0.062986,-0.119386,-0.295208
2026-05-26 16:59:44.354,170.899837,0.000000,0.000000,0.000000,-0.129296,-0.096836,-0.319439,0.064931,-0.094466,-0.322966,-0.032182,-0.095651,-0.321203,0.001144,-0.122538,-0.298160,-0.063024,-0.120441,-0.295161
2026-05-26 16:59:44.454,170.999837,0.000000,0.000000,0.000000,-0.129296,-0.096836,-0.319439,0.064696,-0.095516,-0.322878,-0.032300,-0.096176,-0.321159,0.001144,-0.122538,-0.298160,-0.063024,-0.120441,-0.295161
2026-05-26 16:59:44.554,171.099837,0.000000,0.000000,0.000000,-0.129432,-0.094705,-0.319608,0.064931,-0.094466,-0.322966,-0.032250,-0.094586,-0.321287,0.001144,-0.122538,-0.298160,-0.062986,-0.119386,-0.295208
2026-05-26 16:59:44.654,171.199837,0.000000,0.000000,0.000000,-0.129364,-0.095771,-0.319524,0.065166,-0.093417,-0.323055,-0.032099,-0.094594,-0.321289,0.001144,-0.122538,-0.298160,-0.063024,-0.120441,-0.295161
2026-05-26 16:59:44.754,171.299837,0.000000,0.000000,0.000000,-0.129432,-0.094705,-0.319608,0.064696,-0.095516,-0.322878,-0.032368,-0.095110,-0.321243,0.001144,-0.122538,-0.298160,-0.063024,-0.120441,-0.295161
2026-05-26 16:59:44.854,171.399837,0.000000,0.000000,0.000000,-0.129296,-0.096836,-0.319439,0.064931,-0.094466,-0.322966,-0.032182,-0.095651,-0.321203,0.001144,-0.122538,-0.298160,-0.062986,-0.119386,-0.295208
2026-05-26 16:59:44.954,171.499836,0.000000,0.000000,0.000000,-0.129364,-0.095771,-0.319524,0.064931,-0.094466,-0.322966,-0.032216,-0.095118,-0.321245,0.001144,-0.122538,-0.298160,-0.062986,-0.119386,-0.295208
2026-05-26 16:59:45.054,171.599836,0.000000,0.000000,0.000000,-0.129296,-0.096836,-0.319439,0.064931,-0.094466,-0.322966,-0.032182,-0.095651,-0.321203,0.001144,-0.122538,-0.298160,-0.062986,-0.119386,-0.295208
2026-05-26 16:59:45.154,171.699836,0.000000,0.000000,0.000000,-0.129364,-0.095771,-0.319524,0.064696,-0.095516,-0.322878,-0.032334,-0.095643,-0.321201,0.001144,-0.122538,-0.298160,-0.062986,-0.119386,-0.295208
2026-05-26 16:59:45.254,171.799836,0.000000,0.000000,0.000000,-0.129364,-0.095771,-0.319524,0.064931,-0.094466,-0.322966,-0.032216,-0.095118,-0.321245,0.001144,-0.122538,-0.298160,-0.063024,-0.120441,-0.295161
2026-05-26 16:59:45.354,171.899836,0.000000,0.000000,0.000000,-0.129432,-0.094705,-0.319608,0.065166,-0.093417,-0.323055,-0.032133,-0.094061,-0.321331,0.001144,-0.122538,-0.298160,-0.062986,-0.119386,-0.295208
2026-05-26 16:59:45.454,171.999836,0.000000,0.000000,0.000000,-0.129432,-0.094705,-0.319608,0.064696,-0.095516,-0.322878,-0.032368,-0.095110,-0.321243,0.001144,-0.122538,-0.298160,-0.063024,-0.120441,-0.295161
2026-05-26 16:59:45.554,172.099836,0.000000,0.000000,0.000000,-0.129364,-0.095771,-0.319524,0.064931,-0.094466,-0.322966,-0.032216,-0.095118,-0.321245,0.001144,-0.122538,-0.298160,-0.062986,-0.119386,-0.295208
2026-05-26 16:59:45.654,172.199836,0.000000,0.000000,0.000000,-0.129364,-0.095771,-0.319524,0.065166,-0.093417,-0.323055,-0.032099,-0.094594,-0.321289,0.001144,-0.122538,-0.298160,-0.062986,-0.119386,-0.295208
2026-05-26 16:59:45.754,172.299836,0.000000,0.000000,0.000000,-0.129364,-0.095771,-0.319524,0.065166,-0.093417,-0.323055,-0.032099,-0.094594,-0.321289,0.001144,-0.122538,-0.298160,-0.062986,-0.119386,-0.295208
2026-05-26 16:59:45.854,172.399836,0.000000,0.000000,0.000000,-0.129364,-0.095771,-0.319524,0.064696,-0.095516,-0.322878,-0.032334,-0.095643,-0.321201,0.001144,-0.122538,-0.298160,-0.062986,-0.119386,-0.295208
2026-05-26 16:59:45.954,172.499835,0.000000,0.000000,0.000000,-0.129432,-0.094705,-0.319608,0.064696,-0.095516,-0.322878,-0.032368,-0.095110,-0.321243,0.001144,-0.122538,-0.298160,-0.062986,-0.119386,-0.295208
2026-05-26 16:59:46.054,172.599835,0.000000,0.000000,0.000000,-0.129364,-0.095771,-0.319524,0.064931,-0.094466,-0.322966,-0.032216,-0.095118,-0.321245,0.001144,-0.122538,-0.298160,-0.063024,-0.120441,-0.295161
2026-05-26 16:59:46.154,172.699835,0.000000,0.000000,0.000000,-0.129296,-0.096836,-0.319439,0.064696,-0.095516,-0.322878,-0.032300,-0.096176,-0.321159,0.001286,-0.121488,-0.298211,-0.063024,-0.120441,-0.295161
2026-05-26 16:59:46.254,172.799835,0.000000,0.000000,0.000000,-0.129364,-0.095771,-0.319524,0.064696,-0.095516,-0.322878,-0.032334,-0.095643,-0.321201,0.001144,-0.122538,-0.298160,-0.063024,-0.120441,-0.295161
2026-05-26 16:59:46.354,172.899835,0.000000,0.000000,0.000000,-0.129364,-0.095771,-0.319524,0.064696,-0.095516,-0.322878,-0.032334,-0.095643,-0.321201,0.001144,-0.122538,-0.298160,-0.062986,-0.119386,-0.295208
2026-05-26 16:59:46.454,172.999835,0.000000,0.000000,0.000000,-0.129432,-0.094705,-0.319608,0.064696,-0.095516,-0.322878,-0.032368,-0.095110,-0.321243,0.001144,-0.122538,-0.298160,-0.063036,-0.120350,-0.295861
2026-05-26 16:59:46.554,173.099835,0.000000,0.000000,0.000000,-0.129432,-0.094705,-0.319608,0.064931,-0.094466,-0.322966,-0.032250,-0.094586,-0.321287,0.001144,-0.122538,-0.298160,-0.063746,-0.120932,-0.295121
2026-05-26 16:59:46.654,173.199835,0.000000,0.000000,0.000000,-0.129364,-0.095771,-0.319524,0.064931,-0.094466,-0.322966,-0.032216,-0.095118,-0.321245,0.001144,-0.122538,-0.298160,-0.063728,-0.120405,-0.295144
2026-05-26 16:59:46.754,173.299835,0.000000,0.000000,0.000000,-0.129364,-0.095771,-0.319524,0.064931,-0.094466,-0.322966,-0.032216,-0.095118,-0.321245,0.001144,-0.122538,-0.298160,-0.063728,-0.120405,-0.295144
2026-05-26 16:59:46.854,173.399835,0.000000,0.000000,0.000000,-0.129364,-0.095771,-0.319524,0.064931,-0.094466,-0.322966,-0.032216,-0.095118,-0.321245,0.001002,-0.123588,-0.298108,-0.063704,-0.119258,-0.295892
2026-05-26 16:59:46.954,173.499835,0.000000,0.000000,0.000000,-0.129364,-0.095771,-0.319524,0.064696,-0.095516,-0.322878,-0.032334,-0.095643,-0.321201,0.001132,-0.122446,-0.298861,-0.063704,-0.119258,-0.295892
2026-05-26 16:59:47.054,173.599834,0.000000,0.000000,0.000000,-0.129432,-0.094705,-0.319608,0.064931,-0.094466,-0.322966,-0.032250,-0.094586,-0.321287,0.001132,-0.122446,-0.298861,-0.064409,-0.119222,-0.295875
2026-05-26 16:59:47.154,173.699834,0.000000,0.000000,0.000000,-0.129364,-0.095771,-0.319524,0.064931,-0.094466,-0.322966,-0.032216,-0.095118,-0.321245,0.001132,-0.122446,-0.298861,-0.064444,-0.120277,-0.295827
2026-05-26 16:59:47.254,173.799834,0.000000,0.000000,0.000000,-0.129432,-0.094705,-0.319608,0.064696,-0.095516,-0.322878,-0.032368,-0.095110,-0.321243,0.001132,-0.122446,-0.298861,-0.064444,-0.120277,-0.295827
2026-05-26 16:59:47.354,173.899834,0.000000,0.000000,0.000000,-0.129432,-0.094705,-0.319608,0.064696,-0.095516,-0.322878,-0.032368,-0.095110,-0.321243,0.001132,-0.122446,-0.298861,-0.064462,-0.120805,-0.295803
2026-05-26 16:59:47.454,173.999834,0.000000,0.000000,0.000000,-0.129364,-0.095771,-0.319524,0.064461,-0.096565,-0.322790,-0.032451,-0.096168,-0.321157,0.000990,-0.123497,-0.298808,-0.064409,-0.119222,-0.295875
2026-05-26 16:59:47.554,174.099834,0.000000,0.000000,0.000000,-0.129364,-0.095771,-0.319524,0.064696,-0.095516,-0.322878,-0.032334,-0.095643,-0.321201,0.001132,-0.122446,-0.298861,-0.064444,-0.120277,-0.295827
2026-05-26 16:59:47.654,174.199834,0.000000,0.000000,0.000000,-0.129364,-0.095771,-0.319524,0.064696,-0.095516,-0.322878,-0.032334,-0.095643,-0.321201,0.000990,-0.123497,-0.298808,-0.064444,-0.120277,-0.295827
2026-05-26 16:59:47.754,174.299834,0.000000,0.000000,0.000000,-0.129364,-0.095771,-0.319524,0.064931,-0.094466,-0.322966,-0.032216,-0.095118,-0.321245,0.001837,-0.122483,-0.298878,-0.064444,-0.120277,-0.295827
2026-05-26 16:59:47.854,174.399834,0.000000,0.000000,0.000000,-0.129432,-0.094705,-0.319608,0.064931,-0.094466,-0.322966,-0.032250,-0.094586,-0.321287,0.001682,-0.123442,-0.299524,-0.064444,-0.120277,-0.295827
2026-05-26 16:59:47.954,174.499834,0.000000,0.000000,0.000000,-0.129432,-0.094705,-0.319608,0.064696,-0.095516,-0.322878,-0.032368,-0.095110,-0.321243,0.000978,-0.123406,-0.299507,-0.064479,-0.121333,-0.295779
2026-05-26 16:59:48.054,174.599833,0.000000,0.000000,0.000000,-0.129364,-0.095771,-0.319524,0.064696,-0.095516,-0.322878,-0.032334,-0.095643,-0.321201,0.000978,-0.123406,-0.299507,-0.064409,-0.119222,-0.295875
2026-05-26 16:59:48.154,174.699833,0.000000,0.000000,0.000000,-0.129364,-0.095771,-0.319524,0.064461,-0.096565,-0.322790,-0.032451,-0.096168,-0.321157,0.000978,-0.123406,-0.299507,-0.064444,-0.120277,-0.295827
2026-05-26 16:59:48.254,174.799833,0.000000,0.000000,0.000000,-0.129364,-0.095771,-0.319524,0.064696,-0.095516,-0.322878,-0.032334,-0.095643,-0.321201,0.001132,-0.122446,-0.298861,-0.064444,-0.120277,-0.295827
2026-05-26 16:59:48.354,174.899833,0.000000,0.000000,0.000000,-0.129364,-0.095771,-0.319524,0.064696,-0.095516,-0.322878,-0.032334,-0.095643,-0.321201,0.001132,-0.122446,-0.298861,-0.064444,-0.120277,-0.295827
2026-05-26 16:59:48.454,174.999833,0.000000,0.000000,0.000000,-0.129432,-0.094705,-0.319608,0.064696,-0.095516,-0.322878,-0.032368,-0.095110,-0.321243,0.000978,-0.123406,-0.299507,-0.064444,-0.120277,-0.295827
2026-05-26 16:59:48.554,175.099833,0.000000,0.000000,0.000000,-0.129364,-0.095771,-0.319524,0.064696,-0.095516,-0.322878,-0.032334,-0.095643,-0.321201,0.000978,-0.123406,-0.299507,-0.064426,-0.119749,-0.295851
2026-05-26 16:59:48.654,175.199833,0.000000,0.000000,0.000000,-0.129364,-0.095771,-0.319524,0.064931,-0.094466,-0.322966,-0.032216,-0.095118,-0.321245,0.000990,-0.123497,-0.298808,-0.064444,-0.120277,-0.295827
2026-05-26 16:59:48.754,175.299833,0.000000,0.000000,0.000000,-0.129432,-0.094705,-0.319608,0.064696,-0.095516,-0.322878,-0.032368,-0.095110,-0.321243,0.001119,-0.122355,-0.299562,-0.064444,-0.120277,-0.295827
2026-05-26 16:59:48.854,175.399833,0.000000,0.000000,0.000000,-0.129364,-0.095771,-0.319524,0.064931,-0.094466,-0.322966,-0.032216,-0.095118,-0.321245,0.001119,-0.122355,-0.299562,-0.064479,-0.121333,-0.295779
2026-05-26 16:59:48.954,175.499833,0.000000,0.000000,0.000000,-0.129364,-0.095771,-0.319524,0.064696,-0.095516,-0.322878,-0.032334,-0.095643,-0.321201,0.000978,-0.123406,-0.299507,-0.064444,-0.120277,-0.295827
2026-05-26 16:59:49.054,175.599833,0.000000,0.000000,0.000000,-0.129296,-0.096836,-0.319439,0.064931,-0.094466,-0.322966,-0.032182,-0.095651,-0.321203,0.000990,-0.123497,-0.298808,-0.064432,-0.120368,-0.295127
2026-05-26 16:59:49.154,175.699832,0.000000,0.000000,0.000000,-0.129364,-0.095771,-0.319524,0.064931,-0.094466,-0.322966,-0.032216,-0.095118,-0.321245,0.000836,-0.124456,-0.299453,-0.064479,-0.121333,-0.295779
2026-05-26 16:59:49.254,175.799832,0.000000,0.000000,0.000000,-0.129432,-0.094705,-0.319608,0.064461,-0.096565,-0.322790,-0.032485,-0.095635,-0.321199,0.000990,-0.123497,-0.298808,-0.064444,-0.120277,-0.295827
2026-05-26 16:59:49.354,175.899832,0.000000,0.000000,0.000000,-0.129364,-0.095771,-0.319524,0.064461,-0.096565,-0.322790,-0.032451,-0.096168,-0.321157,0.000978,-0.123406,-0.299507,-0.064479,-0.121333,-0.295779
2026-05-26 16:59:49.454,175.999832,0.000000,0.000000,0.000000,-0.129364,-0.095771,-0.319524,0.064931,-0.094466,-0.322966,-0.032216,-0.095118,-0.321245,0.000990,-0.123497,-0.298808,-0.064426,-0.119749,-0.295851
2026-05-26 16:59:49.554,176.099832,0.000000,0.000000,0.000000,-0.129364,-0.095771,-0.319524,0.064931,-0.094466,-0.322966,-0.032216,-0.095118,-0.321245,0.000848,-0.124547,-0.298755,-0.064444,-0.120277,-0.295827
2026-05-26 16:59:49.654,176.199832,0.000000,0.000000,0.000000,-0.129432,-0.094705,-0.319608,0.064696,-0.095516,-0.322878,-0.032368,-0.095110,-0.321243,0.000990,-0.123497,-0.298808,-0.064432,-0.120368,-0.295127
2026-05-26 16:59:49.754,176.299832,0.000000,0.000000,0.000000,-0.129364,-0.095771,-0.319524,0.064696,-0.095516,-0.322878,-0.032334,-0.095643,-0.321201,0.000978,-0.123406,-0.299507,-0.064444,-0.120277,-0.295827
2026-05-26 16:59:49.854,176.399832,0.000000,0.000000,0.000000,-0.129296,-0.096836,-0.319439,0.064696,-0.095516,-0.322878,-0.032300,-0.096176,-0.321159,0.000990,-0.123497,-0.298808,-0.064444,-0.120277,-0.295827
2026-05-26 16:59:49.954,176.499832,0.000000,0.000000,0.000000,-0.129432,-0.094705,-0.319608,0.064931,-0.094466,-0.322966,-0.032250,-0.094586,-0.321287,0.000978,-0.123406,-0.299507,-0.064479,-0.121333,-0.295779
2026-05-26 16:59:50.054,176.599832,0.000000,0.000000,0.000000,-0.129432,-0.094705,-0.319608,0.064696,-0.095516,-0.322878,-0.032368,-0.095110,-0.321243,0.000836,-0.124456,-0.299453,-0.064479,-0.121333,-0.295779
2026-05-26 16:59:50.154,176.699831,0.000000,0.000000,0.000000,-0.129364,-0.095771,-0.319524,0.064696,-0.095516,-0.322878,-0.032334,-0.095643,-0.321201,0.000978,-0.123406,-0.299507,-0.064444,-0.120277,-0.295827
2026-05-26 16:59:50.254,176.799831,0.000000,0.000000,0.000000,-0.129364,-0.095771,-0.319524,0.064931,-0.094466,-0.322966,-0.032216,-0.095118,-0.321245,0.000978,-0.123406,-0.299507,-0.064444,-0.120277,-0.295827
2026-05-26 16:59:50.354,176.899831,0.000000,0.000000,0.000000,-0.129364,-0.095771,-0.319524,0.064696,-0.095516,-0.322878,-0.032334,-0.095643,-0.321201,0.001682,-0.123442,-0.299524,-0.064444,-0.120277,-0.295827
2026-05-26 16:59:50.454,176.999831,0.000000,0.000000,0.000000,-0.129432,-0.094705,-0.319608,0.064931,-0.094466,-0.322966,-0.032250,-0.094586,-0.321287,0.000978,-0.123406,-0.299507,-0.064444,-0.120277,-0.295827
2026-05-26 16:59:50.554,177.099831,0.000000,0.000000,0.000000,-0.129364,-0.095771,-0.319524,0.064696,-0.095516,-0.322878,-0.032334,-0.095643,-0.321201,0.001539,-0.124492,-0.299470,-0.064444,-0.120277,-0.295827
2026-05-26 16:59:50.654,177.199831,0.000000,0.000000,0.000000,-0.129364,-0.095771,-0.319524,0.064931,-0.094466,-0.322966,-0.032216,-0.095118,-0.321245,0.000978,-0.123406,-0.299507,-0.064444,-0.120277,-0.295827
2026-05-26 16:59:50.754,177.299831,0.000000,0.000000,0.000000,-0.129364,-0.095771,-0.319524,0.064931,-0.094466,-0.322966,-0.032216,-0.095118,-0.321245,0.000978,-0.123406,-0.299507,-0.064444,-0.120277,-0.295827
2026-05-26 16:59:50.854,177.399831,0.000000,0.000000,0.000000,-0.129432,-0.094705,-0.319608,0.064696,-0.095516,-0.322878,-0.032368,-0.095110,-0.321243,0.000978,-0.123406,-0.299507,-0.064479,-0.121333,-0.295779
2026-05-26 16:59:50.954,177.499831,0.000000,0.000000,0.000000,-0.129364,-0.095771,-0.319524,0.064931,-0.094466,-0.322966,-0.032216,-0.095118,-0.321245,0.000990,-0.123497,-0.298808,-0.064479,-0.121333,-0.295779
2026-05-26 16:59:51.054,177.599831,0.000000,0.000000,0.000000,-0.129364,-0.095771,-0.319524,0.064461,-0.096565,-0.322790,-0.032451,-0.096168,-0.321157,0.000990,-0.123497,-0.298808,-0.064444,-0.120277,-0.295827
2026-05-26 16:59:51.154,177.699831,0.000000,0.000000,0.000000,-0.129364,-0.095771,-0.319524,0.064931,-0.094466,-0.322966,-0.032216,-0.095118,-0.321245,0.000836,-0.124456,-0.299453,-0.064409,-0.119222,-0.295875
2026-05-26 16:59:51.254,177.799830,0.000000,0.000000,0.000000,-0.129364,-0.095771,-0.319524,0.064931,-0.094466,-0.322966,-0.032216,-0.095118,-0.321245,0.000836,-0.124456,-0.299453,-0.064409,-0.119222,-0.295875
2026-05-26 16:59:51.354,177.899830,0.000000,0.000000,0.000000,-0.129364,-0.095771,-0.319524,0.064696,-0.095516,-0.322878,-0.032334,-0.095643,-0.321201,0.000978,-0.123406,-0.299507,-0.064444,-0.120277,-0.295827
2026-05-26 16:59:51.454,177.999830,0.000000,0.000000,0.000000,-0.129364,-0.095771,-0.319524,0.064696,-0.095516,-0.322878,-0.032334,-0.095643,-0.321201,0.001682,-0.123442,-0.299524,-0.064479,-0.121333,-0.295779
2026-05-26 16:59:51.554,178.099830,0.000000,0.000000,0.000000,-0.129364,-0.095771,-0.319524,0.064696,-0.095516,-0.322878,-0.032334,-0.095643,-0.321201,0.001682,-0.123442,-0.299524,-0.064444,-0.120277,-0.295827
2026-05-26 16:59:51.654,178.199830,0.000000,0.000000,0.000000,-0.129364,-0.095771,-0.319524,0.064696,-0.095516,-0.322878,-0.032334,-0.095643,-0.321201,0.000978,-0.123406,-0.299507,-0.064444,-0.120277,-0.295827
2026-05-26 16:59:51.754,178.299830,0.000000,0.000000,0.000000,-0.129364,-0.095771,-0.319524,0.064696,-0.095516,-0.322878,-0.032334,-0.095643,-0.321201,0.000978,-0.123406,-0.299507,-0.064396,-0.119313,-0.295174
2026-05-26 16:59:51.854,178.399830,0.000000,0.000000,0.000000,-0.129296,-0.096836,-0.319439,0.064696,-0.095516,-0.322878,-0.032300,-0.096176,-0.321159,0.000978,-0.123406,-0.299507,-0.064444,-0.120277,-0.295827
2026-05-26 16:59:51.954,178.499830,0.000000,0.000000,0.000000,-0.129364,-0.095771,-0.319524,0.064461,-0.096565,-0.322790,-0.032451,-0.096168,-0.321157,0.000836,-0.124456,-0.299453,-0.064444,-0.120277,-0.295827
2026-05-26 16:59:52.054,178.599830,0.000000,0.000000,0.000000,-0.129364,-0.095771,-0.319524,0.064696,-0.095516,-0.322878,-0.032334,-0.095643,-0.321201,0.000978,-0.123406,-0.299507,-0.064444,-0.120277,-0.295827
2026-05-26 16:59:52.154,178.699830,0.000000,0.000000,0.000000,-0.129432,-0.094705,-0.319608,0.064696,-0.095516,-0.322878,-0.032368,-0.095110,-0.321243,0.001682,-0.123442,-0.299524,-0.064444,-0.120277,-0.295827
2026-05-26 16:59:52.254,178.799829,0.000000,0.000000,0.000000,-0.129364,-0.095771,-0.319524,0.064931,-0.094466,-0.322966,-0.032216,-0.095118,-0.321245,0.000978,-0.123406,-0.299507,-0.064479,-0.121333,-0.295779
2026-05-26 16:59:52.354,178.899829,0.000000,0.000000,0.000000,-0.129364,-0.095771,-0.319524,0.064461,-0.096565,-0.322790,-0.032451,-0.096168,-0.321157,0.000978,-0.123406,-0.299507,-0.064444,-0.120277,-0.295827
2026-05-26 16:59:52.454,178.999829,0.000000,0.000000,0.000000,-0.129364,-0.095771,-0.319524,0.064696,-0.095516,-0.322878,-0.032334,-0.095643,-0.321201,0.001119,-0.122355,-0.299562,-0.064444,-0.120277,-0.295827
2026-05-26 16:59:52.554,179.099829,0.000000,0.000000,0.000000,-0.129296,-0.096836,-0.319439,0.065166,-0.093417,-0.323055,-0.032065,-0.095127,-0.321247,0.000978,-0.123406,-0.299507,-0.064444,-0.120277,-0.295827
2026-05-26 16:59:52.654,179.199829,0.000000,0.000000,0.000000,-0.129364,-0.095771,-0.319524,0.064931,-0.094466,-0.322966,-0.032216,-0.095118,-0.321245,0.000978,-0.123406,-0.299507,-0.064444,-0.120277,-0.295827
2026-05-26 16:59:52.754,179.299829,0.000000,0.000000,0.000000,-0.129364,-0.095771,-0.319524,0.064696,-0.095516,-0.322878,-0.032334,-0.095643,-0.321201,0.000990,-0.123497,-0.298808,-0.064409,-0.119222,-0.295875
2026-05-26 16:59:52.854,179.399829,0.000000,0.000000,0.000000,-0.129364,-0.095771,-0.319524,0.064696,-0.095516,-0.322878,-0.032334,-0.095643,-0.321201,0.000990,-0.123497,-0.298808,-0.064444,-0.120277,-0.295827
2026-05-26 16:59:52.954,179.499829,0.000000,0.000000,0.000000,-0.129364,-0.095771,-0.319524,0.064461,-0.096565,-0.322790,-0.032451,-0.096168,-0.321157,0.001132,-0.122446,-0.298861,-0.064444,-0.120277,-0.295827
2026-05-26 16:59:53.054,179.599829,0.000000,0.000000,0.000000,-0.129432,-0.094705,-0.319608,0.065166,-0.093417,-0.323055,-0.032133,-0.094061,-0.321331,0.001132,-0.122446,-0.298861,-0.063740,-0.120314,-0.295844
2026-05-26 16:59:53.154,179.699829,0.000000,0.000000,0.000000,-0.129364,-0.095771,-0.319524,0.064696,-0.095516,-0.322878,-0.032334,-0.095643,-0.321201,0.001132,-0.122446,-0.298861,-0.063777,-0.121369,-0.295796
2026-05-26 16:59:53.254,179.799829,0.000000,0.000000,0.000000,-0.129364,-0.095771,-0.319524,0.065166,-0.093417,-0.323055,-0.032099,-0.094594,-0.321289,0.001273,-0.121396,-0.298914,-0.063740,-0.120314,-0.295844
2026-05-26 16:59:53.354,179.899828,0.000000,0.000000,0.000000,-0.129364,-0.095771,-0.319524,0.064461,-0.096565,-0.322790,-0.032451,-0.096168,-0.321157,0.001132,-0.122446,-0.298861,-0.063777,-0.121369,-0.295796
2026-05-26 16:59:53.454,179.999828,0.000000,0.000000,0.000000,-0.129364,-0.095771,-0.319524,0.065166,-0.093417,-0.323055,-0.032099,-0.094594,-0.321289,0.001132,-0.122446,-0.298861,-0.063728,-0.120405,-0.295144
2026-05-26 16:59:53.554,180.099828,0.000000,0.000000,0.000000,-0.129364,-0.095771,-0.319524,0.064696,-0.095516,-0.322878,-0.032334,-0.095643,-0.321201,0.001132,-0.122446,-0.298861,-0.063777,-0.121369,-0.295796
2026-05-26 16:59:53.654,180.199828,0.000000,0.000000,0.000000,-0.129364,-0.095771,-0.319524,0.064696,-0.095516,-0.322878,-0.032334,-0.095643,-0.321201,0.001132,-0.122446,-0.298861,-0.063740,-0.120314,-0.295844
2026-05-26 16:59:53.754,180.299828,0.000000,0.000000,0.000000,-0.129364,-0.095771,-0.319524,0.064931,-0.094466,-0.322966,-0.032216,-0.095118,-0.321245,0.001132,-0.122446,-0.298861,-0.063024,-0.120441,-0.295161
2026-05-26 16:59:53.854,180.399828,0.000000,0.000000,0.000000,-0.129364,-0.095771,-0.319524,0.064931,-0.094466,-0.322966,-0.032216,-0.095118,-0.321245,0.001132,-0.122446,-0.298861,-0.063024,-0.120441,-0.295161
2026-05-26 16:59:53.954,180.499828,0.000000,0.000000,0.000000,-0.129296,-0.096836,-0.319439,0.064696,-0.095516,-0.322878,-0.032300,-0.096176,-0.321159,0.001132,-0.122446,-0.298861,-0.062986,-0.119386,-0.295208
2026-05-26 16:59:54.054,180.599828,0.000000,0.000000,0.000000,-0.129364,-0.095771,-0.319524,0.064696,-0.095516,-0.322878,-0.032334,-0.095643,-0.321201,0.001286,-0.121488,-0.298211,-0.063024,-0.120441,-0.295161
2026-05-26 16:59:54.154,180.699828,0.000000,0.000000,0.000000,-0.129296,-0.096836,-0.319439,0.064696,-0.095516,-0.322878,-0.032300,-0.096176,-0.321159,0.001144,-0.122538,-0.298160,-0.063024,-0.120441,-0.295161
2026-05-26 16:59:54.254,180.799828,0.000000,0.000000,0.000000,-0.129364,-0.095771,-0.319524,0.064931,-0.094466,-0.322966,-0.032216,-0.095118,-0.321245,0.001286,-0.121488,-0.298211,-0.062359,-0.121533,-0.295131
2026-05-26 16:59:54.354,180.899827,0.000000,0.000000,0.000000,-0.129364,-0.095771,-0.319524,0.064461,-0.096565,-0.322790,-0.032451,-0.096168,-0.321157,0.001286,-0.121488,-0.298211,-0.062320,-0.120478,-0.295178
2026-05-26 16:59:54.454,180.999827,0.000000,0.000000,0.000000,-0.129432,-0.094705,-0.319608,0.064931,-0.094466,-0.322966,-0.032250,-0.094586,-0.321287,0.001286,-0.121488,-0.298211,-0.062320,-0.120478,-0.295178
2026-05-26 16:59:54.554,181.099827,0.000000,0.000000,0.000000,-0.129432,-0.094705,-0.319608,0.065166,-0.093417,-0.323055,-0.032133,-0.094061,-0.321331,0.001286,-0.121488,-0.298211,-0.062281,-0.119423,-0.295225
2026-05-26 16:59:54.654,181.199827,0.000000,0.000000,0.000000,-0.129364,-0.095771,-0.319524,0.064461,-0.096565,-0.322790,-0.032451,-0.096168,-0.321157,0.001286,-0.121488,-0.298211,-0.061576,-0.119460,-0.295242
2026-05-26 16:59:54.754,181.299827,0.000000,0.000000,0.000000,-0.129364,-0.095771,-0.319524,0.064461,-0.096565,-0.322790,-0.032451,-0.096168,-0.321157,0.000579,-0.121451,-0.298194,-0.061576,-0.119460,-0.295242
2026-05-26 16:59:54.854,181.399827,0.000000,0.000000,0.000000,-0.129364,-0.095771,-0.319524,0.064696,-0.095516,-0.322878,-0.032334,-0.095643,-0.321201,0.000732,-0.120492,-0.297543,-0.061616,-0.120515,-0.295195
2026-05-26 16:59:54.954,181.499827,0.000000,0.000000,0.000000,-0.129432,-0.094705,-0.319608,0.065166,-0.093417,-0.323055,-0.032133,-0.094061,-0.321331,0.000732,-0.120492,-0.297543,-0.061576,-0.119460,-0.295242
2026-05-26 16:59:55.054,181.599827,0.000000,0.000000,0.000000,-0.129432,-0.094705,-0.319608,0.064696,-0.095516,-0.322878,-0.032368,-0.095110,-0.321243,0.000662,-0.121017,-0.297518,-0.060912,-0.120551,-0.295212
2026-05-26 16:59:55.154,181.699827,0.000000,0.000000,0.000000,-0.129432,-0.094705,-0.319608,0.064461,-0.096565,-0.322790,-0.032485,-0.095635,-0.321199,0.000732,-0.120492,-0.297543,-0.060912,-0.120551,-0.295212
2026-05-26 16:59:55.254,181.799827,0.000000,0.000000,0.000000,-0.129432,-0.094705,-0.319608,0.064931,-0.094466,-0.322966,-0.032250,-0.094586,-0.321287,0.000732,-0.120492,-0.297543,-0.060912,-0.120551,-0.295212
2026-05-26 16:59:55.354,181.899827,0.000000,0.000000,0.000000,-0.129364,-0.095771,-0.319524,0.064931,-0.094466,-0.322966,-0.032216,-0.095118,-0.321245,0.000732,-0.120492,-0.297543,-0.060900,-0.120642,-0.294512
2026-05-26 16:59:55.454,181.999826,0.000000,0.000000,0.000000,-0.129364,-0.095771,-0.319524,0.064696,-0.095516,-0.322878,-0.032334,-0.095643,-0.321201,0.000732,-0.120492,-0.297543,-0.060112,-0.118569,-0.294621
2026-05-26 16:59:55.554,182.099826,0.000000,0.000000,0.000000,-0.129364,-0.095771,-0.319524,0.064696,-0.095516,-0.322878,-0.032334,-0.095643,-0.321201,0.000732,-0.120492,-0.297543,-0.060166,-0.119533,-0.295276
2026-05-26 16:59:55.654,182.199826,0.000000,0.000000,0.000000,-0.129296,-0.096836,-0.319439,0.064931,-0.094466,-0.322966,-0.032182,-0.095651,-0.321203,0.000873,-0.119442,-0.297594,-0.060154,-0.119624,-0.294575
2026-05-26 16:59:55.754,182.299826,0.000000,0.000000,0.000000,-0.129432,-0.094705,-0.319608,0.064696,-0.095516,-0.322878,-0.032368,-0.095110,-0.321243,0.000164,-0.119406,-0.297577,-0.060154,-0.119624,-0.294575
2026-05-26 16:59:55.854,182.399826,0.000000,0.000000,0.000000,-0.129364,-0.095771,-0.319524,0.064696,-0.095516,-0.322878,-0.032334,-0.095643,-0.321201,0.000873,-0.119442,-0.297594,-0.059362,-0.117551,-0.294684
2026-05-26 16:59:55.954,182.499826,0.000000,0.000000,0.000000,-0.129432,-0.094705,-0.319608,0.064931,-0.094466,-0.322966,-0.032250,-0.094586,-0.321287,0.000164,-0.119406,-0.297577,-0.059449,-0.119661,-0.294592
2026-05-26 16:59:56.054,182.599826,0.000000,0.000000,0.000000,-0.129364,-0.095771,-0.319524,0.064696,-0.095516,-0.322878,-0.032334,-0.095643,-0.321201,0.000304,-0.118356,-0.297627,-0.059449,-0.119661,-0.294592
2026-05-26 16:59:56.154,182.699826,0.000000,0.000000,0.000000,-0.129296,-0.096836,-0.319439,0.064931,-0.094466,-0.322966,-0.032182,-0.095651,-0.321203,0.000316,-0.118447,-0.296922,-0.059449,-0.119661,-0.294592
2026-05-26 16:59:56.254,182.799826,0.000000,0.000000,0.000000,-0.129296,-0.096836,-0.319439,0.064696,-0.095516,-0.322878,-0.032300,-0.096176,-0.321159,0.000316,-0.118447,-0.296922,-0.059406,-0.118606,-0.294638
2026-05-26 16:59:56.354,182.899826,0.000000,0.000000,0.000000,-0.129364,-0.095771,-0.319524,0.064931,-0.094466,-0.322966,-0.032216,-0.095118,-0.321245,0.000316,-0.118447,-0.296922,-0.058700,-0.118643,-0.294655
2026-05-26 16:59:56.454,182.999825,0.000000,0.000000,0.000000,-0.129432,-0.094705,-0.319608,0.064931,-0.094466,-0.322966,-0.032250,-0.094586,-0.321287,0.000304,-0.118356,-0.297627,-0.058700,-0.118643,-0.294655
2026-05-26 16:59:56.554,183.099825,0.000000,0.000000,0.000000,-0.129432,-0.094705,-0.319608,0.064696,-0.095516,-0.322878,-0.032368,-0.095110,-0.321243,0.000316,-0.118447,-0.296922,-0.058700,-0.118643,-0.294655
2026-05-26 16:59:56.654,183.199825,0.000000,0.000000,0.000000,-0.129364,-0.095771,-0.319524,0.064931,-0.094466,-0.322966,-0.032216,-0.095118,-0.321245,0.000316,-0.118447,-0.296922,-0.058700,-0.118643,-0.294655
2026-05-26 16:59:56.754,183.299825,0.000000,0.000000,0.000000,-0.129364,-0.095771,-0.319524,0.064696,-0.095516,-0.322878,-0.032334,-0.095643,-0.321201,0.000316,-0.118447,-0.296922,-0.058700,-0.118643,-0.294655
2026-05-26 16:59:56.854,183.399825,0.000000,0.000000,0.000000,-0.129364,-0.095771,-0.319524,0.064461,-0.096565,-0.322790,-0.032451,-0.096168,-0.321157,0.000316,-0.118447,-0.296922,-0.058744,-0.119697,-0.294609
2026-05-26 16:59:56.954,183.499825,0.000000,0.000000,0.000000,-0.129364,-0.095771,-0.319524,0.064931,-0.094466,-0.322966,-0.032216,-0.095118,-0.321245,0.000316,-0.118447,-0.296922,-0.058700,-0.118643,-0.294655
2026-05-26 16:59:57.054,183.599825,0.000000,0.000000,0.000000,-0.130087,-0.095733,-0.319506,0.064931,-0.094466,-0.322966,-0.032578,-0.095100,-0.321236,0.000316,-0.118447,-0.296922,-0.058700,-0.118643,-0.294655
2026-05-26 16:59:57.154,183.699825,0.000000,0.000000,0.000000,-0.129364,-0.095771,-0.319524,0.064461,-0.096565,-0.322790,-0.032451,-0.096168,-0.321157,0.000304,-0.118356,-0.297627,-0.058744,-0.119697,-0.294609
2026-05-26 16:59:57.254,183.799825,0.000000,0.000000,0.000000,-0.129432,-0.094705,-0.319608,0.064461,-0.096565,-0.322790,-0.032485,-0.095635,-0.321199,0.000316,-0.118447,-0.296922,-0.058744,-0.119697,-0.294609
2026-05-26 16:59:57.354,183.899825,0.000000,0.000000,0.000000,-0.129364,-0.095771,-0.319524,0.064696,-0.095516,-0.322878,-0.032334,-0.095643,-0.321201,0.000316,-0.118447,-0.296922,-0.058744,-0.119697,-0.294609
2026-05-26 16:59:57.454,183.999825,0.000000,0.000000,0.000000,-0.129296,-0.096836,-0.319439,0.064461,-0.096565,-0.322790,-0.032417,-0.096701,-0.321115,0.000316,-0.118447,-0.296922,-0.058700,-0.118643,-0.294655
2026-05-26 16:59:57.554,184.099824,0.000000,0.000000,0.000000,-0.129296,-0.096836,-0.319439,0.064931,-0.094466,-0.322966,-0.032182,-0.095651,-0.321203,0.000316,-0.118447,-0.296922,-0.058744,-0.119697,-0.294609
2026-05-26 16:59:57.654,184.199824,0.000000,0.000000,0.000000,-0.129364,-0.095771,-0.319524,0.064696,-0.095516,-0.322878,-0.032334,-0.095643,-0.321201,0.000316,-0.118447,-0.296922,-0.058700,-0.118643,-0.294655
2026-05-26 16:59:57.754,184.299824,0.000000,0.000000,0.000000,-0.129364,-0.095771,-0.319524,0.064696,-0.095516,-0.322878,-0.032334,-0.095643,-0.321201,0.000316,-0.118447,-0.296922,-0.058700,-0.118643,-0.294655
2026-05-26 16:59:57.854,184.399824,0.000000,0.000000,0.000000,-0.129364,-0.095771,-0.319524,0.064696,-0.095516,-0.322878,-0.032334,-0.095643,-0.321201,0.000316,-0.118447,-0.296922,-0.058655,-0.117588,-0.294702
2026-05-26 16:59:57.954,184.499824,0.000000,0.000000,0.000000,-0.129364,-0.095771,-0.319524,0.064696,-0.095516,-0.322878,-0.032334,-0.095643,-0.321201,0.000316,-0.118447,-0.296922,-0.058744,-0.119697,-0.294609
2026-05-26 16:59:58.054,184.599824,0.000000,0.000000,0.000000,-0.129364,-0.095771,-0.319524,0.064696,-0.095516,-0.322878,-0.032334,-0.095643,-0.321201,0.000316,-0.118447,-0.296922,-0.058744,-0.119697,-0.294609
2026-05-26 16:59:58.154,184.699824,0.000000,0.000000,0.000000,-0.129364,-0.095771,-0.319524,0.064931,-0.094466,-0.322966,-0.032216,-0.095118,-0.321245,0.000316,-0.118447,-0.296922,-0.058744,-0.119697,-0.294609
2026-05-26 16:59:58.254,184.799824,0.000000,0.000000,0.000000,-0.129432,-0.094705,-0.319608,0.064696,-0.095516,-0.322878,-0.032368,-0.095110,-0.321243,0.000316,-0.118447,-0.296922,-0.058700,-0.118643,-0.294655
2026-05-26 16:59:58.354,184.899824,0.000000,0.000000,0.000000,-0.129364,-0.095771,-0.319524,0.064931,-0.094466,-0.322966,-0.032216,-0.095118,-0.321245,0.000316,-0.118447,-0.296922,-0.058700,-0.118643,-0.294655
2026-05-26 16:59:58.454,184.999824,0.000000,0.000000,0.000000,-0.129364,-0.095771,-0.319524,0.064461,-0.096565,-0.322790,-0.032451,-0.096168,-0.321157,0.000304,-0.118356,-0.297627,-0.058700,-0.118643,-0.294655
2026-05-26 16:59:58.554,185.099823,0.000000,0.000000,0.000000,-0.129296,-0.096836,-0.319439,0.064696,-0.095516,-0.322878,-0.032300,-0.096176,-0.321159,0.000316,-0.118447,-0.296922,-0.058744,-0.119697,-0.294609
2026-05-26 16:59:58.654,185.199823,0.000000,0.000000,0.000000,-0.129364,-0.095771,-0.319524,0.065166,-0.093417,-0.323055,-0.032099,-0.094594,-0.321289,0.000456,-0.117398,-0.296971,-0.058700,-0.118643,-0.294655
2026-05-26 16:59:58.754,185.299823,0.000000,0.000000,0.000000,-0.129296,-0.096836,-0.319439,0.064696,-0.095516,-0.322878,-0.032300,-0.096176,-0.321159,0.000456,-0.117398,-0.296971,-0.058744,-0.119697,-0.294609
2026-05-26 16:59:58.854,185.399823,0.000000,0.000000,0.000000,-0.129296,-0.096836,-0.319439,0.064696,-0.095516,-0.322878,-0.032300,-0.096176,-0.321159,0.000316,-0.118447,-0.296922,-0.058744,-0.119697,-0.294609
2026-05-26 16:59:58.954,185.499823,0.000000,0.000000,0.000000,-0.129296,-0.096836,-0.319439,0.064696,-0.095516,-0.322878,-0.032300,-0.096176,-0.321159,0.000316,-0.118447,-0.296922,-0.058700,-0.118643,-0.294655
2026-05-26 16:59:59.054,185.599823,0.000000,0.000000,0.000000,-0.129364,-0.095771,-0.319524,0.064931,-0.094466,-0.322966,-0.032216,-0.095118,-0.321245,0.000304,-0.118356,-0.297627,-0.058744,-0.119697,-0.294609
2026-05-26 16:59:59.154,185.699823,0.000000,0.000000,0.000000,-0.129296,-0.096836,-0.319439,0.064931,-0.094466,-0.322966,-0.032182,-0.095651,-0.321203,0.000316,-0.118447,-0.296922,-0.058700,-0.118643,-0.294655
2026-05-26 16:59:59.254,185.799823,0.000000,0.000000,0.000000,-0.129364,-0.095771,-0.319524,0.064931,-0.094466,-0.322966,-0.032216,-0.095118,-0.321245,0.000316,-0.118447,-0.296922,-0.058655,-0.117588,-0.294702
2026-05-26 16:59:59.354,185.899823,0.000000,0.000000,0.000000,-0.129364,-0.095771,-0.319524,0.064696,-0.095516,-0.322878,-0.032334,-0.095643,-0.321201,0.000316,-0.118447,-0.296922,-0.058744,-0.119697,-0.294609
2026-05-26 16:59:59.454,185.999823,0.000000,0.000000,0.000000,-0.129432,-0.094705,-0.319608,0.064931,-0.094466,-0.322966,-0.032250,-0.094586,-0.321287,0.000316,-0.118447,-0.296922,-0.058700,-0.118643,-0.294655
2026-05-26 16:59:59.554,186.099823,0.000000,0.000000,0.000000,-0.129364,-0.095771,-0.319524,0.064696,-0.095516,-0.322878,-0.032334,-0.095643,-0.321201,0.000386,-0.117923,-0.296946,-0.058700,-0.118643,-0.294655
2026-05-26 16:59:59.654,186.199822,0.000000,0.000000,0.000000,-0.129296,-0.096836,-0.319439,0.064696,-0.095516,-0.322878,-0.032300,-0.096176,-0.321159,0.000316,-0.118447,-0.296922,-0.058700,-0.118643,-0.294655
2026-05-26 16:59:59.754,186.299822,0.000000,0.000000,0.000000,-0.129364,-0.095771,-0.319524,0.064696,-0.095516,-0.322878,-0.032334,-0.095643,-0.321201,0.000316,-0.118447,-0.296922,-0.058700,-0.118643,-0.294655
2026-05-26 16:59:59.854,186.399822,0.000000,0.000000,0.000000,-0.129296,-0.096836,-0.319439,0.064696,-0.095516,-0.322878,-0.032300,-0.096176,-0.321159,0.000316,-0.118447,-0.296922,-0.058744,-0.119697,-0.294609
2026-05-26 16:59:59.954,186.499822,0.000000,0.000000,0.000000,-0.129296,-0.096836,-0.319439,0.064931,-0.094466,-0.322966,-0.032182,-0.095651,-0.321203,0.000316,-0.118447,-0.296922,-0.058700,-0.118643,-0.294655
2026-05-26 17:00:00.054,186.599822,0.000000,0.000000,0.000000,-0.129296,-0.096836,-0.319439,0.064696,-0.095516,-0.322878,-0.032300,-0.096176,-0.321159,0.000456,-0.117398,-0.296971,-0.058744,-0.119697,-0.294609
2026-05-26 17:00:00.154,186.699822,0.000000,0.000000,0.000000,-0.129296,-0.096836,-0.319439,0.064931,-0.094466,-0.322966,-0.032182,-0.095651,-0.321203,0.000164,-0.119406,-0.297577,-0.058655,-0.117588,-0.294702
2026-05-26 17:00:00.254,186.799822,0.000000,0.000000,0.000000,-0.129296,-0.096836,-0.319439,0.064696,-0.095516,-0.322878,-0.032300,-0.096176,-0.321159,0.000316,-0.118447,-0.296922,-0.058700,-0.118643,-0.294655
2026-05-26 17:00:00.354,186.899822,0.000000,0.000000,0.000000,-0.129364,-0.095771,-0.319524,0.064931,-0.094466,-0.322966,-0.032216,-0.095118,-0.321245,0.000316,-0.118447,-0.296922,-0.058700,-0.118643,-0.294655
2026-05-26 17:00:00.454,186.999822,0.000000,0.000000,0.000000,-0.129296,-0.096836,-0.319439,0.064931,-0.094466,-0.322966,-0.032182,-0.095651,-0.321203,0.000316,-0.118447,-0.296922,-0.058655,-0.117588,-0.294702
2026-05-26 17:00:00.554,187.099822,0.000000,0.000000,0.000000,-0.129364,-0.095771,-0.319524,0.064696,-0.095516,-0.322878,-0.032334,-0.095643,-0.321201,0.000316,-0.118447,-0.296922,-0.058700,-0.118643,-0.294655
2026-05-26 17:00:00.654,187.199821,0.000000,0.000000,0.000000,-0.129296,-0.096836,-0.319439,0.065166,-0.093417,-0.323055,-0.032065,-0.095127,-0.321247,0.000316,-0.118447,-0.296922,-0.058744,-0.119697,-0.294609
2026-05-26 17:00:00.754,187.299821,0.000000,0.000000,0.000000,-0.129432,-0.094705,-0.319608,0.064226,-0.097615,-0.322702,-0.032603,-0.096160,-0.321155,0.000316,-0.118447,-0.296922,-0.058700,-0.118643,-0.294655
2026-05-26 17:00:00.854,187.399821,0.000000,0.000000,0.000000,-0.129364,-0.095771,-0.319524,0.064931,-0.094466,-0.322966,-0.032216,-0.095118,-0.321245,0.000456,-0.117398,-0.296971,-0.058744,-0.119697,-0.294609
2026-05-26 17:00:00.954,187.499821,0.000000,0.000000,0.000000,-0.129364,-0.095771,-0.319524,0.064931,-0.094466,-0.322966,-0.032216,-0.095118,-0.321245,0.000316,-0.118447,-0.296922,-0.058700,-0.118643,-0.294655
2026-05-26 17:00:01.054,187.599821,0.000000,0.000000,0.000000,-0.129364,-0.095771,-0.319524,0.064931,-0.094466,-0.322966,-0.032216,-0.095118,-0.321245,0.000304,-0.118356,-0.297627,-0.058655,-0.117588,-0.294702
2026-05-26 17:00:01.154,187.699821,0.000000,0.000000,0.000000,-0.129432,-0.094705,-0.319608,0.064931,-0.094466,-0.322966,-0.032250,-0.094586,-0.321287,0.000316,-0.118447,-0.296922,-0.058744,-0.119697,-0.294609
2026-05-26 17:00:01.254,187.799821,0.000000,0.000000,0.000000,-0.129296,-0.096836,-0.319439,0.065166,-0.093417,-0.323055,-0.032065,-0.095127,-0.321247,0.000316,-0.118447,-0.296922,-0.058744,-0.119697,-0.294609
2026-05-26 17:00:01.354,187.899821,0.000000,0.000000,0.000000,-0.129296,-0.096836,-0.319439,0.064461,-0.096565,-0.322790,-0.032417,-0.096701,-0.321115,0.000456,-0.117398,-0.296971,-0.058744,-0.119697,-0.294609
2026-05-26 17:00:01.454,187.999821,0.000000,0.000000,0.000000,-0.129296,-0.096836,-0.319439,0.064696,-0.095516,-0.322878,-0.032300,-0.096176,-0.321159,0.000316,-0.118447,-0.296922,-0.058744,-0.119697,-0.294609
2026-05-26 17:00:01.554,188.099821,0.000000,0.000000,0.000000,-0.129296,-0.096836,-0.319439,0.064461,-0.096565,-0.322790,-0.032417,-0.096701,-0.321115,0.000316,-0.118447,-0.296922,-0.058700,-0.118643,-0.294655
2026-05-26 17:00:01.654,188.199821,0.000000,0.000000,0.000000,-0.129364,-0.095771,-0.319524,0.064696,-0.095516,-0.322878,-0.032334,-0.095643,-0.321201,0.000316,-0.118447,-0.296922,-0.058700,-0.118643,-0.294655
2026-05-26 17:00:01.754,188.299820,0.000000,0.000000,0.000000,-0.129364,-0.095771,-0.319524,0.064461,-0.096565,-0.322790,-0.032451,-0.096168,-0.321157,0.000316,-0.118447,-0.296922,-0.058700,-0.118643,-0.294655
2026-05-26 17:00:01.854,188.399820,0.000000,0.000000,0.000000,-0.129364,-0.095771,-0.319524,0.064931,-0.094466,-0.322966,-0.032216,-0.095118,-0.321245,0.000304,-0.118356,-0.297627,-0.058700,-0.118643,-0.294655
2026-05-26 17:00:01.954,188.499820,0.000000,0.000000,0.000000,-0.129364,-0.095771,-0.319524,0.064931,-0.094466,-0.322966,-0.032216,-0.095118,-0.321245,0.000316,-0.118447,-0.296922,-0.058700,-0.118643,-0.294655
2026-05-26 17:00:02.054,188.599820,0.000000,0.000000,0.000000,-0.129364,-0.095771,-0.319524,0.064696,-0.095516,-0.322878,-0.032334,-0.095643,-0.321201,0.000316,-0.118447,-0.296922,-0.058700,-0.118643,-0.294655
2026-05-26 17:00:02.154,188.699820,0.000000,0.000000,0.000000,-0.129364,-0.095771,-0.319524,0.064461,-0.096565,-0.322790,-0.032451,-0.096168,-0.321157,0.000316,-0.118447,-0.296922,-0.058744,-0.119697,-0.294609
2026-05-26 17:00:02.254,188.799820,0.000000,0.000000,0.000000,-0.129364,-0.095771,-0.319524,0.064696,-0.095516,-0.322878,-0.032334,-0.095643,-0.321201,0.000456,-0.117398,-0.296971,-0.058744,-0.119697,-0.294609
2026-05-26 17:00:02.354,188.899820,0.000000,0.000000,0.000000,-0.129432,-0.094705,-0.319608,0.064696,-0.095516,-0.322878,-0.032368,-0.095110,-0.321243,0.000316,-0.118447,-0.296922,-0.058744,-0.119697,-0.294609
2026-05-26 17:00:02.454,188.999820,0.000000,0.000000,0.000000,-0.129364,-0.095771,-0.319524,0.064461,-0.096565,-0.322790,-0.032451,-0.096168,-0.321157,0.000316,-0.118447,-0.296922,-0.058744,-0.119697,-0.294609
2026-05-26 17:00:02.554,189.099820,0.000000,0.000000,0.000000,-0.129364,-0.095771,-0.319524,0.064461,-0.096565,-0.322790,-0.032451,-0.096168,-0.321157,0.000316,-0.118447,-0.296922,-0.058700,-0.118643,-0.294655
2026-05-26 17:00:02.654,189.199820,0.000000,0.000000,0.000000,-0.129364,-0.095771,-0.319524,0.064696,-0.095516,-0.322878,-0.032334,-0.095643,-0.321201,0.000304,-0.118356,-0.297627,-0.058655,-0.117588,-0.294702
2026-05-26 17:00:02.754,189.299819,0.000000,0.000000,0.000000,-0.129296,-0.096836,-0.319439,0.064696,-0.095516,-0.322878,-0.032300,-0.096176,-0.321159,0.000456,-0.117398,-0.296971,-0.058700,-0.118643,-0.294655
2026-05-26 17:00:02.854,189.399819,0.000000,0.000000,0.000000,-0.129432,-0.094705,-0.319608,0.064696,-0.095516,-0.322878,-0.032368,-0.095110,-0.321243,0.000316,-0.118447,-0.296922,-0.058744,-0.119697,-0.294609
2026-05-26 17:00:02.954,189.499819,0.000000,0.000000,0.000000,-0.129364,-0.095771,-0.319524,0.064931,-0.094466,-0.322966,-0.032216,-0.095118,-0.321245,0.000316,-0.118447,-0.296922,-0.058655,-0.117588,-0.294702
2026-05-26 17:00:03.054,189.599819,0.000000,0.000000,0.000000,-0.129364,-0.095771,-0.319524,0.064696,-0.095516,-0.322878,-0.032334,-0.095643,-0.321201,0.000316,-0.118447,-0.296922,-0.058700,-0.118643,-0.294655
2026-05-26 17:00:03.154,189.699819,0.000000,0.000000,0.000000,-0.129296,-0.096836,-0.319439,0.064461,-0.096565,-0.322790,-0.032417,-0.096701,-0.321115,0.000386,-0.117923,-0.296946,-0.058700,-0.118643,-0.294655
2026-05-26 17:00:03.254,189.799819,0.000000,0.000000,0.000000,-0.129364,-0.095771,-0.319524,0.064931,-0.094466,-0.322966,-0.032216,-0.095118,-0.321245,0.000304,-0.118356,-0.297627,-0.058744,-0.119697,-0.294609
2026-05-26 17:00:03.354,189.899819,0.000000,0.000000,0.000000,-0.129364,-0.095771,-0.319524,0.064931,-0.094466,-0.322966,-0.032216,-0.095118,-0.321245,0.000304,-0.118356,-0.297627,-0.058700,-0.118643,-0.294655
2026-05-26 17:00:03.454,189.999819,0.000000,0.000000,0.000000,-0.129364,-0.095771,-0.319524,0.064696,-0.095516,-0.322878,-0.032334,-0.095643,-0.321201,0.000456,-0.117398,-0.296971,-0.058700,-0.118643,-0.294655
2026-05-26 17:00:03.554,190.099819,0.000000,0.000000,0.000000,-0.129364,-0.095771,-0.319524,0.064931,-0.094466,-0.322966,-0.032216,-0.095118,-0.321245,0.000304,-0.118356,-0.297627,-0.058744,-0.119697,-0.294609
2026-05-26 17:00:03.654,190.199819,0.000000,0.000000,0.000000,-0.129364,-0.095771,-0.319524,0.064696,-0.095516,-0.322878,-0.032334,-0.095643,-0.321201,0.000304,-0.118356,-0.297627,-0.058700,-0.118643,-0.294655
2026-05-26 17:00:03.754,190.299819,0.000000,0.000000,0.000000,-0.129296,-0.096836,-0.319439,0.064696,-0.095516,-0.322878,-0.032300,-0.096176,-0.321159,0.000316,-0.118447,-0.296922,-0.058700,-0.118643,-0.294655
