Format Version,1.23,Take Name,MDC_data_1780624794,Take Notes,,Capture Frame Rate,10,Export Frame Rate,10,Capture Start Time,2026-06-05 12:00:29 PM,Total Frames in Take,,Total Exported Frames,,Rotation Type,XYZ,Length Units,Meters,Coordinate Space,Global

,Type,Rigid Body Marker,Rigid Body Marker,Rigid Body Marker,Rigid Body Marker,Rigid Body Marker,Rigid Body Marker,Rigid Body Marker,Rigid Body Marker,Rigid Body Marker,Rigid Body Marker,Rigid Body Marker,Rigid Body Marker,Marker,Marker,Marker,Marker,Marker,Marker,Marker,Marker,Marker
,Name,Tag0,Tag0,Tag0,Tag1,Tag1,Tag1,Tag2,Tag2,Tag2,Midpoint,Midpoint,Midpoint,Purple,Purple,Purple,Pink,Pink,Pink,Green,Green,Green
,ID,Tag0,Tag0,Tag0,Tag1,Tag1,Tag1,Tag2,Tag2,Tag2,Midpoint,Midpoint,Midpoint,Purple,Purple,Purple,Pink,Pink,Pink,Green,Green,Green
,,Position,Position,Position,Position,Position,Position,Position,Position,Position,Position,Position,Position,Position,Position,Position,Position,Position,Position,Position,Position,Position
Timestamp,Time (Seconds),X,Y,Z,X,Y,Z,X,Y,Z,X,Y,Z,X,Y,Z,X,Y,Z,X,Y,Z
2026-06-05 12:00:29.439,0.000000,0.000000,0.000000,0.000000,0.329194,-0.327680,-0.245361,0.126853,-0.322502,-0.245538,0.228024,-0.325091,-0.245450,0.187770,-0.337352,-0.214836,0.243032,-0.347694,-0.168953,0.261473,-0.346913,-0.210590
2026-06-05 12:00:29.539,0.100000,0.000000,0.000000,0.000000,0.329194,-0.327680,-0.245361,0.126853,-0.322502,-0.245538,0.228024,-0.325091,-0.245450,0.188433,-0.337469,-0.214851,0.243032,-0.347694,-0.168953,0.260297,-0.347688,-0.210713
2026-06-05 12:00:29.639,0.200000,0.000000,0.000000,0.000000,0.329785,-0.326796,-0.245282,0.126853,-0.322502,-0.245538,0.228319,-0.324649,-0.245410,0.188433,-0.337469,-0.214851,0.243032,-0.347694,-0.168953,0.440311,-0.031766,-0.161767
2026-06-05 12:00:29.739,0.300000,0.000000,0.000000,0.000000,0.329194,-0.327680,-0.245361,0.125892,-0.323321,-0.245606,0.227543,-0.325501,-0.245484,0.188433,-0.337469,-0.214851,0.243032,-0.347694,-0.168953,0.260963,-0.347805,-0.210728
2026-06-05 12:00:29.839,0.400000,0.000000,0.000000,0.000000,0.328603,-0.328563,-0.245441,0.126853,-0.322502,-0.245538,0.227728,-0.325533,-0.245489,0.188433,-0.337469,-0.214851,0.243032,-0.347694,-0.168953,0.439294,-0.033551,-0.162043
2026-06-05 12:00:29.939,0.500000,0.000000,0.000000,0.000000,0.329194,-0.327680,-0.245361,0.126853,-0.322502,-0.245538,0.228024,-0.325091,-0.245450,0.187770,-0.337352,-0.214836,0.243032,-0.347694,-0.168953,0.260963,-0.347805,-0.210728
2026-06-05 12:00:30.039,0.599999,0.000000,0.000000,0.000000,0.329785,-0.326796,-0.245282,0.126853,-0.322502,-0.245538,0.228319,-0.324649,-0.245410,0.188433,-0.337469,-0.214851,0.243032,-0.347694,-0.168953,0.261473,-0.346913,-0.210590
2026-06-05 12:00:30.139,0.699999,0.000000,0.000000,0.000000,0.329194,-0.327680,-0.245361,0.126853,-0.322502,-0.245538,0.228024,-0.325091,-0.245450,0.187770,-0.337352,-0.214836,0.243032,-0.347694,-0.168953,0.260963,-0.347805,-0.210728
2026-06-05 12:00:30.239,0.799999,0.000000,0.000000,0.000000,0.329194,-0.327680,-0.245361,0.126853,-0.322502,-0.245538,0.228024,-0.325091,-0.245450,0.187770,-0.337352,-0.214836,0.243032,-0.347694,-0.168953,0.260551,-0.347242,-0.210644
2026-06-05 12:00:30.339,0.899999,0.000000,0.000000,0.000000,0.329785,-0.326796,-0.245282,0.126853,-0.322502,-0.245538,0.228319,-0.324649,-0.245410,0.188433,-0.337469,-0.214851,0.243032,-0.347694,-0.168953,0.260297,-0.347688,-0.210713
2026-06-05 12:00:30.439,0.999999,0.000000,0.000000,0.000000,0.329194,-0.327680,-0.245361,0.126556,-0.323438,-0.245621,0.227875,-0.325559,-0.245491,0.188433,-0.337469,-0.214851,0.242551,-0.348585,-0.169157,0.260297,-0.347688,-0.210713
2026-06-05 12:00:30.539,1.099999,0.000000,0.000000,0.000000,0.329194,-0.327680,-0.245361,0.126853,-0.322502,-0.245538,0.228024,-0.325091,-0.245450,0.188830,-0.336556,-0.214719,0.243032,-0.347694,-0.168953,0.261473,-0.346913,-0.210590
2026-06-05 12:00:30.639,1.199999,0.000000,0.000000,0.000000,0.329194,-0.327680,-0.245361,0.126189,-0.322386,-0.245523,0.227691,-0.325033,-0.245442,0.188433,-0.337469,-0.214851,0.243032,-0.347694,-0.168953,0.261473,-0.346913,-0.210590
2026-06-05 12:00:30.739,1.299999,0.000000,0.000000,0.000000,0.329194,-0.327680,-0.245361,0.126556,-0.323438,-0.245621,0.227875,-0.325559,-0.245491,0.188433,-0.337469,-0.214851,0.243032,-0.347694,-0.168953,0.261473,-0.346913,-0.210590
2026-06-05 12:00:30.839,1.399999,0.000000,0.000000,0.000000,0.329194,-0.327680,-0.245361,0.126556,-0.323438,-0.245621,0.227875,-0.325559,-0.245491,0.188433,-0.337469,-0.214851,0.243032,-0.347694,-0.168953,0.261473,-0.346913,-0.210590
2026-06-05 12:00:30.939,1.499999,0.000000,0.000000,0.000000,0.329194,-0.327680,-0.245361,0.126556,-0.323438,-0.245621,0.227875,-0.325559,-0.245491,0.187770,-0.337352,-0.214836,0.243032,-0.347694,-0.168953,0.260805,-0.346795,-0.210574
2026-06-05 12:00:31.039,1.599998,0.000000,0.000000,0.000000,0.329194,-0.327680,-0.245361,0.126560,-0.323504,-0.244950,0.227877,-0.325592,-0.245156,0.187770,-0.337352,-0.214836,0.243032,-0.347694,-0.168953,0.260297,-0.347688,-0.210713
2026-06-05 12:00:31.139,1.699998,0.000000,0.000000,0.000000,0.329194,-0.327680,-0.245361,0.126853,-0.322502,-0.245538,0.228024,-0.325091,-0.245450,0.188433,-0.337469,-0.214851,0.243032,-0.347694,-0.168953,0.260805,-0.346795,-0.210574
2026-06-05 12:00:31.239,1.799998,0.000000,0.000000,0.000000,0.329194,-0.327680,-0.245361,0.126857,-0.322569,-0.244866,0.228026,-0.325124,-0.245114,0.188433,-0.337469,-0.214851,0.243032,-0.347694,-0.168953,0.261473,-0.346913,-0.210590
2026-06-05 12:00:31.339,1.899998,0.000000,0.000000,0.000000,0.329891,-0.327803,-0.245378,0.126857,-0.322569,-0.244866,0.228374,-0.325186,-0.245122,0.188433,-0.337469,-0.214851,0.243032,-0.347694,-0.168953,0.261473,-0.346913,-0.210590
2026-06-05 12:00:31.439,1.999998,0.000000,0.000000,0.000000,0.329194,-0.327680,-0.245361,0.126853,-0.322502,-0.245538,0.228024,-0.325091,-0.245450,0.188830,-0.336556,-0.214719,0.243032,-0.347694,-0.168953,0.260963,-0.347805,-0.210728
2026-06-05 12:00:31.539,2.099998,0.000000,0.000000,0.000000,0.329785,-0.326796,-0.245282,0.126556,-0.323438,-0.245621,0.228170,-0.325117,-0.245451,0.188433,-0.337469,-0.214851,0.243032,-0.347694,-0.168953,0.260963,-0.347805,-0.210728
2026-06-05 12:00:31.639,2.199998,0.000000,0.000000,0.000000,0.329194,-0.327680,-0.245361,0.126853,-0.322502,-0.245538,0.228024,-0.325091,-0.245450,0.187770,-0.337352,-0.214836,0.243032,-0.347694,-0.168953,0.260805,-0.346795,-0.210574
2026-06-05 12:00:31.739,2.299998,0.000000,0.000000,0.000000,0.328603,-0.328563,-0.245441,0.126556,-0.323438,-0.245621,0.227579,-0.326001,-0.245531,0.188433,-0.337469,-0.214851,0.243032,-0.347694,-0.168953,0.260297,-0.347688,-0.210713
2026-06-05 12:00:31.839,2.399998,0.000000,0.000000,0.000000,0.329194,-0.327680,-0.245361,0.126556,-0.323438,-0.245621,0.227875,-0.325559,-0.245491,0.187770,-0.337352,-0.214836,0.243032,-0.347694,-0.168953,0.261473,-0.346913,-0.210590
2026-06-05 12:00:31.939,2.499998,0.000000,0.000000,0.000000,0.329194,-0.327680,-0.245361,0.126189,-0.322386,-0.245523,0.227691,-0.325033,-0.245442,0.188433,-0.337469,-0.214851,0.243032,-0.347694,-0.168953,0.261473,-0.346913,-0.210590
2026-06-05 12:00:32.039,2.599998,0.000000,0.000000,0.000000,0.329194,-0.327680,-0.245361,0.125892,-0.323321,-0.245606,0.227543,-0.325501,-0.245484,0.188433,-0.337469,-0.214851,0.243032,-0.347694,-0.168953,0.260551,-0.347242,-0.210644
2026-06-05 12:00:32.139,2.699997,0.000000,0.000000,0.000000,0.329194,-0.327680,-0.245361,0.126556,-0.323438,-0.245621,0.227875,-0.325559,-0.245491,0.187770,-0.337352,-0.214836,0.243032,-0.347694,-0.168953,0.260805,-0.346795,-0.210574
2026-06-05 12:00:32.239,2.799997,0.000000,0.000000,0.000000,0.329194,-0.327680,-0.245361,0.126853,-0.322502,-0.245538,0.228024,-0.325091,-0.245450,0.188433,-0.337469,-0.214851,0.243032,-0.347694,-0.168953,0.261473,-0.346913,-0.210590
2026-06-05 12:00:32.339,2.899997,0.000000,0.000000,0.000000,0.329194,-0.327680,-0.245361,0.126556,-0.323438,-0.245621,0.227875,-0.325559,-0.245491,0.188433,-0.337469,-0.214851,0.243032,-0.347694,-0.168953,0.260805,-0.346795,-0.210574
2026-06-05 12:00:32.439,2.999997,0.000000,0.000000,0.000000,0.329194,-0.327680,-0.245361,0.126189,-0.322386,-0.245523,0.227691,-0.325033,-0.245442,0.188433,-0.337469,-0.214851,0.243032,-0.347694,-0.168953,0.260963,-0.347805,-0.210728
2026-06-05 12:00:32.539,3.099997,0.000000,0.000000,0.000000,0.329194,-0.327680,-0.245361,0.126556,-0.323438,-0.245621,0.227875,-0.325559,-0.245491,0.188433,-0.337469,-0.214851,0.243032,-0.347694,-0.168953,0.261473,-0.346913,-0.210590
2026-06-05 12:00:32.639,3.199997,0.000000,0.000000,0.000000,0.328603,-0.328563,-0.245441,0.126857,-0.322569,-0.244866,0.227730,-0.325566,-0.245153,0.188433,-0.337469,-0.214851,0.243032,-0.347694,-0.168953,0.260963,-0.347805,-0.210728
2026-06-05 12:00:32.739,3.299997,0.000000,0.000000,0.000000,0.329194,-0.327680,-0.245361,0.126189,-0.322386,-0.245523,0.227691,-0.325033,-0.245442,0.188433,-0.337469,-0.214851,0.243032,-0.347694,-0.168953,0.260297,-0.347688,-0.210713
2026-06-05 12:00:32.839,3.399997,0.000000,0.000000,0.000000,0.329194,-0.327680,-0.245361,0.126857,-0.322569,-0.244866,0.228026,-0.325124,-0.245114,0.188433,-0.337469,-0.214851,0.243032,-0.347694,-0.168953,0.260805,-0.346795,-0.210574
2026-06-05 12:00:32.939,3.499997,0.000000,0.000000,0.000000,0.328603,-0.328563,-0.245441,0.126556,-0.323438,-0.245621,0.227579,-0.326001,-0.245531,0.187770,-0.337352,-0.214836,0.243032,-0.347694,-0.168953,0.260297,-0.347688,-0.210713
2026-06-05 12:00:33.039,3.599997,0.000000,0.000000,0.000000,0.329194,-0.327680,-0.245361,0.126853,-0.322502,-0.245538,0.228024,-0.325091,-0.245450,0.187770,-0.337352,-0.214836,0.243032,-0.347694,-0.168953,0.260963,-0.347805,-0.210728
2026-06-05 12:00:33.139,3.699996,0.000000,0.000000,0.000000,0.329194,-0.327680,-0.245361,0.126556,-0.323438,-0.245621,0.227875,-0.325559,-0.245491,0.187770,-0.337352,-0.214836,0.243032,-0.347694,-0.168953,0.260805,-0.346795,-0.210574
2026-06-05 12:00:33.239,3.799996,0.000000,0.000000,0.000000,0.328603,-0.328563,-0.245441,0.126853,-0.322502,-0.245538,0.227728,-0.325533,-0.245489,0.188433,-0.337469,-0.214851,0.242551,-0.348585,-0.169157,0.261473,-0.346913,-0.210590
2026-06-05 12:00:33.339,3.899996,0.000000,0.000000,0.000000,0.329194,-0.327680,-0.245361,0.126556,-0.323438,-0.245621,0.227875,-0.325559,-0.245491,0.187770,-0.337352,-0.214836,0.243032,-0.347694,-0.168953,0.260963,-0.347805,-0.210728
2026-06-05 12:00:33.439,3.999996,0.000000,0.000000,0.000000,0.329194,-0.327680,-0.245361,0.126556,-0.323438,-0.245621,0.227875,-0.325559,-0.245491,0.187770,-0.337352,-0.214836,0.243032,-0.347694,-0.168953,0.260805,-0.346795,-0.210574
2026-06-05 12:00:33.539,4.099996,0.000000,0.000000,0.000000,0.329194,-0.327680,-0.245361,0.126556,-0.323438,-0.245621,0.227875,-0.325559,-0.245491,0.187770,-0.337352,-0.214836,0.243032,-0.347694,-0.168953,0.260805,-0.346795,-0.210574
2026-06-05 12:00:33.639,4.199996,0.000000,0.000000,0.000000,0.329194,-0.327680,-0.245361,0.126556,-0.323438,-0.245621,0.227875,-0.325559,-0.245491,0.188433,-0.337469,-0.214851,0.243032,-0.347694,-0.168953,0.261473,-0.346913,-0.210590
2026-06-05 12:00:33.739,4.299996,0.000000,0.000000,0.000000,0.329194,-0.327680,-0.245361,0.126556,-0.323438,-0.245621,0.227875,-0.325559,-0.245491,0.187770,-0.337352,-0.214836,0.242791,-0.348139,-0.169055,0.260297,-0.347688,-0.210713
2026-06-05 12:00:33.839,4.399996,0.000000,0.000000,0.000000,0.329194,-0.327680,-0.245361,0.126853,-0.322502,-0.245538,0.228024,-0.325091,-0.245450,0.188433,-0.337469,-0.214851,0.243032,-0.347694,-0.168953,0.260805,-0.346795,-0.210574
2026-06-05 12:00:33.939,4.499996,0.000000,0.000000,0.000000,0.329194,-0.327680,-0.245361,0.126853,-0.322502,-0.245538,0.228024,-0.325091,-0.245450,0.187770,-0.337352,-0.214836,0.242551,-0.348585,-0.169157,0.261473,-0.346913,-0.210590
2026-06-05 12:00:34.039,4.599996,0.000000,0.000000,0.000000,0.329194,-0.327680,-0.245361,0.126556,-0.323438,-0.245621,0.227875,-0.325559,-0.245491,0.188433,-0.337469,-0.214851,0.243032,-0.347694,-0.168953,0.261473,-0.346913,-0.210590
2026-06-05 12:00:34.139,4.699996,0.000000,0.000000,0.000000,0.329194,-0.327680,-0.245361,0.126853,-0.322502,-0.245538,0.228024,-0.325091,-0.245450,0.188830,-0.336556,-0.214719,0.243032,-0.347694,-0.168953,0.260805,-0.346795,-0.210574
2026-06-05 12:00:34.239,4.799995,0.000000,0.000000,0.000000,0.328603,-0.328563,-0.245441,0.125892,-0.323321,-0.245606,0.227248,-0.325942,-0.245523,0.188433,-0.337469,-0.214851,0.243032,-0.347694,-0.168953,0.261473,-0.346913,-0.210590
2026-06-05 12:00:34.339,4.899995,0.000000,0.000000,0.000000,0.329194,-0.327680,-0.245361,0.126853,-0.322502,-0.245538,0.228024,-0.325091,-0.245450,0.188433,-0.337469,-0.214851,0.243032,-0.347694,-0.168953,0.260297,-0.347688,-0.210713
2026-06-05 12:00:34.439,4.999995,0.000000,0.000000,0.000000,0.329194,-0.327680,-0.245361,0.126556,-0.323438,-0.245621,0.227875,-0.325559,-0.245491,0.188433,-0.337469,-0.214851,0.243032,-0.347694,-0.168953,0.260805,-0.346795,-0.210574
2026-06-05 12:00:34.539,5.099995,0.000000,0.000000,0.000000,0.329194,-0.327680,-0.245361,0.126853,-0.322502,-0.245538,0.228024,-0.325091,-0.245450,0.187770,-0.337352,-0.214836,0.242551,-0.348585,-0.169157,0.261473,-0.346913,-0.210590
2026-06-05 12:00:34.639,5.199995,0.000000,0.000000,0.000000,0.329194,-0.327680,-0.245361,0.126853,-0.322502,-0.245538,0.228024,-0.325091,-0.245450,0.188433,-0.337469,-0.214851,0.243032,-0.347694,-0.168953,0.260963,-0.347805,-0.210728
2026-06-05 12:00:34.739,5.299995,0.000000,0.000000,0.000000,0.328603,-0.328563,-0.245441,0.126853,-0.322502,-0.245538,0.227728,-0.325533,-0.245489,0.188433,-0.337469,-0.214851,0.243032,-0.347694,-0.168953,0.260297,-0.347688,-0.210713
2026-06-05 12:00:34.839,5.399995,0.000000,0.000000,0.000000,0.329194,-0.327680,-0.245361,0.126556,-0.323438,-0.245621,0.227875,-0.325559,-0.245491,0.188433,-0.337469,-0.214851,0.243032,-0.347694,-0.168953,0.260963,-0.347805,-0.210728
2026-06-05 12:00:34.939,5.499995,0.000000,0.000000,0.000000,0.329194,-0.327680,-0.245361,0.126853,-0.322502,-0.245538,0.228024,-0.325091,-0.245450,0.188433,-0.337469,-0.214851,0.243032,-0.347694,-0.168953,0.261473,-0.346913,-0.210590
2026-06-05 12:00:35.039,5.599995,0.000000,0.000000,0.000000,0.329194,-0.327680,-0.245361,0.126556,-0.323438,-0.245621,0.227875,-0.325559,-0.245491,0.188433,-0.337469,-0.214851,0.243032,-0.347694,-0.168953,0.260805,-0.346795,-0.210574
2026-06-05 12:00:35.139,5.699995,0.000000,0.000000,0.000000,0.329299,-0.328686,-0.245457,0.126556,-0.323438,-0.245621,0.227927,-0.326062,-0.245539,0.188433,-0.337469,-0.214851,0.243032,-0.347694,-0.168953,0.261473,-0.346913,-0.210590
2026-06-05 12:00:35.239,5.799994,0.000000,0.000000,0.000000,0.329785,-0.326796,-0.245282,0.126853,-0.322502,-0.245538,0.228319,-0.324649,-0.245410,0.188433,-0.337469,-0.214851,0.243032,-0.347694,-0.168953,0.260805,-0.346795,-0.210574
2026-06-05 12:00:35.339,5.899994,0.000000,0.000000,0.000000,0.329194,-0.327680,-0.245361,0.126853,-0.322502,-0.245538,0.228024,-0.325091,-0.245450,0.188433,-0.337469,-0.214851,0.243032,-0.347694,-0.168953,0.260297,-0.347688,-0.210713
2026-06-05 12:00:35.439,5.999994,0.000000,0.000000,0.000000,0.329194,-0.327680,-0.245361,0.126853,-0.322502,-0.245538,0.228024,-0.325091,-0.245450,0.188830,-0.336556,-0.214719,0.243032,-0.347694,-0.168953,0.260805,-0.346795,-0.210574
2026-06-05 12:00:35.539,6.099994,0.000000,0.000000,0.000000,0.329194,-0.327680,-0.245361,0.126556,-0.323438,-0.245621,0.227875,-0.325559,-0.245491,0.188433,-0.337469,-0.214851,0.242551,-0.348585,-0.169157,0.261473,-0.346913,-0.210590
2026-06-05 12:00:35.639,6.199994,0.000000,0.000000,0.000000,0.329891,-0.327803,-0.245378,0.126556,-0.323438,-0.245621,0.228223,-0.325620,-0.245499,0.188433,-0.337469,-0.214851,0.243032,-0.347694,-0.168953,0.260805,-0.346795,-0.210574
2026-06-05 12:00:35.739,6.299994,0.000000,0.000000,0.000000,0.329194,-0.327680,-0.245361,0.126556,-0.323438,-0.245621,0.227875,-0.325559,-0.245491,0.187770,-0.337352,-0.214836,0.243032,-0.347694,-0.168953,0.260297,-0.347688,-0.210713
2026-06-05 12:00:35.839,6.399994,0.000000,0.000000,0.000000,0.328603,-0.328563,-0.245441,0.126556,-0.323438,-0.245621,0.227579,-0.326001,-0.245531,0.187770,-0.337352,-0.214836,0.243032,-0.347694,-0.168953,0.260297,-0.347688,-0.210713
2026-06-05 12:00:35.939,6.499994,0.000000,0.000000,0.000000,0.329891,-0.327803,-0.245378,0.126556,-0.323438,-0.245621,0.228223,-0.325620,-0.245499,0.188433,-0.337469,-0.214851,0.243032,-0.347694,-0.168953,0.260963,-0.347805,-0.210728
2026-06-05 12:00:36.039,6.599994,0.000000,0.000000,0.000000,0.329194,-0.327680,-0.245361,0.126556,-0.323438,-0.245621,0.227875,-0.325559,-0.245491,0.188433,-0.337469,-0.214851,0.242551,-0.348585,-0.169157,0.261473,-0.346913,-0.210590
2026-06-05 12:00:36.139,6.699994,0.000000,0.000000,0.000000,0.329891,-0.327803,-0.245378,0.126556,-0.323438,-0.245621,0.228223,-0.325620,-0.245499,0.187770,-0.337352,-0.214836,0.242551,-0.348585,-0.169157,0.260297,-0.347688,-0.210713
2026-06-05 12:00:36.239,6.799994,0.000000,0.000000,0.000000,0.329194,-0.327680,-0.245361,0.126853,-0.322502,-0.245538,0.228024,-0.325091,-0.245450,0.188433,-0.337469,-0.214851,0.243032,-0.347694,-0.168953,0.260963,-0.347805,-0.210728
2026-06-05 12:00:36.339,6.899993,0.000000,0.000000,0.000000,0.328603,-0.328563,-0.245441,0.126556,-0.323438,-0.245621,0.227579,-0.326001,-0.245531,0.188433,-0.337469,-0.214851,0.243032,-0.347694,-0.168953,0.260297,-0.347688,-0.210713
2026-06-05 12:00:36.439,6.999993,0.000000,0.000000,0.000000,0.329299,-0.328686,-0.245457,0.126556,-0.323438,-0.245621,0.227927,-0.326062,-0.245539,0.187770,-0.337352,-0.214836,0.242551,-0.348585,-0.169157,0.260805,-0.346795,-0.210574
2026-06-05 12:00:36.539,7.099993,0.000000,0.000000,0.000000,0.328899,-0.328122,-0.245401,0.126853,-0.322502,-0.245538,0.227876,-0.325312,-0.245470,0.188433,-0.337469,-0.214851,0.243032,-0.347694,-0.168953,0.260805,-0.346795,-0.210574
2026-06-05 12:00:36.639,7.199993,0.000000,0.000000,0.000000,0.329194,-0.327680,-0.245361,0.125892,-0.323321,-0.245606,0.227543,-0.325501,-0.245484,0.188433,-0.337469,-0.214851,0.243032,-0.347694,-0.168953,0.260297,-0.347688,-0.210713
2026-06-05 12:00:36.739,7.299993,0.000000,0.000000,0.000000,0.329194,-0.327680,-0.245361,0.126556,-0.323438,-0.245621,0.227875,-0.325559,-0.245491,0.188433,-0.337469,-0.214851,0.243032,-0.347694,-0.168953,0.260963,-0.347805,-0.210728
2026-06-05 12:00:36.839,7.399993,0.000000,0.000000,0.000000,0.329194,-0.327680,-0.245361,0.126556,-0.323438,-0.245621,0.227875,-0.325559,-0.245491,0.188037,-0.338382,-0.214983,0.243032,-0.347694,-0.168953,0.260297,-0.347688,-0.210713
2026-06-05 12:00:36.939,7.499993,0.000000,0.000000,0.000000,0.329194,-0.327680,-0.245361,0.126853,-0.322502,-0.245538,0.228024,-0.325091,-0.245450,0.188433,-0.337469,-0.214851,0.243032,-0.347694,-0.168953,0.260963,-0.347805,-0.210728
2026-06-05 12:00:37.039,7.599993,0.000000,0.000000,0.000000,0.329194,-0.327680,-0.245361,0.126556,-0.323438,-0.245621,0.227875,-0.325559,-0.245491,0.188433,-0.337469,-0.214851,0.243032,-0.347694,-0.168953,0.260963,-0.347805,-0.210728
2026-06-05 12:00:37.139,7.699993,0.000000,0.000000,0.000000,0.328603,-0.328563,-0.245441,0.126556,-0.323438,-0.245621,0.227579,-0.326001,-0.245531,0.188433,-0.337469,-0.214851,0.243032,-0.347694,-0.168953,0.261473,-0.346913,-0.210590
2026-06-05 12:00:37.239,7.799993,0.000000,0.000000,0.000000,0.329194,-0.327680,-0.245361,0.126853,-0.322502,-0.245538,0.228024,-0.325091,-0.245450,0.188433,-0.337469,-0.214851,0.243032,-0.347694,-0.168953,0.261473,-0.346913,-0.210590
2026-06-05 12:00:37.339,7.899992,0.000000,0.000000,0.000000,0.329194,-0.327680,-0.245361,0.126556,-0.323438,-0.245621,0.227875,-0.325559,-0.245491,0.188830,-0.336556,-0.214719,0.243032,-0.347694,-0.168953,0.260297,-0.347688,-0.210713
2026-06-05 12:00:37.439,7.999992,0.000000,0.000000,0.000000,0.329785,-0.326796,-0.245282,0.126556,-0.323438,-0.245621,0.228170,-0.325117,-0.245451,0.188433,-0.337469,-0.214851,0.242551,-0.348585,-0.169157,0.260297,-0.347688,-0.210713
2026-06-05 12:00:37.539,8.099992,0.000000,0.000000,0.000000,0.329194,-0.327680,-0.245361,0.126556,-0.323438,-0.245621,0.227875,-0.325559,-0.245491,0.188433,-0.337469,-0.214851,0.243032,-0.347694,-0.168953,0.260297,-0.347688,-0.210713
2026-06-05 12:00:37.639,8.199992,0.000000,0.000000,0.000000,0.329194,-0.327680,-0.245361,0.126556,-0.323438,-0.245621,0.227875,-0.325559,-0.245491,0.188433,-0.337469,-0.214851,0.243032,-0.347694,-0.168953,0.260805,-0.346795,-0.210574
2026-06-05 12:00:37.739,8.299992,0.000000,0.000000,0.000000,0.329891,-0.327803,-0.245378,0.126556,-0.323438,-0.245621,0.228223,-0.325620,-0.245499,0.188433,-0.337469,-0.214851,0.243032,-0.347694,-0.168953,0.260963,-0.347805,-0.210728
2026-06-05 12:00:37.839,8.399992,0.000000,0.000000,0.000000,0.329891,-0.327803,-0.245378,0.126556,-0.323438,-0.245621,0.228223,-0.325620,-0.245499,0.187770,-0.337352,-0.214836,0.243032,-0.347694,-0.168953,0.260963,-0.347805,-0.210728
2026-06-05 12:00:37.939,8.499992,0.000000,0.000000,0.000000,0.329194,-0.327680,-0.245361,0.126556,-0.323438,-0.245621,0.227875,-0.325559,-0.245491,0.188433,-0.337469,-0.214851,0.243032,-0.347694,-0.168953,0.260297,-0.347688,-0.210713
2026-06-05 12:00:38.039,8.599992,0.000000,0.000000,0.000000,0.329194,-0.327680,-0.245361,0.126853,-0.322502,-0.245538,0.228024,-0.325091,-0.245450,0.187770,-0.337352,-0.214836,0.242551,-0.348585,-0.169157,0.260297,-0.347688,-0.210713
2026-06-05 12:00:38.139,8.699992,0.000000,0.000000,0.000000,0.329299,-0.328686,-0.245457,0.126556,-0.323438,-0.245621,0.227927,-0.326062,-0.245539,0.187770,-0.337352,-0.214836,0.243032,-0.347694,-0.168953,0.260297,-0.347688,-0.210713
2026-06-05 12:00:38.239,8.799992,0.000000,0.000000,0.000000,0.328603,-0.328563,-0.245441,0.126556,-0.323438,-0.245621,0.227579,-0.326001,-0.245531,0.188830,-0.336556,-0.214719,0.243032,-0.347694,-0.168953,0.260963,-0.347805,-0.210728
2026-06-05 12:00:38.339,8.899992,0.000000,0.000000,0.000000,0.329194,-0.327680,-0.245361,0.126853,-0.322502,-0.245538,0.228024,-0.325091,-0.245450,0.188433,-0.337469,-0.214851,0.243032,-0.347694,-0.168953,0.260297,-0.347688,-0.210713
2026-06-05 12:00:38.439,8.999991,0.000000,0.000000,0.000000,0.329194,-0.327680,-0.245361,0.126556,-0.323438,-0.245621,0.227875,-0.325559,-0.245491,0.188433,-0.337469,-0.214851,0.243032,-0.347694,-0.168953,0.260297,-0.347688,-0.210713
2026-06-05 12:00:38.539,9.099991,0.000000,0.000000,0.000000,0.329194,-0.327680,-0.245361,0.126853,-0.322502,-0.245538,0.228024,-0.325091,-0.245450,0.187770,-0.337352,-0.214836,0.243032,-0.347694,-0.168953,0.260805,-0.346795,-0.210574
2026-06-05 12:00:38.639,9.199991,0.000000,0.000000,0.000000,0.329194,-0.327680,-0.245361,0.126556,-0.323438,-0.245621,0.227875,-0.325559,-0.245491,0.188433,-0.337469,-0.214851,0.243032,-0.347694,-0.168953,0.260297,-0.347688,-0.210713
2026-06-05 12:00:38.739,9.299991,0.000000,0.000000,0.000000,0.329194,-0.327680,-0.245361,0.126556,-0.323438,-0.245621,0.227875,-0.325559,-0.245491,0.188433,-0.337469,-0.214851,0.243032,-0.347694,-0.168953,0.260805,-0.346795,-0.210574
2026-06-05 12:00:38.839,9.399991,0.000000,0.000000,0.000000,0.329194,-0.327680,-0.245361,0.126556,-0.323438,-0.245621,0.227875,-0.325559,-0.245491,0.188433,-0.337469,-0.214851,0.243032,-0.347694,-0.168953,0.260805,-0.346795,-0.210574
2026-06-05 12:00:38.939,9.499991,0.000000,0.000000,0.000000,0.329194,-0.327680,-0.245361,0.126556,-0.323438,-0.245621,0.227875,-0.325559,-0.245491,0.188433,-0.337469,-0.214851,0.243032,-0.347694,-0.168953,0.441328,-0.029981,-0.161490
2026-06-05 12:00:39.039,9.599991,0.000000,0.000000,0.000000,0.329194,-0.327680,-0.245361,0.126556,-0.323438,-0.245621,0.227875,-0.325559,-0.245491,0.188433,-0.337469,-0.214851,0.242551,-0.348585,-0.169157,0.261473,-0.346913,-0.210590
2026-06-05 12:00:39.139,9.699991,0.000000,0.000000,0.000000,0.329891,-0.327803,-0.245378,0.126556,-0.323438,-0.245621,0.228223,-0.325620,-0.245499,0.187770,-0.337352,-0.214836,0.242551,-0.348585,-0.169157,0.260963,-0.347805,-0.210728
2026-06-05 12:00:39.239,9.799991,0.000000,0.000000,0.000000,0.329194,-0.327680,-0.245361,0.126560,-0.323504,-0.244950,0.227877,-0.325592,-0.245156,0.188433,-0.337469,-0.214851,0.243032,-0.347694,-0.168953,0.260963,-0.347805,-0.210728
2026-06-05 12:00:39.339,9.899991,0.000000,0.000000,0.000000,0.329194,-0.327680,-0.245361,0.126853,-0.322502,-0.245538,0.228024,-0.325091,-0.245450,0.188433,-0.337469,-0.214851,0.242551,-0.348585,-0.169157,0.260963,-0.347805,-0.210728
2026-06-05 12:00:39.439,9.999990,0.000000,0.000000,0.000000,0.329194,-0.327680,-0.245361,0.126556,-0.323438,-0.245621,0.227875,-0.325559,-0.245491,0.188433,-0.337469,-0.214851,0.243032,-0.347694,-0.168953,0.260297,-0.347688,-0.210713
2026-06-05 12:00:39.539,10.099990,0.000000,0.000000,0.000000,0.329194,-0.327680,-0.245361,0.126853,-0.322502,-0.245538,0.228024,-0.325091,-0.245450,0.188433,-0.337469,-0.214851,0.243032,-0.347694,-0.168953,0.260297,-0.347688,-0.210713
2026-06-05 12:00:39.639,10.199990,0.000000,0.000000,0.000000,0.329194,-0.327680,-0.245361,0.126556,-0.323438,-0.245621,0.227875,-0.325559,-0.245491,0.188433,-0.337469,-0.214851,0.242551,-0.348585,-0.169157,0.260805,-0.346795,-0.210574
2026-06-05 12:00:39.739,10.299990,0.000000,0.000000,0.000000,0.329194,-0.327680,-0.245361,0.126853,-0.322502,-0.245538,0.228024,-0.325091,-0.245450,0.188433,-0.337469,-0.214851,0.243032,-0.347694,-0.168953,0.261473,-0.346913,-0.210590
2026-06-05 12:00:39.839,10.399990,0.000000,0.000000,0.000000,0.329194,-0.327680,-0.245361,0.126556,-0.323438,-0.245621,0.227875,-0.325559,-0.245491,0.188433,-0.337469,-0.214851,0.243032,-0.347694,-0.168953,0.260297,-0.347688,-0.210713
2026-06-05 12:00:39.939,10.499990,0.000000,0.000000,0.000000,0.329194,-0.327680,-0.245361,0.126556,-0.323438,-0.245621,0.227875,-0.325559,-0.245491,0.188433,-0.337469,-0.214851,0.242551,-0.348585,-0.169157,0.260805,-0.346795,-0.210574
2026-06-05 12:00:40.039,10.599990,0.000000,0.000000,0.000000,0.328012,-0.329447,-0.245520,0.126556,-0.323438,-0.245621,0.227284,-0.326442,-0.245571,0.188433,-0.337469,-0.214851,0.242551,-0.348585,-0.169157,0.261473,-0.346913,-0.210590
2026-06-05 12:00:40.139,10.699990,0.000000,0.000000,0.000000,0.329785,-0.326796,-0.245282,0.126853,-0.322502,-0.245538,0.228319,-0.324649,-0.245410,0.187770,-0.337352,-0.214836,0.243032,-0.347694,-0.168953,0.261473,-0.346913,-0.210590
2026-06-05 12:00:40.239,10.799990,0.000000,0.000000,0.000000,0.328603,-0.328563,-0.245441,0.125892,-0.323321,-0.245606,0.227248,-0.325942,-0.245523,0.188433,-0.337469,-0.214851,0.243032,-0.347694,-0.168953,0.260297,-0.347688,-0.210713
2026-06-05 12:00:40.339,10.899990,0.000000,0.000000,0.000000,0.329194,-0.327680,-0.245361,0.126853,-0.322502,-0.245538,0.228024,-0.325091,-0.245450,0.188433,-0.337469,-0.214851,0.242551,-0.348585,-0.169157,0.260963,-0.347805,-0.210728
2026-06-05 12:00:40.439,10.999990,0.000000,0.000000,0.000000,0.329194,-0.327680,-0.245361,0.126556,-0.323438,-0.245621,0.227875,-0.325559,-0.245491,0.188037,-0.338382,-0.214983,0.243032,-0.347694,-0.168953,0.260805,-0.346795,-0.210574
2026-06-05 12:00:40.539,11.099989,0.000000,0.000000,0.000000,0.329194,-0.327680,-0.245361,0.126556,-0.323438,-0.245621,0.227875,-0.325559,-0.245491,0.188433,-0.337469,-0.214851,0.243032,-0.347694,-0.168953,0.260963,-0.347805,-0.210728
2026-06-05 12:00:40.639,11.199989,0.000000,0.000000,0.000000,0.328603,-0.328563,-0.245441,0.126556,-0.323438,-0.245621,0.227579,-0.326001,-0.245531,0.187770,-0.337352,-0.214836,0.243032,-0.347694,-0.168953,0.261473,-0.346913,-0.210590
2026-06-05 12:00:40.739,11.299989,0.000000,0.000000,0.000000,0.329194,-0.327680,-0.245361,0.126556,-0.323438,-0.245621,0.227875,-0.325559,-0.245491,0.187770,-0.337352,-0.214836,0.242551,-0.348585,-0.169157,0.260805,-0.346795,-0.210574
2026-06-05 12:00:40.839,11.399989,0.000000,0.000000,0.000000,0.329194,-0.327680,-0.245361,0.126556,-0.323438,-0.245621,0.227875,-0.325559,-0.245491,0.188433,-0.337469,-0.214851,0.242551,-0.348585,-0.169157,0.260551,-0.347242,-0.210644
2026-06-05 12:00:40.939,11.499989,0.000000,0.000000,0.000000,0.329194,-0.327680,-0.245361,0.126853,-0.322502,-0.245538,0.228024,-0.325091,-0.245450,0.187770,-0.337352,-0.214836,0.243032,-0.347694,-0.168953,0.260297,-0.347688,-0.210713
2026-06-05 12:00:41.039,11.599989,0.000000,0.000000,0.000000,0.329194,-0.327680,-0.245361,0.126556,-0.323438,-0.245621,0.227875,-0.325559,-0.245491,0.188433,-0.337469,-0.214851,0.243032,-0.347694,-0.168953,0.261473,-0.346913,-0.210590
2026-06-05 12:00:41.139,11.699989,0.000000,0.000000,0.000000,0.329194,-0.327680,-0.245361,0.126556,-0.323438,-0.245621,0.227875,-0.325559,-0.245491,0.188433,-0.337469,-0.214851,0.242551,-0.348585,-0.169157,0.260963,-0.347805,-0.210728
2026-06-05 12:00:41.239,11.799989,0.000000,0.000000,0.000000,0.329194,-0.327680,-0.245361,0.126853,-0.322502,-0.245538,0.228024,-0.325091,-0.245450,0.188433,-0.337469,-0.214851,0.243032,-0.347694,-0.168953,0.261473,-0.346913,-0.210590
2026-06-05 12:00:41.339,11.899989,0.000000,0.000000,0.000000,0.329891,-0.327803,-0.245378,0.126556,-0.323438,-0.245621,0.228223,-0.325620,-0.245499,0.188433,-0.337469,-0.214851,0.243032,-0.347694,-0.168953,0.260297,-0.347688,-0.210713
2026-06-05 12:00:41.439,11.999989,0.000000,0.000000,0.000000,0.329194,-0.327680,-0.245361,0.126853,-0.322502,-0.245538,0.228024,-0.325091,-0.245450,0.188433,-0.337469,-0.214851,0.242551,-0.348585,-0.169157,0.260297,-0.347688,-0.210713
2026-06-05 12:00:41.539,12.099988,0.000000,0.000000,0.000000,0.328603,-0.328563,-0.245441,0.126556,-0.323438,-0.245621,0.227579,-0.326001,-0.245531,0.188433,-0.337469,-0.214851,0.243032,-0.347694,-0.168953,0.260805,-0.346795,-0.210574
2026-06-05 12:00:41.639,12.199988,0.000000,0.000000,0.000000,0.329891,-0.327803,-0.245378,0.126189,-0.322386,-0.245523,0.228040,-0.325094,-0.245450,0.188433,-0.337469,-0.214851,0.243032,-0.347694,-0.168953,0.260297,-0.347688,-0.210713
2026-06-05 12:00:41.739,12.299988,0.000000,0.000000,0.000000,0.328603,-0.328563,-0.245441,0.126556,-0.323438,-0.245621,0.227579,-0.326001,-0.245531,0.188433,-0.337469,-0.214851,0.243032,-0.347694,-0.168953,0.260297,-0.347688,-0.210713
2026-06-05 12:00:41.839,12.399988,0.000000,0.000000,0.000000,0.328603,-0.328563,-0.245441,0.126556,-0.323438,-0.245621,0.227579,-0.326001,-0.245531,0.188433,-0.337469,-0.214851,0.243032,-0.347694,-0.168953,0.261473,-0.346913,-0.210590
2026-06-05 12:00:41.939,12.499988,0.000000,0.000000,0.000000,0.329194,-0.327680,-0.245361,0.126556,-0.323438,-0.245621,0.227875,-0.325559,-0.245491,0.188433,-0.337469,-0.214851,0.242551,-0.348585,-0.169157,0.261473,-0.346913,-0.210590
2026-06-05 12:00:42.039,12.599988,0.000000,0.000000,0.000000,0.329194,-0.327680,-0.245361,0.126556,-0.323438,-0.245621,0.227875,-0.325559,-0.245491,0.188433,-0.337469,-0.214851,0.242551,-0.348585,-0.169157,0.261473,-0.346913,-0.210590
2026-06-05 12:00:42.139,12.699988,0.000000,0.000000,0.000000,0.328603,-0.328563,-0.245441,0.126556,-0.323438,-0.245621,0.227579,-0.326001,-0.245531,0.188433,-0.337469,-0.214851,0.242551,-0.348585,-0.169157,0.261473,-0.346913,-0.210590
2026-06-05 12:00:42.239,12.799988,0.000000,0.000000,0.000000,0.329194,-0.327680,-0.245361,0.126853,-0.322502,-0.245538,0.228024,-0.325091,-0.245450,0.188433,-0.337469,-0.214851,0.242551,-0.348585,-0.169157,0.260805,-0.346795,-0.210574
2026-06-05 12:00:42.339,12.899988,0.000000,0.000000,0.000000,0.329194,-0.327680,-0.245361,0.126556,-0.323438,-0.245621,0.227875,-0.325559,-0.245491,0.188433,-0.337469,-0.214851,0.243032,-0.347694,-0.168953,0.261473,-0.346913,-0.210590
2026-06-05 12:00:42.439,12.999988,0.000000,0.000000,0.000000,0.329194,-0.327680,-0.245361,0.126556,-0.323438,-0.245621,0.227875,-0.325559,-0.245491,0.188433,-0.337469,-0.214851,0.243032,-0.347694,-0.168953,0.260963,-0.347805,-0.210728
2026-06-05 12:00:42.539,13.099988,0.000000,0.000000,0.000000,0.328603,-0.328563,-0.245441,0.126853,-0.322502,-0.245538,0.227728,-0.325533,-0.245489,0.188433,-0.337469,-0.214851,0.243032,-0.347694,-0.168953,0.260297,-0.347688,-0.210713
2026-06-05 12:00:42.639,13.199987,0.000000,0.000000,0.000000,0.329194,-0.327680,-0.245361,0.126556,-0.323438,-0.245621,0.227875,-0.325559,-0.245491,0.188433,-0.337469,-0.214851,0.242551,-0.348585,-0.169157,0.260805,-0.346795,-0.210574
2026-06-05 12:00:42.739,13.299987,0.000000,0.000000,0.000000,0.329194,-0.327680,-0.245361,0.126857,-0.322569,-0.244866,0.228026,-0.325124,-0.245114,0.188433,-0.337469,-0.214851,0.242551,-0.348585,-0.169157,0.260805,-0.346795,-0.210574
2026-06-05 12:00:42.839,13.399987,0.000000,0.000000,0.000000,0.329194,-0.327680,-0.245361,0.126556,-0.323438,-0.245621,0.227875,-0.325559,-0.245491,0.188433,-0.337469,-0.214851,0.243032,-0.347694,-0.168953,0.260963,-0.347805,-0.210728
2026-06-05 12:00:42.939,13.499987,0.000000,0.000000,0.000000,0.329194,-0.327680,-0.245361,0.126853,-0.322502,-0.245538,0.228024,-0.325091,-0.245450,0.188433,-0.337469,-0.214851,0.242551,-0.348585,-0.169157,0.260297,-0.347688,-0.210713
2026-06-05 12:00:43.039,13.599987,0.000000,0.000000,0.000000,0.329194,-0.327680,-0.245361,0.126556,-0.323438,-0.245621,0.227875,-0.325559,-0.245491,0.188433,-0.337469,-0.214851,0.243032,-0.347694,-0.168953,0.260963,-0.347805,-0.210728
2026-06-05 12:00:43.139,13.699987,0.000000,0.000000,0.000000,0.329194,-0.327680,-0.245361,0.126853,-0.322502,-0.245538,0.228024,-0.325091,-0.245450,0.187770,-0.337352,-0.214836,0.243032,-0.347694,-0.168953,0.260963,-0.347805,-0.210728
2026-06-05 12:00:43.239,13.799987,0.000000,0.000000,0.000000,0.329891,-0.327803,-0.245378,0.126853,-0.322502,-0.245538,0.228372,-0.325152,-0.245458,0.188433,-0.337469,-0.214851,0.243032,-0.347694,-0.168953,0.260297,-0.347688,-0.210713
2026-06-05 12:00:43.339,13.899987,0.000000,0.000000,0.000000,0.328603,-0.328563,-0.245441,0.126556,-0.323438,-0.245621,0.227579,-0.326001,-0.245531,0.187770,-0.337352,-0.214836,0.242551,-0.348585,-0.169157,0.261473,-0.346913,-0.210590
2026-06-05 12:00:43.439,13.999987,0.000000,0.000000,0.000000,0.329194,-0.327680,-0.245361,0.126853,-0.322502,-0.245538,0.228024,-0.325091,-0.245450,0.188433,-0.337469,-0.214851,0.242551,-0.348585,-0.169157,0.260963,-0.347805,-0.210728
2026-06-05 12:00:43.539,14.099987,0.000000,0.000000,0.000000,0.329891,-0.327803,-0.245378,0.126556,-0.323438,-0.245621,0.228223,-0.325620,-0.245499,0.188433,-0.337469,-0.214851,0.243032,-0.347694,-0.168953,0.260297,-0.347688,-0.210713
2026-06-05 12:00:43.639,14.199986,0.000000,0.000000,0.000000,0.328603,-0.328563,-0.245441,0.126556,-0.323438,-0.245621,0.227579,-0.326001,-0.245531,0.188433,-0.337469,-0.214851,0.243032,-0.347694,-0.168953,0.261473,-0.346913,-0.210590
2026-06-05 12:00:43.739,14.299986,0.000000,0.000000,0.000000,0.328603,-0.328563,-0.245441,0.126556,-0.323438,-0.245621,0.227579,-0.326001,-0.245531,0.188433,-0.337469,-0.214851,0.243032,-0.347694,-0.168953,0.260297,-0.347688,-0.210713
2026-06-05 12:00:43.839,14.399986,0.000000,0.000000,0.000000,0.329194,-0.327680,-0.245361,0.126556,-0.323438,-0.245621,0.227875,-0.325559,-0.245491,0.188433,-0.337469,-0.214851,0.243032,-0.347694,-0.168953,0.261473,-0.346913,-0.210590
2026-06-05 12:00:43.939,14.499986,0.000000,0.000000,0.000000,0.329194,-0.327680,-0.245361,0.126853,-0.322502,-0.245538,0.228024,-0.325091,-0.245450,0.188433,-0.337469,-0.214851,0.243032,-0.347694,-0.168953,0.261473,-0.346913,-0.210590
2026-06-05 12:00:44.039,14.599986,0.000000,0.000000,0.000000,0.328603,-0.328563,-0.245441,0.126556,-0.323438,-0.245621,0.227579,-0.326001,-0.245531,0.188433,-0.337469,-0.214851,0.243032,-0.347694,-0.168953,0.260805,-0.346795,-0.210574
2026-06-05 12:00:44.139,14.699986,0.000000,0.000000,0.000000,0.329194,-0.327680,-0.245361,0.126853,-0.322502,-0.245538,0.228024,-0.325091,-0.245450,0.188433,-0.337469,-0.214851,0.243032,-0.347694,-0.168953,0.260963,-0.347805,-0.210728
2026-06-05 12:00:44.239,14.799986,0.000000,0.000000,0.000000,0.328012,-0.329447,-0.245520,0.126853,-0.322502,-0.245538,0.227433,-0.325975,-0.245529,0.188433,-0.337469,-0.214851,0.242551,-0.348585,-0.169157,0.260805,-0.346795,-0.210574
2026-06-05 12:00:44.339,14.899986,0.000000,0.000000,0.000000,0.328603,-0.328563,-0.245441,0.126556,-0.323438,-0.245621,0.227579,-0.326001,-0.245531,0.188433,-0.337469,-0.214851,0.243032,-0.347694,-0.168953,0.260963,-0.347805,-0.210728
2026-06-05 12:00:44.439,14.999986,0.000000,0.000000,0.000000,0.329891,-0.327803,-0.245378,0.126189,-0.322386,-0.245523,0.228040,-0.325094,-0.245450,0.187770,-0.337352,-0.214836,0.242551,-0.348585,-0.169157,0.260297,-0.347688,-0.210713
2026-06-05 12:00:44.539,15.099986,0.000000,0.000000,0.000000,0.329194,-0.327680,-0.245361,0.126853,-0.322502,-0.245538,0.228024,-0.325091,-0.245450,0.188433,-0.337469,-0.214851,0.243032,-0.347694,-0.168953,0.260297,-0.347688,-0.210713
2026-06-05 12:00:44.639,15.199986,0.000000,0.000000,0.000000,0.329194,-0.327680,-0.245361,0.126556,-0.323438,-0.245621,0.227875,-0.325559,-0.245491,0.188433,-0.337469,-0.214851,0.242551,-0.348585,-0.169157,0.260963,-0.347805,-0.210728
2026-06-05 12:00:44.739,15.299985,0.000000,0.000000,0.000000,0.329194,-0.327680,-0.245361,0.126853,-0.322502,-0.245538,0.228024,-0.325091,-0.245450,0.188433,-0.337469,-0.214851,0.242551,-0.348585,-0.169157,0.260963,-0.347805,-0.210728
2026-06-05 12:00:44.839,15.399985,0.000000,0.000000,0.000000,0.329194,-0.327680,-0.245361,0.126556,-0.323438,-0.245621,0.227875,-0.325559,-0.245491,0.188433,-0.337469,-0.214851,0.242551,-0.348585,-0.169157,0.261473,-0.346913,-0.210590
2026-06-05 12:00:44.939,15.499985,0.000000,0.000000,0.000000,0.329194,-0.327680,-0.245361,0.126556,-0.323438,-0.245621,0.227875,-0.325559,-0.245491,0.188433,-0.337469,-0.214851,0.242551,-0.348585,-0.169157,0.260805,-0.346795,-0.210574
2026-06-05 12:00:45.039,15.599985,0.000000,0.000000,0.000000,0.328603,-0.328563,-0.245441,0.126853,-0.322502,-0.245538,0.227728,-0.325533,-0.245489,0.188037,-0.338382,-0.214983,0.242551,-0.348585,-0.169157,0.260963,-0.347805,-0.210728
2026-06-05 12:00:45.139,15.699985,0.000000,0.000000,0.000000,0.329194,-0.327680,-0.245361,0.126853,-0.322502,-0.245538,0.228024,-0.325091,-0.245450,0.188433,-0.337469,-0.214851,0.242551,-0.348585,-0.169157,0.260297,-0.347688,-0.210713
2026-06-05 12:00:45.239,15.799985,0.000000,0.000000,0.000000,0.329194,-0.327680,-0.245361,0.126556,-0.323438,-0.245621,0.227875,-0.325559,-0.245491,0.187770,-0.337352,-0.214836,0.243032,-0.347694,-0.168953,0.260963,-0.347805,-0.210728
2026-06-05 12:00:45.339,15.899985,0.000000,0.000000,0.000000,0.329891,-0.327803,-0.245378,0.126853,-0.322502,-0.245538,0.228372,-0.325152,-0.245458,0.188433,-0.337469,-0.214851,0.243032,-0.347694,-0.168953,0.261473,-0.346913,-0.210590
2026-06-05 12:00:45.439,15.999985,0.000000,0.000000,0.000000,0.329194,-0.327680,-0.245361,0.126556,-0.323438,-0.245621,0.227875,-0.325559,-0.245491,0.188037,-0.338382,-0.214983,0.242551,-0.348585,-0.169157,0.260963,-0.347805,-0.210728
2026-06-05 12:00:45.539,16.099985,0.000000,0.000000,0.000000,0.329785,-0.326796,-0.245282,0.126853,-0.322502,-0.245538,0.228319,-0.324649,-0.245410,0.188433,-0.337469,-0.214851,0.243032,-0.347694,-0.168953,0.261473,-0.346913,-0.210590
2026-06-05 12:00:45.639,16.199985,0.000000,0.000000,0.000000,0.329194,-0.327680,-0.245361,0.126556,-0.323438,-0.245621,0.227875,-0.325559,-0.245491,0.188433,-0.337469,-0.214851,0.243032,-0.347694,-0.168953,0.260297,-0.347688,-0.210713
2026-06-05 12:00:45.739,16.299984,0.000000,0.000000,0.000000,0.329194,-0.327680,-0.245361,0.126853,-0.322502,-0.245538,0.228024,-0.325091,-0.245450,0.188433,-0.337469,-0.214851,0.243032,-0.347694,-0.168953,0.260297,-0.347688,-0.210713
2026-06-05 12:00:45.839,16.399984,0.000000,0.000000,0.000000,0.328603,-0.328563,-0.245441,0.126560,-0.323504,-0.244950,0.227581,-0.326034,-0.245195,0.188433,-0.337469,-0.214851,0.242551,-0.348585,-0.169157,0.260805,-0.346795,-0.210574
2026-06-05 12:00:45.939,16.499984,0.000000,0.000000,0.000000,0.329891,-0.327803,-0.245378,0.126853,-0.322502,-0.245538,0.228372,-0.325152,-0.245458,0.188037,-0.338382,-0.214983,0.242551,-0.348585,-0.169157,0.260963,-0.347805,-0.210728
2026-06-05 12:00:46.039,16.599984,0.000000,0.000000,0.000000,0.328603,-0.328563,-0.245441,0.126556,-0.323438,-0.245621,0.227579,-0.326001,-0.245531,0.188433,-0.337469,-0.214851,0.242551,-0.348585,-0.169157,0.260963,-0.347805,-0.210728
2026-06-05 12:00:46.139,16.699984,0.000000,0.000000,0.000000,0.329891,-0.327803,-0.245378,0.126853,-0.322502,-0.245538,0.228372,-0.325152,-0.245458,0.188433,-0.337469,-0.214851,0.243032,-0.347694,-0.168953,0.259788,-0.348580,-0.210851
2026-06-05 12:00:46.239,16.799984,0.000000,0.000000,0.000000,0.329194,-0.327680,-0.245361,0.126556,-0.323438,-0.245621,0.227875,-0.325559,-0.245491,0.188037,-0.338382,-0.214983,0.242551,-0.348585,-0.169157,0.260297,-0.347688,-0.210713
2026-06-05 12:00:46.339,16.899984,0.000000,0.000000,0.000000,0.328603,-0.328563,-0.245441,0.126556,-0.323438,-0.245621,0.227579,-0.326001,-0.245531,0.187375,-0.338265,-0.214968,0.243032,-0.347694,-0.168953,0.260963,-0.347805,-0.210728
2026-06-05 12:00:46.439,16.999984,0.000000,0.000000,0.000000,0.329785,-0.326796,-0.245282,0.125892,-0.323321,-0.245606,0.227839,-0.325059,-0.245444,0.188830,-0.336556,-0.214719,0.242551,-0.348585,-0.169157,0.260963,-0.347805,-0.210728
2026-06-05 12:00:46.539,17.099984,0.000000,0.000000,0.000000,0.328603,-0.328563,-0.245441,0.126556,-0.323438,-0.245621,0.227579,-0.326001,-0.245531,0.188433,-0.337469,-0.214851,0.243032,-0.347694,-0.168953,0.260963,-0.347805,-0.210728
2026-06-05 12:00:46.639,17.199984,0.000000,0.000000,0.000000,0.328603,-0.328563,-0.245441,0.126560,-0.323504,-0.244950,0.227581,-0.326034,-0.245195,0.188433,-0.337469,-0.214851,0.243032,-0.347694,-0.168953,0.261473,-0.346913,-0.210590
2026-06-05 12:00:46.739,17.299984,0.000000,0.000000,0.000000,0.329194,-0.327680,-0.245361,0.126556,-0.323438,-0.245621,0.227875,-0.325559,-0.245491,0.188433,-0.337469,-0.214851,0.242551,-0.348585,-0.169157,0.260963,-0.347805,-0.210728
2026-06-05 12:00:46.839,17.399983,0.000000,0.000000,0.000000,0.329194,-0.327680,-0.245361,0.126556,-0.323438,-0.245621,0.227875,-0.325559,-0.245491,0.188433,-0.337469,-0.214851,0.243032,-0.347694,-0.168953,0.260297,-0.347688,-0.210713
2026-06-05 12:00:46.939,17.499983,0.000000,0.000000,0.000000,0.329891,-0.327803,-0.245378,0.126556,-0.323438,-0.245621,0.228223,-0.325620,-0.245499,0.188433,-0.337469,-0.214851,0.243032,-0.347694,-0.168953,0.261473,-0.346913,-0.210590
2026-06-05 12:00:47.039,17.599983,0.000000,0.000000,0.000000,0.329194,-0.327680,-0.245361,0.126556,-0.323438,-0.245621,0.227875,-0.325559,-0.245491,0.188433,-0.337469,-0.214851,0.242551,-0.348585,-0.169157,0.260297,-0.347688,-0.210713
2026-06-05 12:00:47.139,17.699983,0.000000,0.000000,0.000000,0.329194,-0.327680,-0.245361,0.126556,-0.323438,-0.245621,0.227875,-0.325559,-0.245491,0.188433,-0.337469,-0.214851,0.242551,-0.348585,-0.169157,0.260963,-0.347805,-0.210728
2026-06-05 12:00:47.239,17.799983,0.000000,0.000000,0.000000,0.329194,-0.327680,-0.245361,0.126556,-0.323438,-0.245621,0.227875,-0.325559,-0.245491,0.188433,-0.337469,-0.214851,0.243032,-0.347694,-0.168953,0.260963,-0.347805,-0.210728
2026-06-05 12:00:47.339,17.899983,0.000000,0.000000,0.000000,0.329891,-0.327803,-0.245378,0.126556,-0.323438,-0.245621,0.228223,-0.325620,-0.245499,0.188433,-0.337469,-0.214851,0.243032,-0.347694,-0.168953,0.260297,-0.347688,-0.210713
2026-06-05 12:00:47.439,17.999983,0.000000,0.000000,0.000000,0.330483,-0.326919,-0.245298,0.126853,-0.322502,-0.245538,0.228668,-0.324711,-0.245418,0.188433,-0.337469,-0.214851,0.243032,-0.347694,-0.168953,0.261473,-0.346913,-0.210590
2026-06-05 12:00:47.539,18.099983,0.000000,0.000000,0.000000,0.329785,-0.326796,-0.245282,0.126853,-0.322502,-0.245538,0.228319,-0.324649,-0.245410,0.188433,-0.337469,-0.214851,0.243032,-0.347694,-0.168953,0.260297,-0.347688,-0.210713
2026-06-05 12:00:47.639,18.199983,0.000000,0.000000,0.000000,0.328603,-0.328563,-0.245441,0.126556,-0.323438,-0.245621,0.227579,-0.326001,-0.245531,0.188433,-0.337469,-0.214851,0.243032,-0.347694,-0.168953,0.260963,-0.347805,-0.210728
2026-06-05 12:00:47.739,18.299983,0.000000,0.000000,0.000000,0.329891,-0.327803,-0.245378,0.126556,-0.323438,-0.245621,0.228223,-0.325620,-0.245499,0.187770,-0.337352,-0.214836,0.243032,-0.347694,-0.168953,0.260963,-0.347805,-0.210728
2026-06-05 12:00:47.839,18.399982,0.000000,0.000000,0.000000,0.329891,-0.327803,-0.245378,0.126853,-0.322502,-0.245538,0.228372,-0.325152,-0.245458,0.188433,-0.337469,-0.214851,0.243032,-0.347694,-0.168953,0.260963,-0.347805,-0.210728
2026-06-05 12:00:47.939,18.499982,0.000000,0.000000,0.000000,0.329194,-0.327680,-0.245361,0.126556,-0.323438,-0.245621,0.227875,-0.325559,-0.245491,0.188433,-0.337469,-0.214851,0.242551,-0.348585,-0.169157,0.260963,-0.347805,-0.210728
2026-06-05 12:00:48.039,18.599982,0.000000,0.000000,0.000000,0.328603,-0.328563,-0.245441,0.125892,-0.323321,-0.245606,0.227248,-0.325942,-0.245523,0.188433,-0.337469,-0.214851,0.243032,-0.347694,-0.168953,0.260963,-0.347805,-0.210728
2026-06-05 12:00:48.139,18.699982,0.000000,0.000000,0.000000,0.329194,-0.327680,-0.245361,0.126556,-0.323438,-0.245621,0.227875,-0.325559,-0.245491,0.188037,-0.338382,-0.214983,0.243032,-0.347694,-0.168953,0.260963,-0.347805,-0.210728
2026-06-05 12:00:48.239,18.799982,0.000000,0.000000,0.000000,0.328603,-0.328563,-0.245441,0.126853,-0.322502,-0.245538,0.227728,-0.325533,-0.245489,0.188433,-0.337469,-0.214851,0.242551,-0.348585,-0.169157,0.260297,-0.347688,-0.210713
2026-06-05 12:00:48.339,18.899982,0.000000,0.000000,0.000000,0.329299,-0.328686,-0.245457,0.126556,-0.323438,-0.245621,0.227927,-0.326062,-0.245539,0.188433,-0.337469,-0.214851,0.243032,-0.347694,-0.168953,0.260963,-0.347805,-0.210728
2026-06-05 12:00:48.439,18.999982,0.000000,0.000000,0.000000,0.329194,-0.327680,-0.245361,0.126556,-0.323438,-0.245621,0.227875,-0.325559,-0.245491,0.188433,-0.337469,-0.214851,0.243032,-0.347694,-0.168953,0.260963,-0.347805,-0.210728
2026-06-05 12:00:48.539,19.099982,0.000000,0.000000,0.000000,0.329891,-0.327803,-0.245378,0.126853,-0.322502,-0.245538,0.228372,-0.325152,-0.245458,0.188433,-0.337469,-0.214851,0.242551,-0.348585,-0.169157,0.260454,-0.348697,-0.210867
2026-06-05 12:00:48.639,19.199982,0.000000,0.000000,0.000000,0.329299,-0.328686,-0.245457,0.126556,-0.323438,-0.245621,0.227927,-0.326062,-0.245539,0.188433,-0.337469,-0.214851,0.243032,-0.347694,-0.168953,0.260963,-0.347805,-0.210728
2026-06-05 12:00:48.739,19.299982,0.000000,0.000000,0.000000,0.329194,-0.327680,-0.245361,0.126853,-0.322502,-0.245538,0.228024,-0.325091,-0.245450,0.188433,-0.337469,-0.214851,0.243032,-0.347694,-0.168953,0.260963,-0.347805,-0.210728
2026-06-05 12:00:48.839,19.399981,0.000000,0.000000,0.000000,0.328603,-0.328563,-0.245441,0.126556,-0.323438,-0.245621,0.227579,-0.326001,-0.245531,0.188433,-0.337469,-0.214851,0.243032,-0.347694,-0.168953,0.260963,-0.347805,-0.210728
2026-06-05 12:00:48.939,19.499981,0.000000,0.000000,0.000000,0.329891,-0.327803,-0.245378,0.126853,-0.322502,-0.245538,0.228372,-0.325152,-0.245458,0.188433,-0.337469,-0.214851,0.242551,-0.348585,-0.169157,0.260297,-0.347688,-0.210713
2026-06-05 12:00:49.039,19.599981,0.000000,0.000000,0.000000,0.328603,-0.328563,-0.245441,0.126556,-0.323438,-0.245621,0.227579,-0.326001,-0.245531,0.188433,-0.337469,-0.214851,0.243032,-0.347694,-0.168953,0.260963,-0.347805,-0.210728
2026-06-05 12:00:49.139,19.699981,0.000000,0.000000,0.000000,0.329194,-0.327680,-0.245361,0.126556,-0.323438,-0.245621,0.227875,-0.325559,-0.245491,0.188433,-0.337469,-0.214851,0.243032,-0.347694,-0.168953,0.260963,-0.347805,-0.210728
2026-06-05 12:00:49.239,19.799981,0.000000,0.000000,0.000000,0.329198,-0.327750,-0.244656,0.126556,-0.323438,-0.245621,0.227877,-0.325594,-0.245139,0.188433,-0.337469,-0.214851,0.243032,-0.347694,-0.168953,0.260963,-0.347805,-0.210728
2026-06-05 12:00:49.339,19.899981,0.000000,0.000000,0.000000,0.328603,-0.328563,-0.245441,0.126853,-0.322502,-0.245538,0.227728,-0.325533,-0.245489,0.188433,-0.337469,-0.214851,0.242551,-0.348585,-0.169157,0.260963,-0.347805,-0.210728
2026-06-05 12:00:49.439,19.999981,0.000000,0.000000,0.000000,0.329194,-0.327680,-0.245361,0.126556,-0.323438,-0.245621,0.227875,-0.325559,-0.245491,0.188433,-0.337469,-0.214851,0.243032,-0.347694,-0.168953,0.260963,-0.347805,-0.210728
2026-06-05 12:00:49.539,20.099981,0.000000,0.000000,0.000000,0.329194,-0.327680,-0.245361,0.126556,-0.323438,-0.245621,0.227875,-0.325559,-0.245491,0.188433,-0.337469,-0.214851,0.243032,-0.347694,-0.168953,0.260963,-0.347805,-0.210728
2026-06-05 12:00:49.639,20.199981,0.000000,0.000000,0.000000,0.329198,-0.327750,-0.244656,0.126556,-0.323438,-0.245621,0.227877,-0.325594,-0.245139,0.188433,-0.337469,-0.214851,0.242551,-0.348585,-0.169157,0.260805,-0.346795,-0.210574
2026-06-05 12:00:49.739,20.299981,0.000000,0.000000,0.000000,0.329194,-0.327680,-0.245361,0.126556,-0.323438,-0.245621,0.227875,-0.325559,-0.245491,0.188433,-0.337469,-0.214851,0.242551,-0.348585,-0.169157,0.260963,-0.347805,-0.210728
2026-06-05 12:00:49.839,20.399981,0.000000,0.000000,0.000000,0.329785,-0.326796,-0.245282,0.126556,-0.323438,-0.245621,0.228170,-0.325117,-0.245451,0.188433,-0.337469,-0.214851,0.243032,-0.347694,-0.168953,0.260297,-0.347688,-0.210713
2026-06-05 12:00:49.939,20.499980,0.000000,0.000000,0.000000,0.329194,-0.327680,-0.245361,0.126853,-0.322502,-0.245538,0.228024,-0.325091,-0.245450,0.188037,-0.338382,-0.214983,0.242551,-0.348585,-0.169157,0.260297,-0.347688,-0.210713
2026-06-05 12:00:50.039,20.599980,0.000000,0.000000,0.000000,0.329194,-0.327680,-0.245361,0.126556,-0.323438,-0.245621,0.227875,-0.325559,-0.245491,0.188433,-0.337469,-0.214851,0.242551,-0.348585,-0.169157,0.261473,-0.346913,-0.210590
2026-06-05 12:00:50.139,20.699980,0.000000,0.000000,0.000000,0.329891,-0.327803,-0.245378,0.126556,-0.323438,-0.245621,0.228223,-0.325620,-0.245499,0.188433,-0.337469,-0.214851,0.243032,-0.347694,-0.168953,0.260963,-0.347805,-0.210728
2026-06-05 12:00:50.239,20.799980,0.000000,0.000000,0.000000,0.329194,-0.327680,-0.245361,0.126556,-0.323438,-0.245621,0.227875,-0.325559,-0.245491,0.188433,-0.337469,-0.214851,0.243032,-0.347694,-0.168953,0.260297,-0.347688,-0.210713
2026-06-05 12:00:50.339,20.899980,0.000000,0.000000,0.000000,0.329891,-0.327803,-0.245378,0.126556,-0.323438,-0.245621,0.228223,-0.325620,-0.245499,0.188037,-0.338382,-0.214983,0.242551,-0.348585,-0.169157,0.260297,-0.347688,-0.210713
2026-06-05 12:00:50.439,20.999980,0.000000,0.000000,0.000000,0.329194,-0.327680,-0.245361,0.126556,-0.323438,-0.245621,0.227875,-0.325559,-0.245491,0.188037,-0.338382,-0.214983,0.243032,-0.347694,-0.168953,0.260963,-0.347805,-0.210728
2026-06-05 12:00:50.539,21.099980,0.000000,0.000000,0.000000,0.329194,-0.327680,-0.245361,0.126556,-0.323438,-0.245621,0.227875,-0.325559,-0.245491,0.188433,-0.337469,-0.214851,0.242551,-0.348585,-0.169157,0.260963,-0.347805,-0.210728
2026-06-05 12:00:50.639,21.199980,0.000000,0.000000,0.000000,0.329299,-0.328686,-0.245457,0.126556,-0.323438,-0.245621,0.227927,-0.326062,-0.245539,0.188433,-0.337469,-0.214851,0.242551,-0.348585,-0.169157,0.260963,-0.347805,-0.210728
2026-06-05 12:00:50.739,21.299980,0.000000,0.000000,0.000000,0.329194,-0.327680,-0.245361,0.126853,-0.322502,-0.245538,0.228024,-0.325091,-0.245450,0.188433,-0.337469,-0.214851,0.242551,-0.348585,-0.169157,0.260963,-0.347805,-0.210728
2026-06-05 12:00:50.839,21.399980,0.000000,0.000000,0.000000,0.329194,-0.327680,-0.245361,0.126556,-0.323438,-0.245621,0.227875,-0.325559,-0.245491,0.188037,-0.338382,-0.214983,0.242551,-0.348585,-0.169157,0.261473,-0.346913,-0.210590
2026-06-05 12:00:50.939,21.499979,0.000000,0.000000,0.000000,0.328603,-0.328563,-0.245441,0.126556,-0.323438,-0.245621,0.227579,-0.326001,-0.245531,0.188433,-0.337469,-0.214851,0.243032,-0.347694,-0.168953,0.260963,-0.347805,-0.210728
2026-06-05 12:00:51.039,21.599979,0.000000,0.000000,0.000000,0.329299,-0.328686,-0.245457,0.126556,-0.323438,-0.245621,0.227927,-0.326062,-0.245539,0.188433,-0.337469,-0.214851,0.243032,-0.347694,-0.168953,0.260297,-0.347688,-0.210713
2026-06-05 12:00:51.139,21.699979,0.000000,0.000000,0.000000,0.329194,-0.327680,-0.245361,0.126853,-0.322502,-0.245538,0.228024,-0.325091,-0.245450,0.188433,-0.337469,-0.214851,0.243032,-0.347694,-0.168953,0.260963,-0.347805,-0.210728
2026-06-05 12:00:51.239,21.799979,0.000000,0.000000,0.000000,0.329891,-0.327803,-0.245378,0.126556,-0.323438,-0.245621,0.228223,-0.325620,-0.245499,0.188433,-0.337469,-0.214851,0.243032,-0.347694,-0.168953,0.260963,-0.347805,-0.210728
2026-06-05 12:00:51.339,21.899979,0.000000,0.000000,0.000000,0.329194,-0.327680,-0.245361,0.126556,-0.323438,-0.245621,0.227875,-0.325559,-0.245491,0.188433,-0.337469,-0.214851,0.242551,-0.348585,-0.169157,0.261473,-0.346913,-0.210590
2026-06-05 12:00:51.439,21.999979,0.000000,0.000000,0.000000,0.329891,-0.327803,-0.245378,0.126556,-0.323438,-0.245621,0.228223,-0.325620,-0.245499,0.188433,-0.337469,-0.214851,0.242551,-0.348585,-0.169157,0.261473,-0.346913,-0.210590
2026-06-05 12:00:51.539,22.099979,0.000000,0.000000,0.000000,0.328603,-0.328563,-0.245441,0.126556,-0.323438,-0.245621,0.227579,-0.326001,-0.245531,0.188433,-0.337469,-0.214851,0.242551,-0.348585,-0.169157,0.260963,-0.347805,-0.210728
2026-06-05 12:00:51.639,22.199979,0.000000,0.000000,0.000000,0.329194,-0.327680,-0.245361,0.126556,-0.323438,-0.245621,0.227875,-0.325559,-0.245491,0.188433,-0.337469,-0.214851,0.243032,-0.347694,-0.168953,0.261473,-0.346913,-0.210590
2026-06-05 12:00:51.739,22.299979,0.000000,0.000000,0.000000,0.329299,-0.328686,-0.245457,0.126556,-0.323438,-0.245621,0.227927,-0.326062,-0.245539,0.188433,-0.337469,-0.214851,0.242551,-0.348585,-0.169157,0.260963,-0.347805,-0.210728
2026-06-05 12:00:51.839,22.399979,0.000000,0.000000,0.000000,0.329194,-0.327680,-0.245361,0.126556,-0.323438,-0.245621,0.227875,-0.325559,-0.245491,0.188433,-0.337469,-0.214851,0.243032,-0.347694,-0.168953,0.260963,-0.347805,-0.210728
2026-06-05 12:00:51.939,22.499979,0.000000,0.000000,0.000000,0.329194,-0.327680,-0.245361,0.126556,-0.323438,-0.245621,0.227875,-0.325559,-0.245491,0.188433,-0.337469,-0.214851,0.242551,-0.348585,-0.169157,0.260963,-0.347805,-0.210728
2026-06-05 12:00:52.039,22.599978,0.000000,0.000000,0.000000,0.329194,-0.327680,-0.245361,0.126556,-0.323438,-0.245621,0.227875,-0.325559,-0.245491,0.188433,-0.337469,-0.214851,0.243032,-0.347694,-0.168953,0.260963,-0.347805,-0.210728
2026-06-05 12:00:52.139,22.699978,0.000000,0.000000,0.000000,0.329891,-0.327803,-0.245378,0.126556,-0.323438,-0.245621,0.228223,-0.325620,-0.245499,0.188433,-0.337469,-0.214851,0.243032,-0.347694,-0.168953,0.260963,-0.347805,-0.210728
2026-06-05 12:00:52.239,22.799978,0.000000,0.000000,0.000000,0.329891,-0.327803,-0.245378,0.126556,-0.323438,-0.245621,0.228223,-0.325620,-0.245499,0.188433,-0.337469,-0.214851,0.243032,-0.347694,-0.168953,0.260297,-0.347688,-0.210713
2026-06-05 12:00:52.339,22.899978,0.000000,0.000000,0.000000,0.328603,-0.328563,-0.245441,0.126853,-0.322502,-0.245538,0.227728,-0.325533,-0.245489,0.188433,-0.337469,-0.214851,0.243032,-0.347694,-0.168953,0.260963,-0.347805,-0.210728
2026-06-05 12:00:52.439,22.999978,0.000000,0.000000,0.000000,0.329785,-0.326796,-0.245282,0.126853,-0.322502,-0.245538,0.228319,-0.324649,-0.245410,0.188037,-0.338382,-0.214983,0.243032,-0.347694,-0.168953,0.260963,-0.347805,-0.210728
2026-06-05 12:00:52.539,23.099978,0.000000,0.000000,0.000000,0.329891,-0.327803,-0.245378,0.126556,-0.323438,-0.245621,0.228223,-0.325620,-0.245499,0.188433,-0.337469,-0.214851,0.243032,-0.347694,-0.168953,0.260297,-0.347688,-0.210713
2026-06-05 12:00:52.639,23.199978,0.000000,0.000000,0.000000,0.329891,-0.327803,-0.245378,0.126556,-0.323438,-0.245621,0.228223,-0.325620,-0.245499,0.188037,-0.338382,-0.214983,0.243032,-0.347694,-0.168953,0.260963,-0.347805,-0.210728
2026-06-05 12:00:52.739,23.299978,0.000000,0.000000,0.000000,0.329891,-0.327803,-0.245378,0.126556,-0.323438,-0.245621,0.228223,-0.325620,-0.245499,0.188433,-0.337469,-0.214851,0.243032,-0.347694,-0.168953,0.260963,-0.347805,-0.210728
2026-06-05 12:00:52.839,23.399978,0.000000,0.000000,0.000000,0.329891,-0.327803,-0.245378,0.126556,-0.323438,-0.245621,0.228223,-0.325620,-0.245499,0.188433,-0.337469,-0.214851,0.242551,-0.348585,-0.169157,0.261473,-0.346913,-0.210590
2026-06-05 12:00:52.939,23.499978,0.000000,0.000000,0.000000,0.329299,-0.328686,-0.245457,0.126556,-0.323438,-0.245621,0.227927,-0.326062,-0.245539,0.188433,-0.337469,-0.214851,0.243032,-0.347694,-0.168953,0.260297,-0.347688,-0.210713
2026-06-05 12:00:53.039,23.599977,0.000000,0.000000,0.000000,0.329891,-0.327803,-0.245378,0.126556,-0.323438,-0.245621,0.228223,-0.325620,-0.245499,0.188433,-0.337469,-0.214851,0.242551,-0.348585,-0.169157,0.260297,-0.347688,-0.210713
2026-06-05 12:00:53.139,23.699977,0.000000,0.000000,0.000000,0.329194,-0.327680,-0.245361,0.126556,-0.323438,-0.245621,0.227875,-0.325559,-0.245491,0.187770,-0.337352,-0.214836,0.242551,-0.348585,-0.169157,0.261473,-0.346913,-0.210590
2026-06-05 12:00:53.239,23.799977,0.000000,0.000000,0.000000,0.329194,-0.327680,-0.245361,0.126560,-0.323504,-0.244950,0.227877,-0.325592,-0.245156,0.188433,-0.337469,-0.214851,0.243032,-0.347694,-0.168953,0.260963,-0.347805,-0.210728
2026-06-05 12:00:53.339,23.899977,0.000000,0.000000,0.000000,0.329194,-0.327680,-0.245361,0.126556,-0.323438,-0.245621,0.227875,-0.325559,-0.245491,0.188037,-0.338382,-0.214983,0.243032,-0.347694,-0.168953,0.261473,-0.346913,-0.210590
2026-06-05 12:00:53.439,23.999977,0.000000,0.000000,0.000000,0.329891,-0.327803,-0.245378,0.126556,-0.323438,-0.245621,0.228223,-0.325620,-0.245499,0.188433,-0.337469,-0.214851,0.242551,-0.348585,-0.169157,0.260963,-0.347805,-0.210728
2026-06-05 12:00:53.539,24.099977,0.000000,0.000000,0.000000,0.329891,-0.327803,-0.245378,0.126556,-0.323438,-0.245621,0.228223,-0.325620,-0.245499,0.188433,-0.337469,-0.214851,0.242551,-0.348585,-0.169157,0.260297,-0.347688,-0.210713
2026-06-05 12:00:53.639,24.199977,0.000000,0.000000,0.000000,0.329891,-0.327803,-0.245378,0.126853,-0.322502,-0.245538,0.228372,-0.325152,-0.245458,0.188433,-0.337469,-0.214851,0.243032,-0.347694,-0.168953,0.261473,-0.346913,-0.210590
2026-06-05 12:00:53.739,24.299977,0.000000,0.000000,0.000000,0.329194,-0.327680,-0.245361,0.126556,-0.323438,-0.245621,0.227875,-0.325559,-0.245491,0.188433,-0.337469,-0.214851,0.242551,-0.348585,-0.169157,0.260963,-0.347805,-0.210728
2026-06-05 12:00:53.839,24.399977,0.000000,0.000000,0.000000,0.328603,-0.328563,-0.245441,0.126556,-0.323438,-0.245621,0.227579,-0.326001,-0.245531,0.188037,-0.338382,-0.214983,0.243032,-0.347694,-0.168953,0.260963,-0.347805,-0.210728
2026-06-05 12:00:53.939,24.499977,0.000000,0.000000,0.000000,0.329785,-0.326796,-0.245282,0.126556,-0.323438,-0.245621,0.228170,-0.325117,-0.245451,0.188433,-0.337469,-0.214851,0.243032,-0.347694,-0.168953,0.260963,-0.347805,-0.210728
2026-06-05 12:00:54.039,24.599977,0.000000,0.000000,0.000000,0.329299,-0.328686,-0.245457,0.126556,-0.323438,-0.245621,0.227927,-0.326062,-0.245539,0.188433,-0.337469,-0.214851,0.243032,-0.347694,-0.168953,0.260297,-0.347688,-0.210713
2026-06-05 12:00:54.139,24.699976,0.000000,0.000000,0.000000,0.329194,-0.327680,-0.245361,0.126556,-0.323438,-0.245621,0.227875,-0.325559,-0.245491,0.188433,-0.337469,-0.214851,0.242551,-0.348585,-0.169157,0.260963,-0.347805,-0.210728
2026-06-05 12:00:54.239,24.799976,0.000000,0.000000,0.000000,0.329194,-0.327680,-0.245361,0.126556,-0.323438,-0.245621,0.227875,-0.325559,-0.245491,0.188433,-0.337469,-0.214851,0.243032,-0.347694,-0.168953,0.260963,-0.347805,-0.210728
2026-06-05 12:00:54.339,24.899976,0.000000,0.000000,0.000000,0.328603,-0.328563,-0.245441,0.126556,-0.323438,-0.245621,0.227579,-0.326001,-0.245531,0.188433,-0.337469,-0.214851,0.242551,-0.348585,-0.169157,0.260963,-0.347805,-0.210728
2026-06-05 12:00:54.439,24.999976,0.000000,0.000000,0.000000,0.328603,-0.328563,-0.245441,0.126556,-0.323438,-0.245621,0.227579,-0.326001,-0.245531,0.188037,-0.338382,-0.214983,0.242551,-0.348585,-0.169157,0.260963,-0.347805,-0.210728
2026-06-05 12:00:54.539,25.099976,0.000000,0.000000,0.000000,0.329194,-0.327680,-0.245361,0.126853,-0.322502,-0.245538,0.228024,-0.325091,-0.245450,0.187770,-0.337352,-0.214836,0.243032,-0.347694,-0.168953,0.260963,-0.347805,-0.210728
2026-06-05 12:00:54.639,25.199976,0.000000,0.000000,0.000000,0.329891,-0.327803,-0.245378,0.126853,-0.322502,-0.245538,0.228372,-0.325152,-0.245458,0.188037,-0.338382,-0.214983,0.243032,-0.347694,-0.168953,0.261473,-0.346913,-0.210590
2026-06-05 12:00:54.739,25.299976,0.000000,0.000000,0.000000,0.329891,-0.327803,-0.245378,0.126556,-0.323438,-0.245621,0.228223,-0.325620,-0.245499,0.188433,-0.337469,-0.214851,0.243032,-0.347694,-0.168953,0.261473,-0.346913,-0.210590
2026-06-05 12:00:54.839,25.399976,0.000000,0.000000,0.000000,0.328603,-0.328563,-0.245441,0.126556,-0.323438,-0.245621,0.227579,-0.326001,-0.245531,0.188433,-0.337469,-0.214851,0.243032,-0.347694,-0.168953,0.261473,-0.346913,-0.210590
2026-06-05 12:00:54.939,25.499976,0.000000,0.000000,0.000000,0.329194,-0.327680,-0.245361,0.126556,-0.323438,-0.245621,0.227875,-0.325559,-0.245491,0.188433,-0.337469,-0.214851,0.243032,-0.347694,-0.168953,0.261473,-0.346913,-0.210590
2026-06-05 12:00:55.039,25.599976,0.000000,0.000000,0.000000,0.329891,-0.327803,-0.245378,0.126556,-0.323438,-0.245621,0.228223,-0.325620,-0.245499,0.188037,-0.338382,-0.214983,0.242551,-0.348585,-0.169157,0.260454,-0.348697,-0.210867
2026-06-05 12:00:55.139,25.699975,0.000000,0.000000,0.000000,0.329891,-0.327803,-0.245378,0.126556,-0.323438,-0.245621,0.228223,-0.325620,-0.245499,0.188037,-0.338382,-0.214983,0.242551,-0.348585,-0.169157,0.260454,-0.348697,-0.210867
2026-06-05 12:00:55.239,25.799976,0.000000,0.000000,0.000000,0.329891,-0.327803,-0.245378,0.126556,-0.323438,-0.245621,0.228223,-0.325620,-0.245499,0.188037,-0.338382,-0.214983,0.242551,-0.348585,-0.169157,0.260454,-0.348697,-0.210867
2026-06-05 12:00:55.339,25.899976,0.000000,0.000000,0.000000,0.329891,-0.327803,-0.245378,0.126556,-0.323438,-0.245621,0.228223,-0.325620,-0.245499,0.188037,-0.338382,-0.214983,0.242551,-0.348585,-0.169157,0.260454,-0.348697,-0.210867
2026-06-05 12:00:55.439,25.999976,0.000000,0.000000,0.000000,0.329891,-0.327803,-0.245378,0.126556,-0.323438,-0.245621,0.228223,-0.325620,-0.245499,0.188037,-0.338382,-0.214983,0.242551,-0.348585,-0.169157,0.260454,-0.348697,-0.210867
2026-06-05 12:00:55.539,26.099976,0.000000,0.000000,0.000000,0.329891,-0.327803,-0.245378,0.126556,-0.323438,-0.245621,0.228223,-0.325620,-0.245499,-0.384837,-0.036971,-0.051995,0.242551,-0.348585,-0.169157,0.260963,-0.347805,-0.210728
2026-06-05 12:00:55.639,26.199975,0.000000,0.000000,0.000000,0.330483,-0.326919,-0.245298,0.126556,-0.323438,-0.245621,0.228519,-0.325178,-0.245460,0.188433,-0.337469,-0.214851,0.242551,-0.348585,-0.169157,0.260963,-0.347805,-0.210728
2026-06-05 12:00:55.739,26.299975,0.000000,0.000000,0.000000,0.329299,-0.328686,-0.245457,0.126556,-0.323438,-0.245621,0.227927,-0.326062,-0.245539,0.188433,-0.337469,-0.214851,0.242551,-0.348585,-0.169157,0.260963,-0.347805,-0.210728
2026-06-05 12:00:55.839,26.399975,0.000000,0.000000,0.000000,0.329891,-0.327803,-0.245378,0.126556,-0.323438,-0.245621,0.228223,-0.325620,-0.245499,0.188433,-0.337469,-0.214851,0.242551,-0.348585,-0.169157,0.260297,-0.347688,-0.210713
2026-06-05 12:00:55.939,26.499975,0.000000,0.000000,0.000000,0.329891,-0.327803,-0.245378,0.126853,-0.322502,-0.245538,0.228372,-0.325152,-0.245458,0.188433,-0.337469,-0.214851,0.243032,-0.347694,-0.168953,0.260805,-0.346795,-0.210574
2026-06-05 12:00:56.039,26.599975,0.000000,0.000000,0.000000,0.329891,-0.327803,-0.245378,0.126556,-0.323438,-0.245621,0.228223,-0.325620,-0.245499,-0.384832,-0.037060,-0.051094,0.242551,-0.348585,-0.169157,0.260963,-0.347805,-0.210728
2026-06-05 12:00:56.139,26.699975,0.000000,0.000000,0.000000,0.329891,-0.327803,-0.245378,0.126556,-0.323438,-0.245621,0.228223,-0.325620,-0.245499,0.188433,-0.337469,-0.214851,0.242551,-0.348585,-0.169157,0.260963,-0.347805,-0.210728
2026-06-05 12:00:56.239,26.799975,0.000000,0.000000,0.000000,0.329891,-0.327803,-0.245378,0.126556,-0.323438,-0.245621,0.228223,-0.325620,-0.245499,-0.384832,-0.037060,-0.051094,0.242551,-0.348585,-0.169157,0.261473,-0.346913,-0.210590
2026-06-05 12:00:56.339,26.899975,0.000000,0.000000,0.000000,0.330483,-0.326919,-0.245298,0.126556,-0.323438,-0.245621,0.228519,-0.325178,-0.245460,0.188433,-0.337469,-0.214851,0.242551,-0.348585,-0.169157,0.260963,-0.347805,-0.210728
2026-06-05 12:00:56.439,26.999975,0.000000,0.000000,0.000000,0.330483,-0.326919,-0.245298,0.126556,-0.323438,-0.245621,0.228519,-0.325178,-0.245460,-0.384711,-0.035144,-0.050528,0.242551,-0.348585,-0.169157,0.260963,-0.347805,-0.210728
2026-06-05 12:00:56.539,27.099975,0.000000,0.000000,0.000000,0.330483,-0.326919,-0.245298,0.126853,-0.322502,-0.245538,0.228668,-0.324711,-0.245418,0.188037,-0.338382,-0.214983,0.243032,-0.347694,-0.168953,0.260963,-0.347805,-0.210728
2026-06-05 12:00:56.639,27.199975,0.000000,0.000000,0.000000,0.329299,-0.328686,-0.245457,0.126556,-0.323438,-0.245621,0.227927,-0.326062,-0.245539,-0.385218,-0.036023,-0.050801,0.242551,-0.348585,-0.169157,0.261473,-0.346913,-0.210590
2026-06-05 12:00:56.739,27.299974,0.000000,0.000000,0.000000,0.330483,-0.326919,-0.245298,0.126556,-0.323438,-0.245621,0.228519,-0.325178,-0.245460,-0.385990,-0.033950,-0.050214,0.242551,-0.348585,-0.169157,0.260963,-0.347805,-0.210728
2026-06-05 12:00:56.839,27.399974,0.000000,0.000000,0.000000,0.329891,-0.327803,-0.245378,0.126556,-0.323438,-0.245621,0.228223,-0.325620,-0.245499,0.188037,-0.338382,-0.214983,0.242551,-0.348585,-0.169157,0.260963,-0.347805,-0.210728
2026-06-05 12:00:56.939,27.499974,0.000000,0.000000,0.000000,0.329891,-0.327803,-0.245378,0.126556,-0.323438,-0.245621,0.228223,-0.325620,-0.245499,-0.385218,-0.036023,-0.050801,0.242551,-0.348585,-0.169157,0.260963,-0.347805,-0.210728
2026-06-05 12:00:57.039,27.599974,0.000000,0.000000,0.000000,0.330483,-0.326919,-0.245298,0.126556,-0.323438,-0.245621,0.228519,-0.325178,-0.245460,0.188433,-0.337469,-0.214851,0.242551,-0.348585,-0.169157,0.260963,-0.347805,-0.210728
2026-06-05 12:00:57.139,27.699974,0.000000,0.000000,0.000000,0.329891,-0.327803,-0.245378,0.126556,-0.323438,-0.245621,0.228223,-0.325620,-0.245499,0.188433,-0.337469,-0.214851,0.242551,-0.348585,-0.169157,0.260454,-0.348697,-0.210867
2026-06-05 12:00:57.239,27.799974,0.000000,0.000000,0.000000,0.329891,-0.327803,-0.245378,0.126556,-0.323438,-0.245621,0.228223,-0.325620,-0.245499,0.188433,-0.337469,-0.214851,0.242551,-0.348585,-0.169157,0.260963,-0.347805,-0.210728
2026-06-05 12:00:57.339,27.899974,0.000000,0.000000,0.000000,0.329891,-0.327803,-0.245378,0.126556,-0.323438,-0.245621,0.228223,-0.325620,-0.245499,0.188433,-0.337469,-0.214851,0.242551,-0.348585,-0.169157,0.260963,-0.347805,-0.210728
2026-06-05 12:00:57.439,27.999974,0.000000,0.000000,0.000000,0.330483,-0.326919,-0.245298,0.126853,-0.322502,-0.245538,0.228668,-0.324711,-0.245418,0.188433,-0.337469,-0.214851,0.242551,-0.348585,-0.169157,0.260963,-0.347805,-0.210728
2026-06-05 12:00:57.539,28.099974,0.000000,0.000000,0.000000,0.329891,-0.327803,-0.245378,0.126556,-0.323438,-0.245621,0.228223,-0.325620,-0.245499,-0.385990,-0.033950,-0.050214,0.243032,-0.347694,-0.168953,0.260963,-0.347805,-0.210728
2026-06-05 12:00:57.639,28.199974,0.000000,0.000000,0.000000,0.329891,-0.327803,-0.245378,0.126556,-0.323438,-0.245621,0.228223,-0.325620,-0.245499,0.188433,-0.337469,-0.214851,0.242551,-0.348585,-0.169157,0.260963,-0.347805,-0.210728
2026-06-05 12:00:57.739,28.299973,0.000000,0.000000,0.000000,0.329299,-0.328686,-0.245457,0.126556,-0.323438,-0.245621,0.227927,-0.326062,-0.245539,0.188037,-0.338382,-0.214983,0.242551,-0.348585,-0.169157,0.260963,-0.347805,-0.210728
2026-06-05 12:00:57.839,28.399973,0.000000,0.000000,0.000000,0.330483,-0.326919,-0.245298,0.126556,-0.323438,-0.245621,0.228519,-0.325178,-0.245460,-0.385218,-0.036023,-0.050801,0.242551,-0.348585,-0.169157,0.260297,-0.347688,-0.210713
2026-06-05 12:00:57.939,28.499973,0.000000,0.000000,0.000000,0.329891,-0.327803,-0.245378,0.126556,-0.323438,-0.245621,0.228223,-0.325620,-0.245499,0.188830,-0.336556,-0.214719,0.242551,-0.348585,-0.169157,0.260963,-0.347805,-0.210728
2026-06-05 12:00:58.039,28.599973,0.000000,0.000000,0.000000,0.330483,-0.326919,-0.245298,0.126556,-0.323438,-0.245621,0.228519,-0.325178,-0.245460,-0.385218,-0.036023,-0.050801,0.242551,-0.348585,-0.169157,0.261473,-0.346913,-0.210590
2026-06-05 12:00:58.139,28.699973,0.000000,0.000000,0.000000,0.329891,-0.327803,-0.245378,0.126556,-0.323438,-0.245621,0.228223,-0.325620,-0.245499,0.188433,-0.337469,-0.214851,0.242551,-0.348585,-0.169157,0.260963,-0.347805,-0.210728
2026-06-05 12:00:58.239,28.799973,0.000000,0.000000,0.000000,0.330483,-0.326919,-0.245298,0.126556,-0.323438,-0.245621,0.228519,-0.325178,-0.245460,-0.385604,-0.034987,-0.050507,0.242551,-0.348585,-0.169157,0.260963,-0.347805,-0.210728
2026-06-05 12:00:58.339,28.899973,0.000000,0.000000,0.000000,0.330483,-0.326919,-0.245298,0.126556,-0.323438,-0.245621,0.228519,-0.325178,-0.245460,-0.384832,-0.037060,-0.051094,0.242551,-0.348585,-0.169157,0.260963,-0.347805,-0.210728
2026-06-05 12:00:58.439,28.999973,0.000000,0.000000,0.000000,0.329299,-0.328686,-0.245457,0.126556,-0.323438,-0.245621,0.227927,-0.326062,-0.245539,0.188433,-0.337469,-0.214851,0.242551,-0.348585,-0.169157,0.260963,-0.347805,-0.210728
2026-06-05 12:00:58.539,29.099973,0.000000,0.000000,0.000000,0.329891,-0.327803,-0.245378,0.126556,-0.323438,-0.245621,0.228223,-0.325620,-0.245499,0.188433,-0.337469,-0.214851,0.242551,-0.348585,-0.169157,0.260963,-0.347805,-0.210728
2026-06-05 12:00:58.639,29.199973,0.000000,0.000000,0.000000,0.329891,-0.327803,-0.245378,0.126556,-0.323438,-0.245621,0.228223,-0.325620,-0.245499,0.188433,-0.337469,-0.214851,0.242551,-0.348585,-0.169157,0.261218,-0.347359,-0.210659
2026-06-05 12:00:58.739,29.299973,0.000000,0.000000,0.000000,0.329891,-0.327803,-0.245378,0.126853,-0.322502,-0.245538,0.228372,-0.325152,-0.245458,-0.384446,-0.038097,-0.051387,0.242551,-0.348585,-0.169157,0.260963,-0.347805,-0.210728
2026-06-05 12:00:58.839,29.399972,0.000000,0.000000,0.000000,0.329891,-0.327803,-0.245378,0.126556,-0.323438,-0.245621,0.228223,-0.325620,-0.245499,-0.384832,-0.037060,-0.051094,0.242555,-0.348651,-0.168483,0.261473,-0.346913,-0.210590
2026-06-05 12:00:58.939,29.499972,0.000000,0.000000,0.000000,0.329891,-0.327803,-0.245378,0.126556,-0.323438,-0.245621,0.228223,-0.325620,-0.245499,-0.384711,-0.035144,-0.050528,0.242551,-0.348585,-0.169157,0.260963,-0.347805,-0.210728
2026-06-05 12:00:59.039,29.599972,0.000000,0.000000,0.000000,0.329891,-0.327803,-0.245378,0.126556,-0.323438,-0.245621,0.228223,-0.325620,-0.245499,-0.385218,-0.036023,-0.050801,0.242551,-0.348585,-0.169157,0.260963,-0.347805,-0.210728
2026-06-05 12:00:59.139,29.699972,0.000000,0.000000,0.000000,0.329299,-0.328686,-0.245457,0.126556,-0.323438,-0.245621,0.227927,-0.326062,-0.245539,-0.385604,-0.034987,-0.050507,0.242551,-0.348585,-0.169157,0.260963,-0.347805,-0.210728
2026-06-05 12:00:59.239,29.799972,0.000000,0.000000,0.000000,0.329891,-0.327803,-0.245378,0.126556,-0.323438,-0.245621,0.228223,-0.325620,-0.245499,-0.385990,-0.033950,-0.050214,0.242551,-0.348585,-0.169157,0.260963,-0.347805,-0.210728
2026-06-05 12:00:59.339,29.899972,0.000000,0.000000,0.000000,0.329891,-0.327803,-0.245378,0.126853,-0.322502,-0.245538,0.228372,-0.325152,-0.245458,-0.383793,-0.038219,-0.071732,0.242551,-0.348585,-0.169157,0.261473,-0.346913,-0.210590
2026-06-05 12:00:59.439,29.999972,0.000000,0.000000,0.000000,0.329891,-0.327803,-0.245378,0.126556,-0.323438,-0.245621,0.228223,-0.325620,-0.245499,-0.385604,-0.034987,-0.050507,0.243032,-0.347694,-0.168953,0.260963,-0.347805,-0.210728
2026-06-05 12:00:59.539,30.099972,0.000000,0.000000,0.000000,0.329891,-0.327803,-0.245378,0.126853,-0.322502,-0.245538,0.228372,-0.325152,-0.245458,0.188433,-0.337469,-0.214851,0.242551,-0.348585,-0.169157,0.260963,-0.347805,-0.210728
2026-06-05 12:00:59.639,30.199972,0.000000,0.000000,0.000000,0.329891,-0.327803,-0.245378,0.126556,-0.323438,-0.245621,0.228223,-0.325620,-0.245499,0.188037,-0.338382,-0.214983,0.242551,-0.348585,-0.169157,0.260454,-0.348697,-0.210867
2026-06-05 12:00:59.739,30.299972,0.000000,0.000000,0.000000,0.329891,-0.327803,-0.245378,0.126556,-0.323438,-0.245621,0.228223,-0.325620,-0.245499,0.188433,-0.337469,-0.214851,0.242551,-0.348585,-0.169157,0.260963,-0.347805,-0.210728
2026-06-05 12:00:59.839,30.399971,0.000000,0.000000,0.000000,0.329891,-0.327803,-0.245378,0.126556,-0.323438,-0.245621,0.228223,-0.325620,-0.245499,-0.385990,-0.033950,-0.050214,0.242551,-0.348585,-0.169157,0.260963,-0.347805,-0.210728
2026-06-05 12:00:59.939,30.499971,0.000000,0.000000,0.000000,0.330483,-0.326919,-0.245298,0.126556,-0.323438,-0.245621,0.228519,-0.325178,-0.245460,-0.385218,-0.036023,-0.050801,0.243032,-0.347694,-0.168953,0.260963,-0.347805,-0.210728
2026-06-05 12:01:00.039,30.599971,0.000000,0.000000,0.000000,0.329299,-0.328686,-0.245457,0.126556,-0.323438,-0.245621,0.227927,-0.326062,-0.245539,0.188433,-0.337469,-0.214851,0.242551,-0.348585,-0.169157,0.260963,-0.347805,-0.210728
2026-06-05 12:01:00.139,30.699971,0.000000,0.000000,0.000000,0.329891,-0.327803,-0.245378,0.126556,-0.323438,-0.245621,0.228223,-0.325620,-0.245499,-0.386376,-0.032913,-0.049921,0.242551,-0.348585,-0.169157,0.260963,-0.347805,-0.210728
2026-06-05 12:01:00.239,30.799971,0.000000,0.000000,0.000000,0.329891,-0.327803,-0.245378,0.126556,-0.323438,-0.245621,0.228223,-0.325620,-0.245499,0.187770,-0.337352,-0.214836,0.242551,-0.348585,-0.169157,0.260963,-0.347805,-0.210728
2026-06-05 12:01:00.339,30.899971,0.000000,0.000000,0.000000,0.329299,-0.328686,-0.245457,0.126556,-0.323438,-0.245621,0.227927,-0.326062,-0.245539,0.188433,-0.337469,-0.214851,0.242551,-0.348585,-0.169157,0.260963,-0.347805,-0.210728
2026-06-05 12:01:00.439,30.999971,0.000000,0.000000,0.000000,0.330483,-0.326919,-0.245298,0.126556,-0.323438,-0.245621,0.228519,-0.325178,-0.245460,0.188433,-0.337469,-0.214851,0.242551,-0.348585,-0.169157,0.260963,-0.347805,-0.210728
2026-06-05 12:01:00.539,31.099971,0.000000,0.000000,0.000000,0.329891,-0.327803,-0.245378,0.126556,-0.323438,-0.245621,0.228223,-0.325620,-0.245499,0.188433,-0.337469,-0.214851,0.242551,-0.348585,-0.169157,0.260963,-0.347805,-0.210728
2026-06-05 12:01:00.639,31.199971,0.000000,0.000000,0.000000,0.329299,-0.328686,-0.245457,0.126556,-0.323438,-0.245621,0.227927,-0.326062,-0.245539,0.188433,-0.337469,-0.214851,0.242551,-0.348585,-0.169157,0.260963,-0.347805,-0.210728
2026-06-05 12:01:00.739,31.299971,0.000000,0.000000,0.000000,0.331075,-0.326036,-0.245218,0.126556,-0.323438,-0.245621,0.228815,-0.324737,-0.245420,-0.385990,-0.033950,-0.050214,0.242551,-0.348585,-0.169157,0.260963,-0.347805,-0.210728
2026-06-05 12:01:00.839,31.399971,0.000000,0.000000,0.000000,0.329299,-0.328686,-0.245457,0.126556,-0.323438,-0.245621,0.227927,-0.326062,-0.245539,-0.383941,-0.037217,-0.051114,0.243032,-0.347694,-0.168953,0.260963,-0.347805,-0.210728
2026-06-05 12:01:00.939,31.499970,0.000000,0.000000,0.000000,0.329891,-0.327803,-0.245378,0.126556,-0.323438,-0.245621,0.228223,-0.325620,-0.245499,0.188433,-0.337469,-0.214851,0.242551,-0.348585,-0.169157,0.260963,-0.347805,-0.210728
2026-06-05 12:01:01.039,31.599970,0.000000,0.000000,0.000000,0.329891,-0.327803,-0.245378,0.126556,-0.323438,-0.245621,0.228223,-0.325620,-0.245499,0.188433,-0.337469,-0.214851,0.242551,-0.348585,-0.169157,0.260963,-0.347805,-0.210728
2026-06-05 12:01:01.139,31.699970,0.000000,0.000000,0.000000,0.329891,-0.327803,-0.245378,0.126556,-0.323438,-0.245621,0.228223,-0.325620,-0.245499,-0.385604,-0.034987,-0.050507,0.242551,-0.348585,-0.169157,0.261473,-0.346913,-0.210590
2026-06-05 12:01:01.239,31.799970,0.000000,0.000000,0.000000,0.329891,-0.327803,-0.245378,0.126556,-0.323438,-0.245621,0.228223,-0.325620,-0.245499,-0.385604,-0.034987,-0.050507,0.243032,-0.347694,-0.168953,0.260963,-0.347805,-0.210728
2026-06-05 12:01:01.339,31.899970,0.000000,0.000000,0.000000,0.330483,-0.326919,-0.245298,0.126556,-0.323438,-0.245621,0.228519,-0.325178,-0.245460,0.188433,-0.337469,-0.214851,0.242551,-0.348585,-0.169157,0.260963,-0.347805,-0.210728
2026-06-05 12:01:01.439,31.999970,0.000000,0.000000,0.000000,0.329891,-0.327803,-0.245378,0.126556,-0.323438,-0.245621,0.228223,-0.325620,-0.245499,0.188433,-0.337469,-0.214851,0.242551,-0.348585,-0.169157,0.260963,-0.347805,-0.210728
2026-06-05 12:01:01.539,32.099970,0.000000,0.000000,0.000000,0.329891,-0.327803,-0.245378,0.126556,-0.323438,-0.245621,0.228223,-0.325620,-0.245499,-0.385218,-0.036023,-0.050801,0.242551,-0.348585,-0.169157,0.260963,-0.347805,-0.210728
2026-06-05 12:01:01.639,32.199970,0.000000,0.000000,0.000000,0.329891,-0.327803,-0.245378,0.126853,-0.322502,-0.245538,0.228372,-0.325152,-0.245458,-0.384446,-0.038097,-0.051387,0.242551,-0.348585,-0.169157,0.260963,-0.347805,-0.210728
2026-06-05 12:01:01.739,32.299970,0.000000,0.000000,0.000000,0.330483,-0.326919,-0.245298,0.126556,-0.323438,-0.245621,0.228519,-0.325178,-0.245460,-0.384681,-0.038063,-0.071711,0.242551,-0.348585,-0.169157,0.260963,-0.347805,-0.210728
2026-06-05 12:01:01.839,32.399970,0.000000,0.000000,0.000000,0.329891,-0.327803,-0.245378,0.126556,-0.323438,-0.245621,0.228223,-0.325620,-0.245499,-0.385990,-0.033950,-0.050214,0.242551,-0.348585,-0.169157,0.261473,-0.346913,-0.210590
2026-06-05 12:01:01.939,32.499969,0.000000,0.000000,0.000000,0.329891,-0.327803,-0.245378,0.126556,-0.323438,-0.245621,0.228223,-0.325620,-0.245499,-0.385218,-0.036023,-0.050801,0.242551,-0.348585,-0.169157,0.260963,-0.347805,-0.210728
2026-06-05 12:01:02.039,32.599969,0.000000,0.000000,0.000000,0.330483,-0.326919,-0.245298,0.126853,-0.322502,-0.245538,0.228668,-0.324711,-0.245418,-0.384903,-0.034625,-0.050382,0.242551,-0.348585,-0.169157,0.260963,-0.347805,-0.210728
2026-06-05 12:01:02.139,32.699969,0.000000,0.000000,0.000000,0.329299,-0.328686,-0.245457,0.126556,-0.323438,-0.245621,0.227927,-0.326062,-0.245539,-0.385604,-0.034987,-0.050507,0.242551,-0.348585,-0.169157,0.260963,-0.347805,-0.210728
2026-06-05 12:01:02.239,32.799969,0.000000,0.000000,0.000000,0.329891,-0.327803,-0.245378,0.126556,-0.323438,-0.245621,0.228223,-0.325620,-0.245499,-0.384060,-0.039133,-0.051680,0.242551,-0.348585,-0.169157,0.260454,-0.348697,-0.210867
2026-06-05 12:01:02.339,32.899969,0.000000,0.000000,0.000000,0.328607,-0.328633,-0.244736,0.126556,-0.323438,-0.245621,0.227582,-0.326035,-0.245179,-0.385218,-0.036023,-0.050801,0.242551,-0.348585,-0.169157,0.260963,-0.347805,-0.210728
2026-06-05 12:01:02.439,32.999969,0.000000,0.000000,0.000000,0.329891,-0.327803,-0.245378,0.126556,-0.323438,-0.245621,0.228223,-0.325620,-0.245499,-0.385218,-0.036023,-0.050801,0.242551,-0.348585,-0.169157,0.260963,-0.347805,-0.210728
2026-06-05 12:01:02.539,33.099969,0.000000,0.000000,0.000000,0.330483,-0.326919,-0.245298,0.126556,-0.323438,-0.245621,0.228519,-0.325178,-0.245460,-0.384711,-0.035144,-0.050528,0.242551,-0.348585,-0.169157,0.260963,-0.347805,-0.210728
2026-06-05 12:01:02.639,33.199969,0.000000,0.000000,0.000000,0.329891,-0.327803,-0.245378,0.126556,-0.323438,-0.245621,0.228223,-0.325620,-0.245499,-0.384832,-0.037060,-0.051094,0.243032,-0.347694,-0.168953,0.260963,-0.347805,-0.210728
2026-06-05 12:01:02.739,33.299969,0.000000,0.000000,0.000000,0.329891,-0.327803,-0.245378,0.126556,-0.323438,-0.245621,0.228223,-0.325620,-0.245499,0.188433,-0.337469,-0.214851,0.242551,-0.348585,-0.169157,0.260963,-0.347805,-0.210728
2026-06-05 12:01:02.839,33.399969,0.000000,0.000000,0.000000,0.329891,-0.327803,-0.245378,0.126556,-0.323438,-0.245621,0.228223,-0.325620,-0.245499,-0.385218,-0.036023,-0.050801,0.242551,-0.348585,-0.169157,0.260963,-0.347805,-0.210728
2026-06-05 12:01:02.939,33.499969,0.000000,0.000000,0.000000,0.330483,-0.326919,-0.245298,0.126556,-0.323438,-0.245621,0.228519,-0.325178,-0.245460,-0.385604,-0.034987,-0.050507,0.242551,-0.348585,-0.169157,0.260963,-0.347805,-0.210728
2026-06-05 12:01:03.039,33.599968,0.000000,0.000000,0.000000,0.329891,-0.327803,-0.245378,0.126556,-0.323438,-0.245621,0.228223,-0.325620,-0.245499,-0.384326,-0.036180,-0.050821,0.242551,-0.348585,-0.169157,0.260963,-0.347805,-0.210728
2026-06-05 12:01:03.139,33.699968,0.000000,0.000000,0.000000,0.330483,-0.326919,-0.245298,0.126556,-0.323438,-0.245621,0.228519,-0.325178,-0.245460,-0.384832,-0.037060,-0.051094,0.242551,-0.348585,-0.169157,0.260454,-0.348697,-0.210867
2026-06-05 12:01:03.239,33.799968,0.000000,0.000000,0.000000,0.329299,-0.328686,-0.245457,0.126560,-0.323504,-0.244950,0.227929,-0.326095,-0.245204,-0.385218,-0.036023,-0.050801,0.242551,-0.348585,-0.169157,0.260963,-0.347805,-0.210728
2026-06-05 12:01:03.339,33.899968,0.000000,0.000000,0.000000,0.329891,-0.327803,-0.245378,0.126556,-0.323438,-0.245621,0.228223,-0.325620,-0.245499,-0.385218,-0.036023,-0.050801,0.242551,-0.348585,-0.169157,0.260963,-0.347805,-0.210728
2026-06-05 12:01:03.439,33.999968,0.000000,0.000000,0.000000,0.329891,-0.327803,-0.245378,0.126556,-0.323438,-0.245621,0.228223,-0.325620,-0.245499,0.188433,-0.337469,-0.214851,0.242791,-0.348139,-0.169055,0.260963,-0.347805,-0.210728
2026-06-05 12:01:03.539,34.099968,0.000000,0.000000,0.000000,0.330483,-0.326919,-0.245298,0.126556,-0.323438,-0.245621,0.228519,-0.325178,-0.245460,-0.385218,-0.036023,-0.050801,0.242551,-0.348585,-0.169157,0.260963,-0.347805,-0.210728
2026-06-05 12:01:03.639,34.199968,0.000000,0.000000,0.000000,0.329891,-0.327803,-0.245378,0.126556,-0.323438,-0.245621,0.228223,-0.325620,-0.245499,-0.385604,-0.034987,-0.050507,0.242551,-0.348585,-0.169157,0.260963,-0.347805,-0.210728
2026-06-05 12:01:03.739,34.299968,0.000000,0.000000,0.000000,0.330483,-0.326919,-0.245298,0.126556,-0.323438,-0.245621,0.228519,-0.325178,-0.245460,-0.385604,-0.034987,-0.050507,0.242551,-0.348585,-0.169157,0.260963,-0.347805,-0.210728
2026-06-05 12:01:03.839,34.399968,0.000000,0.000000,0.000000,0.329891,-0.327803,-0.245378,0.126258,-0.324373,-0.245705,0.228075,-0.326088,-0.245541,0.187770,-0.337352,-0.214836,0.242551,-0.348585,-0.169157,0.260963,-0.347805,-0.210728
2026-06-05 12:01:03.939,34.499968,0.000000,0.000000,0.000000,0.329891,-0.327803,-0.245378,0.126556,-0.323438,-0.245621,0.228223,-0.325620,-0.245499,-0.384446,-0.038097,-0.051387,0.242551,-0.348585,-0.169157,0.260963,-0.347805,-0.210728
2026-06-05 12:01:04.039,34.599967,0.000000,0.000000,0.000000,0.329891,-0.327803,-0.245378,0.126853,-0.322502,-0.245538,0.228372,-0.325152,-0.245458,-0.385218,-0.036023,-0.050801,0.242551,-0.348585,-0.169157,0.260963,-0.347805,-0.210728
2026-06-05 12:01:04.139,34.699967,0.000000,0.000000,0.000000,0.330483,-0.326919,-0.245298,0.126556,-0.323438,-0.245621,0.228519,-0.325178,-0.245460,0.188433,-0.337469,-0.214851,0.242555,-0.348651,-0.168483,0.260963,-0.347805,-0.210728
2026-06-05 12:01:04.239,34.799967,0.000000,0.000000,0.000000,0.329891,-0.327803,-0.245378,0.126853,-0.322502,-0.245538,0.228372,-0.325152,-0.245458,-0.385604,-0.034987,-0.050507,0.243032,-0.347694,-0.168953,0.260963,-0.347805,-0.210728
2026-06-05 12:01:04.339,34.899967,0.000000,0.000000,0.000000,0.329891,-0.327803,-0.245378,0.126556,-0.323438,-0.245621,0.228223,-0.325620,-0.245499,0.188433,-0.337469,-0.214851,0.242551,-0.348585,-0.169157,0.260963,-0.347805,-0.210728
2026-06-05 12:01:04.439,34.999967,0.000000,0.000000,0.000000,0.329891,-0.327803,-0.245378,0.126556,-0.323438,-0.245621,0.228223,-0.325620,-0.245499,-0.385604,-0.034987,-0.050507,0.243032,-0.347694,-0.168953,0.260963,-0.347805,-0.210728
2026-06-05 12:01:04.539,35.099967,0.000000,0.000000,0.000000,0.329891,-0.327803,-0.245378,0.126556,-0.323438,-0.245621,0.228223,-0.325620,-0.245499,-0.385604,-0.034987,-0.050507,0.242551,-0.348585,-0.169157,0.260963,-0.347805,-0.210728
2026-06-05 12:01:04.639,35.199967,0.000000,0.000000,0.000000,0.329891,-0.327803,-0.245378,0.126556,-0.323438,-0.245621,0.228223,-0.325620,-0.245499,-0.385990,-0.033950,-0.050214,0.242791,-0.348139,-0.169055,0.260963,-0.347805,-0.210728
2026-06-05 12:01:04.739,35.299967,0.000000,0.000000,0.000000,0.330483,-0.326919,-0.245298,0.126556,-0.323438,-0.245621,0.228519,-0.325178,-0.245460,-0.385990,-0.033950,-0.050214,0.242551,-0.348585,-0.169157,0.260963,-0.347805,-0.210728
2026-06-05 12:01:04.839,35.399967,0.000000,0.000000,0.000000,0.329891,-0.327803,-0.245378,0.126556,-0.323438,-0.245621,0.228223,-0.325620,-0.245499,0.188433,-0.337469,-0.214851,0.242551,-0.348585,-0.169157,0.260963,-0.347805,-0.210728
2026-06-05 12:01:04.939,35.499967,0.000000,0.000000,0.000000,0.329891,-0.327803,-0.245378,0.126556,-0.323438,-0.245621,0.228223,-0.325620,-0.245499,0.188433,-0.337469,-0.214851,0.243032,-0.347694,-0.168953,0.260963,-0.347805,-0.210728
2026-06-05 12:01:05.039,35.599967,0.000000,0.000000,0.000000,0.329891,-0.327803,-0.245378,0.126853,-0.322502,-0.245538,0.228372,-0.325152,-0.245458,0.188433,-0.337469,-0.214851,0.242551,-0.348585,-0.169157,0.260963,-0.347805,-0.210728
2026-06-05 12:01:05.139,35.699966,0.000000,0.000000,0.000000,0.330483,-0.326919,-0.245298,0.126556,-0.323438,-0.245621,0.228519,-0.325178,-0.245460,-0.385604,-0.034987,-0.050507,0.242551,-0.348585,-0.169157,0.260963,-0.347805,-0.210728
2026-06-05 12:01:05.239,35.799966,0.000000,0.000000,0.000000,0.329891,-0.327803,-0.245378,0.126556,-0.323438,-0.245621,0.228223,-0.325620,-0.245499,0.188037,-0.338382,-0.214983,0.242551,-0.348585,-0.169157,0.260963,-0.347805,-0.210728
2026-06-05 12:01:05.339,35.899966,0.000000,0.000000,0.000000,0.329299,-0.328686,-0.245457,0.126853,-0.322502,-0.245538,0.228076,-0.325594,-0.245498,0.188037,-0.338382,-0.214983,0.242551,-0.348585,-0.169157,0.260963,-0.347805,-0.210728
2026-06-05 12:01:05.439,35.999966,0.000000,0.000000,0.000000,0.329891,-0.327803,-0.245378,0.126556,-0.323438,-0.245621,0.228223,-0.325620,-0.245499,-0.384832,-0.037060,-0.051094,0.242551,-0.348585,-0.169157,0.260963,-0.347805,-0.210728
2026-06-05 12:01:05.539,36.099966,0.000000,0.000000,0.000000,0.329299,-0.328686,-0.245457,0.126556,-0.323438,-0.245621,0.227927,-0.326062,-0.245539,0.188433,-0.337469,-0.214851,0.242551,-0.348585,-0.169157,0.261473,-0.346913,-0.210590
2026-06-05 12:01:05.639,36.199966,0.000000,0.000000,0.000000,0.329299,-0.328686,-0.245457,0.126556,-0.323438,-0.245621,0.227927,-0.326062,-0.245539,0.188433,-0.337469,-0.214851,0.242551,-0.348585,-0.169157,0.261473,-0.346913,-0.210590
2026-06-05 12:01:05.739,36.299966,0.000000,0.000000,0.000000,0.329299,-0.328686,-0.245457,0.126556,-0.323438,-0.245621,0.227927,-0.326062,-0.245539,0.188433,-0.337469,-0.214851,0.242551,-0.348585,-0.169157,0.261473,-0.346913,-0.210590
2026-06-05 12:01:05.839,36.399966,0.000000,0.000000,0.000000,0.329299,-0.328686,-0.245457,0.126556,-0.323438,-0.245621,0.227927,-0.326062,-0.245539,0.188433,-0.337469,-0.214851,0.242551,-0.348585,-0.169157,0.261473,-0.346913,-0.210590
2026-06-05 12:01:05.939,36.499966,0.000000,0.000000,0.000000,0.329299,-0.328686,-0.245457,0.126556,-0.323438,-0.245621,0.227927,-0.326062,-0.245539,0.188433,-0.337469,-0.214851,0.242551,-0.348585,-0.169157,0.261473,-0.346913,-0.210590
2026-06-05 12:01:06.039,36.599966,0.000000,0.000000,0.000000,0.329299,-0.328686,-0.245457,0.126556,-0.323438,-0.245621,0.227927,-0.326062,-0.245539,0.188433,-0.337469,-0.214851,0.242551,-0.348585,-0.169157,0.261473,-0.346913,-0.210590
2026-06-05 12:01:06.139,36.699966,0.000000,0.000000,0.000000,0.329891,-0.327803,-0.245378,0.126556,-0.323438,-0.245621,0.228223,-0.325620,-0.245499,0.188433,-0.337469,-0.214851,0.242551,-0.348585,-0.169157,0.260963,-0.347805,-0.210728
2026-06-05 12:01:06.239,36.799966,0.000000,0.000000,0.000000,0.329891,-0.327803,-0.245378,0.126556,-0.323438,-0.245621,0.228223,-0.325620,-0.245499,-0.311474,-0.039217,-0.050599,0.243218,-0.348702,-0.169173,0.260963,-0.347805,-0.210728
2026-06-05 12:01:06.339,36.899966,0.000000,0.000000,0.000000,0.329891,-0.327803,-0.245378,0.126556,-0.323438,-0.245621,0.228223,-0.325620,-0.245499,-0.311474,-0.039217,-0.050599,0.242551,-0.348585,-0.169157,0.261473,-0.346913,-0.210590
2026-06-05 12:01:06.439,36.999966,0.000000,0.000000,0.000000,0.331075,-0.326036,-0.245218,0.126556,-0.323438,-0.245621,0.228815,-0.324737,-0.245420,-0.311769,-0.038197,-0.050309,0.242555,-0.348651,-0.168483,0.261473,-0.346913,-0.210590
2026-06-05 12:01:06.539,37.099966,0.000000,0.000000,0.000000,0.329299,-0.328686,-0.245457,0.126556,-0.323438,-0.245621,0.227927,-0.326062,-0.245539,-0.311474,-0.039217,-0.050599,0.242555,-0.348651,-0.168483,0.260963,-0.347805,-0.210728
2026-06-05 12:01:06.639,37.199965,0.000000,0.000000,0.000000,0.329891,-0.327803,-0.245378,0.126853,-0.322502,-0.245538,0.228372,-0.325152,-0.245458,0.188433,-0.337469,-0.214851,0.243218,-0.348702,-0.169173,0.260963,-0.347805,-0.210728
2026-06-05 12:01:06.739,37.299965,0.000000,0.000000,0.000000,0.329891,-0.327803,-0.245378,0.126556,-0.323438,-0.245621,0.228223,-0.325620,-0.245499,0.188433,-0.337469,-0.214851,0.242551,-0.348585,-0.169157,0.260963,-0.347805,-0.210728
2026-06-05 12:01:06.839,37.399965,0.000000,0.000000,0.000000,0.329891,-0.327803,-0.245378,0.126853,-0.322502,-0.245538,0.228372,-0.325152,-0.245458,-0.310277,-0.040397,-0.050910,0.242551,-0.348585,-0.169157,0.260963,-0.347805,-0.210728
2026-06-05 12:01:06.939,37.499965,0.000000,0.000000,0.000000,0.330483,-0.326919,-0.245298,0.126556,-0.323438,-0.245621,0.228519,-0.325178,-0.245460,-0.310884,-0.041259,-0.051179,0.242551,-0.348585,-0.169157,0.260963,-0.347805,-0.210728
2026-06-05 12:01:07.039,37.599965,0.000000,0.000000,0.000000,0.329891,-0.327803,-0.245378,0.126556,-0.323438,-0.245621,0.228223,-0.325620,-0.245499,-0.311179,-0.040238,-0.050889,0.243032,-0.347694,-0.168953,0.260454,-0.348697,-0.210867
2026-06-05 12:01:07.139,37.699965,0.000000,0.000000,0.000000,-0.372747,-0.043521,-0.129430,0.126556,-0.323438,-0.245621,-0.123096,-0.183479,-0.187526,-0.309395,-0.043459,-0.051780,0.242555,-0.348651,-0.168483,0.260963,-0.347805,-0.210728
2026-06-05 12:01:07.239,37.799965,0.000000,0.000000,0.000000,0.329891,-0.327803,-0.245378,0.126556,-0.323438,-0.245621,0.228223,-0.325620,-0.245499,0.188433,-0.337469,-0.214851,0.242551,-0.348585,-0.169157,0.260963,-0.347805,-0.210728
2026-06-05 12:01:07.339,37.899965,0.000000,0.000000,0.000000,0.329299,-0.328686,-0.245457,0.126556,-0.323438,-0.245621,0.227927,-0.326062,-0.245539,-0.310277,-0.040397,-0.050910,0.242551,-0.348585,-0.169157,0.260963,-0.347805,-0.210728
2026-06-05 12:01:07.439,37.999965,0.000000,0.000000,0.000000,0.329891,-0.327803,-0.245378,0.126556,-0.323438,-0.245621,0.228223,-0.325620,-0.245499,0.188433,-0.337469,-0.214851,0.243032,-0.347694,-0.168953,0.260963,-0.347805,-0.210728
2026-06-05 12:01:07.539,38.099965,0.000000,0.000000,0.000000,0.330483,-0.326919,-0.245298,0.126556,-0.323438,-0.245621,0.228519,-0.325178,-0.245460,0.188433,-0.337469,-0.214851,0.242551,-0.348585,-0.169157,0.260963,-0.347805,-0.210728
2026-06-05 12:01:07.639,38.199965,0.000000,0.000000,0.000000,0.329891,-0.327803,-0.245378,0.126556,-0.323438,-0.245621,0.228223,-0.325620,-0.245499,-0.310277,-0.040397,-0.050910,0.242551,-0.348585,-0.169157,0.260963,-0.347805,-0.210728
2026-06-05 12:01:07.739,38.299964,0.000000,0.000000,0.000000,0.329891,-0.327803,-0.245378,0.126556,-0.323438,-0.245621,0.228223,-0.325620,-0.245499,0.187770,-0.337352,-0.214836,0.242551,-0.348585,-0.169157,0.260963,-0.347805,-0.210728
2026-06-05 12:01:07.839,38.399964,0.000000,0.000000,0.000000,0.329891,-0.327803,-0.245378,0.126556,-0.323438,-0.245621,0.228223,-0.325620,-0.245499,0.188433,-0.337469,-0.214851,0.242551,-0.348585,-0.169157,0.260963,-0.347805,-0.210728
2026-06-05 12:01:07.939,38.499964,0.000000,0.000000,0.000000,0.329891,-0.327803,-0.245378,0.126556,-0.323438,-0.245621,0.228223,-0.325620,-0.245499,0.188433,-0.337469,-0.214851,0.242551,-0.348585,-0.169157,0.260963,-0.347805,-0.210728
2026-06-05 12:01:08.039,38.599964,0.000000,0.000000,0.000000,0.329891,-0.327803,-0.245378,0.126556,-0.323438,-0.245621,0.228223,-0.325620,-0.245499,0.188433,-0.337469,-0.214851,0.242551,-0.348585,-0.169157,0.260963,-0.347805,-0.210728
2026-06-05 12:01:08.139,38.699964,0.000000,0.000000,0.000000,0.329891,-0.327803,-0.245378,0.126556,-0.323438,-0.245621,0.228223,-0.325620,-0.245499,0.188433,-0.337469,-0.214851,0.242551,-0.348585,-0.169157,0.260963,-0.347805,-0.210728
2026-06-05 12:01:08.239,38.799964,0.000000,0.000000,0.000000,0.329891,-0.327803,-0.245378,0.126556,-0.323438,-0.245621,0.228223,-0.325620,-0.245499,0.188433,-0.337469,-0.214851,0.242551,-0.348585,-0.169157,0.260963,-0.347805,-0.210728
2026-06-05 12:01:08.339,38.899964,0.000000,0.000000,0.000000,0.329891,-0.327803,-0.245378,0.126556,-0.323438,-0.245621,0.228223,-0.325620,-0.245499,0.188433,-0.337469,-0.214851,0.242551,-0.348585,-0.169157,0.260963,-0.347805,-0.210728
2026-06-05 12:01:08.439,38.999964,0.000000,0.000000,0.000000,0.329891,-0.327803,-0.245378,0.126556,-0.323438,-0.245621,0.228223,-0.325620,-0.245499,0.188433,-0.337469,-0.214851,0.242551,-0.348585,-0.169157,0.260963,-0.347805,-0.210728
2026-06-05 12:01:08.539,39.099964,0.000000,0.000000,0.000000,0.329891,-0.327803,-0.245378,0.126556,-0.323438,-0.245621,0.228223,-0.325620,-0.245499,0.188433,-0.337469,-0.214851,0.242551,-0.348585,-0.169157,0.260963,-0.347805,-0.210728
2026-06-05 12:01:08.639,39.199964,0.000000,0.000000,0.000000,0.329891,-0.327803,-0.245378,0.126556,-0.323438,-0.245621,0.228223,-0.325620,-0.245499,0.188433,-0.337469,-0.214851,0.242551,-0.348585,-0.169157,0.260963,-0.347805,-0.210728
2026-06-05 12:01:08.739,39.299964,0.000000,0.000000,0.000000,0.329891,-0.327803,-0.245378,0.126556,-0.323438,-0.245621,0.228223,-0.325620,-0.245499,0.188433,-0.337469,-0.214851,0.242551,-0.348585,-0.169157,0.260963,-0.347805,-0.210728
2026-06-05 12:01:08.839,39.399964,0.000000,0.000000,0.000000,0.329299,-0.328686,-0.245457,0.126853,-0.322502,-0.245538,0.228076,-0.325594,-0.245498,0.188433,-0.337469,-0.214851,0.242551,-0.348585,-0.169157,0.260963,-0.347805,-0.210728
2026-06-05 12:01:08.939,39.499964,0.000000,0.000000,0.000000,0.329299,-0.328686,-0.245457,0.126853,-0.322502,-0.245538,0.228076,-0.325594,-0.245498,0.188433,-0.337469,-0.214851,0.242791,-0.348139,-0.169055,0.260454,-0.348697,-0.210867
2026-06-05 12:01:09.039,39.599964,0.000000,0.000000,0.000000,0.329891,-0.327803,-0.245378,0.126556,-0.323438,-0.245621,0.228223,-0.325620,-0.245499,0.188433,-0.337469,-0.214851,0.243032,-0.347694,-0.168953,0.260963,-0.347805,-0.210728
2026-06-05 12:01:09.139,39.699964,0.000000,0.000000,0.000000,0.329891,-0.327803,-0.245378,0.126556,-0.323438,-0.245621,0.228223,-0.325620,-0.245499,0.188433,-0.337469,-0.214851,0.242551,-0.348585,-0.169157,0.260297,-0.347688,-0.210713
2026-06-05 12:01:09.239,39.799964,0.000000,0.000000,0.000000,0.329891,-0.327803,-0.245378,0.126556,-0.323438,-0.245621,0.228223,-0.325620,-0.245499,0.188433,-0.337469,-0.214851,0.243032,-0.347694,-0.168953,0.260963,-0.347805,-0.210728
2026-06-05 12:01:09.339,39.899964,0.000000,0.000000,0.000000,0.329891,-0.327803,-0.245378,0.126556,-0.323438,-0.245621,0.228223,-0.325620,-0.245499,0.188433,-0.337469,-0.214851,0.242551,-0.348585,-0.169157,0.260963,-0.347805,-0.210728
2026-06-05 12:01:09.439,39.999964,0.000000,0.000000,0.000000,0.329891,-0.327803,-0.245378,0.126556,-0.323438,-0.245621,0.228223,-0.325620,-0.245499,0.188433,-0.337469,-0.214851,0.242551,-0.348585,-0.169157,0.260454,-0.348697,-0.210867
2026-06-05 12:01:09.539,40.099963,0.000000,0.000000,0.000000,0.329891,-0.327803,-0.245378,0.126556,-0.323438,-0.245621,0.228223,-0.325620,-0.245499,0.188037,-0.338382,-0.214983,0.242551,-0.348585,-0.169157,0.260963,-0.347805,-0.210728
2026-06-05 12:01:09.639,40.199963,0.000000,0.000000,0.000000,0.328603,-0.328563,-0.245441,0.126556,-0.323438,-0.245621,0.227579,-0.326001,-0.245531,0.188037,-0.338382,-0.214983,0.242555,-0.348651,-0.168483,0.260963,-0.347805,-0.210728
2026-06-05 12:01:09.739,40.299963,0.000000,0.000000,0.000000,0.329891,-0.327803,-0.245378,0.126556,-0.323438,-0.245621,0.228223,-0.325620,-0.245499,0.187770,-0.337352,-0.214836,0.243032,-0.347694,-0.168953,0.260963,-0.347805,-0.210728
2026-06-05 12:01:09.839,40.399963,0.000000,0.000000,0.000000,0.329299,-0.328686,-0.245457,0.126556,-0.323438,-0.245621,0.227927,-0.326062,-0.245539,0.188433,-0.337469,-0.214851,0.242555,-0.348651,-0.168483,0.260963,-0.347805,-0.210728
2026-06-05 12:01:09.939,40.499963,0.000000,0.000000,0.000000,0.329891,-0.327803,-0.245378,0.126556,-0.323438,-0.245621,0.228223,-0.325620,-0.245499,0.188433,-0.337469,-0.214851,0.242791,-0.348139,-0.169055,0.260963,-0.347805,-0.210728
2026-06-05 12:01:10.039,40.599963,0.000000,0.000000,0.000000,0.329891,-0.327803,-0.245378,0.126556,-0.323438,-0.245621,0.228223,-0.325620,-0.245499,0.188433,-0.337469,-0.214851,0.242551,-0.348585,-0.169157,0.260963,-0.347805,-0.210728
2026-06-05 12:01:10.139,40.699963,0.000000,0.000000,0.000000,0.329891,-0.327803,-0.245378,0.126556,-0.323438,-0.245621,0.228223,-0.325620,-0.245499,0.188433,-0.337469,-0.214851,0.242551,-0.348585,-0.169157,0.260963,-0.347805,-0.210728
2026-06-05 12:01:10.239,40.799963,0.000000,0.000000,0.000000,0.329891,-0.327803,-0.245378,0.126556,-0.323438,-0.245621,0.228223,-0.325620,-0.245499,0.188433,-0.337469,-0.214851,0.242555,-0.348651,-0.168483,0.260454,-0.348697,-0.210867
2026-06-05 12:01:10.339,40.899963,0.000000,0.000000,0.000000,0.329891,-0.327803,-0.245378,0.126556,-0.323438,-0.245621,0.228223,-0.325620,-0.245499,0.188433,-0.337469,-0.214851,0.242551,-0.348585,-0.169157,0.260963,-0.347805,-0.210728
2026-06-05 12:01:10.439,40.999963,0.000000,0.000000,0.000000,0.329299,-0.328686,-0.245457,0.126556,-0.323438,-0.245621,0.227927,-0.326062,-0.245539,0.188433,-0.337469,-0.214851,0.242551,-0.348585,-0.169157,0.260963,-0.347805,-0.210728
2026-06-05 12:01:10.539,41.099962,0.000000,0.000000,0.000000,0.329194,-0.327680,-0.245361,0.126556,-0.323438,-0.245621,0.227875,-0.325559,-0.245491,0.188433,-0.337469,-0.214851,0.242551,-0.348585,-0.169157,0.260963,-0.347805,-0.210728
2026-06-05 12:01:10.639,41.199962,0.000000,0.000000,0.000000,0.329891,-0.327803,-0.245378,0.126560,-0.323504,-0.244950,0.228225,-0.325653,-0.245164,0.188037,-0.338382,-0.214983,0.243032,-0.347694,-0.168953,0.260963,-0.347805,-0.210728
2026-06-05 12:01:10.739,41.299962,0.000000,0.000000,0.000000,0.328707,-0.329569,-0.245537,0.126853,-0.322502,-0.245538,0.227780,-0.326036,-0.245537,0.188433,-0.337469,-0.214851,0.243032,-0.347694,-0.168953,0.260297,-0.347688,-0.210713
2026-06-05 12:01:10.839,41.399962,0.000000,0.000000,0.000000,0.328707,-0.329569,-0.245537,0.126556,-0.323438,-0.245621,0.227632,-0.326504,-0.245579,0.188037,-0.338382,-0.214983,0.242551,-0.348585,-0.169157,0.260963,-0.347805,-0.210728
2026-06-05 12:01:10.939,41.499962,0.000000,0.000000,0.000000,0.329299,-0.328686,-0.245457,0.126556,-0.323438,-0.245621,0.227927,-0.326062,-0.245539,0.188433,-0.337469,-0.214851,0.243032,-0.347694,-0.168953,0.260963,-0.347805,-0.210728
2026-06-05 12:01:11.039,41.599962,0.000000,0.000000,0.000000,0.329891,-0.327803,-0.245378,0.126556,-0.323438,-0.245621,0.228223,-0.325620,-0.245499,0.188433,-0.337469,-0.214851,0.242551,-0.348585,-0.169157,0.260963,-0.347805,-0.210728
2026-06-05 12:01:11.139,41.699962,0.000000,0.000000,0.000000,0.329299,-0.328686,-0.245457,0.126556,-0.323438,-0.245621,0.227927,-0.326062,-0.245539,0.188037,-0.338382,-0.214983,0.243032,-0.347694,-0.168953,0.260963,-0.347805,-0.210728
2026-06-05 12:01:11.239,41.799962,0.000000,0.000000,0.000000,0.329299,-0.328686,-0.245457,0.126556,-0.323438,-0.245621,0.227927,-0.326062,-0.245539,0.188433,-0.337469,-0.214851,0.242551,-0.348585,-0.169157,0.261473,-0.346913,-0.210590
2026-06-05 12:01:11.339,41.899962,0.000000,0.000000,0.000000,0.328603,-0.328563,-0.245441,0.126556,-0.323438,-0.245621,0.227579,-0.326001,-0.245531,0.188433,-0.337469,-0.214851,0.242551,-0.348585,-0.169157,0.260963,-0.347805,-0.210728
2026-06-05 12:01:11.439,41.999962,0.000000,0.000000,0.000000,0.329891,-0.327803,-0.245378,0.126556,-0.323438,-0.245621,0.228223,-0.325620,-0.245499,0.188433,-0.337469,-0.214851,0.243032,-0.347694,-0.168953,0.260963,-0.347805,-0.210728
2026-06-05 12:01:11.539,42.099962,0.000000,0.000000,0.000000,0.329891,-0.327803,-0.245378,0.126556,-0.323438,-0.245621,0.228223,-0.325620,-0.245499,0.188037,-0.338382,-0.214983,0.242551,-0.348585,-0.169157,0.260963,-0.347805,-0.210728
2026-06-05 12:01:11.639,42.199961,0.000000,0.000000,0.000000,0.329299,-0.328686,-0.245457,0.126556,-0.323438,-0.245621,0.227927,-0.326062,-0.245539,0.188433,-0.337469,-0.214851,0.242551,-0.348585,-0.169157,0.260963,-0.347805,-0.210728
2026-06-05 12:01:11.739,42.299961,0.000000,0.000000,0.000000,0.329891,-0.327803,-0.245378,0.126556,-0.323438,-0.245621,0.228223,-0.325620,-0.245499,0.188037,-0.338382,-0.214983,0.242551,-0.348585,-0.169157,0.260963,-0.347805,-0.210728
2026-06-05 12:01:11.839,42.399961,0.000000,0.000000,0.000000,0.329299,-0.328686,-0.245457,0.126556,-0.323438,-0.245621,0.227927,-0.326062,-0.245539,0.188433,-0.337469,-0.214851,0.243032,-0.347694,-0.168953,0.260963,-0.347805,-0.210728
2026-06-05 12:01:11.939,42.499961,0.000000,0.000000,0.000000,0.329891,-0.327803,-0.245378,0.126556,-0.323438,-0.245621,0.228223,-0.325620,-0.245499,0.188433,-0.337469,-0.214851,0.242551,-0.348585,-0.169157,0.260708,-0.348251,-0.210797
2026-06-05 12:01:12.039,42.599961,0.000000,0.000000,0.000000,0.329299,-0.328686,-0.245457,0.126556,-0.323438,-0.245621,0.227927,-0.326062,-0.245539,0.188433,-0.337469,-0.214851,0.242551,-0.348585,-0.169157,0.260963,-0.347805,-0.210728
2026-06-05 12:01:12.139,42.699961,0.000000,0.000000,0.000000,0.329891,-0.327803,-0.245378,0.126556,-0.323438,-0.245621,0.228223,-0.325620,-0.245499,0.188433,-0.337469,-0.214851,0.242551,-0.348585,-0.169157,0.260963,-0.347805,-0.210728
2026-06-05 12:01:12.239,42.799961,0.000000,0.000000,0.000000,0.329891,-0.327803,-0.245378,0.126556,-0.323438,-0.245621,0.228223,-0.325620,-0.245499,0.188037,-0.338382,-0.214983,0.242551,-0.348585,-0.169157,0.260297,-0.347688,-0.210713
2026-06-05 12:01:12.339,42.899961,0.000000,0.000000,0.000000,0.329299,-0.328686,-0.245457,0.126556,-0.323438,-0.245621,0.227927,-0.326062,-0.245539,0.188433,-0.337469,-0.214851,0.242551,-0.348585,-0.169157,0.260963,-0.347805,-0.210728
2026-06-05 12:01:12.439,42.999961,0.000000,0.000000,0.000000,0.329891,-0.327803,-0.245378,0.126556,-0.323438,-0.245621,0.228223,-0.325620,-0.245499,0.188433,-0.337469,-0.214851,0.242551,-0.348585,-0.169157,0.260963,-0.347805,-0.210728
2026-06-05 12:01:12.539,43.099961,0.000000,0.000000,0.000000,0.329891,-0.327803,-0.245378,0.126556,-0.323438,-0.245621,0.228223,-0.325620,-0.245499,0.188037,-0.338382,-0.214983,0.243032,-0.347694,-0.168953,0.260454,-0.348697,-0.210867
2026-06-05 12:01:12.639,43.199960,0.000000,0.000000,0.000000,0.329299,-0.328686,-0.245457,0.126853,-0.322502,-0.245538,0.228076,-0.325594,-0.245498,0.188037,-0.338382,-0.214983,0.243032,-0.347694,-0.168953,0.260963,-0.347805,-0.210728
2026-06-05 12:01:12.739,43.299960,0.000000,0.000000,0.000000,0.329891,-0.327803,-0.245378,0.126556,-0.323438,-0.245621,0.228223,-0.325620,-0.245499,0.188433,-0.337469,-0.214851,0.242551,-0.348585,-0.169157,0.260963,-0.347805,-0.210728
2026-06-05 12:01:12.839,43.399960,0.000000,0.000000,0.000000,0.329299,-0.328686,-0.245457,0.126556,-0.323438,-0.245621,0.227927,-0.326062,-0.245539,0.188433,-0.337469,-0.214851,0.242551,-0.348585,-0.169157,0.260963,-0.347805,-0.210728
2026-06-05 12:01:12.939,43.499960,0.000000,0.000000,0.000000,0.329891,-0.327803,-0.245378,0.126556,-0.323438,-0.245621,0.228223,-0.325620,-0.245499,0.188037,-0.338382,-0.214983,0.243218,-0.348702,-0.169173,0.260963,-0.347805,-0.210728
2026-06-05 12:01:13.039,43.599960,0.000000,0.000000,0.000000,0.329891,-0.327803,-0.245378,0.126556,-0.323438,-0.245621,0.228223,-0.325620,-0.245499,0.188433,-0.337469,-0.214851,0.243032,-0.347694,-0.168953,0.260963,-0.347805,-0.210728
2026-06-05 12:01:13.139,43.699960,0.000000,0.000000,0.000000,0.329299,-0.328686,-0.245457,0.126853,-0.322502,-0.245538,0.228076,-0.325594,-0.245498,0.188433,-0.337469,-0.214851,0.242551,-0.348585,-0.169157,0.260297,-0.347688,-0.210713
2026-06-05 12:01:13.239,43.799960,0.000000,0.000000,0.000000,0.328603,-0.328563,-0.245441,0.126258,-0.324373,-0.245705,0.227431,-0.326468,-0.245573,0.188433,-0.337469,-0.214851,0.242551,-0.348585,-0.169157,0.260963,-0.347805,-0.210728
2026-06-05 12:01:13.339,43.899960,0.000000,0.000000,0.000000,0.329891,-0.327803,-0.245378,0.126258,-0.324373,-0.245705,0.228075,-0.326088,-0.245541,0.188433,-0.337469,-0.214851,0.242551,-0.348585,-0.169157,0.260963,-0.347805,-0.210728
2026-06-05 12:01:13.439,43.999960,0.000000,0.000000,0.000000,0.329299,-0.328686,-0.245457,0.126556,-0.323438,-0.245621,0.227927,-0.326062,-0.245539,0.188037,-0.338382,-0.214983,0.242551,-0.348585,-0.169157,0.260963,-0.347805,-0.210728
2026-06-05 12:01:13.539,44.099960,0.000000,0.000000,0.000000,0.329299,-0.328686,-0.245457,0.126556,-0.323438,-0.245621,0.227927,-0.326062,-0.245539,0.188433,-0.337469,-0.214851,0.243032,-0.347694,-0.168953,0.260454,-0.348697,-0.210867
2026-06-05 12:01:13.639,44.199960,0.000000,0.000000,0.000000,0.329299,-0.328686,-0.245457,0.126556,-0.323438,-0.245621,0.227927,-0.326062,-0.245539,0.188433,-0.337469,-0.214851,0.242551,-0.348585,-0.169157,0.261218,-0.347359,-0.210659
2026-06-05 12:01:13.739,44.299959,0.000000,0.000000,0.000000,0.329891,-0.327803,-0.245378,0.126556,-0.323438,-0.245621,0.228223,-0.325620,-0.245499,0.188433,-0.337469,-0.214851,0.242551,-0.348585,-0.169157,0.260963,-0.347805,-0.210728
2026-06-05 12:01:13.839,44.399959,0.000000,0.000000,0.000000,0.329194,-0.327680,-0.245361,0.126556,-0.323438,-0.245621,0.227875,-0.325559,-0.245491,0.188433,-0.337469,-0.214851,0.242551,-0.348585,-0.169157,0.260963,-0.347805,-0.210728
