Format Version,1.23,Take Name,MDC_data_1784521221,Take Notes,,Capture Frame Rate,10,Export Frame Rate,10,Capture Start Time,2026-07-20 02:20:31 PM,Total Frames in Take,,Total Exported Frames,,Rotation Type,XYZ,Length Units,Meters,Coordinate Space,Global

,Type,Rigid Body Marker,Rigid Body Marker,Rigid Body Marker,Rigid Body Marker,Rigid Body Marker,Rigid Body Marker,Rigid Body Marker,Rigid Body Marker,Rigid Body Marker,Rigid Body Marker,Rigid Body Marker,Rigid Body Marker,Marker,Marker,Marker,Marker,Marker,Marker,Marker,Marker,Marker
,Name,Tag0,Tag0,Tag0,Tag1,Tag1,Tag1,Tag2,Tag2,Tag2,Midpoint,Midpoint,Midpoint,Purple,Purple,Purple,Pink,Pink,Pink,Green,Green,Green
,ID,Tag0,Tag0,Tag0,Tag1,Tag1,Tag1,Tag2,Tag2,Tag2,Midpoint,Midpoint,Midpoint,Purple,Purple,Purple,Pink,Pink,Pink,Green,Green,Green
,,Position,Position,Position,Position,Position,Position,Position,Position,Position,Position,Position,Position,Position,Position,Position,Position,Position,Position,Position,Position,Position
Timestamp,Time (Seconds),X,Y,Z,X,Y,Z,X,Y,Z,X,Y,Z,X,Y,Z,X,Y,Z,X,Y,Z
2026-07-20 14:20:31.928,0.000000,0.000000,0.000000,0.000000,0.318872,-0.404334,-0.251035,0.121179,-0.370778,-0.249440,0.220026,-0.387556,-0.250238,0.195162,-0.413096,-0.224165,0.211714,-0.420853,-0.179488,0.240307,-0.419271,-0.221929
2026-07-20 14:20:32.028,0.100000,0.000000,0.000000,0.000000,0.318515,-0.404255,-0.250816,0.122139,-0.367967,-0.250212,0.220327,-0.386111,-0.250514,0.195113,-0.412085,-0.223969,0.211666,-0.419842,-0.179293,0.240258,-0.418260,-0.221733
2026-07-20 14:20:32.128,0.200000,0.000000,0.000000,0.000000,0.318419,-0.402233,-0.250425,0.122042,-0.365945,-0.249821,0.220230,-0.384089,-0.250123,0.195017,-0.410063,-0.223578,0.211569,-0.417820,-0.178902,0.240162,-0.416238,-0.221342
2026-07-20 14:20:32.228,0.300000,0.000000,0.000000,0.000000,0.318776,-0.402312,-0.250644,0.121159,-0.367768,-0.249071,0.219968,-0.385040,-0.249858,0.195065,-0.411074,-0.223774,0.211617,-0.418831,-0.179097,0.240210,-0.417249,-0.221537
2026-07-20 14:20:32.328,0.400000,0.000000,0.000000,0.000000,0.303728,-0.439692,-0.214488,0.108008,-0.394846,-0.215819,0.205868,-0.417269,-0.215154,0.180314,-0.441006,-0.186606,0.196674,-0.446159,-0.141443,0.225250,-0.448427,-0.183975
2026-07-20 14:20:32.428,0.500000,0.000000,0.000000,0.000000,0.303670,-0.435589,-0.214077,0.108487,-0.393925,-0.215080,0.206079,-0.414757,-0.214578,0.180256,-0.436904,-0.186194,0.196728,-0.441580,-0.141044,0.225192,-0.444324,-0.183564
2026-07-20 14:20:32.528,0.599999,0.000000,0.000000,0.000000,0.318776,-0.402312,-0.250644,0.121083,-0.368756,-0.249049,0.219929,-0.385534,-0.249846,0.195065,-0.411074,-0.223774,0.211617,-0.418831,-0.179097,0.240210,-0.417249,-0.221537
2026-07-20 14:20:32.628,0.699999,0.000000,0.000000,0.000000,0.303670,-0.435589,-0.214077,0.107407,-0.395639,-0.214846,0.205539,-0.415614,-0.214461,0.180458,-0.435949,-0.186274,0.196839,-0.441104,-0.141056,0.225192,-0.444324,-0.183564
2026-07-20 14:20:32.728,0.799999,0.000000,0.000000,0.000000,0.318679,-0.400290,-0.250253,0.121760,-0.367898,-0.249556,0.220219,-0.384094,-0.249904,0.194968,-0.409052,-0.223382,0.211521,-0.416809,-0.178706,0.240113,-0.415227,-0.221146
2026-07-20 14:20:32.828,0.899999,0.000000,0.000000,0.000000,0.318631,-0.399279,-0.250058,0.121867,-0.364911,-0.249407,0.220249,-0.382095,-0.249732,0.194920,-0.408041,-0.223187,0.211472,-0.415798,-0.178511,0.240065,-0.414216,-0.220951
2026-07-20 14:20:32.928,0.999999,0.000000,0.000000,0.000000,0.318467,-0.403244,-0.250621,0.121935,-0.368932,-0.249970,0.220201,-0.386088,-0.250295,0.195065,-0.411074,-0.223774,0.211617,-0.418831,-0.179097,0.240322,-0.416774,-0.221532
2026-07-20 14:20:33.028,1.099999,0.000000,0.000000,0.000000,0.318727,-0.401301,-0.250449,0.121886,-0.367921,-0.249774,0.220307,-0.384611,-0.250112,0.195017,-0.410063,-0.223578,0.211569,-0.417820,-0.178902,0.240162,-0.416238,-0.221342
2026-07-20 14:20:33.128,1.199999,0.000000,0.000000,0.000000,0.318582,-0.398268,-0.249862,0.120889,-0.364712,-0.248267,0.219736,-0.381490,-0.249064,0.194872,-0.407030,-0.222991,0.211424,-0.414787,-0.178315,0.240016,-0.413205,-0.220755
2026-07-20 14:20:33.228,1.299999,0.000000,0.000000,0.000000,0.303670,-0.435589,-0.214077,0.108356,-0.394947,-0.215862,0.206013,-0.415268,-0.214970,0.180256,-0.436904,-0.186194,0.196839,-0.441104,-0.141056,0.225447,-0.443384,-0.183641
2026-07-20 14:20:33.328,1.399999,0.000000,0.000000,0.000000,0.318370,-0.401222,-0.250230,0.120986,-0.366734,-0.248658,0.219678,-0.383978,-0.249444,0.194968,-0.409052,-0.223382,0.211521,-0.416809,-0.178706,0.240113,-0.415227,-0.221146
2026-07-20 14:20:33.428,1.499999,0.000000,0.000000,0.000000,0.303684,-0.436615,-0.214180,0.108480,-0.394994,-0.216079,0.206082,-0.415804,-0.215129,0.180271,-0.437929,-0.186297,0.196853,-0.442130,-0.141159,0.225206,-0.445350,-0.183667
2026-07-20 14:20:33.528,1.599998,0.000000,0.000000,0.000000,0.318467,-0.403244,-0.250621,0.121159,-0.367768,-0.249071,0.219813,-0.385506,-0.249846,0.195065,-0.411074,-0.223774,0.211617,-0.418831,-0.179097,0.240210,-0.417249,-0.221537
2026-07-20 14:20:33.628,1.699998,0.000000,0.000000,0.000000,0.318370,-0.401222,-0.250230,0.121140,-0.364758,-0.248702,0.219755,-0.382990,-0.249466,0.194968,-0.409052,-0.223382,0.211521,-0.416809,-0.178706,0.240113,-0.415227,-0.221146
2026-07-20 14:20:33.728,1.799998,0.000000,0.000000,0.000000,0.318322,-0.400211,-0.250034,0.121789,-0.365899,-0.249383,0.220056,-0.383055,-0.249709,0.194920,-0.408041,-0.223187,0.211472,-0.415798,-0.178511,0.240065,-0.414216,-0.220951
2026-07-20 14:20:33.828,1.899998,0.000000,0.000000,0.000000,0.318322,-0.400211,-0.250034,0.121789,-0.365899,-0.249383,0.220056,-0.383055,-0.249709,0.194920,-0.408041,-0.223187,0.211472,-0.415798,-0.178511,0.240065,-0.414216,-0.220951
2026-07-20 14:20:33.928,1.999998,0.000000,0.000000,0.000000,0.318872,-0.404334,-0.251035,0.121953,-0.371942,-0.250338,0.220413,-0.388138,-0.250687,0.195332,-0.412132,-0.224156,0.211714,-0.420853,-0.179488,0.240531,-0.418321,-0.221917
2026-07-20 14:20:34.028,2.099998,0.000000,0.000000,0.000000,0.318370,-0.401222,-0.250230,0.122072,-0.363946,-0.249649,0.220221,-0.382584,-0.249939,0.194968,-0.409052,-0.223382,0.211521,-0.416809,-0.178706,0.240338,-0.414277,-0.221135
2026-07-20 14:20:34.128,2.199998,0.000000,0.000000,0.000000,0.318824,-0.403323,-0.250840,0.121131,-0.369767,-0.249244,0.219978,-0.386545,-0.250042,0.195113,-0.412085,-0.223969,0.211474,-0.420799,-0.179356,0.240258,-0.418260,-0.221733
2026-07-20 14:20:34.228,2.299998,0.000000,0.000000,0.000000,0.318727,-0.401301,-0.250449,0.121034,-0.367745,-0.248853,0.219881,-0.384523,-0.249651,0.195017,-0.410063,-0.223578,0.211569,-0.417820,-0.178902,0.240162,-0.416238,-0.221342
2026-07-20 14:20:34.328,2.399998,0.000000,0.000000,0.000000,0.318515,-0.404255,-0.250816,0.122061,-0.368955,-0.250189,0.220288,-0.386605,-0.250502,0.195113,-0.412085,-0.223969,0.211666,-0.419842,-0.179293,0.240258,-0.418260,-0.221733
2026-07-20 14:20:34.428,2.499998,0.000000,0.000000,0.000000,0.318486,-0.396246,-0.249471,0.121644,-0.362866,-0.248797,0.220065,-0.379556,-0.249134,0.194775,-0.405008,-0.222600,0.211327,-0.412765,-0.177924,0.239920,-0.411183,-0.220364
2026-07-20 14:20:34.528,2.599998,0.000000,0.000000,0.000000,0.318370,-0.401222,-0.250230,0.121063,-0.365746,-0.248680,0.219717,-0.383484,-0.249455,0.194968,-0.409052,-0.223382,0.211521,-0.416809,-0.178706,0.240113,-0.415227,-0.221146
2026-07-20 14:20:34.628,2.699997,0.000000,0.000000,0.000000,0.321862,-0.381426,-0.279100,0.125070,-0.347278,-0.277128,0.223466,-0.364352,-0.278114,0.197992,-0.392224,-0.253750,0.214279,-0.403403,-0.208813,0.243127,-0.398532,-0.251696
2026-07-20 14:20:34.728,2.799997,0.000000,0.000000,0.000000,0.318921,-0.405345,-0.251231,0.121151,-0.372778,-0.249613,0.220036,-0.389062,-0.250422,0.195210,-0.414107,-0.224360,0.211762,-0.421864,-0.179684,0.240580,-0.419332,-0.222113
2026-07-20 14:20:34.828,2.899997,0.000000,0.000000,0.000000,0.321965,-0.383413,-0.279643,0.125095,-0.350252,-0.277723,0.223530,-0.366832,-0.278683,0.198095,-0.394211,-0.254293,0.214371,-0.405289,-0.210219,0.243230,-0.400520,-0.252239
2026-07-20 14:20:34.928,2.999997,0.000000,0.000000,0.000000,0.318872,-0.404334,-0.251035,0.121256,-0.369790,-0.249462,0.220064,-0.387062,-0.250249,0.195162,-0.413096,-0.224165,0.211714,-0.420853,-0.179488,0.240307,-0.419271,-0.221929
2026-07-20 14:20:35.028,3.099997,0.000000,0.000000,0.000000,0.319066,-0.408378,-0.251818,0.121450,-0.373834,-0.250244,0.220258,-0.391106,-0.251031,0.195355,-0.417140,-0.224947,0.211908,-0.424897,-0.180270,0.240500,-0.423315,-0.222711
2026-07-20 14:20:35.128,3.199997,0.000000,0.000000,0.000000,0.318679,-0.400290,-0.250253,0.120986,-0.366734,-0.248658,0.219832,-0.383512,-0.249455,0.194968,-0.409052,-0.223382,0.211712,-0.415852,-0.178642,0.240113,-0.415227,-0.221146
2026-07-20 14:20:35.228,3.299997,0.000000,0.000000,0.000000,0.318679,-0.400290,-0.250253,0.120986,-0.366734,-0.248658,0.219832,-0.383512,-0.249455,0.194968,-0.409052,-0.223382,0.211329,-0.417765,-0.178770,0.240113,-0.415227,-0.221146
2026-07-20 14:20:35.328,3.399997,0.000000,0.000000,0.000000,0.318661,-0.407288,-0.251403,0.122128,-0.372976,-0.250752,0.220394,-0.390132,-0.251077,0.195429,-0.414154,-0.224547,0.211620,-0.423832,-0.179943,0.240403,-0.421293,-0.222320
2026-07-20 14:20:35.428,3.499997,0.000000,0.000000,0.000000,0.318727,-0.401301,-0.250449,0.122042,-0.365945,-0.249821,0.220385,-0.383623,-0.250135,0.195017,-0.410063,-0.223578,0.211569,-0.417820,-0.178902,0.240162,-0.416238,-0.221342
2026-07-20 14:20:35.528,3.599997,0.000000,0.000000,0.000000,0.304260,-0.427606,-0.213679,0.108378,-0.387814,-0.215359,0.206319,-0.407710,-0.214519,0.180169,-0.430750,-0.185578,0.196752,-0.434951,-0.140439,0.225105,-0.438171,-0.182947
2026-07-20 14:20:35.628,3.699996,0.000000,0.000000,0.000000,0.318419,-0.402233,-0.250425,0.121111,-0.366757,-0.248875,0.219765,-0.384495,-0.249650,0.195017,-0.410063,-0.223578,0.211378,-0.418777,-0.178965,0.240162,-0.416238,-0.221342
2026-07-20 14:20:35.728,3.799996,0.000000,0.000000,0.000000,0.318564,-0.405266,-0.251012,0.121256,-0.369790,-0.249462,0.219910,-0.387528,-0.250237,0.195162,-0.413096,-0.224165,0.211523,-0.421809,-0.179552,0.240307,-0.419271,-0.221929
2026-07-20 14:20:35.828,3.899996,0.000000,0.000000,0.000000,0.318921,-0.405345,-0.251231,0.122158,-0.370977,-0.250580,0.220539,-0.388161,-0.250905,0.195210,-0.414107,-0.224360,0.211762,-0.421864,-0.179684,0.240355,-0.420282,-0.222124
2026-07-20 14:20:35.928,3.999996,0.000000,0.000000,0.000000,0.319114,-0.409389,-0.252013,0.122273,-0.376009,-0.251339,0.220694,-0.392699,-0.251676,0.195404,-0.418151,-0.225142,0.211956,-0.425908,-0.180466,0.240549,-0.424326,-0.222906
2026-07-20 14:20:36.028,4.099996,0.000000,0.000000,0.000000,0.318515,-0.404255,-0.250816,0.121983,-0.369943,-0.250165,0.220249,-0.387099,-0.250491,0.195284,-0.411121,-0.223961,0.211666,-0.419842,-0.179293,0.240258,-0.418260,-0.221733
2026-07-20 14:20:36.128,4.199996,0.000000,0.000000,0.000000,0.318872,-0.404334,-0.251035,0.121102,-0.371767,-0.249418,0.219987,-0.388051,-0.250226,0.195162,-0.413096,-0.224165,0.211523,-0.421809,-0.179552,0.240531,-0.418321,-0.221917
2026-07-20 14:20:36.228,4.299996,0.000000,0.000000,0.000000,0.321811,-0.380432,-0.278828,0.124007,-0.348152,-0.276034,0.222909,-0.364292,-0.277431,0.197940,-0.391231,-0.253479,0.214216,-0.402308,-0.209405,0.243075,-0.397539,-0.251424
2026-07-20 14:20:36.328,4.399996,0.000000,0.000000,0.000000,0.319181,-0.403403,-0.251059,0.121179,-0.370778,-0.249440,0.220180,-0.387091,-0.250249,0.195332,-0.412132,-0.224156,0.211714,-0.420853,-0.179488,0.240531,-0.418321,-0.221917
2026-07-20 14:20:36.428,4.499996,0.000000,0.000000,0.000000,0.318631,-0.399279,-0.250058,0.121014,-0.364735,-0.248484,0.219823,-0.382007,-0.249271,0.194920,-0.408041,-0.223187,0.211472,-0.415798,-0.178511,0.240065,-0.414216,-0.220951
2026-07-20 14:20:36.528,4.599996,0.000000,0.000000,0.000000,0.318727,-0.401301,-0.250449,0.121034,-0.367745,-0.248853,0.219881,-0.384523,-0.249651,0.195017,-0.410063,-0.223578,0.211569,-0.417820,-0.178902,0.240162,-0.416238,-0.221342
2026-07-20 14:20:36.628,4.699996,0.000000,0.000000,0.000000,0.318824,-0.403323,-0.250840,0.121208,-0.368779,-0.249266,0.220016,-0.386051,-0.250053,0.195113,-0.412085,-0.223969,0.211666,-0.419842,-0.179293,0.240258,-0.418260,-0.221733
2026-07-20 14:20:36.728,4.799995,0.000000,0.000000,0.000000,0.318564,-0.405266,-0.251012,0.121179,-0.370778,-0.249440,0.219872,-0.388022,-0.250226,0.195162,-0.413096,-0.224165,0.211714,-0.420853,-0.179488,0.240307,-0.419271,-0.221929
2026-07-20 14:20:36.828,4.899995,0.000000,0.000000,0.000000,0.318806,-0.410321,-0.251989,0.122273,-0.376009,-0.251339,0.220539,-0.393165,-0.251664,0.195404,-0.418151,-0.225142,0.211765,-0.426864,-0.180529,0.240549,-0.424326,-0.222906
2026-07-20 14:20:36.928,4.999995,0.000000,0.000000,0.000000,0.318612,-0.406277,-0.251207,0.122236,-0.369989,-0.250603,0.220424,-0.388133,-0.250905,0.195210,-0.414107,-0.224360,0.211571,-0.422821,-0.179747,0.240355,-0.420282,-0.222124
2026-07-20 14:20:37.028,5.099995,0.000000,0.000000,0.000000,0.318437,-0.395235,-0.249276,0.121596,-0.361855,-0.248601,0.220017,-0.378545,-0.248938,0.194726,-0.403997,-0.222405,0.211279,-0.411754,-0.177728,0.240096,-0.409222,-0.220158
2026-07-20 14:20:37.128,5.199995,0.000000,0.000000,0.000000,0.318661,-0.407288,-0.251403,0.121353,-0.371812,-0.249853,0.220007,-0.389550,-0.250628,0.195258,-0.415118,-0.224556,0.211811,-0.422875,-0.179879,0.240403,-0.421293,-0.222320
2026-07-20 14:20:37.228,5.299995,0.000000,0.000000,0.000000,0.318969,-0.406356,-0.251426,0.121353,-0.371812,-0.249853,0.220161,-0.389084,-0.250640,0.195429,-0.414154,-0.224547,0.211811,-0.422875,-0.179879,0.240403,-0.421293,-0.222320
2026-07-20 14:20:37.328,5.399995,0.000000,0.000000,0.000000,0.318872,-0.404334,-0.251035,0.121256,-0.369790,-0.249462,0.220064,-0.387062,-0.250249,0.195162,-0.413096,-0.224165,0.211523,-0.421809,-0.179552,0.240307,-0.419271,-0.221929
2026-07-20 14:20:37.428,5.499995,0.000000,0.000000,0.000000,0.319326,-0.406436,-0.251646,0.122176,-0.373987,-0.250948,0.220751,-0.390212,-0.251297,0.195307,-0.416129,-0.224751,0.211859,-0.423886,-0.180075,0.240452,-0.422304,-0.222515
2026-07-20 14:20:37.528,5.599995,0.000000,0.000000,0.000000,0.318679,-0.400290,-0.250253,0.121916,-0.365922,-0.249602,0.220297,-0.383106,-0.249928,0.194968,-0.409052,-0.223382,0.211521,-0.416809,-0.178706,0.240338,-0.414277,-0.221135
2026-07-20 14:20:37.628,5.699995,0.000000,0.000000,0.000000,0.322326,-0.390368,-0.281544,0.124674,-0.356114,-0.278645,0.223500,-0.373241,-0.280094,0.198455,-0.401167,-0.256194,0.214731,-0.412244,-0.212120,0.243590,-0.407475,-0.254140
2026-07-20 14:20:37.728,5.799994,0.000000,0.000000,0.000000,0.318515,-0.404255,-0.250816,0.121983,-0.369943,-0.250165,0.220249,-0.387099,-0.250491,0.195113,-0.412085,-0.223969,0.211666,-0.419842,-0.179293,0.240258,-0.418260,-0.221733
2026-07-20 14:20:37.828,5.899994,0.000000,0.000000,0.000000,0.318419,-0.402233,-0.250425,0.121034,-0.367745,-0.248853,0.219727,-0.384989,-0.249639,0.195017,-0.410063,-0.223578,0.211569,-0.417820,-0.178902,0.240162,-0.416238,-0.221342
2026-07-20 14:20:37.928,5.999994,0.000000,0.000000,0.000000,0.318534,-0.397257,-0.249667,0.121771,-0.362889,-0.249016,0.220152,-0.380073,-0.249341,0.194823,-0.406019,-0.222796,0.211375,-0.413776,-0.178119,0.239968,-0.412194,-0.220560
2026-07-20 14:20:38.028,6.099994,0.000000,0.000000,0.000000,0.318824,-0.403323,-0.250840,0.121983,-0.369943,-0.250165,0.220404,-0.386633,-0.250503,0.195113,-0.412085,-0.223969,0.211666,-0.419842,-0.179293,0.240258,-0.418260,-0.221733
2026-07-20 14:20:38.128,6.199994,0.000000,0.000000,0.000000,0.321759,-0.379439,-0.278556,0.124889,-0.346277,-0.276636,0.223324,-0.362858,-0.277596,0.197889,-0.390237,-0.253207,0.214165,-0.401315,-0.209133,0.243024,-0.396545,-0.251153
2026-07-20 14:20:38.228,6.299994,0.000000,0.000000,0.000000,0.318370,-0.401222,-0.250230,0.121916,-0.365922,-0.249602,0.220143,-0.383572,-0.249916,0.194968,-0.409052,-0.223382,0.211521,-0.416809,-0.178706,0.240113,-0.415227,-0.221146
2026-07-20 14:20:38.328,6.399994,0.000000,0.000000,0.000000,0.318515,-0.404255,-0.250816,0.121054,-0.370756,-0.249222,0.219785,-0.387505,-0.250019,0.195113,-0.412085,-0.223969,0.211666,-0.419842,-0.179293,0.240258,-0.418260,-0.221733
2026-07-20 14:20:38.428,6.499994,0.000000,0.000000,0.000000,0.318969,-0.406356,-0.251426,0.121276,-0.372801,-0.249831,0.220123,-0.389579,-0.250629,0.195258,-0.415118,-0.224556,0.211811,-0.422875,-0.179879,0.240403,-0.421293,-0.222320
2026-07-20 14:20:38.528,6.599994,0.000000,0.000000,0.000000,0.318370,-0.401222,-0.250230,0.121140,-0.364758,-0.248702,0.219755,-0.382990,-0.249466,0.195139,-0.408088,-0.223374,0.211521,-0.416809,-0.178706,0.240338,-0.414277,-0.221135
2026-07-20 14:20:38.628,6.699994,0.000000,0.000000,0.000000,0.318824,-0.403323,-0.250840,0.121208,-0.368779,-0.249266,0.220016,-0.386051,-0.250053,0.195113,-0.412085,-0.223969,0.211666,-0.419842,-0.179293,0.240258,-0.418260,-0.221733
2026-07-20 14:20:38.728,6.799994,0.000000,0.000000,0.000000,0.318776,-0.402312,-0.250644,0.122012,-0.367944,-0.249993,0.220394,-0.385128,-0.250319,0.195065,-0.411074,-0.223774,0.211617,-0.418831,-0.179097,0.240210,-0.417249,-0.221537
2026-07-20 14:20:38.828,6.899993,0.000000,0.000000,0.000000,0.318727,-0.401301,-0.250449,0.121034,-0.367745,-0.248853,0.219881,-0.384523,-0.249651,0.195017,-0.410063,-0.223578,0.211569,-0.417820,-0.178902,0.240162,-0.416238,-0.221342
2026-07-20 14:20:38.928,6.999993,0.000000,0.000000,0.000000,0.318515,-0.404255,-0.250816,0.121983,-0.369943,-0.250165,0.220249,-0.387099,-0.250491,0.195113,-0.412085,-0.223969,0.211666,-0.419842,-0.179293,0.240258,-0.418260,-0.221733
2026-07-20 14:20:39.028,7.099993,0.000000,0.000000,0.000000,0.318370,-0.401222,-0.250230,0.120986,-0.366734,-0.248658,0.219678,-0.383978,-0.249444,0.194968,-0.409052,-0.223382,0.211521,-0.416809,-0.178706,0.240113,-0.415227,-0.221146
2026-07-20 14:20:39.128,7.199993,0.000000,0.000000,0.000000,0.318564,-0.405266,-0.251012,0.121256,-0.369790,-0.249462,0.219910,-0.387528,-0.250237,0.195162,-0.413096,-0.224165,0.211714,-0.420853,-0.179488,0.240082,-0.420222,-0.221940
2026-07-20 14:20:39.228,7.299993,0.000000,0.000000,0.000000,0.318776,-0.402312,-0.250644,0.121083,-0.368756,-0.249049,0.219929,-0.385534,-0.249846,0.195065,-0.411074,-0.223774,0.211426,-0.419787,-0.179161,0.240435,-0.416299,-0.221526
2026-07-20 14:20:39.328,7.399993,0.000000,0.000000,0.000000,0.321914,-0.382419,-0.279371,0.124262,-0.348165,-0.276472,0.223088,-0.365292,-0.277922,0.198043,-0.393218,-0.254022,0.214319,-0.404295,-0.209948,0.243178,-0.399526,-0.251967
2026-07-20 14:20:39.428,7.499993,0.000000,0.000000,0.000000,0.318419,-0.402233,-0.250425,0.121111,-0.366757,-0.248875,0.219765,-0.384495,-0.249650,0.195187,-0.409099,-0.223570,0.211569,-0.417820,-0.178902,0.240386,-0.415288,-0.221331
2026-07-20 14:20:39.528,7.599993,0.000000,0.000000,0.000000,0.318969,-0.406356,-0.251426,0.121276,-0.372801,-0.249831,0.220123,-0.389579,-0.250629,0.195258,-0.415118,-0.224556,0.211620,-0.423832,-0.179943,0.240403,-0.421293,-0.222320
2026-07-20 14:20:39.628,7.699993,0.000000,0.000000,0.000000,0.318679,-0.400290,-0.250253,0.120986,-0.366734,-0.248658,0.219832,-0.383512,-0.249455,0.194968,-0.409052,-0.223382,0.211521,-0.416809,-0.178706,0.240113,-0.415227,-0.221146
2026-07-20 14:20:39.728,7.799993,0.000000,0.000000,0.000000,0.318921,-0.405345,-0.251231,0.121228,-0.371789,-0.249635,0.220074,-0.388567,-0.250433,0.195210,-0.414107,-0.224360,0.211762,-0.421864,-0.179684,0.241431,-0.419541,-0.222138
2026-07-20 14:20:39.828,7.899992,0.000000,0.000000,0.000000,0.303677,-0.436102,-0.214129,0.107740,-0.393215,-0.215234,0.205709,-0.414659,-0.214681,0.180263,-0.437417,-0.186246,0.196846,-0.441617,-0.141107,0.225454,-0.443897,-0.183692
2026-07-20 14:20:39.928,7.999992,0.000000,0.000000,0.000000,0.318776,-0.402312,-0.250644,0.121159,-0.367768,-0.249071,0.219968,-0.385040,-0.249858,0.195235,-0.410110,-0.223765,0.211617,-0.418831,-0.179097,0.240435,-0.416299,-0.221526
2026-07-20 14:20:40.028,8.099992,0.000000,0.000000,0.000000,0.322171,-0.387387,-0.280729,0.125379,-0.353239,-0.278757,0.223775,-0.370313,-0.279743,0.198301,-0.398186,-0.255380,0.214577,-0.409263,-0.211306,0.243436,-0.404494,-0.253325
2026-07-20 14:20:40.128,8.199992,0.000000,0.000000,0.000000,0.318679,-0.400290,-0.250253,0.121063,-0.365746,-0.248680,0.219871,-0.383018,-0.249467,0.195139,-0.408088,-0.223374,0.211521,-0.416809,-0.178706,0.240338,-0.414277,-0.221135
2026-07-20 14:20:40.228,8.299992,0.000000,0.000000,0.000000,0.318727,-0.401301,-0.250449,0.121964,-0.366933,-0.249798,0.220346,-0.384117,-0.250123,0.195017,-0.410063,-0.223578,0.211569,-0.417820,-0.178902,0.240386,-0.415288,-0.221331
2026-07-20 14:20:40.328,8.399992,0.000000,0.000000,0.000000,0.318727,-0.401301,-0.250449,0.121886,-0.367921,-0.249774,0.220307,-0.384611,-0.250112,0.195017,-0.410063,-0.223578,0.211569,-0.417820,-0.178902,0.240162,-0.416238,-0.221342
2026-07-20 14:20:40.428,8.499992,0.000000,0.000000,0.000000,0.321812,-0.387324,-0.280506,0.124468,-0.352140,-0.277558,0.223140,-0.369732,-0.279032,0.198249,-0.397192,-0.255108,0.214525,-0.408270,-0.211034,0.243608,-0.402553,-0.252970
2026-07-20 14:20:40.528,8.599992,0.000000,0.000000,0.000000,0.318824,-0.403323,-0.250840,0.121131,-0.369767,-0.249244,0.219978,-0.386545,-0.250042,0.195113,-0.412085,-0.223969,0.211666,-0.419842,-0.179293,0.240258,-0.418260,-0.221733
2026-07-20 14:20:40.628,8.699992,0.000000,0.000000,0.000000,0.318824,-0.403323,-0.250840,0.121208,-0.368779,-0.249266,0.220016,-0.386051,-0.250053,0.195113,-0.412085,-0.223969,0.211666,-0.419842,-0.179293,0.240258,-0.418260,-0.221733
2026-07-20 14:20:40.728,8.799992,0.000000,0.000000,0.000000,0.318872,-0.404334,-0.251035,0.121333,-0.368802,-0.249484,0.220103,-0.386568,-0.250260,0.195162,-0.413096,-0.224165,0.211618,-0.421331,-0.179520,0.240307,-0.419271,-0.221929
2026-07-20 14:20:40.828,8.899992,0.000000,0.000000,0.000000,0.318921,-0.405345,-0.251231,0.121305,-0.370801,-0.249657,0.220113,-0.388073,-0.250444,0.195210,-0.414107,-0.224360,0.211762,-0.421864,-0.179684,0.240355,-0.420282,-0.222124
2026-07-20 14:20:40.928,8.999991,0.000000,0.000000,0.000000,0.318776,-0.402312,-0.250644,0.121159,-0.367768,-0.249071,0.219968,-0.385040,-0.249858,0.195065,-0.411074,-0.223774,0.211617,-0.418831,-0.179097,0.240210,-0.417249,-0.221537
2026-07-20 14:20:41.028,9.099991,0.000000,0.000000,0.000000,0.318824,-0.403323,-0.250840,0.121131,-0.369767,-0.249244,0.219978,-0.386545,-0.250042,0.195284,-0.411121,-0.223961,0.211666,-0.419842,-0.179293,0.240258,-0.418260,-0.221733
2026-07-20 14:20:41.128,9.199991,0.000000,0.000000,0.000000,0.319133,-0.402392,-0.250864,0.122061,-0.368955,-0.250189,0.220597,-0.385674,-0.250526,0.195113,-0.412085,-0.223969,0.211666,-0.419842,-0.179293,0.240258,-0.418260,-0.221733
2026-07-20 14:20:41.228,9.299991,0.000000,0.000000,0.000000,0.318824,-0.403323,-0.250840,0.121131,-0.369767,-0.249244,0.219978,-0.386545,-0.250042,0.195284,-0.411121,-0.223961,0.211666,-0.419842,-0.179293,0.240258,-0.418260,-0.221733
2026-07-20 14:20:41.328,9.399991,0.000000,0.000000,0.000000,0.318727,-0.401301,-0.250449,0.121964,-0.366933,-0.249798,0.220346,-0.384117,-0.250123,0.195187,-0.409099,-0.223570,0.211569,-0.417820,-0.178902,0.240386,-0.415288,-0.221331
2026-07-20 14:20:41.428,9.499991,0.000000,0.000000,0.000000,0.318757,-0.409310,-0.251794,0.121450,-0.373834,-0.250244,0.220104,-0.391572,-0.251019,0.195355,-0.417140,-0.224947,0.211908,-0.424897,-0.180270,0.240725,-0.422365,-0.222700
2026-07-20 14:20:41.528,9.599991,0.000000,0.000000,0.000000,0.318370,-0.401222,-0.250230,0.120986,-0.366734,-0.248658,0.219678,-0.383978,-0.249444,0.194968,-0.409052,-0.223382,0.211521,-0.416809,-0.178706,0.240113,-0.415227,-0.221146
2026-07-20 14:20:41.628,9.699991,0.000000,0.000000,0.000000,0.318467,-0.403244,-0.250621,0.121083,-0.368756,-0.249049,0.219775,-0.386000,-0.249835,0.195065,-0.411074,-0.223774,0.211426,-0.419787,-0.179161,0.240210,-0.417249,-0.221537
2026-07-20 14:20:41.728,9.799991,0.000000,0.000000,0.000000,0.318370,-0.401222,-0.250230,0.120986,-0.366734,-0.248658,0.219678,-0.383978,-0.249444,0.194968,-0.409052,-0.223382,0.211521,-0.416809,-0.178706,0.240113,-0.415227,-0.221146
2026-07-20 14:20:41.828,9.899991,0.000000,0.000000,0.000000,0.318564,-0.405266,-0.251012,0.121179,-0.370778,-0.249440,0.219872,-0.388022,-0.250226,0.195162,-0.413096,-0.224165,0.211714,-0.420853,-0.179488,0.240307,-0.419271,-0.221929
2026-07-20 14:20:41.928,9.999990,0.000000,0.000000,0.000000,0.318824,-0.403323,-0.250840,0.121131,-0.369767,-0.249244,0.219978,-0.386545,-0.250042,0.195284,-0.411121,-0.223961,0.211666,-0.419842,-0.179293,0.240258,-0.418260,-0.221733
2026-07-20 14:20:42.028,10.099990,0.000000,0.000000,0.000000,0.318370,-0.401222,-0.250230,0.121140,-0.364758,-0.248702,0.219755,-0.382990,-0.249466,0.195139,-0.408088,-0.223374,0.211521,-0.416809,-0.178706,0.240113,-0.415227,-0.221146
2026-07-20 14:20:42.128,10.199990,0.000000,0.000000,0.000000,0.318679,-0.400290,-0.250253,0.121140,-0.364758,-0.248702,0.219909,-0.382524,-0.249478,0.194968,-0.409052,-0.223382,0.211521,-0.416809,-0.178706,0.240964,-0.415436,-0.221172
2026-07-20 14:20:42.228,10.299990,0.000000,0.000000,0.000000,0.318824,-0.403323,-0.250840,0.122061,-0.368955,-0.250189,0.220442,-0.386139,-0.250514,0.195113,-0.412085,-0.223969,0.211666,-0.419842,-0.179293,0.240483,-0.417310,-0.221722
2026-07-20 14:20:42.328,10.399990,0.000000,0.000000,0.000000,0.318631,-0.399279,-0.250058,0.121789,-0.365899,-0.249383,0.220210,-0.382589,-0.249721,0.194920,-0.408041,-0.223187,0.211472,-0.415798,-0.178511,0.240065,-0.414216,-0.220951
2026-07-20 14:20:42.428,10.499990,0.000000,0.000000,0.000000,0.318564,-0.405266,-0.251012,0.121179,-0.370778,-0.249440,0.219872,-0.388022,-0.250226,0.195162,-0.413096,-0.224165,0.211714,-0.420853,-0.179488,0.240307,-0.419271,-0.221929
2026-07-20 14:20:42.528,10.599990,0.000000,0.000000,0.000000,0.319181,-0.403403,-0.251059,0.121179,-0.370778,-0.249440,0.220180,-0.387091,-0.250249,0.195162,-0.413096,-0.224165,0.211714,-0.420853,-0.179488,0.240307,-0.419271,-0.221929
2026-07-20 14:20:42.628,10.699990,0.000000,0.000000,0.000000,0.318534,-0.397257,-0.249667,0.120918,-0.362713,-0.248093,0.219726,-0.379985,-0.248880,0.194823,-0.406019,-0.222796,0.211375,-0.413776,-0.178119,0.240193,-0.411244,-0.220549
2026-07-20 14:20:42.728,10.799990,0.000000,0.000000,0.000000,0.321605,-0.376458,-0.277742,0.123953,-0.342204,-0.274843,0.222779,-0.359331,-0.276292,0.197734,-0.387256,-0.252392,0.214021,-0.398435,-0.207455,0.242869,-0.393564,-0.250338
2026-07-20 14:20:42.828,10.899990,0.000000,0.000000,0.000000,0.318824,-0.403323,-0.250840,0.121131,-0.369767,-0.249244,0.219978,-0.386545,-0.250042,0.195113,-0.412085,-0.223969,0.211666,-0.419842,-0.179293,0.240483,-0.417310,-0.221722
2026-07-20 14:20:42.928,10.999990,0.000000,0.000000,0.000000,0.318679,-0.400290,-0.250253,0.120986,-0.366734,-0.248658,0.219832,-0.383512,-0.249455,0.194968,-0.409052,-0.223382,0.211521,-0.416809,-0.178706,0.240113,-0.415227,-0.221146
2026-07-20 14:20:43.028,11.099989,0.000000,0.000000,0.000000,0.318776,-0.402312,-0.250644,0.121006,-0.369745,-0.249026,0.219891,-0.386029,-0.249835,0.195065,-0.411074,-0.223774,0.211617,-0.418831,-0.179097,0.240210,-0.417249,-0.221537
2026-07-20 14:20:43.128,11.199989,0.000000,0.000000,0.000000,0.303979,-0.432624,-0.213981,0.107378,-0.393588,-0.214640,0.205679,-0.413106,-0.214311,0.180227,-0.434853,-0.185989,0.196810,-0.439053,-0.140850,0.225163,-0.442273,-0.183359
2026-07-20 14:20:43.228,11.299989,0.000000,0.000000,0.000000,0.318969,-0.406356,-0.251426,0.122128,-0.372976,-0.250752,0.220549,-0.389666,-0.251089,0.195258,-0.415118,-0.224556,0.211811,-0.422875,-0.179879,0.240403,-0.421293,-0.222320
2026-07-20 14:20:43.328,11.399989,0.000000,0.000000,0.000000,0.322017,-0.384407,-0.279914,0.124365,-0.350153,-0.277015,0.223191,-0.367280,-0.278465,0.198146,-0.395205,-0.254565,0.214422,-0.406283,-0.210491,0.243505,-0.400566,-0.252427
2026-07-20 14:20:43.428,11.499989,0.000000,0.000000,0.000000,0.318515,-0.404255,-0.250816,0.121131,-0.369767,-0.249244,0.219823,-0.387011,-0.250030,0.195284,-0.411121,-0.223961,0.211666,-0.419842,-0.179293,0.240371,-0.417785,-0.221727
2026-07-20 14:20:43.528,11.599989,0.000000,0.000000,0.000000,0.318727,-0.401301,-0.250449,0.121111,-0.366757,-0.248875,0.219919,-0.384029,-0.249662,0.195017,-0.410063,-0.223578,0.211569,-0.417820,-0.178902,0.240162,-0.416238,-0.221342
2026-07-20 14:20:43.628,11.699989,0.000000,0.000000,0.000000,0.321554,-0.382356,-0.279148,0.124134,-0.348159,-0.276253,0.222844,-0.365258,-0.277700,0.197992,-0.392224,-0.253750,0.214268,-0.403302,-0.209676,0.243127,-0.398532,-0.251696
2026-07-20 14:20:43.728,11.799989,0.000000,0.000000,0.000000,0.318679,-0.400290,-0.250253,0.121063,-0.365746,-0.248680,0.219871,-0.383018,-0.249467,0.195139,-0.408088,-0.223374,0.211329,-0.417765,-0.178770,0.240338,-0.414277,-0.221135
2026-07-20 14:20:43.828,11.899989,0.000000,0.000000,0.000000,0.318776,-0.402312,-0.250644,0.121083,-0.368756,-0.249049,0.219929,-0.385534,-0.249846,0.195065,-0.411074,-0.223774,0.211617,-0.418831,-0.179097,0.240210,-0.417249,-0.221537
2026-07-20 14:20:43.928,11.999989,0.000000,0.000000,0.000000,0.319114,-0.409389,-0.252013,0.121421,-0.375833,-0.250417,0.220268,-0.392611,-0.251215,0.195404,-0.418151,-0.225142,0.211956,-0.425908,-0.180466,0.240549,-0.424326,-0.222906
2026-07-20 14:20:44.028,12.099988,0.000000,0.000000,0.000000,0.318467,-0.403244,-0.250621,0.121083,-0.368756,-0.249049,0.219775,-0.386000,-0.249835,0.195235,-0.410110,-0.223765,0.211617,-0.418831,-0.179097,0.240210,-0.417249,-0.221537
2026-07-20 14:20:44.128,12.199988,0.000000,0.000000,0.000000,0.318727,-0.401301,-0.250449,0.121111,-0.366757,-0.248875,0.219919,-0.384029,-0.249662,0.195017,-0.410063,-0.223578,0.211569,-0.417820,-0.178902,0.240162,-0.416238,-0.221342
2026-07-20 14:20:44.228,12.299988,0.000000,0.000000,0.000000,0.318969,-0.406356,-0.251426,0.122206,-0.371988,-0.250775,0.220588,-0.389172,-0.251101,0.195258,-0.415118,-0.224556,0.211811,-0.422875,-0.179879,0.240628,-0.420343,-0.222309
2026-07-20 14:20:44.328,12.399988,0.000000,0.000000,0.000000,0.322120,-0.386394,-0.280457,0.124392,-0.353127,-0.277611,0.223256,-0.369760,-0.279034,0.198249,-0.397192,-0.255108,0.214525,-0.408270,-0.211034,0.243608,-0.402553,-0.252970
2026-07-20 14:20:44.428,12.499988,0.000000,0.000000,0.000000,0.318872,-0.404334,-0.251035,0.121256,-0.369790,-0.249462,0.220064,-0.387062,-0.250249,0.195162,-0.413096,-0.224165,0.211714,-0.420853,-0.179488,0.240307,-0.419271,-0.221929
2026-07-20 14:20:44.528,12.599988,0.000000,0.000000,0.000000,0.318679,-0.400290,-0.250253,0.121916,-0.365922,-0.249602,0.220297,-0.383106,-0.249928,0.194968,-0.409052,-0.223382,0.211521,-0.416809,-0.178706,0.240338,-0.414277,-0.221135
2026-07-20 14:20:44.628,12.699988,0.000000,0.000000,0.000000,0.318824,-0.403323,-0.250840,0.121208,-0.368779,-0.249266,0.220016,-0.386051,-0.250053,0.195113,-0.412085,-0.223969,0.211857,-0.418885,-0.179229,0.240258,-0.418260,-0.221733
2026-07-20 14:20:44.728,12.799988,0.000000,0.000000,0.000000,0.322120,-0.386394,-0.280457,0.125250,-0.353233,-0.278537,0.223685,-0.369813,-0.279497,0.198249,-0.397192,-0.255108,0.214715,-0.407320,-0.210898,0.243384,-0.403501,-0.253053
2026-07-20 14:20:44.828,12.899988,0.000000,0.000000,0.000000,0.318969,-0.406356,-0.251426,0.122206,-0.371988,-0.250775,0.220588,-0.389172,-0.251101,0.195258,-0.415118,-0.224556,0.211811,-0.422875,-0.179879,0.240628,-0.420343,-0.222309
2026-07-20 14:20:44.928,12.999988,0.000000,0.000000,0.000000,0.318370,-0.401222,-0.250230,0.121063,-0.365746,-0.248680,0.219717,-0.383484,-0.249455,0.194968,-0.409052,-0.223382,0.211521,-0.416809,-0.178706,0.240338,-0.414277,-0.221135
2026-07-20 14:20:45.028,13.099988,0.000000,0.000000,0.000000,0.318419,-0.402233,-0.250425,0.121034,-0.367745,-0.248853,0.219727,-0.384989,-0.249639,0.195017,-0.410063,-0.223578,0.211569,-0.417820,-0.178902,0.240386,-0.415288,-0.221331
2026-07-20 14:20:45.128,13.199987,0.000000,0.000000,0.000000,0.318564,-0.405266,-0.251012,0.121256,-0.369790,-0.249462,0.219910,-0.387528,-0.250237,0.195162,-0.413096,-0.224165,0.211714,-0.420853,-0.179488,0.240307,-0.419271,-0.221929
2026-07-20 14:20:45.228,13.299987,0.000000,0.000000,0.000000,0.321914,-0.382419,-0.279371,0.124110,-0.350140,-0.276577,0.223012,-0.366280,-0.277974,0.198043,-0.393218,-0.254022,0.214509,-0.403346,-0.209811,0.243178,-0.399526,-0.251967
2026-07-20 14:20:45.328,13.399987,0.000000,0.000000,0.000000,0.318824,-0.403323,-0.250840,0.121054,-0.370756,-0.249222,0.219939,-0.387040,-0.250031,0.195284,-0.411121,-0.223961,0.211666,-0.419842,-0.179293,0.240258,-0.418260,-0.221733
2026-07-20 14:20:45.428,13.499987,0.000000,0.000000,0.000000,0.318467,-0.403244,-0.250621,0.121159,-0.367768,-0.249071,0.219813,-0.385506,-0.249846,0.195235,-0.410110,-0.223765,0.211617,-0.418831,-0.179097,0.241286,-0.416507,-0.221552
2026-07-20 14:20:45.528,13.599987,0.000000,0.000000,0.000000,0.318564,-0.405266,-0.251012,0.121179,-0.370778,-0.249440,0.219872,-0.388022,-0.250226,0.195332,-0.412132,-0.224156,0.211523,-0.421809,-0.179552,0.240307,-0.419271,-0.221929
2026-07-20 14:20:45.628,13.699987,0.000000,0.000000,0.000000,0.318515,-0.404255,-0.250816,0.121208,-0.368779,-0.249266,0.219862,-0.386517,-0.250041,0.195113,-0.412085,-0.223969,0.211666,-0.419842,-0.179293,0.240258,-0.418260,-0.221733
2026-07-20 14:20:45.728,13.799987,0.000000,0.000000,0.000000,0.318467,-0.403244,-0.250621,0.122012,-0.367944,-0.249993,0.220240,-0.385594,-0.250307,0.195235,-0.410110,-0.223765,0.211617,-0.418831,-0.179097,0.240435,-0.416299,-0.221526
2026-07-20 14:20:45.828,13.899987,0.000000,0.000000,0.000000,0.318727,-0.401301,-0.250449,0.121111,-0.366757,-0.248875,0.219919,-0.384029,-0.249662,0.195017,-0.410063,-0.223578,0.211569,-0.417820,-0.178902,0.240162,-0.416238,-0.221342
2026-07-20 14:20:45.928,13.999987,0.000000,0.000000,0.000000,0.321965,-0.383413,-0.279643,0.125173,-0.349265,-0.277671,0.223569,-0.366339,-0.278657,0.198095,-0.394211,-0.254293,0.214371,-0.405289,-0.210219,0.243230,-0.400520,-0.252239
2026-07-20 14:20:46.028,14.099987,0.000000,0.000000,0.000000,0.318679,-0.400290,-0.250253,0.121916,-0.365922,-0.249602,0.220297,-0.383106,-0.249928,0.194968,-0.409052,-0.223382,0.211521,-0.416809,-0.178706,0.240338,-0.414277,-0.221135
2026-07-20 14:20:46.128,14.199986,0.000000,0.000000,0.000000,0.321657,-0.384344,-0.279691,0.124314,-0.349159,-0.276744,0.222985,-0.366751,-0.278217,0.198095,-0.394211,-0.254293,0.214371,-0.405289,-0.210219,0.243230,-0.400520,-0.252239
2026-07-20 14:20:46.228,14.299986,0.000000,0.000000,0.000000,0.322273,-0.382483,-0.279595,0.124314,-0.349159,-0.276744,0.223293,-0.365821,-0.278169,0.198095,-0.394211,-0.254293,0.214371,-0.405289,-0.210219,0.243454,-0.399572,-0.252155
2026-07-20 14:20:46.328,14.399986,0.000000,0.000000,0.000000,0.318709,-0.408299,-0.251598,0.121401,-0.372823,-0.250049,0.220055,-0.390561,-0.250823,0.195307,-0.416129,-0.224751,0.211668,-0.424843,-0.180138,0.240452,-0.422304,-0.222515
2026-07-20 14:20:46.428,14.499986,0.000000,0.000000,0.000000,0.318921,-0.405345,-0.251231,0.121305,-0.370801,-0.249657,0.220113,-0.388073,-0.250444,0.195380,-0.413143,-0.224352,0.211762,-0.421864,-0.179684,0.240355,-0.420282,-0.222124
2026-07-20 14:20:46.528,14.599986,0.000000,0.000000,0.000000,0.318419,-0.402233,-0.250425,0.121111,-0.366757,-0.248875,0.219765,-0.384495,-0.249650,0.195017,-0.410063,-0.223578,0.211569,-0.417820,-0.178902,0.240162,-0.416238,-0.221342
2026-07-20 14:20:46.628,14.699986,0.000000,0.000000,0.000000,0.318921,-0.405345,-0.251231,0.121151,-0.372778,-0.249613,0.220036,-0.389062,-0.250422,0.195210,-0.414107,-0.224360,0.211762,-0.421864,-0.179684,0.240355,-0.420282,-0.222124
2026-07-20 14:20:46.728,14.799986,0.000000,0.000000,0.000000,0.321760,-0.386331,-0.280234,0.124417,-0.351146,-0.277287,0.223088,-0.368738,-0.278760,0.198198,-0.396199,-0.254836,0.214474,-0.407276,-0.210763,0.243333,-0.402507,-0.252782
2026-07-20 14:20:46.828,14.899986,0.000000,0.000000,0.000000,0.318534,-0.397257,-0.249667,0.120918,-0.362713,-0.248093,0.219726,-0.379985,-0.248880,0.194823,-0.406019,-0.222796,0.211375,-0.413776,-0.178119,0.239968,-0.412194,-0.220560
2026-07-20 14:20:46.928,14.999986,0.000000,0.000000,0.000000,0.321759,-0.379439,-0.278556,0.124967,-0.345290,-0.276585,0.223363,-0.362365,-0.277571,0.198058,-0.389276,-0.253125,0.214165,-0.401315,-0.209133,0.243024,-0.396545,-0.251153
2026-07-20 14:20:47.028,15.099986,0.000000,0.000000,0.000000,0.318872,-0.404334,-0.251035,0.121179,-0.370778,-0.249440,0.220026,-0.387556,-0.250238,0.195332,-0.412132,-0.224156,0.211714,-0.420853,-0.179488,0.240307,-0.419271,-0.221929
2026-07-20 14:20:47.128,15.199986,0.000000,0.000000,0.000000,0.322326,-0.390368,-0.281544,0.125379,-0.358194,-0.279675,0.223852,-0.374281,-0.280609,0.198455,-0.401167,-0.256194,0.214731,-0.412244,-0.212120,0.243590,-0.407475,-0.254140
2026-07-20 14:20:47.228,15.299985,0.000000,0.000000,0.000000,0.321400,-0.379375,-0.278333,0.123980,-0.345178,-0.275438,0.222690,-0.362277,-0.276886,0.197837,-0.389243,-0.252935,0.214113,-0.400321,-0.208862,0.243196,-0.394604,-0.250797
2026-07-20 14:20:47.328,15.399985,0.000000,0.000000,0.000000,0.318679,-0.400290,-0.250253,0.121838,-0.366910,-0.249579,0.220258,-0.383600,-0.249916,0.195139,-0.408088,-0.223374,0.211521,-0.416809,-0.178706,0.240338,-0.414277,-0.221135
2026-07-20 14:20:47.428,15.499985,0.000000,0.000000,0.000000,0.318612,-0.406277,-0.251207,0.122158,-0.370977,-0.250580,0.220385,-0.388627,-0.250894,0.195210,-0.414107,-0.224360,0.211762,-0.421864,-0.179684,0.240355,-0.420282,-0.222124
2026-07-20 14:20:47.528,15.599985,0.000000,0.000000,0.000000,0.318776,-0.402312,-0.250644,0.121083,-0.368756,-0.249049,0.219929,-0.385534,-0.249846,0.195235,-0.410110,-0.223765,0.211809,-0.417874,-0.179033,0.240210,-0.417249,-0.221537
2026-07-20 14:20:47.628,15.699985,0.000000,0.000000,0.000000,0.322120,-0.386394,-0.280457,0.125327,-0.352246,-0.278486,0.223723,-0.369320,-0.279472,0.198249,-0.397192,-0.255108,0.214525,-0.408270,-0.211034,0.243384,-0.403501,-0.253053
2026-07-20 14:20:47.728,15.799985,0.000000,0.000000,0.000000,0.318921,-0.405345,-0.251231,0.121151,-0.372778,-0.249613,0.220036,-0.389062,-0.250422,0.195210,-0.414107,-0.224360,0.211762,-0.421864,-0.179684,0.240355,-0.420282,-0.222124
2026-07-20 14:20:47.828,15.899985,0.000000,0.000000,0.000000,0.321965,-0.383413,-0.279643,0.124314,-0.349159,-0.276744,0.223139,-0.366286,-0.278193,0.198264,-0.393251,-0.254212,0.214371,-0.405289,-0.210219,0.243454,-0.399572,-0.252155
2026-07-20 14:20:47.928,15.999985,0.000000,0.000000,0.000000,0.321759,-0.379439,-0.278556,0.124108,-0.345185,-0.275657,0.222933,-0.362312,-0.277107,0.198058,-0.389276,-0.253125,0.214165,-0.401315,-0.209133,0.243248,-0.395598,-0.251069
2026-07-20 14:20:48.028,16.099985,0.000000,0.000000,0.000000,0.321669,-0.384450,-0.278786,0.124237,-0.350146,-0.276796,0.222953,-0.367298,-0.277791,0.198095,-0.394211,-0.254293,0.214371,-0.405289,-0.210219,0.243230,-0.400520,-0.252239
2026-07-20 14:20:48.128,16.199985,0.000000,0.000000,0.000000,0.318370,-0.401222,-0.250230,0.121916,-0.365922,-0.249602,0.220143,-0.383572,-0.249916,0.194968,-0.409052,-0.223382,0.211521,-0.416809,-0.178706,0.240338,-0.414277,-0.221135
2026-07-20 14:20:48.228,16.299984,0.000000,0.000000,0.000000,0.318824,-0.403323,-0.250840,0.122061,-0.368955,-0.250189,0.220442,-0.386139,-0.250514,0.195284,-0.411121,-0.223961,0.211666,-0.419842,-0.179293,0.240258,-0.418260,-0.221733
2026-07-20 14:20:48.328,16.399984,0.000000,0.000000,0.000000,0.328924,-0.390785,-0.257556,0.131399,-0.361721,-0.257318,0.230162,-0.376253,-0.257437,0.205292,-0.402816,-0.231604,0.221770,-0.411171,-0.187008,0.251609,-0.407288,-0.229228
2026-07-20 14:20:48.428,16.499984,0.000000,0.000000,0.000000,0.310170,-0.402728,-0.263482,0.113267,-0.364851,-0.261087,0.211719,-0.383790,-0.262285,0.186446,-0.408561,-0.236954,0.202561,-0.418942,-0.192545,0.231493,-0.415814,-0.234856
2026-07-20 14:20:48.528,16.599984,0.000000,0.000000,0.000000,0.318727,-0.401301,-0.250449,0.121886,-0.367921,-0.249774,0.220307,-0.384611,-0.250112,0.195017,-0.410063,-0.223578,0.211569,-0.417820,-0.178902,0.240162,-0.416238,-0.221342
2026-07-20 14:20:48.628,16.699984,0.000000,0.000000,0.000000,0.320985,-0.393071,-0.268659,0.124206,-0.358940,-0.266919,0.222595,-0.376006,-0.267789,0.197095,-0.403120,-0.243094,0.213339,-0.412920,-0.198707,0.243304,-0.408629,-0.240799
2026-07-20 14:20:48.728,16.799984,0.000000,0.000000,0.000000,0.276105,-0.492461,-0.080626,0.083069,-0.443724,-0.095568,0.179587,-0.468092,-0.088097,0.152578,-0.479699,-0.054524,0.169401,-0.471116,-0.010121,0.198160,-0.488045,-0.049681
2026-07-20 14:20:48.828,16.899984,0.000000,0.000000,0.000000,0.328781,-0.388774,-0.257123,0.130492,-0.357537,-0.256863,0.229637,-0.373156,-0.256993,0.205299,-0.399838,-0.231140,0.221627,-0.409160,-0.186574,0.251261,-0.406232,-0.228827
2026-07-20 14:20:48.928,16.999984,0.000000,0.000000,0.000000,0.345089,-0.380894,-0.256545,0.146610,-0.358492,-0.257886,0.245849,-0.369693,-0.257215,0.221916,-0.396787,-0.231618,0.238224,-0.405588,-0.186939,0.268238,-0.400445,-0.228900
2026-07-20 14:20:49.028,17.099984,0.000000,0.000000,0.000000,0.328924,-0.390785,-0.257556,0.130580,-0.360537,-0.257295,0.229752,-0.375661,-0.257426,0.205292,-0.402816,-0.231604,0.221770,-0.411171,-0.187008,0.251404,-0.408242,-0.229261
2026-07-20 14:20:49.128,17.199984,0.000000,0.000000,0.000000,0.318824,-0.403323,-0.250840,0.121208,-0.368779,-0.249266,0.220016,-0.386051,-0.250053,0.195113,-0.412085,-0.223969,0.211666,-0.419842,-0.179293,0.240258,-0.418260,-0.221733
2026-07-20 14:20:49.228,17.299984,0.000000,0.000000,0.000000,0.321708,-0.378445,-0.278285,0.123968,-0.345073,-0.276329,0.222838,-0.361759,-0.277307,0.197837,-0.389243,-0.252935,0.214113,-0.400321,-0.208862,0.242972,-0.395552,-0.250881
2026-07-20 14:20:49.328,17.399983,0.000000,0.000000,0.000000,0.321760,-0.386331,-0.280234,0.125287,-0.351357,-0.277323,0.223524,-0.368844,-0.278779,0.198198,-0.396199,-0.254836,0.214675,-0.406428,-0.209762,0.243333,-0.402507,-0.252782
2026-07-20 14:20:49.428,17.499983,0.000000,0.000000,0.000000,0.321811,-0.380432,-0.278828,0.123995,-0.348048,-0.276923,0.222903,-0.364240,-0.277876,0.197940,-0.391231,-0.253479,0.214216,-0.402308,-0.209405,0.243075,-0.397539,-0.251424
2026-07-20 14:20:49.528,17.599983,0.000000,0.000000,0.000000,0.321657,-0.384344,-0.279691,0.124161,-0.351133,-0.276849,0.222909,-0.367738,-0.278270,0.198095,-0.394211,-0.254293,0.214371,-0.405289,-0.210219,0.243230,-0.400520,-0.252239
2026-07-20 14:20:49.628,17.699983,0.000000,0.000000,0.000000,0.318872,-0.404334,-0.251035,0.122109,-0.369966,-0.250384,0.220491,-0.387150,-0.250710,0.195162,-0.413096,-0.224165,0.211714,-0.420853,-0.179488,0.240531,-0.418321,-0.221917
2026-07-20 14:20:49.728,17.799983,0.000000,0.000000,0.000000,0.318824,-0.403323,-0.250840,0.121208,-0.368779,-0.249266,0.220016,-0.386051,-0.250053,0.195113,-0.412085,-0.223969,0.211666,-0.419842,-0.179293,0.240258,-0.418260,-0.221733
2026-07-20 14:20:49.828,17.899983,0.000000,0.000000,0.000000,0.328493,-0.389712,-0.257121,0.131325,-0.358777,-0.255991,0.229909,-0.374245,-0.256556,0.205149,-0.400805,-0.231170,0.221627,-0.409160,-0.186574,0.251466,-0.405277,-0.228795
2026-07-20 14:20:49.928,17.999983,0.000000,0.000000,0.000000,0.318872,-0.404334,-0.251035,0.121239,-0.369752,-0.250359,0.220056,-0.387043,-0.250697,0.195332,-0.412132,-0.224156,0.211714,-0.420853,-0.179488,0.240531,-0.418321,-0.221917
2026-07-20 14:20:50.028,18.099983,0.000000,0.000000,0.000000,0.304023,-0.435700,-0.214289,0.107639,-0.394707,-0.215173,0.205831,-0.415204,-0.214731,0.180271,-0.437929,-0.186297,0.196853,-0.442130,-0.141159,0.225462,-0.444410,-0.183743
2026-07-20 14:20:50.128,18.199983,0.000000,0.000000,0.000000,0.318969,-0.406356,-0.251426,0.122206,-0.371988,-0.250775,0.220588,-0.389172,-0.251101,0.195258,-0.415118,-0.224556,0.211811,-0.422875,-0.179879,0.241254,-0.421502,-0.222345
2026-07-20 14:20:50.228,18.299983,0.000000,0.000000,0.000000,0.318824,-0.403323,-0.250840,0.122061,-0.368955,-0.250189,0.220442,-0.386139,-0.250514,0.195284,-0.411121,-0.223961,0.211666,-0.419842,-0.179293,0.240258,-0.418260,-0.221733
2026-07-20 14:20:50.328,18.399982,0.000000,0.000000,0.000000,0.318679,-0.400290,-0.250253,0.121838,-0.366910,-0.249579,0.220258,-0.383600,-0.249916,0.194968,-0.409052,-0.223382,0.211521,-0.416809,-0.178706,0.240113,-0.415227,-0.221146
2026-07-20 14:20:50.428,18.499982,0.000000,0.000000,0.000000,0.318824,-0.403323,-0.250840,0.121983,-0.369943,-0.250165,0.220404,-0.386633,-0.250503,0.195113,-0.412085,-0.223969,0.211666,-0.419842,-0.179293,0.241335,-0.417519,-0.221747
2026-07-20 14:20:50.528,18.599982,0.000000,0.000000,0.000000,0.318824,-0.403323,-0.250840,0.121285,-0.367791,-0.249289,0.220054,-0.385557,-0.250064,0.195113,-0.412085,-0.223969,0.211666,-0.419842,-0.179293,0.240258,-0.418260,-0.221733
2026-07-20 14:20:50.628,18.699982,0.000000,0.000000,0.000000,0.318467,-0.403244,-0.250621,0.121159,-0.367768,-0.249071,0.219813,-0.385506,-0.249846,0.195065,-0.411074,-0.223774,0.211617,-0.418831,-0.179097,0.240210,-0.417249,-0.221537
2026-07-20 14:20:50.728,18.799982,0.000000,0.000000,0.000000,0.318776,-0.402312,-0.250644,0.122012,-0.367944,-0.249993,0.220394,-0.385128,-0.250319,0.195235,-0.410110,-0.223765,0.211617,-0.418831,-0.179097,0.240210,-0.417249,-0.221537
2026-07-20 14:20:50.828,18.899982,0.000000,0.000000,0.000000,0.318679,-0.400290,-0.250253,0.121838,-0.366910,-0.249579,0.220258,-0.383600,-0.249916,0.194968,-0.409052,-0.223382,0.211521,-0.416809,-0.178706,0.240113,-0.415227,-0.221146
2026-07-20 14:20:50.928,18.999982,0.000000,0.000000,0.000000,0.318824,-0.403323,-0.250840,0.122061,-0.368955,-0.250189,0.220442,-0.386139,-0.250514,0.195113,-0.412085,-0.223969,0.211857,-0.418885,-0.179229,0.240258,-0.418260,-0.221733
2026-07-20 14:20:51.028,19.099982,0.000000,0.000000,0.000000,0.318824,-0.403323,-0.250840,0.121983,-0.369943,-0.250165,0.220404,-0.386633,-0.250503,0.195284,-0.411121,-0.223961,0.211474,-0.420799,-0.179356,0.240483,-0.417310,-0.221722
2026-07-20 14:20:51.128,19.199982,0.000000,0.000000,0.000000,0.318824,-0.403323,-0.250840,0.122139,-0.367967,-0.250212,0.220481,-0.385645,-0.250526,0.195113,-0.412085,-0.223969,0.211666,-0.419842,-0.179293,0.241109,-0.418469,-0.221758
2026-07-20 14:20:51.228,19.299982,0.000000,0.000000,0.000000,0.318776,-0.402312,-0.250644,0.121159,-0.367768,-0.249071,0.219968,-0.385040,-0.249858,0.195235,-0.410110,-0.223765,0.211522,-0.419309,-0.179129,0.240435,-0.416299,-0.221526
2026-07-20 14:20:51.328,19.399981,0.000000,0.000000,0.000000,0.319163,-0.410400,-0.252209,0.122322,-0.377020,-0.251534,0.220742,-0.393710,-0.251871,0.195622,-0.418198,-0.225329,0.212004,-0.426919,-0.180661,0.240597,-0.425337,-0.223102
2026-07-20 14:20:51.428,19.499981,0.000000,0.000000,0.000000,0.318515,-0.404255,-0.250816,0.122139,-0.367967,-0.250212,0.220327,-0.386111,-0.250514,0.195113,-0.412085,-0.223969,0.211666,-0.419842,-0.179293,0.240258,-0.418260,-0.221733
2026-07-20 14:20:51.528,19.599981,0.000000,0.000000,0.000000,0.318515,-0.404255,-0.250816,0.122061,-0.368955,-0.250189,0.220288,-0.386605,-0.250502,0.195113,-0.412085,-0.223969,0.211857,-0.418885,-0.179229,0.240483,-0.417310,-0.221722
2026-07-20 14:20:51.628,19.699981,0.000000,0.000000,0.000000,0.318842,-0.396326,-0.249690,0.121771,-0.362889,-0.249016,0.220307,-0.379608,-0.249353,0.194823,-0.406019,-0.222796,0.211375,-0.413776,-0.178119,0.239968,-0.412194,-0.220560
2026-07-20 14:20:51.728,19.799981,0.000000,0.000000,0.000000,0.318515,-0.404255,-0.250816,0.122217,-0.366979,-0.250235,0.220366,-0.385617,-0.250526,0.195113,-0.412085,-0.223969,0.211857,-0.418885,-0.179229,0.240483,-0.417310,-0.221722
2026-07-20 14:20:51.828,19.899981,0.000000,0.000000,0.000000,0.318824,-0.403323,-0.250840,0.122061,-0.368955,-0.250189,0.220442,-0.386139,-0.250514,0.195284,-0.411121,-0.223961,0.211666,-0.419842,-0.179293,0.240258,-0.418260,-0.221733
2026-07-20 14:20:51.928,19.999981,0.000000,0.000000,0.000000,0.319586,-0.404494,-0.251474,0.122128,-0.372976,-0.250752,0.220857,-0.388735,-0.251113,0.195429,-0.414154,-0.224547,0.211811,-0.422875,-0.179879,0.240403,-0.421293,-0.222320
2026-07-20 14:20:52.028,20.099981,0.000000,0.000000,0.000000,0.318727,-0.401301,-0.250449,0.121964,-0.366933,-0.249798,0.220346,-0.384117,-0.250123,0.195017,-0.410063,-0.223578,0.211569,-0.417820,-0.178902,0.240162,-0.416238,-0.221342
2026-07-20 14:20:52.128,20.199981,0.000000,0.000000,0.000000,0.318969,-0.406356,-0.251426,0.122128,-0.372976,-0.250752,0.220549,-0.389666,-0.251089,0.195258,-0.415118,-0.224556,0.211811,-0.422875,-0.179879,0.240628,-0.420343,-0.222309
2026-07-20 14:20:52.228,20.299981,0.000000,0.000000,0.000000,0.318515,-0.404255,-0.250816,0.122139,-0.367967,-0.250212,0.220327,-0.386111,-0.250514,0.195284,-0.411121,-0.223961,0.211666,-0.419842,-0.179293,0.240258,-0.418260,-0.221733
2026-07-20 14:20:52.328,20.399981,0.000000,0.000000,0.000000,0.319441,-0.401461,-0.250887,0.122061,-0.368955,-0.250189,0.220751,-0.385208,-0.250538,0.195113,-0.412085,-0.223969,0.211666,-0.419842,-0.179293,0.240258,-0.418260,-0.221733
2026-07-20 14:20:52.428,20.499980,0.000000,0.000000,0.000000,0.318534,-0.397257,-0.249667,0.121693,-0.363877,-0.248992,0.220113,-0.380567,-0.249329,0.194823,-0.406019,-0.222796,0.211375,-0.413776,-0.178119,0.239968,-0.412194,-0.220560
2026-07-20 14:20:52.528,20.599980,0.000000,0.000000,0.000000,0.318921,-0.405345,-0.251231,0.122158,-0.370977,-0.250580,0.220539,-0.388161,-0.250905,0.195210,-0.414107,-0.224360,0.211762,-0.421864,-0.179684,0.241431,-0.419541,-0.222138
2026-07-20 14:20:52.628,20.699980,0.000000,0.000000,0.000000,0.318824,-0.403323,-0.250840,0.122139,-0.367967,-0.250212,0.220481,-0.385645,-0.250526,0.195113,-0.412085,-0.223969,0.211666,-0.419842,-0.179293,0.241335,-0.417519,-0.221747
2026-07-20 14:20:52.728,20.799980,0.000000,0.000000,0.000000,0.318824,-0.403323,-0.250840,0.122061,-0.368955,-0.250189,0.220442,-0.386139,-0.250514,0.195113,-0.412085,-0.223969,0.211666,-0.419842,-0.179293,0.241335,-0.417519,-0.221747
2026-07-20 14:20:52.828,20.899980,0.000000,0.000000,0.000000,0.318824,-0.403323,-0.250840,0.122061,-0.368955,-0.250189,0.220442,-0.386139,-0.250514,0.195284,-0.411121,-0.223961,0.211666,-0.419842,-0.179293,0.241335,-0.417519,-0.221747
2026-07-20 14:20:52.928,20.999980,0.000000,0.000000,0.000000,0.318419,-0.402233,-0.250425,0.121964,-0.366933,-0.249798,0.220191,-0.384583,-0.250111,0.195017,-0.410063,-0.223578,0.211569,-0.417820,-0.178902,0.241012,-0.416447,-0.221367
2026-07-20 14:20:53.028,21.099980,0.000000,0.000000,0.000000,0.318969,-0.406356,-0.251426,0.122128,-0.372976,-0.250752,0.220549,-0.389666,-0.251089,0.195429,-0.414154,-0.224547,0.211811,-0.422875,-0.179879,0.240403,-0.421293,-0.222320
2026-07-20 14:20:53.128,21.199980,0.000000,0.000000,0.000000,0.319066,-0.408378,-0.251818,0.122459,-0.372034,-0.251213,0.220762,-0.390206,-0.251515,0.195355,-0.417140,-0.224947,0.211908,-0.424897,-0.180270,0.240500,-0.423315,-0.222711
2026-07-20 14:20:53.228,21.299980,0.000000,0.000000,0.000000,0.318679,-0.400290,-0.250253,0.121916,-0.365922,-0.249602,0.220297,-0.383106,-0.249928,0.195139,-0.408088,-0.223374,0.211521,-0.416809,-0.178706,0.240964,-0.415436,-0.221172
2026-07-20 14:20:53.328,21.399980,0.000000,0.000000,0.000000,0.318534,-0.397257,-0.249667,0.121615,-0.364865,-0.248969,0.220074,-0.381061,-0.249318,0.194823,-0.406019,-0.222796,0.211375,-0.413776,-0.178119,0.239968,-0.412194,-0.220560
2026-07-20 14:20:53.428,21.499979,0.000000,0.000000,0.000000,0.318727,-0.401301,-0.250449,0.121964,-0.366933,-0.249798,0.220346,-0.384117,-0.250123,0.195187,-0.409099,-0.223570,0.211569,-0.417820,-0.178902,0.240162,-0.416238,-0.221342
2026-07-20 14:20:53.528,21.599979,0.000000,0.000000,0.000000,0.318776,-0.402312,-0.250644,0.122012,-0.367944,-0.249993,0.220394,-0.385128,-0.250319,0.195065,-0.411074,-0.223774,0.211617,-0.418831,-0.179097,0.240210,-0.417249,-0.221537
2026-07-20 14:20:53.628,21.699979,0.000000,0.000000,0.000000,0.318727,-0.401301,-0.250449,0.121886,-0.367921,-0.249774,0.220307,-0.384611,-0.250112,0.195017,-0.410063,-0.223578,0.211569,-0.417820,-0.178902,0.240386,-0.415288,-0.221331
2026-07-20 14:20:53.728,21.799979,0.000000,0.000000,0.000000,0.318515,-0.404255,-0.250816,0.121983,-0.369943,-0.250165,0.220249,-0.387099,-0.250491,0.195113,-0.412085,-0.223969,0.211474,-0.420799,-0.179356,0.240258,-0.418260,-0.221733
2026-07-20 14:20:53.828,21.899979,0.000000,0.000000,0.000000,0.318515,-0.404255,-0.250816,0.122139,-0.367967,-0.250212,0.220327,-0.386111,-0.250514,0.195284,-0.411121,-0.223961,0.211666,-0.419842,-0.179293,0.240258,-0.418260,-0.221733
2026-07-20 14:20:53.928,21.999979,0.000000,0.000000,0.000000,0.318921,-0.405345,-0.251231,0.122158,-0.370977,-0.250580,0.220539,-0.388161,-0.250905,0.195210,-0.414107,-0.224360,0.211762,-0.421864,-0.179684,0.240355,-0.420282,-0.222124
2026-07-20 14:20:54.028,22.099979,0.000000,0.000000,0.000000,0.318872,-0.404334,-0.251035,0.122031,-0.370954,-0.250361,0.220452,-0.387644,-0.250698,0.195162,-0.413096,-0.224165,0.211714,-0.420853,-0.179488,0.240531,-0.418321,-0.221917
2026-07-20 14:20:54.128,22.199979,0.000000,0.000000,0.000000,0.318534,-0.397257,-0.249667,0.121771,-0.362889,-0.249016,0.220152,-0.380073,-0.249341,0.194823,-0.406019,-0.222796,0.211375,-0.413776,-0.178119,0.240193,-0.411244,-0.220549
2026-07-20 14:20:54.228,22.299979,0.000000,0.000000,0.000000,0.319066,-0.408378,-0.251818,0.122303,-0.374010,-0.251166,0.220684,-0.391194,-0.251492,0.195355,-0.417140,-0.224947,0.211908,-0.424897,-0.180270,0.241576,-0.422574,-0.222725
2026-07-20 14:20:54.328,22.399979,0.000000,0.000000,0.000000,0.318419,-0.402233,-0.250425,0.121964,-0.366933,-0.249798,0.220191,-0.384583,-0.250111,0.195017,-0.410063,-0.223578,0.211569,-0.417820,-0.178902,0.240162,-0.416238,-0.221342
2026-07-20 14:20:54.428,22.499979,0.000000,0.000000,0.000000,0.318370,-0.401222,-0.250230,0.121916,-0.365922,-0.249602,0.220143,-0.383572,-0.249916,0.194968,-0.409052,-0.223382,0.211521,-0.416809,-0.178706,0.240338,-0.414277,-0.221135
2026-07-20 14:20:54.528,22.599978,0.000000,0.000000,0.000000,0.319326,-0.406436,-0.251646,0.122176,-0.373987,-0.250948,0.220751,-0.390212,-0.251297,0.195307,-0.416129,-0.224751,0.211859,-0.423886,-0.180075,0.240452,-0.422304,-0.222515
2026-07-20 14:20:54.628,22.699978,0.000000,0.000000,0.000000,0.318872,-0.404334,-0.251035,0.122031,-0.370954,-0.250361,0.220452,-0.387644,-0.250698,0.195162,-0.413096,-0.224165,0.211714,-0.420853,-0.179488,0.240307,-0.419271,-0.221929
2026-07-20 14:20:54.728,22.799978,0.000000,0.000000,0.000000,0.318370,-0.401222,-0.250230,0.121916,-0.365922,-0.249602,0.220143,-0.383572,-0.249916,0.194968,-0.409052,-0.223382,0.211521,-0.416809,-0.178706,0.240113,-0.415227,-0.221146
2026-07-20 14:20:54.828,22.899978,0.000000,0.000000,0.000000,0.318969,-0.406356,-0.251426,0.122206,-0.371988,-0.250775,0.220588,-0.389172,-0.251101,0.195258,-0.415118,-0.224556,0.211811,-0.422875,-0.179879,0.240403,-0.421293,-0.222320
2026-07-20 14:20:54.928,22.999978,0.000000,0.000000,0.000000,0.318534,-0.397257,-0.249667,0.121771,-0.362889,-0.249016,0.220152,-0.380073,-0.249341,0.194823,-0.406019,-0.222796,0.211375,-0.413776,-0.178119,0.239968,-0.412194,-0.220560
2026-07-20 14:20:55.028,23.099978,0.000000,0.000000,0.000000,0.318322,-0.400211,-0.250034,0.121867,-0.364911,-0.249407,0.220095,-0.382561,-0.249720,0.195090,-0.407077,-0.223179,0.211472,-0.415798,-0.178511,0.240065,-0.414216,-0.220951
2026-07-20 14:20:55.128,23.199978,0.000000,0.000000,0.000000,0.318515,-0.404255,-0.250816,0.122139,-0.367967,-0.250212,0.220327,-0.386111,-0.250514,0.195284,-0.411121,-0.223961,0.211666,-0.419842,-0.179293,0.240258,-0.418260,-0.221733
2026-07-20 14:20:55.228,23.299978,0.000000,0.000000,0.000000,0.318921,-0.405345,-0.251231,0.122080,-0.371965,-0.250557,0.220500,-0.388655,-0.250894,0.195380,-0.413143,-0.224352,0.211762,-0.421864,-0.179684,0.241431,-0.419541,-0.222138
2026-07-20 14:20:55.328,23.399978,0.000000,0.000000,0.000000,0.318225,-0.398189,-0.249643,0.121771,-0.362889,-0.249016,0.219998,-0.380539,-0.249329,0.194994,-0.405055,-0.222788,0.211375,-0.413776,-0.178119,0.239968,-0.412194,-0.220560
2026-07-20 14:20:55.428,23.499978,0.000000,0.000000,0.000000,0.318709,-0.408299,-0.251598,0.122332,-0.372011,-0.250994,0.220521,-0.390155,-0.251296,0.195307,-0.416129,-0.224751,0.211859,-0.423886,-0.180075,0.241302,-0.422513,-0.222540
2026-07-20 14:20:55.528,23.599977,0.000000,0.000000,0.000000,0.318582,-0.398268,-0.249862,0.121897,-0.362912,-0.249234,0.220240,-0.380590,-0.249548,0.195042,-0.406066,-0.222983,0.211424,-0.414787,-0.178315,0.240016,-0.413205,-0.220755
2026-07-20 14:20:55.628,23.699977,0.000000,0.000000,0.000000,0.318921,-0.405345,-0.251231,0.122158,-0.370977,-0.250580,0.220539,-0.388161,-0.250905,0.195210,-0.414107,-0.224360,0.211858,-0.421385,-0.179652,0.240355,-0.420282,-0.222124
2026-07-20 14:20:55.728,23.799977,0.000000,0.000000,0.000000,0.318564,-0.405266,-0.251012,0.122109,-0.369966,-0.250384,0.220337,-0.387616,-0.250698,0.195162,-0.413096,-0.224165,0.211714,-0.420853,-0.179488,0.240531,-0.418321,-0.221917
2026-07-20 14:20:55.828,23.899977,0.000000,0.000000,0.000000,0.318679,-0.400290,-0.250253,0.121838,-0.366910,-0.249579,0.220258,-0.383600,-0.249916,0.194968,-0.409052,-0.223382,0.211521,-0.416809,-0.178706,0.240338,-0.414277,-0.221135
2026-07-20 14:20:55.928,23.999977,0.000000,0.000000,0.000000,0.318612,-0.406277,-0.251207,0.121305,-0.370801,-0.249657,0.219958,-0.388539,-0.250432,0.195210,-0.414107,-0.224360,0.211762,-0.421864,-0.179684,0.240580,-0.419332,-0.222113
2026-07-20 14:20:56.028,24.099977,0.000000,0.000000,0.000000,0.318824,-0.403323,-0.250840,0.122139,-0.367967,-0.250212,0.220481,-0.385645,-0.250526,0.195113,-0.412085,-0.223969,0.211666,-0.419842,-0.179293,0.240483,-0.417310,-0.221722
2026-07-20 14:20:56.128,24.199977,0.000000,0.000000,0.000000,0.318969,-0.406356,-0.251426,0.122362,-0.370012,-0.250822,0.220665,-0.388184,-0.251124,0.195258,-0.415118,-0.224556,0.211811,-0.422875,-0.179879,0.240403,-0.421293,-0.222320
2026-07-20 14:20:56.228,24.299977,0.000000,0.000000,0.000000,0.318776,-0.402312,-0.250644,0.121159,-0.367768,-0.249071,0.219968,-0.385040,-0.249858,0.195235,-0.410110,-0.223765,0.211617,-0.418831,-0.179097,0.240210,-0.417249,-0.221537
2026-07-20 14:20:56.328,24.399977,0.000000,0.000000,0.000000,0.319036,-0.400370,-0.250472,0.121886,-0.367921,-0.249774,0.220461,-0.384146,-0.250123,0.195017,-0.410063,-0.223578,0.211569,-0.417820,-0.178902,0.241238,-0.415497,-0.221356
2026-07-20 14:20:56.428,24.499977,0.000000,0.000000,0.000000,0.318921,-0.405345,-0.251231,0.122158,-0.370977,-0.250580,0.220539,-0.388161,-0.250905,0.195210,-0.414107,-0.224360,0.211954,-0.420907,-0.179620,0.241431,-0.419541,-0.222138
2026-07-20 14:20:56.528,24.599977,0.000000,0.000000,0.000000,0.318872,-0.404334,-0.251035,0.122187,-0.368978,-0.250408,0.220530,-0.386656,-0.250721,0.195332,-0.412132,-0.224156,0.211714,-0.420853,-0.179488,0.240307,-0.419271,-0.221929
2026-07-20 14:20:56.628,24.699976,0.000000,0.000000,0.000000,0.319133,-0.402392,-0.250864,0.121983,-0.369943,-0.250165,0.220558,-0.386168,-0.250514,0.195113,-0.412085,-0.223969,0.211666,-0.419842,-0.179293,0.240258,-0.418260,-0.221733
2026-07-20 14:20:56.728,24.799976,0.000000,0.000000,0.000000,0.318564,-0.405266,-0.251012,0.122187,-0.368978,-0.250408,0.220375,-0.387122,-0.250710,0.195162,-0.413096,-0.224165,0.211714,-0.420853,-0.179488,0.240307,-0.419271,-0.221929
2026-07-20 14:20:56.828,24.899976,0.000000,0.000000,0.000000,0.318921,-0.405345,-0.251231,0.122080,-0.371965,-0.250557,0.220500,-0.388655,-0.250894,0.195380,-0.413143,-0.224352,0.211762,-0.421864,-0.179684,0.241431,-0.419541,-0.222138
2026-07-20 14:20:56.928,24.999976,0.000000,0.000000,0.000000,0.318872,-0.404334,-0.251035,0.122109,-0.369966,-0.250384,0.220491,-0.387150,-0.250710,0.195162,-0.413096,-0.224165,0.211714,-0.420853,-0.179488,0.240307,-0.419271,-0.221929
2026-07-20 14:20:57.028,25.099976,0.000000,0.000000,0.000000,0.318969,-0.406356,-0.251426,0.122206,-0.371988,-0.250775,0.220588,-0.389172,-0.251101,0.195258,-0.415118,-0.224556,0.211811,-0.422875,-0.179879,0.240628,-0.420343,-0.222309
2026-07-20 14:20:57.128,25.199976,0.000000,0.000000,0.000000,0.318612,-0.406277,-0.251207,0.122158,-0.370977,-0.250580,0.220385,-0.388627,-0.250894,0.195210,-0.414107,-0.224360,0.211762,-0.421864,-0.179684,0.240355,-0.420282,-0.222124
2026-07-20 14:20:57.228,25.299976,0.000000,0.000000,0.000000,0.318969,-0.406356,-0.251426,0.122206,-0.371988,-0.250775,0.220588,-0.389172,-0.251101,0.195258,-0.415118,-0.224556,0.211811,-0.422875,-0.179879,0.241254,-0.421502,-0.222345
2026-07-20 14:20:57.328,25.399976,0.000000,0.000000,0.000000,0.318824,-0.403323,-0.250840,0.121208,-0.368779,-0.249266,0.220016,-0.386051,-0.250053,0.195113,-0.412085,-0.223969,0.211857,-0.418885,-0.179229,0.240483,-0.417310,-0.221722
2026-07-20 14:20:57.428,25.499976,0.000000,0.000000,0.000000,0.318661,-0.407288,-0.251403,0.122301,-0.371038,-0.249901,0.220481,-0.389163,-0.250652,0.195429,-0.414154,-0.224547,0.211811,-0.422875,-0.179879,0.240628,-0.420343,-0.222309
2026-07-20 14:20:57.528,25.599976,0.000000,0.000000,0.000000,0.318776,-0.402312,-0.250644,0.122012,-0.367944,-0.249993,0.220394,-0.385128,-0.250319,0.195065,-0.411074,-0.223774,0.211617,-0.418831,-0.179097,0.240210,-0.417249,-0.221537
2026-07-20 14:20:57.628,25.699975,0.000000,0.000000,0.000000,0.318824,-0.403323,-0.250840,0.121208,-0.368779,-0.249266,0.220016,-0.386051,-0.250053,0.195113,-0.412085,-0.223969,0.211666,-0.419842,-0.179293,0.240258,-0.418260,-0.221733
2026-07-20 14:20:57.728,25.799975,0.000000,0.000000,0.000000,0.321862,-0.381426,-0.279100,0.124992,-0.348265,-0.277179,0.223427,-0.364845,-0.278139,0.197992,-0.392224,-0.253750,0.214268,-0.403302,-0.209676,0.243351,-0.397585,-0.251612
2026-07-20 14:20:57.828,25.899975,0.000000,0.000000,0.000000,0.318612,-0.406277,-0.251207,0.122080,-0.371965,-0.250557,0.220346,-0.389121,-0.250882,0.195210,-0.414107,-0.224360,0.211762,-0.421864,-0.179684,0.241431,-0.419541,-0.222138
2026-07-20 14:20:57.928,25.999975,0.000000,0.000000,0.000000,0.318679,-0.400290,-0.250253,0.121916,-0.365922,-0.249602,0.220297,-0.383106,-0.249928,0.195139,-0.408088,-0.223374,0.211521,-0.416809,-0.178706,0.240113,-0.415227,-0.221146
2026-07-20 14:20:58.028,26.099975,0.000000,0.000000,0.000000,0.309841,-0.403653,-0.263486,0.114316,-0.363046,-0.262001,0.212079,-0.383349,-0.262743,0.186254,-0.409520,-0.236990,0.202561,-0.418942,-0.192545,0.231247,-0.416759,-0.234895
2026-07-20 14:20:58.128,26.199975,0.000000,0.000000,0.000000,0.318709,-0.408299,-0.251598,0.122099,-0.374975,-0.250924,0.220404,-0.391637,-0.251261,0.195477,-0.415165,-0.224743,0.211859,-0.423886,-0.180075,0.240452,-0.422304,-0.222515
2026-07-20 14:20:58.228,26.299975,0.000000,0.000000,0.000000,0.318872,-0.404334,-0.251035,0.122109,-0.369966,-0.250384,0.220491,-0.387150,-0.250710,0.195332,-0.412132,-0.224156,0.211714,-0.420853,-0.179488,0.240307,-0.419271,-0.221929
2026-07-20 14:20:58.328,26.399975,0.000000,0.000000,0.000000,0.318679,-0.400290,-0.250253,0.121838,-0.366910,-0.249579,0.220258,-0.383600,-0.249916,0.194968,-0.409052,-0.223382,0.211712,-0.415852,-0.178642,0.241189,-0.414485,-0.221161
2026-07-20 14:20:58.428,26.499975,0.000000,0.000000,0.000000,0.318872,-0.404334,-0.251035,0.122265,-0.367990,-0.250431,0.220569,-0.386162,-0.250733,0.195162,-0.413096,-0.224165,0.211905,-0.419896,-0.179424,0.240307,-0.419271,-0.221929
2026-07-20 14:20:58.528,26.599975,0.000000,0.000000,0.000000,0.318582,-0.398268,-0.249862,0.121819,-0.363900,-0.249211,0.220201,-0.381084,-0.249537,0.194872,-0.407030,-0.222991,0.211424,-0.414787,-0.178315,0.240016,-0.413205,-0.220755
2026-07-20 14:20:58.628,26.699975,0.000000,0.000000,0.000000,0.318824,-0.403323,-0.250840,0.121983,-0.369943,-0.250165,0.220404,-0.386633,-0.250503,0.195113,-0.412085,-0.223969,0.211666,-0.419842,-0.179293,0.241335,-0.417519,-0.221747
2026-07-20 14:20:58.728,26.799974,0.000000,0.000000,0.000000,0.318467,-0.403244,-0.250621,0.122012,-0.367944,-0.249993,0.220240,-0.385594,-0.250307,0.195065,-0.411074,-0.223774,0.211809,-0.417874,-0.179033,0.241286,-0.416507,-0.221552
2026-07-20 14:20:58.828,26.899974,0.000000,0.000000,0.000000,0.318679,-0.400290,-0.250253,0.121760,-0.367898,-0.249556,0.220219,-0.384094,-0.249904,0.194968,-0.409052,-0.223382,0.211521,-0.416809,-0.178706,0.241189,-0.414485,-0.221161
2026-07-20 14:20:58.928,26.999974,0.000000,0.000000,0.000000,0.318225,-0.398189,-0.249643,0.121693,-0.363877,-0.248992,0.219959,-0.381033,-0.249318,0.194823,-0.406019,-0.222796,0.211375,-0.413776,-0.178119,0.240080,-0.411719,-0.220554
2026-07-20 14:20:59.028,27.099974,0.000000,0.000000,0.000000,0.318679,-0.400290,-0.250253,0.121063,-0.365746,-0.248680,0.219871,-0.383018,-0.249467,0.194968,-0.409052,-0.223382,0.211521,-0.416809,-0.178706,0.240338,-0.414277,-0.221135
2026-07-20 14:20:59.128,27.199974,0.000000,0.000000,0.000000,0.318727,-0.401301,-0.250449,0.121886,-0.367921,-0.249774,0.220307,-0.384611,-0.250112,0.195017,-0.410063,-0.223578,0.211569,-0.417820,-0.178902,0.240162,-0.416238,-0.221342
2026-07-20 14:20:59.228,27.299974,0.000000,0.000000,0.000000,0.318824,-0.403323,-0.250840,0.122139,-0.367967,-0.250212,0.220481,-0.385645,-0.250526,0.195113,-0.412085,-0.223969,0.211666,-0.419842,-0.179293,0.240258,-0.418260,-0.221733
2026-07-20 14:20:59.328,27.399974,0.000000,0.000000,0.000000,0.318564,-0.405266,-0.251012,0.122109,-0.369966,-0.250384,0.220337,-0.387616,-0.250698,0.195332,-0.412132,-0.224156,0.211714,-0.420853,-0.179488,0.241157,-0.419480,-0.221954
2026-07-20 14:20:59.428,27.499974,0.000000,0.000000,0.000000,0.318776,-0.402312,-0.250644,0.122012,-0.367944,-0.249993,0.220394,-0.385128,-0.250319,0.195065,-0.411074,-0.223774,0.211617,-0.418831,-0.179097,0.240210,-0.417249,-0.221537
2026-07-20 14:20:59.528,27.599974,0.000000,0.000000,0.000000,0.318969,-0.406356,-0.251426,0.122284,-0.371000,-0.250799,0.220627,-0.388678,-0.251113,0.195258,-0.415118,-0.224556,0.211811,-0.422875,-0.179879,0.240403,-0.421293,-0.222320
2026-07-20 14:20:59.628,27.699974,0.000000,0.000000,0.000000,0.318515,-0.404255,-0.250816,0.122061,-0.368955,-0.250189,0.220288,-0.386605,-0.250502,0.195284,-0.411121,-0.223961,0.211666,-0.419842,-0.179293,0.240258,-0.418260,-0.221733
2026-07-20 14:20:59.728,27.799973,0.000000,0.000000,0.000000,0.318679,-0.400290,-0.250253,0.121045,-0.365708,-0.249576,0.219862,-0.382999,-0.249915,0.194968,-0.409052,-0.223382,0.211521,-0.416809,-0.178706,0.240113,-0.415227,-0.221146
2026-07-20 14:20:59.828,27.899973,0.000000,0.000000,0.000000,0.318921,-0.405345,-0.251231,0.122158,-0.370977,-0.250580,0.220539,-0.388161,-0.250905,0.195380,-0.413143,-0.224352,0.211762,-0.421864,-0.179684,0.240355,-0.420282,-0.222124
2026-07-20 14:20:59.928,27.999973,0.000000,0.000000,0.000000,0.318776,-0.402312,-0.250644,0.121083,-0.368756,-0.249049,0.219929,-0.385534,-0.249846,0.195065,-0.411074,-0.223774,0.211617,-0.418831,-0.179097,0.240435,-0.416299,-0.221526
2026-07-20 14:21:00.028,28.099973,0.000000,0.000000,0.000000,0.319036,-0.400370,-0.250472,0.121964,-0.366933,-0.249798,0.220500,-0.383652,-0.250135,0.195017,-0.410063,-0.223578,0.211569,-0.417820,-0.178902,0.241238,-0.415497,-0.221356
2026-07-20 14:21:00.128,28.199973,0.000000,0.000000,0.000000,0.318776,-0.402312,-0.250644,0.122012,-0.367944,-0.249993,0.220394,-0.385128,-0.250319,0.195065,-0.411074,-0.223774,0.211426,-0.419787,-0.179161,0.240210,-0.417249,-0.221537
2026-07-20 14:21:00.228,28.299973,0.000000,0.000000,0.000000,0.318274,-0.399200,-0.249839,0.121819,-0.363900,-0.249211,0.220046,-0.381550,-0.249525,0.194872,-0.407030,-0.222991,0.211424,-0.414787,-0.178315,0.240241,-0.412255,-0.220744
2026-07-20 14:21:00.328,28.399973,0.000000,0.000000,0.000000,0.318679,-0.400290,-0.250253,0.121994,-0.364934,-0.249625,0.220336,-0.382612,-0.249939,0.194968,-0.409052,-0.223382,0.211521,-0.416809,-0.178706,0.240113,-0.415227,-0.221146
2026-07-20 14:21:00.428,28.499973,0.000000,0.000000,0.000000,0.318679,-0.400290,-0.250253,0.120986,-0.366734,-0.248658,0.219832,-0.383512,-0.249455,0.194968,-0.409052,-0.223382,0.211521,-0.416809,-0.178706,0.240113,-0.415227,-0.221146
2026-07-20 14:21:00.528,28.599973,0.000000,0.000000,0.000000,0.318564,-0.405266,-0.251012,0.122109,-0.369966,-0.250384,0.220337,-0.387616,-0.250698,0.195332,-0.412132,-0.224156,0.211714,-0.420853,-0.179488,0.240531,-0.418321,-0.221917
2026-07-20 14:21:00.628,28.699973,0.000000,0.000000,0.000000,0.318824,-0.403323,-0.250840,0.122061,-0.368955,-0.250189,0.220442,-0.386139,-0.250514,0.195113,-0.412085,-0.223969,0.211857,-0.418885,-0.179229,0.240258,-0.418260,-0.221733
2026-07-20 14:21:00.728,28.799973,0.000000,0.000000,0.000000,0.318582,-0.398268,-0.249862,0.121741,-0.364888,-0.249188,0.220162,-0.381578,-0.249525,0.195042,-0.406066,-0.222983,0.211615,-0.413830,-0.178251,0.240016,-0.413205,-0.220755
2026-07-20 14:21:00.828,28.899972,0.000000,0.000000,0.000000,0.318824,-0.403323,-0.250840,0.121983,-0.369943,-0.250165,0.220404,-0.386633,-0.250503,0.195113,-0.412085,-0.223969,0.211666,-0.419842,-0.179293,0.240258,-0.418260,-0.221733
2026-07-20 14:21:00.928,28.999972,0.000000,0.000000,0.000000,0.318969,-0.406356,-0.251426,0.122128,-0.372976,-0.250752,0.220549,-0.389666,-0.251089,0.195429,-0.414154,-0.224547,0.211620,-0.423832,-0.179943,0.240403,-0.421293,-0.222320
2026-07-20 14:21:01.028,29.099972,0.000000,0.000000,0.000000,0.318515,-0.404255,-0.250816,0.121983,-0.369943,-0.250165,0.220249,-0.387099,-0.250491,0.195113,-0.412085,-0.223969,0.211666,-0.419842,-0.179293,0.241335,-0.417519,-0.221747
2026-07-20 14:21:01.128,29.199972,0.000000,0.000000,0.000000,0.318679,-0.400290,-0.250253,0.121838,-0.366910,-0.249579,0.220258,-0.383600,-0.249916,0.195139,-0.408088,-0.223374,0.211521,-0.416809,-0.178706,0.240113,-0.415227,-0.221146
2026-07-20 14:21:01.228,29.299972,0.000000,0.000000,0.000000,0.318727,-0.401301,-0.250449,0.121886,-0.367921,-0.249774,0.220307,-0.384611,-0.250112,0.195017,-0.410063,-0.223578,0.211569,-0.417820,-0.178902,0.240162,-0.416238,-0.221342
2026-07-20 14:21:01.328,29.399972,0.000000,0.000000,0.000000,0.318776,-0.402312,-0.250644,0.122168,-0.365968,-0.250040,0.220472,-0.384140,-0.250342,0.195235,-0.410110,-0.223765,0.211617,-0.418831,-0.179097,0.241286,-0.416507,-0.221552
2026-07-20 14:21:01.428,29.499972,0.000000,0.000000,0.000000,0.321965,-0.383413,-0.279643,0.125095,-0.350252,-0.277723,0.223530,-0.366832,-0.278683,0.198095,-0.394211,-0.254293,0.214371,-0.405289,-0.210219,0.243230,-0.400520,-0.252239
2026-07-20 14:21:01.528,29.599972,0.000000,0.000000,0.000000,0.321862,-0.381426,-0.279100,0.125070,-0.347278,-0.277128,0.223466,-0.364352,-0.278114,0.197992,-0.392224,-0.253750,0.214268,-0.403302,-0.209676,0.243351,-0.397585,-0.251612
2026-07-20 14:21:01.628,29.699972,0.000000,0.000000,0.000000,0.321862,-0.381426,-0.279100,0.125070,-0.347278,-0.277128,0.223466,-0.364352,-0.278114,0.197992,-0.392224,-0.253750,0.214268,-0.403302,-0.209676,0.243127,-0.398532,-0.251696
2026-07-20 14:21:01.728,29.799972,0.000000,0.000000,0.000000,0.321965,-0.383413,-0.279643,0.125095,-0.350252,-0.277723,0.223530,-0.366832,-0.278683,0.198095,-0.394211,-0.254293,0.214371,-0.405289,-0.210219,0.243230,-0.400520,-0.252239
2026-07-20 14:21:01.828,29.899971,0.000000,0.000000,0.000000,0.322017,-0.384407,-0.279914,0.125224,-0.350258,-0.277943,0.223620,-0.367332,-0.278929,0.198146,-0.395205,-0.254565,0.214422,-0.406283,-0.210491,0.243281,-0.401513,-0.252510
2026-07-20 14:21:01.928,29.999971,0.000000,0.000000,0.000000,0.318679,-0.400290,-0.250253,0.121916,-0.365922,-0.249602,0.220297,-0.383106,-0.249928,0.194968,-0.409052,-0.223382,0.211521,-0.416809,-0.178706,0.241189,-0.414485,-0.221161
2026-07-20 14:21:02.028,30.099971,0.000000,0.000000,0.000000,0.328924,-0.390785,-0.257556,0.131568,-0.358752,-0.257323,0.230246,-0.374768,-0.257440,0.205292,-0.402816,-0.231604,0.221770,-0.411171,-0.187008,0.250549,-0.408053,-0.229236
2026-07-20 14:21:02.128,30.199971,0.000000,0.000000,0.000000,0.318824,-0.403323,-0.250840,0.121208,-0.368779,-0.249266,0.220016,-0.386051,-0.250053,0.195113,-0.412085,-0.223969,0.211666,-0.419842,-0.179293,0.240258,-0.418260,-0.221733
2026-07-20 14:21:02.228,30.299971,0.000000,0.000000,0.000000,0.318582,-0.398268,-0.249862,0.121819,-0.363900,-0.249211,0.220201,-0.381084,-0.249537,0.194872,-0.407030,-0.222991,0.211424,-0.414787,-0.178315,0.240241,-0.412255,-0.220744
2026-07-20 14:21:02.328,30.399971,0.000000,0.000000,0.000000,0.321759,-0.379439,-0.278556,0.124967,-0.345290,-0.276585,0.223363,-0.362365,-0.277571,0.198058,-0.389276,-0.253125,0.214165,-0.401315,-0.209133,0.244099,-0.395804,-0.251104
2026-07-20 14:21:02.428,30.499971,0.000000,0.000000,0.000000,0.321862,-0.381426,-0.279100,0.124992,-0.348265,-0.277179,0.223427,-0.364845,-0.278139,0.197992,-0.392224,-0.253750,0.214268,-0.403302,-0.209676,0.244202,-0.397791,-0.251647
2026-07-20 14:21:02.528,30.599971,0.000000,0.000000,0.000000,0.321656,-0.377451,-0.278013,0.124005,-0.343197,-0.275114,0.222830,-0.360324,-0.276564,0.197786,-0.388250,-0.252664,0.214062,-0.399327,-0.208590,0.243772,-0.394764,-0.250645
2026-07-20 14:21:02.628,30.699971,0.000000,0.000000,0.000000,0.321657,-0.384344,-0.279691,0.124314,-0.349159,-0.276744,0.222985,-0.366751,-0.278217,0.198264,-0.393251,-0.254212,0.214371,-0.405289,-0.210219,0.244305,-0.399779,-0.252190
2026-07-20 14:21:02.728,30.799971,0.000000,0.000000,0.000000,0.321606,-0.383350,-0.279419,0.125198,-0.347284,-0.277348,0.223402,-0.365317,-0.278384,0.198043,-0.393218,-0.254022,0.214319,-0.404295,-0.209948,0.243402,-0.398579,-0.251883
2026-07-20 14:21:02.828,30.899971,0.000000,0.000000,0.000000,0.321554,-0.382356,-0.279148,0.124211,-0.347172,-0.276201,0.222882,-0.364764,-0.277674,0.197992,-0.392224,-0.253750,0.214268,-0.403302,-0.209676,0.243978,-0.398738,-0.251731
2026-07-20 14:21:02.928,30.999970,0.000000,0.000000,0.000000,0.319114,-0.409389,-0.252013,0.122273,-0.376009,-0.251339,0.220694,-0.392699,-0.251676,0.195404,-0.418151,-0.225142,0.211765,-0.426864,-0.180529,0.241399,-0.424535,-0.222931
2026-07-20 14:21:03.028,31.099970,0.000000,0.000000,0.000000,0.321965,-0.383413,-0.279643,0.125095,-0.350252,-0.277723,0.223530,-0.366832,-0.278683,0.198264,-0.393251,-0.254212,0.214371,-0.405289,-0.210219,0.244081,-0.400725,-0.252274
2026-07-20 14:21:03.128,31.199970,0.000000,0.000000,0.000000,0.321811,-0.380432,-0.278828,0.124083,-0.347165,-0.275981,0.222947,-0.363799,-0.277405,0.197940,-0.391231,-0.253479,0.214216,-0.402308,-0.209405,0.243075,-0.397539,-0.251424
2026-07-20 14:21:03.228,31.299970,0.000000,0.000000,0.000000,0.318679,-0.400290,-0.250253,0.121916,-0.365922,-0.249602,0.220297,-0.383106,-0.249928,0.194968,-0.409052,-0.223382,0.211521,-0.416809,-0.178706,0.240113,-0.415227,-0.221146
2026-07-20 14:21:03.328,31.399970,0.000000,0.000000,0.000000,0.310170,-0.402728,-0.263482,0.114017,-0.366005,-0.262017,0.212093,-0.384367,-0.262750,0.186254,-0.409520,-0.236990,0.202349,-0.419892,-0.192636,0.231247,-0.416759,-0.234895
2026-07-20 14:21:03.428,31.499970,0.000000,0.000000,0.000000,0.321811,-0.380432,-0.278828,0.124159,-0.346178,-0.275929,0.222985,-0.363305,-0.277379,0.197940,-0.391231,-0.253479,0.214216,-0.402308,-0.209405,0.243075,-0.397539,-0.251424
2026-07-20 14:21:03.528,31.599970,0.000000,0.000000,0.000000,0.321811,-0.380432,-0.278828,0.124159,-0.346178,-0.275929,0.222985,-0.363305,-0.277379,0.198110,-0.390270,-0.253397,0.214216,-0.402308,-0.209405,0.243075,-0.397539,-0.251424
2026-07-20 14:21:03.628,31.699970,0.000000,0.000000,0.000000,0.321400,-0.379375,-0.278333,0.124915,-0.344297,-0.276313,0.223157,-0.361836,-0.277323,0.197837,-0.389243,-0.252935,0.214113,-0.400321,-0.208862,0.242972,-0.395552,-0.250881
2026-07-20 14:21:03.728,31.799970,0.000000,0.000000,0.000000,0.321708,-0.378445,-0.278285,0.124056,-0.344191,-0.275386,0.222882,-0.361318,-0.276835,0.197837,-0.389243,-0.252935,0.213923,-0.401270,-0.208998,0.243823,-0.395757,-0.250916
2026-07-20 14:21:03.828,31.899970,0.000000,0.000000,0.000000,0.321349,-0.385274,-0.279739,0.125173,-0.349265,-0.277671,0.223261,-0.367269,-0.278705,0.198095,-0.394211,-0.254293,0.214371,-0.405289,-0.210219,0.244305,-0.399779,-0.252190
2026-07-20 14:21:03.928,31.999969,0.000000,0.000000,0.000000,0.321760,-0.386331,-0.280234,0.125276,-0.351252,-0.278214,0.223518,-0.368791,-0.279224,0.198198,-0.396199,-0.254836,0.214474,-0.407276,-0.210763,0.243333,-0.402507,-0.252782
2026-07-20 14:21:04.028,32.099969,0.000000,0.000000,0.000000,0.320833,-0.390069,-0.267931,0.123031,-0.357703,-0.266210,0.221932,-0.373886,-0.267070,0.196943,-0.400118,-0.242366,0.213187,-0.409918,-0.197979,0.242076,-0.406368,-0.240099
2026-07-20 14:21:04.128,32.199969,0.000000,0.000000,0.000000,0.318776,-0.402312,-0.250644,0.121159,-0.367768,-0.249071,0.219968,-0.385040,-0.249858,0.195065,-0.411074,-0.223774,0.211617,-0.418831,-0.179097,0.240210,-0.417249,-0.221537
2026-07-20 14:21:04.228,32.299969,0.000000,0.000000,0.000000,0.321862,-0.381426,-0.279100,0.124992,-0.348265,-0.277179,0.223427,-0.364845,-0.278139,0.197992,-0.392224,-0.253750,0.214268,-0.403302,-0.209676,0.244202,-0.397791,-0.251647
2026-07-20 14:21:04.328,32.399969,0.000000,0.000000,0.000000,0.310223,-0.404740,-0.263934,0.113517,-0.364889,-0.261525,0.211870,-0.384814,-0.262730,0.186306,-0.411531,-0.237442,0.202826,-0.420003,-0.192905,0.231300,-0.418770,-0.235347
2026-07-20 14:21:04.428,32.499969,0.000000,0.000000,0.000000,0.321348,-0.378382,-0.278061,0.124941,-0.342316,-0.275991,0.223145,-0.360349,-0.277026,0.197786,-0.388250,-0.252664,0.214062,-0.399327,-0.208590,0.243033,-0.394084,-0.250568
2026-07-20 14:21:04.528,32.599969,0.000000,0.000000,0.000000,0.321965,-0.383413,-0.279643,0.125173,-0.349265,-0.277671,0.223569,-0.366339,-0.278657,0.198095,-0.394211,-0.254293,0.214371,-0.405289,-0.210219,0.244305,-0.399779,-0.252190
2026-07-20 14:21:04.628,32.699969,0.000000,0.000000,0.000000,0.318661,-0.407288,-0.251403,0.122128,-0.372976,-0.250752,0.220394,-0.390132,-0.251077,0.195258,-0.415118,-0.224556,0.211811,-0.422875,-0.179879,0.240403,-0.421293,-0.222320
2026-07-20 14:21:04.728,32.799969,0.000000,0.000000,0.000000,0.318824,-0.403323,-0.250840,0.121131,-0.369767,-0.249244,0.219978,-0.386545,-0.250042,0.195113,-0.412085,-0.223969,0.211666,-0.419842,-0.179293,0.240258,-0.418260,-0.221733
2026-07-20 14:21:04.828,32.899969,0.000000,0.000000,0.000000,0.318467,-0.403244,-0.250621,0.122012,-0.367944,-0.249993,0.220240,-0.385594,-0.250307,0.195235,-0.410110,-0.223765,0.211809,-0.417874,-0.179033,0.240210,-0.417249,-0.221537
2026-07-20 14:21:04.928,32.999969,0.000000,0.000000,0.000000,0.321914,-0.382419,-0.279371,0.124262,-0.348165,-0.276472,0.223088,-0.365292,-0.277922,0.198043,-0.393218,-0.254022,0.214319,-0.404295,-0.209948,0.243178,-0.399526,-0.251967
2026-07-20 14:21:05.028,33.099968,0.000000,0.000000,0.000000,0.318679,-0.400290,-0.250253,0.120986,-0.366734,-0.248658,0.219832,-0.383512,-0.249455,0.194968,-0.409052,-0.223382,0.211521,-0.416809,-0.178706,0.240113,-0.415227,-0.221146
2026-07-20 14:21:05.128,33.199968,0.000000,0.000000,0.000000,0.321811,-0.380432,-0.278828,0.124083,-0.347165,-0.275981,0.222947,-0.363799,-0.277405,0.197940,-0.391231,-0.253479,0.214216,-0.402308,-0.209405,0.244151,-0.396798,-0.251376
2026-07-20 14:21:05.228,33.299968,0.000000,0.000000,0.000000,0.318824,-0.403323,-0.250840,0.121208,-0.368779,-0.249266,0.220016,-0.386051,-0.250053,0.195113,-0.412085,-0.223969,0.211666,-0.419842,-0.179293,0.240258,-0.418260,-0.221733
2026-07-20 14:21:05.328,33.399968,0.000000,0.000000,0.000000,0.321708,-0.378445,-0.278285,0.124132,-0.343204,-0.275333,0.222920,-0.360824,-0.276809,0.198007,-0.388283,-0.252854,0.214303,-0.399371,-0.208725,0.242972,-0.395552,-0.250881
2026-07-20 14:21:05.428,33.499968,0.000000,0.000000,0.000000,0.321760,-0.386331,-0.280234,0.125430,-0.349278,-0.278112,0.223595,-0.367804,-0.279173,0.198198,-0.396199,-0.254836,0.214474,-0.407276,-0.210763,0.243333,-0.402507,-0.252782
2026-07-20 14:21:05.528,33.599968,0.000000,0.000000,0.000000,0.321965,-0.383413,-0.279643,0.125250,-0.348278,-0.277620,0.223608,-0.365845,-0.278631,0.198095,-0.394211,-0.254293,0.214371,-0.405289,-0.210219,0.243230,-0.400520,-0.252239
2026-07-20 14:21:05.628,33.699968,0.000000,0.000000,0.000000,0.321811,-0.380432,-0.278828,0.124941,-0.347271,-0.276908,0.223376,-0.363852,-0.277868,0.197940,-0.391231,-0.253479,0.214216,-0.402308,-0.209405,0.243187,-0.397065,-0.251382
2026-07-20 14:21:05.728,33.799968,0.000000,0.000000,0.000000,0.321657,-0.384344,-0.279691,0.124237,-0.350146,-0.276796,0.222947,-0.367245,-0.278244,0.198095,-0.394211,-0.254293,0.214371,-0.405289,-0.210219,0.243230,-0.400520,-0.252239
2026-07-20 14:21:05.828,33.899968,0.000000,0.000000,0.000000,0.322017,-0.384407,-0.279914,0.125224,-0.350258,-0.277943,0.223620,-0.367332,-0.278929,0.198146,-0.395205,-0.254565,0.214422,-0.406283,-0.210491,0.243281,-0.401513,-0.252510
2026-07-20 14:21:05.928,33.999968,0.000000,0.000000,0.000000,0.321632,-0.383847,-0.279555,0.124288,-0.348662,-0.276608,0.222960,-0.366254,-0.278082,0.198069,-0.393715,-0.254158,0.214345,-0.404792,-0.210084,0.244280,-0.399282,-0.252055
2026-07-20 14:21:06.028,34.099967,0.000000,0.000000,0.000000,0.321863,-0.388318,-0.280777,0.125379,-0.353239,-0.278757,0.223621,-0.370779,-0.279767,0.198301,-0.398186,-0.255380,0.214577,-0.409263,-0.211306,0.244287,-0.404700,-0.253360
2026-07-20 14:21:06.128,34.199967,0.000000,0.000000,0.000000,0.318129,-0.396167,-0.249252,0.121674,-0.360867,-0.248625,0.219901,-0.378517,-0.248938,0.194726,-0.403997,-0.222405,0.211470,-0.410797,-0.177665,0.239871,-0.410172,-0.220169
2026-07-20 14:21:06.228,34.299967,0.000000,0.000000,0.000000,0.318824,-0.403323,-0.250840,0.122061,-0.368955,-0.250189,0.220442,-0.386139,-0.250514,0.195113,-0.412085,-0.223969,0.211666,-0.419842,-0.179293,0.240258,-0.418260,-0.221733
2026-07-20 14:21:06.328,34.399967,0.000000,0.000000,0.000000,0.322377,-0.391362,-0.281815,0.125662,-0.356227,-0.279792,0.224020,-0.373794,-0.280804,0.198507,-0.402160,-0.256466,0.214783,-0.413238,-0.212392,0.244493,-0.408674,-0.254447
2026-07-20 14:21:06.428,34.499967,0.000000,0.000000,0.000000,0.321812,-0.387324,-0.280506,0.124392,-0.353127,-0.277611,0.223102,-0.370226,-0.279058,0.198419,-0.396232,-0.255026,0.214525,-0.408270,-0.211034,0.244460,-0.402759,-0.253005
2026-07-20 14:21:06.528,34.599967,0.000000,0.000000,0.000000,0.321862,-0.381426,-0.279100,0.125147,-0.346291,-0.277077,0.223505,-0.363858,-0.278088,0.197992,-0.392224,-0.253750,0.214458,-0.402352,-0.209540,0.243127,-0.398532,-0.251696
2026-07-20 14:21:06.628,34.699967,0.000000,0.000000,0.000000,0.321965,-0.383413,-0.279643,0.125173,-0.349265,-0.277671,0.223569,-0.366339,-0.278657,0.198095,-0.394211,-0.254293,0.214371,-0.405289,-0.210219,0.243230,-0.400520,-0.252239
2026-07-20 14:21:06.728,34.799967,0.000000,0.000000,0.000000,0.321812,-0.387324,-0.280506,0.125327,-0.352246,-0.278486,0.223569,-0.369785,-0.279496,0.198249,-0.397192,-0.255108,0.214525,-0.408270,-0.211034,0.243384,-0.403501,-0.253053
2026-07-20 14:21:06.828,34.899967,0.000000,0.000000,0.000000,0.321657,-0.384344,-0.279691,0.125173,-0.349265,-0.277671,0.223415,-0.366804,-0.278681,0.198095,-0.394211,-0.254293,0.214561,-0.404340,-0.210083,0.244081,-0.400725,-0.252274
2026-07-20 14:21:06.928,34.999967,0.000000,0.000000,0.000000,0.329131,-0.370049,-0.283314,0.131138,-0.338668,-0.281000,0.230134,-0.354358,-0.282157,0.205630,-0.382695,-0.258865,0.221852,-0.394222,-0.214886,0.251719,-0.388370,-0.256670
2026-07-20 14:21:07.028,35.099967,0.000000,0.000000,0.000000,0.321451,-0.380369,-0.278605,0.124260,-0.343210,-0.275553,0.222856,-0.361790,-0.277079,0.197889,-0.390237,-0.253207,0.214165,-0.401315,-0.209133,0.244099,-0.395804,-0.251104
2026-07-20 14:21:07.128,35.199966,0.000000,0.000000,0.000000,0.318515,-0.404255,-0.250816,0.122139,-0.367967,-0.250212,0.220327,-0.386111,-0.250514,0.195113,-0.412085,-0.223969,0.211666,-0.419842,-0.179293,0.240258,-0.418260,-0.221733
2026-07-20 14:21:07.228,35.299966,0.000000,0.000000,0.000000,0.329486,-0.374985,-0.284755,0.131493,-0.343605,-0.282441,0.230489,-0.359295,-0.283598,0.205985,-0.387632,-0.260306,0.222207,-0.399159,-0.216327,0.251219,-0.393118,-0.258077
2026-07-20 14:21:07.328,35.399966,0.000000,0.000000,0.000000,0.321965,-0.383413,-0.279643,0.124237,-0.350146,-0.276796,0.223101,-0.366780,-0.278219,0.198095,-0.394211,-0.254293,0.214371,-0.405289,-0.210219,0.243230,-0.400520,-0.252239
2026-07-20 14:21:07.428,35.499966,0.000000,0.000000,0.000000,0.321862,-0.381426,-0.279100,0.124211,-0.347172,-0.276201,0.223036,-0.364299,-0.277650,0.197992,-0.392224,-0.253750,0.214268,-0.403302,-0.209676,0.243127,-0.398532,-0.251696
2026-07-20 14:21:07.528,35.599966,0.000000,0.000000,0.000000,0.321503,-0.381363,-0.278876,0.124159,-0.346178,-0.275929,0.222831,-0.363770,-0.277403,0.197940,-0.391231,-0.253479,0.214216,-0.402308,-0.209405,0.243075,-0.397539,-0.251424
2026-07-20 14:21:07.628,35.699966,0.000000,0.000000,0.000000,0.321914,-0.382419,-0.279371,0.124186,-0.349153,-0.276525,0.223050,-0.365786,-0.277948,0.198213,-0.392257,-0.253940,0.214319,-0.404295,-0.209948,0.243178,-0.399526,-0.251967
2026-07-20 14:21:07.728,35.799966,0.000000,0.000000,0.000000,0.321965,-0.383413,-0.279643,0.124314,-0.349159,-0.276744,0.223139,-0.366286,-0.278193,0.198095,-0.394211,-0.254293,0.214371,-0.405289,-0.210219,0.244081,-0.400725,-0.252274
2026-07-20 14:21:07.828,35.899966,0.000000,0.000000,0.000000,0.321965,-0.383413,-0.279643,0.124237,-0.350146,-0.276796,0.223101,-0.366780,-0.278219,0.198095,-0.394211,-0.254293,0.214371,-0.405289,-0.210219,0.243454,-0.399572,-0.252155
2026-07-20 14:21:07.928,35.999966,0.000000,0.000000,0.000000,0.321811,-0.380432,-0.278828,0.125095,-0.345297,-0.276805,0.223453,-0.362865,-0.277817,0.197940,-0.391231,-0.253479,0.214216,-0.402308,-0.209405,0.243075,-0.397539,-0.251424
2026-07-20 14:21:08.028,36.099966,0.000000,0.000000,0.000000,0.322017,-0.384407,-0.279914,0.124441,-0.349165,-0.276963,0.223229,-0.366786,-0.278439,0.198146,-0.395205,-0.254565,0.214422,-0.406283,-0.210491,0.244357,-0.400772,-0.252462
2026-07-20 14:21:08.128,36.199965,0.000000,0.000000,0.000000,0.276105,-0.492461,-0.080626,0.082252,-0.443148,-0.094790,0.179178,-0.467804,-0.087708,0.152578,-0.479699,-0.054524,0.169124,-0.472009,-0.009834,0.197022,-0.488630,-0.049414
2026-07-20 14:21:08.228,36.299965,0.000000,0.000000,0.000000,0.321914,-0.382419,-0.279371,0.124186,-0.349153,-0.276525,0.223050,-0.365786,-0.277948,0.198043,-0.393218,-0.254022,0.214129,-0.405245,-0.210084,0.244254,-0.398785,-0.251919
2026-07-20 14:21:08.328,36.399965,0.000000,0.000000,0.000000,0.321606,-0.383350,-0.279419,0.124338,-0.347178,-0.276420,0.222972,-0.365264,-0.277920,0.198043,-0.393218,-0.254022,0.214319,-0.404295,-0.209948,0.243178,-0.399526,-0.251967
2026-07-20 14:21:08.428,36.499965,0.000000,0.000000,0.000000,0.321811,-0.380432,-0.278828,0.124159,-0.346178,-0.275929,0.222985,-0.363305,-0.277379,0.197940,-0.391231,-0.253479,0.214216,-0.402308,-0.209405,0.243075,-0.397539,-0.251424
2026-07-20 14:21:08.528,36.599965,0.000000,0.000000,0.000000,0.321966,-0.390305,-0.281320,0.125559,-0.354239,-0.279249,0.223763,-0.372272,-0.280285,0.198573,-0.399212,-0.255841,0.214680,-0.411251,-0.211849,0.243539,-0.406481,-0.253868
2026-07-20 14:21:08.628,36.699965,0.000000,0.000000,0.000000,0.310170,-0.402728,-0.263482,0.113465,-0.362878,-0.261073,0.211818,-0.382803,-0.262278,0.186254,-0.409520,-0.236990,0.202561,-0.418942,-0.192545,0.232340,-0.416041,-0.234886
2026-07-20 14:21:08.728,36.799965,0.000000,0.000000,0.000000,0.322454,-0.385960,-0.280545,0.124418,-0.353624,-0.277747,0.223436,-0.369792,-0.279146,0.198275,-0.397689,-0.255244,0.214551,-0.408767,-0.211170,0.243410,-0.403997,-0.253189
2026-07-20 14:21:08.828,36.899965,0.000000,0.000000,0.000000,0.322017,-0.384407,-0.279914,0.125147,-0.351245,-0.277994,0.223582,-0.367826,-0.278954,0.198146,-0.395205,-0.254565,0.214422,-0.406283,-0.210491,0.243281,-0.401513,-0.252510
2026-07-20 14:21:08.928,36.999965,0.000000,0.000000,0.000000,0.322017,-0.384407,-0.279914,0.125301,-0.349271,-0.277891,0.223659,-0.366839,-0.278903,0.198146,-0.395205,-0.254565,0.214232,-0.407232,-0.210627,0.243281,-0.401513,-0.252510
2026-07-20 14:21:09.028,37.099965,0.000000,0.000000,0.000000,0.321503,-0.381363,-0.278876,0.124159,-0.346178,-0.275929,0.222831,-0.363770,-0.277403,0.197940,-0.391231,-0.253479,0.214216,-0.402308,-0.209405,0.243075,-0.397539,-0.251424
2026-07-20 14:21:09.128,37.199965,0.000000,0.000000,0.000000,0.318582,-0.398268,-0.249862,0.120966,-0.363724,-0.248289,0.219774,-0.380996,-0.249075,0.194872,-0.407030,-0.222991,0.211424,-0.414787,-0.178315,0.240241,-0.412255,-0.220744
2026-07-20 14:21:09.228,37.299964,0.000000,0.000000,0.000000,0.321348,-0.378382,-0.278061,0.124864,-0.343303,-0.276042,0.223106,-0.360843,-0.277052,0.197786,-0.388250,-0.252664,0.214062,-0.399327,-0.208590,0.242921,-0.394558,-0.250609
2026-07-20 14:21:09.328,37.399964,0.000000,0.000000,0.000000,0.322068,-0.385400,-0.280186,0.124340,-0.352133,-0.277339,0.223204,-0.368767,-0.278763,0.198367,-0.395238,-0.254755,0.214474,-0.407276,-0.210763,0.243333,-0.402507,-0.252782
2026-07-20 14:21:09.428,37.499964,0.000000,0.000000,0.000000,0.321965,-0.383413,-0.279643,0.124237,-0.350146,-0.276796,0.223101,-0.366780,-0.278219,0.198095,-0.394211,-0.254293,0.214371,-0.405289,-0.210219,0.243230,-0.400520,-0.252239
2026-07-20 14:21:09.528,37.599964,0.000000,0.000000,0.000000,0.318727,-0.401301,-0.250449,0.120957,-0.368734,-0.248831,0.219842,-0.385018,-0.249640,0.195017,-0.410063,-0.223578,0.211569,-0.417820,-0.178902,0.241238,-0.415497,-0.221356
2026-07-20 14:21:09.628,37.699964,0.000000,0.000000,0.000000,0.321965,-0.383413,-0.279643,0.125095,-0.350252,-0.277723,0.223530,-0.366832,-0.278683,0.198095,-0.394211,-0.254293,0.214371,-0.405289,-0.210219,0.244081,-0.400725,-0.252274
2026-07-20 14:21:09.728,37.799964,0.000000,0.000000,0.000000,0.328422,-0.388707,-0.256904,0.131240,-0.357716,-0.256669,0.229831,-0.373211,-0.256787,0.205078,-0.399800,-0.230953,0.221555,-0.408155,-0.186357,0.251394,-0.404272,-0.228578
2026-07-20 14:21:09.828,37.899964,0.000000,0.000000,0.000000,0.329562,-0.371088,-0.283825,0.132146,-0.340716,-0.282500,0.230854,-0.355902,-0.283163,0.205772,-0.384670,-0.259441,0.221994,-0.396197,-0.215463,0.251006,-0.390155,-0.257212
2026-07-20 14:21:09.928,37.999964,0.000000,0.000000,0.000000,0.318921,-0.405345,-0.251231,0.121228,-0.371789,-0.249635,0.220074,-0.388567,-0.250433,0.195210,-0.414107,-0.224360,0.211762,-0.421864,-0.179684,0.240355,-0.420282,-0.222124
2026-07-20 14:21:10.028,38.099964,0.000000,0.000000,0.000000,0.321965,-0.383413,-0.279643,0.125250,-0.348278,-0.277620,0.223608,-0.365845,-0.278631,0.198095,-0.394211,-0.254293,0.214180,-0.406238,-0.210356,0.243230,-0.400520,-0.252239
2026-07-20 14:21:10.128,38.199964,0.000000,0.000000,0.000000,0.321503,-0.381363,-0.278876,0.124159,-0.346178,-0.275929,0.222831,-0.363770,-0.277403,0.197940,-0.391231,-0.253479,0.214026,-0.403258,-0.209541,0.243075,-0.397539,-0.251424
2026-07-20 14:21:10.228,38.299963,0.000000,0.000000,0.000000,0.321451,-0.380369,-0.278605,0.124889,-0.346277,-0.276636,0.223170,-0.363323,-0.277620,0.197889,-0.390237,-0.253207,0.214165,-0.401315,-0.209133,0.243875,-0.396751,-0.251188
2026-07-20 14:21:10.328,38.399963,0.000000,0.000000,0.000000,0.329137,-0.398759,-0.259073,0.131094,-0.367631,-0.257917,0.230116,-0.383195,-0.258495,0.205942,-0.408885,-0.233092,0.222271,-0.418208,-0.188526,0.251050,-0.415090,-0.230754
2026-07-20 14:21:10.428,38.499963,0.000000,0.000000,0.000000,0.321605,-0.376458,-0.277742,0.124812,-0.342310,-0.275770,0.223208,-0.359384,-0.276756,0.197734,-0.387256,-0.252392,0.213820,-0.399283,-0.208455,0.242869,-0.393564,-0.250338
2026-07-20 14:21:10.528,38.599963,0.000000,0.000000,0.000000,0.321812,-0.387324,-0.280506,0.124544,-0.351153,-0.277506,0.223178,-0.369239,-0.279006,0.198249,-0.397192,-0.255108,0.214525,-0.408270,-0.211034,0.244460,-0.402759,-0.253005
2026-07-20 14:21:10.628,38.699963,0.000000,0.000000,0.000000,0.321606,-0.383350,-0.279419,0.125121,-0.348271,-0.277400,0.223363,-0.365811,-0.278409,0.198043,-0.393218,-0.254022,0.214129,-0.405245,-0.210084,0.243178,-0.399526,-0.251967
2026-07-20 14:21:10.728,38.799963,0.000000,0.000000,0.000000,0.309841,-0.403653,-0.263486,0.114216,-0.364032,-0.262006,0.212029,-0.383842,-0.262746,0.186446,-0.408561,-0.236954,0.202561,-0.418942,-0.192545,0.232340,-0.416041,-0.234886
2026-07-20 14:21:10.828,38.899963,0.000000,0.000000,0.000000,0.322171,-0.387387,-0.280729,0.124520,-0.353133,-0.277830,0.223345,-0.370260,-0.279279,0.198301,-0.398186,-0.255380,0.214577,-0.409263,-0.211306,0.243660,-0.403547,-0.253241
2026-07-20 14:21:10.928,38.999963,0.000000,0.000000,0.000000,0.310170,-0.402728,-0.263482,0.114216,-0.364032,-0.262006,0.212193,-0.383380,-0.262744,0.186254,-0.409520,-0.236990,0.202561,-0.418942,-0.192545,0.231247,-0.416759,-0.234895
2026-07-20 14:21:11.028,39.099963,0.000000,0.000000,0.000000,0.321812,-0.387324,-0.280506,0.124392,-0.353127,-0.277611,0.223102,-0.370226,-0.279058,0.198249,-0.397192,-0.255108,0.214525,-0.408270,-0.211034,0.244460,-0.402759,-0.253005
2026-07-20 14:21:11.128,39.199963,0.000000,0.000000,0.000000,0.321450,-0.373477,-0.276927,0.123722,-0.340210,-0.274081,0.222586,-0.356843,-0.275504,0.197580,-0.384275,-0.251578,0.213856,-0.395353,-0.207504,0.243790,-0.389842,-0.249475
2026-07-20 14:21:11.228,39.299963,0.000000,0.000000,0.000000,0.321374,-0.378879,-0.278197,0.124889,-0.343800,-0.276178,0.223132,-0.361339,-0.277187,0.197981,-0.387786,-0.252718,0.214087,-0.399824,-0.208726,0.244022,-0.394314,-0.250697
2026-07-20 14:21:11.328,39.399962,0.000000,0.000000,0.000000,0.321606,-0.383350,-0.279419,0.124262,-0.348165,-0.276472,0.222934,-0.365758,-0.277946,0.198043,-0.393218,-0.254022,0.214319,-0.404295,-0.209948,0.243178,-0.399526,-0.251967
2026-07-20 14:21:11.428,39.499962,0.000000,0.000000,0.000000,0.322120,-0.386394,-0.280457,0.124468,-0.352140,-0.277558,0.223294,-0.369267,-0.279008,0.198249,-0.397192,-0.255108,0.214335,-0.409219,-0.211171,0.244460,-0.402759,-0.253005
2026-07-20 14:21:11.528,39.599962,0.000000,0.000000,0.000000,0.321554,-0.382356,-0.279148,0.125070,-0.347278,-0.277128,0.223312,-0.364817,-0.278138,0.197992,-0.392224,-0.253750,0.214268,-0.403302,-0.209676,0.243978,-0.398738,-0.251731
2026-07-20 14:21:11.628,39.699962,0.000000,0.000000,0.000000,0.321862,-0.381426,-0.279100,0.125147,-0.346291,-0.277077,0.223505,-0.363858,-0.278088,0.197992,-0.392224,-0.253750,0.214268,-0.403302,-0.209676,0.243127,-0.398532,-0.251696
2026-07-20 14:21:11.728,39.799962,0.000000,0.000000,0.000000,0.318824,-0.403323,-0.250840,0.121131,-0.369767,-0.249244,0.219978,-0.386545,-0.250042,0.195284,-0.411121,-0.223961,0.211666,-0.419842,-0.179293,0.240258,-0.418260,-0.221733
2026-07-20 14:21:11.828,39.899962,0.000000,0.000000,0.000000,0.318824,-0.403323,-0.250840,0.121208,-0.368779,-0.249266,0.220016,-0.386051,-0.250053,0.195113,-0.412085,-0.223969,0.211666,-0.419842,-0.179293,0.241109,-0.418469,-0.221758
2026-07-20 14:21:11.928,39.999962,0.000000,0.000000,0.000000,0.329557,-0.375973,-0.285044,0.132430,-0.344666,-0.283653,0.230993,-0.360319,-0.284348,0.206056,-0.388619,-0.260594,0.222278,-0.400146,-0.216616,0.251290,-0.394105,-0.258365
2026-07-20 14:21:12.028,40.099962,0.000000,0.000000,0.000000,0.321811,-0.380432,-0.278828,0.125095,-0.345297,-0.276805,0.223453,-0.362865,-0.277817,0.197940,-0.391231,-0.253479,0.214216,-0.402308,-0.209405,0.243075,-0.397539,-0.251424
2026-07-20 14:21:12.128,40.199962,0.000000,0.000000,0.000000,0.329415,-0.373998,-0.284467,0.132230,-0.343678,-0.283146,0.230822,-0.358838,-0.283806,0.205914,-0.386644,-0.260018,0.222136,-0.398171,-0.216039,0.251148,-0.392130,-0.257789
2026-07-20 14:21:12.228,40.299962,0.000000,0.000000,0.000000,0.321554,-0.382356,-0.279148,0.125070,-0.347278,-0.277128,0.223312,-0.364817,-0.278138,0.197992,-0.392224,-0.253750,0.214268,-0.403302,-0.209676,0.243127,-0.398532,-0.251696
2026-07-20 14:21:12.328,40.399961,0.000000,0.000000,0.000000,0.318322,-0.400211,-0.250034,0.121867,-0.364911,-0.249407,0.220095,-0.382561,-0.249720,0.194920,-0.408041,-0.223187,0.211281,-0.416755,-0.178574,0.240915,-0.414425,-0.220976
2026-07-20 14:21:12.428,40.499961,0.000000,0.000000,0.000000,0.322068,-0.385400,-0.280186,0.124417,-0.351146,-0.277287,0.223242,-0.368273,-0.278736,0.198198,-0.396199,-0.254836,0.214474,-0.407276,-0.210763,0.244408,-0.401766,-0.252734
2026-07-20 14:21:12.528,40.599961,0.000000,0.000000,0.000000,0.321965,-0.383413,-0.279643,0.125095,-0.350252,-0.277723,0.223530,-0.366832,-0.278683,0.198095,-0.394211,-0.254293,0.214371,-0.405289,-0.210219,0.243230,-0.400520,-0.252239
2026-07-20 14:21:12.628,40.699961,0.000000,0.000000,0.000000,0.321657,-0.384344,-0.279691,0.124237,-0.350146,-0.276796,0.222947,-0.367245,-0.278244,0.198095,-0.394211,-0.254293,0.214371,-0.405289,-0.210219,0.244081,-0.400725,-0.252274
2026-07-20 14:21:12.728,40.799961,0.000000,0.000000,0.000000,0.329704,-0.373063,-0.284401,0.132288,-0.342691,-0.283077,0.230996,-0.357877,-0.283739,0.205914,-0.386644,-0.260018,0.222136,-0.398171,-0.216039,0.251353,-0.391181,-0.257687
2026-07-20 14:21:12.828,40.899961,0.000000,0.000000,0.000000,0.318564,-0.405266,-0.251012,0.122187,-0.368978,-0.250408,0.220375,-0.387122,-0.250710,0.195162,-0.413096,-0.224165,0.211714,-0.420853,-0.179488,0.241157,-0.419480,-0.221954
2026-07-20 14:21:12.928,40.999961,0.000000,0.000000,0.000000,0.322171,-0.387387,-0.280729,0.125456,-0.352252,-0.278706,0.223814,-0.369820,-0.279718,0.198301,-0.398186,-0.255380,0.214577,-0.409263,-0.211306,0.243660,-0.403547,-0.253241
2026-07-20 14:21:13.028,41.099961,0.000000,0.000000,0.000000,0.321503,-0.381363,-0.278876,0.124941,-0.347271,-0.276908,0.223222,-0.364317,-0.277892,0.197940,-0.391231,-0.253479,0.214216,-0.402308,-0.209405,0.244151,-0.396798,-0.251376
2026-07-20 14:21:13.128,41.199961,0.000000,0.000000,0.000000,0.321606,-0.383350,-0.279419,0.124186,-0.349153,-0.276525,0.222896,-0.366251,-0.277972,0.198043,-0.393218,-0.254022,0.214319,-0.404295,-0.209948,0.243178,-0.399526,-0.251967
2026-07-20 14:21:13.228,41.299961,0.000000,0.000000,0.000000,0.322017,-0.384407,-0.279914,0.125224,-0.350258,-0.277943,0.223620,-0.367332,-0.278929,0.198146,-0.395205,-0.254565,0.214232,-0.407232,-0.210627,0.243281,-0.401513,-0.252510
2026-07-20 14:21:13.328,41.399961,0.000000,0.000000,0.000000,0.321811,-0.380432,-0.278828,0.124159,-0.346178,-0.275929,0.222985,-0.363305,-0.277379,0.197940,-0.391231,-0.253479,0.214026,-0.403258,-0.209541,0.243075,-0.397539,-0.251424
2026-07-20 14:21:13.428,41.499960,0.000000,0.000000,0.000000,0.318921,-0.405345,-0.251231,0.122158,-0.370977,-0.250580,0.220539,-0.388161,-0.250905,0.195210,-0.414107,-0.224360,0.211762,-0.421864,-0.179684,0.241206,-0.420491,-0.222149
2026-07-20 14:21:13.528,41.599960,0.000000,0.000000,0.000000,0.322068,-0.385400,-0.280186,0.124569,-0.349172,-0.277182,0.223319,-0.367286,-0.278684,0.198198,-0.396199,-0.254836,0.214474,-0.407276,-0.210763,0.243333,-0.402507,-0.252782
2026-07-20 14:21:13.628,41.699960,0.000000,0.000000,0.000000,0.322068,-0.385400,-0.280186,0.124340,-0.352133,-0.277339,0.223204,-0.368767,-0.278763,0.198198,-0.396199,-0.254836,0.214474,-0.407276,-0.210763,0.244408,-0.401766,-0.252734
2026-07-20 14:21:13.728,41.799960,0.000000,0.000000,0.000000,0.321657,-0.384344,-0.279691,0.125173,-0.349265,-0.277671,0.223415,-0.366804,-0.278681,0.198095,-0.394211,-0.254293,0.214371,-0.405289,-0.210219,0.243230,-0.400520,-0.252239
2026-07-20 14:21:13.828,41.899960,0.000000,0.000000,0.000000,0.321606,-0.383350,-0.279419,0.124338,-0.347178,-0.276420,0.222972,-0.365264,-0.277920,0.198043,-0.393218,-0.254022,0.214319,-0.404295,-0.209948,0.243178,-0.399526,-0.251967
2026-07-20 14:21:13.928,41.999960,0.000000,0.000000,0.000000,0.318274,-0.399200,-0.249839,0.121043,-0.362736,-0.248311,0.219658,-0.380968,-0.249075,0.195042,-0.406066,-0.222983,0.211233,-0.415743,-0.178379,0.240867,-0.413414,-0.220781
2026-07-20 14:21:14.028,42.099960,0.000000,0.000000,0.000000,0.321400,-0.379375,-0.278333,0.124915,-0.344297,-0.276313,0.223157,-0.361836,-0.277323,0.197668,-0.390204,-0.253017,0.214113,-0.400321,-0.208862,0.242972,-0.395552,-0.250881
2026-07-20 14:21:14.128,42.199960,0.000000,0.000000,0.000000,0.321451,-0.380369,-0.278605,0.124031,-0.346172,-0.275710,0.222741,-0.363270,-0.277157,0.197889,-0.390237,-0.253207,0.214165,-0.401315,-0.209133,0.243024,-0.396545,-0.251153
2026-07-20 14:21:14.228,42.299960,0.000000,0.000000,0.000000,0.321657,-0.384344,-0.279691,0.125173,-0.349265,-0.277671,0.223415,-0.366804,-0.278681,0.198095,-0.394211,-0.254293,0.214371,-0.405289,-0.210219,0.243230,-0.400520,-0.252239
2026-07-20 14:21:14.328,42.399960,0.000000,0.000000,0.000000,0.322120,-0.386394,-0.280457,0.124468,-0.352140,-0.277558,0.223294,-0.369267,-0.279008,0.198249,-0.397192,-0.255108,0.214525,-0.408270,-0.211034,0.243384,-0.403501,-0.253053
2026-07-20 14:21:14.428,42.499959,0.000000,0.000000,0.000000,0.321760,-0.386331,-0.280234,0.124417,-0.351146,-0.277287,0.223088,-0.368738,-0.278760,0.198198,-0.396199,-0.254836,0.214474,-0.407276,-0.210763,0.243333,-0.402507,-0.252782
2026-07-20 14:21:14.528,42.599959,0.000000,0.000000,0.000000,0.321759,-0.379439,-0.278556,0.124967,-0.345290,-0.276585,0.223363,-0.362365,-0.277571,0.197889,-0.390237,-0.253207,0.214355,-0.400365,-0.208997,0.243024,-0.396545,-0.251153
2026-07-20 14:21:14.628,42.699959,0.000000,0.000000,0.000000,0.321965,-0.383413,-0.279643,0.124314,-0.349159,-0.276744,0.223139,-0.366286,-0.278193,0.198095,-0.394211,-0.254293,0.214371,-0.405289,-0.210219,0.244305,-0.399779,-0.252190
2026-07-20 14:21:14.728,42.799959,0.000000,0.000000,0.000000,0.322017,-0.384407,-0.279914,0.125224,-0.350258,-0.277943,0.223620,-0.367332,-0.278929,0.198146,-0.395205,-0.254565,0.214422,-0.406283,-0.210491,0.243281,-0.401513,-0.252510
2026-07-20 14:21:14.828,42.899959,0.000000,0.000000,0.000000,0.321656,-0.377451,-0.278013,0.124864,-0.343303,-0.276042,0.223260,-0.360377,-0.277028,0.197786,-0.388250,-0.252664,0.214062,-0.399327,-0.208590,0.243996,-0.393817,-0.250561
2026-07-20 14:21:14.928,42.999959,0.000000,0.000000,0.000000,0.321812,-0.387324,-0.280506,0.125327,-0.352246,-0.278486,0.223569,-0.369785,-0.279496,0.198249,-0.397192,-0.255108,0.214525,-0.408270,-0.211034,0.243384,-0.403501,-0.253053
2026-07-20 14:21:15.028,43.099959,0.000000,0.000000,0.000000,0.321914,-0.382419,-0.279371,0.124186,-0.349153,-0.276525,0.223050,-0.365786,-0.277948,0.198213,-0.392257,-0.253940,0.214129,-0.405245,-0.210084,0.243178,-0.399526,-0.251967
2026-07-20 14:21:15.128,43.199959,0.000000,0.000000,0.000000,0.321349,-0.385274,-0.279739,0.125095,-0.350252,-0.277723,0.223222,-0.367763,-0.278731,0.198095,-0.394211,-0.254293,0.214371,-0.405289,-0.210219,0.243230,-0.400520,-0.252239
2026-07-20 14:21:15.228,43.299959,0.000000,0.000000,0.000000,0.321451,-0.380369,-0.278605,0.124967,-0.345290,-0.276585,0.223209,-0.362830,-0.277595,0.197889,-0.390237,-0.253207,0.214165,-0.401315,-0.209133,0.244099,-0.395804,-0.251104
2026-07-20 14:21:15.328,43.399959,0.000000,0.000000,0.000000,0.318534,-0.397257,-0.249667,0.121693,-0.363877,-0.248992,0.220113,-0.380567,-0.249329,0.194823,-0.406019,-0.222796,0.211375,-0.413776,-0.178119,0.239968,-0.412194,-0.220560
2026-07-20 14:21:15.428,43.499959,0.000000,0.000000,0.000000,0.321811,-0.380432,-0.278828,0.125095,-0.345297,-0.276805,0.223453,-0.362865,-0.277817,0.197940,-0.391231,-0.253479,0.214216,-0.402308,-0.209405,0.243075,-0.397539,-0.251424
2026-07-20 14:21:15.528,43.599958,0.000000,0.000000,0.000000,0.321503,-0.381363,-0.278876,0.125172,-0.344310,-0.276754,0.223338,-0.362836,-0.277815,0.197940,-0.391231,-0.253479,0.214026,-0.403258,-0.209541,0.243075,-0.397539,-0.251424
2026-07-20 14:21:15.628,43.699958,0.000000,0.000000,0.000000,0.322017,-0.384407,-0.279914,0.124289,-0.351140,-0.277068,0.223153,-0.367773,-0.278491,0.198146,-0.395205,-0.254565,0.214422,-0.406283,-0.210491,0.243281,-0.401513,-0.252510
2026-07-20 14:21:15.728,43.799958,0.000000,0.000000,0.000000,0.318824,-0.403323,-0.250840,0.122061,-0.368955,-0.250189,0.220442,-0.386139,-0.250514,0.195113,-0.412085,-0.223969,0.211666,-0.419842,-0.179293,0.240258,-0.418260,-0.221733
2026-07-20 14:21:15.828,43.899958,0.000000,0.000000,0.000000,0.318969,-0.406356,-0.251426,0.122206,-0.371988,-0.250775,0.220588,-0.389172,-0.251101,0.195258,-0.415118,-0.224556,0.211811,-0.422875,-0.179879,0.240403,-0.421293,-0.222320
2026-07-20 14:21:15.928,43.999958,0.000000,0.000000,0.000000,0.322120,-0.386394,-0.280457,0.125250,-0.353233,-0.278537,0.223685,-0.369813,-0.279497,0.198249,-0.397192,-0.255108,0.214525,-0.408270,-0.211034,0.244460,-0.402759,-0.253005
2026-07-20 14:21:16.028,44.099958,0.000000,0.000000,0.000000,0.318419,-0.402233,-0.250425,0.121034,-0.367745,-0.248853,0.219727,-0.384989,-0.249639,0.195017,-0.410063,-0.223578,0.211378,-0.418777,-0.178965,0.240162,-0.416238,-0.221342
2026-07-20 14:21:16.128,44.199958,0.000000,0.000000,0.000000,0.321194,-0.375401,-0.277247,0.124709,-0.340322,-0.275227,0.222951,-0.357862,-0.276237,0.197631,-0.385269,-0.251849,0.213717,-0.397296,-0.207912,0.243842,-0.390836,-0.249746
2026-07-20 14:21:16.228,44.299958,0.000000,0.000000,0.000000,0.321503,-0.381363,-0.278876,0.124235,-0.345191,-0.275877,0.222869,-0.363277,-0.277376,0.197940,-0.391231,-0.253479,0.214216,-0.402308,-0.209405,0.243075,-0.397539,-0.251424
2026-07-20 14:21:16.328,44.399958,0.000000,0.000000,0.000000,0.318945,-0.405851,-0.251329,0.122182,-0.371483,-0.250678,0.220563,-0.388667,-0.251003,0.195234,-0.414613,-0.224458,0.211691,-0.422848,-0.179813,0.240379,-0.420788,-0.222222
2026-07-20 14:21:16.428,44.499958,0.000000,0.000000,0.000000,0.321656,-0.377451,-0.278013,0.124864,-0.343303,-0.276042,0.223260,-0.360377,-0.277028,0.197786,-0.388250,-0.252664,0.214062,-0.399327,-0.208590,0.243772,-0.394764,-0.250645
2026-07-20 14:21:16.528,44.599957,0.000000,0.000000,0.000000,0.318824,-0.403323,-0.250840,0.122061,-0.368955,-0.250189,0.220442,-0.386139,-0.250514,0.195113,-0.412085,-0.223969,0.211666,-0.419842,-0.179293,0.241335,-0.417519,-0.221747
2026-07-20 14:21:16.628,44.699957,0.000000,0.000000,0.000000,0.321554,-0.382356,-0.279148,0.124211,-0.347172,-0.276201,0.222882,-0.364764,-0.277674,0.197992,-0.392224,-0.253750,0.214268,-0.403302,-0.209676,0.244202,-0.397791,-0.251647
2026-07-20 14:21:16.728,44.799957,0.000000,0.000000,0.000000,0.321914,-0.382419,-0.279371,0.124186,-0.349153,-0.276525,0.223050,-0.365786,-0.277948,0.198213,-0.392257,-0.253940,0.214319,-0.404295,-0.209948,0.243178,-0.399526,-0.251967
2026-07-20 14:21:16.828,44.899957,0.000000,0.000000,0.000000,0.321965,-0.383413,-0.279643,0.124314,-0.349159,-0.276744,0.223139,-0.366286,-0.278193,0.198095,-0.394211,-0.254293,0.214371,-0.405289,-0.210219,0.244305,-0.399779,-0.252190
2026-07-20 14:21:16.928,44.999957,0.000000,0.000000,0.000000,0.321965,-0.383413,-0.279643,0.125095,-0.350252,-0.277723,0.223530,-0.366832,-0.278683,0.198095,-0.394211,-0.254293,0.214371,-0.405289,-0.210219,0.243230,-0.400520,-0.252239
2026-07-20 14:21:17.028,45.099957,0.000000,0.000000,0.000000,0.322068,-0.385400,-0.280186,0.124340,-0.352133,-0.277339,0.223204,-0.368767,-0.278763,0.198367,-0.395238,-0.254755,0.214474,-0.407276,-0.210763,0.244184,-0.402713,-0.252817
2026-07-20 14:21:17.128,45.199957,0.000000,0.000000,0.000000,0.318352,-0.408219,-0.251379,0.121507,-0.369836,-0.249897,0.219929,-0.389027,-0.250638,0.195258,-0.415118,-0.224556,0.211811,-0.422875,-0.179879,0.241480,-0.420552,-0.222334
2026-07-20 14:21:17.228,45.299957,0.000000,0.000000,0.000000,0.321965,-0.383413,-0.279643,0.124314,-0.349159,-0.276744,0.223139,-0.366286,-0.278193,0.198095,-0.394211,-0.254293,0.214180,-0.406238,-0.210356,0.243230,-0.400520,-0.252239
2026-07-20 14:21:17.328,45.399957,0.000000,0.000000,0.000000,0.321914,-0.382419,-0.279371,0.124186,-0.349153,-0.276525,0.223050,-0.365786,-0.277948,0.198043,-0.393218,-0.254022,0.214319,-0.404295,-0.209948,0.243178,-0.399526,-0.251967
2026-07-20 14:21:17.428,45.499957,0.000000,0.000000,0.000000,0.321606,-0.383350,-0.279419,0.125044,-0.349258,-0.277451,0.223325,-0.366304,-0.278435,0.198043,-0.393218,-0.254022,0.214319,-0.404295,-0.209948,0.243178,-0.399526,-0.251967
2026-07-20 14:21:17.528,45.599957,0.000000,0.000000,0.000000,0.321503,-0.381363,-0.278876,0.124159,-0.346178,-0.275929,0.222831,-0.363770,-0.277403,0.197940,-0.391231,-0.253479,0.214026,-0.403258,-0.209541,0.243075,-0.397539,-0.251424
2026-07-20 14:21:17.628,45.699956,0.000000,0.000000,0.000000,0.321503,-0.381363,-0.278876,0.125018,-0.346284,-0.276857,0.223260,-0.363823,-0.277866,0.197940,-0.391231,-0.253479,0.214216,-0.402308,-0.209405,0.243075,-0.397539,-0.251424
2026-07-20 14:21:17.728,45.799956,0.000000,0.000000,0.000000,0.321709,-0.385337,-0.279962,0.125147,-0.351245,-0.277994,0.223428,-0.368291,-0.278978,0.198146,-0.395205,-0.254565,0.214422,-0.406283,-0.210491,0.243281,-0.401513,-0.252510
2026-07-20 14:21:17.828,45.899956,0.000000,0.000000,0.000000,0.321606,-0.383350,-0.279419,0.124338,-0.347178,-0.276420,0.222972,-0.365264,-0.277920,0.198043,-0.393218,-0.254022,0.214319,-0.404295,-0.209948,0.244029,-0.399732,-0.252003
2026-07-20 14:21:17.928,45.999956,0.000000,0.000000,0.000000,0.321503,-0.381363,-0.278876,0.124941,-0.347271,-0.276908,0.223222,-0.364317,-0.277892,0.197940,-0.391231,-0.253479,0.214216,-0.402308,-0.209405,0.243075,-0.397539,-0.251424
2026-07-20 14:21:18.028,46.099956,0.000000,0.000000,0.000000,0.321657,-0.384344,-0.279691,0.124237,-0.350146,-0.276796,0.222947,-0.367245,-0.278244,0.198095,-0.394211,-0.254293,0.214371,-0.405289,-0.210219,0.243230,-0.400520,-0.252239
2026-07-20 14:21:18.128,46.199956,0.000000,0.000000,0.000000,0.321914,-0.382419,-0.279371,0.125275,-0.346297,-0.277297,0.223595,-0.364358,-0.278334,0.198043,-0.393218,-0.254022,0.214319,-0.404295,-0.209948,0.243178,-0.399526,-0.251967
2026-07-20 14:21:18.228,46.299956,0.000000,0.000000,0.000000,0.322068,-0.385400,-0.280186,0.125276,-0.351252,-0.278214,0.223672,-0.368326,-0.279200,0.198198,-0.396199,-0.254836,0.214474,-0.407276,-0.210763,0.243333,-0.402507,-0.252782
2026-07-20 14:21:18.328,46.399956,0.000000,0.000000,0.000000,0.321812,-0.387324,-0.280506,0.124544,-0.351153,-0.277506,0.223178,-0.369239,-0.279006,0.198249,-0.397192,-0.255108,0.214525,-0.408270,-0.211034,0.243384,-0.403501,-0.253053
2026-07-20 14:21:18.428,46.499956,0.000000,0.000000,0.000000,0.321554,-0.382356,-0.279148,0.125070,-0.347278,-0.277128,0.223312,-0.364817,-0.278138,0.197992,-0.392224,-0.253750,0.214077,-0.404251,-0.209813,0.243127,-0.398532,-0.251696
2026-07-20 14:21:18.528,46.599956,0.000000,0.000000,0.000000,0.321811,-0.380432,-0.278828,0.124159,-0.346178,-0.275929,0.222985,-0.363305,-0.277379,0.197940,-0.391231,-0.253479,0.214026,-0.403258,-0.209541,0.243075,-0.397539,-0.251424
2026-07-20 14:21:18.628,46.699955,0.000000,0.000000,0.000000,0.321965,-0.383413,-0.279643,0.125173,-0.349265,-0.277671,0.223569,-0.366339,-0.278657,0.198095,-0.394211,-0.254293,0.214466,-0.404814,-0.210151,0.243230,-0.400520,-0.252239
2026-07-20 14:21:18.728,46.799955,0.000000,0.000000,0.000000,0.321965,-0.383413,-0.279643,0.125173,-0.349265,-0.277671,0.223569,-0.366339,-0.278657,0.198095,-0.394211,-0.254293,0.214371,-0.405289,-0.210219,0.243230,-0.400520,-0.252239
2026-07-20 14:21:18.828,46.899955,0.000000,0.000000,0.000000,0.322017,-0.384407,-0.279914,0.125224,-0.350258,-0.277943,0.223620,-0.367332,-0.278929,0.198146,-0.395205,-0.254565,0.214232,-0.407232,-0.210627,0.244357,-0.400772,-0.252462
2026-07-20 14:21:18.928,46.999955,0.000000,0.000000,0.000000,0.321503,-0.381363,-0.278876,0.125018,-0.346284,-0.276857,0.223260,-0.363823,-0.277866,0.197940,-0.391231,-0.253479,0.214216,-0.402308,-0.209405,0.243926,-0.397745,-0.251459
2026-07-20 14:21:19.028,47.099955,0.000000,0.000000,0.000000,0.322120,-0.386394,-0.280457,0.125404,-0.351259,-0.278435,0.223762,-0.368826,-0.279446,0.198249,-0.397192,-0.255108,0.214525,-0.408270,-0.211034,0.243384,-0.403501,-0.253053
2026-07-20 14:21:19.128,47.199955,0.000000,0.000000,0.000000,0.322171,-0.387387,-0.280729,0.124443,-0.354121,-0.277882,0.223307,-0.370754,-0.279306,0.198301,-0.398186,-0.255380,0.214577,-0.409263,-0.211306,0.243436,-0.404494,-0.253325
2026-07-20 14:21:19.228,47.299955,0.000000,0.000000,0.000000,0.321657,-0.384344,-0.279691,0.125327,-0.347291,-0.277569,0.223492,-0.365817,-0.278630,0.198264,-0.393251,-0.254212,0.214371,-0.405289,-0.210219,0.243230,-0.400520,-0.252239
2026-07-20 14:21:19.328,47.399955,0.000000,0.000000,0.000000,0.321554,-0.382356,-0.279148,0.124134,-0.348159,-0.276253,0.222844,-0.365258,-0.277700,0.197992,-0.392224,-0.253750,0.214268,-0.403302,-0.209676,0.244202,-0.397791,-0.251647
2026-07-20 14:21:19.428,47.499955,0.000000,0.000000,0.000000,0.321606,-0.383350,-0.279419,0.124262,-0.348165,-0.276472,0.222934,-0.365758,-0.277946,0.198043,-0.393218,-0.254022,0.214319,-0.404295,-0.209948,0.243178,-0.399526,-0.251967
2026-07-20 14:21:19.528,47.599955,0.000000,0.000000,0.000000,0.321606,-0.383350,-0.279419,0.124110,-0.350140,-0.276577,0.222858,-0.366745,-0.277998,0.198043,-0.393218,-0.254022,0.214129,-0.405245,-0.210084,0.244254,-0.398785,-0.251919
2026-07-20 14:21:19.628,47.699955,0.000000,0.000000,0.000000,0.321657,-0.384344,-0.279691,0.125250,-0.348278,-0.277620,0.223454,-0.366311,-0.278655,0.198095,-0.394211,-0.254293,0.214561,-0.404340,-0.210083,0.243230,-0.400520,-0.252239
2026-07-20 14:21:19.728,47.799954,0.000000,0.000000,0.000000,0.318370,-0.401222,-0.250230,0.121916,-0.365922,-0.249602,0.220143,-0.383572,-0.249916,0.194968,-0.409052,-0.223382,0.211329,-0.417765,-0.178770,0.240338,-0.414277,-0.221135
2026-07-20 14:21:19.828,47.899954,0.000000,0.000000,0.000000,0.321606,-0.383350,-0.279419,0.125198,-0.347284,-0.277348,0.223402,-0.365317,-0.278384,0.198213,-0.392257,-0.253940,0.214319,-0.404295,-0.209948,0.243178,-0.399526,-0.251967
2026-07-20 14:21:19.928,47.999954,0.000000,0.000000,0.000000,0.321914,-0.382419,-0.279371,0.124186,-0.349153,-0.276525,0.223050,-0.365786,-0.277948,0.198213,-0.392257,-0.253940,0.214319,-0.404295,-0.209948,0.243178,-0.399526,-0.251967
2026-07-20 14:21:20.028,48.099954,0.000000,0.000000,0.000000,0.321503,-0.381363,-0.278876,0.125018,-0.346284,-0.276857,0.223260,-0.363823,-0.277866,0.197940,-0.391231,-0.253479,0.214216,-0.402308,-0.209405,0.244151,-0.396798,-0.251376
2026-07-20 14:21:20.128,48.199954,0.000000,0.000000,0.000000,0.322068,-0.385400,-0.280186,0.124340,-0.352133,-0.277339,0.223204,-0.368767,-0.278763,0.198198,-0.396199,-0.254836,0.214283,-0.408226,-0.210899,0.243333,-0.402507,-0.252782
2026-07-20 14:21:20.228,48.299954,0.000000,0.000000,0.000000,0.321503,-0.381363,-0.278876,0.124159,-0.346178,-0.275929,0.222831,-0.363770,-0.277403,0.197940,-0.391231,-0.253479,0.214026,-0.403258,-0.209541,0.244151,-0.396798,-0.251376
2026-07-20 14:21:20.328,48.399954,0.000000,0.000000,0.000000,0.321760,-0.386331,-0.280234,0.125353,-0.350265,-0.278163,0.223557,-0.368298,-0.279199,0.198367,-0.395238,-0.254755,0.214283,-0.408226,-0.210899,0.243333,-0.402507,-0.252782
2026-07-20 14:21:20.428,48.499954,0.000000,0.000000,0.000000,0.321760,-0.386331,-0.280234,0.125198,-0.352239,-0.278266,0.223479,-0.369285,-0.279250,0.198198,-0.396199,-0.254836,0.214283,-0.408226,-0.210899,0.243333,-0.402507,-0.252782
2026-07-20 14:21:20.528,48.599954,0.000000,0.000000,0.000000,0.321965,-0.383413,-0.279643,0.125173,-0.349265,-0.277671,0.223569,-0.366339,-0.278657,0.198095,-0.394211,-0.254293,0.214371,-0.405289,-0.210219,0.243230,-0.400520,-0.252239
2026-07-20 14:21:20.628,48.699954,0.000000,0.000000,0.000000,0.321965,-0.383413,-0.279643,0.124314,-0.349159,-0.276744,0.223139,-0.366286,-0.278193,0.198095,-0.394211,-0.254293,0.214180,-0.406238,-0.210356,0.243230,-0.400520,-0.252239
2026-07-20 14:21:20.728,48.799953,0.000000,0.000000,0.000000,0.322120,-0.386394,-0.280457,0.124392,-0.353127,-0.277611,0.223256,-0.369760,-0.279034,0.198249,-0.397192,-0.255108,0.214525,-0.408270,-0.211034,0.244235,-0.403706,-0.253089
2026-07-20 14:21:20.828,48.899953,0.000000,0.000000,0.000000,0.321965,-0.383413,-0.279643,0.124314,-0.349159,-0.276744,0.223139,-0.366286,-0.278193,0.198095,-0.394211,-0.254293,0.214371,-0.405289,-0.210219,0.244305,-0.399779,-0.252190
2026-07-20 14:21:20.928,48.999953,0.000000,0.000000,0.000000,0.322120,-0.386394,-0.280457,0.125327,-0.352246,-0.278486,0.223723,-0.369320,-0.279472,0.198249,-0.397192,-0.255108,0.214335,-0.409219,-0.211171,0.244235,-0.403706,-0.253089
2026-07-20 14:21:21.028,49.099953,0.000000,0.000000,0.000000,0.321708,-0.378445,-0.278285,0.123980,-0.345178,-0.275438,0.222844,-0.361812,-0.276862,0.197837,-0.389243,-0.252935,0.214113,-0.400321,-0.208862,0.242972,-0.395552,-0.250881
2026-07-20 14:21:21.128,49.199953,0.000000,0.000000,0.000000,0.321606,-0.383350,-0.279419,0.124262,-0.348165,-0.276472,0.222934,-0.365758,-0.277946,0.198043,-0.393218,-0.254022,0.214319,-0.404295,-0.209948,0.243178,-0.399526,-0.251967
2026-07-20 14:21:21.228,49.299953,0.000000,0.000000,0.000000,0.321862,-0.381426,-0.279100,0.124211,-0.347172,-0.276201,0.223036,-0.364299,-0.277650,0.197992,-0.392224,-0.253750,0.214077,-0.404251,-0.209813,0.243127,-0.398532,-0.251696
2026-07-20 14:21:21.328,49.399953,0.000000,0.000000,0.000000,0.321348,-0.378382,-0.278061,0.124864,-0.343303,-0.276042,0.223106,-0.360843,-0.277052,0.197786,-0.388250,-0.252664,0.213871,-0.400277,-0.208726,0.242921,-0.394558,-0.250609
2026-07-20 14:21:21.428,49.499953,0.000000,0.000000,0.000000,0.318370,-0.401222,-0.250230,0.120986,-0.366734,-0.248658,0.219678,-0.383978,-0.249444,0.194968,-0.409052,-0.223382,0.211329,-0.417765,-0.178770,0.240113,-0.415227,-0.221146
2026-07-20 14:21:21.528,49.599953,0.000000,0.000000,0.000000,0.321503,-0.381363,-0.278876,0.125172,-0.344310,-0.276754,0.223338,-0.362836,-0.277815,0.197940,-0.391231,-0.253479,0.214216,-0.402308,-0.209405,0.243075,-0.397539,-0.251424
2026-07-20 14:21:21.628,49.699953,0.000000,0.000000,0.000000,0.321965,-0.383413,-0.279643,0.124390,-0.348172,-0.276691,0.223178,-0.365792,-0.278167,0.198095,-0.394211,-0.254293,0.214371,-0.405289,-0.210219,0.244305,-0.399779,-0.252190
2026-07-20 14:21:21.728,49.799953,0.000000,0.000000,0.000000,0.321811,-0.380432,-0.278828,0.125095,-0.345297,-0.276805,0.223453,-0.362865,-0.277817,0.197940,-0.391231,-0.253479,0.214216,-0.402308,-0.209405,0.243075,-0.397539,-0.251424
2026-07-20 14:21:21.828,49.899952,0.000000,0.000000,0.000000,0.321554,-0.382356,-0.279148,0.124134,-0.348159,-0.276253,0.222844,-0.365258,-0.277700,0.197992,-0.392224,-0.253750,0.214268,-0.403302,-0.209676,0.243127,-0.398532,-0.251696
2026-07-20 14:21:21.928,49.999952,0.000000,0.000000,0.000000,0.321606,-0.383350,-0.279419,0.125121,-0.348271,-0.277400,0.223363,-0.365811,-0.278409,0.198043,-0.393218,-0.254022,0.214319,-0.404295,-0.209948,0.243178,-0.399526,-0.251967
2026-07-20 14:21:22.028,50.099952,0.000000,0.000000,0.000000,0.321709,-0.385337,-0.279962,0.125147,-0.351245,-0.277994,0.223428,-0.368291,-0.278978,0.198146,-0.395205,-0.254565,0.214422,-0.406283,-0.210491,0.243281,-0.401513,-0.252510
2026-07-20 14:21:22.128,50.199952,0.000000,0.000000,0.000000,0.318727,-0.401301,-0.250449,0.121111,-0.366757,-0.248875,0.219919,-0.384029,-0.249662,0.195017,-0.410063,-0.223578,0.211378,-0.418777,-0.178965,0.241238,-0.415497,-0.221356
2026-07-20 14:21:22.228,50.299952,0.000000,0.000000,0.000000,0.321348,-0.378382,-0.278061,0.124786,-0.344290,-0.276093,0.223067,-0.361336,-0.277077,0.197786,-0.388250,-0.252664,0.214062,-0.399327,-0.208590,0.242921,-0.394558,-0.250609
2026-07-20 14:21:22.328,50.399952,0.000000,0.000000,0.000000,0.321245,-0.376395,-0.277518,0.124683,-0.342303,-0.275550,0.222964,-0.359349,-0.276534,0.197683,-0.386263,-0.252121,0.213959,-0.397340,-0.208047,0.243893,-0.391830,-0.250018
2026-07-20 14:21:22.428,50.499952,0.000000,0.000000,0.000000,0.321965,-0.383413,-0.279643,0.125173,-0.349265,-0.277671,0.223569,-0.366339,-0.278657,0.198095,-0.394211,-0.254293,0.214180,-0.406238,-0.210356,0.243454,-0.399572,-0.252155
2026-07-20 14:21:22.528,50.599952,0.000000,0.000000,0.000000,0.322017,-0.384407,-0.279914,0.125147,-0.351245,-0.277994,0.223582,-0.367826,-0.278954,0.198146,-0.395205,-0.254565,0.214422,-0.406283,-0.210491,0.243281,-0.401513,-0.252510
2026-07-20 14:21:22.628,50.699952,0.000000,0.000000,0.000000,0.318727,-0.401301,-0.250449,0.121886,-0.367921,-0.249774,0.220307,-0.384611,-0.250112,0.195017,-0.410063,-0.223578,0.211569,-0.417820,-0.178902,0.240162,-0.416238,-0.221342
2026-07-20 14:21:22.728,50.799952,0.000000,0.000000,0.000000,0.328565,-0.390717,-0.257338,0.130577,-0.358599,-0.256183,0.229571,-0.374658,-0.256760,0.205221,-0.401810,-0.231387,0.221699,-0.410165,-0.186791,0.250478,-0.407047,-0.229020
2026-07-20 14:21:22.828,50.899951,0.000000,0.000000,0.000000,0.321606,-0.383350,-0.279419,0.124186,-0.349153,-0.276525,0.222896,-0.366251,-0.277972,0.198213,-0.392257,-0.253940,0.214319,-0.404295,-0.209948,0.243178,-0.399526,-0.251967
2026-07-20 14:21:22.928,50.999951,0.000000,0.000000,0.000000,0.322171,-0.387387,-0.280729,0.125379,-0.353239,-0.278757,0.223775,-0.370313,-0.279743,0.198301,-0.398186,-0.255380,0.214387,-0.410213,-0.211442,0.244511,-0.403753,-0.253277
2026-07-20 14:21:23.028,51.099951,0.000000,0.000000,0.000000,0.318515,-0.404255,-0.250816,0.121131,-0.369767,-0.249244,0.219823,-0.387011,-0.250030,0.195113,-0.412085,-0.223969,0.211666,-0.419842,-0.179293,0.240258,-0.418260,-0.221733
2026-07-20 14:21:23.128,51.199951,0.000000,0.000000,0.000000,0.318370,-0.401222,-0.250230,0.121838,-0.366910,-0.249579,0.220104,-0.384066,-0.249904,0.194968,-0.409052,-0.223382,0.211521,-0.416809,-0.178706,0.240338,-0.414277,-0.221135
2026-07-20 14:21:23.228,51.299951,0.000000,0.000000,0.000000,0.321606,-0.383350,-0.279419,0.124262,-0.348165,-0.276472,0.222934,-0.365758,-0.277946,0.198043,-0.393218,-0.254022,0.214319,-0.404295,-0.209948,0.243178,-0.399526,-0.251967
2026-07-20 14:21:23.328,51.399951,0.000000,0.000000,0.000000,0.321245,-0.376395,-0.277518,0.124683,-0.342303,-0.275550,0.222964,-0.359349,-0.276534,0.197683,-0.386263,-0.252121,0.213959,-0.397340,-0.208047,0.242594,-0.393518,-0.250150
2026-07-20 14:21:23.428,51.499951,0.000000,0.000000,0.000000,0.319133,-0.402392,-0.250864,0.122061,-0.368955,-0.250189,0.220597,-0.385674,-0.250526,0.195113,-0.412085,-0.223969,0.211666,-0.419842,-0.179293,0.240258,-0.418260,-0.221733
2026-07-20 14:21:23.528,51.599951,0.000000,0.000000,0.000000,0.321657,-0.384344,-0.279691,0.124161,-0.351133,-0.276849,0.222909,-0.367738,-0.278270,0.198095,-0.394211,-0.254293,0.214180,-0.406238,-0.210356,0.244305,-0.399779,-0.252190
2026-07-20 14:21:23.628,51.699951,0.000000,0.000000,0.000000,0.321554,-0.382356,-0.279148,0.124992,-0.348265,-0.277179,0.223273,-0.365310,-0.278164,0.197992,-0.392224,-0.253750,0.214268,-0.403302,-0.209676,0.243127,-0.398532,-0.251696
2026-07-20 14:21:23.728,51.799951,0.000000,0.000000,0.000000,0.321348,-0.378382,-0.278061,0.123852,-0.345172,-0.275219,0.222600,-0.361777,-0.276640,0.197786,-0.388250,-0.252664,0.214062,-0.399327,-0.208590,0.242921,-0.394558,-0.250609
2026-07-20 14:21:23.828,51.899951,0.000000,0.000000,0.000000,0.321554,-0.382356,-0.279148,0.125070,-0.347278,-0.277128,0.223312,-0.364817,-0.278138,0.197992,-0.392224,-0.253750,0.214077,-0.404251,-0.209813,0.243127,-0.398532,-0.251696
2026-07-20 14:21:23.928,51.999950,0.000000,0.000000,0.000000,0.318370,-0.401222,-0.250230,0.121063,-0.365746,-0.248680,0.219717,-0.383484,-0.249455,0.194968,-0.409052,-0.223382,0.211329,-0.417765,-0.178770,0.240113,-0.415227,-0.221146
2026-07-20 14:21:24.028,52.099950,0.000000,0.000000,0.000000,0.321605,-0.376458,-0.277742,0.124812,-0.342310,-0.275770,0.223208,-0.359384,-0.276756,0.197734,-0.387256,-0.252392,0.214010,-0.398334,-0.208318,0.242869,-0.393564,-0.250338
2026-07-20 14:21:24.128,52.199950,0.000000,0.000000,0.000000,0.318679,-0.400290,-0.250253,0.121838,-0.366910,-0.249579,0.220258,-0.383600,-0.249916,0.194968,-0.409052,-0.223382,0.211329,-0.417765,-0.178770,0.240113,-0.415227,-0.221146
2026-07-20 14:21:24.228,52.299950,0.000000,0.000000,0.000000,0.322017,-0.384407,-0.279914,0.124365,-0.350153,-0.277015,0.223191,-0.367280,-0.278465,0.198146,-0.395205,-0.254565,0.214422,-0.406283,-0.210491,0.243281,-0.401513,-0.252510
2026-07-20 14:21:24.328,52.399950,0.000000,0.000000,0.000000,0.321451,-0.380369,-0.278605,0.124184,-0.344197,-0.275605,0.222818,-0.362283,-0.277105,0.197889,-0.390237,-0.253207,0.214165,-0.401315,-0.209133,0.243024,-0.396545,-0.251153
2026-07-20 14:21:24.428,52.499950,0.000000,0.000000,0.000000,0.321965,-0.383413,-0.279643,0.124314,-0.349159,-0.276744,0.223139,-0.366286,-0.278193,0.198095,-0.394211,-0.254293,0.214180,-0.406238,-0.210356,0.244305,-0.399779,-0.252190
2026-07-20 14:21:24.528,52.599950,0.000000,0.000000,0.000000,0.321759,-0.379439,-0.278556,0.124967,-0.345290,-0.276585,0.223363,-0.362365,-0.277571,0.197889,-0.390237,-0.253207,0.214165,-0.401315,-0.209133,0.243024,-0.396545,-0.251153
2026-07-20 14:21:24.628,52.699950,0.000000,0.000000,0.000000,0.318661,-0.407288,-0.251403,0.121353,-0.371812,-0.249853,0.220007,-0.389550,-0.250628,0.195258,-0.415118,-0.224556,0.211620,-0.423832,-0.179943,0.241254,-0.421502,-0.222345
2026-07-20 14:21:24.728,52.799950,0.000000,0.000000,0.000000,0.321965,-0.383413,-0.279643,0.125173,-0.349265,-0.277671,0.223569,-0.366339,-0.278657,0.198095,-0.394211,-0.254293,0.214180,-0.406238,-0.210356,0.243454,-0.399572,-0.252155
2026-07-20 14:21:24.828,52.899950,0.000000,0.000000,0.000000,0.321760,-0.386331,-0.280234,0.125430,-0.349278,-0.278112,0.223595,-0.367804,-0.279173,0.198198,-0.396199,-0.254836,0.214474,-0.407276,-0.210763,0.243333,-0.402507,-0.252782
2026-07-20 14:21:24.928,52.999949,0.000000,0.000000,0.000000,0.321503,-0.381363,-0.278876,0.124159,-0.346178,-0.275929,0.222831,-0.363770,-0.277403,0.197940,-0.391231,-0.253479,0.214216,-0.402308,-0.209405,0.243299,-0.396592,-0.251340
2026-07-20 14:21:25.028,53.099949,0.000000,0.000000,0.000000,0.321606,-0.383350,-0.279419,0.124262,-0.348165,-0.276472,0.222934,-0.365758,-0.277946,0.198043,-0.393218,-0.254022,0.214319,-0.404295,-0.209948,0.244029,-0.399732,-0.252003
2026-07-20 14:21:25.128,53.199949,0.000000,0.000000,0.000000,0.321503,-0.381363,-0.278876,0.124083,-0.347165,-0.275981,0.222793,-0.364264,-0.277429,0.197940,-0.391231,-0.253479,0.214216,-0.402308,-0.209405,0.243926,-0.397745,-0.251459
2026-07-20 14:21:25.228,53.299949,0.000000,0.000000,0.000000,0.321914,-0.382419,-0.279371,0.124338,-0.347178,-0.276420,0.223126,-0.364799,-0.277895,0.198043,-0.393218,-0.254022,0.214129,-0.405245,-0.210084,0.243178,-0.399526,-0.251967
2026-07-20 14:21:25.328,53.399949,0.000000,0.000000,0.000000,0.321812,-0.387324,-0.280506,0.125250,-0.353233,-0.278537,0.223531,-0.370279,-0.279521,0.198249,-0.397192,-0.255108,0.214525,-0.408270,-0.211034,0.243384,-0.403501,-0.253053
2026-07-20 14:21:25.428,53.499949,0.000000,0.000000,0.000000,0.329486,-0.374985,-0.284755,0.132359,-0.343678,-0.283365,0.230922,-0.359332,-0.284060,0.205985,-0.387632,-0.260306,0.222036,-0.400109,-0.216481,0.251219,-0.393118,-0.258077
2026-07-20 14:21:25.528,53.599949,0.000000,0.000000,0.000000,0.321606,-0.383350,-0.279419,0.125044,-0.349258,-0.277451,0.223325,-0.366304,-0.278435,0.198043,-0.393218,-0.254022,0.214129,-0.405245,-0.210084,0.243178,-0.399526,-0.251967
2026-07-20 14:21:25.628,53.699949,0.000000,0.000000,0.000000,0.321862,-0.381426,-0.279100,0.125147,-0.346291,-0.277077,0.223505,-0.363858,-0.278088,0.197992,-0.392224,-0.253750,0.214077,-0.404251,-0.209813,0.243127,-0.398532,-0.251696
2026-07-20 14:21:25.728,53.799949,0.000000,0.000000,0.000000,0.321554,-0.382356,-0.279148,0.124134,-0.348159,-0.276253,0.222844,-0.365258,-0.277700,0.197992,-0.392224,-0.253750,0.214077,-0.404251,-0.209813,0.243127,-0.398532,-0.251696
2026-07-20 14:21:25.828,53.899949,0.000000,0.000000,0.000000,0.321657,-0.384344,-0.279691,0.124314,-0.349159,-0.276744,0.222985,-0.366751,-0.278217,0.198095,-0.394211,-0.254293,0.214371,-0.405289,-0.210219,0.244081,-0.400725,-0.252274
2026-07-20 14:21:25.928,53.999949,0.000000,0.000000,0.000000,0.321811,-0.380432,-0.278828,0.125172,-0.344310,-0.276754,0.223492,-0.362371,-0.277791,0.197940,-0.391231,-0.253479,0.214216,-0.402308,-0.209405,0.243075,-0.397539,-0.251424
2026-07-20 14:21:26.028,54.099948,0.000000,0.000000,0.000000,0.321400,-0.379375,-0.278333,0.124056,-0.344191,-0.275386,0.222728,-0.361783,-0.276859,0.197837,-0.389243,-0.252935,0.213923,-0.401270,-0.208998,0.242972,-0.395552,-0.250881
2026-07-20 14:21:26.128,54.199948,0.000000,0.000000,0.000000,0.321914,-0.382419,-0.279371,0.124262,-0.348165,-0.276472,0.223088,-0.365292,-0.277922,0.198043,-0.393218,-0.254022,0.214129,-0.405245,-0.210084,0.243178,-0.399526,-0.251967
2026-07-20 14:21:26.228,54.299948,0.000000,0.000000,0.000000,0.321965,-0.383413,-0.279643,0.124237,-0.350146,-0.276796,0.223101,-0.366780,-0.278219,0.198095,-0.394211,-0.254293,0.214180,-0.406238,-0.210356,0.244305,-0.399779,-0.252190
2026-07-20 14:21:26.328,54.399948,0.000000,0.000000,0.000000,0.318679,-0.400290,-0.250253,0.121916,-0.365922,-0.249602,0.220297,-0.383106,-0.249928,0.194968,-0.409052,-0.223382,0.211521,-0.416809,-0.178706,0.240113,-0.415227,-0.221146
2026-07-20 14:21:26.428,54.499948,0.000000,0.000000,0.000000,0.321503,-0.381363,-0.278876,0.124159,-0.346178,-0.275929,0.222831,-0.363770,-0.277403,0.197940,-0.391231,-0.253479,0.214026,-0.403258,-0.209541,0.243926,-0.397745,-0.251459
2026-07-20 14:21:26.528,54.599948,0.000000,0.000000,0.000000,0.321708,-0.378445,-0.278285,0.124056,-0.344191,-0.275386,0.222882,-0.361318,-0.276835,0.197837,-0.389243,-0.252935,0.214113,-0.400321,-0.208862,0.242972,-0.395552,-0.250881
2026-07-20 14:21:26.628,54.699948,0.000000,0.000000,0.000000,0.318727,-0.401301,-0.250449,0.121034,-0.367745,-0.248853,0.219881,-0.384523,-0.249651,0.195017,-0.410063,-0.223578,0.211378,-0.418777,-0.178965,0.241238,-0.415497,-0.221356
2026-07-20 14:21:26.728,54.799948,0.000000,0.000000,0.000000,0.322326,-0.390368,-0.281544,0.125687,-0.354246,-0.279470,0.224007,-0.372307,-0.280507,0.198455,-0.401167,-0.256194,0.214731,-0.412244,-0.212120,0.243590,-0.407475,-0.254140
2026-07-20 14:21:26.828,54.899948,0.000000,0.000000,0.000000,0.322017,-0.384407,-0.279914,0.125224,-0.350258,-0.277943,0.223620,-0.367332,-0.278929,0.198146,-0.395205,-0.254565,0.214232,-0.407232,-0.210627,0.243281,-0.401513,-0.252510
2026-07-20 14:21:26.928,54.999948,0.000000,0.000000,0.000000,0.321503,-0.381363,-0.278876,0.124083,-0.347165,-0.275981,0.222793,-0.364264,-0.277429,0.197940,-0.391231,-0.253479,0.214216,-0.402308,-0.209405,0.243075,-0.397539,-0.251424
2026-07-20 14:21:27.028,55.099947,0.000000,0.000000,0.000000,0.321656,-0.377451,-0.278013,0.123928,-0.344185,-0.275167,0.222792,-0.360818,-0.276590,0.197955,-0.387289,-0.252582,0.213871,-0.400277,-0.208726,0.242921,-0.394558,-0.250609
2026-07-20 14:21:27.128,55.199947,0.000000,0.000000,0.000000,0.321503,-0.381363,-0.278876,0.124941,-0.347271,-0.276908,0.223222,-0.364317,-0.277892,0.197940,-0.391231,-0.253479,0.214026,-0.403258,-0.209541,0.243075,-0.397539,-0.251424
2026-07-20 14:21:27.228,55.299947,0.000000,0.000000,0.000000,0.321863,-0.388318,-0.280777,0.124520,-0.353133,-0.277830,0.223191,-0.370726,-0.279304,0.198301,-0.398186,-0.255380,0.214387,-0.410213,-0.211442,0.243436,-0.404494,-0.253325
2026-07-20 14:21:27.328,55.399947,0.000000,0.000000,0.000000,0.321965,-0.383413,-0.279643,0.124237,-0.350146,-0.276796,0.223101,-0.366780,-0.278219,0.198095,-0.394211,-0.254293,0.214180,-0.406238,-0.210356,0.243230,-0.400520,-0.252239
2026-07-20 14:21:27.428,55.499947,0.000000,0.000000,0.000000,0.318679,-0.400290,-0.250253,0.121916,-0.365922,-0.249602,0.220297,-0.383106,-0.249928,0.194968,-0.409052,-0.223382,0.211521,-0.416809,-0.178706,0.240113,-0.415227,-0.221146
2026-07-20 14:21:27.528,55.599947,0.000000,0.000000,0.000000,0.321554,-0.382356,-0.279148,0.125070,-0.347278,-0.277128,0.223312,-0.364817,-0.278138,0.197992,-0.392224,-0.253750,0.214268,-0.403302,-0.209676,0.243127,-0.398532,-0.251696
2026-07-20 14:21:27.628,55.699947,0.000000,0.000000,0.000000,0.322068,-0.385400,-0.280186,0.124340,-0.352133,-0.277339,0.223204,-0.368767,-0.278763,0.198198,-0.396199,-0.254836,0.214474,-0.407276,-0.210763,0.243333,-0.402507,-0.252782
2026-07-20 14:21:27.728,55.799947,0.000000,0.000000,0.000000,0.321657,-0.384344,-0.279691,0.124314,-0.349159,-0.276744,0.222985,-0.366751,-0.278217,0.198095,-0.394211,-0.254293,0.214371,-0.405289,-0.210219,0.244305,-0.399779,-0.252190
2026-07-20 14:21:27.828,55.899947,0.000000,0.000000,0.000000,0.321503,-0.381363,-0.278876,0.124235,-0.345191,-0.275877,0.222869,-0.363277,-0.277376,0.197940,-0.391231,-0.253479,0.214216,-0.402308,-0.209405,0.243075,-0.397539,-0.251424
2026-07-20 14:21:27.928,55.999947,0.000000,0.000000,0.000000,0.321503,-0.381363,-0.278876,0.125018,-0.346284,-0.276857,0.223260,-0.363823,-0.277866,0.197940,-0.391231,-0.253479,0.214216,-0.402308,-0.209405,0.244151,-0.396798,-0.251376
2026-07-20 14:21:28.028,56.099946,0.000000,0.000000,0.000000,0.321657,-0.384344,-0.279691,0.125018,-0.351239,-0.277774,0.223338,-0.367791,-0.278732,0.198095,-0.394211,-0.254293,0.214276,-0.405764,-0.210288,0.243230,-0.400520,-0.252239
2026-07-20 14:21:28.128,56.199946,0.000000,0.000000,0.000000,0.321503,-0.381363,-0.278876,0.125018,-0.346284,-0.276857,0.223260,-0.363823,-0.277866,0.197940,-0.391231,-0.253479,0.214216,-0.402308,-0.209405,0.243926,-0.397745,-0.251459
2026-07-20 14:21:28.228,56.299946,0.000000,0.000000,0.000000,0.321965,-0.383413,-0.279643,0.124314,-0.349159,-0.276744,0.223139,-0.366286,-0.278193,0.198095,-0.394211,-0.254293,0.214371,-0.405289,-0.210219,0.243230,-0.400520,-0.252239
2026-07-20 14:21:28.328,56.399946,0.000000,0.000000,0.000000,0.321400,-0.379375,-0.278333,0.124915,-0.344297,-0.276313,0.223157,-0.361836,-0.277323,0.197837,-0.389243,-0.252935,0.214113,-0.400321,-0.208862,0.242972,-0.395552,-0.250881
2026-07-20 14:21:28.428,56.499946,0.000000,0.000000,0.000000,0.321503,-0.381363,-0.278876,0.125018,-0.346284,-0.276857,0.223260,-0.363823,-0.277866,0.197940,-0.391231,-0.253479,0.214026,-0.403258,-0.209541,0.243075,-0.397539,-0.251424
2026-07-20 14:21:28.528,56.599946,0.000000,0.000000,0.000000,0.321503,-0.381363,-0.278876,0.124941,-0.347271,-0.276908,0.223222,-0.364317,-0.277892,0.197940,-0.391231,-0.253479,0.214026,-0.403258,-0.209541,0.243075,-0.397539,-0.251424
2026-07-20 14:21:28.628,56.699946,0.000000,0.000000,0.000000,0.321735,-0.385834,-0.280098,0.124315,-0.351637,-0.277204,0.223025,-0.368735,-0.278651,0.198172,-0.395702,-0.254701,0.214258,-0.407729,-0.210763,0.244158,-0.402216,-0.252681
2026-07-20 14:21:28.728,56.799946,0.000000,0.000000,0.000000,0.318988,-0.399359,-0.250277,0.121916,-0.365922,-0.249602,0.220452,-0.382641,-0.249940,0.194968,-0.409052,-0.223382,0.211521,-0.416809,-0.178706,0.240113,-0.415227,-0.221146
2026-07-20 14:21:28.828,56.899946,0.000000,0.000000,0.000000,0.321606,-0.383350,-0.279419,0.124186,-0.349153,-0.276525,0.222896,-0.366251,-0.277972,0.198043,-0.393218,-0.254022,0.214319,-0.404295,-0.209948,0.244029,-0.399732,-0.252003
2026-07-20 14:21:28.928,56.999946,0.000000,0.000000,0.000000,0.321657,-0.384344,-0.279691,0.124161,-0.351133,-0.276849,0.222909,-0.367738,-0.278270,0.198095,-0.394211,-0.254293,0.214371,-0.405289,-0.210219,0.243230,-0.400520,-0.252239
2026-07-20 14:21:29.028,57.099946,0.000000,0.000000,0.000000,0.321862,-0.381426,-0.279100,0.124211,-0.347172,-0.276201,0.223036,-0.364299,-0.277650,0.197992,-0.392224,-0.253750,0.214268,-0.403302,-0.209676,0.243127,-0.398532,-0.251696
2026-07-20 14:21:29.128,57.199945,0.000000,0.000000,0.000000,0.321914,-0.382419,-0.279371,0.125121,-0.348271,-0.277400,0.223517,-0.365345,-0.278385,0.198043,-0.393218,-0.254022,0.214129,-0.405245,-0.210084,0.243178,-0.399526,-0.251967
2026-07-20 14:21:29.228,57.299945,0.000000,0.000000,0.000000,0.321862,-0.381426,-0.279100,0.124211,-0.347172,-0.276201,0.223036,-0.364299,-0.277650,0.197992,-0.392224,-0.253750,0.214077,-0.404251,-0.209813,0.244202,-0.397791,-0.251647
2026-07-20 14:21:29.328,57.399945,0.000000,0.000000,0.000000,0.321657,-0.384344,-0.279691,0.125173,-0.349265,-0.277671,0.223415,-0.366804,-0.278681,0.198095,-0.394211,-0.254293,0.214371,-0.405289,-0.210219,0.243230,-0.400520,-0.252239
2026-07-20 14:21:29.428,57.499945,0.000000,0.000000,0.000000,0.321709,-0.385337,-0.279962,0.124289,-0.351140,-0.277068,0.222999,-0.368238,-0.278515,0.198146,-0.395205,-0.254565,0.214232,-0.407232,-0.210627,0.243281,-0.401513,-0.252510
2026-07-20 14:21:29.528,57.599945,0.000000,0.000000,0.000000,0.322120,-0.386394,-0.280457,0.124392,-0.353127,-0.277611,0.223256,-0.369760,-0.279034,0.198249,-0.397192,-0.255108,0.214335,-0.409219,-0.211171,0.243384,-0.403501,-0.253053
2026-07-20 14:21:29.628,57.699945,0.000000,0.000000,0.000000,0.321965,-0.383413,-0.279643,0.125173,-0.349265,-0.277671,0.223569,-0.366339,-0.278657,0.198095,-0.394211,-0.254293,0.214180,-0.406238,-0.210356,0.243230,-0.400520,-0.252239
2026-07-20 14:21:29.728,57.799945,0.000000,0.000000,0.000000,0.321349,-0.385274,-0.279739,0.125173,-0.349265,-0.277671,0.223261,-0.367269,-0.278705,0.198095,-0.394211,-0.254293,0.214371,-0.405289,-0.210219,0.243230,-0.400520,-0.252239
2026-07-20 14:21:29.828,57.899945,0.000000,0.000000,0.000000,0.318921,-0.405345,-0.251231,0.122236,-0.369989,-0.250603,0.220578,-0.387667,-0.250917,0.195210,-0.414107,-0.224360,0.211571,-0.422821,-0.179747,0.240355,-0.420282,-0.222124
2026-07-20 14:21:29.928,57.999945,0.000000,0.000000,0.000000,0.321760,-0.386331,-0.280234,0.124340,-0.352133,-0.277339,0.223050,-0.369232,-0.278787,0.198198,-0.396199,-0.254836,0.214283,-0.408226,-0.210899,0.244184,-0.402713,-0.252817
2026-07-20 14:21:30.028,58.099945,0.000000,0.000000,0.000000,0.329846,-0.375038,-0.284978,0.132372,-0.345653,-0.283722,0.231109,-0.360345,-0.284350,0.206056,-0.388619,-0.260594,0.222107,-0.401097,-0.216770,0.252351,-0.393345,-0.258298
2026-07-20 14:21:30.128,58.199944,0.000000,0.000000,0.000000,0.321709,-0.385337,-0.279962,0.124365,-0.350153,-0.277015,0.223037,-0.367745,-0.278489,0.198146,-0.395205,-0.254565,0.214422,-0.406283,-0.210491,0.244357,-0.400772,-0.252462
2026-07-20 14:21:30.228,58.299944,0.000000,0.000000,0.000000,0.321965,-0.383413,-0.279643,0.125173,-0.349265,-0.277671,0.223569,-0.366339,-0.278657,0.198095,-0.394211,-0.254293,0.214180,-0.406238,-0.210356,0.243230,-0.400520,-0.252239
2026-07-20 14:21:30.328,58.399944,0.000000,0.000000,0.000000,0.321657,-0.384344,-0.279691,0.125173,-0.349265,-0.277671,0.223415,-0.366804,-0.278681,0.198095,-0.394211,-0.254293,0.214180,-0.406238,-0.210356,0.243230,-0.400520,-0.252239
2026-07-20 14:21:30.428,58.499944,0.000000,0.000000,0.000000,0.321965,-0.383413,-0.279643,0.125095,-0.350252,-0.277723,0.223530,-0.366832,-0.278683,0.198095,-0.394211,-0.254293,0.214371,-0.405289,-0.210219,0.244305,-0.399779,-0.252190
2026-07-20 14:21:30.528,58.599944,0.000000,0.000000,0.000000,0.321760,-0.386331,-0.280234,0.125276,-0.351252,-0.278214,0.223518,-0.368791,-0.279224,0.198198,-0.396199,-0.254836,0.214474,-0.407276,-0.210763,0.244184,-0.402713,-0.252817
2026-07-20 14:21:30.628,58.699944,0.000000,0.000000,0.000000,0.322274,-0.389375,-0.281272,0.125482,-0.355226,-0.279301,0.223878,-0.372301,-0.280286,0.198234,-0.401134,-0.256004,0.214680,-0.411251,-0.211849,0.243539,-0.406481,-0.253868
2026-07-20 14:21:30.728,58.799944,0.000000,0.000000,0.000000,0.321965,-0.383413,-0.279643,0.125095,-0.350252,-0.277723,0.223530,-0.366832,-0.278683,0.198095,-0.394211,-0.254293,0.214371,-0.405289,-0.210219,0.243230,-0.400520,-0.252239
2026-07-20 14:21:30.828,58.899944,0.000000,0.000000,0.000000,0.321606,-0.383350,-0.279419,0.124262,-0.348165,-0.276472,0.222934,-0.365758,-0.277946,0.198043,-0.393218,-0.254022,0.214319,-0.404295,-0.209948,0.244029,-0.399732,-0.252003
2026-07-20 14:21:30.928,58.999944,0.000000,0.000000,0.000000,0.321811,-0.380432,-0.278828,0.125018,-0.346284,-0.276857,0.223414,-0.363358,-0.277842,0.197940,-0.391231,-0.253479,0.214216,-0.402308,-0.209405,0.243075,-0.397539,-0.251424
2026-07-20 14:21:31.028,59.099944,0.000000,0.000000,0.000000,0.321503,-0.381363,-0.278876,0.124941,-0.347271,-0.276908,0.223222,-0.364317,-0.277892,0.197940,-0.391231,-0.253479,0.214216,-0.402308,-0.209405,0.243926,-0.397745,-0.251459
2026-07-20 14:21:31.128,59.199944,0.000000,0.000000,0.000000,0.321657,-0.384344,-0.279691,0.124314,-0.349159,-0.276744,0.222985,-0.366751,-0.278217,0.198095,-0.394211,-0.254293,0.214371,-0.405289,-0.210219,0.243118,-0.400993,-0.252281
2026-07-20 14:21:31.228,59.299943,0.000000,0.000000,0.000000,0.321965,-0.383413,-0.279643,0.124237,-0.350146,-0.276796,0.223101,-0.366780,-0.278219,0.198095,-0.394211,-0.254293,0.214180,-0.406238,-0.210356,0.244305,-0.399779,-0.252190
2026-07-20 14:21:31.328,59.399943,0.000000,0.000000,0.000000,0.318515,-0.404255,-0.250816,0.122061,-0.368955,-0.250189,0.220288,-0.386605,-0.250502,0.195113,-0.412085,-0.223969,0.211474,-0.420799,-0.179356,0.240258,-0.418260,-0.221733
2026-07-20 14:21:31.428,59.499943,0.000000,0.000000,0.000000,0.321348,-0.378382,-0.278061,0.124786,-0.344290,-0.276093,0.223067,-0.361336,-0.277077,0.197786,-0.388250,-0.252664,0.214062,-0.399327,-0.208590,0.243772,-0.394764,-0.250645
2026-07-20 14:21:31.528,59.599943,0.000000,0.000000,0.000000,0.322120,-0.386394,-0.280457,0.124392,-0.353127,-0.277611,0.223256,-0.369760,-0.279034,0.198249,-0.397192,-0.255108,0.214335,-0.409219,-0.211171,0.243384,-0.403501,-0.253053
2026-07-20 14:21:31.628,59.699943,0.000000,0.000000,0.000000,0.321966,-0.390305,-0.281320,0.125404,-0.356213,-0.279352,0.223685,-0.373259,-0.280336,0.198404,-0.400173,-0.255923,0.214489,-0.412200,-0.211985,0.244390,-0.406687,-0.253903
2026-07-20 14:21:31.728,59.799943,0.000000,0.000000,0.000000,0.321349,-0.385274,-0.279739,0.124314,-0.349159,-0.276744,0.222831,-0.367217,-0.278241,0.198095,-0.394211,-0.254293,0.214180,-0.406238,-0.210356,0.243230,-0.400520,-0.252239
2026-07-20 14:21:31.828,59.899943,0.000000,0.000000,0.000000,0.322016,-0.377514,-0.278237,0.123980,-0.345178,-0.275438,0.222998,-0.361346,-0.276838,0.197837,-0.389243,-0.252935,0.214113,-0.400321,-0.208862,0.242972,-0.395552,-0.250881
2026-07-20 14:21:31.928,59.999943,0.000000,0.000000,0.000000,0.321554,-0.382356,-0.279148,0.124211,-0.347172,-0.276201,0.222882,-0.364764,-0.277674,0.197992,-0.392224,-0.253750,0.214268,-0.403302,-0.209676,0.243978,-0.398738,-0.251731
2026-07-20 14:21:32.028,60.099943,0.000000,0.000000,0.000000,0.321606,-0.383350,-0.279419,0.125121,-0.348271,-0.277400,0.223363,-0.365811,-0.278409,0.198043,-0.393218,-0.254022,0.214129,-0.405245,-0.210084,0.243178,-0.399526,-0.251967
2026-07-20 14:21:32.128,60.199943,0.000000,0.000000,0.000000,0.321554,-0.382356,-0.279148,0.124992,-0.348265,-0.277179,0.223273,-0.365310,-0.278164,0.197992,-0.392224,-0.253750,0.214268,-0.403302,-0.209676,0.243127,-0.398532,-0.251696
2026-07-20 14:21:32.228,60.299942,0.000000,0.000000,0.000000,0.321657,-0.384344,-0.279691,0.125095,-0.350252,-0.277723,0.223376,-0.367298,-0.278707,0.198095,-0.394211,-0.254293,0.214371,-0.405289,-0.210219,0.243230,-0.400520,-0.252239
2026-07-20 14:21:32.328,60.399942,0.000000,0.000000,0.000000,0.321760,-0.386331,-0.280234,0.124417,-0.351146,-0.277287,0.223088,-0.368738,-0.278760,0.198198,-0.396199,-0.254836,0.214283,-0.408226,-0.210899,0.243333,-0.402507,-0.252782
2026-07-20 14:21:32.428,60.499942,0.000000,0.000000,0.000000,0.321914,-0.382419,-0.279371,0.124262,-0.348165,-0.276472,0.223088,-0.365292,-0.277922,0.198043,-0.393218,-0.254022,0.214129,-0.405245,-0.210084,0.244029,-0.399732,-0.252003
2026-07-20 14:21:32.528,60.599942,0.000000,0.000000,0.000000,0.321965,-0.383413,-0.279643,0.125173,-0.349265,-0.277671,0.223569,-0.366339,-0.278657,0.198095,-0.394211,-0.254293,0.214371,-0.405289,-0.210219,0.243230,-0.400520,-0.252239
2026-07-20 14:21:32.628,60.699942,0.000000,0.000000,0.000000,0.322120,-0.386394,-0.280457,0.124316,-0.354114,-0.277663,0.223218,-0.370254,-0.279060,0.198249,-0.397192,-0.255108,0.214525,-0.408270,-0.211034,0.243384,-0.403501,-0.253053
2026-07-20 14:21:32.728,60.799942,0.000000,0.000000,0.000000,0.321812,-0.387324,-0.280506,0.125327,-0.352246,-0.278486,0.223569,-0.369785,-0.279496,0.198249,-0.397192,-0.255108,0.214335,-0.409219,-0.211171,0.243384,-0.403501,-0.253053
2026-07-20 14:21:32.828,60.899942,0.000000,0.000000,0.000000,0.321709,-0.385337,-0.279962,0.125147,-0.351245,-0.277994,0.223428,-0.368291,-0.278978,0.198146,-0.395205,-0.254565,0.214422,-0.406283,-0.210491,0.244132,-0.401719,-0.252546
2026-07-20 14:21:32.928,60.999942,0.000000,0.000000,0.000000,0.321709,-0.385337,-0.279962,0.124517,-0.348178,-0.276910,0.223113,-0.366758,-0.278436,0.198146,-0.395205,-0.254565,0.214422,-0.406283,-0.210491,0.243281,-0.401513,-0.252510
2026-07-20 14:21:33.028,61.099942,0.000000,0.000000,0.000000,0.321657,-0.384344,-0.279691,0.124314,-0.349159,-0.276744,0.222985,-0.366751,-0.278217,0.198095,-0.394211,-0.254293,0.214371,-0.405289,-0.210219,0.243230,-0.400520,-0.252239
2026-07-20 14:21:33.128,61.199942,0.000000,0.000000,0.000000,0.321554,-0.382356,-0.279148,0.125147,-0.346291,-0.277077,0.223351,-0.364323,-0.278112,0.197992,-0.392224,-0.253750,0.214268,-0.403302,-0.209676,0.243127,-0.398532,-0.251696
2026-07-20 14:21:33.228,61.299942,0.000000,0.000000,0.000000,0.321709,-0.385337,-0.279962,0.125224,-0.350258,-0.277943,0.223466,-0.367798,-0.278953,0.198146,-0.395205,-0.254565,0.214232,-0.407232,-0.210627,0.244357,-0.400772,-0.252462
2026-07-20 14:21:33.328,61.399941,0.000000,0.000000,0.000000,0.318824,-0.403323,-0.250840,0.121208,-0.368779,-0.249266,0.220016,-0.386051,-0.250053,0.195113,-0.412085,-0.223969,0.211474,-0.420799,-0.179356,0.240258,-0.418260,-0.221733
2026-07-20 14:21:33.428,61.499941,0.000000,0.000000,0.000000,0.321811,-0.380432,-0.278828,0.124159,-0.346178,-0.275929,0.222985,-0.363305,-0.277379,0.197940,-0.391231,-0.253479,0.214216,-0.402308,-0.209405,0.243075,-0.397539,-0.251424
2026-07-20 14:21:33.528,61.599941,0.000000,0.000000,0.000000,0.321812,-0.387324,-0.280506,0.125327,-0.352246,-0.278486,0.223569,-0.369785,-0.279496,0.198249,-0.397192,-0.255108,0.214335,-0.409219,-0.211171,0.243160,-0.404448,-0.253137
2026-07-20 14:21:33.628,61.699941,0.000000,0.000000,0.000000,0.321709,-0.385337,-0.279962,0.124365,-0.350153,-0.277015,0.223037,-0.367745,-0.278489,0.198146,-0.395205,-0.254565,0.214232,-0.407232,-0.210627,0.244132,-0.401719,-0.252546
2026-07-20 14:21:33.728,61.799941,0.000000,0.000000,0.000000,0.321657,-0.384344,-0.279691,0.125173,-0.349265,-0.277671,0.223415,-0.366804,-0.278681,0.198095,-0.394211,-0.254293,0.214180,-0.406238,-0.210356,0.244081,-0.400725,-0.252274
2026-07-20 14:21:33.828,61.899941,0.000000,0.000000,0.000000,0.321760,-0.386331,-0.280234,0.124417,-0.351146,-0.277287,0.223088,-0.368738,-0.278760,0.198198,-0.396199,-0.254836,0.214474,-0.407276,-0.210763,0.244184,-0.402713,-0.252817
2026-07-20 14:21:33.928,61.999941,0.000000,0.000000,0.000000,0.321503,-0.381363,-0.278876,0.124941,-0.347271,-0.276908,0.223222,-0.364317,-0.277892,0.197940,-0.391231,-0.253479,0.214216,-0.402308,-0.209405,0.243075,-0.397539,-0.251424
2026-07-20 14:21:34.028,62.099941,0.000000,0.000000,0.000000,0.321965,-0.383413,-0.279643,0.124237,-0.350146,-0.276796,0.223101,-0.366780,-0.278219,0.198095,-0.394211,-0.254293,0.214371,-0.405289,-0.210219,0.244081,-0.400725,-0.252274
2026-07-20 14:21:34.128,62.199941,0.000000,0.000000,0.000000,0.321554,-0.382356,-0.279148,0.125070,-0.347278,-0.277128,0.223312,-0.364817,-0.278138,0.197992,-0.392224,-0.253750,0.214268,-0.403302,-0.209676,0.243127,-0.398532,-0.251696
2026-07-20 14:21:34.228,62.299941,0.000000,0.000000,0.000000,0.321812,-0.387324,-0.280506,0.124392,-0.353127,-0.277611,0.223102,-0.370226,-0.279058,0.198249,-0.397192,-0.255108,0.214335,-0.409219,-0.211171,0.243160,-0.404448,-0.253137
2026-07-20 14:21:34.328,62.399940,0.000000,0.000000,0.000000,0.318467,-0.403244,-0.250621,0.121935,-0.368932,-0.249970,0.220201,-0.386088,-0.250295,0.195065,-0.411074,-0.223774,0.211426,-0.419787,-0.179161,0.240210,-0.417249,-0.221537
2026-07-20 14:21:34.428,62.499940,0.000000,0.000000,0.000000,0.321400,-0.379375,-0.278333,0.124915,-0.344297,-0.276313,0.223157,-0.361836,-0.277323,0.197837,-0.389243,-0.252935,0.213923,-0.401270,-0.208998,0.243823,-0.395757,-0.250916
2026-07-20 14:21:34.528,62.599940,0.000000,0.000000,0.000000,0.321657,-0.384344,-0.279691,0.125173,-0.349265,-0.277671,0.223415,-0.366804,-0.278681,0.198095,-0.394211,-0.254293,0.214371,-0.405289,-0.210219,0.243230,-0.400520,-0.252239
2026-07-20 14:21:34.628,62.699940,0.000000,0.000000,0.000000,0.321554,-0.382356,-0.279148,0.124287,-0.346185,-0.276148,0.222921,-0.364270,-0.277648,0.197992,-0.392224,-0.253750,0.214077,-0.404251,-0.209813,0.243978,-0.398738,-0.251731
2026-07-20 14:21:34.728,62.799940,0.000000,0.000000,0.000000,0.321914,-0.382419,-0.279371,0.125121,-0.348271,-0.277400,0.223517,-0.365345,-0.278385,0.198043,-0.393218,-0.254022,0.214129,-0.405245,-0.210084,0.243178,-0.399526,-0.251967
2026-07-20 14:21:34.828,62.899940,0.000000,0.000000,0.000000,0.321862,-0.381426,-0.279100,0.124134,-0.348159,-0.276253,0.222998,-0.364792,-0.277676,0.197992,-0.392224,-0.253750,0.214268,-0.403302,-0.209676,0.243127,-0.398532,-0.251696
2026-07-20 14:21:34.928,62.999940,0.000000,0.000000,0.000000,0.318921,-0.405345,-0.251231,0.122236,-0.369989,-0.250603,0.220578,-0.387667,-0.250917,0.195210,-0.414107,-0.224360,0.211571,-0.422821,-0.179747,0.240355,-0.420282,-0.222124
2026-07-20 14:21:35.028,63.099940,0.000000,0.000000,0.000000,0.321914,-0.382419,-0.279371,0.124262,-0.348165,-0.276472,0.223088,-0.365292,-0.277922,0.198043,-0.393218,-0.254022,0.214129,-0.405245,-0.210084,0.243178,-0.399526,-0.251967
2026-07-20 14:21:35.128,63.199940,0.000000,0.000000,0.000000,0.321863,-0.388318,-0.280777,0.124520,-0.353133,-0.277830,0.223191,-0.370726,-0.279304,0.198301,-0.398186,-0.255380,0.214577,-0.409263,-0.211306,0.243436,-0.404494,-0.253325
2026-07-20 14:21:35.228,63.299940,0.000000,0.000000,0.000000,0.321349,-0.385274,-0.279739,0.124314,-0.349159,-0.276744,0.222831,-0.367217,-0.278241,0.198095,-0.394211,-0.254293,0.214371,-0.405289,-0.210219,0.243230,-0.400520,-0.252239
2026-07-20 14:21:35.328,63.399940,0.000000,0.000000,0.000000,0.321298,-0.384280,-0.279467,0.124186,-0.349153,-0.276525,0.222742,-0.366716,-0.277996,0.198043,-0.393218,-0.254022,0.214319,-0.404295,-0.209948,0.243402,-0.398579,-0.251883
2026-07-20 14:21:35.428,63.499939,0.000000,0.000000,0.000000,0.321862,-0.381426,-0.279100,0.124134,-0.348159,-0.276253,0.222998,-0.364792,-0.277676,0.197992,-0.392224,-0.253750,0.214268,-0.403302,-0.209676,0.243127,-0.398532,-0.251696
2026-07-20 14:21:35.528,63.599939,0.000000,0.000000,0.000000,0.329273,-0.372023,-0.283891,0.131223,-0.341630,-0.281646,0.230248,-0.356827,-0.282769,0.205772,-0.384670,-0.259441,0.221823,-0.397147,-0.215617,0.251006,-0.390155,-0.257212
2026-07-20 14:21:35.628,63.699939,0.000000,0.000000,0.000000,0.321297,-0.377388,-0.277790,0.123877,-0.343191,-0.274895,0.222587,-0.360290,-0.276343,0.197734,-0.387256,-0.252392,0.214010,-0.398334,-0.208318,0.243720,-0.393770,-0.250373
2026-07-20 14:21:35.728,63.799939,0.000000,0.000000,0.000000,0.321554,-0.382356,-0.279148,0.124134,-0.348159,-0.276253,0.222844,-0.365258,-0.277700,0.197992,-0.392224,-0.253750,0.214268,-0.403302,-0.209676,0.243978,-0.398738,-0.251731
2026-07-20 14:21:35.828,63.899939,0.000000,0.000000,0.000000,0.321811,-0.380432,-0.278828,0.125018,-0.346284,-0.276857,0.223414,-0.363358,-0.277842,0.197940,-0.391231,-0.253479,0.214026,-0.403258,-0.209541,0.243075,-0.397539,-0.251424
2026-07-20 14:21:35.928,63.999939,0.000000,0.000000,0.000000,0.321606,-0.383350,-0.279419,0.125044,-0.349258,-0.277451,0.223325,-0.366304,-0.278435,0.198043,-0.393218,-0.254022,0.214319,-0.404295,-0.209948,0.243178,-0.399526,-0.251967
2026-07-20 14:21:36.028,64.099939,0.000000,0.000000,0.000000,0.321554,-0.382356,-0.279148,0.124211,-0.347172,-0.276201,0.222882,-0.364764,-0.277674,0.197992,-0.392224,-0.253750,0.214077,-0.404251,-0.209813,0.243127,-0.398532,-0.251696
2026-07-20 14:21:36.128,64.199939,0.000000,0.000000,0.000000,0.321965,-0.383413,-0.279643,0.125327,-0.347291,-0.277569,0.223646,-0.365352,-0.278606,0.198095,-0.394211,-0.254293,0.214371,-0.405289,-0.210219,0.243454,-0.399572,-0.252155
2026-07-20 14:21:36.228,64.299939,0.000000,0.000000,0.000000,0.322120,-0.386394,-0.280457,0.124392,-0.353127,-0.277611,0.223256,-0.369760,-0.279034,0.198249,-0.397192,-0.255108,0.214335,-0.409219,-0.211171,0.244460,-0.402759,-0.253005
2026-07-20 14:21:36.328,64.399939,0.000000,0.000000,0.000000,0.322068,-0.385400,-0.280186,0.125276,-0.351252,-0.278214,0.223672,-0.368326,-0.279200,0.198198,-0.396199,-0.254836,0.214474,-0.407276,-0.210763,0.243333,-0.402507,-0.252782
2026-07-20 14:21:36.428,64.499938,0.000000,0.000000,0.000000,0.321143,-0.381300,-0.278653,0.124031,-0.346172,-0.275710,0.222587,-0.363736,-0.277181,0.197889,-0.390237,-0.253207,0.214165,-0.401315,-0.209133,0.243875,-0.396751,-0.251188
2026-07-20 14:21:36.528,64.599938,0.000000,0.000000,0.000000,0.321554,-0.382356,-0.279148,0.124211,-0.347172,-0.276201,0.222882,-0.364764,-0.277674,0.197992,-0.392224,-0.253750,0.214268,-0.403302,-0.209676,0.243127,-0.398532,-0.251696
2026-07-20 14:21:36.628,64.699938,0.000000,0.000000,0.000000,0.321657,-0.384344,-0.279691,0.124314,-0.349159,-0.276744,0.222985,-0.366751,-0.278217,0.198095,-0.394211,-0.254293,0.214276,-0.405764,-0.210288,0.243230,-0.400520,-0.252239
2026-07-20 14:21:36.728,64.799938,0.000000,0.000000,0.000000,0.321401,-0.386268,-0.280011,0.125224,-0.350258,-0.277943,0.223312,-0.368263,-0.278977,0.198146,-0.395205,-0.254565,0.214422,-0.406283,-0.210491,0.243281,-0.401513,-0.252510
2026-07-20 14:21:36.828,64.899938,0.000000,0.000000,0.000000,0.322120,-0.386394,-0.280457,0.124392,-0.353127,-0.277611,0.223256,-0.369760,-0.279034,0.198249,-0.397192,-0.255108,0.214335,-0.409219,-0.211171,0.243272,-0.403974,-0.253095
2026-07-20 14:21:36.928,64.999938,0.000000,0.000000,0.000000,0.321812,-0.387324,-0.280506,0.124468,-0.352140,-0.277558,0.223140,-0.369732,-0.279032,0.198249,-0.397192,-0.255108,0.214335,-0.409219,-0.211171,0.243384,-0.403501,-0.253053
2026-07-20 14:21:37.028,65.099938,0.000000,0.000000,0.000000,0.322068,-0.385400,-0.280186,0.124340,-0.352133,-0.277339,0.223204,-0.368767,-0.278763,0.198198,-0.396199,-0.254836,0.214283,-0.408226,-0.210899,0.243333,-0.402507,-0.252782
2026-07-20 14:21:37.128,65.199938,0.000000,0.000000,0.000000,0.321965,-0.383413,-0.279643,0.124237,-0.350146,-0.276796,0.223101,-0.366780,-0.278219,0.198095,-0.394211,-0.254293,0.214371,-0.405289,-0.210219,0.244081,-0.400725,-0.252274
2026-07-20 14:21:37.228,65.299938,0.000000,0.000000,0.000000,0.321862,-0.381426,-0.279100,0.125147,-0.346291,-0.277077,0.223505,-0.363858,-0.278088,0.197992,-0.392224,-0.253750,0.214077,-0.404251,-0.209813,0.243978,-0.398738,-0.251731
2026-07-20 14:21:37.328,65.399938,0.000000,0.000000,0.000000,0.318776,-0.402312,-0.250644,0.121159,-0.367768,-0.249071,0.219968,-0.385040,-0.249858,0.195065,-0.411074,-0.223774,0.211617,-0.418831,-0.179097,0.240210,-0.417249,-0.221537
2026-07-20 14:21:37.428,65.499938,0.000000,0.000000,0.000000,0.318727,-0.401301,-0.250449,0.121964,-0.366933,-0.249798,0.220346,-0.384117,-0.250123,0.195017,-0.410063,-0.223578,0.211378,-0.418777,-0.178965,0.241238,-0.415497,-0.221356
2026-07-20 14:21:37.528,65.599937,0.000000,0.000000,0.000000,0.321811,-0.380432,-0.278828,0.124083,-0.347165,-0.275981,0.222947,-0.363799,-0.277405,0.197940,-0.391231,-0.253479,0.214026,-0.403258,-0.209541,0.243075,-0.397539,-0.251424
2026-07-20 14:21:37.628,65.699937,0.000000,0.000000,0.000000,0.321401,-0.386268,-0.280011,0.125301,-0.349271,-0.277891,0.223351,-0.367769,-0.278951,0.198146,-0.395205,-0.254565,0.214422,-0.406283,-0.210491,0.243057,-0.402460,-0.252594
2026-07-20 14:21:37.728,65.799937,0.000000,0.000000,0.000000,0.321759,-0.379439,-0.278556,0.124889,-0.346277,-0.276636,0.223324,-0.362858,-0.277596,0.197889,-0.390237,-0.253207,0.213974,-0.402264,-0.209270,0.243024,-0.396545,-0.251153
2026-07-20 14:21:37.828,65.899937,0.000000,0.000000,0.000000,0.318225,-0.398189,-0.249643,0.121771,-0.362889,-0.249016,0.219998,-0.380539,-0.249329,0.194823,-0.406019,-0.222796,0.211375,-0.413776,-0.178119,0.241044,-0.411453,-0.220574
2026-07-20 14:21:37.928,65.999937,0.000000,0.000000,0.000000,0.321862,-0.381426,-0.279100,0.124211,-0.347172,-0.276201,0.223036,-0.364299,-0.277650,0.197992,-0.392224,-0.253750,0.214077,-0.404251,-0.209813,0.243978,-0.398738,-0.251731
2026-07-20 14:21:38.028,66.099937,0.000000,0.000000,0.000000,0.321811,-0.380432,-0.278828,0.124159,-0.346178,-0.275929,0.222985,-0.363305,-0.277379,0.197940,-0.391231,-0.253479,0.214026,-0.403258,-0.209541,0.244151,-0.396798,-0.251376
2026-07-20 14:21:38.128,66.199937,0.000000,0.000000,0.000000,0.321400,-0.379375,-0.278333,0.124056,-0.344191,-0.275386,0.222728,-0.361783,-0.276859,0.197837,-0.389243,-0.252935,0.214113,-0.400321,-0.208862,0.242972,-0.395552,-0.250881
2026-07-20 14:21:38.228,66.299937,0.000000,0.000000,0.000000,0.318661,-0.407288,-0.251403,0.122128,-0.372976,-0.250752,0.220394,-0.390132,-0.251077,0.195258,-0.415118,-0.224556,0.211811,-0.422875,-0.179879,0.241254,-0.421502,-0.222345
2026-07-20 14:21:38.328,66.399937,0.000000,0.000000,0.000000,0.321606,-0.383350,-0.279419,0.124186,-0.349153,-0.276525,0.222896,-0.366251,-0.277972,0.198043,-0.393218,-0.254022,0.214129,-0.405245,-0.210084,0.243178,-0.399526,-0.251967
2026-07-20 14:21:38.428,66.499937,0.000000,0.000000,0.000000,0.321760,-0.386331,-0.280234,0.125198,-0.352239,-0.278266,0.223479,-0.369285,-0.279250,0.198198,-0.396199,-0.254836,0.214283,-0.408226,-0.210899,0.243333,-0.402507,-0.252782
2026-07-20 14:21:38.528,66.599936,0.000000,0.000000,0.000000,0.321606,-0.383350,-0.279419,0.124186,-0.349153,-0.276525,0.222896,-0.366251,-0.277972,0.198213,-0.392257,-0.253940,0.214319,-0.404295,-0.209948,0.243178,-0.399526,-0.251967
2026-07-20 14:21:38.628,66.699936,0.000000,0.000000,0.000000,0.321606,-0.383350,-0.279419,0.124262,-0.348165,-0.276472,0.222934,-0.365758,-0.277946,0.198043,-0.393218,-0.254022,0.214129,-0.405245,-0.210084,0.244029,-0.399732,-0.252003
2026-07-20 14:21:38.728,66.799936,0.000000,0.000000,0.000000,0.321709,-0.385337,-0.279962,0.124365,-0.350153,-0.277015,0.223037,-0.367745,-0.278489,0.198146,-0.395205,-0.254565,0.214232,-0.407232,-0.210627,0.244132,-0.401719,-0.252546
2026-07-20 14:21:38.828,66.899936,0.000000,0.000000,0.000000,0.321811,-0.380432,-0.278828,0.125095,-0.345297,-0.276805,0.223453,-0.362865,-0.277817,0.197940,-0.391231,-0.253479,0.214026,-0.403258,-0.209541,0.243075,-0.397539,-0.251424
2026-07-20 14:21:38.928,66.999936,0.000000,0.000000,0.000000,0.321554,-0.382356,-0.279148,0.125070,-0.347278,-0.277128,0.223312,-0.364817,-0.278138,0.197822,-0.393185,-0.253832,0.214268,-0.403302,-0.209676,0.243978,-0.398738,-0.251731
2026-07-20 14:21:39.028,67.099936,0.000000,0.000000,0.000000,0.321915,-0.389312,-0.281049,0.124495,-0.355114,-0.278154,0.223205,-0.372213,-0.279601,0.198352,-0.399180,-0.255651,0.214438,-0.411207,-0.211714,0.243487,-0.405488,-0.253597
2026-07-20 14:21:39.128,67.199936,0.000000,0.000000,0.000000,0.321606,-0.383350,-0.279419,0.125044,-0.349258,-0.277451,0.223325,-0.366304,-0.278435,0.198043,-0.393218,-0.254022,0.214319,-0.404295,-0.209948,0.243178,-0.399526,-0.251967
2026-07-20 14:21:39.228,67.299936,0.000000,0.000000,0.000000,0.322274,-0.389375,-0.281272,0.124623,-0.355121,-0.278373,0.223448,-0.372248,-0.279823,0.198404,-0.400173,-0.255923,0.214489,-0.412200,-0.211985,0.243315,-0.407428,-0.253952
2026-07-20 14:21:39.328,67.399936,0.000000,0.000000,0.000000,0.321811,-0.380432,-0.278828,0.124159,-0.346178,-0.275929,0.222985,-0.363305,-0.277379,0.197940,-0.391231,-0.253479,0.214216,-0.402308,-0.209405,0.243926,-0.397745,-0.251459
2026-07-20 14:21:39.428,67.499936,0.000000,0.000000,0.000000,0.322017,-0.384407,-0.279914,0.125224,-0.350258,-0.277943,0.223620,-0.367332,-0.278929,0.198146,-0.395205,-0.254565,0.214232,-0.407232,-0.210627,0.244357,-0.400772,-0.252462
2026-07-20 14:21:39.528,67.599936,0.000000,0.000000,0.000000,0.318564,-0.405266,-0.251012,0.121179,-0.370778,-0.249440,0.219872,-0.388022,-0.250226,0.195162,-0.413096,-0.224165,0.211523,-0.421809,-0.179552,0.240531,-0.418321,-0.221917
2026-07-20 14:21:39.628,67.699935,0.000000,0.000000,0.000000,0.321400,-0.379375,-0.278333,0.123980,-0.345178,-0.275438,0.222690,-0.362277,-0.276886,0.197837,-0.389243,-0.252935,0.213923,-0.401270,-0.208998,0.242972,-0.395552,-0.250881
2026-07-20 14:21:39.728,67.799935,0.000000,0.000000,0.000000,0.321246,-0.383287,-0.279196,0.124134,-0.348159,-0.276253,0.222690,-0.365723,-0.277724,0.197992,-0.392224,-0.253750,0.214077,-0.404251,-0.209813,0.243127,-0.398532,-0.251696
2026-07-20 14:21:39.828,67.899935,0.000000,0.000000,0.000000,0.321503,-0.381363,-0.278876,0.124083,-0.347165,-0.275981,0.222793,-0.364264,-0.277429,0.197940,-0.391231,-0.253479,0.214026,-0.403258,-0.209541,0.243075,-0.397539,-0.251424
2026-07-20 14:21:39.928,67.999935,0.000000,0.000000,0.000000,0.321709,-0.385337,-0.279962,0.124365,-0.350153,-0.277015,0.223037,-0.367745,-0.278489,0.198146,-0.395205,-0.254565,0.214422,-0.406283,-0.210491,0.243057,-0.402460,-0.252594
2026-07-20 14:21:40.028,68.099935,0.000000,0.000000,0.000000,0.321709,-0.385337,-0.279962,0.124289,-0.351140,-0.277068,0.222999,-0.368238,-0.278515,0.198146,-0.395205,-0.254565,0.214422,-0.406283,-0.210491,0.244132,-0.401719,-0.252546
2026-07-20 14:21:40.128,68.199935,0.000000,0.000000,0.000000,0.318370,-0.401222,-0.250230,0.121916,-0.365922,-0.249602,0.220143,-0.383572,-0.249916,0.194968,-0.409052,-0.223382,0.211521,-0.416809,-0.178706,0.241189,-0.414485,-0.221161
2026-07-20 14:21:40.228,68.299935,0.000000,0.000000,0.000000,0.321915,-0.389312,-0.281049,0.125507,-0.353246,-0.278978,0.223711,-0.371279,-0.280013,0.198352,-0.399180,-0.255651,0.214438,-0.411207,-0.211714,0.243487,-0.405488,-0.253597
2026-07-20 14:21:40.328,68.399935,0.000000,0.000000,0.000000,0.322274,-0.389375,-0.281272,0.124546,-0.356108,-0.278426,0.223410,-0.372741,-0.279849,0.198404,-0.400173,-0.255923,0.214489,-0.412200,-0.211985,0.244614,-0.405740,-0.253820
2026-07-20 14:21:40.428,68.499935,0.000000,0.000000,0.000000,0.321451,-0.380369,-0.278605,0.124108,-0.345185,-0.275657,0.222779,-0.362777,-0.277131,0.197889,-0.390237,-0.253207,0.213974,-0.402264,-0.209270,0.243024,-0.396545,-0.251153
2026-07-20 14:21:40.528,68.599935,0.000000,0.000000,0.000000,0.321195,-0.382293,-0.278924,0.124007,-0.348152,-0.276034,0.222601,-0.365223,-0.277479,0.197940,-0.391231,-0.253479,0.214216,-0.402308,-0.209405,0.243075,-0.397539,-0.251424
2026-07-20 14:21:40.628,68.699934,0.000000,0.000000,0.000000,0.321503,-0.381363,-0.278876,0.125018,-0.346284,-0.276857,0.223260,-0.363823,-0.277866,0.197771,-0.392191,-0.253560,0.214026,-0.403258,-0.209541,0.243075,-0.397539,-0.251424
2026-07-20 14:21:40.728,68.799934,0.000000,0.000000,0.000000,0.321606,-0.383350,-0.279419,0.124262,-0.348165,-0.276472,0.222934,-0.365758,-0.277946,0.198043,-0.393218,-0.254022,0.214129,-0.405245,-0.210084,0.244029,-0.399732,-0.252003
2026-07-20 14:21:40.828,68.899934,0.000000,0.000000,0.000000,0.321451,-0.380369,-0.278605,0.125121,-0.343316,-0.276482,0.223286,-0.361843,-0.277543,0.197889,-0.390237,-0.253207,0.213974,-0.402264,-0.209270,0.243024,-0.396545,-0.251153
2026-07-20 14:21:40.928,68.999934,0.000000,0.000000,0.000000,0.321760,-0.386331,-0.280234,0.125121,-0.353226,-0.278317,0.223441,-0.369778,-0.279275,0.198198,-0.396199,-0.254836,0.214283,-0.408226,-0.210899,0.243333,-0.402507,-0.252782
2026-07-20 14:21:41.028,69.099934,0.000000,0.000000,0.000000,0.321760,-0.386331,-0.280234,0.125198,-0.352239,-0.278266,0.223479,-0.369285,-0.279250,0.198198,-0.396199,-0.254836,0.214283,-0.408226,-0.210899,0.243333,-0.402507,-0.252782
2026-07-20 14:21:41.128,69.199934,0.000000,0.000000,0.000000,0.321965,-0.383413,-0.279643,0.124237,-0.350146,-0.276796,0.223101,-0.366780,-0.278219,0.198095,-0.394211,-0.254293,0.214180,-0.406238,-0.210356,0.243230,-0.400520,-0.252239
2026-07-20 14:21:41.228,69.299934,0.000000,0.000000,0.000000,0.321554,-0.382356,-0.279148,0.124211,-0.347172,-0.276201,0.222882,-0.364764,-0.277674,0.197822,-0.393185,-0.253832,0.214077,-0.404251,-0.209813,0.243127,-0.398532,-0.251696
2026-07-20 14:21:41.328,69.399934,0.000000,0.000000,0.000000,0.318679,-0.400290,-0.250253,0.121916,-0.365922,-0.249602,0.220297,-0.383106,-0.249928,0.194968,-0.409052,-0.223382,0.211521,-0.416809,-0.178706,0.240113,-0.415227,-0.221146
2026-07-20 14:21:41.428,69.499934,0.000000,0.000000,0.000000,0.321735,-0.385834,-0.280098,0.124315,-0.351637,-0.277204,0.223025,-0.368735,-0.278651,0.198172,-0.395702,-0.254701,0.214258,-0.407729,-0.210763,0.243307,-0.402010,-0.252646
2026-07-20 14:21:41.528,69.599934,0.000000,0.000000,0.000000,0.318921,-0.405345,-0.251231,0.121228,-0.371789,-0.249635,0.220074,-0.388567,-0.250433,0.195210,-0.414107,-0.224360,0.211571,-0.422821,-0.179747,0.240355,-0.420282,-0.222124
2026-07-20 14:21:41.628,69.699934,0.000000,0.000000,0.000000,0.321965,-0.383413,-0.279643,0.124237,-0.350146,-0.276796,0.223101,-0.366780,-0.278219,0.198095,-0.394211,-0.254293,0.214371,-0.405289,-0.210219,0.243006,-0.401467,-0.252322
2026-07-20 14:21:41.728,69.799933,0.000000,0.000000,0.000000,0.321657,-0.384344,-0.279691,0.124237,-0.350146,-0.276796,0.222947,-0.367245,-0.278244,0.198095,-0.394211,-0.254293,0.214180,-0.406238,-0.210356,0.244081,-0.400725,-0.252274
2026-07-20 14:21:41.828,69.899933,0.000000,0.000000,0.000000,0.321760,-0.386331,-0.280234,0.124417,-0.351146,-0.277287,0.223088,-0.368738,-0.278760,0.198198,-0.396199,-0.254836,0.214283,-0.408226,-0.210899,0.244408,-0.401766,-0.252734
2026-07-20 14:21:41.928,69.999933,0.000000,0.000000,0.000000,0.321709,-0.385337,-0.279962,0.125224,-0.350258,-0.277943,0.223466,-0.367798,-0.278953,0.197977,-0.396166,-0.254647,0.214232,-0.407232,-0.210627,0.244132,-0.401719,-0.252546
2026-07-20 14:21:42.028,70.099933,0.000000,0.000000,0.000000,0.321812,-0.387324,-0.280506,0.124468,-0.352140,-0.277558,0.223140,-0.369732,-0.279032,0.198249,-0.397192,-0.255108,0.214525,-0.408270,-0.211034,0.244235,-0.403706,-0.253089
2026-07-20 14:21:42.128,70.199933,0.000000,0.000000,0.000000,0.321606,-0.383350,-0.279419,0.124186,-0.349153,-0.276525,0.222896,-0.366251,-0.277972,0.198043,-0.393218,-0.254022,0.214129,-0.405245,-0.210084,0.243178,-0.399526,-0.251967
2026-07-20 14:21:42.228,70.299933,0.000000,0.000000,0.000000,0.322017,-0.384407,-0.279914,0.124289,-0.351140,-0.277068,0.223153,-0.367773,-0.278491,0.198146,-0.395205,-0.254565,0.214232,-0.407232,-0.210627,0.243281,-0.401513,-0.252510
2026-07-20 14:21:42.328,70.399933,0.000000,0.000000,0.000000,0.321554,-0.382356,-0.279148,0.124287,-0.346185,-0.276148,0.222921,-0.364270,-0.277648,0.197992,-0.392224,-0.253750,0.214268,-0.403302,-0.209676,0.243978,-0.398738,-0.251731
2026-07-20 14:21:42.428,70.499933,0.000000,0.000000,0.000000,0.321040,-0.379312,-0.278110,0.124786,-0.344290,-0.276093,0.222913,-0.361801,-0.277101,0.197786,-0.388250,-0.252664,0.214062,-0.399327,-0.208590,0.242921,-0.394558,-0.250609
2026-07-20 14:21:42.528,70.599933,0.000000,0.000000,0.000000,0.321503,-0.381363,-0.278876,0.125018,-0.346284,-0.276857,0.223260,-0.363823,-0.277866,0.197940,-0.391231,-0.253479,0.214026,-0.403258,-0.209541,0.243075,-0.397539,-0.251424
2026-07-20 14:21:42.628,70.699933,0.000000,0.000000,0.000000,0.321503,-0.381363,-0.278876,0.124083,-0.347165,-0.275981,0.222793,-0.364264,-0.277429,0.197940,-0.391231,-0.253479,0.214026,-0.403258,-0.209541,0.243075,-0.397539,-0.251424
2026-07-20 14:21:42.728,70.799932,0.000000,0.000000,0.000000,0.321503,-0.381363,-0.278876,0.125018,-0.346284,-0.276857,0.223260,-0.363823,-0.277866,0.197940,-0.391231,-0.253479,0.214026,-0.403258,-0.209541,0.242851,-0.398486,-0.251508
2026-07-20 14:21:42.828,70.899932,0.000000,0.000000,0.000000,0.321811,-0.380432,-0.278828,0.124864,-0.348258,-0.276959,0.223337,-0.364345,-0.277894,0.197940,-0.391231,-0.253479,0.214216,-0.402308,-0.209405,0.243926,-0.397745,-0.251459
2026-07-20 14:21:42.928,70.999932,0.000000,0.000000,0.000000,0.321451,-0.380369,-0.278605,0.124967,-0.345290,-0.276585,0.223209,-0.362830,-0.277595,0.197889,-0.390237,-0.253207,0.213974,-0.402264,-0.209270,0.243024,-0.396545,-0.251153
2026-07-20 14:21:43.028,71.099932,0.000000,0.000000,0.000000,0.321554,-0.382356,-0.279148,0.124992,-0.348265,-0.277179,0.223273,-0.365310,-0.278164,0.197992,-0.392224,-0.253750,0.214077,-0.404251,-0.209813,0.243127,-0.398532,-0.251696
2026-07-20 14:21:43.128,71.199932,0.000000,0.000000,0.000000,0.321656,-0.377451,-0.278013,0.124786,-0.344290,-0.276093,0.223221,-0.360871,-0.277053,0.197786,-0.388250,-0.252664,0.213871,-0.400277,-0.208726,0.243772,-0.394764,-0.250645
2026-07-20 14:21:43.228,71.299932,0.000000,0.000000,0.000000,0.321812,-0.387324,-0.280506,0.125250,-0.353233,-0.278537,0.223531,-0.370279,-0.279521,0.198249,-0.397192,-0.255108,0.214335,-0.409219,-0.211171,0.243384,-0.403501,-0.253053
2026-07-20 14:21:43.328,71.399932,0.000000,0.000000,0.000000,0.322274,-0.389375,-0.281272,0.124623,-0.355121,-0.278373,0.223448,-0.372248,-0.279823,0.198404,-0.400173,-0.255923,0.214489,-0.412200,-0.211985,0.243539,-0.406481,-0.253868
2026-07-20 14:21:43.428,71.499932,0.000000,0.000000,0.000000,0.321554,-0.382356,-0.279148,0.124211,-0.347172,-0.276201,0.222882,-0.364764,-0.277674,0.197992,-0.392224,-0.253750,0.214077,-0.404251,-0.209813,0.243127,-0.398532,-0.251696
2026-07-20 14:21:43.528,71.599932,0.000000,0.000000,0.000000,0.321862,-0.381426,-0.279100,0.124211,-0.347172,-0.276201,0.223036,-0.364299,-0.277650,0.197992,-0.392224,-0.253750,0.214077,-0.404251,-0.209813,0.243127,-0.398532,-0.251696
2026-07-20 14:21:43.628,71.699932,0.000000,0.000000,0.000000,0.321657,-0.384344,-0.279691,0.124237,-0.350146,-0.276796,0.222947,-0.367245,-0.278244,0.198095,-0.394211,-0.254293,0.214371,-0.405289,-0.210219,0.243230,-0.400520,-0.252239
2026-07-20 14:21:43.728,71.799932,0.000000,0.000000,0.000000,0.322068,-0.385400,-0.280186,0.125198,-0.352239,-0.278266,0.223633,-0.368820,-0.279226,0.198198,-0.396199,-0.254836,0.214283,-0.408226,-0.210899,0.243333,-0.402507,-0.252782
2026-07-20 14:21:43.828,71.899931,0.000000,0.000000,0.000000,0.321760,-0.386331,-0.280234,0.124417,-0.351146,-0.277287,0.223088,-0.368738,-0.278760,0.198198,-0.396199,-0.254836,0.214474,-0.407276,-0.210763,0.243333,-0.402507,-0.252782
2026-07-20 14:21:43.928,71.999931,0.000000,0.000000,0.000000,0.321709,-0.385337,-0.279962,0.124213,-0.352127,-0.277120,0.222961,-0.368732,-0.278541,0.198146,-0.395205,-0.254565,0.214232,-0.407232,-0.210627,0.244357,-0.400772,-0.252462
2026-07-20 14:21:44.028,72.099931,0.000000,0.000000,0.000000,0.321965,-0.383413,-0.279643,0.124237,-0.350146,-0.276796,0.223101,-0.366780,-0.278219,0.198095,-0.394211,-0.254293,0.214180,-0.406238,-0.210356,0.243230,-0.400520,-0.252239
2026-07-20 14:21:44.128,72.199931,0.000000,0.000000,0.000000,0.321503,-0.381363,-0.278876,0.125018,-0.346284,-0.276857,0.223260,-0.363823,-0.277866,0.197940,-0.391231,-0.253479,0.214026,-0.403258,-0.209541,0.243926,-0.397745,-0.251459
2026-07-20 14:21:44.228,72.299931,0.000000,0.000000,0.000000,0.321812,-0.387324,-0.280506,0.124456,-0.352035,-0.278450,0.223134,-0.369680,-0.279478,0.198249,-0.397192,-0.255108,0.214335,-0.409219,-0.211171,0.244235,-0.403706,-0.253089
2026-07-20 14:21:44.328,72.399931,0.000000,0.000000,0.000000,0.321195,-0.382293,-0.278924,0.124235,-0.345191,-0.275877,0.222715,-0.363742,-0.277400,0.197940,-0.391231,-0.253479,0.214026,-0.403258,-0.209541,0.243075,-0.397539,-0.251424
2026-07-20 14:21:44.428,72.499931,0.000000,0.000000,0.000000,0.321554,-0.382356,-0.279148,0.124134,-0.348159,-0.276253,0.222844,-0.365258,-0.277700,0.197992,-0.392224,-0.253750,0.214077,-0.404251,-0.209813,0.243127,-0.398532,-0.251696
2026-07-20 14:21:44.528,72.599931,0.000000,0.000000,0.000000,0.322171,-0.387387,-0.280729,0.125379,-0.353239,-0.278757,0.223775,-0.370313,-0.279743,0.198301,-0.398186,-0.255380,0.214387,-0.410213,-0.211442,0.243212,-0.405441,-0.253409
2026-07-20 14:21:44.628,72.699931,0.000000,0.000000,0.000000,0.321657,-0.384344,-0.279691,0.124314,-0.349159,-0.276744,0.222985,-0.366751,-0.278217,0.198095,-0.394211,-0.254293,0.214371,-0.405289,-0.210219,0.244081,-0.400725,-0.252274
2026-07-20 14:21:44.728,72.799931,0.000000,0.000000,0.000000,0.321451,-0.380369,-0.278605,0.124889,-0.346277,-0.276636,0.223170,-0.363323,-0.277620,0.197889,-0.390237,-0.253207,0.213974,-0.402264,-0.209270,0.243875,-0.396751,-0.251188
2026-07-20 14:21:44.828,72.899930,0.000000,0.000000,0.000000,0.321657,-0.384344,-0.279691,0.124314,-0.349159,-0.276744,0.222985,-0.366751,-0.278217,0.198095,-0.394211,-0.254293,0.214180,-0.406238,-0.210356,0.243230,-0.400520,-0.252239
2026-07-20 14:21:44.928,72.999930,0.000000,0.000000,0.000000,0.321554,-0.382356,-0.279148,0.124211,-0.347172,-0.276201,0.222882,-0.364764,-0.277674,0.197992,-0.392224,-0.253750,0.214077,-0.404251,-0.209813,0.243127,-0.398532,-0.251696
2026-07-20 14:21:45.028,73.099930,0.000000,0.000000,0.000000,0.321812,-0.387324,-0.280506,0.124468,-0.352140,-0.277558,0.223140,-0.369732,-0.279032,0.198249,-0.397192,-0.255108,0.214335,-0.409219,-0.211171,0.243384,-0.403501,-0.253053
2026-07-20 14:21:45.128,73.199930,0.000000,0.000000,0.000000,0.321503,-0.381363,-0.278876,0.124083,-0.347165,-0.275981,0.222793,-0.364264,-0.277429,0.197940,-0.391231,-0.253479,0.214026,-0.403258,-0.209541,0.242851,-0.398486,-0.251508
2026-07-20 14:21:45.228,73.299930,0.000000,0.000000,0.000000,0.321503,-0.381363,-0.278876,0.124159,-0.346178,-0.275929,0.222831,-0.363770,-0.277403,0.197940,-0.391231,-0.253479,0.214026,-0.403258,-0.209541,0.243926,-0.397745,-0.251459
2026-07-20 14:21:45.328,73.399930,0.000000,0.000000,0.000000,0.321812,-0.387324,-0.280506,0.125404,-0.351259,-0.278435,0.223608,-0.369292,-0.279470,0.198249,-0.397192,-0.255108,0.214335,-0.409219,-0.211171,0.243384,-0.403501,-0.253053
2026-07-20 14:21:45.428,73.499930,0.000000,0.000000,0.000000,0.321811,-0.380432,-0.278828,0.124083,-0.347165,-0.275981,0.222947,-0.363799,-0.277405,0.197940,-0.391231,-0.253479,0.214026,-0.403258,-0.209541,0.243926,-0.397745,-0.251459
2026-07-20 14:21:45.528,73.599930,0.000000,0.000000,0.000000,0.321657,-0.384344,-0.279691,0.125173,-0.349265,-0.277671,0.223415,-0.366804,-0.278681,0.198095,-0.394211,-0.254293,0.214180,-0.406238,-0.210356,0.244305,-0.399779,-0.252190
2026-07-20 14:21:45.628,73.699930,0.000000,0.000000,0.000000,0.322018,-0.391299,-0.281592,0.124674,-0.356114,-0.278645,0.223346,-0.373707,-0.280118,0.198455,-0.401167,-0.256194,0.214541,-0.413194,-0.212257,0.243590,-0.407475,-0.254140
2026-07-20 14:21:45.728,73.799930,0.000000,0.000000,0.000000,0.321605,-0.376458,-0.277742,0.123953,-0.342204,-0.274843,0.222779,-0.359331,-0.276292,0.197565,-0.388217,-0.252474,0.213820,-0.399283,-0.208455,0.242869,-0.393564,-0.250338
2026-07-20 14:21:45.828,73.899930,0.000000,0.000000,0.000000,0.321246,-0.383287,-0.279196,0.124211,-0.347172,-0.276201,0.222728,-0.365229,-0.277698,0.197992,-0.392224,-0.253750,0.214268,-0.403302,-0.209676,0.243978,-0.398738,-0.251731
2026-07-20 14:21:45.928,73.999929,0.000000,0.000000,0.000000,0.318370,-0.401222,-0.250230,0.120986,-0.366734,-0.248658,0.219678,-0.383978,-0.249444,0.194968,-0.409052,-0.223382,0.211329,-0.417765,-0.178770,0.241189,-0.414485,-0.221161
2026-07-20 14:21:46.028,74.099929,0.000000,0.000000,0.000000,0.321760,-0.386331,-0.280234,0.124340,-0.352133,-0.277339,0.223050,-0.369232,-0.278787,0.198198,-0.396199,-0.254836,0.214283,-0.408226,-0.210899,0.243333,-0.402507,-0.252782
2026-07-20 14:21:46.128,74.199929,0.000000,0.000000,0.000000,0.321606,-0.383350,-0.279419,0.124262,-0.348165,-0.276472,0.222934,-0.365758,-0.277946,0.198043,-0.393218,-0.254022,0.214319,-0.404295,-0.209948,0.244029,-0.399732,-0.252003
2026-07-20 14:21:46.228,74.299929,0.000000,0.000000,0.000000,0.321606,-0.383350,-0.279419,0.124262,-0.348165,-0.276472,0.222934,-0.365758,-0.277946,0.198043,-0.393218,-0.254022,0.214129,-0.405245,-0.210084,0.243178,-0.399526,-0.251967
2026-07-20 14:21:46.328,74.399929,0.000000,0.000000,0.000000,0.321451,-0.380369,-0.278605,0.124967,-0.345290,-0.276585,0.223209,-0.362830,-0.277595,0.197889,-0.390237,-0.253207,0.213974,-0.402264,-0.209270,0.243875,-0.396751,-0.251188
2026-07-20 14:21:46.428,74.499929,0.000000,0.000000,0.000000,0.321606,-0.383350,-0.279419,0.125121,-0.348271,-0.277400,0.223363,-0.365811,-0.278409,0.198043,-0.393218,-0.254022,0.214129,-0.405245,-0.210084,0.244029,-0.399732,-0.252003
2026-07-20 14:21:46.528,74.599929,0.000000,0.000000,0.000000,0.321657,-0.384344,-0.279691,0.125173,-0.349265,-0.277671,0.223415,-0.366804,-0.278681,0.198095,-0.394211,-0.254293,0.214180,-0.406238,-0.210356,0.243230,-0.400520,-0.252239
2026-07-20 14:21:46.628,74.699929,0.000000,0.000000,0.000000,0.321657,-0.384344,-0.279691,0.125173,-0.349265,-0.277671,0.223415,-0.366804,-0.278681,0.198095,-0.394211,-0.254293,0.214180,-0.406238,-0.210356,0.243230,-0.400520,-0.252239
2026-07-20 14:21:46.728,74.799929,0.000000,0.000000,0.000000,0.329131,-0.370049,-0.283314,0.131081,-0.339655,-0.281070,0.230106,-0.354852,-0.282192,0.205630,-0.382695,-0.258865,0.221681,-0.395172,-0.215040,0.250864,-0.388181,-0.256636
2026-07-20 14:21:46.828,74.899929,0.000000,0.000000,0.000000,0.321503,-0.381363,-0.278876,0.125018,-0.346284,-0.276857,0.223260,-0.363823,-0.277866,0.197940,-0.391231,-0.253479,0.214216,-0.402308,-0.209405,0.243075,-0.397539,-0.251424
2026-07-20 14:21:46.928,74.999928,0.000000,0.000000,0.000000,0.321812,-0.387324,-0.280506,0.124468,-0.352140,-0.277558,0.223140,-0.369732,-0.279032,0.198249,-0.397192,-0.255108,0.214335,-0.409219,-0.211171,0.243384,-0.403501,-0.253053
2026-07-20 14:21:47.028,75.099928,0.000000,0.000000,0.000000,0.321657,-0.384344,-0.279691,0.125250,-0.348278,-0.277620,0.223454,-0.366311,-0.278655,0.198095,-0.394211,-0.254293,0.214180,-0.406238,-0.210356,0.243230,-0.400520,-0.252239
2026-07-20 14:21:47.128,75.199928,0.000000,0.000000,0.000000,0.321606,-0.383350,-0.279419,0.125121,-0.348271,-0.277400,0.223363,-0.365811,-0.278409,0.198043,-0.393218,-0.254022,0.214129,-0.405245,-0.210084,0.243178,-0.399526,-0.251967
2026-07-20 14:21:47.228,75.299928,0.000000,0.000000,0.000000,0.321503,-0.381363,-0.278876,0.124083,-0.347165,-0.275981,0.222793,-0.364264,-0.277429,0.197940,-0.391231,-0.253479,0.214216,-0.402308,-0.209405,0.243075,-0.397539,-0.251424
2026-07-20 14:21:47.328,75.399928,0.000000,0.000000,0.000000,0.321862,-0.381426,-0.279100,0.125070,-0.347278,-0.277128,0.223466,-0.364352,-0.278114,0.197992,-0.392224,-0.253750,0.214077,-0.404251,-0.209813,0.243978,-0.398738,-0.251731
2026-07-20 14:21:47.428,75.499928,0.000000,0.000000,0.000000,0.321760,-0.386331,-0.280234,0.124340,-0.352133,-0.277339,0.223050,-0.369232,-0.278787,0.198198,-0.396199,-0.254836,0.214474,-0.407276,-0.210763,0.243333,-0.402507,-0.252782
2026-07-20 14:21:47.528,75.599928,0.000000,0.000000,0.000000,0.321657,-0.384344,-0.279691,0.125095,-0.350252,-0.277723,0.223376,-0.367298,-0.278707,0.198095,-0.394211,-0.254293,0.214180,-0.406238,-0.210356,0.243006,-0.401467,-0.252322
2026-07-20 14:21:47.628,75.699928,0.000000,0.000000,0.000000,0.321657,-0.384344,-0.279691,0.124237,-0.350146,-0.276796,0.222947,-0.367245,-0.278244,0.198095,-0.394211,-0.254293,0.214180,-0.406238,-0.210356,0.243230,-0.400520,-0.252239
2026-07-20 14:21:47.728,75.799928,0.000000,0.000000,0.000000,0.321503,-0.381363,-0.278876,0.125018,-0.346284,-0.276857,0.223260,-0.363823,-0.277866,0.197940,-0.391231,-0.253479,0.214216,-0.402308,-0.209405,0.243075,-0.397539,-0.251424
2026-07-20 14:21:47.828,75.899928,0.000000,0.000000,0.000000,0.318776,-0.402312,-0.250644,0.121159,-0.367768,-0.249071,0.219968,-0.385040,-0.249858,0.195065,-0.411074,-0.223774,0.211426,-0.419787,-0.179161,0.240210,-0.417249,-0.221537
2026-07-20 14:21:47.928,75.999928,0.000000,0.000000,0.000000,0.321760,-0.386331,-0.280234,0.125121,-0.353226,-0.278317,0.223441,-0.369778,-0.279275,0.198198,-0.396199,-0.254836,0.214283,-0.408226,-0.210899,0.243333,-0.402507,-0.252782
2026-07-20 14:21:48.028,76.099927,0.000000,0.000000,0.000000,0.321400,-0.379375,-0.278333,0.124132,-0.343204,-0.275333,0.222766,-0.361290,-0.276833,0.197837,-0.389243,-0.252935,0.213923,-0.401270,-0.208998,0.242972,-0.395552,-0.250881
2026-07-20 14:21:48.128,76.199927,0.000000,0.000000,0.000000,0.321657,-0.384344,-0.279691,0.125095,-0.350252,-0.277723,0.223376,-0.367298,-0.278707,0.197925,-0.395172,-0.254375,0.214371,-0.405289,-0.210219,0.244081,-0.400725,-0.252274
2026-07-20 14:21:48.228,76.299927,0.000000,0.000000,0.000000,0.321812,-0.387324,-0.280506,0.124544,-0.351153,-0.277506,0.223178,-0.369239,-0.279006,0.198249,-0.397192,-0.255108,0.214335,-0.409219,-0.211171,0.243384,-0.403501,-0.253053
2026-07-20 14:21:48.328,76.399927,0.000000,0.000000,0.000000,0.321348,-0.378382,-0.278061,0.124864,-0.343303,-0.276042,0.223106,-0.360843,-0.277052,0.197786,-0.388250,-0.252664,0.213871,-0.400277,-0.208726,0.242697,-0.395505,-0.250693
2026-07-20 14:21:48.428,76.499927,0.000000,0.000000,0.000000,0.321811,-0.380432,-0.278828,0.124083,-0.347165,-0.275981,0.222947,-0.363799,-0.277405,0.197771,-0.392191,-0.253560,0.214216,-0.402308,-0.209405,0.243075,-0.397539,-0.251424
2026-07-20 14:21:48.528,76.599927,0.000000,0.000000,0.000000,0.321503,-0.381363,-0.278876,0.124941,-0.347271,-0.276908,0.223222,-0.364317,-0.277892,0.197940,-0.391231,-0.253479,0.214026,-0.403258,-0.209541,0.243075,-0.397539,-0.251424
2026-07-20 14:21:48.628,76.699927,0.000000,0.000000,0.000000,0.321812,-0.387324,-0.280506,0.125327,-0.352246,-0.278486,0.223569,-0.369785,-0.279496,0.198249,-0.397192,-0.255108,0.214335,-0.409219,-0.211171,0.243384,-0.403501,-0.253053
2026-07-20 14:21:48.728,76.799927,0.000000,0.000000,0.000000,0.321812,-0.387324,-0.280506,0.124468,-0.352140,-0.277558,0.223140,-0.369732,-0.279032,0.198249,-0.397192,-0.255108,0.214335,-0.409219,-0.211171,0.243384,-0.403501,-0.253053
2026-07-20 14:21:48.828,76.899927,0.000000,0.000000,0.000000,0.321195,-0.382293,-0.278924,0.124159,-0.346178,-0.275929,0.222677,-0.364236,-0.277427,0.197940,-0.391231,-0.253479,0.214216,-0.402308,-0.209405,0.243926,-0.397745,-0.251459
2026-07-20 14:21:48.928,76.999927,0.000000,0.000000,0.000000,0.321708,-0.378445,-0.278285,0.124992,-0.343310,-0.276262,0.223350,-0.360877,-0.277273,0.197837,-0.389243,-0.252935,0.213923,-0.401270,-0.208998,0.244048,-0.394810,-0.250833
2026-07-20 14:21:49.028,77.099926,0.000000,0.000000,0.000000,0.321811,-0.380432,-0.278828,0.124941,-0.347271,-0.276908,0.223376,-0.363852,-0.277868,0.197940,-0.391231,-0.253479,0.214216,-0.402308,-0.209405,0.242851,-0.398486,-0.251508
2026-07-20 14:21:49.128,77.199926,0.000000,0.000000,0.000000,0.321451,-0.380369,-0.278605,0.124967,-0.345290,-0.276585,0.223209,-0.362830,-0.277595,0.197889,-0.390237,-0.253207,0.213974,-0.402264,-0.209270,0.243024,-0.396545,-0.251153
2026-07-20 14:21:49.228,77.299926,0.000000,0.000000,0.000000,0.321657,-0.384344,-0.279691,0.124314,-0.349159,-0.276744,0.222985,-0.366751,-0.278217,0.198095,-0.394211,-0.254293,0.214180,-0.406238,-0.210356,0.243230,-0.400520,-0.252239
2026-07-20 14:21:49.328,77.399926,0.000000,0.000000,0.000000,0.321657,-0.384344,-0.279691,0.124302,-0.349054,-0.277635,0.222980,-0.366699,-0.278663,0.198095,-0.394211,-0.254293,0.214180,-0.406238,-0.210356,0.244081,-0.400725,-0.252274
2026-07-20 14:21:49.428,77.499926,0.000000,0.000000,0.000000,0.321503,-0.381363,-0.278876,0.124083,-0.347165,-0.275981,0.222793,-0.364264,-0.277429,0.197940,-0.391231,-0.253479,0.214216,-0.402308,-0.209405,0.243926,-0.397745,-0.251459
2026-07-20 14:21:49.528,77.599926,0.000000,0.000000,0.000000,0.321915,-0.389312,-0.281049,0.124571,-0.354127,-0.278102,0.223243,-0.371719,-0.279575,0.198352,-0.399180,-0.255651,0.214438,-0.411207,-0.211714,0.244338,-0.405694,-0.253632
2026-07-20 14:21:49.628,77.699926,0.000000,0.000000,0.000000,0.321554,-0.382356,-0.279148,0.124915,-0.349252,-0.277231,0.223235,-0.365804,-0.278189,0.197992,-0.392224,-0.253750,0.214268,-0.403302,-0.209676,0.243127,-0.398532,-0.251696
2026-07-20 14:21:49.728,77.799926,0.000000,0.000000,0.000000,0.321606,-0.383350,-0.279419,0.124186,-0.349153,-0.276525,0.222896,-0.366251,-0.277972,0.198043,-0.393218,-0.254022,0.214319,-0.404295,-0.209948,0.243178,-0.399526,-0.251967
2026-07-20 14:21:49.828,77.899926,0.000000,0.000000,0.000000,0.321400,-0.379375,-0.278333,0.123980,-0.345178,-0.275438,0.222690,-0.362277,-0.276886,0.197668,-0.390204,-0.253017,0.213923,-0.401270,-0.208998,0.242748,-0.396499,-0.250965
2026-07-20 14:21:49.928,77.999926,0.000000,0.000000,0.000000,0.322017,-0.384407,-0.279914,0.125224,-0.350258,-0.277943,0.223620,-0.367332,-0.278929,0.198146,-0.395205,-0.254565,0.214232,-0.407232,-0.210627,0.243281,-0.401513,-0.252510
2026-07-20 14:21:50.028,78.099926,0.000000,0.000000,0.000000,0.321246,-0.383287,-0.279196,0.124287,-0.346185,-0.276148,0.222767,-0.364736,-0.277672,0.197992,-0.392224,-0.253750,0.214077,-0.404251,-0.209813,0.243127,-0.398532,-0.251696
2026-07-20 14:21:50.128,78.199925,0.000000,0.000000,0.000000,0.321503,-0.381363,-0.278876,0.124941,-0.347271,-0.276908,0.223222,-0.364317,-0.277892,0.197940,-0.391231,-0.253479,0.214216,-0.402308,-0.209405,0.243075,-0.397539,-0.251424
2026-07-20 14:21:50.228,78.299925,0.000000,0.000000,0.000000,0.321555,-0.389248,-0.280825,0.125379,-0.353239,-0.278757,0.223467,-0.371244,-0.279791,0.198131,-0.399147,-0.255461,0.214387,-0.410213,-0.211442,0.243436,-0.404494,-0.253325
2026-07-20 14:21:50.328,78.399925,0.000000,0.000000,0.000000,0.321606,-0.383350,-0.279419,0.124186,-0.349153,-0.276525,0.222896,-0.366251,-0.277972,0.198043,-0.393218,-0.254022,0.214129,-0.405245,-0.210084,0.243066,-0.400000,-0.252009
2026-07-20 14:21:50.428,78.499925,0.000000,0.000000,0.000000,0.321657,-0.384344,-0.279691,0.124314,-0.349159,-0.276744,0.222985,-0.366751,-0.278217,0.198095,-0.394211,-0.254293,0.214180,-0.406238,-0.210356,0.243230,-0.400520,-0.252239
2026-07-20 14:21:50.528,78.599925,0.000000,0.000000,0.000000,0.321606,-0.383350,-0.279419,0.124262,-0.348165,-0.276472,0.222934,-0.365758,-0.277946,0.198043,-0.393218,-0.254022,0.214129,-0.405245,-0.210084,0.242954,-0.400473,-0.252051
2026-07-20 14:21:50.628,78.699925,0.000000,0.000000,0.000000,0.321708,-0.378445,-0.278285,0.124915,-0.344297,-0.276313,0.223311,-0.361371,-0.277299,0.197837,-0.389243,-0.252935,0.214113,-0.400321,-0.208862,0.242972,-0.395552,-0.250881
2026-07-20 14:21:50.728,78.799925,0.000000,0.000000,0.000000,0.321503,-0.381363,-0.278876,0.124159,-0.346178,-0.275929,0.222831,-0.363770,-0.277403,0.197940,-0.391231,-0.253479,0.214026,-0.403258,-0.209541,0.243075,-0.397539,-0.251424
2026-07-20 14:21:50.828,78.899925,0.000000,0.000000,0.000000,0.321709,-0.385337,-0.279962,0.124289,-0.351140,-0.277068,0.222999,-0.368238,-0.278515,0.198146,-0.395205,-0.254565,0.214232,-0.407232,-0.210627,0.243281,-0.401513,-0.252510
2026-07-20 14:21:50.928,78.999925,0.000000,0.000000,0.000000,0.321554,-0.382356,-0.279148,0.124992,-0.348265,-0.277179,0.223273,-0.365310,-0.278164,0.197822,-0.393185,-0.253832,0.214077,-0.404251,-0.209813,0.243978,-0.398738,-0.251731
2026-07-20 14:21:51.028,79.099925,0.000000,0.000000,0.000000,0.321812,-0.387324,-0.280506,0.125250,-0.353233,-0.278537,0.223531,-0.370279,-0.279521,0.198249,-0.397192,-0.255108,0.214335,-0.409219,-0.211171,0.243384,-0.403501,-0.253053
2026-07-20 14:21:51.128,79.199924,0.000000,0.000000,0.000000,0.321606,-0.383350,-0.279419,0.124186,-0.349153,-0.276525,0.222896,-0.366251,-0.277972,0.198043,-0.393218,-0.254022,0.214129,-0.405245,-0.210084,0.244029,-0.399732,-0.252003
2026-07-20 14:21:51.228,79.299924,0.000000,0.000000,0.000000,0.321811,-0.380432,-0.278828,0.124235,-0.345191,-0.275877,0.223023,-0.362812,-0.277352,0.197940,-0.391231,-0.253479,0.214026,-0.403258,-0.209541,0.243075,-0.397539,-0.251424
2026-07-20 14:21:51.328,79.399924,0.000000,0.000000,0.000000,0.321709,-0.385337,-0.279962,0.125224,-0.350258,-0.277943,0.223466,-0.367798,-0.278953,0.198146,-0.395205,-0.254565,0.214232,-0.407232,-0.210627,0.243281,-0.401513,-0.252510
2026-07-20 14:21:51.428,79.499924,0.000000,0.000000,0.000000,0.321554,-0.382356,-0.279148,0.124134,-0.348159,-0.276253,0.222844,-0.365258,-0.277700,0.197992,-0.392224,-0.253750,0.214077,-0.404251,-0.209813,0.244202,-0.397791,-0.251647
2026-07-20 14:21:51.528,79.599924,0.000000,0.000000,0.000000,0.321298,-0.384280,-0.279467,0.124262,-0.348165,-0.276472,0.222780,-0.366223,-0.277970,0.198043,-0.393218,-0.254022,0.214129,-0.405245,-0.210084,0.242954,-0.400473,-0.252051
2026-07-20 14:21:51.628,79.699924,0.000000,0.000000,0.000000,0.321400,-0.379375,-0.278333,0.124915,-0.344297,-0.276313,0.223157,-0.361836,-0.277323,0.197837,-0.389243,-0.252935,0.214113,-0.400321,-0.208862,0.243823,-0.395757,-0.250916
2026-07-20 14:21:51.728,79.799924,0.000000,0.000000,0.000000,0.321246,-0.383287,-0.279196,0.124134,-0.348159,-0.276253,0.222690,-0.365723,-0.277724,0.197992,-0.392224,-0.253750,0.214268,-0.403302,-0.209676,0.243127,-0.398532,-0.251696
2026-07-20 14:21:51.828,79.899924,0.000000,0.000000,0.000000,0.322120,-0.386394,-0.280457,0.125250,-0.353233,-0.278537,0.223685,-0.369813,-0.279497,0.198249,-0.397192,-0.255108,0.214335,-0.409219,-0.211171,0.243384,-0.403501,-0.253053
2026-07-20 14:21:51.928,79.999924,0.000000,0.000000,0.000000,0.322120,-0.386394,-0.280457,0.124392,-0.353127,-0.277611,0.223256,-0.369760,-0.279034,0.198249,-0.397192,-0.255108,0.214335,-0.409219,-0.211171,0.244235,-0.403706,-0.253089
2026-07-20 14:21:52.028,80.099924,0.000000,0.000000,0.000000,0.321811,-0.380432,-0.278828,0.125018,-0.346284,-0.276857,0.223414,-0.363358,-0.277842,0.197771,-0.392191,-0.253560,0.214216,-0.402308,-0.209405,0.243075,-0.397539,-0.251424
2026-07-20 14:21:52.128,80.199924,0.000000,0.000000,0.000000,0.321606,-0.383350,-0.279419,0.124262,-0.348165,-0.276472,0.222934,-0.365758,-0.277946,0.197874,-0.394179,-0.254103,0.214129,-0.405245,-0.210084,0.244029,-0.399732,-0.252003
2026-07-20 14:21:52.228,80.299923,0.000000,0.000000,0.000000,0.321812,-0.387324,-0.280506,0.124316,-0.354114,-0.277663,0.223064,-0.370719,-0.279084,0.198080,-0.398153,-0.255190,0.214335,-0.409219,-0.211171,0.244235,-0.403706,-0.253089
2026-07-20 14:21:52.328,80.399923,0.000000,0.000000,0.000000,0.321709,-0.385337,-0.279962,0.124365,-0.350153,-0.277015,0.223037,-0.367745,-0.278489,0.198146,-0.395205,-0.254565,0.214232,-0.407232,-0.210627,0.243281,-0.401513,-0.252510
2026-07-20 14:21:52.428,80.499923,0.000000,0.000000,0.000000,0.321503,-0.381363,-0.278876,0.124864,-0.348258,-0.276959,0.223183,-0.364810,-0.277918,0.197940,-0.391231,-0.253479,0.214026,-0.403258,-0.209541,0.243075,-0.397539,-0.251424
2026-07-20 14:21:52.528,80.599923,0.000000,0.000000,0.000000,0.321657,-0.384344,-0.279691,0.124314,-0.349159,-0.276744,0.222985,-0.366751,-0.278217,0.198095,-0.394211,-0.254293,0.214180,-0.406238,-0.210356,0.244081,-0.400725,-0.252274
2026-07-20 14:21:52.628,80.699923,0.000000,0.000000,0.000000,0.321554,-0.382356,-0.279148,0.124134,-0.348159,-0.276253,0.222844,-0.365258,-0.277700,0.197992,-0.392224,-0.253750,0.214077,-0.404251,-0.209813,0.243127,-0.398532,-0.251696
2026-07-20 14:21:52.728,80.799923,0.000000,0.000000,0.000000,0.321606,-0.383350,-0.279419,0.125198,-0.347284,-0.277348,0.223402,-0.365317,-0.278384,0.198043,-0.393218,-0.254022,0.214129,-0.405245,-0.210084,0.244029,-0.399732,-0.252003
2026-07-20 14:21:52.828,80.899923,0.000000,0.000000,0.000000,0.321503,-0.381363,-0.278876,0.124941,-0.347271,-0.276908,0.223222,-0.364317,-0.277892,0.197940,-0.391231,-0.253479,0.214026,-0.403258,-0.209541,0.243075,-0.397539,-0.251424
