Format Version,1.23,Take Name,MDC_data_1784521878,Take Notes,,Capture Frame Rate,10,Export Frame Rate,10,Capture Start Time,2026-07-20 02:31:28 PM,Total Frames in Take,,Total Exported Frames,,Rotation Type,XYZ,Length Units,Meters,Coordinate Space,Global

,Type,Rigid Body Marker,Rigid Body Marker,Rigid Body Marker,Rigid Body Marker,Rigid Body Marker,Rigid Body Marker,Rigid Body Marker,Rigid Body Marker,Rigid Body Marker,Rigid Body Marker,Rigid Body Marker,Rigid Body Marker,Marker,Marker,Marker,Marker,Marker,Marker,Marker,Marker,Marker
,Name,Tag0,Tag0,Tag0,Tag1,Tag1,Tag1,Tag2,Tag2,Tag2,Midpoint,Midpoint,Midpoint,Purple,Purple,Purple,Pink,Pink,Pink,Green,Green,Green
,ID,Tag0,Tag0,Tag0,Tag1,Tag1,Tag1,Tag2,Tag2,Tag2,Midpoint,Midpoint,Midpoint,Purple,Purple,Purple,Pink,Pink,Pink,Green,Green,Green
,,Position,Position,Position,Position,Position,Position,Position,Position,Position,Position,Position,Position,Position,Position,Position,Position,Position,Position,Position,Position,Position
Timestamp,Time (Seconds),X,Y,Z,X,Y,Z,X,Y,Z,X,Y,Z,X,Y,Z,X,Y,Z,X,Y,Z
2026-07-20 14:31:28.800,0.000000,0.000000,0.000000,0.000000,0.319967,-0.386741,-0.277952,0.124794,-0.354190,-0.277014,0.222381,-0.370466,-0.277483,0.197509,-0.397403,-0.254546,0.213513,-0.409448,-0.210804,0.242480,-0.403570,-0.252490
2026-07-20 14:31:28.900,0.100000,0.000000,0.000000,0.000000,0.321047,-0.390902,-0.279999,0.124294,-0.356021,-0.277979,0.222671,-0.373462,-0.278989,0.197719,-0.401457,-0.255654,0.213723,-0.413502,-0.211912,0.242690,-0.407624,-0.253598
2026-07-20 14:31:29.000,0.200000,0.000000,0.000000,0.000000,0.321021,-0.390396,-0.279860,0.124179,-0.356417,-0.278781,0.222600,-0.373406,-0.279321,0.197520,-0.401930,-0.255599,0.213708,-0.413096,-0.210915,0.242664,-0.407117,-0.253459
2026-07-20 14:31:29.100,0.300000,0.000000,0.000000,0.000000,0.320890,-0.387862,-0.279168,0.123892,-0.355897,-0.278193,0.222391,-0.371879,-0.278680,0.197561,-0.398417,-0.254823,0.213565,-0.410462,-0.211081,0.242533,-0.404583,-0.252767
2026-07-20 14:31:29.200,0.400000,0.000000,0.000000,0.000000,0.320020,-0.387755,-0.278229,0.124925,-0.354197,-0.277237,0.222473,-0.370976,-0.277733,0.197561,-0.398417,-0.254823,0.213759,-0.409493,-0.210942,0.242533,-0.404583,-0.252767
2026-07-20 14:31:29.300,0.500000,0.000000,0.000000,0.000000,0.321047,-0.390902,-0.279999,0.125083,-0.357237,-0.278068,0.223065,-0.374070,-0.279033,0.197719,-0.401457,-0.255654,0.213723,-0.413502,-0.211912,0.242690,-0.407624,-0.253598
2026-07-20 14:31:29.400,0.599999,0.000000,0.000000,0.000000,0.320020,-0.387755,-0.278229,0.124047,-0.353883,-0.278088,0.222034,-0.370819,-0.278159,0.197561,-0.398417,-0.254823,0.213577,-0.410563,-0.210222,0.242761,-0.403617,-0.252682
2026-07-20 14:31:29.500,0.699999,0.000000,0.000000,0.000000,0.321100,-0.391916,-0.280276,0.124257,-0.357937,-0.279196,0.222679,-0.374926,-0.279736,0.197771,-0.402471,-0.255931,0.213775,-0.414516,-0.212189,0.242743,-0.408637,-0.253875
2026-07-20 14:31:29.600,0.799999,0.000000,0.000000,0.000000,0.320995,-0.389889,-0.279722,0.124075,-0.356917,-0.278695,0.222535,-0.373403,-0.279208,0.197666,-0.400444,-0.255377,0.213876,-0.411621,-0.210636,0.242638,-0.406610,-0.253321
2026-07-20 14:31:29.700,0.899999,0.000000,0.000000,0.000000,0.320333,-0.386806,-0.278177,0.124047,-0.353883,-0.278088,0.222190,-0.370344,-0.278133,0.197388,-0.399397,-0.254906,0.213565,-0.410462,-0.211081,0.242533,-0.404583,-0.252767
2026-07-20 14:31:29.800,0.999999,0.000000,0.000000,0.000000,0.319915,-0.385728,-0.277675,0.123942,-0.351856,-0.277534,0.221929,-0.368792,-0.277605,0.197283,-0.397370,-0.254352,0.213665,-0.407567,-0.209528,0.242428,-0.402556,-0.252213
2026-07-20 14:31:29.900,1.099999,0.000000,0.000000,0.000000,0.320995,-0.389889,-0.279722,0.124075,-0.356917,-0.278695,0.222535,-0.373403,-0.279208,0.197493,-0.401424,-0.255460,0.213682,-0.412590,-0.210777,0.242638,-0.406610,-0.253321
2026-07-20 14:31:30.000,1.199999,0.000000,0.000000,0.000000,0.320523,-0.387797,-0.278941,0.124006,-0.352974,-0.276924,0.222265,-0.370385,-0.277933,0.197509,-0.397403,-0.254546,0.213513,-0.409448,-0.210804,0.242480,-0.403570,-0.252490
2026-07-20 14:31:30.100,1.299999,0.000000,0.000000,0.000000,0.320073,-0.388768,-0.278506,0.124100,-0.354896,-0.278365,0.222086,-0.371832,-0.278436,0.197441,-0.400410,-0.255183,0.213629,-0.411576,-0.210499,0.242597,-0.405699,-0.252176
2026-07-20 14:31:30.200,1.399999,0.000000,0.000000,0.000000,0.320166,-0.390689,-0.279962,0.124205,-0.356923,-0.278919,0.222185,-0.373806,-0.279441,0.197546,-0.402437,-0.255737,0.213734,-0.413603,-0.211053,0.242702,-0.407726,-0.252730
2026-07-20 14:31:30.300,1.499999,0.000000,0.000000,0.000000,0.320890,-0.387862,-0.279168,0.124847,-0.355204,-0.277291,0.222868,-0.371533,-0.278229,0.197573,-0.398518,-0.253961,0.213577,-0.410563,-0.210222,0.242544,-0.404685,-0.251899
2026-07-20 14:31:30.400,1.599998,0.000000,0.000000,0.000000,0.320994,-0.382859,-0.278009,0.123915,-0.348822,-0.276928,0.222454,-0.365840,-0.277469,0.197178,-0.395343,-0.253798,0.213355,-0.406408,-0.209973,0.242334,-0.400631,-0.250791
2026-07-20 14:31:30.500,1.699998,0.000000,0.000000,0.000000,0.320438,-0.388833,-0.278731,0.124152,-0.355910,-0.278642,0.222295,-0.372371,-0.278687,0.197493,-0.401424,-0.255460,0.213864,-0.411520,-0.211496,0.242649,-0.406712,-0.252454
2026-07-20 14:31:30.600,1.799998,0.000000,0.000000,0.000000,0.320995,-0.389889,-0.279722,0.124230,-0.354903,-0.278590,0.222612,-0.372396,-0.279156,0.197493,-0.401424,-0.255460,0.213670,-0.412489,-0.211635,0.242638,-0.406610,-0.253321
2026-07-20 14:31:30.700,1.899998,0.000000,0.000000,0.000000,0.321361,-0.389953,-0.279948,0.124205,-0.356923,-0.278919,0.222783,-0.373438,-0.279434,0.197546,-0.402437,-0.255737,0.213734,-0.413603,-0.211053,0.242690,-0.407624,-0.253598
2026-07-20 14:31:30.800,1.999998,0.000000,0.000000,0.000000,0.321256,-0.387926,-0.279394,0.124978,-0.355210,-0.277514,0.223117,-0.371568,-0.278454,0.197441,-0.400410,-0.255183,0.213823,-0.410608,-0.210359,0.242585,-0.405597,-0.253044
2026-07-20 14:31:30.900,2.099998,0.000000,0.000000,0.000000,0.320890,-0.387862,-0.279168,0.123970,-0.354890,-0.278141,0.222430,-0.371376,-0.278654,0.197561,-0.398417,-0.254823,0.213565,-0.410462,-0.211081,0.242544,-0.404685,-0.251899
2026-07-20 14:31:31.000,2.199998,0.000000,0.000000,0.000000,0.321047,-0.390902,-0.279999,0.124205,-0.356923,-0.278919,0.222626,-0.373913,-0.279459,0.197719,-0.401457,-0.255654,0.213734,-0.413603,-0.211053,0.242690,-0.407624,-0.253598
2026-07-20 14:31:31.100,2.299998,0.000000,0.000000,0.000000,0.320837,-0.386848,-0.278891,0.124006,-0.352974,-0.276924,0.222422,-0.369911,-0.277907,0.197336,-0.398383,-0.254629,0.213524,-0.409549,-0.209945,0.242480,-0.403570,-0.252490
2026-07-20 14:31:31.200,2.399998,0.000000,0.000000,0.000000,0.320901,-0.387968,-0.278265,0.124047,-0.353883,-0.278088,0.222474,-0.370925,-0.278177,0.197388,-0.399397,-0.254906,0.213577,-0.410563,-0.210222,0.242544,-0.404685,-0.251899
2026-07-20 14:31:31.300,2.499998,0.000000,0.000000,0.000000,0.320125,-0.389782,-0.278783,0.124152,-0.355910,-0.278642,0.222139,-0.372846,-0.278713,0.197666,-0.400444,-0.255377,0.213670,-0.412489,-0.211635,0.242638,-0.406610,-0.253321
2026-07-20 14:31:31.400,2.599998,0.000000,0.000000,0.000000,0.321047,-0.390902,-0.279999,0.124205,-0.356923,-0.278919,0.222626,-0.373913,-0.279459,0.197546,-0.402437,-0.255737,0.213928,-0.412635,-0.210913,0.242702,-0.407726,-0.252730
2026-07-20 14:31:31.500,2.699997,0.000000,0.000000,0.000000,0.321205,-0.393943,-0.280830,0.124362,-0.359964,-0.279750,0.222784,-0.376953,-0.280290,0.197876,-0.404498,-0.256485,0.213881,-0.416543,-0.212743,0.242848,-0.410664,-0.254429
2026-07-20 14:31:31.600,2.799997,0.000000,0.000000,0.000000,0.321100,-0.391916,-0.280276,0.124257,-0.357937,-0.279196,0.222679,-0.374926,-0.279736,0.197599,-0.403451,-0.256014,0.213981,-0.413648,-0.211190,0.242754,-0.408739,-0.253008
2026-07-20 14:31:31.700,2.899997,0.000000,0.000000,0.000000,0.320615,-0.382688,-0.278685,0.123707,-0.349822,-0.276756,0.222161,-0.366255,-0.277720,0.197126,-0.394329,-0.253521,0.213314,-0.405495,-0.208837,0.242270,-0.399516,-0.251382
2026-07-20 14:31:31.800,2.999997,0.000000,0.000000,0.000000,0.320073,-0.388768,-0.278506,0.124100,-0.354896,-0.278365,0.222086,-0.371832,-0.278436,0.197614,-0.399430,-0.255100,0.213618,-0.411475,-0.211358,0.242597,-0.405699,-0.252176
2026-07-20 14:31:31.900,3.099997,0.000000,0.000000,0.000000,0.320073,-0.388768,-0.278506,0.124177,-0.353889,-0.278313,0.222125,-0.371329,-0.278409,0.197614,-0.399430,-0.255100,0.213629,-0.411576,-0.210499,0.242825,-0.404733,-0.252090
2026-07-20 14:31:32.000,3.199997,0.000000,0.000000,0.000000,0.320113,-0.389676,-0.279685,0.124230,-0.354903,-0.278590,0.222172,-0.372289,-0.279138,0.197493,-0.401424,-0.255460,0.213682,-0.412590,-0.210777,0.242877,-0.405746,-0.252367
2026-07-20 14:31:32.100,3.299997,0.000000,0.000000,0.000000,0.320491,-0.389846,-0.279008,0.124205,-0.356923,-0.278919,0.222348,-0.373385,-0.278964,0.197719,-0.401457,-0.255654,0.213723,-0.413502,-0.211912,0.242702,-0.407726,-0.252730
2026-07-20 14:31:32.200,3.399997,0.000000,0.000000,0.000000,0.320166,-0.390689,-0.279962,0.124205,-0.356923,-0.278919,0.222185,-0.373806,-0.279441,0.197719,-0.401457,-0.255654,0.213734,-0.413603,-0.211053,0.242702,-0.407726,-0.252730
2026-07-20 14:31:32.300,3.499997,0.000000,0.000000,0.000000,0.320333,-0.386806,-0.278177,0.124047,-0.353883,-0.278088,0.222190,-0.370344,-0.278133,0.197388,-0.399397,-0.254906,0.213565,-0.410462,-0.211081,0.242544,-0.404685,-0.251899
2026-07-20 14:31:32.400,3.599997,0.000000,0.000000,0.000000,0.320596,-0.391873,-0.279562,0.124310,-0.358950,-0.279473,0.222453,-0.375412,-0.279518,0.197651,-0.404464,-0.256291,0.214033,-0.414662,-0.211467,0.242807,-0.409753,-0.253284
2026-07-20 14:31:32.500,3.699996,0.000000,0.000000,0.000000,0.320438,-0.388833,-0.278731,0.124075,-0.356917,-0.278695,0.222256,-0.372875,-0.278713,0.197666,-0.400444,-0.255377,0.213670,-0.412489,-0.211635,0.242638,-0.406610,-0.253321
2026-07-20 14:31:32.600,3.799996,0.000000,0.000000,0.000000,0.320479,-0.389740,-0.279912,0.124283,-0.355916,-0.278867,0.222381,-0.372828,-0.279389,0.197719,-0.401457,-0.255654,0.213723,-0.413502,-0.211912,0.242702,-0.407726,-0.252730
2026-07-20 14:31:32.700,3.899996,0.000000,0.000000,0.000000,0.320008,-0.387649,-0.279131,0.124047,-0.353883,-0.278088,0.222028,-0.370766,-0.278610,0.197388,-0.399397,-0.254906,0.213565,-0.410462,-0.211081,0.242544,-0.404685,-0.251899
2026-07-20 14:31:32.800,3.999996,0.000000,0.000000,0.000000,0.320008,-0.387649,-0.279131,0.124125,-0.352876,-0.278036,0.222067,-0.370262,-0.278584,0.197561,-0.398417,-0.254823,0.213577,-0.410563,-0.210222,0.242772,-0.403719,-0.251813
2026-07-20 14:31:32.900,4.099996,0.000000,0.000000,0.000000,0.320178,-0.390795,-0.279060,0.124283,-0.355916,-0.278867,0.222230,-0.373356,-0.278963,0.197719,-0.401457,-0.255654,0.213723,-0.413502,-0.211912,0.242930,-0.406760,-0.252644
2026-07-20 14:31:33.000,4.199996,0.000000,0.000000,0.000000,0.320543,-0.390860,-0.279285,0.124257,-0.357937,-0.279196,0.222400,-0.374398,-0.279241,0.197599,-0.403451,-0.256014,0.213981,-0.413648,-0.211190,0.242754,-0.408739,-0.253008
2026-07-20 14:31:33.100,4.299996,0.000000,0.000000,0.000000,0.320073,-0.388768,-0.278506,0.124022,-0.355903,-0.278418,0.222047,-0.372336,-0.278462,0.197614,-0.399430,-0.255100,0.213823,-0.410608,-0.210359,0.242699,-0.405114,-0.253001
2026-07-20 14:31:33.200,4.399996,0.000000,0.000000,0.000000,0.320321,-0.386699,-0.279081,0.124047,-0.353883,-0.278088,0.222184,-0.370291,-0.278585,0.197561,-0.398417,-0.254823,0.213770,-0.409594,-0.210082,0.242544,-0.404685,-0.251899
2026-07-20 14:31:33.300,4.499996,0.000000,0.000000,0.000000,0.320321,-0.386699,-0.279081,0.124125,-0.352876,-0.278036,0.222223,-0.369788,-0.278558,0.197561,-0.398417,-0.254823,0.213577,-0.410563,-0.210222,0.242544,-0.404685,-0.251899
2026-07-20 14:31:33.400,4.599996,0.000000,0.000000,0.000000,0.320008,-0.387649,-0.279131,0.124047,-0.353883,-0.278088,0.222028,-0.370766,-0.278610,0.197561,-0.398417,-0.254823,0.213770,-0.409594,-0.210082,0.242544,-0.404685,-0.251899
2026-07-20 14:31:33.500,4.699996,0.000000,0.000000,0.000000,0.320689,-0.393794,-0.281020,0.124493,-0.359970,-0.279975,0.222591,-0.376882,-0.280497,0.197929,-0.405511,-0.256762,0.213944,-0.417657,-0.212161,0.243140,-0.410814,-0.253752
2026-07-20 14:31:33.600,4.799995,0.000000,0.000000,0.000000,0.320178,-0.390795,-0.279060,0.124205,-0.356923,-0.278919,0.222191,-0.373859,-0.278990,0.197719,-0.401457,-0.255654,0.213734,-0.413603,-0.211053,0.242702,-0.407726,-0.252730
2026-07-20 14:31:33.700,4.899995,0.000000,0.000000,0.000000,0.320489,-0.382816,-0.277295,0.123890,-0.350842,-0.277257,0.222189,-0.366829,-0.277276,0.197231,-0.396356,-0.254075,0.213419,-0.407522,-0.209391,0.242501,-0.401162,-0.251025
2026-07-20 14:31:33.800,4.999995,0.000000,0.000000,0.000000,0.320479,-0.389740,-0.279912,0.124283,-0.355916,-0.278867,0.222381,-0.372828,-0.279389,0.197719,-0.401457,-0.255654,0.213820,-0.413018,-0.211843,0.242702,-0.407726,-0.252730
2026-07-20 14:31:33.900,5.099995,0.000000,0.000000,0.000000,0.319956,-0.386635,-0.278854,0.123995,-0.352869,-0.277811,0.221975,-0.369752,-0.278333,0.197509,-0.397403,-0.254546,0.213718,-0.408581,-0.209805,0.242492,-0.403672,-0.251622
2026-07-20 14:31:34.000,5.199995,0.000000,0.000000,0.000000,0.319903,-0.385622,-0.278577,0.123865,-0.352863,-0.277587,0.221884,-0.369242,-0.278082,0.197456,-0.396390,-0.254269,0.213472,-0.408536,-0.209668,0.242439,-0.402658,-0.251345
2026-07-20 14:31:34.100,5.299995,0.000000,0.000000,0.000000,0.320596,-0.391873,-0.279562,0.124388,-0.357943,-0.279421,0.222492,-0.374908,-0.279492,0.197824,-0.403484,-0.256208,0.214033,-0.414662,-0.211467,0.242807,-0.409753,-0.253284
2026-07-20 14:31:34.200,5.399995,0.000000,0.000000,0.000000,0.320321,-0.386699,-0.279081,0.124125,-0.352876,-0.278036,0.222223,-0.369788,-0.278558,0.197561,-0.398417,-0.254823,0.213770,-0.409594,-0.210082,0.242544,-0.404685,-0.251899
2026-07-20 14:31:34.300,5.499995,0.000000,0.000000,0.000000,0.320491,-0.389846,-0.279008,0.124205,-0.356923,-0.278919,0.222348,-0.373385,-0.278964,0.197546,-0.402437,-0.255737,0.213928,-0.412635,-0.210913,0.242702,-0.407726,-0.252730
2026-07-20 14:31:34.400,5.599995,0.000000,0.000000,0.000000,0.320008,-0.387649,-0.279131,0.124047,-0.353883,-0.278088,0.222028,-0.370766,-0.278610,0.197388,-0.399397,-0.254906,0.213577,-0.410563,-0.210222,0.242544,-0.404685,-0.251899
2026-07-20 14:31:34.500,5.699995,0.000000,0.000000,0.000000,0.320689,-0.393794,-0.281020,0.124337,-0.361984,-0.280080,0.222513,-0.377889,-0.280550,0.197929,-0.405511,-0.256762,0.213944,-0.417657,-0.212161,0.243140,-0.410814,-0.253752
2026-07-20 14:31:34.600,5.799994,0.000000,0.000000,0.000000,0.320073,-0.388768,-0.278506,0.124177,-0.353889,-0.278313,0.222125,-0.371329,-0.278409,0.197614,-0.399430,-0.255100,0.213823,-0.410608,-0.210359,0.242825,-0.404733,-0.252090
2026-07-20 14:31:34.700,5.899994,0.000000,0.000000,0.000000,0.320008,-0.387649,-0.279131,0.124047,-0.353883,-0.278088,0.222028,-0.370766,-0.278610,0.197561,-0.398417,-0.254823,0.213770,-0.409594,-0.210082,0.242772,-0.403719,-0.251813
2026-07-20 14:31:34.800,5.999994,0.000000,0.000000,0.000000,0.319851,-0.384608,-0.278300,0.123890,-0.350842,-0.277257,0.221870,-0.367725,-0.277779,0.197231,-0.396356,-0.254075,0.213613,-0.406554,-0.209251,0.242386,-0.401645,-0.251068
2026-07-20 14:31:34.900,6.099994,0.000000,0.000000,0.000000,0.320020,-0.387755,-0.278229,0.124047,-0.353883,-0.278088,0.222034,-0.370819,-0.278159,0.197561,-0.398417,-0.254823,0.213770,-0.409594,-0.210082,0.242533,-0.404583,-0.252767
2026-07-20 14:31:35.000,6.199994,0.000000,0.000000,0.000000,0.320333,-0.386806,-0.278177,0.124047,-0.353883,-0.278088,0.222190,-0.370344,-0.278133,0.197388,-0.399397,-0.254906,0.213577,-0.410563,-0.210222,0.242544,-0.404685,-0.251899
2026-07-20 14:31:35.100,6.299994,0.000000,0.000000,0.000000,0.320008,-0.387649,-0.279131,0.124047,-0.353883,-0.278088,0.222028,-0.370766,-0.278610,0.197388,-0.399397,-0.254906,0.213770,-0.409594,-0.210082,0.242544,-0.404685,-0.251899
2026-07-20 14:31:35.200,6.399994,0.000000,0.000000,0.000000,0.320323,-0.393730,-0.280793,0.124440,-0.358957,-0.279698,0.222382,-0.376343,-0.280246,0.197876,-0.404498,-0.256485,0.214086,-0.415675,-0.211744,0.243088,-0.409800,-0.253475
2026-07-20 14:31:35.300,6.499994,0.000000,0.000000,0.000000,0.320061,-0.388662,-0.279408,0.124022,-0.355903,-0.278418,0.222041,-0.372283,-0.278913,0.197614,-0.399430,-0.255100,0.213629,-0.411576,-0.210499,0.242585,-0.405597,-0.253044
2026-07-20 14:31:35.400,6.599994,0.000000,0.000000,0.000000,0.320073,-0.388768,-0.278506,0.124100,-0.354896,-0.278365,0.222086,-0.371832,-0.278436,0.197441,-0.400410,-0.255183,0.213823,-0.410608,-0.210359,0.242825,-0.404733,-0.252090
2026-07-20 14:31:35.500,6.699994,0.000000,0.000000,0.000000,0.320438,-0.388833,-0.278731,0.124075,-0.356917,-0.278695,0.222256,-0.372875,-0.278713,0.197666,-0.400444,-0.255377,0.213876,-0.411621,-0.210636,0.242649,-0.406712,-0.252454
2026-07-20 14:31:35.600,6.799994,0.000000,0.000000,0.000000,0.320178,-0.390795,-0.279060,0.124283,-0.355916,-0.278867,0.222230,-0.373356,-0.278963,0.197719,-0.401457,-0.255654,0.213928,-0.412635,-0.210913,0.242702,-0.407726,-0.252730
2026-07-20 14:31:35.700,6.899993,0.000000,0.000000,0.000000,0.319862,-0.384714,-0.277398,0.123890,-0.350842,-0.277257,0.221876,-0.367778,-0.277328,0.197231,-0.396356,-0.254075,0.213419,-0.407522,-0.209391,0.242375,-0.401543,-0.251936
2026-07-20 14:31:35.800,6.999993,0.000000,0.000000,0.000000,0.321046,-0.383872,-0.278286,0.123967,-0.349835,-0.277205,0.222507,-0.366854,-0.277746,0.197231,-0.396356,-0.254075,0.213408,-0.407421,-0.210250,0.242615,-0.400679,-0.250982
2026-07-20 14:31:35.900,7.099993,0.000000,0.000000,0.000000,0.320008,-0.387649,-0.279131,0.124047,-0.353883,-0.278088,0.222028,-0.370766,-0.278610,0.197561,-0.398417,-0.254823,0.213577,-0.410563,-0.210222,0.242533,-0.404583,-0.252767
2026-07-20 14:31:36.000,7.199993,0.000000,0.000000,0.000000,0.319956,-0.386635,-0.278854,0.123995,-0.352869,-0.277811,0.221975,-0.369752,-0.278333,0.197509,-0.397403,-0.254546,0.213718,-0.408581,-0.209805,0.242480,-0.403570,-0.252490
2026-07-20 14:31:36.100,7.299993,0.000000,0.000000,0.000000,0.320283,-0.392822,-0.279614,0.124232,-0.359957,-0.279526,0.222257,-0.376390,-0.279570,0.197824,-0.403484,-0.256208,0.213839,-0.415630,-0.211607,0.242795,-0.409651,-0.254152
2026-07-20 14:31:36.200,7.399993,0.000000,0.000000,0.000000,0.320942,-0.388875,-0.279445,0.124255,-0.352882,-0.278261,0.222599,-0.370879,-0.278853,0.197441,-0.400410,-0.255183,0.213629,-0.411576,-0.210499,0.242585,-0.405597,-0.253044
2026-07-20 14:31:36.300,7.499993,0.000000,0.000000,0.000000,0.320125,-0.389782,-0.278783,0.124152,-0.355910,-0.278642,0.222139,-0.372846,-0.278713,0.197666,-0.400444,-0.255377,0.213876,-0.411621,-0.210636,0.242649,-0.406712,-0.252454
2026-07-20 14:31:36.400,7.599993,0.000000,0.000000,0.000000,0.320230,-0.391809,-0.279337,0.124257,-0.357937,-0.279196,0.222244,-0.374873,-0.279267,0.197599,-0.403451,-0.256014,0.213981,-0.413648,-0.211190,0.242743,-0.408637,-0.253875
2026-07-20 14:31:36.500,7.699993,0.000000,0.000000,0.000000,0.321047,-0.390902,-0.279999,0.124205,-0.356923,-0.278919,0.222626,-0.373913,-0.279459,0.197719,-0.401457,-0.255654,0.213734,-0.413603,-0.211053,0.242690,-0.407624,-0.253598
2026-07-20 14:31:36.600,7.799993,0.000000,0.000000,0.000000,0.320020,-0.387755,-0.278229,0.124047,-0.353883,-0.278088,0.222034,-0.370819,-0.278159,0.197561,-0.398417,-0.254823,0.213759,-0.409493,-0.210942,0.242533,-0.404583,-0.252767
2026-07-20 14:31:36.700,7.899992,0.000000,0.000000,0.000000,0.320440,-0.395863,-0.280445,0.124468,-0.361991,-0.280304,0.222454,-0.378927,-0.280375,0.197982,-0.406525,-0.257039,0.213997,-0.418671,-0.212439,0.242953,-0.412691,-0.254983
2026-07-20 14:31:36.800,7.999992,0.000000,0.000000,0.000000,0.321204,-0.386913,-0.279117,0.124125,-0.352876,-0.278036,0.222664,-0.369894,-0.278577,0.197561,-0.398417,-0.254823,0.213565,-0.410462,-0.211081,0.242533,-0.404583,-0.252767
2026-07-20 14:31:36.900,8.099992,0.000000,0.000000,0.000000,0.321047,-0.390902,-0.279999,0.124205,-0.356923,-0.278919,0.222626,-0.373913,-0.279459,0.197719,-0.401457,-0.255654,0.213917,-0.412534,-0.211773,0.242690,-0.407624,-0.253598
2026-07-20 14:31:37.000,8.199992,0.000000,0.000000,0.000000,0.320020,-0.387755,-0.278229,0.124125,-0.352876,-0.278036,0.222072,-0.370315,-0.278132,0.197388,-0.399397,-0.254906,0.213565,-0.410462,-0.211081,0.242772,-0.403719,-0.251813
2026-07-20 14:31:37.100,8.299992,0.000000,0.000000,0.000000,0.320837,-0.386848,-0.278891,0.123995,-0.352869,-0.277811,0.222416,-0.369859,-0.278351,0.197509,-0.397403,-0.254546,0.213513,-0.409448,-0.210804,0.242480,-0.403570,-0.252490
2026-07-20 14:31:37.200,8.399992,0.000000,0.000000,0.000000,0.321099,-0.384886,-0.278563,0.123865,-0.352863,-0.277587,0.222482,-0.368874,-0.278075,0.197456,-0.396390,-0.254269,0.213460,-0.408435,-0.210527,0.242428,-0.402556,-0.252213
2026-07-20 14:31:37.300,8.499992,0.000000,0.000000,0.000000,0.320942,-0.388875,-0.279445,0.124100,-0.354896,-0.278365,0.222521,-0.371886,-0.278905,0.197614,-0.399430,-0.255100,0.213812,-0.410507,-0.211219,0.242585,-0.405597,-0.253044
2026-07-20 14:31:37.400,8.599992,0.000000,0.000000,0.000000,0.320648,-0.392887,-0.279839,0.124362,-0.359964,-0.279750,0.222505,-0.376425,-0.279795,0.197876,-0.404498,-0.256485,0.213892,-0.416644,-0.211885,0.242848,-0.410664,-0.254429
2026-07-20 14:31:37.500,8.699992,0.000000,0.000000,0.000000,0.320491,-0.389846,-0.279008,0.124283,-0.355916,-0.278867,0.222387,-0.372881,-0.278938,0.197546,-0.402437,-0.255737,0.213723,-0.413502,-0.211912,0.242930,-0.406760,-0.252644
2026-07-20 14:31:37.600,8.799992,0.000000,0.000000,0.000000,0.320061,-0.388662,-0.279408,0.124022,-0.355903,-0.278418,0.222041,-0.372283,-0.278913,0.197441,-0.400410,-0.255183,0.213812,-0.410507,-0.211219,0.242814,-0.404631,-0.252959
2026-07-20 14:31:37.700,8.899992,0.000000,0.000000,0.000000,0.320020,-0.387755,-0.278229,0.123970,-0.354890,-0.278141,0.221995,-0.371322,-0.278185,0.197561,-0.398417,-0.254823,0.213577,-0.410563,-0.210222,0.242544,-0.404685,-0.251899
2026-07-20 14:31:37.800,8.999991,0.000000,0.000000,0.000000,0.321163,-0.386006,-0.277937,0.124305,-0.348841,-0.277602,0.222734,-0.367423,-0.277769,0.197509,-0.397403,-0.254546,0.213707,-0.408480,-0.210665,0.242480,-0.403570,-0.252490
2026-07-20 14:31:37.900,9.099991,0.000000,0.000000,0.000000,0.320890,-0.387862,-0.279168,0.123970,-0.354890,-0.278141,0.222430,-0.371376,-0.278654,0.197561,-0.398417,-0.254823,0.213565,-0.410462,-0.211081,0.242761,-0.403617,-0.252682
2026-07-20 14:31:38.000,9.199991,0.000000,0.000000,0.000000,0.321204,-0.386913,-0.279117,0.124047,-0.353883,-0.278088,0.222626,-0.370398,-0.278603,0.197561,-0.398417,-0.254823,0.213565,-0.410462,-0.211081,0.242533,-0.404583,-0.252767
2026-07-20 14:31:38.100,9.299991,0.000000,0.000000,0.000000,0.320283,-0.392822,-0.279614,0.124244,-0.360062,-0.278640,0.222263,-0.376442,-0.279127,0.197824,-0.403484,-0.256208,0.213828,-0.415529,-0.212466,0.242807,-0.409753,-0.253284
2026-07-20 14:31:38.200,9.399991,0.000000,0.000000,0.000000,0.321636,-0.395127,-0.280430,0.124390,-0.362998,-0.280357,0.223013,-0.379063,-0.280393,0.197809,-0.407505,-0.257122,0.213986,-0.418570,-0.213297,0.242964,-0.412793,-0.254116
2026-07-20 14:31:38.300,9.499991,0.000000,0.000000,0.000000,0.320073,-0.388768,-0.278506,0.124100,-0.354896,-0.278365,0.222086,-0.371832,-0.278436,0.197614,-0.399430,-0.255100,0.213823,-0.410608,-0.210359,0.242585,-0.405597,-0.253044
2026-07-20 14:31:38.400,9.599991,0.000000,0.000000,0.000000,0.320890,-0.387862,-0.279168,0.124047,-0.353883,-0.278088,0.222468,-0.370872,-0.278628,0.197388,-0.399397,-0.254906,0.213577,-0.410563,-0.210222,0.242533,-0.404583,-0.252767
2026-07-20 14:31:38.500,9.699991,0.000000,0.000000,0.000000,0.320321,-0.386699,-0.279081,0.124047,-0.353883,-0.278088,0.222184,-0.370291,-0.278585,0.197561,-0.398417,-0.254823,0.213565,-0.410462,-0.211081,0.242533,-0.404583,-0.252767
2026-07-20 14:31:38.600,9.799991,0.000000,0.000000,0.000000,0.320020,-0.387755,-0.278229,0.124047,-0.353883,-0.278088,0.222034,-0.370819,-0.278159,0.197561,-0.398417,-0.254823,0.213577,-0.410563,-0.210222,0.242533,-0.404583,-0.252767
2026-07-20 14:31:38.700,9.899991,0.000000,0.000000,0.000000,0.321047,-0.390902,-0.279999,0.124283,-0.355916,-0.278867,0.222665,-0.373409,-0.279433,0.197719,-0.401457,-0.255654,0.213917,-0.412534,-0.211773,0.242690,-0.407624,-0.253598
2026-07-20 14:31:38.800,9.999990,0.000000,0.000000,0.000000,0.320166,-0.390689,-0.279962,0.124205,-0.356923,-0.278919,0.222185,-0.373806,-0.279441,0.197719,-0.401457,-0.255654,0.213734,-0.413603,-0.211053,0.242690,-0.407624,-0.253598
2026-07-20 14:31:38.900,10.099990,0.000000,0.000000,0.000000,0.320125,-0.389782,-0.278783,0.124230,-0.354903,-0.278590,0.222178,-0.372342,-0.278686,0.197666,-0.400444,-0.255377,0.213670,-0.412489,-0.211635,0.242638,-0.406610,-0.253321
2026-07-20 14:31:39.000,10.199990,0.000000,0.000000,0.000000,0.320890,-0.387862,-0.279168,0.123970,-0.354890,-0.278141,0.222430,-0.371376,-0.278654,0.197388,-0.399397,-0.254906,0.213565,-0.410462,-0.211081,0.242533,-0.404583,-0.252767
2026-07-20 14:31:39.100,10.299990,0.000000,0.000000,0.000000,0.320321,-0.386699,-0.279081,0.124047,-0.353883,-0.278088,0.222184,-0.370291,-0.278585,0.197561,-0.398417,-0.254823,0.213770,-0.409594,-0.210082,0.242544,-0.404685,-0.251899
2026-07-20 14:31:39.200,10.399990,0.000000,0.000000,0.000000,0.320438,-0.388833,-0.278731,0.124230,-0.354903,-0.278590,0.222334,-0.371868,-0.278661,0.197493,-0.401424,-0.255460,0.213682,-0.412590,-0.210777,0.242638,-0.406610,-0.253321
2026-07-20 14:31:39.300,10.499990,0.000000,0.000000,0.000000,0.320701,-0.393900,-0.280116,0.124570,-0.358963,-0.279923,0.222636,-0.376432,-0.280019,0.197929,-0.405511,-0.256762,0.214127,-0.416588,-0.212881,0.242900,-0.411678,-0.254706
2026-07-20 14:31:39.400,10.599990,0.000000,0.000000,0.000000,0.320333,-0.386806,-0.278177,0.124047,-0.353883,-0.278088,0.222190,-0.370344,-0.278133,0.197388,-0.399397,-0.254906,0.213577,-0.410563,-0.210222,0.242533,-0.404583,-0.252767
2026-07-20 14:31:39.500,10.699990,0.000000,0.000000,0.000000,0.320942,-0.388875,-0.279445,0.124100,-0.354896,-0.278365,0.222521,-0.371886,-0.278905,0.197614,-0.399430,-0.255100,0.213629,-0.411576,-0.210499,0.242585,-0.405597,-0.253044
2026-07-20 14:31:39.600,10.799990,0.000000,0.000000,0.000000,0.320020,-0.387755,-0.278229,0.124047,-0.353883,-0.278088,0.222034,-0.370819,-0.278159,0.197561,-0.398417,-0.254823,0.213759,-0.409493,-0.210942,0.242533,-0.404583,-0.252767
2026-07-20 14:31:39.700,10.899990,0.000000,0.000000,0.000000,0.320178,-0.390795,-0.279060,0.124205,-0.356923,-0.278919,0.222191,-0.373859,-0.278990,0.197719,-0.401457,-0.255654,0.213928,-0.412635,-0.210913,0.242690,-0.407624,-0.253598
2026-07-20 14:31:39.800,10.999990,0.000000,0.000000,0.000000,0.320374,-0.387713,-0.279358,0.124100,-0.354896,-0.278365,0.222237,-0.371305,-0.278862,0.197614,-0.399430,-0.255100,0.213823,-0.410608,-0.210359,0.242597,-0.405699,-0.252176
2026-07-20 14:31:39.900,11.099989,0.000000,0.000000,0.000000,0.321256,-0.387926,-0.279394,0.124100,-0.354896,-0.278365,0.222678,-0.371411,-0.278880,0.197614,-0.399430,-0.255100,0.213823,-0.410608,-0.210359,0.242585,-0.405597,-0.253044
2026-07-20 14:31:40.000,11.199989,0.000000,0.000000,0.000000,0.320073,-0.388768,-0.278506,0.124177,-0.353889,-0.278313,0.222125,-0.371329,-0.278409,0.197614,-0.399430,-0.255100,0.213629,-0.411576,-0.210499,0.242585,-0.405597,-0.253044
2026-07-20 14:31:40.100,11.299989,0.000000,0.000000,0.000000,0.320995,-0.389889,-0.279722,0.124152,-0.355910,-0.278642,0.222574,-0.372899,-0.279182,0.197666,-0.400444,-0.255377,0.213779,-0.412106,-0.210706,0.242638,-0.406610,-0.253321
2026-07-20 14:31:40.200,11.399989,0.000000,0.000000,0.000000,0.321426,-0.391073,-0.279322,0.124335,-0.356930,-0.279144,0.222880,-0.374001,-0.279233,0.197599,-0.403451,-0.256014,0.213787,-0.414617,-0.211331,0.242743,-0.408637,-0.253875
2026-07-20 14:31:40.300,11.499989,0.000000,0.000000,0.000000,0.320020,-0.387755,-0.278229,0.124125,-0.352876,-0.278036,0.222072,-0.370315,-0.278132,0.197561,-0.398417,-0.254823,0.213565,-0.410462,-0.211081,0.242533,-0.404583,-0.252767
2026-07-20 14:31:40.400,11.599989,0.000000,0.000000,0.000000,0.321531,-0.393100,-0.279876,0.124362,-0.359964,-0.279750,0.222947,-0.376532,-0.279813,0.197704,-0.405478,-0.256568,0.213881,-0.416543,-0.212743,0.242848,-0.410664,-0.254429
2026-07-20 14:31:40.500,11.699989,0.000000,0.000000,0.000000,0.320543,-0.390860,-0.279285,0.124257,-0.357937,-0.279196,0.222400,-0.374398,-0.279241,0.197599,-0.403451,-0.256014,0.213787,-0.414617,-0.211331,0.242743,-0.408637,-0.253875
2026-07-20 14:31:40.600,11.799989,0.000000,0.000000,0.000000,0.320890,-0.387862,-0.279168,0.124125,-0.352876,-0.278036,0.222507,-0.370369,-0.278602,0.197561,-0.398417,-0.254823,0.213565,-0.410462,-0.211081,0.242533,-0.404583,-0.252767
2026-07-20 14:31:40.700,11.899989,0.000000,0.000000,0.000000,0.321321,-0.389046,-0.278768,0.124075,-0.356917,-0.278695,0.222698,-0.372982,-0.278731,0.197666,-0.400444,-0.255377,0.213876,-0.411621,-0.210636,0.242877,-0.405746,-0.252367
2026-07-20 14:31:40.800,11.999989,0.000000,0.000000,0.000000,0.321321,-0.389046,-0.278768,0.124152,-0.355910,-0.278642,0.222736,-0.372478,-0.278705,0.197666,-0.400444,-0.255377,0.213670,-0.412489,-0.211635,0.242866,-0.405644,-0.253236
2026-07-20 14:31:40.900,12.099988,0.000000,0.000000,0.000000,0.320890,-0.387862,-0.279168,0.124125,-0.352876,-0.278036,0.222507,-0.370369,-0.278602,0.197388,-0.399397,-0.254906,0.213770,-0.409594,-0.210082,0.242544,-0.404685,-0.251899
2026-07-20 14:31:41.000,12.199988,0.000000,0.000000,0.000000,0.320438,-0.388833,-0.278731,0.124152,-0.355910,-0.278642,0.222295,-0.372371,-0.278687,0.197666,-0.400444,-0.255377,0.213864,-0.411520,-0.211496,0.242638,-0.406610,-0.253321
2026-07-20 14:31:41.100,12.299988,0.000000,0.000000,0.000000,0.320534,-0.380873,-0.276326,0.123680,-0.346788,-0.276149,0.222107,-0.363831,-0.276238,0.197194,-0.391322,-0.252884,0.213198,-0.403367,-0.209142,0.242405,-0.396625,-0.249874
2026-07-20 14:31:41.200,12.399988,0.000000,0.000000,0.000000,0.319903,-0.385622,-0.278577,0.123942,-0.351856,-0.277534,0.221923,-0.368739,-0.278056,0.197456,-0.396390,-0.254269,0.213665,-0.407567,-0.209528,0.242428,-0.402556,-0.252213
2026-07-20 14:31:41.300,12.499988,0.000000,0.000000,0.000000,0.321833,-0.392045,-0.280729,0.124362,-0.359964,-0.279750,0.223098,-0.376004,-0.280240,0.197876,-0.404498,-0.256485,0.214074,-0.415574,-0.212604,0.242848,-0.410664,-0.254429
2026-07-20 14:31:41.400,12.599988,0.000000,0.000000,0.000000,0.321164,-0.393035,-0.279650,0.124310,-0.358950,-0.279473,0.222737,-0.375993,-0.279562,0.197824,-0.403484,-0.256208,0.213828,-0.415529,-0.212466,0.242795,-0.409651,-0.254152
2026-07-20 14:31:41.500,12.699988,0.000000,0.000000,0.000000,0.320596,-0.391873,-0.279562,0.124388,-0.357943,-0.279421,0.222492,-0.374908,-0.279492,0.197824,-0.403484,-0.256208,0.213828,-0.415529,-0.212466,0.242795,-0.409651,-0.254152
2026-07-20 14:31:41.600,12.799988,0.000000,0.000000,0.000000,0.319970,-0.393771,-0.279665,0.124388,-0.357943,-0.279421,0.222179,-0.375857,-0.279543,0.197824,-0.403484,-0.256208,0.214033,-0.414662,-0.211467,0.242795,-0.409651,-0.254152
2026-07-20 14:31:41.700,12.899988,0.000000,0.000000,0.000000,0.319915,-0.385728,-0.277675,0.124020,-0.350849,-0.277482,0.221967,-0.368288,-0.277578,0.197456,-0.396390,-0.254269,0.213460,-0.408435,-0.210527,0.242428,-0.402556,-0.252213
2026-07-20 14:31:41.800,12.999988,0.000000,0.000000,0.000000,0.319967,-0.386741,-0.277952,0.123995,-0.352869,-0.277811,0.221981,-0.369805,-0.277882,0.197509,-0.397403,-0.254546,0.213513,-0.409448,-0.210804,0.242480,-0.403570,-0.252490
2026-07-20 14:31:41.900,13.099988,0.000000,0.000000,0.000000,0.319862,-0.384714,-0.277398,0.123967,-0.349835,-0.277205,0.221915,-0.367275,-0.277301,0.197404,-0.395376,-0.253992,0.213419,-0.407522,-0.209391,0.242375,-0.401543,-0.251936
2026-07-20 14:31:42.000,13.199987,0.000000,0.000000,0.000000,0.319967,-0.386741,-0.277952,0.123995,-0.352869,-0.277811,0.221981,-0.369805,-0.277882,0.197509,-0.397403,-0.254546,0.213524,-0.409549,-0.209945,0.242480,-0.403570,-0.252490
2026-07-20 14:31:42.100,13.299987,0.000000,0.000000,0.000000,0.320890,-0.387862,-0.279168,0.124047,-0.353883,-0.278088,0.222468,-0.370872,-0.278628,0.197561,-0.398417,-0.254823,0.213577,-0.410563,-0.210222,0.242533,-0.404583,-0.252767
2026-07-20 14:31:42.200,13.399987,0.000000,0.000000,0.000000,0.320178,-0.390795,-0.279060,0.124127,-0.357930,-0.278972,0.222152,-0.374363,-0.279016,0.197546,-0.402437,-0.255737,0.213917,-0.412534,-0.211773,0.242690,-0.407624,-0.253598
2026-07-20 14:31:42.300,13.499987,0.000000,0.000000,0.000000,0.321059,-0.391008,-0.279096,0.124205,-0.356923,-0.278919,0.222632,-0.373966,-0.279008,0.197546,-0.402437,-0.255737,0.213723,-0.413502,-0.211912,0.242919,-0.406658,-0.253513
2026-07-20 14:31:42.400,13.599987,0.000000,0.000000,0.000000,0.321059,-0.391008,-0.279096,0.124205,-0.356923,-0.278919,0.222632,-0.373966,-0.279008,0.197719,-0.401457,-0.255654,0.213723,-0.413502,-0.211912,0.242690,-0.407624,-0.253598
2026-07-20 14:31:42.500,13.699987,0.000000,0.000000,0.000000,0.321256,-0.387926,-0.279394,0.124022,-0.355903,-0.278418,0.222639,-0.371915,-0.278906,0.197614,-0.399430,-0.255100,0.213823,-0.410608,-0.210359,0.242585,-0.405597,-0.253044
2026-07-20 14:31:42.600,13.799987,0.000000,0.000000,0.000000,0.320333,-0.386806,-0.278177,0.124047,-0.353883,-0.278088,0.222190,-0.370344,-0.278133,0.197561,-0.398417,-0.254823,0.213577,-0.410563,-0.210222,0.242533,-0.404583,-0.252767
2026-07-20 14:31:42.700,13.899987,0.000000,0.000000,0.000000,0.321623,-0.387991,-0.279621,0.124075,-0.356917,-0.278695,0.222849,-0.372454,-0.279158,0.197493,-0.401424,-0.255460,0.213670,-0.412489,-0.211635,0.242638,-0.406610,-0.253321
2026-07-20 14:31:42.800,13.999987,0.000000,0.000000,0.000000,0.321268,-0.388033,-0.278491,0.124100,-0.354896,-0.278365,0.222684,-0.371464,-0.278428,0.197614,-0.399430,-0.255100,0.213812,-0.410507,-0.211219,0.242597,-0.405699,-0.252176
2026-07-20 14:31:42.900,14.099987,0.000000,0.000000,0.000000,0.320178,-0.390795,-0.279060,0.124283,-0.355916,-0.278867,0.222230,-0.373356,-0.278963,0.197719,-0.401457,-0.255654,0.213723,-0.413502,-0.211912,0.242690,-0.407624,-0.253598
2026-07-20 14:31:43.000,14.199986,0.000000,0.000000,0.000000,0.321466,-0.391980,-0.280502,0.124310,-0.358950,-0.279473,0.222888,-0.375465,-0.279988,0.197651,-0.404464,-0.256291,0.214033,-0.414662,-0.211467,0.242795,-0.409651,-0.254152
2026-07-20 14:31:43.100,14.299986,0.000000,0.000000,0.000000,0.321047,-0.390902,-0.279999,0.124283,-0.355916,-0.278867,0.222665,-0.373409,-0.279433,0.197546,-0.402437,-0.255737,0.213723,-0.413502,-0.211912,0.242919,-0.406658,-0.253513
2026-07-20 14:31:43.200,14.399986,0.000000,0.000000,0.000000,0.320837,-0.386848,-0.278891,0.123995,-0.352869,-0.277811,0.222416,-0.369859,-0.278351,0.197509,-0.397403,-0.254546,0.213718,-0.408581,-0.209805,0.242480,-0.403570,-0.252490
2026-07-20 14:31:43.300,14.499986,0.000000,0.000000,0.000000,0.320491,-0.389846,-0.279008,0.124205,-0.356923,-0.278919,0.222348,-0.373385,-0.278964,0.197719,-0.401457,-0.255654,0.213928,-0.412635,-0.210913,0.242702,-0.407726,-0.252730
2026-07-20 14:31:43.400,14.599986,0.000000,0.000000,0.000000,0.321151,-0.385899,-0.278840,0.123917,-0.353876,-0.277864,0.222534,-0.369888,-0.278352,0.197509,-0.397403,-0.254546,0.213621,-0.409065,-0.209875,0.242492,-0.403672,-0.251622
2026-07-20 14:31:43.500,14.699986,0.000000,0.000000,0.000000,0.321204,-0.386913,-0.279117,0.124125,-0.352876,-0.278036,0.222664,-0.369894,-0.278577,0.197561,-0.398417,-0.254823,0.213565,-0.410462,-0.211081,0.242533,-0.404583,-0.252767
2026-07-20 14:31:43.600,14.799986,0.000000,0.000000,0.000000,0.320732,-0.384821,-0.278337,0.123812,-0.351849,-0.277310,0.222272,-0.368335,-0.277823,0.197231,-0.396356,-0.254075,0.213613,-0.406554,-0.209251,0.242375,-0.401543,-0.251936
2026-07-20 14:31:43.700,14.899986,0.000000,0.000000,0.000000,0.320230,-0.391809,-0.279337,0.124257,-0.357937,-0.279196,0.222244,-0.374873,-0.279267,0.197771,-0.402471,-0.255931,0.213981,-0.413648,-0.211190,0.242983,-0.407773,-0.252921
2026-07-20 14:31:43.800,14.999986,0.000000,0.000000,0.000000,0.320634,-0.385750,-0.279030,0.124125,-0.352876,-0.278036,0.222380,-0.369313,-0.278533,0.197388,-0.399397,-0.254906,0.213770,-0.409594,-0.210082,0.242544,-0.404685,-0.251899
2026-07-20 14:31:43.900,15.099986,0.000000,0.000000,0.000000,0.321205,-0.393943,-0.280830,0.124452,-0.359061,-0.278810,0.222828,-0.376502,-0.279820,0.197704,-0.405478,-0.256568,0.214086,-0.415675,-0.211744,0.242848,-0.410664,-0.254429
2026-07-20 14:31:44.000,15.199986,0.000000,0.000000,0.000000,0.320020,-0.387755,-0.278229,0.123970,-0.354890,-0.278141,0.221995,-0.371322,-0.278185,0.197561,-0.398417,-0.254823,0.213770,-0.409594,-0.210082,0.242533,-0.404583,-0.252767
2026-07-20 14:31:44.100,15.299985,0.000000,0.000000,0.000000,0.321256,-0.387926,-0.279394,0.124100,-0.354896,-0.278365,0.222678,-0.371411,-0.278880,0.197614,-0.399430,-0.255100,0.213618,-0.411475,-0.211358,0.242585,-0.405597,-0.253044
2026-07-20 14:31:44.200,15.399985,0.000000,0.000000,0.000000,0.321204,-0.386913,-0.279117,0.124047,-0.353883,-0.278088,0.222626,-0.370398,-0.278603,0.197388,-0.399397,-0.254906,0.213565,-0.410462,-0.211081,0.242533,-0.404583,-0.252767
2026-07-20 14:31:44.300,15.499985,0.000000,0.000000,0.000000,0.321204,-0.386913,-0.279117,0.124125,-0.352876,-0.278036,0.222664,-0.369894,-0.278577,0.197561,-0.398417,-0.254823,0.213770,-0.409594,-0.210082,0.242533,-0.404583,-0.252767
2026-07-20 14:31:44.400,15.599985,0.000000,0.000000,0.000000,0.321151,-0.385899,-0.278840,0.124072,-0.351862,-0.277759,0.222612,-0.368881,-0.278300,0.197336,-0.398383,-0.254629,0.213718,-0.408581,-0.209805,0.242480,-0.403570,-0.252490
2026-07-20 14:31:44.500,15.699985,0.000000,0.000000,0.000000,0.321047,-0.390902,-0.279999,0.124205,-0.356923,-0.278919,0.222626,-0.373913,-0.279459,0.197719,-0.401457,-0.255654,0.213723,-0.413502,-0.211912,0.242690,-0.407624,-0.253598
2026-07-20 14:31:44.600,15.799985,0.000000,0.000000,0.000000,0.320113,-0.389676,-0.279685,0.124152,-0.355910,-0.278642,0.222133,-0.372793,-0.279164,0.197493,-0.401424,-0.255460,0.213864,-0.411520,-0.211496,0.242638,-0.406610,-0.253321
2026-07-20 14:31:44.700,15.899985,0.000000,0.000000,0.000000,0.320543,-0.390860,-0.279285,0.124335,-0.356930,-0.279144,0.222439,-0.373895,-0.279215,0.197771,-0.402471,-0.255931,0.213969,-0.413547,-0.212050,0.242743,-0.408637,-0.253875
2026-07-20 14:31:44.800,15.999985,0.000000,0.000000,0.000000,0.320954,-0.388981,-0.278542,0.124100,-0.354896,-0.278365,0.222527,-0.371939,-0.278454,0.197614,-0.399430,-0.255100,0.213618,-0.411475,-0.211358,0.242585,-0.405597,-0.253044
2026-07-20 14:31:44.900,16.099985,0.000000,0.000000,0.000000,0.320022,-0.394785,-0.279942,0.124285,-0.360971,-0.279803,0.222153,-0.377878,-0.279872,0.197876,-0.404498,-0.256485,0.213881,-0.416543,-0.212743,0.242848,-0.410664,-0.254429
2026-07-20 14:31:45.000,16.199985,0.000000,0.000000,0.000000,0.320333,-0.386806,-0.278177,0.123970,-0.354890,-0.278141,0.222151,-0.370848,-0.278159,0.197561,-0.398417,-0.254823,0.213577,-0.410563,-0.210222,0.242533,-0.404583,-0.252767
2026-07-20 14:31:45.100,16.299984,0.000000,0.000000,0.000000,0.321373,-0.390060,-0.279045,0.124205,-0.356923,-0.278919,0.222789,-0.373491,-0.278982,0.197719,-0.401457,-0.255654,0.213734,-0.413603,-0.211053,0.242702,-0.407726,-0.252730
2026-07-20 14:31:45.200,16.399984,0.000000,0.000000,0.000000,0.320386,-0.387819,-0.278454,0.124022,-0.355903,-0.278418,0.222204,-0.371861,-0.278436,0.197614,-0.399430,-0.255100,0.213629,-0.411576,-0.210499,0.242585,-0.405597,-0.253044
2026-07-20 14:31:45.300,16.499984,0.000000,0.000000,0.000000,0.320901,-0.387968,-0.278265,0.124047,-0.353883,-0.278088,0.222474,-0.370925,-0.278177,0.197561,-0.398417,-0.254823,0.213577,-0.410563,-0.210222,0.242533,-0.404583,-0.252767
2026-07-20 14:31:45.400,16.599984,0.000000,0.000000,0.000000,0.319812,-0.390731,-0.278834,0.124152,-0.355910,-0.278642,0.221982,-0.373320,-0.278738,0.197666,-0.400444,-0.255377,0.213876,-0.411621,-0.210636,0.242638,-0.406610,-0.253321
2026-07-20 14:31:45.500,16.699984,0.000000,0.000000,0.000000,0.321059,-0.391008,-0.279096,0.124205,-0.356923,-0.278919,0.222632,-0.373966,-0.279008,0.197730,-0.401558,-0.254792,0.213734,-0.413603,-0.211053,0.242690,-0.407624,-0.253598
2026-07-20 14:31:45.600,16.799984,0.000000,0.000000,0.000000,0.320479,-0.389740,-0.279912,0.124205,-0.356923,-0.278919,0.222342,-0.373332,-0.279416,0.197546,-0.402437,-0.255737,0.213917,-0.412534,-0.211773,0.242690,-0.407624,-0.253598
2026-07-20 14:31:45.700,16.899984,0.000000,0.000000,0.000000,0.320281,-0.385792,-0.277900,0.123995,-0.352869,-0.277811,0.222138,-0.369331,-0.277856,0.197509,-0.397403,-0.254546,0.213718,-0.408581,-0.209805,0.242708,-0.402604,-0.252405
2026-07-20 14:31:45.800,16.999984,0.000000,0.000000,0.000000,0.319810,-0.383701,-0.277121,0.123759,-0.350836,-0.277033,0.221785,-0.367268,-0.277077,0.197351,-0.394363,-0.253715,0.213560,-0.405540,-0.208974,0.242323,-0.400529,-0.251659
2026-07-20 14:31:45.900,17.099984,0.000000,0.000000,0.000000,0.320648,-0.392887,-0.279839,0.124440,-0.358957,-0.279698,0.222544,-0.375922,-0.279769,0.197876,-0.404498,-0.256485,0.213881,-0.416543,-0.212743,0.242848,-0.410664,-0.254429
2026-07-20 14:31:46.000,17.199984,0.000000,0.000000,0.000000,0.321217,-0.394049,-0.279927,0.124362,-0.359964,-0.279750,0.222790,-0.377006,-0.279839,0.197876,-0.404498,-0.256485,0.213881,-0.416543,-0.212743,0.242848,-0.410664,-0.254429
2026-07-20 14:31:46.100,17.299984,0.000000,0.000000,0.000000,0.320176,-0.383765,-0.277346,0.123967,-0.349835,-0.277205,0.222071,-0.366800,-0.277276,0.197404,-0.395376,-0.253992,0.213419,-0.407522,-0.209391,0.242489,-0.401060,-0.251893
2026-07-20 14:31:46.200,17.399983,0.000000,0.000000,0.000000,0.321204,-0.386913,-0.279117,0.124280,-0.350862,-0.277931,0.222742,-0.368887,-0.278524,0.197561,-0.398417,-0.254823,0.213759,-0.409493,-0.210942,0.242533,-0.404583,-0.252767
2026-07-20 14:31:46.300,17.499983,0.000000,0.000000,0.000000,0.320333,-0.386806,-0.278177,0.124125,-0.352876,-0.278036,0.222229,-0.369841,-0.278107,0.197561,-0.398417,-0.254823,0.213770,-0.409594,-0.210082,0.242533,-0.404583,-0.252767
2026-07-20 14:31:46.400,17.599983,0.000000,0.000000,0.000000,0.320849,-0.386954,-0.277988,0.124072,-0.351862,-0.277759,0.222461,-0.369408,-0.277874,0.197509,-0.397403,-0.254546,0.213524,-0.409549,-0.209945,0.242720,-0.402706,-0.251536
2026-07-20 14:31:46.500,17.699983,0.000000,0.000000,0.000000,0.321163,-0.386006,-0.277937,0.123995,-0.352869,-0.277811,0.222579,-0.369437,-0.277874,0.197509,-0.397403,-0.254546,0.213718,-0.408581,-0.209805,0.242480,-0.403570,-0.252490
2026-07-20 14:31:46.600,17.799983,0.000000,0.000000,0.000000,0.320230,-0.391809,-0.279337,0.124257,-0.357937,-0.279196,0.222244,-0.374873,-0.279267,0.197771,-0.402471,-0.255931,0.213775,-0.414516,-0.212189,0.242743,-0.408637,-0.253875
2026-07-20 14:31:46.700,17.899983,0.000000,0.000000,0.000000,0.319695,-0.388598,-0.279181,0.124047,-0.353883,-0.278088,0.221871,-0.371240,-0.278635,0.197561,-0.398417,-0.254823,0.213770,-0.409594,-0.210082,0.242761,-0.403617,-0.252682
2026-07-20 14:31:46.800,17.999983,0.000000,0.000000,0.000000,0.319967,-0.386741,-0.277952,0.123995,-0.352869,-0.277811,0.221981,-0.369805,-0.277882,0.197509,-0.397403,-0.254546,0.213718,-0.408581,-0.209805,0.242492,-0.403672,-0.251622
2026-07-20 14:31:46.900,18.099983,0.000000,0.000000,0.000000,0.320176,-0.383765,-0.277346,0.123890,-0.350842,-0.277257,0.222033,-0.367304,-0.277302,0.197404,-0.395376,-0.253992,0.213408,-0.407421,-0.210250,0.242375,-0.401543,-0.251936
2026-07-20 14:31:47.000,18.199983,0.000000,0.000000,0.000000,0.320596,-0.391873,-0.279562,0.124388,-0.357943,-0.279421,0.222492,-0.374908,-0.279492,0.197824,-0.403484,-0.256208,0.213828,-0.415529,-0.212466,0.242795,-0.409651,-0.254152
2026-07-20 14:31:47.100,18.299983,0.000000,0.000000,0.000000,0.321268,-0.388033,-0.278491,0.124022,-0.355903,-0.278418,0.222645,-0.371968,-0.278454,0.197614,-0.399430,-0.255100,0.213618,-0.411475,-0.211358,0.242825,-0.404733,-0.252090
2026-07-20 14:31:47.200,18.399982,0.000000,0.000000,0.000000,0.321216,-0.387019,-0.278214,0.124047,-0.353883,-0.278088,0.222631,-0.370451,-0.278151,0.197561,-0.398417,-0.254823,0.213577,-0.410563,-0.210222,0.242761,-0.403617,-0.252682
2026-07-20 14:31:47.300,18.499982,0.000000,0.000000,0.000000,0.320890,-0.387862,-0.279168,0.123970,-0.354890,-0.278141,0.222430,-0.371376,-0.278654,0.197561,-0.398417,-0.254823,0.213770,-0.409594,-0.210082,0.242533,-0.404583,-0.252767
2026-07-20 14:31:47.400,18.599982,0.000000,0.000000,0.000000,0.321268,-0.388033,-0.278491,0.124100,-0.354896,-0.278365,0.222684,-0.371464,-0.278428,0.197614,-0.399430,-0.255100,0.213823,-0.410608,-0.210359,0.242814,-0.404631,-0.252959
2026-07-20 14:31:47.500,18.699982,0.000000,0.000000,0.000000,0.320020,-0.387755,-0.278229,0.124047,-0.353883,-0.278088,0.222034,-0.370819,-0.278159,0.197388,-0.399397,-0.254906,0.213565,-0.410462,-0.211081,0.242533,-0.404583,-0.252767
2026-07-20 14:31:47.600,18.799982,0.000000,0.000000,0.000000,0.320178,-0.390795,-0.279060,0.124283,-0.355916,-0.278867,0.222230,-0.373356,-0.278963,0.197546,-0.402437,-0.255737,0.213734,-0.413603,-0.211053,0.242690,-0.407624,-0.253598
2026-07-20 14:31:47.700,18.899982,0.000000,0.000000,0.000000,0.320230,-0.391809,-0.279337,0.124257,-0.357937,-0.279196,0.222244,-0.374873,-0.279267,0.197771,-0.402471,-0.255931,0.213775,-0.414516,-0.212189,0.242971,-0.407671,-0.253790
2026-07-20 14:31:47.800,18.999982,0.000000,0.000000,0.000000,0.320178,-0.390795,-0.279060,0.124205,-0.356923,-0.278919,0.222191,-0.373859,-0.278990,0.197546,-0.402437,-0.255737,0.213734,-0.413603,-0.211053,0.242690,-0.407624,-0.253598
2026-07-20 14:31:47.900,19.099982,0.000000,0.000000,0.000000,0.320954,-0.388981,-0.278542,0.124100,-0.354896,-0.278365,0.222527,-0.371939,-0.278454,0.197441,-0.400410,-0.255183,0.213618,-0.411475,-0.211358,0.242585,-0.405597,-0.253044
2026-07-20 14:31:48.000,19.199982,0.000000,0.000000,0.000000,0.321309,-0.388940,-0.279671,0.124075,-0.356917,-0.278695,0.222692,-0.372928,-0.279183,0.197666,-0.400444,-0.255377,0.213682,-0.412590,-0.210777,0.242877,-0.405746,-0.252367
2026-07-20 14:31:48.100,19.299982,0.000000,0.000000,0.000000,0.320648,-0.392887,-0.279839,0.124362,-0.359964,-0.279750,0.222505,-0.376425,-0.279795,0.197876,-0.404498,-0.256485,0.213892,-0.416644,-0.211885,0.242848,-0.410664,-0.254429
2026-07-20 14:31:48.200,19.399981,0.000000,0.000000,0.000000,0.321426,-0.391073,-0.279322,0.124257,-0.357937,-0.279196,0.222842,-0.374505,-0.279259,0.197771,-0.402471,-0.255931,0.213981,-0.413648,-0.211190,0.242743,-0.408637,-0.253875
2026-07-20 14:31:48.300,19.499981,0.000000,0.000000,0.000000,0.320438,-0.388833,-0.278731,0.124230,-0.354903,-0.278590,0.222334,-0.371868,-0.278661,0.197666,-0.400444,-0.255377,0.213682,-0.412590,-0.210777,0.242877,-0.405746,-0.252367
2026-07-20 14:31:48.400,19.599981,0.000000,0.000000,0.000000,0.321414,-0.390967,-0.280225,0.124257,-0.357937,-0.279196,0.222836,-0.374452,-0.279711,0.197771,-0.402471,-0.255931,0.213981,-0.413648,-0.211190,0.242743,-0.408637,-0.253875
2026-07-20 14:31:48.500,19.699981,0.000000,0.000000,0.000000,0.320438,-0.388833,-0.278731,0.124152,-0.355910,-0.278642,0.222295,-0.372371,-0.278687,0.197493,-0.401424,-0.255460,0.213670,-0.412489,-0.211635,0.242638,-0.406610,-0.253321
2026-07-20 14:31:48.600,19.799981,0.000000,0.000000,0.000000,0.320216,-0.384672,-0.278527,0.123865,-0.352863,-0.277587,0.222040,-0.368768,-0.278057,0.197456,-0.396390,-0.254269,0.213460,-0.408435,-0.210527,0.242428,-0.402556,-0.252213
2026-07-20 14:31:48.700,19.899981,0.000000,0.000000,0.000000,0.321100,-0.391916,-0.280276,0.124257,-0.357937,-0.279196,0.222679,-0.374926,-0.279736,0.197599,-0.403451,-0.256014,0.213775,-0.414516,-0.212189,0.242743,-0.408637,-0.253875
2026-07-20 14:31:48.800,19.999981,0.000000,0.000000,0.000000,0.321205,-0.393943,-0.280830,0.124285,-0.360971,-0.279803,0.222745,-0.377457,-0.280316,0.197704,-0.405478,-0.256568,0.214086,-0.415675,-0.211744,0.242859,-0.410766,-0.253562
2026-07-20 14:31:48.900,20.099981,0.000000,0.000000,0.000000,0.320596,-0.391873,-0.279562,0.124310,-0.358950,-0.279473,0.222453,-0.375412,-0.279518,0.197824,-0.403484,-0.256208,0.214022,-0.414561,-0.212327,0.242795,-0.409651,-0.254152
2026-07-20 14:31:49.000,20.199981,0.000000,0.000000,0.000000,0.320008,-0.387649,-0.279131,0.124125,-0.352876,-0.278036,0.222067,-0.370262,-0.278584,0.197388,-0.399397,-0.254906,0.213577,-0.410563,-0.210222,0.242772,-0.403719,-0.251813
2026-07-20 14:31:49.100,20.299981,0.000000,0.000000,0.000000,0.321163,-0.386006,-0.277937,0.123917,-0.353876,-0.277864,0.222540,-0.369941,-0.277900,0.197336,-0.398383,-0.254629,0.213718,-0.408581,-0.209805,0.242480,-0.403570,-0.252490
2026-07-20 14:31:49.200,20.399981,0.000000,0.000000,0.000000,0.321309,-0.388940,-0.279671,0.124152,-0.355910,-0.278642,0.222731,-0.372425,-0.279157,0.197666,-0.400444,-0.255377,0.213670,-0.412489,-0.211635,0.242877,-0.405746,-0.252367
2026-07-20 14:31:49.300,20.499980,0.000000,0.000000,0.000000,0.321047,-0.390902,-0.279999,0.124205,-0.356923,-0.278919,0.222626,-0.373913,-0.279459,0.197719,-0.401457,-0.255654,0.213723,-0.413502,-0.211912,0.242690,-0.407624,-0.253598
2026-07-20 14:31:49.400,20.599980,0.000000,0.000000,0.000000,0.320890,-0.387862,-0.279168,0.124047,-0.353883,-0.278088,0.222468,-0.370872,-0.278628,0.197388,-0.399397,-0.254906,0.213770,-0.409594,-0.210082,0.242533,-0.404583,-0.252767
2026-07-20 14:31:49.500,20.699980,0.000000,0.000000,0.000000,0.321204,-0.386913,-0.279117,0.124047,-0.353883,-0.278088,0.222626,-0.370398,-0.278603,0.197388,-0.399397,-0.254906,0.213565,-0.410462,-0.211081,0.242533,-0.404583,-0.252767
2026-07-20 14:31:49.600,20.799980,0.000000,0.000000,0.000000,0.320333,-0.386806,-0.278177,0.124125,-0.352876,-0.278036,0.222229,-0.369841,-0.278107,0.197561,-0.398417,-0.254823,0.213674,-0.410079,-0.210152,0.242761,-0.403617,-0.252682
2026-07-20 14:31:49.700,20.899980,0.000000,0.000000,0.000000,0.321583,-0.394113,-0.280153,0.124493,-0.359970,-0.279975,0.223038,-0.377042,-0.280064,0.197929,-0.405511,-0.256762,0.213933,-0.417556,-0.213020,0.243140,-0.410814,-0.253752
2026-07-20 14:31:49.800,20.999980,0.000000,0.000000,0.000000,0.320166,-0.390689,-0.279962,0.124205,-0.356923,-0.278919,0.222185,-0.373806,-0.279441,0.197719,-0.401457,-0.255654,0.213734,-0.413603,-0.211053,0.242690,-0.407624,-0.253598
2026-07-20 14:31:49.900,21.099980,0.000000,0.000000,0.000000,0.320323,-0.393730,-0.280793,0.124362,-0.359964,-0.279750,0.222343,-0.376847,-0.280272,0.197876,-0.404498,-0.256485,0.213881,-0.416543,-0.212743,0.243076,-0.409698,-0.254344
2026-07-20 14:31:50.000,21.199980,0.000000,0.000000,0.000000,0.320020,-0.387755,-0.278229,0.123970,-0.354890,-0.278141,0.221995,-0.371322,-0.278185,0.197561,-0.398417,-0.254823,0.213770,-0.409594,-0.210082,0.242533,-0.404583,-0.252767
2026-07-20 14:31:50.100,21.299980,0.000000,0.000000,0.000000,0.321636,-0.395127,-0.280430,0.124468,-0.361991,-0.280304,0.223052,-0.378559,-0.280367,0.197982,-0.406525,-0.257039,0.213986,-0.418570,-0.213297,0.242953,-0.412691,-0.254983
2026-07-20 14:31:50.200,21.399980,0.000000,0.000000,0.000000,0.321047,-0.390902,-0.279999,0.124205,-0.356923,-0.278919,0.222626,-0.373913,-0.279459,0.197546,-0.402437,-0.255737,0.213928,-0.412635,-0.210913,0.242690,-0.407624,-0.253598
2026-07-20 14:31:50.300,21.499979,0.000000,0.000000,0.000000,0.320230,-0.391809,-0.279337,0.124335,-0.356930,-0.279144,0.222283,-0.374369,-0.279240,0.197771,-0.402471,-0.255931,0.213775,-0.414516,-0.212189,0.242743,-0.408637,-0.253875
2026-07-20 14:31:50.400,21.599979,0.000000,0.000000,0.000000,0.320543,-0.390860,-0.279285,0.124335,-0.356930,-0.279144,0.222439,-0.373895,-0.279215,0.197771,-0.402471,-0.255931,0.213775,-0.414516,-0.212189,0.242754,-0.408739,-0.253008
2026-07-20 14:31:50.500,21.699979,0.000000,0.000000,0.000000,0.320438,-0.388833,-0.278731,0.124152,-0.355910,-0.278642,0.222295,-0.372371,-0.278687,0.197493,-0.401424,-0.255460,0.213682,-0.412590,-0.210777,0.242866,-0.405644,-0.253236
2026-07-20 14:31:50.600,21.799979,0.000000,0.000000,0.000000,0.320890,-0.387862,-0.279168,0.124125,-0.352876,-0.278036,0.222507,-0.370369,-0.278602,0.197388,-0.399397,-0.254906,0.213565,-0.410462,-0.211081,0.242544,-0.404685,-0.251899
2026-07-20 14:31:50.700,21.899979,0.000000,0.000000,0.000000,0.320073,-0.388768,-0.278506,0.124022,-0.355903,-0.278418,0.222047,-0.372336,-0.278462,0.197441,-0.400410,-0.255183,0.213618,-0.411475,-0.211358,0.242585,-0.405597,-0.253044
2026-07-20 14:31:50.800,21.999979,0.000000,0.000000,0.000000,0.320020,-0.387755,-0.278229,0.124047,-0.353883,-0.278088,0.222034,-0.370819,-0.278159,0.197388,-0.399397,-0.254906,0.213759,-0.409493,-0.210942,0.242533,-0.404583,-0.252767
2026-07-20 14:31:50.900,22.099979,0.000000,0.000000,0.000000,0.321047,-0.390902,-0.279999,0.124127,-0.357930,-0.278972,0.222587,-0.374416,-0.279485,0.197719,-0.401457,-0.255654,0.213928,-0.412635,-0.210913,0.242690,-0.407624,-0.253598
2026-07-20 14:31:51.000,22.199979,0.000000,0.000000,0.000000,0.320890,-0.387862,-0.279168,0.124047,-0.353883,-0.278088,0.222468,-0.370872,-0.278628,0.197561,-0.398417,-0.254823,0.213577,-0.410563,-0.210222,0.242533,-0.404583,-0.252767
2026-07-20 14:31:51.100,22.299979,0.000000,0.000000,0.000000,0.320942,-0.388875,-0.279445,0.124022,-0.355903,-0.278418,0.222482,-0.372389,-0.278931,0.197614,-0.399430,-0.255100,0.213629,-0.411576,-0.210499,0.242814,-0.404631,-0.252959
2026-07-20 14:31:51.200,22.399979,0.000000,0.000000,0.000000,0.321373,-0.390060,-0.279045,0.124283,-0.355916,-0.278867,0.222828,-0.372988,-0.278956,0.197546,-0.402437,-0.255737,0.213734,-0.413603,-0.211053,0.242690,-0.407624,-0.253598
2026-07-20 14:31:51.300,22.499979,0.000000,0.000000,0.000000,0.320419,-0.392800,-0.280099,0.124205,-0.356923,-0.278919,0.222312,-0.374862,-0.279509,0.197719,-0.401457,-0.255654,0.213734,-0.413603,-0.211053,0.242690,-0.407624,-0.253598
2026-07-20 14:31:51.400,22.599978,0.000000,0.000000,0.000000,0.319967,-0.386741,-0.277952,0.124072,-0.351862,-0.277759,0.222020,-0.369302,-0.277855,0.197509,-0.397403,-0.254546,0.213718,-0.408581,-0.209805,0.242480,-0.403570,-0.252490
2026-07-20 14:31:51.500,22.699978,0.000000,0.000000,0.000000,0.321478,-0.392087,-0.279599,0.124310,-0.358950,-0.279473,0.222894,-0.375518,-0.279536,0.197824,-0.403484,-0.256208,0.214033,-0.414662,-0.211467,0.242807,-0.409753,-0.253284
2026-07-20 14:31:51.600,22.799978,0.000000,0.000000,0.000000,0.320073,-0.388768,-0.278506,0.124177,-0.353889,-0.278313,0.222125,-0.371329,-0.278409,0.197614,-0.399430,-0.255100,0.213812,-0.410507,-0.211219,0.242585,-0.405597,-0.253044
2026-07-20 14:31:51.700,22.899978,0.000000,0.000000,0.000000,0.320125,-0.389782,-0.278783,0.124075,-0.356917,-0.278695,0.222100,-0.373349,-0.278739,0.197666,-0.400444,-0.255377,0.213864,-0.411520,-0.211496,0.242866,-0.405644,-0.253236
2026-07-20 14:31:51.800,22.999978,0.000000,0.000000,0.000000,0.320283,-0.392822,-0.279614,0.124310,-0.358950,-0.279473,0.222296,-0.375886,-0.279544,0.197824,-0.403484,-0.256208,0.213828,-0.415529,-0.212466,0.242795,-0.409651,-0.254152
2026-07-20 14:31:51.900,23.099978,0.000000,0.000000,0.000000,0.320333,-0.386806,-0.278177,0.124125,-0.352876,-0.278036,0.222229,-0.369841,-0.278107,0.197561,-0.398417,-0.254823,0.213577,-0.410563,-0.210222,0.242533,-0.404583,-0.252767
2026-07-20 14:31:52.000,23.199978,0.000000,0.000000,0.000000,0.320687,-0.386764,-0.279307,0.124100,-0.354896,-0.278365,0.222393,-0.370830,-0.278836,0.197614,-0.399430,-0.255100,0.213629,-0.411576,-0.210499,0.242585,-0.405597,-0.253044
2026-07-20 14:31:52.100,23.299978,0.000000,0.000000,0.000000,0.320020,-0.387755,-0.278229,0.124047,-0.353883,-0.278088,0.222034,-0.370819,-0.278159,0.197561,-0.398417,-0.254823,0.213577,-0.410563,-0.210222,0.242533,-0.404583,-0.252767
2026-07-20 14:31:52.200,23.399978,0.000000,0.000000,0.000000,0.321268,-0.388033,-0.278491,0.124022,-0.355903,-0.278418,0.222645,-0.371968,-0.278454,0.197614,-0.399430,-0.255100,0.213823,-0.410608,-0.210359,0.242585,-0.405597,-0.253044
2026-07-20 14:31:52.300,23.499978,0.000000,0.000000,0.000000,0.321152,-0.392929,-0.280553,0.124388,-0.357943,-0.279421,0.222770,-0.375436,-0.279987,0.197824,-0.403484,-0.256208,0.214033,-0.414662,-0.211467,0.242795,-0.409651,-0.254152
2026-07-20 14:31:52.400,23.599977,0.000000,0.000000,0.000000,0.321151,-0.385899,-0.278840,0.124072,-0.351862,-0.277759,0.222612,-0.368881,-0.278300,0.197509,-0.397403,-0.254546,0.213513,-0.409448,-0.210804,0.242480,-0.403570,-0.252490
2026-07-20 14:31:52.500,23.699977,0.000000,0.000000,0.000000,0.321111,-0.384992,-0.277660,0.124020,-0.350849,-0.277482,0.222565,-0.367920,-0.277571,0.197283,-0.397370,-0.254352,0.213654,-0.407466,-0.210388,0.242439,-0.402658,-0.251345
2026-07-20 14:31:52.600,23.799977,0.000000,0.000000,0.000000,0.320061,-0.388662,-0.279408,0.124100,-0.354896,-0.278365,0.222080,-0.371779,-0.278887,0.197614,-0.399430,-0.255100,0.213618,-0.411475,-0.211358,0.242585,-0.405597,-0.253044
2026-07-20 14:31:52.700,23.899977,0.000000,0.000000,0.000000,0.320178,-0.390795,-0.279060,0.124360,-0.354909,-0.278815,0.222269,-0.372852,-0.278937,0.197719,-0.401457,-0.255654,0.213734,-0.413603,-0.211053,0.242690,-0.407624,-0.253598
2026-07-20 14:31:52.800,23.999977,0.000000,0.000000,0.000000,0.319903,-0.385622,-0.278577,0.123942,-0.351856,-0.277534,0.221923,-0.368739,-0.278056,0.197283,-0.397370,-0.254352,0.213665,-0.407567,-0.209528,0.242428,-0.402556,-0.252213
2026-07-20 14:31:52.900,24.099977,0.000000,0.000000,0.000000,0.320176,-0.383765,-0.277346,0.123967,-0.349835,-0.277205,0.222071,-0.366800,-0.277276,0.197404,-0.395376,-0.253992,0.213419,-0.407522,-0.209391,0.242386,-0.401645,-0.251068
2026-07-20 14:31:53.000,24.199977,0.000000,0.000000,0.000000,0.320954,-0.388981,-0.278542,0.124177,-0.353889,-0.278313,0.222566,-0.371435,-0.278428,0.197614,-0.399430,-0.255100,0.213629,-0.411576,-0.210499,0.242585,-0.405597,-0.253044
2026-07-20 14:31:53.100,24.299977,0.000000,0.000000,0.000000,0.320523,-0.387797,-0.278941,0.123917,-0.353876,-0.277864,0.222220,-0.370837,-0.278402,0.197336,-0.398383,-0.254629,0.213513,-0.409448,-0.210804,0.242480,-0.403570,-0.252490
2026-07-20 14:31:53.200,24.399977,0.000000,0.000000,0.000000,0.319956,-0.386635,-0.278854,0.123917,-0.353876,-0.277864,0.221936,-0.370256,-0.278359,0.197509,-0.397403,-0.254546,0.213524,-0.409549,-0.209945,0.242480,-0.403570,-0.252490
2026-07-20 14:31:53.300,24.499977,0.000000,0.000000,0.000000,0.319967,-0.386741,-0.277952,0.123995,-0.352869,-0.277811,0.221981,-0.369805,-0.277882,0.197509,-0.397403,-0.254546,0.213513,-0.409448,-0.210804,0.242480,-0.403570,-0.252490
2026-07-20 14:31:53.400,24.599977,0.000000,0.000000,0.000000,0.320386,-0.387819,-0.278454,0.124255,-0.352882,-0.278261,0.222320,-0.370351,-0.278357,0.197614,-0.399430,-0.255100,0.213726,-0.411092,-0.210429,0.242585,-0.405597,-0.253044
2026-07-20 14:31:53.500,24.699976,0.000000,0.000000,0.000000,0.321361,-0.389953,-0.279948,0.124205,-0.356923,-0.278919,0.222783,-0.373438,-0.279434,0.197546,-0.402437,-0.255737,0.213928,-0.412635,-0.210913,0.242690,-0.407624,-0.253598
2026-07-20 14:31:53.600,24.799976,0.000000,0.000000,0.000000,0.320333,-0.386806,-0.278177,0.124047,-0.353883,-0.278088,0.222190,-0.370344,-0.278133,0.197561,-0.398417,-0.254823,0.213577,-0.410563,-0.210222,0.242772,-0.403719,-0.251813
2026-07-20 14:31:53.700,24.899976,0.000000,0.000000,0.000000,0.320785,-0.385835,-0.278614,0.123942,-0.351856,-0.277534,0.222363,-0.368845,-0.278074,0.197456,-0.396390,-0.254269,0.213654,-0.407466,-0.210388,0.242428,-0.402556,-0.252213
2026-07-20 14:31:53.800,24.999976,0.000000,0.000000,0.000000,0.320335,-0.393836,-0.279891,0.124362,-0.359964,-0.279750,0.222349,-0.376900,-0.279821,0.197876,-0.404498,-0.256485,0.213881,-0.416543,-0.212743,0.242859,-0.410766,-0.253562
2026-07-20 14:31:53.900,25.099976,0.000000,0.000000,0.000000,0.319915,-0.385728,-0.277675,0.124020,-0.350849,-0.277482,0.221967,-0.368288,-0.277578,0.197456,-0.396390,-0.254269,0.213460,-0.408435,-0.210527,0.242667,-0.401692,-0.251259
2026-07-20 14:31:54.000,25.199976,0.000000,0.000000,0.000000,0.320901,-0.387968,-0.278265,0.124125,-0.352876,-0.278036,0.222513,-0.370422,-0.278151,0.197561,-0.398417,-0.254823,0.213759,-0.409493,-0.210942,0.242761,-0.403617,-0.252682
2026-07-20 14:31:54.100,25.299976,0.000000,0.000000,0.000000,0.319967,-0.386741,-0.277952,0.123995,-0.352869,-0.277811,0.221981,-0.369805,-0.277882,0.197336,-0.398383,-0.254629,0.213513,-0.409448,-0.210804,0.242480,-0.403570,-0.252490
2026-07-20 14:31:54.200,25.399976,0.000000,0.000000,0.000000,0.320125,-0.389782,-0.278783,0.124230,-0.354903,-0.278590,0.222178,-0.372342,-0.278686,0.197493,-0.401424,-0.255460,0.213876,-0.411621,-0.210636,0.235640,-0.406463,-0.158259
2026-07-20 14:31:54.300,25.499976,0.000000,0.000000,0.000000,0.321216,-0.387019,-0.278214,0.123970,-0.354890,-0.278141,0.222593,-0.370955,-0.278177,0.197388,-0.399397,-0.254906,0.213770,-0.409594,-0.210082,0.242647,-0.404100,-0.252724
2026-07-20 14:31:54.400,25.599976,0.000000,0.000000,0.000000,0.320125,-0.389782,-0.278783,0.124152,-0.355910,-0.278642,0.222139,-0.372846,-0.278713,0.197666,-0.400444,-0.255377,0.213682,-0.412590,-0.210777,0.242877,-0.405746,-0.252367
2026-07-20 14:31:54.500,25.699975,0.000000,0.000000,0.000000,0.321059,-0.391008,-0.279096,0.124205,-0.356923,-0.278919,0.222632,-0.373966,-0.279008,0.197719,-0.401457,-0.255654,0.213723,-0.413502,-0.211912,0.242690,-0.407624,-0.253598
2026-07-20 14:31:54.600,25.799975,0.000000,0.000000,0.000000,0.321373,-0.390060,-0.279045,0.124205,-0.356923,-0.278919,0.222789,-0.373491,-0.278982,0.197719,-0.401457,-0.255654,0.213734,-0.413603,-0.211053,0.242930,-0.406760,-0.252644
2026-07-20 14:31:54.700,25.899975,0.000000,0.000000,0.000000,0.321256,-0.387926,-0.279394,0.124177,-0.353889,-0.278313,0.222717,-0.370908,-0.278854,0.197614,-0.399430,-0.255100,0.213629,-0.411576,-0.210499,0.242597,-0.405699,-0.252176
2026-07-20 14:31:54.800,25.999975,0.000000,0.000000,0.000000,0.320178,-0.390795,-0.279060,0.124205,-0.356923,-0.278919,0.222191,-0.373859,-0.278990,0.197546,-0.402437,-0.255737,0.213723,-0.413502,-0.211912,0.242919,-0.406658,-0.253513
2026-07-20 14:31:54.900,26.099975,0.000000,0.000000,0.000000,0.320333,-0.386806,-0.278177,0.124047,-0.353883,-0.278088,0.222190,-0.370344,-0.278133,0.197561,-0.398417,-0.254823,0.213565,-0.410462,-0.211081,0.242533,-0.404583,-0.252767
2026-07-20 14:31:55.000,26.199975,0.000000,0.000000,0.000000,0.320283,-0.392822,-0.279614,0.124310,-0.358950,-0.279473,0.222296,-0.375886,-0.279544,0.197824,-0.403484,-0.256208,0.214022,-0.414561,-0.212327,0.242795,-0.409651,-0.254152
2026-07-20 14:31:55.100,26.299975,0.000000,0.000000,0.000000,0.320491,-0.389846,-0.279008,0.124205,-0.356923,-0.278919,0.222348,-0.373385,-0.278964,0.197719,-0.401457,-0.255654,0.213928,-0.412635,-0.210913,0.242690,-0.407624,-0.253598
2026-07-20 14:31:55.200,26.399975,0.000000,0.000000,0.000000,0.320954,-0.388981,-0.278542,0.124177,-0.353889,-0.278313,0.222566,-0.371435,-0.278428,0.197614,-0.399430,-0.255100,0.213812,-0.410507,-0.211219,0.242585,-0.405597,-0.253044
2026-07-20 14:31:55.300,26.499975,0.000000,0.000000,0.000000,0.320995,-0.389889,-0.279722,0.124230,-0.354903,-0.278590,0.222612,-0.372396,-0.279156,0.197666,-0.400444,-0.255377,0.213670,-0.412489,-0.211635,0.242638,-0.406610,-0.253321
2026-07-20 14:31:55.400,26.599975,0.000000,0.000000,0.000000,0.321006,-0.389995,-0.278819,0.124308,-0.353896,-0.278538,0.222657,-0.371945,-0.278678,0.197666,-0.400444,-0.255377,0.213670,-0.412489,-0.211635,0.242638,-0.406610,-0.253321
2026-07-20 14:31:55.500,26.699975,0.000000,0.000000,0.000000,0.321204,-0.386913,-0.279117,0.124125,-0.352876,-0.278036,0.222664,-0.369894,-0.278577,0.197561,-0.398417,-0.254823,0.213759,-0.409493,-0.210942,0.242544,-0.404685,-0.251899
2026-07-20 14:31:55.600,26.799974,0.000000,0.000000,0.000000,0.320386,-0.387819,-0.278454,0.124022,-0.355903,-0.278418,0.222204,-0.371861,-0.278436,0.197441,-0.400410,-0.255183,0.213823,-0.410608,-0.210359,0.242597,-0.405699,-0.252176
2026-07-20 14:31:55.700,26.899974,0.000000,0.000000,0.000000,0.320073,-0.388768,-0.278506,0.124100,-0.354896,-0.278365,0.222086,-0.371832,-0.278436,0.197441,-0.400410,-0.255183,0.213618,-0.411475,-0.211358,0.242814,-0.404631,-0.252959
2026-07-20 14:31:55.800,26.999974,0.000000,0.000000,0.000000,0.320627,-0.382794,-0.277783,0.123707,-0.349822,-0.276756,0.222167,-0.366308,-0.277269,0.197299,-0.393349,-0.253438,0.213314,-0.405495,-0.208837,0.242270,-0.399516,-0.251382
2026-07-20 14:31:55.900,27.099974,0.000000,0.000000,0.000000,0.320440,-0.395863,-0.280445,0.124468,-0.361991,-0.280304,0.222454,-0.378927,-0.280375,0.197809,-0.407505,-0.257122,0.213997,-0.418671,-0.212439,0.242953,-0.412691,-0.254983
2026-07-20 14:31:56.000,27.199974,0.000000,0.000000,0.000000,0.320281,-0.385792,-0.277900,0.123917,-0.353876,-0.277864,0.222099,-0.369834,-0.277882,0.197509,-0.397403,-0.254546,0.213513,-0.409448,-0.210804,0.242492,-0.403672,-0.251622
2026-07-20 14:31:56.100,27.299974,0.000000,0.000000,0.000000,0.320230,-0.391809,-0.279337,0.124335,-0.356930,-0.279144,0.222283,-0.374369,-0.279240,0.197599,-0.403451,-0.256014,0.213775,-0.414516,-0.212189,0.242743,-0.408637,-0.253875
2026-07-20 14:31:56.200,27.399974,0.000000,0.000000,0.000000,0.320178,-0.390795,-0.279060,0.124205,-0.356923,-0.278919,0.222191,-0.373859,-0.278990,0.197546,-0.402437,-0.255737,0.213917,-0.412534,-0.211773,0.242690,-0.407624,-0.253598
2026-07-20 14:31:56.300,27.499974,0.000000,0.000000,0.000000,0.320230,-0.391809,-0.279337,0.124257,-0.357937,-0.279196,0.222244,-0.374873,-0.279267,0.197771,-0.402471,-0.255931,0.213775,-0.414516,-0.212189,0.242983,-0.407773,-0.252921
2026-07-20 14:31:56.400,27.599974,0.000000,0.000000,0.000000,0.321204,-0.386913,-0.279117,0.124047,-0.353883,-0.278088,0.222626,-0.370398,-0.278603,0.197561,-0.398417,-0.254823,0.213565,-0.410462,-0.211081,0.242533,-0.404583,-0.252767
2026-07-20 14:31:56.500,27.699974,0.000000,0.000000,0.000000,0.320020,-0.387755,-0.278229,0.124125,-0.352876,-0.278036,0.222072,-0.370315,-0.278132,0.197561,-0.398417,-0.254823,0.213565,-0.410462,-0.211081,0.242761,-0.403617,-0.252682
2026-07-20 14:31:56.600,27.799973,0.000000,0.000000,0.000000,0.321217,-0.394049,-0.279927,0.124285,-0.360971,-0.279803,0.222751,-0.377510,-0.279865,0.197876,-0.404498,-0.256485,0.213892,-0.416644,-0.211885,0.242620,-0.411630,-0.254514
2026-07-20 14:31:56.700,27.899973,0.000000,0.000000,0.000000,0.321059,-0.391008,-0.279096,0.124283,-0.355916,-0.278867,0.222671,-0.373462,-0.278982,0.197719,-0.401457,-0.255654,0.213734,-0.413603,-0.211053,0.242690,-0.407624,-0.253598
2026-07-20 14:31:56.800,27.999973,0.000000,0.000000,0.000000,0.320283,-0.392822,-0.279614,0.124232,-0.359957,-0.279526,0.222257,-0.376390,-0.279570,0.197824,-0.403484,-0.256208,0.214022,-0.414561,-0.212327,0.242795,-0.409651,-0.254152
2026-07-20 14:31:56.900,28.099973,0.000000,0.000000,0.000000,0.320020,-0.387755,-0.278229,0.123970,-0.354890,-0.278141,0.221995,-0.371322,-0.278185,0.197561,-0.398417,-0.254823,0.213759,-0.409493,-0.210942,0.242533,-0.404583,-0.252767
2026-07-20 14:31:57.000,28.199973,0.000000,0.000000,0.000000,0.321938,-0.394072,-0.281283,0.124468,-0.361991,-0.280304,0.223203,-0.378031,-0.280794,0.197982,-0.406525,-0.257039,0.213997,-0.418671,-0.212439,0.242964,-0.412793,-0.254116
2026-07-20 14:31:57.100,28.299973,0.000000,0.000000,0.000000,0.321322,-0.396076,-0.280481,0.124545,-0.360984,-0.280252,0.222933,-0.378530,-0.280367,0.197809,-0.407505,-0.257122,0.213997,-0.418671,-0.212439,0.243181,-0.411725,-0.254898
2026-07-20 14:31:57.200,28.399973,0.000000,0.000000,0.000000,0.321152,-0.392929,-0.280553,0.124310,-0.358950,-0.279473,0.222731,-0.375940,-0.280013,0.197651,-0.404464,-0.256291,0.214033,-0.414662,-0.211467,0.242795,-0.409651,-0.254152
2026-07-20 14:31:57.300,28.499973,0.000000,0.000000,0.000000,0.320890,-0.387862,-0.279168,0.124047,-0.353883,-0.278088,0.222468,-0.370872,-0.278628,0.197561,-0.398417,-0.254823,0.213565,-0.410462,-0.211081,0.242533,-0.404583,-0.252767
2026-07-20 14:31:57.400,28.599973,0.000000,0.000000,0.000000,0.321373,-0.390060,-0.279045,0.124283,-0.355916,-0.278867,0.222828,-0.372988,-0.278956,0.197546,-0.402437,-0.255737,0.213723,-0.413502,-0.211912,0.242690,-0.407624,-0.253598
2026-07-20 14:31:57.500,28.699973,0.000000,0.000000,0.000000,0.320491,-0.389846,-0.279008,0.124127,-0.357930,-0.278972,0.222309,-0.373888,-0.278990,0.197719,-0.401457,-0.255654,0.213928,-0.412635,-0.210913,0.242690,-0.407624,-0.253598
2026-07-20 14:31:57.600,28.799973,0.000000,0.000000,0.000000,0.320732,-0.384821,-0.278337,0.123890,-0.350842,-0.277257,0.222311,-0.367832,-0.277797,0.197404,-0.395376,-0.253992,0.213419,-0.407522,-0.209391,0.242375,-0.401543,-0.251936
2026-07-20 14:31:57.700,28.899972,0.000000,0.000000,0.000000,0.321466,-0.391980,-0.280502,0.124310,-0.358950,-0.279473,0.222888,-0.375465,-0.279988,0.197824,-0.403484,-0.256208,0.214033,-0.414662,-0.211467,0.242795,-0.409651,-0.254152
2026-07-20 14:31:57.800,28.999972,0.000000,0.000000,0.000000,0.320901,-0.387968,-0.278265,0.123970,-0.354890,-0.278141,0.222436,-0.371429,-0.278203,0.197561,-0.398417,-0.254823,0.213565,-0.410462,-0.211081,0.242533,-0.404583,-0.252767
2026-07-20 14:31:57.900,29.099972,0.000000,0.000000,0.000000,0.319862,-0.384714,-0.277398,0.123967,-0.349835,-0.277205,0.221915,-0.367275,-0.277301,0.197404,-0.395376,-0.253992,0.213602,-0.406453,-0.210111,0.242375,-0.401543,-0.251936
2026-07-20 14:31:58.000,29.199972,0.000000,0.000000,0.000000,0.320073,-0.388768,-0.278506,0.124177,-0.353889,-0.278313,0.222125,-0.371329,-0.278409,0.197614,-0.399430,-0.255100,0.213823,-0.410608,-0.210359,0.242585,-0.405597,-0.253044
2026-07-20 14:31:58.100,29.299972,0.000000,0.000000,0.000000,0.320020,-0.387755,-0.278229,0.124047,-0.353883,-0.278088,0.222034,-0.370819,-0.278159,0.197561,-0.398417,-0.254823,0.213770,-0.409594,-0.210082,0.242533,-0.404583,-0.252767
2026-07-20 14:31:58.200,29.399972,0.000000,0.000000,0.000000,0.320596,-0.391873,-0.279562,0.124388,-0.357943,-0.279421,0.222492,-0.374908,-0.279492,0.197824,-0.403484,-0.256208,0.214033,-0.414662,-0.211467,0.242795,-0.409651,-0.254152
2026-07-20 14:31:58.300,29.499972,0.000000,0.000000,0.000000,0.321361,-0.389953,-0.279948,0.124205,-0.356923,-0.278919,0.222783,-0.373438,-0.279434,0.197719,-0.401457,-0.255654,0.213723,-0.413502,-0.211912,0.242702,-0.407726,-0.252730
2026-07-20 14:31:58.400,29.599972,0.000000,0.000000,0.000000,0.320178,-0.390795,-0.279060,0.124205,-0.356923,-0.278919,0.222191,-0.373859,-0.278990,0.197719,-0.401457,-0.255654,0.213734,-0.413603,-0.211053,0.242690,-0.407624,-0.253598
2026-07-20 14:31:58.500,29.699972,0.000000,0.000000,0.000000,0.320335,-0.393836,-0.279891,0.124362,-0.359964,-0.279750,0.222349,-0.376900,-0.279821,0.197876,-0.404498,-0.256485,0.213892,-0.416644,-0.211885,0.242848,-0.410664,-0.254429
2026-07-20 14:31:58.600,29.799972,0.000000,0.000000,0.000000,0.320901,-0.387968,-0.278265,0.124047,-0.353883,-0.278088,0.222474,-0.370925,-0.278177,0.197561,-0.398417,-0.254823,0.213577,-0.410563,-0.210222,0.242533,-0.404583,-0.252767
2026-07-20 14:31:58.700,29.899971,0.000000,0.000000,0.000000,0.320008,-0.387649,-0.279131,0.124047,-0.353883,-0.278088,0.222028,-0.370766,-0.278610,0.197561,-0.398417,-0.254823,0.213577,-0.410563,-0.210222,0.242533,-0.404583,-0.252767
2026-07-20 14:31:58.800,29.999971,0.000000,0.000000,0.000000,0.320281,-0.385792,-0.277900,0.123917,-0.353876,-0.277864,0.222099,-0.369834,-0.277882,0.197509,-0.397403,-0.254546,0.213524,-0.409549,-0.209945,0.242480,-0.403570,-0.252490
2026-07-20 14:31:58.900,30.099971,0.000000,0.000000,0.000000,0.319812,-0.390731,-0.278834,0.124230,-0.354903,-0.278590,0.222021,-0.372817,-0.278712,0.197666,-0.400444,-0.255377,0.213876,-0.411621,-0.210636,0.242638,-0.406610,-0.253321
2026-07-20 14:31:59.000,30.199971,0.000000,0.000000,0.000000,0.320176,-0.383765,-0.277346,0.124045,-0.348828,-0.277153,0.222110,-0.366297,-0.277249,0.197404,-0.395376,-0.253992,0.213408,-0.407421,-0.210250,0.242615,-0.400679,-0.250982
2026-07-20 14:31:59.100,30.299971,0.000000,0.000000,0.000000,0.320901,-0.387968,-0.278265,0.124047,-0.353883,-0.278088,0.222474,-0.370925,-0.278177,0.197561,-0.398417,-0.254823,0.213770,-0.409594,-0.210082,0.242761,-0.403617,-0.252682
2026-07-20 14:31:59.200,30.399971,0.000000,0.000000,0.000000,0.320073,-0.388768,-0.278506,0.124100,-0.354896,-0.278365,0.222086,-0.371832,-0.278436,0.197441,-0.400410,-0.255183,0.213629,-0.411576,-0.210499,0.242597,-0.405699,-0.252176
2026-07-20 14:31:59.300,30.499971,0.000000,0.000000,0.000000,0.320333,-0.386806,-0.278177,0.124047,-0.353883,-0.278088,0.222190,-0.370344,-0.278133,0.197388,-0.399397,-0.254906,0.213565,-0.410462,-0.211081,0.242533,-0.404583,-0.252767
2026-07-20 14:31:59.400,30.599971,0.000000,0.000000,0.000000,0.320438,-0.388833,-0.278731,0.124230,-0.354903,-0.278590,0.222334,-0.371868,-0.278661,0.197666,-0.400444,-0.255377,0.213670,-0.412489,-0.211635,0.242638,-0.406610,-0.253321
2026-07-20 14:31:59.500,30.699971,0.000000,0.000000,0.000000,0.320125,-0.389782,-0.278783,0.124075,-0.356917,-0.278695,0.222100,-0.373349,-0.278739,0.197666,-0.400444,-0.255377,0.213876,-0.411621,-0.210636,0.242638,-0.406610,-0.253321
2026-07-20 14:31:59.600,30.799971,0.000000,0.000000,0.000000,0.320230,-0.391809,-0.279337,0.124257,-0.357937,-0.279196,0.222244,-0.374873,-0.279267,0.197599,-0.403451,-0.256014,0.213787,-0.414617,-0.211331,0.242983,-0.407773,-0.252921
2026-07-20 14:31:59.700,30.899971,0.000000,0.000000,0.000000,0.319705,-0.381674,-0.276567,0.123654,-0.348809,-0.276479,0.221680,-0.365241,-0.276523,0.197246,-0.392336,-0.253161,0.213250,-0.404381,-0.209419,0.242218,-0.398502,-0.251105
2026-07-20 14:31:59.800,30.999970,0.000000,0.000000,0.000000,0.320335,-0.393836,-0.279891,0.124440,-0.358957,-0.279698,0.222388,-0.376396,-0.279794,0.197876,-0.404498,-0.256485,0.213892,-0.416644,-0.211885,0.242848,-0.410664,-0.254429
2026-07-20 14:31:59.900,31.099970,0.000000,0.000000,0.000000,0.320648,-0.392887,-0.279839,0.124362,-0.359964,-0.279750,0.222505,-0.376425,-0.279795,0.197704,-0.405478,-0.256568,0.214086,-0.415675,-0.211744,0.243088,-0.409800,-0.253475
2026-07-20 14:32:00.000,31.199970,0.000000,0.000000,0.000000,0.320388,-0.394849,-0.280168,0.124415,-0.360977,-0.280027,0.222401,-0.377913,-0.280098,0.197756,-0.406491,-0.256845,0.213944,-0.417657,-0.212161,0.243140,-0.410814,-0.253752
2026-07-20 14:32:00.100,31.299970,0.000000,0.000000,0.000000,0.320701,-0.393900,-0.280116,0.124415,-0.360977,-0.280027,0.222558,-0.377439,-0.280072,0.197929,-0.405511,-0.256762,0.213944,-0.417657,-0.212161,0.242900,-0.411678,-0.254706
2026-07-20 14:32:00.200,31.399970,0.000000,0.000000,0.000000,0.321059,-0.391008,-0.279096,0.124127,-0.357930,-0.278972,0.222593,-0.374469,-0.279034,0.197719,-0.401457,-0.255654,0.213723,-0.413502,-0.211912,0.242690,-0.407624,-0.253598
2026-07-20 14:32:00.300,31.499970,0.000000,0.000000,0.000000,0.321636,-0.395127,-0.280430,0.124468,-0.361991,-0.280304,0.223052,-0.378559,-0.280367,0.197982,-0.406525,-0.257039,0.213997,-0.418671,-0.212439,0.242964,-0.412793,-0.254116
2026-07-20 14:32:00.400,31.599970,0.000000,0.000000,0.000000,0.320020,-0.387755,-0.278229,0.124047,-0.353883,-0.278088,0.222034,-0.370819,-0.278159,0.197561,-0.398417,-0.254823,0.213577,-0.410563,-0.210222,0.242544,-0.404685,-0.251899
2026-07-20 14:32:00.500,31.699970,0.000000,0.000000,0.000000,0.319707,-0.388704,-0.278280,0.124047,-0.353883,-0.278088,0.221877,-0.371293,-0.278184,0.197388,-0.399397,-0.254906,0.213565,-0.410462,-0.211081,0.242533,-0.404583,-0.252767
2026-07-20 14:32:00.600,31.799970,0.000000,0.000000,0.000000,0.320073,-0.388768,-0.278506,0.124100,-0.354896,-0.278365,0.222086,-0.371832,-0.278436,0.197441,-0.400410,-0.255183,0.213629,-0.411576,-0.210499,0.242585,-0.405597,-0.253044
2026-07-20 14:32:00.700,31.899970,0.000000,0.000000,0.000000,0.321414,-0.390967,-0.280225,0.124257,-0.357937,-0.279196,0.222836,-0.374452,-0.279711,0.197599,-0.403451,-0.256014,0.213981,-0.413648,-0.211190,0.242743,-0.408637,-0.253875
2026-07-20 14:32:00.800,31.999969,0.000000,0.000000,0.000000,0.320178,-0.390795,-0.279060,0.124294,-0.356021,-0.277979,0.222236,-0.373408,-0.278519,0.197719,-0.401457,-0.255654,0.213734,-0.413603,-0.211053,0.242930,-0.406760,-0.252644
2026-07-20 14:32:00.900,32.099969,0.000000,0.000000,0.000000,0.320321,-0.386699,-0.279081,0.124047,-0.353883,-0.278088,0.222184,-0.370291,-0.278585,0.197388,-0.399397,-0.254906,0.213565,-0.410462,-0.211081,0.242544,-0.404685,-0.251899
2026-07-20 14:32:01.000,32.199969,0.000000,0.000000,0.000000,0.321216,-0.387019,-0.278214,0.124047,-0.353883,-0.278088,0.222631,-0.370451,-0.278151,0.197561,-0.398417,-0.254823,0.213577,-0.410563,-0.210222,0.242533,-0.404583,-0.252767
2026-07-20 14:32:01.100,32.299969,0.000000,0.000000,0.000000,0.320123,-0.382752,-0.277069,0.123915,-0.348822,-0.276928,0.222019,-0.365787,-0.276999,0.197351,-0.394363,-0.253715,0.213549,-0.405439,-0.209834,0.242323,-0.400529,-0.251659
2026-07-20 14:32:01.200,32.399969,0.000000,0.000000,0.000000,0.321205,-0.393943,-0.280830,0.124362,-0.359964,-0.279750,0.222784,-0.376953,-0.280290,0.197876,-0.404498,-0.256485,0.213881,-0.416543,-0.212743,0.242848,-0.410664,-0.254429
2026-07-20 14:32:01.300,32.499969,0.000000,0.000000,0.000000,0.320125,-0.389782,-0.278783,0.124230,-0.354903,-0.278590,0.222178,-0.372342,-0.278686,0.197666,-0.400444,-0.255377,0.213864,-0.411520,-0.211496,0.242638,-0.406610,-0.253321
2026-07-20 14:32:01.400,32.599969,0.000000,0.000000,0.000000,0.320178,-0.390795,-0.279060,0.124205,-0.356923,-0.278919,0.222191,-0.373859,-0.278990,0.197719,-0.401457,-0.255654,0.213928,-0.412635,-0.210913,0.242690,-0.407624,-0.253598
2026-07-20 14:32:01.500,32.699969,0.000000,0.000000,0.000000,0.320176,-0.383765,-0.277346,0.123967,-0.349835,-0.277205,0.222071,-0.366800,-0.277276,0.197404,-0.395376,-0.253992,0.213419,-0.407522,-0.209391,0.242375,-0.401543,-0.251936
2026-07-20 14:32:01.600,32.799969,0.000000,0.000000,0.000000,0.320230,-0.391809,-0.279337,0.124257,-0.357937,-0.279196,0.222244,-0.374873,-0.279267,0.197771,-0.402471,-0.255931,0.213787,-0.414617,-0.211331,0.242743,-0.408637,-0.253875
2026-07-20 14:32:01.700,32.899969,0.000000,0.000000,0.000000,0.320333,-0.386806,-0.278177,0.124125,-0.352876,-0.278036,0.222229,-0.369841,-0.278107,0.197388,-0.399397,-0.254906,0.213577,-0.410563,-0.210222,0.242533,-0.404583,-0.252767
2026-07-20 14:32:01.800,32.999969,0.000000,0.000000,0.000000,0.320438,-0.388833,-0.278731,0.124230,-0.354903,-0.278590,0.222334,-0.371868,-0.278661,0.197493,-0.401424,-0.255460,0.213682,-0.412590,-0.210777,0.242638,-0.406610,-0.253321
2026-07-20 14:32:01.900,33.099968,0.000000,0.000000,0.000000,0.320323,-0.393730,-0.280793,0.124362,-0.359964,-0.279750,0.222343,-0.376847,-0.280272,0.197704,-0.405478,-0.256568,0.213892,-0.416644,-0.211885,0.242848,-0.410664,-0.254429
2026-07-20 14:32:02.000,33.199968,0.000000,0.000000,0.000000,0.320020,-0.387755,-0.278229,0.124047,-0.353883,-0.278088,0.222034,-0.370819,-0.278159,0.197388,-0.399397,-0.254906,0.213565,-0.410462,-0.211081,0.242544,-0.404685,-0.251899
2026-07-20 14:32:02.100,33.299968,0.000000,0.000000,0.000000,0.320890,-0.387862,-0.279168,0.123970,-0.354890,-0.278141,0.222430,-0.371376,-0.278654,0.197561,-0.398417,-0.254823,0.213565,-0.410462,-0.211081,0.242533,-0.404583,-0.252767
2026-07-20 14:32:02.200,33.399968,0.000000,0.000000,0.000000,0.321321,-0.389046,-0.278768,0.124075,-0.356917,-0.278695,0.222698,-0.372982,-0.278731,0.197666,-0.400444,-0.255377,0.213670,-0.412489,-0.211635,0.242877,-0.405746,-0.252367
2026-07-20 14:32:02.300,33.499968,0.000000,0.000000,0.000000,0.320020,-0.387755,-0.278229,0.124047,-0.353883,-0.278088,0.222034,-0.370819,-0.278159,0.197561,-0.398417,-0.254823,0.213577,-0.410563,-0.210222,0.242533,-0.404583,-0.252767
2026-07-20 14:32:02.400,33.599968,0.000000,0.000000,0.000000,0.321204,-0.386913,-0.279117,0.124047,-0.353883,-0.278088,0.222626,-0.370398,-0.278603,0.197561,-0.398417,-0.254823,0.213770,-0.409594,-0.210082,0.242533,-0.404583,-0.252767
2026-07-20 14:32:02.500,33.699968,0.000000,0.000000,0.000000,0.319915,-0.385728,-0.277675,0.124020,-0.350849,-0.277482,0.221967,-0.368288,-0.277578,0.197456,-0.396390,-0.254269,0.213460,-0.408435,-0.210527,0.242428,-0.402556,-0.252213
2026-07-20 14:32:02.600,33.799968,0.000000,0.000000,0.000000,0.320333,-0.386806,-0.278177,0.124047,-0.353883,-0.278088,0.222190,-0.370344,-0.278133,0.197561,-0.398417,-0.254823,0.213577,-0.410563,-0.210222,0.242533,-0.404583,-0.252767
2026-07-20 14:32:02.700,33.899968,0.000000,0.000000,0.000000,0.321414,-0.390967,-0.280225,0.124257,-0.357937,-0.279196,0.222836,-0.374452,-0.279711,0.197771,-0.402471,-0.255931,0.213775,-0.414516,-0.212189,0.242743,-0.408637,-0.253875
2026-07-20 14:32:02.800,33.999968,0.000000,0.000000,0.000000,0.321309,-0.388940,-0.279671,0.124152,-0.355910,-0.278642,0.222731,-0.372425,-0.279157,0.197666,-0.400444,-0.255377,0.213682,-0.412590,-0.210777,0.242638,-0.406610,-0.253321
2026-07-20 14:32:02.900,34.099967,0.000000,0.000000,0.000000,0.320491,-0.389846,-0.279008,0.124127,-0.357930,-0.278972,0.222309,-0.373888,-0.278990,0.197719,-0.401457,-0.255654,0.213723,-0.413502,-0.211912,0.242702,-0.407726,-0.252730
2026-07-20 14:32:03.000,34.199967,0.000000,0.000000,0.000000,0.321832,-0.385015,-0.279017,0.124125,-0.352876,-0.278036,0.222978,-0.368945,-0.278527,0.197388,-0.399397,-0.254906,0.213577,-0.410563,-0.210222,0.242533,-0.404583,-0.252767
2026-07-20 14:32:03.100,34.299967,0.000000,0.000000,0.000000,0.320125,-0.389782,-0.278783,0.124075,-0.356917,-0.278695,0.222100,-0.373349,-0.278739,0.197666,-0.400444,-0.255377,0.213682,-0.412590,-0.210777,0.242649,-0.406712,-0.252454
2026-07-20 14:32:03.200,34.399967,0.000000,0.000000,0.000000,0.320890,-0.387862,-0.279168,0.124047,-0.353883,-0.278088,0.222468,-0.370872,-0.278628,0.197561,-0.398417,-0.254823,0.213770,-0.409594,-0.210082,0.242533,-0.404583,-0.252767
2026-07-20 14:32:03.300,34.499967,0.000000,0.000000,0.000000,0.320680,-0.383808,-0.278060,0.123915,-0.348822,-0.276928,0.222297,-0.366315,-0.277494,0.197178,-0.395343,-0.253798,0.213355,-0.406408,-0.209973,0.242323,-0.400529,-0.251659
2026-07-20 14:32:03.400,34.599967,0.000000,0.000000,0.000000,0.320438,-0.388833,-0.278731,0.124152,-0.355910,-0.278642,0.222295,-0.372371,-0.278687,0.197666,-0.400444,-0.255377,0.213670,-0.412489,-0.211635,0.242638,-0.406610,-0.253321
2026-07-20 14:32:03.500,34.699967,0.000000,0.000000,0.000000,0.320281,-0.385792,-0.277900,0.123995,-0.352869,-0.277811,0.222138,-0.369331,-0.277856,0.197509,-0.397403,-0.254546,0.213524,-0.409549,-0.209945,0.242708,-0.402604,-0.252405
2026-07-20 14:32:03.600,34.799967,0.000000,0.000000,0.000000,0.321151,-0.385899,-0.278840,0.123995,-0.352869,-0.277811,0.222573,-0.369384,-0.278326,0.197509,-0.397403,-0.254546,0.213513,-0.409448,-0.210804,0.242492,-0.403672,-0.251622
2026-07-20 14:32:03.700,34.899967,0.000000,0.000000,0.000000,0.320386,-0.387819,-0.278454,0.124177,-0.353889,-0.278313,0.222282,-0.370854,-0.278384,0.197441,-0.400410,-0.255183,0.213629,-0.411576,-0.210499,0.242585,-0.405597,-0.253044
2026-07-20 14:32:03.800,34.999967,0.000000,0.000000,0.000000,0.321256,-0.387926,-0.279394,0.124177,-0.353889,-0.278313,0.222717,-0.370908,-0.278854,0.197614,-0.399430,-0.255100,0.213618,-0.411475,-0.211358,0.242585,-0.405597,-0.253044
2026-07-20 14:32:03.900,35.099967,0.000000,0.000000,0.000000,0.320732,-0.384821,-0.278337,0.123967,-0.349835,-0.277205,0.222350,-0.367328,-0.277771,0.197404,-0.395376,-0.253992,0.213613,-0.406554,-0.209251,0.242375,-0.401543,-0.251936
2026-07-20 14:32:04.000,35.199966,0.000000,0.000000,0.000000,0.320543,-0.390860,-0.279285,0.124257,-0.357937,-0.279196,0.222400,-0.374398,-0.279241,0.197771,-0.402471,-0.255931,0.213787,-0.414617,-0.211331,0.242743,-0.408637,-0.253875
2026-07-20 14:32:04.100,35.299966,0.000000,0.000000,0.000000,0.321059,-0.391008,-0.279096,0.124205,-0.356923,-0.278919,0.222632,-0.373966,-0.279008,0.197719,-0.401457,-0.255654,0.213734,-0.413603,-0.211053,0.242690,-0.407624,-0.253598
2026-07-20 14:32:04.200,35.399966,0.000000,0.000000,0.000000,0.320020,-0.387755,-0.278229,0.124047,-0.353883,-0.278088,0.222034,-0.370819,-0.278159,0.197561,-0.398417,-0.254823,0.213565,-0.410462,-0.211081,0.242772,-0.403719,-0.251813
2026-07-20 14:32:04.300,35.499966,0.000000,0.000000,0.000000,0.320785,-0.385835,-0.278614,0.123942,-0.351856,-0.277534,0.222363,-0.368845,-0.278074,0.197456,-0.396390,-0.254269,0.213665,-0.407567,-0.209528,0.242428,-0.402556,-0.252213
2026-07-20 14:32:04.400,35.599966,0.000000,0.000000,0.000000,0.321519,-0.392994,-0.280779,0.124362,-0.359964,-0.279750,0.222941,-0.376479,-0.280265,0.197704,-0.405478,-0.256568,0.213881,-0.416543,-0.212743,0.242848,-0.410664,-0.254429
2026-07-20 14:32:04.500,35.699966,0.000000,0.000000,0.000000,0.320901,-0.387968,-0.278265,0.124047,-0.353883,-0.278088,0.222474,-0.370925,-0.278177,0.197388,-0.399397,-0.254906,0.213770,-0.409594,-0.210082,0.242533,-0.404583,-0.252767
2026-07-20 14:32:04.600,35.799966,0.000000,0.000000,0.000000,0.319862,-0.384714,-0.277398,0.123812,-0.351849,-0.277310,0.221837,-0.368282,-0.277354,0.197404,-0.395376,-0.253992,0.213408,-0.407421,-0.210250,0.242375,-0.401543,-0.251936
2026-07-20 14:32:04.700,35.899966,0.000000,0.000000,0.000000,0.319865,-0.391744,-0.279111,0.124127,-0.357930,-0.278972,0.221996,-0.374837,-0.279041,0.197719,-0.401457,-0.255654,0.213723,-0.413502,-0.211912,0.242690,-0.407624,-0.253598
2026-07-20 14:32:04.800,35.999966,0.000000,0.000000,0.000000,0.320283,-0.392822,-0.279614,0.124310,-0.358950,-0.279473,0.222296,-0.375886,-0.279544,0.197651,-0.404464,-0.256291,0.213839,-0.415630,-0.211607,0.242807,-0.409753,-0.253284
2026-07-20 14:32:04.900,36.099966,0.000000,0.000000,0.000000,0.320725,-0.387377,-0.278541,0.124204,-0.354396,-0.278452,0.222464,-0.370886,-0.278497,0.197640,-0.399937,-0.255238,0.213655,-0.412083,-0.210638,0.242851,-0.405240,-0.252228
2026-07-20 14:32:05.000,36.199965,0.000000,0.000000,0.000000,0.321321,-0.389046,-0.278768,0.124230,-0.354903,-0.278590,0.222775,-0.371974,-0.278679,0.197493,-0.401424,-0.255460,0.213670,-0.412489,-0.211635,0.242638,-0.406610,-0.253321
2026-07-20 14:32:05.100,36.299965,0.000000,0.000000,0.000000,0.320269,-0.385686,-0.278804,0.123995,-0.352869,-0.277811,0.222132,-0.369278,-0.278308,0.197336,-0.398383,-0.254629,0.213513,-0.409448,-0.210804,0.242480,-0.403570,-0.252490
2026-07-20 14:32:05.200,36.399965,0.000000,0.000000,0.000000,0.320386,-0.387819,-0.278454,0.124100,-0.354896,-0.278365,0.222243,-0.371358,-0.278410,0.197614,-0.399430,-0.255100,0.213812,-0.410507,-0.211219,0.242585,-0.405597,-0.253044
2026-07-20 14:32:05.300,36.499965,0.000000,0.000000,0.000000,0.320323,-0.393730,-0.280793,0.124285,-0.360971,-0.279803,0.222304,-0.377350,-0.280298,0.197876,-0.404498,-0.256485,0.213881,-0.416543,-0.212743,0.243076,-0.409698,-0.254344
2026-07-20 14:32:05.400,36.599965,0.000000,0.000000,0.000000,0.320073,-0.388768,-0.278506,0.124333,-0.351875,-0.278208,0.222203,-0.370322,-0.278357,0.197614,-0.399430,-0.255100,0.213629,-0.411576,-0.210499,0.242585,-0.405597,-0.253044
2026-07-20 14:32:05.500,36.699965,0.000000,0.000000,0.000000,0.320123,-0.382752,-0.277069,0.123837,-0.349829,-0.276980,0.221980,-0.366290,-0.277025,0.197351,-0.394363,-0.253715,0.213355,-0.406408,-0.209973,0.242323,-0.400529,-0.251659
2026-07-20 14:32:05.600,36.799965,0.000000,0.000000,0.000000,0.320061,-0.388662,-0.279408,0.124100,-0.354896,-0.278365,0.222080,-0.371779,-0.278887,0.197614,-0.399430,-0.255100,0.213629,-0.411576,-0.210499,0.242585,-0.405597,-0.253044
2026-07-20 14:32:05.700,36.899965,0.000000,0.000000,0.000000,0.320890,-0.387862,-0.279168,0.123970,-0.354890,-0.278141,0.222430,-0.371376,-0.278654,0.197561,-0.398417,-0.254823,0.213759,-0.409493,-0.210942,0.242533,-0.404583,-0.252767
2026-07-20 14:32:05.800,36.999965,0.000000,0.000000,0.000000,0.321006,-0.389995,-0.278819,0.124152,-0.355910,-0.278642,0.222579,-0.372952,-0.278731,0.197666,-0.400444,-0.255377,0.213670,-0.412489,-0.211635,0.242638,-0.406610,-0.253321
2026-07-20 14:32:05.900,37.099965,0.000000,0.000000,0.000000,0.321099,-0.384886,-0.278563,0.124020,-0.350849,-0.277482,0.222559,-0.367867,-0.278023,0.197283,-0.397370,-0.254352,0.213460,-0.408435,-0.210527,0.242428,-0.402556,-0.252213
2026-07-20 14:32:06.000,37.199965,0.000000,0.000000,0.000000,0.320479,-0.389740,-0.279912,0.124283,-0.355916,-0.278867,0.222381,-0.372828,-0.279389,0.197719,-0.401457,-0.255654,0.213734,-0.413603,-0.211053,0.242690,-0.407624,-0.253598
2026-07-20 14:32:06.100,37.299964,0.000000,0.000000,0.000000,0.320166,-0.390689,-0.279962,0.124205,-0.356923,-0.278919,0.222185,-0.373806,-0.279441,0.197719,-0.401457,-0.255654,0.213734,-0.413603,-0.211053,0.242690,-0.407624,-0.253598
2026-07-20 14:32:06.200,37.399964,0.000000,0.000000,0.000000,0.319903,-0.385622,-0.278577,0.124020,-0.350849,-0.277482,0.221962,-0.368235,-0.278030,0.197456,-0.396390,-0.254269,0.213460,-0.408435,-0.210527,0.242199,-0.403522,-0.252298
2026-07-20 14:32:06.300,37.499964,0.000000,0.000000,0.000000,0.321005,-0.382965,-0.277106,0.123837,-0.349829,-0.276980,0.222421,-0.366397,-0.277043,0.197178,-0.395343,-0.253798,0.213560,-0.405540,-0.208974,0.242323,-0.400529,-0.251659
2026-07-20 14:32:06.400,37.599964,0.000000,0.000000,0.000000,0.321361,-0.389953,-0.279948,0.124283,-0.355916,-0.278867,0.222822,-0.372935,-0.279408,0.197719,-0.401457,-0.255654,0.213723,-0.413502,-0.211912,0.242919,-0.406658,-0.253513
2026-07-20 14:32:06.500,37.699964,0.000000,0.000000,0.000000,0.321361,-0.389953,-0.279948,0.124283,-0.355916,-0.278867,0.222822,-0.372935,-0.279408,0.197546,-0.402437,-0.255737,0.213734,-0.413603,-0.211053,0.242690,-0.407624,-0.253598
2026-07-20 14:32:06.600,37.799964,0.000000,0.000000,0.000000,0.320166,-0.390689,-0.279962,0.124205,-0.356923,-0.278919,0.222185,-0.373806,-0.279441,0.197719,-0.401457,-0.255654,0.213723,-0.413502,-0.211912,0.242690,-0.407624,-0.253598
2026-07-20 14:32:06.700,37.899964,0.000000,0.000000,0.000000,0.321006,-0.389995,-0.278819,0.124308,-0.353896,-0.278538,0.222657,-0.371945,-0.278678,0.197666,-0.400444,-0.255377,0.213864,-0.411520,-0.211496,0.242638,-0.406610,-0.253321
2026-07-20 14:32:06.800,37.999964,0.000000,0.000000,0.000000,0.321204,-0.386913,-0.279117,0.123970,-0.354890,-0.278141,0.222587,-0.370901,-0.278629,0.197388,-0.399397,-0.254906,0.213770,-0.409594,-0.210082,0.242533,-0.404583,-0.252767
2026-07-20 14:32:06.900,38.099964,0.000000,0.000000,0.000000,0.320531,-0.390753,-0.280189,0.124257,-0.357937,-0.279196,0.222394,-0.374345,-0.279693,0.197771,-0.402471,-0.255931,0.213787,-0.414617,-0.211331,0.242743,-0.408637,-0.253875
2026-07-20 14:32:07.000,38.199964,0.000000,0.000000,0.000000,0.321099,-0.384886,-0.278563,0.123942,-0.351856,-0.277534,0.222520,-0.368371,-0.278049,0.197456,-0.396390,-0.254269,0.213665,-0.407567,-0.209528,0.242428,-0.402556,-0.252213
2026-07-20 14:32:07.100,38.299963,0.000000,0.000000,0.000000,0.320321,-0.386699,-0.279081,0.123970,-0.354890,-0.278141,0.222145,-0.370795,-0.278611,0.197388,-0.399397,-0.254906,0.213565,-0.410462,-0.211081,0.242533,-0.404583,-0.252767
2026-07-20 14:32:07.200,38.399963,0.000000,0.000000,0.000000,0.321099,-0.384886,-0.278563,0.123942,-0.351856,-0.277534,0.222520,-0.368371,-0.278049,0.197456,-0.396390,-0.254269,0.213472,-0.408536,-0.209668,0.242428,-0.402556,-0.252213
2026-07-20 14:32:07.300,38.499963,0.000000,0.000000,0.000000,0.321006,-0.389995,-0.278819,0.124152,-0.355910,-0.278642,0.222579,-0.372952,-0.278731,0.197666,-0.400444,-0.255377,0.213682,-0.412590,-0.210777,0.242638,-0.406610,-0.253321
2026-07-20 14:32:07.400,38.599963,0.000000,0.000000,0.000000,0.321321,-0.389046,-0.278768,0.124075,-0.356917,-0.278695,0.222698,-0.372982,-0.278731,0.197666,-0.400444,-0.255377,0.213876,-0.411621,-0.210636,0.242638,-0.406610,-0.253321
2026-07-20 14:32:07.500,38.699963,0.000000,0.000000,0.000000,0.321361,-0.389953,-0.279948,0.124127,-0.357930,-0.278972,0.222744,-0.373942,-0.279460,0.197719,-0.401457,-0.255654,0.213928,-0.412635,-0.210913,0.242690,-0.407624,-0.253598
2026-07-20 14:32:07.600,38.799963,0.000000,0.000000,0.000000,0.321204,-0.386913,-0.279117,0.124047,-0.353883,-0.278088,0.222626,-0.370398,-0.278603,0.197561,-0.398417,-0.254823,0.213565,-0.410462,-0.211081,0.242533,-0.404583,-0.252767
2026-07-20 14:32:07.700,38.899963,0.000000,0.000000,0.000000,0.320479,-0.389740,-0.279912,0.124127,-0.357930,-0.278972,0.222303,-0.373835,-0.279442,0.197719,-0.401457,-0.255654,0.213734,-0.413603,-0.211053,0.242690,-0.407624,-0.253598
2026-07-20 14:32:07.800,38.999963,0.000000,0.000000,0.000000,0.321361,-0.389953,-0.279948,0.124283,-0.355916,-0.278867,0.222822,-0.372935,-0.279408,0.197719,-0.401457,-0.255654,0.213734,-0.413603,-0.211053,0.242690,-0.407624,-0.253598
2026-07-20 14:32:07.900,39.099963,0.000000,0.000000,0.000000,0.320479,-0.389740,-0.279912,0.124283,-0.355916,-0.278867,0.222381,-0.372828,-0.279389,0.197719,-0.401457,-0.255654,0.213723,-0.413502,-0.211912,0.242462,-0.408590,-0.253683
2026-07-20 14:32:08.000,39.199963,0.000000,0.000000,0.000000,0.320008,-0.387649,-0.279131,0.124047,-0.353883,-0.278088,0.222028,-0.370766,-0.278610,0.197388,-0.399397,-0.254906,0.213565,-0.410462,-0.211081,0.242772,-0.403719,-0.251813
2026-07-20 14:32:08.100,39.299963,0.000000,0.000000,0.000000,0.320691,-0.383914,-0.277157,0.123837,-0.349829,-0.276980,0.222264,-0.366871,-0.277069,0.197351,-0.394363,-0.253715,0.213366,-0.406509,-0.209114,0.242323,-0.400529,-0.251659
2026-07-20 14:32:08.200,39.399962,0.000000,0.000000,0.000000,0.320901,-0.387968,-0.278265,0.124125,-0.352876,-0.278036,0.222513,-0.370422,-0.278151,0.197561,-0.398417,-0.254823,0.213577,-0.410563,-0.210222,0.242533,-0.404583,-0.252767
2026-07-20 14:32:08.300,39.499962,0.000000,0.000000,0.000000,0.320491,-0.389846,-0.279008,0.124283,-0.355916,-0.278867,0.222387,-0.372881,-0.278938,0.197719,-0.401457,-0.255654,0.213723,-0.413502,-0.211912,0.242702,-0.407726,-0.252730
2026-07-20 14:32:08.400,39.599962,0.000000,0.000000,0.000000,0.320374,-0.387713,-0.279358,0.124189,-0.353994,-0.277425,0.222281,-0.370853,-0.278391,0.197614,-0.399430,-0.255100,0.213823,-0.410608,-0.210359,0.242825,-0.404733,-0.252090
2026-07-20 14:32:08.500,39.699962,0.000000,0.000000,0.000000,0.320228,-0.384779,-0.277623,0.123876,-0.352967,-0.276701,0.222052,-0.368873,-0.277162,0.197456,-0.396390,-0.254269,0.213665,-0.407567,-0.209528,0.242439,-0.402658,-0.251345
2026-07-20 14:32:08.600,39.799962,0.000000,0.000000,0.000000,0.320269,-0.385686,-0.278804,0.123995,-0.352869,-0.277811,0.222132,-0.369278,-0.278308,0.197509,-0.397403,-0.254546,0.213718,-0.408581,-0.209805,0.242492,-0.403672,-0.251622
2026-07-20 14:32:08.700,39.899962,0.000000,0.000000,0.000000,0.320374,-0.387713,-0.279358,0.124177,-0.353889,-0.278313,0.222276,-0.370801,-0.278835,0.197614,-0.399430,-0.255100,0.213629,-0.411576,-0.210499,0.242711,-0.405216,-0.252133
2026-07-20 14:32:08.800,39.999962,0.000000,0.000000,0.000000,0.320323,-0.393730,-0.280793,0.124285,-0.360971,-0.279803,0.222304,-0.377350,-0.280298,0.197876,-0.404498,-0.256485,0.213892,-0.416644,-0.211885,0.242859,-0.410766,-0.253562
2026-07-20 14:32:08.900,40.099962,0.000000,0.000000,0.000000,0.320061,-0.388662,-0.279408,0.124177,-0.353889,-0.278313,0.222119,-0.371276,-0.278861,0.197614,-0.399430,-0.255100,0.212790,-0.411373,-0.210465,0.242597,-0.405699,-0.252176
2026-07-20 14:32:09.000,40.199962,0.000000,0.000000,0.000000,0.320269,-0.385686,-0.278804,0.124072,-0.351862,-0.277759,0.222171,-0.368774,-0.278281,0.197509,-0.397403,-0.254546,0.212685,-0.409346,-0.209911,0.242492,-0.403672,-0.251622
2026-07-20 14:32:09.100,40.299962,0.000000,0.000000,0.000000,0.310265,-0.394188,-0.280258,0.114805,-0.356675,-0.279556,0.212535,-0.375431,-0.279907,0.186700,-0.401810,-0.255519,0.202583,-0.414219,-0.211771,0.232163,-0.410228,-0.253720
2026-07-20 14:32:09.200,40.399961,0.000000,0.000000,0.000000,0.310013,-0.398173,-0.281141,0.114901,-0.359822,-0.279502,0.212457,-0.378998,-0.280321,0.186589,-0.405829,-0.256436,0.202450,-0.418226,-0.212743,0.232247,-0.413271,-0.254553
2026-07-20 14:32:09.300,40.499961,0.000000,0.000000,0.000000,0.310237,-0.393174,-0.279980,0.114790,-0.355764,-0.278391,0.212513,-0.374469,-0.279185,0.187314,-0.401995,-0.255363,0.202339,-0.414168,-0.211632,0.232135,-0.409213,-0.253443
2026-07-20 14:32:09.400,40.599961,0.000000,0.000000,0.000000,0.320228,-0.384779,-0.277623,0.124020,-0.350849,-0.277482,0.222124,-0.367814,-0.277553,0.196626,-0.396287,-0.253372,0.212633,-0.408333,-0.209634,0.242211,-0.403624,-0.251432
2026-07-20 14:32:09.500,40.699961,0.000000,0.000000,0.000000,0.320164,-0.383659,-0.278250,0.123890,-0.350842,-0.277257,0.222027,-0.367251,-0.277754,0.196562,-0.395172,-0.253957,0.212773,-0.406351,-0.209216,0.242386,-0.401645,-0.251068
2026-07-20 14:32:09.600,40.799961,0.000000,0.000000,0.000000,0.320281,-0.385792,-0.277900,0.123995,-0.352869,-0.277811,0.222138,-0.369331,-0.277856,0.196667,-0.397199,-0.254511,0.212685,-0.409346,-0.209911,0.242492,-0.403672,-0.251622
2026-07-20 14:32:09.700,40.899961,0.000000,0.000000,0.000000,0.320333,-0.386806,-0.278177,0.124125,-0.352876,-0.278036,0.222229,-0.369841,-0.278107,0.196719,-0.398213,-0.254788,0.212931,-0.409391,-0.210047,0.242544,-0.404685,-0.251899
2026-07-20 14:32:09.800,40.999961,0.000000,0.000000,0.000000,0.320059,-0.381632,-0.277696,0.123862,-0.347808,-0.276651,0.221960,-0.364720,-0.277173,0.197310,-0.393450,-0.252576,0.212668,-0.404324,-0.208662,0.242281,-0.399618,-0.250514
2026-07-20 14:32:09.900,41.099961,0.000000,0.000000,0.000000,0.320164,-0.383659,-0.278250,0.123967,-0.349835,-0.277205,0.222066,-0.366747,-0.277727,0.196562,-0.395172,-0.253957,0.212580,-0.407319,-0.209357,0.234943,-0.403306,-0.157279
2026-07-20 14:32:10.000,41.199961,0.000000,0.000000,0.000000,0.320333,-0.386806,-0.278177,0.124125,-0.352876,-0.278036,0.222229,-0.369841,-0.278107,0.196719,-0.398213,-0.254788,0.212738,-0.410360,-0.210188,0.242772,-0.403719,-0.251813
2026-07-20 14:32:10.100,41.299961,0.000000,0.000000,0.000000,0.320321,-0.386699,-0.279081,0.124047,-0.353883,-0.278088,0.222184,-0.370291,-0.278585,0.196719,-0.398213,-0.254788,0.212931,-0.409391,-0.210047,0.242544,-0.404685,-0.251899
2026-07-20 14:32:10.200,41.399961,0.000000,0.000000,0.000000,0.320531,-0.390753,-0.280189,0.124257,-0.357937,-0.279196,0.222394,-0.374345,-0.279693,0.196929,-0.402267,-0.255896,0.213141,-0.413445,-0.211155,0.242754,-0.408739,-0.253008
2026-07-20 14:32:10.300,41.499960,0.000000,0.000000,0.000000,0.320529,-0.383723,-0.278476,0.123942,-0.351856,-0.277534,0.222236,-0.367790,-0.278005,0.196614,-0.396186,-0.254234,0.212633,-0.408333,-0.209634,0.242439,-0.402658,-0.251345
2026-07-20 14:32:10.400,41.599960,0.000000,0.000000,0.000000,0.320636,-0.392780,-0.280743,0.124440,-0.358957,-0.279698,0.222538,-0.375869,-0.280220,0.197034,-0.404294,-0.256450,0.213246,-0.415472,-0.211709,0.242745,-0.411249,-0.253605
2026-07-20 14:32:10.500,41.699960,0.000000,0.000000,0.000000,0.320479,-0.389740,-0.279912,0.124283,-0.355916,-0.278867,0.222381,-0.372828,-0.279389,0.196877,-0.401253,-0.255619,0.212895,-0.413400,-0.211019,0.242702,-0.407726,-0.252730
2026-07-20 14:32:10.600,41.799960,0.000000,0.000000,0.000000,0.320751,-0.387883,-0.278680,0.124152,-0.355910,-0.278642,0.222452,-0.371897,-0.278661,0.196996,-0.399260,-0.255259,0.212843,-0.412387,-0.210742,0.242877,-0.405746,-0.252367
2026-07-20 14:32:10.700,41.899960,0.000000,0.000000,0.000000,0.320844,-0.389804,-0.280138,0.124257,-0.357937,-0.279196,0.222551,-0.373871,-0.279667,0.196929,-0.402267,-0.255896,0.212948,-0.414414,-0.211296,0.242754,-0.408739,-0.253008
2026-07-20 14:32:10.800,41.999960,0.000000,0.000000,0.000000,0.320426,-0.388726,-0.279635,0.124152,-0.355910,-0.278642,0.222289,-0.372318,-0.279139,0.196824,-0.400240,-0.255342,0.212854,-0.412488,-0.209883,0.242649,-0.406712,-0.252454
2026-07-20 14:32:10.900,42.099960,0.000000,0.000000,0.000000,0.320374,-0.387713,-0.279358,0.124177,-0.353889,-0.278313,0.222276,-0.370801,-0.278835,0.196772,-0.399226,-0.255065,0.212802,-0.411474,-0.209606,0.242825,-0.404733,-0.252090
2026-07-20 14:32:11.000,42.199960,0.000000,0.000000,0.000000,0.320333,-0.386806,-0.278177,0.124125,-0.352876,-0.278036,0.222229,-0.369841,-0.278107,0.196731,-0.398314,-0.253926,0.212942,-0.409492,-0.209188,0.242544,-0.404685,-0.251899
2026-07-20 14:32:11.100,42.299960,0.000000,0.000000,0.000000,0.320176,-0.383765,-0.277346,0.123967,-0.349835,-0.277205,0.222071,-0.366800,-0.277276,0.196562,-0.395172,-0.253957,0.212591,-0.407420,-0.208498,0.242386,-0.401645,-0.251068
2026-07-20 14:32:11.200,42.399960,0.000000,0.000000,0.000000,0.320479,-0.389740,-0.279912,0.124205,-0.356923,-0.278919,0.222342,-0.373332,-0.279416,0.196888,-0.401355,-0.254757,0.213099,-0.412533,-0.210019,0.242702,-0.407726,-0.252730
2026-07-20 14:32:11.300,42.499959,0.000000,0.000000,0.000000,0.320228,-0.384779,-0.277623,0.123942,-0.351856,-0.277534,0.222085,-0.368317,-0.277579,0.196614,-0.396186,-0.254234,0.212837,-0.407465,-0.208634,0.242439,-0.402658,-0.251345
2026-07-20 14:32:11.400,42.599959,0.000000,0.000000,0.000000,0.320584,-0.391767,-0.280466,0.124388,-0.357943,-0.279421,0.222486,-0.374855,-0.279943,0.196982,-0.403280,-0.256173,0.213012,-0.415528,-0.210714,0.243035,-0.408787,-0.253198
2026-07-20 14:32:11.500,42.699959,0.000000,0.000000,0.000000,0.320959,-0.384907,-0.278075,0.124047,-0.353883,-0.278088,0.222503,-0.369395,-0.278082,0.196731,-0.398314,-0.253926,0.212942,-0.409492,-0.209188,0.242544,-0.404685,-0.251899
2026-07-20 14:32:11.600,42.799959,0.000000,0.000000,0.000000,0.320438,-0.388833,-0.278731,0.124152,-0.355910,-0.278642,0.222295,-0.372371,-0.278687,0.196836,-0.400341,-0.254480,0.212854,-0.412488,-0.209883,0.242877,-0.405746,-0.252367
2026-07-20 14:32:11.700,42.899959,0.000000,0.000000,0.000000,0.320634,-0.385750,-0.279030,0.124125,-0.352876,-0.278036,0.222380,-0.369313,-0.278533,0.196719,-0.398213,-0.254788,0.212749,-0.410461,-0.209329,0.242544,-0.404685,-0.251899
2026-07-20 14:32:11.800,42.999959,0.000000,0.000000,0.000000,0.320176,-0.383765,-0.277346,0.123890,-0.350842,-0.277257,0.222033,-0.367304,-0.277302,0.196573,-0.395274,-0.253095,0.212603,-0.407521,-0.207639,0.242386,-0.401645,-0.251068
2026-07-20 14:32:11.900,43.099959,0.000000,0.000000,0.000000,0.320281,-0.385792,-0.277900,0.123995,-0.352869,-0.277811,0.222138,-0.369331,-0.277856,0.196678,-0.397301,-0.253649,0.212901,-0.408580,-0.208051,0.242492,-0.403672,-0.251622
2026-07-20 14:32:12.000,43.199959,0.000000,0.000000,0.000000,0.320281,-0.385792,-0.277900,0.123917,-0.353876,-0.277864,0.222099,-0.369834,-0.277882,0.196678,-0.397301,-0.253649,0.211773,-0.409830,-0.208230,0.242720,-0.402706,-0.251536
2026-07-20 14:32:12.100,43.299959,0.000000,0.000000,0.000000,0.320491,-0.389846,-0.279008,0.124127,-0.357930,-0.278972,0.222309,-0.373888,-0.278990,0.196877,-0.401253,-0.255619,0.212079,-0.413399,-0.209266,0.242930,-0.406760,-0.252644
2026-07-20 14:32:12.200,43.399959,0.000000,0.000000,0.000000,0.320491,-0.389846,-0.279008,0.124127,-0.357930,-0.278972,0.222309,-0.373888,-0.278990,0.196888,-0.401355,-0.254757,0.212918,-0.413602,-0.209301,0.242702,-0.407726,-0.252730
2026-07-20 14:32:12.300,43.499959,0.000000,0.000000,0.000000,0.320269,-0.385686,-0.278804,0.123995,-0.352869,-0.277811,0.222132,-0.369278,-0.278308,0.196678,-0.397301,-0.253649,0.211677,-0.410314,-0.208301,0.242492,-0.403672,-0.251622
2026-07-20 14:32:12.400,43.599958,0.000000,0.000000,0.000000,0.320111,-0.382645,-0.277973,0.123915,-0.348822,-0.276928,0.222013,-0.365734,-0.277450,0.196520,-0.394260,-0.252818,0.211711,-0.406305,-0.207327,0.242106,-0.401597,-0.250878
2026-07-20 14:32:12.500,43.699958,0.000000,0.000000,0.000000,0.320269,-0.385686,-0.278804,0.124072,-0.351862,-0.277759,0.222171,-0.368774,-0.278281,0.196678,-0.397301,-0.253649,0.211869,-0.409345,-0.208158,0.242492,-0.403672,-0.251622
2026-07-20 14:32:12.600,43.799958,0.000000,0.000000,0.000000,0.320479,-0.389740,-0.279912,0.124205,-0.356923,-0.278919,0.222342,-0.373332,-0.279416,0.196888,-0.401355,-0.254757,0.212090,-0.413500,-0.208408,0.243549,-0.407931,-0.252766
2026-07-20 14:32:12.700,43.899958,0.000000,0.000000,0.000000,0.319913,-0.378698,-0.275961,0.123705,-0.344768,-0.275820,0.221809,-0.361733,-0.275891,0.196310,-0.390206,-0.251710,0.211512,-0.402352,-0.205361,0.242971,-0.396782,-0.249719
2026-07-20 14:32:12.800,43.999958,0.000000,0.000000,0.000000,0.320269,-0.385686,-0.278804,0.124072,-0.351862,-0.277759,0.222171,-0.368774,-0.278281,0.195836,-0.397097,-0.253614,0.211880,-0.409446,-0.207300,0.243339,-0.403877,-0.251658
2026-07-20 14:32:12.900,44.099958,0.000000,0.000000,0.000000,0.320166,-0.390689,-0.279962,0.124205,-0.356923,-0.278919,0.222185,-0.373806,-0.279441,0.196046,-0.401151,-0.254722,0.212090,-0.413500,-0.208408,0.242473,-0.408692,-0.252817
2026-07-20 14:32:13.000,44.199958,0.000000,0.000000,0.000000,0.320178,-0.390795,-0.279060,0.124205,-0.356923,-0.278919,0.222191,-0.373859,-0.278990,0.196046,-0.401151,-0.254722,0.212090,-0.413500,-0.208408,0.243549,-0.407931,-0.252766
2026-07-20 14:32:13.100,44.299958,0.000000,0.000000,0.000000,0.320479,-0.389740,-0.279912,0.124205,-0.356923,-0.278919,0.222342,-0.373332,-0.279416,0.196035,-0.401050,-0.255584,0.211910,-0.414570,-0.207694,0.243549,-0.407931,-0.252766
2026-07-20 14:32:13.200,44.399958,0.000000,0.000000,0.000000,0.320374,-0.387713,-0.279358,0.124022,-0.355903,-0.278418,0.222198,-0.371808,-0.278888,0.195941,-0.399124,-0.254168,0.211996,-0.411574,-0.206995,0.243444,-0.405904,-0.252212
2026-07-20 14:32:13.300,44.499958,0.000000,0.000000,0.000000,0.320947,-0.384801,-0.278980,0.124047,-0.353883,-0.278088,0.222497,-0.369342,-0.278534,0.195889,-0.398111,-0.253891,0.211944,-0.410561,-0.206718,0.243391,-0.404890,-0.251935
2026-07-20 14:32:13.400,44.599957,0.000000,0.000000,0.000000,0.320333,-0.386806,-0.278177,0.124203,-0.351869,-0.277984,0.222268,-0.369337,-0.278080,0.195889,-0.398111,-0.253891,0.211752,-0.411529,-0.206863,0.243391,-0.404890,-0.251935
2026-07-20 14:32:13.500,44.699957,0.000000,0.000000,0.000000,0.320529,-0.383723,-0.278476,0.124020,-0.350849,-0.277482,0.222275,-0.367286,-0.277979,0.195783,-0.396084,-0.253337,0.211647,-0.409502,-0.206309,0.243286,-0.402863,-0.251381
2026-07-20 14:32:13.600,44.799957,0.000000,0.000000,0.000000,0.320269,-0.385686,-0.278804,0.124072,-0.351862,-0.277759,0.222171,-0.368774,-0.278281,0.195836,-0.397097,-0.253614,0.211700,-0.410516,-0.206586,0.243339,-0.403877,-0.251658
2026-07-20 14:32:13.700,44.899957,0.000000,0.000000,0.000000,0.319965,-0.379711,-0.276238,0.123757,-0.345781,-0.276097,0.221861,-0.362746,-0.276168,0.195521,-0.391016,-0.251952,0.211396,-0.404535,-0.204066,0.243024,-0.397796,-0.249996
2026-07-20 14:32:13.800,44.999957,0.000000,0.000000,0.000000,0.320426,-0.388726,-0.279635,0.124230,-0.354903,-0.278590,0.222328,-0.371815,-0.279112,0.195994,-0.400138,-0.254445,0.211868,-0.413657,-0.206559,0.243496,-0.406917,-0.252489
2026-07-20 14:32:13.900,45.099957,0.000000,0.000000,0.000000,0.320321,-0.386699,-0.279081,0.124047,-0.353883,-0.278088,0.222184,-0.370291,-0.278585,0.195889,-0.398111,-0.253891,0.211763,-0.411630,-0.206005,0.243391,-0.404890,-0.251935
2026-07-20 14:32:14.000,45.199957,0.000000,0.000000,0.000000,0.320426,-0.388726,-0.279635,0.124152,-0.355910,-0.278642,0.222289,-0.372318,-0.279139,0.195823,-0.401118,-0.254530,0.211868,-0.413657,-0.206559,0.243496,-0.406917,-0.252489
2026-07-20 14:32:14.100,45.299957,0.000000,0.000000,0.000000,0.320701,-0.393900,-0.280116,0.124415,-0.360977,-0.280027,0.222558,-0.377439,-0.280072,0.196256,-0.405205,-0.255830,0.212131,-0.418724,-0.207944,0.243759,-0.411985,-0.253874
2026-07-20 14:32:14.200,45.399957,0.000000,0.000000,0.000000,0.320269,-0.385686,-0.278804,0.123995,-0.352869,-0.277811,0.222132,-0.369278,-0.278308,0.195836,-0.397097,-0.253614,0.211722,-0.410717,-0.204870,0.243339,-0.403877,-0.251658
2026-07-20 14:32:14.300,45.499957,0.000000,0.000000,0.000000,0.319851,-0.384608,-0.278300,0.123890,-0.350842,-0.277257,0.221870,-0.367725,-0.277779,0.195560,-0.396050,-0.253144,0.211617,-0.408690,-0.204316,0.243234,-0.401850,-0.251104
2026-07-20 14:32:14.400,45.599957,0.000000,0.000000,0.000000,0.320321,-0.386699,-0.279081,0.124125,-0.352876,-0.278036,0.222223,-0.369788,-0.278558,0.195047,-0.397907,-0.253856,0.211775,-0.411731,-0.205147,0.243391,-0.404890,-0.251935
2026-07-20 14:32:14.500,45.699956,0.000000,0.000000,0.000000,0.320844,-0.389804,-0.280138,0.124335,-0.356930,-0.279144,0.222590,-0.373367,-0.279641,0.195087,-0.402942,-0.255049,0.211147,-0.415582,-0.206221,0.243602,-0.408944,-0.253043
2026-07-20 14:32:14.600,45.799956,0.000000,0.000000,0.000000,0.320164,-0.383659,-0.278250,0.123812,-0.351849,-0.277310,0.221988,-0.367754,-0.277780,0.194719,-0.395847,-0.253110,0.210791,-0.408588,-0.203424,0.243463,-0.400884,-0.251017
2026-07-20 14:32:14.700,45.899956,0.000000,0.000000,0.000000,0.320269,-0.385686,-0.278804,0.123995,-0.352869,-0.277811,0.222132,-0.369278,-0.278308,0.194824,-0.397874,-0.253664,0.210705,-0.411584,-0.204126,0.243339,-0.403877,-0.251658
2026-07-20 14:32:14.800,45.999956,0.000000,0.000000,0.000000,0.320321,-0.386699,-0.279081,0.124125,-0.352876,-0.278036,0.222223,-0.369788,-0.278558,0.194877,-0.398888,-0.253941,0.210757,-0.412597,-0.204403,0.243391,-0.404890,-0.251935
2026-07-20 14:32:14.900,46.099956,0.000000,0.000000,0.000000,0.320166,-0.390689,-0.279962,0.124283,-0.355916,-0.278867,0.222224,-0.373303,-0.279415,0.195034,-0.401928,-0.254772,0.211106,-0.414669,-0.205086,0.244627,-0.407170,-0.252714
2026-07-20 14:32:15.000,46.199956,0.000000,0.000000,0.000000,0.320269,-0.385686,-0.278804,0.124072,-0.351862,-0.277759,0.222171,-0.368774,-0.278281,0.194824,-0.397874,-0.253664,0.210907,-0.410716,-0.203120,0.244186,-0.404082,-0.251693
2026-07-20 14:32:15.100,46.299956,0.000000,0.000000,0.000000,0.320281,-0.385792,-0.277900,0.124150,-0.350855,-0.277707,0.222215,-0.368324,-0.277803,0.194824,-0.397874,-0.253664,0.210705,-0.411584,-0.204126,0.244417,-0.403116,-0.251606
2026-07-20 14:32:15.200,46.399956,0.000000,0.000000,0.000000,0.320374,-0.387713,-0.279358,0.124255,-0.352882,-0.278261,0.222314,-0.370298,-0.278809,0.194929,-0.399901,-0.254218,0.211012,-0.412743,-0.203674,0.244522,-0.405143,-0.252160
2026-07-20 14:32:15.300,46.499956,0.000000,0.000000,0.000000,0.320228,-0.384779,-0.277623,0.123865,-0.352863,-0.277587,0.222046,-0.368821,-0.277605,0.194772,-0.396861,-0.253387,0.210854,-0.409703,-0.202843,0.244145,-0.403170,-0.250548
2026-07-20 14:32:15.400,46.599956,0.000000,0.000000,0.000000,0.320111,-0.382645,-0.277973,0.123837,-0.349829,-0.276980,0.221974,-0.366237,-0.277477,0.194667,-0.394834,-0.252833,0.210558,-0.408644,-0.202438,0.244270,-0.400178,-0.249907
2026-07-20 14:32:15.500,46.699955,0.000000,0.000000,0.000000,0.320426,-0.388726,-0.279635,0.124230,-0.354903,-0.278590,0.222328,-0.371815,-0.279112,0.194982,-0.400915,-0.254495,0.210874,-0.414725,-0.204100,0.244586,-0.406259,-0.251569
2026-07-20 14:32:15.600,46.799955,0.000000,0.000000,0.000000,0.320479,-0.389740,-0.279912,0.124205,-0.356923,-0.278919,0.222342,-0.373332,-0.279416,0.195034,-0.401928,-0.254772,0.211128,-0.414871,-0.203371,0.244408,-0.408238,-0.251933
2026-07-20 14:32:15.700,46.899955,0.000000,0.000000,0.000000,0.320321,-0.386699,-0.279081,0.124047,-0.353883,-0.278088,0.222184,-0.370291,-0.278585,0.194877,-0.398888,-0.253941,0.210780,-0.412799,-0.202690,0.244250,-0.405197,-0.251102
2026-07-20 14:32:15.800,46.999955,0.000000,0.000000,0.000000,0.320374,-0.387713,-0.279358,0.124100,-0.354896,-0.278365,0.222237,-0.371305,-0.278862,0.194760,-0.400882,-0.254302,0.211023,-0.412844,-0.202817,0.244533,-0.405245,-0.251292
2026-07-20 14:32:15.900,47.099955,0.000000,0.000000,0.000000,0.320479,-0.389740,-0.279912,0.124283,-0.355916,-0.278867,0.222381,-0.372828,-0.279389,0.195034,-0.401928,-0.254772,0.210101,-0.415637,-0.203486,0.244638,-0.407272,-0.251846
2026-07-20 14:32:16.000,47.199955,0.000000,0.000000,0.000000,0.320166,-0.390689,-0.279962,0.124205,-0.356923,-0.278919,0.222185,-0.373806,-0.279441,0.194205,-0.401826,-0.253876,0.210112,-0.415737,-0.202629,0.244638,-0.407272,-0.251846
2026-07-20 14:32:16.100,47.299955,0.000000,0.000000,0.000000,0.320281,-0.385792,-0.277900,0.123995,-0.352869,-0.277811,0.222138,-0.369331,-0.277856,0.193983,-0.397671,-0.253629,0.210092,-0.410715,-0.201370,0.244198,-0.404184,-0.250825
2026-07-20 14:32:16.200,47.399955,0.000000,0.000000,0.000000,0.320739,-0.387777,-0.279584,0.124152,-0.355910,-0.278642,0.222446,-0.371844,-0.279113,0.194141,-0.400711,-0.254460,0.210059,-0.414724,-0.202353,0.244125,-0.408190,-0.251744
2026-07-20 14:32:16.300,47.499955,0.000000,0.000000,0.000000,0.320596,-0.391873,-0.279562,0.124310,-0.358950,-0.279473,0.222453,-0.375412,-0.279518,0.194299,-0.403752,-0.255291,0.210217,-0.417764,-0.203183,0.244513,-0.410265,-0.252487
2026-07-20 14:32:16.400,47.599955,0.000000,0.000000,0.000000,0.320333,-0.386806,-0.278177,0.123892,-0.355897,-0.278193,0.222113,-0.371351,-0.278185,0.194047,-0.398785,-0.253045,0.209954,-0.412697,-0.201799,0.244020,-0.406163,-0.251190
2026-07-20 14:32:16.500,47.699955,0.000000,0.000000,0.000000,0.320321,-0.386699,-0.279081,0.124125,-0.352876,-0.278036,0.222223,-0.369788,-0.278558,0.193879,-0.399766,-0.253130,0.209776,-0.413766,-0.201094,0.244250,-0.405197,-0.251102
2026-07-20 14:32:16.600,47.799954,0.000000,0.000000,0.000000,0.320426,-0.388726,-0.279635,0.124230,-0.354903,-0.278590,0.222328,-0.371815,-0.279112,0.194152,-0.400812,-0.253599,0.210071,-0.414825,-0.201496,0.245203,-0.407429,-0.251692
2026-07-20 14:32:16.700,47.899954,0.000000,0.000000,0.000000,0.320008,-0.387649,-0.279131,0.124047,-0.353883,-0.278088,0.222028,-0.370766,-0.278610,0.193963,-0.399276,-0.253088,0.209966,-0.412798,-0.200942,0.245097,-0.405402,-0.251138
2026-07-20 14:32:16.800,47.999954,0.000000,0.000000,0.000000,0.320426,-0.388726,-0.279635,0.124230,-0.354903,-0.278590,0.222328,-0.371815,-0.279112,0.194152,-0.400812,-0.253599,0.209881,-0.415793,-0.201648,0.245203,-0.407429,-0.251692
2026-07-20 14:32:16.900,48.099954,0.000000,0.000000,0.000000,0.319967,-0.386741,-0.277952,0.124228,-0.349848,-0.277654,0.222098,-0.368295,-0.277803,0.193826,-0.398753,-0.252853,0.209913,-0.411784,-0.200665,0.245045,-0.404389,-0.250861
2026-07-20 14:32:17.000,48.199954,0.000000,0.000000,0.000000,0.320426,-0.388726,-0.279635,0.123997,-0.357924,-0.278747,0.222212,-0.373325,-0.279191,0.193984,-0.401793,-0.253684,0.210082,-0.414925,-0.200639,0.244971,-0.408394,-0.251779
2026-07-20 14:32:17.100,48.299954,0.000000,0.000000,0.000000,0.320374,-0.387713,-0.279358,0.124100,-0.354896,-0.278365,0.222237,-0.371305,-0.278862,0.194015,-0.400289,-0.253365,0.210029,-0.413912,-0.200362,0.245150,-0.406416,-0.251415
2026-07-20 14:32:17.200,48.399954,0.000000,0.000000,0.000000,0.320636,-0.392780,-0.280743,0.124440,-0.358957,-0.279698,0.222538,-0.375869,-0.280220,0.194194,-0.405847,-0.254792,0.209455,-0.418777,-0.201713,0.245181,-0.412448,-0.252887
2026-07-20 14:32:17.300,48.499954,0.000000,0.000000,0.000000,0.320386,-0.387819,-0.278454,0.124100,-0.354896,-0.278365,0.222243,-0.371358,-0.278410,0.193931,-0.400780,-0.253407,0.209004,-0.414677,-0.200481,0.244918,-0.407381,-0.251502
2026-07-20 14:32:17.400,48.599954,0.000000,0.000000,0.000000,0.320634,-0.385750,-0.279030,0.123970,-0.354890,-0.278141,0.222302,-0.370320,-0.278586,0.193879,-0.399766,-0.253130,0.209151,-0.412797,-0.199194,0.244866,-0.406367,-0.251225
2026-07-20 14:32:17.500,48.699954,0.000000,0.000000,0.000000,0.320321,-0.386699,-0.279081,0.123970,-0.354890,-0.278141,0.222145,-0.370795,-0.278611,0.193206,-0.398582,-0.253010,0.208963,-0.413765,-0.199349,0.244866,-0.406367,-0.251225
2026-07-20 14:32:17.600,48.799953,0.000000,0.000000,0.000000,0.320479,-0.389740,-0.279912,0.124127,-0.357930,-0.278972,0.222303,-0.373835,-0.279442,0.193196,-0.402603,-0.253927,0.209120,-0.416805,-0.200180,0.245024,-0.409408,-0.252056
2026-07-20 14:32:17.700,48.899953,0.000000,0.000000,0.000000,0.319967,-0.386741,-0.277952,0.123995,-0.352869,-0.277811,0.221981,-0.369805,-0.277882,0.192986,-0.398549,-0.252819,0.208910,-0.412751,-0.199072,0.244825,-0.405456,-0.250082
2026-07-20 14:32:17.800,48.999953,0.000000,0.000000,0.000000,0.320018,-0.380725,-0.276515,0.123654,-0.348809,-0.276479,0.221836,-0.364767,-0.276497,0.192723,-0.393482,-0.251434,0.208459,-0.408652,-0.197841,0.244562,-0.400388,-0.248697
2026-07-20 14:32:17.900,49.099953,0.000000,0.000000,0.000000,0.320269,-0.385686,-0.278804,0.123917,-0.353876,-0.277864,0.222093,-0.369781,-0.278334,0.192818,-0.399531,-0.252904,0.208910,-0.412751,-0.199072,0.244593,-0.406421,-0.250170
2026-07-20 14:32:18.000,49.199953,0.000000,0.000000,0.000000,0.320166,-0.390689,-0.279962,0.124205,-0.356923,-0.278919,0.222185,-0.373806,-0.279441,0.193029,-0.403585,-0.254012,0.208296,-0.416703,-0.199290,0.244572,-0.411440,-0.251367
2026-07-20 14:32:18.100,49.299953,0.000000,0.000000,0.000000,0.320477,-0.382710,-0.278199,0.123890,-0.350842,-0.277257,0.222183,-0.366776,-0.277728,0.192797,-0.397013,-0.252307,0.207981,-0.410622,-0.197628,0.244257,-0.405359,-0.249705
2026-07-20 14:32:18.200,49.399953,0.000000,0.000000,0.000000,0.320438,-0.388833,-0.278731,0.124230,-0.354903,-0.278590,0.222334,-0.371868,-0.278661,0.193144,-0.401590,-0.253650,0.208243,-0.415690,-0.199013,0.245596,-0.409666,-0.251036
2026-07-20 14:32:18.300,49.499953,0.000000,0.000000,0.000000,0.320374,-0.387713,-0.279358,0.124177,-0.353889,-0.278313,0.222276,-0.370801,-0.278835,0.192924,-0.401558,-0.253458,0.208202,-0.414777,-0.197880,0.244467,-0.409413,-0.250813
2026-07-20 14:32:18.400,49.599953,0.000000,0.000000,0.000000,0.320164,-0.383659,-0.278250,0.123967,-0.349835,-0.277205,0.222066,-0.366747,-0.277727,0.192546,-0.398485,-0.252436,0.207804,-0.411691,-0.196929,0.245101,-0.405563,-0.249740
2026-07-20 14:32:18.500,49.699953,0.000000,0.000000,0.000000,0.319695,-0.388598,-0.279181,0.123970,-0.354890,-0.278141,0.221832,-0.371744,-0.278661,0.192871,-0.400544,-0.253181,0.207962,-0.414731,-0.197760,0.245258,-0.408603,-0.250571
2026-07-20 14:32:18.600,49.799953,0.000000,0.000000,0.000000,0.320164,-0.383659,-0.278250,0.123967,-0.349835,-0.277205,0.222066,-0.366747,-0.277727,0.192713,-0.397504,-0.252350,0.207992,-0.410723,-0.196772,0.245101,-0.405563,-0.249740
2026-07-20 14:32:18.700,49.899952,0.000000,0.000000,0.000000,0.320059,-0.381632,-0.277696,0.123785,-0.348815,-0.276703,0.221922,-0.365224,-0.277200,0.191770,-0.395274,-0.251761,0.207898,-0.408797,-0.195363,0.245228,-0.402571,-0.249097
2026-07-20 14:32:18.800,49.999952,0.000000,0.000000,0.000000,0.320426,-0.388726,-0.279635,0.124152,-0.355910,-0.278642,0.222289,-0.372318,-0.279139,0.192137,-0.402368,-0.253700,0.208078,-0.416859,-0.197460,0.245596,-0.409666,-0.251036
2026-07-20 14:32:18.900,50.099952,0.000000,0.000000,0.000000,0.320176,-0.383765,-0.277346,0.123812,-0.351849,-0.277310,0.221994,-0.367807,-0.277328,0.191875,-0.397301,-0.252315,0.207815,-0.411791,-0.196075,0.245101,-0.405563,-0.249740
2026-07-20 14:32:19.000,50.199952,0.000000,0.000000,0.000000,0.320281,-0.385792,-0.277900,0.123995,-0.352869,-0.277811,0.222138,-0.369331,-0.277856,0.191813,-0.400309,-0.252955,0.208108,-0.412851,-0.196471,0.245438,-0.406625,-0.250205
2026-07-20 14:32:19.100,50.299952,0.000000,0.000000,0.000000,0.320634,-0.385750,-0.279030,0.124047,-0.353883,-0.278088,0.222341,-0.369817,-0.278559,0.191866,-0.401322,-0.253232,0.207138,-0.414630,-0.196871,0.245258,-0.408603,-0.250571
2026-07-20 14:32:19.200,50.399952,0.000000,0.000000,0.000000,0.320269,-0.385686,-0.278804,0.123917,-0.353876,-0.277864,0.222093,-0.369781,-0.278334,0.191813,-0.400309,-0.252955,0.207284,-0.412749,-0.195580,0.245206,-0.407590,-0.250294
2026-07-20 14:32:19.300,50.499952,0.000000,0.000000,0.000000,0.320374,-0.387713,-0.279358,0.124100,-0.354896,-0.278365,0.222237,-0.371305,-0.278862,0.191918,-0.402336,-0.253509,0.207202,-0.415744,-0.196294,0.246155,-0.409821,-0.250883
2026-07-20 14:32:19.400,50.599952,0.000000,0.000000,0.000000,0.320271,-0.392716,-0.280516,0.124310,-0.358950,-0.279473,0.222290,-0.375833,-0.279995,0.192128,-0.406390,-0.254617,0.207412,-0.419798,-0.197402,0.245521,-0.413671,-0.251956
2026-07-20 14:32:19.500,50.699952,0.000000,0.000000,0.000000,0.320331,-0.379776,-0.276464,0.123732,-0.347802,-0.276426,0.222032,-0.363789,-0.276445,0.191717,-0.394260,-0.251484,0.207032,-0.407782,-0.193340,0.244827,-0.403005,-0.248953
2026-07-20 14:32:19.600,50.799952,0.000000,0.000000,0.000000,0.320008,-0.387649,-0.279131,0.123970,-0.354890,-0.278141,0.221989,-0.371269,-0.278636,0.191866,-0.401322,-0.253232,0.207161,-0.414831,-0.195162,0.245258,-0.408603,-0.250571
2026-07-20 14:32:19.700,50.899951,0.000000,0.000000,0.000000,0.320438,-0.388833,-0.278731,0.124152,-0.355910,-0.278642,0.222295,-0.372371,-0.278687,0.192137,-0.402368,-0.253700,0.207266,-0.416858,-0.195716,0.246208,-0.410835,-0.251160
2026-07-20 14:32:19.800,50.999951,0.000000,0.000000,0.000000,0.320374,-0.387713,-0.279358,0.124177,-0.353889,-0.278313,0.222276,-0.370801,-0.278835,0.192001,-0.401845,-0.253466,0.207213,-0.415844,-0.195439,0.246155,-0.409821,-0.250883
2026-07-20 14:32:19.900,51.099951,0.000000,0.000000,0.000000,0.320792,-0.388791,-0.279861,0.124205,-0.356923,-0.278919,0.222498,-0.372857,-0.279390,0.192023,-0.404363,-0.254063,0.207329,-0.417972,-0.195139,0.245416,-0.411644,-0.251402
2026-07-20 14:32:20.000,51.199951,0.000000,0.000000,0.000000,0.319956,-0.386635,-0.278854,0.124072,-0.351862,-0.277759,0.222014,-0.369249,-0.278307,0.191980,-0.399328,-0.252869,0.207119,-0.413918,-0.194031,0.246050,-0.407794,-0.250329
2026-07-20 14:32:20.100,51.299951,0.000000,0.000000,0.000000,0.320321,-0.386699,-0.279081,0.123970,-0.354890,-0.278141,0.222145,-0.370795,-0.278611,0.191193,-0.400138,-0.253112,0.207172,-0.414931,-0.194308,0.237917,-0.402089,-0.156288
2026-07-20 14:32:20.200,51.399951,0.000000,0.000000,0.000000,0.320321,-0.386699,-0.279081,0.124125,-0.352876,-0.278036,0.222223,-0.369788,-0.278558,0.191028,-0.401120,-0.253197,0.206152,-0.415697,-0.194435,0.246336,-0.407843,-0.250517
2026-07-20 14:32:20.300,51.499951,0.000000,0.000000,0.000000,0.320739,-0.387777,-0.279584,0.124152,-0.355910,-0.278642,0.222446,-0.371844,-0.279113,0.191133,-0.403147,-0.253751,0.206454,-0.416857,-0.193973,0.246208,-0.410835,-0.251160
2026-07-20 14:32:20.400,51.599951,0.000000,0.000000,0.000000,0.320739,-0.387777,-0.279584,0.124152,-0.355910,-0.278642,0.222446,-0.371844,-0.279113,0.191133,-0.403147,-0.253751,0.206454,-0.416857,-0.193973,0.246208,-0.410835,-0.251160
2026-07-20 14:32:20.500,51.699951,0.000000,0.000000,0.000000,0.320321,-0.386699,-0.279081,0.124125,-0.352876,-0.278036,0.222223,-0.369788,-0.278558,0.191028,-0.401120,-0.253197,0.206349,-0.414830,-0.193419,0.246102,-0.408808,-0.250606
2026-07-20 14:32:20.600,51.799951,0.000000,0.000000,0.000000,0.320061,-0.388662,-0.279408,0.124022,-0.355903,-0.278418,0.222041,-0.372283,-0.278913,0.191080,-0.402133,-0.253474,0.206401,-0.415843,-0.193696,0.245921,-0.410785,-0.250971
2026-07-20 14:32:20.700,51.899951,0.000000,0.000000,0.000000,0.320333,-0.386806,-0.278177,0.124047,-0.353883,-0.278088,0.222190,-0.370344,-0.278133,0.191028,-0.401120,-0.253197,0.206349,-0.414830,-0.193419,0.246712,-0.409976,-0.250729
2026-07-20 14:32:20.800,51.999950,0.000000,0.000000,0.000000,0.320008,-0.387649,-0.279131,0.124125,-0.352876,-0.278036,0.222067,-0.370262,-0.278584,0.191028,-0.401120,-0.253197,0.206360,-0.414930,-0.192564,0.246102,-0.408808,-0.250606
2026-07-20 14:32:20.900,52.099950,0.000000,0.000000,0.000000,0.320529,-0.383723,-0.278476,0.123787,-0.353870,-0.277639,0.222158,-0.368797,-0.278058,0.190923,-0.399093,-0.252643,0.206255,-0.412903,-0.192010,0.245997,-0.406781,-0.250052
2026-07-20 14:32:21.000,52.199950,0.000000,0.000000,0.000000,0.320061,-0.388662,-0.279408,0.124100,-0.354896,-0.278365,0.222080,-0.371779,-0.278887,0.191080,-0.402133,-0.253474,0.206412,-0.415944,-0.192841,0.246999,-0.410025,-0.250918
2026-07-20 14:32:21.100,52.299950,0.000000,0.000000,0.000000,0.320479,-0.389740,-0.279912,0.124205,-0.356923,-0.278919,0.222342,-0.373332,-0.279416,0.191186,-0.404160,-0.254028,0.206517,-0.417971,-0.193395,0.247104,-0.412052,-0.251472
2026-07-20 14:32:21.200,52.399950,0.000000,0.000000,0.000000,0.320164,-0.383659,-0.278250,0.123890,-0.350842,-0.277257,0.222027,-0.367251,-0.277754,0.190870,-0.398079,-0.252366,0.205379,-0.411788,-0.190844,0.246554,-0.406935,-0.249898
2026-07-20 14:32:21.300,52.499950,0.000000,0.000000,0.000000,0.320386,-0.387819,-0.278454,0.124177,-0.353889,-0.278313,0.222282,-0.370854,-0.278384,0.190243,-0.401931,-0.253440,0.205589,-0.415842,-0.191952,0.246155,-0.409821,-0.250883
2026-07-20 14:32:21.400,52.599950,0.000000,0.000000,0.000000,0.320321,-0.386699,-0.279081,0.123970,-0.354890,-0.278141,0.222145,-0.370795,-0.278611,0.190190,-0.400917,-0.253163,0.205352,-0.415797,-0.191840,0.246947,-0.409012,-0.250641
2026-07-20 14:32:21.500,52.699950,0.000000,0.000000,0.000000,0.320166,-0.390689,-0.279962,0.124283,-0.355916,-0.278867,0.222224,-0.373303,-0.279415,0.190348,-0.403958,-0.253994,0.205509,-0.418837,-0.192671,0.247104,-0.412052,-0.251472
2026-07-20 14:32:21.600,52.799950,0.000000,0.000000,0.000000,0.320333,-0.386806,-0.278177,0.124125,-0.352876,-0.278036,0.222229,-0.369841,-0.278107,0.190190,-0.400917,-0.253163,0.205536,-0.414829,-0.191675,0.246712,-0.409976,-0.250729
2026-07-20 14:32:21.700,52.899950,0.000000,0.000000,0.000000,0.320061,-0.388662,-0.279408,0.124100,-0.354896,-0.278365,0.222080,-0.371779,-0.278887,0.190243,-0.401931,-0.253440,0.205404,-0.416810,-0.192117,0.246764,-0.410989,-0.251006
2026-07-20 14:32:21.800,52.999949,0.000000,0.000000,0.000000,0.320020,-0.387755,-0.278229,0.124125,-0.352876,-0.278036,0.222072,-0.370315,-0.278132,0.190190,-0.400917,-0.253163,0.205548,-0.414929,-0.190821,0.246947,-0.409012,-0.250641
2026-07-20 14:32:21.900,53.099949,0.000000,0.000000,0.000000,0.320321,-0.386699,-0.279081,0.124125,-0.352876,-0.278036,0.222223,-0.369788,-0.278558,0.190190,-0.400917,-0.253163,0.205363,-0.415897,-0.190987,0.246947,-0.409012,-0.250641
2026-07-20 14:32:22.000,53.199949,0.000000,0.000000,0.000000,0.320806,-0.395927,-0.280670,0.124520,-0.363004,-0.280581,0.222663,-0.379466,-0.280626,0.190663,-0.410039,-0.255656,0.205836,-0.425018,-0.193480,0.247185,-0.419097,-0.253222
2026-07-20 14:32:22.100,53.299949,0.000000,0.000000,0.000000,0.319757,-0.382687,-0.276844,0.123785,-0.348815,-0.276703,0.221771,-0.365751,-0.276774,0.189928,-0.395850,-0.251778,0.205100,-0.410830,-0.189602,0.246684,-0.403944,-0.249256
2026-07-20 14:32:22.200,53.399949,0.000000,0.000000,0.000000,0.320323,-0.393730,-0.280793,0.124362,-0.359964,-0.279750,0.222343,-0.376847,-0.280272,0.190505,-0.406998,-0.254825,0.205689,-0.422078,-0.191796,0.247262,-0.415093,-0.252303
2026-07-20 14:32:22.300,53.499949,0.000000,0.000000,0.000000,0.320438,-0.388833,-0.278731,0.124152,-0.355910,-0.278642,0.222295,-0.372371,-0.278687,0.190295,-0.402944,-0.253717,0.205295,-0.418992,-0.190854,0.246817,-0.412003,-0.251283
2026-07-20 14:32:22.400,53.599949,0.000000,0.000000,0.000000,0.305377,-0.406551,-0.266324,0.110045,-0.368140,-0.266534,0.207711,-0.387346,-0.266429,0.174464,-0.415854,-0.240054,0.188878,-0.430440,-0.176701,0.230597,-0.426996,-0.237300
2026-07-20 14:32:22.500,53.699949,0.000000,0.000000,0.000000,0.320426,-0.388726,-0.279635,0.124152,-0.355910,-0.278642,0.222289,-0.372318,-0.279139,0.190131,-0.403926,-0.253802,0.205295,-0.418992,-0.190854,0.247286,-0.410075,-0.251107
2026-07-20 14:32:22.600,53.799949,0.000000,0.000000,0.000000,0.320321,-0.386699,-0.279081,0.124047,-0.353883,-0.278088,0.222184,-0.370291,-0.278585,0.189352,-0.400714,-0.253128,0.205374,-0.415997,-0.190133,0.246947,-0.409012,-0.250641
2026-07-20 14:32:22.700,53.899949,0.000000,0.000000,0.000000,0.320321,-0.386699,-0.279081,0.124125,-0.352876,-0.278036,0.222223,-0.369788,-0.278558,0.189352,-0.400714,-0.253128,0.205189,-0.416965,-0.190300,0.246712,-0.409976,-0.250729
2026-07-20 14:32:22.800,53.999949,0.000000,0.000000,0.000000,0.320426,-0.388726,-0.279635,0.124230,-0.354903,-0.278590,0.222328,-0.371815,-0.279112,0.189457,-0.402741,-0.253682,0.204462,-0.418791,-0.190820,0.247052,-0.411039,-0.251195
2026-07-20 14:32:22.900,54.099948,0.000000,0.000000,0.000000,0.320897,-0.390818,-0.280415,0.124465,-0.356936,-0.279369,0.222681,-0.373877,-0.279892,0.189452,-0.406764,-0.254599,0.204803,-0.420863,-0.191484,0.247209,-0.414079,-0.252026
2026-07-20 14:32:23.000,54.199948,0.000000,0.000000,0.000000,0.320479,-0.389740,-0.279912,0.124205,-0.356923,-0.278919,0.222342,-0.373332,-0.279416,0.189347,-0.404737,-0.254045,0.204526,-0.419904,-0.190245,0.247104,-0.412052,-0.251472
2026-07-20 14:32:23.100,54.299948,0.000000,0.000000,0.000000,0.320386,-0.387819,-0.278454,0.124100,-0.354896,-0.278365,0.222243,-0.371358,-0.278410,0.189242,-0.402710,-0.253491,0.204604,-0.416909,-0.189523,0.247234,-0.409061,-0.250830
2026-07-20 14:32:23.200,54.399948,0.000000,0.000000,0.000000,0.320321,-0.386699,-0.279081,0.124125,-0.352876,-0.278036,0.222223,-0.369788,-0.278558,0.189189,-0.401697,-0.253214,0.204368,-0.416864,-0.189414,0.247181,-0.408048,-0.250553
2026-07-20 14:32:23.300,54.499948,0.000000,0.000000,0.000000,0.320176,-0.383765,-0.277346,0.123812,-0.351849,-0.277310,0.221994,-0.367807,-0.277328,0.189195,-0.397674,-0.252297,0.204211,-0.413823,-0.188583,0.246789,-0.405971,-0.249810
2026-07-20 14:32:23.400,54.599948,0.000000,0.000000,0.000000,0.320792,-0.388791,-0.279861,0.124205,-0.356923,-0.278919,0.222498,-0.372857,-0.279390,0.189347,-0.404737,-0.254045,0.204709,-0.418936,-0.190077,0.247104,-0.412052,-0.251472
2026-07-20 14:32:23.500,54.699948,0.000000,0.000000,0.000000,0.320321,-0.386699,-0.279081,0.124125,-0.352876,-0.278036,0.222223,-0.369788,-0.278558,0.189189,-0.401697,-0.253214,0.204368,-0.416864,-0.189414,0.246712,-0.409976,-0.250729
2026-07-20 14:32:23.600,54.799948,0.000000,0.000000,0.000000,0.320477,-0.382710,-0.278199,0.123890,-0.350842,-0.277257,0.222183,-0.366776,-0.277728,0.189031,-0.398656,-0.252383,0.204222,-0.413923,-0.187730,0.246789,-0.405971,-0.249810
2026-07-20 14:32:23.700,54.899948,0.000000,0.000000,0.000000,0.320543,-0.390860,-0.279285,0.124335,-0.356930,-0.279144,0.222439,-0.373895,-0.279215,0.189399,-0.405751,-0.254322,0.204589,-0.421018,-0.189669,0.247157,-0.413066,-0.251749
2026-07-20 14:32:23.800,54.999948,0.000000,0.000000,0.000000,0.320426,-0.388726,-0.279635,0.124230,-0.354903,-0.278590,0.222328,-0.371815,-0.279112,0.189294,-0.403724,-0.253768,0.204668,-0.418023,-0.188946,0.246817,-0.412003,-0.251283
2026-07-20 14:32:23.900,55.099947,0.000000,0.000000,0.000000,0.320386,-0.387819,-0.278454,0.124100,-0.354896,-0.278365,0.222243,-0.371358,-0.278410,0.189405,-0.401728,-0.253405,0.204432,-0.417977,-0.188838,0.246999,-0.410025,-0.250918
2026-07-20 14:32:24.000,55.199947,0.000000,0.000000,0.000000,0.320216,-0.384672,-0.278527,0.123865,-0.352863,-0.277587,0.222040,-0.368768,-0.278057,0.189084,-0.399670,-0.252660,0.204274,-0.414937,-0.188007,0.246607,-0.407949,-0.250175
2026-07-20 14:32:24.100,55.299947,0.000000,0.000000,0.000000,0.320426,-0.388726,-0.279635,0.124152,-0.355910,-0.278642,0.222289,-0.372318,-0.279139,0.189294,-0.403724,-0.253768,0.204484,-0.418991,-0.189115,0.246817,-0.412003,-0.251283
2026-07-20 14:32:24.200,55.399947,0.000000,0.000000,0.000000,0.320479,-0.389740,-0.279912,0.124360,-0.354909,-0.278815,0.222420,-0.372325,-0.279363,0.189347,-0.404737,-0.254045,0.204353,-0.420972,-0.189561,0.246635,-0.413981,-0.251649
2026-07-20 14:32:24.300,55.499947,0.000000,0.000000,0.000000,0.320386,-0.387819,-0.278454,0.124100,-0.354896,-0.278365,0.222243,-0.371358,-0.278410,0.189242,-0.402710,-0.253491,0.204432,-0.417977,-0.188838,0.247843,-0.410229,-0.250953
2026-07-20 14:32:24.400,55.599947,0.000000,0.000000,0.000000,0.320792,-0.388791,-0.279861,0.124283,-0.355916,-0.278867,0.222537,-0.372353,-0.279364,0.189347,-0.404737,-0.254045,0.204537,-0.420004,-0.189392,0.247339,-0.411088,-0.251384
2026-07-20 14:32:24.500,55.699947,0.000000,0.000000,0.000000,0.320636,-0.392780,-0.280743,0.124362,-0.359964,-0.279750,0.222499,-0.376372,-0.280247,0.189504,-0.407778,-0.254876,0.204695,-0.423045,-0.190223,0.247027,-0.416057,-0.252391
2026-07-20 14:32:24.600,55.799947,0.000000,0.000000,0.000000,0.320634,-0.385750,-0.279030,0.124125,-0.352876,-0.278036,0.222380,-0.369313,-0.278533,0.189189,-0.401697,-0.253214,0.204196,-0.417932,-0.188730,0.246712,-0.409976,-0.250729
2026-07-20 14:32:24.700,55.899947,0.000000,0.000000,0.000000,0.320178,-0.390795,-0.279060,0.124283,-0.355916,-0.278867,0.222230,-0.373356,-0.278963,0.189347,-0.404737,-0.254045,0.204537,-0.420004,-0.189392,0.247948,-0.412256,-0.251507
2026-07-20 14:32:24.800,55.999947,0.000000,0.000000,0.000000,0.320113,-0.389676,-0.279685,0.124152,-0.355910,-0.278642,0.222133,-0.372793,-0.279164,0.189294,-0.403724,-0.253768,0.204301,-0.419959,-0.189284,0.247052,-0.411039,-0.251195
2026-07-20 14:32:24.900,56.099946,0.000000,0.000000,0.000000,0.320059,-0.381632,-0.277696,0.123862,-0.347808,-0.276651,0.221960,-0.364720,-0.277173,0.188926,-0.396629,-0.251829,0.203944,-0.412964,-0.186494,0.246449,-0.404908,-0.249344
2026-07-20 14:32:25.000,56.199946,0.000000,0.000000,0.000000,0.320166,-0.390689,-0.279962,0.124283,-0.355916,-0.278867,0.222224,-0.373303,-0.279415,0.189347,-0.404737,-0.254045,0.204365,-0.421072,-0.188710,0.247948,-0.412256,-0.251507
2026-07-20 14:32:25.100,56.299946,0.000000,0.000000,0.000000,0.320479,-0.389740,-0.279912,0.124205,-0.356923,-0.278919,0.222342,-0.373332,-0.279416,0.189347,-0.404737,-0.254045,0.204548,-0.420105,-0.188540,0.248184,-0.411292,-0.251419
2026-07-20 14:32:25.200,56.399946,0.000000,0.000000,0.000000,0.305041,-0.408512,-0.266588,0.110175,-0.368159,-0.266758,0.207608,-0.388336,-0.266673,0.173447,-0.417619,-0.240325,0.188083,-0.431375,-0.175208,0.231718,-0.427300,-0.237515
2026-07-20 14:32:25.300,56.499946,0.000000,0.000000,0.000000,0.320269,-0.385686,-0.278804,0.124072,-0.351862,-0.277759,0.222171,-0.368774,-0.278281,0.189125,-0.400582,-0.253793,0.204154,-0.417018,-0.187602,0.247502,-0.409166,-0.250487
2026-07-20 14:32:25.400,56.599946,0.000000,0.000000,0.000000,0.320556,-0.384230,-0.278615,0.123968,-0.352363,-0.277673,0.222262,-0.368296,-0.278144,0.189110,-0.400176,-0.252798,0.204312,-0.415544,-0.187294,0.246633,-0.408456,-0.250314
2026-07-20 14:32:25.500,56.699946,0.000000,0.000000,0.000000,0.320479,-0.389740,-0.279912,0.124283,-0.355916,-0.278867,0.222381,-0.372828,-0.279389,0.189347,-0.404737,-0.254045,0.204365,-0.421072,-0.188710,0.247713,-0.413220,-0.251595
2026-07-20 14:32:25.600,56.799946,0.000000,0.000000,0.000000,0.320491,-0.389846,-0.279008,0.124205,-0.356923,-0.278919,0.222348,-0.373385,-0.278964,0.189183,-0.405719,-0.254131,0.204365,-0.421072,-0.188710,0.247104,-0.412052,-0.251472
2026-07-20 14:32:25.700,56.899946,0.000000,0.000000,0.000000,0.323210,-0.380388,-0.293817,0.126047,-0.348527,-0.290963,0.224628,-0.364458,-0.292390,0.192493,-0.397589,-0.267993,0.208091,-0.414818,-0.203140,0.250262,-0.404358,-0.265862
2026-07-20 14:32:25.800,56.999946,0.000000,0.000000,0.000000,0.323592,-0.380576,-0.293148,0.126977,-0.349731,-0.291317,0.225284,-0.365153,-0.292232,0.192709,-0.397612,-0.268186,0.208153,-0.415821,-0.203449,0.251169,-0.405556,-0.266215
2026-07-20 14:32:25.900,57.099946,0.000000,0.000000,0.000000,0.320333,-0.386806,-0.278177,0.124047,-0.353883,-0.278088,0.222190,-0.370344,-0.278133,0.188352,-0.401494,-0.253179,0.204023,-0.418999,-0.188049,0.247555,-0.410180,-0.250764
2026-07-20 14:32:26.000,57.199945,0.000000,0.000000,0.000000,0.320543,-0.390860,-0.279285,0.124257,-0.357937,-0.279196,0.222400,-0.374398,-0.279241,0.189388,-0.405650,-0.255178,0.204417,-0.422086,-0.188987,0.247765,-0.414234,-0.251872
2026-07-20 14:32:26.100,57.299945,0.000000,0.000000,0.000000,0.320543,-0.390860,-0.279285,0.124335,-0.356930,-0.279144,0.222439,-0.373895,-0.279215,0.189388,-0.405650,-0.255178,0.204233,-0.423053,-0.189157,0.247765,-0.414234,-0.251872
2026-07-20 14:32:26.200,57.399945,0.000000,0.000000,0.000000,0.320216,-0.384672,-0.278527,0.124020,-0.350849,-0.277482,0.222118,-0.367761,-0.278004,0.189084,-0.399670,-0.252660,0.204102,-0.416005,-0.187325,0.247921,-0.406225,-0.250034
2026-07-20 14:32:26.300,57.499945,0.000000,0.000000,0.000000,0.320006,-0.380618,-0.277419,0.123810,-0.346795,-0.276374,0.221908,-0.363707,-0.276896,0.188711,-0.396598,-0.251638,0.203892,-0.411951,-0.186217,0.247240,-0.404099,-0.249102
2026-07-20 14:32:26.400,57.599945,0.000000,0.000000,0.000000,0.319954,-0.379605,-0.277142,0.123680,-0.346788,-0.276149,0.221817,-0.363197,-0.276646,0.188647,-0.395484,-0.252216,0.203839,-0.410937,-0.185940,0.247423,-0.402121,-0.248737
2026-07-20 14:32:26.500,57.699945,0.000000,0.000000,0.000000,0.320636,-0.392780,-0.280743,0.124362,-0.359964,-0.279750,0.222499,-0.376372,-0.280247,0.189330,-0.408659,-0.255817,0.204522,-0.424113,-0.189541,0.248106,-0.415297,-0.252338
2026-07-20 14:32:26.600,57.799945,0.000000,0.000000,0.000000,0.320739,-0.387777,-0.279584,0.124230,-0.354903,-0.278590,0.222485,-0.371340,-0.279087,0.188457,-0.403521,-0.253733,0.204312,-0.420059,-0.188433,0.247896,-0.411243,-0.251230
2026-07-20 14:32:26.700,57.899945,0.000000,0.000000,0.000000,0.320531,-0.390753,-0.280189,0.124257,-0.357937,-0.279196,0.222394,-0.374345,-0.279693,0.189399,-0.405751,-0.254322,0.204417,-0.422086,-0.188987,0.247765,-0.414234,-0.251872
2026-07-20 14:32:26.800,57.999945,0.000000,0.000000,0.000000,0.320426,-0.388726,-0.279635,0.124075,-0.356917,-0.278695,0.222250,-0.372822,-0.279165,0.189283,-0.403623,-0.254624,0.204496,-0.419091,-0.188263,0.247896,-0.411243,-0.251230
2026-07-20 14:32:26.900,58.099945,0.000000,0.000000,0.000000,0.319956,-0.386635,-0.278854,0.124072,-0.351862,-0.277759,0.222014,-0.369249,-0.278307,0.188962,-0.401565,-0.253878,0.204338,-0.416051,-0.187432,0.247738,-0.408202,-0.250399
2026-07-20 14:32:27.000,58.199944,0.000000,0.000000,0.000000,0.320216,-0.384672,-0.278527,0.124020,-0.350849,-0.277482,0.222118,-0.367761,-0.278004,0.188909,-0.400551,-0.253601,0.203929,-0.417072,-0.186645,0.247450,-0.408153,-0.250210
2026-07-20 14:32:27.100,58.299944,0.000000,0.000000,0.000000,0.320321,-0.386699,-0.279081,0.124047,-0.353883,-0.278088,0.222184,-0.370291,-0.278585,0.188341,-0.401393,-0.254035,0.204218,-0.418132,-0.187028,0.247791,-0.409216,-0.250676
2026-07-20 14:32:27.200,58.399944,0.000000,0.000000,0.000000,0.320479,-0.389740,-0.279912,0.124205,-0.356923,-0.278919,0.222342,-0.373332,-0.279416,0.188510,-0.404535,-0.254010,0.203544,-0.420971,-0.187825,0.247713,-0.413220,-0.251595
2026-07-20 14:32:27.300,58.499944,0.000000,0.000000,0.000000,0.320792,-0.388791,-0.279861,0.124205,-0.356923,-0.278919,0.222498,-0.372857,-0.279390,0.188499,-0.404434,-0.254866,0.203544,-0.420971,-0.187825,0.247948,-0.412256,-0.251507
2026-07-20 14:32:27.400,58.599944,0.000000,0.000000,0.000000,0.320426,-0.388726,-0.279635,0.124152,-0.355910,-0.278642,0.222289,-0.372318,-0.279139,0.188457,-0.403521,-0.253733,0.203492,-0.419958,-0.187548,0.247896,-0.411243,-0.251230
2026-07-20 14:32:27.500,58.699944,0.000000,0.000000,0.000000,0.320216,-0.384672,-0.278527,0.123942,-0.351856,-0.277534,0.222079,-0.368264,-0.278031,0.188236,-0.399366,-0.253481,0.202450,-0.415702,-0.186405,0.247450,-0.408153,-0.250210
2026-07-20 14:32:27.600,58.799944,0.000000,0.000000,0.000000,0.320323,-0.393730,-0.280793,0.124440,-0.358957,-0.279698,0.222382,-0.376343,-0.280246,0.188505,-0.408558,-0.254927,0.202871,-0.423810,-0.188621,0.247870,-0.416261,-0.252426
2026-07-20 14:32:27.700,58.899944,0.000000,0.000000,0.000000,0.320164,-0.383659,-0.278250,0.123890,-0.350842,-0.277257,0.222027,-0.367251,-0.277754,0.188195,-0.398454,-0.252348,0.202398,-0.414689,-0.186128,0.247633,-0.406175,-0.249845
2026-07-20 14:32:27.800,58.999944,0.000000,0.000000,0.000000,0.320269,-0.385686,-0.278804,0.124072,-0.351862,-0.277759,0.222171,-0.368774,-0.278281,0.188300,-0.400481,-0.252902,0.202684,-0.415748,-0.186511,0.247738,-0.408202,-0.250399
2026-07-20 14:32:27.900,59.099944,0.000000,0.000000,0.000000,0.320008,-0.387649,-0.279131,0.124125,-0.352876,-0.278036,0.222067,-0.370262,-0.278584,0.189189,-0.401697,-0.253214,0.202555,-0.417729,-0.186959,0.246477,-0.410940,-0.250818
2026-07-20 14:32:28.000,59.199944,0.000000,0.000000,0.000000,0.320164,-0.383659,-0.278250,0.123967,-0.349835,-0.277205,0.222066,-0.366747,-0.277727,0.189031,-0.398656,-0.252383,0.202750,-0.412653,-0.186639,0.246789,-0.405971,-0.249810
2026-07-20 14:32:28.100,59.299943,0.000000,0.000000,0.000000,0.320216,-0.384672,-0.278527,0.124020,-0.350849,-0.277482,0.222118,-0.367761,-0.278004,0.189084,-0.399670,-0.252660,0.203453,-0.414836,-0.187121,0.246607,-0.407949,-0.250175
2026-07-20 14:32:28.200,59.399943,0.000000,0.000000,0.000000,0.320634,-0.385750,-0.279030,0.124125,-0.352876,-0.278036,0.222380,-0.369313,-0.278533,0.189026,-0.402679,-0.253300,0.203547,-0.416763,-0.188527,0.246477,-0.410940,-0.250818
2026-07-20 14:32:28.300,59.499943,0.000000,0.000000,0.000000,0.320634,-0.385750,-0.279030,0.123970,-0.354890,-0.278141,0.222302,-0.370320,-0.278586,0.189189,-0.401697,-0.253214,0.203364,-0.417730,-0.188696,0.246242,-0.411904,-0.250906
2026-07-20 14:32:28.400,59.599943,0.000000,0.000000,0.000000,0.320426,-0.388726,-0.279635,0.124075,-0.356917,-0.278695,0.222250,-0.372822,-0.279165,0.189294,-0.403724,-0.253768,0.204473,-0.418891,-0.189968,0.246582,-0.412967,-0.251372
2026-07-20 14:32:28.500,59.699943,0.000000,0.000000,0.000000,0.320321,-0.386699,-0.279081,0.123970,-0.354890,-0.278141,0.222145,-0.370795,-0.278611,0.189189,-0.401697,-0.253214,0.204357,-0.416764,-0.190266,0.246477,-0.410940,-0.250818
2026-07-20 14:32:28.600,59.799943,0.000000,0.000000,0.000000,0.320164,-0.383659,-0.278250,0.123890,-0.350842,-0.277257,0.222027,-0.367251,-0.277754,0.189020,-0.398555,-0.253239,0.204188,-0.413623,-0.190287,0.246320,-0.407900,-0.249987
2026-07-20 14:32:28.700,59.899943,0.000000,0.000000,0.000000,0.320216,-0.384672,-0.278527,0.123865,-0.352863,-0.277587,0.222040,-0.368768,-0.278057,0.189073,-0.399569,-0.253516,0.204877,-0.415705,-0.191615,0.246137,-0.409877,-0.250352
2026-07-20 14:32:28.800,59.999943,0.000000,0.000000,0.000000,0.320061,-0.388662,-0.279408,0.124100,-0.354896,-0.278365,0.222080,-0.371779,-0.278887,0.189230,-0.402609,-0.254347,0.205035,-0.418746,-0.192446,0.246295,-0.412918,-0.251183
2026-07-20 14:32:28.900,60.099943,0.000000,0.000000,0.000000,0.319798,-0.383595,-0.278023,0.123837,-0.349829,-0.276980,0.221818,-0.366712,-0.277502,0.188968,-0.397542,-0.252962,0.204761,-0.413578,-0.191912,0.246267,-0.406886,-0.249710
2026-07-20 14:32:29.000,60.199943,0.000000,0.000000,0.000000,0.320113,-0.389676,-0.279685,0.124152,-0.355910,-0.278642,0.222133,-0.372793,-0.279164,0.189283,-0.403623,-0.254624,0.205897,-0.419760,-0.194460,0.246582,-0.412967,-0.251372
2026-07-20 14:32:29.100,60.299942,0.000000,0.000000,0.000000,0.319903,-0.385622,-0.278577,0.124020,-0.350849,-0.277482,0.221962,-0.368235,-0.278030,0.188909,-0.400551,-0.253601,0.205687,-0.415706,-0.193352,0.245891,-0.410740,-0.251300
2026-07-20 14:32:29.200,60.399942,0.000000,0.000000,0.000000,0.320269,-0.385686,-0.278804,0.123995,-0.352869,-0.277811,0.222132,-0.369278,-0.278308,0.189044,-0.401073,-0.253836,0.205739,-0.416720,-0.193629,0.246413,-0.409825,-0.251403
2026-07-20 14:32:29.300,60.499942,0.000000,0.000000,0.000000,0.319746,-0.382581,-0.277746,0.123862,-0.347808,-0.276651,0.221804,-0.365195,-0.277198,0.188752,-0.397511,-0.252770,0.206349,-0.412767,-0.193407,0.245980,-0.406837,-0.249521
2026-07-20 14:32:29.400,60.599942,0.000000,0.000000,0.000000,0.319956,-0.386635,-0.278854,0.123995,-0.352869,-0.277811,0.221975,-0.369752,-0.278333,0.188962,-0.401565,-0.253878,0.206746,-0.415853,-0.194353,0.246190,-0.410891,-0.250629
2026-07-20 14:32:29.500,60.699942,0.000000,0.000000,0.000000,0.320426,-0.388726,-0.279635,0.124308,-0.353896,-0.278538,0.222367,-0.371311,-0.279086,0.189120,-0.404605,-0.254709,0.207736,-0.419095,-0.195219,0.246571,-0.412866,-0.252234
2026-07-20 14:32:29.600,60.799942,0.000000,0.000000,0.000000,0.320061,-0.388662,-0.279408,0.124177,-0.353889,-0.278313,0.222119,-0.371276,-0.278861,0.189230,-0.402609,-0.254347,0.207683,-0.418082,-0.194942,0.246753,-0.410888,-0.251869
2026-07-20 14:32:29.700,60.899942,0.000000,0.000000,0.000000,0.319956,-0.386635,-0.278854,0.123995,-0.352869,-0.277811,0.221975,-0.369752,-0.278333,0.189125,-0.400582,-0.253793,0.207766,-0.415087,-0.194227,0.246425,-0.409927,-0.250541
2026-07-20 14:32:29.800,60.999942,0.000000,0.000000,0.000000,0.320321,-0.386699,-0.279081,0.124125,-0.352876,-0.278036,0.222223,-0.369788,-0.278558,0.190015,-0.401798,-0.254105,0.208452,-0.417169,-0.195552,0.246477,-0.410940,-0.250818
2026-07-20 14:32:29.900,61.099942,0.000000,0.000000,0.000000,0.320479,-0.389740,-0.279912,0.124205,-0.356923,-0.278919,0.222342,-0.373332,-0.279416,0.190172,-0.404839,-0.254936,0.208610,-0.420210,-0.196383,0.246635,-0.413981,-0.251649
2026-07-20 14:32:30.000,61.199942,0.000000,0.000000,0.000000,0.320426,-0.388726,-0.279635,0.123997,-0.357924,-0.278747,0.222212,-0.373325,-0.279191,0.190120,-0.403825,-0.254659,0.209390,-0.419398,-0.196140,0.245740,-0.412763,-0.251337
2026-07-20 14:32:30.100,61.299942,0.000000,0.000000,0.000000,0.320374,-0.387713,-0.279358,0.124177,-0.353889,-0.278313,0.222276,-0.370801,-0.278835,0.190078,-0.402912,-0.253525,0.209337,-0.418384,-0.195863,0.245921,-0.410785,-0.250971
2026-07-20 14:32:30.200,61.399941,0.000000,0.000000,0.000000,0.320166,-0.390689,-0.279962,0.124205,-0.356923,-0.278919,0.222185,-0.373806,-0.279441,0.191009,-0.405041,-0.254971,0.210073,-0.421479,-0.197463,0.245793,-0.413777,-0.251614
2026-07-20 14:32:30.300,61.499941,0.000000,0.000000,0.000000,0.320269,-0.385686,-0.278804,0.124072,-0.351862,-0.277759,0.222171,-0.368774,-0.278281,0.190810,-0.401088,-0.253006,0.209862,-0.417425,-0.196355,0.245349,-0.410687,-0.250594
2026-07-20 14:32:30.400,61.599941,0.000000,0.000000,0.000000,0.319538,-0.385557,-0.278350,0.123890,-0.350842,-0.277257,0.221714,-0.368200,-0.277804,0.190694,-0.398960,-0.253309,0.210578,-0.415499,-0.196687,0.245233,-0.408559,-0.250901
2026-07-20 14:32:30.500,61.699941,0.000000,0.000000,0.000000,0.320059,-0.381632,-0.277696,0.123862,-0.347808,-0.276651,0.221960,-0.364720,-0.277173,0.190589,-0.396933,-0.252755,0.211304,-0.413674,-0.196167,0.245372,-0.405669,-0.249398
2026-07-20 14:32:30.600,61.799941,0.000000,0.000000,0.000000,0.319851,-0.384608,-0.278300,0.123890,-0.350842,-0.277257,0.221870,-0.367725,-0.277779,0.190694,-0.398960,-0.253309,0.211398,-0.415600,-0.197572,0.245478,-0.407696,-0.249952
2026-07-20 14:32:30.700,61.899941,0.000000,0.000000,0.000000,0.320218,-0.391703,-0.280239,0.124257,-0.357937,-0.279196,0.222238,-0.374820,-0.279718,0.191061,-0.406055,-0.255248,0.212597,-0.422896,-0.199546,0.245834,-0.414689,-0.252753
2026-07-20 14:32:30.800,61.999941,0.000000,0.000000,0.000000,0.320008,-0.387649,-0.279131,0.124047,-0.353883,-0.278088,0.222028,-0.370766,-0.278610,0.190851,-0.402001,-0.254140,0.212376,-0.418742,-0.199289,0.245624,-0.410635,-0.251645
2026-07-20 14:32:30.900,62.099941,0.000000,0.000000,0.000000,0.320479,-0.389740,-0.279912,0.124283,-0.355916,-0.278867,0.222381,-0.372828,-0.279389,0.191174,-0.404059,-0.254886,0.213365,-0.421984,-0.200154,0.245548,-0.414640,-0.252563
2026-07-20 14:32:31.000,62.199941,0.000000,0.000000,0.000000,0.320531,-0.390753,-0.280189,0.124257,-0.357937,-0.279196,0.222394,-0.374345,-0.279693,0.191061,-0.406055,-0.255248,0.213211,-0.423864,-0.201437,0.245834,-0.414689,-0.252753
2026-07-20 14:32:31.100,62.299941,0.000000,0.000000,0.000000,0.320008,-0.387649,-0.279131,0.124047,-0.353883,-0.278088,0.222028,-0.370766,-0.278610,0.191688,-0.402203,-0.254175,0.213831,-0.420010,-0.200363,0.245624,-0.410635,-0.251645
2026-07-20 14:32:31.200,62.399940,0.000000,0.000000,0.000000,0.319851,-0.384608,-0.278300,0.123890,-0.350842,-0.277257,0.221870,-0.367725,-0.277779,0.191697,-0.398181,-0.253259,0.214504,-0.417171,-0.199567,0.245233,-0.408559,-0.250901
2026-07-20 14:32:31.300,62.499940,0.000000,0.000000,0.000000,0.320008,-0.387649,-0.279131,0.124125,-0.352876,-0.278036,0.222067,-0.370262,-0.278584,0.191854,-0.401222,-0.254090,0.214847,-0.419145,-0.201095,0.245390,-0.411600,-0.251732
2026-07-20 14:32:31.400,62.599940,0.000000,0.000000,0.000000,0.320008,-0.387649,-0.279131,0.124125,-0.352876,-0.278036,0.222067,-0.370262,-0.278584,0.192021,-0.400240,-0.254005,0.214847,-0.419145,-0.201095,0.245624,-0.410635,-0.251645
2026-07-20 14:32:31.500,62.699940,0.000000,0.000000,0.000000,0.320218,-0.391703,-0.280239,0.124257,-0.357937,-0.279196,0.222238,-0.374820,-0.279718,0.193070,-0.404497,-0.255148,0.216076,-0.422334,-0.202936,0.244992,-0.414485,-0.252718
2026-07-20 14:32:31.600,62.799940,0.000000,0.000000,0.000000,0.319956,-0.386635,-0.278854,0.123995,-0.352869,-0.277811,0.221975,-0.369752,-0.278333,0.192807,-0.399430,-0.253763,0.215813,-0.417267,-0.201551,0.244962,-0.408453,-0.251245
2026-07-20 14:32:31.700,62.899940,0.000000,0.000000,0.000000,0.320008,-0.387649,-0.279131,0.124047,-0.353883,-0.278088,0.222028,-0.370766,-0.278610,0.192860,-0.400443,-0.254040,0.216698,-0.418482,-0.201863,0.245014,-0.409467,-0.251522
2026-07-20 14:32:31.800,62.999940,0.000000,0.000000,0.000000,0.320479,-0.389740,-0.279912,0.124205,-0.356923,-0.278919,0.222342,-0.373332,-0.279416,0.193017,-0.403484,-0.254871,0.217878,-0.420658,-0.203430,0.245172,-0.412507,-0.252353
2026-07-20 14:32:31.900,63.099940,0.000000,0.000000,0.000000,0.320111,-0.382645,-0.277973,0.123837,-0.349829,-0.276980,0.221974,-0.366237,-0.277477,0.192650,-0.396389,-0.252932,0.217399,-0.413946,-0.202419,0.244804,-0.405413,-0.250414
2026-07-20 14:32:32.000,63.199940,0.000000,0.000000,0.000000,0.320061,-0.388662,-0.279408,0.124100,-0.354896,-0.278365,0.222080,-0.371779,-0.278887,0.193751,-0.401659,-0.254352,0.217761,-0.418531,-0.203729,0.245067,-0.410480,-0.251799
2026-07-20 14:32:32.100,63.299940,0.000000,0.000000,0.000000,0.320426,-0.388726,-0.279635,0.124230,-0.354903,-0.278590,0.222328,-0.371815,-0.279112,0.193804,-0.402673,-0.254629,0.218636,-0.419645,-0.204894,0.245119,-0.411494,-0.252076
2026-07-20 14:32:32.200,63.399940,0.000000,0.000000,0.000000,0.320269,-0.385686,-0.278804,0.123917,-0.353876,-0.277864,0.222093,-0.369781,-0.278334,0.193646,-0.399632,-0.253798,0.218479,-0.416605,-0.204063,0.244962,-0.408453,-0.251245
2026-07-20 14:32:32.300,63.499939,0.000000,0.000000,0.000000,0.320113,-0.389676,-0.279685,0.124230,-0.354903,-0.278590,0.222172,-0.372289,-0.279138,0.193804,-0.402673,-0.254629,0.219661,-0.418781,-0.205634,0.245119,-0.411494,-0.252076
2026-07-20 14:32:32.400,63.599939,0.000000,0.000000,0.000000,0.320008,-0.387649,-0.279131,0.124047,-0.353883,-0.278088,0.222028,-0.370766,-0.278610,0.193699,-0.400646,-0.254075,0.219342,-0.417619,-0.206081,0.245247,-0.408502,-0.251435
2026-07-20 14:32:32.500,63.699939,0.000000,0.000000,0.000000,0.320479,-0.389740,-0.279912,0.124283,-0.355916,-0.278867,0.222381,-0.372828,-0.279389,0.193856,-0.403686,-0.254906,0.219500,-0.420660,-0.206912,0.245393,-0.411441,-0.253130
2026-07-20 14:32:32.600,63.799939,0.000000,0.000000,0.000000,0.320269,-0.385686,-0.278804,0.124072,-0.351862,-0.277759,0.222171,-0.368774,-0.278281,0.193646,-0.399632,-0.253798,0.219290,-0.416606,-0.205804,0.244951,-0.408352,-0.252109
2026-07-20 14:32:32.700,63.899939,0.000000,0.000000,0.000000,0.319956,-0.386635,-0.278854,0.123995,-0.352869,-0.277811,0.221975,-0.369752,-0.278333,0.193635,-0.399532,-0.254657,0.220112,-0.416707,-0.206692,0.244951,-0.408352,-0.252109
2026-07-20 14:32:32.800,63.999939,0.000000,0.000000,0.000000,0.320584,-0.391767,-0.280466,0.124310,-0.358950,-0.279473,0.222447,-0.375359,-0.279970,0.193950,-0.405613,-0.256319,0.220427,-0.422788,-0.208354,0.245498,-0.413468,-0.253684
2026-07-20 14:32:32.900,64.099939,0.000000,0.000000,0.000000,0.319798,-0.383595,-0.278023,0.123837,-0.349829,-0.276980,0.221818,-0.366712,-0.277502,0.194486,-0.395713,-0.253777,0.219943,-0.413567,-0.206714,0.245026,-0.404346,-0.251191
2026-07-20 14:32:33.000,64.199939,0.000000,0.000000,0.000000,0.319798,-0.383595,-0.278023,0.123837,-0.349829,-0.276980,0.221818,-0.366712,-0.277502,0.194486,-0.395713,-0.253777,0.219943,-0.413567,-0.206714,0.245026,-0.404346,-0.251191
2026-07-20 14:32:33.100,64.299939,0.000000,0.000000,0.000000,0.319798,-0.383595,-0.278023,0.123837,-0.349829,-0.276980,0.221818,-0.366712,-0.277502,0.194486,-0.395713,-0.253777,0.219943,-0.413567,-0.206714,0.245026,-0.404346,-0.251191
2026-07-20 14:32:33.200,64.399939,0.000000,0.000000,0.000000,0.319798,-0.383595,-0.278023,0.123837,-0.349829,-0.276980,0.221818,-0.366712,-0.277502,0.194486,-0.395713,-0.253777,0.219943,-0.413567,-0.206714,0.245026,-0.404346,-0.251191
2026-07-20 14:32:33.300,64.499939,0.000000,0.000000,0.000000,0.319798,-0.383595,-0.278023,0.123837,-0.349829,-0.276980,0.221818,-0.366712,-0.277502,0.194486,-0.395713,-0.253777,0.219943,-0.413567,-0.206714,0.245026,-0.404346,-0.251191
2026-07-20 14:32:33.400,64.599939,0.000000,0.000000,0.000000,0.319798,-0.383595,-0.278023,0.123837,-0.349829,-0.276980,0.221818,-0.366712,-0.277502,0.194486,-0.395713,-0.253777,0.219943,-0.413567,-0.206714,0.245026,-0.404346,-0.251191
2026-07-20 14:32:33.500,64.699939,0.000000,0.000000,0.000000,0.319798,-0.383595,-0.278023,0.123837,-0.349829,-0.276980,0.221818,-0.366712,-0.277502,0.194486,-0.395713,-0.253777,0.219943,-0.413567,-0.206714,0.245026,-0.404346,-0.251191
2026-07-20 14:32:33.600,64.799939,0.000000,0.000000,0.000000,0.319798,-0.383595,-0.278023,0.123837,-0.349829,-0.276980,0.221818,-0.366712,-0.277502,0.194486,-0.395713,-0.253777,0.219943,-0.413567,-0.206714,0.245026,-0.404346,-0.251191
2026-07-20 14:32:33.700,64.899939,0.000000,0.000000,0.000000,0.319798,-0.383595,-0.278023,0.123837,-0.349829,-0.276980,0.221818,-0.366712,-0.277502,0.194486,-0.395713,-0.253777,0.219943,-0.413567,-0.206714,0.245026,-0.404346,-0.251191
2026-07-20 14:32:33.800,64.999939,0.000000,0.000000,0.000000,0.319798,-0.383595,-0.278023,0.123837,-0.349829,-0.276980,0.221818,-0.366712,-0.277502,0.194486,-0.395713,-0.253777,0.219943,-0.413567,-0.206714,0.245026,-0.404346,-0.251191
2026-07-20 14:32:33.900,65.099939,0.000000,0.000000,0.000000,0.320111,-0.382645,-0.277973,0.123837,-0.349829,-0.276980,0.221974,-0.366237,-0.277477,0.193646,-0.395510,-0.253742,0.220147,-0.412601,-0.206570,0.244793,-0.405311,-0.251278
2026-07-20 14:32:34.000,65.199939,0.000000,0.000000,0.000000,0.320321,-0.386699,-0.279081,0.124125,-0.352876,-0.278036,0.222223,-0.369788,-0.278558,0.194526,-0.400748,-0.254968,0.220153,-0.417620,-0.207822,0.245236,-0.408400,-0.252299
2026-07-20 14:32:34.100,65.299939,0.000000,0.000000,0.000000,0.320426,-0.388726,-0.279635,0.124075,-0.356917,-0.278695,0.222250,-0.372822,-0.279165,0.194631,-0.402775,-0.255522,0.220258,-0.419647,-0.208376,0.245341,-0.410427,-0.252853
2026-07-20 14:32:34.200,65.399939,0.000000,0.000000,0.000000,0.320218,-0.391703,-0.280239,0.124257,-0.357937,-0.279196,0.222238,-0.374820,-0.279718,0.194077,-0.403719,-0.255098,0.220364,-0.421674,-0.208930,0.245446,-0.412454,-0.253407
2026-07-20 14:32:34.300,65.499938,0.000000,0.000000,0.000000,0.320321,-0.386699,-0.279081,0.124125,-0.352876,-0.278036,0.222223,-0.369788,-0.278558,0.193856,-0.399564,-0.254850,0.220357,-0.416655,-0.207678,0.245236,-0.408400,-0.252299
2026-07-20 14:32:34.400,65.599938,0.000000,0.000000,0.000000,0.320479,-0.389740,-0.279912,0.124205,-0.356923,-0.278919,0.222342,-0.373332,-0.279416,0.194025,-0.402706,-0.254821,0.219466,-0.420359,-0.209472,0.245393,-0.411441,-0.253130
2026-07-20 14:32:34.500,65.699938,0.000000,0.000000,0.000000,0.319798,-0.383595,-0.278023,0.123837,-0.349829,-0.276980,0.221818,-0.366712,-0.277502,0.194316,-0.396694,-0.253860,0.219301,-0.412299,-0.207390,0.245026,-0.404346,-0.251191
2026-07-20 14:32:34.600,65.799938,0.000000,0.000000,0.000000,0.320008,-0.387649,-0.279131,0.124047,-0.353883,-0.278088,0.222028,-0.370766,-0.278610,0.193867,-0.399665,-0.253990,0.219511,-0.416353,-0.208498,0.244392,-0.408196,-0.252264
2026-07-20 14:32:34.700,65.899938,0.000000,0.000000,0.000000,0.320216,-0.384672,-0.278527,0.124020,-0.350849,-0.277482,0.222118,-0.367761,-0.278004,0.194421,-0.398721,-0.254414,0.219406,-0.414326,-0.207944,0.244286,-0.406169,-0.251710
2026-07-20 14:32:34.800,65.999938,0.000000,0.000000,0.000000,0.320218,-0.391703,-0.280239,0.124335,-0.356930,-0.279144,0.222277,-0.374316,-0.279692,0.194906,-0.403821,-0.255993,0.218887,-0.420205,-0.209571,0.244602,-0.412250,-0.253372
2026-07-20 14:32:34.900,66.099938,0.000000,0.000000,0.000000,0.320531,-0.390753,-0.280189,0.124257,-0.357937,-0.279196,0.222394,-0.374345,-0.279693,0.194736,-0.404802,-0.256076,0.218887,-0.420205,-0.209571,0.244602,-0.412250,-0.253372
2026-07-20 14:32:35.000,66.199938,0.000000,0.000000,0.000000,0.320426,-0.388726,-0.279635,0.124152,-0.355910,-0.278642,0.222289,-0.372318,-0.279139,0.194801,-0.401794,-0.255439,0.218782,-0.418178,-0.209017,0.244265,-0.411188,-0.252905
2026-07-20 14:32:35.100,66.299938,0.000000,0.000000,0.000000,0.320218,-0.391703,-0.280239,0.124335,-0.356930,-0.279144,0.222277,-0.374316,-0.279692,0.194736,-0.404802,-0.256076,0.218887,-0.420205,-0.209571,0.244602,-0.412250,-0.253372
2026-07-20 14:32:35.200,66.399938,,,,,,,,,,,,,,,,,,,,,
2026-07-20 14:32:35.300,66.499938,,,,,,,,,,,,,,,,,,,,,
2026-07-20 14:32:35.400,66.599937,,,,,,,,,,,,,,,,,,,,,
2026-07-20 14:32:35.500,66.699937,,,,,,,,,,,,,,,,,,,,,
2026-07-20 14:32:35.600,66.799937,,,,,,,,,,,,,,,,,,,,,
2026-07-20 14:32:35.700,66.899937,,,,,,,,,,,,,,,,,,,,,
2026-07-20 14:32:35.800,66.999937,,,,,,,,,,,,,,,,,,,,,
2026-07-20 14:32:35.900,67.099937,,,,,,,,,,,,,,,,,,,,,
2026-07-20 14:32:36.000,67.199937,,,,,,,,,,,,,,,,,,,,,
2026-07-20 14:32:36.100,67.299937,0.000000,0.000000,0.000000,0.317997,-0.405704,-0.250757,0.120881,-0.372559,-0.250051,0.219439,-0.389131,-0.250404,0.192515,-0.416878,-0.223081,0.213675,-0.428033,-0.173829,0.241384,-0.424923,-0.220121
2026-07-20 14:32:36.200,67.399937,0.000000,0.000000,0.000000,0.248967,-0.458326,-0.251235,0.059475,-0.395372,-0.246410,0.154221,-0.426849,-0.248823,0.124461,-0.449407,-0.220334,0.144303,-0.462500,-0.170504,0.171662,-0.464574,-0.218413
2026-07-20 14:32:36.300,67.499937,,,,,,,,,,,,,,,,,,,,,
2026-07-20 14:32:36.400,67.599936,0.000000,0.000000,0.000000,0.317583,-0.404591,-0.250334,0.120782,-0.370496,-0.249652,0.219183,-0.387544,-0.249993,0.192416,-0.414815,-0.222682,0.211956,-0.425669,-0.170799,0.241517,-0.421892,-0.219708
2026-07-20 14:32:36.500,67.699936,0.000000,0.000000,0.000000,0.321204,-0.386913,-0.279117,0.124047,-0.353883,-0.278088,0.222626,-0.370398,-0.278603,0.195547,-0.400071,-0.254060,0.214767,-0.414777,-0.203014,0.244403,-0.408298,-0.251400
2026-07-20 14:32:36.600,67.799936,0.000000,0.000000,0.000000,0.320271,-0.392716,-0.280516,0.124388,-0.357943,-0.279421,0.222329,-0.375330,-0.279969,0.195140,-0.403955,-0.255326,0.214205,-0.419743,-0.203508,0.244897,-0.412400,-0.252698
2026-07-20 14:32:36.700,67.899936,0.000000,0.000000,0.000000,0.320271,-0.392716,-0.280516,0.124388,-0.357943,-0.279421,0.222329,-0.375330,-0.279969,0.195810,-0.405139,-0.255445,0.214021,-0.420810,-0.202805,0.244666,-0.413365,-0.252785
2026-07-20 14:32:36.800,67.999936,0.000000,0.000000,0.000000,0.321052,-0.386828,-0.279534,0.124230,-0.354903,-0.278590,0.222641,-0.370865,-0.279062,0.194982,-0.400915,-0.254495,0.213875,-0.417870,-0.201120,0.244971,-0.408394,-0.251779
2026-07-20 14:32:36.900,68.099936,0.000000,0.000000,0.000000,0.320426,-0.388726,-0.279635,0.124230,-0.354903,-0.278590,0.222328,-0.371815,-0.279112,0.194812,-0.401895,-0.254579,0.213052,-0.417769,-0.200231,0.244739,-0.409359,-0.251867
2026-07-20 14:32:37.000,68.199936,0.000000,0.000000,0.000000,0.320890,-0.387862,-0.279168,0.124047,-0.353883,-0.278088,0.222468,-0.370872,-0.278628,0.194707,-0.399868,-0.254025,0.212753,-0.416709,-0.199831,0.244634,-0.407332,-0.251313
2026-07-20 14:32:37.100,68.299936,0.000000,0.000000,0.000000,0.320374,-0.387713,-0.279358,0.124177,-0.353889,-0.278313,0.222276,-0.370801,-0.278835,0.194760,-0.400882,-0.254302,0.213010,-0.416856,-0.199099,0.244455,-0.409311,-0.251677
2026-07-20 14:32:37.200,68.399936,0.000000,0.000000,0.000000,0.320890,-0.387862,-0.279168,0.124047,-0.353883,-0.278088,0.222468,-0.370872,-0.278628,0.194707,-0.399868,-0.254025,0.212969,-0.415943,-0.197968,0.244634,-0.407332,-0.251313
2026-07-20 14:32:37.300,68.499936,0.000000,0.000000,0.000000,0.320061,-0.388662,-0.279408,0.124100,-0.354896,-0.278365,0.222080,-0.371779,-0.278887,0.194941,-0.400002,-0.253357,0.212827,-0.417923,-0.198402,0.245532,-0.408550,-0.251625
2026-07-20 14:32:37.400,68.599936,0.000000,0.000000,0.000000,0.320008,-0.387649,-0.279131,0.124047,-0.353883,-0.278088,0.222028,-0.370766,-0.278610,0.194047,-0.398785,-0.253045,0.212980,-0.416043,-0.197114,0.245480,-0.407537,-0.251348
2026-07-20 14:32:37.500,68.699935,0.000000,0.000000,0.000000,0.320218,-0.391703,-0.280239,0.124257,-0.357937,-0.279196,0.222238,-0.374820,-0.279718,0.194089,-0.403820,-0.254238,0.213190,-0.420097,-0.198222,0.245690,-0.411591,-0.252456
2026-07-20 14:32:37.600,68.799935,0.000000,0.000000,0.000000,0.316868,-0.407507,-0.249999,0.121009,-0.372582,-0.250274,0.218938,-0.390045,-0.250136,0.190902,-0.417533,-0.222365,0.210175,-0.430593,-0.164633,0.242527,-0.425229,-0.219461
2026-07-20 14:32:37.700,68.899935,0.000000,0.000000,0.000000,0.320164,-0.383659,-0.278250,0.123890,-0.350842,-0.277257,0.222027,-0.367251,-0.277754,0.193552,-0.397706,-0.252385,0.212640,-0.414069,-0.195587,0.245333,-0.404598,-0.249651
2026-07-20 14:32:37.800,68.999935,0.000000,0.000000,0.000000,0.320061,-0.388662,-0.279408,0.124022,-0.355903,-0.278418,0.222041,-0.372283,-0.278913,0.193091,-0.400576,-0.253373,0.212861,-0.418224,-0.195842,0.246389,-0.408857,-0.250794
2026-07-20 14:32:37.900,69.099935,,,,,,,,,,,,,,,,,,,,,
2026-07-20 14:32:38.000,69.199935,,,,,,,,,,,,,,,,,,,,,
2026-07-20 14:32:38.100,69.299935,,,,,,,,,,,,,,,,,,,,,
2026-07-20 14:32:38.200,69.399935,,,,,,,,,,,,,,,,,,,,,
2026-07-20 14:32:38.300,69.499935,0.000000,0.000000,0.000000,0.340589,-0.362988,-0.281592,0.141812,-0.342321,-0.277811,0.241200,-0.352654,-0.279702,0.213496,-0.385743,-0.253821,0.235064,-0.400525,-0.195521,0.268119,-0.389875,-0.251696
2026-07-20 14:32:38.400,69.599935,,,,,,,,,,,,,,,,,,,,,
2026-07-20 14:32:38.500,69.699934,,,,,,,,,,,,,,,,,,,,,
2026-07-20 14:32:38.600,69.799934,,,,,,,,,,,,,,,,,,,,,
2026-07-20 14:32:38.700,69.899934,,,,,,,,,,,,,,,,,,,,,
2026-07-20 14:32:38.800,69.999934,,,,,,,,,,,,,,,,,,,,,
2026-07-20 14:32:38.900,70.099934,,,,,,,,,,,,,,,,,,,,,
2026-07-20 14:32:39.000,70.199934,,,,,,,,,,,,,,,,,,,,,
2026-07-20 14:32:39.100,70.299934,,,,,,,,,,,,,,,,,,,,,
2026-07-20 14:32:39.200,70.399934,,,,,,,,,,,,,,,,,,,,,
2026-07-20 14:32:39.300,70.499934,,,,,,,,,,,,,,,,,,,,,
2026-07-20 14:32:39.400,70.599934,,,,,,,,,,,,,,,,,,,,,
2026-07-20 14:32:39.500,70.699934,,,,,,,,,,,,,,,,,,,,,
2026-07-20 14:32:39.600,70.799933,,,,,,,,,,,,,,,,,,,,,
2026-07-20 14:32:39.700,70.899933,,,,,,,,,,,,,,,,,,,,,
2026-07-20 14:32:39.800,70.999933,,,,,,,,,,,,,,,,,,,,,
2026-07-20 14:32:39.900,71.099933,,,,,,,,,,,,,,,,,,,,,
2026-07-20 14:32:40.000,71.199933,,,,,,,,,,,,,,,,,,,,,
2026-07-20 14:32:40.100,71.299933,,,,,,,,,,,,,,,,,,,,,
2026-07-20 14:32:40.200,71.399933,,,,,,,,,,,,,,,,,,,,,
2026-07-20 14:32:40.300,71.499933,,,,,,,,,,,,,,,,,,,,,
2026-07-20 14:32:40.400,71.599933,,,,,,,,,,,,,,,,,,,,,
2026-07-20 14:32:40.500,71.699933,,,,,,,,,,,,,,,,,,,,,
2026-07-20 14:32:40.600,71.799932,0.000000,0.000000,0.000000,0.317534,-0.403560,-0.250135,0.120637,-0.370436,-0.250320,0.219086,-0.386998,-0.250227,0.187670,-0.415710,-0.222387,0.207335,-0.426939,-0.161275,0.244374,-0.423625,-0.219635
2026-07-20 14:32:40.700,71.899932,0.000000,0.000000,0.000000,0.317830,-0.409747,-0.251331,0.121012,-0.375615,-0.251542,0.219421,-0.392681,-0.251436,0.187295,-0.420706,-0.223549,0.207631,-0.433127,-0.162471,0.244433,-0.430780,-0.220845
2026-07-20 14:32:40.800,71.999932,0.000000,0.000000,0.000000,0.329776,-0.385069,-0.270506,0.132245,-0.354693,-0.269964,0.231011,-0.369881,-0.270235,0.200125,-0.401807,-0.244190,0.219958,-0.414870,-0.183518,0.257205,-0.407527,-0.241480
2026-07-20 14:32:40.900,72.099932,0.000000,0.000000,0.000000,0.317997,-0.405704,-0.250757,0.120864,-0.372521,-0.250943,0.219430,-0.389113,-0.250850,0.187818,-0.418803,-0.222986,0.207483,-0.430033,-0.161873,0.244522,-0.426719,-0.220234
2026-07-20 14:32:41.000,72.199932,0.000000,0.000000,0.000000,0.318342,-0.412922,-0.252153,0.121226,-0.379778,-0.251447,0.219784,-0.396350,-0.251800,0.188163,-0.426022,-0.224382,0.207829,-0.437252,-0.163269,0.245104,-0.432970,-0.221617
2026-07-20 14:32:41.100,72.299932,0.000000,0.000000,0.000000,0.318194,-0.409829,-0.251555,0.120983,-0.377655,-0.251716,0.219588,-0.393742,-0.251636,0.188015,-0.422928,-0.223784,0.207681,-0.434158,-0.162671,0.244719,-0.430844,-0.221032
2026-07-20 14:32:41.200,72.399932,0.000000,0.000000,0.000000,0.318145,-0.408797,-0.251355,0.121029,-0.375653,-0.250649,0.219587,-0.392225,-0.251002,0.187966,-0.421897,-0.223584,0.207631,-0.433127,-0.162471,0.244670,-0.429812,-0.220832
2026-07-20 14:32:41.300,72.499932,0.000000,0.000000,0.000000,0.317583,-0.404591,-0.250334,0.120765,-0.370459,-0.250544,0.219174,-0.387525,-0.250439,0.186883,-0.416536,-0.222562,0.206569,-0.427802,-0.160592,0.244423,-0.424656,-0.219835
2026-07-20 14:32:41.400,72.599932,0.000000,0.000000,0.000000,0.318145,-0.408797,-0.251355,0.121957,-0.374820,-0.251592,0.220051,-0.391809,-0.251474,0.187130,-0.421692,-0.223559,0.206816,-0.432959,-0.161589,0.244670,-0.429812,-0.220832
2026-07-20 14:32:41.500,72.699932,0.000000,0.000000,0.000000,0.317583,-0.404591,-0.250334,0.121631,-0.370671,-0.250570,0.219607,-0.387631,-0.250452,0.186883,-0.416536,-0.222562,0.206569,-0.427802,-0.160592,0.244423,-0.424656,-0.219835
2026-07-20 14:32:41.600,72.799932,0.000000,0.000000,0.000000,0.317781,-0.408716,-0.251132,0.121041,-0.373576,-0.251367,0.219411,-0.391146,-0.251249,0.187080,-0.420661,-0.223360,0.206767,-0.431927,-0.161390,0.244621,-0.428781,-0.220633
2026-07-20 14:32:41.700,72.899931,0.000000,0.000000,0.000000,0.317750,-0.400548,-0.249760,0.121483,-0.367578,-0.249972,0.219617,-0.384063,-0.249866,0.186735,-0.413442,-0.221964,0.206421,-0.424709,-0.159994,0.244512,-0.420595,-0.219223
2026-07-20 14:32:41.800,72.999931,0.000000,0.000000,0.000000,0.318046,-0.406735,-0.250957,0.120991,-0.372545,-0.251168,0.219519,-0.389640,-0.251062,0.187031,-0.419629,-0.223160,0.206717,-0.430896,-0.161191,0.244571,-0.427750,-0.220433
2026-07-20 14:32:41.900,73.099931,0.000000,0.000000,0.000000,0.317898,-0.403641,-0.250358,0.121631,-0.370671,-0.250570,0.219765,-0.387156,-0.250464,0.186883,-0.416536,-0.222562,0.206569,-0.427802,-0.160592,0.244423,-0.424656,-0.219835
2026-07-20 14:32:42.000,73.199931,0.000000,0.000000,0.000000,0.317830,-0.409747,-0.251331,0.121012,-0.375615,-0.251542,0.219421,-0.392681,-0.251436,0.187212,-0.421199,-0.223554,0.207007,-0.431982,-0.161500,0.244670,-0.429812,-0.220832
2026-07-20 14:32:42.100,73.299931,0.000000,0.000000,0.000000,0.317879,-0.410779,-0.251531,0.121078,-0.376684,-0.250849,0.219479,-0.393731,-0.251190,0.187179,-0.422723,-0.223759,0.207057,-0.433014,-0.161700,0.244719,-0.430844,-0.221032
2026-07-20 14:32:42.200,73.399931,0.000000,0.000000,0.000000,0.317583,-0.404591,-0.250334,0.121711,-0.369664,-0.250595,0.219647,-0.387127,-0.250465,0.187048,-0.415550,-0.222552,0.205737,-0.427598,-0.160568,0.244423,-0.424656,-0.219835
2026-07-20 14:32:42.300,73.499931,0.000000,0.000000,0.000000,0.321350,-0.389847,-0.280852,0.124127,-0.357930,-0.278972,0.222738,-0.373889,-0.279912,0.190172,-0.404839,-0.254936,0.208643,-0.420510,-0.193826,0.247713,-0.413220,-0.251595
2026-07-20 14:32:42.400,73.599931,0.000000,0.000000,0.000000,0.321717,-0.396942,-0.282791,0.124573,-0.364018,-0.280858,0.223145,-0.380480,-0.281825,0.190704,-0.410951,-0.256790,0.209022,-0.427705,-0.194913,0.247237,-0.420111,-0.253499
2026-07-20 14:32:42.500,73.699931,0.000000,0.000000,0.000000,0.310252,-0.394082,-0.281161,0.114805,-0.356675,-0.279556,0.212529,-0.375378,-0.280358,0.179709,-0.406112,-0.255758,0.198016,-0.422283,-0.193848,0.236467,-0.414656,-0.252474
2026-07-20 14:32:42.600,73.799931,0.000000,0.000000,0.000000,0.309917,-0.395024,-0.281210,0.114805,-0.356675,-0.279556,0.212361,-0.375849,-0.280383,0.179720,-0.406212,-0.254902,0.198016,-0.422283,-0.193848,0.236210,-0.415614,-0.252561
2026-07-20 14:32:42.700,73.899930,0.000000,0.000000,0.000000,0.309945,-0.396038,-0.281488,0.114833,-0.357689,-0.279833,0.212389,-0.376864,-0.280660,0.179737,-0.407126,-0.256036,0.198044,-0.423298,-0.194125,0.236237,-0.416628,-0.252838
2026-07-20 14:32:42.800,73.999930,0.000000,0.000000,0.000000,0.319956,-0.386635,-0.278854,0.123995,-0.352869,-0.277811,0.221975,-0.369752,-0.278333,0.189962,-0.400785,-0.253828,0.208244,-0.417423,-0.192882,0.246659,-0.408962,-0.250452
2026-07-20 14:32:42.900,74.099930,0.000000,0.000000,0.000000,0.320166,-0.390689,-0.279962,0.124205,-0.356923,-0.278919,0.222185,-0.373806,-0.279441,0.190337,-0.403857,-0.254851,0.208654,-0.420611,-0.192974,0.246869,-0.413016,-0.251560
2026-07-20 14:32:43.000,74.199930,0.000000,0.000000,0.000000,0.320479,-0.389740,-0.279912,0.124283,-0.355916,-0.278867,0.222381,-0.372828,-0.279389,0.190172,-0.404839,-0.254936,0.208654,-0.420611,-0.192974,0.247104,-0.412052,-0.251472
2026-07-20 14:32:43.100,74.299930,0.000000,0.000000,0.000000,0.320166,-0.390689,-0.279962,0.124205,-0.356923,-0.278919,0.222185,-0.373806,-0.279441,0.190183,-0.404939,-0.254079,0.208654,-0.420611,-0.192974,0.246869,-0.413016,-0.251560
2026-07-20 14:32:43.200,74.399930,0.000000,0.000000,0.000000,0.320323,-0.393730,-0.280793,0.124362,-0.359964,-0.279750,0.222343,-0.376847,-0.280272,0.190330,-0.407879,-0.255767,0.208812,-0.423651,-0.193805,0.246792,-0.417021,-0.252480
2026-07-20 14:32:43.300,74.499930,0.000000,0.000000,0.000000,0.320269,-0.385686,-0.278804,0.123995,-0.352869,-0.277811,0.222132,-0.369278,-0.278308,0.189962,-0.400785,-0.253828,0.208433,-0.416456,-0.192718,0.246659,-0.408962,-0.250452
2026-07-20 14:32:43.400,74.599930,0.000000,0.000000,0.000000,0.322900,-0.375370,-0.292274,0.126606,-0.343708,-0.289465,0.224753,-0.359539,-0.290869,0.193160,-0.391655,-0.267231,0.212034,-0.409033,-0.206708,0.251023,-0.398571,-0.264245
2026-07-20 14:32:43.500,74.699930,0.000000,0.000000,0.000000,0.320477,-0.382710,-0.278199,0.123967,-0.349835,-0.277205,0.222222,-0.366272,-0.277702,0.189857,-0.398758,-0.253274,0.208328,-0.414429,-0.192164,0.246320,-0.407900,-0.249987
2026-07-20 14:32:43.600,74.799930,0.000000,0.000000,0.000000,0.322962,-0.376373,-0.292582,0.126667,-0.344712,-0.289773,0.224815,-0.360543,-0.291178,0.193222,-0.392659,-0.267539,0.211917,-0.411000,-0.207210,0.250633,-0.401500,-0.264789
2026-07-20 14:32:43.700,74.899930,0.000000,0.000000,0.000000,0.322838,-0.374366,-0.291965,0.126611,-0.341699,-0.289072,0.224725,-0.358032,-0.290519,0.192259,-0.390459,-0.266878,0.212610,-0.409057,-0.207484,0.250735,-0.398530,-0.264054
2026-07-20 14:32:43.800,74.999929,0.000000,0.000000,0.000000,0.320426,-0.388726,-0.279635,0.124152,-0.355910,-0.278642,0.222289,-0.372318,-0.279139,0.190120,-0.403825,-0.254659,0.209032,-0.421532,-0.194760,0.247424,-0.413171,-0.251407
2026-07-20 14:32:43.900,75.099929,0.000000,0.000000,0.000000,0.320166,-0.390689,-0.279962,0.124205,-0.356923,-0.278919,0.222185,-0.373806,-0.279441,0.189172,-0.405619,-0.254986,0.209085,-0.422545,-0.195037,0.247465,-0.414083,-0.252546
2026-07-20 14:32:44.000,75.199929,0.000000,0.000000,0.000000,0.320113,-0.389676,-0.279685,0.124230,-0.354903,-0.278590,0.222172,-0.372289,-0.279138,0.189283,-0.403623,-0.254624,0.209032,-0.421532,-0.194760,0.247413,-0.413070,-0.252269
2026-07-20 14:32:44.100,75.299929,0.000000,0.000000,0.000000,0.320061,-0.388662,-0.279408,0.124100,-0.354896,-0.278365,0.222080,-0.371779,-0.278887,0.189067,-0.403592,-0.254432,0.208980,-0.420518,-0.194483,0.247596,-0.411092,-0.251905
2026-07-20 14:32:44.200,75.399929,0.000000,0.000000,0.000000,0.320584,-0.391767,-0.280466,0.124310,-0.358950,-0.279473,0.222447,-0.375359,-0.279970,0.189277,-0.407646,-0.255540,0.209000,-0.425539,-0.195754,0.247571,-0.416110,-0.253100
2026-07-20 14:32:44.300,75.499929,0.000000,0.000000,0.000000,0.320374,-0.387713,-0.279358,0.124022,-0.355903,-0.278418,0.222198,-0.371808,-0.278888,0.189067,-0.403592,-0.254432,0.208980,-0.420518,-0.194483,0.247596,-0.411092,-0.251905
2026-07-20 14:32:44.400,75.599929,0.000000,0.000000,0.000000,0.320008,-0.387649,-0.279131,0.124125,-0.352876,-0.278036,0.222067,-0.370262,-0.278584,0.189015,-0.402578,-0.254155,0.208927,-0.419505,-0.194206,0.247308,-0.411043,-0.251715
2026-07-20 14:32:44.500,75.699929,0.000000,0.000000,0.000000,0.319903,-0.385622,-0.278577,0.124098,-0.349842,-0.277430,0.222000,-0.367732,-0.278003,0.188909,-0.400551,-0.253601,0.208822,-0.417478,-0.193652,0.247203,-0.409016,-0.251161
2026-07-20 14:32:44.600,75.799929,0.000000,0.000000,0.000000,0.320636,-0.392780,-0.280743,0.124362,-0.359964,-0.279750,0.222499,-0.376372,-0.280247,0.189330,-0.408659,-0.255817,0.209242,-0.425586,-0.195868,0.247623,-0.417123,-0.253377
2026-07-20 14:32:44.700,75.899929,0.000000,0.000000,0.000000,0.320216,-0.384672,-0.278527,0.124020,-0.350849,-0.277482,0.222118,-0.367761,-0.278004,0.188909,-0.400551,-0.253601,0.208192,-0.416410,-0.192605,0.247203,-0.409016,-0.251161
2026-07-20 14:32:44.800,75.999928,0.000000,0.000000,0.000000,0.320166,-0.390689,-0.279962,0.124205,-0.356923,-0.278919,0.222185,-0.373806,-0.279441,0.189172,-0.405619,-0.254986,0.208266,-0.422444,-0.194153,0.247465,-0.414083,-0.252546
2026-07-20 14:32:44.900,76.099928,0.000000,0.000000,0.000000,0.319851,-0.384608,-0.278300,0.123967,-0.349835,-0.277205,0.221909,-0.367222,-0.277752,0.188857,-0.399538,-0.253324,0.208139,-0.415396,-0.192328,0.247150,-0.408002,-0.250884
2026-07-20 14:32:45.000,76.199928,0.000000,0.000000,0.000000,0.319746,-0.382581,-0.277746,0.123785,-0.348815,-0.276703,0.221765,-0.365698,-0.277225,0.188752,-0.397511,-0.252770,0.208045,-0.413469,-0.190922,0.247045,-0.405975,-0.250330
2026-07-20 14:32:45.100,76.299928,0.000000,0.000000,0.000000,0.320008,-0.387649,-0.279131,0.124125,-0.352876,-0.278036,0.222067,-0.370262,-0.278584,0.189015,-0.402578,-0.254155,0.208308,-0.418537,-0.192307,0.247544,-0.410078,-0.251628
2026-07-20 14:32:45.200,76.399928,0.000000,0.000000,0.000000,0.323507,-0.373469,-0.292116,0.126538,-0.344714,-0.289548,0.225023,-0.359091,-0.290832,0.192321,-0.391463,-0.267187,0.211870,-0.410123,-0.206053,0.250345,-0.401460,-0.264598
2026-07-20 14:32:45.300,76.499928,0.000000,0.000000,0.000000,0.323148,-0.379385,-0.293509,0.126853,-0.347723,-0.290700,0.225001,-0.363554,-0.292104,0.192569,-0.395478,-0.268421,0.212133,-0.414264,-0.206441,0.251029,-0.403420,-0.266457
2026-07-20 14:32:45.400,76.599928,0.000000,0.000000,0.000000,0.319903,-0.385622,-0.278577,0.123942,-0.351856,-0.277534,0.221923,-0.368739,-0.278056,0.188991,-0.400060,-0.253559,0.208214,-0.416610,-0.190902,0.247203,-0.409016,-0.251161
2026-07-20 14:32:45.500,76.699928,0.000000,0.000000,0.000000,0.320166,-0.390689,-0.279962,0.124205,-0.356923,-0.278919,0.222185,-0.373806,-0.279441,0.189335,-0.404636,-0.254901,0.208677,-0.420811,-0.191270,0.247465,-0.414083,-0.252546
2026-07-20 14:32:45.600,76.799928,0.000000,0.000000,0.000000,0.320008,-0.387649,-0.279131,0.123970,-0.354890,-0.278141,0.221989,-0.371269,-0.278636,0.189178,-0.401596,-0.254070,0.208330,-0.418737,-0.190605,0.247072,-0.412007,-0.251802
2026-07-20 14:32:45.700,76.899928,0.000000,0.000000,0.000000,0.320166,-0.390689,-0.279962,0.124050,-0.358937,-0.279024,0.222108,-0.374813,-0.279493,0.189335,-0.404636,-0.254901,0.208499,-0.421878,-0.190585,0.247713,-0.413220,-0.251595
2026-07-20 14:32:45.800,76.999928,0.000000,0.000000,0.000000,0.321466,-0.391980,-0.280502,0.124322,-0.359055,-0.278586,0.222894,-0.375517,-0.279544,0.189441,-0.406663,-0.255455,0.208604,-0.423905,-0.191139,0.247818,-0.415247,-0.252149
2026-07-20 14:32:45.900,77.099927,0.000000,0.000000,0.000000,0.321256,-0.387926,-0.279394,0.124100,-0.354896,-0.278365,0.222678,-0.371411,-0.278880,0.189230,-0.402609,-0.254347,0.207574,-0.419749,-0.189146,0.247372,-0.412157,-0.251130
2026-07-20 14:32:46.000,77.199927,0.000000,0.000000,0.000000,0.320899,-0.397848,-0.282128,0.124547,-0.366038,-0.281188,0.222723,-0.381943,-0.281658,0.189756,-0.412744,-0.257117,0.208099,-0.429884,-0.191916,0.247897,-0.422292,-0.253900
2026-07-20 14:32:46.100,77.299927,0.000000,0.000000,0.000000,0.321204,-0.386913,-0.279117,0.124047,-0.353883,-0.278088,0.222626,-0.370398,-0.278603,0.189178,-0.401596,-0.254070,0.207333,-0.419703,-0.189037,0.247319,-0.411144,-0.250853
2026-07-20 14:32:46.200,77.399927,0.000000,0.000000,0.000000,0.320321,-0.386699,-0.279081,0.124047,-0.353883,-0.278088,0.222184,-0.370291,-0.278585,0.189178,-0.401596,-0.254070,0.207521,-0.418736,-0.188869,0.247555,-0.410180,-0.250764
2026-07-20 14:32:46.300,77.499927,0.000000,0.000000,0.000000,0.321088,-0.391810,-0.281178,0.124335,-0.356930,-0.279144,0.222711,-0.374370,-0.280161,0.189388,-0.405650,-0.255178,0.207743,-0.422890,-0.189125,0.247529,-0.415198,-0.251961
2026-07-20 14:32:46.400,77.599927,0.000000,0.000000,0.000000,0.320479,-0.389740,-0.279912,0.124205,-0.356923,-0.278919,0.222342,-0.373332,-0.279416,0.189335,-0.404636,-0.254901,0.207045,-0.420709,-0.188644,0.247477,-0.414184,-0.251684
2026-07-20 14:32:46.500,77.699927,0.000000,0.000000,0.000000,0.320942,-0.388875,-0.279445,0.124100,-0.354896,-0.278365,0.222521,-0.371886,-0.278905,0.189242,-0.402710,-0.253491,0.206754,-0.419648,-0.188260,0.247372,-0.412157,-0.251130
2026-07-20 14:32:46.600,77.799927,0.000000,0.000000,0.000000,0.320008,-0.387649,-0.279131,0.123970,-0.354890,-0.278141,0.221989,-0.371269,-0.278636,0.189178,-0.401596,-0.254070,0.205870,-0.418434,-0.187948,0.247555,-0.410180,-0.250764
2026-07-20 14:32:46.700,77.899927,0.000000,0.000000,0.000000,0.321204,-0.386913,-0.279117,0.124047,-0.353883,-0.278088,0.222626,-0.370398,-0.278603,0.189026,-0.402679,-0.253300,0.206055,-0.417467,-0.187778,0.247319,-0.411144,-0.250853
2026-07-20 14:32:46.800,77.999927,0.000000,0.000000,0.000000,0.320323,-0.393730,-0.280793,0.124362,-0.359964,-0.279750,0.222343,-0.376847,-0.280272,0.189493,-0.407677,-0.255732,0.205538,-0.423346,-0.189406,0.247634,-0.417225,-0.252515
2026-07-20 14:32:46.900,78.099926,0.000000,0.000000,0.000000,0.319851,-0.384608,-0.278300,0.123967,-0.349835,-0.277205,0.221909,-0.367222,-0.277752,0.189020,-0.398555,-0.253239,0.204881,-0.415192,-0.187083,0.247633,-0.406175,-0.249845
2026-07-20 14:32:47.000,78.199926,0.000000,0.000000,0.000000,0.320825,-0.386742,-0.279793,0.124072,-0.351862,-0.277759,0.222449,-0.369302,-0.278776,0.188973,-0.401665,-0.253023,0.204986,-0.417219,-0.187637,0.247502,-0.409166,-0.250487
2026-07-20 14:32:47.100,78.299926,0.000000,0.000000,0.000000,0.317633,-0.405622,-0.250533,0.121681,-0.371703,-0.250770,0.219657,-0.388663,-0.250652,0.186096,-0.417362,-0.222737,0.202371,-0.429006,-0.155621,0.244253,-0.426692,-0.219181
2026-07-20 14:32:47.200,78.399926,0.000000,0.000000,0.000000,0.317565,-0.411728,-0.251507,0.121078,-0.376684,-0.250849,0.219321,-0.394206,-0.251178,0.186178,-0.423504,-0.223744,0.201972,-0.432981,-0.156498,0.244618,-0.431364,-0.220171
2026-07-20 14:32:47.300,78.499926,0.000000,0.000000,0.000000,0.317731,-0.407685,-0.250932,0.120913,-0.373553,-0.251143,0.219322,-0.390619,-0.251038,0.186030,-0.420410,-0.223146,0.201639,-0.430865,-0.155995,0.244351,-0.428754,-0.219579
2026-07-20 14:32:47.400,78.599926,0.000000,0.000000,0.000000,0.321350,-0.389847,-0.280852,0.124294,-0.356021,-0.277979,0.222822,-0.372934,-0.279415,0.189183,-0.405719,-0.254131,0.203179,-0.422906,-0.188167,0.247713,-0.413220,-0.251595
2026-07-20 14:32:47.500,78.699926,0.000000,0.000000,0.000000,0.320878,-0.387756,-0.280070,0.124047,-0.353883,-0.278088,0.222463,-0.370819,-0.279079,0.189026,-0.402679,-0.253300,0.203387,-0.417931,-0.186994,0.247319,-0.411144,-0.250853
2026-07-20 14:32:47.600,78.799926,0.000000,0.000000,0.000000,0.321297,-0.388834,-0.280575,0.124164,-0.356014,-0.277755,0.222730,-0.372424,-0.279165,0.189212,-0.404215,-0.253811,0.203492,-0.419958,-0.187548,0.247660,-0.412207,-0.251318
2026-07-20 14:32:47.700,78.899926,0.000000,0.000000,0.000000,0.320742,-0.394807,-0.281297,0.124545,-0.360984,-0.280252,0.222643,-0.377896,-0.280774,0.189446,-0.410787,-0.255516,0.203898,-0.425555,-0.189124,0.247739,-0.419252,-0.253069
2026-07-20 14:32:47.800,78.999926,0.000000,0.000000,0.000000,0.321034,-0.383766,-0.279190,0.123901,-0.350947,-0.276370,0.222468,-0.367356,-0.277780,0.189031,-0.398656,-0.252383,0.203229,-0.414890,-0.186163,0.247162,-0.408103,-0.250022
2026-07-20 14:32:47.900,79.099926,0.000000,0.000000,0.000000,0.321192,-0.386807,-0.280021,0.123981,-0.354994,-0.277255,0.222587,-0.370900,-0.278638,0.189189,-0.401697,-0.253214,0.203376,-0.417830,-0.187845,0.247319,-0.411144,-0.250853
2026-07-20 14:32:48.000,79.199925,0.000000,0.000000,0.000000,0.319851,-0.384608,-0.278300,0.123890,-0.350842,-0.277257,0.221870,-0.367725,-0.277779,0.189031,-0.398656,-0.252383,0.203218,-0.414790,-0.187014,0.247162,-0.408103,-0.250022
2026-07-20 14:32:48.100,79.299925,0.000000,0.000000,0.000000,0.321035,-0.390796,-0.280901,0.124205,-0.356923,-0.278919,0.222620,-0.373860,-0.279910,0.189347,-0.404737,-0.254045,0.203522,-0.420771,-0.189527,0.247241,-0.415148,-0.251772
2026-07-20 14:32:48.200,79.399925,0.000000,0.000000,0.000000,0.321035,-0.390796,-0.280901,0.124205,-0.356923,-0.278919,0.222620,-0.373860,-0.279910,0.189347,-0.404737,-0.254045,0.203693,-0.419703,-0.190210,0.247241,-0.415148,-0.251772
2026-07-20 14:32:48.300,79.499925,0.000000,0.000000,0.000000,0.320930,-0.388769,-0.280347,0.124100,-0.354896,-0.278365,0.222515,-0.371833,-0.279356,0.189242,-0.402710,-0.253491,0.204421,-0.417877,-0.189691,0.247372,-0.412157,-0.251130
2026-07-20 14:32:48.400,79.599925,0.000000,0.000000,0.000000,0.321507,-0.392888,-0.281683,0.124362,-0.359964,-0.279750,0.222935,-0.376426,-0.280717,0.189341,-0.408760,-0.254962,0.204489,-0.423812,-0.192095,0.247399,-0.418189,-0.252603
2026-07-20 14:32:48.500,79.699925,0.000000,0.000000,0.000000,0.321035,-0.390796,-0.280901,0.124139,-0.358035,-0.278086,0.222587,-0.374415,-0.279493,0.189172,-0.405619,-0.254986,0.205162,-0.420973,-0.191298,0.247241,-0.415148,-0.251772
2026-07-20 14:32:48.600,79.799925,0.000000,0.000000,0.000000,0.320720,-0.384715,-0.279239,0.123901,-0.350947,-0.276370,0.222311,-0.367831,-0.277805,0.188857,-0.399538,-0.253324,0.205667,-0.414993,-0.190522,0.246085,-0.408864,-0.250075
2026-07-20 14:32:48.700,79.899925,0.000000,0.000000,0.000000,0.321035,-0.390796,-0.280901,0.124205,-0.356923,-0.278919,0.222620,-0.373860,-0.279910,0.189172,-0.405619,-0.254986,0.205971,-0.420974,-0.193035,0.246635,-0.413981,-0.251649
2026-07-20 14:32:48.800,79.999925,0.000000,0.000000,0.000000,0.320929,-0.381739,-0.278636,0.123862,-0.347808,-0.276651,0.222396,-0.364774,-0.277643,0.188752,-0.397511,-0.252770,0.206383,-0.413067,-0.190853,0.245734,-0.407700,-0.250469
2026-07-20 14:32:48.900,80.099925,0.000000,0.000000,0.000000,0.321350,-0.389847,-0.280852,0.124216,-0.357028,-0.278032,0.222783,-0.373437,-0.279442,0.189172,-0.405619,-0.254986,0.206792,-0.421075,-0.193921,0.245919,-0.416772,-0.252773
2026-07-20 14:32:49.000,80.199924,0.000000,0.000000,0.000000,0.320930,-0.388769,-0.280347,0.124022,-0.355903,-0.278418,0.222476,-0.372336,-0.279382,0.189067,-0.403592,-0.254432,0.206500,-0.420016,-0.193530,0.246049,-0.413781,-0.252131
2026-07-20 14:32:49.100,80.299924,0.000000,0.000000,0.000000,0.321192,-0.386807,-0.280021,0.123981,-0.354994,-0.277255,0.222587,-0.370900,-0.278638,0.189015,-0.402578,-0.254155,0.207267,-0.419103,-0.194137,0.246600,-0.413935,-0.251977
2026-07-20 14:32:49.200,80.399924,0.000000,0.000000,0.000000,0.320983,-0.389783,-0.280624,0.124152,-0.355910,-0.278642,0.222568,-0.372846,-0.279633,0.189120,-0.404605,-0.254709,0.207559,-0.420163,-0.194529,0.246101,-0.414794,-0.252408
2026-07-20 14:32:49.300,80.499924,0.000000,0.000000,0.000000,0.320983,-0.389783,-0.280624,0.124242,-0.355007,-0.277702,0.222612,-0.372395,-0.279163,0.189120,-0.404605,-0.254709,0.207747,-0.419195,-0.194367,0.246101,-0.414794,-0.252408
2026-07-20 14:32:49.400,80.599924,0.000000,0.000000,0.000000,0.320982,-0.382753,-0.278913,0.123771,-0.350940,-0.276147,0.222376,-0.366846,-0.277530,0.188804,-0.398524,-0.253047,0.207244,-0.414082,-0.192867,0.245786,-0.408714,-0.250746
2026-07-20 14:32:49.500,80.699924,0.000000,0.000000,0.000000,0.320930,-0.388769,-0.280347,0.124111,-0.355001,-0.277478,0.222521,-0.371885,-0.278913,0.189067,-0.403592,-0.254432,0.208338,-0.419350,-0.194287,0.245814,-0.414745,-0.252219
2026-07-20 14:32:49.600,80.799924,0.000000,0.000000,0.000000,0.320878,-0.387756,-0.280070,0.123970,-0.354890,-0.278141,0.222424,-0.371323,-0.279105,0.189015,-0.402578,-0.254155,0.208097,-0.419304,-0.194172,0.245996,-0.412767,-0.251854
2026-07-20 14:32:49.700,80.899924,0.000000,0.000000,0.000000,0.320930,-0.388769,-0.280347,0.124177,-0.353889,-0.278313,0.222554,-0.371329,-0.279330,0.189149,-0.403100,-0.254390,0.208327,-0.419250,-0.195138,0.246049,-0.413781,-0.252131
2026-07-20 14:32:49.800,80.999924,0.000000,0.000000,0.000000,0.321087,-0.384780,-0.279467,0.123865,-0.352863,-0.277587,0.222476,-0.368821,-0.278527,0.188909,-0.400551,-0.253601,0.208621,-0.418345,-0.194664,0.245891,-0.410740,-0.251300
2026-07-20 14:32:49.900,81.099924,0.000000,0.000000,0.000000,0.320636,-0.392780,-0.280743,0.124362,-0.359964,-0.279750,0.222499,-0.376372,-0.280247,0.190165,-0.408861,-0.255852,0.209421,-0.424519,-0.196557,0.246312,-0.418848,-0.253516
2026-07-20 14:32:50.000,81.199924,0.000000,0.000000,0.000000,0.321192,-0.386807,-0.280021,0.123981,-0.354994,-0.277255,0.222587,-0.370900,-0.278638,0.189850,-0.402780,-0.254190,0.209937,-0.418639,-0.194930,0.246231,-0.411803,-0.251767
2026-07-20 14:32:50.100,81.299923,0.000000,0.000000,0.000000,0.321402,-0.390861,-0.281129,0.124269,-0.358041,-0.278309,0.222836,-0.374451,-0.279719,0.190060,-0.406834,-0.255298,0.210136,-0.422593,-0.196889,0.246441,-0.415857,-0.252875
2026-07-20 14:32:50.200,81.399923,0.000000,0.000000,0.000000,0.320878,-0.387756,-0.280070,0.124125,-0.352876,-0.278036,0.222501,-0.370316,-0.279053,0.190015,-0.401798,-0.254105,0.210757,-0.418740,-0.195815,0.246466,-0.410839,-0.251680
2026-07-20 14:32:50.300,81.499923,0.000000,0.000000,0.000000,0.320825,-0.386742,-0.279793,0.124072,-0.351862,-0.277759,0.222449,-0.369302,-0.278776,0.189962,-0.400785,-0.253828,0.211729,-0.416961,-0.195413,0.246179,-0.410790,-0.251490
2026-07-20 14:32:50.400,81.599923,0.000000,0.000000,0.000000,0.321192,-0.386807,-0.280021,0.124059,-0.353987,-0.277201,0.222625,-0.370397,-0.278611,0.190015,-0.401798,-0.254105,0.211385,-0.419808,-0.196860,0.246466,-0.410839,-0.251680
2026-07-20 14:32:50.500,81.699923,0.000000,0.000000,0.000000,0.320720,-0.384715,-0.279239,0.123901,-0.350947,-0.276370,0.222311,-0.367831,-0.277805,0.190528,-0.399942,-0.253393,0.212057,-0.416968,-0.196063,0.246074,-0.408763,-0.250936
2026-07-20 14:32:50.600,81.799923,0.000000,0.000000,0.000000,0.320720,-0.384715,-0.279239,0.123979,-0.349940,-0.276317,0.222350,-0.367327,-0.277778,0.190694,-0.398960,-0.253309,0.212046,-0.416868,-0.196913,0.246074,-0.408763,-0.250936
2026-07-20 14:32:50.700,81.899923,0.000000,0.000000,0.000000,0.320878,-0.387756,-0.280070,0.124047,-0.353883,-0.278088,0.222463,-0.370819,-0.279079,0.190686,-0.402982,-0.254225,0.213034,-0.420109,-0.197779,0.245996,-0.412767,-0.251854
2026-07-20 14:32:50.800,81.999923,0.000000,0.000000,0.000000,0.321244,-0.387820,-0.280298,0.124022,-0.355903,-0.278418,0.222633,-0.371862,-0.279358,0.190738,-0.403996,-0.254502,0.213075,-0.421023,-0.198906,0.246049,-0.413781,-0.252131
2026-07-20 14:32:50.900,82.099923,0.000000,0.000000,0.000000,0.320668,-0.383702,-0.278962,0.123849,-0.349933,-0.276093,0.222258,-0.366818,-0.277528,0.190641,-0.397947,-0.253032,0.213643,-0.416156,-0.197555,0.245180,-0.407546,-0.250624
2026-07-20 14:32:51.000,82.199923,0.000000,0.000000,0.000000,0.320878,-0.387756,-0.280070,0.124047,-0.353883,-0.278088,0.222463,-0.370819,-0.279079,0.190851,-0.402001,-0.254140,0.213842,-0.420110,-0.199513,0.245390,-0.411600,-0.251732
2026-07-20 14:32:51.100,82.299922,0.000000,0.000000,0.000000,0.320878,-0.387756,-0.280070,0.124047,-0.353883,-0.278088,0.222463,-0.370819,-0.279079,0.190851,-0.402001,-0.254140,0.214672,-0.420311,-0.199548,0.245390,-0.411600,-0.251732
2026-07-20 14:32:51.200,82.399922,0.000000,0.000000,0.000000,0.321455,-0.391874,-0.281406,0.124322,-0.359055,-0.278586,0.222888,-0.375464,-0.279996,0.191114,-0.407068,-0.255525,0.215132,-0.424413,-0.200778,0.245653,-0.416667,-0.253117
2026-07-20 14:32:51.300,82.499922,0.000000,0.000000,0.000000,0.320773,-0.385729,-0.279516,0.123954,-0.351960,-0.276647,0.222363,-0.368845,-0.278082,0.191583,-0.400176,-0.253621,0.215387,-0.418385,-0.199878,0.245051,-0.410537,-0.251266
2026-07-20 14:32:51.400,82.599922,0.000000,0.000000,0.000000,0.321035,-0.390796,-0.280901,0.124216,-0.357028,-0.278032,0.222626,-0.373912,-0.279467,0.191846,-0.405244,-0.255006,0.215848,-0.422487,-0.201109,0.245548,-0.414640,-0.252563
2026-07-20 14:32:51.500,82.699922,0.000000,0.000000,0.000000,0.320008,-0.387649,-0.279131,0.124137,-0.352980,-0.277148,0.222072,-0.370314,-0.278139,0.191854,-0.401222,-0.254090,0.216721,-0.418682,-0.200159,0.245624,-0.410635,-0.251645
2026-07-20 14:32:51.600,82.799922,0.000000,0.000000,0.000000,0.321350,-0.389847,-0.280852,0.124216,-0.357028,-0.278032,0.222783,-0.373437,-0.279442,0.192682,-0.405446,-0.255040,0.217499,-0.422789,-0.202029,0.245781,-0.413676,-0.252476
2026-07-20 14:32:51.700,82.899922,0.000000,0.000000,0.000000,0.321309,-0.388940,-0.279671,0.124075,-0.356917,-0.278695,0.222692,-0.372928,-0.279183,0.192797,-0.403451,-0.254679,0.217636,-0.420710,-0.202452,0.245729,-0.412662,-0.252199
2026-07-20 14:32:51.800,82.999922,0.000000,0.000000,0.000000,0.321192,-0.386807,-0.280021,0.124059,-0.353987,-0.277201,0.222625,-0.370397,-0.278611,0.192692,-0.401424,-0.254125,0.218363,-0.418885,-0.201932,0.245624,-0.410635,-0.251645
2026-07-20 14:32:51.900,83.099922,0.000000,0.000000,0.000000,0.320982,-0.382753,-0.278913,0.123837,-0.349829,-0.276980,0.222409,-0.366291,-0.277947,0.192482,-0.397370,-0.253017,0.218142,-0.414730,-0.201676,0.245647,-0.405617,-0.250449
2026-07-20 14:32:52.000,83.199922,0.000000,0.000000,0.000000,0.320878,-0.387756,-0.280070,0.124125,-0.352876,-0.278036,0.222501,-0.370316,-0.279053,0.192692,-0.401424,-0.254125,0.219387,-0.418021,-0.202668,0.245390,-0.411600,-0.251732
2026-07-20 14:32:52.100,83.299922,0.000000,0.000000,0.000000,0.320374,-0.387713,-0.279358,0.124022,-0.355903,-0.278418,0.222198,-0.371808,-0.278888,0.193582,-0.402640,-0.254436,0.219226,-0.419899,-0.203948,0.245676,-0.411649,-0.251922
2026-07-20 14:32:52.200,83.399921,0.000000,0.000000,0.000000,0.320426,-0.388726,-0.279635,0.124152,-0.355910,-0.278642,0.222289,-0.372318,-0.279139,0.193635,-0.403654,-0.254713,0.220314,-0.420149,-0.204110,0.245963,-0.411698,-0.252111
2026-07-20 14:32:52.300,83.499921,0.000000,0.000000,0.000000,0.319956,-0.386635,-0.278854,0.123917,-0.353876,-0.277864,0.221936,-0.370256,-0.278359,0.193646,-0.399632,-0.253798,0.220146,-0.417008,-0.204132,0.244729,-0.409418,-0.251333
2026-07-20 14:32:52.400,83.599921,0.000000,0.000000,0.000000,0.321087,-0.384780,-0.279467,0.123942,-0.351856,-0.277534,0.222515,-0.368318,-0.278501,0.193425,-0.399600,-0.253605,0.220093,-0.415995,-0.203855,0.244665,-0.408303,-0.251918
2026-07-20 14:32:52.500,83.699921,0.000000,0.000000,0.000000,0.320983,-0.389783,-0.280624,0.124152,-0.355910,-0.278642,0.222568,-0.372846,-0.279633,0.193635,-0.403654,-0.254713,0.221126,-0.420150,-0.205851,0.245108,-0.411392,-0.252940
2026-07-20 14:32:52.600,83.799921,0.000000,0.000000,0.000000,0.320113,-0.389676,-0.279685,0.124152,-0.355910,-0.278642,0.222133,-0.372793,-0.279164,0.193804,-0.402673,-0.254629,0.221126,-0.420150,-0.205851,0.244992,-0.411875,-0.252983
2026-07-20 14:32:52.700,83.899921,0.000000,0.000000,0.000000,0.320929,-0.381739,-0.278636,0.123862,-0.347808,-0.276651,0.222396,-0.364774,-0.277643,0.193267,-0.396559,-0.252774,0.220747,-0.412955,-0.204765,0.244740,-0.404298,-0.251001
2026-07-20 14:32:52.800,83.999921,0.000000,0.000000,0.000000,0.321350,-0.389847,-0.280852,0.124205,-0.356923,-0.278919,0.222777,-0.373385,-0.279886,0.193688,-0.404667,-0.254990,0.220962,-0.422028,-0.207128,0.245161,-0.412406,-0.253217
2026-07-20 14:32:52.900,84.099921,0.000000,0.000000,0.000000,0.321088,-0.391810,-0.281178,0.124257,-0.357937,-0.279196,0.222673,-0.374873,-0.280187,0.193897,-0.404599,-0.256042,0.221219,-0.422077,-0.207258,0.245213,-0.413419,-0.253494
2026-07-20 14:32:53.000,84.199921,0.000000,0.000000,0.000000,0.321192,-0.386807,-0.280021,0.123970,-0.354890,-0.278141,0.222581,-0.370848,-0.279081,0.193519,-0.401526,-0.255017,0.220805,-0.418988,-0.206297,0.245003,-0.409365,-0.252386
2026-07-20 14:32:53.100,84.299921,0.000000,0.000000,0.000000,0.319956,-0.386635,-0.278854,0.123995,-0.352869,-0.277811,0.221975,-0.369752,-0.278333,0.193466,-0.400513,-0.254740,0.220752,-0.417974,-0.206020,0.244951,-0.408352,-0.252109
2026-07-20 14:32:53.200,84.399920,0.000000,0.000000,0.000000,0.320878,-0.387756,-0.280070,0.124059,-0.353987,-0.277201,0.222468,-0.370872,-0.278636,0.193699,-0.400646,-0.254075,0.220998,-0.417922,-0.207004,0.245003,-0.409365,-0.252386
2026-07-20 14:32:53.300,84.499920,0.000000,0.000000,0.000000,0.321402,-0.390861,-0.281129,0.124335,-0.356930,-0.279144,0.222869,-0.373895,-0.280136,0.193897,-0.404599,-0.256042,0.221208,-0.421976,-0.208112,0.245213,-0.413419,-0.253494
2026-07-20 14:32:53.400,84.599920,0.000000,0.000000,0.000000,0.321034,-0.383766,-0.279190,0.123824,-0.351954,-0.276424,0.222429,-0.367860,-0.277807,0.193361,-0.398486,-0.254186,0.220840,-0.414882,-0.206173,0.244846,-0.406325,-0.251555
2026-07-20 14:32:53.500,84.699920,0.000000,0.000000,0.000000,0.319956,-0.386635,-0.278854,0.123995,-0.352869,-0.277811,0.221975,-0.369752,-0.278333,0.193635,-0.399532,-0.254657,0.220946,-0.416909,-0.206727,0.244718,-0.409317,-0.252195
2026-07-20 14:32:53.600,84.799920,0.000000,0.000000,0.000000,0.320773,-0.385729,-0.279516,0.123798,-0.353974,-0.276754,0.222286,-0.369851,-0.278135,0.193582,-0.398518,-0.254380,0.220893,-0.415895,-0.206450,0.244898,-0.407338,-0.251832
2026-07-20 14:32:53.700,84.899920,0.000000,0.000000,0.000000,0.321087,-0.384780,-0.279467,0.124032,-0.350953,-0.276594,0.222559,-0.367866,-0.278030,0.193582,-0.398518,-0.254380,0.220688,-0.416861,-0.206595,0.244898,-0.407338,-0.251832
2026-07-20 14:32:53.800,84.999920,0.000000,0.000000,0.000000,0.320008,-0.387649,-0.279131,0.124047,-0.353883,-0.278088,0.222028,-0.370766,-0.278610,0.193699,-0.400646,-0.254075,0.220998,-0.417922,-0.207004,0.245003,-0.409365,-0.252386
2026-07-20 14:32:53.900,85.099920,0.000000,0.000000,0.000000,0.321035,-0.390796,-0.280901,0.124216,-0.357028,-0.278032,0.222626,-0.373912,-0.279467,0.193676,-0.404567,-0.255848,0.221156,-0.420963,-0.207835,0.244928,-0.413371,-0.253303
2026-07-20 14:32:54.000,85.199920,0.000000,0.000000,0.000000,0.321035,-0.390796,-0.280901,0.124205,-0.356923,-0.278919,0.222620,-0.373860,-0.279910,0.193676,-0.404567,-0.255848,0.221156,-0.420963,-0.207835,0.245161,-0.412406,-0.253217
2026-07-20 14:32:54.100,85.299920,0.000000,0.000000,0.000000,0.320878,-0.387756,-0.280070,0.123970,-0.354890,-0.278141,0.222424,-0.371323,-0.279105,0.193687,-0.400545,-0.254934,0.220998,-0.417922,-0.207004,0.245003,-0.409365,-0.252386
2026-07-20 14:32:54.200,85.399920,0.000000,0.000000,0.000000,0.321297,-0.388834,-0.280575,0.124152,-0.355910,-0.278642,0.222725,-0.372372,-0.279609,0.193624,-0.403553,-0.255571,0.221103,-0.419949,-0.207558,0.245108,-0.411392,-0.252940
2026-07-20 14:32:54.300,85.499919,0.000000,0.000000,0.000000,0.320218,-0.391703,-0.280239,0.124347,-0.357034,-0.278256,0.222283,-0.374368,-0.279247,0.193897,-0.404599,-0.256042,0.221208,-0.421976,-0.208112,0.245213,-0.413419,-0.253494
2026-07-20 14:32:54.400,85.599919,0.000000,0.000000,0.000000,0.320825,-0.386742,-0.279793,0.123995,-0.352869,-0.277811,0.222410,-0.369806,-0.278802,0.193635,-0.399532,-0.254657,0.220112,-0.416707,-0.206692,0.244718,-0.409317,-0.252195
2026-07-20 14:32:54.500,85.699919,0.000000,0.000000,0.000000,0.319588,-0.379541,-0.276915,0.123627,-0.345775,-0.275872,0.221607,-0.362658,-0.276394,0.193267,-0.392437,-0.252718,0.219744,-0.409613,-0.204753,0.244583,-0.401257,-0.250170
2026-07-20 14:32:54.600,85.799919,0.000000,0.000000,0.000000,0.320878,-0.387756,-0.280070,0.123981,-0.354994,-0.277255,0.222429,-0.371375,-0.278662,0.193687,-0.400545,-0.254934,0.220153,-0.417620,-0.207822,0.245003,-0.409365,-0.252386
2026-07-20 14:32:54.700,85.899919,0.000000,0.000000,0.000000,0.321140,-0.392823,-0.281455,0.124155,-0.360964,-0.279578,0.222648,-0.376894,-0.280517,0.193781,-0.406594,-0.256402,0.220416,-0.422688,-0.209207,0.245266,-0.414433,-0.253771
2026-07-20 14:32:54.800,85.999919,0.000000,0.000000,0.000000,0.319956,-0.386635,-0.278854,0.123995,-0.352869,-0.277811,0.221975,-0.369752,-0.278333,0.193635,-0.399532,-0.254657,0.219267,-0.416405,-0.207511,0.244951,-0.408352,-0.252109
2026-07-20 14:32:54.900,86.099919,0.000000,0.000000,0.000000,0.320983,-0.389783,-0.280624,0.124308,-0.353896,-0.278538,0.222645,-0.371839,-0.279581,0.193804,-0.402673,-0.254629,0.219627,-0.418480,-0.208197,0.245108,-0.411392,-0.252940
2026-07-20 14:32:55.000,86.199919,0.000000,0.000000,0.000000,0.321139,-0.385793,-0.279744,0.123995,-0.352869,-0.277811,0.222567,-0.369331,-0.278778,0.193646,-0.399632,-0.253798,0.219267,-0.416405,-0.207511,0.244951,-0.408352,-0.252109
2026-07-20 14:32:55.100,86.299919,0.000000,0.000000,0.000000,0.320983,-0.389783,-0.280624,0.124230,-0.354903,-0.278590,0.222606,-0.372343,-0.279607,0.193792,-0.402572,-0.255488,0.219627,-0.418480,-0.208197,0.245108,-0.411392,-0.252940
2026-07-20 14:32:55.200,86.399919,0.000000,0.000000,0.000000,0.320668,-0.383702,-0.278962,0.123837,-0.349829,-0.276980,0.222252,-0.366765,-0.277971,0.194316,-0.396694,-0.253860,0.219312,-0.412399,-0.206535,0.244793,-0.405311,-0.251278
2026-07-20 14:32:55.300,86.499918,0.000000,0.000000,0.000000,0.320825,-0.386742,-0.279793,0.124072,-0.351862,-0.277759,0.222449,-0.369302,-0.278776,0.194474,-0.399734,-0.254691,0.219470,-0.415440,-0.207366,0.244951,-0.408352,-0.252109
2026-07-20 14:32:55.400,86.599918,0.000000,0.000000,0.000000,0.321088,-0.391810,-0.281178,0.124269,-0.358041,-0.278309,0.222678,-0.374925,-0.279744,0.194748,-0.404903,-0.255218,0.219732,-0.420507,-0.208751,0.245213,-0.413419,-0.253494
2026-07-20 14:32:55.500,86.699918,0.000000,0.000000,0.000000,0.321087,-0.384780,-0.279467,0.123942,-0.351856,-0.277534,0.222515,-0.368318,-0.278501,0.194432,-0.398822,-0.253556,0.219428,-0.414527,-0.206235,0.244055,-0.407134,-0.251797
2026-07-20 14:32:55.600,86.799918,0.000000,0.000000,0.000000,0.320785,-0.385835,-0.278614,0.123954,-0.351960,-0.276647,0.222369,-0.368898,-0.277630,0.194432,-0.398822,-0.253556,0.219428,-0.414527,-0.206235,0.245131,-0.406373,-0.251745
2026-07-20 14:32:55.700,86.899918,0.000000,0.000000,0.000000,0.321035,-0.390796,-0.280901,0.124127,-0.357930,-0.278972,0.222581,-0.374363,-0.279936,0.194695,-0.403889,-0.254941,0.218868,-0.419492,-0.206731,0.244318,-0.412202,-0.253182
2026-07-20 14:32:55.800,86.999918,0.000000,0.000000,0.000000,0.321350,-0.389847,-0.280852,0.124205,-0.356923,-0.278919,0.222777,-0.373385,-0.279886,0.194695,-0.403889,-0.254941,0.218868,-0.419492,-0.206731,0.244318,-0.412202,-0.253182
2026-07-20 14:32:55.900,87.099918,0.000000,0.000000,0.000000,0.321035,-0.390796,-0.280901,0.124216,-0.357028,-0.278032,0.222626,-0.373912,-0.279467,0.194865,-0.402909,-0.254856,0.218868,-0.419492,-0.206731,0.244329,-0.412303,-0.252318
2026-07-20 14:32:56.000,87.199918,0.000000,0.000000,0.000000,0.320878,-0.387756,-0.280070,0.124059,-0.353987,-0.277201,0.222468,-0.370872,-0.278636,0.194537,-0.400849,-0.254110,0.218087,-0.415385,-0.204863,0.245247,-0.408502,-0.251435
2026-07-20 14:32:56.100,87.299918,0.000000,0.000000,0.000000,0.320878,-0.387756,-0.280070,0.124125,-0.352876,-0.278036,0.222501,-0.370316,-0.279053,0.194707,-0.399868,-0.254025,0.217063,-0.416249,-0.204122,0.244171,-0.409263,-0.251487
2026-07-20 14:32:56.200,87.399918,0.000000,0.000000,0.000000,0.320825,-0.386742,-0.279793,0.123995,-0.352869,-0.277811,0.222410,-0.369806,-0.278802,0.194655,-0.398855,-0.253748,0.217011,-0.415236,-0.203845,0.244350,-0.407284,-0.251123
2026-07-20 14:32:56.300,87.499918,0.000000,0.000000,0.000000,0.320773,-0.385729,-0.279516,0.123954,-0.351960,-0.276647,0.222363,-0.368845,-0.278082,0.194602,-0.397841,-0.253471,0.216135,-0.414121,-0.202679,0.244298,-0.406271,-0.250846
2026-07-20 14:32:56.400,87.599917,0.000000,0.000000,0.000000,0.321244,-0.387820,-0.280298,0.124111,-0.355001,-0.277478,0.222678,-0.371410,-0.278888,0.194760,-0.400882,-0.254302,0.216304,-0.417262,-0.202656,0.245300,-0.409515,-0.251712
2026-07-20 14:32:56.500,87.699917,0.000000,0.000000,0.000000,0.321087,-0.384780,-0.279467,0.123954,-0.351960,-0.276647,0.222520,-0.368370,-0.278057,0.194432,-0.398822,-0.253556,0.215312,-0.414019,-0.201790,0.244298,-0.406271,-0.250846
2026-07-20 14:32:56.600,87.799917,0.000000,0.000000,0.000000,0.321244,-0.387820,-0.280298,0.124111,-0.355001,-0.277478,0.222678,-0.371410,-0.278888,0.194771,-0.400983,-0.253442,0.215480,-0.417160,-0.201766,0.244455,-0.409311,-0.251677
2026-07-20 14:32:56.700,87.899917,0.000000,0.000000,0.000000,0.321113,-0.385286,-0.279605,0.124058,-0.351460,-0.276732,0.222585,-0.368373,-0.278169,0.194628,-0.398348,-0.253610,0.214526,-0.414525,-0.200185,0.244324,-0.406777,-0.250984
2026-07-20 14:32:56.800,87.999917,0.000000,0.000000,0.000000,0.320983,-0.389783,-0.280624,0.124242,-0.355007,-0.277702,0.222612,-0.372395,-0.279163,0.194812,-0.401895,-0.254579,0.214525,-0.419139,-0.200454,0.244508,-0.410325,-0.251954
2026-07-20 14:32:56.900,88.099917,0.000000,0.000000,0.000000,0.320405,-0.378634,-0.277577,0.123664,-0.343859,-0.274655,0.222034,-0.361247,-0.276116,0.194065,-0.391727,-0.251617,0.213947,-0.407990,-0.197407,0.244162,-0.398211,-0.248820
2026-07-20 14:32:57.000,88.199917,0.000000,0.000000,0.000000,0.321192,-0.386807,-0.280021,0.124059,-0.353987,-0.277201,0.222625,-0.370397,-0.278611,0.194707,-0.399868,-0.254025,0.213597,-0.417011,-0.199013,0.244403,-0.408298,-0.251400
2026-07-20 14:32:57.100,88.299917,0.000000,0.000000,0.000000,0.320825,-0.386742,-0.279793,0.124006,-0.352974,-0.276924,0.222416,-0.369858,-0.278359,0.194655,-0.398855,-0.253748,0.213361,-0.417063,-0.198039,0.245194,-0.407488,-0.251158
2026-07-20 14:32:57.200,88.399917,0.000000,0.000000,0.000000,0.321139,-0.385793,-0.279744,0.124006,-0.352974,-0.276924,0.222573,-0.369383,-0.278334,0.194655,-0.398855,-0.253748,0.213556,-0.416097,-0.197882,0.245194,-0.407488,-0.251158
2026-07-20 14:32:57.300,88.499917,0.000000,0.000000,0.000000,0.321087,-0.384780,-0.279467,0.123954,-0.351960,-0.276647,0.222520,-0.368370,-0.278057,0.194602,-0.397841,-0.253471,0.213515,-0.415184,-0.196752,0.245375,-0.405510,-0.250794
2026-07-20 14:32:57.400,88.599916,0.000000,0.000000,0.000000,0.320930,-0.388769,-0.280347,0.124111,-0.355001,-0.277478,0.222521,-0.371885,-0.278913,0.194760,-0.400882,-0.254302,0.213672,-0.418225,-0.197583,0.245532,-0.408550,-0.251625
2026-07-20 14:32:57.500,88.699916,0.000000,0.000000,0.000000,0.320720,-0.384715,-0.279239,0.123824,-0.351954,-0.276424,0.222272,-0.368334,-0.277831,0.193710,-0.396625,-0.253159,0.213473,-0.414271,-0.195622,0.245322,-0.404496,-0.250517
2026-07-20 14:32:57.600,88.799916,0.000000,0.000000,0.000000,0.321560,-0.393901,-0.281960,0.124427,-0.361082,-0.279140,0.222993,-0.377491,-0.280550,0.194235,-0.406760,-0.255929,0.213999,-0.424406,-0.198392,0.245847,-0.414631,-0.253287
2026-07-20 14:32:57.700,88.899916,0.000000,0.000000,0.000000,0.320721,-0.391745,-0.280950,0.124216,-0.357028,-0.278032,0.222469,-0.374386,-0.279491,0.193867,-0.403787,-0.254047,0.213788,-0.420352,-0.197284,0.246482,-0.410782,-0.252214
2026-07-20 14:32:57.800,88.999916,0.000000,0.000000,0.000000,0.321192,-0.386807,-0.280021,0.123981,-0.354994,-0.277255,0.222587,-0.370900,-0.278638,0.192871,-0.400544,-0.253181,0.213447,-0.418378,-0.195759,0.246091,-0.408706,-0.251470
2026-07-20 14:32:57.900,89.099916,0.000000,0.000000,0.000000,0.321192,-0.386807,-0.280021,0.124047,-0.353883,-0.278088,0.222620,-0.370345,-0.279055,0.192871,-0.400544,-0.253181,0.212614,-0.418176,-0.195725,0.246325,-0.407741,-0.251383
2026-07-20 14:32:58.000,89.199916,0.000000,0.000000,0.000000,0.320825,-0.386742,-0.279793,0.123929,-0.353981,-0.276978,0.222377,-0.370361,-0.278385,0.192818,-0.399531,-0.252904,0.212562,-0.417163,-0.195448,0.246272,-0.406728,-0.251106
2026-07-20 14:32:58.100,89.299916,0.000000,0.000000,0.000000,0.320983,-0.389783,-0.280624,0.124086,-0.357021,-0.277809,0.222535,-0.373402,-0.279216,0.192809,-0.403552,-0.253821,0.212719,-0.420203,-0.196279,0.246196,-0.410733,-0.252024
2026-07-20 14:32:58.200,89.399916,0.000000,0.000000,0.000000,0.320983,-0.389783,-0.280624,0.124075,-0.356917,-0.278695,0.222529,-0.373350,-0.279659,0.192809,-0.403552,-0.253821,0.212731,-0.420303,-0.195427,0.246208,-0.410835,-0.251160
2026-07-20 14:32:58.300,89.499916,0.000000,0.000000,0.000000,0.321350,-0.389847,-0.280852,0.124216,-0.357028,-0.278032,0.222783,-0.373437,-0.279442,0.192861,-0.404566,-0.254098,0.212977,-0.420351,-0.195543,0.247339,-0.411088,-0.251384
2026-07-20 14:32:58.400,89.599916,0.000000,0.000000,0.000000,0.321035,-0.390796,-0.280901,0.124216,-0.357028,-0.278032,0.222626,-0.373912,-0.279467,0.192012,-0.404262,-0.254921,0.212783,-0.421317,-0.195703,0.247104,-0.412052,-0.251472
2026-07-20 14:32:58.500,89.699915,0.000000,0.000000,0.000000,0.321192,-0.386807,-0.280021,0.124059,-0.353987,-0.277201,0.222625,-0.370397,-0.278611,0.191699,-0.402304,-0.253318,0.212637,-0.418377,-0.194020,0.246947,-0.409012,-0.250641
2026-07-20 14:32:58.600,89.799915,0.000000,0.000000,0.000000,0.321140,-0.392823,-0.281455,0.124399,-0.358048,-0.278533,0.222770,-0.375435,-0.279994,0.191951,-0.407271,-0.255560,0.212899,-0.423444,-0.195405,0.247209,-0.414079,-0.252026
2026-07-20 14:32:58.700,89.899915,0.000000,0.000000,0.000000,0.320564,-0.388705,-0.280119,0.123904,-0.356001,-0.277308,0.222234,-0.372353,-0.278714,0.191854,-0.401222,-0.254090,0.212637,-0.418377,-0.194020,0.246947,-0.409012,-0.250641
2026-07-20 14:32:58.800,89.999915,0.000000,0.000000,0.000000,0.320250,-0.389654,-0.280168,0.123981,-0.354994,-0.277255,0.222115,-0.372324,-0.278712,0.191688,-0.402203,-0.254175,0.212443,-0.419342,-0.194182,0.246947,-0.409012,-0.250641
2026-07-20 14:32:58.900,90.099915,0.000000,0.000000,0.000000,0.320878,-0.387756,-0.280070,0.123970,-0.354890,-0.278141,0.222424,-0.371323,-0.279105,0.191854,-0.401222,-0.254090,0.212443,-0.419342,-0.194182,0.247181,-0.408048,-0.250553
2026-07-20 14:32:59.000,90.199915,0.000000,0.000000,0.000000,0.321034,-0.383766,-0.279190,0.123901,-0.350947,-0.276370,0.222468,-0.367356,-0.277780,0.190694,-0.398960,-0.253309,0.212285,-0.416302,-0.193351,0.246789,-0.405971,-0.249810
2026-07-20 14:32:59.100,90.299915,0.000000,0.000000,0.000000,0.320825,-0.386742,-0.279793,0.123995,-0.352869,-0.277811,0.222410,-0.369806,-0.278802,0.190964,-0.400005,-0.253778,0.212584,-0.417363,-0.193743,0.246894,-0.407998,-0.250364
2026-07-20 14:32:59.200,90.399915,0.000000,0.000000,0.000000,0.320878,-0.387756,-0.280070,0.123981,-0.354994,-0.277255,0.222429,-0.371375,-0.278662,0.190769,-0.402492,-0.254182,0.211804,-0.418175,-0.193986,0.246712,-0.409976,-0.250729
2026-07-20 14:32:59.300,90.499915,0.000000,0.000000,0.000000,0.321192,-0.386807,-0.280021,0.124059,-0.353987,-0.277201,0.222625,-0.370397,-0.278611,0.190851,-0.402001,-0.254140,0.211611,-0.419141,-0.194148,0.246712,-0.409976,-0.250729
2026-07-20 14:32:59.400,90.599915,0.000000,0.000000,0.000000,0.321140,-0.392823,-0.281455,0.124232,-0.359957,-0.279526,0.222686,-0.376390,-0.280490,0.191114,-0.407068,-0.255525,0.212067,-0.423243,-0.195371,0.246740,-0.416008,-0.252203
2026-07-20 14:32:59.500,90.699914,0.000000,0.000000,0.000000,0.320773,-0.385729,-0.279516,0.123954,-0.351960,-0.276647,0.222363,-0.368845,-0.278082,0.190746,-0.399974,-0.253586,0.211506,-0.417114,-0.193594,0.247568,-0.407671,-0.250166
2026-07-20 14:32:59.600,90.799914,0.000000,0.000000,0.000000,0.321035,-0.390796,-0.280901,0.124216,-0.357028,-0.278032,0.222626,-0.373912,-0.279467,0.191009,-0.405041,-0.254971,0.211962,-0.421216,-0.194817,0.246869,-0.413016,-0.251560
2026-07-20 14:32:59.700,90.899914,0.000000,0.000000,0.000000,0.321192,-0.386807,-0.280021,0.124059,-0.353987,-0.277201,0.222625,-0.370397,-0.278611,0.191017,-0.401019,-0.254055,0.210780,-0.418940,-0.194113,0.247555,-0.410180,-0.250764
2026-07-20 14:32:59.800,90.999914,0.000000,0.000000,0.000000,0.321350,-0.389847,-0.280852,0.124139,-0.358035,-0.278086,0.222744,-0.373941,-0.279469,0.191009,-0.405041,-0.254971,0.210937,-0.421981,-0.194944,0.246869,-0.413016,-0.251560
2026-07-20 14:32:59.900,91.099914,0.000000,0.000000,0.000000,0.320825,-0.386742,-0.279793,0.123929,-0.353981,-0.276978,0.222377,-0.370361,-0.278385,0.190799,-0.400987,-0.253863,0.210919,-0.416960,-0.193674,0.247502,-0.409166,-0.250487
2026-07-20 14:33:00.000,91.199914,0.000000,0.000000,0.000000,0.320459,-0.386678,-0.279565,0.123876,-0.352967,-0.276701,0.222167,-0.369823,-0.278133,0.190746,-0.399974,-0.253586,0.210675,-0.416913,-0.193559,0.247450,-0.408153,-0.250210
2026-07-20 14:33:00.100,91.299914,0.000000,0.000000,0.000000,0.320564,-0.388705,-0.280119,0.124047,-0.353883,-0.278088,0.222305,-0.371294,-0.279104,0.190851,-0.402001,-0.254140,0.210780,-0.418940,-0.194113,0.247555,-0.410180,-0.250764
2026-07-20 14:33:00.200,91.399914,0.000000,0.000000,0.000000,0.321035,-0.390796,-0.280901,0.124216,-0.357028,-0.278032,0.222626,-0.373912,-0.279467,0.191009,-0.405041,-0.254971,0.210937,-0.421981,-0.194944,0.247713,-0.413220,-0.251595
2026-07-20 14:33:00.300,91.499914,0.000000,0.000000,0.000000,0.305569,-0.410644,-0.267787,0.110080,-0.370263,-0.266134,0.207824,-0.390453,-0.266960,0.175109,-0.419039,-0.241484,0.193589,-0.434562,-0.180906,0.230624,-0.429043,-0.237789
2026-07-20 14:33:00.400,91.599914,0.000000,0.000000,0.000000,0.320930,-0.388769,-0.280347,0.124034,-0.356008,-0.277532,0.222482,-0.372388,-0.278939,0.190067,-0.402812,-0.254382,0.210001,-0.419752,-0.194356,0.246764,-0.410989,-0.251006
2026-07-20 14:33:00.500,91.699914,0.000000,0.000000,0.000000,0.320878,-0.387756,-0.280070,0.124059,-0.353987,-0.277201,0.222468,-0.370872,-0.278636,0.190015,-0.401798,-0.254105,0.210139,-0.417772,-0.193917,0.247555,-0.410180,-0.250764
2026-07-20 14:33:00.600,91.799913,0.000000,0.000000,0.000000,0.321139,-0.385793,-0.279744,0.124006,-0.352974,-0.276924,0.222573,-0.369383,-0.278334,0.190964,-0.400005,-0.253778,0.210087,-0.416759,-0.193640,0.247267,-0.410130,-0.250576
2026-07-20 14:33:00.700,91.899913,0.000000,0.000000,0.000000,0.321192,-0.386807,-0.280021,0.124047,-0.353883,-0.278088,0.222620,-0.370345,-0.279055,0.190015,-0.401798,-0.254105,0.210139,-0.417772,-0.193917,0.247319,-0.411144,-0.250853
2026-07-20 14:33:00.800,91.999913,0.000000,0.000000,0.000000,0.320720,-0.384715,-0.279239,0.123901,-0.350947,-0.276370,0.222311,-0.367831,-0.277805,0.189857,-0.398758,-0.253274,0.209982,-0.414732,-0.193086,0.247397,-0.407139,-0.249933
2026-07-20 14:33:00.900,92.099913,0.000000,0.000000,0.000000,0.321035,-0.390796,-0.280901,0.124205,-0.356923,-0.278919,0.222620,-0.373860,-0.279910,0.190172,-0.404839,-0.254936,0.210106,-0.421779,-0.194910,0.247948,-0.412256,-0.251507
2026-07-20 14:33:01.000,92.199913,0.000000,0.000000,0.000000,0.321402,-0.390861,-0.281129,0.124180,-0.358944,-0.279249,0.222791,-0.374902,-0.280189,0.190225,-0.405852,-0.255213,0.210350,-0.421826,-0.195025,0.247765,-0.414234,-0.251872
2026-07-20 14:33:01.100,92.299913,0.000000,0.000000,0.000000,0.320878,-0.387756,-0.280070,0.124137,-0.352980,-0.277148,0.222507,-0.370368,-0.278609,0.190015,-0.401798,-0.254105,0.209117,-0.418538,-0.194044,0.247555,-0.410180,-0.250764
2026-07-20 14:33:01.200,92.399913,0.000000,0.000000,0.000000,0.320720,-0.384715,-0.279239,0.123824,-0.351954,-0.276424,0.222272,-0.368334,-0.277831,0.189857,-0.398758,-0.253274,0.209802,-0.415799,-0.192397,0.247162,-0.408103,-0.250022
2026-07-20 14:33:01.300,92.499913,0.000000,0.000000,0.000000,0.320930,-0.388769,-0.280347,0.124022,-0.355903,-0.278418,0.222476,-0.372336,-0.279382,0.190067,-0.402812,-0.254382,0.210012,-0.419853,-0.193505,0.247372,-0.412157,-0.251130
2026-07-20 14:33:01.400,92.599913,0.000000,0.000000,0.000000,0.321455,-0.391874,-0.281406,0.124244,-0.360062,-0.278640,0.222849,-0.375968,-0.280023,0.190277,-0.406866,-0.255490,0.210413,-0.422940,-0.194449,0.248053,-0.414283,-0.252061
2026-07-20 14:33:01.500,92.699913,0.000000,0.000000,0.000000,0.321297,-0.388834,-0.280575,0.124242,-0.355007,-0.277702,0.222769,-0.371920,-0.279138,0.190120,-0.403825,-0.254659,0.209423,-0.419698,-0.193584,0.247424,-0.413171,-0.251407
2026-07-20 14:33:01.600,92.799912,0.000000,0.000000,0.000000,0.321087,-0.384780,-0.279467,0.124032,-0.350953,-0.276594,0.222559,-0.367866,-0.278030,0.189909,-0.399771,-0.253551,0.209023,-0.416611,-0.192639,0.247450,-0.408153,-0.250210
2026-07-20 14:33:01.700,92.899912,0.000000,0.000000,0.000000,0.320930,-0.388769,-0.280347,0.124034,-0.356008,-0.277532,0.222482,-0.372388,-0.278939,0.190067,-0.402812,-0.254382,0.209181,-0.419651,-0.193470,0.247372,-0.412157,-0.251130
2026-07-20 14:33:01.800,92.999912,0.000000,0.000000,0.000000,0.320982,-0.382753,-0.278913,0.123849,-0.349933,-0.276093,0.222415,-0.366343,-0.277503,0.189804,-0.397744,-0.252997,0.209108,-0.413617,-0.191922,0.247109,-0.407090,-0.249745
2026-07-20 14:33:01.900,93.099912,0.000000,0.000000,0.000000,0.320878,-0.387756,-0.280070,0.124047,-0.353883,-0.278088,0.222463,-0.370819,-0.279079,0.190015,-0.401798,-0.254105,0.209318,-0.417671,-0.193030,0.247319,-0.411144,-0.250853
2026-07-20 14:33:02.000,93.199912,0.000000,0.000000,0.000000,0.305543,-0.408597,-0.267298,0.110053,-0.368216,-0.265645,0.207798,-0.388407,-0.266472,0.174254,-0.416757,-0.240968,0.192975,-0.431392,-0.179404,0.231151,-0.428116,-0.238251
2026-07-20 14:33:02.100,93.299912,0.000000,0.000000,0.000000,0.320877,-0.380726,-0.278359,0.123666,-0.348913,-0.275593,0.222271,-0.364819,-0.276976,0.189699,-0.395717,-0.252443,0.209003,-0.411590,-0.191368,0.246993,-0.404962,-0.250053
2026-07-20 14:33:02.200,93.399912,0.000000,0.000000,0.000000,0.321192,-0.386807,-0.280021,0.124059,-0.353987,-0.277201,0.222625,-0.370397,-0.278611,0.190015,-0.401798,-0.254105,0.209128,-0.418638,-0.193193,0.247555,-0.410180,-0.250764
2026-07-20 14:33:02.300,93.499912,0.000000,0.000000,0.000000,0.321192,-0.386807,-0.280021,0.124059,-0.353987,-0.277201,0.222625,-0.370397,-0.278611,0.190015,-0.401798,-0.254105,0.209318,-0.417671,-0.193030,0.247555,-0.410180,-0.250764
2026-07-20 14:33:02.400,93.599912,0.000000,0.000000,0.000000,0.321192,-0.386807,-0.280021,0.123970,-0.354890,-0.278141,0.222581,-0.370848,-0.279081,0.190015,-0.401798,-0.254105,0.209318,-0.417671,-0.193030,0.247319,-0.411144,-0.250853
2026-07-20 14:33:02.500,93.699912,0.000000,0.000000,0.000000,0.321035,-0.390796,-0.280901,0.124139,-0.358035,-0.278086,0.222587,-0.374415,-0.279493,0.190172,-0.404839,-0.254936,0.209286,-0.421678,-0.194024,0.247713,-0.413220,-0.251595
2026-07-20 14:33:02.600,93.799911,0.000000,0.000000,0.000000,0.321087,-0.384780,-0.279467,0.123876,-0.352967,-0.276701,0.222481,-0.368873,-0.278084,0.189909,-0.399771,-0.253551,0.209213,-0.415644,-0.192476,0.247439,-0.408051,-0.251074
2026-07-20 14:33:02.700,93.899911,0.000000,0.000000,0.000000,0.320773,-0.385729,-0.279516,0.123954,-0.351960,-0.276647,0.222363,-0.368845,-0.278082,0.189909,-0.399771,-0.253551,0.209224,-0.415744,-0.191624,0.246372,-0.408913,-0.250264
2026-07-20 14:33:02.800,93.999911,0.000000,0.000000,0.000000,0.321087,-0.384780,-0.279467,0.123876,-0.352967,-0.276701,0.222481,-0.368873,-0.278084,0.189909,-0.399771,-0.253551,0.209224,-0.415744,-0.191624,0.247450,-0.408153,-0.250210
2026-07-20 14:33:02.900,94.099911,0.000000,0.000000,0.000000,0.320825,-0.386742,-0.279793,0.124072,-0.351862,-0.277759,0.222449,-0.369302,-0.278776,0.189962,-0.400785,-0.253828,0.209087,-0.417724,-0.192065,0.247267,-0.410130,-0.250576
2026-07-20 14:33:03.000,94.199911,0.000000,0.000000,0.000000,0.320720,-0.384715,-0.279239,0.123967,-0.349835,-0.277205,0.222344,-0.367275,-0.278222,0.189857,-0.398758,-0.253274,0.208982,-0.415697,-0.191511,0.246320,-0.407900,-0.249987
2026-07-20 14:33:03.100,94.299911,0.000000,0.000000,0.000000,0.320878,-0.387756,-0.280070,0.124059,-0.353987,-0.277201,0.222468,-0.370872,-0.278636,0.190015,-0.401798,-0.254105,0.209139,-0.418738,-0.192342,0.246477,-0.410940,-0.250818
2026-07-20 14:33:03.200,94.399911,0.000000,0.000000,0.000000,0.320930,-0.388769,-0.280347,0.124022,-0.355903,-0.278418,0.222476,-0.372336,-0.279382,0.190067,-0.402812,-0.254382,0.209181,-0.419651,-0.193470,0.247607,-0.411193,-0.251041
2026-07-20 14:33:03.300,94.499911,0.000000,0.000000,0.000000,0.321402,-0.390861,-0.281129,0.124269,-0.358041,-0.278309,0.222836,-0.374451,-0.279719,0.190225,-0.405852,-0.255213,0.209528,-0.421725,-0.194138,0.247518,-0.415097,-0.252823
2026-07-20 14:33:03.400,94.599911,0.000000,0.000000,0.000000,0.321034,-0.383766,-0.279190,0.123901,-0.350947,-0.276370,0.222468,-0.367356,-0.277780,0.189857,-0.398758,-0.253274,0.208971,-0.415597,-0.192362,0.247386,-0.407038,-0.250797
2026-07-20 14:33:03.500,94.699911,0.000000,0.000000,0.000000,0.320930,-0.388769,-0.280347,0.124022,-0.355903,-0.278418,0.222476,-0.372336,-0.279382,0.189903,-0.403794,-0.254467,0.209181,-0.419651,-0.193470,0.247360,-0.412056,-0.251992
2026-07-20 14:33:03.600,94.799911,0.000000,0.000000,0.000000,0.321035,-0.390796,-0.280901,0.124139,-0.358035,-0.278086,0.222587,-0.374415,-0.279493,0.190172,-0.404839,-0.254936,0.209286,-0.421678,-0.194024,0.247230,-0.415047,-0.252633
2026-07-20 14:33:03.700,94.899910,0.000000,0.000000,0.000000,0.320773,-0.385729,-0.279516,0.123942,-0.351856,-0.277534,0.222357,-0.368792,-0.278525,0.189745,-0.400753,-0.253636,0.209012,-0.416511,-0.193490,0.246967,-0.409980,-0.251248
2026-07-20 14:33:03.800,94.999910,0.000000,0.000000,0.000000,0.321035,-0.390796,-0.280901,0.124294,-0.356021,-0.277979,0.222665,-0.373408,-0.279440,0.189843,-0.406803,-0.255106,0.209085,-0.422545,-0.195037,0.247230,-0.415047,-0.252633
2026-07-20 14:33:03.900,95.099910,0.000000,0.000000,0.000000,0.321034,-0.383766,-0.279190,0.123901,-0.350947,-0.276370,0.222468,-0.367356,-0.277780,0.189693,-0.399740,-0.253359,0.208770,-0.416464,-0.193375,0.247150,-0.408002,-0.250884
2026-07-20 14:33:04.000,95.199910,0.000000,0.000000,0.000000,0.321034,-0.383766,-0.279190,0.123812,-0.351849,-0.277310,0.222423,-0.367808,-0.278250,0.189693,-0.399740,-0.253359,0.209600,-0.416665,-0.193410,0.247150,-0.408002,-0.250884
2026-07-20 14:33:04.100,95.299910,0.000000,0.000000,0.000000,0.320878,-0.387756,-0.280070,0.123981,-0.354994,-0.277255,0.222429,-0.371375,-0.278662,0.189850,-0.402780,-0.254190,0.208927,-0.419505,-0.194206,0.247072,-0.412007,-0.251802
2026-07-20 14:33:04.200,95.399910,0.000000,0.000000,0.000000,0.321035,-0.390796,-0.280901,0.124205,-0.356923,-0.278919,0.222620,-0.373860,-0.279910,0.189172,-0.405619,-0.254986,0.210106,-0.421779,-0.194910,0.247465,-0.414083,-0.252546
2026-07-20 14:33:04.300,95.499910,0.000000,0.000000,0.000000,0.321192,-0.386807,-0.280021,0.124059,-0.353987,-0.277201,0.222625,-0.370397,-0.278611,0.189015,-0.402578,-0.254155,0.208737,-0.420472,-0.194369,0.247072,-0.412007,-0.251802
2026-07-20 14:33:04.400,95.599910,0.000000,0.000000,0.000000,0.320773,-0.385729,-0.279516,0.123876,-0.352967,-0.276701,0.222324,-0.369348,-0.278108,0.189073,-0.399569,-0.253516,0.208822,-0.417478,-0.193652,0.246967,-0.409980,-0.251248
2026-07-20 14:33:04.500,95.699910,0.000000,0.000000,0.000000,0.320615,-0.382688,-0.278685,0.123796,-0.348920,-0.275816,0.222206,-0.365804,-0.277251,0.188752,-0.397511,-0.252770,0.208665,-0.414437,-0.192821,0.246809,-0.406939,-0.250417
2026-07-20 14:33:04.600,95.799910,0.000000,0.000000,0.000000,0.320878,-0.387756,-0.280070,0.123970,-0.354890,-0.278141,0.222424,-0.371323,-0.279105,0.189015,-0.402578,-0.254155,0.208927,-0.419505,-0.194206,0.247308,-0.411043,-0.251715
2026-07-20 14:33:04.700,95.899909,0.000000,0.000000,0.000000,0.320825,-0.386742,-0.279793,0.123995,-0.352869,-0.277811,0.222410,-0.369806,-0.278802,0.188962,-0.401565,-0.253878,0.208886,-0.418591,-0.193079,0.247491,-0.409065,-0.251351
2026-07-20 14:33:04.800,95.999909,0.000000,0.000000,0.000000,0.320564,-0.388705,-0.280119,0.123970,-0.354890,-0.278141,0.222267,-0.371797,-0.279130,0.189015,-0.402578,-0.254155,0.208938,-0.419605,-0.193356,0.247308,-0.411043,-0.251715
2026-07-20 14:33:04.900,96.099909,0.000000,0.000000,0.000000,0.320983,-0.389783,-0.280624,0.124075,-0.356917,-0.278695,0.222529,-0.373350,-0.279659,0.189120,-0.404605,-0.254709,0.209043,-0.421632,-0.193910,0.247413,-0.413070,-0.252269
2026-07-20 14:33:05.000,96.199909,0.000000,0.000000,0.000000,0.321034,-0.383766,-0.279190,0.123901,-0.350947,-0.276370,0.222468,-0.367356,-0.277780,0.188857,-0.399538,-0.253324,0.208982,-0.415697,-0.191511,0.247150,-0.408002,-0.250884
2026-07-20 14:33:05.100,96.299909,0.000000,0.000000,0.000000,0.321139,-0.385793,-0.279744,0.123929,-0.353981,-0.276978,0.222534,-0.369887,-0.278361,0.188962,-0.401565,-0.253878,0.209087,-0.417724,-0.192065,0.247020,-0.410993,-0.251525
2026-07-20 14:33:05.200,96.399909,0.000000,0.000000,0.000000,0.321192,-0.386807,-0.280021,0.124047,-0.353883,-0.278088,0.222620,-0.370345,-0.279055,0.189015,-0.402578,-0.254155,0.209139,-0.418738,-0.192342,0.247308,-0.411043,-0.251715
2026-07-20 14:33:05.300,96.499909,0.000000,0.000000,0.000000,0.320878,-0.387756,-0.280070,0.123981,-0.354994,-0.277255,0.222429,-0.371375,-0.278662,0.189015,-0.402578,-0.254155,0.209340,-0.417872,-0.191325,0.247308,-0.411043,-0.251715
2026-07-20 14:33:05.400,96.599909,0.000000,0.000000,0.000000,0.321192,-0.386807,-0.280021,0.124047,-0.353883,-0.278088,0.222620,-0.370345,-0.279055,0.189015,-0.402578,-0.254155,0.208961,-0.419805,-0.191656,0.247308,-0.411043,-0.251715
2026-07-20 14:33:05.500,96.699909,0.000000,0.000000,0.000000,0.321139,-0.385793,-0.279744,0.124006,-0.352974,-0.276924,0.222573,-0.369383,-0.278334,0.188962,-0.401565,-0.253878,0.208278,-0.417723,-0.190328,0.247020,-0.410993,-0.251525
2026-07-20 14:33:05.600,96.799909,0.000000,0.000000,0.000000,0.321035,-0.390796,-0.280901,0.124205,-0.356923,-0.278919,0.222620,-0.373860,-0.279910,0.189172,-0.405619,-0.254986,0.208677,-0.420811,-0.191270,0.247230,-0.415047,-0.252633
2026-07-20 14:33:05.700,96.899909,0.000000,0.000000,0.000000,0.320720,-0.384715,-0.279239,0.123890,-0.350842,-0.277257,0.222305,-0.367779,-0.278248,0.189020,-0.398555,-0.253239,0.208373,-0.414830,-0.188755,0.247150,-0.408002,-0.250884
2026-07-20 14:33:05.800,96.999908,0.000000,0.000000,0.000000,0.321192,-0.386807,-0.280021,0.123981,-0.354994,-0.277255,0.222587,-0.370900,-0.278638,0.190015,-0.401798,-0.254105,0.208247,-0.419320,-0.189838,0.247072,-0.412007,-0.251802
2026-07-20 14:33:05.900,97.099908,0.000000,0.000000,0.000000,0.321402,-0.390861,-0.281129,0.124180,-0.358944,-0.279249,0.222791,-0.374902,-0.280189,0.189306,-0.406141,-0.255221,0.208552,-0.422891,-0.190862,0.247518,-0.415097,-0.252823
2026-07-20 14:33:06.000,97.199908,0.000000,0.000000,0.000000,0.320878,-0.387756,-0.280070,0.124059,-0.353987,-0.277201,0.222468,-0.370872,-0.278636,0.189850,-0.402780,-0.254190,0.207521,-0.418736,-0.188869,0.247319,-0.411144,-0.250853
2026-07-20 14:33:06.100,97.299908,0.000000,0.000000,0.000000,0.321035,-0.390796,-0.280901,0.124050,-0.358937,-0.279024,0.222542,-0.374867,-0.279963,0.190008,-0.405821,-0.255021,0.207679,-0.421776,-0.189700,0.247465,-0.414083,-0.252546
2026-07-20 14:33:06.200,97.399908,0.000000,0.000000,0.000000,0.320825,-0.386742,-0.279793,0.124006,-0.352974,-0.276924,0.222416,-0.369858,-0.278359,0.189962,-0.400785,-0.253828,0.207469,-0.417722,-0.188592,0.247267,-0.410130,-0.250576
2026-07-20 14:33:06.300,97.499908,0.000000,0.000000,0.000000,0.320720,-0.384715,-0.279239,0.123890,-0.350842,-0.277257,0.222305,-0.367779,-0.278248,0.189020,-0.398555,-0.253239,0.206543,-0.415594,-0.187152,0.247162,-0.408103,-0.250022
2026-07-20 14:33:06.400,97.599908,0.000000,0.000000,0.000000,0.320406,-0.385664,-0.279288,0.123890,-0.350842,-0.277257,0.222148,-0.368253,-0.278273,0.188857,-0.399538,-0.253324,0.206543,-0.415594,-0.187152,0.247397,-0.407139,-0.249933
2026-07-20 14:33:06.500,97.699908,0.000000,0.000000,0.000000,0.320406,-0.385664,-0.279288,0.123890,-0.350842,-0.277257,0.222148,-0.368253,-0.278273,0.189020,-0.398555,-0.253239,0.206543,-0.415594,-0.187152,0.247162,-0.408103,-0.250022
2026-07-20 14:33:06.600,97.799908,0.000000,0.000000,0.000000,0.321455,-0.391874,-0.281406,0.124310,-0.358950,-0.279473,0.222882,-0.375412,-0.280440,0.189452,-0.406764,-0.254599,0.206964,-0.423702,-0.189368,0.247582,-0.416211,-0.252238
2026-07-20 14:33:06.700,97.899908,0.000000,0.000000,0.000000,0.320983,-0.389783,-0.280624,0.124164,-0.356014,-0.277755,0.222573,-0.372898,-0.279190,0.189294,-0.403724,-0.253768,0.205975,-0.420461,-0.188502,0.247424,-0.413171,-0.251407
2026-07-20 14:33:06.800,97.999907,0.000000,0.000000,0.000000,0.321035,-0.390796,-0.280901,0.124127,-0.357930,-0.278972,0.222581,-0.374363,-0.279936,0.189183,-0.405719,-0.254131,0.206016,-0.421374,-0.189630,0.247477,-0.414184,-0.251684
2026-07-20 14:33:06.900,98.099907,0.000000,0.000000,0.000000,0.320930,-0.388769,-0.280347,0.124111,-0.355001,-0.277478,0.222521,-0.371885,-0.278913,0.189078,-0.403692,-0.253577,0.205091,-0.419246,-0.188191,0.247136,-0.413121,-0.251218
2026-07-20 14:33:07.000,98.199907,0.000000,0.000000,0.000000,0.320825,-0.386742,-0.279793,0.123995,-0.352869,-0.277811,0.222410,-0.369806,-0.278802,0.188973,-0.401665,-0.253023,0.204986,-0.417219,-0.187637,0.247502,-0.409166,-0.250487
2026-07-20 14:33:07.100,98.299907,0.000000,0.000000,0.000000,0.321035,-0.390796,-0.280901,0.124127,-0.357930,-0.278972,0.222581,-0.374363,-0.279936,0.189172,-0.405619,-0.254986,0.205011,-0.422240,-0.188915,0.247477,-0.414184,-0.251684
2026-07-20 14:33:07.200,98.399907,0.000000,0.000000,0.000000,0.320642,-0.390225,-0.280535,0.124138,-0.355507,-0.277617,0.222390,-0.372866,-0.279076,0.189105,-0.404199,-0.253715,0.204286,-0.419552,-0.188295,0.247398,-0.412664,-0.251268
2026-07-20 14:33:07.300,98.499907,0.000000,0.000000,0.000000,0.321140,-0.392823,-0.281455,0.124399,-0.358048,-0.278533,0.222770,-0.375435,-0.279994,0.189288,-0.407746,-0.254685,0.204470,-0.423099,-0.189264,0.247582,-0.416211,-0.252238
2026-07-20 14:33:07.400,98.599907,0.000000,0.000000,0.000000,0.321192,-0.386807,-0.280021,0.123970,-0.354890,-0.278141,0.222581,-0.370848,-0.279081,0.189026,-0.402679,-0.253300,0.203376,-0.417830,-0.187845,0.247319,-0.411144,-0.250853
2026-07-20 14:33:07.500,98.699907,0.000000,0.000000,0.000000,0.321035,-0.390796,-0.280901,0.124205,-0.356923,-0.278919,0.222620,-0.373860,-0.279910,0.189172,-0.405619,-0.254986,0.203351,-0.421839,-0.188846,0.247713,-0.413220,-0.251595
2026-07-20 14:33:07.600,98.799907,0.000000,0.000000,0.000000,0.320825,-0.386742,-0.279793,0.124006,-0.352974,-0.276924,0.222416,-0.369858,-0.278359,0.188973,-0.401665,-0.253023,0.203140,-0.417785,-0.187738,0.247031,-0.411094,-0.250664
2026-07-20 14:33:07.700,98.899907,0.000000,0.000000,0.000000,0.321192,-0.386807,-0.280021,0.124047,-0.353883,-0.278088,0.222620,-0.370345,-0.279055,0.189026,-0.402679,-0.253300,0.203376,-0.417830,-0.187845,0.247555,-0.410180,-0.250764
2026-07-20 14:33:07.800,98.999907,0.000000,0.000000,0.000000,0.321035,-0.390796,-0.280901,0.124205,-0.356923,-0.278919,0.222620,-0.373860,-0.279910,0.189183,-0.405719,-0.254131,0.203533,-0.420871,-0.188676,0.247477,-0.414184,-0.251684
2026-07-20 14:33:07.900,99.099906,0.000000,0.000000,0.000000,0.320930,-0.388769,-0.280347,0.124177,-0.353889,-0.278313,0.222554,-0.371329,-0.279330,0.189242,-0.402710,-0.253491,0.203428,-0.418844,-0.188122,0.247254,-0.412639,-0.251174
2026-07-20 14:33:08.000,99.199906,0.000000,0.000000,0.000000,0.321297,-0.388834,-0.280575,0.124152,-0.355910,-0.278642,0.222725,-0.372372,-0.279609,0.189294,-0.403724,-0.253768,0.203469,-0.419757,-0.189250,0.247424,-0.413171,-0.251407
2026-07-20 14:33:08.100,99.299906,0.000000,0.000000,0.000000,0.320930,-0.388769,-0.280347,0.124100,-0.354896,-0.278365,0.222515,-0.371833,-0.279356,0.189242,-0.402710,-0.253491,0.203417,-0.418744,-0.188973,0.247372,-0.412157,-0.251130
2026-07-20 14:33:08.200,99.399906,0.000000,0.000000,0.000000,0.321087,-0.384780,-0.279467,0.124032,-0.350953,-0.276594,0.222559,-0.367866,-0.278030,0.189084,-0.399670,-0.252660,0.204080,-0.415805,-0.189027,0.247214,-0.409117,-0.250299
2026-07-20 14:33:08.300,99.499906,0.000000,0.000000,0.000000,0.321035,-0.390796,-0.280901,0.124127,-0.357930,-0.278972,0.222581,-0.374363,-0.279936,0.189347,-0.404737,-0.254045,0.204342,-0.420872,-0.190412,0.247241,-0.415148,-0.251772
2026-07-20 14:33:08.400,99.599906,0.000000,0.000000,0.000000,0.321297,-0.388834,-0.280575,0.124230,-0.354903,-0.278590,0.222763,-0.371868,-0.279582,0.189294,-0.403724,-0.253768,0.205110,-0.419960,-0.191021,0.247177,-0.414034,-0.252356
2026-07-20 14:33:08.500,99.699906,0.000000,0.000000,0.000000,0.320669,-0.390732,-0.280673,0.124230,-0.354903,-0.278590,0.222449,-0.372817,-0.279632,0.189131,-0.404706,-0.253854,0.205099,-0.419859,-0.191872,0.247188,-0.414135,-0.251495
2026-07-20 14:33:08.600,99.799906,0.000000,0.000000,0.000000,0.320510,-0.380661,-0.278131,0.123680,-0.346788,-0.276149,0.222095,-0.363725,-0.277140,0.188647,-0.395484,-0.252216,0.205457,-0.410939,-0.189414,0.246469,-0.405876,-0.249950
2026-07-20 14:33:08.700,99.899906,0.000000,0.000000,0.000000,0.321035,-0.390796,-0.280901,0.124139,-0.358035,-0.278086,0.222587,-0.374415,-0.279493,0.189172,-0.405619,-0.254986,0.205971,-0.420974,-0.193035,0.246994,-0.416011,-0.252720
2026-07-20 14:33:08.800,99.999906,0.000000,0.000000,0.000000,0.321559,-0.386871,-0.280249,0.124100,-0.354896,-0.278365,0.222829,-0.370884,-0.279307,0.189067,-0.403592,-0.254432,0.205866,-0.418947,-0.192481,0.246889,-0.413984,-0.252166
2026-07-20 14:33:08.900,100.099905,0.000000,0.000000,0.000000,0.321034,-0.383766,-0.279190,0.123812,-0.351849,-0.277310,0.222423,-0.367808,-0.278250,0.188857,-0.399538,-0.253324,0.206476,-0.414994,-0.192258,0.246679,-0.409930,-0.251058
2026-07-20 14:33:09.000,100.199905,0.000000,0.000000,0.000000,0.321350,-0.389847,-0.280852,0.124139,-0.358035,-0.278086,0.222744,-0.373941,-0.279469,0.189172,-0.405619,-0.254986,0.206594,-0.421943,-0.194934,0.246154,-0.415808,-0.252685
2026-07-20 14:33:09.100,100.299905,0.000000,0.000000,0.000000,0.321192,-0.386807,-0.280021,0.124047,-0.353883,-0.278088,0.222620,-0.370345,-0.279055,0.189015,-0.402578,-0.254155,0.207267,-0.419103,-0.194137,0.246600,-0.413935,-0.251977
2026-07-20 14:33:09.200,100.399905,0.000000,0.000000,0.000000,0.321507,-0.392888,-0.281683,0.124296,-0.361075,-0.278917,0.222902,-0.376981,-0.280300,0.189330,-0.408659,-0.255817,0.207770,-0.424217,-0.195637,0.246077,-0.419813,-0.253604
2026-07-20 14:33:09.300,100.499905,0.000000,0.000000,0.000000,0.321192,-0.386807,-0.280021,0.124059,-0.353987,-0.277201,0.222625,-0.370397,-0.278611,0.189015,-0.402578,-0.254155,0.207454,-0.418136,-0.193975,0.245996,-0.412767,-0.251854
2026-07-20 14:33:09.400,100.599905,0.000000,0.000000,0.000000,0.320878,-0.387756,-0.280070,0.124047,-0.353883,-0.278088,0.222463,-0.370819,-0.279079,0.189015,-0.402578,-0.254155,0.207454,-0.418136,-0.193975,0.245996,-0.412767,-0.251854
2026-07-20 14:33:09.500,100.699905,0.000000,0.000000,0.000000,0.320878,-0.387756,-0.280070,0.124047,-0.353883,-0.278088,0.222463,-0.370819,-0.279079,0.189015,-0.402578,-0.254155,0.208086,-0.419204,-0.195022,0.245996,-0.412767,-0.251854
2026-07-20 14:33:09.600,100.799905,0.000000,0.000000,0.000000,0.321297,-0.388834,-0.280575,0.124086,-0.357021,-0.277809,0.222692,-0.372927,-0.279192,0.189120,-0.404605,-0.254709,0.208191,-0.421231,-0.195576,0.246101,-0.414794,-0.252408
2026-07-20 14:33:09.700,100.899905,0.000000,0.000000,0.000000,0.320773,-0.385729,-0.279516,0.123865,-0.352863,-0.277587,0.222319,-0.369296,-0.278551,0.188909,-0.400551,-0.253601,0.208811,-0.417378,-0.194502,0.245891,-0.410740,-0.251300
2026-07-20 14:33:09.800,100.999905,0.000000,0.000000,0.000000,0.320826,-0.393772,-0.281504,0.124244,-0.360062,-0.278640,0.222535,-0.376917,-0.280072,0.189277,-0.407646,-0.255540,0.209179,-0.424472,-0.196441,0.246259,-0.417835,-0.253239
2026-07-20 14:33:09.900,101.099905,0.000000,0.000000,0.000000,0.321350,-0.389847,-0.280852,0.124205,-0.356923,-0.278919,0.222777,-0.373385,-0.279886,0.190008,-0.405821,-0.255021,0.209904,-0.422646,-0.195922,0.246154,-0.415808,-0.252685
2026-07-20 14:33:10.000,101.199904,0.000000,0.000000,0.000000,0.320773,-0.385729,-0.279516,0.123865,-0.352863,-0.277587,0.222319,-0.369296,-0.278551,0.189745,-0.400753,-0.253636,0.209641,-0.417579,-0.194537,0.245657,-0.411705,-0.251388
2026-07-20 14:33:10.100,101.299904,0.000000,0.000000,0.000000,0.321297,-0.388834,-0.280575,0.124075,-0.356917,-0.278695,0.222686,-0.372875,-0.279635,0.189955,-0.404807,-0.254744,0.210682,-0.421834,-0.195679,0.246101,-0.414794,-0.252408
2026-07-20 14:33:10.200,101.399904,0.000000,0.000000,0.000000,0.320930,-0.388769,-0.280347,0.124177,-0.353889,-0.278313,0.222554,-0.371329,-0.279330,0.189903,-0.403794,-0.254467,0.210618,-0.420720,-0.196252,0.246049,-0.413781,-0.252131
2026-07-20 14:33:10.300,101.499904,0.000000,0.000000,0.000000,0.321088,-0.391810,-0.281178,0.124102,-0.359951,-0.279301,0.222595,-0.375880,-0.280240,0.190225,-0.405852,-0.255213,0.211606,-0.423961,-0.197118,0.245972,-0.417786,-0.253050
2026-07-20 14:33:10.400,101.599904,0.000000,0.000000,0.000000,0.321035,-0.390796,-0.280901,0.124205,-0.356923,-0.278919,0.222620,-0.373860,-0.279910,0.190008,-0.405821,-0.255021,0.211542,-0.422848,-0.197691,0.246154,-0.415808,-0.252685
2026-07-20 14:33:10.500,101.699904,0.000000,0.000000,0.000000,0.321140,-0.392823,-0.281455,0.124310,-0.358950,-0.279473,0.222725,-0.375887,-0.280464,0.190113,-0.407848,-0.255575,0.212478,-0.425076,-0.198279,0.246259,-0.417835,-0.253239
2026-07-20 14:33:10.600,101.799904,0.000000,0.000000,0.000000,0.321088,-0.391810,-0.281178,0.124191,-0.359048,-0.278363,0.222640,-0.375429,-0.279770,0.190060,-0.406834,-0.255298,0.212425,-0.424062,-0.198002,0.246207,-0.416821,-0.252962
2026-07-20 14:33:10.700,101.899904,0.000000,0.000000,0.000000,0.321244,-0.387820,-0.280298,0.124177,-0.353889,-0.278313,0.222711,-0.370855,-0.279305,0.190904,-0.403014,-0.254417,0.213087,-0.421123,-0.198056,0.246401,-0.412334,-0.252000
2026-07-20 14:33:10.800,101.999904,0.000000,0.000000,0.000000,0.321088,-0.391810,-0.281178,0.124257,-0.357937,-0.279196,0.222673,-0.374873,-0.280187,0.190896,-0.407036,-0.255333,0.213878,-0.425330,-0.199079,0.245972,-0.417786,-0.253050
2026-07-20 14:33:10.900,102.099904,0.000000,0.000000,0.000000,0.321402,-0.390861,-0.281129,0.124180,-0.358944,-0.279249,0.222791,-0.374902,-0.280189,0.190896,-0.407036,-0.255333,0.214063,-0.424264,-0.199771,0.246207,-0.416821,-0.252962
2026-07-20 14:33:11.000,102.199903,0.000000,0.000000,0.000000,0.320930,-0.388769,-0.280347,0.124100,-0.354896,-0.278365,0.222515,-0.371833,-0.279356,0.190904,-0.403014,-0.254417,0.214736,-0.421425,-0.198975,0.246284,-0.412817,-0.252044
2026-07-20 14:33:11.100,102.299903,0.000000,0.000000,0.000000,0.321350,-0.389847,-0.280852,0.124127,-0.357930,-0.278972,0.222738,-0.373889,-0.279912,0.190843,-0.406023,-0.255056,0.214841,-0.423452,-0.199529,0.246154,-0.415808,-0.252685
2026-07-20 14:33:11.200,102.399903,0.000000,0.000000,0.000000,0.320878,-0.387756,-0.280070,0.124137,-0.352980,-0.277148,0.222507,-0.370368,-0.278609,0.190686,-0.402982,-0.254225,0.215503,-0.420512,-0.199582,0.245996,-0.412767,-0.251854
2026-07-20 14:33:11.300,102.499903,0.000000,0.000000,0.000000,0.321035,-0.390796,-0.280901,0.124283,-0.355916,-0.278867,0.222659,-0.373356,-0.279884,0.191009,-0.405041,-0.254971,0.215859,-0.422587,-0.200258,0.246389,-0.414844,-0.252598
2026-07-20 14:33:11.400,102.599903,0.000000,0.000000,0.000000,0.321088,-0.391810,-0.281178,0.124257,-0.357937,-0.279196,0.222673,-0.374873,-0.280187,0.191898,-0.406257,-0.255283,0.216743,-0.423802,-0.200570,0.245367,-0.416618,-0.252928
2026-07-20 14:33:11.500,102.699903,0.000000,0.000000,0.000000,0.320113,-0.389676,-0.279685,0.124164,-0.356014,-0.277755,0.222139,-0.372845,-0.278720,0.191793,-0.404230,-0.254729,0.216626,-0.421675,-0.200867,0.245495,-0.413627,-0.252286
2026-07-20 14:33:11.600,102.799903,0.000000,0.000000,0.000000,0.321034,-0.383766,-0.279190,0.123824,-0.351954,-0.276424,0.222429,-0.367860,-0.277807,0.191530,-0.399163,-0.253344,0.217395,-0.415843,-0.199362,0.244999,-0.409524,-0.250989
2026-07-20 14:33:11.700,102.899903,0.000000,0.000000,0.000000,0.321087,-0.384780,-0.279467,0.123954,-0.351960,-0.276647,0.222520,-0.368370,-0.278057,0.191749,-0.399195,-0.253536,0.217437,-0.416756,-0.200491,0.245519,-0.408608,-0.251091
2026-07-20 14:33:11.800,102.999903,0.000000,0.000000,0.000000,0.320929,-0.381739,-0.278636,0.123785,-0.348815,-0.276703,0.222357,-0.365277,-0.277670,0.192262,-0.397338,-0.252824,0.217899,-0.414782,-0.200699,0.245361,-0.405568,-0.250260
2026-07-20 14:33:11.900,103.099903,0.000000,0.000000,0.000000,0.321088,-0.391810,-0.281178,0.124269,-0.358041,-0.278309,0.222678,-0.374925,-0.279744,0.192902,-0.405478,-0.255233,0.219406,-0.423140,-0.203075,0.245834,-0.414689,-0.252753
2026-07-20 14:33:12.000,103.199903,0.000000,0.000000,0.000000,0.321455,-0.391874,-0.281406,0.124232,-0.359957,-0.279526,0.222843,-0.375916,-0.280466,0.192955,-0.406492,-0.255510,0.219447,-0.424053,-0.204204,0.245886,-0.415703,-0.253030
2026-07-20 14:33:12.100,103.299902,0.000000,0.000000,0.000000,0.320878,-0.387756,-0.280070,0.124047,-0.353883,-0.278088,0.222463,-0.370819,-0.279079,0.192692,-0.401424,-0.254125,0.219184,-0.418986,-0.202819,0.245624,-0.410635,-0.251645
2026-07-20 14:33:12.200,103.399902,0.000000,0.000000,0.000000,0.320930,-0.388769,-0.280347,0.124177,-0.353889,-0.278313,0.222554,-0.371329,-0.279330,0.192745,-0.402438,-0.254402,0.220058,-0.420100,-0.203983,0.245910,-0.410684,-0.251834
2026-07-20 14:33:12.300,103.499902,0.000000,0.000000,0.000000,0.321192,-0.386807,-0.280021,0.124047,-0.353883,-0.278088,0.222620,-0.370345,-0.279055,0.192692,-0.401424,-0.254125,0.220209,-0.418122,-0.203556,0.245857,-0.409671,-0.251557
2026-07-20 14:33:12.400,103.599902,0.000000,0.000000,0.000000,0.321088,-0.391810,-0.281178,0.124335,-0.356930,-0.279144,0.222711,-0.374370,-0.280161,0.193740,-0.405681,-0.255267,0.221242,-0.422277,-0.205552,0.245823,-0.414588,-0.253615
2026-07-20 14:33:12.500,103.699902,0.000000,0.000000,0.000000,0.321297,-0.388834,-0.280575,0.124164,-0.356014,-0.277755,0.222730,-0.372424,-0.279165,0.193635,-0.403654,-0.254713,0.221034,-0.420733,-0.205072,0.245951,-0.411596,-0.252975
2026-07-20 14:33:12.600,103.799902,0.000000,0.000000,0.000000,0.321034,-0.383766,-0.279190,0.123890,-0.350842,-0.277257,0.222462,-0.367304,-0.278224,0.193361,-0.398486,-0.254186,0.220863,-0.415083,-0.204466,0.244613,-0.407290,-0.251641
2026-07-20 14:33:12.700,103.899902,0.000000,0.000000,0.000000,0.320825,-0.386742,-0.279793,0.123995,-0.352869,-0.277811,0.222410,-0.369806,-0.278802,0.193477,-0.400613,-0.253882,0.220763,-0.418074,-0.205168,0.244718,-0.409317,-0.252195
2026-07-20 14:33:12.800,103.999902,0.000000,0.000000,0.000000,0.321244,-0.387820,-0.280298,0.124100,-0.354896,-0.278365,0.222672,-0.371358,-0.279332,0.193582,-0.402640,-0.254436,0.220868,-0.420101,-0.205722,0.245056,-0.410379,-0.252663
2026-07-20 14:33:12.900,104.099902,0.000000,0.000000,0.000000,0.320826,-0.393772,-0.281504,0.124322,-0.359055,-0.278586,0.222574,-0.376413,-0.280045,0.193781,-0.406594,-0.256402,0.221067,-0.424055,-0.207682,0.245033,-0.415398,-0.253857
2026-07-20 14:33:13.000,104.199902,0.000000,0.000000,0.000000,0.321035,-0.390796,-0.280901,0.124205,-0.356923,-0.278919,0.222620,-0.373860,-0.279910,0.193676,-0.404567,-0.255848,0.220962,-0.422028,-0.207128,0.244928,-0.413371,-0.253303
2026-07-20 14:33:13.100,104.299901,0.000000,0.000000,0.000000,0.321350,-0.389847,-0.280852,0.124205,-0.356923,-0.278919,0.222777,-0.373385,-0.279886,0.193676,-0.404567,-0.255848,0.221167,-0.421063,-0.206981,0.244928,-0.413371,-0.253303
2026-07-20 14:33:13.200,104.399901,0.000000,0.000000,0.000000,0.320774,-0.392759,-0.281227,0.124335,-0.356930,-0.279144,0.222554,-0.374844,-0.280186,0.193740,-0.405681,-0.255267,0.221219,-0.422077,-0.207258,0.244981,-0.414384,-0.253580
2026-07-20 14:33:13.300,104.499901,0.000000,0.000000,0.000000,0.320877,-0.380726,-0.278359,0.123810,-0.346795,-0.276374,0.222343,-0.363760,-0.277366,0.193204,-0.395445,-0.253355,0.220694,-0.411942,-0.204488,0.244455,-0.404249,-0.250810
2026-07-20 14:33:13.400,104.599901,0.000000,0.000000,0.000000,0.320534,-0.397784,-0.281901,0.124573,-0.364018,-0.280858,0.222553,-0.380901,-0.281380,0.194055,-0.411762,-0.256929,0.221535,-0.428158,-0.208920,0.245296,-0.420465,-0.255242
2026-07-20 14:33:13.500,104.699901,0.000000,0.000000,0.000000,0.320825,-0.386742,-0.279793,0.123995,-0.352869,-0.277811,0.222410,-0.369806,-0.278802,0.193646,-0.399632,-0.253798,0.220957,-0.417009,-0.205873,0.244718,-0.409317,-0.252195
2026-07-20 14:33:13.600,104.799901,0.000000,0.000000,0.000000,0.320983,-0.389783,-0.280624,0.124230,-0.354903,-0.278590,0.222606,-0.372343,-0.279607,0.193635,-0.403654,-0.254713,0.221114,-0.420050,-0.206704,0.244876,-0.412357,-0.253026
2026-07-20 14:33:13.700,104.899901,0.000000,0.000000,0.000000,0.321297,-0.388834,-0.280575,0.124075,-0.356917,-0.278695,0.222686,-0.372875,-0.279635,0.193635,-0.403654,-0.254713,0.221114,-0.420050,-0.206704,0.244876,-0.412357,-0.253026
2026-07-20 14:33:13.800,104.999901,0.000000,0.000000,0.000000,0.321192,-0.386807,-0.280021,0.124047,-0.353883,-0.278088,0.222620,-0.370345,-0.279055,0.193530,-0.401627,-0.254159,0.221009,-0.418023,-0.206150,0.244771,-0.410330,-0.252472
2026-07-20 14:33:13.900,105.099901,0.000000,0.000000,0.000000,0.321193,-0.393837,-0.281732,0.124285,-0.360971,-0.279803,0.222739,-0.377404,-0.280767,0.193845,-0.407708,-0.255821,0.221324,-0.424104,-0.207812,0.245318,-0.415446,-0.254048
2026-07-20 14:33:14.000,105.199901,0.000000,0.000000,0.000000,0.321205,-0.393943,-0.280830,0.124362,-0.359964,-0.279750,0.222784,-0.376953,-0.280290,0.193845,-0.407708,-0.255821,0.221324,-0.424104,-0.207812,0.245318,-0.415446,-0.254048
2026-07-20 14:33:14.100,105.299901,0.000000,0.000000,0.000000,0.320773,-0.385729,-0.279516,0.123942,-0.351856,-0.277534,0.222357,-0.368792,-0.278525,0.193414,-0.399499,-0.254463,0.220904,-0.415996,-0.205596,0.244898,-0.407338,-0.251832
2026-07-20 14:33:14.200,105.399900,0.000000,0.000000,0.000000,0.320773,-0.385729,-0.279516,0.123942,-0.351856,-0.277534,0.222357,-0.368792,-0.278525,0.193414,-0.399499,-0.254463,0.220904,-0.415996,-0.205596,0.244665,-0.408303,-0.251918
2026-07-20 14:33:14.300,105.499900,0.000000,0.000000,0.000000,0.320930,-0.388769,-0.280347,0.124177,-0.353889,-0.278313,0.222554,-0.371329,-0.279330,0.193582,-0.402640,-0.254436,0.220653,-0.420966,-0.206720,0.244823,-0.411344,-0.252749
2026-07-20 14:33:14.400,105.599900,0.000000,0.000000,0.000000,0.321192,-0.386807,-0.280021,0.123970,-0.354890,-0.278141,0.222581,-0.370848,-0.279081,0.193699,-0.400646,-0.254075,0.219961,-0.418686,-0.207114,0.244771,-0.410330,-0.252472
2026-07-20 14:33:14.500,105.699900,0.000000,0.000000,0.000000,0.320878,-0.387756,-0.280070,0.124125,-0.352876,-0.278036,0.222501,-0.370316,-0.279053,0.193519,-0.401526,-0.255017,0.219961,-0.418686,-0.207114,0.245003,-0.409365,-0.252386
2026-07-20 14:33:14.600,105.799900,0.000000,0.000000,0.000000,0.320321,-0.386699,-0.279081,0.123970,-0.354890,-0.278141,0.222145,-0.370795,-0.278611,0.193519,-0.401526,-0.255017,0.219961,-0.418686,-0.207114,0.245003,-0.409365,-0.252386
2026-07-20 14:33:14.700,105.899900,0.000000,0.000000,0.000000,0.320061,-0.388662,-0.279408,0.124022,-0.355903,-0.278418,0.222041,-0.372283,-0.278913,0.193751,-0.401659,-0.254352,0.220217,-0.418734,-0.207246,0.245056,-0.410379,-0.252663
2026-07-20 14:33:14.800,105.999900,0.000000,0.000000,0.000000,0.321507,-0.392888,-0.281683,0.124362,-0.359964,-0.279750,0.222935,-0.376426,-0.280717,0.194014,-0.406727,-0.255737,0.220480,-0.423802,-0.208631,0.245318,-0.415446,-0.254048
2026-07-20 14:33:14.900,106.099900,0.000000,0.000000,0.000000,0.320008,-0.387649,-0.279131,0.124047,-0.353883,-0.278088,0.222028,-0.370766,-0.278610,0.193699,-0.400646,-0.254075,0.219129,-0.418485,-0.207080,0.244771,-0.410330,-0.252472
2026-07-20 14:33:15.000,106.199900,0.000000,0.000000,0.000000,0.321139,-0.385793,-0.279744,0.123995,-0.352869,-0.277811,0.222567,-0.369331,-0.278778,0.193646,-0.399632,-0.253798,0.219279,-0.416506,-0.206657,0.244718,-0.409317,-0.252195
2026-07-20 14:33:15.100,106.299900,0.000000,0.000000,0.000000,0.321035,-0.390796,-0.280901,0.124205,-0.356923,-0.278919,0.222620,-0.373860,-0.279910,0.193688,-0.404667,-0.254990,0.219489,-0.420560,-0.207765,0.245161,-0.412406,-0.253217
2026-07-20 14:33:15.200,106.399899,0.000000,0.000000,0.000000,0.320720,-0.384715,-0.279239,0.123812,-0.351849,-0.277310,0.222266,-0.368282,-0.278274,0.193541,-0.397605,-0.253244,0.219173,-0.414479,-0.206103,0.244846,-0.406325,-0.251555
2026-07-20 14:33:15.300,106.499899,0.000000,0.000000,0.000000,0.320406,-0.385664,-0.279288,0.123890,-0.350842,-0.277257,0.222148,-0.368253,-0.278273,0.193541,-0.397605,-0.253244,0.219173,-0.414479,-0.206103,0.244613,-0.407290,-0.251641
2026-07-20 14:33:15.400,106.599899,0.000000,0.000000,0.000000,0.319956,-0.386635,-0.278854,0.123917,-0.353876,-0.277864,0.221936,-0.370256,-0.278359,0.194485,-0.399835,-0.253833,0.219279,-0.416506,-0.206657,0.244951,-0.408352,-0.252109
2026-07-20 14:33:15.500,106.699899,0.000000,0.000000,0.000000,0.320825,-0.386742,-0.279793,0.123995,-0.352869,-0.277811,0.222410,-0.369806,-0.278802,0.194485,-0.399835,-0.253833,0.219279,-0.416506,-0.206657,0.244729,-0.409418,-0.251333
2026-07-20 14:33:15.600,106.799899,0.000000,0.000000,0.000000,0.321035,-0.390796,-0.280901,0.124127,-0.357930,-0.278972,0.222581,-0.374363,-0.279936,0.194695,-0.403889,-0.254941,0.219500,-0.420660,-0.206912,0.245161,-0.412406,-0.253217
2026-07-20 14:33:15.700,106.899899,0.000000,0.000000,0.000000,0.320825,-0.386742,-0.279793,0.123995,-0.352869,-0.277811,0.222410,-0.369806,-0.278802,0.194485,-0.399835,-0.253833,0.219290,-0.416606,-0.205804,0.244962,-0.408453,-0.251245
2026-07-20 14:33:15.800,106.999899,0.000000,0.000000,0.000000,0.321139,-0.385793,-0.279744,0.124072,-0.351862,-0.277759,0.222606,-0.368828,-0.278751,0.194485,-0.399835,-0.253833,0.218658,-0.415439,-0.205623,0.244962,-0.408453,-0.251245
2026-07-20 14:33:15.900,107.099899,0.000000,0.000000,0.000000,0.320773,-0.385729,-0.279516,0.124032,-0.350953,-0.276594,0.222402,-0.368341,-0.278055,0.194432,-0.398822,-0.253556,0.218616,-0.414526,-0.204492,0.244677,-0.408404,-0.251056
2026-07-20 14:33:16.000,107.199899,0.000000,0.000000,0.000000,0.321244,-0.387820,-0.280298,0.124100,-0.354896,-0.278365,0.222672,-0.371358,-0.279332,0.194590,-0.401862,-0.254387,0.218785,-0.417666,-0.204468,0.245067,-0.410480,-0.251799
2026-07-20 14:33:16.100,107.299899,0.000000,0.000000,0.000000,0.320459,-0.386678,-0.279565,0.123865,-0.352863,-0.277587,0.222162,-0.369770,-0.278576,0.194432,-0.398822,-0.253556,0.217793,-0.414424,-0.203603,0.244909,-0.407440,-0.250968
2026-07-20 14:33:16.200,107.399899,0.000000,0.000000,0.000000,0.321244,-0.387820,-0.280298,0.124022,-0.355903,-0.278418,0.222633,-0.371862,-0.279358,0.194590,-0.401862,-0.254387,0.217127,-0.417363,-0.203545,0.245067,-0.410480,-0.251799
2026-07-20 14:33:16.300,107.499898,0.000000,0.000000,0.000000,0.321087,-0.384780,-0.279467,0.123865,-0.352863,-0.277587,0.222476,-0.368821,-0.278527,0.194432,-0.398822,-0.253556,0.216970,-0.414323,-0.202714,0.244909,-0.407440,-0.250968
2026-07-20 14:33:16.400,107.599898,0.000000,0.000000,0.000000,0.320668,-0.383702,-0.278962,0.123759,-0.350836,-0.277033,0.222214,-0.367269,-0.277997,0.194327,-0.396795,-0.253002,0.216041,-0.412194,-0.201271,0.244804,-0.405413,-0.250414
2026-07-20 14:33:16.500,107.699898,0.000000,0.000000,0.000000,0.321087,-0.384780,-0.279467,0.123942,-0.351856,-0.277534,0.222515,-0.368318,-0.278501,0.194432,-0.398822,-0.253556,0.216157,-0.414322,-0.200970,0.244909,-0.407440,-0.250968
2026-07-20 14:33:16.600,107.799898,0.000000,0.000000,0.000000,0.320930,-0.388769,-0.280347,0.124177,-0.353889,-0.278313,0.222554,-0.371329,-0.279330,0.194601,-0.401963,-0.253528,0.215492,-0.417261,-0.200912,0.245067,-0.410480,-0.251799
2026-07-20 14:33:16.700,107.899898,0.000000,0.000000,0.000000,0.320930,-0.388769,-0.280347,0.124022,-0.355903,-0.278418,0.222476,-0.372336,-0.279382,0.194590,-0.401862,-0.254387,0.215294,-0.418227,-0.201065,0.245300,-0.409515,-0.251712
2026-07-20 14:33:16.800,107.999898,0.000000,0.000000,0.000000,0.320930,-0.388769,-0.280347,0.124100,-0.354896,-0.278365,0.222515,-0.371833,-0.279356,0.194760,-0.400882,-0.254302,0.214472,-0.418125,-0.200177,0.245067,-0.410480,-0.251799
2026-07-20 14:33:16.900,108.099898,0.000000,0.000000,0.000000,0.320575,-0.388811,-0.279218,0.123970,-0.354890,-0.278141,0.222273,-0.371850,-0.278679,0.194707,-0.399868,-0.254025,0.214431,-0.417212,-0.199047,0.244171,-0.409263,-0.251487
2026-07-20 14:33:17.000,108.199898,0.000000,0.000000,0.000000,0.322900,-0.375370,-0.292274,0.126606,-0.343708,-0.289465,0.224753,-0.359539,-0.290869,0.197673,-0.390659,-0.267222,0.216931,-0.409295,-0.212912,0.247623,-0.397666,-0.264928
2026-07-20 14:33:17.100,108.299898,0.000000,0.000000,0.000000,0.323024,-0.377377,-0.292891,0.126797,-0.344710,-0.289999,0.224910,-0.361044,-0.291445,0.197797,-0.392666,-0.267840,0.217070,-0.411429,-0.212680,0.248370,-0.400831,-0.265706
2026-07-20 14:33:17.200,108.399898,0.000000,0.000000,0.000000,0.310000,-0.398067,-0.282043,0.114889,-0.359718,-0.280389,0.212445,-0.378893,-0.281216,0.183694,-0.407112,-0.256490,0.202983,-0.425951,-0.200869,0.234861,-0.417150,-0.254096
2026-07-20 14:33:17.300,108.499897,0.000000,0.000000,0.000000,0.309945,-0.396038,-0.281488,0.113872,-0.358465,-0.279846,0.211908,-0.377251,-0.280667,0.183447,-0.406060,-0.256018,0.203157,-0.423061,-0.199305,0.234550,-0.416080,-0.253626
2026-07-20 14:33:17.400,108.599897,0.000000,0.000000,0.000000,0.310252,-0.394082,-0.281161,0.114805,-0.356675,-0.279556,0.212529,-0.375378,-0.280358,0.183419,-0.405046,-0.255741,0.202911,-0.423008,-0.199184,0.234777,-0.414106,-0.253262
2026-07-20 14:33:17.500,108.699897,0.000000,0.000000,0.000000,0.309889,-0.394009,-0.280932,0.114777,-0.355660,-0.279278,0.212333,-0.374835,-0.280105,0.183391,-0.404031,-0.255463,0.202677,-0.423055,-0.198211,0.234750,-0.413092,-0.252985
2026-07-20 14:33:17.600,108.799897,0.000000,0.000000,0.000000,0.310503,-0.403212,-0.283661,0.113994,-0.367585,-0.282120,0.212249,-0.385399,-0.282890,0.183670,-0.414176,-0.258240,0.203174,-0.432238,-0.200831,0.235028,-0.423236,-0.255762
2026-07-20 14:33:17.700,108.899897,0.000000,0.000000,0.000000,0.310000,-0.398067,-0.282043,0.114889,-0.359718,-0.280389,0.212445,-0.378893,-0.281216,0.183503,-0.408089,-0.256574,0.203006,-0.426151,-0.199165,0.234861,-0.417150,-0.254096
2026-07-20 14:33:17.800,108.999897,0.000000,0.000000,0.000000,0.322962,-0.376373,-0.292582,0.126667,-0.344712,-0.289773,0.224815,-0.360543,-0.291178,0.196069,-0.391404,-0.266587,0.216221,-0.410614,-0.209782,0.248531,-0.398863,-0.265281
2026-07-20 14:33:17.900,109.099897,0.000000,0.000000,0.000000,0.309917,-0.395024,-0.281210,0.114805,-0.356675,-0.279556,0.212361,-0.375849,-0.280383,0.182597,-0.404924,-0.254845,0.202107,-0.422987,-0.197442,0.235616,-0.414330,-0.253300
2026-07-20 14:33:18.000,109.199897,0.000000,0.000000,0.000000,0.309889,-0.394009,-0.280932,0.114879,-0.354655,-0.279226,0.212384,-0.374332,-0.280079,0.182569,-0.403910,-0.254567,0.202907,-0.422194,-0.197202,0.235589,-0.413316,-0.253022
2026-07-20 14:33:18.100,109.299897,0.000000,0.000000,0.000000,0.323327,-0.376427,-0.292812,0.125861,-0.345516,-0.290037,0.224594,-0.360972,-0.291424,0.195973,-0.393388,-0.267012,0.217133,-0.411936,-0.209286,0.249439,-0.400061,-0.265634
2026-07-20 14:33:18.200,109.399897,0.000000,0.000000,0.000000,0.323327,-0.376427,-0.292812,0.126797,-0.344710,-0.289999,0.225062,-0.360568,-0.291406,0.195973,-0.393388,-0.267012,0.216298,-0.411744,-0.209242,0.249455,-0.400190,-0.264773
2026-07-20 14:33:18.300,109.499897,0.000000,0.000000,0.000000,0.323204,-0.374419,-0.292195,0.126673,-0.342702,-0.289381,0.224938,-0.358561,-0.290788,0.195010,-0.391187,-0.266350,0.216175,-0.409737,-0.208625,0.249107,-0.399146,-0.264274
2026-07-20 14:33:18.400,109.599896,0.000000,0.000000,0.000000,0.309917,-0.395024,-0.281210,0.114805,-0.356675,-0.279556,0.212361,-0.375849,-0.280383,0.181384,-0.406656,-0.254977,0.202119,-0.423087,-0.196590,0.235372,-0.415390,-0.252523
2026-07-20 14:33:18.500,109.699896,0.000000,0.000000,0.000000,0.322776,-0.373362,-0.291656,0.126549,-0.340695,-0.288764,0.224663,-0.357029,-0.290210,0.194729,-0.390160,-0.265848,0.216051,-0.407729,-0.208007,0.250053,-0.396369,-0.263583
2026-07-20 14:33:18.600,109.799896,0.000000,0.000000,0.000000,0.322900,-0.375370,-0.292274,0.126606,-0.343708,-0.289465,0.224753,-0.359539,-0.290869,0.194853,-0.392167,-0.266466,0.216005,-0.410826,-0.207968,0.249952,-0.399340,-0.264318
2026-07-20 14:33:18.700,109.899896,0.000000,0.000000,0.000000,0.323086,-0.378381,-0.293200,0.126859,-0.345714,-0.290307,0.224972,-0.362047,-0.291754,0.195039,-0.395179,-0.267392,0.216191,-0.413837,-0.208894,0.250363,-0.401388,-0.265127
2026-07-20 14:33:18.800,109.999896,0.000000,0.000000,0.000000,0.322894,-0.369401,-0.290651,0.126363,-0.337684,-0.287837,0.224629,-0.353542,-0.289244,0.194543,-0.387149,-0.264922,0.215696,-0.405807,-0.206424,0.249867,-0.393358,-0.262657
2026-07-20 14:33:18.900,110.099896,0.000000,0.000000,0.000000,0.323327,-0.376427,-0.292812,0.126662,-0.346721,-0.290166,0.224995,-0.361574,-0.291489,0.194977,-0.394175,-0.267083,0.216129,-0.412833,-0.208585,0.250301,-0.400384,-0.264818
2026-07-20 14:33:19.000,110.199896,0.000000,0.000000,0.000000,0.310224,-0.393068,-0.280884,0.114777,-0.355660,-0.279278,0.212501,-0.374364,-0.280081,0.180524,-0.405420,-0.254661,0.202102,-0.422173,-0.195460,0.236439,-0.413641,-0.252196
2026-07-20 14:33:19.100,110.299896,0.000000,0.000000,0.000000,0.323272,-0.381392,-0.294126,0.127045,-0.348725,-0.291234,0.225158,-0.365059,-0.292680,0.194541,-0.397017,-0.268158,0.215544,-0.416657,-0.209776,0.250549,-0.404399,-0.266053
2026-07-20 14:33:19.200,110.399896,0.000000,0.000000,0.000000,0.323389,-0.377431,-0.293121,0.126859,-0.345714,-0.290307,0.225124,-0.361572,-0.291714,0.194200,-0.394986,-0.267348,0.215358,-0.413646,-0.208850,0.250363,-0.401388,-0.265127
2026-07-20 14:33:19.300,110.499896,0.000000,0.000000,0.000000,0.323080,-0.372412,-0.291577,0.126549,-0.340695,-0.288764,0.224814,-0.356553,-0.290171,0.194046,-0.388987,-0.265688,0.215048,-0.408627,-0.207306,0.250053,-0.396369,-0.263583
2026-07-20 14:33:19.400,110.599895,0.000000,0.000000,0.000000,0.323148,-0.379385,-0.293509,0.126853,-0.347723,-0.290700,0.225001,-0.363554,-0.292104,0.194418,-0.395010,-0.267541,0.215420,-0.414650,-0.209159,0.250200,-0.403355,-0.265553
2026-07-20 14:33:19.500,110.699895,0.000000,0.000000,0.000000,0.323451,-0.378434,-0.293430,0.126921,-0.346717,-0.290616,0.225186,-0.362576,-0.292023,0.194262,-0.395990,-0.267657,0.215236,-0.415612,-0.209350,0.250200,-0.403355,-0.265553
2026-07-20 14:33:19.600,110.799895,0.000000,0.000000,0.000000,0.323204,-0.374419,-0.292195,0.126673,-0.342702,-0.289381,0.224938,-0.358561,-0.290788,0.194014,-0.391975,-0.266422,0.214521,-0.409481,-0.207688,0.249952,-0.399340,-0.264318
2026-07-20 14:33:19.700,110.899895,0.000000,0.000000,0.000000,0.322721,-0.378328,-0.292970,0.126797,-0.344710,-0.289999,0.224759,-0.361519,-0.291484,0.194138,-0.393982,-0.267039,0.214645,-0.411488,-0.208306,0.250301,-0.400384,-0.264818
2026-07-20 14:33:19.800,110.999895,0.000000,0.000000,0.000000,0.322776,-0.373362,-0.291656,0.126482,-0.341701,-0.288847,0.224629,-0.357531,-0.290252,0.193719,-0.390820,-0.266772,0.214215,-0.408436,-0.207262,0.249828,-0.397332,-0.263701
2026-07-20 14:33:19.900,111.099895,0.000000,0.000000,0.000000,0.309889,-0.394009,-0.280932,0.114676,-0.356665,-0.279329,0.212283,-0.375337,-0.280131,0.180524,-0.405420,-0.254661,0.200232,-0.422693,-0.195547,0.236182,-0.414600,-0.252283
2026-07-20 14:33:20.000,111.199895,0.000000,0.000000,0.000000,0.322411,-0.373309,-0.291426,0.126420,-0.340697,-0.288538,0.224415,-0.357003,-0.289982,0.193828,-0.388964,-0.265496,0.214153,-0.407432,-0.206954,0.249766,-0.396328,-0.263392
2026-07-20 14:33:20.100,111.299895,0.000000,0.000000,0.000000,0.310000,-0.398067,-0.282043,0.114889,-0.359718,-0.280389,0.212445,-0.378893,-0.281216,0.180447,-0.410455,-0.255857,0.200344,-0.426751,-0.196658,0.236293,-0.418657,-0.253394
2026-07-20 14:33:20.200,111.399895,0.000000,0.000000,0.000000,0.309917,-0.395024,-0.281210,0.114805,-0.356675,-0.279556,0.212361,-0.375849,-0.280383,0.180552,-0.406434,-0.254939,0.200260,-0.423707,-0.195824,0.235952,-0.416573,-0.252648
2026-07-20 14:33:20.300,111.499895,0.000000,0.000000,0.000000,0.309582,-0.395965,-0.281259,0.114805,-0.356675,-0.279556,0.212193,-0.376320,-0.280407,0.180552,-0.406434,-0.254939,0.199220,-0.424449,-0.195948,0.236210,-0.415614,-0.252561
2026-07-20 14:33:20.400,111.599895,0.000000,0.000000,0.000000,0.309917,-0.395024,-0.281210,0.114805,-0.356675,-0.279556,0.212361,-0.375849,-0.280383,0.180540,-0.406334,-0.255796,0.199434,-0.423487,-0.195787,0.236210,-0.415614,-0.252561
2026-07-20 14:33:20.500,111.699894,0.000000,0.000000,0.000000,0.309917,-0.395024,-0.281210,0.114805,-0.356675,-0.279556,0.212361,-0.375849,-0.280383,0.180540,-0.406334,-0.255796,0.199434,-0.423487,-0.195787,0.236210,-0.415614,-0.252561
2026-07-20 14:33:20.600,111.799894,0.000000,0.000000,0.000000,0.323142,-0.373416,-0.291886,0.126611,-0.341699,-0.289072,0.224876,-0.357557,-0.290479,0.193937,-0.390844,-0.266966,0.213444,-0.409248,-0.207527,0.249874,-0.398208,-0.264869
2026-07-20 14:33:20.700,111.899894,0.000000,0.000000,0.000000,0.321297,-0.388834,-0.280575,0.124075,-0.356917,-0.278695,0.222686,-0.372875,-0.279635,0.190956,-0.404028,-0.254694,0.210053,-0.420766,-0.194633,0.246806,-0.411901,-0.252147
2026-07-20 14:33:20.800,111.999894,0.000000,0.000000,0.000000,0.320773,-0.385729,-0.279516,0.123865,-0.352863,-0.277587,0.222319,-0.369296,-0.278551,0.190581,-0.400955,-0.253671,0.209843,-0.416712,-0.193525,0.246361,-0.408812,-0.251126
2026-07-20 14:33:20.900,112.099894,0.000000,0.000000,0.000000,0.321034,-0.383766,-0.279190,0.123967,-0.349835,-0.277205,0.222501,-0.366801,-0.278197,0.190694,-0.398960,-0.253309,0.209791,-0.415698,-0.193248,0.246308,-0.407798,-0.250849
2026-07-20 14:33:21.000,112.199894,0.000000,0.000000,0.000000,0.320825,-0.386742,-0.279793,0.123995,-0.352869,-0.277811,0.222410,-0.369806,-0.278802,0.190799,-0.400987,-0.253863,0.209705,-0.418692,-0.193964,0.246413,-0.409825,-0.251403
2026-07-20 14:33:21.100,112.299894,0.000000,0.000000,0.000000,0.321034,-0.383766,-0.279190,0.123878,-0.350738,-0.278145,0.222456,-0.367252,-0.278667,0.190694,-0.398960,-0.253309,0.209600,-0.416665,-0.193410,0.246308,-0.407798,-0.250849
2026-07-20 14:33:21.200,112.399894,0.000000,0.000000,0.000000,0.320720,-0.384715,-0.279239,0.123734,-0.352857,-0.277362,0.222227,-0.368786,-0.278301,0.189857,-0.398758,-0.253274,0.209791,-0.415698,-0.193248,0.246543,-0.406834,-0.250761
2026-07-20 14:33:21.300,112.499894,0.000000,0.000000,0.000000,0.321034,-0.383766,-0.279190,0.123890,-0.350842,-0.277257,0.222462,-0.367304,-0.278224,0.190528,-0.399942,-0.253393,0.209791,-0.415698,-0.193248,0.246308,-0.407798,-0.250849
2026-07-20 14:33:21.400,112.599894,0.000000,0.000000,0.000000,0.320930,-0.388769,-0.280347,0.124034,-0.356008,-0.277532,0.222482,-0.372388,-0.278939,0.190067,-0.402812,-0.254382,0.210001,-0.419752,-0.194356,0.247125,-0.413020,-0.252079
2026-07-20 14:33:21.500,112.699893,0.000000,0.000000,0.000000,0.320878,-0.387756,-0.280070,0.123970,-0.354890,-0.278141,0.222424,-0.371323,-0.279105,0.190015,-0.401798,-0.254105,0.209960,-0.418839,-0.193228,0.246466,-0.410839,-0.251680
2026-07-20 14:33:21.600,112.799893,0.000000,0.000000,0.000000,0.320825,-0.386742,-0.279793,0.123839,-0.354884,-0.277916,0.222332,-0.370813,-0.278855,0.190799,-0.400987,-0.253863,0.209907,-0.417826,-0.192951,0.247255,-0.410029,-0.251438
2026-07-20 14:33:21.700,112.899893,0.000000,0.000000,0.000000,0.321139,-0.385793,-0.279744,0.123995,-0.352869,-0.277811,0.222567,-0.369331,-0.278778,0.189962,-0.400785,-0.253828,0.209907,-0.417826,-0.192951,0.246413,-0.409825,-0.251403
2026-07-20 14:33:21.800,112.999893,0.000000,0.000000,0.000000,0.321350,-0.389847,-0.280852,0.124205,-0.356923,-0.278919,0.222777,-0.373385,-0.279886,0.190172,-0.404839,-0.254936,0.209286,-0.421678,-0.194024,0.246623,-0.413879,-0.252511
2026-07-20 14:33:21.900,113.099893,0.000000,0.000000,0.000000,0.320720,-0.384715,-0.279239,0.123812,-0.351849,-0.277310,0.222266,-0.368282,-0.278274,0.189857,-0.398758,-0.253274,0.208971,-0.415597,-0.192362,0.247386,-0.407038,-0.250797
2026-07-20 14:33:22.000,113.199893,0.000000,0.000000,0.000000,0.320615,-0.382688,-0.278685,0.123785,-0.348815,-0.276703,0.222200,-0.365752,-0.277694,0.189752,-0.396731,-0.252720,0.209055,-0.412604,-0.191645,0.247281,-0.405011,-0.250243
2026-07-20 14:33:22.100,113.299893,0.000000,0.000000,0.000000,0.320930,-0.388769,-0.280347,0.124111,-0.355001,-0.277478,0.222521,-0.371885,-0.278913,0.190067,-0.402812,-0.254382,0.209181,-0.419651,-0.193470,0.246518,-0.411852,-0.251957
2026-07-20 14:33:22.200,113.399893,0.000000,0.000000,0.000000,0.321192,-0.386807,-0.280021,0.123970,-0.354890,-0.278141,0.222581,-0.370848,-0.279081,0.190015,-0.401798,-0.254105,0.209128,-0.418638,-0.193193,0.246701,-0.409875,-0.251593
2026-07-20 14:33:22.300,113.499893,0.000000,0.000000,0.000000,0.321350,-0.389847,-0.280852,0.124050,-0.358937,-0.279024,0.222700,-0.374392,-0.279938,0.190172,-0.404839,-0.254936,0.209476,-0.420712,-0.193861,0.246858,-0.412915,-0.252423
2026-07-20 14:33:22.400,113.599893,0.000000,0.000000,0.000000,0.320878,-0.387756,-0.280070,0.124047,-0.353883,-0.278088,0.222463,-0.370819,-0.279079,0.190015,-0.401798,-0.254105,0.209128,-0.418638,-0.193193,0.246701,-0.409875,-0.251593
2026-07-20 14:33:22.500,113.699893,0.000000,0.000000,0.000000,0.321192,-0.386807,-0.280021,0.124047,-0.353883,-0.278088,0.222620,-0.370345,-0.279055,0.190015,-0.401798,-0.254105,0.209128,-0.418638,-0.193193,0.246231,-0.411803,-0.251767
2026-07-20 14:33:22.600,113.799892,0.000000,0.000000,0.000000,0.320878,-0.387756,-0.280070,0.124047,-0.353883,-0.278088,0.222463,-0.370819,-0.279079,0.190686,-0.402982,-0.254225,0.209128,-0.418638,-0.193193,0.246466,-0.410839,-0.251680
2026-07-20 14:33:22.700,113.899892,0.000000,0.000000,0.000000,0.320983,-0.389783,-0.280624,0.124230,-0.354903,-0.278590,0.222606,-0.372343,-0.279607,0.190120,-0.403825,-0.254659,0.209423,-0.419698,-0.193584,0.246571,-0.412866,-0.252234
2026-07-20 14:33:22.800,113.999892,0.000000,0.000000,0.000000,0.320930,-0.388769,-0.280347,0.124100,-0.354896,-0.278365,0.222515,-0.371833,-0.279356,0.190738,-0.403996,-0.254502,0.209371,-0.418685,-0.193307,0.246518,-0.411852,-0.251957
2026-07-20 14:33:22.900,114.099892,0.000000,0.000000,0.000000,0.321087,-0.384780,-0.279467,0.124809,-0.352066,-0.277570,0.222948,-0.368423,-0.278519,0.189909,-0.399771,-0.253551,0.208833,-0.417578,-0.192802,0.246361,-0.408812,-0.251126
2026-07-20 14:33:23.000,114.199892,0.000000,0.000000,0.000000,0.320720,-0.384715,-0.279239,0.123890,-0.350842,-0.277257,0.222305,-0.367779,-0.278248,0.190021,-0.397776,-0.253189,0.209161,-0.414631,-0.192199,0.246191,-0.408280,-0.250892
2026-07-20 14:33:23.100,114.299892,0.000000,0.000000,0.000000,0.321350,-0.389847,-0.280852,0.124127,-0.357930,-0.278972,0.222738,-0.373889,-0.279912,0.190172,-0.404839,-0.254936,0.209286,-0.421678,-0.194024,0.246389,-0.414844,-0.252598
2026-07-20 14:33:23.200,114.399892,0.000000,0.000000,0.000000,0.321035,-0.390796,-0.280901,0.124271,-0.355812,-0.279755,0.222653,-0.373304,-0.280328,0.190090,-0.405330,-0.254978,0.209286,-0.421678,-0.194024,0.246623,-0.413879,-0.252511
2026-07-20 14:33:23.300,114.499892,0.000000,0.000000,0.000000,0.320983,-0.389783,-0.280624,0.124141,-0.355806,-0.279530,0.222562,-0.372794,-0.280077,0.190120,-0.403825,-0.254659,0.209233,-0.420665,-0.193747,0.246571,-0.412866,-0.252234
2026-07-20 14:33:23.400,114.599892,0.000000,0.000000,0.000000,0.320983,-0.389783,-0.280624,0.124063,-0.356813,-0.279581,0.222523,-0.373298,-0.280102,0.189955,-0.404807,-0.254744,0.209233,-0.420665,-0.193747,0.246571,-0.412866,-0.252234
2026-07-20 14:33:23.500,114.699892,0.000000,0.000000,0.000000,0.320878,-0.387756,-0.280070,0.124047,-0.353883,-0.278088,0.222463,-0.370819,-0.279079,0.190015,-0.401798,-0.254105,0.209128,-0.418638,-0.193193,0.247072,-0.412007,-0.251802
2026-07-20 14:33:23.600,114.799891,0.000000,0.000000,0.000000,0.321297,-0.388834,-0.280575,0.124075,-0.356917,-0.278695,0.222686,-0.372875,-0.279635,0.190037,-0.404316,-0.254701,0.209222,-0.420565,-0.194598,0.247413,-0.413070,-0.252269
2026-07-20 14:33:23.700,114.899891,0.000000,0.000000,0.000000,0.320878,-0.387756,-0.280070,0.124047,-0.353883,-0.278088,0.222463,-0.370819,-0.279079,0.189850,-0.402780,-0.254190,0.208927,-0.419505,-0.194206,0.247308,-0.411043,-0.251715
2026-07-20 14:33:23.800,114.999891,0.000000,0.000000,0.000000,0.321192,-0.386807,-0.280021,0.123958,-0.354786,-0.279027,0.222575,-0.370796,-0.279524,0.189850,-0.402780,-0.254190,0.209757,-0.419706,-0.194241,0.247308,-0.411043,-0.251715
2026-07-20 14:33:23.900,115.099891,0.000000,0.000000,0.000000,0.320878,-0.387756,-0.280070,0.123958,-0.354786,-0.279027,0.222418,-0.371271,-0.279548,0.189850,-0.402780,-0.254190,0.209566,-0.420672,-0.194403,0.246836,-0.412971,-0.251889
2026-07-20 14:33:24.000,115.199891,0.000000,0.000000,0.000000,0.321402,-0.390861,-0.281129,0.124257,-0.357937,-0.279196,0.222830,-0.374399,-0.280163,0.190060,-0.406834,-0.255298,0.209968,-0.423760,-0.195349,0.247282,-0.416061,-0.252910
2026-07-20 14:33:24.100,115.299891,0.000000,0.000000,0.000000,0.320878,-0.387756,-0.280070,0.124125,-0.352876,-0.278036,0.222501,-0.370316,-0.279053,0.189850,-0.402780,-0.254190,0.209746,-0.419606,-0.195091,0.247072,-0.412007,-0.251802
2026-07-20 14:33:24.200,115.399891,0.000000,0.000000,0.000000,0.320878,-0.387756,-0.280070,0.124047,-0.353883,-0.278088,0.222463,-0.370819,-0.279079,0.189850,-0.402780,-0.254190,0.209746,-0.419606,-0.195091,0.247072,-0.412007,-0.251802
2026-07-20 14:33:24.300,115.499891,0.000000,0.000000,0.000000,0.321192,-0.386807,-0.280021,0.123803,-0.356800,-0.279129,0.222497,-0.371803,-0.279575,0.189850,-0.402780,-0.254190,0.208737,-0.420472,-0.194369,0.246836,-0.412971,-0.251889
2026-07-20 14:33:24.400,115.599891,0.000000,0.000000,0.000000,0.321140,-0.392823,-0.281455,0.124221,-0.359853,-0.280412,0.222681,-0.376338,-0.280933,0.189277,-0.407646,-0.255540,0.209000,-0.425539,-0.195754,0.247099,-0.418038,-0.253274
2026-07-20 14:33:24.500,115.699891,0.000000,0.000000,0.000000,0.321035,-0.390796,-0.280901,0.124205,-0.356923,-0.278919,0.222620,-0.373860,-0.279910,0.190008,-0.405821,-0.255021,0.209724,-0.423713,-0.195234,0.247230,-0.415047,-0.252633
2026-07-20 14:33:24.600,115.799891,0.000000,0.000000,0.000000,0.320930,-0.388769,-0.280347,0.124088,-0.354792,-0.279253,0.222509,-0.371781,-0.279800,0.189067,-0.403592,-0.254432,0.208790,-0.421485,-0.194646,0.246889,-0.413984,-0.252166
2026-07-20 14:33:24.700,115.899890,0.000000,0.000000,0.000000,0.321139,-0.385793,-0.279744,0.123905,-0.353772,-0.278750,0.222522,-0.369783,-0.279247,0.188962,-0.401565,-0.253878,0.208685,-0.419458,-0.194092,0.247020,-0.410993,-0.251525
2026-07-20 14:33:24.800,115.999890,0.000000,0.000000,0.000000,0.321139,-0.385793,-0.279744,0.123995,-0.352869,-0.277811,0.222567,-0.369331,-0.278778,0.189798,-0.401767,-0.253913,0.208875,-0.418491,-0.193929,0.247020,-0.410993,-0.251525
2026-07-20 14:33:24.900,116.099890,0.000000,0.000000,0.000000,0.321139,-0.385793,-0.279744,0.123917,-0.353876,-0.277864,0.222528,-0.369835,-0.278804,0.189798,-0.401767,-0.253913,0.208886,-0.418591,-0.193079,0.247020,-0.410993,-0.251525
2026-07-20 14:33:25.000,116.199890,0.000000,0.000000,0.000000,0.321139,-0.385793,-0.279744,0.123995,-0.352869,-0.277811,0.222567,-0.369331,-0.278778,0.188962,-0.401565,-0.253878,0.208886,-0.418591,-0.193079,0.247020,-0.410993,-0.251525
2026-07-20 14:33:25.100,116.299890,0.000000,0.000000,0.000000,0.320773,-0.385729,-0.279516,0.123942,-0.351856,-0.277534,0.222357,-0.368792,-0.278525,0.188909,-0.400551,-0.253601,0.208844,-0.417678,-0.191952,0.246967,-0.409980,-0.251248
2026-07-20 14:33:25.200,116.399890,0.000000,0.000000,0.000000,0.321244,-0.387820,-0.280298,0.124088,-0.354792,-0.279253,0.222666,-0.371306,-0.279775,0.189067,-0.403592,-0.254432,0.209192,-0.419751,-0.192619,0.247007,-0.413502,-0.252123
2026-07-20 14:33:25.300,116.499890,0.000000,0.000000,0.000000,0.320720,-0.384715,-0.279239,0.123967,-0.349835,-0.277205,0.222344,-0.367275,-0.278222,0.189693,-0.399740,-0.253359,0.208982,-0.415697,-0.191511,0.246914,-0.408966,-0.250971
2026-07-20 14:33:25.400,116.599890,0.000000,0.000000,0.000000,0.320668,-0.383702,-0.278962,0.123759,-0.350836,-0.277033,0.222214,-0.367269,-0.277997,0.189640,-0.398726,-0.253082,0.208940,-0.414784,-0.190383,0.247098,-0.406989,-0.250607
2026-07-20 14:33:25.500,116.699890,0.000000,0.000000,0.000000,0.321350,-0.389847,-0.280852,0.124127,-0.357930,-0.278972,0.222738,-0.373889,-0.279912,0.190008,-0.405821,-0.255021,0.209308,-0.421879,-0.192322,0.247230,-0.415047,-0.252633
2026-07-20 14:33:25.600,116.799890,0.000000,0.000000,0.000000,0.320930,-0.388769,-0.280347,0.124100,-0.354896,-0.278365,0.222515,-0.371833,-0.279356,0.189903,-0.403794,-0.254467,0.208383,-0.419750,-0.190882,0.247125,-0.413020,-0.252079
2026-07-20 14:33:25.700,116.899889,0.000000,0.000000,0.000000,0.321087,-0.384780,-0.279467,0.124020,-0.350849,-0.277482,0.222553,-0.367814,-0.278474,0.189745,-0.400753,-0.253636,0.208225,-0.416710,-0.190051,0.247203,-0.409016,-0.251161
2026-07-20 14:33:25.800,116.999889,0.000000,0.000000,0.000000,0.320929,-0.381739,-0.278636,0.123785,-0.348815,-0.276703,0.222357,-0.365277,-0.277670,0.189588,-0.397713,-0.252805,0.208079,-0.413770,-0.188369,0.246809,-0.406939,-0.250417
2026-07-20 14:33:25.900,117.099889,0.000000,0.000000,0.000000,0.321087,-0.384780,-0.279467,0.123865,-0.352863,-0.277587,0.222476,-0.368821,-0.278527,0.189745,-0.400753,-0.253636,0.208236,-0.416810,-0.189200,0.247203,-0.409016,-0.251161
2026-07-20 14:33:26.000,117.199889,0.000000,0.000000,0.000000,0.321192,-0.386807,-0.280021,0.123970,-0.354890,-0.278141,0.222581,-0.370848,-0.279081,0.190015,-0.401798,-0.254105,0.208341,-0.418837,-0.189754,0.247072,-0.412007,-0.251802
2026-07-20 14:33:26.100,117.299889,0.000000,0.000000,0.000000,0.320878,-0.387756,-0.280070,0.123970,-0.354890,-0.278141,0.222424,-0.371323,-0.279105,0.189850,-0.402780,-0.254190,0.208153,-0.419804,-0.189922,0.247072,-0.412007,-0.251802
2026-07-20 14:33:26.200,117.399889,0.000000,0.000000,0.000000,0.320878,-0.387756,-0.280070,0.123970,-0.354890,-0.278141,0.222424,-0.371323,-0.279105,0.189850,-0.402780,-0.254190,0.207521,-0.418736,-0.188869,0.247319,-0.411144,-0.250853
2026-07-20 14:33:26.300,117.499889,0.000000,0.000000,0.000000,0.321035,-0.390796,-0.280901,0.124205,-0.356923,-0.278919,0.222620,-0.373860,-0.279910,0.190008,-0.405821,-0.255021,0.207679,-0.421776,-0.189700,0.247465,-0.414083,-0.252546
2026-07-20 14:33:26.400,117.599889,0.000000,0.000000,0.000000,0.320563,-0.381675,-0.278408,0.123565,-0.349712,-0.277416,0.222064,-0.365693,-0.277912,0.189699,-0.395717,-0.252443,0.207018,-0.413622,-0.187375,0.247004,-0.405063,-0.249191
2026-07-20 14:33:26.500,117.699889,0.000000,0.000000,0.000000,0.321035,-0.390796,-0.280901,0.124205,-0.356923,-0.278919,0.222620,-0.373860,-0.279910,0.190008,-0.405821,-0.255021,0.206847,-0.421575,-0.189665,0.247241,-0.415148,-0.251772
2026-07-20 14:33:26.600,117.799889,0.000000,0.000000,0.000000,0.321402,-0.390861,-0.281129,0.124180,-0.358944,-0.279249,0.222791,-0.374902,-0.280189,0.190060,-0.406834,-0.255298,0.206900,-0.422589,-0.189942,0.247293,-0.416162,-0.252049
2026-07-20 14:33:26.700,117.899889,0.000000,0.000000,0.000000,0.320720,-0.384715,-0.279239,0.124033,-0.348724,-0.278042,0.222377,-0.366719,-0.278640,0.189031,-0.398656,-0.252383,0.206345,-0.416461,-0.188172,0.246926,-0.409067,-0.250110
2026-07-20 14:33:26.800,117.999888,0.000000,0.000000,0.000000,0.321088,-0.391810,-0.281178,0.124257,-0.357937,-0.279196,0.222673,-0.374873,-0.280187,0.189225,-0.406632,-0.255263,0.206069,-0.422388,-0.189907,0.247529,-0.415198,-0.251961
2026-07-20 14:33:26.900,118.099888,0.000000,0.000000,0.000000,0.320878,-0.387756,-0.280070,0.124047,-0.353883,-0.278088,0.222463,-0.370819,-0.279079,0.189189,-0.401697,-0.253214,0.205858,-0.418334,-0.188799,0.247083,-0.412108,-0.250941
2026-07-20 14:33:27.000,118.199888,0.000000,0.000000,0.000000,0.321035,-0.390796,-0.280901,0.124127,-0.357930,-0.278972,0.222581,-0.374363,-0.279936,0.189183,-0.405719,-0.254131,0.205196,-0.421273,-0.188745,0.247477,-0.414184,-0.251684
2026-07-20 14:33:27.100,118.299888,0.000000,0.000000,0.000000,0.320983,-0.389783,-0.280624,0.124152,-0.355910,-0.278642,0.222568,-0.372846,-0.279633,0.189131,-0.404706,-0.253854,0.204948,-0.421127,-0.189488,0.247188,-0.414135,-0.251495
2026-07-20 14:33:27.200,118.399888,0.000000,0.000000,0.000000,0.321035,-0.390796,-0.280901,0.124050,-0.358937,-0.279024,0.222542,-0.374867,-0.279963,0.189172,-0.405619,-0.254986,0.204365,-0.421072,-0.188710,0.247477,-0.414184,-0.251684
2026-07-20 14:33:27.300,118.499888,0.000000,0.000000,0.000000,0.321244,-0.387820,-0.280298,0.124189,-0.353994,-0.277425,0.222717,-0.370907,-0.278861,0.189067,-0.403592,-0.254432,0.204076,-0.420013,-0.188326,0.247372,-0.412157,-0.251130
2026-07-20 14:33:27.400,118.599888,0.000000,0.000000,0.000000,0.321087,-0.384780,-0.279467,0.123931,-0.351752,-0.278422,0.222509,-0.368266,-0.278944,0.188921,-0.400652,-0.252746,0.204102,-0.416005,-0.187325,0.247450,-0.408153,-0.250210
2026-07-20 14:33:27.500,118.699888,0.000000,0.000000,0.000000,0.321035,-0.390796,-0.280901,0.124205,-0.356923,-0.278919,0.222620,-0.373860,-0.279910,0.189183,-0.405719,-0.254131,0.204181,-0.422040,-0.188880,0.247477,-0.414184,-0.251684
2026-07-20 14:33:27.600,118.799888,0.000000,0.000000,0.000000,0.320879,-0.394786,-0.281781,0.124362,-0.359964,-0.279750,0.222621,-0.377375,-0.280766,0.189341,-0.408760,-0.254962,0.203508,-0.424879,-0.189677,0.247634,-0.417225,-0.252515
2026-07-20 14:33:27.700,118.899888,0.000000,0.000000,0.000000,0.321035,-0.390796,-0.280901,0.124127,-0.357930,-0.278972,0.222581,-0.374363,-0.279936,0.189183,-0.405719,-0.254131,0.203351,-0.421839,-0.188846,0.247359,-0.414666,-0.251728
2026-07-20 14:33:27.800,118.999887,0.000000,0.000000,0.000000,0.320564,-0.388705,-0.280119,0.123970,-0.354890,-0.278141,0.222267,-0.371797,-0.279130,0.189189,-0.401697,-0.253214,0.203193,-0.418798,-0.188015,0.247319,-0.411144,-0.250853
2026-07-20 14:33:27.900,119.099887,0.000000,0.000000,0.000000,0.321140,-0.392823,-0.281455,0.124221,-0.359853,-0.280412,0.222681,-0.376338,-0.280933,0.189288,-0.407746,-0.254685,0.203638,-0.422898,-0.189230,0.247582,-0.416211,-0.252238
2026-07-20 14:33:28.000,119.199887,0.000000,0.000000,0.000000,0.321035,-0.390796,-0.280901,0.124283,-0.355916,-0.278867,0.222659,-0.373356,-0.279884,0.189183,-0.405719,-0.254131,0.203522,-0.420771,-0.189527,0.247713,-0.413220,-0.251595
2026-07-20 14:33:28.100,119.299887,0.000000,0.000000,0.000000,0.320826,-0.393772,-0.281504,0.125255,-0.358153,-0.279457,0.223041,-0.375963,-0.280481,0.189288,-0.407746,-0.254685,0.203627,-0.422798,-0.190081,0.247582,-0.416211,-0.252238
2026-07-20 14:33:28.200,119.399887,0.000000,0.000000,0.000000,0.321035,-0.390796,-0.280901,0.124205,-0.356923,-0.278919,0.222620,-0.373860,-0.279910,0.189183,-0.405719,-0.254131,0.204342,-0.420872,-0.190412,0.247477,-0.414184,-0.251684
2026-07-20 14:33:28.300,119.499887,0.000000,0.000000,0.000000,0.320983,-0.389783,-0.280624,0.124218,-0.354798,-0.279478,0.222601,-0.372291,-0.280051,0.189131,-0.404706,-0.253854,0.204290,-0.419858,-0.190136,0.246113,-0.414896,-0.251549
2026-07-20 14:33:28.400,119.599887,0.000000,0.000000,0.000000,0.320878,-0.387756,-0.280070,0.124047,-0.353883,-0.278088,0.222463,-0.370819,-0.279079,0.189026,-0.402679,-0.253300,0.205005,-0.417933,-0.190467,0.247083,-0.412108,-0.250941
2026-07-20 14:33:28.500,119.699887,0.000000,0.000000,0.000000,0.321034,-0.383766,-0.279190,0.123890,-0.350842,-0.277257,0.222462,-0.367304,-0.278224,0.188868,-0.399638,-0.252469,0.204836,-0.414792,-0.190487,0.246085,-0.408864,-0.250075
2026-07-20 14:33:28.600,119.799887,0.000000,0.000000,0.000000,0.321559,-0.386871,-0.280249,0.124022,-0.355903,-0.278418,0.222790,-0.371387,-0.279333,0.189067,-0.403592,-0.254432,0.205878,-0.419047,-0.191630,0.246889,-0.413984,-0.252166
2026-07-20 14:33:28.700,119.899887,0.000000,0.000000,0.000000,0.321244,-0.387820,-0.280298,0.123944,-0.356910,-0.278470,0.222594,-0.372365,-0.279384,0.189067,-0.403592,-0.254432,0.206511,-0.420115,-0.192680,0.246889,-0.413984,-0.252166
2026-07-20 14:33:28.800,119.999887,0.000000,0.000000,0.000000,0.320929,-0.381739,-0.278636,0.123695,-0.349718,-0.277642,0.222312,-0.365729,-0.278139,0.188752,-0.397511,-0.252770,0.206185,-0.413935,-0.191868,0.246574,-0.407903,-0.250504
2026-07-20 14:33:28.900,120.099886,0.000000,0.000000,0.000000,0.321140,-0.392823,-0.281455,0.124232,-0.359957,-0.279526,0.222686,-0.376390,-0.280490,0.189277,-0.407646,-0.255540,0.206710,-0.424070,-0.194638,0.246259,-0.417835,-0.253239
2026-07-20 14:33:29.000,120.199886,0.000000,0.000000,0.000000,0.320459,-0.386678,-0.279565,0.123787,-0.353870,-0.277639,0.222123,-0.370274,-0.278602,0.188746,-0.401533,-0.253686,0.207161,-0.417076,-0.193583,0.246731,-0.410944,-0.251335
2026-07-20 14:33:29.100,120.299886,0.000000,0.000000,0.000000,0.321139,-0.385793,-0.279744,0.123995,-0.352869,-0.277811,0.222567,-0.369331,-0.278778,0.188962,-0.401565,-0.253878,0.207214,-0.418089,-0.193860,0.245709,-0.412718,-0.251665
2026-07-20 14:33:29.200,120.399886,0.000000,0.000000,0.000000,0.320930,-0.388769,-0.280347,0.124011,-0.355799,-0.279304,0.222470,-0.372284,-0.279825,0.188904,-0.404574,-0.254517,0.207507,-0.419149,-0.194252,0.245814,-0.414745,-0.252219
2026-07-20 14:33:29.300,120.499886,0.000000,0.000000,0.000000,0.320825,-0.386742,-0.279793,0.123917,-0.353876,-0.277864,0.222371,-0.370309,-0.278828,0.188962,-0.401565,-0.253878,0.208044,-0.418290,-0.193895,0.245709,-0.412718,-0.251665
2026-07-20 14:33:29.400,120.599886,0.000000,0.000000,0.000000,0.320878,-0.387756,-0.280070,0.123970,-0.354890,-0.278141,0.222424,-0.371323,-0.279105,0.189015,-0.402578,-0.254155,0.208086,-0.419204,-0.195022,0.245996,-0.412767,-0.251854
2026-07-20 14:33:29.500,120.699886,0.000000,0.000000,0.000000,0.320825,-0.386742,-0.279793,0.123917,-0.353876,-0.277864,0.222371,-0.370309,-0.278828,0.188962,-0.401565,-0.253878,0.208033,-0.418190,-0.194745,0.245709,-0.412718,-0.251665
2026-07-20 14:33:29.600,120.799886,0.000000,0.000000,0.000000,0.321402,-0.390861,-0.281129,0.124168,-0.358840,-0.280135,0.222785,-0.374850,-0.280632,0.189225,-0.406632,-0.255263,0.208296,-0.423258,-0.196130,0.246207,-0.416821,-0.252962
2026-07-20 14:33:29.700,120.899886,0.000000,0.000000,0.000000,0.321244,-0.387820,-0.280298,0.124011,-0.355799,-0.279304,0.222627,-0.371810,-0.279801,0.189067,-0.403592,-0.254432,0.208969,-0.420418,-0.195333,0.246049,-0.413781,-0.252131
2026-07-20 14:33:29.800,120.999886,0.000000,0.000000,0.000000,0.320878,-0.387756,-0.280070,0.123880,-0.355793,-0.279078,0.222379,-0.371774,-0.279574,0.189850,-0.402780,-0.254190,0.208916,-0.419405,-0.195056,0.245996,-0.412767,-0.251854
2026-07-20 14:33:29.900,121.099885,0.000000,0.000000,0.000000,0.321035,-0.390796,-0.280901,0.124205,-0.356923,-0.278919,0.222620,-0.373860,-0.279910,0.190008,-0.405821,-0.255021,0.209904,-0.422646,-0.195922,0.245919,-0.416772,-0.252773
2026-07-20 14:33:30.000,121.199885,0.000000,0.000000,0.000000,0.320563,-0.381675,-0.278408,0.123732,-0.347802,-0.276426,0.222147,-0.364738,-0.277417,0.189535,-0.396699,-0.252528,0.209431,-0.413525,-0.193429,0.245681,-0.406687,-0.250192
2026-07-20 14:33:30.100,121.299885,0.000000,0.000000,0.000000,0.321035,-0.390796,-0.280901,0.124283,-0.355916,-0.278867,0.222659,-0.373356,-0.279884,0.190008,-0.405821,-0.255021,0.210723,-0.422747,-0.196806,0.246154,-0.415808,-0.252685
2026-07-20 14:33:30.200,121.399885,0.000000,0.000000,0.000000,0.320563,-0.381675,-0.278408,0.123798,-0.346691,-0.277262,0.222180,-0.364183,-0.277835,0.189371,-0.397681,-0.252613,0.211081,-0.413826,-0.194348,0.245446,-0.407651,-0.250280
2026-07-20 14:33:30.300,121.499885,0.000000,0.000000,0.000000,0.320982,-0.382753,-0.278913,0.123759,-0.350836,-0.277033,0.222371,-0.366794,-0.277973,0.189640,-0.398726,-0.253082,0.211379,-0.414887,-0.194742,0.245786,-0.408714,-0.250746
2026-07-20 14:33:30.400,121.599885,0.000000,0.000000,0.000000,0.320878,-0.387756,-0.280070,0.124047,-0.353883,-0.278088,0.222463,-0.370819,-0.279079,0.189850,-0.402780,-0.254190,0.212226,-0.420108,-0.196044,0.245996,-0.412767,-0.251854
2026-07-20 14:33:30.500,121.699885,0.000000,0.000000,0.000000,0.320983,-0.389783,-0.280624,0.124152,-0.355910,-0.278642,0.222568,-0.372846,-0.279633,0.189955,-0.404807,-0.254744,0.212320,-0.422035,-0.197448,0.246101,-0.414794,-0.252408
2026-07-20 14:33:30.600,121.799885,0.000000,0.000000,0.000000,0.320878,-0.387756,-0.280070,0.123970,-0.354890,-0.278141,0.222424,-0.371323,-0.279105,0.189850,-0.402780,-0.254190,0.212850,-0.421175,-0.197088,0.245996,-0.412767,-0.251854
2026-07-20 14:33:30.700,121.899885,0.000000,0.000000,0.000000,0.320878,-0.387756,-0.280070,0.123970,-0.354890,-0.278141,0.222424,-0.371323,-0.279105,0.189850,-0.402780,-0.254190,0.213864,-0.420310,-0.197813,0.245996,-0.412767,-0.251854
2026-07-20 14:33:30.800,121.999885,0.000000,0.000000,0.000000,0.320983,-0.389783,-0.280624,0.124152,-0.355910,-0.278642,0.222568,-0.372846,-0.279633,0.190120,-0.403825,-0.254659,0.213773,-0.423303,-0.198525,0.245867,-0.415759,-0.252496
2026-07-20 14:33:30.900,122.099885,0.000000,0.000000,0.000000,0.320983,-0.389783,-0.280624,0.124075,-0.356917,-0.278695,0.222529,-0.373350,-0.279659,0.190791,-0.405009,-0.254779,0.214789,-0.422438,-0.199252,0.246336,-0.413830,-0.252321
2026-07-20 14:33:31.000,122.199884,0.000000,0.000000,0.000000,0.320615,-0.382688,-0.278685,0.123695,-0.349718,-0.277642,0.222155,-0.366203,-0.278163,0.190423,-0.397915,-0.252839,0.214421,-0.415344,-0.197313,0.244894,-0.407497,-0.250435
2026-07-20 14:33:31.100,122.299884,0.000000,0.000000,0.000000,0.321192,-0.386807,-0.280021,0.124036,-0.353779,-0.278976,0.222614,-0.370293,-0.279498,0.190686,-0.402982,-0.254225,0.215712,-0.419647,-0.198576,0.245157,-0.412564,-0.251820
2026-07-20 14:33:31.200,122.399884,0.000000,0.000000,0.000000,0.320459,-0.386678,-0.279565,0.123942,-0.351856,-0.277534,0.222200,-0.369267,-0.278550,0.190581,-0.400955,-0.253671,0.215596,-0.417520,-0.198873,0.245891,-0.410740,-0.251300
2026-07-20 14:33:31.300,122.499884,0.000000,0.000000,0.000000,0.321139,-0.385793,-0.279744,0.123905,-0.353772,-0.278750,0.222522,-0.369783,-0.279247,0.190799,-0.400987,-0.253863,0.216480,-0.418734,-0.199185,0.245104,-0.411551,-0.251543
2026-07-20 14:33:31.400,122.599884,0.000000,0.000000,0.000000,0.320825,-0.386742,-0.279793,0.123983,-0.352765,-0.278699,0.222404,-0.369754,-0.279246,0.191635,-0.401190,-0.253898,0.216480,-0.418734,-0.199185,0.245104,-0.411551,-0.251543
2026-07-20 14:33:31.500,122.699884,0.000000,0.000000,0.000000,0.320878,-0.387756,-0.280070,0.123970,-0.354890,-0.278141,0.222424,-0.371323,-0.279105,0.191688,-0.402203,-0.254175,0.217353,-0.419849,-0.200347,0.245157,-0.412564,-0.251820
2026-07-20 14:33:31.600,122.799884,0.000000,0.000000,0.000000,0.320983,-0.389783,-0.280624,0.124063,-0.356813,-0.279581,0.222523,-0.373298,-0.280102,0.191793,-0.404230,-0.254729,0.217558,-0.421393,-0.200824,0.245495,-0.413627,-0.252286
2026-07-20 14:33:31.700,122.899884,0.000000,0.000000,0.000000,0.321507,-0.392888,-0.281683,0.124351,-0.359860,-0.280638,0.222929,-0.376374,-0.281160,0.192003,-0.408284,-0.255837,0.218488,-0.426031,-0.202895,0.245705,-0.417681,-0.253394
2026-07-20 14:33:31.800,122.999884,0.000000,0.000000,0.000000,0.321140,-0.392823,-0.281455,0.124143,-0.360860,-0.280463,0.222642,-0.376842,-0.280959,0.192787,-0.407473,-0.255594,0.218436,-0.425017,-0.202618,0.245419,-0.417632,-0.253205
2026-07-20 14:33:31.900,123.099884,0.000000,0.000000,0.000000,0.320825,-0.386742,-0.279793,0.123983,-0.352765,-0.278699,0.222404,-0.369754,-0.279246,0.192472,-0.401392,-0.253932,0.218941,-0.419037,-0.201842,0.245338,-0.410586,-0.251455
2026-07-20 14:33:32.000,123.199883,0.000000,0.000000,0.000000,0.320878,-0.387756,-0.280070,0.123958,-0.354786,-0.279027,0.222418,-0.371271,-0.279548,0.192525,-0.402406,-0.254209,0.219196,-0.419086,-0.201967,0.245624,-0.410635,-0.251645
2026-07-20 14:33:32.100,123.299883,0.000000,0.000000,0.000000,0.320930,-0.388769,-0.280347,0.124011,-0.355799,-0.279304,0.222470,-0.372284,-0.279825,0.192577,-0.403419,-0.254486,0.220069,-0.420201,-0.203130,0.245443,-0.412613,-0.252009
2026-07-20 14:33:32.200,123.399883,0.000000,0.000000,0.000000,0.321088,-0.391810,-0.281178,0.124246,-0.357833,-0.280084,0.222667,-0.374821,-0.280631,0.192735,-0.406459,-0.255317,0.220216,-0.423141,-0.204814,0.245823,-0.414588,-0.253615
2026-07-20 14:33:32.300,123.499883,0.000000,0.000000,0.000000,0.320878,-0.387756,-0.280070,0.124113,-0.352771,-0.278924,0.222496,-0.370264,-0.279497,0.192692,-0.401424,-0.254125,0.220838,-0.419288,-0.203740,0.245613,-0.410534,-0.252507
2026-07-20 14:33:32.400,123.599883,0.000000,0.000000,0.000000,0.320720,-0.384715,-0.279239,0.123812,-0.351849,-0.277310,0.222266,-0.368282,-0.278274,0.192535,-0.398384,-0.253294,0.220681,-0.416248,-0.202909,0.245689,-0.406529,-0.251590
2026-07-20 14:33:32.500,123.699883,0.000000,0.000000,0.000000,0.321035,-0.390796,-0.280901,0.124193,-0.356819,-0.279807,0.222614,-0.373808,-0.280354,0.193519,-0.405648,-0.255075,0.220985,-0.422229,-0.205423,0.245770,-0.413574,-0.253338
2026-07-20 14:33:32.600,123.799883,0.000000,0.000000,0.000000,0.320983,-0.389783,-0.280624,0.124075,-0.356917,-0.278695,0.222529,-0.373350,-0.279659,0.193624,-0.403553,-0.255571,0.221137,-0.420250,-0.204998,0.245718,-0.412561,-0.253061
2026-07-20 14:33:32.700,123.899883,0.000000,0.000000,0.000000,0.320983,-0.389783,-0.280624,0.124141,-0.355806,-0.279530,0.222562,-0.372794,-0.280077,0.193624,-0.403553,-0.255571,0.220921,-0.421115,-0.205999,0.245718,-0.412561,-0.253061
2026-07-20 14:33:32.800,123.999883,0.000000,0.000000,0.000000,0.320720,-0.384715,-0.279239,0.123800,-0.351745,-0.278196,0.222260,-0.368230,-0.278717,0.193361,-0.398486,-0.254186,0.220658,-0.416047,-0.204614,0.245455,-0.407493,-0.251676
2026-07-20 14:33:32.900,124.099883,0.000000,0.000000,0.000000,0.321035,-0.390796,-0.280901,0.124116,-0.357826,-0.279858,0.222575,-0.374311,-0.280379,0.193688,-0.404667,-0.254990,0.221178,-0.421163,-0.206128,0.244928,-0.413371,-0.253303
2026-07-20 14:33:33.000,124.199883,0.000000,0.000000,0.000000,0.321192,-0.386807,-0.280021,0.123970,-0.354890,-0.278141,0.222581,-0.370848,-0.279081,0.193519,-0.401526,-0.255017,0.220816,-0.419088,-0.205445,0.244771,-0.410330,-0.252472
2026-07-20 14:33:33.100,124.299882,0.000000,0.000000,0.000000,0.320878,-0.387756,-0.280070,0.124113,-0.352771,-0.278924,0.222496,-0.370264,-0.279497,0.193530,-0.401627,-0.254159,0.220816,-0.419088,-0.205445,0.245003,-0.409365,-0.252386
2026-07-20 14:33:33.200,124.399882,0.000000,0.000000,0.000000,0.320720,-0.384715,-0.279239,0.123878,-0.350738,-0.278145,0.222299,-0.367727,-0.278692,0.193361,-0.398486,-0.254186,0.220852,-0.414982,-0.205319,0.244729,-0.406807,-0.251598
2026-07-20 14:33:33.300,124.499882,0.000000,0.000000,0.000000,0.321139,-0.385793,-0.279744,0.123983,-0.352765,-0.278699,0.222561,-0.369279,-0.279221,0.193466,-0.400513,-0.254740,0.220957,-0.417009,-0.205873,0.244718,-0.409317,-0.252195
2026-07-20 14:33:33.400,124.599882,0.000000,0.000000,0.000000,0.321193,-0.393837,-0.281732,0.124273,-0.360867,-0.280689,0.222733,-0.377352,-0.281210,0.193834,-0.407607,-0.256679,0.221324,-0.424104,-0.207812,0.245086,-0.416411,-0.254134
2026-07-20 14:33:33.500,124.699882,0.000000,0.000000,0.000000,0.320983,-0.389783,-0.280624,0.124075,-0.356917,-0.278695,0.222529,-0.373350,-0.279659,0.193635,-0.403654,-0.254713,0.220910,-0.421015,-0.206851,0.244876,-0.412357,-0.253026
2026-07-20 14:33:33.600,124.799882,0.000000,0.000000,0.000000,0.320563,-0.381675,-0.278408,0.123720,-0.347698,-0.277314,0.222142,-0.364686,-0.277861,0.193204,-0.395445,-0.253355,0.220694,-0.411942,-0.204488,0.244455,-0.404249,-0.250810
2026-07-20 14:33:33.700,124.899882,0.000000,0.000000,0.000000,0.320354,-0.384651,-0.279011,0.123826,-0.349725,-0.277868,0.222090,-0.367188,-0.278439,0.193309,-0.397472,-0.253909,0.220697,-0.414451,-0.205116,0.244560,-0.406276,-0.251364
2026-07-20 14:33:33.800,124.999882,0.000000,0.000000,0.000000,0.321035,-0.390796,-0.280901,0.124193,-0.356819,-0.279807,0.222614,-0.373808,-0.280354,0.193676,-0.404567,-0.255848,0.221167,-0.421063,-0.206981,0.245161,-0.412406,-0.253217
2026-07-20 14:33:33.900,125.099882,0.000000,0.000000,0.000000,0.321139,-0.385793,-0.279744,0.123983,-0.352765,-0.278699,0.222561,-0.369279,-0.279221,0.193477,-0.400613,-0.253882,0.220752,-0.417974,-0.206020,0.244718,-0.409317,-0.252195
2026-07-20 14:33:34.000,125.199882,0.000000,0.000000,0.000000,0.321035,-0.390796,-0.280901,0.124116,-0.357826,-0.279858,0.222575,-0.374311,-0.280379,0.193688,-0.404667,-0.254990,0.221167,-0.421063,-0.206981,0.245161,-0.412406,-0.253217
2026-07-20 14:33:34.100,125.299881,0.000000,0.000000,0.000000,0.320773,-0.385729,-0.279516,0.123942,-0.351856,-0.277534,0.222357,-0.368792,-0.278525,0.193425,-0.399600,-0.253605,0.220700,-0.416961,-0.205743,0.244665,-0.408303,-0.251918
2026-07-20 14:33:34.200,125.399881,0.000000,0.000000,0.000000,0.321402,-0.390861,-0.281129,0.124323,-0.356825,-0.280032,0.222863,-0.373843,-0.280581,0.193729,-0.405580,-0.256125,0.221015,-0.423042,-0.207405,0.244981,-0.414384,-0.253580
2026-07-20 14:33:34.300,125.499881,0.000000,0.000000,0.000000,0.321192,-0.386807,-0.280021,0.124113,-0.352771,-0.278924,0.222653,-0.369789,-0.279473,0.193519,-0.401526,-0.255017,0.220805,-0.418988,-0.206297,0.244771,-0.410330,-0.252472
2026-07-20 14:33:34.400,125.599881,0.000000,0.000000,0.000000,0.320878,-0.387756,-0.280070,0.124113,-0.352771,-0.278924,0.222496,-0.370264,-0.279497,0.193519,-0.401526,-0.255017,0.221009,-0.418023,-0.206150,0.245003,-0.409365,-0.252386
2026-07-20 14:33:34.500,125.699881,0.000000,0.000000,0.000000,0.320720,-0.384715,-0.279239,0.123878,-0.350738,-0.278145,0.222299,-0.367727,-0.278692,0.193372,-0.398586,-0.253328,0.219815,-0.415746,-0.205431,0.244613,-0.407290,-0.251641
2026-07-20 14:33:34.600,125.799881,0.000000,0.000000,0.000000,0.320720,-0.384715,-0.279239,0.123812,-0.351849,-0.277310,0.222266,-0.368282,-0.278274,0.193361,-0.398486,-0.254186,0.219803,-0.415646,-0.206283,0.244613,-0.407290,-0.251641
2026-07-20 14:33:34.700,125.899881,0.000000,0.000000,0.000000,0.320878,-0.387756,-0.280070,0.123958,-0.354786,-0.279027,0.222418,-0.371271,-0.279548,0.193530,-0.401627,-0.254159,0.219961,-0.418686,-0.207114,0.244771,-0.410330,-0.252472
2026-07-20 14:33:34.800,125.999881,0.000000,0.000000,0.000000,0.321193,-0.393837,-0.281732,0.125217,-0.360069,-0.280674,0.223205,-0.376953,-0.281203,0.193845,-0.407708,-0.255821,0.220480,-0.423802,-0.208631,0.245086,-0.416411,-0.254134
2026-07-20 14:33:34.900,126.099881,0.000000,0.000000,0.000000,0.320878,-0.387756,-0.280070,0.123958,-0.354786,-0.279027,0.222418,-0.371271,-0.279548,0.193699,-0.400646,-0.254075,0.220165,-0.417721,-0.206969,0.244771,-0.410330,-0.252472
2026-07-20 14:33:35.000,126.199881,0.000000,0.000000,0.000000,0.320930,-0.388769,-0.280347,0.124022,-0.355903,-0.278418,0.222476,-0.372336,-0.279382,0.193582,-0.402640,-0.254436,0.220217,-0.418734,-0.207246,0.245056,-0.410379,-0.252663
2026-07-20 14:33:35.100,126.299881,0.000000,0.000000,0.000000,0.320930,-0.388769,-0.280347,0.124088,-0.354792,-0.279253,0.222509,-0.371781,-0.279800,0.193582,-0.402640,-0.254436,0.219384,-0.418533,-0.207211,0.244823,-0.411344,-0.252749
2026-07-20 14:33:35.200,126.399880,0.000000,0.000000,0.000000,0.320878,-0.387756,-0.280070,0.123958,-0.354786,-0.279027,0.222418,-0.371271,-0.279548,0.193699,-0.400646,-0.254075,0.219331,-0.417519,-0.206934,0.245003,-0.409365,-0.252386
2026-07-20 14:33:35.300,126.499880,0.000000,0.000000,0.000000,0.320248,-0.382624,-0.278457,0.123732,-0.347802,-0.276426,0.221990,-0.365213,-0.277442,0.193383,-0.394565,-0.252413,0.218813,-0.412404,-0.205418,0.244688,-0.403284,-0.250724
2026-07-20 14:33:35.400,126.599880,0.000000,0.000000,0.000000,0.320721,-0.391745,-0.280950,0.124981,-0.358036,-0.279894,0.222851,-0.374890,-0.280422,0.193856,-0.403686,-0.254906,0.219489,-0.420560,-0.207765,0.244928,-0.413371,-0.253303
2026-07-20 14:33:35.500,126.699880,0.000000,0.000000,0.000000,0.320720,-0.384715,-0.279239,0.123878,-0.350738,-0.278145,0.222299,-0.367727,-0.278692,0.193541,-0.397605,-0.253244,0.219185,-0.414579,-0.205250,0.244846,-0.406325,-0.251555
2026-07-20 14:33:35.600,126.799880,0.000000,0.000000,0.000000,0.320983,-0.389783,-0.280624,0.124141,-0.355806,-0.279530,0.222562,-0.372794,-0.280077,0.194642,-0.402876,-0.254664,0.219447,-0.419646,-0.206635,0.244876,-0.412357,-0.253026
2026-07-20 14:33:35.700,126.899880,0.000000,0.000000,0.000000,0.321297,-0.388834,-0.280575,0.124141,-0.355806,-0.279530,0.222719,-0.372320,-0.280052,0.194473,-0.403857,-0.254748,0.219447,-0.419646,-0.206635,0.245119,-0.411494,-0.252076
2026-07-20 14:33:35.800,126.999880,0.000000,0.000000,0.000000,0.321298,-0.395864,-0.282286,0.124456,-0.361887,-0.281192,0.222877,-0.378875,-0.281739,0.194958,-0.408957,-0.256326,0.219774,-0.425828,-0.207444,0.245202,-0.418539,-0.253826
2026-07-20 14:33:35.900,127.099880,0.000000,0.000000,0.000000,0.320825,-0.386742,-0.279793,0.124072,-0.351862,-0.277759,0.222449,-0.369302,-0.278776,0.194315,-0.400816,-0.253917,0.218467,-0.416505,-0.204916,0.244962,-0.408453,-0.251245
2026-07-20 14:33:36.000,127.199880,0.000000,0.000000,0.000000,0.320773,-0.385729,-0.279516,0.123787,-0.353870,-0.277639,0.222280,-0.369799,-0.278578,0.194432,-0.398822,-0.253556,0.218426,-0.415591,-0.203786,0.244677,-0.408404,-0.251056
2026-07-20 14:33:36.100,127.299880,0.000000,0.000000,0.000000,0.321034,-0.383766,-0.279190,0.123890,-0.350842,-0.277257,0.222462,-0.367304,-0.278224,0.194380,-0.397808,-0.253279,0.217540,-0.414376,-0.203474,0.244857,-0.406426,-0.250691
2026-07-20 14:33:36.200,127.399879,0.000000,0.000000,0.000000,0.320878,-0.387756,-0.280070,0.124113,-0.352771,-0.278924,0.222496,-0.370264,-0.279497,0.194537,-0.400849,-0.254110,0.217709,-0.417517,-0.203452,0.244782,-0.410431,-0.251610
2026-07-20 14:33:36.300,127.499879,0.000000,0.000000,0.000000,0.321035,-0.390796,-0.280901,0.124127,-0.357930,-0.278972,0.222581,-0.374363,-0.279936,0.194695,-0.403889,-0.254941,0.217044,-0.420456,-0.203395,0.245172,-0.412507,-0.252353
2026-07-20 14:33:36.400,127.599879,0.000000,0.000000,0.000000,0.320615,-0.382688,-0.278685,0.123785,-0.348815,-0.276703,0.222200,-0.365752,-0.277694,0.194275,-0.395781,-0.252725,0.216624,-0.412348,-0.201179,0.244752,-0.404399,-0.250137
2026-07-20 14:33:36.500,127.699879,0.000000,0.000000,0.000000,0.321271,-0.388327,-0.280436,0.124126,-0.355403,-0.278504,0.222698,-0.371865,-0.279470,0.194616,-0.402369,-0.254525,0.216143,-0.418835,-0.202092,0.245093,-0.410987,-0.251938
2026-07-20 14:33:36.600,127.799879,0.000000,0.000000,0.000000,0.320878,-0.387756,-0.280070,0.124047,-0.353883,-0.278088,0.222463,-0.370819,-0.279079,0.194537,-0.400849,-0.254110,0.216274,-0.416449,-0.200670,0.245247,-0.408502,-0.251435
2026-07-20 14:33:36.700,127.899879,0.000000,0.000000,0.000000,0.320720,-0.384715,-0.279239,0.123812,-0.351849,-0.277310,0.222266,-0.368282,-0.278274,0.194391,-0.397909,-0.252420,0.215084,-0.414173,-0.199957,0.244857,-0.406426,-0.250691
2026-07-20 14:33:36.800,127.999879,0.000000,0.000000,0.000000,0.321140,-0.392823,-0.281455,0.124298,-0.358846,-0.280361,0.222719,-0.375835,-0.280908,0.194800,-0.405916,-0.255495,0.215516,-0.422381,-0.201320,0.245510,-0.413569,-0.252820
2026-07-20 14:33:36.900,128.099879,0.000000,0.000000,0.000000,0.321034,-0.383766,-0.279190,0.123878,-0.350738,-0.278145,0.222456,-0.367252,-0.278667,0.194380,-0.397808,-0.253279,0.214077,-0.415138,-0.198372,0.244857,-0.406426,-0.250691
2026-07-20 14:33:37.000,128.199879,0.000000,0.000000,0.000000,0.321035,-0.390796,-0.280901,0.124205,-0.356923,-0.278919,0.222620,-0.373860,-0.279910,0.194695,-0.403889,-0.254941,0.214392,-0.421219,-0.200034,0.245172,-0.412507,-0.252353
2026-07-20 14:33:37.100,128.299879,0.000000,0.000000,0.000000,0.320773,-0.385729,-0.279516,0.123876,-0.352967,-0.276701,0.222324,-0.369348,-0.278108,0.194432,-0.398822,-0.253556,0.214141,-0.416251,-0.197796,0.244909,-0.407440,-0.250968
2026-07-20 14:33:37.200,128.399879,0.000000,0.000000,0.000000,0.321297,-0.388834,-0.280575,0.124152,-0.355910,-0.278642,0.222725,-0.372372,-0.279609,0.193972,-0.401692,-0.254544,0.214155,-0.421271,-0.199061,0.245236,-0.411011,-0.252033
2026-07-20 14:33:37.300,128.499878,0.000000,0.000000,0.000000,0.321350,-0.389847,-0.280852,0.124205,-0.356923,-0.278919,0.222777,-0.373385,-0.279886,0.193856,-0.403686,-0.254906,0.213387,-0.422184,-0.198452,0.245172,-0.412507,-0.252353
2026-07-20 14:33:37.400,128.599878,0.000000,0.000000,0.000000,0.320983,-0.389783,-0.280624,0.124152,-0.355910,-0.278642,0.222568,-0.372846,-0.279633,0.193804,-0.402673,-0.254629,0.213530,-0.420204,-0.198018,0.245352,-0.410529,-0.251989
2026-07-20 14:33:37.500,128.699878,0.000000,0.000000,0.000000,0.321087,-0.384780,-0.279467,0.123865,-0.352863,-0.277587,0.222476,-0.368821,-0.278527,0.193594,-0.398619,-0.253521,0.213331,-0.416250,-0.196057,0.245142,-0.406475,-0.250881
2026-07-20 14:33:37.600,128.799878,0.000000,0.000000,0.000000,0.321507,-0.392888,-0.281683,0.124362,-0.359964,-0.279750,0.222935,-0.376426,-0.280717,0.194014,-0.406727,-0.255737,0.213556,-0.425324,-0.198432,0.245562,-0.414583,-0.253097
2026-07-20 14:33:37.700,128.899878,0.000000,0.000000,0.000000,0.321192,-0.386807,-0.280021,0.124125,-0.352876,-0.278036,0.222658,-0.369841,-0.279028,0.193699,-0.400646,-0.254075,0.213436,-0.418277,-0.196611,0.245014,-0.409467,-0.251522
2026-07-20 14:33:37.800,128.999878,0.000000,0.000000,0.000000,0.320720,-0.384715,-0.279239,0.123890,-0.350842,-0.277257,0.222305,-0.367779,-0.278248,0.193541,-0.397605,-0.253244,0.213094,-0.416303,-0.195088,0.245089,-0.405461,-0.250604
2026-07-20 14:33:37.900,129.099878,0.000000,0.000000,0.000000,0.320878,-0.387756,-0.280070,0.124125,-0.352876,-0.278036,0.222501,-0.370316,-0.279053,0.193699,-0.400646,-0.254075,0.213447,-0.418378,-0.195759,0.246325,-0.407741,-0.251383
2026-07-20 14:33:38.000,129.199878,0.000000,0.000000,0.000000,0.321244,-0.387820,-0.280298,0.124022,-0.355903,-0.278418,0.222633,-0.371862,-0.279358,0.192745,-0.402438,-0.254402,0.213304,-0.420357,-0.196196,0.246144,-0.409719,-0.251747
2026-07-20 14:33:38.100,129.299878,0.000000,0.000000,0.000000,0.321087,-0.384780,-0.279467,0.124008,-0.350744,-0.278370,0.222548,-0.367762,-0.278919,0.192766,-0.398517,-0.252627,0.213342,-0.416351,-0.195205,0.245752,-0.407644,-0.251003
2026-07-20 14:33:38.200,129.399878,0.000000,0.000000,0.000000,0.320930,-0.388769,-0.280347,0.124022,-0.355903,-0.278418,0.222476,-0.372336,-0.279382,0.192756,-0.402539,-0.253544,0.213510,-0.419491,-0.195184,0.246988,-0.409924,-0.251782
2026-07-20 14:33:38.300,129.499877,0.000000,0.000000,0.000000,0.321297,-0.388834,-0.280575,0.124152,-0.355910,-0.278642,0.222725,-0.372372,-0.279609,0.192809,-0.403552,-0.253821,0.213368,-0.421470,-0.195622,0.246806,-0.411901,-0.252147
2026-07-20 14:33:38.400,129.599877,0.000000,0.000000,0.000000,0.321140,-0.392823,-0.281455,0.125176,-0.359160,-0.279509,0.223158,-0.375992,-0.280482,0.192117,-0.406289,-0.255475,0.213721,-0.423545,-0.196292,0.247198,-0.413978,-0.252890
2026-07-20 14:33:38.500,129.699877,0.000000,0.000000,0.000000,0.321087,-0.384780,-0.279467,0.124020,-0.350849,-0.277482,0.222553,-0.367814,-0.278474,0.191583,-0.400176,-0.253621,0.213158,-0.417416,-0.194514,0.247065,-0.405919,-0.250864
2026-07-20 14:33:38.600,129.799877,0.000000,0.000000,0.000000,0.321297,-0.388834,-0.280575,0.124152,-0.355910,-0.278642,0.222725,-0.372372,-0.279609,0.191793,-0.404230,-0.254729,0.213368,-0.421470,-0.195622,0.247040,-0.410937,-0.252059
2026-07-20 14:33:38.700,129.899877,0.000000,0.000000,0.000000,0.320615,-0.382688,-0.278685,0.123695,-0.349718,-0.277642,0.222155,-0.366203,-0.278163,0.191425,-0.397136,-0.252790,0.212169,-0.414175,-0.193648,0.246438,-0.404807,-0.250207
2026-07-20 14:33:38.800,129.999877,0.000000,0.000000,0.000000,0.320773,-0.385729,-0.279516,0.123865,-0.352863,-0.277587,0.222319,-0.369296,-0.278551,0.191583,-0.400176,-0.253621,0.212132,-0.418181,-0.194640,0.246596,-0.407848,-0.251038
2026-07-20 14:33:38.900,130.099877,0.000000,0.000000,0.000000,0.321192,-0.386807,-0.280021,0.124047,-0.353883,-0.278088,0.222620,-0.370345,-0.279055,0.191688,-0.402203,-0.254175,0.212431,-0.419242,-0.195033,0.246701,-0.409875,-0.251593
2026-07-20 14:33:39.000,130.199877,0.000000,0.000000,0.000000,0.320563,-0.381675,-0.278408,0.123654,-0.348809,-0.276479,0.222109,-0.365242,-0.277443,0.191373,-0.396122,-0.252513,0.212116,-0.413161,-0.193371,0.246385,-0.403794,-0.249931
2026-07-20 14:33:39.100,130.299877,0.000000,0.000000,0.000000,0.320878,-0.387756,-0.280070,0.124047,-0.353883,-0.278088,0.222463,-0.370819,-0.279079,0.191688,-0.402203,-0.254175,0.212431,-0.419242,-0.195033,0.246701,-0.409875,-0.251593
2026-07-20 14:33:39.200,130.399877,0.000000,0.000000,0.000000,0.320773,-0.385729,-0.279516,0.123931,-0.351752,-0.278422,0.222352,-0.368740,-0.278969,0.191583,-0.400176,-0.253621,0.211506,-0.417114,-0.193594,0.246596,-0.407848,-0.251038
2026-07-20 14:33:39.300,130.499876,0.000000,0.000000,0.000000,0.321035,-0.390796,-0.280901,0.124127,-0.357930,-0.278972,0.222581,-0.374363,-0.279936,0.191009,-0.405041,-0.254971,0.211758,-0.422082,-0.195830,0.246623,-0.413879,-0.252511
2026-07-20 14:33:39.400,130.599876,0.000000,0.000000,0.000000,0.320720,-0.384715,-0.279239,0.123734,-0.352857,-0.277362,0.222227,-0.368786,-0.278301,0.190528,-0.399942,-0.253393,0.211249,-0.416967,-0.194329,0.246543,-0.406834,-0.250761
2026-07-20 14:33:39.500,130.699876,0.000000,0.000000,0.000000,0.320878,-0.387756,-0.280070,0.123970,-0.354890,-0.278141,0.222424,-0.371323,-0.279105,0.190851,-0.402001,-0.254140,0.211407,-0.420007,-0.195160,0.246935,-0.408910,-0.251505
2026-07-20 14:33:39.600,130.799876,0.000000,0.000000,0.000000,0.320930,-0.388769,-0.280347,0.124088,-0.354792,-0.279253,0.222509,-0.371781,-0.279800,0.190738,-0.403996,-0.254502,0.211459,-0.421021,-0.195437,0.246753,-0.410888,-0.251869
2026-07-20 14:33:39.700,130.899876,0.000000,0.000000,0.000000,0.320668,-0.383702,-0.278962,0.123759,-0.350836,-0.277033,0.222214,-0.367269,-0.277997,0.190641,-0.397947,-0.253032,0.211390,-0.414987,-0.193891,0.246490,-0.405821,-0.250485
2026-07-20 14:33:39.800,130.999876,0.000000,0.000000,0.000000,0.320721,-0.391745,-0.280950,0.124127,-0.357930,-0.278972,0.222424,-0.374838,-0.279961,0.191009,-0.405041,-0.254971,0.210937,-0.421981,-0.194944,0.246858,-0.412915,-0.252423
2026-07-20 14:33:39.900,131.099876,0.000000,0.000000,0.000000,0.321035,-0.390796,-0.280901,0.124127,-0.357930,-0.278972,0.222581,-0.374363,-0.279936,0.191009,-0.405041,-0.254971,0.210937,-0.421981,-0.194944,0.246858,-0.412915,-0.252423
2026-07-20 14:33:40.000,131.199876,0.000000,0.000000,0.000000,0.320983,-0.389783,-0.280624,0.124152,-0.355910,-0.278642,0.222568,-0.372846,-0.279633,0.190791,-0.405009,-0.254779,0.210885,-0.420967,-0.194667,0.246806,-0.411901,-0.252147
2026-07-20 14:33:40.100,131.299876,0.000000,0.000000,0.000000,0.320720,-0.384715,-0.279239,0.123878,-0.350738,-0.278145,0.222299,-0.367727,-0.278692,0.190694,-0.398960,-0.253309,0.210814,-0.414933,-0.193120,0.246543,-0.406834,-0.250761
2026-07-20 14:33:40.200,131.399876,0.000000,0.000000,0.000000,0.320878,-0.387756,-0.280070,0.124036,-0.353779,-0.278976,0.222457,-0.370767,-0.279523,0.190686,-0.402982,-0.254225,0.210780,-0.418940,-0.194113,0.246701,-0.409875,-0.251593
2026-07-20 14:33:40.300,131.499876,0.000000,0.000000,0.000000,0.320983,-0.389783,-0.280624,0.124075,-0.356917,-0.278695,0.222529,-0.373350,-0.279659,0.190956,-0.404028,-0.254694,0.210874,-0.420867,-0.195518,0.246571,-0.412866,-0.252234
2026-07-20 14:33:40.400,131.599875,0.000000,0.000000,0.000000,0.321192,-0.386807,-0.280021,0.124047,-0.353883,-0.278088,0.222620,-0.370345,-0.279055,0.190851,-0.402001,-0.254140,0.210588,-0.419906,-0.194275,0.247308,-0.411043,-0.251715
2026-07-20 14:33:40.500,131.699875,0.000000,0.000000,0.000000,0.321035,-0.390796,-0.280901,0.124205,-0.356923,-0.278919,0.222620,-0.373860,-0.279910,0.190843,-0.406023,-0.255056,0.209915,-0.422746,-0.195072,0.246623,-0.413879,-0.252511
2026-07-20 14:33:40.600,131.799875,0.000000,0.000000,0.000000,0.320773,-0.385729,-0.279516,0.123787,-0.353870,-0.277639,0.222280,-0.369799,-0.278578,0.190581,-0.400955,-0.253671,0.209843,-0.416712,-0.193525,0.246361,-0.408812,-0.251126
2026-07-20 14:33:40.700,131.899875,0.000000,0.000000,0.000000,0.321350,-0.389847,-0.280852,0.124205,-0.356923,-0.278919,0.222777,-0.373385,-0.279886,0.191009,-0.405041,-0.254971,0.210106,-0.421779,-0.194910,0.246389,-0.414844,-0.252598
2026-07-20 14:33:40.800,131.999875,0.000000,0.000000,0.000000,0.320825,-0.386742,-0.279793,0.123905,-0.353772,-0.278750,0.222365,-0.370257,-0.279271,0.190799,-0.400987,-0.253863,0.209896,-0.417725,-0.193802,0.246179,-0.410790,-0.251490
2026-07-20 14:33:40.900,132.099875,0.000000,0.000000,0.000000,0.320668,-0.383702,-0.278962,0.123826,-0.349725,-0.277868,0.222247,-0.366713,-0.278415,0.189804,-0.397744,-0.252997,0.209738,-0.414685,-0.192971,0.246490,-0.405821,-0.250485
2026-07-20 14:33:41.000,132.199875,0.000000,0.000000,0.000000,0.320983,-0.389783,-0.280624,0.124075,-0.356917,-0.278695,0.222529,-0.373350,-0.279659,0.190956,-0.404028,-0.254694,0.209863,-0.421733,-0.194795,0.246571,-0.412866,-0.252234
2026-07-20 14:33:41.100,132.299875,0.000000,0.000000,0.000000,0.320825,-0.386742,-0.279793,0.123839,-0.354884,-0.277916,0.222332,-0.370813,-0.278855,0.190799,-0.400987,-0.253863,0.209896,-0.417725,-0.193802,0.246179,-0.410790,-0.251490
2026-07-20 14:33:41.200,132.399875,0.000000,0.000000,0.000000,0.321193,-0.393837,-0.281732,0.124362,-0.359964,-0.279750,0.222778,-0.376900,-0.280741,0.191001,-0.409063,-0.255887,0.210264,-0.424820,-0.195741,0.247623,-0.417123,-0.253377
2026-07-20 14:33:41.300,132.499875,0.000000,0.000000,0.000000,0.320774,-0.392759,-0.281227,0.124180,-0.358944,-0.279249,0.222477,-0.375851,-0.280238,0.190225,-0.405852,-0.255213,0.210159,-0.422793,-0.195187,0.246676,-0.414893,-0.252788
2026-07-20 14:33:41.400,132.599874,0.000000,0.000000,0.000000,0.320878,-0.387756,-0.280070,0.124047,-0.353883,-0.278088,0.222463,-0.370819,-0.279079,0.190851,-0.402001,-0.254140,0.209948,-0.418739,-0.194079,0.246466,-0.410839,-0.251680
2026-07-20 14:33:41.500,132.699874,0.000000,0.000000,0.000000,0.320930,-0.388769,-0.280347,0.124022,-0.355903,-0.278418,0.222476,-0.372336,-0.279382,0.190904,-0.403014,-0.254417,0.210012,-0.419853,-0.193505,0.246518,-0.411852,-0.251957
2026-07-20 14:33:41.600,132.799874,0.000000,0.000000,0.000000,0.320878,-0.387756,-0.280070,0.124047,-0.353883,-0.278088,0.222463,-0.370819,-0.279079,0.190015,-0.401798,-0.254105,0.209960,-0.418839,-0.193228,0.246231,-0.411803,-0.251767
2026-07-20 14:33:41.700,132.899874,0.000000,0.000000,0.000000,0.321035,-0.390796,-0.280901,0.124193,-0.356819,-0.279807,0.222614,-0.373808,-0.280354,0.190172,-0.404839,-0.254936,0.210117,-0.421880,-0.194059,0.246623,-0.413879,-0.252511
2026-07-20 14:33:41.800,132.999874,0.000000,0.000000,0.000000,0.321350,-0.389847,-0.280852,0.124127,-0.357930,-0.278972,0.222738,-0.373889,-0.279912,0.190008,-0.405821,-0.255021,0.210117,-0.421880,-0.194059,0.247465,-0.414083,-0.252546
2026-07-20 14:33:41.900,133.099874,0.000000,0.000000,0.000000,0.320930,-0.388769,-0.280347,0.124011,-0.355799,-0.279304,0.222470,-0.372284,-0.279825,0.190738,-0.403996,-0.254502,0.209181,-0.419651,-0.193470,0.246518,-0.411852,-0.251957
2026-07-20 14:33:42.000,133.199874,0.000000,0.000000,0.000000,0.321035,-0.390796,-0.280901,0.124193,-0.356819,-0.279807,0.222614,-0.373808,-0.280354,0.190172,-0.404839,-0.254936,0.210117,-0.421880,-0.194059,0.247230,-0.415047,-0.252633
2026-07-20 14:33:42.100,133.299874,0.000000,0.000000,0.000000,0.320773,-0.385729,-0.279516,0.123865,-0.352863,-0.277587,0.222319,-0.369296,-0.278551,0.190746,-0.399974,-0.253586,0.209023,-0.416611,-0.192639,0.246967,-0.409980,-0.251248
2026-07-20 14:33:42.200,133.399874,0.000000,0.000000,0.000000,0.320930,-0.388769,-0.280347,0.124011,-0.355799,-0.279304,0.222470,-0.372284,-0.279825,0.190067,-0.402812,-0.254382,0.209181,-0.419651,-0.193470,0.246284,-0.412817,-0.252044
2026-07-20 14:33:42.300,133.499874,0.000000,0.000000,0.000000,0.321192,-0.386807,-0.280021,0.124047,-0.353883,-0.278088,0.222620,-0.370345,-0.279055,0.190015,-0.401798,-0.254105,0.209128,-0.418638,-0.193193,0.247072,-0.412007,-0.251802
2026-07-20 14:33:42.400,133.599874,0.000000,0.000000,0.000000,0.320720,-0.384715,-0.279239,0.123734,-0.352857,-0.277362,0.222227,-0.368786,-0.278301,0.189857,-0.398758,-0.253274,0.208971,-0.415597,-0.192362,0.246914,-0.408966,-0.250971
2026-07-20 14:33:42.500,133.699873,0.000000,0.000000,0.000000,0.320930,-0.388769,-0.280347,0.123944,-0.356910,-0.278470,0.222437,-0.372840,-0.279409,0.190067,-0.402812,-0.254382,0.209181,-0.419651,-0.193470,0.247360,-0.412056,-0.251992
2026-07-20 14:33:42.600,133.799873,0.000000,0.000000,0.000000,0.320773,-0.385729,-0.279516,0.123853,-0.352759,-0.278473,0.222313,-0.369244,-0.278994,0.189909,-0.399771,-0.253551,0.209023,-0.416611,-0.192639,0.246361,-0.408812,-0.251126
2026-07-20 14:33:42.700,133.899873,0.000000,0.000000,0.000000,0.320930,-0.388769,-0.280347,0.123944,-0.356910,-0.278470,0.222437,-0.372840,-0.279409,0.190067,-0.402812,-0.254382,0.209181,-0.419651,-0.193470,0.246284,-0.412817,-0.252044
2026-07-20 14:33:42.800,133.999873,0.000000,0.000000,0.000000,0.321297,-0.388834,-0.280575,0.124141,-0.355806,-0.279530,0.222719,-0.372320,-0.280052,0.190120,-0.403825,-0.254659,0.209233,-0.420665,-0.193747,0.246571,-0.412866,-0.252234
2026-07-20 14:33:42.900,134.099873,0.000000,0.000000,0.000000,0.320563,-0.381675,-0.278408,0.123720,-0.347698,-0.277314,0.222142,-0.364686,-0.277861,0.190536,-0.395920,-0.252478,0.208813,-0.412557,-0.191531,0.246993,-0.404962,-0.250053
2026-07-20 14:33:43.000,134.199873,0.000000,0.000000,0.000000,0.320720,-0.384715,-0.279239,0.123890,-0.350842,-0.277257,0.222305,-0.367779,-0.278248,0.190528,-0.399942,-0.253393,0.208971,-0.415597,-0.192362,0.246308,-0.407798,-0.250849
2026-07-20 14:33:43.100,134.299873,0.000000,0.000000,0.000000,0.320825,-0.386742,-0.279793,0.123917,-0.353876,-0.277864,0.222371,-0.370309,-0.278828,0.189798,-0.401767,-0.253913,0.209076,-0.417624,-0.192916,0.246179,-0.410790,-0.251490
2026-07-20 14:33:43.200,134.399873,0.000000,0.000000,0.000000,0.320825,-0.386742,-0.279793,0.123917,-0.353876,-0.277864,0.222371,-0.370309,-0.278828,0.189962,-0.400785,-0.253828,0.209076,-0.417624,-0.192916,0.246648,-0.408861,-0.251315
2026-07-20 14:33:43.300,134.499873,0.000000,0.000000,0.000000,0.320931,-0.395799,-0.282058,0.124248,-0.362887,-0.281017,0.222590,-0.379343,-0.281538,0.190382,-0.408893,-0.256044,0.209306,-0.426699,-0.195295,0.247676,-0.418137,-0.253654
2026-07-20 14:33:43.400,134.599873,0.000000,0.000000,0.000000,0.321192,-0.386807,-0.280021,0.124047,-0.353883,-0.278088,0.222620,-0.370345,-0.279055,0.190015,-0.401798,-0.254105,0.209128,-0.418638,-0.193193,0.246466,-0.410839,-0.251680
2026-07-20 14:33:43.500,134.699872,0.000000,0.000000,0.000000,0.320878,-0.387756,-0.280070,0.123958,-0.354786,-0.279027,0.222418,-0.371271,-0.279548,0.189850,-0.402780,-0.254190,0.208927,-0.419505,-0.194206,0.247072,-0.412007,-0.251802
2026-07-20 14:33:43.600,134.799872,0.000000,0.000000,0.000000,0.321034,-0.383766,-0.279190,0.123734,-0.352857,-0.277362,0.222384,-0.368311,-0.278276,0.189857,-0.398758,-0.253274,0.208959,-0.415497,-0.193213,0.246914,-0.408966,-0.250971
2026-07-20 14:33:43.700,134.899872,0.000000,0.000000,0.000000,0.321244,-0.387820,-0.280298,0.123944,-0.356910,-0.278470,0.222594,-0.372365,-0.279384,0.189903,-0.403794,-0.254467,0.209810,-0.420719,-0.194518,0.247125,-0.413020,-0.252079
2026-07-20 14:33:43.800,134.999872,0.000000,0.000000,0.000000,0.320878,-0.387756,-0.280070,0.124047,-0.353883,-0.278088,0.222463,-0.370819,-0.279079,0.189850,-0.402780,-0.254190,0.209757,-0.419706,-0.194241,0.246836,-0.412971,-0.251889
2026-07-20 14:33:43.900,135.099872,0.000000,0.000000,0.000000,0.321140,-0.392823,-0.281455,0.124232,-0.359957,-0.279526,0.222686,-0.376390,-0.280490,0.190113,-0.407848,-0.255575,0.210020,-0.424773,-0.195626,0.247099,-0.418038,-0.253274
2026-07-20 14:33:44.000,135.199872,0.000000,0.000000,0.000000,0.320930,-0.388769,-0.280347,0.124100,-0.354896,-0.278365,0.222515,-0.371833,-0.279356,0.189903,-0.403794,-0.254467,0.209608,-0.421586,-0.195529,0.246889,-0.413984,-0.252166
2026-07-20 14:33:44.100,135.299872,0.000000,0.000000,0.000000,0.320878,-0.387756,-0.280070,0.123970,-0.354890,-0.278141,0.222424,-0.371323,-0.279105,0.189850,-0.402780,-0.254190,0.209746,-0.419606,-0.195091,0.247072,-0.412007,-0.251802
2026-07-20 14:33:44.200,135.399872,0.000000,0.000000,0.000000,0.320720,-0.384715,-0.279239,0.123824,-0.351954,-0.276424,0.222272,-0.368334,-0.277831,0.189693,-0.399740,-0.253359,0.209589,-0.416565,-0.194260,0.246797,-0.409448,-0.251015
2026-07-20 14:33:44.300,135.499872,0.000000,0.000000,0.000000,0.320930,-0.388769,-0.280347,0.124100,-0.354896,-0.278365,0.222515,-0.371833,-0.279356,0.189903,-0.403794,-0.254467,0.209799,-0.420619,-0.195368,0.247360,-0.412056,-0.251992
2026-07-20 14:33:44.400,135.599872,0.000000,0.000000,0.000000,0.320720,-0.384715,-0.279239,0.123812,-0.351849,-0.277310,0.222266,-0.368282,-0.278274,0.189681,-0.399639,-0.254214,0.209398,-0.417532,-0.194421,0.246914,-0.408966,-0.250971
2026-07-20 14:33:44.500,135.699872,0.000000,0.000000,0.000000,0.320720,-0.384715,-0.279239,0.123734,-0.352857,-0.277362,0.222227,-0.368786,-0.278301,0.189693,-0.399740,-0.253359,0.209409,-0.417632,-0.193572,0.246679,-0.409930,-0.251058
2026-07-20 14:33:44.600,135.799871,0.000000,0.000000,0.000000,0.320510,-0.380661,-0.278131,0.123590,-0.347691,-0.277088,0.222050,-0.364176,-0.277609,0.188647,-0.395484,-0.252216,0.209199,-0.413578,-0.192464,0.246940,-0.403948,-0.249776
2026-07-20 14:33:44.700,135.899871,0.000000,0.000000,0.000000,0.320929,-0.381739,-0.278636,0.123785,-0.348815,-0.276703,0.222357,-0.365277,-0.277670,0.189588,-0.397713,-0.252805,0.208475,-0.415404,-0.192984,0.246809,-0.406939,-0.250417
2026-07-20 14:33:44.800,135.999871,0.000000,0.000000,0.000000,0.320773,-0.385729,-0.279516,0.123865,-0.352863,-0.277587,0.222319,-0.369296,-0.278551,0.189745,-0.400753,-0.253636,0.208822,-0.417478,-0.193652,0.246731,-0.410944,-0.251335
2026-07-20 14:33:44.900,136.099871,0.000000,0.000000,0.000000,0.320825,-0.386742,-0.279793,0.123905,-0.353772,-0.278750,0.222365,-0.370257,-0.279271,0.188962,-0.401565,-0.253878,0.208886,-0.418591,-0.193079,0.247020,-0.410993,-0.251525
2026-07-20 14:33:45.000,136.199871,0.000000,0.000000,0.000000,0.321035,-0.390796,-0.280901,0.124205,-0.356923,-0.278919,0.222620,-0.373860,-0.279910,0.189172,-0.405619,-0.254986,0.209096,-0.422645,-0.194187,0.247230,-0.415047,-0.252633
2026-07-20 14:33:45.100,136.299871,0.000000,0.000000,0.000000,0.320720,-0.384715,-0.279239,0.123967,-0.349835,-0.277205,0.222344,-0.367275,-0.278222,0.188857,-0.399538,-0.253324,0.208781,-0.416564,-0.192525,0.246679,-0.409930,-0.251058
2026-07-20 14:33:45.200,136.399871,0.000000,0.000000,0.000000,0.320825,-0.386742,-0.279793,0.123917,-0.353876,-0.277864,0.222371,-0.370309,-0.278828,0.188962,-0.401565,-0.253878,0.208897,-0.418691,-0.192229,0.246784,-0.411957,-0.251612
2026-07-20 14:33:45.300,136.499871,0.000000,0.000000,0.000000,0.320720,-0.384715,-0.279239,0.123645,-0.353760,-0.278298,0.222183,-0.369237,-0.278769,0.188857,-0.399538,-0.253324,0.208982,-0.415697,-0.191511,0.246914,-0.408966,-0.250971
2026-07-20 14:33:45.400,136.599871,0.000000,0.000000,0.000000,0.321192,-0.386807,-0.280021,0.124047,-0.353883,-0.278088,0.222620,-0.370345,-0.279055,0.189850,-0.402780,-0.254190,0.208961,-0.419805,-0.191656,0.247072,-0.412007,-0.251802
2026-07-20 14:33:45.500,136.699871,0.000000,0.000000,0.000000,0.320825,-0.386742,-0.279793,0.124072,-0.351862,-0.277759,0.222449,-0.369302,-0.278776,0.189798,-0.401767,-0.253913,0.208908,-0.418791,-0.191379,0.247020,-0.410993,-0.251525
2026-07-20 14:33:45.600,136.799870,0.000000,0.000000,0.000000,0.320668,-0.383702,-0.278962,0.123915,-0.348822,-0.276928,0.222291,-0.366262,-0.277945,0.189640,-0.398726,-0.253082,0.208952,-0.414884,-0.189532,0.246862,-0.407953,-0.250694
2026-07-20 14:33:45.700,136.899870,0.000000,0.000000,0.000000,0.320459,-0.386678,-0.279565,0.123931,-0.351752,-0.278422,0.222195,-0.369215,-0.278993,0.189909,-0.399771,-0.253551,0.209057,-0.416911,-0.190086,0.246731,-0.410944,-0.251335
2026-07-20 14:33:45.800,136.999870,0.000000,0.000000,0.000000,0.320878,-0.387756,-0.280070,0.124036,-0.353779,-0.278976,0.222457,-0.370767,-0.279523,0.189850,-0.402780,-0.254190,0.208341,-0.418837,-0.189754,0.247072,-0.412007,-0.251802
2026-07-20 14:33:45.900,137.099870,0.000000,0.000000,0.000000,0.320878,-0.387756,-0.280070,0.124113,-0.352771,-0.278924,0.222496,-0.370264,-0.279497,0.190015,-0.401798,-0.254105,0.208341,-0.418837,-0.189754,0.247072,-0.412007,-0.251802
2026-07-20 14:33:46.000,137.199870,0.000000,0.000000,0.000000,0.320773,-0.385729,-0.279516,0.123865,-0.352863,-0.277587,0.222319,-0.369296,-0.278551,0.189909,-0.399771,-0.253551,0.208047,-0.417777,-0.189368,0.246967,-0.409980,-0.251248
2026-07-20 14:33:46.100,137.299870,0.000000,0.000000,0.000000,0.320983,-0.389783,-0.280624,0.124141,-0.355806,-0.279530,0.222562,-0.372794,-0.280077,0.190120,-0.403825,-0.254659,0.208269,-0.421930,-0.189626,0.247177,-0.414034,-0.252356
2026-07-20 14:33:46.200,137.399870,0.000000,0.000000,0.000000,0.321192,-0.386807,-0.280021,0.124036,-0.353779,-0.278976,0.222614,-0.370293,-0.279498,0.189850,-0.402780,-0.254190,0.207521,-0.418736,-0.188869,0.247072,-0.412007,-0.251802
2026-07-20 14:33:46.300,137.499870,0.000000,0.000000,0.000000,0.320825,-0.386742,-0.279793,0.123917,-0.353876,-0.277864,0.222371,-0.370309,-0.278828,0.189798,-0.401767,-0.253913,0.207469,-0.417722,-0.188592,0.247255,-0.410029,-0.251438
2026-07-20 14:33:46.400,137.599870,0.000000,0.000000,0.000000,0.320878,-0.387756,-0.280070,0.124047,-0.353883,-0.278088,0.222463,-0.370819,-0.279079,0.189850,-0.402780,-0.254190,0.207333,-0.419703,-0.189037,0.247083,-0.412108,-0.250941
2026-07-20 14:33:46.500,137.699870,0.000000,0.000000,0.000000,0.320878,-0.387756,-0.280070,0.124047,-0.353883,-0.278088,0.222463,-0.370819,-0.279079,0.189015,-0.402578,-0.254155,0.206503,-0.419502,-0.189003,0.247083,-0.412108,-0.250941
2026-07-20 14:33:46.600,137.799870,0.000000,0.000000,0.000000,0.321350,-0.389847,-0.280852,0.124193,-0.356819,-0.279807,0.222771,-0.373333,-0.280329,0.189172,-0.405619,-0.254986,0.206661,-0.422542,-0.189834,0.247241,-0.415148,-0.251772
2026-07-20 14:33:46.700,137.899869,0.000000,0.000000,0.000000,0.320930,-0.388769,-0.280347,0.124022,-0.355903,-0.278418,0.222476,-0.372336,-0.279382,0.189230,-0.402609,-0.254347,0.206742,-0.419548,-0.189111,0.246900,-0.414085,-0.251307
2026-07-20 14:33:46.800,137.999869,0.000000,0.000000,0.000000,0.320616,-0.389718,-0.280396,0.124022,-0.355903,-0.278418,0.222319,-0.372811,-0.279407,0.189067,-0.403592,-0.254432,0.205911,-0.419347,-0.189076,0.247136,-0.413121,-0.251218
2026-07-20 14:33:46.900,138.099869,0.000000,0.000000,0.000000,0.320773,-0.385729,-0.279516,0.123865,-0.352863,-0.277587,0.222319,-0.369296,-0.278551,0.188909,-0.400551,-0.253601,0.205939,-0.415340,-0.188077,0.246742,-0.411045,-0.250476
2026-07-20 14:33:47.000,138.199869,0.000000,0.000000,0.000000,0.320878,-0.387756,-0.280070,0.124036,-0.353779,-0.278976,0.222457,-0.370767,-0.279523,0.189015,-0.402578,-0.254155,0.204842,-0.419100,-0.188934,0.247319,-0.411144,-0.250853
2026-07-20 14:33:47.100,138.299869,0.000000,0.000000,0.000000,0.321350,-0.389847,-0.280852,0.124193,-0.356819,-0.279807,0.222771,-0.373333,-0.280329,0.189172,-0.405619,-0.254986,0.205185,-0.421173,-0.189596,0.247477,-0.414184,-0.251684
2026-07-20 14:33:47.200,138.399869,0.000000,0.000000,0.000000,0.320878,-0.387756,-0.280070,0.124125,-0.352876,-0.278036,0.222501,-0.370316,-0.279053,0.189015,-0.402578,-0.254155,0.204023,-0.418999,-0.188049,0.247083,-0.412108,-0.250941
2026-07-20 14:33:47.300,138.499869,0.000000,0.000000,0.000000,0.321298,-0.395864,-0.282286,0.124611,-0.359872,-0.281089,0.222955,-0.377868,-0.281687,0.189353,-0.411177,-0.256414,0.204444,-0.427107,-0.190265,0.247504,-0.420216,-0.253157
2026-07-20 14:33:47.400,138.599869,0.000000,0.000000,0.000000,0.321193,-0.393837,-0.281732,0.124362,-0.359964,-0.279750,0.222778,-0.376900,-0.280741,0.189330,-0.408659,-0.255817,0.204522,-0.424113,-0.189541,0.247399,-0.418189,-0.252603
2026-07-20 14:33:47.500,138.699869,0.000000,0.000000,0.000000,0.320878,-0.387756,-0.280070,0.124047,-0.353883,-0.278088,0.222463,-0.370819,-0.279079,0.189026,-0.402679,-0.253300,0.203193,-0.418798,-0.188015,0.247319,-0.411144,-0.250853
2026-07-20 14:33:47.600,138.799869,0.000000,0.000000,0.000000,0.321297,-0.388834,-0.280575,0.124152,-0.355910,-0.278642,0.222725,-0.372372,-0.279609,0.188956,-0.405587,-0.254794,0.203298,-0.420825,-0.188569,0.247188,-0.414135,-0.251495
2026-07-20 14:33:47.700,138.899868,0.000000,0.000000,0.000000,0.320773,-0.385729,-0.279516,0.124008,-0.350744,-0.278370,0.222390,-0.368237,-0.278943,0.188921,-0.400652,-0.252746,0.203088,-0.416771,-0.187461,0.246978,-0.410081,-0.250387
2026-07-20 14:33:47.800,138.999868,0.000000,0.000000,0.000000,0.320668,-0.383702,-0.278962,0.123682,-0.351843,-0.277085,0.222175,-0.367772,-0.278024,0.188816,-0.398625,-0.252192,0.203165,-0.413777,-0.186737,0.246873,-0.408054,-0.249833
2026-07-20 14:33:47.900,139.099868,0.000000,0.000000,0.000000,0.320642,-0.390225,-0.280535,0.124114,-0.355299,-0.279391,0.222378,-0.372762,-0.279963,0.189105,-0.404199,-0.253715,0.203443,-0.419251,-0.189111,0.246926,-0.414592,-0.251445
2026-07-20 14:33:48.000,139.199868,0.000000,0.000000,0.000000,0.321244,-0.387820,-0.280298,0.124011,-0.355799,-0.279304,0.222627,-0.371810,-0.279801,0.189242,-0.402710,-0.253491,0.203326,-0.419228,-0.189057,0.247372,-0.412157,-0.251130
2026-07-20 14:33:48.100,139.299868,0.000000,0.000000,0.000000,0.320721,-0.391745,-0.280950,0.124127,-0.357930,-0.278972,0.222424,-0.374838,-0.279961,0.189183,-0.405719,-0.254131,0.203522,-0.420771,-0.189527,0.247241,-0.415148,-0.251772
2026-07-20 14:33:48.200,139.399868,0.000000,0.000000,0.000000,0.321402,-0.390861,-0.281129,0.124246,-0.357833,-0.280084,0.222824,-0.374347,-0.280606,0.189236,-0.406733,-0.254408,0.204395,-0.421885,-0.190690,0.246453,-0.415958,-0.252014
2026-07-20 14:33:48.300,139.499868,0.000000,0.000000,0.000000,0.320773,-0.385729,-0.279516,0.123931,-0.351752,-0.278422,0.222352,-0.368740,-0.278969,0.188921,-0.400652,-0.252746,0.204068,-0.415704,-0.189879,0.246731,-0.410944,-0.251335
2026-07-20 14:33:48.400,139.599868,0.000000,0.000000,0.000000,0.320171,-0.388134,-0.279753,0.123957,-0.352258,-0.278560,0.222064,-0.370196,-0.279156,0.188947,-0.401158,-0.252884,0.204926,-0.416412,-0.190052,0.246398,-0.409420,-0.250402
2026-07-20 14:33:48.500,139.699868,0.000000,0.000000,0.000000,0.321507,-0.392888,-0.281683,0.124207,-0.361978,-0.279855,0.222857,-0.377433,-0.280769,0.189330,-0.408659,-0.255817,0.205309,-0.423913,-0.192980,0.247387,-0.418088,-0.253464
2026-07-20 14:33:48.600,139.799868,0.000000,0.000000,0.000000,0.320852,-0.387249,-0.279931,0.123776,-0.356293,-0.278991,0.222314,-0.371771,-0.279461,0.188988,-0.402071,-0.254017,0.205788,-0.417427,-0.192065,0.245981,-0.412362,-0.250856
2026-07-20 14:33:48.700,139.899868,0.000000,0.000000,0.000000,0.320878,-0.387756,-0.280070,0.123880,-0.355793,-0.279078,0.222379,-0.371774,-0.279574,0.189015,-0.402578,-0.254155,0.205628,-0.418901,-0.192368,0.246836,-0.412971,-0.251889
2026-07-20 14:33:48.800,139.999867,0.000000,0.000000,0.000000,0.321192,-0.386807,-0.280021,0.123892,-0.355897,-0.278193,0.222542,-0.371352,-0.279107,0.189015,-0.402578,-0.254155,0.206447,-0.419002,-0.193253,0.246836,-0.412971,-0.251889
2026-07-20 14:33:48.900,140.099867,0.000000,0.000000,0.000000,0.321350,-0.389847,-0.280852,0.124205,-0.356923,-0.278919,0.222777,-0.373385,-0.279886,0.189172,-0.405619,-0.254986,0.206605,-0.422043,-0.194084,0.246758,-0.416975,-0.252808
2026-07-20 14:33:49.000,140.199867,0.000000,0.000000,0.000000,0.320904,-0.388262,-0.280208,0.124062,-0.354285,-0.279114,0.222483,-0.371274,-0.279661,0.189041,-0.403085,-0.254294,0.207481,-0.418642,-0.194114,0.245788,-0.414238,-0.252080
2026-07-20 14:33:49.100,140.299867,0.000000,0.000000,0.000000,0.320878,-0.387756,-0.280070,0.124047,-0.353883,-0.278088,0.222463,-0.370819,-0.279079,0.189015,-0.402578,-0.254155,0.207267,-0.419103,-0.194137,0.245762,-0.413732,-0.251942
2026-07-20 14:33:49.200,140.399867,0.000000,0.000000,0.000000,0.320983,-0.389783,-0.280624,0.124218,-0.354798,-0.279478,0.222601,-0.372291,-0.280051,0.189120,-0.404605,-0.254709,0.207372,-0.421130,-0.194691,0.245867,-0.415759,-0.252496
2026-07-20 14:33:49.300,140.499867,0.000000,0.000000,0.000000,0.320930,-0.388769,-0.280347,0.124088,-0.354792,-0.279253,0.222509,-0.371781,-0.279800,0.189067,-0.403592,-0.254432,0.207496,-0.419049,-0.195103,0.245814,-0.414745,-0.252219
2026-07-20 14:33:49.400,140.599867,0.000000,0.000000,0.000000,0.320878,-0.387756,-0.280070,0.123958,-0.354786,-0.279027,0.222418,-0.371271,-0.279548,0.189015,-0.402578,-0.254155,0.207897,-0.420171,-0.195183,0.245762,-0.413732,-0.251942
2026-07-20 14:33:49.500,140.699867,0.000000,0.000000,0.000000,0.321244,-0.387820,-0.280298,0.124022,-0.355903,-0.278418,0.222633,-0.371862,-0.279358,0.189067,-0.403592,-0.254432,0.208138,-0.420217,-0.195299,0.245814,-0.414745,-0.252219
2026-07-20 14:33:49.600,140.799867,0.000000,0.000000,0.000000,0.320983,-0.389783,-0.280624,0.124152,-0.355910,-0.278642,0.222568,-0.372846,-0.279633,0.189120,-0.404605,-0.254709,0.209021,-0.421432,-0.195610,0.246101,-0.414794,-0.252408
2026-07-20 14:33:49.700,140.899867,0.000000,0.000000,0.000000,0.321035,-0.390796,-0.280901,0.124127,-0.357930,-0.278972,0.222581,-0.374363,-0.279936,0.189009,-0.406601,-0.255071,0.209074,-0.422445,-0.195887,0.245919,-0.416772,-0.252773
2026-07-20 14:33:49.800,140.999866,0.000000,0.000000,0.000000,0.320878,-0.387756,-0.280070,0.124036,-0.353779,-0.278976,0.222457,-0.370767,-0.279523,0.189850,-0.402780,-0.254190,0.208726,-0.420372,-0.195218,0.245996,-0.412767,-0.251854
2026-07-20 14:33:49.900,141.099866,0.000000,0.000000,0.000000,0.320720,-0.384715,-0.279239,0.123878,-0.350738,-0.278145,0.222299,-0.367727,-0.278692,0.189693,-0.399740,-0.253359,0.209589,-0.416565,-0.194260,0.245369,-0.411656,-0.251198
2026-07-20 14:33:50.000,141.199866,0.000000,0.000000,0.000000,0.320930,-0.388769,-0.280347,0.124088,-0.354792,-0.279253,0.222509,-0.371781,-0.279800,0.189738,-0.404776,-0.254552,0.209788,-0.420519,-0.196218,0.246049,-0.413781,-0.252131
2026-07-20 14:33:50.100,141.299866,0.000000,0.000000,0.000000,0.320878,-0.387756,-0.280070,0.123958,-0.354786,-0.279027,0.222418,-0.371271,-0.279548,0.189850,-0.402780,-0.254190,0.210565,-0.419707,-0.195975,0.245762,-0.413732,-0.251942
2026-07-20 14:33:50.200,141.399866,0.000000,0.000000,0.000000,0.320878,-0.387756,-0.280070,0.123958,-0.354786,-0.279027,0.222418,-0.371271,-0.279548,0.189686,-0.403762,-0.254275,0.211396,-0.419907,-0.196010,0.245762,-0.413732,-0.251942
2026-07-20 14:33:50.300,141.499866,0.000000,0.000000,0.000000,0.320930,-0.388769,-0.280347,0.124022,-0.355903,-0.278418,0.222476,-0.372336,-0.279382,0.189903,-0.403794,-0.254467,0.211448,-0.420921,-0.196287,0.245814,-0.414745,-0.252219
2026-07-20 14:33:50.400,141.599866,0.000000,0.000000,0.000000,0.320825,-0.386742,-0.279793,0.123828,-0.354779,-0.278801,0.222327,-0.370761,-0.279297,0.189798,-0.401767,-0.253913,0.212162,-0.418995,-0.196617,0.245944,-0.411754,-0.251577
2026-07-20 14:33:50.500,141.699866,0.000000,0.000000,0.000000,0.321035,-0.390796,-0.280901,0.124193,-0.356819,-0.279807,0.222614,-0.373808,-0.280354,0.190008,-0.405821,-0.255021,0.213203,-0.423250,-0.197760,0.246154,-0.415808,-0.252685
2026-07-20 14:33:50.600,141.799866,0.000000,0.000000,0.000000,0.320983,-0.389783,-0.280624,0.124063,-0.356813,-0.279581,0.222523,-0.373298,-0.280102,0.189955,-0.404807,-0.254744,0.213150,-0.422236,-0.197483,0.245867,-0.415759,-0.252496
2026-07-20 14:33:50.700,141.899866,0.000000,0.000000,0.000000,0.320459,-0.386678,-0.279565,0.123775,-0.353766,-0.278524,0.222117,-0.370222,-0.279045,0.189745,-0.400753,-0.253636,0.213563,-0.419249,-0.197417,0.245891,-0.410740,-0.251300
2026-07-20 14:33:50.800,141.999866,0.000000,0.000000,0.000000,0.321350,-0.389847,-0.280852,0.124038,-0.358833,-0.279909,0.222694,-0.374340,-0.280380,0.190008,-0.405821,-0.255021,0.213826,-0.424316,-0.198802,0.246154,-0.415808,-0.252685
2026-07-20 14:33:50.900,142.099865,0.000000,0.000000,0.000000,0.321034,-0.383766,-0.279190,0.123812,-0.351849,-0.277310,0.222423,-0.367808,-0.278250,0.190528,-0.399942,-0.253393,0.214340,-0.418436,-0.197174,0.245604,-0.410691,-0.251111
2026-07-20 14:33:51.000,142.199865,0.000000,0.000000,0.000000,0.321088,-0.391810,-0.281178,0.124168,-0.358840,-0.280135,0.222628,-0.375325,-0.280656,0.190896,-0.407036,-0.255333,0.214696,-0.425431,-0.199962,0.245972,-0.417786,-0.253050
2026-07-20 14:33:51.100,142.299865,0.000000,0.000000,0.000000,0.320878,-0.387756,-0.280070,0.123958,-0.354786,-0.279027,0.222418,-0.371271,-0.279548,0.190686,-0.402982,-0.254225,0.215514,-0.420612,-0.198732,0.245157,-0.412564,-0.251820
2026-07-20 14:33:51.200,142.399865,0.000000,0.000000,0.000000,0.320406,-0.385664,-0.279288,0.123812,-0.351849,-0.277310,0.222109,-0.368757,-0.278299,0.190528,-0.399942,-0.253393,0.215345,-0.417471,-0.198751,0.244999,-0.409524,-0.250989
2026-07-20 14:33:51.300,142.499865,0.000000,0.000000,0.000000,0.320721,-0.391745,-0.280950,0.124193,-0.356819,-0.279807,0.222457,-0.374282,-0.280378,0.190843,-0.406023,-0.255056,0.216690,-0.422788,-0.200293,0.245919,-0.416772,-0.252773
2026-07-20 14:33:51.400,142.599865,0.000000,0.000000,0.000000,0.320669,-0.390732,-0.280673,0.123985,-0.357820,-0.279632,0.222327,-0.374276,-0.280153,0.191626,-0.405212,-0.254813,0.216637,-0.421775,-0.200016,0.245262,-0.414591,-0.252374
2026-07-20 14:33:51.500,142.699865,0.000000,0.000000,0.000000,0.321507,-0.392888,-0.281683,0.124273,-0.360867,-0.280689,0.222890,-0.376877,-0.281186,0.192003,-0.408284,-0.255837,0.217668,-0.425930,-0.202009,0.245238,-0.419610,-0.253569
2026-07-20 14:33:51.600,142.799865,0.000000,0.000000,0.000000,0.320720,-0.384715,-0.279239,0.123812,-0.351849,-0.277310,0.222266,-0.368282,-0.278274,0.191530,-0.399163,-0.253344,0.217395,-0.415843,-0.199362,0.244999,-0.409524,-0.250989
2026-07-20 14:33:51.700,142.899865,0.000000,0.000000,0.000000,0.320825,-0.386742,-0.279793,0.123905,-0.353772,-0.278750,0.222365,-0.370257,-0.279271,0.191635,-0.401190,-0.253898,0.218120,-0.418936,-0.200956,0.245338,-0.410586,-0.251455
2026-07-20 14:33:51.800,142.999865,0.000000,0.000000,0.000000,0.321035,-0.390796,-0.280901,0.124038,-0.358833,-0.279909,0.222537,-0.374815,-0.280405,0.192682,-0.405446,-0.255040,0.218330,-0.422990,-0.202064,0.245548,-0.414640,-0.252563
2026-07-20 14:33:51.900,143.099864,0.000000,0.000000,0.000000,0.320878,-0.387756,-0.280070,0.124036,-0.353779,-0.278976,0.222457,-0.370767,-0.279523,0.192525,-0.402406,-0.254209,0.218993,-0.420051,-0.202119,0.245390,-0.411600,-0.251732
2026-07-20 14:33:52.000,143.199864,0.000000,0.000000,0.000000,0.320720,-0.384715,-0.279239,0.124666,-0.351955,-0.278232,0.222693,-0.368335,-0.278735,0.192367,-0.399365,-0.253378,0.218824,-0.416910,-0.202139,0.245466,-0.407595,-0.250814
2026-07-20 14:33:52.100,143.299864,0.000000,0.000000,0.000000,0.320930,-0.388769,-0.280347,0.124011,-0.355799,-0.279304,0.222470,-0.372284,-0.279825,0.192577,-0.403419,-0.254486,0.220069,-0.420201,-0.203130,0.245443,-0.412613,-0.252009
2026-07-20 14:33:52.200,143.399864,0.000000,0.000000,0.000000,0.320563,-0.381675,-0.278408,0.123565,-0.349712,-0.277416,0.222064,-0.365693,-0.277912,0.192377,-0.395343,-0.252463,0.219894,-0.412041,-0.201894,0.245309,-0.404554,-0.249983
2026-07-20 14:33:52.300,143.499864,0.000000,0.000000,0.000000,0.320983,-0.389783,-0.280624,0.124063,-0.356813,-0.279581,0.222523,-0.373298,-0.280102,0.192797,-0.403451,-0.254679,0.221148,-0.420351,-0.204145,0.245718,-0.412561,-0.253061
2026-07-20 14:33:52.400,143.599864,0.000000,0.000000,0.000000,0.320720,-0.384715,-0.279239,0.123723,-0.352752,-0.278247,0.222221,-0.368734,-0.278743,0.192535,-0.398384,-0.253294,0.220669,-0.416148,-0.203761,0.245455,-0.407493,-0.251676
2026-07-20 14:33:52.500,143.699864,0.000000,0.000000,0.000000,0.320878,-0.387756,-0.280070,0.124113,-0.352771,-0.278924,0.222496,-0.370264,-0.279497,0.193350,-0.402507,-0.255101,0.220827,-0.419188,-0.204592,0.245379,-0.411499,-0.252593
2026-07-20 14:33:52.600,143.799864,0.000000,0.000000,0.000000,0.320878,-0.387756,-0.280070,0.123958,-0.354786,-0.279027,0.222418,-0.371271,-0.279548,0.192692,-0.401424,-0.254125,0.220827,-0.419188,-0.204592,0.245613,-0.410534,-0.252507
2026-07-20 14:33:52.700,143.899864,0.000000,0.000000,0.000000,0.320773,-0.385729,-0.279516,0.123931,-0.351752,-0.278422,0.222352,-0.368740,-0.278969,0.193414,-0.399499,-0.254463,0.220915,-0.416096,-0.204743,0.245274,-0.409472,-0.252039
2026-07-20 14:33:52.800,143.999864,0.000000,0.000000,0.000000,0.320878,-0.387756,-0.280070,0.124745,-0.356002,-0.279114,0.222811,-0.371879,-0.279592,0.193519,-0.401526,-0.255017,0.220816,-0.419088,-0.205445,0.245613,-0.410534,-0.252507
2026-07-20 14:33:52.900,144.099864,0.000000,0.000000,0.000000,0.320983,-0.389783,-0.280624,0.124063,-0.356813,-0.279581,0.222523,-0.373298,-0.280102,0.193624,-0.403553,-0.255571,0.220921,-0.421115,-0.205999,0.244876,-0.412357,-0.253026
2026-07-20 14:33:53.000,144.199863,0.000000,0.000000,0.000000,0.321035,-0.390796,-0.280901,0.124193,-0.356819,-0.279807,0.222614,-0.373808,-0.280354,0.193676,-0.404567,-0.255848,0.220973,-0.422128,-0.206276,0.244928,-0.413371,-0.253303
2026-07-20 14:33:53.100,144.299863,0.000000,0.000000,0.000000,0.321140,-0.392823,-0.281455,0.124143,-0.360860,-0.280463,0.222642,-0.376842,-0.280959,0.193781,-0.406594,-0.256402,0.221078,-0.424155,-0.206830,0.245033,-0.415398,-0.253857
2026-07-20 14:33:53.200,144.399863,0.000000,0.000000,0.000000,0.320459,-0.386678,-0.279565,0.123853,-0.352759,-0.278473,0.222156,-0.369718,-0.279019,0.193414,-0.399499,-0.254463,0.220506,-0.418026,-0.205038,0.244433,-0.409268,-0.252004
2026-07-20 14:33:53.300,144.499863,0.000000,0.000000,0.000000,0.320930,-0.388769,-0.280347,0.124955,-0.355002,-0.279289,0.222942,-0.371885,-0.279818,0.193403,-0.403521,-0.255378,0.220857,-0.420001,-0.206574,0.245899,-0.410583,-0.252698
2026-07-20 14:33:53.400,144.599863,0.000000,0.000000,0.000000,0.320878,-0.387756,-0.280070,0.123958,-0.354786,-0.279027,0.222418,-0.371271,-0.279548,0.193350,-0.402507,-0.255101,0.221009,-0.418023,-0.206150,0.245003,-0.409365,-0.252386
2026-07-20 14:33:53.500,144.699863,0.000000,0.000000,0.000000,0.320930,-0.388769,-0.280347,0.124088,-0.354792,-0.279253,0.222509,-0.371781,-0.279800,0.193571,-0.402540,-0.255294,0.220857,-0.420001,-0.206574,0.244823,-0.411344,-0.252749
2026-07-20 14:33:53.600,144.799863,0.000000,0.000000,0.000000,0.320563,-0.381675,-0.278408,0.123565,-0.349712,-0.277416,0.222064,-0.365693,-0.277912,0.193204,-0.395445,-0.253355,0.220489,-0.412907,-0.204635,0.244455,-0.404249,-0.250810
2026-07-20 14:33:53.700,144.899863,0.000000,0.000000,0.000000,0.320720,-0.384715,-0.279239,0.123800,-0.351745,-0.278196,0.222260,-0.368230,-0.278717,0.193361,-0.398486,-0.254186,0.220647,-0.415947,-0.205466,0.244613,-0.407290,-0.251641
2026-07-20 14:33:53.800,144.999863,0.000000,0.000000,0.000000,0.320773,-0.385729,-0.279516,0.123853,-0.352759,-0.278473,0.222313,-0.369244,-0.278994,0.193425,-0.399600,-0.253605,0.220904,-0.415996,-0.205596,0.244665,-0.408303,-0.251918
2026-07-20 14:33:53.900,145.099863,0.000000,0.000000,0.000000,0.320773,-0.385729,-0.279516,0.123931,-0.351752,-0.278422,0.222352,-0.368740,-0.278969,0.193245,-0.400480,-0.254547,0.220904,-0.415996,-0.205596,0.244665,-0.408303,-0.251918
2026-07-20 14:33:54.000,145.199862,0.000000,0.000000,0.000000,0.321244,-0.387820,-0.280298,0.123933,-0.356806,-0.279355,0.222589,-0.372313,-0.279826,0.193571,-0.402540,-0.255294,0.221062,-0.419036,-0.206427,0.244590,-0.412309,-0.252835
2026-07-20 14:33:54.100,145.299862,0.000000,0.000000,0.000000,0.320564,-0.388705,-0.280119,0.124036,-0.353779,-0.278976,0.222300,-0.371242,-0.279547,0.193530,-0.401627,-0.254159,0.220805,-0.418988,-0.206297,0.244771,-0.410330,-0.252472
2026-07-20 14:33:54.200,145.399862,0.000000,0.000000,0.000000,0.321035,-0.390796,-0.280901,0.124127,-0.357930,-0.278972,0.222581,-0.374363,-0.279936,0.193676,-0.404567,-0.255848,0.220962,-0.422028,-0.207128,0.244928,-0.413371,-0.253303
2026-07-20 14:33:54.300,145.499862,0.000000,0.000000,0.000000,0.320773,-0.385729,-0.279516,0.123775,-0.353766,-0.278524,0.222274,-0.369747,-0.279020,0.193414,-0.399499,-0.254463,0.220700,-0.416961,-0.205743,0.244665,-0.408303,-0.251918
2026-07-20 14:33:54.400,145.599862,0.000000,0.000000,0.000000,0.305583,-0.411667,-0.268031,0.110077,-0.371134,-0.268156,0.207830,-0.391400,-0.268093,0.177599,-0.420695,-0.242671,0.204433,-0.436643,-0.193348,0.228683,-0.430401,-0.239764
2026-07-20 14:33:54.500,145.699862,0.000000,0.000000,0.000000,0.321244,-0.387820,-0.280298,0.123933,-0.356806,-0.279355,0.222589,-0.372313,-0.279826,0.193571,-0.402540,-0.255294,0.220228,-0.418835,-0.206393,0.244590,-0.412309,-0.252835
2026-07-20 14:33:54.600,145.799862,0.000000,0.000000,0.000000,0.320930,-0.388769,-0.280347,0.124011,-0.355799,-0.279304,0.222470,-0.372284,-0.279825,0.193571,-0.402540,-0.255294,0.220014,-0.419700,-0.207391,0.244823,-0.411344,-0.252749
2026-07-20 14:33:54.700,145.899862,0.000000,0.000000,0.000000,0.320721,-0.391745,-0.280950,0.124116,-0.357826,-0.279858,0.222418,-0.374786,-0.280404,0.193676,-0.404567,-0.255848,0.220119,-0.421727,-0.207945,0.244928,-0.413371,-0.253303
2026-07-20 14:33:54.800,145.999862,0.000000,0.000000,0.000000,0.321088,-0.391810,-0.281178,0.124168,-0.358840,-0.280135,0.222628,-0.375325,-0.280656,0.193740,-0.405681,-0.255267,0.220171,-0.422740,-0.208222,0.245213,-0.413419,-0.253494
2026-07-20 14:33:54.900,146.099862,0.000000,0.000000,0.000000,0.320878,-0.387756,-0.280070,0.123958,-0.354786,-0.279027,0.222418,-0.371271,-0.279548,0.193519,-0.401526,-0.255017,0.219961,-0.418686,-0.207114,0.244771,-0.410330,-0.252472
2026-07-20 14:33:55.000,146.199862,0.000000,0.000000,0.000000,0.321350,-0.389847,-0.280852,0.124193,-0.356819,-0.279807,0.222771,-0.373333,-0.280329,0.193688,-0.404667,-0.254990,0.220119,-0.421727,-0.207945,0.244928,-0.413371,-0.253303
2026-07-20 14:33:55.100,146.299861,0.000000,0.000000,0.000000,0.320615,-0.382688,-0.278685,0.124561,-0.349928,-0.277678,0.222588,-0.366308,-0.278181,0.193267,-0.396559,-0.252774,0.218866,-0.413417,-0.205695,0.244508,-0.405263,-0.251087
2026-07-20 14:33:55.200,146.399861,0.000000,0.000000,0.000000,0.320511,-0.387691,-0.279842,0.123905,-0.353772,-0.278750,0.222208,-0.370732,-0.279296,0.193477,-0.400613,-0.253882,0.219076,-0.417471,-0.206803,0.244718,-0.409317,-0.252195
2026-07-20 14:33:55.300,146.499861,0.000000,0.000000,0.000000,0.320878,-0.387756,-0.280070,0.123958,-0.354786,-0.279027,0.222418,-0.371271,-0.279548,0.193699,-0.400646,-0.254075,0.219129,-0.418485,-0.207080,0.244771,-0.410330,-0.252472
2026-07-20 14:33:55.400,146.599861,0.000000,0.000000,0.000000,0.320930,-0.388769,-0.280347,0.124088,-0.354792,-0.279253,0.222509,-0.371781,-0.279800,0.193751,-0.401659,-0.254352,0.219384,-0.418533,-0.207211,0.244823,-0.411344,-0.252749
2026-07-20 14:33:55.500,146.699861,0.000000,0.000000,0.000000,0.321088,-0.391810,-0.281178,0.124246,-0.357833,-0.280084,0.222667,-0.374821,-0.280631,0.193909,-0.404700,-0.255183,0.219552,-0.421673,-0.207189,0.244981,-0.414384,-0.253580
2026-07-20 14:33:55.600,146.799861,0.000000,0.000000,0.000000,0.320878,-0.387756,-0.280070,0.124036,-0.353779,-0.278976,0.222457,-0.370767,-0.279523,0.193699,-0.400646,-0.254075,0.219342,-0.417619,-0.206081,0.245014,-0.409467,-0.251522
2026-07-20 14:33:55.700,146.899861,0.000000,0.000000,0.000000,0.320983,-0.389783,-0.280624,0.124141,-0.355806,-0.279530,0.222562,-0.372794,-0.280077,0.193804,-0.402673,-0.254629,0.219245,-0.420612,-0.206782,0.244876,-0.412357,-0.253026
2026-07-20 14:33:55.800,146.999861,0.000000,0.000000,0.000000,0.321034,-0.383766,-0.279190,0.123800,-0.351745,-0.278196,0.222417,-0.367756,-0.278693,0.194210,-0.398789,-0.253363,0.219196,-0.414679,-0.204397,0.244846,-0.406325,-0.251555
2026-07-20 14:33:55.900,147.099861,0.000000,0.000000,0.000000,0.320878,-0.387756,-0.280070,0.123958,-0.354786,-0.279027,0.222418,-0.371271,-0.279548,0.194368,-0.401830,-0.254194,0.218319,-0.418484,-0.205341,0.244782,-0.410431,-0.251610
2026-07-20 14:33:56.000,147.199861,0.000000,0.000000,0.000000,0.320878,-0.387756,-0.280070,0.124113,-0.352771,-0.278924,0.222496,-0.370264,-0.279497,0.194368,-0.401830,-0.254194,0.218531,-0.417618,-0.204340,0.245014,-0.409467,-0.251522
2026-07-20 14:33:56.100,147.299860,0.000000,0.000000,0.000000,0.321244,-0.387820,-0.280298,0.124088,-0.354792,-0.279253,0.222666,-0.371306,-0.279775,0.194420,-0.402843,-0.254471,0.217750,-0.418430,-0.204582,0.244834,-0.411445,-0.251887
2026-07-20 14:33:56.200,147.399860,0.000000,0.000000,0.000000,0.320825,-0.386742,-0.279793,0.123905,-0.353772,-0.278750,0.222365,-0.370257,-0.279271,0.194485,-0.399835,-0.253833,0.217656,-0.416504,-0.203175,0.244962,-0.408453,-0.251245
2026-07-20 14:33:56.300,147.499860,0.000000,0.000000,0.000000,0.320721,-0.391745,-0.280950,0.124193,-0.356819,-0.279807,0.222457,-0.374282,-0.280378,0.194695,-0.403889,-0.254941,0.217044,-0.420456,-0.203395,0.244939,-0.413472,-0.252441
2026-07-20 14:33:56.400,147.599860,0.000000,0.000000,0.000000,0.320826,-0.393772,-0.281504,0.124221,-0.359853,-0.280412,0.222523,-0.376813,-0.280958,0.194800,-0.405916,-0.255495,0.216327,-0.422382,-0.203061,0.245277,-0.414534,-0.252907
2026-07-20 14:33:56.500,147.699860,0.000000,0.000000,0.000000,0.321035,-0.390796,-0.280901,0.124193,-0.356819,-0.279807,0.222614,-0.373808,-0.280354,0.194525,-0.404870,-0.255025,0.216222,-0.420355,-0.202507,0.244707,-0.414437,-0.252528
2026-07-20 14:33:56.600,147.799860,0.000000,0.000000,0.000000,0.321034,-0.383766,-0.279190,0.123878,-0.350738,-0.278145,0.222456,-0.367252,-0.278667,0.194380,-0.397808,-0.253279,0.215918,-0.414374,-0.199992,0.244857,-0.406426,-0.250691
2026-07-20 14:33:56.700,147.899860,0.000000,0.000000,0.000000,0.320511,-0.387691,-0.279842,0.123983,-0.352765,-0.278699,0.222247,-0.370228,-0.279270,0.194496,-0.399936,-0.252974,0.214992,-0.417166,-0.200665,0.244729,-0.409418,-0.251333
2026-07-20 14:33:56.800,147.999860,0.000000,0.000000,0.000000,0.321139,-0.385793,-0.279744,0.123917,-0.353876,-0.277864,0.222528,-0.369835,-0.278804,0.194485,-0.399835,-0.253833,0.215003,-0.417266,-0.199812,0.244729,-0.409418,-0.251333
2026-07-20 14:33:56.900,148.099860,0.000000,0.000000,0.000000,0.320825,-0.386742,-0.279793,0.124061,-0.351758,-0.278647,0.222443,-0.369250,-0.279220,0.194485,-0.399835,-0.253833,0.215212,-0.416400,-0.198805,0.244962,-0.408453,-0.251245
2026-07-20 14:33:57.000,148.199860,0.000000,0.000000,0.000000,0.321140,-0.392823,-0.281455,0.124221,-0.359853,-0.280412,0.222681,-0.376338,-0.280933,0.194800,-0.405916,-0.255495,0.214301,-0.424212,-0.200743,0.245277,-0.414534,-0.252907
2026-07-20 14:33:57.100,148.299860,0.000000,0.000000,0.000000,0.320825,-0.386742,-0.279793,0.124061,-0.351758,-0.278647,0.222443,-0.369250,-0.279220,0.194485,-0.399835,-0.253833,0.214193,-0.417265,-0.198073,0.245194,-0.407488,-0.251158
2026-07-20 14:33:57.200,148.399859,0.000000,0.000000,0.000000,0.320878,-0.387756,-0.280070,0.124047,-0.353883,-0.278088,0.222463,-0.370819,-0.279079,0.194537,-0.400849,-0.254110,0.214049,-0.419244,-0.198507,0.245014,-0.409467,-0.251522
2026-07-20 14:33:57.300,148.499859,0.000000,0.000000,0.000000,0.320825,-0.386742,-0.279793,0.123983,-0.352765,-0.278699,0.222404,-0.369754,-0.279246,0.194485,-0.399835,-0.253833,0.214008,-0.418331,-0.197379,0.244962,-0.408453,-0.251245
2026-07-20 14:33:57.400,148.599859,0.000000,0.000000,0.000000,0.320720,-0.384715,-0.279239,0.123878,-0.350738,-0.278145,0.222299,-0.367727,-0.278692,0.193541,-0.397605,-0.253244,0.213267,-0.415137,-0.196633,0.245089,-0.405461,-0.250604
2026-07-20 14:33:57.500,148.699859,0.000000,0.000000,0.000000,0.321139,-0.385793,-0.279744,0.123995,-0.352869,-0.277811,0.222567,-0.369331,-0.278778,0.193646,-0.399632,-0.253798,0.213372,-0.417164,-0.197187,0.244962,-0.408453,-0.251245
2026-07-20 14:33:57.600,148.799859,0.000000,0.000000,0.000000,0.320720,-0.384715,-0.279239,0.123890,-0.350842,-0.277257,0.222305,-0.367779,-0.278248,0.193541,-0.397605,-0.253244,0.213278,-0.415237,-0.195780,0.244857,-0.406426,-0.250691
2026-07-20 14:33:57.700,148.899859,0.000000,0.000000,0.000000,0.320669,-0.390732,-0.280673,0.124063,-0.356813,-0.279581,0.222366,-0.373772,-0.280127,0.193635,-0.403654,-0.254713,0.213345,-0.421270,-0.197324,0.245352,-0.410529,-0.251989
2026-07-20 14:33:57.800,148.999859,0.000000,0.000000,0.000000,0.320564,-0.388705,-0.280119,0.124036,-0.353779,-0.278976,0.222300,-0.371242,-0.279547,0.193530,-0.401627,-0.254159,0.213240,-0.419243,-0.196770,0.245247,-0.408502,-0.251435
2026-07-20 14:33:57.900,149.099859,0.000000,0.000000,0.000000,0.320301,-0.383637,-0.278734,0.123707,-0.349822,-0.276756,0.222004,-0.366730,-0.277745,0.192597,-0.395376,-0.252655,0.213184,-0.413310,-0.194374,0.245829,-0.403638,-0.250085
2026-07-20 14:33:58.000,149.199859,0.000000,0.000000,0.000000,0.320878,-0.387756,-0.280070,0.123892,-0.355897,-0.278193,0.222385,-0.371826,-0.279132,0.192860,-0.400443,-0.254040,0.213252,-0.419343,-0.195919,0.246091,-0.408706,-0.251470
2026-07-20 14:33:58.100,149.299859,0.000000,0.000000,0.000000,0.320878,-0.387756,-0.280070,0.123958,-0.354786,-0.279027,0.222418,-0.371271,-0.279548,0.192703,-0.401525,-0.253267,0.213252,-0.419343,-0.195919,0.245857,-0.409671,-0.251557
2026-07-20 14:33:58.200,149.399858,0.000000,0.000000,0.000000,0.320983,-0.389783,-0.280624,0.124230,-0.354903,-0.278590,0.222606,-0.372343,-0.279607,0.192809,-0.403552,-0.253821,0.213357,-0.421370,-0.196473,0.246196,-0.410733,-0.252024
2026-07-20 14:33:58.300,149.499858,0.000000,0.000000,0.000000,0.320930,-0.388769,-0.280347,0.124100,-0.354896,-0.278365,0.222515,-0.371833,-0.279356,0.192577,-0.403419,-0.254486,0.213315,-0.420457,-0.195345,0.246988,-0.409924,-0.251782
2026-07-20 14:33:58.400,149.599858,0.000000,0.000000,0.000000,0.320983,-0.389783,-0.280624,0.124075,-0.356917,-0.278695,0.222529,-0.373350,-0.279659,0.191793,-0.404230,-0.254729,0.213368,-0.421470,-0.195622,0.247040,-0.410937,-0.252059
2026-07-20 14:33:58.500,149.699858,0.000000,0.000000,0.000000,0.320930,-0.388769,-0.280347,0.124022,-0.355903,-0.278418,0.222476,-0.372336,-0.279382,0.191740,-0.403217,-0.254452,0.213510,-0.419491,-0.195184,0.246988,-0.409924,-0.251782
2026-07-20 14:33:58.600,149.799858,0.000000,0.000000,0.000000,0.320774,-0.392759,-0.281227,0.124090,-0.359847,-0.280186,0.222432,-0.376303,-0.280707,0.191732,-0.407239,-0.255367,0.213278,-0.424463,-0.196337,0.246911,-0.413928,-0.252701
2026-07-20 14:33:58.700,149.899858,0.000000,0.000000,0.000000,0.321035,-0.390796,-0.280901,0.124205,-0.356923,-0.278919,0.222620,-0.373860,-0.279910,0.191679,-0.406225,-0.255090,0.212589,-0.422283,-0.195864,0.246858,-0.412915,-0.252423
2026-07-20 14:33:58.800,149.999858,0.000000,0.000000,0.000000,0.320564,-0.388705,-0.280119,0.123958,-0.354786,-0.279027,0.222261,-0.371745,-0.279573,0.191521,-0.403185,-0.254259,0.212431,-0.419242,-0.195033,0.246701,-0.409875,-0.251593
2026-07-20 14:33:58.900,150.099858,0.000000,0.000000,0.000000,0.320564,-0.388705,-0.280119,0.123892,-0.355897,-0.278193,0.222228,-0.372301,-0.279156,0.191688,-0.402203,-0.254175,0.212237,-0.420208,-0.195194,0.246466,-0.410839,-0.251680
2026-07-20 14:33:59.000,150.199858,0.000000,0.000000,0.000000,0.320982,-0.382753,-0.278913,0.123759,-0.350836,-0.277033,0.222371,-0.366794,-0.277973,0.191478,-0.398149,-0.253067,0.212027,-0.416154,-0.194086,0.246490,-0.405821,-0.250485
2026-07-20 14:33:59.100,150.299858,0.000000,0.000000,0.000000,0.320773,-0.385729,-0.279516,0.123865,-0.352863,-0.277587,0.222319,-0.369296,-0.278551,0.191583,-0.400176,-0.253621,0.212326,-0.417215,-0.194479,0.246596,-0.407848,-0.251038
2026-07-20 14:33:59.200,150.399858,0.000000,0.000000,0.000000,0.320406,-0.385664,-0.279288,0.123800,-0.351745,-0.278196,0.222103,-0.368705,-0.278742,0.190694,-0.398960,-0.253309,0.211442,-0.416001,-0.194168,0.246543,-0.406834,-0.250761
2026-07-20 14:33:59.300,150.499857,0.000000,0.000000,0.000000,0.320826,-0.393772,-0.281504,0.124221,-0.359853,-0.280412,0.222523,-0.376813,-0.280958,0.191114,-0.407068,-0.255525,0.211863,-0.424109,-0.196384,0.246729,-0.415906,-0.253065
2026-07-20 14:33:59.400,150.599857,0.000000,0.000000,0.000000,0.320825,-0.386742,-0.279793,0.123839,-0.354884,-0.277916,0.222332,-0.370813,-0.278855,0.190799,-0.400987,-0.253863,0.211547,-0.418028,-0.194722,0.246413,-0.409825,-0.251403
2026-07-20 14:33:59.500,150.699857,0.000000,0.000000,0.000000,0.320720,-0.384715,-0.279239,0.123734,-0.352857,-0.277362,0.222227,-0.368786,-0.278301,0.190694,-0.398960,-0.253309,0.211442,-0.416001,-0.194168,0.246543,-0.406834,-0.250761
2026-07-20 14:33:59.600,150.799857,0.000000,0.000000,0.000000,0.320878,-0.387756,-0.280070,0.123958,-0.354786,-0.279027,0.222418,-0.371271,-0.279548,0.190686,-0.402982,-0.254225,0.211600,-0.419041,-0.194999,0.246466,-0.410839,-0.251680
2026-07-20 14:33:59.700,150.899857,0.000000,0.000000,0.000000,0.320564,-0.388705,-0.280119,0.124036,-0.353779,-0.278976,0.222300,-0.371242,-0.279547,0.190851,-0.402001,-0.254140,0.211407,-0.420007,-0.195160,0.246466,-0.410839,-0.251680
2026-07-20 14:33:59.800,150.999857,0.000000,0.000000,0.000000,0.320720,-0.384715,-0.279239,0.123890,-0.350842,-0.277257,0.222305,-0.367779,-0.278248,0.190528,-0.399942,-0.253393,0.210611,-0.415800,-0.194133,0.246308,-0.407798,-0.250849
2026-07-20 14:33:59.900,151.099857,0.000000,0.000000,0.000000,0.320197,-0.388640,-0.279891,0.123983,-0.352765,-0.278699,0.222090,-0.370703,-0.279295,0.190799,-0.400987,-0.253863,0.210716,-0.417827,-0.194687,0.246648,-0.408861,-0.251315
2026-07-20 14:34:00.000,151.199857,0.000000,0.000000,0.000000,0.321140,-0.392823,-0.281455,0.124232,-0.359957,-0.279526,0.222686,-0.376390,-0.280490,0.191114,-0.407068,-0.255525,0.211031,-0.423908,-0.196349,0.246729,-0.415906,-0.253065
2026-07-20 14:34:00.100,151.299857,0.000000,0.000000,0.000000,0.320720,-0.384715,-0.279239,0.123878,-0.350738,-0.278145,0.222299,-0.367727,-0.278692,0.190528,-0.399942,-0.253393,0.210419,-0.416766,-0.194294,0.246543,-0.406834,-0.250761
2026-07-20 14:34:00.200,151.399857,0.000000,0.000000,0.000000,0.320669,-0.390732,-0.280673,0.124063,-0.356813,-0.279581,0.222366,-0.373772,-0.280127,0.190956,-0.404028,-0.254694,0.210874,-0.420867,-0.195518,0.246571,-0.412866,-0.252234
2026-07-20 14:34:00.300,151.499856,0.000000,0.000000,0.000000,0.320511,-0.387691,-0.279842,0.123995,-0.352869,-0.277811,0.222253,-0.370280,-0.278827,0.190799,-0.400987,-0.253863,0.210716,-0.417827,-0.194687,0.246413,-0.409825,-0.251403
2026-07-20 14:34:00.400,151.599856,0.000000,0.000000,0.000000,0.320982,-0.382753,-0.278913,0.123748,-0.350732,-0.277919,0.222365,-0.366742,-0.278416,0.190641,-0.397947,-0.253032,0.209929,-0.413718,-0.192809,0.246490,-0.405821,-0.250485
2026-07-20 14:34:00.500,151.699856,0.000000,0.000000,0.000000,0.320878,-0.387756,-0.280070,0.124047,-0.353883,-0.278088,0.222463,-0.370819,-0.279079,0.190851,-0.402001,-0.254140,0.209746,-0.419606,-0.195091,0.246466,-0.410839,-0.251680
2026-07-20 14:34:00.600,151.799856,0.000000,0.000000,0.000000,0.320459,-0.386678,-0.279565,0.124008,-0.350744,-0.278370,0.222233,-0.368711,-0.278968,0.190581,-0.400955,-0.253671,0.209641,-0.417579,-0.194537,0.246361,-0.408812,-0.251126
2026-07-20 14:34:00.700,151.899856,0.000000,0.000000,0.000000,0.320878,-0.387756,-0.280070,0.123970,-0.354890,-0.278141,0.222424,-0.371323,-0.279105,0.190851,-0.402001,-0.254140,0.209937,-0.418639,-0.194930,0.246231,-0.411803,-0.251767
2026-07-20 14:34:00.800,151.999856,0.000000,0.000000,0.000000,0.320878,-0.387756,-0.280070,0.123958,-0.354786,-0.279027,0.222418,-0.371271,-0.279548,0.190851,-0.402001,-0.254140,0.209937,-0.418639,-0.194930,0.246466,-0.410839,-0.251680
2026-07-20 14:34:00.900,152.099856,0.000000,0.000000,0.000000,0.320826,-0.393772,-0.281504,0.124232,-0.359957,-0.279526,0.222529,-0.376865,-0.280515,0.191114,-0.407068,-0.255525,0.210020,-0.424773,-0.195626,0.246494,-0.416871,-0.253152
2026-07-20 14:34:01.000,152.199856,0.000000,0.000000,0.000000,0.321035,-0.390796,-0.280901,0.124193,-0.356819,-0.279807,0.222614,-0.373808,-0.280354,0.190843,-0.406023,-0.255056,0.210106,-0.421779,-0.194910,0.246623,-0.413879,-0.252511
2026-07-20 14:34:01.100,152.299856,0.000000,0.000000,0.000000,0.320668,-0.383702,-0.278962,0.123759,-0.350836,-0.277033,0.222214,-0.367269,-0.277997,0.190476,-0.398928,-0.253117,0.209738,-0.414685,-0.192971,0.246021,-0.407749,-0.250659
2026-07-20 14:34:01.200,152.399856,0.000000,0.000000,0.000000,0.320774,-0.392759,-0.281227,0.124180,-0.358944,-0.279249,0.222477,-0.375851,-0.280238,0.190896,-0.407036,-0.255333,0.209968,-0.423760,-0.195349,0.246676,-0.414893,-0.252788
2026-07-20 14:34:01.300,152.499856,0.000000,0.000000,0.000000,0.320773,-0.385729,-0.279516,0.123942,-0.351856,-0.277534,0.222357,-0.368792,-0.278525,0.190581,-0.400955,-0.253671,0.209843,-0.416712,-0.193525,0.246126,-0.409776,-0.251213
2026-07-20 14:34:01.400,152.599855,0.000000,0.000000,0.000000,0.320720,-0.384715,-0.279239,0.123800,-0.351745,-0.278196,0.222260,-0.368230,-0.278717,0.190528,-0.399942,-0.253393,0.209600,-0.416665,-0.193410,0.246308,-0.407798,-0.250849
2026-07-20 14:34:01.500,152.699855,0.000000,0.000000,0.000000,0.320878,-0.387756,-0.280070,0.124047,-0.353883,-0.278088,0.222463,-0.370819,-0.279079,0.190686,-0.402982,-0.254225,0.209757,-0.419706,-0.194241,0.246466,-0.410839,-0.251680
2026-07-20 14:34:01.600,152.799855,0.000000,0.000000,0.000000,0.320773,-0.385729,-0.279516,0.123787,-0.353870,-0.277639,0.222280,-0.369799,-0.278578,0.190581,-0.400955,-0.253671,0.209843,-0.416712,-0.193525,0.246361,-0.408812,-0.251126
2026-07-20 14:34:01.700,152.899855,0.000000,0.000000,0.000000,0.320511,-0.387691,-0.279842,0.123983,-0.352765,-0.278699,0.222247,-0.370228,-0.279270,0.189962,-0.400785,-0.253828,0.209716,-0.418792,-0.193114,0.246413,-0.409825,-0.251403
2026-07-20 14:34:01.800,152.999855,0.000000,0.000000,0.000000,0.320721,-0.391745,-0.280950,0.124127,-0.357930,-0.278972,0.222424,-0.374838,-0.279961,0.190172,-0.404839,-0.254936,0.210117,-0.421880,-0.194059,0.246623,-0.413879,-0.252511
2026-07-20 14:34:01.900,153.099855,0.000000,0.000000,0.000000,0.320616,-0.389718,-0.280396,0.124088,-0.354792,-0.279253,0.222352,-0.372255,-0.279824,0.190067,-0.402812,-0.254382,0.209181,-0.419651,-0.193470,0.246284,-0.412817,-0.252044
2026-07-20 14:34:02.000,153.199855,0.000000,0.000000,0.000000,0.321140,-0.392823,-0.281455,0.124155,-0.360964,-0.279578,0.222648,-0.376894,-0.280517,0.191114,-0.407068,-0.255525,0.209391,-0.423705,-0.194578,0.246494,-0.416871,-0.253152
2026-07-20 14:34:02.100,153.299855,0.000000,0.000000,0.000000,0.321035,-0.390796,-0.280901,0.124205,-0.356923,-0.278919,0.222620,-0.373860,-0.279910,0.190172,-0.404839,-0.254936,0.209286,-0.421678,-0.194024,0.246389,-0.414844,-0.252598
2026-07-20 14:34:02.200,153.399855,0.000000,0.000000,0.000000,0.320564,-0.388705,-0.280119,0.124036,-0.353779,-0.278976,0.222300,-0.371242,-0.279547,0.190015,-0.401798,-0.254105,0.209128,-0.418638,-0.193193,0.246466,-0.410839,-0.251680
2026-07-20 14:34:02.300,153.499855,0.000000,0.000000,0.000000,0.321036,-0.397826,-0.282612,0.124431,-0.363907,-0.281520,0.222734,-0.380867,-0.282066,0.191324,-0.411122,-0.256633,0.209601,-0.427759,-0.195686,0.246704,-0.420925,-0.254260
2026-07-20 14:34:02.400,153.599854,0.000000,0.000000,0.000000,0.320616,-0.389718,-0.280396,0.124088,-0.354792,-0.279253,0.222352,-0.372255,-0.279824,0.190067,-0.402812,-0.254382,0.208991,-0.420618,-0.193633,0.246518,-0.411852,-0.251957
2026-07-20 14:34:02.500,153.699854,0.000000,0.000000,0.000000,0.321088,-0.391810,-0.281178,0.124246,-0.357833,-0.280084,0.222667,-0.374821,-0.280631,0.190896,-0.407036,-0.255333,0.209148,-0.423659,-0.194464,0.246676,-0.414893,-0.252788
2026-07-20 14:34:02.600,153.799854,0.000000,0.000000,0.000000,0.320406,-0.385664,-0.279288,0.123812,-0.351849,-0.277310,0.222109,-0.368757,-0.278299,0.189857,-0.398758,-0.253274,0.208971,-0.415597,-0.192362,0.246543,-0.406834,-0.250761
2026-07-20 14:34:02.700,153.899854,0.000000,0.000000,0.000000,0.320721,-0.391745,-0.280950,0.124127,-0.357930,-0.278972,0.222424,-0.374838,-0.279961,0.190926,-0.405532,-0.255013,0.209286,-0.421678,-0.194024,0.246389,-0.414844,-0.252598
2026-07-20 14:34:02.800,153.999854,0.000000,0.000000,0.000000,0.320878,-0.387756,-0.280070,0.123958,-0.354786,-0.279027,0.222418,-0.371271,-0.279548,0.190686,-0.402982,-0.254225,0.209128,-0.418638,-0.193193,0.246231,-0.411803,-0.251767
2026-07-20 14:34:02.900,154.099854,0.000000,0.000000,0.000000,0.320406,-0.385664,-0.279288,0.123800,-0.351745,-0.278196,0.222103,-0.368705,-0.278742,0.190528,-0.399942,-0.253393,0.208971,-0.415597,-0.192362,0.245839,-0.409727,-0.251023
2026-07-20 14:34:03.000,154.199854,0.000000,0.000000,0.000000,0.320930,-0.388769,-0.280347,0.124088,-0.354792,-0.279253,0.222509,-0.371781,-0.279800,0.189903,-0.403794,-0.254467,0.209181,-0.419651,-0.193470,0.246284,-0.412817,-0.252044
2026-07-20 14:34:03.100,154.299854,0.000000,0.000000,0.000000,0.320930,-0.388769,-0.280347,0.124011,-0.355799,-0.279304,0.222470,-0.372284,-0.279825,0.189985,-0.403303,-0.254424,0.209181,-0.419651,-0.193470,0.246284,-0.412817,-0.252044
2026-07-20 14:34:03.200,154.399854,0.000000,0.000000,0.000000,0.321297,-0.388834,-0.280575,0.123997,-0.357924,-0.278747,0.222647,-0.373379,-0.279661,0.190120,-0.403825,-0.254659,0.209043,-0.421632,-0.193910,0.246336,-0.413830,-0.252321
2026-07-20 14:34:03.300,154.499854,0.000000,0.000000,0.000000,0.320563,-0.381675,-0.278408,0.123577,-0.349816,-0.276531,0.222070,-0.365745,-0.277470,0.189535,-0.396699,-0.252528,0.208623,-0.413524,-0.191694,0.245916,-0.405722,-0.250105
2026-07-20 14:34:03.400,154.599854,0.000000,0.000000,0.000000,0.320720,-0.384715,-0.279239,0.123812,-0.351849,-0.277310,0.222266,-0.368282,-0.278274,0.189693,-0.399740,-0.253359,0.208781,-0.416564,-0.192525,0.246074,-0.408763,-0.250936
2026-07-20 14:34:03.500,154.699853,0.000000,0.000000,0.000000,0.321034,-0.383766,-0.279190,0.123878,-0.350738,-0.278145,0.222456,-0.367252,-0.278667,0.189693,-0.399740,-0.253359,0.208959,-0.415497,-0.193213,0.246914,-0.408966,-0.250971
2026-07-20 14:34:03.600,154.799853,0.000000,0.000000,0.000000,0.320720,-0.384715,-0.279239,0.123800,-0.351745,-0.278196,0.222260,-0.368230,-0.278717,0.189693,-0.399740,-0.253359,0.208770,-0.416464,-0.193375,0.247150,-0.408002,-0.250884
2026-07-20 14:34:03.700,154.899853,0.000000,0.000000,0.000000,0.320406,-0.385664,-0.279288,0.123800,-0.351745,-0.278196,0.222103,-0.368705,-0.278742,0.189693,-0.399740,-0.253359,0.208770,-0.416464,-0.193375,0.245839,-0.409727,-0.251023
2026-07-20 14:34:03.800,154.999853,0.000000,0.000000,0.000000,0.320616,-0.389718,-0.280396,0.124100,-0.354896,-0.278365,0.222358,-0.372307,-0.279381,0.189903,-0.403794,-0.254467,0.209810,-0.420719,-0.194518,0.247125,-0.413020,-0.252079
2026-07-20 14:34:03.900,155.099853,0.000000,0.000000,0.000000,0.320616,-0.389718,-0.280396,0.124177,-0.353889,-0.278313,0.222397,-0.371804,-0.279355,0.189820,-0.404285,-0.254509,0.209703,-0.421102,-0.195449,0.247125,-0.413020,-0.252079
2026-07-20 14:34:04.000,155.199853,0.000000,0.000000,0.000000,0.321193,-0.393837,-0.281732,0.124196,-0.361874,-0.280740,0.222694,-0.377855,-0.281236,0.190165,-0.408861,-0.255852,0.210062,-0.425687,-0.196753,0.247387,-0.418088,-0.253464
2026-07-20 14:34:04.100,155.299853,0.000000,0.000000,0.000000,0.320983,-0.389783,-0.280624,0.123908,-0.358827,-0.279683,0.222445,-0.374305,-0.280154,0.189791,-0.405789,-0.254829,0.209660,-0.422599,-0.195806,0.247413,-0.413070,-0.252269
2026-07-20 14:34:04.200,155.399853,0.000000,0.000000,0.000000,0.320406,-0.385664,-0.279288,0.123878,-0.350738,-0.278145,0.222142,-0.368201,-0.278716,0.189681,-0.399639,-0.254214,0.209589,-0.416565,-0.194260,0.247150,-0.408002,-0.250884
2026-07-20 14:34:04.300,155.499853,0.000000,0.000000,0.000000,0.321351,-0.396877,-0.282563,0.124431,-0.363907,-0.281520,0.222891,-0.380392,-0.282041,0.190159,-0.412884,-0.256768,0.210028,-0.429694,-0.197745,0.247781,-0.420164,-0.254208
2026-07-20 14:34:04.400,155.599853,0.000000,0.000000,0.000000,0.320459,-0.386678,-0.279565,0.124797,-0.351961,-0.278458,0.222628,-0.369320,-0.279011,0.189734,-0.400653,-0.254491,0.208621,-0.418345,-0.194664,0.246967,-0.409980,-0.251248
2026-07-20 14:34:04.500,155.699852,0.000000,0.000000,0.000000,0.320878,-0.387756,-0.280070,0.124036,-0.353779,-0.278976,0.222457,-0.370767,-0.279523,0.189675,-0.403662,-0.255129,0.209566,-0.420672,-0.194403,0.247072,-0.412007,-0.251802
2026-07-20 14:34:04.600,155.799852,0.000000,0.000000,0.000000,0.320878,-0.387756,-0.280070,0.123958,-0.354786,-0.279027,0.222418,-0.371271,-0.279548,0.189768,-0.403271,-0.254232,0.208737,-0.420472,-0.194369,0.247072,-0.412007,-0.251802
2026-07-20 14:34:04.700,155.899852,0.000000,0.000000,0.000000,0.320879,-0.394786,-0.281781,0.124362,-0.359964,-0.279750,0.222621,-0.377375,-0.280766,0.189166,-0.409641,-0.255902,0.209052,-0.426553,-0.196031,0.247623,-0.417123,-0.253377
2026-07-20 14:34:04.800,155.999852,0.000000,0.000000,0.000000,0.320721,-0.391745,-0.280950,0.124193,-0.356819,-0.279807,0.222457,-0.374282,-0.280378,0.189997,-0.405720,-0.255876,0.208895,-0.423512,-0.195200,0.247230,-0.415047,-0.252633
2026-07-20 14:34:04.900,156.099852,0.000000,0.000000,0.000000,0.320878,-0.387756,-0.280070,0.123880,-0.355793,-0.279078,0.222379,-0.371774,-0.279574,0.189015,-0.402578,-0.254155,0.208938,-0.419605,-0.193356,0.247072,-0.412007,-0.251802
2026-07-20 14:34:05.000,156.199852,0.000000,0.000000,0.000000,0.320250,-0.389654,-0.280168,0.123892,-0.355897,-0.278193,0.222071,-0.372776,-0.279181,0.189015,-0.402578,-0.254155,0.209128,-0.418638,-0.193193,0.247072,-0.412007,-0.251802
2026-07-20 14:34:05.100,156.299852,0.000000,0.000000,0.000000,0.320092,-0.386613,-0.279337,0.123800,-0.351745,-0.278196,0.221946,-0.369179,-0.278766,0.189610,-0.400231,-0.253401,0.208781,-0.416564,-0.192525,0.246914,-0.408966,-0.250971
2026-07-20 14:34:05.200,156.399852,0.000000,0.000000,0.000000,0.320355,-0.391681,-0.280722,0.124075,-0.356917,-0.278695,0.222215,-0.374299,-0.279709,0.189120,-0.404605,-0.254709,0.209054,-0.421732,-0.193060,0.246941,-0.414998,-0.252443
2026-07-20 14:34:05.300,156.499852,0.000000,0.000000,0.000000,0.320616,-0.389718,-0.280396,0.124088,-0.354792,-0.279253,0.222352,-0.372255,-0.279824,0.189903,-0.403794,-0.254467,0.209002,-0.420718,-0.192783,0.247125,-0.413020,-0.252079
2026-07-20 14:34:05.400,156.599852,0.000000,0.000000,0.000000,0.320720,-0.384715,-0.279239,0.123890,-0.350842,-0.277257,0.222305,-0.367779,-0.278248,0.189528,-0.400722,-0.253444,0.208993,-0.415798,-0.190660,0.246914,-0.408966,-0.250971
2026-07-20 14:34:05.500,156.699852,0.000000,0.000000,0.000000,0.320878,-0.387756,-0.280070,0.124036,-0.353779,-0.278976,0.222457,-0.370767,-0.279523,0.189850,-0.402780,-0.254190,0.208961,-0.419805,-0.191656,0.247072,-0.412007,-0.251802
2026-07-20 14:34:05.600,156.799851,0.000000,0.000000,0.000000,0.320878,-0.387756,-0.280070,0.124047,-0.353883,-0.278088,0.222463,-0.370819,-0.279079,0.189850,-0.402780,-0.254190,0.208330,-0.418737,-0.190605,0.247072,-0.412007,-0.251802
2026-07-20 14:34:05.700,156.899851,0.000000,0.000000,0.000000,0.321192,-0.386807,-0.280021,0.123892,-0.355897,-0.278193,0.222542,-0.371352,-0.279107,0.189850,-0.402780,-0.254190,0.208330,-0.418737,-0.190605,0.247072,-0.412007,-0.251802
2026-07-20 14:34:05.800,156.999851,0.000000,0.000000,0.000000,0.320564,-0.388705,-0.280119,0.123880,-0.355793,-0.279078,0.222222,-0.372249,-0.279599,0.189850,-0.402780,-0.254190,0.208141,-0.419704,-0.190772,0.246836,-0.412971,-0.251889
2026-07-20 14:34:05.900,157.099851,0.000000,0.000000,0.000000,0.320930,-0.388769,-0.280347,0.124011,-0.355799,-0.279304,0.222470,-0.372284,-0.279825,0.189903,-0.403794,-0.254467,0.208394,-0.419851,-0.190031,0.246889,-0.413984,-0.252166
2026-07-20 14:34:06.000,157.199851,0.000000,0.000000,0.000000,0.320459,-0.386678,-0.279565,0.123853,-0.352759,-0.278473,0.222156,-0.369718,-0.279019,0.189745,-0.400753,-0.253636,0.208142,-0.417293,-0.189284,0.246967,-0.409980,-0.251248
2026-07-20 14:34:06.100,157.299851,0.000000,0.000000,0.000000,0.321140,-0.392823,-0.281455,0.124298,-0.358846,-0.280361,0.222719,-0.375835,-0.280908,0.190113,-0.407848,-0.255575,0.208426,-0.424971,-0.190457,0.247099,-0.418038,-0.253274
2026-07-20 14:34:06.200,157.399851,0.000000,0.000000,0.000000,0.320825,-0.386742,-0.279793,0.123905,-0.353772,-0.278750,0.222365,-0.370257,-0.279271,0.189798,-0.401767,-0.253913,0.207281,-0.418689,-0.188760,0.246784,-0.411957,-0.251612
2026-07-20 14:34:06.300,157.499851,0.000000,0.000000,0.000000,0.321088,-0.391810,-0.281178,0.124168,-0.358840,-0.280135,0.222628,-0.375325,-0.280656,0.190060,-0.406834,-0.255298,0.207731,-0.422790,-0.189977,0.247282,-0.416061,-0.252910
2026-07-20 14:34:06.400,157.599851,0.000000,0.000000,0.000000,0.320930,-0.388769,-0.280347,0.124088,-0.354792,-0.279253,0.222509,-0.371781,-0.279800,0.189903,-0.403794,-0.254467,0.207386,-0.420716,-0.189314,0.247125,-0.413020,-0.252079
2026-07-20 14:34:06.500,157.699851,0.000000,0.000000,0.000000,0.320459,-0.386678,-0.279565,0.123853,-0.352759,-0.278473,0.222156,-0.369718,-0.279019,0.189745,-0.400753,-0.253636,0.207228,-0.417676,-0.188483,0.246967,-0.409980,-0.251248
2026-07-20 14:34:06.600,157.799850,0.000000,0.000000,0.000000,0.320250,-0.389654,-0.280168,0.124113,-0.352771,-0.278924,0.222181,-0.371213,-0.279546,0.189850,-0.402780,-0.254190,0.206503,-0.419502,-0.189003,0.247072,-0.412007,-0.251802
2026-07-20 14:34:06.700,157.899850,0.000000,0.000000,0.000000,0.320983,-0.389783,-0.280624,0.124141,-0.355806,-0.279530,0.222562,-0.372794,-0.280077,0.189955,-0.404807,-0.254744,0.206608,-0.421529,-0.189557,0.247424,-0.413171,-0.251407
2026-07-20 14:34:06.800,157.999850,0.000000,0.000000,0.000000,0.320669,-0.390732,-0.280673,0.124141,-0.355806,-0.279530,0.222405,-0.373269,-0.280101,0.189120,-0.404605,-0.254709,0.205778,-0.421328,-0.189522,0.246941,-0.414998,-0.252443
2026-07-20 14:34:06.900,158.099850,0.000000,0.000000,0.000000,0.320878,-0.387756,-0.280070,0.123958,-0.354786,-0.279027,0.222418,-0.371271,-0.279548,0.189015,-0.402578,-0.254155,0.205858,-0.418334,-0.188799,0.247072,-0.412007,-0.251802
2026-07-20 14:34:07.000,158.199850,0.000000,0.000000,0.000000,0.321009,-0.390289,-0.280762,0.124245,-0.355305,-0.279617,0.222627,-0.372797,-0.280190,0.189146,-0.405112,-0.254848,0.205990,-0.420867,-0.189492,0.246979,-0.415605,-0.251722
2026-07-20 14:34:07.100,158.299850,0.000000,0.000000,0.000000,0.321035,-0.390796,-0.280901,0.124283,-0.355916,-0.278867,0.222659,-0.373356,-0.279884,0.189172,-0.405619,-0.254986,0.205185,-0.421173,-0.189596,0.247005,-0.416112,-0.251861
2026-07-20 14:34:07.200,158.399850,0.000000,0.000000,0.000000,0.320773,-0.385729,-0.279516,0.123931,-0.351752,-0.278422,0.222352,-0.368740,-0.278969,0.188909,-0.400551,-0.253601,0.204737,-0.417073,-0.188380,0.246978,-0.410081,-0.250387
2026-07-20 14:34:07.300,158.499850,0.000000,0.000000,0.000000,0.320615,-0.382688,-0.278685,0.123785,-0.348815,-0.276703,0.222200,-0.365752,-0.277694,0.188763,-0.397611,-0.251915,0.203761,-0.413932,-0.186664,0.246821,-0.407040,-0.249556
2026-07-20 14:34:07.400,158.599850,0.000000,0.000000,0.000000,0.320406,-0.385664,-0.279288,0.123800,-0.351745,-0.278196,0.222103,-0.368705,-0.278742,0.188694,-0.400520,-0.253409,0.203866,-0.415959,-0.187218,0.247162,-0.408103,-0.250022
2026-07-20 14:34:07.500,158.699850,0.000000,0.000000,0.000000,0.320825,-0.386742,-0.279793,0.123983,-0.352765,-0.278699,0.222404,-0.369754,-0.279246,0.188973,-0.401665,-0.253023,0.203971,-0.417986,-0.187772,0.247031,-0.411094,-0.250664
2026-07-20 14:34:07.600,158.799850,0.000000,0.000000,0.000000,0.320930,-0.388769,-0.280347,0.124022,-0.355903,-0.278418,0.222476,-0.372336,-0.279382,0.189078,-0.403692,-0.253577,0.203246,-0.419812,-0.188292,0.247136,-0.413121,-0.251218
2026-07-20 14:34:07.700,158.899849,0.000000,0.000000,0.000000,0.320878,-0.387756,-0.280070,0.123958,-0.354786,-0.279027,0.222418,-0.371271,-0.279548,0.189026,-0.402679,-0.253300,0.203193,-0.418798,-0.188015,0.247083,-0.412108,-0.250941
2026-07-20 14:34:07.800,158.999849,0.000000,0.000000,0.000000,0.320878,-0.387756,-0.280070,0.123892,-0.355897,-0.278193,0.222385,-0.371826,-0.279132,0.189189,-0.401697,-0.253214,0.203193,-0.418798,-0.188015,0.247083,-0.412108,-0.250941
2026-07-20 14:34:07.900,159.099849,0.000000,0.000000,0.000000,0.321035,-0.390796,-0.280901,0.124038,-0.358833,-0.279909,0.222537,-0.374815,-0.280405,0.189183,-0.405719,-0.254131,0.203522,-0.420771,-0.189527,0.247241,-0.415148,-0.251772
2026-07-20 14:34:08.000,159.199849,0.000000,0.000000,0.000000,0.320616,-0.389718,-0.280396,0.124088,-0.354792,-0.279253,0.222352,-0.372255,-0.279824,0.189067,-0.403592,-0.254432,0.203417,-0.418744,-0.188973,0.246295,-0.412918,-0.251183
2026-07-20 14:34:08.100,159.299849,0.000000,0.000000,0.000000,0.321035,-0.390796,-0.280901,0.124127,-0.357930,-0.278972,0.222581,-0.374363,-0.279936,0.189183,-0.405719,-0.254131,0.203328,-0.421639,-0.190546,0.247005,-0.416112,-0.251861
2026-07-20 14:34:08.200,159.399849,0.000000,0.000000,0.000000,0.320616,-0.389718,-0.280396,0.123855,-0.357814,-0.279406,0.222236,-0.373766,-0.279901,0.189078,-0.403692,-0.253577,0.204421,-0.417877,-0.189691,0.247136,-0.413121,-0.251218
2026-07-20 14:34:08.300,159.499849,0.000000,0.000000,0.000000,0.320564,-0.388705,-0.280119,0.123958,-0.354786,-0.279027,0.222261,-0.371745,-0.279573,0.189026,-0.402679,-0.253300,0.203990,-0.418699,-0.190599,0.246848,-0.413072,-0.251030
2026-07-20 14:34:08.400,159.599849,0.000000,0.000000,0.000000,0.320355,-0.391681,-0.280722,0.124141,-0.355806,-0.279530,0.222248,-0.373743,-0.280126,0.189120,-0.404605,-0.254709,0.205110,-0.419960,-0.191021,0.247177,-0.414034,-0.252356
2026-07-20 14:34:08.500,159.699849,0.000000,0.000000,0.000000,0.321193,-0.393837,-0.281732,0.124273,-0.360867,-0.280689,0.222733,-0.377352,-0.281210,0.189330,-0.408659,-0.255817,0.205309,-0.423913,-0.192980,0.246546,-0.417884,-0.253429
2026-07-20 14:34:08.600,159.799849,0.000000,0.000000,0.000000,0.321088,-0.391810,-0.281178,0.124180,-0.358944,-0.279249,0.222634,-0.375377,-0.280213,0.189225,-0.406632,-0.255263,0.205838,-0.422955,-0.193476,0.246207,-0.416821,-0.252962
2026-07-20 14:34:08.700,159.899848,0.000000,0.000000,0.000000,0.320564,-0.388705,-0.280119,0.124036,-0.353779,-0.278976,0.222300,-0.371242,-0.279547,0.189850,-0.402780,-0.254190,0.205814,-0.417934,-0.192204,0.245996,-0.412767,-0.251854
2026-07-20 14:34:08.800,159.999848,0.000000,0.000000,0.000000,0.320668,-0.383702,-0.278962,0.123682,-0.351843,-0.277085,0.222175,-0.367772,-0.278024,0.188804,-0.398524,-0.253047,0.206237,-0.414948,-0.192145,0.245552,-0.409678,-0.250834
2026-07-20 14:34:08.900,160.099848,0.000000,0.000000,0.000000,0.320773,-0.385729,-0.279516,0.124020,-0.350849,-0.277482,0.222396,-0.368289,-0.278499,0.188746,-0.401533,-0.253686,0.206342,-0.416975,-0.192699,0.245657,-0.411705,-0.251388
2026-07-20 14:34:09.000,160.199848,0.000000,0.000000,0.000000,0.320878,-0.387756,-0.280070,0.123958,-0.354786,-0.279027,0.222418,-0.371271,-0.279548,0.188851,-0.403560,-0.254240,0.207267,-0.419103,-0.194137,0.245762,-0.413732,-0.251942
2026-07-20 14:34:09.100,160.299848,0.000000,0.000000,0.000000,0.320878,-0.387756,-0.280070,0.124036,-0.353779,-0.278976,0.222457,-0.370767,-0.279523,0.189015,-0.402578,-0.254155,0.207267,-0.419103,-0.194137,0.245527,-0.414696,-0.252029
2026-07-20 14:34:09.200,160.399848,0.000000,0.000000,0.000000,0.321350,-0.389847,-0.280852,0.124205,-0.356923,-0.278919,0.222777,-0.373385,-0.279886,0.189172,-0.405619,-0.254986,0.207612,-0.421176,-0.194806,0.246154,-0.415808,-0.252685
2026-07-20 14:34:09.300,160.499848,0.000000,0.000000,0.000000,0.320878,-0.387756,-0.280070,0.123958,-0.354786,-0.279027,0.222418,-0.371271,-0.279548,0.188851,-0.403560,-0.254240,0.208086,-0.419204,-0.195022,0.245762,-0.413732,-0.251942
2026-07-20 14:34:09.400,160.599848,0.000000,0.000000,0.000000,0.320564,-0.388705,-0.280119,0.123880,-0.355793,-0.279078,0.222222,-0.372249,-0.279599,0.188851,-0.403560,-0.254240,0.208086,-0.419204,-0.195022,0.245762,-0.413732,-0.251942
2026-07-20 14:34:09.500,160.699848,0.000000,0.000000,0.000000,0.319987,-0.384586,-0.278783,0.123695,-0.349718,-0.277642,0.221841,-0.367152,-0.278212,0.188589,-0.398493,-0.252855,0.208012,-0.413169,-0.193476,0.245499,-0.408664,-0.250557
2026-07-20 14:34:09.600,160.799848,0.000000,0.000000,0.000000,0.320878,-0.387756,-0.280070,0.124036,-0.353779,-0.278976,0.222457,-0.370767,-0.279523,0.189015,-0.402578,-0.254155,0.208916,-0.419405,-0.195056,0.245762,-0.413732,-0.251942
2026-07-20 14:34:09.700,160.899848,0.000000,0.000000,0.000000,0.320668,-0.383702,-0.278962,0.123593,-0.352746,-0.278021,0.222130,-0.368224,-0.278492,0.188723,-0.399015,-0.253089,0.208516,-0.416318,-0.194110,0.245786,-0.408714,-0.250746
2026-07-20 14:34:09.800,160.999847,0.000000,0.000000,0.000000,0.320930,-0.388769,-0.280347,0.124011,-0.355799,-0.279304,0.222470,-0.372284,-0.279825,0.189903,-0.403794,-0.254467,0.209990,-0.419652,-0.195207,0.245814,-0.414745,-0.252219
2026-07-20 14:34:09.900,161.099847,0.000000,0.000000,0.000000,0.321088,-0.391810,-0.281178,0.124168,-0.358840,-0.280135,0.222628,-0.375325,-0.280656,0.189896,-0.407816,-0.255383,0.209754,-0.424527,-0.197209,0.245972,-0.417786,-0.253050
2026-07-20 14:34:10.000,161.199847,0.000000,0.000000,0.000000,0.320669,-0.390732,-0.280673,0.124063,-0.356813,-0.279581,0.222366,-0.373772,-0.280127,0.189791,-0.405789,-0.254829,0.210479,-0.422700,-0.196689,0.245867,-0.415759,-0.252496
2026-07-20 14:34:10.100,161.299847,0.000000,0.000000,0.000000,0.320825,-0.386742,-0.279793,0.123905,-0.353772,-0.278750,0.222365,-0.370257,-0.279271,0.189633,-0.402749,-0.253998,0.210705,-0.417726,-0.195538,0.245709,-0.412718,-0.251665
2026-07-20 14:34:10.200,161.399847,0.000000,0.000000,0.000000,0.320564,-0.388705,-0.280119,0.123880,-0.355793,-0.279078,0.222222,-0.372249,-0.279599,0.189850,-0.402780,-0.254190,0.211396,-0.419907,-0.196010,0.245762,-0.413732,-0.251942
2026-07-20 14:34:10.300,161.499847,0.000000,0.000000,0.000000,0.320669,-0.390732,-0.280673,0.123985,-0.357820,-0.279632,0.222327,-0.374276,-0.280153,0.189955,-0.404807,-0.254744,0.211501,-0.421934,-0.196564,0.245867,-0.415759,-0.252496
2026-07-20 14:34:10.400,161.599847,0.000000,0.000000,0.000000,0.320930,-0.388769,-0.280347,0.123933,-0.356806,-0.279355,0.222432,-0.372788,-0.279851,0.189903,-0.403794,-0.254467,0.212170,-0.421505,-0.197251,0.246049,-0.413781,-0.252131
2026-07-20 14:34:10.500,161.699847,0.000000,0.000000,0.000000,0.320511,-0.387691,-0.279842,0.123905,-0.353772,-0.278750,0.222208,-0.370732,-0.279296,0.189798,-0.401767,-0.253913,0.211968,-0.419961,-0.196776,0.245944,-0.411754,-0.251577
2026-07-20 14:34:10.600,161.799847,0.000000,0.000000,0.000000,0.320302,-0.390667,-0.280445,0.124011,-0.355799,-0.279304,0.222156,-0.373233,-0.279874,0.189903,-0.403794,-0.254467,0.212903,-0.422189,-0.197365,0.245814,-0.414745,-0.252219
2026-07-20 14:34:10.700,161.899847,0.000000,0.000000,0.000000,0.320564,-0.388705,-0.280119,0.123958,-0.354786,-0.279027,0.222261,-0.371745,-0.279573,0.189850,-0.402780,-0.254190,0.213668,-0.421276,-0.197971,0.245762,-0.413732,-0.251942
2026-07-20 14:34:10.800,161.999846,0.000000,0.000000,0.000000,0.321035,-0.390796,-0.280901,0.124116,-0.357826,-0.279858,0.222575,-0.374311,-0.280379,0.190008,-0.405821,-0.255021,0.213826,-0.424316,-0.198802,0.246154,-0.415808,-0.252685
2026-07-20 14:34:10.900,162.099846,0.000000,0.000000,0.000000,0.320407,-0.392694,-0.280999,0.124038,-0.358833,-0.279909,0.222223,-0.375764,-0.280454,0.190008,-0.405821,-0.255021,0.214841,-0.423452,-0.199529,0.245314,-0.415605,-0.252651
2026-07-20 14:34:11.000,162.199846,0.000000,0.000000,0.000000,0.320721,-0.391745,-0.280950,0.124116,-0.357826,-0.279858,0.222418,-0.374786,-0.280404,0.190843,-0.406023,-0.255056,0.214841,-0.423452,-0.199529,0.246154,-0.415808,-0.252685
2026-07-20 14:34:11.100,162.299846,0.000000,0.000000,0.000000,0.320511,-0.387691,-0.279842,0.123828,-0.354779,-0.278801,0.222169,-0.371235,-0.279322,0.190633,-0.401969,-0.253948,0.215461,-0.419598,-0.198455,0.245104,-0.411551,-0.251543
2026-07-20 14:34:11.200,162.399846,0.000000,0.000000,0.000000,0.320720,-0.384715,-0.279239,0.123878,-0.350738,-0.278145,0.222299,-0.367727,-0.278692,0.190528,-0.399942,-0.253393,0.215444,-0.416989,-0.198674,0.245839,-0.409727,-0.251023
2026-07-20 14:34:11.300,162.499846,0.000000,0.000000,0.000000,0.320825,-0.386742,-0.279793,0.123983,-0.352765,-0.278699,0.222404,-0.369754,-0.279246,0.190633,-0.401969,-0.253948,0.215450,-0.419498,-0.199305,0.245338,-0.410586,-0.251455
2026-07-20 14:34:11.400,162.599846,0.000000,0.000000,0.000000,0.320669,-0.390732,-0.280673,0.124063,-0.356813,-0.279581,0.222366,-0.373772,-0.280127,0.190791,-0.405009,-0.254779,0.216438,-0.422740,-0.200171,0.245028,-0.415556,-0.252461
2026-07-20 14:34:11.500,162.699846,0.000000,0.000000,0.000000,0.320669,-0.390732,-0.280673,0.124063,-0.356813,-0.279581,0.222366,-0.373772,-0.280127,0.191793,-0.404230,-0.254729,0.217458,-0.421876,-0.200901,0.245262,-0.414591,-0.252374
2026-07-20 14:34:11.600,162.799846,0.000000,0.000000,0.000000,0.320878,-0.387756,-0.280070,0.124823,-0.354995,-0.279063,0.222851,-0.371375,-0.279566,0.191688,-0.402203,-0.254175,0.217341,-0.419749,-0.201198,0.245157,-0.412564,-0.251820
2026-07-20 14:34:11.700,162.899846,0.000000,0.000000,0.000000,0.320721,-0.391745,-0.280950,0.124038,-0.358833,-0.279909,0.222380,-0.375289,-0.280430,0.191846,-0.405244,-0.255006,0.218330,-0.422990,-0.202064,0.245314,-0.415605,-0.252651
2026-07-20 14:34:11.800,162.999846,0.000000,0.000000,0.000000,0.320459,-0.386678,-0.279565,0.123775,-0.353766,-0.278524,0.222117,-0.370222,-0.279045,0.191583,-0.400176,-0.253621,0.217866,-0.418888,-0.200832,0.245051,-0.410537,-0.251266
2026-07-20 14:34:11.900,163.099845,0.000000,0.000000,0.000000,0.320616,-0.389718,-0.280396,0.124088,-0.354792,-0.279253,0.222352,-0.372255,-0.279824,0.192577,-0.403419,-0.254486,0.219046,-0.421064,-0.202396,0.245209,-0.413578,-0.252097
2026-07-20 14:34:12.000,163.199845,0.000000,0.000000,0.000000,0.320773,-0.385729,-0.279516,0.123931,-0.351752,-0.278422,0.222352,-0.368740,-0.278969,0.192420,-0.400379,-0.253655,0.218888,-0.418024,-0.201565,0.245051,-0.410537,-0.251266
2026-07-20 14:34:12.100,163.299845,0.000000,0.000000,0.000000,0.321035,-0.390796,-0.280901,0.125060,-0.357029,-0.279843,0.223048,-0.373912,-0.280372,0.192682,-0.405446,-0.255040,0.219971,-0.423192,-0.203835,0.245548,-0.414640,-0.252563
2026-07-20 14:34:12.200,163.399845,0.000000,0.000000,0.000000,0.321035,-0.390796,-0.280901,0.124193,-0.356819,-0.279807,0.222614,-0.373808,-0.280354,0.192682,-0.405446,-0.255040,0.220163,-0.422127,-0.204537,0.245548,-0.414640,-0.252563
2026-07-20 14:34:12.300,163.499845,0.000000,0.000000,0.000000,0.320983,-0.389783,-0.280624,0.124063,-0.356813,-0.279581,0.222523,-0.373298,-0.280102,0.192630,-0.404432,-0.254763,0.220314,-0.420149,-0.204110,0.245484,-0.413526,-0.253147
2026-07-20 14:34:12.400,163.599845,0.000000,0.000000,0.000000,0.320720,-0.384715,-0.279239,0.123800,-0.351745,-0.278196,0.222260,-0.368230,-0.278717,0.192535,-0.398384,-0.253294,0.220681,-0.416248,-0.202909,0.245455,-0.407493,-0.251676
2026-07-20 14:34:12.500,163.699845,0.000000,0.000000,0.000000,0.320459,-0.386678,-0.279565,0.123931,-0.351752,-0.278422,0.222195,-0.369215,-0.278993,0.192587,-0.399397,-0.253571,0.220722,-0.417161,-0.204038,0.245274,-0.409472,-0.252039
2026-07-20 14:34:12.600,163.799845,0.000000,0.000000,0.000000,0.320511,-0.387691,-0.279842,0.123905,-0.353772,-0.278750,0.222208,-0.370732,-0.279296,0.192640,-0.400411,-0.253848,0.220774,-0.418175,-0.204315,0.244718,-0.409317,-0.252195
2026-07-20 14:34:12.700,163.899845,0.000000,0.000000,0.000000,0.320248,-0.382624,-0.278457,0.124666,-0.346900,-0.277298,0.222457,-0.364762,-0.277878,0.193035,-0.396426,-0.253439,0.220501,-0.413007,-0.203783,0.245064,-0.405418,-0.250931
2026-07-20 14:34:12.800,163.999845,0.000000,0.000000,0.000000,0.320983,-0.389783,-0.280624,0.124928,-0.357022,-0.279617,0.222956,-0.373402,-0.280120,0.192786,-0.403350,-0.255536,0.220921,-0.421115,-0.205999,0.245484,-0.413526,-0.253147
2026-07-20 14:34:12.900,164.099844,0.000000,0.000000,0.000000,0.320354,-0.384651,-0.279011,0.123748,-0.350732,-0.277919,0.222051,-0.367691,-0.278465,0.193140,-0.398453,-0.253993,0.220606,-0.415034,-0.204337,0.244560,-0.406276,-0.251364
2026-07-20 14:34:13.000,164.199844,0.000000,0.000000,0.000000,0.320460,-0.393708,-0.281276,0.124246,-0.357833,-0.280084,0.222353,-0.375770,-0.280680,0.193729,-0.405580,-0.256125,0.221026,-0.423142,-0.206553,0.244981,-0.414384,-0.253580
2026-07-20 14:34:13.100,164.299844,0.000000,0.000000,0.000000,0.320929,-0.381739,-0.278636,0.123773,-0.348711,-0.277591,0.222351,-0.365225,-0.278113,0.193087,-0.397440,-0.253716,0.220553,-0.414020,-0.204060,0.244508,-0.405263,-0.251087
2026-07-20 14:34:13.200,164.399844,0.000000,0.000000,0.000000,0.320459,-0.386678,-0.279565,0.123931,-0.351752,-0.278422,0.222195,-0.369215,-0.278993,0.193245,-0.400480,-0.254547,0.220700,-0.416961,-0.205743,0.244433,-0.409268,-0.252004
2026-07-20 14:34:13.300,164.499844,0.000000,0.000000,0.000000,0.320878,-0.387756,-0.280070,0.123958,-0.354786,-0.279027,0.222418,-0.371271,-0.279548,0.193519,-0.401526,-0.255017,0.220805,-0.418988,-0.206297,0.244771,-0.410330,-0.252472
2026-07-20 14:34:13.400,164.599844,0.000000,0.000000,0.000000,0.321035,-0.390796,-0.280901,0.125060,-0.357029,-0.279843,0.223048,-0.373912,-0.280372,0.193508,-0.405548,-0.255932,0.220962,-0.422028,-0.207128,0.244928,-0.413371,-0.253303
2026-07-20 14:34:13.500,164.699844,0.000000,0.000000,0.000000,0.320459,-0.386678,-0.279565,0.123931,-0.351752,-0.278422,0.222195,-0.369215,-0.278993,0.193245,-0.400480,-0.254547,0.220700,-0.416961,-0.205743,0.244665,-0.408303,-0.251918
2026-07-20 14:34:13.600,164.799844,0.000000,0.000000,0.000000,0.321088,-0.391810,-0.281178,0.124168,-0.358840,-0.280135,0.222628,-0.375325,-0.280656,0.193729,-0.405580,-0.256125,0.221015,-0.423042,-0.207405,0.244515,-0.416314,-0.253752
2026-07-20 14:34:13.700,164.899844,0.000000,0.000000,0.000000,0.321035,-0.390796,-0.280901,0.125060,-0.357029,-0.279843,0.223048,-0.373912,-0.280372,0.193676,-0.404567,-0.255848,0.220962,-0.422028,-0.207128,0.244928,-0.413371,-0.253303
2026-07-20 14:34:13.800,164.999844,0.000000,0.000000,0.000000,0.320720,-0.384715,-0.279239,0.123800,-0.351745,-0.278196,0.222260,-0.368230,-0.278717,0.193361,-0.398486,-0.254186,0.220647,-0.415947,-0.205466,0.244613,-0.407290,-0.251641
2026-07-20 14:34:13.900,165.099844,0.000000,0.000000,0.000000,0.320564,-0.388705,-0.280119,0.124036,-0.353779,-0.278976,0.222300,-0.371242,-0.279547,0.193519,-0.401526,-0.255017,0.220805,-0.418988,-0.206297,0.244771,-0.410330,-0.252472
2026-07-20 14:34:14.000,165.199843,0.000000,0.000000,0.000000,0.320825,-0.386742,-0.279793,0.123983,-0.352765,-0.278699,0.222404,-0.369754,-0.279246,0.193466,-0.400513,-0.254740,0.220752,-0.417974,-0.206020,0.244485,-0.410282,-0.252281
2026-07-20 14:34:14.100,165.299843,0.000000,0.000000,0.000000,0.320669,-0.390732,-0.280673,0.124218,-0.354798,-0.279478,0.222444,-0.372765,-0.280076,0.193455,-0.404534,-0.255655,0.220910,-0.421015,-0.206851,0.244643,-0.413322,-0.253112
2026-07-20 14:34:14.200,165.399843,0.000000,0.000000,0.000000,0.321140,-0.392823,-0.281455,0.124298,-0.358846,-0.280361,0.222719,-0.375835,-0.280908,0.193781,-0.406594,-0.256402,0.221067,-0.424055,-0.207682,0.245033,-0.415398,-0.253857
2026-07-20 14:34:14.300,165.499843,0.000000,0.000000,0.000000,0.320826,-0.393772,-0.281504,0.124221,-0.359853,-0.280412,0.222523,-0.376813,-0.280958,0.193613,-0.407575,-0.256486,0.220863,-0.425020,-0.207828,0.245033,-0.415398,-0.253857
2026-07-20 14:34:14.400,165.599843,0.000000,0.000000,0.000000,0.320720,-0.384715,-0.279239,0.123800,-0.351745,-0.278196,0.222260,-0.368230,-0.278717,0.193192,-0.399467,-0.254270,0.220647,-0.415947,-0.205466,0.244380,-0.408255,-0.251727
2026-07-20 14:34:14.500,165.699843,0.000000,0.000000,0.000000,0.321035,-0.390796,-0.280901,0.124271,-0.355812,-0.279755,0.222653,-0.373304,-0.280328,0.193676,-0.404567,-0.255848,0.220130,-0.421827,-0.207093,0.244928,-0.413371,-0.253303
2026-07-20 14:34:14.600,165.799843,0.000000,0.000000,0.000000,0.321035,-0.390796,-0.280901,0.124116,-0.357826,-0.279858,0.222575,-0.374311,-0.280379,0.193676,-0.404567,-0.255848,0.220119,-0.421727,-0.207945,0.244696,-0.414336,-0.253389
2026-07-20 14:34:14.700,165.899843,0.000000,0.000000,0.000000,0.320878,-0.387756,-0.280070,0.124036,-0.353779,-0.278976,0.222457,-0.370767,-0.279523,0.193350,-0.402507,-0.255101,0.219961,-0.418686,-0.207114,0.244771,-0.410330,-0.252472
2026-07-20 14:34:14.800,165.999843,0.000000,0.000000,0.000000,0.320564,-0.388705,-0.280119,0.123958,-0.354786,-0.279027,0.222261,-0.371745,-0.279573,0.193519,-0.401526,-0.255017,0.219961,-0.418686,-0.207114,0.244538,-0.411295,-0.252558
2026-07-20 14:34:14.900,166.099843,0.000000,0.000000,0.000000,0.320878,-0.387756,-0.280070,0.124902,-0.353988,-0.279012,0.222890,-0.370872,-0.279541,0.193519,-0.401526,-0.255017,0.219961,-0.418686,-0.207114,0.244538,-0.411295,-0.252558
2026-07-20 14:34:15.000,166.199842,0.000000,0.000000,0.000000,0.320669,-0.390732,-0.280673,0.124141,-0.355806,-0.279530,0.222405,-0.373269,-0.280101,0.193635,-0.403654,-0.254713,0.219234,-0.420512,-0.207634,0.244759,-0.412840,-0.253069
2026-07-20 14:34:15.100,166.299842,0.000000,0.000000,0.000000,0.320459,-0.386678,-0.279565,0.123853,-0.352759,-0.278473,0.222156,-0.369718,-0.279019,0.193425,-0.399600,-0.253605,0.219024,-0.416458,-0.206526,0.244665,-0.408303,-0.251918
2026-07-20 14:34:15.200,166.399842,0.000000,0.000000,0.000000,0.320878,-0.387756,-0.280070,0.123958,-0.354786,-0.279027,0.222418,-0.371271,-0.279548,0.193699,-0.400646,-0.254075,0.219129,-0.418485,-0.207080,0.244538,-0.411295,-0.252558
2026-07-20 14:34:15.300,166.499842,0.000000,0.000000,0.000000,0.320878,-0.387756,-0.280070,0.123880,-0.355793,-0.279078,0.222379,-0.371774,-0.279574,0.193530,-0.401627,-0.254159,0.219129,-0.418485,-0.207080,0.244771,-0.410330,-0.252472
2026-07-20 14:34:15.400,166.599842,0.000000,0.000000,0.000000,0.320721,-0.391745,-0.280950,0.124116,-0.357826,-0.279858,0.222418,-0.374786,-0.280404,0.193688,-0.404667,-0.254990,0.219489,-0.420560,-0.207765,0.244928,-0.413371,-0.253303
2026-07-20 14:34:15.500,166.699842,0.000000,0.000000,0.000000,0.320511,-0.387691,-0.279842,0.123983,-0.352765,-0.278699,0.222247,-0.370228,-0.279270,0.193646,-0.399632,-0.253798,0.219087,-0.417571,-0.205951,0.244951,-0.408352,-0.252109
2026-07-20 14:34:15.600,166.799842,0.000000,0.000000,0.000000,0.320669,-0.390732,-0.280673,0.125007,-0.356015,-0.279566,0.222838,-0.373374,-0.280119,0.193804,-0.402673,-0.254629,0.219447,-0.419646,-0.206635,0.245108,-0.411392,-0.252940
2026-07-20 14:34:15.700,166.899842,0.000000,0.000000,0.000000,0.320616,-0.389718,-0.280396,0.124876,-0.356009,-0.279340,0.222746,-0.372863,-0.279868,0.193582,-0.402640,-0.254436,0.219395,-0.418633,-0.206358,0.244823,-0.411344,-0.252749
2026-07-20 14:34:15.800,166.999842,0.000000,0.000000,0.000000,0.320406,-0.385664,-0.279288,0.123723,-0.352752,-0.278247,0.222064,-0.369208,-0.278768,0.194210,-0.398789,-0.253363,0.219196,-0.414679,-0.204397,0.244613,-0.407290,-0.251641
2026-07-20 14:34:15.900,167.099842,0.000000,0.000000,0.000000,0.320983,-0.389783,-0.280624,0.123985,-0.357820,-0.279632,0.222484,-0.373801,-0.280128,0.193804,-0.402673,-0.254629,0.218625,-0.419545,-0.205747,0.244887,-0.412458,-0.252164
2026-07-20 14:34:16.000,167.199841,0.000000,0.000000,0.000000,0.320878,-0.387756,-0.280070,0.124036,-0.353779,-0.278976,0.222457,-0.370767,-0.279523,0.193699,-0.400646,-0.254075,0.218531,-0.417618,-0.204340,0.244782,-0.410431,-0.251610
2026-07-20 14:34:16.100,167.299841,0.000000,0.000000,0.000000,0.320930,-0.388769,-0.280347,0.124011,-0.355799,-0.279304,0.222470,-0.372284,-0.279825,0.194590,-0.401862,-0.254387,0.217750,-0.418430,-0.204582,0.245067,-0.410480,-0.251799
2026-07-20 14:34:16.200,167.399841,0.000000,0.000000,0.000000,0.320459,-0.386678,-0.279565,0.123931,-0.351752,-0.278422,0.222195,-0.369215,-0.278993,0.194432,-0.398822,-0.253556,0.217604,-0.415490,-0.202898,0.244909,-0.407440,-0.250968
2026-07-20 14:34:16.300,167.499841,0.000000,0.000000,0.000000,0.320878,-0.387756,-0.280070,0.124036,-0.353779,-0.278976,0.222457,-0.370767,-0.279523,0.193699,-0.400646,-0.254075,0.216887,-0.417416,-0.202564,0.245014,-0.409467,-0.251522
2026-07-20 14:34:16.400,167.599841,0.000000,0.000000,0.000000,0.320930,-0.388769,-0.280347,0.124011,-0.355799,-0.279304,0.222470,-0.372284,-0.279825,0.194590,-0.401862,-0.254387,0.216939,-0.418429,-0.202841,0.245067,-0.410480,-0.251799
2026-07-20 14:34:16.500,167.699841,0.000000,0.000000,0.000000,0.320092,-0.386613,-0.279337,0.123723,-0.352752,-0.278247,0.221907,-0.369683,-0.278792,0.194380,-0.397808,-0.253279,0.215907,-0.414274,-0.200845,0.244624,-0.407391,-0.250779
2026-07-20 14:34:16.600,167.799841,0.000000,0.000000,0.000000,0.320983,-0.389783,-0.280624,0.123985,-0.357820,-0.279632,0.222484,-0.373801,-0.280128,0.194473,-0.403857,-0.254748,0.216180,-0.419442,-0.201377,0.245119,-0.411494,-0.252076
2026-07-20 14:34:16.700,167.899841,0.000000,0.000000,0.000000,0.320983,-0.389783,-0.280624,0.123985,-0.357820,-0.279632,0.222484,-0.373801,-0.280128,0.194473,-0.403857,-0.254748,0.215150,-0.420206,-0.201496,0.245119,-0.411494,-0.252076
2026-07-20 14:34:16.800,167.999841,0.000000,0.000000,0.000000,0.320615,-0.382688,-0.278685,0.123695,-0.349718,-0.277642,0.222155,-0.366203,-0.278163,0.194105,-0.396762,-0.252809,0.214793,-0.413212,-0.198704,0.244752,-0.404399,-0.250137
2026-07-20 14:34:16.900,168.099841,0.000000,0.000000,0.000000,0.320826,-0.393772,-0.281504,0.124298,-0.358846,-0.280361,0.222562,-0.376309,-0.280932,0.194630,-0.406897,-0.255579,0.215330,-0.423447,-0.200622,0.245277,-0.414534,-0.252907
2026-07-20 14:34:17.000,168.199841,0.000000,0.000000,0.000000,0.320773,-0.385729,-0.279516,0.124718,-0.352968,-0.278509,0.222746,-0.369348,-0.279012,0.194432,-0.398822,-0.253556,0.214129,-0.416151,-0.198649,0.244909,-0.407440,-0.250968
2026-07-20 14:34:17.100,168.299840,0.000000,0.000000,0.000000,0.321088,-0.391810,-0.281178,0.124246,-0.357833,-0.280084,0.222667,-0.374821,-0.280631,0.193909,-0.404700,-0.255183,0.214456,-0.422332,-0.199458,0.244992,-0.414485,-0.252718
2026-07-20 14:34:17.200,168.399840,0.000000,0.000000,0.000000,0.320721,-0.391745,-0.280950,0.124193,-0.356819,-0.279807,0.222457,-0.374282,-0.280378,0.193856,-0.403686,-0.254906,0.214207,-0.422285,-0.199338,0.245172,-0.412507,-0.252353
2026-07-20 14:34:17.300,168.499840,0.000000,0.000000,0.000000,0.320563,-0.381675,-0.278408,0.123643,-0.348705,-0.277365,0.222103,-0.365190,-0.277886,0.193383,-0.394565,-0.252413,0.212914,-0.413062,-0.195959,0.244699,-0.403386,-0.249860
2026-07-20 14:34:17.400,168.599840,0.000000,0.000000,0.000000,0.320302,-0.390667,-0.280445,0.124088,-0.354792,-0.279253,0.222195,-0.372730,-0.279849,0.193751,-0.401659,-0.254352,0.213282,-0.420157,-0.197898,0.245300,-0.409515,-0.251712
2026-07-20 14:34:17.500,168.699840,0.000000,0.000000,0.000000,0.320879,-0.394786,-0.281781,0.124196,-0.361874,-0.280740,0.222537,-0.378330,-0.281261,0.194014,-0.406727,-0.255737,0.213751,-0.424358,-0.198273,0.245330,-0.415548,-0.253184
2026-07-20 14:34:17.600,168.799840,0.000000,0.000000,0.000000,0.321035,-0.390796,-0.280901,0.124116,-0.357826,-0.279858,0.222575,-0.374311,-0.280379,0.193856,-0.403686,-0.254906,0.213398,-0.422284,-0.197601,0.245172,-0.412507,-0.252353
2026-07-20 14:34:17.700,168.899840,0.000000,0.000000,0.000000,0.320720,-0.384715,-0.279239,0.123800,-0.351745,-0.278196,0.222260,-0.368230,-0.278717,0.193541,-0.397605,-0.253244,0.213083,-0.416203,-0.195939,0.245089,-0.405461,-0.250604
2026-07-20 14:34:17.800,168.999840,0.000000,0.000000,0.000000,0.320879,-0.394786,-0.281781,0.124273,-0.360867,-0.280689,0.222576,-0.377826,-0.281235,0.193845,-0.407708,-0.255821,0.213556,-0.425324,-0.198432,0.245562,-0.414583,-0.253097
2026-07-20 14:34:17.900,169.099840,0.000000,0.000000,0.000000,0.320563,-0.381675,-0.278408,0.123732,-0.347802,-0.276426,0.222147,-0.364738,-0.277417,0.192545,-0.394362,-0.252378,0.212936,-0.413262,-0.194257,0.245776,-0.402625,-0.249808
2026-07-20 14:34:18.000,169.199840,0.000000,0.000000,0.000000,0.320248,-0.382624,-0.278457,0.123720,-0.347698,-0.277314,0.221984,-0.365161,-0.277885,0.192377,-0.395343,-0.252463,0.212936,-0.413262,-0.194257,0.246010,-0.401660,-0.249721
2026-07-20 14:34:18.100,169.299839,0.000000,0.000000,0.000000,0.320615,-0.382688,-0.278685,0.123618,-0.350725,-0.277693,0.222116,-0.366707,-0.278189,0.192441,-0.396458,-0.251882,0.212989,-0.414276,-0.194534,0.245829,-0.403638,-0.250085
2026-07-20 14:34:18.200,169.399839,0.000000,0.000000,0.000000,0.320615,-0.382688,-0.278685,0.123695,-0.349718,-0.277642,0.222155,-0.366203,-0.278163,0.192262,-0.397338,-0.252824,0.212989,-0.414276,-0.194534,0.245829,-0.403638,-0.250085
2026-07-20 14:34:18.300,169.499839,0.000000,0.000000,0.000000,0.320879,-0.394786,-0.281781,0.124429,-0.358852,-0.280586,0.222654,-0.376819,-0.281184,0.192840,-0.408486,-0.255871,0.213578,-0.425524,-0.196730,0.246406,-0.414787,-0.253132
2026-07-20 14:34:18.400,169.599839,0.000000,0.000000,0.000000,0.320616,-0.389718,-0.280396,0.123944,-0.356910,-0.278470,0.222280,-0.373314,-0.279433,0.191740,-0.403217,-0.254452,0.213315,-0.420457,-0.195345,0.246144,-0.409719,-0.251747
2026-07-20 14:34:18.500,169.699839,0.000000,0.000000,0.000000,0.320564,-0.388705,-0.280119,0.124047,-0.353883,-0.278088,0.222305,-0.371294,-0.279104,0.191688,-0.402203,-0.254175,0.213263,-0.419443,-0.195068,0.245624,-0.410635,-0.251645
2026-07-20 14:34:18.600,169.799839,0.000000,0.000000,0.000000,0.320669,-0.390732,-0.280673,0.124063,-0.356813,-0.279581,0.222366,-0.373772,-0.280127,0.191793,-0.404230,-0.254729,0.212536,-0.421269,-0.195587,0.246571,-0.412866,-0.252234
2026-07-20 14:34:18.700,169.899839,0.000000,0.000000,0.000000,0.320720,-0.384715,-0.279239,0.123800,-0.351745,-0.278196,0.222260,-0.368230,-0.278717,0.191530,-0.399163,-0.253344,0.212274,-0.416202,-0.194202,0.246543,-0.406834,-0.250761
2026-07-20 14:34:18.800,169.999839,0.000000,0.000000,0.000000,0.320407,-0.392694,-0.280999,0.124127,-0.357930,-0.278972,0.222267,-0.375312,-0.279985,0.191846,-0.405244,-0.255006,0.212395,-0.423249,-0.196025,0.246858,-0.412915,-0.252423
2026-07-20 14:34:18.900,170.099839,0.000000,0.000000,0.000000,0.320616,-0.389718,-0.280396,0.124022,-0.355903,-0.278418,0.222319,-0.372811,-0.279407,0.191740,-0.403217,-0.254452,0.212484,-0.420256,-0.195310,0.246753,-0.410888,-0.251869
2026-07-20 14:34:19.000,170.199839,0.000000,0.000000,0.000000,0.320669,-0.390732,-0.280673,0.123997,-0.357924,-0.278747,0.222333,-0.374328,-0.279710,0.191793,-0.404230,-0.254729,0.212536,-0.421269,-0.195587,0.246806,-0.411901,-0.252147
2026-07-20 14:34:19.100,170.299839,0.000000,0.000000,0.000000,0.320092,-0.386613,-0.279337,0.123878,-0.350738,-0.278145,0.221985,-0.368676,-0.278741,0.191530,-0.399163,-0.253344,0.212274,-0.416202,-0.194202,0.246308,-0.407798,-0.250849
2026-07-20 14:34:19.200,170.399838,0.000000,0.000000,0.000000,0.319934,-0.383573,-0.278506,0.123643,-0.348705,-0.277365,0.221789,-0.366139,-0.277935,0.191206,-0.397104,-0.252597,0.211092,-0.413926,-0.193498,0.246385,-0.403794,-0.249931
2026-07-20 14:34:19.300,170.499838,0.000000,0.000000,0.000000,0.320092,-0.386613,-0.279337,0.123878,-0.350738,-0.278145,0.221985,-0.368676,-0.278741,0.191530,-0.399163,-0.253344,0.211442,-0.416001,-0.194168,0.246543,-0.406834,-0.250761
2026-07-20 14:34:19.400,170.599838,0.000000,0.000000,0.000000,0.320825,-0.386742,-0.279793,0.123828,-0.354779,-0.278801,0.222327,-0.370761,-0.279297,0.190799,-0.400987,-0.253863,0.211547,-0.418028,-0.194722,0.246413,-0.409825,-0.251403
2026-07-20 14:34:19.500,170.699838,0.000000,0.000000,0.000000,0.320668,-0.383702,-0.278962,0.123826,-0.349725,-0.277868,0.222247,-0.366713,-0.278415,0.190641,-0.397947,-0.253032,0.211390,-0.414987,-0.193891,0.246490,-0.405821,-0.250485
2026-07-20 14:34:19.600,170.799838,0.000000,0.000000,0.000000,0.321035,-0.390796,-0.280901,0.124116,-0.357826,-0.279858,0.222575,-0.374311,-0.280379,0.190843,-0.406023,-0.255056,0.211565,-0.423048,-0.195991,0.246858,-0.412915,-0.252423
2026-07-20 14:34:19.700,170.899838,0.000000,0.000000,0.000000,0.321088,-0.391810,-0.281178,0.124168,-0.358840,-0.280135,0.222628,-0.375325,-0.280656,0.190896,-0.407036,-0.255333,0.210979,-0.422894,-0.196072,0.246911,-0.413928,-0.252701
2026-07-20 14:34:19.800,170.999838,0.000000,0.000000,0.000000,0.320983,-0.389783,-0.280624,0.124063,-0.356813,-0.279581,0.222523,-0.373298,-0.280102,0.190791,-0.405009,-0.254779,0.210874,-0.420867,-0.195518,0.246806,-0.411901,-0.252147
2026-07-20 14:34:19.900,171.099838,0.000000,0.000000,0.000000,0.320197,-0.388640,-0.279891,0.123828,-0.354779,-0.278801,0.222012,-0.371710,-0.279346,0.190799,-0.400987,-0.253863,0.210716,-0.417827,-0.194687,0.246413,-0.409825,-0.251403
2026-07-20 14:34:20.000,171.199838,0.000000,0.000000,0.000000,0.320511,-0.387691,-0.279842,0.123917,-0.353876,-0.277864,0.222214,-0.370784,-0.278853,0.190633,-0.401969,-0.253948,0.210524,-0.418793,-0.194848,0.246413,-0.409825,-0.251403
2026-07-20 14:34:20.100,171.299838,0.000000,0.000000,0.000000,0.320878,-0.387756,-0.280070,0.123970,-0.354890,-0.278141,0.222424,-0.371323,-0.279105,0.190686,-0.402982,-0.254225,0.210577,-0.419807,-0.195125,0.246231,-0.411803,-0.251767
2026-07-20 14:34:20.200,171.399837,0.000000,0.000000,0.000000,0.320930,-0.388769,-0.280347,0.123855,-0.357814,-0.279406,0.222393,-0.373291,-0.279877,0.190738,-0.403996,-0.254502,0.210821,-0.419854,-0.195241,0.246753,-0.410888,-0.251869
2026-07-20 14:34:20.300,171.499837,0.000000,0.000000,0.000000,0.320930,-0.388769,-0.280347,0.124011,-0.355799,-0.279304,0.222470,-0.372284,-0.279825,0.190738,-0.403996,-0.254502,0.210821,-0.419854,-0.195241,0.246284,-0.412817,-0.252044
2026-07-20 14:34:20.400,171.599837,0.000000,0.000000,0.000000,0.320720,-0.384715,-0.279239,0.123800,-0.351745,-0.278196,0.222260,-0.368230,-0.278717,0.190528,-0.399942,-0.253393,0.210419,-0.416766,-0.194294,0.246308,-0.407798,-0.250849
2026-07-20 14:34:20.500,171.699837,0.000000,0.000000,0.000000,0.320773,-0.385729,-0.279516,0.123787,-0.353870,-0.277639,0.222280,-0.369799,-0.278578,0.190581,-0.400955,-0.253671,0.209832,-0.416612,-0.194376,0.246361,-0.408812,-0.251126
2026-07-20 14:34:20.600,171.799837,0.000000,0.000000,0.000000,0.320460,-0.393708,-0.281276,0.124090,-0.359847,-0.280186,0.222275,-0.376778,-0.280731,0.190896,-0.407036,-0.255333,0.209956,-0.423660,-0.196199,0.246676,-0.414893,-0.252788
2026-07-20 14:34:20.700,171.899837,0.000000,0.000000,0.000000,0.320327,-0.384144,-0.278873,0.123722,-0.350225,-0.277780,0.222024,-0.367185,-0.278326,0.190449,-0.398422,-0.252978,0.209701,-0.414078,-0.193683,0.246229,-0.406278,-0.250433
2026-07-20 14:34:20.800,171.999837,0.000000,0.000000,0.000000,0.320564,-0.388705,-0.280119,0.123892,-0.355897,-0.278193,0.222228,-0.372301,-0.279156,0.190686,-0.402982,-0.254225,0.209842,-0.419122,-0.195010,0.246231,-0.411803,-0.251767
2026-07-20 14:34:20.900,172.099837,0.000000,0.000000,0.000000,0.320720,-0.384715,-0.279239,0.123723,-0.352752,-0.278247,0.222221,-0.368734,-0.278743,0.190528,-0.399942,-0.253393,0.209791,-0.415698,-0.193248,0.246543,-0.406834,-0.250761
2026-07-20 14:34:21.000,172.199837,0.000000,0.000000,0.000000,0.320930,-0.388769,-0.280347,0.124088,-0.354792,-0.279253,0.222509,-0.371781,-0.279800,0.190738,-0.403996,-0.254502,0.209810,-0.420719,-0.194518,0.246518,-0.411852,-0.251957
2026-07-20 14:34:21.100,172.299837,0.000000,0.000000,0.000000,0.320720,-0.384715,-0.279239,0.123800,-0.351745,-0.278196,0.222260,-0.368230,-0.278717,0.190528,-0.399942,-0.253393,0.209600,-0.416665,-0.193410,0.246074,-0.408763,-0.250936
2026-07-20 14:34:21.200,172.399837,0.000000,0.000000,0.000000,0.320564,-0.388705,-0.280119,0.123880,-0.355793,-0.279078,0.222222,-0.372249,-0.279599,0.190851,-0.402001,-0.254140,0.209757,-0.419706,-0.194241,0.246466,-0.410839,-0.251680
2026-07-20 14:34:21.300,172.499836,0.000000,0.000000,0.000000,0.320669,-0.390732,-0.280673,0.124063,-0.356813,-0.279581,0.222366,-0.373772,-0.280127,0.190791,-0.405009,-0.254779,0.209863,-0.421733,-0.194795,0.246571,-0.412866,-0.252234
2026-07-20 14:34:21.400,172.599836,0.000000,0.000000,0.000000,0.320669,-0.390732,-0.280673,0.124218,-0.354798,-0.279478,0.222444,-0.372765,-0.280076,0.190791,-0.405009,-0.254779,0.209863,-0.421733,-0.194795,0.246571,-0.412866,-0.252234
2026-07-20 14:34:21.500,172.699836,0.000000,0.000000,0.000000,0.320720,-0.384715,-0.279239,0.123800,-0.351745,-0.278196,0.222260,-0.368230,-0.278717,0.189857,-0.398758,-0.253274,0.209600,-0.416665,-0.193410,0.246074,-0.408763,-0.250936
2026-07-20 14:34:21.600,172.799836,0.000000,0.000000,0.000000,0.321035,-0.390796,-0.280901,0.124205,-0.356923,-0.278919,0.222620,-0.373860,-0.279910,0.190843,-0.406023,-0.255056,0.209915,-0.422746,-0.195072,0.246389,-0.414844,-0.252598
2026-07-20 14:34:21.700,172.899836,0.000000,0.000000,0.000000,0.305623,-0.414736,-0.268764,0.110125,-0.374279,-0.268000,0.207874,-0.394508,-0.268382,0.174959,-0.424108,-0.242515,0.192601,-0.439457,-0.181134,0.230126,-0.434975,-0.239745
2026-07-20 14:34:21.800,172.999836,0.000000,0.000000,0.000000,0.320879,-0.394786,-0.281781,0.124362,-0.359964,-0.279750,0.222621,-0.377375,-0.280766,0.191166,-0.408082,-0.255802,0.210084,-0.425886,-0.195053,0.246781,-0.416920,-0.253342
2026-07-20 14:34:21.900,173.099836,0.000000,0.000000,0.000000,0.320825,-0.386742,-0.279793,0.123905,-0.353772,-0.278750,0.222365,-0.370257,-0.279271,0.189798,-0.401767,-0.253913,0.209716,-0.418792,-0.193114,0.246413,-0.409825,-0.251403
2026-07-20 14:34:22.000,173.199836,0.000000,0.000000,0.000000,0.320406,-0.385664,-0.279288,0.123800,-0.351745,-0.278196,0.222103,-0.368705,-0.278742,0.190528,-0.399942,-0.253393,0.208971,-0.415597,-0.192362,0.246308,-0.407798,-0.250849
2026-07-20 14:34:22.100,173.299836,0.000000,0.000000,0.000000,0.320983,-0.389783,-0.280624,0.124063,-0.356813,-0.279581,0.222523,-0.373298,-0.280102,0.189955,-0.404807,-0.254744,0.209043,-0.421632,-0.193910,0.246336,-0.413830,-0.252321
2026-07-20 14:34:22.200,173.399836,0.000000,0.000000,0.000000,0.320616,-0.389718,-0.280396,0.124011,-0.355799,-0.279304,0.222313,-0.372759,-0.279850,0.190904,-0.403014,-0.254417,0.209181,-0.419651,-0.193470,0.246518,-0.411852,-0.251957
2026-07-20 14:34:22.300,173.499835,0.000000,0.000000,0.000000,0.320825,-0.386742,-0.279793,0.123917,-0.353876,-0.277864,0.222371,-0.370309,-0.278828,0.189798,-0.401767,-0.253913,0.208886,-0.418591,-0.193079,0.246179,-0.410790,-0.251490
2026-07-20 14:34:22.400,173.599835,0.000000,0.000000,0.000000,0.320931,-0.395799,-0.282058,0.124326,-0.361880,-0.280966,0.222629,-0.378840,-0.281512,0.190218,-0.409875,-0.256129,0.209306,-0.426699,-0.195295,0.246599,-0.418898,-0.253706
2026-07-20 14:34:22.500,173.699835,0.000000,0.000000,0.000000,0.320669,-0.390732,-0.280673,0.123985,-0.357820,-0.279632,0.222327,-0.374276,-0.280153,0.190791,-0.405009,-0.254779,0.209043,-0.421632,-0.193910,0.246336,-0.413830,-0.252321
2026-07-20 14:34:22.600,173.799835,0.000000,0.000000,0.000000,0.320511,-0.387691,-0.279842,0.123917,-0.353876,-0.277864,0.222214,-0.370784,-0.278853,0.190633,-0.401969,-0.253948,0.208886,-0.418591,-0.193079,0.246179,-0.410790,-0.251490
2026-07-20 14:34:22.700,173.899835,0.000000,0.000000,0.000000,0.320721,-0.391745,-0.280950,0.124116,-0.357826,-0.279858,0.222418,-0.374786,-0.280404,0.190008,-0.405821,-0.255021,0.209096,-0.422645,-0.194187,0.246389,-0.414844,-0.252598
2026-07-20 14:34:22.800,173.999835,0.000000,0.000000,0.000000,0.320878,-0.387756,-0.280070,0.123958,-0.354786,-0.279027,0.222418,-0.371271,-0.279548,0.189850,-0.402780,-0.254190,0.209128,-0.418638,-0.193193,0.246231,-0.411803,-0.251767
2026-07-20 14:34:22.900,174.099835,0.000000,0.000000,0.000000,0.321035,-0.390796,-0.280901,0.124116,-0.357826,-0.279858,0.222575,-0.374311,-0.280379,0.190843,-0.406023,-0.255056,0.209286,-0.421678,-0.194024,0.246389,-0.414844,-0.252598
2026-07-20 14:34:23.000,174.199835,0.000000,0.000000,0.000000,0.321035,-0.390796,-0.280901,0.124116,-0.357826,-0.279858,0.222575,-0.374311,-0.280379,0.190172,-0.404839,-0.254936,0.209096,-0.422645,-0.194187,0.246389,-0.414844,-0.252598
2026-07-20 14:34:23.100,174.299835,0.000000,0.000000,0.000000,0.320250,-0.389654,-0.280168,0.124036,-0.353779,-0.278976,0.222143,-0.371716,-0.279572,0.190686,-0.402982,-0.254225,0.208938,-0.419605,-0.193356,0.246231,-0.411803,-0.251767
2026-07-20 14:34:23.200,174.399835,0.000000,0.000000,0.000000,0.320459,-0.386678,-0.279565,0.123865,-0.352863,-0.277587,0.222162,-0.369770,-0.278576,0.190581,-0.400955,-0.253671,0.209023,-0.416611,-0.192639,0.246361,-0.408812,-0.251126
2026-07-20 14:34:23.300,174.499835,0.000000,0.000000,0.000000,0.320565,-0.395735,-0.281830,0.124285,-0.360971,-0.279803,0.222425,-0.378353,-0.280817,0.190165,-0.408861,-0.255852,0.209253,-0.425686,-0.195018,0.246429,-0.418366,-0.253473
2026-07-20 14:34:23.400,174.599834,0.000000,0.000000,0.000000,0.320301,-0.383637,-0.278734,0.123707,-0.349822,-0.276756,0.222004,-0.366730,-0.277745,0.189670,-0.397222,-0.252762,0.208676,-0.414537,-0.191971,0.245968,-0.406736,-0.250382
2026-07-20 14:34:23.500,174.699834,0.000000,0.000000,0.000000,0.320773,-0.385729,-0.279516,0.123853,-0.352759,-0.278473,0.222313,-0.369244,-0.278994,0.189745,-0.400753,-0.253636,0.208822,-0.417478,-0.193652,0.246126,-0.409776,-0.251213
2026-07-20 14:34:23.600,174.799834,0.000000,0.000000,0.000000,0.320354,-0.384651,-0.279011,0.123748,-0.350732,-0.277919,0.222051,-0.367691,-0.278465,0.189640,-0.398726,-0.253082,0.208717,-0.415451,-0.193098,0.246021,-0.407749,-0.250659
2026-07-20 14:34:23.700,174.899834,0.000000,0.000000,0.000000,0.320092,-0.386613,-0.279337,0.124587,-0.352962,-0.278283,0.222340,-0.369788,-0.278810,0.189693,-0.399740,-0.253359,0.209600,-0.416665,-0.193410,0.246074,-0.408763,-0.250936
2026-07-20 14:34:23.800,174.999834,0.000000,0.000000,0.000000,0.320879,-0.394786,-0.281781,0.124285,-0.360971,-0.279803,0.222582,-0.377878,-0.280792,0.190001,-0.409843,-0.255937,0.209871,-0.426653,-0.196914,0.247387,-0.418088,-0.253464
2026-07-20 14:34:23.900,175.099834,0.000000,0.000000,0.000000,0.321035,-0.390796,-0.280901,0.124116,-0.357826,-0.279858,0.222575,-0.374311,-0.280379,0.190008,-0.405821,-0.255021,0.209713,-0.423613,-0.196083,0.247112,-0.415529,-0.252677
2026-07-20 14:34:24.000,175.199834,0.000000,0.000000,0.000000,0.320774,-0.392759,-0.281227,0.125112,-0.358042,-0.280120,0.222943,-0.375401,-0.280673,0.190060,-0.406834,-0.255298,0.209765,-0.424626,-0.196360,0.246207,-0.416821,-0.252962
2026-07-20 14:34:24.100,175.299834,0.000000,0.000000,0.000000,0.319987,-0.384586,-0.278783,0.123695,-0.349718,-0.277642,0.221841,-0.367152,-0.278212,0.189588,-0.397713,-0.252805,0.209102,-0.416472,-0.194028,0.246809,-0.406939,-0.250417
2026-07-20 14:34:24.200,175.399834,0.000000,0.000000,0.000000,0.320669,-0.390732,-0.280673,0.124063,-0.356813,-0.279581,0.222366,-0.373772,-0.280127,0.189780,-0.405689,-0.255683,0.209469,-0.423566,-0.195967,0.247177,-0.414034,-0.252356
2026-07-20 14:34:24.300,175.499834,0.000000,0.000000,0.000000,0.320564,-0.388705,-0.280119,0.124036,-0.353779,-0.278976,0.222300,-0.371242,-0.279547,0.189839,-0.402680,-0.255045,0.208536,-0.421339,-0.195379,0.247072,-0.412007,-0.251802
2026-07-20 14:34:24.400,175.599833,0.000000,0.000000,0.000000,0.320721,-0.391745,-0.280950,0.124038,-0.358833,-0.279909,0.222380,-0.375289,-0.280430,0.189997,-0.405720,-0.255876,0.208884,-0.423412,-0.196049,0.247230,-0.415047,-0.252633
2026-07-20 14:34:24.500,175.699833,0.000000,0.000000,0.000000,0.320720,-0.384715,-0.279239,0.123800,-0.351745,-0.278196,0.222260,-0.368230,-0.278717,0.189517,-0.400621,-0.254298,0.208569,-0.417331,-0.194387,0.246679,-0.409930,-0.251058
2026-07-20 14:34:24.600,175.799833,0.000000,0.000000,0.000000,0.320092,-0.386613,-0.279337,0.123800,-0.351745,-0.278196,0.221946,-0.369179,-0.278766,0.189517,-0.400621,-0.254298,0.208580,-0.417431,-0.193538,0.246914,-0.408966,-0.250971
2026-07-20 14:34:24.700,175.899833,0.000000,0.000000,0.000000,0.320511,-0.387691,-0.279842,0.124061,-0.351758,-0.278647,0.222286,-0.369725,-0.279245,0.189798,-0.401767,-0.253913,0.208685,-0.419458,-0.194092,0.246784,-0.411957,-0.251612
2026-07-20 14:34:24.800,175.999833,0.000000,0.000000,0.000000,0.320825,-0.386742,-0.279793,0.123983,-0.352765,-0.278699,0.222404,-0.369754,-0.279246,0.189633,-0.402749,-0.253998,0.208685,-0.419458,-0.194092,0.247020,-0.410993,-0.251525
2026-07-20 14:34:24.900,176.099833,0.000000,0.000000,0.000000,0.321089,-0.398840,-0.282889,0.124483,-0.364921,-0.281797,0.222786,-0.381880,-0.282343,0.190211,-0.413897,-0.257045,0.209263,-0.430607,-0.197139,0.247597,-0.422142,-0.254572
2026-07-20 14:34:25.000,176.199833,0.000000,0.000000,0.000000,0.320878,-0.387756,-0.280070,0.123958,-0.354786,-0.279027,0.222418,-0.371271,-0.279548,0.189850,-0.402780,-0.254190,0.208748,-0.420571,-0.193520,0.247072,-0.412007,-0.251802
2026-07-20 14:34:25.100,176.299833,0.000000,0.000000,0.000000,0.320459,-0.386678,-0.279565,0.123853,-0.352759,-0.278473,0.222156,-0.369718,-0.279019,0.189745,-0.400753,-0.253636,0.208833,-0.417578,-0.192802,0.246731,-0.410944,-0.251335
2026-07-20 14:34:25.200,176.399833,0.000000,0.000000,0.000000,0.320250,-0.389654,-0.280168,0.123958,-0.354786,-0.279027,0.222104,-0.372220,-0.279597,0.189686,-0.403762,-0.254275,0.208843,-0.420088,-0.193438,0.247072,-0.412007,-0.251802
2026-07-20 14:34:25.300,176.499833,0.000000,0.000000,0.000000,0.320564,-0.388705,-0.280119,0.123958,-0.354786,-0.279027,0.222261,-0.371745,-0.279573,0.189686,-0.403762,-0.254275,0.209139,-0.418738,-0.192342,0.246836,-0.412971,-0.251889
2026-07-20 14:34:25.400,176.599833,0.000000,0.000000,0.000000,0.320825,-0.386742,-0.279793,0.123905,-0.353772,-0.278750,0.222365,-0.370257,-0.279271,0.189798,-0.401767,-0.253913,0.209087,-0.417724,-0.192065,0.247020,-0.410993,-0.251525
2026-07-20 14:34:25.500,176.699832,0.000000,0.000000,0.000000,0.320248,-0.382624,-0.278457,0.123577,-0.349816,-0.276531,0.221913,-0.366220,-0.277494,0.189535,-0.396699,-0.252528,0.208835,-0.412757,-0.189829,0.246757,-0.405926,-0.250140
2026-07-20 14:34:25.600,176.799832,0.000000,0.000000,0.000000,0.320721,-0.391745,-0.280950,0.124193,-0.356819,-0.279807,0.222457,-0.374282,-0.280378,0.189926,-0.406312,-0.255063,0.208477,-0.421677,-0.192287,0.247230,-0.415047,-0.252633
2026-07-20 14:34:25.700,176.899832,0.000000,0.000000,0.000000,0.320302,-0.390667,-0.280445,0.123933,-0.356806,-0.279355,0.222117,-0.373737,-0.279900,0.189820,-0.404285,-0.254509,0.208383,-0.419750,-0.190882,0.246889,-0.413984,-0.252166
2026-07-20 14:34:25.800,176.999832,0.000000,0.000000,0.000000,0.320250,-0.389654,-0.280168,0.124113,-0.352771,-0.278924,0.222181,-0.371213,-0.279546,0.189850,-0.402780,-0.254190,0.208141,-0.419704,-0.190772,0.247072,-0.412007,-0.251802
2026-07-20 14:34:25.900,177.099832,0.000000,0.000000,0.000000,0.321140,-0.392823,-0.281455,0.124298,-0.358846,-0.280361,0.222719,-0.375835,-0.280908,0.190113,-0.407848,-0.255575,0.208604,-0.423905,-0.191139,0.247099,-0.418038,-0.253274
2026-07-20 14:34:26.000,177.199832,0.000000,0.000000,0.000000,0.321087,-0.384780,-0.279467,0.123853,-0.352759,-0.278473,0.222470,-0.368769,-0.278970,0.189745,-0.400753,-0.253636,0.208236,-0.416810,-0.189200,0.246967,-0.409980,-0.251248
2026-07-20 14:34:26.100,177.299832,0.000000,0.000000,0.000000,0.320825,-0.386742,-0.279793,0.123905,-0.353772,-0.278750,0.222365,-0.370257,-0.279271,0.189962,-0.400785,-0.253828,0.207270,-0.418589,-0.189610,0.247255,-0.410029,-0.251438
2026-07-20 14:34:26.200,177.399832,0.000000,0.000000,0.000000,0.320616,-0.389718,-0.280396,0.123855,-0.357814,-0.279406,0.222236,-0.373766,-0.279901,0.189903,-0.403794,-0.254467,0.207375,-0.420616,-0.190164,0.246889,-0.413984,-0.252166
2026-07-20 14:34:26.300,177.499832,0.000000,0.000000,0.000000,0.320512,-0.394721,-0.281553,0.124221,-0.359853,-0.280412,0.222366,-0.377287,-0.280982,0.190113,-0.407848,-0.255575,0.207596,-0.424770,-0.190422,0.247335,-0.417074,-0.253187
2026-07-20 14:34:26.400,177.599832,0.000000,0.000000,0.000000,0.320616,-0.389718,-0.280396,0.123944,-0.356910,-0.278470,0.222280,-0.373314,-0.279433,0.189903,-0.403794,-0.254467,0.206556,-0.420515,-0.189280,0.246889,-0.413984,-0.252166
2026-07-20 14:34:26.500,177.699831,0.000000,0.000000,0.000000,0.320825,-0.386742,-0.279793,0.123905,-0.353772,-0.278750,0.222365,-0.370257,-0.279271,0.189798,-0.401767,-0.253913,0.206451,-0.418488,-0.188726,0.247020,-0.410993,-0.251525
2026-07-20 14:34:26.600,177.799831,0.000000,0.000000,0.000000,0.321088,-0.391810,-0.281178,0.124246,-0.357833,-0.280084,0.222667,-0.374821,-0.280631,0.189225,-0.406632,-0.255263,0.206900,-0.422589,-0.189942,0.247282,-0.416061,-0.252910
2026-07-20 14:34:26.700,177.899831,0.000000,0.000000,0.000000,0.320826,-0.393772,-0.281504,0.124155,-0.360964,-0.279578,0.222490,-0.377368,-0.280541,0.189277,-0.407646,-0.255540,0.205935,-0.424368,-0.190353,0.247335,-0.417074,-0.253187
2026-07-20 14:34:26.800,177.999831,0.000000,0.000000,0.000000,0.320564,-0.388705,-0.280119,0.124036,-0.353779,-0.278976,0.222300,-0.371242,-0.279547,0.189015,-0.402578,-0.254155,0.205673,-0.419301,-0.188968,0.247072,-0.412007,-0.251802
2026-07-20 14:34:26.900,178.099831,0.000000,0.000000,0.000000,0.321193,-0.393837,-0.281732,0.124351,-0.359860,-0.280638,0.222772,-0.376848,-0.281185,0.189341,-0.408760,-0.254962,0.206174,-0.424415,-0.190461,0.247399,-0.418189,-0.252603
2026-07-20 14:34:27.000,178.199831,0.000000,0.000000,0.000000,0.320563,-0.381675,-0.278408,0.123565,-0.349712,-0.277416,0.222064,-0.365693,-0.277912,0.188699,-0.396497,-0.252493,0.204712,-0.412052,-0.187103,0.246757,-0.405926,-0.250140
2026-07-20 14:34:27.100,178.299831,0.000000,0.000000,0.000000,0.320774,-0.392759,-0.281227,0.124180,-0.358944,-0.279249,0.222477,-0.375851,-0.280238,0.189225,-0.406632,-0.255263,0.205053,-0.423154,-0.190042,0.247293,-0.416162,-0.252049
2026-07-20 14:34:27.200,178.399831,0.000000,0.000000,0.000000,0.320092,-0.386613,-0.279337,0.123800,-0.351745,-0.278196,0.221946,-0.369179,-0.278766,0.188694,-0.400520,-0.253409,0.203855,-0.415859,-0.188068,0.246926,-0.409067,-0.250110
2026-07-20 14:34:27.300,178.499831,0.000000,0.000000,0.000000,0.320878,-0.387756,-0.280070,0.123880,-0.355793,-0.279078,0.222379,-0.371774,-0.279574,0.189015,-0.402578,-0.254155,0.204012,-0.418899,-0.188899,0.246848,-0.413072,-0.251030
2026-07-20 14:34:27.400,178.599831,0.000000,0.000000,0.000000,0.320407,-0.392694,-0.280999,0.124116,-0.357826,-0.279858,0.222261,-0.375260,-0.280428,0.189009,-0.406601,-0.255071,0.204170,-0.421940,-0.189730,0.247005,-0.416112,-0.251861
2026-07-20 14:34:27.500,178.699831,0.000000,0.000000,0.000000,0.321139,-0.385793,-0.279744,0.123983,-0.352765,-0.278699,0.222561,-0.369279,-0.279221,0.188973,-0.401665,-0.253023,0.203787,-0.418953,-0.187943,0.247031,-0.411094,-0.250664
2026-07-20 14:34:27.600,178.799830,0.000000,0.000000,0.000000,0.320878,-0.387756,-0.280070,0.123958,-0.354786,-0.279027,0.222418,-0.371271,-0.279548,0.189015,-0.402578,-0.254155,0.203193,-0.418798,-0.188015,0.247083,-0.412108,-0.250941
2026-07-20 14:34:27.700,178.899830,0.000000,0.000000,0.000000,0.320406,-0.385664,-0.279288,0.123800,-0.351745,-0.278196,0.222103,-0.368705,-0.278742,0.188868,-0.399638,-0.252469,0.202853,-0.416725,-0.187354,0.246690,-0.410031,-0.250198
2026-07-20 14:34:27.800,178.999830,0.000000,0.000000,0.000000,0.320721,-0.391745,-0.280950,0.124116,-0.357826,-0.279858,0.222418,-0.374786,-0.280404,0.189183,-0.405719,-0.254131,0.203339,-0.421739,-0.189696,0.247477,-0.414184,-0.251684
2026-07-20 14:34:27.900,179.099830,0.000000,0.000000,0.000000,0.320825,-0.386742,-0.279793,0.123983,-0.352765,-0.278699,0.222404,-0.369754,-0.279246,0.188973,-0.401665,-0.253023,0.202947,-0.418653,-0.188757,0.247031,-0.411094,-0.250664
2026-07-20 14:34:28.000,179.199830,0.000000,0.000000,0.000000,0.320878,-0.387756,-0.280070,0.124823,-0.354995,-0.279063,0.222851,-0.371375,-0.279566,0.189026,-0.402679,-0.253300,0.203364,-0.417730,-0.188696,0.247083,-0.412108,-0.250941
2026-07-20 14:34:28.100,179.299830,0.000000,0.000000,0.000000,0.320878,-0.387756,-0.280070,0.124113,-0.352771,-0.278924,0.222496,-0.370264,-0.279497,0.189026,-0.402679,-0.253300,0.203353,-0.417630,-0.189547,0.247083,-0.412108,-0.250941
2026-07-20 14:34:28.200,179.399830,0.000000,0.000000,0.000000,0.320878,-0.387756,-0.280070,0.123958,-0.354786,-0.279027,0.222418,-0.371271,-0.279548,0.189026,-0.402679,-0.253300,0.204001,-0.418799,-0.189749,0.246008,-0.412869,-0.250995
2026-07-20 14:34:28.300,179.499830,0.000000,0.000000,0.000000,0.320460,-0.393708,-0.281276,0.124090,-0.359847,-0.280186,0.222275,-0.376778,-0.280731,0.189236,-0.406733,-0.254408,0.204200,-0.422753,-0.191707,0.245983,-0.417887,-0.252191
2026-07-20 14:34:28.400,179.599830,0.000000,0.000000,0.000000,0.321298,-0.395864,-0.282286,0.124456,-0.361887,-0.281192,0.222877,-0.378875,-0.281739,0.189446,-0.410787,-0.255516,0.205425,-0.426041,-0.192683,0.246428,-0.420977,-0.253211
2026-07-20 14:34:28.500,179.699830,0.000000,0.000000,0.000000,0.320039,-0.385600,-0.279060,0.123826,-0.349725,-0.277868,0.221932,-0.367662,-0.278464,0.188804,-0.398524,-0.253047,0.204784,-0.413779,-0.190210,0.245798,-0.408815,-0.249887
2026-07-20 14:34:28.600,179.799829,0.000000,0.000000,0.000000,0.320144,-0.387627,-0.279614,0.123853,-0.352759,-0.278473,0.221999,-0.370193,-0.279043,0.188909,-0.400551,-0.253601,0.205523,-0.416874,-0.191814,0.245891,-0.410740,-0.251300
2026-07-20 14:34:28.700,179.899829,0.000000,0.000000,0.000000,0.320511,-0.387691,-0.279842,0.123983,-0.352765,-0.278699,0.222247,-0.370228,-0.279270,0.188962,-0.401565,-0.253878,0.205565,-0.417788,-0.192941,0.245709,-0.412718,-0.251665
2026-07-20 14:34:28.800,179.999829,0.000000,0.000000,0.000000,0.320459,-0.386678,-0.279565,0.123775,-0.353766,-0.278524,0.222117,-0.370222,-0.279045,0.188746,-0.401533,-0.253686,0.206342,-0.416975,-0.192699,0.245891,-0.410740,-0.251300
2026-07-20 14:34:28.900,180.099829,0.000000,0.000000,0.000000,0.320250,-0.389654,-0.280168,0.123880,-0.355793,-0.279078,0.222065,-0.372724,-0.279623,0.189015,-0.402578,-0.254155,0.206436,-0.418902,-0.194103,0.245762,-0.413732,-0.251942
2026-07-20 14:34:29.000,180.199829,0.000000,0.000000,0.000000,0.320616,-0.389718,-0.280396,0.124088,-0.354792,-0.279253,0.222352,-0.372255,-0.279824,0.188904,-0.404574,-0.254517,0.207319,-0.420116,-0.194414,0.245814,-0.414745,-0.252219
2026-07-20 14:34:29.100,180.299829,0.000000,0.000000,0.000000,0.320039,-0.385600,-0.279060,0.123826,-0.349725,-0.277868,0.221932,-0.367662,-0.278464,0.188804,-0.398524,-0.253047,0.207244,-0.414082,-0.192867,0.245552,-0.409678,-0.250834
2026-07-20 14:34:29.200,180.399829,0.000000,0.000000,0.000000,0.320196,-0.381610,-0.278180,0.123590,-0.347691,-0.277088,0.221893,-0.364651,-0.277634,0.188647,-0.395484,-0.252216,0.206888,-0.411909,-0.193048,0.245394,-0.406637,-0.250003
2026-07-20 14:34:29.300,180.499829,0.000000,0.000000,0.000000,0.320092,-0.386613,-0.279337,0.123723,-0.352752,-0.278247,0.221907,-0.369683,-0.278792,0.188775,-0.400029,-0.253366,0.207098,-0.415963,-0.194156,0.245604,-0.410691,-0.251111
2026-07-20 14:34:29.400,180.599829,0.000000,0.000000,0.000000,0.320511,-0.387691,-0.279842,0.123983,-0.352765,-0.278699,0.222247,-0.370228,-0.279270,0.188799,-0.402547,-0.253963,0.208033,-0.418190,-0.194745,0.245709,-0.412718,-0.251665
2026-07-20 14:34:29.500,180.699829,0.000000,0.000000,0.000000,0.320720,-0.384715,-0.279239,0.123878,-0.350738,-0.278145,0.222299,-0.367727,-0.278692,0.188857,-0.399538,-0.253324,0.207928,-0.416163,-0.194191,0.245604,-0.410691,-0.251111
2026-07-20 14:34:29.600,180.799829,0.000000,0.000000,0.000000,0.320721,-0.391745,-0.280950,0.125060,-0.357029,-0.279843,0.222891,-0.374387,-0.280396,0.189172,-0.405619,-0.254986,0.208243,-0.422244,-0.195853,0.246154,-0.415808,-0.252685
2026-07-20 14:34:29.700,180.899828,0.000000,0.000000,0.000000,0.320564,-0.388705,-0.280119,0.123958,-0.354786,-0.279027,0.222261,-0.371745,-0.279573,0.189015,-0.402578,-0.254155,0.208916,-0.419405,-0.195056,0.245996,-0.412767,-0.251854
2026-07-20 14:34:29.800,180.999828,0.000000,0.000000,0.000000,0.322910,-0.373324,-0.292139,0.126290,-0.340699,-0.288313,0.224600,-0.357011,-0.290226,0.191767,-0.389409,-0.266181,0.212229,-0.406883,-0.207595,0.248788,-0.399051,-0.264409
2026-07-20 14:34:29.900,181.099828,0.000000,0.000000,0.000000,0.322169,-0.375263,-0.291814,0.126414,-0.342706,-0.288931,0.224292,-0.358985,-0.290372,0.192044,-0.390436,-0.266684,0.213169,-0.408955,-0.209103,0.248912,-0.401058,-0.265026
2026-07-20 14:34:30.000,181.199828,0.000000,0.000000,0.000000,0.322107,-0.374259,-0.291505,0.125485,-0.341503,-0.288576,0.223796,-0.357881,-0.290041,0.191982,-0.389432,-0.266375,0.212926,-0.408915,-0.208984,0.248850,-0.400054,-0.264718
2026-07-20 14:34:30.100,181.299828,0.000000,0.000000,0.000000,0.309665,-0.399009,-0.282092,0.113927,-0.360493,-0.280402,0.211796,-0.379751,-0.281247,0.179417,-0.411111,-0.256759,0.199891,-0.428474,-0.198677,0.235380,-0.421911,-0.254558
2026-07-20 14:34:30.200,181.399828,0.000000,0.000000,0.000000,0.309526,-0.393937,-0.280703,0.113788,-0.355421,-0.279013,0.211657,-0.374679,-0.279858,0.179465,-0.405061,-0.255287,0.199751,-0.423402,-0.197289,0.235370,-0.416360,-0.253127
2026-07-20 14:34:30.300,181.499828,0.000000,0.000000,0.000000,0.309414,-0.389879,-0.279592,0.113777,-0.350358,-0.277851,0.211596,-0.370118,-0.278722,0.179354,-0.401003,-0.254176,0.200680,-0.418603,-0.196056,0.235001,-0.413260,-0.252102
2026-07-20 14:34:30.400,181.599828,0.000000,0.000000,0.000000,0.310056,-0.383129,-0.299368,0.113869,-0.345937,-0.294458,0.211962,-0.364533,-0.296913,0.179957,-0.397094,-0.273456,0.202709,-0.417175,-0.216351,0.235694,-0.409063,-0.272352
2026-07-20 14:34:30.500,181.699828,0.000000,0.000000,0.000000,0.309330,-0.399950,-0.282141,0.113927,-0.360493,-0.280402,0.211629,-0.380222,-0.281271,0.179417,-0.411111,-0.256759,0.201310,-0.429776,-0.199758,0.235251,-0.422390,-0.254601
2026-07-20 14:34:30.600,181.799828,0.000000,0.000000,0.000000,0.309332,-0.383007,-0.298900,0.113900,-0.342930,-0.293727,0.211616,-0.362968,-0.296314,0.179893,-0.395090,-0.272818,0.203239,-0.416204,-0.216807,0.235882,-0.406104,-0.271590
2026-07-20 14:34:30.700,181.899827,0.000000,0.000000,0.000000,0.309364,-0.384009,-0.299219,0.113743,-0.345938,-0.294231,0.211553,-0.364973,-0.296725,0.179743,-0.397067,-0.273260,0.203038,-0.418026,-0.218165,0.234827,-0.407846,-0.271979
2026-07-20 14:34:30.800,181.999827,0.000000,0.000000,0.000000,0.310000,-0.398067,-0.282043,0.114128,-0.358483,-0.280298,0.212064,-0.378275,-0.281171,0.179605,-0.410133,-0.256675,0.203164,-0.429155,-0.200523,0.234418,-0.422168,-0.254564
2026-07-20 14:34:30.900,182.099827,0.000000,0.000000,0.000000,0.309630,-0.381064,-0.298496,0.113679,-0.343934,-0.293593,0.211655,-0.362499,-0.296045,0.179861,-0.394088,-0.272499,0.204228,-0.414325,-0.217191,0.234764,-0.405842,-0.271342
2026-07-20 14:34:31.000,182.199827,0.000000,0.000000,0.000000,0.309928,-0.379121,-0.298092,0.113647,-0.342932,-0.293275,0.211788,-0.361026,-0.295683,0.179830,-0.393086,-0.272180,0.204787,-0.414356,-0.217963,0.234983,-0.403884,-0.270899
2026-07-20 14:34:31.100,182.299827,0.000000,0.000000,0.000000,0.309598,-0.380062,-0.298177,0.113836,-0.340926,-0.293089,0.211717,-0.360494,-0.295633,0.179830,-0.393086,-0.272180,0.205003,-0.413401,-0.217770,0.234732,-0.404840,-0.271023
2026-07-20 14:34:31.200,182.399827,0.000000,0.000000,0.000000,0.309396,-0.385011,-0.299538,0.113869,-0.345937,-0.294458,0.211632,-0.365474,-0.296998,0.180788,-0.397309,-0.273509,0.205956,-0.417622,-0.219098,0.235110,-0.407892,-0.272174
2026-07-20 14:34:31.300,182.499827,0.000000,0.000000,0.000000,0.309471,-0.376054,-0.296901,0.113615,-0.337921,-0.291906,0.211543,-0.356988,-0.294404,0.180534,-0.389293,-0.270958,0.205683,-0.409471,-0.217392,0.234856,-0.399876,-0.269623
2026-07-20 14:34:31.400,182.599827,0.000000,0.000000,0.000000,0.309726,-0.384070,-0.299453,0.113775,-0.346940,-0.294550,0.211750,-0.365505,-0.297002,0.180972,-0.396334,-0.273386,0.206763,-0.417700,-0.219996,0.234859,-0.408848,-0.272298
2026-07-20 14:34:31.500,182.699827,0.000000,0.000000,0.000000,0.309364,-0.384009,-0.299219,0.113932,-0.343932,-0.294046,0.211648,-0.363970,-0.296632,0.180757,-0.396307,-0.273190,0.206712,-0.416563,-0.220522,0.235078,-0.406890,-0.271856
2026-07-20 14:34:31.600,182.799827,0.000000,0.000000,0.000000,0.309471,-0.376054,-0.296901,0.113520,-0.338924,-0.291999,0.211496,-0.357489,-0.294450,0.181365,-0.389507,-0.271011,0.207535,-0.408808,-0.218152,0.234605,-0.400832,-0.269747
2026-07-20 14:34:31.700,182.899827,0.000000,0.000000,0.000000,0.309300,-0.382005,-0.298581,0.113679,-0.343934,-0.293593,0.211490,-0.362969,-0.296087,0.181709,-0.393543,-0.272483,0.207674,-0.413683,-0.220593,0.235015,-0.404886,-0.271218
2026-07-20 14:34:31.800,182.999826,0.000000,0.000000,0.000000,0.309246,-0.396907,-0.281307,0.113844,-0.357450,-0.279569,0.211545,-0.377179,-0.280438,0.181384,-0.406656,-0.254977,0.207605,-0.424893,-0.202967,0.234847,-0.417207,-0.253558
2026-07-20 14:34:31.900,183.099826,0.000000,0.000000,0.000000,0.309609,-0.396980,-0.281536,0.113972,-0.357459,-0.279795,0.211791,-0.377220,-0.280666,0.181400,-0.407570,-0.256111,0.207621,-0.425808,-0.204096,0.234039,-0.417998,-0.253799
2026-07-20 14:34:32.000,183.199826,0.000000,0.000000,0.000000,0.309428,-0.386013,-0.299857,0.113806,-0.347942,-0.294869,0.211617,-0.366977,-0.297363,0.181836,-0.397551,-0.273759,0.209216,-0.418936,-0.223009,0.234306,-0.408678,-0.272440
2026-07-20 14:34:32.100,183.299826,0.000000,0.000000,0.000000,0.309582,-0.395965,-0.281259,0.113944,-0.356445,-0.279517,0.211763,-0.376205,-0.280388,0.182204,-0.406777,-0.255870,0.208408,-0.424914,-0.204707,0.234011,-0.416984,-0.253521
2026-07-20 14:34:32.200,183.399826,0.000000,0.000000,0.000000,0.309992,-0.381125,-0.298730,0.113900,-0.342930,-0.293727,0.211946,-0.362027,-0.296228,0.182573,-0.394760,-0.272855,0.210371,-0.414100,-0.222575,0.234461,-0.404716,-0.271359
2026-07-20 14:34:32.300,183.499826,0.000000,0.000000,0.000000,0.309567,-0.379060,-0.297858,0.113710,-0.340927,-0.292863,0.211638,-0.359993,-0.295360,0.182478,-0.391754,-0.271898,0.210256,-0.410959,-0.222465,0.234366,-0.401710,-0.270402
2026-07-20 14:34:32.400,183.599826,0.000000,0.000000,0.000000,0.309332,-0.383007,-0.298900,0.113995,-0.341927,-0.293634,0.211663,-0.362467,-0.296267,0.182573,-0.394760,-0.272855,0.210352,-0.413965,-0.223422,0.234711,-0.403760,-0.271235
2026-07-20 14:34:32.500,183.699826,0.000000,0.000000,0.000000,0.309332,-0.383007,-0.298900,0.113711,-0.344936,-0.293912,0.211522,-0.363971,-0.296406,0.182573,-0.394760,-0.272855,0.210332,-0.413830,-0.224269,0.234461,-0.404716,-0.271359
2026-07-20 14:34:32.600,183.799826,0.000000,0.000000,0.000000,0.309665,-0.399009,-0.282092,0.114128,-0.358483,-0.280298,0.211897,-0.378746,-0.281195,0.182287,-0.409821,-0.256704,0.210349,-0.427239,-0.207169,0.234095,-0.420027,-0.254354
2026-07-20 14:34:32.700,183.899826,0.000000,0.000000,0.000000,0.309246,-0.396907,-0.281307,0.113643,-0.359461,-0.279672,0.211445,-0.378184,-0.280490,0.182394,-0.405800,-0.255787,0.210037,-0.425155,-0.206483,0.233999,-0.416883,-0.254382
2026-07-20 14:34:32.800,183.999825,0.000000,0.000000,0.000000,0.309567,-0.379060,-0.297858,0.113805,-0.339924,-0.292770,0.211686,-0.359492,-0.295314,0.182478,-0.391754,-0.271898,0.211046,-0.410902,-0.224213,0.234596,-0.400617,-0.271135
2026-07-20 14:34:32.900,184.099825,0.000000,0.000000,0.000000,0.309300,-0.382005,-0.298581,0.113774,-0.342931,-0.293501,0.211537,-0.362468,-0.296041,0.182727,-0.392784,-0.272414,0.211110,-0.412906,-0.224851,0.234410,-0.403577,-0.271896
2026-07-20 14:34:33.000,184.199825,0.000000,0.000000,0.000000,0.309109,-0.375993,-0.296668,0.113677,-0.335916,-0.291494,0.211393,-0.355955,-0.294081,0.182536,-0.386772,-0.270500,0.210807,-0.407371,-0.223029,0.234219,-0.397565,-0.269982
2026-07-20 14:34:33.100,184.299825,0.000000,0.000000,0.000000,0.309428,-0.386013,-0.299857,0.113901,-0.346939,-0.294776,0.211664,-0.366476,-0.297317,0.182854,-0.396792,-0.273689,0.211237,-0.416914,-0.226127,0.234537,-0.407585,-0.273172
2026-07-20 14:34:33.200,184.399825,0.000000,0.000000,0.000000,0.309237,-0.380001,-0.297943,0.113710,-0.340927,-0.292863,0.211473,-0.360464,-0.295403,0.182663,-0.390780,-0.271776,0.211046,-0.410902,-0.224213,0.234596,-0.400617,-0.271135
2026-07-20 14:34:33.300,184.499825,0.000000,0.000000,0.000000,0.309630,-0.381064,-0.298496,0.113679,-0.343934,-0.293593,0.211655,-0.362499,-0.296045,0.182542,-0.393758,-0.272536,0.211110,-0.412906,-0.224851,0.234660,-0.402621,-0.271773
2026-07-20 14:34:33.400,184.599825,0.000000,0.000000,0.000000,0.309269,-0.381003,-0.298262,0.113836,-0.340926,-0.293089,0.211552,-0.360965,-0.295676,0.182695,-0.391782,-0.272095,0.210855,-0.412858,-0.224716,0.234378,-0.402575,-0.271577
2026-07-20 14:34:33.500,184.699825,0.000000,0.000000,0.000000,0.309246,-0.396907,-0.281307,0.113743,-0.358455,-0.279620,0.211495,-0.377681,-0.280464,0.182394,-0.405800,-0.255787,0.210026,-0.425055,-0.207334,0.233999,-0.416883,-0.254382
2026-07-20 14:34:33.600,184.799825,0.000000,0.000000,0.000000,0.309300,-0.382005,-0.298581,0.113679,-0.343934,-0.293593,0.211490,-0.362969,-0.296087,0.182707,-0.392648,-0.273266,0.210887,-0.413860,-0.225035,0.234410,-0.403577,-0.271896
2026-07-20 14:34:33.700,184.899825,0.000000,0.000000,0.000000,0.309758,-0.385072,-0.299772,0.113901,-0.346939,-0.294776,0.211829,-0.366005,-0.297274,0.182854,-0.396792,-0.273689,0.211237,-0.416914,-0.226127,0.234537,-0.407585,-0.273172
2026-07-20 14:34:33.800,184.999825,0.000000,0.000000,0.000000,0.309237,-0.380001,-0.297943,0.113710,-0.340927,-0.292863,0.211473,-0.360464,-0.295403,0.182663,-0.390780,-0.271776,0.210823,-0.411856,-0.224397,0.234596,-0.400617,-0.271135
2026-07-20 14:34:33.900,185.099824,0.000000,0.000000,0.000000,0.310087,-0.384131,-0.299687,0.113901,-0.346939,-0.294776,0.211994,-0.365535,-0.297231,0.182854,-0.396792,-0.273689,0.211237,-0.416914,-0.226127,0.234662,-0.407107,-0.273110
2026-07-20 14:34:34.000,185.199824,0.000000,0.000000,0.000000,0.309853,-0.388078,-0.300729,0.113996,-0.349945,-0.295733,0.211925,-0.369011,-0.298231,0.182950,-0.399798,-0.274646,0.211109,-0.420874,-0.227268,0.234632,-0.410591,-0.274128
2026-07-20 14:34:34.100,185.299824,0.000000,0.000000,0.000000,0.309630,-0.381064,-0.298496,0.113585,-0.344937,-0.293686,0.211607,-0.363000,-0.296091,0.182727,-0.392784,-0.272414,0.210887,-0.413860,-0.225035,0.234410,-0.403577,-0.271896
2026-07-20 14:34:34.200,185.399824,0.000000,0.000000,0.000000,0.309662,-0.382066,-0.298815,0.113806,-0.343933,-0.293820,0.211734,-0.362999,-0.296317,0.182759,-0.393786,-0.272733,0.211122,-0.413772,-0.226017,0.234191,-0.405536,-0.272338
2026-07-20 14:34:34.300,185.499824,0.000000,0.000000,0.000000,0.309237,-0.380001,-0.297943,0.113521,-0.342933,-0.293048,0.211379,-0.361467,-0.295496,0.182663,-0.390780,-0.271776,0.210198,-0.410553,-0.225007,0.234346,-0.401573,-0.271258
2026-07-20 14:34:34.400,185.599824,0.000000,0.000000,0.000000,0.309662,-0.382066,-0.298815,0.113900,-0.342930,-0.293727,0.211781,-0.362498,-0.296271,0.182759,-0.393786,-0.272733,0.210294,-0.413559,-0.225964,0.234441,-0.404579,-0.272215
2026-07-20 14:34:34.500,185.699824,0.000000,0.000000,0.000000,0.309330,-0.399950,-0.282141,0.113827,-0.361499,-0.280453,0.211578,-0.380725,-0.281297,0.182478,-0.408844,-0.256620,0.209498,-0.426818,-0.208836,0.234095,-0.420027,-0.254354
2026-07-20 14:34:34.600,185.799824,0.000000,0.000000,0.000000,0.309330,-0.399950,-0.282141,0.113927,-0.360493,-0.280402,0.211629,-0.380222,-0.281271,0.182669,-0.407867,-0.256536,0.209498,-0.426818,-0.208836,0.234083,-0.419926,-0.255215
2026-07-20 14:34:34.700,185.899824,0.000000,0.000000,0.000000,0.308939,-0.381944,-0.298348,0.113742,-0.341929,-0.293182,0.211340,-0.361936,-0.295765,0.183342,-0.392971,-0.272271,0.210008,-0.412510,-0.225509,0.234378,-0.402575,-0.271577
2026-07-20 14:34:34.800,185.999824,0.000000,0.000000,0.000000,0.309726,-0.384070,-0.299453,0.113869,-0.345937,-0.294458,0.211797,-0.365003,-0.296955,0.182822,-0.395790,-0.273370,0.209509,-0.415214,-0.227396,0.234505,-0.406583,-0.272853
2026-07-20 14:34:34.900,186.099823,0.000000,0.000000,0.000000,0.309567,-0.379060,-0.297858,0.113521,-0.342933,-0.293048,0.211544,-0.360996,-0.295453,0.182663,-0.390780,-0.271776,0.209350,-0.410204,-0.225801,0.234616,-0.400754,-0.270278
2026-07-20 14:34:35.000,186.199823,0.000000,0.000000,0.000000,0.309567,-0.379060,-0.297858,0.113521,-0.342933,-0.293048,0.211544,-0.360996,-0.295453,0.183497,-0.390995,-0.271829,0.209350,-0.410204,-0.225801,0.234616,-0.400754,-0.270278
2026-07-20 14:34:35.100,186.299823,0.000000,0.000000,0.000000,0.310087,-0.384131,-0.299687,0.113806,-0.347942,-0.294869,0.211947,-0.366036,-0.297278,0.183040,-0.395818,-0.273567,0.209762,-0.415260,-0.227532,0.234557,-0.407722,-0.272316
2026-07-20 14:34:35.200,186.399823,0.000000,0.000000,0.000000,0.309567,-0.379060,-0.297858,0.113710,-0.340927,-0.292863,0.211638,-0.359993,-0.295360,0.183497,-0.390995,-0.271829,0.209350,-0.410204,-0.225801,0.234366,-0.401710,-0.270402
2026-07-20 14:34:35.300,186.499823,0.000000,0.000000,0.000000,0.309300,-0.382005,-0.298581,0.113868,-0.341928,-0.293408,0.211584,-0.361966,-0.295995,0.183561,-0.392999,-0.272467,0.209414,-0.412208,-0.226439,0.234679,-0.402758,-0.270916
2026-07-20 14:34:35.400,186.599823,0.000000,0.000000,0.000000,0.309992,-0.381125,-0.298730,0.113806,-0.343933,-0.293820,0.211899,-0.362529,-0.296275,0.183592,-0.394001,-0.272786,0.209686,-0.412390,-0.225727,0.234711,-0.403760,-0.271235
2026-07-20 14:34:35.500,186.699823,0.000000,0.000000,0.000000,0.310024,-0.382127,-0.299049,0.113837,-0.344935,-0.294139,0.211931,-0.363531,-0.296594,0.183624,-0.395003,-0.273105,0.209497,-0.414347,-0.226230,0.234743,-0.404761,-0.271554
2026-07-20 14:34:35.600,186.799823,0.000000,0.000000,0.000000,0.309428,-0.386013,-0.299857,0.113901,-0.346939,-0.294776,0.211664,-0.366476,-0.297317,0.183688,-0.397007,-0.273743,0.209781,-0.415396,-0.226684,0.234557,-0.407722,-0.272316
2026-07-20 14:34:35.700,186.899823,0.000000,0.000000,0.000000,0.309471,-0.376054,-0.296901,0.113615,-0.337921,-0.291906,0.211543,-0.356988,-0.294404,0.183402,-0.387989,-0.270872,0.209495,-0.406378,-0.223814,0.234520,-0.397748,-0.269321
2026-07-20 14:34:35.800,186.999823,0.000000,0.000000,0.000000,0.309897,-0.378119,-0.297773,0.113615,-0.341930,-0.292956,0.211756,-0.360024,-0.295364,0.183497,-0.390995,-0.271829,0.208781,-0.409306,-0.223869,0.233778,-0.400537,-0.270224
2026-07-20 14:34:35.900,187.099823,0.000000,0.000000,0.000000,0.309662,-0.382066,-0.298815,0.113616,-0.345939,-0.294005,0.211639,-0.364002,-0.296410,0.183592,-0.394001,-0.272786,0.208876,-0.412312,-0.224826,0.233624,-0.404500,-0.271305
2026-07-20 14:34:36.000,187.199822,0.000000,0.000000,0.000000,0.309173,-0.377997,-0.297305,0.113552,-0.339926,-0.292318,0.211363,-0.358961,-0.294812,0.183433,-0.388991,-0.271191,0.207688,-0.408179,-0.222515,0.233714,-0.398534,-0.269587
2026-07-20 14:34:36.100,187.299822,0.000000,0.000000,0.000000,0.309163,-0.393864,-0.280474,0.113760,-0.354407,-0.278735,0.211461,-0.374135,-0.279605,0.183347,-0.402103,-0.254049,0.206872,-0.420269,-0.205354,0.233346,-0.412758,-0.252564
2026-07-20 14:34:36.200,187.399822,0.000000,0.000000,0.000000,0.309758,-0.385072,-0.299772,0.113806,-0.347942,-0.294869,0.211782,-0.366507,-0.297320,0.183894,-0.396169,-0.272767,0.207351,-0.415161,-0.223980,0.233844,-0.407028,-0.272200
2026-07-20 14:34:36.300,187.499822,0.000000,0.000000,0.000000,0.309960,-0.380123,-0.298411,0.113774,-0.342931,-0.293501,0.211867,-0.361527,-0.295956,0.183747,-0.392025,-0.272344,0.207244,-0.411288,-0.221856,0.234930,-0.401801,-0.270792
2026-07-20 14:34:36.400,187.599822,0.000000,0.000000,0.000000,0.310024,-0.382127,-0.299049,0.113932,-0.343932,-0.294046,0.211978,-0.363029,-0.296547,0.183830,-0.394166,-0.272129,0.206478,-0.413078,-0.222440,0.233905,-0.404545,-0.271500
2026-07-20 14:34:36.500,187.699822,0.000000,0.000000,0.000000,0.309567,-0.379060,-0.297858,0.113615,-0.341930,-0.292956,0.211591,-0.360495,-0.295407,0.183703,-0.390158,-0.270853,0.206370,-0.409206,-0.220316,0.234616,-0.400754,-0.270278
2026-07-20 14:34:36.600,187.799822,0.000000,0.000000,0.000000,0.309358,-0.400965,-0.282418,0.114056,-0.360503,-0.280628,0.211707,-0.380734,-0.281523,0.183542,-0.409205,-0.255993,0.204631,-0.427107,-0.203778,0.233541,-0.419859,-0.254508
2026-07-20 14:34:36.700,187.899822,0.000000,0.000000,0.000000,0.309330,-0.399950,-0.282141,0.113727,-0.362504,-0.280505,0.211528,-0.381227,-0.281323,0.183514,-0.408190,-0.255715,0.204383,-0.427054,-0.203652,0.233768,-0.417885,-0.254144
2026-07-20 14:34:36.800,187.999822,0.000000,0.000000,0.000000,0.309693,-0.400023,-0.282370,0.113955,-0.361508,-0.280679,0.211824,-0.380766,-0.281524,0.183542,-0.409205,-0.255993,0.204422,-0.428169,-0.203079,0.234633,-0.419123,-0.254459
2026-07-20 14:34:36.900,188.099822,0.000000,0.000000,0.000000,0.309332,-0.383007,-0.298900,0.113616,-0.345939,-0.294005,0.211474,-0.364473,-0.296453,0.183799,-0.393164,-0.271810,0.204436,-0.414101,-0.219007,0.234711,-0.403760,-0.271235
2026-07-20 14:34:37.000,188.199821,0.000000,0.000000,0.000000,0.309758,-0.385072,-0.299772,0.113806,-0.347942,-0.294869,0.211782,-0.366507,-0.297320,0.183894,-0.396169,-0.272767,0.204531,-0.417107,-0.219964,0.235057,-0.405809,-0.272068
2026-07-20 14:34:37.100,188.299821,0.000000,0.000000,0.000000,0.309973,-0.397053,-0.281765,0.113899,-0.359479,-0.280124,0.211936,-0.378266,-0.280945,0.183294,-0.408152,-0.255522,0.203563,-0.426119,-0.200784,0.234578,-0.417094,-0.253904
2026-07-20 14:34:37.200,188.399821,0.000000,0.000000,0.000000,0.309789,-0.386074,-0.300091,0.113838,-0.348944,-0.295188,0.211814,-0.367509,-0.297639,0.183926,-0.397171,-0.273086,0.203755,-0.418031,-0.219384,0.235089,-0.406811,-0.272387
2026-07-20 14:34:37.300,188.499821,0.000000,0.000000,0.000000,0.309535,-0.378058,-0.297539,0.113489,-0.341931,-0.292729,0.211512,-0.359994,-0.295134,0.183652,-0.389019,-0.271388,0.203520,-0.410151,-0.215986,0.234834,-0.398795,-0.269835
2026-07-20 14:34:37.400,188.599821,0.000000,0.000000,0.000000,0.309758,-0.385072,-0.299772,0.113806,-0.347942,-0.294869,0.211782,-0.366507,-0.297320,0.183874,-0.396033,-0.273620,0.203956,-0.416209,-0.218024,0.235057,-0.405809,-0.272068
2026-07-20 14:34:37.500,188.699821,0.000000,0.000000,0.000000,0.309237,-0.380001,-0.297943,0.113710,-0.340927,-0.292863,0.211473,-0.360464,-0.295403,0.183684,-0.390021,-0.271707,0.203571,-0.411288,-0.215459,0.234866,-0.399797,-0.270154
2026-07-20 14:34:37.600,188.799821,0.000000,0.000000,0.000000,0.309630,-0.381064,-0.298496,0.113585,-0.344937,-0.293686,0.211607,-0.363000,-0.296091,0.183747,-0.392025,-0.272344,0.203635,-0.413292,-0.216097,0.234930,-0.401801,-0.270792
2026-07-20 14:34:37.700,188.899821,0.000000,0.000000,0.000000,0.309758,-0.385072,-0.299772,0.113901,-0.346939,-0.294776,0.211829,-0.366005,-0.297274,0.183040,-0.395818,-0.273567,0.202935,-0.417086,-0.217320,0.235307,-0.404853,-0.271944
2026-07-20 14:34:37.800,188.999821,0.000000,0.000000,0.000000,0.320544,-0.406532,-0.242577,0.124389,-0.371159,-0.246296,0.222467,-0.388845,-0.244436,0.193737,-0.415015,-0.217895,0.212449,-0.429983,-0.158304,0.245832,-0.423947,-0.214118
2026-07-20 14:34:37.900,189.099821,0.000000,0.000000,0.000000,0.309274,-0.397922,-0.281585,0.113872,-0.358465,-0.279846,0.211573,-0.378193,-0.280716,0.182422,-0.406815,-0.256065,0.201918,-0.424963,-0.197879,0.234550,-0.416080,-0.253626
2026-07-20 14:34:38.000,189.199821,0.000000,0.000000,0.000000,0.309609,-0.396980,-0.281536,0.113771,-0.359470,-0.279898,0.211690,-0.378225,-0.280717,0.182434,-0.406916,-0.255207,0.201918,-0.424963,-0.197879,0.234805,-0.415121,-0.253540
2026-07-20 14:34:38.100,189.299820,0.000000,0.000000,0.000000,0.309960,-0.380123,-0.298411,0.113774,-0.342931,-0.293501,0.211867,-0.361527,-0.295956,0.182746,-0.392920,-0.271561,0.202614,-0.414169,-0.215395,0.235517,-0.402974,-0.270970
2026-07-20 14:34:38.200,189.399820,0.000000,0.000000,0.000000,0.309396,-0.385011,-0.299538,0.113869,-0.345937,-0.294458,0.211632,-0.365474,-0.296998,0.182656,-0.396900,-0.272642,0.202709,-0.417175,-0.216351,0.235864,-0.405024,-0.271803
2026-07-20 14:34:38.300,189.499820,0.000000,0.000000,0.000000,0.309630,-0.381064,-0.298496,0.113679,-0.343934,-0.293593,0.211655,-0.362499,-0.296045,0.181728,-0.393679,-0.271631,0.202846,-0.413349,-0.214352,0.236020,-0.401061,-0.270722
2026-07-20 14:34:38.400,189.599820,0.000000,0.000000,0.000000,0.309726,-0.384070,-0.299453,0.113869,-0.345937,-0.294458,0.211797,-0.365003,-0.296955,0.181824,-0.396685,-0.272588,0.202941,-0.416354,-0.215308,0.235864,-0.405024,-0.271803
2026-07-20 14:34:38.500,189.699820,0.000000,0.000000,0.000000,0.309246,-0.396907,-0.281307,0.113944,-0.356445,-0.279517,0.211595,-0.376676,-0.280412,0.181372,-0.406556,-0.255833,0.201684,-0.425010,-0.196910,0.235115,-0.416349,-0.252610
2026-07-20 14:34:38.600,189.799820,0.000000,0.000000,0.000000,0.309662,-0.382066,-0.298815,0.113522,-0.346941,-0.294098,0.211592,-0.364504,-0.296456,0.181760,-0.394681,-0.271950,0.202878,-0.414351,-0.214671,0.235569,-0.404113,-0.270432
2026-07-20 14:34:38.700,189.899820,0.000000,0.000000,0.000000,0.309598,-0.380062,-0.298177,0.113458,-0.344938,-0.293460,0.211528,-0.362500,-0.295819,0.181697,-0.392677,-0.271313,0.202814,-0.412347,-0.214033,0.236595,-0.401369,-0.269723
2026-07-20 14:34:38.800,189.999820,0.000000,0.000000,0.000000,0.309928,-0.379121,-0.298092,0.113742,-0.341929,-0.293182,0.211835,-0.360525,-0.295637,0.181512,-0.393651,-0.271436,0.202814,-0.412347,-0.214033,0.236323,-0.402188,-0.270705
2026-07-20 14:34:38.900,190.099820,0.000000,0.000000,0.000000,0.309582,-0.395965,-0.281259,0.114044,-0.355440,-0.279465,0.211813,-0.375703,-0.280362,0.181194,-0.407633,-0.255061,0.201901,-0.424048,-0.196750,0.236455,-0.414554,-0.253338
2026-07-20 14:34:39.000,190.199820,0.000000,0.000000,0.000000,0.309163,-0.393864,-0.280474,0.113861,-0.353401,-0.278684,0.211512,-0.373633,-0.279579,0.180457,-0.403290,-0.254963,0.200991,-0.420784,-0.195880,0.236114,-0.412469,-0.252591
2026-07-20 14:34:39.100,190.299819,0.000000,0.000000,0.000000,0.309414,-0.389879,-0.279592,0.113677,-0.351363,-0.277902,0.211545,-0.370621,-0.278747,0.180373,-0.400247,-0.254129,0.200908,-0.417741,-0.195046,0.235785,-0.410486,-0.250982
2026-07-20 14:34:39.200,190.399819,0.000000,0.000000,0.000000,0.310056,-0.383129,-0.299368,0.113869,-0.345937,-0.294458,0.211962,-0.364533,-0.296913,0.180788,-0.397309,-0.273509,0.202114,-0.416141,-0.215255,0.236723,-0.405377,-0.270999
2026-07-20 14:34:39.300,190.499819,0.000000,0.000000,0.000000,0.309665,-0.399009,-0.282092,0.113927,-0.360493,-0.280402,0.211796,-0.379751,-0.281247,0.180435,-0.410354,-0.256713,0.201159,-0.426871,-0.197546,0.236293,-0.418657,-0.253394
2026-07-20 14:34:39.400,190.599819,0.000000,0.000000,0.000000,0.309992,-0.381125,-0.298730,0.113711,-0.344936,-0.293912,0.211851,-0.363030,-0.296321,0.180725,-0.395305,-0.272871,0.202051,-0.414137,-0.214618,0.236911,-0.402417,-0.270236
2026-07-20 14:34:39.500,190.699819,0.000000,0.000000,0.000000,0.309973,-0.397053,-0.281765,0.113799,-0.360484,-0.280176,0.211886,-0.378768,-0.280971,0.180407,-0.409340,-0.256435,0.200089,-0.426598,-0.197391,0.236265,-0.417643,-0.253116
2026-07-20 14:34:39.600,190.799819,0.000000,0.000000,0.000000,0.309554,-0.394951,-0.280981,0.113916,-0.355430,-0.279239,0.211735,-0.375191,-0.280110,0.180324,-0.406297,-0.255602,0.200221,-0.422593,-0.196398,0.235912,-0.415457,-0.253232
2026-07-20 14:34:39.700,190.899819,0.000000,0.000000,0.000000,0.309637,-0.397994,-0.281814,0.114000,-0.358474,-0.280072,0.211819,-0.378234,-0.280943,0.180407,-0.409340,-0.256435,0.200089,-0.426598,-0.197391,0.236265,-0.417643,-0.253116
2026-07-20 14:34:39.800,190.999819,0.000000,0.000000,0.000000,0.309442,-0.390893,-0.279870,0.113805,-0.351373,-0.278128,0.211624,-0.371133,-0.278999,0.180212,-0.402239,-0.254491,0.200109,-0.418535,-0.195287,0.236070,-0.410542,-0.251172
2026-07-20 14:34:39.900,191.099819,0.000000,0.000000,0.000000,0.309526,-0.393937,-0.280703,0.113888,-0.354416,-0.278962,0.211707,-0.374176,-0.279832,0.180296,-0.405282,-0.255324,0.199978,-0.422540,-0.196280,0.235627,-0.415401,-0.253040
2026-07-20 14:34:40.000,191.199819,0.000000,0.000000,0.000000,0.309726,-0.384070,-0.299453,0.113775,-0.346940,-0.294550,0.211750,-0.365505,-0.297002,0.180788,-0.397309,-0.273509,0.201287,-0.415928,-0.215202,0.236451,-0.406196,-0.271980
2026-07-20 14:34:40.100,191.299819,0.000000,0.000000,0.000000,0.309758,-0.385072,-0.299772,0.113901,-0.346939,-0.294776,0.211829,-0.366005,-0.297274,0.180820,-0.398310,-0.273828,0.201108,-0.417885,-0.215719,0.236483,-0.407198,-0.272299
2026-07-20 14:34:40.200,191.399818,0.000000,0.000000,0.000000,0.309598,-0.380062,-0.298177,0.113742,-0.341929,-0.293182,0.211670,-0.360996,-0.295679,0.180661,-0.393301,-0.272233,0.200123,-0.412662,-0.214072,0.236323,-0.402188,-0.270705
2026-07-20 14:34:40.300,191.499818,0.000000,0.000000,0.000000,0.309662,-0.382066,-0.298815,0.113900,-0.342930,-0.293727,0.211781,-0.362498,-0.296271,0.180725,-0.395305,-0.272871,0.200186,-0.414666,-0.214710,0.236407,-0.404329,-0.270486
2026-07-20 14:34:40.400,191.599818,0.000000,0.000000,0.000000,0.309804,-0.404081,-0.283480,0.114067,-0.365566,-0.281790,0.211936,-0.384823,-0.282635,0.180575,-0.415427,-0.258101,0.199645,-0.431502,-0.198860,0.236163,-0.424587,-0.255732
2026-07-20 14:34:40.500,191.699818,0.000000,0.000000,0.000000,0.309414,-0.389879,-0.279592,0.113877,-0.349353,-0.277799,0.211646,-0.369616,-0.278696,0.180185,-0.401224,-0.254213,0.199041,-0.418262,-0.195132,0.235258,-0.412302,-0.252016
2026-07-20 14:34:40.600,191.799818,0.000000,0.000000,0.000000,0.309582,-0.395965,-0.281259,0.113844,-0.357450,-0.279569,0.211713,-0.376708,-0.280414,0.180352,-0.407311,-0.255879,0.199208,-0.424349,-0.196798,0.235940,-0.416471,-0.253510
2026-07-20 14:34:40.700,191.899818,0.000000,0.000000,0.000000,0.309637,-0.397994,-0.281814,0.113899,-0.359479,-0.280124,0.211768,-0.378737,-0.280969,0.179577,-0.409118,-0.256398,0.199264,-0.426378,-0.197354,0.236254,-0.417542,-0.253979
2026-07-20 14:34:40.800,191.999818,0.000000,0.000000,0.000000,0.309992,-0.381125,-0.298730,0.113806,-0.343933,-0.293820,0.211899,-0.362529,-0.296275,0.180075,-0.394115,-0.272695,0.200186,-0.414666,-0.214710,0.236135,-0.405148,-0.271466
2026-07-20 14:34:40.900,192.099818,0.000000,0.000000,0.000000,0.309526,-0.393937,-0.280703,0.113788,-0.355421,-0.279013,0.211657,-0.374679,-0.279858,0.179465,-0.405061,-0.255287,0.199153,-0.422320,-0.196243,0.235756,-0.414922,-0.252997
2026-07-20 14:34:41.000,192.199818,0.000000,0.000000,0.000000,0.309662,-0.382066,-0.298815,0.113616,-0.345939,-0.294005,0.211639,-0.364002,-0.296410,0.179893,-0.395090,-0.272818,0.200206,-0.414801,-0.213865,0.236135,-0.405148,-0.271466
2026-07-20 14:34:41.100,192.299818,0.000000,0.000000,0.000000,0.308883,-0.396834,-0.281078,0.113816,-0.356436,-0.279291,0.211349,-0.376635,-0.280185,0.179493,-0.406075,-0.255564,0.199192,-0.423434,-0.195671,0.235655,-0.416415,-0.253318
2026-07-20 14:34:41.200,192.399817,0.000000,0.000000,0.000000,0.309582,-0.395965,-0.281259,0.113944,-0.356445,-0.279517,0.211763,-0.376205,-0.280388,0.179521,-0.407089,-0.255842,0.199220,-0.424449,-0.195948,0.235683,-0.417430,-0.253596
2026-07-20 14:34:41.300,192.499817,0.000000,0.000000,0.000000,0.309414,-0.389879,-0.279592,0.113476,-0.353374,-0.278006,0.211445,-0.371626,-0.278799,0.179542,-0.400025,-0.254092,0.199053,-0.418362,-0.194282,0.235516,-0.411343,-0.251930
2026-07-20 14:34:41.400,192.599817,0.000000,0.000000,0.000000,0.309706,-0.372107,-0.295859,0.113425,-0.335918,-0.291042,0.211565,-0.354013,-0.293451,0.179607,-0.386072,-0.269948,0.199919,-0.405784,-0.210994,0.235848,-0.396130,-0.268596
2026-07-20 14:34:41.500,192.699817,0.000000,0.000000,0.000000,0.309330,-0.399950,-0.282141,0.113827,-0.361499,-0.280453,0.211578,-0.380725,-0.281297,0.179605,-0.410133,-0.256675,0.198691,-0.426309,-0.196583,0.236024,-0.419515,-0.254343
2026-07-20 14:34:41.600,192.799817,0.000000,0.000000,0.000000,0.310084,-0.401110,-0.282876,0.114011,-0.363537,-0.281235,0.212047,-0.382324,-0.282056,0.179688,-0.413176,-0.257508,0.198573,-0.430415,-0.196728,0.236107,-0.422558,-0.255176
2026-07-20 14:34:41.700,192.899817,0.000000,0.000000,0.000000,0.309726,-0.384070,-0.299453,0.113869,-0.345937,-0.294458,0.211797,-0.365003,-0.296955,0.179957,-0.397094,-0.273456,0.200498,-0.415985,-0.213457,0.236451,-0.406196,-0.271980
2026-07-20 14:34:41.800,192.999817,0.000000,0.000000,0.000000,0.309498,-0.392922,-0.280426,0.113861,-0.353401,-0.278684,0.211679,-0.373162,-0.279555,0.179438,-0.404046,-0.255009,0.199148,-0.421505,-0.194265,0.235857,-0.413428,-0.252677
2026-07-20 14:34:41.900,193.099817,0.000000,0.000000,0.000000,0.309163,-0.393864,-0.280474,0.113961,-0.352396,-0.278632,0.211562,-0.373130,-0.279553,0.179438,-0.404046,-0.255009,0.198323,-0.421285,-0.194228,0.235857,-0.413428,-0.252677
2026-07-20 14:34:42.000,193.199817,0.000000,0.000000,0.000000,0.309441,-0.404008,-0.283251,0.114039,-0.364551,-0.281513,0.211740,-0.384280,-0.282382,0.179716,-0.414191,-0.257786,0.198814,-0.430467,-0.196843,0.236135,-0.423572,-0.255454
2026-07-20 14:34:42.100,193.299817,0.000000,0.000000,0.000000,0.309302,-0.398936,-0.281863,0.113899,-0.359479,-0.280124,0.211601,-0.379208,-0.280993,0.179765,-0.408140,-0.256314,0.198675,-0.425395,-0.195455,0.236254,-0.417542,-0.253979
2026-07-20 14:34:42.200,193.399817,0.000000,0.000000,0.000000,0.309237,-0.380001,-0.297943,0.113710,-0.340927,-0.292863,0.211473,-0.360464,-0.295403,0.179980,-0.391109,-0.271738,0.199303,-0.411717,-0.212010,0.236039,-0.402142,-0.270510
2026-07-20 14:34:42.300,193.499816,0.000000,0.000000,0.000000,0.309582,-0.395965,-0.281259,0.113944,-0.356445,-0.279517,0.211763,-0.376205,-0.280388,0.179533,-0.407190,-0.254987,0.198406,-0.424328,-0.195061,0.235683,-0.417430,-0.253596
2026-07-20 14:34:42.400,193.599816,0.000000,0.000000,0.000000,0.309630,-0.381064,-0.298496,0.113490,-0.345939,-0.293779,0.211560,-0.363502,-0.296137,0.179861,-0.394088,-0.272499,0.199367,-0.413721,-0.212648,0.236355,-0.403190,-0.271024
2026-07-20 14:34:42.500,193.699816,0.000000,0.000000,0.000000,0.309364,-0.384009,-0.299219,0.113837,-0.344935,-0.294139,0.211601,-0.364472,-0.296679,0.179925,-0.396092,-0.273137,0.199639,-0.414769,-0.213085,0.236167,-0.406150,-0.271785
2026-07-20 14:34:42.600,193.799816,0.000000,0.000000,0.000000,0.322597,-0.376320,-0.292352,0.125671,-0.344515,-0.289503,0.224134,-0.360417,-0.290928,0.193005,-0.392636,-0.267345,0.212688,-0.410187,-0.206945,0.249261,-0.402102,-0.265527
2026-07-20 14:34:42.700,193.899816,0.000000,0.000000,0.000000,0.309300,-0.382005,-0.298581,0.113868,-0.341928,-0.293408,0.211584,-0.361966,-0.295995,0.180063,-0.393249,-0.271525,0.199576,-0.412765,-0.212447,0.236103,-0.404146,-0.271147
2026-07-20 14:34:42.800,193.999816,0.000000,0.000000,0.000000,0.309721,-0.401038,-0.282647,0.113983,-0.362522,-0.280957,0.211852,-0.381780,-0.281802,0.179661,-0.412162,-0.257231,0.198758,-0.428438,-0.196288,0.236080,-0.421544,-0.254898
2026-07-20 14:34:42.900,194.099816,0.000000,0.000000,0.000000,0.309332,-0.383007,-0.298900,0.113806,-0.343933,-0.293820,0.211569,-0.363470,-0.296360,0.179893,-0.395090,-0.272818,0.199399,-0.414723,-0.212967,0.236387,-0.404192,-0.271342
2026-07-20 14:34:43.000,194.199816,0.000000,0.000000,0.000000,0.309498,-0.392922,-0.280426,0.113961,-0.352396,-0.278632,0.211729,-0.372659,-0.279529,0.179449,-0.404146,-0.254153,0.198323,-0.421285,-0.194228,0.235599,-0.414387,-0.252763
2026-07-20 14:34:43.100,194.299816,0.000000,0.000000,0.000000,0.309141,-0.376995,-0.296987,0.113520,-0.338924,-0.291999,0.211331,-0.357960,-0.294493,0.179702,-0.389078,-0.270904,0.199416,-0.407756,-0.210853,0.235944,-0.399136,-0.269553
2026-07-20 14:34:43.200,194.399816,0.000000,0.000000,0.000000,0.309332,-0.383007,-0.298900,0.113806,-0.343933,-0.293820,0.211569,-0.363470,-0.296360,0.179893,-0.395090,-0.272818,0.199607,-0.413767,-0.212766,0.236135,-0.405148,-0.271466
2026-07-20 14:34:43.300,194.499815,0.000000,0.000000,0.000000,0.309630,-0.381064,-0.298496,0.113679,-0.343934,-0.293593,0.211655,-0.362499,-0.296045,0.179861,-0.394088,-0.272499,0.199367,-0.413721,-0.212648,0.236229,-0.403668,-0.271085
2026-07-20 14:34:43.400,194.599815,0.000000,0.000000,0.000000,0.309163,-0.393864,-0.280474,0.113961,-0.352396,-0.278632,0.211562,-0.373130,-0.279553,0.179438,-0.404046,-0.255009,0.198311,-0.421185,-0.195078,0.235342,-0.415345,-0.252849
2026-07-20 14:34:43.500,194.699815,0.000000,0.000000,0.000000,0.309246,-0.396907,-0.281307,0.113944,-0.356445,-0.279517,0.211595,-0.376676,-0.280412,0.179521,-0.407089,-0.255842,0.198395,-0.424228,-0.195911,0.235940,-0.416471,-0.253510
2026-07-20 14:34:43.600,194.799815,0.000000,0.000000,0.000000,0.309364,-0.384009,-0.299219,0.113743,-0.345938,-0.294231,0.211553,-0.364973,-0.296725,0.179925,-0.396092,-0.273137,0.199411,-0.415590,-0.214131,0.236419,-0.405194,-0.271661
2026-07-20 14:34:43.700,194.899815,0.000000,0.000000,0.000000,0.309098,-0.386954,-0.299942,0.113806,-0.347942,-0.294869,0.211452,-0.367448,-0.297406,0.179806,-0.399071,-0.273898,0.199267,-0.418550,-0.214968,0.236230,-0.408154,-0.272423
2026-07-20 14:34:43.800,194.999815,0.000000,0.000000,0.000000,0.309609,-0.396980,-0.281536,0.113872,-0.358465,-0.279846,0.211740,-0.377722,-0.280691,0.179361,-0.409082,-0.256204,0.198209,-0.426205,-0.196350,0.235453,-0.419403,-0.253960
2026-07-20 14:34:43.900,195.099815,0.000000,0.000000,0.000000,0.310056,-0.383129,-0.299368,0.113775,-0.346940,-0.294550,0.211915,-0.365034,-0.296959,0.179125,-0.396880,-0.273403,0.199215,-0.417413,-0.215493,0.236198,-0.407152,-0.272104
2026-07-20 14:34:44.000,195.199815,0.000000,0.000000,0.000000,0.310056,-0.383129,-0.299368,0.113775,-0.346940,-0.294550,0.211915,-0.365034,-0.296959,0.179957,-0.397094,-0.273456,0.199215,-0.417413,-0.215493,0.235946,-0.408108,-0.272228
2026-07-20 14:34:44.100,195.299815,0.000000,0.000000,0.000000,0.309582,-0.395965,-0.281259,0.113944,-0.356445,-0.279517,0.211763,-0.376205,-0.280388,0.178504,-0.407846,-0.255889,0.198170,-0.425091,-0.196921,0.235683,-0.417430,-0.253596
2026-07-20 14:34:44.200,195.399815,0.000000,0.000000,0.000000,0.309917,-0.395024,-0.281210,0.113743,-0.358455,-0.279620,0.211830,-0.376740,-0.280415,0.178691,-0.406868,-0.255805,0.197957,-0.426053,-0.197081,0.235425,-0.418389,-0.253682
2026-07-20 14:34:44.300,195.499815,0.000000,0.000000,0.000000,0.309396,-0.385011,-0.299538,0.113775,-0.346940,-0.294550,0.211585,-0.365975,-0.297044,0.179125,-0.396880,-0.273403,0.199215,-0.417413,-0.215493,0.235946,-0.408108,-0.272228
2026-07-20 14:34:44.400,195.599814,0.000000,0.000000,0.000000,0.309665,-0.399009,-0.282092,0.113927,-0.360493,-0.280402,0.211796,-0.379751,-0.281247,0.178774,-0.409911,-0.256638,0.198254,-0.428134,-0.197754,0.235509,-0.421432,-0.254515
2026-07-20 14:34:44.500,195.699814,0.000000,0.000000,0.000000,0.309693,-0.400023,-0.282370,0.114056,-0.360503,-0.280628,0.211874,-0.380263,-0.281499,0.178802,-0.410926,-0.256916,0.198068,-0.430111,-0.198192,0.235794,-0.421488,-0.254707
2026-07-20 14:34:44.600,195.799814,0.000000,0.000000,0.000000,0.309598,-0.380062,-0.298177,0.113742,-0.341929,-0.293182,0.211670,-0.360996,-0.295679,0.178817,-0.393847,-0.272250,0.198880,-0.414361,-0.214415,0.235819,-0.404100,-0.270952
2026-07-20 14:34:44.700,195.899814,0.000000,0.000000,0.000000,0.309609,-0.396980,-0.281536,0.113872,-0.358465,-0.279846,0.211740,-0.377722,-0.280691,0.178719,-0.407882,-0.256083,0.198209,-0.426205,-0.196350,0.235711,-0.418444,-0.253874
2026-07-20 14:34:44.800,195.999814,0.000000,0.000000,0.000000,0.320855,-0.412728,-0.243739,0.124859,-0.375339,-0.247515,0.222857,-0.394034,-0.245627,0.190196,-0.423339,-0.219039,0.209253,-0.436396,-0.157802,0.247353,-0.432495,-0.215323
2026-07-20 14:34:44.900,196.099814,0.000000,0.000000,0.000000,0.309992,-0.381125,-0.298730,0.113900,-0.342930,-0.293727,0.211946,-0.362027,-0.296228,0.179062,-0.394876,-0.272765,0.199171,-0.415544,-0.214011,0.236135,-0.405148,-0.271466
2026-07-20 14:34:45.000,196.199814,0.000000,0.000000,0.000000,0.309582,-0.395965,-0.281259,0.113844,-0.357450,-0.279569,0.211713,-0.376708,-0.280414,0.178691,-0.406868,-0.255805,0.198300,-0.424809,-0.195142,0.236260,-0.418611,-0.253719
2026-07-20 14:34:45.100,196.299814,0.000000,0.000000,0.000000,0.309630,-0.381064,-0.298496,0.113774,-0.342931,-0.293501,0.211702,-0.361997,-0.295998,0.179030,-0.393874,-0.272446,0.199367,-0.413721,-0.212648,0.236940,-0.404362,-0.271201
2026-07-20 14:34:45.200,196.399814,0.000000,0.000000,0.000000,0.309665,-0.399009,-0.282092,0.113927,-0.360493,-0.280402,0.211796,-0.379751,-0.281247,0.178774,-0.409911,-0.256638,0.198490,-0.427371,-0.195894,0.236602,-0.420696,-0.254467
2026-07-20 14:34:45.300,196.499814,0.000000,0.000000,0.000000,0.309694,-0.383068,-0.299134,0.113743,-0.345938,-0.294231,0.211718,-0.364503,-0.296683,0.179093,-0.395878,-0.273084,0.198624,-0.415647,-0.212388,0.236750,-0.407321,-0.271963
2026-07-20 14:34:45.400,196.599813,0.000000,0.000000,0.000000,0.309582,-0.395965,-0.281259,0.113944,-0.356445,-0.279517,0.211763,-0.376205,-0.280388,0.178691,-0.406868,-0.255805,0.197592,-0.424208,-0.194174,0.236260,-0.418611,-0.253719
2026-07-20 14:34:45.500,196.699813,0.000000,0.000000,0.000000,0.309630,-0.381064,-0.298496,0.113774,-0.342931,-0.293501,0.211702,-0.361997,-0.295998,0.179030,-0.393874,-0.272446,0.198787,-0.412822,-0.210702,0.236940,-0.404362,-0.271201
2026-07-20 14:34:45.600,196.799813,0.000000,0.000000,0.000000,0.309973,-0.397053,-0.281765,0.113899,-0.359479,-0.280124,0.211936,-0.378266,-0.280945,0.178746,-0.408897,-0.256360,0.197872,-0.425374,-0.193715,0.236833,-0.418724,-0.254103
2026-07-20 14:34:45.700,196.899813,0.000000,0.000000,0.000000,0.309190,-0.394878,-0.280752,0.113688,-0.356426,-0.279065,0.211439,-0.375652,-0.279908,0.178635,-0.404839,-0.255249,0.197560,-0.422378,-0.191919,0.236463,-0.415624,-0.253078
2026-07-20 14:34:45.800,196.999813,0.000000,0.000000,0.000000,0.309582,-0.395965,-0.281259,0.113844,-0.357450,-0.279569,0.211713,-0.376708,-0.280414,0.178691,-0.406868,-0.255805,0.197828,-0.423445,-0.192309,0.236260,-0.418611,-0.253719
2026-07-20 14:34:45.900,197.099813,0.000000,0.000000,0.000000,0.309163,-0.393864,-0.280474,0.113861,-0.353401,-0.278684,0.211512,-0.373633,-0.279579,0.178619,-0.403925,-0.254116,0.197543,-0.421463,-0.190791,0.236188,-0.415669,-0.252026
2026-07-20 14:34:46.000,197.199813,0.000000,0.000000,0.000000,0.309428,-0.386013,-0.299857,0.113901,-0.346939,-0.294776,0.211664,-0.366476,-0.297317,0.179177,-0.398017,-0.272871,0.197919,-0.417843,-0.210437,0.237067,-0.408369,-0.272477
2026-07-20 14:34:46.100,197.299813,0.000000,0.000000,0.000000,0.309274,-0.397922,-0.281585,0.113771,-0.359470,-0.279898,0.211523,-0.378696,-0.280742,0.178730,-0.407983,-0.255227,0.196830,-0.425301,-0.191865,0.236546,-0.418667,-0.253911
2026-07-20 14:34:46.200,197.399813,0.000000,0.000000,0.000000,0.309332,-0.383007,-0.298900,0.113711,-0.344936,-0.293912,0.211522,-0.363971,-0.296406,0.179081,-0.395012,-0.271914,0.197824,-0.414837,-0.209481,0.236972,-0.405364,-0.271520
2026-07-20 14:34:46.300,197.499813,0.000000,0.000000,0.000000,0.309274,-0.397922,-0.281585,0.113872,-0.358465,-0.279846,0.211573,-0.378193,-0.280716,0.178719,-0.407882,-0.256083,0.196226,-0.424218,-0.190810,0.236558,-0.418769,-0.253050
2026-07-20 14:34:46.400,197.599813,0.000000,0.000000,0.000000,0.309428,-0.386013,-0.299857,0.113617,-0.349947,-0.295055,0.211522,-0.367980,-0.297456,0.179177,-0.398017,-0.272871,0.197112,-0.417765,-0.209540,0.237213,-0.408029,-0.271559
2026-07-20 14:34:46.500,197.699812,0.000000,0.000000,0.000000,0.308911,-0.397849,-0.281356,0.113844,-0.357450,-0.279569,0.211377,-0.377649,-0.280462,0.178702,-0.406968,-0.254949,0.195988,-0.424166,-0.190700,0.236530,-0.417754,-0.252773
2026-07-20 14:34:46.600,197.799812,0.000000,0.000000,0.000000,0.322355,-0.378274,-0.292740,0.125666,-0.346524,-0.289895,0.224011,-0.362399,-0.291317,0.192230,-0.393447,-0.267610,0.209318,-0.412022,-0.203039,0.250407,-0.402464,-0.264907
2026-07-20 14:34:46.700,197.899812,0.000000,0.000000,0.000000,0.309598,-0.380062,-0.298177,0.113553,-0.343935,-0.293367,0.211576,-0.361998,-0.295772,0.179018,-0.393008,-0.271276,0.196127,-0.412542,-0.207892,0.236928,-0.403496,-0.270026
2026-07-20 14:34:46.800,197.999812,0.000000,0.000000,0.000000,0.309246,-0.396907,-0.281307,0.113743,-0.358455,-0.279620,0.211495,-0.377681,-0.280464,0.178702,-0.406968,-0.254949,0.195372,-0.422983,-0.190495,0.236530,-0.417754,-0.252773
2026-07-20 14:34:46.900,198.099812,0.000000,0.000000,0.000000,0.309332,-0.383007,-0.298900,0.113711,-0.344936,-0.293912,0.211522,-0.363971,-0.296406,0.178900,-0.395986,-0.272038,0.195568,-0.413376,-0.208271,0.236991,-0.405500,-0.270664
2026-07-20 14:34:47.000,198.199812,0.000000,0.000000,0.000000,0.309246,-0.396907,-0.281307,0.113643,-0.359461,-0.279672,0.211445,-0.378184,-0.280490,0.178702,-0.406968,-0.254949,0.194338,-0.423725,-0.190626,0.236530,-0.417754,-0.252773
2026-07-20 14:34:47.100,198.299812,0.000000,0.000000,0.000000,0.309364,-0.384009,-0.299219,0.113743,-0.345938,-0.294231,0.211553,-0.364973,-0.296725,0.179093,-0.395878,-0.273084,0.194570,-0.415121,-0.208743,0.236439,-0.405331,-0.270805
2026-07-20 14:34:47.200,198.399812,0.000000,0.000000,0.000000,0.309358,-0.400965,-0.282418,0.113955,-0.361508,-0.280679,0.211656,-0.381236,-0.281549,0.178814,-0.411026,-0.256060,0.193624,-0.427563,-0.191700,0.236642,-0.421812,-0.253883
2026-07-20 14:34:47.300,198.499812,0.000000,0.000000,0.000000,0.309662,-0.382066,-0.298815,0.113711,-0.344936,-0.293912,0.211687,-0.363501,-0.296364,0.178991,-0.395499,-0.271976,0.194355,-0.415211,-0.207786,0.236738,-0.406456,-0.270789
2026-07-20 14:34:47.400,198.599812,0.000000,0.000000,0.000000,0.309163,-0.393864,-0.280474,0.113660,-0.355412,-0.278787,0.211411,-0.374638,-0.279631,0.178432,-0.404903,-0.254201,0.192615,-0.420341,-0.188869,0.236447,-0.414711,-0.251939
2026-07-20 14:34:47.500,198.699811,0.000000,0.000000,0.000000,0.309302,-0.398936,-0.281863,0.113899,-0.359479,-0.280124,0.211601,-0.379208,-0.280993,0.178571,-0.409975,-0.255590,0.192754,-0.425414,-0.190257,0.236845,-0.418825,-0.253241
2026-07-20 14:34:47.600,198.799811,0.000000,0.000000,0.000000,0.309758,-0.385072,-0.299772,0.113996,-0.345936,-0.294684,0.211877,-0.365504,-0.297228,0.178995,-0.398992,-0.272995,0.193626,-0.418004,-0.208690,0.237087,-0.408506,-0.271621
2026-07-20 14:34:47.700,198.899811,0.000000,0.000000,0.000000,0.309269,-0.381003,-0.298262,0.113647,-0.342932,-0.293275,0.211458,-0.361967,-0.295768,0.179018,-0.393008,-0.271276,0.192841,-0.411824,-0.206835,0.236928,-0.403496,-0.270026
2026-07-20 14:34:47.800,198.999811,0.000000,0.000000,0.000000,0.320648,-0.408597,-0.242964,0.124493,-0.373224,-0.246683,0.222570,-0.390911,-0.244824,0.189992,-0.419239,-0.217403,0.202612,-0.429833,-0.151733,0.247989,-0.428603,-0.213692
2026-07-20 14:34:47.900,199.099811,0.000000,0.000000,0.000000,0.309428,-0.386013,-0.299857,0.113901,-0.346939,-0.294776,0.211664,-0.366476,-0.297317,0.179177,-0.398017,-0.272871,0.194008,-0.415955,-0.209121,0.237087,-0.408506,-0.271621
2026-07-20 14:34:48.000,199.199811,0.000000,0.000000,0.000000,0.309109,-0.375993,-0.296668,0.113583,-0.336919,-0.291587,0.211346,-0.356456,-0.294127,0.178858,-0.387998,-0.269682,0.193489,-0.406893,-0.206138,0.235932,-0.398271,-0.268378
2026-07-20 14:34:48.100,199.299811,0.000000,0.000000,0.000000,0.309246,-0.396907,-0.281307,0.113743,-0.358455,-0.279620,0.211495,-0.377681,-0.280464,0.178702,-0.406968,-0.254949,0.192881,-0.422222,-0.191235,0.235694,-0.417531,-0.252735
2026-07-20 14:34:48.200,199.399811,0.000000,0.000000,0.000000,0.309332,-0.383007,-0.298900,0.113616,-0.345939,-0.294005,0.211474,-0.364473,-0.296453,0.179081,-0.395012,-0.271914,0.193693,-0.413771,-0.209216,0.236154,-0.405284,-0.270611
2026-07-20 14:34:48.300,199.499811,0.000000,0.000000,0.000000,0.309385,-0.401979,-0.282696,0.113983,-0.362522,-0.280957,0.211684,-0.382251,-0.281827,0.178842,-0.412040,-0.256338,0.193835,-0.427415,-0.193512,0.235576,-0.423562,-0.254211
2026-07-20 14:34:48.400,199.599811,0.000000,0.000000,0.000000,0.309726,-0.384070,-0.299453,0.113869,-0.345937,-0.294458,0.211797,-0.365003,-0.296955,0.179145,-0.397015,-0.272552,0.194563,-0.415853,-0.210752,0.235966,-0.408244,-0.271373
2026-07-20 14:34:48.500,199.699811,0.000000,0.000000,0.000000,0.309332,-0.383007,-0.298900,0.113806,-0.343933,-0.293820,0.211569,-0.363470,-0.296360,0.179062,-0.394876,-0.272765,0.195306,-0.413927,-0.211012,0.235902,-0.406240,-0.270735
2026-07-20 14:34:48.600,199.799810,0.000000,0.000000,0.000000,0.309567,-0.379060,-0.297858,0.113805,-0.339924,-0.292770,0.211686,-0.359492,-0.295314,0.178966,-0.391870,-0.271808,0.195192,-0.410787,-0.210900,0.235807,-0.403234,-0.269779
2026-07-20 14:34:48.700,199.899810,0.000000,0.000000,0.000000,0.309567,-0.379060,-0.297858,0.113710,-0.340927,-0.292863,0.211638,-0.359993,-0.295360,0.178966,-0.391870,-0.271808,0.196018,-0.411000,-0.210953,0.235807,-0.403234,-0.269779
2026-07-20 14:34:48.800,199.999810,0.000000,0.000000,0.000000,0.309300,-0.382005,-0.298581,0.113774,-0.342931,-0.293501,0.211537,-0.362468,-0.296041,0.178849,-0.394849,-0.272569,0.196062,-0.412869,-0.212436,0.235598,-0.406057,-0.271395
2026-07-20 14:34:48.900,200.099810,0.000000,0.000000,0.000000,0.309609,-0.396980,-0.281536,0.113771,-0.359470,-0.279898,0.211690,-0.378225,-0.280717,0.178532,-0.408860,-0.256166,0.195958,-0.424682,-0.195228,0.235196,-0.420362,-0.254046
2026-07-20 14:34:49.000,200.199810,0.000000,0.000000,0.000000,0.309833,-0.391980,-0.280377,0.113760,-0.354407,-0.278735,0.211797,-0.373194,-0.279556,0.178421,-0.404803,-0.255055,0.195835,-0.420524,-0.194967,0.235084,-0.416304,-0.252935
2026-07-20 14:34:49.100,200.299810,0.000000,0.000000,0.000000,0.309274,-0.397922,-0.281585,0.114072,-0.356454,-0.279743,0.211673,-0.377188,-0.280664,0.178532,-0.408860,-0.256166,0.196772,-0.424802,-0.196115,0.235453,-0.419403,-0.253960
2026-07-20 14:34:49.200,200.399810,0.000000,0.000000,0.000000,0.309582,-0.395965,-0.281259,0.113844,-0.357450,-0.279569,0.211713,-0.376708,-0.280414,0.178504,-0.407846,-0.255889,0.196744,-0.423788,-0.195837,0.235425,-0.418389,-0.253682
2026-07-20 14:34:49.300,200.499810,0.000000,0.000000,0.000000,0.309726,-0.384070,-0.299453,0.113775,-0.346940,-0.294550,0.211750,-0.365505,-0.297002,0.178944,-0.397855,-0.273526,0.197771,-0.416031,-0.215189,0.235946,-0.408108,-0.272228
2026-07-20 14:34:49.400,200.599810,0.000000,0.000000,0.000000,0.309498,-0.392922,-0.280426,0.113861,-0.353401,-0.278684,0.211679,-0.373162,-0.279555,0.178421,-0.404803,-0.255055,0.196649,-0.420645,-0.195854,0.235084,-0.416304,-0.252935
2026-07-20 14:34:49.500,200.699810,0.000000,0.000000,0.000000,0.309269,-0.381003,-0.298262,0.113836,-0.340926,-0.293089,0.211552,-0.360965,-0.295676,0.178817,-0.393847,-0.272250,0.198470,-0.412236,-0.213966,0.235314,-0.406011,-0.271200
2026-07-20 14:34:49.600,200.799809,0.000000,0.000000,0.000000,0.309519,-0.377557,-0.297380,0.113568,-0.340427,-0.292477,0.211543,-0.358992,-0.294928,0.178919,-0.390367,-0.271329,0.198183,-0.410688,-0.213367,0.235487,-0.402551,-0.270279
2026-07-20 14:34:49.700,200.899809,0.000000,0.000000,0.000000,0.309246,-0.396907,-0.281307,0.113844,-0.357450,-0.279569,0.211545,-0.377179,-0.280438,0.178504,-0.407846,-0.255889,0.198383,-0.424129,-0.196761,0.235425,-0.418389,-0.253682
2026-07-20 14:34:49.800,200.999809,0.000000,0.000000,0.000000,0.309163,-0.393864,-0.280474,0.113760,-0.354407,-0.278735,0.211461,-0.374135,-0.279605,0.178607,-0.403824,-0.254972,0.198086,-0.422047,-0.196088,0.235084,-0.416304,-0.252935
2026-07-20 14:34:49.900,201.099809,0.000000,0.000000,0.000000,0.309135,-0.392849,-0.280197,0.113833,-0.352387,-0.278406,0.211484,-0.372618,-0.279301,0.178579,-0.402810,-0.254694,0.198871,-0.421153,-0.196697,0.235056,-0.415289,-0.252657
2026-07-20 14:34:50.000,201.199809,0.000000,0.000000,0.000000,0.309459,-0.387015,-0.300176,0.113838,-0.348944,-0.295188,0.211649,-0.367979,-0.297682,0.179189,-0.398883,-0.274040,0.200085,-0.419495,-0.217028,0.236010,-0.410111,-0.272866
2026-07-20 14:34:50.100,201.299809,0.000000,0.000000,0.000000,0.310024,-0.382127,-0.299049,0.113837,-0.344935,-0.294139,0.211931,-0.363531,-0.296594,0.179093,-0.395878,-0.273084,0.200815,-0.416702,-0.216124,0.235662,-0.408061,-0.272033
2026-07-20 14:34:50.200,201.399809,0.000000,0.000000,0.000000,0.309630,-0.381064,-0.298496,0.113490,-0.345939,-0.293779,0.211560,-0.363502,-0.296137,0.179030,-0.393874,-0.272446,0.200962,-0.413742,-0.215289,0.235598,-0.406057,-0.271395
2026-07-20 14:34:50.300,201.499809,0.000000,0.000000,0.000000,0.309928,-0.379121,-0.298092,0.113647,-0.342932,-0.293275,0.211788,-0.361026,-0.295683,0.179830,-0.393086,-0.272180,0.201756,-0.412954,-0.215023,0.235819,-0.404100,-0.270952
2026-07-20 14:34:50.400,201.599809,0.000000,0.000000,0.000000,0.309157,-0.377496,-0.297146,0.113536,-0.339425,-0.292158,0.211347,-0.358460,-0.294652,0.179718,-0.389579,-0.271064,0.202239,-0.410480,-0.215000,0.235707,-0.400593,-0.269836
2026-07-20 14:34:50.500,201.699809,0.000000,0.000000,0.000000,0.309428,-0.386013,-0.299857,0.113806,-0.347942,-0.294869,0.211617,-0.366977,-0.297363,0.179806,-0.399071,-0.273898,0.202509,-0.418997,-0.217711,0.235726,-0.410065,-0.272671
2026-07-20 14:34:50.600,201.799809,0.000000,0.000000,0.000000,0.309364,-0.384009,-0.299219,0.113837,-0.344935,-0.294139,0.211601,-0.364472,-0.296679,0.179743,-0.397067,-0.273260,0.203271,-0.417206,-0.217126,0.235662,-0.408061,-0.272033
2026-07-20 14:34:50.700,201.899808,0.000000,0.000000,0.000000,0.309396,-0.385011,-0.299538,0.113869,-0.345937,-0.294458,0.211632,-0.365474,-0.296998,0.179957,-0.397094,-0.273456,0.203283,-0.418073,-0.218289,0.235694,-0.409063,-0.272352
2026-07-20 14:34:50.800,201.999808,0.000000,0.000000,0.000000,0.309331,-0.386835,-0.278759,0.113593,-0.348320,-0.277069,0.211462,-0.367578,-0.277914,0.179270,-0.397959,-0.253343,0.202830,-0.416982,-0.197191,0.234083,-0.409995,-0.251231
2026-07-20 14:34:50.900,202.099808,0.000000,0.000000,0.000000,0.309173,-0.377997,-0.297305,0.113552,-0.339926,-0.292318,0.211363,-0.358961,-0.294812,0.179734,-0.390080,-0.271223,0.203886,-0.411272,-0.216109,0.234636,-0.401834,-0.270066
2026-07-20 14:34:51.000,202.199808,0.000000,0.000000,0.000000,0.309973,-0.397053,-0.281765,0.113899,-0.359479,-0.280124,0.211936,-0.378266,-0.280945,0.179577,-0.409118,-0.256398,0.203949,-0.428261,-0.201132,0.234390,-0.421154,-0.254286
2026-07-20 14:34:51.100,202.299808,0.000000,0.000000,0.000000,0.310087,-0.384131,-0.299687,0.113901,-0.346939,-0.294776,0.211994,-0.365535,-0.297231,0.179806,-0.399071,-0.273898,0.204946,-0.419366,-0.219558,0.234891,-0.409850,-0.272617
2026-07-20 14:34:51.200,202.399808,0.000000,0.000000,0.000000,0.309364,-0.384009,-0.299219,0.113743,-0.345938,-0.294231,0.211553,-0.364973,-0.296725,0.180757,-0.396307,-0.273190,0.205925,-0.416620,-0.218779,0.234827,-0.407846,-0.271979
2026-07-20 14:34:51.300,202.499808,0.000000,0.000000,0.000000,0.309992,-0.381125,-0.298730,0.113711,-0.344936,-0.293912,0.211851,-0.363030,-0.296321,0.180725,-0.395305,-0.272871,0.205873,-0.415483,-0.219306,0.235047,-0.405888,-0.271537
2026-07-20 14:34:51.400,202.599808,0.000000,0.000000,0.000000,0.309992,-0.381125,-0.298730,0.113616,-0.345939,-0.294005,0.211804,-0.363532,-0.296367,0.180725,-0.395305,-0.272871,0.206700,-0.415696,-0.219359,0.235047,-0.405888,-0.271537
2026-07-20 14:34:51.500,202.699808,0.000000,0.000000,0.000000,0.309408,-0.374050,-0.296263,0.113456,-0.336920,-0.291361,0.211432,-0.355485,-0.293812,0.180470,-0.387289,-0.270320,0.206644,-0.406591,-0.217461,0.234541,-0.398828,-0.269109
2026-07-20 14:34:51.600,202.799808,0.000000,0.000000,0.000000,0.309992,-0.381125,-0.298730,0.113711,-0.344936,-0.293912,0.211851,-0.363030,-0.296321,0.181556,-0.395519,-0.272925,0.207725,-0.414820,-0.220065,0.235047,-0.405888,-0.271537
2026-07-20 14:34:51.700,202.899807,0.000000,0.000000,0.000000,0.309567,-0.379060,-0.297858,0.113710,-0.340927,-0.292863,0.211638,-0.359993,-0.295360,0.181645,-0.391539,-0.271845,0.207392,-0.412633,-0.220145,0.234951,-0.402882,-0.270580
2026-07-20 14:34:51.800,202.999807,0.000000,0.000000,0.000000,0.309665,-0.399009,-0.282092,0.113927,-0.360493,-0.280402,0.211796,-0.379751,-0.281247,0.181456,-0.409599,-0.256666,0.207464,-0.428897,-0.203952,0.234674,-0.421209,-0.254478
2026-07-20 14:34:51.900,203.099807,0.000000,0.000000,0.000000,0.310087,-0.384131,-0.299687,0.113712,-0.348944,-0.294962,0.211900,-0.366538,-0.297324,0.181836,-0.397551,-0.273759,0.209437,-0.417982,-0.222820,0.234557,-0.407722,-0.272316
2026-07-20 14:34:52.000,203.199807,0.000000,0.000000,0.000000,0.309364,-0.384009,-0.299219,0.113743,-0.345938,-0.294231,0.211553,-0.364973,-0.296725,0.182420,-0.396736,-0.273297,0.209373,-0.415978,-0.222183,0.234243,-0.406674,-0.271802
2026-07-20 14:34:52.100,203.299807,0.000000,0.000000,0.000000,0.309694,-0.383068,-0.299134,0.113837,-0.344935,-0.294139,0.211766,-0.364001,-0.296636,0.182605,-0.395762,-0.273174,0.209354,-0.415843,-0.223029,0.234493,-0.405718,-0.271678
2026-07-20 14:34:52.200,203.399807,0.000000,0.000000,0.000000,0.309665,-0.399009,-0.282092,0.113927,-0.360493,-0.280402,0.211796,-0.379751,-0.281247,0.182287,-0.409821,-0.256704,0.209318,-0.428178,-0.205577,0.234350,-0.419068,-0.254268
2026-07-20 14:34:52.300,203.499807,0.000000,0.000000,0.000000,0.309246,-0.396907,-0.281307,0.113944,-0.356445,-0.279517,0.211595,-0.376676,-0.280412,0.182204,-0.406777,-0.255870,0.209449,-0.424075,-0.205446,0.233756,-0.417943,-0.253607
2026-07-20 14:34:52.400,203.599807,0.000000,0.000000,0.000000,0.309630,-0.381064,-0.298496,0.113774,-0.342931,-0.293501,0.211702,-0.361997,-0.295998,0.182542,-0.393758,-0.272536,0.210320,-0.412963,-0.223103,0.234179,-0.404670,-0.271164
2026-07-20 14:34:52.500,203.699807,0.000000,0.000000,0.000000,0.309190,-0.394878,-0.280752,0.113989,-0.353411,-0.278910,0.211590,-0.374144,-0.279831,0.182148,-0.404749,-0.255315,0.209382,-0.421946,-0.205743,0.233955,-0.414955,-0.252965
2026-07-20 14:34:52.600,203.799807,0.000000,0.000000,0.000000,0.309002,-0.383948,-0.298985,0.113711,-0.344936,-0.293912,0.211357,-0.364442,-0.296449,0.182573,-0.394760,-0.272855,0.210110,-0.414784,-0.224455,0.234211,-0.405672,-0.271483
2026-07-20 14:34:52.700,203.899806,0.000000,0.000000,0.000000,0.309332,-0.383007,-0.298900,0.113711,-0.344936,-0.293912,0.211522,-0.363971,-0.296406,0.182573,-0.394760,-0.272855,0.211161,-0.414043,-0.224323,0.234461,-0.404716,-0.271359
2026-07-20 14:34:52.800,203.999806,0.000000,0.000000,0.000000,0.309163,-0.393864,-0.280474,0.113760,-0.354407,-0.278735,0.211461,-0.374135,-0.279605,0.182311,-0.402757,-0.254954,0.209942,-0.422012,-0.206501,0.233916,-0.413839,-0.253549
2026-07-20 14:34:52.900,204.099806,0.000000,0.000000,0.000000,0.309567,-0.379060,-0.297858,0.113615,-0.341930,-0.292956,0.211591,-0.360495,-0.295407,0.182478,-0.391754,-0.271898,0.211046,-0.410902,-0.224213,0.234346,-0.401573,-0.271258
2026-07-20 14:34:53.000,204.199806,0.000000,0.000000,0.000000,0.321119,-0.410746,-0.243568,0.124728,-0.375314,-0.247293,0.222923,-0.393030,-0.245431,0.193826,-0.421163,-0.218870,0.221189,-0.435885,-0.168706,0.245853,-0.430047,-0.215966
2026-07-20 14:34:53.100,204.299806,0.000000,0.000000,0.000000,0.309853,-0.388078,-0.300729,0.113902,-0.350947,-0.295826,0.211877,-0.369513,-0.298277,0.182950,-0.399798,-0.274646,0.211332,-0.419920,-0.227083,0.234632,-0.410591,-0.274128
2026-07-20 14:34:53.200,204.399806,0.000000,0.000000,0.000000,0.309694,-0.383068,-0.299134,0.113743,-0.345938,-0.294231,0.211718,-0.364503,-0.296683,0.182791,-0.394788,-0.273052,0.211173,-0.414910,-0.225489,0.234473,-0.405581,-0.272534
2026-07-20 14:34:53.300,204.499806,0.000000,0.000000,0.000000,0.309332,-0.383007,-0.298900,0.113806,-0.343933,-0.293820,0.211569,-0.363470,-0.296360,0.182759,-0.393786,-0.272733,0.211141,-0.413908,-0.225170,0.234441,-0.404579,-0.272215
2026-07-20 14:34:53.400,204.599806,0.000000,0.000000,0.000000,0.309459,-0.387015,-0.300176,0.113933,-0.347941,-0.295095,0.211696,-0.367478,-0.297636,0.182886,-0.397794,-0.274008,0.211046,-0.418870,-0.226630,0.234569,-0.408587,-0.273491
2026-07-20 14:34:53.500,204.699806,0.000000,0.000000,0.000000,0.309662,-0.382066,-0.298815,0.113711,-0.344936,-0.293912,0.211687,-0.363501,-0.296364,0.182759,-0.393786,-0.272733,0.211141,-0.413908,-0.225170,0.234441,-0.404579,-0.272215
2026-07-20 14:34:53.600,204.799806,0.000000,0.000000,0.000000,0.309582,-0.395965,-0.281259,0.113844,-0.357450,-0.279569,0.211713,-0.376708,-0.280414,0.182394,-0.405800,-0.255787,0.210253,-0.424095,-0.207188,0.233999,-0.416883,-0.254382
2026-07-20 14:34:53.700,204.899806,0.000000,0.000000,0.000000,0.321223,-0.412812,-0.243956,0.124831,-0.377380,-0.247680,0.223027,-0.395096,-0.245818,0.193844,-0.423721,-0.219261,0.221499,-0.436977,-0.169022,0.245957,-0.432112,-0.216353
2026-07-20 14:34:53.800,204.999805,0.000000,0.000000,0.000000,0.309833,-0.376115,-0.297135,0.113552,-0.339926,-0.292318,0.211692,-0.358021,-0.294726,0.182600,-0.388776,-0.271138,0.210982,-0.408898,-0.223575,0.234533,-0.398613,-0.270497
2026-07-20 14:34:53.900,205.099805,0.000000,0.000000,0.000000,0.309498,-0.392922,-0.280426,0.113760,-0.354407,-0.278735,0.211629,-0.373664,-0.279581,0.182311,-0.402757,-0.254954,0.209942,-0.422012,-0.206501,0.234171,-0.412880,-0.253464
2026-07-20 14:34:54.000,205.199805,0.000000,0.000000,0.000000,0.309332,-0.383007,-0.298900,0.113806,-0.343933,-0.293820,0.211569,-0.363470,-0.296360,0.182554,-0.394624,-0.273707,0.211141,-0.413908,-0.225170,0.234441,-0.404579,-0.272215
2026-07-20 14:34:54.100,205.299805,0.000000,0.000000,0.000000,0.309300,-0.382005,-0.298581,0.113585,-0.344937,-0.293686,0.211442,-0.363471,-0.296134,0.182727,-0.392784,-0.272414,0.211090,-0.412770,-0.225698,0.234660,-0.402621,-0.271773
2026-07-20 14:34:54.200,205.399805,0.000000,0.000000,0.000000,0.309237,-0.380001,-0.297943,0.113521,-0.342933,-0.293048,0.211379,-0.361467,-0.295496,0.182663,-0.390780,-0.271776,0.209976,-0.411508,-0.225190,0.234346,-0.401573,-0.271258
2026-07-20 14:34:54.300,205.499805,0.000000,0.000000,0.000000,0.309173,-0.377997,-0.297305,0.113457,-0.340929,-0.292410,0.211315,-0.359463,-0.294858,0.182580,-0.388640,-0.271990,0.209913,-0.409504,-0.224552,0.234282,-0.399569,-0.270620
2026-07-20 14:34:54.400,205.599805,0.000000,0.000000,0.000000,0.321016,-0.408681,-0.243181,0.124544,-0.374257,-0.246877,0.222780,-0.391469,-0.245029,0.193722,-0.419098,-0.218483,0.220458,-0.432610,-0.169095,0.245515,-0.428950,-0.215589
2026-07-20 14:34:54.500,205.699805,0.000000,0.000000,0.000000,0.309141,-0.376995,-0.296987,0.113426,-0.339927,-0.292092,0.211283,-0.358461,-0.294539,0.182548,-0.387638,-0.271672,0.209881,-0.408502,-0.224234,0.234251,-0.398567,-0.270301
2026-07-20 14:34:54.600,205.799805,0.000000,0.000000,0.000000,0.309833,-0.391980,-0.280377,0.113861,-0.353401,-0.278684,0.211847,-0.372691,-0.279530,0.182311,-0.402757,-0.254954,0.209331,-0.420731,-0.207170,0.233916,-0.413839,-0.253549
2026-07-20 14:34:54.700,205.899805,0.000000,0.000000,0.000000,0.309332,-0.383007,-0.298900,0.113806,-0.343933,-0.293820,0.211569,-0.363470,-0.296360,0.182759,-0.393786,-0.272733,0.209244,-0.414300,-0.226094,0.234191,-0.405536,-0.272338
2026-07-20 14:34:54.800,205.999804,0.000000,0.000000,0.000000,0.309694,-0.383068,-0.299134,0.113743,-0.345938,-0.294231,0.211718,-0.364503,-0.296683,0.182791,-0.394788,-0.273052,0.209478,-0.414212,-0.227077,0.234723,-0.404625,-0.272411
2026-07-20 14:34:54.900,206.099804,0.000000,0.000000,0.000000,0.309598,-0.380062,-0.298177,0.113553,-0.343935,-0.293367,0.211576,-0.361998,-0.295772,0.183529,-0.391997,-0.272148,0.209161,-0.412161,-0.226302,0.234378,-0.402575,-0.271577
2026-07-20 14:34:55.000,206.199804,0.000000,0.000000,0.000000,0.309428,-0.386013,-0.299857,0.113806,-0.347942,-0.294869,0.211617,-0.366977,-0.297363,0.182854,-0.396792,-0.273689,0.209541,-0.416216,-0.227715,0.234537,-0.407585,-0.273172
2026-07-20 14:34:55.100,206.299804,0.000000,0.000000,0.000000,0.308911,-0.397849,-0.281356,0.113844,-0.357450,-0.279569,0.211377,-0.377649,-0.280462,0.183227,-0.406023,-0.255824,0.208576,-0.423454,-0.208818,0.234255,-0.415923,-0.254297
2026-07-20 14:34:55.200,206.399804,0.000000,0.000000,0.000000,0.309062,-0.374490,-0.296189,0.113535,-0.335416,-0.291109,0.211298,-0.354953,-0.293649,0.183136,-0.386458,-0.270198,0.209175,-0.404693,-0.224047,0.234191,-0.396199,-0.268648
2026-07-20 14:34:55.300,206.499804,0.000000,0.000000,0.000000,0.309066,-0.385952,-0.299623,0.113775,-0.346940,-0.294550,0.211420,-0.366446,-0.297087,0.183656,-0.396005,-0.273424,0.209509,-0.415214,-0.227396,0.234775,-0.405764,-0.271873
2026-07-20 14:34:55.400,206.599804,0.000000,0.000000,0.000000,0.309598,-0.380062,-0.298177,0.113647,-0.342932,-0.293275,0.211623,-0.361497,-0.295726,0.183529,-0.391997,-0.272148,0.209402,-0.411341,-0.225273,0.234397,-0.402712,-0.270721
2026-07-20 14:34:55.500,206.699804,0.000000,0.000000,0.000000,0.309269,-0.381003,-0.298262,0.113647,-0.342932,-0.293275,0.211458,-0.361967,-0.295768,0.183529,-0.391997,-0.272148,0.209402,-0.411341,-0.225273,0.234648,-0.401756,-0.270597
2026-07-20 14:34:55.600,206.799804,0.000000,0.000000,0.000000,0.309662,-0.382066,-0.298815,0.113711,-0.344936,-0.293912,0.211687,-0.363501,-0.296364,0.183592,-0.394001,-0.272786,0.209686,-0.412390,-0.225727,0.234711,-0.403760,-0.271235
2026-07-20 14:34:55.700,206.899804,0.000000,0.000000,0.000000,0.309758,-0.385072,-0.299772,0.113806,-0.347942,-0.294869,0.211782,-0.366507,-0.297320,0.183688,-0.397007,-0.273743,0.209580,-0.416486,-0.226020,0.234807,-0.406765,-0.272192
2026-07-20 14:34:55.800,206.999804,0.000000,0.000000,0.000000,0.309330,-0.399950,-0.282141,0.114028,-0.359488,-0.280350,0.211679,-0.379719,-0.281245,0.183311,-0.409066,-0.256657,0.207855,-0.426476,-0.207910,0.234350,-0.419068,-0.254268
2026-07-20 14:34:55.900,207.099803,0.000000,0.000000,0.000000,0.322479,-0.380282,-0.293357,0.125856,-0.347526,-0.290429,0.224168,-0.363904,-0.291893,0.196859,-0.394457,-0.268219,0.222014,-0.412569,-0.220041,0.247365,-0.402605,-0.266087
2026-07-20 14:34:56.000,207.199803,0.000000,0.000000,0.000000,0.309269,-0.381003,-0.298262,0.113647,-0.342932,-0.293275,0.211458,-0.361967,-0.295768,0.183529,-0.391997,-0.272148,0.208002,-0.410229,-0.223287,0.233810,-0.401540,-0.270543
2026-07-20 14:34:56.100,207.299803,0.000000,0.000000,0.000000,0.309300,-0.382005,-0.298581,0.113774,-0.342931,-0.293501,0.211537,-0.362468,-0.296041,0.183747,-0.392025,-0.272344,0.207835,-0.412322,-0.222944,0.233592,-0.403498,-0.270986
2026-07-20 14:34:56.200,207.399803,0.000000,0.000000,0.000000,0.309269,-0.381003,-0.298262,0.113742,-0.341929,-0.293182,0.211505,-0.361466,-0.295722,0.183548,-0.392133,-0.271296,0.207192,-0.410151,-0.222385,0.234648,-0.401756,-0.270597
2026-07-20 14:34:56.300,207.499803,0.000000,0.000000,0.000000,0.309396,-0.385011,-0.299538,0.113775,-0.346940,-0.294550,0.211585,-0.365975,-0.297044,0.183676,-0.396141,-0.272571,0.207339,-0.414294,-0.222813,0.234775,-0.405764,-0.271873
2026-07-20 14:34:56.400,207.599803,0.000000,0.000000,0.000000,0.309300,-0.382005,-0.298581,0.113774,-0.342931,-0.293501,0.211537,-0.362468,-0.296041,0.183767,-0.392162,-0.271491,0.206414,-0.411074,-0.221803,0.234679,-0.402758,-0.270916
2026-07-20 14:34:56.500,207.699803,0.000000,0.000000,0.000000,0.309582,-0.395965,-0.281259,0.113944,-0.356445,-0.279517,0.211763,-0.376205,-0.280388,0.183239,-0.406123,-0.254967,0.205557,-0.422209,-0.203405,0.233175,-0.416761,-0.253483
2026-07-20 14:34:56.600,207.799803,0.000000,0.000000,0.000000,0.309665,-0.399009,-0.282092,0.114028,-0.359488,-0.280350,0.211846,-0.379248,-0.281221,0.183514,-0.408190,-0.255715,0.204603,-0.426093,-0.203500,0.233768,-0.417885,-0.254144
2026-07-20 14:34:56.700,207.899803,0.000000,0.000000,0.000000,0.320803,-0.411696,-0.243545,0.124807,-0.374306,-0.247321,0.222805,-0.393001,-0.245433,0.194837,-0.420418,-0.218009,0.215383,-0.434601,-0.164356,0.245855,-0.430078,-0.215098
2026-07-20 14:34:56.800,207.999803,0.000000,0.000000,0.000000,0.309141,-0.376995,-0.296987,0.113615,-0.337921,-0.291906,0.211378,-0.357458,-0.294446,0.183608,-0.387152,-0.269896,0.205053,-0.408168,-0.217993,0.234520,-0.397748,-0.269321
2026-07-20 14:34:56.900,208.099802,0.000000,0.000000,0.000000,0.309396,-0.385011,-0.299538,0.113869,-0.345937,-0.294458,0.211632,-0.365474,-0.296998,0.183862,-0.395168,-0.272448,0.204480,-0.415970,-0.220491,0.234775,-0.405764,-0.271873
2026-07-20 14:34:57.000,208.199802,0.000000,0.000000,0.000000,0.309582,-0.395965,-0.281259,0.113844,-0.357450,-0.279569,0.211713,-0.376708,-0.280414,0.183431,-0.405147,-0.254882,0.203606,-0.423509,-0.201002,0.233684,-0.414842,-0.253311
2026-07-20 14:34:57.100,208.299802,0.000000,0.000000,0.000000,0.309246,-0.396907,-0.281307,0.113743,-0.358455,-0.279620,0.211495,-0.377681,-0.280464,0.183431,-0.405147,-0.254882,0.203508,-0.424090,-0.200228,0.234777,-0.414106,-0.253262
2026-07-20 14:34:57.200,208.399802,0.000000,0.000000,0.000000,0.309396,-0.385011,-0.299538,0.113775,-0.346940,-0.294550,0.211585,-0.365975,-0.297044,0.183843,-0.395031,-0.273301,0.204304,-0.417196,-0.218992,0.235025,-0.404807,-0.271749
2026-07-20 14:34:57.300,208.499802,0.000000,0.000000,0.000000,0.320964,-0.407648,-0.242987,0.124493,-0.373224,-0.246683,0.222728,-0.390436,-0.244835,0.194679,-0.417288,-0.218292,0.213575,-0.431216,-0.160330,0.245935,-0.426012,-0.214506
2026-07-20 14:34:57.400,208.599802,0.000000,0.000000,0.000000,0.309396,-0.385011,-0.299538,0.113869,-0.345937,-0.294458,0.211632,-0.365474,-0.296998,0.183843,-0.395031,-0.273301,0.203924,-0.415207,-0.217705,0.235025,-0.404807,-0.271749
2026-07-20 14:34:57.500,208.699802,0.000000,0.000000,0.000000,0.309928,-0.379121,-0.298092,0.113742,-0.341929,-0.293182,0.211835,-0.360525,-0.295637,0.183529,-0.391997,-0.272148,0.203583,-0.412154,-0.216624,0.234898,-0.400799,-0.270473
2026-07-20 14:34:57.600,208.799802,0.000000,0.000000,0.000000,0.309598,-0.380062,-0.298177,0.113742,-0.341929,-0.293182,0.211670,-0.360996,-0.295679,0.183529,-0.391997,-0.272148,0.203816,-0.411334,-0.215582,0.234898,-0.400799,-0.270473
2026-07-20 14:34:57.700,208.899802,0.000000,0.000000,0.000000,0.309630,-0.381064,-0.298496,0.113679,-0.343934,-0.293593,0.211655,-0.362499,-0.296045,0.182912,-0.391810,-0.272291,0.203635,-0.413292,-0.216097,0.234930,-0.401801,-0.270792
2026-07-20 14:34:57.800,208.999802,0.000000,0.000000,0.000000,0.309662,-0.382066,-0.298815,0.113616,-0.345939,-0.294005,0.211639,-0.364002,-0.296410,0.182759,-0.393786,-0.272733,0.202839,-0.414080,-0.216363,0.234961,-0.402803,-0.271111
2026-07-20 14:34:57.900,209.099802,0.000000,0.000000,0.000000,0.309662,-0.382066,-0.298815,0.113711,-0.344936,-0.293912,0.211687,-0.363501,-0.296364,0.182944,-0.392812,-0.272610,0.202858,-0.414215,-0.215517,0.235212,-0.401847,-0.270987
2026-07-20 14:34:58.000,209.199801,0.000000,0.000000,0.000000,0.309582,-0.395965,-0.281259,0.113844,-0.357450,-0.279569,0.211713,-0.376708,-0.280414,0.182394,-0.405800,-0.255787,0.201890,-0.423949,-0.197601,0.234522,-0.415065,-0.253349
2026-07-20 14:34:58.100,209.299801,0.000000,0.000000,0.000000,0.309567,-0.379060,-0.297858,0.113615,-0.341930,-0.292956,0.211591,-0.360495,-0.295407,0.182497,-0.391890,-0.271047,0.202550,-0.412165,-0.214757,0.235705,-0.400014,-0.270208
2026-07-20 14:34:58.200,209.399801,0.000000,0.000000,0.000000,0.309992,-0.381125,-0.298730,0.113806,-0.343933,-0.293820,0.211899,-0.362529,-0.296275,0.182593,-0.394896,-0.272004,0.202858,-0.414215,-0.215517,0.235549,-0.403976,-0.271289
2026-07-20 14:34:58.300,209.499801,0.000000,0.000000,0.000000,0.309897,-0.378119,-0.297773,0.113615,-0.341930,-0.292956,0.211756,-0.360024,-0.295364,0.181665,-0.391675,-0.270994,0.202570,-0.412300,-0.213912,0.235705,-0.400014,-0.270208
2026-07-20 14:34:58.400,209.599801,0.000000,0.000000,0.000000,0.309789,-0.386074,-0.300091,0.113933,-0.347941,-0.295095,0.211861,-0.367007,-0.297593,0.181868,-0.398553,-0.274078,0.202792,-0.419313,-0.216144,0.236179,-0.406071,-0.272317
2026-07-20 14:34:58.500,209.699801,0.000000,0.000000,0.000000,0.309789,-0.386074,-0.300091,0.113838,-0.348944,-0.295188,0.211814,-0.367509,-0.297639,0.181684,-0.399527,-0.274200,0.203005,-0.418358,-0.215946,0.235676,-0.407984,-0.272565
2026-07-20 14:34:58.600,209.799801,0.000000,0.000000,0.000000,0.309758,-0.385072,-0.299772,0.113901,-0.346939,-0.294776,0.211829,-0.366005,-0.297274,0.181856,-0.397687,-0.272907,0.202973,-0.417356,-0.215627,0.235896,-0.406025,-0.272122
2026-07-20 14:34:58.700,209.899801,0.000000,0.000000,0.000000,0.309300,-0.382005,-0.298581,0.113585,-0.344937,-0.293686,0.211442,-0.363471,-0.296134,0.181709,-0.393543,-0.272483,0.202633,-0.414304,-0.214550,0.236608,-0.402234,-0.270900
2026-07-20 14:34:58.800,209.999801,0.000000,0.000000,0.000000,0.309598,-0.380062,-0.298177,0.113553,-0.343935,-0.293367,0.211576,-0.361998,-0.295772,0.181493,-0.393515,-0.272287,0.202814,-0.412347,-0.214033,0.236576,-0.401232,-0.270581
2026-07-20 14:34:58.900,210.099801,0.000000,0.000000,0.000000,0.310024,-0.382127,-0.299049,0.113743,-0.345938,-0.294231,0.211883,-0.364032,-0.296640,0.181773,-0.395547,-0.273121,0.202082,-0.415139,-0.214936,0.236419,-0.405194,-0.271661
2026-07-20 14:34:59.000,210.199800,0.000000,0.000000,0.000000,0.309630,-0.381064,-0.298496,0.113679,-0.343934,-0.293593,0.211655,-0.362499,-0.296045,0.181544,-0.394653,-0.271755,0.202019,-0.413135,-0.214299,0.236608,-0.402234,-0.270900
2026-07-20 14:34:59.100,210.299800,0.000000,0.000000,0.000000,0.309428,-0.386013,-0.299857,0.113712,-0.348944,-0.294962,0.211570,-0.367479,-0.297409,0.180820,-0.398310,-0.273828,0.202146,-0.417143,-0.215574,0.236735,-0.406242,-0.272175
2026-07-20 14:34:59.200,210.399800,0.000000,0.000000,0.000000,0.309637,-0.397994,-0.281814,0.113899,-0.359479,-0.280124,0.211768,-0.378737,-0.280969,0.180407,-0.409340,-0.256435,0.200915,-0.426818,-0.197428,0.236254,-0.417542,-0.253979
2026-07-20 14:34:59.300,210.499800,0.000000,0.000000,0.000000,0.310056,-0.383129,-0.299368,0.113775,-0.346940,-0.294550,0.211915,-0.365034,-0.296959,0.180788,-0.397309,-0.273509,0.201903,-0.417096,-0.215453,0.236703,-0.405240,-0.271857
2026-07-20 14:34:59.400,210.599800,0.000000,0.000000,0.000000,0.309758,-0.385072,-0.299772,0.113712,-0.348944,-0.294962,0.211735,-0.367008,-0.297367,0.180820,-0.398310,-0.273828,0.202146,-0.417143,-0.215574,0.236483,-0.407198,-0.272299
2026-07-20 14:34:59.500,210.699800,0.000000,0.000000,0.000000,0.309662,-0.382066,-0.298815,0.113711,-0.344936,-0.293912,0.211687,-0.363501,-0.296364,0.180725,-0.395305,-0.272871,0.201013,-0.414879,-0.214763,0.236407,-0.404329,-0.270486
2026-07-20 14:34:59.600,210.799800,0.000000,0.000000,0.000000,0.309598,-0.380062,-0.298177,0.113553,-0.343935,-0.293367,0.211576,-0.361998,-0.295772,0.180478,-0.394275,-0.272356,0.200949,-0.412875,-0.214125,0.236343,-0.402325,-0.269848
2026-07-20 14:34:59.700,210.899800,0.000000,0.000000,0.000000,0.309237,-0.380001,-0.297943,0.113615,-0.341930,-0.292956,0.211426,-0.360965,-0.295449,0.180649,-0.392435,-0.271064,0.200917,-0.411873,-0.213806,0.236292,-0.401186,-0.270386
2026-07-20 14:34:59.800,210.999800,0.000000,0.000000,0.000000,0.309662,-0.382066,-0.298815,0.113711,-0.344936,-0.293912,0.211687,-0.363501,-0.296364,0.180725,-0.395305,-0.272871,0.201013,-0.414879,-0.214763,0.236387,-0.404192,-0.271342
2026-07-20 14:34:59.900,211.099800,0.000000,0.000000,0.000000,0.309332,-0.383007,-0.298900,0.113900,-0.342930,-0.293727,0.211616,-0.362968,-0.296314,0.180725,-0.395305,-0.272871,0.201013,-0.414879,-0.214763,0.236387,-0.404192,-0.271342
2026-07-20 14:35:00.000,211.199800,0.000000,0.000000,0.000000,0.309332,-0.383007,-0.298900,0.113711,-0.344936,-0.293912,0.211522,-0.363971,-0.296406,0.180725,-0.395305,-0.272871,0.201223,-0.413924,-0.214564,0.236261,-0.404670,-0.271404
2026-07-20 14:35:00.100,211.299799,0.000000,0.000000,0.000000,0.310227,-0.377178,-0.297688,0.113615,-0.341930,-0.292956,0.211921,-0.359554,-0.295322,0.180629,-0.392299,-0.271915,0.200091,-0.411660,-0.213753,0.236544,-0.400230,-0.270262
2026-07-20 14:35:00.200,211.399799,0.000000,0.000000,0.000000,0.309567,-0.379060,-0.297858,0.113615,-0.341930,-0.292956,0.211591,-0.360495,-0.295407,0.180629,-0.392299,-0.271915,0.200091,-0.411660,-0.213753,0.236292,-0.401186,-0.270386
2026-07-20 14:35:00.300,211.499799,0.000000,0.000000,0.000000,0.309567,-0.379060,-0.297858,0.113710,-0.340927,-0.292863,0.211638,-0.359993,-0.295360,0.180629,-0.392299,-0.271915,0.200091,-0.411660,-0.213753,0.236292,-0.401186,-0.270386
2026-07-20 14:35:00.400,211.599799,0.000000,0.000000,0.000000,0.309237,-0.380001,-0.297943,0.113710,-0.340927,-0.292863,0.211473,-0.360464,-0.295403,0.180629,-0.392299,-0.271915,0.200300,-0.410704,-0.213555,0.236039,-0.402142,-0.270510
2026-07-20 14:35:00.500,211.699799,0.000000,0.000000,0.000000,0.309630,-0.381064,-0.298496,0.113585,-0.344937,-0.293686,0.211607,-0.363000,-0.296091,0.180693,-0.394303,-0.272552,0.200155,-0.413664,-0.214391,0.236103,-0.404146,-0.271147
2026-07-20 14:35:00.600,211.799799,0.000000,0.000000,0.000000,0.309630,-0.381064,-0.298496,0.113679,-0.343934,-0.293593,0.211655,-0.362499,-0.296045,0.179861,-0.394088,-0.272499,0.200155,-0.413664,-0.214391,0.236103,-0.404146,-0.271147
2026-07-20 14:35:00.700,211.899799,0.000000,0.000000,0.000000,0.310056,-0.383129,-0.299368,0.113869,-0.345937,-0.294458,0.211962,-0.364533,-0.296913,0.179957,-0.397094,-0.273456,0.200250,-0.416670,-0.215348,0.235946,-0.408108,-0.272228
2026-07-20 14:35:00.800,211.999799,0.000000,0.000000,0.000000,0.309332,-0.383007,-0.298900,0.113711,-0.344936,-0.293912,0.211522,-0.363971,-0.296406,0.179893,-0.395090,-0.272818,0.200186,-0.414666,-0.214710,0.236387,-0.404192,-0.271342
2026-07-20 14:35:00.900,212.099799,0.000000,0.000000,0.000000,0.309861,-0.392995,-0.280655,0.113888,-0.354416,-0.278962,0.211875,-0.373705,-0.279808,0.179465,-0.405061,-0.255287,0.198939,-0.423282,-0.196403,0.235627,-0.415401,-0.253040
2026-07-20 14:35:01.000,212.199799,0.000000,0.000000,0.000000,0.309662,-0.382066,-0.298815,0.113806,-0.343933,-0.293820,0.211734,-0.362999,-0.296317,0.179893,-0.395090,-0.272818,0.200206,-0.414801,-0.213865,0.236135,-0.405148,-0.271466
2026-07-20 14:35:01.100,212.299798,0.000000,0.000000,0.000000,0.309598,-0.380062,-0.298177,0.113647,-0.342932,-0.293275,0.211623,-0.361497,-0.295726,0.179830,-0.393086,-0.272180,0.200142,-0.412797,-0.213227,0.236576,-0.401232,-0.270581
2026-07-20 14:35:01.200,212.399798,0.000000,0.000000,0.000000,0.309726,-0.384070,-0.299453,0.113869,-0.345937,-0.294458,0.211797,-0.365003,-0.296955,0.179957,-0.397094,-0.273456,0.200269,-0.416805,-0.214503,0.236451,-0.406196,-0.271980
2026-07-20 14:35:01.300,212.499798,0.000000,0.000000,0.000000,0.309662,-0.382066,-0.298815,0.113711,-0.344936,-0.293912,0.211687,-0.363501,-0.296364,0.179893,-0.395090,-0.272818,0.200415,-0.413846,-0.213665,0.236387,-0.404192,-0.271342
2026-07-20 14:35:01.400,212.599798,0.000000,0.000000,0.000000,0.309332,-0.383007,-0.298900,0.113711,-0.344936,-0.293912,0.211522,-0.363971,-0.296406,0.179893,-0.395090,-0.272818,0.199996,-0.415757,-0.214064,0.236387,-0.404192,-0.271342
2026-07-20 14:35:01.500,212.699798,0.000000,0.000000,0.000000,0.309364,-0.384009,-0.299219,0.113743,-0.345938,-0.294231,0.211553,-0.364973,-0.296725,0.179925,-0.396092,-0.273137,0.200238,-0.415803,-0.214184,0.236419,-0.405194,-0.271661
2026-07-20 14:35:01.600,212.799798,0.000000,0.000000,0.000000,0.309246,-0.396907,-0.281307,0.113944,-0.356445,-0.279517,0.211595,-0.376676,-0.280412,0.179521,-0.407089,-0.255842,0.199220,-0.424449,-0.195948,0.235683,-0.417430,-0.253596
2026-07-20 14:35:01.700,212.899798,0.000000,0.000000,0.000000,0.309364,-0.384009,-0.299219,0.113743,-0.345938,-0.294231,0.211553,-0.364973,-0.296725,0.179925,-0.396092,-0.273137,0.200257,-0.415938,-0.213339,0.235914,-0.407105,-0.271909
2026-07-20 14:35:01.800,212.999798,0.000000,0.000000,0.000000,0.309332,-0.383007,-0.298900,0.113711,-0.344936,-0.293912,0.211522,-0.363971,-0.296406,0.179893,-0.395090,-0.272818,0.199399,-0.414723,-0.212967,0.236387,-0.404192,-0.271342
2026-07-20 14:35:01.900,213.099798,0.000000,0.000000,0.000000,0.309364,-0.384009,-0.299219,0.113743,-0.345938,-0.294231,0.211553,-0.364973,-0.296725,0.179925,-0.396092,-0.273137,0.199431,-0.415725,-0.213286,0.236419,-0.405194,-0.271661
2026-07-20 14:35:02.000,213.199798,0.000000,0.000000,0.000000,0.321538,-0.411862,-0.243979,0.124751,-0.378388,-0.247652,0.223145,-0.395125,-0.245815,0.191083,-0.424578,-0.219242,0.209690,-0.435507,-0.156968,0.247405,-0.433528,-0.215517
2026-07-20 14:35:02.100,213.299798,0.000000,0.000000,0.000000,0.309662,-0.382066,-0.298815,0.113806,-0.343933,-0.293820,0.211734,-0.362999,-0.296317,0.179893,-0.395090,-0.272818,0.199399,-0.414723,-0.212967,0.236135,-0.405148,-0.271466
2026-07-20 14:35:02.200,213.399797,0.000000,0.000000,0.000000,0.309694,-0.383068,-0.299134,0.113743,-0.345938,-0.294231,0.211718,-0.364503,-0.296683,0.179925,-0.396092,-0.273137,0.199431,-0.415725,-0.213286,0.236167,-0.406150,-0.271785
2026-07-20 14:35:02.300,213.499797,0.000000,0.000000,0.000000,0.309364,-0.384009,-0.299219,0.113743,-0.345938,-0.294231,0.211553,-0.364973,-0.296725,0.179925,-0.396092,-0.273137,0.199431,-0.415725,-0.213286,0.236040,-0.406628,-0.271847
2026-07-20 14:35:02.400,213.599797,0.000000,0.000000,0.000000,0.309332,-0.383007,-0.298900,0.113711,-0.344936,-0.293912,0.211522,-0.363971,-0.296406,0.180075,-0.394115,-0.272695,0.199399,-0.414723,-0.212967,0.236135,-0.405148,-0.271466
2026-07-20 14:35:02.500,213.699797,0.000000,0.000000,0.000000,0.309662,-0.382066,-0.298815,0.113711,-0.344936,-0.293912,0.211687,-0.363501,-0.296364,0.179893,-0.395090,-0.272818,0.199399,-0.414723,-0.212967,0.236135,-0.405148,-0.271466
2026-07-20 14:35:02.600,213.799797,0.000000,0.000000,0.000000,0.309662,-0.382066,-0.298815,0.113806,-0.343933,-0.293820,0.211734,-0.362999,-0.296317,0.179893,-0.395090,-0.272818,0.199607,-0.413767,-0.212766,0.236135,-0.405148,-0.271466
2026-07-20 14:35:02.700,213.899797,0.000000,0.000000,0.000000,0.310024,-0.382127,-0.299049,0.113743,-0.345938,-0.294231,0.211883,-0.364032,-0.296640,0.179945,-0.396228,-0.272287,0.199431,-0.415725,-0.213286,0.236419,-0.405194,-0.271661
2026-07-20 14:35:02.800,213.999797,0.000000,0.000000,0.000000,0.309535,-0.378058,-0.297539,0.113489,-0.341931,-0.292729,0.211512,-0.359994,-0.295134,0.179766,-0.391082,-0.271542,0.199272,-0.410715,-0.211691,0.236008,-0.401140,-0.270191
2026-07-20 14:35:02.900,214.099797,0.000000,0.000000,0.000000,0.309535,-0.378058,-0.297539,0.113678,-0.339925,-0.292544,0.211607,-0.358992,-0.295042,0.179766,-0.391082,-0.271542,0.199272,-0.410715,-0.211691,0.236260,-0.400184,-0.270067
2026-07-20 14:35:03.000,214.199797,0.000000,0.000000,0.000000,0.309237,-0.380001,-0.297943,0.113521,-0.342933,-0.293048,0.211379,-0.361467,-0.295496,0.179798,-0.392084,-0.271861,0.199303,-0.411717,-0.212010,0.236292,-0.401186,-0.270386
2026-07-20 14:35:03.100,214.299797,0.000000,0.000000,0.000000,0.309662,-0.382066,-0.298815,0.113806,-0.343933,-0.293820,0.211734,-0.362999,-0.296317,0.179893,-0.395090,-0.272818,0.199607,-0.413767,-0.212766,0.236387,-0.404192,-0.271342
2026-07-20 14:35:03.200,214.399796,0.000000,0.000000,0.000000,0.309630,-0.381064,-0.298496,0.113679,-0.343934,-0.293593,0.211655,-0.362499,-0.296045,0.179861,-0.394088,-0.272499,0.199367,-0.413721,-0.212648,0.236355,-0.403190,-0.271024
2026-07-20 14:35:03.300,214.499796,0.000000,0.000000,0.000000,0.309758,-0.385072,-0.299772,0.113901,-0.346939,-0.294776,0.211829,-0.366005,-0.297274,0.179989,-0.398096,-0.273775,0.199494,-0.417729,-0.213923,0.236230,-0.408154,-0.272423
2026-07-20 14:35:03.400,214.599796,0.000000,0.000000,0.000000,0.309726,-0.384070,-0.299453,0.113775,-0.346940,-0.294550,0.211750,-0.365505,-0.297002,0.179957,-0.397094,-0.273456,0.199443,-0.416592,-0.214450,0.236198,-0.407152,-0.272104
2026-07-20 14:35:03.500,214.699796,0.000000,0.000000,0.000000,0.309428,-0.386013,-0.299857,0.113806,-0.347942,-0.294869,0.211617,-0.366977,-0.297363,0.179806,-0.399071,-0.273898,0.199475,-0.417594,-0.214768,0.236483,-0.407198,-0.272299
2026-07-20 14:35:03.600,214.799796,0.000000,0.000000,0.000000,0.309246,-0.396907,-0.281307,0.113743,-0.358455,-0.279620,0.211495,-0.377681,-0.280464,0.179521,-0.407089,-0.255842,0.198182,-0.425190,-0.196072,0.235683,-0.417430,-0.253596
2026-07-20 14:35:03.700,214.899796,0.000000,0.000000,0.000000,0.321642,-0.413928,-0.244366,0.124935,-0.379445,-0.248067,0.223288,-0.396686,-0.246217,0.191020,-0.427628,-0.219636,0.209408,-0.439494,-0.158383,0.247508,-0.435593,-0.215904
2026-07-20 14:35:03.800,214.999796,0.000000,0.000000,0.000000,0.309630,-0.381064,-0.298496,0.113868,-0.341928,-0.293408,0.211749,-0.361496,-0.295952,0.179679,-0.395063,-0.272622,0.198912,-0.415363,-0.214734,0.236103,-0.404146,-0.271147
2026-07-20 14:35:03.900,215.099796,0.000000,0.000000,0.000000,0.309694,-0.383068,-0.299134,0.113648,-0.346940,-0.294324,0.211671,-0.365004,-0.296729,0.179743,-0.397067,-0.273260,0.200218,-0.415668,-0.215029,0.236167,-0.406150,-0.271785
2026-07-20 14:35:04.000,215.199796,0.000000,0.000000,0.000000,0.309726,-0.384070,-0.299453,0.113680,-0.347943,-0.294643,0.211703,-0.366006,-0.297048,0.179125,-0.396880,-0.273403,0.200041,-0.417626,-0.215546,0.235946,-0.408108,-0.272228
2026-07-20 14:35:04.100,215.299796,0.000000,0.000000,0.000000,0.309801,-0.375113,-0.296816,0.113615,-0.337921,-0.291906,0.211708,-0.356517,-0.294361,0.178690,-0.389839,-0.270974,0.198961,-0.409397,-0.212941,0.235692,-0.400092,-0.269677
2026-07-20 14:35:04.200,215.399796,0.000000,0.000000,0.000000,0.309694,-0.383068,-0.299134,0.113554,-0.347943,-0.294417,0.211624,-0.365506,-0.296775,0.178912,-0.396853,-0.273207,0.199184,-0.416411,-0.215174,0.235914,-0.407105,-0.271909
2026-07-20 14:35:04.300,215.499795,0.000000,0.000000,0.000000,0.309758,-0.385072,-0.299772,0.113901,-0.346939,-0.294776,0.211829,-0.366005,-0.297274,0.178976,-0.398856,-0.273844,0.199039,-0.419371,-0.216010,0.235978,-0.409109,-0.272547
2026-07-20 14:35:04.400,215.599795,0.000000,0.000000,0.000000,0.309609,-0.396980,-0.281536,0.113872,-0.358465,-0.279846,0.211740,-0.377722,-0.280691,0.178532,-0.408860,-0.256166,0.198198,-0.426105,-0.197199,0.235453,-0.419403,-0.253960
2026-07-20 14:35:04.500,215.699795,0.000000,0.000000,0.000000,0.309598,-0.380062,-0.298177,0.113647,-0.342932,-0.293275,0.211623,-0.361497,-0.295726,0.178817,-0.393847,-0.272250,0.198880,-0.414361,-0.214415,0.236071,-0.403144,-0.270828
2026-07-20 14:35:04.600,215.799795,0.000000,0.000000,0.000000,0.309897,-0.378119,-0.297773,0.113615,-0.341930,-0.292956,0.211756,-0.360024,-0.295364,0.178966,-0.391870,-0.271808,0.199056,-0.412403,-0.213898,0.235787,-0.403098,-0.270633
2026-07-20 14:35:04.700,215.899795,0.000000,0.000000,0.000000,0.309598,-0.380062,-0.298177,0.113742,-0.341929,-0.293182,0.211670,-0.360996,-0.295679,0.178817,-0.393847,-0.272250,0.199107,-0.413540,-0.213373,0.236071,-0.403144,-0.270828
2026-07-20 14:35:04.800,215.999795,0.000000,0.000000,0.000000,0.309237,-0.380001,-0.297943,0.113710,-0.340927,-0.292863,0.211473,-0.360464,-0.295403,0.178966,-0.391870,-0.271808,0.199076,-0.412538,-0.213054,0.236039,-0.402142,-0.270510
2026-07-20 14:35:04.900,216.099795,0.000000,0.000000,0.000000,0.309662,-0.382066,-0.298815,0.113711,-0.344936,-0.293912,0.211687,-0.363501,-0.296364,0.179062,-0.394876,-0.272765,0.199171,-0.415544,-0.214011,0.236135,-0.405148,-0.271466
2026-07-20 14:35:05.000,216.199795,0.000000,0.000000,0.000000,0.309582,-0.395965,-0.281259,0.113743,-0.358455,-0.279620,0.211662,-0.377210,-0.280439,0.178504,-0.407846,-0.255889,0.198193,-0.425290,-0.195224,0.236260,-0.418611,-0.253719
2026-07-20 14:35:05.100,216.299795,0.000000,0.000000,0.000000,0.309662,-0.382066,-0.298815,0.113711,-0.344936,-0.293912,0.211687,-0.363501,-0.296364,0.179062,-0.394876,-0.272765,0.199399,-0.414723,-0.212967,0.236972,-0.405364,-0.271520
2026-07-20 14:35:05.200,216.399795,0.000000,0.000000,0.000000,0.309205,-0.378999,-0.297624,0.113678,-0.339925,-0.292544,0.211442,-0.359462,-0.295084,0.178934,-0.390868,-0.271489,0.199063,-0.411671,-0.211891,0.236844,-0.401356,-0.270244
2026-07-20 14:35:05.300,216.499794,0.000000,0.000000,0.000000,0.309300,-0.382005,-0.298581,0.113868,-0.341928,-0.293408,0.211584,-0.361966,-0.295995,0.179030,-0.393874,-0.272446,0.198560,-0.413643,-0.211750,0.236940,-0.404362,-0.271201
2026-07-20 14:35:05.400,216.599794,0.000000,0.000000,0.000000,0.309889,-0.394009,-0.280932,0.113916,-0.355430,-0.279239,0.211903,-0.374720,-0.280086,0.178476,-0.406831,-0.255611,0.198390,-0.423413,-0.193934,0.236232,-0.417597,-0.253442
2026-07-20 14:35:05.500,216.699794,0.000000,0.000000,0.000000,0.309726,-0.384070,-0.299453,0.113775,-0.346940,-0.294550,0.211750,-0.365505,-0.297002,0.179125,-0.396880,-0.273403,0.198882,-0.415828,-0.211659,0.236782,-0.408323,-0.272282
2026-07-20 14:35:05.600,216.799794,0.000000,0.000000,0.000000,0.309598,-0.380062,-0.298177,0.113742,-0.341929,-0.293182,0.211670,-0.360996,-0.295679,0.178998,-0.392872,-0.272127,0.198340,-0.413732,-0.210788,0.236908,-0.403360,-0.270882
2026-07-20 14:35:05.700,216.899794,0.000000,0.000000,0.000000,0.309694,-0.383068,-0.299134,0.113743,-0.345938,-0.294231,0.211718,-0.364503,-0.296683,0.179093,-0.395878,-0.273084,0.198663,-0.415917,-0.210698,0.236750,-0.407321,-0.271963
2026-07-20 14:35:05.800,216.999794,0.000000,0.000000,0.000000,0.309300,-0.382005,-0.298581,0.113679,-0.343934,-0.293593,0.211490,-0.362969,-0.296087,0.179030,-0.393874,-0.272446,0.198599,-0.413913,-0.210060,0.236686,-0.405317,-0.271325
2026-07-20 14:35:05.900,217.099794,0.000000,0.000000,0.000000,0.309853,-0.388078,-0.300729,0.113996,-0.349945,-0.295733,0.211925,-0.369011,-0.298231,0.179253,-0.400887,-0.274678,0.198841,-0.421062,-0.211447,0.237163,-0.411375,-0.273434
2026-07-20 14:35:06.000,217.199794,0.000000,0.000000,0.000000,0.309758,-0.385072,-0.299772,0.113901,-0.346939,-0.294776,0.211829,-0.366005,-0.297274,0.179157,-0.397881,-0.273722,0.197919,-0.417843,-0.210437,0.236833,-0.409462,-0.271746
2026-07-20 14:35:06.100,217.299794,0.000000,0.000000,0.000000,0.309662,-0.382066,-0.298815,0.113900,-0.342930,-0.293727,0.211781,-0.362498,-0.296271,0.179081,-0.395012,-0.271914,0.197824,-0.414837,-0.209481,0.236991,-0.405500,-0.270664
2026-07-20 14:35:06.200,217.399794,0.000000,0.000000,0.000000,0.309300,-0.382005,-0.298581,0.113679,-0.343934,-0.293593,0.211490,-0.362969,-0.296087,0.179861,-0.394088,-0.272499,0.197792,-0.413835,-0.209162,0.236959,-0.404498,-0.270345
2026-07-20 14:35:06.300,217.499794,0.000000,0.000000,0.000000,0.309441,-0.404008,-0.283251,0.114139,-0.363546,-0.281461,0.211790,-0.383777,-0.282356,0.178897,-0.414069,-0.256893,0.197008,-0.431487,-0.192681,0.236714,-0.424754,-0.255577
2026-07-20 14:35:06.400,217.599793,0.000000,0.000000,0.000000,0.320751,-0.410663,-0.243351,0.124596,-0.375290,-0.247071,0.222674,-0.392976,-0.245211,0.190093,-0.421273,-0.218652,0.206865,-0.432924,-0.152168,0.248090,-0.430637,-0.214945
2026-07-20 14:35:06.500,217.699793,0.000000,0.000000,0.000000,0.309726,-0.384070,-0.299453,0.113964,-0.344934,-0.294365,0.211845,-0.364502,-0.296909,0.179145,-0.397015,-0.272552,0.197286,-0.415807,-0.209015,0.237055,-0.407504,-0.271302
2026-07-20 14:35:06.600,217.799793,0.000000,0.000000,0.000000,0.309567,-0.379060,-0.297858,0.113710,-0.340927,-0.292863,0.211638,-0.359993,-0.295360,0.178986,-0.392006,-0.270957,0.196921,-0.411753,-0.207626,0.236876,-0.402358,-0.270563
2026-07-20 14:35:06.700,217.899793,0.000000,0.000000,0.000000,0.309459,-0.387015,-0.300176,0.113838,-0.348944,-0.295188,0.211649,-0.367979,-0.297682,0.179189,-0.398883,-0.274040,0.196114,-0.419510,-0.210012,0.237118,-0.409508,-0.271940
2026-07-20 14:35:06.800,217.999793,0.000000,0.000000,0.000000,0.309237,-0.380001,-0.297943,0.113710,-0.340927,-0.292863,0.211473,-0.360464,-0.295403,0.178785,-0.392845,-0.271931,0.196095,-0.411540,-0.207573,0.236059,-0.402279,-0.269654
2026-07-20 14:35:06.900,218.099793,0.000000,0.000000,0.000000,0.309396,-0.385011,-0.299538,0.113869,-0.345937,-0.294458,0.211632,-0.365474,-0.296998,0.179125,-0.396880,-0.273403,0.195631,-0.415380,-0.208908,0.237308,-0.406549,-0.271177
2026-07-20 14:35:07.000,218.199793,0.000000,0.000000,0.000000,0.309535,-0.378058,-0.297539,0.113489,-0.341931,-0.292729,0.211512,-0.359994,-0.295134,0.178753,-0.391843,-0.271612,0.195237,-0.410325,-0.207201,0.236864,-0.401493,-0.269388
2026-07-20 14:35:07.100,218.299793,0.000000,0.000000,0.000000,0.309332,-0.383007,-0.298900,0.113806,-0.343933,-0.293820,0.211569,-0.363470,-0.296360,0.178880,-0.395851,-0.272888,0.195364,-0.414333,-0.208477,0.237245,-0.404545,-0.270539
2026-07-20 14:35:07.200,218.399793,0.000000,0.000000,0.000000,0.309364,-0.384009,-0.299219,0.113743,-0.345938,-0.294231,0.211553,-0.364973,-0.296725,0.179093,-0.395878,-0.273084,0.194570,-0.415121,-0.208743,0.237023,-0.406502,-0.270983
2026-07-20 14:35:07.300,218.499793,0.000000,0.000000,0.000000,0.309459,-0.387015,-0.300176,0.113933,-0.347941,-0.295095,0.211696,-0.367478,-0.297636,0.179027,-0.399994,-0.273314,0.194665,-0.418127,-0.209700,0.237118,-0.409508,-0.271940
2026-07-20 14:35:07.400,218.599792,0.000000,0.000000,0.000000,0.309662,-0.382066,-0.298815,0.113711,-0.344936,-0.293912,0.211687,-0.363501,-0.296364,0.179081,-0.395012,-0.271914,0.193712,-0.413906,-0.208371,0.236738,-0.406456,-0.270789
2026-07-20 14:35:07.500,218.699792,0.000000,0.000000,0.000000,0.309237,-0.380001,-0.297943,0.113710,-0.340927,-0.292863,0.211473,-0.360464,-0.295403,0.178804,-0.392980,-0.271082,0.193616,-0.410900,-0.207414,0.236059,-0.402279,-0.269654
2026-07-20 14:35:07.600,218.799792,0.000000,0.000000,0.000000,0.309237,-0.380001,-0.297943,0.113615,-0.341930,-0.292956,0.211426,-0.360965,-0.295449,0.178804,-0.392980,-0.271082,0.193636,-0.411035,-0.206569,0.236642,-0.403450,-0.269832
2026-07-20 14:35:07.700,218.899792,0.000000,0.000000,0.000000,0.309396,-0.385011,-0.299538,0.113869,-0.345937,-0.294458,0.211632,-0.365474,-0.296998,0.179145,-0.397015,-0.272552,0.193776,-0.415910,-0.209009,0.237308,-0.406549,-0.271177
2026-07-20 14:35:07.800,218.999792,0.000000,0.000000,0.000000,0.309758,-0.385072,-0.299772,0.113996,-0.345936,-0.294684,0.211877,-0.365504,-0.297228,0.179177,-0.398017,-0.272871,0.193807,-0.416912,-0.209328,0.235997,-0.409246,-0.271692
2026-07-20 14:35:07.900,219.099792,0.000000,0.000000,0.000000,0.309364,-0.384009,-0.299219,0.113743,-0.345938,-0.294231,0.211553,-0.364973,-0.296725,0.178932,-0.396988,-0.272357,0.193118,-0.413738,-0.208430,0.236186,-0.406286,-0.270929
2026-07-20 14:35:08.000,219.199792,0.000000,0.000000,0.000000,0.320544,-0.406532,-0.242577,0.124310,-0.372167,-0.246268,0.222427,-0.389349,-0.244422,0.189888,-0.417173,-0.217016,0.203338,-0.427973,-0.151355,0.247045,-0.426330,-0.213295
2026-07-20 14:35:08.100,219.299792,0.000000,0.000000,0.000000,0.309364,-0.384009,-0.299219,0.113837,-0.344935,-0.294139,0.211601,-0.364472,-0.296679,0.179113,-0.396013,-0.272233,0.193925,-0.413816,-0.209329,0.235934,-0.407242,-0.271054
2026-07-20 14:35:08.200,219.399792,0.000000,0.000000,0.000000,0.309364,-0.384009,-0.299219,0.113743,-0.345938,-0.294231,0.211553,-0.364973,-0.296725,0.179113,-0.396013,-0.272233,0.194753,-0.414030,-0.209382,0.235934,-0.407242,-0.271054
2026-07-20 14:35:08.300,219.499792,0.000000,0.000000,0.000000,0.309726,-0.384070,-0.299453,0.113680,-0.347943,-0.294643,0.211703,-0.366006,-0.297048,0.179145,-0.397015,-0.272552,0.194563,-0.415853,-0.210752,0.235713,-0.409200,-0.271498
2026-07-20 14:35:08.400,219.599792,0.000000,0.000000,0.000000,0.321223,-0.412812,-0.243956,0.124751,-0.378388,-0.247652,0.222987,-0.395600,-0.245804,0.190250,-0.424402,-0.218372,0.204523,-0.435314,-0.155287,0.247170,-0.434527,-0.214663
2026-07-20 14:35:08.500,219.699791,0.000000,0.000000,0.000000,0.309205,-0.378999,-0.297624,0.113678,-0.339925,-0.292544,0.211442,-0.359462,-0.295084,0.178753,-0.391843,-0.271612,0.195179,-0.409920,-0.209736,0.236027,-0.401277,-0.269335
2026-07-20 14:35:08.600,219.799791,0.000000,0.000000,0.000000,0.309897,-0.378119,-0.297773,0.113521,-0.342933,-0.293048,0.211709,-0.360526,-0.295411,0.178785,-0.392845,-0.271931,0.195192,-0.410787,-0.210900,0.235807,-0.403234,-0.269779
2026-07-20 14:35:08.700,219.899791,0.000000,0.000000,0.000000,0.309662,-0.382066,-0.298815,0.113806,-0.343933,-0.293820,0.211734,-0.362999,-0.296317,0.178880,-0.395851,-0.272888,0.196094,-0.413871,-0.212755,0.235882,-0.406104,-0.271590
2026-07-20 14:35:08.800,219.999791,0.000000,0.000000,0.000000,0.310087,-0.384131,-0.299687,0.113806,-0.347942,-0.294869,0.211947,-0.366036,-0.297278,0.178976,-0.398856,-0.273844,0.196189,-0.416876,-0.213712,0.235978,-0.409109,-0.272547
2026-07-20 14:35:08.900,220.099791,0.000000,0.000000,0.000000,0.309428,-0.386013,-0.299857,0.113712,-0.348944,-0.294962,0.211570,-0.367479,-0.297409,0.178976,-0.398856,-0.273844,0.196996,-0.416955,-0.214609,0.235978,-0.409109,-0.272547
2026-07-20 14:35:09.000,220.199791,0.000000,0.000000,0.000000,0.310024,-0.382127,-0.299049,0.113837,-0.344935,-0.294139,0.211931,-0.363531,-0.296594,0.178912,-0.396853,-0.273207,0.196933,-0.414951,-0.213972,0.235914,-0.407105,-0.271909
2026-07-20 14:35:09.100,220.299791,0.000000,0.000000,0.000000,0.309662,-0.382066,-0.298815,0.113711,-0.344936,-0.293912,0.211687,-0.363501,-0.296364,0.178880,-0.395851,-0.272888,0.197521,-0.415118,-0.213905,0.235630,-0.407059,-0.271714
2026-07-20 14:35:09.200,220.399791,0.000000,0.000000,0.000000,0.309662,-0.382066,-0.298815,0.113806,-0.343933,-0.293820,0.211734,-0.362999,-0.296317,0.178880,-0.395851,-0.272888,0.197708,-0.414027,-0.214551,0.235882,-0.406104,-0.271590
2026-07-20 14:35:09.300,220.499791,0.000000,0.000000,0.000000,0.309503,-0.377056,-0.297220,0.113552,-0.339926,-0.292318,0.211527,-0.358491,-0.294769,0.178721,-0.390841,-0.271293,0.197549,-0.409017,-0.212956,0.235471,-0.402050,-0.270119
2026-07-20 14:35:09.400,220.599791,0.000000,0.000000,0.000000,0.309503,-0.377056,-0.297220,0.113552,-0.339926,-0.292318,0.211527,-0.358491,-0.294769,0.178721,-0.390841,-0.271293,0.197549,-0.409017,-0.212956,0.235471,-0.402050,-0.270119
2026-07-20 14:35:09.500,220.699790,0.000000,0.000000,0.000000,0.309598,-0.380062,-0.298177,0.113647,-0.342932,-0.293275,0.211623,-0.361497,-0.295726,0.178817,-0.393847,-0.272250,0.198470,-0.412236,-0.213966,0.235819,-0.404100,-0.270952
2026-07-20 14:35:09.600,220.799790,0.000000,0.000000,0.000000,0.309821,-0.387076,-0.300410,0.113870,-0.349945,-0.295507,0.211846,-0.368511,-0.297958,0.179040,-0.400860,-0.274482,0.198693,-0.419250,-0.216198,0.236042,-0.411113,-0.273185
2026-07-20 14:35:09.700,220.899790,0.000000,0.000000,0.000000,0.309662,-0.382066,-0.298815,0.113806,-0.343933,-0.293820,0.211734,-0.362999,-0.296317,0.178880,-0.395851,-0.272888,0.199360,-0.414453,-0.214657,0.235630,-0.407059,-0.271714
2026-07-20 14:35:09.800,220.999790,0.000000,0.000000,0.000000,0.309567,-0.379060,-0.297858,0.113615,-0.341930,-0.292956,0.211591,-0.360495,-0.295407,0.178966,-0.391870,-0.271808,0.199037,-0.412268,-0.214742,0.235282,-0.405009,-0.270881
2026-07-20 14:35:09.900,221.099790,0.000000,0.000000,0.000000,0.309853,-0.388078,-0.300729,0.113902,-0.350947,-0.295826,0.211877,-0.369513,-0.298277,0.179162,-0.401375,-0.274740,0.200149,-0.421499,-0.217665,0.236073,-0.412115,-0.273504
2026-07-20 14:35:10.000,221.199790,0.000000,0.000000,0.000000,0.320648,-0.408597,-0.242964,0.124493,-0.373224,-0.246683,0.222570,-0.390911,-0.244824,0.189823,-0.420193,-0.218271,0.209870,-0.432408,-0.158746,0.246909,-0.429332,-0.214560
2026-07-20 14:35:10.100,221.299790,0.000000,0.000000,0.000000,0.309332,-0.383007,-0.298900,0.113806,-0.343933,-0.293820,0.211569,-0.363470,-0.296360,0.179893,-0.395090,-0.272818,0.200783,-0.415700,-0.215805,0.235882,-0.406104,-0.271590
2026-07-20 14:35:10.200,221.399790,0.000000,0.000000,0.000000,0.320907,-0.413761,-0.243932,0.124751,-0.378388,-0.247652,0.222829,-0.396074,-0.245792,0.191083,-0.424578,-0.219242,0.210764,-0.438753,-0.159807,0.246930,-0.435463,-0.215540
2026-07-20 14:35:10.300,221.499790,0.000000,0.000000,0.000000,0.309535,-0.378058,-0.297539,0.113489,-0.341931,-0.292729,0.211512,-0.359994,-0.295134,0.179766,-0.391082,-0.271542,0.201481,-0.411905,-0.214582,0.235629,-0.402574,-0.270376
2026-07-20 14:35:10.400,221.599790,0.000000,0.000000,0.000000,0.309567,-0.379060,-0.297858,0.113521,-0.342933,-0.293048,0.211544,-0.360996,-0.295453,0.179616,-0.393059,-0.271984,0.201493,-0.412772,-0.215745,0.234700,-0.403838,-0.270704
2026-07-20 14:35:10.500,221.699790,0.000000,0.000000,0.000000,0.309992,-0.381125,-0.298730,0.113711,-0.344936,-0.293912,0.211851,-0.363030,-0.296321,0.179711,-0.396065,-0.272941,0.202414,-0.415991,-0.216754,0.234795,-0.406844,-0.271660
2026-07-20 14:35:10.600,221.799789,0.000000,0.000000,0.000000,0.310087,-0.384131,-0.299687,0.113901,-0.346939,-0.294776,0.211994,-0.365535,-0.297231,0.179806,-0.399071,-0.273898,0.203315,-0.419075,-0.218608,0.235978,-0.409109,-0.272547
2026-07-20 14:35:10.700,221.899789,0.000000,0.000000,0.000000,0.309694,-0.383068,-0.299134,0.113837,-0.344935,-0.294139,0.211766,-0.364001,-0.296636,0.179743,-0.397067,-0.273260,0.203252,-0.417071,-0.217970,0.234827,-0.407846,-0.271979
2026-07-20 14:35:10.800,221.999789,0.000000,0.000000,0.000000,0.310087,-0.384131,-0.299687,0.113901,-0.346939,-0.294776,0.211994,-0.365535,-0.297231,0.179806,-0.399071,-0.273898,0.204355,-0.418333,-0.218466,0.234891,-0.409850,-0.272617
2026-07-20 14:35:10.900,222.099789,0.000000,0.000000,0.000000,0.309471,-0.376054,-0.296901,0.113615,-0.337921,-0.291906,0.211543,-0.356988,-0.294404,0.179520,-0.390053,-0.271027,0.203835,-0.410135,-0.216634,0.234605,-0.400832,-0.269747
2026-07-20 14:35:11.000,222.199789,0.000000,0.000000,0.000000,0.309662,-0.382066,-0.298815,0.113616,-0.345939,-0.294005,0.211639,-0.364002,-0.296410,0.179893,-0.395090,-0.272818,0.204851,-0.416360,-0.218601,0.235630,-0.407059,-0.271714
2026-07-20 14:35:11.100,222.299789,0.000000,0.000000,0.000000,0.309567,-0.379060,-0.297858,0.113521,-0.342933,-0.293048,0.211544,-0.360996,-0.295453,0.179798,-0.392084,-0.271861,0.204755,-0.413354,-0.217644,0.234700,-0.403838,-0.270704
2026-07-20 14:35:11.200,222.399789,0.000000,0.000000,0.000000,0.309758,-0.385072,-0.299772,0.113901,-0.346939,-0.294776,0.211829,-0.366005,-0.297274,0.180820,-0.398310,-0.273828,0.205969,-0.418489,-0.220262,0.234891,-0.409850,-0.272617
2026-07-20 14:35:11.300,222.499789,0.000000,0.000000,0.000000,0.309726,-0.384070,-0.299453,0.113775,-0.346940,-0.294550,0.211750,-0.365505,-0.297002,0.180788,-0.397309,-0.273509,0.205720,-0.418442,-0.220136,0.234859,-0.408848,-0.272298
2026-07-20 14:35:11.400,222.599789,0.000000,0.000000,0.000000,0.309428,-0.386013,-0.299857,0.113901,-0.346939,-0.294776,0.211664,-0.366476,-0.297317,0.180820,-0.398310,-0.273828,0.206795,-0.418702,-0.220315,0.234891,-0.409850,-0.272617
2026-07-20 14:35:11.500,222.699789,0.000000,0.000000,0.000000,0.309992,-0.381125,-0.298730,0.113711,-0.344936,-0.293912,0.211851,-0.363030,-0.296321,0.180725,-0.395305,-0.272871,0.206680,-0.415561,-0.220204,0.234795,-0.406844,-0.271660
2026-07-20 14:35:11.600,222.799788,0.000000,0.000000,0.000000,0.309726,-0.384070,-0.299453,0.113775,-0.346940,-0.294550,0.211750,-0.365505,-0.297002,0.181620,-0.397523,-0.273563,0.207789,-0.416824,-0.220703,0.234859,-0.408848,-0.272298
2026-07-20 14:35:11.700,222.899788,0.000000,0.000000,0.000000,0.310024,-0.382127,-0.299049,0.113743,-0.345938,-0.294231,0.211883,-0.364032,-0.296640,0.181773,-0.395547,-0.273121,0.208345,-0.416854,-0.221473,0.235078,-0.406890,-0.271856
2026-07-20 14:35:11.800,222.999788,0.000000,0.000000,0.000000,0.309567,-0.379060,-0.297858,0.113615,-0.341930,-0.292956,0.211591,-0.360495,-0.295407,0.181645,-0.391539,-0.271845,0.208419,-0.411757,-0.220854,0.234115,-0.402666,-0.270526
2026-07-20 14:35:11.900,223.099788,0.000000,0.000000,0.000000,0.309853,-0.388078,-0.300729,0.113996,-0.349945,-0.295733,0.211925,-0.369011,-0.298231,0.181932,-0.400557,-0.274716,0.208485,-0.421729,-0.223913,0.234402,-0.411684,-0.273397
2026-07-20 14:35:12.000,223.199788,0.000000,0.000000,0.000000,0.321223,-0.412812,-0.243956,0.124751,-0.378388,-0.247652,0.222987,-0.395600,-0.245804,0.192923,-0.424006,-0.219255,0.219433,-0.438606,-0.166579,0.245489,-0.434080,-0.215509
2026-07-20 14:35:12.100,223.299788,0.000000,0.000000,0.000000,0.309364,-0.384009,-0.299219,0.113837,-0.344935,-0.294139,0.211601,-0.364472,-0.296679,0.181773,-0.395547,-0.273121,0.209354,-0.415843,-0.223029,0.234243,-0.406674,-0.271802
2026-07-20 14:35:12.200,223.399788,0.000000,0.000000,0.000000,0.309503,-0.377056,-0.297220,0.113646,-0.338923,-0.292225,0.211575,-0.357990,-0.294723,0.182414,-0.389750,-0.271261,0.210193,-0.408955,-0.221828,0.234052,-0.400663,-0.269888
2026-07-20 14:35:12.300,223.499788,0.000000,0.000000,0.000000,0.309758,-0.385072,-0.299772,0.113901,-0.346939,-0.294776,0.211829,-0.366005,-0.297274,0.182669,-0.397766,-0.273812,0.210225,-0.417925,-0.224566,0.234557,-0.407722,-0.272316
2026-07-20 14:35:12.400,223.599788,0.000000,0.000000,0.000000,0.309190,-0.394878,-0.280752,0.113587,-0.357432,-0.279116,0.211389,-0.376155,-0.279934,0.182148,-0.404749,-0.255315,0.209393,-0.422046,-0.204891,0.233955,-0.414955,-0.252965
2026-07-20 14:35:12.500,223.699788,0.000000,0.000000,0.000000,0.309269,-0.381003,-0.298262,0.113647,-0.342932,-0.293275,0.211458,-0.361967,-0.295768,0.182510,-0.392756,-0.272217,0.210269,-0.411826,-0.223632,0.234128,-0.403532,-0.271700
2026-07-20 14:35:12.600,223.799788,0.000000,0.000000,0.000000,0.309396,-0.385011,-0.299538,0.113964,-0.344934,-0.294365,0.211680,-0.364972,-0.296951,0.182637,-0.396764,-0.273493,0.210396,-0.415833,-0.224907,0.234505,-0.406583,-0.272853
2026-07-20 14:35:12.700,223.899787,0.000000,0.000000,0.000000,0.309662,-0.382066,-0.298815,0.113711,-0.344936,-0.293912,0.211687,-0.363501,-0.296364,0.182573,-0.394760,-0.272855,0.210938,-0.414997,-0.224508,0.234441,-0.404579,-0.272215
2026-07-20 14:35:12.800,223.999787,0.000000,0.000000,0.000000,0.309609,-0.396980,-0.281536,0.113972,-0.357459,-0.279795,0.211791,-0.377220,-0.280666,0.182422,-0.406815,-0.256065,0.210054,-0.426070,-0.207612,0.234027,-0.417897,-0.254659
2026-07-20 14:35:12.900,224.099787,0.000000,0.000000,0.000000,0.309630,-0.381064,-0.298496,0.113679,-0.343934,-0.293593,0.211655,-0.362499,-0.296045,0.182727,-0.392784,-0.272414,0.210887,-0.413860,-0.225035,0.234410,-0.403577,-0.271896
2026-07-20 14:35:13.000,224.199787,0.000000,0.000000,0.000000,0.309587,-0.391023,-0.301452,0.114060,-0.351949,-0.296371,0.211823,-0.371486,-0.298911,0.183013,-0.401802,-0.275284,0.211396,-0.421924,-0.227721,0.234696,-0.412595,-0.274766
2026-07-20 14:35:13.100,224.299787,0.000000,0.000000,0.000000,0.309694,-0.383068,-0.299134,0.113837,-0.344935,-0.294139,0.211766,-0.364001,-0.296636,0.182791,-0.394788,-0.273052,0.211173,-0.414910,-0.225489,0.234473,-0.405581,-0.272534
2026-07-20 14:35:13.200,224.399787,0.000000,0.000000,0.000000,0.309300,-0.382005,-0.298581,0.113774,-0.342931,-0.293501,0.211537,-0.362468,-0.296041,0.182727,-0.392784,-0.272414,0.210059,-0.413647,-0.224982,0.234410,-0.403577,-0.271896
2026-07-20 14:35:13.300,224.499787,0.000000,0.000000,0.000000,0.309694,-0.383068,-0.299134,0.113743,-0.345938,-0.294231,0.211718,-0.364503,-0.296683,0.182605,-0.395762,-0.273174,0.210950,-0.415864,-0.225673,0.234473,-0.405581,-0.272534
2026-07-20 14:35:13.400,224.599787,0.000000,0.000000,0.000000,0.309630,-0.381064,-0.298496,0.113585,-0.344937,-0.293686,0.211607,-0.363000,-0.296091,0.182542,-0.393758,-0.272536,0.211110,-0.412906,-0.224851,0.234660,-0.402621,-0.271773
2026-07-20 14:35:13.500,224.699787,0.000000,0.000000,0.000000,0.309428,-0.386013,-0.299857,0.113806,-0.347942,-0.294869,0.211617,-0.366977,-0.297363,0.182649,-0.397629,-0.274664,0.211237,-0.416914,-0.226127,0.234537,-0.407585,-0.273172
2026-07-20 14:35:13.600,224.799787,0.000000,0.000000,0.000000,0.309567,-0.379060,-0.297858,0.113615,-0.341930,-0.292956,0.211591,-0.360495,-0.295407,0.182663,-0.390780,-0.271776,0.211046,-0.410902,-0.224213,0.234346,-0.401573,-0.271258
2026-07-20 14:35:13.700,224.899786,0.000000,0.000000,0.000000,0.309662,-0.382066,-0.298815,0.113522,-0.346941,-0.294098,0.211592,-0.364504,-0.296456,0.182573,-0.394760,-0.272855,0.210918,-0.414862,-0.225354,0.234692,-0.403623,-0.272092
2026-07-20 14:35:13.800,224.999786,0.000000,0.000000,0.000000,0.309662,-0.382066,-0.298815,0.113711,-0.344936,-0.293912,0.211687,-0.363501,-0.296364,0.182759,-0.393786,-0.272733,0.211122,-0.413772,-0.226017,0.234191,-0.405536,-0.272338
2026-07-20 14:35:13.900,225.099786,0.000000,0.000000,0.000000,0.309598,-0.380062,-0.298177,0.113742,-0.341929,-0.293182,0.211670,-0.360996,-0.295679,0.182695,-0.391782,-0.272095,0.210855,-0.412858,-0.224716,0.234378,-0.402575,-0.271577
2026-07-20 14:35:14.000,225.199786,0.000000,0.000000,0.000000,0.309332,-0.383007,-0.298900,0.113711,-0.344936,-0.293912,0.211522,-0.363971,-0.296406,0.182759,-0.393786,-0.272733,0.210918,-0.414862,-0.225354,0.234441,-0.404579,-0.272215
2026-07-20 14:35:14.100,225.299786,0.000000,0.000000,0.000000,0.309269,-0.381003,-0.298262,0.113627,-0.342791,-0.294155,0.211448,-0.361897,-0.296209,0.182676,-0.391646,-0.272947,0.210835,-0.412723,-0.225562,0.234378,-0.402575,-0.271577
2026-07-20 14:35:14.200,225.399786,0.000000,0.000000,0.000000,0.309332,-0.383007,-0.298900,0.113616,-0.345939,-0.294005,0.211474,-0.364473,-0.296453,0.182759,-0.393786,-0.272733,0.210072,-0.414514,-0.226147,0.234441,-0.404579,-0.272215
2026-07-20 14:35:14.300,225.499786,0.000000,0.000000,0.000000,0.321062,-0.416859,-0.244513,0.124827,-0.382494,-0.248205,0.222945,-0.399676,-0.246359,0.194085,-0.426327,-0.219838,0.220820,-0.439838,-0.170451,0.245877,-0.436179,-0.216945
2026-07-20 14:35:14.400,225.599786,0.000000,0.000000,0.000000,0.320907,-0.413761,-0.243932,0.124751,-0.378388,-0.247652,0.222829,-0.396074,-0.245792,0.193927,-0.423197,-0.220121,0.220665,-0.436740,-0.169870,0.245722,-0.433081,-0.216364
2026-07-20 14:35:14.500,225.699786,0.000000,0.000000,0.000000,0.309694,-0.383068,-0.299134,0.113743,-0.345938,-0.294231,0.211718,-0.364503,-0.296683,0.182791,-0.394788,-0.273052,0.210325,-0.414561,-0.226283,0.234723,-0.404625,-0.272411
2026-07-20 14:35:14.600,225.799786,0.000000,0.000000,0.000000,0.309274,-0.397922,-0.281585,0.113872,-0.358465,-0.279846,0.211573,-0.378193,-0.280716,0.182231,-0.407792,-0.256148,0.209442,-0.424789,-0.208281,0.234027,-0.417897,-0.254659
2026-07-20 14:35:14.700,225.899786,0.000000,0.000000,0.000000,0.309662,-0.382066,-0.298815,0.113806,-0.343933,-0.293820,0.211734,-0.362999,-0.296317,0.182759,-0.393786,-0.272733,0.209446,-0.413210,-0.226758,0.234191,-0.405536,-0.272338
2026-07-20 14:35:14.800,225.999785,0.000000,0.000000,0.000000,0.309567,-0.379060,-0.297858,0.113615,-0.341930,-0.292956,0.211591,-0.360495,-0.295407,0.182663,-0.390780,-0.271776,0.209130,-0.411159,-0.225983,0.234346,-0.401573,-0.271258
2026-07-20 14:35:14.900,226.099785,0.000000,0.000000,0.000000,0.309246,-0.396907,-0.281307,0.113844,-0.357450,-0.279569,0.211545,-0.377179,-0.280438,0.183215,-0.405922,-0.256682,0.208350,-0.424414,-0.208962,0.233756,-0.417943,-0.253607
2026-07-20 14:35:15.000,226.199785,0.000000,0.000000,0.000000,0.309302,-0.398936,-0.281863,0.113899,-0.359479,-0.280124,0.211601,-0.379208,-0.280993,0.183091,-0.409028,-0.256463,0.208631,-0.425483,-0.209373,0.234055,-0.418912,-0.254937
2026-07-20 14:35:15.100,226.299785,0.000000,0.000000,0.000000,0.308939,-0.381944,-0.298348,0.113647,-0.342932,-0.293275,0.211293,-0.362438,-0.295811,0.183342,-0.392971,-0.272271,0.209382,-0.411206,-0.226120,0.234628,-0.401619,-0.271454
2026-07-20 14:35:15.200,226.399785,0.000000,0.000000,0.000000,0.308911,-0.397849,-0.281356,0.113844,-0.357450,-0.279569,0.211377,-0.377649,-0.280462,0.183227,-0.406023,-0.255824,0.208576,-0.423454,-0.208818,0.233999,-0.416883,-0.254382
2026-07-20 14:35:15.300,226.499785,0.000000,0.000000,0.000000,0.309274,-0.397922,-0.281585,0.113972,-0.357459,-0.279795,0.211623,-0.377690,-0.280690,0.183063,-0.408014,-0.256185,0.208603,-0.424468,-0.209096,0.234039,-0.417998,-0.253799
2026-07-20 14:35:15.400,226.599785,0.000000,0.000000,0.000000,0.309302,-0.398936,-0.281863,0.113899,-0.359479,-0.280124,0.211601,-0.379208,-0.280993,0.183283,-0.408052,-0.256380,0.208631,-0.425483,-0.209373,0.234067,-0.419013,-0.254076
2026-07-20 14:35:15.500,226.699785,0.000000,0.000000,0.000000,0.323096,-0.376335,-0.293065,0.125609,-0.343511,-0.289194,0.224352,-0.359923,-0.291130,0.196611,-0.390442,-0.266984,0.222585,-0.408619,-0.219699,0.247723,-0.399620,-0.265871
2026-07-20 14:35:15.600,226.799785,0.000000,0.000000,0.000000,0.322355,-0.378274,-0.292740,0.125666,-0.346524,-0.289895,0.224011,-0.362399,-0.291317,0.196735,-0.392449,-0.267601,0.222709,-0.410626,-0.220316,0.247862,-0.401755,-0.265631
2026-07-20 14:35:15.700,226.899785,0.000000,0.000000,0.000000,0.323277,-0.373377,-0.292370,0.125551,-0.340498,-0.288493,0.224414,-0.356938,-0.290431,0.196487,-0.388434,-0.266366,0.222461,-0.406611,-0.219081,0.247822,-0.396648,-0.265138
2026-07-20 14:35:15.800,226.999784,0.000000,0.000000,0.000000,0.322603,-0.382289,-0.293975,0.126047,-0.348527,-0.290963,0.224325,-0.365408,-0.292469,0.196983,-0.396464,-0.268836,0.222330,-0.413614,-0.220482,0.248333,-0.404806,-0.266749
2026-07-20 14:35:15.900,227.099784,0.000000,0.000000,0.000000,0.309034,-0.384950,-0.299304,0.113648,-0.346940,-0.294324,0.211341,-0.365945,-0.296814,0.183624,-0.395003,-0.273105,0.208688,-0.414269,-0.225329,0.234493,-0.405718,-0.271678
2026-07-20 14:35:16.000,227.199784,0.000000,0.000000,0.000000,0.309609,-0.396980,-0.281536,0.113972,-0.357459,-0.279795,0.211791,-0.377220,-0.280666,0.183255,-0.407037,-0.256102,0.206983,-0.424327,-0.206465,0.233203,-0.417775,-0.253761
2026-07-20 14:35:16.100,227.299784,0.000000,0.000000,0.000000,0.322848,-0.372320,-0.291830,0.125361,-0.339496,-0.287959,0.224105,-0.355908,-0.289895,0.196364,-0.386427,-0.265749,0.220700,-0.404474,-0.216679,0.247714,-0.394769,-0.263662
2026-07-20 14:35:16.200,227.399784,0.000000,0.000000,0.000000,0.323220,-0.378343,-0.293683,0.125865,-0.343507,-0.289644,0.224543,-0.360925,-0.291663,0.196735,-0.392449,-0.267601,0.220442,-0.409469,-0.217460,0.248308,-0.399827,-0.265397
2026-07-20 14:35:16.300,227.499784,0.000000,0.000000,0.000000,0.323648,-0.379400,-0.294222,0.125856,-0.347526,-0.290429,0.224752,-0.363463,-0.292326,0.196859,-0.394457,-0.268219,0.220376,-0.412439,-0.218256,0.248209,-0.402799,-0.266132
2026-07-20 14:35:16.400,227.599784,0.000000,0.000000,0.000000,0.309163,-0.393864,-0.280474,0.113861,-0.353401,-0.278684,0.211512,-0.373633,-0.279579,0.183347,-0.402103,-0.254049,0.205462,-0.419066,-0.203425,0.234183,-0.412981,-0.252602
2026-07-20 14:35:16.500,227.699784,0.000000,0.000000,0.000000,0.309630,-0.381064,-0.298496,0.113679,-0.343934,-0.293593,0.211655,-0.362499,-0.296045,0.183580,-0.393135,-0.271615,0.206325,-0.411687,-0.221049,0.233592,-0.403498,-0.270986
2026-07-20 14:35:16.600,227.799784,0.000000,0.000000,0.000000,0.309050,-0.402921,-0.282745,0.113883,-0.363528,-0.281009,0.211466,-0.383224,-0.281877,0.183570,-0.410219,-0.256270,0.204659,-0.428122,-0.204055,0.233569,-0.420873,-0.254786
2026-07-20 14:35:16.700,227.899784,0.000000,0.000000,0.000000,0.320280,-0.408514,-0.242747,0.124521,-0.371184,-0.246518,0.222400,-0.389849,-0.244632,0.195296,-0.417478,-0.217252,0.215176,-0.430471,-0.163582,0.245648,-0.425948,-0.214324
2026-07-20 14:35:16.800,227.999784,0.000000,0.000000,0.000000,0.309662,-0.382066,-0.298815,0.113806,-0.343933,-0.293820,0.211734,-0.362999,-0.296317,0.183799,-0.393164,-0.271810,0.205243,-0.414180,-0.219906,0.233873,-0.403543,-0.271181
2026-07-20 14:35:16.900,228.099783,0.000000,0.000000,0.000000,0.309554,-0.394951,-0.280981,0.113916,-0.355430,-0.279239,0.211735,-0.375191,-0.280110,0.183403,-0.404132,-0.254604,0.203457,-0.422876,-0.201653,0.234494,-0.414051,-0.253071
2026-07-20 14:35:17.000,228.199783,0.000000,0.000000,0.000000,0.309246,-0.396907,-0.281307,0.113844,-0.357450,-0.279569,0.211545,-0.377179,-0.280438,0.183419,-0.405046,-0.255741,0.203496,-0.423990,-0.201080,0.234522,-0.415065,-0.253349
2026-07-20 14:35:17.100,228.299783,0.000000,0.000000,0.000000,0.309413,-0.402994,-0.282974,0.114111,-0.362532,-0.281183,0.211762,-0.382763,-0.282078,0.183598,-0.411233,-0.256548,0.203456,-0.431138,-0.202050,0.234689,-0.421152,-0.255015
2026-07-20 14:35:17.200,228.399783,0.000000,0.000000,0.000000,0.309246,-0.396907,-0.281307,0.113944,-0.356445,-0.279517,0.211595,-0.376676,-0.280412,0.183419,-0.405046,-0.255741,0.202463,-0.424831,-0.200347,0.234267,-0.416025,-0.253435
2026-07-20 14:35:17.300,228.499783,0.000000,0.000000,0.000000,0.309330,-0.399950,-0.282141,0.113927,-0.360493,-0.280402,0.211629,-0.380222,-0.281271,0.183311,-0.409066,-0.256657,0.202777,-0.427013,-0.200173,0.234606,-0.418109,-0.254182
2026-07-20 14:35:17.400,228.599783,0.000000,0.000000,0.000000,0.309246,-0.396907,-0.281307,0.113944,-0.356445,-0.279517,0.211595,-0.376676,-0.280412,0.183419,-0.405046,-0.255741,0.202475,-0.424931,-0.199497,0.234522,-0.415065,-0.253349
2026-07-20 14:35:17.500,228.699783,0.000000,0.000000,0.000000,0.309246,-0.396907,-0.281307,0.113844,-0.357450,-0.279569,0.211545,-0.377179,-0.280438,0.183227,-0.406023,-0.255824,0.202693,-0.423969,-0.199340,0.234522,-0.415065,-0.253349
2026-07-20 14:35:17.600,228.799783,0.000000,0.000000,0.000000,0.309274,-0.397922,-0.281585,0.113872,-0.358465,-0.279846,0.211573,-0.378193,-0.280716,0.183255,-0.407037,-0.256102,0.202514,-0.426045,-0.198924,0.234550,-0.416080,-0.253626
2026-07-20 14:35:17.700,228.899783,0.000000,0.000000,0.000000,0.309205,-0.378999,-0.297624,0.113773,-0.338922,-0.292451,0.211489,-0.358961,-0.295038,0.183465,-0.389993,-0.271510,0.203326,-0.411241,-0.215336,0.234834,-0.398795,-0.269835
2026-07-20 14:35:17.800,228.999783,0.000000,0.000000,0.000000,0.309637,-0.397994,-0.281814,0.113899,-0.359479,-0.280124,0.211768,-0.378737,-0.280969,0.182450,-0.407829,-0.256342,0.201934,-0.425878,-0.199007,0.234578,-0.417094,-0.253904
2026-07-20 14:35:17.900,229.099782,0.000000,0.000000,0.000000,0.309300,-0.382005,-0.298581,0.113774,-0.342931,-0.293501,0.211537,-0.362468,-0.296041,0.182727,-0.392784,-0.272414,0.202807,-0.413078,-0.216044,0.234930,-0.401801,-0.270792
2026-07-20 14:35:18.000,229.199782,0.000000,0.000000,0.000000,0.309302,-0.398936,-0.281863,0.114000,-0.358474,-0.280072,0.211651,-0.378705,-0.280968,0.182450,-0.407829,-0.256342,0.201728,-0.426939,-0.198315,0.234578,-0.417094,-0.253904
2026-07-20 14:35:18.100,229.299782,0.000000,0.000000,0.000000,0.309582,-0.395965,-0.281259,0.113743,-0.358455,-0.279620,0.211662,-0.377210,-0.280439,0.182406,-0.405901,-0.254929,0.201673,-0.424910,-0.197760,0.235616,-0.414330,-0.253300
2026-07-20 14:35:18.200,229.399782,0.000000,0.000000,0.000000,0.309637,-0.397994,-0.281814,0.113899,-0.359479,-0.280124,0.211768,-0.378737,-0.280969,0.182462,-0.407930,-0.255485,0.201837,-0.426458,-0.198236,0.235416,-0.417318,-0.253942
2026-07-20 14:35:18.300,229.499782,0.000000,0.000000,0.000000,0.309163,-0.393864,-0.280474,0.113861,-0.353401,-0.278684,0.211512,-0.373633,-0.279579,0.182132,-0.403835,-0.254181,0.201589,-0.421866,-0.196926,0.235020,-0.413205,-0.252639
2026-07-20 14:35:18.400,229.599782,0.000000,0.000000,0.000000,0.309414,-0.389879,-0.279592,0.113677,-0.351363,-0.277902,0.211545,-0.370621,-0.278747,0.181217,-0.400569,-0.253310,0.201626,-0.418442,-0.195163,0.235193,-0.409202,-0.251720
2026-07-20 14:35:18.500,229.699782,0.000000,0.000000,0.000000,0.309218,-0.395893,-0.281030,0.113816,-0.356436,-0.279291,0.211517,-0.376164,-0.280160,0.181356,-0.405642,-0.254699,0.201873,-0.423034,-0.196472,0.235076,-0.415233,-0.253195
2026-07-20 14:35:18.600,229.799782,0.000000,0.000000,0.000000,0.309567,-0.379060,-0.297858,0.113521,-0.342933,-0.293048,0.211544,-0.360996,-0.295453,0.181645,-0.391539,-0.271845,0.202782,-0.411345,-0.213714,0.235705,-0.400014,-0.270208
2026-07-20 14:35:18.700,229.899782,0.000000,0.000000,0.000000,0.309332,-0.383007,-0.298900,0.113711,-0.344936,-0.293912,0.211522,-0.363971,-0.296406,0.181649,-0.395032,-0.272863,0.202665,-0.415306,-0.214869,0.236639,-0.403236,-0.271219
2026-07-20 14:35:18.800,229.999782,0.000000,0.000000,0.000000,0.310092,-0.396126,-0.281069,0.113816,-0.356436,-0.279291,0.211954,-0.376281,-0.280180,0.181154,-0.406518,-0.255639,0.201656,-0.423995,-0.196632,0.235912,-0.415457,-0.253232
2026-07-20 14:35:18.900,230.099782,0.000000,0.000000,0.000000,0.309582,-0.395965,-0.281259,0.113844,-0.357450,-0.279569,0.211713,-0.376708,-0.280414,0.181182,-0.407533,-0.255917,0.201684,-0.425010,-0.196910,0.236198,-0.415513,-0.253424
2026-07-20 14:35:19.000,230.199781,0.000000,0.000000,0.000000,0.309582,-0.395965,-0.281259,0.113844,-0.357450,-0.279569,0.211713,-0.376708,-0.280414,0.181182,-0.407533,-0.255917,0.201684,-0.425010,-0.196910,0.235940,-0.416471,-0.253510
2026-07-20 14:35:19.100,230.299781,0.000000,0.000000,0.000000,0.309554,-0.394951,-0.280981,0.113816,-0.356436,-0.279291,0.211685,-0.375693,-0.280136,0.181154,-0.406518,-0.255639,0.201047,-0.422813,-0.196435,0.236041,-0.414978,-0.253189
2026-07-20 14:35:19.200,230.399781,0.000000,0.000000,0.000000,0.309662,-0.382066,-0.298815,0.113711,-0.344936,-0.293912,0.211687,-0.363501,-0.296364,0.180725,-0.395305,-0.272871,0.202051,-0.414137,-0.214618,0.236387,-0.404192,-0.271342
2026-07-20 14:35:19.300,230.499781,0.000000,0.000000,0.000000,0.309992,-0.381125,-0.298730,0.113900,-0.342930,-0.293727,0.211946,-0.362027,-0.296228,0.180725,-0.395305,-0.272871,0.202051,-0.414137,-0.214618,0.236387,-0.404192,-0.271342
2026-07-20 14:35:19.400,230.599781,0.000000,0.000000,0.000000,0.309582,-0.395965,-0.281259,0.113743,-0.358455,-0.279620,0.211662,-0.377210,-0.280439,0.180352,-0.407311,-0.255879,0.201075,-0.423828,-0.196713,0.236198,-0.415513,-0.253424
2026-07-20 14:35:19.500,230.699781,0.000000,0.000000,0.000000,0.309269,-0.381003,-0.298262,0.113647,-0.342932,-0.293275,0.211458,-0.361967,-0.295768,0.180661,-0.393301,-0.272233,0.201775,-0.413089,-0.214178,0.236323,-0.402188,-0.270705
2026-07-20 14:35:19.600,230.799781,0.000000,0.000000,0.000000,0.309218,-0.395893,-0.281030,0.113816,-0.356436,-0.279291,0.211517,-0.376164,-0.280160,0.180324,-0.406297,-0.255602,0.200831,-0.423775,-0.196595,0.235912,-0.415457,-0.253232
2026-07-20 14:35:19.700,230.899781,0.000000,0.000000,0.000000,0.309526,-0.393937,-0.280703,0.113788,-0.355421,-0.279013,0.211657,-0.374679,-0.279858,0.180296,-0.405282,-0.255324,0.199978,-0.422540,-0.196280,0.235627,-0.415401,-0.253040
2026-07-20 14:35:19.800,230.999781,0.000000,0.000000,0.000000,0.309582,-0.395965,-0.281259,0.114044,-0.355440,-0.279465,0.211813,-0.375703,-0.280362,0.180352,-0.407311,-0.255879,0.200141,-0.424088,-0.196756,0.235940,-0.416471,-0.253510
2026-07-20 14:35:19.900,231.099781,0.000000,0.000000,0.000000,0.309269,-0.381003,-0.298262,0.113647,-0.342932,-0.293275,0.211458,-0.361967,-0.295768,0.180661,-0.393301,-0.272233,0.200949,-0.412875,-0.214125,0.236323,-0.402188,-0.270705
2026-07-20 14:35:20.000,231.199780,0.000000,0.000000,0.000000,0.310120,-0.397140,-0.281347,0.113844,-0.357450,-0.279569,0.211982,-0.377295,-0.280458,0.180352,-0.407311,-0.255879,0.200034,-0.424569,-0.196835,0.235940,-0.416471,-0.253510
2026-07-20 14:35:20.100,231.299780,0.000000,0.000000,0.000000,0.309582,-0.395965,-0.281259,0.113944,-0.356445,-0.279517,0.211763,-0.376205,-0.280388,0.180352,-0.407311,-0.255879,0.200034,-0.424569,-0.196835,0.235940,-0.416471,-0.253510
2026-07-20 14:35:20.200,231.399780,0.000000,0.000000,0.000000,0.309330,-0.399950,-0.282141,0.113927,-0.360493,-0.280402,0.211629,-0.380222,-0.281271,0.180435,-0.410354,-0.256713,0.200117,-0.427612,-0.197669,0.235766,-0.420473,-0.254429
2026-07-20 14:35:20.300,231.499780,0.000000,0.000000,0.000000,0.309498,-0.392922,-0.280426,0.113861,-0.353401,-0.278684,0.211679,-0.373162,-0.279555,0.180268,-0.404268,-0.255046,0.199735,-0.422487,-0.196162,0.235599,-0.414387,-0.252763
2026-07-20 14:35:20.400,231.599780,0.000000,0.000000,0.000000,0.309163,-0.393864,-0.280474,0.113760,-0.354407,-0.278735,0.211461,-0.374135,-0.279605,0.180268,-0.404268,-0.255046,0.199125,-0.421305,-0.195965,0.235599,-0.414387,-0.252763
2026-07-20 14:35:20.500,231.699780,0.000000,0.000000,0.000000,0.309945,-0.396038,-0.281488,0.114072,-0.356454,-0.279743,0.212009,-0.376246,-0.280615,0.180380,-0.408326,-0.256157,0.199022,-0.426325,-0.197236,0.235711,-0.418444,-0.253874
2026-07-20 14:35:20.600,231.799780,0.000000,0.000000,0.000000,0.309302,-0.398936,-0.281863,0.113799,-0.360484,-0.280176,0.211550,-0.379710,-0.281019,0.180407,-0.409340,-0.256435,0.199157,-0.426859,-0.197434,0.235739,-0.419459,-0.254151
2026-07-20 14:35:20.700,231.899780,0.000000,0.000000,0.000000,0.309758,-0.385072,-0.299772,0.113901,-0.346939,-0.294776,0.211829,-0.366005,-0.297274,0.180820,-0.398310,-0.273828,0.200072,-0.418628,-0.215865,0.236483,-0.407198,-0.272299
2026-07-20 14:35:20.800,231.999780,0.000000,0.000000,0.000000,0.309917,-0.395024,-0.281210,0.113844,-0.357450,-0.279569,0.211880,-0.376237,-0.280389,0.179521,-0.407089,-0.255842,0.199208,-0.424349,-0.196798,0.235683,-0.417430,-0.253596
2026-07-20 14:35:20.900,232.099780,0.000000,0.000000,0.000000,0.309330,-0.399950,-0.282141,0.113927,-0.360493,-0.280402,0.211629,-0.380222,-0.281271,0.179605,-0.410133,-0.256675,0.199292,-0.427392,-0.197632,0.236024,-0.419515,-0.254343
2026-07-20 14:35:21.000,232.199780,0.000000,0.000000,0.000000,0.309526,-0.393937,-0.280703,0.113788,-0.355421,-0.279013,0.211657,-0.374679,-0.279858,0.179465,-0.405061,-0.255287,0.199153,-0.422320,-0.196243,0.235627,-0.415401,-0.253040
2026-07-20 14:35:21.100,232.299779,0.000000,0.000000,0.000000,0.309567,-0.379060,-0.297858,0.113710,-0.340927,-0.292863,0.211638,-0.359993,-0.295360,0.179980,-0.391109,-0.271738,0.200110,-0.411795,-0.212908,0.236039,-0.402142,-0.270510
2026-07-20 14:35:21.200,232.399779,0.000000,0.000000,0.000000,0.309665,-0.399009,-0.282092,0.114028,-0.359488,-0.280350,0.211846,-0.379248,-0.281221,0.179605,-0.410133,-0.256675,0.199303,-0.427492,-0.196782,0.235766,-0.420473,-0.254429
2026-07-20 14:35:21.300,232.499779,0.000000,0.000000,0.000000,0.309332,-0.383007,-0.298900,0.113711,-0.344936,-0.293912,0.211522,-0.363971,-0.296406,0.179893,-0.395090,-0.272818,0.200206,-0.414801,-0.213865,0.236387,-0.404192,-0.271342
2026-07-20 14:35:21.400,232.599779,0.000000,0.000000,0.000000,0.309662,-0.382066,-0.298815,0.113616,-0.345939,-0.294005,0.211639,-0.364002,-0.296410,0.179802,-0.395577,-0.272879,0.200206,-0.414801,-0.213865,0.236135,-0.405148,-0.271466
2026-07-20 14:35:21.500,232.699779,0.000000,0.000000,0.000000,0.309218,-0.395893,-0.281030,0.113916,-0.355430,-0.279239,0.211567,-0.375661,-0.280134,0.179493,-0.406075,-0.255564,0.198978,-0.424396,-0.195832,0.235912,-0.415457,-0.253232
2026-07-20 14:35:21.600,232.799779,0.000000,0.000000,0.000000,0.309554,-0.394951,-0.280981,0.113916,-0.355430,-0.279239,0.211735,-0.375191,-0.280110,0.179493,-0.406075,-0.255564,0.198367,-0.423214,-0.195634,0.235397,-0.417374,-0.253404
2026-07-20 14:35:21.700,232.899779,0.000000,0.000000,0.000000,0.309428,-0.386013,-0.299857,0.113806,-0.347942,-0.294869,0.211617,-0.366977,-0.297363,0.179989,-0.398096,-0.273775,0.200301,-0.417807,-0.214821,0.236483,-0.407198,-0.272299
2026-07-20 14:35:21.800,232.999779,0.000000,0.000000,0.000000,0.309693,-0.400023,-0.282370,0.113955,-0.361508,-0.280679,0.211824,-0.380766,-0.281524,0.179633,-0.411147,-0.256953,0.198506,-0.428286,-0.197022,0.235794,-0.421488,-0.254707
2026-07-20 14:35:21.900,233.099779,0.000000,0.000000,0.000000,0.310207,-0.383233,-0.298956,0.113616,-0.345939,-0.294005,0.211912,-0.364586,-0.296481,0.179893,-0.395090,-0.272818,0.199380,-0.414588,-0.213812,0.236135,-0.405148,-0.271466
2026-07-20 14:35:22.000,233.199779,0.000000,0.000000,0.000000,0.309662,-0.382066,-0.298815,0.113711,-0.344936,-0.293912,0.211687,-0.363501,-0.296364,0.179893,-0.395090,-0.272818,0.199380,-0.414588,-0.213812,0.236135,-0.405148,-0.271466
2026-07-20 14:35:22.100,233.299778,0.000000,0.000000,0.000000,0.309163,-0.393864,-0.280474,0.113660,-0.355412,-0.278787,0.211411,-0.374638,-0.279631,0.179438,-0.404046,-0.255009,0.198323,-0.421285,-0.194228,0.235599,-0.414387,-0.252763
2026-07-20 14:35:22.200,233.399778,0.000000,0.000000,0.000000,0.309693,-0.400023,-0.282370,0.114056,-0.360503,-0.280628,0.211874,-0.380263,-0.281499,0.179633,-0.411147,-0.256953,0.198518,-0.428386,-0.196172,0.235279,-0.423405,-0.254879
2026-07-20 14:35:22.300,233.499778,0.000000,0.000000,0.000000,0.322293,-0.377271,-0.292431,0.125671,-0.344515,-0.289503,0.223982,-0.360893,-0.290967,0.193005,-0.392636,-0.267345,0.212507,-0.411150,-0.207138,0.249711,-0.400175,-0.265294
2026-07-20 14:35:22.400,233.599778,0.000000,0.000000,0.000000,0.309582,-0.395965,-0.281259,0.113944,-0.356445,-0.279517,0.211763,-0.376205,-0.280388,0.179521,-0.407089,-0.255842,0.198406,-0.424328,-0.195061,0.235683,-0.417430,-0.253596
2026-07-20 14:35:22.500,233.699778,0.000000,0.000000,0.000000,0.309413,-0.402994,-0.282974,0.114111,-0.362532,-0.281183,0.211762,-0.382763,-0.282078,0.179688,-0.413176,-0.257508,0.198573,-0.430415,-0.196728,0.236107,-0.422558,-0.255176
2026-07-20 14:35:22.600,233.799778,0.000000,0.000000,0.000000,0.309274,-0.397922,-0.281585,0.113872,-0.358465,-0.279846,0.211573,-0.378193,-0.280716,0.179549,-0.408104,-0.256120,0.198434,-0.425342,-0.195339,0.235711,-0.418444,-0.253874
2026-07-20 14:35:22.700,233.899778,0.000000,0.000000,0.000000,0.309582,-0.395965,-0.281259,0.113844,-0.357450,-0.279569,0.211713,-0.376708,-0.280414,0.179521,-0.407089,-0.255842,0.198406,-0.424328,-0.195061,0.235683,-0.417430,-0.253596
2026-07-20 14:35:22.800,233.999778,0.000000,0.000000,0.000000,0.309609,-0.396980,-0.281536,0.113872,-0.358465,-0.279846,0.211740,-0.377722,-0.280691,0.179549,-0.408104,-0.256120,0.198647,-0.424380,-0.195177,0.235711,-0.418444,-0.253874
2026-07-20 14:35:22.900,234.099778,0.000000,0.000000,0.000000,0.309726,-0.384070,-0.299453,0.113775,-0.346940,-0.294550,0.211750,-0.365505,-0.297002,0.179957,-0.397094,-0.273456,0.199463,-0.416727,-0.213605,0.236198,-0.407152,-0.272104
2026-07-20 14:35:23.000,234.199778,0.000000,0.000000,0.000000,0.310389,-0.394064,-0.281644,0.113888,-0.354416,-0.278962,0.212138,-0.374240,-0.280303,0.179653,-0.404083,-0.255203,0.198350,-0.422299,-0.194506,0.235627,-0.415401,-0.253040
2026-07-20 14:35:23.100,234.299778,0.000000,0.000000,0.000000,0.309300,-0.382005,-0.298581,0.113679,-0.343934,-0.293593,0.211490,-0.362969,-0.296087,0.179861,-0.394088,-0.272499,0.199367,-0.413721,-0.212648,0.235851,-0.405102,-0.271271
2026-07-20 14:35:23.200,234.399777,0.000000,0.000000,0.000000,0.309917,-0.395024,-0.281210,0.113643,-0.359461,-0.279672,0.211780,-0.377242,-0.280441,0.179521,-0.407089,-0.255842,0.198406,-0.424328,-0.195061,0.235683,-0.417430,-0.253596
2026-07-20 14:35:23.300,234.499777,0.000000,0.000000,0.000000,0.309945,-0.396038,-0.281488,0.113771,-0.359470,-0.279898,0.211858,-0.377754,-0.280693,0.179549,-0.408104,-0.256120,0.198434,-0.425342,-0.195339,0.235711,-0.418444,-0.253874
2026-07-20 14:35:23.400,234.599777,0.000000,0.000000,0.000000,0.309582,-0.395965,-0.281259,0.113944,-0.356445,-0.279517,0.211763,-0.376205,-0.280388,0.179521,-0.407089,-0.255842,0.198395,-0.424228,-0.195911,0.235683,-0.417430,-0.253596
2026-07-20 14:35:23.500,234.699777,0.000000,0.000000,0.000000,0.309274,-0.397922,-0.281585,0.113872,-0.358465,-0.279846,0.211573,-0.378193,-0.280716,0.179549,-0.408104,-0.256120,0.198422,-0.425243,-0.196189,0.235711,-0.418444,-0.253874
2026-07-20 14:35:23.600,234.799777,0.000000,0.000000,0.000000,0.310148,-0.398155,-0.281624,0.113671,-0.360475,-0.279950,0.211909,-0.379315,-0.280787,0.179549,-0.408104,-0.256120,0.198422,-0.425243,-0.196189,0.235711,-0.418444,-0.253874
2026-07-20 14:35:23.700,234.899777,0.000000,0.000000,0.000000,0.309526,-0.393937,-0.280703,0.113788,-0.355421,-0.279013,0.211657,-0.374679,-0.279858,0.179278,-0.406038,-0.255370,0.198126,-0.423162,-0.195517,0.235370,-0.416360,-0.253127
2026-07-20 14:35:23.800,234.999777,0.000000,0.000000,0.000000,0.310484,-0.397213,-0.281576,0.113872,-0.358465,-0.279846,0.212178,-0.377839,-0.280711,0.179361,-0.409082,-0.256204,0.198808,-0.427287,-0.197396,0.235968,-0.417486,-0.253788
2026-07-20 14:35:23.900,235.099777,0.000000,0.000000,0.000000,0.309498,-0.392922,-0.280426,0.113760,-0.354407,-0.278735,0.211629,-0.373664,-0.279581,0.179250,-0.405024,-0.255093,0.198911,-0.422267,-0.196125,0.235599,-0.414387,-0.252763
2026-07-20 14:35:24.000,235.199777,0.000000,0.000000,0.000000,0.309246,-0.396907,-0.281307,0.113944,-0.356445,-0.279517,0.211595,-0.376676,-0.280412,0.179334,-0.408067,-0.255926,0.198994,-0.425311,-0.196958,0.235425,-0.418389,-0.253682
2026-07-20 14:35:24.100,235.299777,0.000000,0.000000,0.000000,0.309665,-0.399009,-0.282092,0.114028,-0.359488,-0.280350,0.211846,-0.379248,-0.281221,0.179417,-0.411111,-0.256759,0.199078,-0.428354,-0.197791,0.235766,-0.420473,-0.254429
2026-07-20 14:35:24.200,235.399776,0.000000,0.000000,0.000000,0.309805,-0.390966,-0.280099,0.113833,-0.352387,-0.278406,0.211819,-0.371677,-0.279253,0.178393,-0.403788,-0.254778,0.198883,-0.421253,-0.195848,0.235314,-0.414331,-0.252571
2026-07-20 14:35:24.300,235.499776,0.000000,0.000000,0.000000,0.309218,-0.395893,-0.281030,0.113916,-0.355430,-0.279239,0.211567,-0.375661,-0.280134,0.178663,-0.405853,-0.255527,0.198142,-0.424076,-0.196644,0.235655,-0.416415,-0.253318
2026-07-20 14:35:24.400,235.599776,0.000000,0.000000,0.000000,0.309582,-0.395965,-0.281259,0.113944,-0.356445,-0.279517,0.211763,-0.376205,-0.280388,0.178504,-0.407846,-0.255889,0.198170,-0.425091,-0.196921,0.236519,-0.417653,-0.253633
2026-07-20 14:35:24.500,235.699776,0.000000,0.000000,0.000000,0.309163,-0.393864,-0.280474,0.113660,-0.355412,-0.278787,0.211411,-0.374638,-0.279631,0.179250,-0.405024,-0.255093,0.198086,-0.422047,-0.196088,0.236435,-0.414610,-0.252800
2026-07-20 14:35:24.600,235.799776,0.000000,0.000000,0.000000,0.323648,-0.379400,-0.294222,0.125923,-0.346520,-0.290345,0.224786,-0.362960,-0.292284,0.192200,-0.396435,-0.268343,0.212482,-0.414872,-0.209947,0.250289,-0.405306,-0.266498
2026-07-20 14:35:24.700,235.899776,0.000000,0.000000,0.000000,0.309237,-0.380001,-0.297943,0.113521,-0.342933,-0.293048,0.211379,-0.361467,-0.295496,0.178785,-0.392845,-0.271931,0.198867,-0.413494,-0.213254,0.235787,-0.403098,-0.270633
2026-07-20 14:35:24.800,235.999776,0.000000,0.000000,0.000000,0.309665,-0.399009,-0.282092,0.114128,-0.358483,-0.280298,0.211897,-0.378746,-0.281195,0.178774,-0.409911,-0.256638,0.198265,-0.428234,-0.196906,0.236344,-0.421655,-0.254553
2026-07-20 14:35:24.900,236.099776,0.000000,0.000000,0.000000,0.309332,-0.383007,-0.298900,0.113711,-0.344936,-0.293912,0.211522,-0.363971,-0.296406,0.178880,-0.395851,-0.272888,0.199171,-0.415544,-0.214011,0.235882,-0.406104,-0.271590
2026-07-20 14:35:25.000,236.199776,0.000000,0.000000,0.000000,0.309582,-0.395965,-0.281259,0.113743,-0.358455,-0.279620,0.211662,-0.377210,-0.280439,0.178691,-0.406868,-0.255805,0.198193,-0.425290,-0.195224,0.235425,-0.418389,-0.253682
2026-07-20 14:35:25.100,236.299776,0.000000,0.000000,0.000000,0.310028,-0.399082,-0.282321,0.113855,-0.362513,-0.280731,0.211942,-0.380797,-0.281526,0.178802,-0.410926,-0.256916,0.198518,-0.428386,-0.196172,0.236630,-0.421711,-0.254744
2026-07-20 14:35:25.200,236.399776,0.000000,0.000000,0.000000,0.309358,-0.400965,-0.282418,0.113955,-0.361508,-0.280679,0.211656,-0.381236,-0.281549,0.178802,-0.410926,-0.256916,0.198305,-0.429348,-0.196334,0.236630,-0.421711,-0.254744
2026-07-20 14:35:25.300,236.499775,0.000000,0.000000,0.000000,0.309470,-0.391908,-0.280148,0.113933,-0.351382,-0.278354,0.211702,-0.371645,-0.279251,0.178579,-0.402810,-0.254694,0.198306,-0.420370,-0.193100,0.236407,-0.413595,-0.252523
2026-07-20 14:35:25.400,236.599775,0.000000,0.000000,0.000000,0.309358,-0.400965,-0.282418,0.113955,-0.361508,-0.280679,0.211656,-0.381236,-0.281549,0.179633,-0.411147,-0.256953,0.197916,-0.427303,-0.195122,0.236630,-0.421711,-0.254744
2026-07-20 14:35:25.500,236.699775,0.000000,0.000000,0.000000,0.309190,-0.394878,-0.280752,0.113587,-0.357432,-0.279116,0.211389,-0.376155,-0.279934,0.179278,-0.406038,-0.255370,0.197760,-0.421316,-0.192604,0.236463,-0.415624,-0.253078
2026-07-20 14:35:25.600,236.799775,0.000000,0.000000,0.000000,0.309413,-0.402994,-0.282974,0.114011,-0.363537,-0.281235,0.211712,-0.383265,-0.282104,0.179688,-0.413176,-0.257508,0.197771,-0.430394,-0.194990,0.235592,-0.424475,-0.255348
2026-07-20 14:35:25.700,236.899775,0.000000,0.000000,0.000000,0.309274,-0.397922,-0.281585,0.113872,-0.358465,-0.279846,0.211573,-0.378193,-0.280716,0.179549,-0.408104,-0.256120,0.197643,-0.425421,-0.192752,0.236805,-0.417709,-0.253825
2026-07-20 14:35:25.800,236.999775,0.000000,0.000000,0.000000,0.309470,-0.391908,-0.280148,0.113833,-0.352387,-0.278406,0.211651,-0.372147,-0.279277,0.179222,-0.404010,-0.254815,0.197504,-0.420349,-0.191363,0.236149,-0.414554,-0.252609
2026-07-20 14:35:25.900,237.099775,0.000000,0.000000,0.000000,0.310444,-0.396093,-0.282199,0.113944,-0.356445,-0.279517,0.212194,-0.376269,-0.280858,0.179521,-0.407089,-0.255842,0.197627,-0.424507,-0.191624,0.236519,-0.417653,-0.253633
2026-07-20 14:35:26.000,237.199775,0.000000,0.000000,0.000000,0.308911,-0.397849,-0.281356,0.113944,-0.356445,-0.279517,0.211427,-0.377147,-0.280437,0.179521,-0.407089,-0.255842,0.196802,-0.424287,-0.191587,0.236519,-0.417653,-0.253633
2026-07-20 14:35:26.100,237.299775,0.000000,0.000000,0.000000,0.309135,-0.392849,-0.280197,0.113833,-0.352387,-0.278406,0.211484,-0.372618,-0.279301,0.179410,-0.403032,-0.254731,0.196690,-0.420229,-0.190476,0.236160,-0.414655,-0.251749
2026-07-20 14:35:26.200,237.399775,0.000000,0.000000,0.000000,0.309274,-0.397922,-0.281585,0.113872,-0.358465,-0.279846,0.211573,-0.378193,-0.280716,0.179561,-0.408204,-0.255264,0.196830,-0.425301,-0.191865,0.236546,-0.418667,-0.253911
2026-07-20 14:35:26.300,237.499774,0.000000,0.000000,0.000000,0.309567,-0.379060,-0.297858,0.113615,-0.341930,-0.292956,0.211591,-0.360495,-0.295407,0.179798,-0.392084,-0.271861,0.197625,-0.412309,-0.208626,0.236876,-0.402358,-0.270563
2026-07-20 14:35:26.400,237.599774,0.000000,0.000000,0.000000,0.309107,-0.391835,-0.279919,0.113905,-0.350367,-0.278077,0.211506,-0.371101,-0.278998,0.179382,-0.402017,-0.254454,0.195849,-0.419094,-0.189311,0.236132,-0.413640,-0.251471
2026-07-20 14:35:26.500,237.699774,0.000000,0.000000,0.000000,0.309582,-0.395965,-0.281259,0.113944,-0.356445,-0.279517,0.211763,-0.376205,-0.280388,0.178691,-0.406868,-0.255805,0.195988,-0.424166,-0.190700,0.236272,-0.418712,-0.252860
2026-07-20 14:35:26.600,237.799774,0.000000,0.000000,0.000000,0.309385,-0.401979,-0.282696,0.114083,-0.361517,-0.280905,0.211734,-0.381748,-0.281801,0.178842,-0.412040,-0.256338,0.196127,-0.429238,-0.192089,0.236658,-0.422725,-0.255022
2026-07-20 14:35:26.700,237.899774,0.000000,0.000000,0.000000,0.309554,-0.394951,-0.280981,0.113716,-0.357441,-0.279342,0.211635,-0.376196,-0.280162,0.178674,-0.405954,-0.254672,0.195135,-0.422931,-0.190385,0.236502,-0.416740,-0.252495
2026-07-20 14:35:26.800,237.999774,0.000000,0.000000,0.000000,0.310639,-0.403194,-0.284143,0.114039,-0.364551,-0.281513,0.212339,-0.383873,-0.282828,0.178897,-0.414069,-0.256893,0.195358,-0.431047,-0.192607,0.236714,-0.424754,-0.255577
2026-07-20 14:35:26.900,238.099774,0.000000,0.000000,0.000000,0.309913,-0.389934,-0.280303,0.113849,-0.348338,-0.277521,0.211881,-0.369136,-0.278912,0.178321,-0.400845,-0.253090,0.194968,-0.416845,-0.188719,0.236335,-0.410653,-0.250829
2026-07-20 14:35:27.000,238.199774,0.000000,0.000000,0.000000,0.309246,-0.396907,-0.281307,0.113944,-0.356445,-0.279517,0.211595,-0.376676,-0.280412,0.178702,-0.406968,-0.254949,0.194338,-0.423725,-0.190626,0.236272,-0.418712,-0.252860
2026-07-20 14:35:27.100,238.299774,0.000000,0.000000,0.000000,0.310108,-0.397035,-0.282247,0.113944,-0.356445,-0.279517,0.212026,-0.376740,-0.280882,0.178691,-0.406868,-0.255805,0.194338,-0.423725,-0.190626,0.236272,-0.418712,-0.252860
2026-07-20 14:35:27.200,238.399774,0.000000,0.000000,0.000000,0.310164,-0.399064,-0.282802,0.113899,-0.359479,-0.280124,0.212032,-0.379271,-0.281463,0.178560,-0.409875,-0.256444,0.193361,-0.426497,-0.191312,0.236327,-0.420741,-0.253415
2026-07-20 14:35:27.300,238.499774,0.000000,0.000000,0.000000,0.310444,-0.396093,-0.282199,0.113844,-0.357450,-0.279569,0.212144,-0.376772,-0.280884,0.178504,-0.407846,-0.255889,0.193306,-0.424468,-0.190757,0.236530,-0.417754,-0.252773
2026-07-20 14:35:27.400,238.599773,0.000000,0.000000,0.000000,0.323406,-0.381354,-0.294609,0.125918,-0.348530,-0.290738,0.224662,-0.364942,-0.292673,0.192262,-0.397439,-0.268651,0.207840,-0.414651,-0.203878,0.250366,-0.406438,-0.265950
2026-07-20 14:35:27.500,238.699773,0.000000,0.000000,0.000000,0.309079,-0.390820,-0.279641,0.113576,-0.352369,-0.277954,0.211328,-0.371595,-0.278798,0.178337,-0.401759,-0.254222,0.192520,-0.417198,-0.188886,0.236105,-0.412626,-0.251193
2026-07-20 14:35:27.600,238.799773,0.000000,0.000000,0.000000,0.310416,-0.395079,-0.281922,0.113716,-0.357441,-0.279342,0.212066,-0.376260,-0.280632,0.178488,-0.406932,-0.254756,0.192659,-0.422270,-0.190274,0.235538,-0.416996,-0.252501
2026-07-20 14:35:27.700,238.899773,0.000000,0.000000,0.000000,0.309609,-0.396980,-0.281536,0.113972,-0.357459,-0.279795,0.211791,-0.377220,-0.280666,0.178544,-0.408961,-0.255312,0.192715,-0.424299,-0.190830,0.236300,-0.419727,-0.253137
2026-07-20 14:35:27.800,238.999773,0.000000,0.000000,0.000000,0.310191,-0.400078,-0.283080,0.113827,-0.361499,-0.280453,0.212009,-0.380788,-0.281767,0.178786,-0.410011,-0.255782,0.192771,-0.426328,-0.191385,0.236873,-0.419839,-0.253519
2026-07-20 14:35:27.900,239.099773,0.000000,0.000000,0.000000,0.323034,-0.375332,-0.292756,0.125547,-0.342507,-0.288885,0.224291,-0.358919,-0.290821,0.191906,-0.391544,-0.265948,0.206809,-0.407474,-0.201783,0.250221,-0.399452,-0.263980
2026-07-20 14:35:28.000,239.199773,0.000000,0.000000,0.000000,0.323344,-0.380350,-0.294300,0.125856,-0.347526,-0.290429,0.224600,-0.363938,-0.292364,0.192369,-0.395582,-0.267376,0.206930,-0.413330,-0.204372,0.249462,-0.405241,-0.265597
2026-07-20 14:35:28.100,239.299773,0.000000,0.000000,0.000000,0.309945,-0.396038,-0.281488,0.113972,-0.357459,-0.279795,0.211958,-0.376749,-0.280641,0.178637,-0.408472,-0.255269,0.192703,-0.424200,-0.191680,0.235465,-0.419504,-0.253100
2026-07-20 14:35:28.200,239.399773,0.000000,0.000000,0.000000,0.310361,-0.393050,-0.281366,0.113861,-0.353401,-0.278684,0.212111,-0.373226,-0.280025,0.178619,-0.403925,-0.254116,0.193210,-0.421325,-0.190773,0.235611,-0.414488,-0.251902
2026-07-20 14:35:28.300,239.499773,0.000000,0.000000,0.000000,0.310836,-0.397181,-0.282707,0.113799,-0.360484,-0.280176,0.212318,-0.378832,-0.281441,0.178746,-0.408897,-0.256360,0.193545,-0.425335,-0.192844,0.235493,-0.420518,-0.253378
2026-07-20 14:35:28.400,239.599772,0.000000,0.000000,0.000000,0.309917,-0.395024,-0.281210,0.113944,-0.356445,-0.279517,0.211931,-0.375734,-0.280363,0.178702,-0.406968,-0.254949,0.194303,-0.423426,-0.193176,0.235437,-0.418489,-0.252822
2026-07-20 14:35:28.500,239.699772,0.000000,0.000000,0.000000,0.310136,-0.398049,-0.282525,0.113872,-0.358465,-0.279846,0.212004,-0.378257,-0.281185,0.178719,-0.407882,-0.256083,0.194319,-0.424341,-0.194304,0.235465,-0.419504,-0.253100
2026-07-20 14:35:28.600,239.799772,0.000000,0.000000,0.000000,0.310305,-0.391021,-0.280811,0.113704,-0.352378,-0.278180,0.212005,-0.371699,-0.279495,0.178365,-0.402774,-0.254500,0.194873,-0.418956,-0.192756,0.235286,-0.413316,-0.252293
2026-07-20 14:35:28.700,239.899772,0.000000,0.000000,0.000000,0.323648,-0.379400,-0.294222,0.125856,-0.347526,-0.290429,0.224752,-0.363463,-0.292326,0.192200,-0.396435,-0.268343,0.209364,-0.413398,-0.207889,0.249222,-0.406077,-0.266570
2026-07-20 14:35:28.800,239.999772,0.000000,0.000000,0.000000,0.310528,-0.399137,-0.283032,0.114028,-0.359488,-0.280350,0.212278,-0.379312,-0.281691,0.178588,-0.410889,-0.256722,0.196014,-0.426711,-0.195783,0.235251,-0.422390,-0.254601
2026-07-20 14:35:28.900,240.099772,0.000000,0.000000,0.000000,0.310444,-0.396093,-0.282199,0.114044,-0.355440,-0.279465,0.212244,-0.375766,-0.280832,0.178504,-0.407846,-0.255889,0.195709,-0.424530,-0.195961,0.235425,-0.418389,-0.253682
2026-07-20 14:35:29.000,240.199772,0.000000,0.000000,0.000000,0.310880,-0.382210,-0.300002,0.113648,-0.346940,-0.294324,0.212264,-0.364575,-0.297163,0.178912,-0.396853,-0.273207,0.196933,-0.414951,-0.213972,0.235662,-0.408061,-0.272033
2026-07-20 14:35:29.100,240.299772,0.000000,0.000000,0.000000,0.309163,-0.393864,-0.280474,0.113861,-0.353401,-0.278684,0.211512,-0.373633,-0.279579,0.178421,-0.404803,-0.255055,0.196649,-0.420645,-0.195854,0.235084,-0.416304,-0.252935
2026-07-20 14:35:29.200,240.399772,0.000000,0.000000,0.000000,0.310191,-0.400078,-0.283080,0.113927,-0.360493,-0.280402,0.212059,-0.380286,-0.281741,0.178588,-0.410889,-0.256722,0.196816,-0.426731,-0.197520,0.235251,-0.422390,-0.254601
2026-07-20 14:35:29.300,240.499772,0.000000,0.000000,0.000000,0.310444,-0.396093,-0.282199,0.113944,-0.356445,-0.279517,0.212194,-0.376269,-0.280858,0.178504,-0.407846,-0.255889,0.196522,-0.424651,-0.196847,0.235168,-0.419347,-0.253768
2026-07-20 14:35:29.400,240.599771,0.000000,0.000000,0.000000,0.310518,-0.382149,-0.299767,0.113806,-0.343933,-0.293820,0.212162,-0.363041,-0.296793,0.178880,-0.395851,-0.272888,0.198534,-0.414240,-0.214604,0.235630,-0.407059,-0.271714
2026-07-20 14:35:29.500,240.699771,0.000000,0.000000,0.000000,0.310472,-0.397108,-0.282477,0.113872,-0.358465,-0.279846,0.212172,-0.377786,-0.281162,0.178532,-0.408860,-0.256166,0.197586,-0.424923,-0.197002,0.235196,-0.420362,-0.254046
2026-07-20 14:35:29.600,240.799771,0.000000,0.000000,0.000000,0.310528,-0.399137,-0.283032,0.114028,-0.359488,-0.280350,0.212278,-0.379312,-0.281691,0.178588,-0.410889,-0.256722,0.197418,-0.427814,-0.198566,0.235251,-0.422390,-0.254601
2026-07-20 14:35:29.700,240.899771,0.000000,0.000000,0.000000,0.310361,-0.393050,-0.281366,0.113760,-0.354407,-0.278735,0.212060,-0.373728,-0.280051,0.178421,-0.404803,-0.255055,0.198086,-0.422047,-0.196088,0.234827,-0.417262,-0.253021
2026-07-20 14:35:29.800,240.999771,0.000000,0.000000,0.000000,0.310472,-0.397108,-0.282477,0.113872,-0.358465,-0.279846,0.212172,-0.377786,-0.281162,0.178719,-0.407882,-0.256083,0.198399,-0.425043,-0.197889,0.235196,-0.420362,-0.254046
2026-07-20 14:35:29.900,241.099771,0.000000,0.000000,0.000000,0.310282,-0.386096,-0.300808,0.113901,-0.346939,-0.294776,0.212092,-0.366517,-0.297792,0.179157,-0.397881,-0.273722,0.200053,-0.418493,-0.216709,0.235473,-0.411021,-0.272795
2026-07-20 14:35:30.000,241.199771,0.000000,0.000000,0.000000,0.310472,-0.397108,-0.282477,0.113671,-0.360475,-0.279950,0.212072,-0.378791,-0.281213,0.179361,-0.409082,-0.256204,0.199011,-0.426226,-0.198085,0.235196,-0.420362,-0.254046
2026-07-20 14:35:30.100,241.299771,0.000000,0.000000,0.000000,0.310052,-0.395006,-0.281691,0.113587,-0.357432,-0.279116,0.211820,-0.376219,-0.280404,0.179278,-0.406038,-0.255370,0.199751,-0.423402,-0.197289,0.235112,-0.417318,-0.253213
2026-07-20 14:35:30.200,241.399771,0.000000,0.000000,0.000000,0.310373,-0.393156,-0.280465,0.113760,-0.354407,-0.278735,0.212067,-0.373781,-0.279600,0.179250,-0.405024,-0.255093,0.200548,-0.422608,-0.197048,0.235342,-0.415345,-0.252849
2026-07-20 14:35:30.300,241.499771,0.000000,0.000000,0.000000,0.310108,-0.397035,-0.282247,0.113844,-0.357450,-0.279569,0.211976,-0.377242,-0.280908,0.179334,-0.408067,-0.255926,0.200620,-0.425552,-0.198730,0.235425,-0.418389,-0.253682
2026-07-20 14:35:30.400,241.599771,0.000000,0.000000,0.000000,0.309526,-0.393937,-0.280703,0.113788,-0.355421,-0.279013,0.211657,-0.374679,-0.279858,0.179278,-0.406038,-0.255370,0.201171,-0.424704,-0.198370,0.235370,-0.416360,-0.253127
2026-07-20 14:35:30.500,241.699770,0.000000,0.000000,0.000000,0.309665,-0.399009,-0.282092,0.113827,-0.361499,-0.280453,0.211746,-0.380254,-0.281273,0.179417,-0.411111,-0.256759,0.201527,-0.428815,-0.199600,0.235251,-0.422390,-0.254601
2026-07-20 14:35:30.600,241.799770,0.000000,0.000000,0.000000,0.322107,-0.374259,-0.291505,0.125551,-0.340498,-0.288493,0.223829,-0.357378,-0.289999,0.192665,-0.390605,-0.266534,0.216033,-0.410388,-0.211036,0.248009,-0.399861,-0.264673
2026-07-20 14:35:30.700,241.899770,0.000000,0.000000,0.000000,0.309889,-0.394009,-0.280932,0.113716,-0.357441,-0.279342,0.211802,-0.375725,-0.280137,0.179306,-0.407053,-0.255648,0.202010,-0.425839,-0.199532,0.234306,-0.418110,-0.253453
2026-07-20 14:35:30.800,241.999770,0.000000,0.000000,0.000000,0.309582,-0.395965,-0.281259,0.113844,-0.357450,-0.279569,0.211713,-0.376708,-0.280414,0.179334,-0.408067,-0.255926,0.202861,-0.427073,-0.199847,0.234334,-0.419125,-0.253731
2026-07-20 14:35:30.900,242.099770,0.000000,0.000000,0.000000,0.310036,-0.394097,-0.280514,0.113760,-0.354407,-0.278735,0.211898,-0.374252,-0.279624,0.179438,-0.404046,-0.255009,0.202986,-0.422969,-0.199706,0.234250,-0.416081,-0.252897
2026-07-20 14:35:31.000,242.199770,0.000000,0.000000,0.000000,0.310333,-0.392035,-0.281088,0.113732,-0.353392,-0.278458,0.212033,-0.372714,-0.279773,0.179410,-0.403032,-0.254731,0.203782,-0.422174,-0.199465,0.234223,-0.415067,-0.252620
2026-07-20 14:35:31.100,242.299770,0.000000,0.000000,0.000000,0.322349,-0.372305,-0.291117,0.125489,-0.339494,-0.288184,0.223919,-0.355900,-0.289651,0.193440,-0.389793,-0.266269,0.217788,-0.408551,-0.212319,0.247723,-0.399822,-0.264481
2026-07-20 14:35:31.200,242.399770,0.000000,0.000000,0.000000,0.309190,-0.394878,-0.280752,0.113688,-0.356426,-0.279065,0.211439,-0.375652,-0.279908,0.180296,-0.405282,-0.255324,0.204650,-0.424324,-0.200907,0.234278,-0.417096,-0.253175
2026-07-20 14:35:31.300,242.499770,0.000000,0.000000,0.000000,0.309470,-0.391908,-0.280148,0.113732,-0.353392,-0.278458,0.211601,-0.372650,-0.279303,0.180240,-0.403253,-0.254769,0.204816,-0.421334,-0.200197,0.234223,-0.415067,-0.252620
2026-07-20 14:35:31.400,242.599770,0.000000,0.000000,0.000000,0.310809,-0.396166,-0.282429,0.113872,-0.358465,-0.279846,0.212340,-0.377315,-0.281138,0.180380,-0.408326,-0.256157,0.205769,-0.426527,-0.202473,0.234362,-0.420139,-0.254008
2026-07-20 14:35:31.500,242.699769,0.000000,0.000000,0.000000,0.309107,-0.391835,-0.279919,0.113704,-0.352378,-0.278180,0.211406,-0.372106,-0.279049,0.181043,-0.402461,-0.254528,0.205602,-0.420440,-0.200806,0.234195,-0.414052,-0.252342
2026-07-20 14:35:31.600,242.799769,0.000000,0.000000,0.000000,0.310416,-0.395079,-0.281922,0.113816,-0.356436,-0.279291,0.212116,-0.375757,-0.280606,0.181344,-0.405541,-0.255555,0.206527,-0.424618,-0.202804,0.234563,-0.417151,-0.253367
2026-07-20 14:35:31.700,242.899769,0.000000,0.000000,0.000000,0.309526,-0.393937,-0.280703,0.113788,-0.355421,-0.279013,0.211657,-0.374679,-0.279858,0.181316,-0.404527,-0.255278,0.207549,-0.422864,-0.202412,0.234278,-0.417096,-0.253175
2026-07-20 14:35:31.800,242.999769,0.000000,0.000000,0.000000,0.309917,-0.395024,-0.281210,0.113944,-0.356445,-0.279517,0.211931,-0.375734,-0.280363,0.181182,-0.407533,-0.255917,0.207380,-0.425853,-0.203119,0.234334,-0.419125,-0.253731
2026-07-20 14:35:31.900,243.099769,0.000000,0.000000,0.000000,0.309917,-0.395024,-0.281210,0.113944,-0.356445,-0.279517,0.211931,-0.375734,-0.280363,0.182013,-0.407755,-0.255954,0.208194,-0.425974,-0.204006,0.234590,-0.418166,-0.253644
2026-07-20 14:35:32.000,243.199769,0.000000,0.000000,0.000000,0.309498,-0.392922,-0.280426,0.113660,-0.355412,-0.278787,0.211579,-0.374167,-0.279606,0.181929,-0.404711,-0.255121,0.208336,-0.421970,-0.203022,0.233928,-0.413940,-0.252688
2026-07-20 14:35:32.100,243.299769,0.000000,0.000000,0.000000,0.309582,-0.395965,-0.281259,0.113944,-0.356445,-0.279517,0.211763,-0.376205,-0.280388,0.182013,-0.407755,-0.255954,0.208633,-0.423954,-0.204557,0.234590,-0.418166,-0.253644
2026-07-20 14:35:32.200,243.399769,0.000000,0.000000,0.000000,0.309609,-0.396980,-0.281536,0.113972,-0.357459,-0.279795,0.211791,-0.377220,-0.280666,0.182231,-0.407792,-0.256148,0.209250,-0.426049,-0.205873,0.233784,-0.418957,-0.253885
2026-07-20 14:35:32.300,243.499769,0.000000,0.000000,0.000000,0.309190,-0.394878,-0.280752,0.113888,-0.354416,-0.278962,0.211539,-0.374647,-0.279857,0.182148,-0.404749,-0.255315,0.209167,-0.423006,-0.205039,0.233688,-0.415813,-0.253911
2026-07-20 14:35:32.400,243.599769,0.000000,0.000000,0.000000,0.309665,-0.399009,-0.282092,0.113927,-0.360493,-0.280402,0.211796,-0.379751,-0.281247,0.182287,-0.409821,-0.256704,0.209306,-0.428078,-0.206428,0.234338,-0.418967,-0.255130
2026-07-20 14:35:32.500,243.699769,0.000000,0.000000,0.000000,0.309163,-0.393864,-0.280474,0.113760,-0.354407,-0.278735,0.211461,-0.374135,-0.279605,0.182120,-0.403734,-0.255037,0.209127,-0.421891,-0.205613,0.233660,-0.414799,-0.253634
2026-07-20 14:35:32.600,243.799768,0.000000,0.000000,0.000000,0.309526,-0.393937,-0.280703,0.113688,-0.356426,-0.279065,0.211607,-0.375182,-0.279884,0.182148,-0.404749,-0.255315,0.209382,-0.421946,-0.205743,0.233688,-0.415813,-0.253911
2026-07-20 14:35:32.700,243.899768,0.000000,0.000000,0.000000,0.309218,-0.395893,-0.281030,0.113816,-0.356436,-0.279291,0.211517,-0.376164,-0.280160,0.182164,-0.405662,-0.256449,0.209998,-0.424041,-0.207056,0.233716,-0.416828,-0.254189
2026-07-20 14:35:32.800,243.999768,0.000000,0.000000,0.000000,0.309554,-0.394951,-0.280981,0.113916,-0.355430,-0.279239,0.211735,-0.375191,-0.280110,0.182164,-0.405662,-0.256449,0.209998,-0.424041,-0.207056,0.233972,-0.415868,-0.254104
2026-07-20 14:35:32.900,244.099768,0.000000,0.000000,0.000000,0.309637,-0.397994,-0.281814,0.113799,-0.360484,-0.280176,0.211718,-0.379239,-0.280995,0.182450,-0.407829,-0.256342,0.210309,-0.426124,-0.207743,0.234055,-0.418912,-0.254937
2026-07-20 14:35:33.000,244.199768,0.000000,0.000000,0.000000,0.309498,-0.392922,-0.280426,0.113760,-0.354407,-0.278735,0.211629,-0.373664,-0.279581,0.182120,-0.403734,-0.255037,0.209942,-0.422012,-0.206501,0.233916,-0.413839,-0.253549
2026-07-20 14:35:33.100,244.299768,0.000000,0.000000,0.000000,0.309218,-0.395893,-0.281030,0.113816,-0.356436,-0.279291,0.211517,-0.376164,-0.280160,0.182164,-0.405662,-0.256449,0.209998,-0.424041,-0.207056,0.233972,-0.415868,-0.254104
2026-07-20 14:35:33.200,244.399768,0.000000,0.000000,0.000000,0.309526,-0.393937,-0.280703,0.113788,-0.355421,-0.279013,0.211657,-0.374679,-0.279858,0.182136,-0.404648,-0.256172,0.209970,-0.423026,-0.206779,0.233944,-0.414854,-0.253826
2026-07-20 14:35:33.300,244.499768,0.000000,0.000000,0.000000,0.309498,-0.392922,-0.280426,0.113760,-0.354407,-0.278735,0.211629,-0.373664,-0.279581,0.182108,-0.403634,-0.255894,0.209931,-0.421912,-0.207352,0.233916,-0.413839,-0.253549
2026-07-20 14:35:33.400,244.599768,0.000000,0.000000,0.000000,0.310056,-0.400096,-0.282599,0.113983,-0.362522,-0.280957,0.212020,-0.381309,-0.281778,0.183163,-0.411971,-0.258153,0.210154,-0.430028,-0.209574,0.234394,-0.420996,-0.255685
2026-07-20 14:35:33.500,244.699768,0.000000,0.000000,0.000000,0.309945,-0.396038,-0.281488,0.113972,-0.357459,-0.279795,0.211958,-0.376749,-0.280641,0.183051,-0.407913,-0.257042,0.210281,-0.425110,-0.207466,0.234027,-0.417897,-0.254659
2026-07-20 14:35:33.600,244.799767,0.000000,0.000000,0.000000,0.309246,-0.396907,-0.281307,0.114044,-0.355440,-0.279465,0.211645,-0.376173,-0.280386,0.182192,-0.406677,-0.256727,0.210014,-0.424955,-0.208185,0.233999,-0.416883,-0.254382
2026-07-20 14:35:33.700,244.899767,0.000000,0.000000,0.000000,0.310389,-0.394064,-0.281644,0.113788,-0.355421,-0.279013,0.212088,-0.374743,-0.280329,0.182327,-0.403671,-0.256089,0.209959,-0.422927,-0.207630,0.233688,-0.415813,-0.253911
2026-07-20 14:35:33.800,244.999767,0.000000,0.000000,0.000000,0.322107,-0.374259,-0.291505,0.125485,-0.341503,-0.288576,0.223796,-0.357881,-0.290041,0.196313,-0.389286,-0.267334,0.223934,-0.407956,-0.219345,0.247599,-0.397613,-0.265253
2026-07-20 14:35:33.900,245.099767,0.000000,0.000000,0.000000,0.309218,-0.395893,-0.281030,0.113816,-0.356436,-0.279291,0.211517,-0.376164,-0.280160,0.182996,-0.405884,-0.256487,0.209873,-0.424421,-0.207980,0.233972,-0.415868,-0.254104
2026-07-20 14:35:34.000,245.199767,0.000000,0.000000,0.000000,0.310518,-0.382149,-0.299767,0.113616,-0.345939,-0.294005,0.212067,-0.364044,-0.296886,0.182739,-0.393650,-0.273585,0.210899,-0.414727,-0.226200,0.234441,-0.404579,-0.272215
2026-07-20 14:35:34.100,245.299767,0.000000,0.000000,0.000000,0.309917,-0.395024,-0.281210,0.113844,-0.357450,-0.279569,0.211880,-0.376237,-0.280389,0.182383,-0.405700,-0.256644,0.210014,-0.424955,-0.208185,0.233999,-0.416883,-0.254382
2026-07-20 14:35:34.200,245.399767,0.000000,0.000000,0.000000,0.309582,-0.395965,-0.281259,0.113944,-0.356445,-0.279517,0.211763,-0.376205,-0.280388,0.182383,-0.405700,-0.256644,0.209188,-0.424735,-0.208148,0.233999,-0.416883,-0.254382
2026-07-20 14:35:34.300,245.499767,0.000000,0.000000,0.000000,0.309554,-0.394951,-0.280981,0.113916,-0.355430,-0.279239,0.211735,-0.375191,-0.280110,0.182996,-0.405884,-0.256487,0.209160,-0.423720,-0.207870,0.233972,-0.415868,-0.254104
2026-07-20 14:35:34.400,245.599767,0.000000,0.000000,0.000000,0.309218,-0.395893,-0.281030,0.113816,-0.356436,-0.279291,0.211517,-0.376164,-0.280160,0.183188,-0.404908,-0.256404,0.209160,-0.423720,-0.207870,0.233972,-0.415868,-0.254104
2026-07-20 14:35:34.500,245.699767,0.000000,0.000000,0.000000,0.309107,-0.391835,-0.279919,0.113805,-0.351373,-0.278128,0.211456,-0.371604,-0.279024,0.182884,-0.401827,-0.255376,0.209049,-0.419663,-0.206760,0.234116,-0.410851,-0.252908
2026-07-20 14:35:34.600,245.799767,0.000000,0.000000,0.000000,0.309582,-0.395965,-0.281259,0.113643,-0.359461,-0.279672,0.211612,-0.377713,-0.280465,0.182383,-0.405700,-0.256644,0.209176,-0.424635,-0.208999,0.233999,-0.416883,-0.254382
2026-07-20 14:35:34.700,245.899766,0.000000,0.000000,0.000000,0.309442,-0.390893,-0.279870,0.113704,-0.352378,-0.278180,0.211573,-0.371635,-0.279025,0.183076,-0.400850,-0.255293,0.208211,-0.419342,-0.207574,0.233860,-0.411810,-0.252993
2026-07-20 14:35:34.800,245.999766,0.000000,0.000000,0.000000,0.322046,-0.373256,-0.291196,0.125423,-0.340500,-0.288268,0.223734,-0.356878,-0.289732,0.196251,-0.388283,-0.267025,0.222190,-0.406444,-0.219796,0.247537,-0.396609,-0.264944
2026-07-20 14:35:34.900,246.099766,0.000000,0.000000,0.000000,0.309079,-0.390820,-0.279641,0.113665,-0.351259,-0.278788,0.211372,-0.371040,-0.279215,0.182856,-0.400812,-0.255098,0.208296,-0.417847,-0.207224,0.233832,-0.410796,-0.252716
2026-07-20 14:35:35.000,246.199766,0.000000,0.000000,0.000000,0.309498,-0.392922,-0.280426,0.113760,-0.354407,-0.278735,0.211629,-0.373664,-0.279581,0.183144,-0.402979,-0.254991,0.208492,-0.420410,-0.207985,0.233916,-0.413839,-0.253549
2026-07-20 14:35:35.100,246.299766,0.000000,0.000000,0.000000,0.309190,-0.394878,-0.280752,0.113788,-0.355421,-0.279013,0.211489,-0.375150,-0.279883,0.182980,-0.404971,-0.255352,0.208520,-0.421425,-0.208263,0.234199,-0.413895,-0.253741
2026-07-20 14:35:35.200,246.399766,0.000000,0.000000,0.000000,0.309135,-0.392849,-0.280197,0.113732,-0.353392,-0.278458,0.211434,-0.373121,-0.279327,0.183116,-0.401965,-0.254713,0.208464,-0.419396,-0.207707,0.233888,-0.412825,-0.253271
2026-07-20 14:35:35.300,246.499766,0.000000,0.000000,0.000000,0.309330,-0.399950,-0.282141,0.114028,-0.359488,-0.280350,0.211679,-0.379719,-0.281245,0.183311,-0.409066,-0.256657,0.208659,-0.426497,-0.209651,0.234083,-0.419926,-0.255215
2026-07-20 14:35:35.400,246.599766,0.000000,0.000000,0.000000,0.322225,-0.370298,-0.290500,0.125217,-0.339367,-0.288615,0.223721,-0.354832,-0.289557,0.196302,-0.385423,-0.265440,0.222260,-0.403473,-0.219004,0.247636,-0.393637,-0.264211
2026-07-20 14:35:35.500,246.699766,0.000000,0.000000,0.000000,0.309163,-0.393864,-0.280474,0.113861,-0.353401,-0.278684,0.211512,-0.373633,-0.279579,0.183144,-0.402979,-0.254991,0.208504,-0.420510,-0.207133,0.233916,-0.413839,-0.253549
2026-07-20 14:35:35.600,246.799766,0.000000,0.000000,0.000000,0.309758,-0.385072,-0.299772,0.113806,-0.347942,-0.294869,0.211782,-0.366507,-0.297320,0.183688,-0.397007,-0.273743,0.209561,-0.416351,-0.226867,0.234557,-0.407722,-0.272316
2026-07-20 14:35:35.700,246.899765,0.000000,0.000000,0.000000,0.323154,-0.385354,-0.295131,0.126228,-0.353548,-0.292281,0.224691,-0.369451,-0.293706,0.197231,-0.400479,-0.270071,0.223011,-0.419619,-0.222962,0.248358,-0.409785,-0.268101
2026-07-20 14:35:35.800,246.999765,0.000000,0.000000,0.000000,0.321550,-0.365226,-0.288726,0.125060,-0.330458,-0.285631,0.223305,-0.347842,-0.287178,0.195930,-0.379400,-0.263588,0.220893,-0.398475,-0.215587,0.247057,-0.388707,-0.261617
2026-07-20 14:35:35.900,247.099765,0.000000,0.000000,0.000000,0.309637,-0.397994,-0.281814,0.114100,-0.357468,-0.280021,0.211869,-0.377731,-0.280917,0.183283,-0.408052,-0.256380,0.208052,-0.424501,-0.207485,0.234067,-0.419013,-0.254076
2026-07-20 14:35:36.000,247.199765,0.000000,0.000000,0.000000,0.310052,-0.395006,-0.281691,0.113888,-0.354416,-0.278962,0.211970,-0.374711,-0.280326,0.183171,-0.403994,-0.255269,0.207727,-0.421504,-0.205669,0.233955,-0.414955,-0.252965
2026-07-20 14:35:36.100,247.299765,0.000000,0.000000,0.000000,0.323220,-0.378343,-0.293683,0.125733,-0.345518,-0.289811,0.224476,-0.361931,-0.291747,0.196735,-0.392449,-0.267601,0.221071,-0.410497,-0.218531,0.248085,-0.400791,-0.265514
2026-07-20 14:35:36.200,247.399765,0.000000,0.000000,0.000000,0.309567,-0.379060,-0.297858,0.113501,-0.342792,-0.293928,0.211534,-0.360926,-0.295893,0.183497,-0.390995,-0.271829,0.206943,-0.410104,-0.222253,0.233529,-0.401494,-0.270349
2026-07-20 14:35:36.300,247.499765,0.000000,0.000000,0.000000,0.309237,-0.380001,-0.297943,0.113595,-0.341789,-0.293836,0.211416,-0.360895,-0.295890,0.183497,-0.390995,-0.271829,0.206943,-0.410104,-0.222253,0.234616,-0.400754,-0.270278
2026-07-20 14:35:36.400,247.599765,0.000000,0.000000,0.000000,0.309157,-0.377496,-0.297146,0.113327,-0.341290,-0.293222,0.211242,-0.359393,-0.295184,0.183437,-0.388626,-0.270179,0.206271,-0.406565,-0.220367,0.234286,-0.399205,-0.269605
2026-07-20 14:35:36.500,247.699765,0.000000,0.000000,0.000000,0.309205,-0.378999,-0.297624,0.113564,-0.340787,-0.293517,0.211384,-0.359893,-0.295571,0.183671,-0.389156,-0.270534,0.206121,-0.409159,-0.220187,0.234584,-0.399752,-0.269959
2026-07-20 14:35:36.600,247.799765,0.000000,0.000000,0.000000,0.309396,-0.385011,-0.299538,0.113680,-0.347943,-0.294643,0.211538,-0.366477,-0.297091,0.183676,-0.396141,-0.272571,0.205268,-0.415913,-0.222236,0.233688,-0.406504,-0.271943
2026-07-20 14:35:36.700,247.899765,0.000000,0.000000,0.000000,0.309662,-0.382066,-0.298815,0.113711,-0.344936,-0.293912,0.211687,-0.363501,-0.296364,0.184446,-0.394352,-0.271987,0.205224,-0.414044,-0.220752,0.234961,-0.402803,-0.271111
2026-07-20 14:35:36.800,247.999764,0.000000,0.000000,0.000000,0.309269,-0.381003,-0.298262,0.113647,-0.342932,-0.293275,0.211458,-0.361967,-0.295768,0.183529,-0.391997,-0.272148,0.205180,-0.412176,-0.219268,0.233810,-0.401540,-0.270543
2026-07-20 14:35:36.900,248.099764,0.000000,0.000000,0.000000,0.309567,-0.379060,-0.297858,0.113615,-0.341930,-0.292956,0.211591,-0.360495,-0.295407,0.183517,-0.391131,-0.270977,0.204106,-0.411916,-0.219088,0.234866,-0.399797,-0.270154
2026-07-20 14:35:37.000,248.199764,0.000000,0.000000,0.000000,0.309491,-0.388017,-0.300495,0.113870,-0.349945,-0.295507,0.211681,-0.368981,-0.298001,0.183958,-0.398173,-0.273404,0.204595,-0.419111,-0.220602,0.234870,-0.408769,-0.272830
2026-07-20 14:35:37.100,248.299764,0.000000,0.000000,0.000000,0.309330,-0.399950,-0.282141,0.113927,-0.360493,-0.280402,0.211629,-0.380222,-0.281271,0.183503,-0.408089,-0.256574,0.203372,-0.428094,-0.201217,0.234350,-0.419068,-0.254268
2026-07-20 14:35:37.200,248.399764,0.000000,0.000000,0.000000,0.309960,-0.380123,-0.298411,0.113679,-0.343934,-0.293593,0.211820,-0.362028,-0.296002,0.183561,-0.392999,-0.272467,0.203382,-0.413977,-0.217983,0.234679,-0.402758,-0.270916
2026-07-20 14:35:37.300,248.499764,0.000000,0.000000,0.000000,0.309758,-0.385072,-0.299772,0.113617,-0.349947,-0.295055,0.211687,-0.367510,-0.297413,0.183688,-0.397007,-0.273743,0.203529,-0.418120,-0.218413,0.234807,-0.406765,-0.272192
2026-07-20 14:35:37.400,248.599764,0.000000,0.000000,0.000000,0.309269,-0.381003,-0.298262,0.113742,-0.341929,-0.293182,0.211505,-0.361466,-0.295722,0.183529,-0.391997,-0.272148,0.203583,-0.412154,-0.216624,0.234648,-0.401756,-0.270597
2026-07-20 14:35:37.500,248.699764,0.000000,0.000000,0.000000,0.310207,-0.383233,-0.298956,0.113806,-0.343933,-0.293820,0.212006,-0.363583,-0.296388,0.183592,-0.394001,-0.272786,0.203433,-0.415114,-0.217457,0.234961,-0.402803,-0.271111
2026-07-20 14:35:37.600,248.799764,0.000000,0.000000,0.000000,0.324139,-0.381461,-0.295071,0.126977,-0.349731,-0.291317,0.225558,-0.365596,-0.293194,0.197045,-0.397468,-0.269145,0.217148,-0.416534,-0.213254,0.248395,-0.405810,-0.267058
2026-07-20 14:35:37.700,248.899764,0.000000,0.000000,0.000000,0.304842,-0.410472,-0.267336,0.110045,-0.368140,-0.266534,0.207443,-0.389306,-0.266935,0.177765,-0.416650,-0.241886,0.196599,-0.434195,-0.183218,0.228920,-0.426448,-0.238110
2026-07-20 14:35:37.800,248.999763,0.000000,0.000000,0.000000,0.320564,-0.388705,-0.280119,0.123880,-0.355793,-0.279078,0.222222,-0.372249,-0.279599,0.193530,-0.401627,-0.254159,0.213240,-0.419243,-0.196770,0.245014,-0.409467,-0.251522
2026-07-20 14:35:37.900,249.099763,0.000000,0.000000,0.000000,0.320354,-0.384651,-0.279011,0.123593,-0.352746,-0.278021,0.221973,-0.368699,-0.278516,0.192482,-0.397370,-0.253017,0.213030,-0.415189,-0.195662,0.244804,-0.405413,-0.250414
2026-07-20 14:35:38.000,249.199763,0.000000,0.000000,0.000000,0.320930,-0.388769,-0.280347,0.124088,-0.354792,-0.279253,0.222509,-0.371781,-0.279800,0.192745,-0.402438,-0.254402,0.213098,-0.421223,-0.197206,0.245067,-0.410480,-0.251799
2026-07-20 14:35:38.100,249.299763,0.000000,0.000000,0.000000,0.310390,-0.378141,-0.298491,0.114541,-0.340147,-0.292599,0.212465,-0.359144,-0.295545,0.182632,-0.389778,-0.271457,0.203345,-0.411376,-0.214491,0.235422,-0.399968,-0.270013
2026-07-20 14:35:38.200,249.399763,0.000000,0.000000,0.000000,0.323519,-0.371423,-0.291984,0.125423,-0.340500,-0.288268,0.224471,-0.355962,-0.290126,0.195428,-0.388218,-0.266128,0.215542,-0.407520,-0.208617,0.248731,-0.395485,-0.263957
2026-07-20 14:35:38.300,249.499763,0.000000,0.000000,0.000000,0.323767,-0.375438,-0.293219,0.125604,-0.345521,-0.289586,0.224686,-0.360480,-0.291402,0.195676,-0.392233,-0.267363,0.215882,-0.411054,-0.209757,0.248867,-0.399981,-0.265250
2026-07-20 14:35:38.400,249.599763,0.000000,0.000000,0.000000,0.310528,-0.399137,-0.283032,0.113927,-0.360493,-0.280402,0.212228,-0.379815,-0.281717,0.181456,-0.409599,-0.256666,0.201756,-0.427953,-0.198593,0.235444,-0.418332,-0.254219
2026-07-20 14:35:38.500,249.699763,0.000000,0.000000,0.000000,0.323158,-0.377339,-0.293374,0.125671,-0.344515,-0.289503,0.224414,-0.360927,-0.291438,0.194837,-0.392040,-0.267319,0.215805,-0.411662,-0.209005,0.249091,-0.399018,-0.265133
2026-07-20 14:35:38.600,249.799763,0.000000,0.000000,0.000000,0.310333,-0.392035,-0.281088,0.113732,-0.353392,-0.278458,0.212033,-0.372714,-0.279773,0.181071,-0.403475,-0.254806,0.201573,-0.420952,-0.195799,0.235829,-0.412414,-0.252399
2026-07-20 14:35:38.700,249.899763,0.000000,0.000000,0.000000,0.310920,-0.400224,-0.283540,0.114083,-0.361517,-0.280905,0.212502,-0.380870,-0.282223,0.181322,-0.412605,-0.257305,0.201823,-0.430082,-0.198298,0.236080,-0.421544,-0.254898
2026-07-20 14:35:38.800,249.999763,0.000000,0.000000,0.000000,0.310191,-0.400078,-0.283080,0.113827,-0.361499,-0.280453,0.212009,-0.380788,-0.281767,0.181266,-0.410576,-0.256750,0.201985,-0.427092,-0.197583,0.236024,-0.419515,-0.254343
2026-07-20 14:35:38.900,250.099762,0.000000,0.000000,0.000000,0.310361,-0.393050,-0.281366,0.113760,-0.354407,-0.278735,0.212060,-0.373728,-0.280051,0.181099,-0.404489,-0.255084,0.201600,-0.421966,-0.196076,0.235857,-0.413428,-0.252677
2026-07-20 14:35:39.000,250.199762,0.000000,0.000000,0.000000,0.310641,-0.390079,-0.280763,0.113704,-0.352378,-0.278180,0.212173,-0.371229,-0.279472,0.181043,-0.402461,-0.254528,0.201545,-0.419937,-0.195521,0.235801,-0.411399,-0.252121
2026-07-20 14:35:39.100,250.299762,0.000000,0.000000,0.000000,0.310444,-0.396093,-0.282199,0.114603,-0.358685,-0.279659,0.212523,-0.377389,-0.280929,0.181182,-0.407533,-0.255917,0.200859,-0.424789,-0.196873,0.235683,-0.417430,-0.253596
2026-07-20 14:35:39.200,250.399762,0.000000,0.000000,0.000000,0.323308,-0.373879,-0.292524,0.126451,-0.341199,-0.288693,0.224879,-0.357539,-0.290609,0.194526,-0.390511,-0.266662,0.214818,-0.408961,-0.208190,0.249331,-0.398629,-0.264639
2026-07-20 14:35:39.300,250.499762,0.000000,0.000000,0.000000,0.320983,-0.389783,-0.280624,0.124063,-0.356813,-0.279581,0.222523,-0.373298,-0.280102,0.190791,-0.405009,-0.254779,0.211512,-0.422034,-0.195714,0.246571,-0.412866,-0.252234
2026-07-20 14:35:39.400,250.599762,0.000000,0.000000,0.000000,0.323705,-0.374435,-0.292910,0.126527,-0.342573,-0.290039,0.225116,-0.358504,-0.291475,0.193781,-0.391824,-0.267081,0.214911,-0.410467,-0.208653,0.249424,-0.400135,-0.265102
2026-07-20 14:35:39.500,250.699762,0.000000,0.000000,0.000000,0.323091,-0.370366,-0.291444,0.126218,-0.337554,-0.288496,0.224654,-0.353960,-0.289970,0.193471,-0.386805,-0.265537,0.214785,-0.404486,-0.206919,0.249339,-0.394153,-0.263442
2026-07-20 14:35:39.600,250.799762,0.000000,0.000000,0.000000,0.310136,-0.398049,-0.282525,0.114720,-0.358590,-0.280771,0.212428,-0.378320,-0.281648,0.180380,-0.408326,-0.256157,0.200887,-0.425804,-0.197150,0.235711,-0.418444,-0.253874
2026-07-20 14:35:39.700,250.899762,0.000000,0.000000,0.000000,0.320721,-0.391745,-0.280950,0.124038,-0.358833,-0.279909,0.222380,-0.375289,-0.280430,0.190843,-0.406023,-0.255056,0.211661,-0.422565,-0.195910,0.246623,-0.413879,-0.252511
2026-07-20 14:35:39.800,250.999762,0.000000,0.000000,0.000000,0.305165,-0.407488,-0.266828,0.110010,-0.366018,-0.266934,0.207588,-0.386753,-0.266881,0.174852,-0.415923,-0.240561,0.194122,-0.431594,-0.180941,0.230019,-0.426790,-0.237790
2026-07-20 14:35:39.900,251.099761,0.000000,0.000000,0.000000,0.320825,-0.386742,-0.279793,0.123905,-0.353772,-0.278750,0.222365,-0.370257,-0.279271,0.190633,-0.401969,-0.253948,0.210332,-0.419759,-0.195010,0.246296,-0.410307,-0.251446
2026-07-20 14:35:40.000,251.199761,0.000000,0.000000,0.000000,0.323524,-0.377392,-0.293605,0.126584,-0.345586,-0.290739,0.225054,-0.361489,-0.292172,0.193905,-0.393832,-0.267698,0.214203,-0.412283,-0.209227,0.249548,-0.402142,-0.265719
2026-07-20 14:35:40.100,251.299761,0.000000,0.000000,0.000000,0.320459,-0.386678,-0.279565,0.123853,-0.352759,-0.278473,0.222156,-0.369718,-0.279019,0.190581,-0.400955,-0.253671,0.210472,-0.417780,-0.194571,0.246126,-0.409776,-0.251213
2026-07-20 14:35:40.200,251.399761,0.000000,0.000000,0.000000,0.320144,-0.387627,-0.279614,0.124020,-0.350849,-0.277482,0.222082,-0.369238,-0.278548,0.190581,-0.400955,-0.253671,0.210472,-0.417780,-0.194571,0.246126,-0.409776,-0.251213
2026-07-20 14:35:40.300,251.499761,0.000000,0.000000,0.000000,0.310277,-0.390007,-0.280533,0.114525,-0.351489,-0.278827,0.212401,-0.370748,-0.279680,0.180185,-0.401224,-0.254213,0.199866,-0.418482,-0.195169,0.235516,-0.411343,-0.251930
2026-07-20 14:35:40.400,251.599761,0.000000,0.000000,0.000000,0.323215,-0.372374,-0.292061,0.126290,-0.340699,-0.288313,0.224753,-0.356536,-0.290187,0.193595,-0.388813,-0.266155,0.213893,-0.407265,-0.207683,0.249013,-0.398087,-0.264292
2026-07-20 14:35:40.500,251.699761,0.000000,0.000000,0.000000,0.320302,-0.390667,-0.280445,0.123944,-0.356910,-0.278470,0.222123,-0.373789,-0.279458,0.190738,-0.403996,-0.254502,0.210437,-0.421786,-0.195564,0.246284,-0.412817,-0.252044
2026-07-20 14:35:40.600,251.799761,0.000000,0.000000,0.000000,0.320774,-0.392759,-0.281227,0.123238,-0.359742,-0.279265,0.222006,-0.376250,-0.280246,0.190896,-0.407036,-0.255333,0.209956,-0.423660,-0.196199,0.246441,-0.415857,-0.252875
2026-07-20 14:35:40.700,251.899761,0.000000,0.000000,0.000000,0.320669,-0.390732,-0.280673,0.124075,-0.356917,-0.278695,0.222372,-0.373824,-0.279684,0.190791,-0.405009,-0.254779,0.209851,-0.421633,-0.195645,0.246336,-0.413830,-0.252321
2026-07-20 14:35:40.800,251.999761,0.000000,0.000000,0.000000,0.320406,-0.385664,-0.279288,0.123812,-0.351849,-0.277310,0.222109,-0.368757,-0.278299,0.190528,-0.399942,-0.253393,0.209589,-0.416565,-0.194260,0.246074,-0.408763,-0.250936
2026-07-20 14:35:40.900,252.099761,0.000000,0.000000,0.000000,0.320512,-0.394721,-0.281553,0.123367,-0.359748,-0.279490,0.221940,-0.377235,-0.280522,0.190948,-0.408050,-0.255610,0.210009,-0.424673,-0.196476,0.246494,-0.416871,-0.253152
2026-07-20 14:35:41.000,252.199760,0.000000,0.000000,0.000000,0.310528,-0.399137,-0.283032,0.114889,-0.359718,-0.280389,0.212708,-0.379427,-0.281711,0.180435,-0.410354,-0.256713,0.199078,-0.428354,-0.197791,0.235766,-0.420473,-0.254429
2026-07-20 14:35:41.100,252.299760,0.000000,0.000000,0.000000,0.324077,-0.380457,-0.294762,0.125914,-0.350539,-0.291130,0.224995,-0.365498,-0.292946,0.194153,-0.397847,-0.268933,0.213437,-0.417071,-0.210608,0.249796,-0.406157,-0.266954
2026-07-20 14:35:41.200,252.399760,0.000000,0.000000,0.000000,0.323586,-0.378396,-0.293914,0.126595,-0.347727,-0.290249,0.225090,-0.363062,-0.292082,0.193129,-0.394643,-0.267963,0.213251,-0.414059,-0.209682,0.249610,-0.403146,-0.266028
2026-07-20 14:35:41.300,252.499760,0.000000,0.000000,0.000000,0.323524,-0.377392,-0.293605,0.126600,-0.345717,-0.289857,0.225062,-0.361555,-0.291731,0.193067,-0.393639,-0.267654,0.213204,-0.413182,-0.208528,0.249548,-0.402142,-0.265719
2026-07-20 14:35:41.400,252.599760,0.000000,0.000000,0.000000,0.320930,-0.388769,-0.280347,0.123944,-0.356910,-0.278470,0.222437,-0.372840,-0.279409,0.189903,-0.403794,-0.254467,0.209810,-0.420719,-0.194518,0.246284,-0.412817,-0.252044
2026-07-20 14:35:41.500,252.699760,0.000000,0.000000,0.000000,0.323158,-0.377339,-0.293374,0.126471,-0.345719,-0.289632,0.224814,-0.361529,-0.291503,0.193005,-0.392636,-0.267345,0.213142,-0.412178,-0.208219,0.249486,-0.401139,-0.265411
2026-07-20 14:35:41.600,252.799760,0.000000,0.000000,0.000000,0.323463,-0.376389,-0.293296,0.126606,-0.343708,-0.289465,0.225034,-0.360048,-0.291380,0.192851,-0.393616,-0.267460,0.213324,-0.411215,-0.208028,0.249261,-0.402102,-0.265527
2026-07-20 14:35:41.700,252.899760,0.000000,0.000000,0.000000,0.323406,-0.381354,-0.294609,0.126770,-0.348597,-0.291666,0.225088,-0.364976,-0.293137,0.193253,-0.396651,-0.268580,0.213572,-0.415230,-0.209263,0.249734,-0.405154,-0.266646
2026-07-20 14:35:41.800,252.999760,0.000000,0.000000,0.000000,0.323215,-0.372374,-0.292061,0.125423,-0.340500,-0.288268,0.224319,-0.356437,-0.290165,0.192758,-0.388621,-0.266111,0.212895,-0.408163,-0.206984,0.249238,-0.397124,-0.264176
2026-07-20 14:35:41.900,253.099760,0.000000,0.000000,0.000000,0.323277,-0.373377,-0.292370,0.126420,-0.340697,-0.288538,0.224848,-0.357037,-0.290454,0.192820,-0.389624,-0.266419,0.212125,-0.408976,-0.207249,0.249075,-0.399091,-0.264601
2026-07-20 14:35:42.000,253.199759,0.000000,0.000000,0.000000,0.323705,-0.374435,-0.292910,0.126476,-0.343710,-0.289240,0.225091,-0.359072,-0.291075,0.192944,-0.391632,-0.267037,0.213262,-0.410211,-0.207719,0.249424,-0.400135,-0.265102
2026-07-20 14:35:42.100,253.299759,0.000000,0.000000,0.000000,0.323277,-0.373377,-0.292370,0.126285,-0.342708,-0.288706,0.224781,-0.358043,-0.290538,0.192820,-0.389624,-0.266419,0.212957,-0.409167,-0.207293,0.249300,-0.398127,-0.264484
2026-07-20 14:35:42.200,253.399759,0.000000,0.000000,0.000000,0.323463,-0.376389,-0.293296,0.126606,-0.343708,-0.289465,0.225034,-0.360048,-0.291380,0.193005,-0.392636,-0.267345,0.212492,-0.411024,-0.207984,0.249486,-0.401139,-0.265411
2026-07-20 14:35:42.300,253.499759,0.000000,0.000000,0.000000,0.305206,-0.410558,-0.267561,0.110058,-0.369164,-0.266778,0.207632,-0.389861,-0.267170,0.174065,-0.418758,-0.241266,0.192299,-0.435232,-0.180897,0.229788,-0.430816,-0.238580
2026-07-20 14:35:42.400,253.599759,0.000000,0.000000,0.000000,0.323339,-0.374381,-0.292679,0.126414,-0.342706,-0.288931,0.224876,-0.358544,-0.290805,0.192882,-0.390628,-0.266728,0.212187,-0.409980,-0.207558,0.249362,-0.399131,-0.264793
2026-07-20 14:35:42.500,253.699759,0.000000,0.000000,0.000000,0.320616,-0.389718,-0.280396,0.123944,-0.356910,-0.278470,0.222280,-0.373314,-0.279433,0.189903,-0.403794,-0.254467,0.208991,-0.420618,-0.193633,0.246284,-0.412817,-0.252044
2026-07-20 14:35:42.600,253.799759,0.000000,0.000000,0.000000,0.320459,-0.386678,-0.279565,0.123865,-0.352863,-0.277587,0.222162,-0.369770,-0.278576,0.189745,-0.400753,-0.253636,0.208833,-0.417578,-0.192802,0.246126,-0.409776,-0.251213
2026-07-20 14:35:42.700,253.899759,0.000000,0.000000,0.000000,0.323096,-0.376335,-0.293065,0.126476,-0.343710,-0.289240,0.224786,-0.360023,-0.291152,0.192944,-0.391632,-0.267037,0.212445,-0.410147,-0.206829,0.249199,-0.401098,-0.265219
2026-07-20 14:35:42.800,253.999759,0.000000,0.000000,0.000000,0.323581,-0.372427,-0.292292,0.125485,-0.341503,-0.288576,0.224533,-0.356965,-0.290434,0.192820,-0.389624,-0.266419,0.212306,-0.408013,-0.207058,0.249300,-0.398127,-0.264484
2026-07-20 14:35:42.900,254.099759,0.000000,0.000000,0.000000,0.323086,-0.364397,-0.289822,0.125773,-0.334547,-0.287117,0.224430,-0.349472,-0.288470,0.192324,-0.381594,-0.263949,0.211811,-0.399983,-0.204588,0.248580,-0.391061,-0.262131
2026-07-20 14:35:43.000,254.199759,0.000000,0.000000,0.000000,0.320825,-0.386742,-0.279793,0.123917,-0.353876,-0.277864,0.222371,-0.370309,-0.278828,0.190633,-0.401969,-0.253948,0.208886,-0.418591,-0.193079,0.246179,-0.410790,-0.251490
2026-07-20 14:35:43.100,254.299758,0.000000,0.000000,0.000000,0.323463,-0.376389,-0.293296,0.126522,-0.344582,-0.290431,0.224992,-0.360485,-0.291863,0.193005,-0.392636,-0.267345,0.212492,-0.411024,-0.207984,0.249486,-0.401139,-0.265411
2026-07-20 14:35:43.200,254.399758,0.000000,0.000000,0.000000,0.321035,-0.390796,-0.280901,0.124127,-0.357930,-0.278972,0.222581,-0.374363,-0.279936,0.190008,-0.405821,-0.255021,0.209085,-0.422545,-0.195037,0.246154,-0.415808,-0.252685
2026-07-20 14:35:43.300,254.499758,0.000000,0.000000,0.000000,0.323277,-0.373377,-0.292370,0.126420,-0.340697,-0.288538,0.224848,-0.357037,-0.290454,0.192820,-0.389624,-0.266419,0.212125,-0.408976,-0.207249,0.249300,-0.398127,-0.264484
2026-07-20 14:35:43.400,254.599758,0.000000,0.000000,0.000000,0.323096,-0.376335,-0.293065,0.126341,-0.345721,-0.289407,0.224719,-0.361028,-0.291236,0.192944,-0.391632,-0.267037,0.212249,-0.410984,-0.207867,0.249199,-0.401098,-0.265219
2026-07-20 14:35:43.500,254.699758,0.000000,0.000000,0.000000,0.323034,-0.375332,-0.292756,0.126331,-0.343581,-0.289896,0.224682,-0.359456,-0.291326,0.192882,-0.390628,-0.266728,0.212368,-0.409017,-0.207366,0.249137,-0.400095,-0.264910
2026-07-20 14:35:43.600,254.799758,0.000000,0.000000,0.000000,0.320616,-0.389718,-0.280396,0.123080,-0.356701,-0.278434,0.221848,-0.373210,-0.279415,0.189738,-0.404776,-0.254552,0.208980,-0.420518,-0.194483,0.246049,-0.413781,-0.252131
2026-07-20 14:35:43.700,254.899758,0.000000,0.000000,0.000000,0.323463,-0.376389,-0.293296,0.126538,-0.344714,-0.289548,0.225000,-0.360551,-0.291422,0.193005,-0.392636,-0.267345,0.213127,-0.412052,-0.209065,0.249261,-0.402102,-0.265527
2026-07-20 14:35:43.800,254.999758,0.000000,0.000000,0.000000,0.310472,-0.397108,-0.282477,0.113671,-0.360475,-0.279950,0.212072,-0.378791,-0.281213,0.179361,-0.409082,-0.256204,0.199022,-0.426325,-0.197236,0.235711,-0.418444,-0.253874
2026-07-20 14:35:43.900,255.099758,0.000000,0.000000,0.000000,0.320774,-0.392759,-0.281227,0.124180,-0.358944,-0.279249,0.222477,-0.375851,-0.280238,0.189896,-0.407816,-0.255383,0.209765,-0.424626,-0.196360,0.246207,-0.416821,-0.252962
2026-07-20 14:35:44.000,255.199758,0.000000,0.000000,0.000000,0.323282,-0.379347,-0.293991,0.126729,-0.345716,-0.290082,0.225006,-0.362531,-0.292037,0.192975,-0.395624,-0.268078,0.213251,-0.414059,-0.209682,0.249385,-0.404110,-0.266145
2026-07-20 14:35:44.100,255.299757,0.000000,0.000000,0.000000,0.323463,-0.376389,-0.293296,0.126538,-0.344714,-0.289548,0.225000,-0.360551,-0.291422,0.192851,-0.393616,-0.267460,0.212930,-0.412889,-0.210100,0.250103,-0.402295,-0.265572
2026-07-20 14:35:44.200,255.399757,0.000000,0.000000,0.000000,0.322792,-0.377286,-0.293143,0.125542,-0.344517,-0.289278,0.224167,-0.360901,-0.291210,0.192789,-0.392612,-0.267152,0.212868,-0.411885,-0.209791,0.249424,-0.400135,-0.265102
2026-07-20 14:35:44.300,255.499757,0.000000,0.000000,0.000000,0.322972,-0.374328,-0.292448,0.126352,-0.341703,-0.288622,0.224662,-0.358015,-0.290535,0.192649,-0.390478,-0.267385,0.212926,-0.408915,-0.208984,0.249075,-0.399091,-0.264601
2026-07-20 14:35:44.400,255.599757,0.000000,0.000000,0.000000,0.323401,-0.375385,-0.292987,0.126476,-0.343710,-0.289240,0.224938,-0.359547,-0.291114,0.191937,-0.392293,-0.267958,0.213065,-0.411048,-0.208756,0.249424,-0.400135,-0.265102
2026-07-20 14:35:44.500,255.699757,0.000000,0.000000,0.000000,0.323339,-0.374381,-0.292679,0.126465,-0.341569,-0.289731,0.224902,-0.357975,-0.291205,0.192711,-0.391482,-0.267694,0.211991,-0.410817,-0.208594,0.250205,-0.399325,-0.264838
2026-07-20 14:35:44.600,255.799757,0.000000,0.000000,0.000000,0.323463,-0.376389,-0.293296,0.126522,-0.344582,-0.290431,0.224992,-0.360485,-0.291863,0.192851,-0.393616,-0.267460,0.212296,-0.411861,-0.209021,0.249261,-0.402102,-0.265527
2026-07-20 14:35:44.700,255.899757,0.000000,0.000000,0.000000,0.323648,-0.379400,-0.294222,0.125790,-0.348532,-0.290513,0.224719,-0.363966,-0.292367,0.192185,-0.396308,-0.269193,0.212482,-0.414872,-0.209947,0.250741,-0.403380,-0.266265
2026-07-20 14:35:44.800,255.999757,0.000000,0.000000,0.000000,0.323524,-0.377392,-0.293605,0.126667,-0.344712,-0.289773,0.225096,-0.361052,-0.291689,0.192076,-0.394428,-0.267725,0.212193,-0.413954,-0.208676,0.250165,-0.403299,-0.265880
2026-07-20 14:35:44.900,256.099757,0.000000,0.000000,0.000000,0.323344,-0.380350,-0.294300,0.126724,-0.347725,-0.290475,0.225034,-0.364038,-0.292387,0.193037,-0.396627,-0.268387,0.212497,-0.414999,-0.209102,0.250289,-0.405306,-0.266498
2026-07-20 14:35:45.000,256.199757,0.000000,0.000000,0.000000,0.320616,-0.389718,-0.280396,0.123855,-0.357814,-0.279406,0.222236,-0.373766,-0.279901,0.188893,-0.404473,-0.255371,0.208790,-0.421485,-0.194646,0.246889,-0.413984,-0.252166
2026-07-20 14:35:45.100,256.299757,0.000000,0.000000,0.000000,0.323158,-0.377339,-0.293374,0.125671,-0.344515,-0.289503,0.224414,-0.360927,-0.291438,0.192014,-0.393424,-0.267416,0.212327,-0.412113,-0.207330,0.250329,-0.401332,-0.265455
2026-07-20 14:35:45.200,256.399756,0.000000,0.000000,0.000000,0.320406,-0.385664,-0.279288,0.122947,-0.351640,-0.277274,0.221676,-0.368652,-0.278281,0.189528,-0.400722,-0.253444,0.208591,-0.417531,-0.192689,0.246443,-0.410894,-0.251146
2026-07-20 14:35:45.300,256.499756,0.000000,0.000000,0.000000,0.323091,-0.370366,-0.291444,0.126099,-0.339697,-0.287779,0.224595,-0.355032,-0.289612,0.191796,-0.386421,-0.265449,0.211971,-0.406217,-0.204633,0.249731,-0.396273,-0.263719
2026-07-20 14:35:45.400,256.599756,0.000000,0.000000,0.000000,0.320197,-0.388640,-0.279891,0.123983,-0.352765,-0.278699,0.222090,-0.370703,-0.279295,0.189633,-0.402749,-0.253998,0.208897,-0.418691,-0.192229,0.246784,-0.411957,-0.251612
2026-07-20 14:35:45.500,256.699756,0.000000,0.000000,0.000000,0.320302,-0.390667,-0.280445,0.123157,-0.355694,-0.278382,0.221729,-0.373181,-0.279414,0.189738,-0.404776,-0.254552,0.209013,-0.420818,-0.191933,0.246889,-0.413984,-0.252166
2026-07-20 14:35:45.600,256.799756,0.000000,0.000000,0.000000,0.320879,-0.394786,-0.281781,0.124129,-0.362985,-0.279908,0.222504,-0.378885,-0.280844,0.190001,-0.409843,-0.255937,0.208540,-0.425201,-0.193201,0.247269,-0.418570,-0.253508
2026-07-20 14:35:45.700,256.899756,0.000000,0.000000,0.000000,0.323674,-0.373933,-0.292755,0.125578,-0.343009,-0.289040,0.224626,-0.358471,-0.290898,0.192758,-0.392110,-0.266997,0.211613,-0.409706,-0.204938,0.250236,-0.399826,-0.264992
2026-07-20 14:35:45.800,256.999756,0.000000,0.000000,0.000000,0.323401,-0.375385,-0.292987,0.126460,-0.343578,-0.290122,0.224930,-0.359482,-0.291555,0.192789,-0.392612,-0.267152,0.211660,-0.410335,-0.204246,0.250041,-0.401292,-0.265263
2026-07-20 14:35:45.900,257.099756,0.000000,0.000000,0.000000,0.320406,-0.385664,-0.279288,0.123734,-0.352857,-0.277362,0.222070,-0.369260,-0.278325,0.189528,-0.400722,-0.253444,0.207984,-0.416663,-0.189941,0.246914,-0.408966,-0.250971
2026-07-20 14:35:46.000,257.199756,0.000000,0.000000,0.000000,0.323215,-0.372374,-0.292061,0.126290,-0.340699,-0.288313,0.224753,-0.356536,-0.290187,0.192758,-0.388621,-0.266111,0.211490,-0.407450,-0.202473,0.249855,-0.398280,-0.264337
2026-07-20 14:35:46.100,257.299756,0.000000,0.000000,0.000000,0.323220,-0.378343,-0.293683,0.126600,-0.345717,-0.289857,0.224910,-0.362030,-0.291770,0.192913,-0.394620,-0.267769,0.210967,-0.412277,-0.203973,0.250165,-0.403299,-0.265880
2026-07-20 14:35:46.200,257.399755,0.000000,0.000000,0.000000,0.310528,-0.399137,-0.283032,0.114889,-0.359718,-0.280389,0.212708,-0.379427,-0.281711,0.179417,-0.411111,-0.256759,0.196885,-0.427330,-0.192420,0.236344,-0.421655,-0.254553
2026-07-20 14:35:46.300,257.499755,0.000000,0.000000,0.000000,0.323153,-0.371370,-0.291753,0.125361,-0.339496,-0.287959,0.224257,-0.355433,-0.289856,0.192696,-0.387617,-0.265802,0.210595,-0.406255,-0.202121,0.249906,-0.396795,-0.263970
2026-07-20 14:35:46.400,257.599755,0.000000,0.000000,0.000000,0.310781,-0.395152,-0.282152,0.114704,-0.357680,-0.279607,0.212742,-0.376416,-0.280879,0.179521,-0.407089,-0.255842,0.196591,-0.425249,-0.191754,0.236519,-0.417653,-0.253633
2026-07-20 14:35:46.500,257.699755,0.000000,0.000000,0.000000,0.320564,-0.388705,-0.280119,0.123028,-0.355688,-0.278157,0.221796,-0.372196,-0.279138,0.189015,-0.402578,-0.254155,0.206503,-0.419502,-0.189003,0.246836,-0.412971,-0.251889
2026-07-20 14:35:46.600,257.799755,0.000000,0.000000,0.000000,0.322972,-0.374328,-0.292448,0.126352,-0.341703,-0.288622,0.224662,-0.358015,-0.290535,0.191829,-0.390413,-0.266490,0.209903,-0.408198,-0.201848,0.249917,-0.399284,-0.264645
2026-07-20 14:35:46.700,257.899755,0.000000,0.000000,0.000000,0.323767,-0.375438,-0.293219,0.126606,-0.343708,-0.289465,0.225186,-0.359573,-0.291342,0.192168,-0.392443,-0.267301,0.209080,-0.411981,-0.202929,0.250103,-0.402295,-0.265572
2026-07-20 14:35:46.800,257.999755,0.000000,0.000000,0.000000,0.323463,-0.376389,-0.293296,0.125671,-0.344515,-0.289503,0.224567,-0.360452,-0.291399,0.192014,-0.393424,-0.267416,0.209064,-0.411855,-0.203774,0.250329,-0.401332,-0.265455
2026-07-20 14:35:46.900,258.099755,0.000000,0.000000,0.000000,0.323153,-0.371370,-0.291753,0.126296,-0.338689,-0.287921,0.224724,-0.355030,-0.289837,0.191858,-0.387425,-0.265758,0.208947,-0.405999,-0.201187,0.250019,-0.396313,-0.263911
2026-07-20 14:35:47.000,258.199755,0.000000,0.000000,0.000000,0.320720,-0.384715,-0.279239,0.123812,-0.351849,-0.277310,0.222266,-0.368282,-0.278274,0.188694,-0.400520,-0.253409,0.204685,-0.416059,-0.188103,0.246679,-0.409930,-0.251058
2026-07-20 14:35:47.100,258.299755,0.000000,0.000000,0.000000,0.323829,-0.376442,-0.293527,0.125799,-0.344513,-0.289728,0.224814,-0.360477,-0.291628,0.192076,-0.394428,-0.267725,0.208486,-0.411831,-0.202995,0.249939,-0.404262,-0.265997
2026-07-20 14:35:47.200,258.399755,0.000000,0.000000,0.000000,0.323220,-0.378343,-0.293683,0.126533,-0.346723,-0.289941,0.224876,-0.362533,-0.291812,0.191923,-0.395409,-0.267840,0.207654,-0.411640,-0.202952,0.250052,-0.403781,-0.265939
2026-07-20 14:35:47.300,258.499754,0.000000,0.000000,0.000000,0.310641,-0.390079,-0.280763,0.114463,-0.353612,-0.278270,0.212552,-0.371846,-0.279517,0.178365,-0.402774,-0.254500,0.193166,-0.419396,-0.189368,0.236132,-0.413640,-0.251471
2026-07-20 14:35:47.400,258.599754,0.000000,0.000000,0.000000,0.323524,-0.377392,-0.293605,0.126533,-0.346723,-0.289941,0.225029,-0.362058,-0.291773,0.192076,-0.394428,-0.267725,0.207654,-0.411640,-0.202952,0.249954,-0.404390,-0.265142
2026-07-20 14:35:47.500,258.699754,0.000000,0.000000,0.000000,0.323344,-0.380350,-0.294300,0.125856,-0.347526,-0.290429,0.224600,-0.363938,-0.292364,0.192200,-0.396435,-0.268343,0.206945,-0.413456,-0.203525,0.250304,-0.405434,-0.265642
2026-07-20 14:35:47.600,258.799754,0.000000,0.000000,0.000000,0.320406,-0.385664,-0.279288,0.122947,-0.351640,-0.277274,0.221676,-0.368652,-0.278281,0.188694,-0.400520,-0.253409,0.203024,-0.415658,-0.188034,0.246926,-0.409067,-0.250110
2026-07-20 14:35:47.700,258.899754,0.000000,0.000000,0.000000,0.320511,-0.387691,-0.279842,0.123917,-0.353876,-0.277864,0.222214,-0.370784,-0.278853,0.188799,-0.402547,-0.253963,0.203129,-0.417685,-0.188588,0.246795,-0.412058,-0.250753
2026-07-20 14:35:47.800,258.999754,0.000000,0.000000,0.000000,0.323153,-0.371370,-0.291753,0.125361,-0.339496,-0.287959,0.224257,-0.355433,-0.289856,0.191874,-0.387552,-0.264906,0.206277,-0.406390,-0.201254,0.250035,-0.396441,-0.263054
2026-07-20 14:35:47.900,259.099754,0.000000,0.000000,0.000000,0.323648,-0.379400,-0.294222,0.125790,-0.348532,-0.290513,0.224719,-0.363966,-0.292367,0.192216,-0.396562,-0.267492,0.207119,-0.412492,-0.203327,0.250530,-0.404471,-0.265524
2026-07-20 14:35:48.000,259.199754,0.000000,0.000000,0.000000,0.320930,-0.388769,-0.280347,0.123080,-0.356701,-0.278434,0.222005,-0.372735,-0.279391,0.189078,-0.403692,-0.253577,0.203223,-0.419612,-0.189992,0.247125,-0.413020,-0.252079
2026-07-20 14:35:48.100,259.299754,0.000000,0.000000,0.000000,0.323153,-0.371370,-0.291753,0.126228,-0.339695,-0.288005,0.224691,-0.355533,-0.289879,0.191874,-0.387552,-0.264906,0.206434,-0.405300,-0.201902,0.249080,-0.396729,-0.263069
2026-07-20 14:35:48.200,259.399754,0.000000,0.000000,0.000000,0.323339,-0.374381,-0.292679,0.126414,-0.342706,-0.288931,0.224876,-0.358544,-0.290805,0.192060,-0.390563,-0.265832,0.207437,-0.408376,-0.203718,0.249153,-0.400222,-0.264054
2026-07-20 14:35:48.300,259.499753,0.000000,0.000000,0.000000,0.323891,-0.377446,-0.293836,0.126662,-0.346721,-0.290166,0.225276,-0.362084,-0.292001,0.192292,-0.394451,-0.267919,0.207685,-0.412391,-0.204953,0.249175,-0.405201,-0.265406
2026-07-20 14:35:48.400,259.599753,0.000000,0.000000,0.000000,0.323829,-0.376442,-0.293527,0.125666,-0.346524,-0.289895,0.224748,-0.361483,-0.291711,0.192076,-0.394428,-0.267725,0.208439,-0.411452,-0.205535,0.249339,-0.403234,-0.264980
2026-07-20 14:35:48.500,259.699753,0.000000,0.000000,0.000000,0.323767,-0.375438,-0.293219,0.125671,-0.344515,-0.289503,0.224719,-0.359977,-0.291361,0.192014,-0.393424,-0.267416,0.208362,-0.410322,-0.206072,0.249148,-0.402584,-0.265586
2026-07-20 14:35:48.600,259.799753,0.000000,0.000000,0.000000,0.320354,-0.384651,-0.279011,0.122741,-0.352641,-0.277102,0.221547,-0.368646,-0.278056,0.188641,-0.399506,-0.253132,0.205232,-0.415815,-0.191425,0.245786,-0.408714,-0.250746
2026-07-20 14:35:48.700,259.899753,0.000000,0.000000,0.000000,0.310444,-0.396093,-0.282199,0.113944,-0.356445,-0.279517,0.212194,-0.376269,-0.280858,0.178504,-0.407846,-0.255889,0.195105,-0.423447,-0.194913,0.235168,-0.419347,-0.253768
2026-07-20 14:35:48.800,259.999753,0.000000,0.000000,0.000000,0.323772,-0.381407,-0.294840,0.126915,-0.348727,-0.291008,0.225344,-0.365067,-0.292924,0.192324,-0.398443,-0.268960,0.210128,-0.416434,-0.209588,0.249346,-0.408084,-0.267188
2026-07-20 14:35:48.900,260.099753,0.000000,0.000000,0.000000,0.323277,-0.373377,-0.292370,0.126420,-0.340697,-0.288538,0.224848,-0.357037,-0.290454,0.191829,-0.390413,-0.266490,0.209809,-0.407440,-0.206926,0.248850,-0.400054,-0.264718
2026-07-20 14:35:49.000,260.199753,0.000000,0.000000,0.000000,0.320407,-0.392694,-0.280999,0.123185,-0.358728,-0.278988,0.221796,-0.375711,-0.279994,0.189009,-0.406601,-0.255071,0.207236,-0.423111,-0.195131,0.245919,-0.416772,-0.252773
2026-07-20 14:35:49.100,260.299753,0.000000,0.000000,0.000000,0.323586,-0.378396,-0.293914,0.126662,-0.346721,-0.290166,0.225124,-0.362559,-0.292040,0.192138,-0.395432,-0.268034,0.210757,-0.413487,-0.209551,0.249385,-0.404110,-0.266145
2026-07-20 14:35:49.200,260.399753,0.000000,0.000000,0.000000,0.323401,-0.375385,-0.292987,0.125609,-0.343511,-0.289194,0.224505,-0.359448,-0.291091,0.191953,-0.392420,-0.267108,0.210750,-0.409512,-0.208434,0.248974,-0.402062,-0.265335
2026-07-20 14:35:49.300,260.499753,0.000000,0.000000,0.000000,0.323463,-0.376389,-0.293296,0.126538,-0.344714,-0.289548,0.225000,-0.360551,-0.291422,0.192014,-0.393424,-0.267416,0.210812,-0.410516,-0.208743,0.249036,-0.403066,-0.265644
2026-07-20 14:35:49.400,260.599752,0.000000,0.000000,0.000000,0.323406,-0.381354,-0.294609,0.125852,-0.349536,-0.290821,0.224629,-0.365445,-0.292715,0.192262,-0.397439,-0.268651,0.211892,-0.414722,-0.210022,0.249284,-0.407081,-0.266879
2026-07-20 14:35:49.500,260.699752,0.000000,0.000000,0.000000,0.320355,-0.391681,-0.280722,0.124075,-0.356917,-0.278695,0.222215,-0.374299,-0.279709,0.188956,-0.405587,-0.254794,0.207991,-0.422098,-0.196586,0.245632,-0.416723,-0.252583
2026-07-20 14:35:49.600,260.799752,0.000000,0.000000,0.000000,0.320564,-0.388705,-0.280119,0.123104,-0.354681,-0.278105,0.221834,-0.371693,-0.279112,0.188851,-0.403560,-0.254240,0.207697,-0.421039,-0.196192,0.245762,-0.413732,-0.251942
2026-07-20 14:35:49.700,260.899752,0.000000,0.000000,0.000000,0.320564,-0.388705,-0.280119,0.123970,-0.354890,-0.278141,0.222267,-0.371797,-0.279130,0.189015,-0.402578,-0.254155,0.208715,-0.420272,-0.196067,0.245762,-0.413732,-0.251942
2026-07-20 14:35:49.800,260.999752,0.000000,0.000000,0.000000,0.323401,-0.375385,-0.292987,0.125675,-0.342505,-0.289110,0.224538,-0.358945,-0.291049,0.192106,-0.391440,-0.266993,0.212399,-0.409768,-0.209368,0.248974,-0.402062,-0.265335
2026-07-20 14:35:49.900,261.099752,0.000000,0.000000,0.000000,0.310108,-0.397035,-0.282247,0.113643,-0.359461,-0.279672,0.211875,-0.378248,-0.280959,0.179334,-0.408067,-0.255926,0.198983,-0.425211,-0.197807,0.235168,-0.419347,-0.253768
2026-07-20 14:35:50.000,261.199752,0.000000,0.000000,0.000000,0.320511,-0.387691,-0.279842,0.122975,-0.354674,-0.277880,0.221743,-0.371183,-0.278861,0.189633,-0.402749,-0.253998,0.209492,-0.419459,-0.195824,0.245709,-0.412718,-0.251665
2026-07-20 14:35:50.100,261.299752,0.000000,0.000000,0.000000,0.323463,-0.376389,-0.293296,0.125654,-0.344383,-0.290385,0.224559,-0.360386,-0.291841,0.192851,-0.393616,-0.267460,0.213942,-0.412117,-0.209954,0.249036,-0.403066,-0.265644
2026-07-20 14:35:50.200,261.399752,0.000000,0.000000,0.000000,0.320459,-0.386678,-0.279565,0.122922,-0.353661,-0.277603,0.221691,-0.370169,-0.278584,0.189581,-0.401735,-0.253721,0.211087,-0.418747,-0.196465,0.245657,-0.411705,-0.251388
2026-07-20 14:35:50.300,261.499752,0.000000,0.000000,0.000000,0.320669,-0.390732,-0.280673,0.124152,-0.355910,-0.278642,0.222411,-0.373321,-0.279658,0.189791,-0.405789,-0.254829,0.211104,-0.423767,-0.197732,0.245867,-0.415759,-0.252496
2026-07-20 14:35:50.400,261.599751,0.000000,0.000000,0.000000,0.320406,-0.385664,-0.279288,0.123023,-0.350633,-0.277221,0.221715,-0.368149,-0.278255,0.189528,-0.400722,-0.253444,0.211669,-0.418900,-0.196381,0.245604,-0.410691,-0.251111
2026-07-20 14:35:50.500,261.699751,0.000000,0.000000,0.000000,0.320459,-0.386678,-0.279565,0.123152,-0.350639,-0.277446,0.221805,-0.368658,-0.278506,0.189745,-0.400753,-0.253636,0.211905,-0.418848,-0.197348,0.245657,-0.411705,-0.251388
2026-07-20 14:35:50.600,261.799751,0.000000,0.000000,0.000000,0.322972,-0.374328,-0.292448,0.126217,-0.343714,-0.288789,0.224595,-0.359021,-0.290618,0.192820,-0.389624,-0.266419,0.216033,-0.410388,-0.211036,0.248009,-0.399861,-0.264673
2026-07-20 14:35:50.700,261.899751,0.000000,0.000000,0.000000,0.320250,-0.389654,-0.280168,0.123104,-0.354681,-0.278105,0.221677,-0.372167,-0.279137,0.189686,-0.403762,-0.254275,0.213668,-0.421276,-0.197971,0.244923,-0.413529,-0.251907
2026-07-20 14:35:50.800,261.999751,0.000000,0.000000,0.000000,0.320092,-0.386613,-0.279337,0.123890,-0.350842,-0.277257,0.221991,-0.368728,-0.278297,0.189693,-0.399740,-0.253359,0.213499,-0.418136,-0.197989,0.244532,-0.411453,-0.251163
2026-07-20 14:35:50.900,262.099751,0.000000,0.000000,0.000000,0.320721,-0.391745,-0.280950,0.124205,-0.356923,-0.278919,0.222463,-0.374334,-0.279935,0.190008,-0.405821,-0.255021,0.214644,-0.424417,-0.199685,0.244847,-0.417534,-0.252825
2026-07-20 14:35:51.000,262.199751,0.000000,0.000000,0.000000,0.323648,-0.379400,-0.294222,0.125923,-0.346520,-0.290345,0.224786,-0.362960,-0.292284,0.193873,-0.396819,-0.268431,0.218237,-0.415703,-0.213635,0.248381,-0.405884,-0.266526
2026-07-20 14:35:51.100,262.299751,0.000000,0.000000,0.000000,0.323277,-0.373377,-0.292370,0.125469,-0.341372,-0.289459,0.224373,-0.357375,-0.290914,0.193657,-0.389817,-0.266463,0.218681,-0.409745,-0.212671,0.247785,-0.400825,-0.264790
2026-07-20 14:35:51.200,262.399751,0.000000,0.000000,0.000000,0.320302,-0.390667,-0.280445,0.123222,-0.354582,-0.279217,0.221762,-0.372625,-0.279831,0.190573,-0.404978,-0.254586,0.215357,-0.422491,-0.200015,0.244975,-0.414542,-0.252184
2026-07-20 14:35:51.300,262.499751,0.000000,0.000000,0.000000,0.320355,-0.391681,-0.280722,0.123056,-0.358722,-0.278764,0.221705,-0.375202,-0.279743,0.190791,-0.405009,-0.254779,0.216228,-0.423605,-0.201175,0.244794,-0.416520,-0.252548
2026-07-20 14:35:51.400,262.599751,0.000000,0.000000,0.000000,0.323463,-0.376389,-0.293296,0.126471,-0.345719,-0.289632,0.224967,-0.361054,-0.291464,0.193843,-0.392828,-0.267390,0.219873,-0.411859,-0.214303,0.248195,-0.402873,-0.265600
2026-07-20 14:35:51.500,262.699750,0.000000,0.000000,0.000000,0.321036,-0.397826,-0.282612,0.123500,-0.364809,-0.280650,0.222268,-0.381318,-0.281631,0.191994,-0.412306,-0.256752,0.217625,-0.429935,-0.202994,0.245396,-0.422650,-0.254400
2026-07-20 14:35:51.600,262.799750,0.000000,0.000000,0.000000,0.323586,-0.378396,-0.293914,0.125845,-0.345385,-0.290920,0.224716,-0.361890,-0.292417,0.194804,-0.395028,-0.268051,0.220813,-0.413931,-0.215811,0.248319,-0.404880,-0.266217
2026-07-20 14:35:51.700,262.899750,0.000000,0.000000,0.000000,0.323581,-0.372427,-0.292292,0.125551,-0.340498,-0.288493,0.224566,-0.356462,-0.290393,0.194651,-0.389029,-0.266393,0.221336,-0.409103,-0.214311,0.248009,-0.399861,-0.264673
2026-07-20 14:35:51.800,262.999750,0.000000,0.000000,0.000000,0.323586,-0.378396,-0.293914,0.125662,-0.348534,-0.290287,0.224624,-0.363465,-0.292101,0.194961,-0.394048,-0.267936,0.221630,-0.413996,-0.216701,0.248431,-0.404398,-0.266159
2026-07-20 14:35:51.900,263.099750,0.000000,0.000000,0.000000,0.323463,-0.376389,-0.293296,0.125671,-0.344515,-0.289503,0.224567,-0.360452,-0.291399,0.195676,-0.392233,-0.267363,0.222531,-0.411217,-0.215946,0.248419,-0.401909,-0.265483
2026-07-20 14:35:52.000,263.199750,0.000000,0.000000,0.000000,0.323158,-0.377339,-0.293374,0.126471,-0.345719,-0.289632,0.224814,-0.361529,-0.291503,0.195676,-0.392233,-0.267363,0.222323,-0.412053,-0.216973,0.248179,-0.402745,-0.266455
2026-07-20 14:35:52.100,263.299750,0.000000,0.000000,0.000000,0.323710,-0.380404,-0.294531,0.126853,-0.347723,-0.290700,0.225282,-0.364063,-0.292615,0.195924,-0.396247,-0.268598,0.222764,-0.415106,-0.218028,0.248651,-0.405796,-0.267574
2026-07-20 14:35:52.200,263.399750,0.000000,0.000000,0.000000,0.323220,-0.378343,-0.293683,0.125733,-0.345518,-0.289811,0.224476,-0.361931,-0.291747,0.195738,-0.393236,-0.267672,0.223396,-0.412159,-0.217993,0.248465,-0.402785,-0.266648
2026-07-20 14:35:52.300,263.499750,0.000000,0.000000,0.000000,0.320301,-0.383637,-0.278734,0.122841,-0.349613,-0.276720,0.221571,-0.366625,-0.277727,0.192262,-0.397338,-0.252824,0.219743,-0.414019,-0.202321,0.244275,-0.406228,-0.251173
2026-07-20 14:35:52.400,263.599750,0.000000,0.000000,0.000000,0.320564,-0.388705,-0.280119,0.123104,-0.354681,-0.278105,0.221834,-0.371693,-0.279112,0.192525,-0.402406,-0.254209,0.219791,-0.419952,-0.204706,0.244305,-0.412260,-0.252644
2026-07-20 14:35:52.500,263.699749,0.000000,0.000000,0.000000,0.323339,-0.374381,-0.292679,0.125547,-0.342507,-0.288885,0.224443,-0.358444,-0.290782,0.195552,-0.390225,-0.266745,0.223388,-0.408060,-0.217737,0.247215,-0.400545,-0.265793
2026-07-20 14:35:52.600,263.799749,0.000000,0.000000,0.000000,0.323282,-0.379347,-0.293991,0.125778,-0.346391,-0.291002,0.224530,-0.362869,-0.292497,0.195784,-0.394113,-0.268833,0.224275,-0.413228,-0.219193,0.247685,-0.403596,-0.266912
2026-07-20 14:35:52.700,263.899749,0.000000,0.000000,0.000000,0.305192,-0.409535,-0.267317,0.109303,-0.366892,-0.266485,0.207248,-0.388213,-0.266901,0.176731,-0.417390,-0.241911,0.204159,-0.434608,-0.191877,0.228103,-0.429246,-0.239142
2026-07-20 14:35:52.800,263.999749,0.000000,0.000000,0.000000,0.323277,-0.373377,-0.292370,0.125418,-0.342509,-0.288660,0.224348,-0.357943,-0.290515,0.195474,-0.389094,-0.267290,0.223950,-0.408083,-0.218497,0.247153,-0.399541,-0.265484
2026-07-20 14:35:52.900,264.099749,0.000000,0.000000,0.000000,0.323581,-0.372427,-0.292292,0.125469,-0.341372,-0.289459,0.224525,-0.356899,-0.290876,0.195632,-0.388114,-0.267176,0.223950,-0.408083,-0.218497,0.247822,-0.396648,-0.265138
2026-07-20 14:35:53.000,264.199749,0.000000,0.000000,0.000000,0.320406,-0.385664,-0.279288,0.123100,-0.349625,-0.277169,0.221753,-0.367645,-0.278229,0.192356,-0.399264,-0.254235,0.220454,-0.417012,-0.204761,0.244380,-0.408255,-0.251727
2026-07-20 14:35:53.100,264.299749,0.000000,0.000000,0.000000,0.323463,-0.376389,-0.293296,0.125671,-0.344515,-0.289503,0.224567,-0.360452,-0.291399,0.195660,-0.392105,-0.268216,0.224136,-0.411094,-0.219423,0.247562,-0.401588,-0.266295
2026-07-20 14:35:53.200,264.399749,0.000000,0.000000,0.000000,0.320250,-0.389654,-0.280168,0.123181,-0.353673,-0.278052,0.221715,-0.371664,-0.279110,0.192513,-0.402305,-0.255066,0.220611,-0.420053,-0.205592,0.244538,-0.411295,-0.252558
2026-07-20 14:35:53.300,264.499749,0.000000,0.000000,0.000000,0.323158,-0.377339,-0.293374,0.125671,-0.344515,-0.289503,0.224414,-0.360927,-0.291438,0.196340,-0.393277,-0.268374,0.224120,-0.410968,-0.220271,0.247785,-0.400624,-0.266179
2026-07-20 14:35:53.400,264.599749,0.000000,0.000000,0.000000,0.323158,-0.377339,-0.293374,0.125604,-0.345521,-0.289586,0.224381,-0.361430,-0.291480,0.196499,-0.392298,-0.268260,0.224120,-0.410968,-0.220271,0.247785,-0.400624,-0.266179
2026-07-20 14:35:53.500,264.699749,0.000000,0.000000,0.000000,0.323277,-0.373377,-0.292370,0.125418,-0.342509,-0.288660,0.224348,-0.357943,-0.290515,0.196313,-0.389286,-0.267334,0.223739,-0.408918,-0.219520,0.247822,-0.396648,-0.265138
2026-07-20 14:35:53.600,264.799748,0.000000,0.000000,0.000000,0.323463,-0.376389,-0.293296,0.125737,-0.343509,-0.289419,0.224600,-0.359949,-0.291358,0.195739,-0.391615,-0.268159,0.224120,-0.410968,-0.220271,0.247785,-0.400624,-0.266179
2026-07-20 14:35:53.700,264.899748,0.000000,0.000000,0.000000,0.323586,-0.378396,-0.293914,0.125861,-0.345516,-0.290037,0.224724,-0.361956,-0.291975,0.195942,-0.393133,-0.268720,0.224244,-0.412975,-0.220888,0.247908,-0.402631,-0.266797
2026-07-20 14:35:53.800,264.999748,0.000000,0.000000,0.000000,0.323344,-0.380350,-0.294300,0.125840,-0.347394,-0.291311,0.224592,-0.363872,-0.292806,0.196685,-0.395309,-0.269186,0.224501,-0.413017,-0.221021,0.248193,-0.402671,-0.266990
2026-07-20 14:35:53.900,265.099748,0.000000,0.000000,0.000000,0.323530,-0.383362,-0.295226,0.126910,-0.350736,-0.291401,0.225220,-0.367049,-0.293314,0.196189,-0.397148,-0.269955,0.224297,-0.417952,-0.222299,0.248156,-0.406646,-0.268032
2026-07-20 14:35:54.000,265.199748,0.000000,0.000000,0.000000,0.323829,-0.376442,-0.293527,0.125666,-0.346524,-0.289895,0.224748,-0.361483,-0.291711,0.196561,-0.393301,-0.268569,0.224182,-0.411971,-0.220580,0.247624,-0.402592,-0.266604
2026-07-20 14:35:54.100,265.299748,0.000000,0.000000,0.000000,0.323401,-0.375385,-0.292987,0.125609,-0.343511,-0.289194,0.224505,-0.359448,-0.291091,0.195598,-0.391101,-0.267907,0.224058,-0.409964,-0.219962,0.247500,-0.400584,-0.265986
2026-07-20 14:35:54.200,265.399748,0.000000,0.000000,0.000000,0.309604,-0.391890,-0.280628,0.113777,-0.350358,-0.277851,0.211691,-0.371124,-0.279239,0.182856,-0.400812,-0.255098,0.209021,-0.418648,-0.206482,0.233832,-0.410796,-0.252716
2026-07-20 14:35:54.300,265.499748,0.000000,0.000000,0.000000,0.310155,-0.382088,-0.299532,0.113679,-0.343934,-0.293593,0.211917,-0.363011,-0.296563,0.183355,-0.393836,-0.273441,0.210040,-0.413512,-0.225828,0.234410,-0.403577,-0.271896
2026-07-20 14:35:54.400,265.599748,0.000000,0.000000,0.000000,0.310187,-0.383090,-0.299851,0.113616,-0.345939,-0.294005,0.211902,-0.364514,-0.296928,0.182739,-0.393650,-0.273585,0.210072,-0.414514,-0.226147,0.234191,-0.405536,-0.272338
2026-07-20 14:35:54.500,265.699748,0.000000,0.000000,0.000000,0.323096,-0.376335,-0.293065,0.125675,-0.342505,-0.289110,0.224386,-0.359420,-0.291088,0.196437,-0.391294,-0.267951,0.223419,-0.408810,-0.219743,0.247500,-0.400584,-0.265986
2026-07-20 14:35:54.600,265.799747,0.000000,0.000000,0.000000,0.323158,-0.377339,-0.293374,0.125538,-0.346527,-0.289670,0.224348,-0.361933,-0.291522,0.195818,-0.391125,-0.268102,0.223271,-0.410650,-0.221075,0.248007,-0.399660,-0.266064
2026-07-20 14:35:54.700,265.899747,0.000000,0.000000,0.000000,0.323463,-0.376389,-0.293296,0.125654,-0.344383,-0.290385,0.224559,-0.360386,-0.291841,0.196499,-0.392298,-0.268260,0.222438,-0.410459,-0.221031,0.247785,-0.400624,-0.266179
2026-07-20 14:35:54.800,265.999747,0.000000,0.000000,0.000000,0.310361,-0.393050,-0.281366,0.114722,-0.353631,-0.278722,0.212541,-0.373341,-0.280044,0.182940,-0.403856,-0.255931,0.208266,-0.421371,-0.208129,0.233916,-0.413839,-0.253549
2026-07-20 14:35:54.900,266.099747,0.000000,0.000000,0.000000,0.310028,-0.378080,-0.298256,0.113552,-0.339926,-0.292318,0.211790,-0.359003,-0.295287,0.183227,-0.389829,-0.272165,0.209066,-0.409155,-0.225345,0.234032,-0.400526,-0.270743
2026-07-20 14:35:55.000,266.199747,0.000000,0.000000,0.000000,0.323158,-0.377339,-0.293374,0.125538,-0.346527,-0.289670,0.224348,-0.361933,-0.291522,0.196499,-0.392298,-0.268260,0.222631,-0.409496,-0.220856,0.247785,-0.400624,-0.266179
2026-07-20 14:35:55.100,266.299747,0.000000,0.000000,0.000000,0.323710,-0.380404,-0.294531,0.125985,-0.347524,-0.290654,0.224848,-0.363964,-0.292593,0.196921,-0.395460,-0.268527,0.222686,-0.414474,-0.222266,0.248032,-0.404639,-0.267414
2026-07-20 14:35:55.200,266.399747,0.000000,0.000000,0.000000,0.322417,-0.379278,-0.293049,0.125778,-0.346391,-0.291002,0.224098,-0.362834,-0.292026,0.196797,-0.393453,-0.267910,0.222755,-0.411503,-0.221474,0.247908,-0.402631,-0.266797
2026-07-20 14:35:55.300,266.499747,0.000000,0.000000,0.000000,0.310581,-0.384153,-0.300405,0.113680,-0.347943,-0.294643,0.212131,-0.366048,-0.297524,0.183656,-0.396005,-0.273424,0.209509,-0.415214,-0.227396,0.234755,-0.405627,-0.272730
2026-07-20 14:35:55.400,266.599747,0.000000,0.000000,0.000000,0.310218,-0.384092,-0.300170,0.113743,-0.345938,-0.294231,0.211981,-0.365015,-0.297201,0.183624,-0.395003,-0.273105,0.209478,-0.414212,-0.227077,0.234473,-0.405581,-0.272534
2026-07-20 14:35:55.500,266.699747,0.000000,0.000000,0.000000,0.310444,-0.396093,-0.282199,0.113844,-0.357450,-0.279569,0.212144,-0.376772,-0.280884,0.183227,-0.406023,-0.255824,0.208587,-0.423554,-0.207966,0.233744,-0.417842,-0.254467
2026-07-20 14:35:55.600,266.799747,0.000000,0.000000,0.000000,0.310785,-0.379204,-0.299045,0.113742,-0.341929,-0.293182,0.212263,-0.360566,-0.296113,0.183529,-0.391997,-0.272148,0.209402,-0.411341,-0.225273,0.234128,-0.403532,-0.271700
2026-07-20 14:35:55.700,266.899746,0.000000,0.000000,0.000000,0.323524,-0.377392,-0.293605,0.125733,-0.345518,-0.289811,0.224629,-0.361455,-0.291708,0.196735,-0.392449,-0.267601,0.222516,-0.411589,-0.220492,0.247846,-0.401628,-0.266488
2026-07-20 14:35:55.800,266.999746,0.000000,0.000000,0.000000,0.310528,-0.399137,-0.283032,0.114028,-0.359488,-0.280350,0.212278,-0.379312,-0.281691,0.183503,-0.408089,-0.256574,0.207630,-0.427437,-0.208056,0.234095,-0.420027,-0.254354
2026-07-20 14:35:55.900,267.099746,0.000000,0.000000,0.000000,0.323710,-0.380404,-0.294531,0.125852,-0.349536,-0.290821,0.224781,-0.364970,-0.292676,0.196921,-0.395460,-0.268527,0.222076,-0.413573,-0.220350,0.248048,-0.404767,-0.266557
2026-07-20 14:35:56.000,267.199746,0.000000,0.000000,0.000000,0.310108,-0.397035,-0.282247,0.113944,-0.356445,-0.279517,0.212026,-0.376740,-0.280882,0.183227,-0.406023,-0.255824,0.207783,-0.423533,-0.206224,0.234267,-0.416025,-0.253435
2026-07-20 14:35:56.100,267.299746,0.000000,0.000000,0.000000,0.310454,-0.380145,-0.299129,0.113742,-0.341929,-0.293182,0.212098,-0.361037,-0.296155,0.183529,-0.391997,-0.272148,0.207784,-0.411185,-0.223472,0.234397,-0.402712,-0.270721
2026-07-20 14:35:56.200,267.399746,0.000000,0.000000,0.000000,0.310528,-0.399137,-0.283032,0.114028,-0.359488,-0.280350,0.212278,-0.379312,-0.281691,0.183503,-0.408089,-0.256574,0.207051,-0.426455,-0.206168,0.234095,-0.420027,-0.254354
2026-07-20 14:35:56.300,267.499746,0.000000,0.000000,0.000000,0.310518,-0.382149,-0.299767,0.113806,-0.343933,-0.293820,0.212162,-0.363041,-0.296793,0.183592,-0.394001,-0.272786,0.207038,-0.413110,-0.223210,0.234711,-0.403760,-0.271235
2026-07-20 14:35:56.400,267.599746,0.000000,0.000000,0.000000,0.323091,-0.370366,-0.291444,0.125299,-0.338492,-0.287650,0.224195,-0.354429,-0.289547,0.196302,-0.385423,-0.265440,0.219189,-0.402378,-0.214405,0.247652,-0.393765,-0.263353
2026-07-20 14:35:56.500,267.699746,0.000000,0.000000,0.000000,0.310389,-0.394064,-0.281644,0.113688,-0.356426,-0.279065,0.212038,-0.375245,-0.280354,0.183171,-0.403994,-0.255269,0.205280,-0.421142,-0.203001,0.234211,-0.413996,-0.252879
2026-07-20 14:35:56.600,267.799746,0.000000,0.000000,0.000000,0.323401,-0.375385,-0.292987,0.125609,-0.343511,-0.289194,0.224505,-0.359448,-0.291091,0.197451,-0.390634,-0.267028,0.218491,-0.408295,-0.215236,0.247961,-0.398784,-0.264897
2026-07-20 14:35:56.700,267.899745,0.000000,0.000000,0.000000,0.310549,-0.383151,-0.300086,0.113837,-0.344935,-0.294139,0.212193,-0.364043,-0.297112,0.184458,-0.395218,-0.273158,0.205256,-0.415046,-0.221071,0.234743,-0.404761,-0.271554
2026-07-20 14:35:56.800,267.999745,0.000000,0.000000,0.000000,0.310024,-0.393991,-0.281414,0.113760,-0.354407,-0.278735,0.211892,-0.374199,-0.280075,0.183976,-0.403202,-0.255028,0.204227,-0.421067,-0.201135,0.234183,-0.412981,-0.252602
2026-07-20 14:35:56.900,268.099745,0.000000,0.000000,0.000000,0.310892,-0.399210,-0.283263,0.113855,-0.362513,-0.280731,0.212373,-0.380861,-0.281997,0.184171,-0.410303,-0.256972,0.203596,-0.427948,-0.203041,0.234378,-0.420082,-0.254546
2026-07-20 14:35:57.000,268.199745,0.000000,0.000000,0.000000,0.310080,-0.396020,-0.281969,0.113916,-0.355430,-0.279239,0.211998,-0.375725,-0.280604,0.184032,-0.405230,-0.255584,0.203468,-0.422976,-0.200802,0.234239,-0.415010,-0.253157
2026-07-20 14:35:57.100,268.299745,0.000000,0.000000,0.000000,0.310108,-0.397035,-0.282247,0.113643,-0.359461,-0.279672,0.211875,-0.378248,-0.280959,0.184060,-0.406245,-0.255862,0.203496,-0.423990,-0.201080,0.234522,-0.415065,-0.253349
2026-07-20 14:35:57.200,268.399745,0.000000,0.000000,0.000000,0.323463,-0.376389,-0.293296,0.125671,-0.344515,-0.289503,0.224567,-0.360452,-0.291399,0.196832,-0.390466,-0.267178,0.217407,-0.411538,-0.212479,0.248023,-0.399788,-0.265205
2026-07-20 14:35:57.300,268.499745,0.000000,0.000000,0.000000,0.323463,-0.376389,-0.293296,0.125671,-0.344515,-0.289503,0.224567,-0.360452,-0.291399,0.196832,-0.390466,-0.267178,0.216575,-0.411348,-0.212435,0.248246,-0.398824,-0.265089
2026-07-20 14:35:57.400,268.599745,0.000000,0.000000,0.000000,0.310091,-0.380084,-0.298894,0.113615,-0.341930,-0.292956,0.211853,-0.361007,-0.295925,0.183684,-0.390021,-0.271707,0.203552,-0.411152,-0.216305,0.234616,-0.400754,-0.270278
2026-07-20 14:35:57.500,268.699745,0.000000,0.000000,0.000000,0.323158,-0.377339,-0.293374,0.125671,-0.344515,-0.289503,0.224414,-0.360927,-0.291438,0.196673,-0.391445,-0.267292,0.216591,-0.411474,-0.211588,0.248246,-0.398824,-0.265089
2026-07-20 14:35:57.600,268.799745,0.000000,0.000000,0.000000,0.323153,-0.371370,-0.291753,0.125494,-0.337484,-0.287792,0.224323,-0.354427,-0.289772,0.196364,-0.386427,-0.265749,0.216281,-0.406455,-0.210045,0.247714,-0.394769,-0.263662
2026-07-20 14:35:57.700,268.899745,0.000000,0.000000,0.000000,0.323153,-0.371370,-0.291753,0.125361,-0.339496,-0.287959,0.224257,-0.355433,-0.289856,0.196364,-0.386427,-0.265749,0.216482,-0.405619,-0.209010,0.247714,-0.394769,-0.263662
2026-07-20 14:35:57.800,268.999744,0.000000,0.000000,0.000000,0.323034,-0.375332,-0.292756,0.125547,-0.342507,-0.288885,0.224291,-0.358919,-0.290821,0.196549,-0.389438,-0.266675,0.216482,-0.409593,-0.210125,0.247899,-0.397780,-0.264588
2026-07-20 14:35:57.900,269.099744,0.000000,0.000000,0.000000,0.310472,-0.397108,-0.282477,0.113771,-0.359470,-0.279898,0.212122,-0.378289,-0.281187,0.182422,-0.406815,-0.256065,0.201689,-0.425825,-0.198887,0.234294,-0.417039,-0.253712
2026-07-20 14:35:58.000,269.199744,0.000000,0.000000,0.000000,0.310389,-0.394064,-0.281644,0.113788,-0.355421,-0.279013,0.212088,-0.374743,-0.280329,0.182148,-0.404749,-0.255315,0.201617,-0.422881,-0.197204,0.235048,-0.414219,-0.252917
2026-07-20 14:35:58.100,269.299744,0.000000,0.000000,0.000000,0.310080,-0.396020,-0.281969,0.113716,-0.357441,-0.279342,0.211898,-0.376731,-0.280656,0.182176,-0.405763,-0.255593,0.202470,-0.424116,-0.197519,0.235332,-0.414275,-0.253108
2026-07-20 14:35:58.200,269.399744,0.000000,0.000000,0.000000,0.310277,-0.390007,-0.280533,0.113677,-0.351363,-0.277902,0.211977,-0.370685,-0.279218,0.182036,-0.400691,-0.254204,0.202331,-0.419043,-0.196130,0.234936,-0.410161,-0.251806
2026-07-20 14:35:58.300,269.499744,0.000000,0.000000,0.000000,0.310472,-0.397108,-0.282477,0.113771,-0.359470,-0.279898,0.212122,-0.378289,-0.281187,0.182231,-0.407792,-0.256148,0.201700,-0.425924,-0.198037,0.235131,-0.417262,-0.253750
2026-07-20 14:35:58.400,269.599744,0.000000,0.000000,0.000000,0.310528,-0.399137,-0.283032,0.113927,-0.360493,-0.280402,0.212228,-0.379815,-0.281717,0.181456,-0.409599,-0.256666,0.201756,-0.427953,-0.198593,0.235187,-0.419291,-0.254305
2026-07-20 14:35:58.500,269.699744,0.000000,0.000000,0.000000,0.323220,-0.378343,-0.293683,0.125799,-0.344513,-0.289728,0.224510,-0.361428,-0.291705,0.194742,-0.394024,-0.267742,0.215851,-0.412539,-0.210161,0.248705,-0.401949,-0.265675
2026-07-20 14:35:58.600,269.799744,0.000000,0.000000,0.000000,0.310753,-0.394137,-0.281874,0.113716,-0.357441,-0.279342,0.212234,-0.375789,-0.280608,0.181154,-0.406518,-0.255639,0.201873,-0.423034,-0.196472,0.235076,-0.415233,-0.253195
2026-07-20 14:35:58.700,269.899744,0.000000,0.000000,0.000000,0.323158,-0.377339,-0.293374,0.125737,-0.343509,-0.289419,0.224448,-0.360424,-0.291396,0.194681,-0.393020,-0.267434,0.215805,-0.411662,-0.209005,0.249711,-0.400175,-0.265294
2026-07-20 14:35:58.800,269.999743,0.000000,0.000000,0.000000,0.310500,-0.398122,-0.282755,0.113899,-0.359479,-0.280124,0.212200,-0.378801,-0.281439,0.181238,-0.409562,-0.256472,0.201740,-0.427039,-0.197465,0.235739,-0.419459,-0.254151
2026-07-20 14:35:58.900,270.099743,0.000000,0.000000,0.000000,0.310361,-0.393050,-0.281366,0.113861,-0.353401,-0.278684,0.212111,-0.373226,-0.280025,0.181099,-0.404489,-0.255084,0.201600,-0.421966,-0.196076,0.235857,-0.413428,-0.252677
2026-07-20 14:35:59.000,270.199743,0.000000,0.000000,0.000000,0.309941,-0.390948,-0.280581,0.113677,-0.351363,-0.277902,0.211809,-0.371156,-0.279241,0.181015,-0.401446,-0.254250,0.201517,-0.418923,-0.195243,0.235773,-0.410385,-0.251844
2026-07-20 14:35:59.100,270.299743,0.000000,0.000000,0.000000,0.323158,-0.377339,-0.293374,0.125604,-0.345521,-0.289586,0.224381,-0.361430,-0.291480,0.193843,-0.392828,-0.267390,0.214973,-0.411471,-0.208962,0.249486,-0.401139,-0.265411
2026-07-20 14:35:59.200,270.399743,0.000000,0.000000,0.000000,0.310123,-0.381086,-0.299213,0.113647,-0.342932,-0.293275,0.211885,-0.362009,-0.296244,0.180661,-0.393301,-0.272233,0.201775,-0.413089,-0.214178,0.236071,-0.403144,-0.270828
2026-07-20 14:35:59.300,270.499743,0.000000,0.000000,0.000000,0.310123,-0.381086,-0.299213,0.113647,-0.342932,-0.293275,0.211885,-0.362009,-0.296244,0.180661,-0.393301,-0.272233,0.201775,-0.413089,-0.214178,0.236071,-0.403144,-0.270828
2026-07-20 14:35:59.400,270.599743,0.000000,0.000000,0.000000,0.323344,-0.380350,-0.294300,0.125856,-0.347526,-0.290429,0.224600,-0.363938,-0.292364,0.194029,-0.395839,-0.268316,0.215159,-0.414482,-0.209888,0.249672,-0.404150,-0.266337
2026-07-20 14:35:59.500,270.699743,0.000000,0.000000,0.000000,0.323401,-0.375385,-0.292987,0.125542,-0.344517,-0.289278,0.224471,-0.359951,-0.291133,0.193625,-0.392804,-0.267196,0.214911,-0.410467,-0.208653,0.249649,-0.399171,-0.264985
2026-07-20 14:35:59.600,270.799743,0.000000,0.000000,0.000000,0.323524,-0.377392,-0.293605,0.125733,-0.345518,-0.289811,0.224629,-0.361455,-0.291708,0.193905,-0.393832,-0.267698,0.215035,-0.412474,-0.209270,0.249548,-0.402142,-0.265719
2026-07-20 14:35:59.700,270.899743,0.000000,0.000000,0.000000,0.310052,-0.395006,-0.281691,0.113788,-0.355421,-0.279013,0.211920,-0.375214,-0.280352,0.180107,-0.406260,-0.255408,0.200803,-0.422760,-0.196317,0.235627,-0.415401,-0.253040
2026-07-20 14:35:59.800,270.999743,0.000000,0.000000,0.000000,0.323586,-0.378396,-0.293914,0.125795,-0.346522,-0.290120,0.224690,-0.362459,-0.292017,0.193967,-0.394835,-0.268007,0.214264,-0.413287,-0.209535,0.249385,-0.404110,-0.266145
2026-07-20 14:35:59.900,271.099742,0.000000,0.000000,0.000000,0.310108,-0.397035,-0.282247,0.113743,-0.358455,-0.279620,0.211926,-0.377745,-0.280934,0.180352,-0.407311,-0.255879,0.200034,-0.424569,-0.196835,0.235940,-0.416471,-0.253510
2026-07-20 14:36:00.000,271.199742,0.000000,0.000000,0.000000,0.323158,-0.377339,-0.293374,0.125671,-0.344515,-0.289503,0.224414,-0.360927,-0.291438,0.193843,-0.392828,-0.267390,0.214141,-0.411280,-0.208918,0.249486,-0.401139,-0.265411
2026-07-20 14:36:00.100,271.299742,0.000000,0.000000,0.000000,0.310108,-0.397035,-0.282247,0.113743,-0.358455,-0.279620,0.211926,-0.377745,-0.280934,0.180352,-0.407311,-0.255879,0.200034,-0.424569,-0.196835,0.235683,-0.417430,-0.253596
2026-07-20 14:36:00.200,271.399742,0.000000,0.000000,0.000000,0.310390,-0.378141,-0.298491,0.113678,-0.339925,-0.292544,0.212034,-0.359033,-0.295518,0.180598,-0.391297,-0.271596,0.200885,-0.410872,-0.213487,0.236008,-0.401140,-0.270191
2026-07-20 14:36:00.300,271.499742,0.000000,0.000000,0.000000,0.310052,-0.395006,-0.281691,0.113788,-0.355421,-0.279013,0.211920,-0.375214,-0.280352,0.180107,-0.406260,-0.255408,0.199978,-0.422540,-0.196280,0.235627,-0.415401,-0.253040
2026-07-20 14:36:00.400,271.599742,0.000000,0.000000,0.000000,0.310218,-0.384092,-0.300170,0.113743,-0.345938,-0.294231,0.211981,-0.365015,-0.297201,0.180757,-0.396307,-0.273190,0.200834,-0.416837,-0.215280,0.235914,-0.407105,-0.271909
2026-07-20 14:36:00.500,271.699742,0.000000,0.000000,0.000000,0.310108,-0.397035,-0.282247,0.113743,-0.358455,-0.279620,0.211926,-0.377745,-0.280934,0.180352,-0.407311,-0.255879,0.198994,-0.425311,-0.196958,0.235683,-0.417430,-0.253596
2026-07-20 14:36:00.600,271.799742,0.000000,0.000000,0.000000,0.323463,-0.376389,-0.293296,0.125737,-0.343509,-0.289419,0.224600,-0.359949,-0.291358,0.193843,-0.392828,-0.267390,0.213308,-0.411089,-0.208874,0.249261,-0.402102,-0.265527
2026-07-20 14:36:00.700,271.899742,0.000000,0.000000,0.000000,0.310024,-0.393991,-0.281414,0.113760,-0.354407,-0.278735,0.211892,-0.374199,-0.280075,0.179438,-0.404046,-0.255009,0.198911,-0.422267,-0.196125,0.235342,-0.415345,-0.252849
2026-07-20 14:36:00.800,271.999742,0.000000,0.000000,0.000000,0.323401,-0.375385,-0.292987,0.125476,-0.345523,-0.289361,0.224438,-0.360454,-0.291174,0.192944,-0.391632,-0.267037,0.213246,-0.410085,-0.208565,0.249424,-0.400135,-0.265102
2026-07-20 14:36:00.900,272.099741,0.000000,0.000000,0.000000,0.310155,-0.382088,-0.299532,0.113585,-0.344937,-0.293686,0.211870,-0.363512,-0.296609,0.180693,-0.394303,-0.272552,0.199945,-0.414620,-0.214589,0.236355,-0.403190,-0.271024
2026-07-20 14:36:01.000,272.199741,0.000000,0.000000,0.000000,0.310108,-0.397035,-0.282247,0.113844,-0.357450,-0.279569,0.211976,-0.377242,-0.280908,0.179521,-0.407089,-0.255842,0.198994,-0.425311,-0.196958,0.235683,-0.417430,-0.253596
2026-07-20 14:36:01.100,272.299741,0.000000,0.000000,0.000000,0.310091,-0.380084,-0.298894,0.113615,-0.341930,-0.292956,0.211853,-0.361007,-0.295925,0.180629,-0.392299,-0.271915,0.199882,-0.412616,-0.213951,0.235787,-0.403098,-0.270633
2026-07-20 14:36:01.200,272.399741,0.000000,0.000000,0.000000,0.309885,-0.388919,-0.280025,0.113521,-0.350340,-0.277399,0.211703,-0.369629,-0.278712,0.180129,-0.399196,-0.253658,0.198985,-0.416233,-0.194577,0.235202,-0.410273,-0.251460
2026-07-20 14:36:01.300,272.499741,0.000000,0.000000,0.000000,0.310191,-0.400078,-0.283080,0.113927,-0.360493,-0.280402,0.212059,-0.380286,-0.281741,0.180435,-0.410354,-0.256713,0.199089,-0.428454,-0.196943,0.235766,-0.420473,-0.254429
2026-07-20 14:36:01.400,272.599741,0.000000,0.000000,0.000000,0.310444,-0.396093,-0.282199,0.113844,-0.357450,-0.279569,0.212144,-0.376772,-0.280884,0.179334,-0.408067,-0.255926,0.199006,-0.425410,-0.196109,0.235683,-0.417430,-0.253596
2026-07-20 14:36:01.500,272.699741,0.000000,0.000000,0.000000,0.310187,-0.383090,-0.299851,0.113806,-0.343933,-0.293820,0.211996,-0.363511,-0.296835,0.179893,-0.395090,-0.272818,0.199996,-0.415757,-0.214064,0.236135,-0.405148,-0.271466
2026-07-20 14:36:01.600,272.799741,0.000000,0.000000,0.000000,0.310247,-0.402107,-0.283635,0.113883,-0.363528,-0.281009,0.212065,-0.382817,-0.282322,0.180491,-0.412383,-0.257268,0.199145,-0.430483,-0.197498,0.235822,-0.422502,-0.254984
2026-07-20 14:36:01.700,272.899741,0.000000,0.000000,0.000000,0.310187,-0.383090,-0.299851,0.113806,-0.343933,-0.293820,0.211996,-0.363511,-0.296835,0.179893,-0.395090,-0.272818,0.199996,-0.415757,-0.214064,0.236135,-0.405148,-0.271466
2026-07-20 14:36:01.800,272.999741,0.000000,0.000000,0.000000,0.310191,-0.400078,-0.283080,0.113927,-0.360493,-0.280402,0.212059,-0.380286,-0.281741,0.179605,-0.410133,-0.256675,0.199303,-0.427492,-0.196782,0.235766,-0.420473,-0.254429
2026-07-20 14:36:01.900,273.099741,0.000000,0.000000,0.000000,0.310187,-0.383090,-0.299851,0.113711,-0.344936,-0.293912,0.211949,-0.364013,-0.296882,0.179893,-0.395090,-0.272818,0.199171,-0.415544,-0.214011,0.236135,-0.405148,-0.271466
2026-07-20 14:36:02.000,273.199740,0.000000,0.000000,0.000000,0.310091,-0.380084,-0.298894,0.113615,-0.341930,-0.292956,0.211853,-0.361007,-0.295925,0.179798,-0.392084,-0.271861,0.199076,-0.412538,-0.213054,0.236039,-0.402142,-0.270510
2026-07-20 14:36:02.100,273.299740,0.000000,0.000000,0.000000,0.310191,-0.400078,-0.283080,0.113927,-0.360493,-0.280402,0.212059,-0.380286,-0.281741,0.179417,-0.411111,-0.256759,0.198265,-0.428234,-0.196906,0.235766,-0.420473,-0.254429
2026-07-20 14:36:02.200,273.399740,0.000000,0.000000,0.000000,0.310080,-0.396020,-0.281969,0.113816,-0.356436,-0.279291,0.211948,-0.376228,-0.280630,0.179493,-0.406075,-0.255564,0.198154,-0.424176,-0.195795,0.235397,-0.417374,-0.253404
2026-07-20 14:36:02.300,273.499740,0.000000,0.000000,0.000000,0.310454,-0.380145,-0.299129,0.113647,-0.342932,-0.293275,0.212051,-0.361538,-0.296202,0.179830,-0.393086,-0.272180,0.199316,-0.412584,-0.213174,0.236071,-0.403144,-0.270828
2026-07-20 14:36:02.400,273.599740,0.000000,0.000000,0.000000,0.310024,-0.393991,-0.281414,0.113861,-0.353401,-0.278684,0.211942,-0.373696,-0.280049,0.179438,-0.404046,-0.255009,0.198098,-0.422147,-0.195239,0.235599,-0.414387,-0.252763
2026-07-20 14:36:02.500,273.699740,0.000000,0.000000,0.000000,0.310108,-0.397035,-0.282247,0.113944,-0.356445,-0.279517,0.212026,-0.376740,-0.280882,0.179521,-0.407089,-0.255842,0.198395,-0.424228,-0.195911,0.235425,-0.418389,-0.253682
2026-07-20 14:36:02.600,273.799740,0.000000,0.000000,0.000000,0.310052,-0.395006,-0.281691,0.114750,-0.354646,-0.279000,0.212401,-0.374826,-0.280346,0.179465,-0.405061,-0.255287,0.198339,-0.422199,-0.195356,0.235370,-0.416360,-0.253127
2026-07-20 14:36:02.700,273.899740,0.000000,0.000000,0.000000,0.310136,-0.398049,-0.282525,0.113771,-0.359470,-0.279898,0.211953,-0.378759,-0.281211,0.179549,-0.408104,-0.256120,0.198422,-0.425243,-0.196189,0.235453,-0.419403,-0.253960
2026-07-20 14:36:02.800,273.999740,0.000000,0.000000,0.000000,0.310024,-0.393991,-0.281414,0.113861,-0.353401,-0.278684,0.211942,-0.373696,-0.280049,0.179438,-0.404046,-0.255009,0.198323,-0.421285,-0.194228,0.235599,-0.414387,-0.252763
2026-07-20 14:36:02.900,274.099740,0.000000,0.000000,0.000000,0.310444,-0.396093,-0.282199,0.113844,-0.357450,-0.279569,0.212144,-0.376772,-0.280884,0.179521,-0.407089,-0.255842,0.198182,-0.425190,-0.196072,0.235683,-0.417430,-0.253596
2026-07-20 14:36:03.000,274.199739,0.000000,0.000000,0.000000,0.310024,-0.393991,-0.281414,0.113760,-0.354407,-0.278735,0.211892,-0.374199,-0.280075,0.179438,-0.404046,-0.255009,0.198536,-0.420323,-0.194066,0.235857,-0.413428,-0.252677
2026-07-20 14:36:03.100,274.299739,0.000000,0.000000,0.000000,0.323710,-0.380404,-0.294531,0.125786,-0.350542,-0.290905,0.224748,-0.365473,-0.292718,0.193253,-0.396651,-0.268580,0.212740,-0.415039,-0.209219,0.249959,-0.404190,-0.266529
2026-07-20 14:36:03.200,274.399739,0.000000,0.000000,0.000000,0.323339,-0.374381,-0.292679,0.125547,-0.342507,-0.288885,0.224443,-0.358444,-0.290782,0.192882,-0.390628,-0.266728,0.212368,-0.409017,-0.207366,0.249362,-0.399131,-0.264793
2026-07-20 14:36:03.300,274.499739,0.000000,0.000000,0.000000,0.310277,-0.390007,-0.280533,0.113677,-0.351363,-0.277902,0.211977,-0.370685,-0.279218,0.179354,-0.401003,-0.254176,0.198227,-0.418142,-0.194245,0.235258,-0.412302,-0.252016
2026-07-20 14:36:03.400,274.599739,0.000000,0.000000,0.000000,0.310136,-0.398049,-0.282525,0.113872,-0.358465,-0.279846,0.212004,-0.378257,-0.281185,0.179361,-0.409082,-0.256204,0.198209,-0.426205,-0.196350,0.235711,-0.418444,-0.253874
2026-07-20 14:36:03.500,274.699739,0.000000,0.000000,0.000000,0.323282,-0.379347,-0.293991,0.125728,-0.347528,-0.290204,0.224505,-0.363437,-0.292098,0.192975,-0.395624,-0.268078,0.212435,-0.413995,-0.208793,0.249610,-0.403146,-0.266028
2026-07-20 14:36:03.600,274.799739,0.000000,0.000000,0.000000,0.310277,-0.390007,-0.280533,0.113777,-0.350358,-0.277851,0.212027,-0.370182,-0.279192,0.179166,-0.401981,-0.254260,0.198827,-0.419224,-0.195292,0.235258,-0.412302,-0.252016
2026-07-20 14:36:03.700,274.899739,0.000000,0.000000,0.000000,0.310416,-0.395079,-0.281922,0.113916,-0.355430,-0.279239,0.212166,-0.375255,-0.280580,0.179306,-0.407053,-0.255648,0.198752,-0.425258,-0.196841,0.235397,-0.417374,-0.253404
2026-07-20 14:36:03.800,274.999739,0.000000,0.000000,0.000000,0.322910,-0.373324,-0.292139,0.125423,-0.340500,-0.288268,0.224167,-0.356912,-0.290203,0.192603,-0.389601,-0.266225,0.212879,-0.408037,-0.207830,0.249013,-0.398087,-0.264292
2026-07-20 14:36:03.900,275.099739,0.000000,0.000000,0.000000,0.310108,-0.397035,-0.282247,0.114044,-0.355440,-0.279465,0.212076,-0.376237,-0.280856,0.179334,-0.408067,-0.255926,0.198994,-0.425311,-0.196958,0.235425,-0.418389,-0.253682
2026-07-20 14:36:04.000,275.199739,0.000000,0.000000,0.000000,0.310123,-0.381086,-0.299213,0.113647,-0.342932,-0.293275,0.211885,-0.362009,-0.296244,0.179628,-0.393925,-0.273152,0.199913,-0.413618,-0.214270,0.235819,-0.404100,-0.270952
2026-07-20 14:36:04.100,275.299738,0.000000,0.000000,0.000000,0.310218,-0.384092,-0.300170,0.113837,-0.344935,-0.294139,0.212028,-0.364513,-0.297154,0.179743,-0.397067,-0.273260,0.199780,-0.417445,-0.216268,0.235662,-0.408061,-0.272033
2026-07-20 14:36:04.200,275.399738,0.000000,0.000000,0.000000,0.310361,-0.393050,-0.281366,0.113760,-0.354407,-0.278735,0.212060,-0.373728,-0.280051,0.179238,-0.404924,-0.255947,0.197862,-0.422910,-0.197096,0.235599,-0.414387,-0.252763
2026-07-20 14:36:04.300,275.499738,0.000000,0.000000,0.000000,0.322792,-0.377286,-0.293143,0.125542,-0.344517,-0.289278,0.224167,-0.360901,-0.291210,0.192773,-0.392485,-0.268002,0.212038,-0.411695,-0.209747,0.250267,-0.400328,-0.265146
2026-07-20 14:36:04.400,275.599738,0.000000,0.000000,0.000000,0.310444,-0.396093,-0.282199,0.113844,-0.357450,-0.279569,0.212144,-0.376772,-0.280884,0.178492,-0.407746,-0.256743,0.197957,-0.426053,-0.197081,0.235168,-0.419347,-0.253768
2026-07-20 14:36:04.500,275.699738,0.000000,0.000000,0.000000,0.309771,-0.397976,-0.282294,0.113944,-0.356445,-0.279517,0.211858,-0.377211,-0.280906,0.178492,-0.407746,-0.256743,0.197957,-0.426053,-0.197081,0.236260,-0.418611,-0.253719
2026-07-20 14:36:04.600,275.799738,0.000000,0.000000,0.000000,0.310108,-0.397035,-0.282247,0.113844,-0.357450,-0.279569,0.211976,-0.377242,-0.280908,0.178504,-0.407846,-0.255889,0.197957,-0.426053,-0.197081,0.235168,-0.419347,-0.253768
2026-07-20 14:36:04.700,275.899738,0.000000,0.000000,0.000000,0.310218,-0.384092,-0.300170,0.113648,-0.346940,-0.294324,0.211933,-0.365516,-0.297247,0.178912,-0.396853,-0.273207,0.199184,-0.416411,-0.215174,0.236750,-0.407321,-0.271963
2026-07-20 14:36:04.800,275.999738,0.000000,0.000000,0.000000,0.323034,-0.375332,-0.292756,0.125547,-0.342507,-0.288885,0.224291,-0.358919,-0.290821,0.191891,-0.391417,-0.266799,0.212007,-0.410943,-0.207750,0.249137,-0.400095,-0.264910
2026-07-20 14:36:04.900,276.099738,0.000000,0.000000,0.000000,0.309716,-0.395947,-0.281739,0.113688,-0.356426,-0.279065,0.211702,-0.376187,-0.280402,0.178448,-0.405817,-0.255333,0.197913,-0.424124,-0.195678,0.236204,-0.416582,-0.253164
2026-07-20 14:36:05.000,276.199738,0.000000,0.000000,0.000000,0.310250,-0.385094,-0.300489,0.113775,-0.346940,-0.294550,0.212012,-0.366017,-0.297520,0.178944,-0.397855,-0.273526,0.199026,-0.418504,-0.214848,0.236782,-0.408323,-0.272282
2026-07-20 14:36:05.100,276.299737,0.000000,0.000000,0.000000,0.310444,-0.396093,-0.282199,0.113844,-0.357450,-0.279569,0.212144,-0.376772,-0.280884,0.178504,-0.407846,-0.255889,0.198182,-0.425190,-0.196072,0.236001,-0.419570,-0.253805
2026-07-20 14:36:05.200,276.399737,0.000000,0.000000,0.000000,0.323277,-0.373377,-0.292370,0.125485,-0.341503,-0.288576,0.224381,-0.357440,-0.290473,0.191829,-0.390413,-0.266490,0.212141,-0.409102,-0.206404,0.249917,-0.399284,-0.264645
2026-07-20 14:36:05.300,276.499737,0.000000,0.000000,0.000000,0.323282,-0.379347,-0.293991,0.125662,-0.348534,-0.290287,0.224472,-0.363940,-0.292139,0.192138,-0.395432,-0.268034,0.212451,-0.414121,-0.207948,0.250227,-0.404303,-0.266189
2026-07-20 14:36:05.400,276.599737,0.000000,0.000000,0.000000,0.309969,-0.391962,-0.280858,0.113704,-0.352378,-0.278180,0.211837,-0.372170,-0.279519,0.178551,-0.401795,-0.254416,0.198278,-0.419356,-0.192823,0.236121,-0.413539,-0.252331
2026-07-20 14:36:05.500,276.699737,0.000000,0.000000,0.000000,0.310361,-0.393050,-0.281366,0.113760,-0.354407,-0.278735,0.212060,-0.373728,-0.280051,0.178421,-0.404803,-0.255055,0.198121,-0.422346,-0.193541,0.236176,-0.415568,-0.252886
2026-07-20 14:36:05.600,276.799737,0.000000,0.000000,0.000000,0.310389,-0.394064,-0.281644,0.113688,-0.356426,-0.279065,0.212038,-0.375245,-0.280354,0.179278,-0.406038,-0.255370,0.197548,-0.422278,-0.192769,0.236721,-0.414666,-0.252992
2026-07-20 14:36:05.700,276.899737,0.000000,0.000000,0.000000,0.310155,-0.382088,-0.299532,0.113679,-0.343934,-0.293593,0.211917,-0.363011,-0.296563,0.179679,-0.395063,-0.272622,0.198580,-0.413778,-0.210905,0.236940,-0.404362,-0.271201
2026-07-20 14:36:05.800,276.999737,0.000000,0.000000,0.000000,0.310080,-0.396020,-0.281969,0.113816,-0.356436,-0.279291,0.211948,-0.376228,-0.280630,0.179306,-0.407053,-0.255648,0.197576,-0.423293,-0.193047,0.236491,-0.416639,-0.253356
2026-07-20 14:36:05.900,277.099737,0.000000,0.000000,0.000000,0.310108,-0.397035,-0.282247,0.113944,-0.356445,-0.279517,0.212026,-0.376740,-0.280882,0.179334,-0.408067,-0.255926,0.197828,-0.423445,-0.192309,0.236519,-0.417653,-0.253633
2026-07-20 14:36:06.000,277.199737,0.000000,0.000000,0.000000,0.310191,-0.400078,-0.283080,0.113927,-0.360493,-0.280402,0.212059,-0.380286,-0.281741,0.179417,-0.411111,-0.256759,0.197499,-0.428512,-0.192624,0.236344,-0.421655,-0.254553
2026-07-20 14:36:06.100,277.299736,0.000000,0.000000,0.000000,0.310518,-0.382149,-0.299767,0.113711,-0.344936,-0.293912,0.212114,-0.363542,-0.296840,0.179893,-0.395090,-0.272818,0.197617,-0.415793,-0.209686,0.235756,-0.406582,-0.271652
2026-07-20 14:36:06.200,277.399736,0.000000,0.000000,0.000000,0.310024,-0.393991,-0.281414,0.113660,-0.355412,-0.278787,0.211842,-0.374702,-0.280100,0.179344,-0.404535,-0.255051,0.196507,-0.422205,-0.190921,0.236176,-0.415568,-0.252886
2026-07-20 14:36:06.300,277.499736,0.000000,0.000000,0.000000,0.310314,-0.387098,-0.301127,0.113933,-0.347941,-0.295095,0.212123,-0.367519,-0.298111,0.180020,-0.399098,-0.274094,0.197745,-0.419801,-0.210961,0.237099,-0.409371,-0.272796
2026-07-20 14:36:06.400,277.599736,0.000000,0.000000,0.000000,0.310028,-0.378080,-0.298256,0.113457,-0.340929,-0.292410,0.211742,-0.359504,-0.295333,0.178903,-0.389866,-0.271170,0.196839,-0.409614,-0.207833,0.236559,-0.401309,-0.270049
2026-07-20 14:36:06.500,277.699736,0.000000,0.000000,0.000000,0.310444,-0.396093,-0.282199,0.113844,-0.357450,-0.279569,0.212144,-0.376772,-0.280884,0.179334,-0.408067,-0.255926,0.195767,-0.425029,-0.191717,0.236260,-0.418611,-0.253719
2026-07-20 14:36:06.600,277.799736,0.000000,0.000000,0.000000,0.310187,-0.383090,-0.299851,0.113711,-0.344936,-0.293912,0.211949,-0.364013,-0.296882,0.179062,-0.394876,-0.272765,0.196792,-0.415580,-0.209633,0.236718,-0.406319,-0.271644
2026-07-20 14:36:06.700,277.899736,0.000000,0.000000,0.000000,0.310406,-0.378642,-0.298651,0.113694,-0.340426,-0.292703,0.212050,-0.359534,-0.295677,0.178769,-0.392344,-0.271771,0.196079,-0.411039,-0.207413,0.236607,-0.402812,-0.270527
2026-07-20 14:36:06.800,277.999736,0.000000,0.000000,0.000000,0.310422,-0.379143,-0.298810,0.113615,-0.341930,-0.292956,0.212019,-0.360536,-0.295883,0.178785,-0.392845,-0.271931,0.195872,-0.412361,-0.208623,0.236623,-0.403313,-0.270687
2026-07-20 14:36:06.900,278.099736,0.000000,0.000000,0.000000,0.310164,-0.399064,-0.282802,0.113899,-0.359479,-0.280124,0.212032,-0.379271,-0.281463,0.178571,-0.409975,-0.255590,0.195207,-0.425875,-0.192068,0.236316,-0.420640,-0.254275
2026-07-20 14:36:07.000,278.199736,0.000000,0.000000,0.000000,0.310108,-0.397035,-0.282247,0.113944,-0.356445,-0.279517,0.212026,-0.376740,-0.280882,0.178504,-0.407846,-0.255889,0.194338,-0.423725,-0.190626,0.236272,-0.418712,-0.252860
2026-07-20 14:36:07.100,278.299736,0.000000,0.000000,0.000000,0.310444,-0.396093,-0.282199,0.113944,-0.356445,-0.279517,0.212194,-0.376269,-0.280858,0.178504,-0.407846,-0.255889,0.194130,-0.424688,-0.190794,0.236530,-0.417754,-0.252773
2026-07-20 14:36:07.200,278.399735,0.000000,0.000000,0.000000,0.310528,-0.399137,-0.283032,0.114028,-0.359488,-0.280350,0.212278,-0.379312,-0.281691,0.178588,-0.410889,-0.256722,0.193596,-0.426549,-0.191422,0.236614,-0.420797,-0.253606
2026-07-20 14:36:07.300,278.499735,0.000000,0.000000,0.000000,0.309941,-0.390948,-0.280581,0.113476,-0.353374,-0.278006,0.211708,-0.372161,-0.279293,0.178337,-0.401759,-0.254222,0.193345,-0.417419,-0.188923,0.236105,-0.412626,-0.251193
2026-07-20 14:36:07.400,278.599735,0.000000,0.000000,0.000000,0.323215,-0.372374,-0.292061,0.125423,-0.340500,-0.288268,0.224319,-0.356437,-0.290165,0.191767,-0.389409,-0.266181,0.207170,-0.407585,-0.201606,0.249871,-0.398408,-0.263480
2026-07-20 14:36:07.500,278.699735,0.000000,0.000000,0.000000,0.310361,-0.393050,-0.281366,0.113559,-0.356417,-0.278839,0.211960,-0.374734,-0.280102,0.178432,-0.404903,-0.254201,0.192603,-0.420242,-0.189719,0.236447,-0.414711,-0.251939
2026-07-20 14:36:07.600,278.799735,0.000000,0.000000,0.000000,0.323524,-0.377392,-0.293605,0.125733,-0.345518,-0.289811,0.224629,-0.361455,-0.291708,0.192076,-0.394428,-0.267725,0.206648,-0.412413,-0.203106,0.250407,-0.402464,-0.264907
2026-07-20 14:36:07.700,278.899735,0.000000,0.000000,0.000000,0.310052,-0.395006,-0.281691,0.113788,-0.355421,-0.279013,0.211920,-0.375214,-0.280352,0.178460,-0.405917,-0.254479,0.192631,-0.421256,-0.189996,0.236475,-0.415725,-0.252217
2026-07-20 14:36:07.800,278.999735,0.000000,0.000000,0.000000,0.310191,-0.400078,-0.283080,0.113927,-0.360493,-0.280402,0.212059,-0.380286,-0.281741,0.178599,-0.410990,-0.255867,0.192771,-0.426328,-0.191385,0.236355,-0.421756,-0.253693
2026-07-20 14:36:07.900,279.099735,0.000000,0.000000,0.000000,0.310123,-0.381086,-0.299213,0.113553,-0.343935,-0.293367,0.211838,-0.362510,-0.296290,0.178836,-0.393982,-0.271400,0.193648,-0.411902,-0.207733,0.236674,-0.404452,-0.270151
2026-07-20 14:36:08.000,279.199735,0.000000,0.000000,0.000000,0.310528,-0.399137,-0.283032,0.113727,-0.362504,-0.280505,0.212127,-0.380820,-0.281769,0.178599,-0.410990,-0.255867,0.192965,-0.425265,-0.192068,0.236355,-0.421756,-0.253693
2026-07-20 14:36:08.100,279.299735,0.000000,0.000000,0.000000,0.310849,-0.381208,-0.299683,0.113711,-0.344936,-0.293912,0.212280,-0.363072,-0.296798,0.178900,-0.395986,-0.272038,0.193491,-0.414728,-0.209421,0.235902,-0.406240,-0.270735
2026-07-20 14:36:08.200,279.399734,0.000000,0.000000,0.000000,0.310024,-0.393991,-0.281414,0.113660,-0.355412,-0.278787,0.211842,-0.374702,-0.280100,0.178619,-0.403925,-0.254116,0.193406,-0.420262,-0.191456,0.235096,-0.416405,-0.252076
2026-07-20 14:36:08.300,279.499734,0.000000,0.000000,0.000000,0.310416,-0.395079,-0.281922,0.113716,-0.357441,-0.279342,0.212066,-0.376260,-0.280632,0.178674,-0.405954,-0.254672,0.193461,-0.422291,-0.192011,0.235397,-0.417374,-0.253404
2026-07-20 14:36:08.400,279.599734,0.000000,0.000000,0.000000,0.310361,-0.393050,-0.281366,0.113760,-0.354407,-0.278735,0.212060,-0.373728,-0.280051,0.178432,-0.404903,-0.254201,0.194012,-0.421346,-0.192507,0.234967,-0.416884,-0.252120
2026-07-20 14:36:08.500,279.699734,0.000000,0.000000,0.000000,0.310024,-0.393991,-0.281414,0.113559,-0.356417,-0.278839,0.211792,-0.375204,-0.280126,0.178421,-0.404803,-0.255055,0.194208,-0.420283,-0.193193,0.234827,-0.417262,-0.253021
2026-07-20 14:36:08.600,279.799734,0.000000,0.000000,0.000000,0.310514,-0.398629,-0.282894,0.114114,-0.357976,-0.280160,0.212314,-0.378302,-0.281527,0.178574,-0.410382,-0.256583,0.194978,-0.427046,-0.194921,0.235237,-0.421883,-0.254462
2026-07-20 14:36:08.700,279.899734,0.000000,0.000000,0.000000,0.310218,-0.384092,-0.300170,0.113932,-0.343932,-0.294046,0.212075,-0.364012,-0.297108,0.178731,-0.397828,-0.273330,0.195921,-0.415829,-0.213274,0.235662,-0.408061,-0.272033
2026-07-20 14:36:08.800,279.999734,0.000000,0.000000,0.000000,0.310613,-0.385155,-0.300724,0.113806,-0.347942,-0.294869,0.212210,-0.366548,-0.297797,0.178976,-0.398856,-0.273844,0.196810,-0.418046,-0.213965,0.235726,-0.410065,-0.272671
2026-07-20 14:36:08.900,280.099734,0.000000,0.000000,0.000000,0.310091,-0.380084,-0.298894,0.113521,-0.342933,-0.293048,0.211806,-0.361508,-0.295971,0.178785,-0.392845,-0.271931,0.196600,-0.411900,-0.212895,0.235282,-0.405009,-0.270881
2026-07-20 14:36:09.000,280.199734,0.000000,0.000000,0.000000,0.310187,-0.383090,-0.299851,0.113711,-0.344936,-0.293912,0.211949,-0.364013,-0.296882,0.178880,-0.395851,-0.272888,0.196901,-0.413949,-0.213653,0.235630,-0.407059,-0.271714
2026-07-20 14:36:09.100,280.299734,0.000000,0.000000,0.000000,0.310711,-0.392616,-0.281457,0.113774,-0.354914,-0.278874,0.212243,-0.373765,-0.280166,0.178434,-0.405310,-0.255194,0.196452,-0.422115,-0.196153,0.235098,-0.416811,-0.253074
2026-07-20 14:36:09.200,280.399734,0.000000,0.000000,0.000000,0.310247,-0.402107,-0.283635,0.113983,-0.362522,-0.280957,0.212115,-0.382315,-0.282296,0.178643,-0.412918,-0.257277,0.196661,-0.429723,-0.198236,0.235049,-0.425378,-0.255243
2026-07-20 14:36:09.300,280.499733,0.000000,0.000000,0.000000,0.310500,-0.398122,-0.282755,0.113899,-0.359479,-0.280124,0.212200,-0.378801,-0.281439,0.178560,-0.409875,-0.256444,0.196788,-0.425717,-0.197243,0.234966,-0.422335,-0.254409
2026-07-20 14:36:09.400,280.599733,0.000000,0.000000,0.000000,0.310024,-0.393991,-0.281414,0.113861,-0.353401,-0.278684,0.211942,-0.373696,-0.280049,0.178421,-0.404803,-0.255055,0.197463,-0.420765,-0.196741,0.234827,-0.417262,-0.253021
2026-07-20 14:36:09.500,280.699733,0.000000,0.000000,0.000000,0.309996,-0.377078,-0.297938,0.113520,-0.338924,-0.291999,0.211758,-0.358001,-0.294968,0.178690,-0.389839,-0.270974,0.198324,-0.408093,-0.213535,0.235187,-0.402003,-0.269924
2026-07-20 14:36:09.600,280.799733,0.000000,0.000000,0.000000,0.310191,-0.400078,-0.283080,0.114128,-0.358483,-0.280298,0.212160,-0.379280,-0.281689,0.178588,-0.410889,-0.256722,0.197418,-0.427814,-0.198566,0.234994,-0.423349,-0.254687
2026-07-20 14:36:09.700,280.899733,0.000000,0.000000,0.000000,0.310444,-0.396093,-0.282199,0.113844,-0.357450,-0.279569,0.212144,-0.376772,-0.280884,0.178504,-0.407846,-0.255889,0.198159,-0.424991,-0.197770,0.235168,-0.419347,-0.253768
2026-07-20 14:36:09.800,280.999733,0.000000,0.000000,0.000000,0.310164,-0.399064,-0.282802,0.114000,-0.358474,-0.280072,0.212082,-0.378769,-0.281437,0.178560,-0.409875,-0.256444,0.198214,-0.427020,-0.198326,0.235223,-0.421376,-0.254323
2026-07-20 14:36:09.900,281.099733,0.000000,0.000000,0.000000,0.310500,-0.398122,-0.282755,0.113899,-0.359479,-0.280124,0.212200,-0.378801,-0.281439,0.178746,-0.408897,-0.256360,0.199038,-0.427240,-0.198363,0.235223,-0.421376,-0.254323
2026-07-20 14:36:10.000,281.199733,0.000000,0.000000,0.000000,0.310416,-0.395079,-0.281922,0.113816,-0.356436,-0.279291,0.212116,-0.375757,-0.280606,0.179306,-0.407053,-0.255648,0.198955,-0.424197,-0.197530,0.235140,-0.418333,-0.253490
2026-07-20 14:36:10.100,281.299733,0.000000,0.000000,0.000000,0.310024,-0.393991,-0.281414,0.113861,-0.353401,-0.278684,0.211942,-0.373696,-0.280049,0.179250,-0.405024,-0.255093,0.199508,-0.423350,-0.197170,0.235084,-0.416304,-0.252935
2026-07-20 14:36:10.200,281.399733,0.000000,0.000000,0.000000,0.310528,-0.399137,-0.283032,0.113927,-0.360493,-0.280402,0.212228,-0.379815,-0.281717,0.179417,-0.411111,-0.256759,0.199664,-0.429337,-0.199684,0.235251,-0.422390,-0.254601
2026-07-20 14:36:10.300,281.499732,0.000000,0.000000,0.000000,0.310327,-0.376137,-0.297853,0.113520,-0.338924,-0.291999,0.211923,-0.357531,-0.294926,0.179702,-0.389078,-0.270904,0.201398,-0.409766,-0.214788,0.235187,-0.402003,-0.269924
2026-07-20 14:36:10.400,281.599732,0.000000,0.000000,0.000000,0.310164,-0.399064,-0.282802,0.114100,-0.357468,-0.280021,0.212132,-0.378266,-0.281411,0.179389,-0.410096,-0.256481,0.201282,-0.428762,-0.199480,0.234133,-0.422112,-0.254372
2026-07-20 14:36:10.500,281.699732,0.000000,0.000000,0.000000,0.310108,-0.397035,-0.282247,0.113844,-0.357450,-0.279569,0.211976,-0.377242,-0.280908,0.179334,-0.408067,-0.255926,0.201227,-0.426733,-0.198925,0.234910,-0.420306,-0.253854
2026-07-20 14:36:10.600,281.799732,0.000000,0.000000,0.000000,0.310422,-0.379143,-0.298810,0.113615,-0.341930,-0.292956,0.212019,-0.360536,-0.295883,0.179616,-0.393059,-0.271984,0.202911,-0.414018,-0.216889,0.234700,-0.403838,-0.270704
2026-07-20 14:36:10.700,281.899732,0.000000,0.000000,0.000000,0.310528,-0.399137,-0.283032,0.114028,-0.359488,-0.280350,0.212278,-0.379312,-0.281691,0.179417,-0.411111,-0.256759,0.203164,-0.429155,-0.200523,0.234418,-0.422168,-0.254564
2026-07-20 14:36:10.800,281.999732,0.000000,0.000000,0.000000,0.310010,-0.393484,-0.281275,0.113847,-0.352894,-0.278545,0.211928,-0.373189,-0.279910,0.179424,-0.403539,-0.254870,0.202752,-0.423423,-0.199723,0.233980,-0.416533,-0.252845
2026-07-20 14:36:10.900,282.099732,0.000000,0.000000,0.000000,0.310052,-0.395006,-0.281691,0.113788,-0.355421,-0.279013,0.211920,-0.375214,-0.280352,0.179278,-0.406038,-0.255370,0.202794,-0.424944,-0.200139,0.234022,-0.418055,-0.253261
2026-07-20 14:36:11.000,282.199732,0.000000,0.000000,0.000000,0.310164,-0.399064,-0.282802,0.113899,-0.359479,-0.280124,0.212032,-0.379271,-0.281463,0.179389,-0.410096,-0.256481,0.203949,-0.428261,-0.201132,0.234390,-0.421154,-0.254286
2026-07-20 14:36:11.100,282.299732,0.000000,0.000000,0.000000,0.310080,-0.396020,-0.281969,0.113916,-0.355430,-0.279239,0.211998,-0.375725,-0.280604,0.180135,-0.407274,-0.255685,0.203854,-0.425118,-0.201147,0.234306,-0.418110,-0.253453
2026-07-20 14:36:11.200,282.399732,0.000000,0.000000,0.000000,0.310136,-0.398049,-0.282525,0.113972,-0.357459,-0.279795,0.212054,-0.377754,-0.281160,0.180380,-0.408326,-0.256157,0.204955,-0.426406,-0.201586,0.234362,-0.420139,-0.254008
2026-07-20 14:36:11.300,282.499732,0.000000,0.000000,0.000000,0.310849,-0.381208,-0.299683,0.113711,-0.344936,-0.293912,0.212280,-0.363072,-0.296798,0.180725,-0.395305,-0.272871,0.205657,-0.416438,-0.219498,0.234795,-0.406844,-0.271660
2026-07-20 14:36:11.400,282.599731,0.000000,0.000000,0.000000,0.310305,-0.391021,-0.280811,0.113805,-0.351373,-0.278128,0.212055,-0.371197,-0.279470,0.180212,-0.402239,-0.254491,0.205602,-0.420440,-0.200806,0.234195,-0.414052,-0.252342
2026-07-20 14:36:11.500,282.699731,0.000000,0.000000,0.000000,0.310277,-0.390007,-0.280533,0.113677,-0.351363,-0.277902,0.211977,-0.370685,-0.279218,0.180185,-0.401224,-0.254213,0.206399,-0.419646,-0.200566,0.234167,-0.413038,-0.252064
2026-07-20 14:36:11.600,282.799731,0.000000,0.000000,0.000000,0.310282,-0.386096,-0.300808,0.113996,-0.345936,-0.294684,0.212139,-0.366016,-0.297746,0.181652,-0.398525,-0.273881,0.207364,-0.419600,-0.222248,0.234891,-0.409850,-0.272617
2026-07-20 14:36:11.700,282.899731,0.000000,0.000000,0.000000,0.310277,-0.390007,-0.280533,0.113677,-0.351363,-0.277902,0.211977,-0.370685,-0.279218,0.181205,-0.400469,-0.254167,0.207437,-0.418806,-0.201301,0.234167,-0.413038,-0.252064
2026-07-20 14:36:11.800,282.999731,0.000000,0.000000,0.000000,0.310528,-0.399137,-0.283032,0.114028,-0.359488,-0.280350,0.212278,-0.379312,-0.281691,0.181266,-0.410576,-0.256750,0.207452,-0.428797,-0.204802,0.234418,-0.422168,-0.254564
2026-07-20 14:36:11.900,283.099731,0.000000,0.000000,0.000000,0.310080,-0.396020,-0.281969,0.113916,-0.355430,-0.279239,0.211998,-0.375725,-0.280604,0.181154,-0.406518,-0.255639,0.208166,-0.424959,-0.203728,0.234563,-0.417151,-0.253367
2026-07-20 14:36:12.000,283.199731,0.000000,0.000000,0.000000,0.309141,-0.376995,-0.296987,0.113331,-0.340930,-0.292184,0.211236,-0.358962,-0.294585,0.182382,-0.388748,-0.270942,0.208910,-0.409784,-0.220984,0.234856,-0.399876,-0.269623
2026-07-20 14:36:12.100,283.299731,0.000000,0.000000,0.000000,0.310389,-0.394064,-0.281644,0.113788,-0.355421,-0.279013,0.212088,-0.374743,-0.280329,0.181957,-0.405726,-0.255399,0.208352,-0.422885,-0.204151,0.234535,-0.416137,-0.253089
2026-07-20 14:36:12.200,283.399731,0.000000,0.000000,0.000000,0.310389,-0.394064,-0.281644,0.113788,-0.355421,-0.279013,0.212088,-0.374743,-0.280329,0.181957,-0.405726,-0.255399,0.209167,-0.423006,-0.205039,0.233688,-0.415813,-0.253911
2026-07-20 14:36:12.300,283.499731,0.000000,0.000000,0.000000,0.310080,-0.396020,-0.281969,0.113816,-0.356436,-0.279291,0.211948,-0.376228,-0.280630,0.182176,-0.405763,-0.255593,0.209421,-0.423060,-0.205169,0.234807,-0.416091,-0.254142
2026-07-20 14:36:12.400,283.599730,0.000000,0.000000,0.000000,0.310136,-0.398049,-0.282525,0.113872,-0.358465,-0.279846,0.212004,-0.378257,-0.281185,0.182231,-0.407792,-0.256148,0.209239,-0.425949,-0.206724,0.233772,-0.418856,-0.254744
2026-07-20 14:36:12.500,283.699730,0.000000,0.000000,0.000000,0.310187,-0.383090,-0.299851,0.113711,-0.344936,-0.293912,0.211949,-0.364013,-0.296882,0.182573,-0.394760,-0.272855,0.210110,-0.414784,-0.224455,0.234191,-0.405536,-0.272338
2026-07-20 14:36:12.600,283.799730,0.000000,0.000000,0.000000,0.310556,-0.400151,-0.283310,0.113955,-0.361508,-0.280679,0.212255,-0.380829,-0.281995,0.182124,-0.411812,-0.257065,0.209921,-0.430173,-0.207741,0.234111,-0.420941,-0.255493
2026-07-20 14:36:12.700,283.899730,0.000000,0.000000,0.000000,0.323277,-0.373377,-0.292370,0.125418,-0.342509,-0.288660,0.224348,-0.357943,-0.290515,0.195474,-0.389094,-0.267290,0.223950,-0.408083,-0.218497,0.247153,-0.399541,-0.265484
2026-07-20 14:36:12.800,283.999730,0.000000,0.000000,0.000000,0.310454,-0.380145,-0.299129,0.113742,-0.341929,-0.293182,0.212098,-0.361037,-0.296155,0.182490,-0.392620,-0.273069,0.211078,-0.411904,-0.224532,0.234378,-0.402575,-0.271577
2026-07-20 14:36:12.900,284.099730,0.000000,0.000000,0.000000,0.310155,-0.382088,-0.299532,0.113774,-0.342931,-0.293501,0.211964,-0.362509,-0.296516,0.182522,-0.393622,-0.273388,0.210887,-0.413860,-0.225035,0.234159,-0.404534,-0.272019
2026-07-20 14:36:13.000,284.199730,0.000000,0.000000,0.000000,0.309771,-0.397976,-0.282294,0.113743,-0.358455,-0.279620,0.211757,-0.378216,-0.280957,0.182192,-0.406677,-0.256727,0.210026,-0.425055,-0.207334,0.233744,-0.417842,-0.254467
2026-07-20 14:36:13.100,284.299730,0.000000,0.000000,0.000000,0.310416,-0.395079,-0.281922,0.113816,-0.356436,-0.279291,0.212116,-0.375757,-0.280606,0.182164,-0.405662,-0.256449,0.209160,-0.423720,-0.207870,0.233716,-0.416828,-0.254189
2026-07-20 14:36:13.200,284.399730,0.000000,0.000000,0.000000,0.309885,-0.388919,-0.280025,0.113521,-0.350340,-0.277399,0.211703,-0.369629,-0.278712,0.182160,-0.397584,-0.254423,0.209564,-0.417800,-0.206109,0.233777,-0.408767,-0.252160
2026-07-20 14:36:13.300,284.499730,0.000000,0.000000,0.000000,0.310136,-0.398049,-0.282525,0.113771,-0.359470,-0.279898,0.211953,-0.378759,-0.281211,0.182220,-0.407691,-0.257005,0.209814,-0.426930,-0.208608,0.234027,-0.417897,-0.254659
2026-07-20 14:36:13.400,284.599730,0.000000,0.000000,0.000000,0.310500,-0.398122,-0.282755,0.113899,-0.359479,-0.280124,0.212200,-0.378801,-0.281439,0.182248,-0.408706,-0.257282,0.209244,-0.426764,-0.208704,0.233800,-0.419871,-0.255022
2026-07-20 14:36:13.500,284.699729,0.000000,0.000000,0.000000,0.310024,-0.393991,-0.281414,0.113861,-0.353401,-0.278684,0.211942,-0.373696,-0.280049,0.182940,-0.403856,-0.255931,0.209931,-0.421912,-0.207352,0.233660,-0.414799,-0.253634
2026-07-20 14:36:13.600,284.799729,0.000000,0.000000,0.000000,0.309716,-0.395947,-0.281739,0.113788,-0.355421,-0.279013,0.211752,-0.375684,-0.280376,0.182136,-0.404648,-0.256172,0.209731,-0.423887,-0.207775,0.233688,-0.415813,-0.253911
2026-07-20 14:36:13.700,284.899729,0.000000,0.000000,0.000000,0.310080,-0.396020,-0.281969,0.113916,-0.355430,-0.279239,0.211998,-0.375725,-0.280604,0.182164,-0.405662,-0.256449,0.209986,-0.423941,-0.207908,0.233716,-0.416828,-0.254189
2026-07-20 14:36:13.800,284.999729,0.000000,0.000000,0.000000,0.310136,-0.398049,-0.282525,0.113771,-0.359470,-0.279898,0.211953,-0.378759,-0.281211,0.183051,-0.407913,-0.257042,0.210042,-0.425970,-0.208463,0.234027,-0.417897,-0.254659
2026-07-20 14:36:13.900,285.099729,0.000000,0.000000,0.000000,0.310247,-0.402107,-0.283635,0.113983,-0.362522,-0.280957,0.212115,-0.382315,-0.282296,0.183163,-0.411971,-0.258153,0.210154,-0.430028,-0.209574,0.233883,-0.422914,-0.255855
2026-07-20 14:36:14.000,285.199729,0.000000,0.000000,0.000000,0.310500,-0.398122,-0.282755,0.114201,-0.356463,-0.279969,0.212350,-0.377293,-0.281362,0.183079,-0.408928,-0.257320,0.209842,-0.427944,-0.208886,0.233800,-0.419871,-0.255022
2026-07-20 14:36:14.100,285.299729,0.000000,0.000000,0.000000,0.322972,-0.374328,-0.292448,0.125551,-0.340498,-0.288493,0.224262,-0.357413,-0.290470,0.195474,-0.389094,-0.267290,0.223934,-0.407956,-0.219345,0.247376,-0.398577,-0.265369
2026-07-20 14:36:14.200,285.399729,0.000000,0.000000,0.000000,0.310191,-0.400078,-0.283080,0.114028,-0.359488,-0.280350,0.212110,-0.379783,-0.281715,0.182276,-0.409720,-0.257560,0.209272,-0.427778,-0.208981,0.233828,-0.420885,-0.255300
2026-07-20 14:36:14.300,285.499729,0.000000,0.000000,0.000000,0.310080,-0.396020,-0.281969,0.113716,-0.357441,-0.279342,0.211898,-0.376731,-0.280656,0.182164,-0.405662,-0.256449,0.209160,-0.423720,-0.207870,0.233972,-0.415868,-0.254104
2026-07-20 14:36:14.400,285.599729,0.000000,0.000000,0.000000,0.310155,-0.382088,-0.299532,0.113490,-0.345939,-0.293779,0.211822,-0.364014,-0.296656,0.182522,-0.393622,-0.273388,0.210040,-0.413512,-0.225828,0.234410,-0.403577,-0.271896
2026-07-20 14:36:14.500,285.699728,0.000000,0.000000,0.000000,0.310052,-0.395006,-0.281691,0.113776,-0.355317,-0.279899,0.211914,-0.375162,-0.280795,0.182136,-0.404648,-0.256172,0.208906,-0.423666,-0.207738,0.233944,-0.414854,-0.253826
2026-07-20 14:36:14.600,285.799728,0.000000,0.000000,0.000000,0.310218,-0.384092,-0.300170,0.113743,-0.345938,-0.294231,0.211981,-0.365015,-0.297201,0.183418,-0.395840,-0.274079,0.209862,-0.416335,-0.227494,0.234223,-0.406538,-0.272657
2026-07-20 14:36:14.700,285.899728,0.000000,0.000000,0.000000,0.310444,-0.396093,-0.282199,0.113844,-0.357450,-0.279569,0.212144,-0.376772,-0.280884,0.183024,-0.406899,-0.256764,0.208350,-0.424414,-0.208962,0.233999,-0.416883,-0.254382
2026-07-20 14:36:14.800,285.999728,0.000000,0.000000,0.000000,0.310164,-0.399064,-0.282802,0.113899,-0.359479,-0.280124,0.212032,-0.379271,-0.281463,0.183079,-0.408928,-0.257320,0.208406,-0.426443,-0.209518,0.233800,-0.419871,-0.255022
2026-07-20 14:36:14.900,286.099728,0.000000,0.000000,0.000000,0.310080,-0.396020,-0.281969,0.114017,-0.354425,-0.279188,0.212048,-0.375223,-0.280578,0.182996,-0.405884,-0.256487,0.208322,-0.423400,-0.208684,0.233716,-0.416828,-0.254189
2026-07-20 14:36:15.000,286.199728,0.000000,0.000000,0.000000,0.310486,-0.381147,-0.299448,0.113774,-0.342931,-0.293501,0.212130,-0.362039,-0.296474,0.183355,-0.393836,-0.273441,0.209193,-0.413163,-0.226621,0.234410,-0.403577,-0.271896
2026-07-20 14:36:15.100,286.299728,0.000000,0.000000,0.000000,0.310472,-0.397108,-0.282477,0.113872,-0.358465,-0.279846,0.212172,-0.377786,-0.281162,0.183255,-0.407037,-0.256102,0.208603,-0.424468,-0.209096,0.234283,-0.416938,-0.254574
2026-07-20 14:36:15.200,286.399728,0.000000,0.000000,0.000000,0.310721,-0.377200,-0.298407,0.113584,-0.340928,-0.292637,0.212153,-0.359064,-0.295522,0.183279,-0.390967,-0.271633,0.209098,-0.410157,-0.225664,0.234564,-0.399615,-0.270816
2026-07-20 14:36:15.300,286.499728,0.000000,0.000000,0.000000,0.310123,-0.381086,-0.299213,0.113627,-0.342791,-0.294155,0.211875,-0.361938,-0.296684,0.183529,-0.391997,-0.272148,0.209382,-0.411206,-0.226120,0.234378,-0.402575,-0.271577
2026-07-20 14:36:15.400,286.599728,0.000000,0.000000,0.000000,0.310346,-0.388100,-0.301446,0.113870,-0.349945,-0.295507,0.212108,-0.369022,-0.298476,0.183752,-0.399011,-0.274381,0.209384,-0.419175,-0.228535,0.234601,-0.409589,-0.273809
2026-07-20 14:36:15.500,286.699728,0.000000,0.000000,0.000000,0.310052,-0.395006,-0.281691,0.113688,-0.356426,-0.279065,0.211870,-0.375716,-0.280378,0.183171,-0.403994,-0.255269,0.208520,-0.421425,-0.208263,0.233944,-0.414854,-0.253826
2026-07-20 14:36:15.600,286.799727,0.000000,0.000000,0.000000,0.310091,-0.380084,-0.298894,0.113501,-0.342792,-0.293928,0.211796,-0.361438,-0.296411,0.183497,-0.390995,-0.271829,0.209370,-0.410339,-0.224954,0.234596,-0.400617,-0.271135
2026-07-20 14:36:15.700,286.899727,0.000000,0.000000,0.000000,0.323282,-0.379347,-0.293991,0.125861,-0.345516,-0.290037,0.224571,-0.362431,-0.292014,0.196797,-0.393453,-0.267910,0.222771,-0.411630,-0.220625,0.247908,-0.402631,-0.266797
2026-07-20 14:36:15.800,286.999727,0.000000,0.000000,0.000000,0.310454,-0.380145,-0.299129,0.113722,-0.341788,-0.294064,0.212088,-0.360966,-0.296596,0.183529,-0.391997,-0.272148,0.208373,-0.412218,-0.224557,0.234397,-0.402712,-0.270721
2026-07-20 14:36:15.900,287.099727,0.000000,0.000000,0.000000,0.310108,-0.397035,-0.282247,0.113844,-0.357450,-0.279569,0.211976,-0.377242,-0.280908,0.183227,-0.406023,-0.255824,0.207771,-0.423433,-0.207076,0.234011,-0.416984,-0.253521
2026-07-20 14:36:16.000,287.199727,0.000000,0.000000,0.000000,0.310416,-0.395079,-0.281922,0.113716,-0.357441,-0.279342,0.212066,-0.376260,-0.280632,0.183199,-0.405008,-0.255546,0.207743,-0.422418,-0.206799,0.234239,-0.415010,-0.253157
2026-07-20 14:36:16.100,287.299727,0.000000,0.000000,0.000000,0.310697,-0.392108,-0.281319,0.113760,-0.354407,-0.278735,0.212229,-0.373258,-0.280027,0.183144,-0.402979,-0.254991,0.206872,-0.420269,-0.205354,0.233928,-0.413940,-0.252688
2026-07-20 14:36:16.200,287.399727,0.000000,0.000000,0.000000,0.309996,-0.377078,-0.297938,0.113615,-0.337921,-0.291906,0.211805,-0.357500,-0.294922,0.183402,-0.387989,-0.270872,0.206847,-0.407098,-0.221296,0.233433,-0.398488,-0.269392
2026-07-20 14:36:16.300,287.499727,0.000000,0.000000,0.000000,0.310080,-0.396020,-0.281969,0.113816,-0.356436,-0.279291,0.211948,-0.376228,-0.280630,0.183199,-0.405008,-0.255546,0.206334,-0.421216,-0.204871,0.233983,-0.415969,-0.253243
2026-07-20 14:36:16.400,287.599727,0.000000,0.000000,0.000000,0.310444,-0.396093,-0.282199,0.113944,-0.356445,-0.279517,0.212194,-0.376269,-0.280858,0.183227,-0.406023,-0.255824,0.205545,-0.422109,-0.204259,0.234267,-0.416025,-0.253435
2026-07-20 14:36:16.500,287.699727,0.000000,0.000000,0.000000,0.310024,-0.393991,-0.281414,0.113760,-0.354407,-0.278735,0.211892,-0.374199,-0.280075,0.183347,-0.402103,-0.254049,0.205363,-0.419647,-0.202648,0.233928,-0.413940,-0.252688
2026-07-20 14:36:16.600,287.799726,0.000000,0.000000,0.000000,0.310836,-0.397181,-0.282707,0.114000,-0.358474,-0.280072,0.212418,-0.377827,-0.281390,0.183283,-0.408052,-0.256380,0.204564,-0.424979,-0.204074,0.234322,-0.418053,-0.253990
2026-07-20 14:36:16.700,287.899726,0.000000,0.000000,0.000000,0.310080,-0.396020,-0.281969,0.113716,-0.357441,-0.279342,0.211898,-0.376731,-0.280656,0.183839,-0.406207,-0.255667,0.204492,-0.422035,-0.202389,0.234494,-0.414051,-0.253071
2026-07-20 14:36:16.800,287.999726,0.000000,0.000000,0.000000,0.310080,-0.396020,-0.281969,0.113816,-0.356436,-0.279291,0.211948,-0.376228,-0.280630,0.183199,-0.405008,-0.255546,0.204283,-0.423096,-0.201690,0.233983,-0.415969,-0.253243
2026-07-20 14:36:16.900,288.099726,0.000000,0.000000,0.000000,0.310136,-0.398049,-0.282525,0.113872,-0.358465,-0.279846,0.212004,-0.378257,-0.281185,0.184088,-0.407259,-0.256139,0.203293,-0.425866,-0.202362,0.234294,-0.417039,-0.253712
2026-07-20 14:36:17.000,288.199726,0.000000,0.000000,0.000000,0.310781,-0.395152,-0.282152,0.113944,-0.356445,-0.279517,0.212362,-0.375798,-0.280834,0.183227,-0.406023,-0.255824,0.203496,-0.423990,-0.201080,0.234267,-0.416025,-0.253435
2026-07-20 14:36:17.100,288.299726,0.000000,0.000000,0.000000,0.310091,-0.380084,-0.298894,0.113521,-0.342933,-0.293048,0.211806,-0.361508,-0.295971,0.183497,-0.390995,-0.271829,0.204145,-0.412186,-0.217398,0.234616,-0.400754,-0.270278
2026-07-20 14:36:17.200,288.399726,0.000000,0.000000,0.000000,0.310416,-0.395079,-0.281922,0.113816,-0.356436,-0.279291,0.212116,-0.375757,-0.280606,0.183199,-0.405008,-0.255546,0.203261,-0.424037,-0.200106,0.234494,-0.414051,-0.253071
2026-07-20 14:36:17.300,288.499726,0.000000,0.000000,0.000000,0.310108,-0.397035,-0.282247,0.113844,-0.357450,-0.279569,0.211976,-0.377242,-0.280908,0.183227,-0.406023,-0.255824,0.202463,-0.424831,-0.200347,0.234522,-0.415065,-0.253349
2026-07-20 14:36:17.400,288.599726,0.000000,0.000000,0.000000,0.323096,-0.376335,-0.293065,0.125609,-0.343511,-0.289194,0.224352,-0.359923,-0.291130,0.196611,-0.390442,-0.266984,0.216529,-0.410470,-0.211280,0.248184,-0.397820,-0.264780
2026-07-20 14:36:17.500,288.699726,0.000000,0.000000,0.000000,0.323463,-0.376389,-0.293296,0.125604,-0.345521,-0.289586,0.224533,-0.360955,-0.291441,0.196673,-0.391445,-0.267292,0.216591,-0.411474,-0.211588,0.248023,-0.399788,-0.265205
2026-07-20 14:36:17.600,288.799726,0.000000,0.000000,0.000000,0.310528,-0.399137,-0.283032,0.113927,-0.360493,-0.280402,0.212228,-0.379815,-0.281717,0.183311,-0.409066,-0.256657,0.202558,-0.427974,-0.200330,0.234350,-0.419068,-0.254268
2026-07-20 14:36:17.700,288.899725,0.000000,0.000000,0.000000,0.310305,-0.391021,-0.280811,0.113805,-0.351373,-0.278128,0.212055,-0.371197,-0.279470,0.183088,-0.400950,-0.254436,0.202335,-0.419858,-0.198108,0.234127,-0.410952,-0.252046
2026-07-20 14:36:17.800,288.999725,0.000000,0.000000,0.000000,0.310059,-0.379082,-0.298575,0.113395,-0.342934,-0.292822,0.211727,-0.361008,-0.295699,0.183465,-0.389993,-0.271510,0.203326,-0.411241,-0.215336,0.235084,-0.397839,-0.269711
2026-07-20 14:36:17.900,289.099725,0.000000,0.000000,0.000000,0.323463,-0.376389,-0.293296,0.125803,-0.342503,-0.289335,0.224633,-0.359446,-0.291316,0.195834,-0.391253,-0.267248,0.215774,-0.411409,-0.210698,0.248246,-0.398824,-0.265089
2026-07-20 14:36:18.000,289.199725,0.000000,0.000000,0.000000,0.310549,-0.383151,-0.300086,0.113743,-0.345938,-0.294231,0.212146,-0.364544,-0.297159,0.182605,-0.395762,-0.273174,0.203485,-0.416251,-0.216930,0.234743,-0.404761,-0.271554
2026-07-20 14:36:18.100,289.299725,0.000000,0.000000,0.000000,0.310500,-0.398122,-0.282755,0.113899,-0.359479,-0.280124,0.212200,-0.378801,-0.281439,0.182259,-0.408806,-0.256426,0.201728,-0.426939,-0.198315,0.235159,-0.418277,-0.254028
2026-07-20 14:36:18.200,289.399725,0.000000,0.000000,0.000000,0.310333,-0.392035,-0.281088,0.114593,-0.353622,-0.278496,0.212463,-0.372829,-0.279792,0.181901,-0.403697,-0.254843,0.202168,-0.422033,-0.196845,0.234992,-0.412190,-0.252361
2026-07-20 14:36:18.300,289.499725,0.000000,0.000000,0.000000,0.310191,-0.400078,-0.283080,0.113927,-0.360493,-0.280402,0.212059,-0.380286,-0.281741,0.182287,-0.409821,-0.256704,0.201756,-0.427953,-0.198593,0.234931,-0.420250,-0.254391
2026-07-20 14:36:18.400,289.599725,0.000000,0.000000,0.000000,0.310191,-0.400078,-0.283080,0.113727,-0.362504,-0.280505,0.211959,-0.381291,-0.281792,0.181456,-0.409599,-0.256666,0.201539,-0.428914,-0.198751,0.234931,-0.420250,-0.254391
2026-07-20 14:36:18.500,289.699725,0.000000,0.000000,0.000000,0.310123,-0.381086,-0.299213,0.113647,-0.342932,-0.293275,0.211885,-0.362009,-0.296244,0.181493,-0.393515,-0.272287,0.202370,-0.414122,-0.215273,0.236071,-0.403144,-0.270828
2026-07-20 14:36:18.600,289.799725,0.000000,0.000000,0.000000,0.309688,-0.394933,-0.281461,0.113760,-0.354407,-0.278735,0.211724,-0.374670,-0.280098,0.181099,-0.404489,-0.255084,0.201589,-0.421866,-0.196926,0.234763,-0.414163,-0.252725
2026-07-20 14:36:18.700,289.899724,0.000000,0.000000,0.000000,0.310444,-0.396093,-0.282199,0.113844,-0.357450,-0.279569,0.212144,-0.376772,-0.280884,0.181372,-0.406556,-0.255833,0.201684,-0.425010,-0.196910,0.236198,-0.415513,-0.253424
2026-07-20 14:36:18.800,289.999724,0.000000,0.000000,0.000000,0.310136,-0.398049,-0.282525,0.113872,-0.358465,-0.279846,0.212004,-0.378257,-0.281185,0.181210,-0.408547,-0.256194,0.201712,-0.426024,-0.197187,0.234875,-0.418221,-0.253836
2026-07-20 14:36:18.900,290.099724,0.000000,0.000000,0.000000,0.309744,-0.396962,-0.282017,0.113615,-0.358446,-0.279394,0.211679,-0.377704,-0.280705,0.181154,-0.406518,-0.255639,0.201656,-0.423995,-0.196632,0.235912,-0.415457,-0.253232
2026-07-20 14:36:19.000,290.199724,0.000000,0.000000,0.000000,0.310123,-0.381086,-0.299213,0.113742,-0.341929,-0.293182,0.211932,-0.361507,-0.296198,0.181493,-0.393515,-0.272287,0.202602,-0.413302,-0.214231,0.236071,-0.403144,-0.270828
2026-07-20 14:36:19.100,290.299724,0.000000,0.000000,0.000000,0.310864,-0.398195,-0.282985,0.113927,-0.360493,-0.280402,0.212396,-0.379344,-0.281693,0.181266,-0.410576,-0.256750,0.201768,-0.428053,-0.197743,0.236024,-0.419515,-0.254343
2026-07-20 14:36:19.200,290.399724,0.000000,0.000000,0.000000,0.309941,-0.390948,-0.280581,0.113677,-0.351363,-0.277902,0.211809,-0.371156,-0.279241,0.180185,-0.401224,-0.254213,0.200692,-0.418703,-0.195206,0.235516,-0.411343,-0.251930
2026-07-20 14:36:19.300,290.499724,0.000000,0.000000,0.000000,0.323158,-0.377339,-0.293374,0.125671,-0.344515,-0.289503,0.224414,-0.360927,-0.291438,0.193687,-0.393808,-0.267504,0.215157,-0.410508,-0.208771,0.249486,-0.401139,-0.265411
2026-07-20 14:36:19.400,290.599724,0.000000,0.000000,0.000000,0.310136,-0.398049,-0.282525,0.113872,-0.358465,-0.279846,0.212004,-0.378257,-0.281185,0.180380,-0.408326,-0.256157,0.200887,-0.425804,-0.197150,0.235582,-0.418924,-0.253917
2026-07-20 14:36:19.500,290.699724,0.000000,0.000000,0.000000,0.310024,-0.393991,-0.281414,0.113660,-0.355412,-0.278787,0.211842,-0.374702,-0.280100,0.180268,-0.404268,-0.255046,0.200559,-0.422707,-0.196199,0.235599,-0.414387,-0.252763
2026-07-20 14:36:19.600,290.799724,0.000000,0.000000,0.000000,0.309969,-0.391962,-0.280858,0.113704,-0.352378,-0.278180,0.211837,-0.372170,-0.279519,0.180212,-0.402239,-0.254491,0.200720,-0.419717,-0.195484,0.235286,-0.413316,-0.252293
2026-07-20 14:36:19.700,290.899724,0.000000,0.000000,0.000000,0.310187,-0.383090,-0.299851,0.113711,-0.344936,-0.293912,0.211949,-0.364013,-0.296882,0.180725,-0.395305,-0.272871,0.200802,-0.415835,-0.214961,0.236135,-0.405148,-0.271466
2026-07-20 14:36:19.800,290.999723,0.000000,0.000000,0.000000,0.323158,-0.377339,-0.293374,0.125671,-0.344515,-0.289503,0.224414,-0.360927,-0.291438,0.193843,-0.392828,-0.267390,0.213958,-0.412243,-0.209108,0.249486,-0.401139,-0.265411
2026-07-20 14:36:19.900,291.099723,0.000000,0.000000,0.000000,0.310250,-0.385094,-0.300489,0.113775,-0.346940,-0.294550,0.212012,-0.366017,-0.297520,0.180788,-0.397309,-0.273509,0.201076,-0.416883,-0.215401,0.236072,-0.407630,-0.272166
2026-07-20 14:36:20.000,291.199723,0.000000,0.000000,0.000000,0.310123,-0.381086,-0.299213,0.113742,-0.341929,-0.293182,0.211932,-0.361507,-0.296198,0.180661,-0.393301,-0.272233,0.200949,-0.412875,-0.214125,0.236071,-0.403144,-0.270828
2026-07-20 14:36:20.100,291.299723,0.000000,0.000000,0.000000,0.310108,-0.397035,-0.282247,0.113643,-0.359461,-0.279672,0.211875,-0.378248,-0.280959,0.180352,-0.407311,-0.255879,0.200249,-0.423607,-0.196676,0.235683,-0.417430,-0.253596
2026-07-20 14:36:20.200,291.399723,0.000000,0.000000,0.000000,0.310454,-0.380145,-0.299129,0.113458,-0.344938,-0.293460,0.211956,-0.362541,-0.296295,0.180478,-0.394275,-0.272356,0.200949,-0.412875,-0.214125,0.236323,-0.402188,-0.270705
2026-07-20 14:36:20.300,291.499723,0.000000,0.000000,0.000000,0.310187,-0.383090,-0.299851,0.113806,-0.343933,-0.293820,0.211996,-0.363511,-0.296835,0.180541,-0.396279,-0.272994,0.200802,-0.415835,-0.214961,0.235882,-0.406104,-0.271590
2026-07-20 14:36:20.400,291.599723,0.000000,0.000000,0.000000,0.310108,-0.397035,-0.282247,0.113944,-0.356445,-0.279517,0.212026,-0.376740,-0.280882,0.180352,-0.407311,-0.255879,0.199818,-0.425531,-0.196995,0.235683,-0.417430,-0.253596
2026-07-20 14:36:20.500,291.699723,0.000000,0.000000,0.000000,0.310458,-0.396600,-0.282338,0.113858,-0.357957,-0.279707,0.212158,-0.377279,-0.281023,0.180366,-0.407818,-0.256018,0.199832,-0.426038,-0.197134,0.235697,-0.417937,-0.253735
2026-07-20 14:36:20.600,291.799723,0.000000,0.000000,0.000000,0.309760,-0.381025,-0.298978,0.113521,-0.342933,-0.293048,0.211641,-0.361979,-0.296013,0.180629,-0.392299,-0.271915,0.200091,-0.411660,-0.213753,0.236039,-0.402142,-0.270510
2026-07-20 14:36:20.700,291.899723,0.000000,0.000000,0.000000,0.322792,-0.377286,-0.293143,0.125609,-0.343511,-0.289194,0.224200,-0.360398,-0.291168,0.193781,-0.391824,-0.267081,0.212883,-0.412011,-0.208947,0.249199,-0.401098,-0.265219
2026-07-20 14:36:20.800,291.999722,0.000000,0.000000,0.000000,0.310454,-0.380145,-0.299129,0.113647,-0.342932,-0.293275,0.212051,-0.361538,-0.296202,0.180478,-0.394275,-0.272356,0.200123,-0.412662,-0.214072,0.236071,-0.403144,-0.270828
2026-07-20 14:36:20.900,292.099722,0.000000,0.000000,0.000000,0.309996,-0.392977,-0.281136,0.113632,-0.354398,-0.278509,0.211814,-0.373687,-0.279823,0.179410,-0.403032,-0.254731,0.198883,-0.421253,-0.195848,0.235571,-0.413372,-0.252485
2026-07-20 14:36:21.000,292.199722,0.000000,0.000000,0.000000,0.310218,-0.384092,-0.300170,0.113743,-0.345938,-0.294231,0.211981,-0.365015,-0.297201,0.180757,-0.396307,-0.273190,0.200218,-0.415668,-0.215029,0.235914,-0.407105,-0.271909
2026-07-20 14:36:21.100,292.299722,0.000000,0.000000,0.000000,0.309951,-0.387036,-0.300892,0.113806,-0.347942,-0.294869,0.211879,-0.367489,-0.297881,0.179989,-0.398096,-0.273775,0.200072,-0.418628,-0.215865,0.236230,-0.408154,-0.272423
2026-07-20 14:36:21.200,292.399722,0.000000,0.000000,0.000000,0.310108,-0.397035,-0.282247,0.113844,-0.357450,-0.279569,0.211976,-0.377242,-0.280908,0.179521,-0.407089,-0.255842,0.198994,-0.425311,-0.196958,0.235683,-0.417430,-0.253596
2026-07-20 14:36:21.300,292.499722,0.000000,0.000000,0.000000,0.306050,-0.395641,-0.287551,0.110173,-0.353821,-0.283274,0.208112,-0.374731,-0.285412,0.176370,-0.405407,-0.260624,0.195423,-0.423302,-0.201861,0.231645,-0.415911,-0.258761
2026-07-20 14:36:21.400,292.599722,0.000000,0.000000,0.000000,0.310091,-0.380084,-0.298894,0.113615,-0.341930,-0.292956,0.211853,-0.361007,-0.295925,0.179798,-0.392084,-0.271861,0.199901,-0.412751,-0.213107,0.236039,-0.402142,-0.270510
2026-07-20 14:36:21.500,292.699722,0.000000,0.000000,0.000000,0.310422,-0.379143,-0.298810,0.113710,-0.340927,-0.292863,0.212066,-0.360035,-0.295837,0.179798,-0.392084,-0.271861,0.199901,-0.412751,-0.213107,0.236039,-0.402142,-0.270510
2026-07-20 14:36:21.600,292.799722,0.000000,0.000000,0.000000,0.310136,-0.398049,-0.282525,0.113771,-0.359470,-0.279898,0.211953,-0.378759,-0.281211,0.179549,-0.408104,-0.256120,0.199034,-0.426425,-0.196387,0.235711,-0.418444,-0.253874
2026-07-20 14:36:21.700,292.899722,0.000000,0.000000,0.000000,0.309771,-0.397976,-0.282294,0.113944,-0.356445,-0.279517,0.211858,-0.377211,-0.280906,0.179521,-0.407089,-0.255842,0.199006,-0.425410,-0.196109,0.235683,-0.417430,-0.253596
2026-07-20 14:36:21.800,292.999722,0.000000,0.000000,0.000000,0.310472,-0.397108,-0.282477,0.113872,-0.358465,-0.279846,0.212172,-0.377786,-0.281162,0.180380,-0.408326,-0.256157,0.199034,-0.426425,-0.196387,0.235711,-0.418444,-0.253874
2026-07-20 14:36:21.900,293.099721,0.000000,0.000000,0.000000,0.309941,-0.390948,-0.280581,0.113576,-0.352369,-0.277954,0.211758,-0.371658,-0.279267,0.179166,-0.401981,-0.254260,0.199053,-0.418362,-0.194282,0.235773,-0.410385,-0.251844
2026-07-20 14:36:22.000,293.199721,0.000000,0.000000,0.000000,0.310556,-0.400151,-0.283310,0.113955,-0.361508,-0.280679,0.212255,-0.380829,-0.281995,0.179633,-0.411147,-0.256953,0.199117,-0.429468,-0.197220,0.235794,-0.421488,-0.254707
2026-07-20 14:36:22.100,293.299721,0.000000,0.000000,0.000000,0.310136,-0.398049,-0.282525,0.113771,-0.359470,-0.279898,0.211953,-0.378759,-0.281211,0.179549,-0.408104,-0.256120,0.198209,-0.426205,-0.196350,0.235711,-0.418444,-0.253874
2026-07-20 14:36:22.200,293.399721,0.000000,0.000000,0.000000,0.323339,-0.374381,-0.292679,0.125547,-0.342507,-0.288885,0.224443,-0.358444,-0.290782,0.192882,-0.390628,-0.266728,0.213019,-0.410171,-0.207602,0.249137,-0.400095,-0.264910
2026-07-20 14:36:22.300,293.499721,0.000000,0.000000,0.000000,0.309913,-0.389934,-0.280303,0.113649,-0.350349,-0.277625,0.211781,-0.370141,-0.278964,0.179326,-0.399988,-0.253898,0.198200,-0.417127,-0.193967,0.235488,-0.410329,-0.251652
2026-07-20 14:36:22.400,293.599721,0.000000,0.000000,0.000000,0.310187,-0.383090,-0.299851,0.113711,-0.344936,-0.293912,0.211949,-0.364013,-0.296882,0.179893,-0.395090,-0.272818,0.199171,-0.415544,-0.214011,0.235882,-0.406104,-0.271590
2026-07-20 14:36:22.500,293.699721,0.000000,0.000000,0.000000,0.310518,-0.382149,-0.299767,0.113522,-0.346941,-0.294098,0.212020,-0.364545,-0.296932,0.179893,-0.395090,-0.272818,0.199171,-0.415544,-0.214011,0.235882,-0.406104,-0.271590
2026-07-20 14:36:22.600,293.799721,0.000000,0.000000,0.000000,0.310422,-0.379143,-0.298810,0.113710,-0.340927,-0.292863,0.212066,-0.360035,-0.295837,0.179798,-0.392084,-0.271861,0.199076,-0.412538,-0.213054,0.235787,-0.403098,-0.270633
2026-07-20 14:36:22.700,293.899721,0.000000,0.000000,0.000000,0.310052,-0.395006,-0.281691,0.113587,-0.357432,-0.279116,0.211820,-0.376219,-0.280404,0.179465,-0.405061,-0.255287,0.198126,-0.423162,-0.195517,0.235627,-0.415401,-0.253040
2026-07-20 14:36:22.800,293.999721,0.000000,0.000000,0.000000,0.310187,-0.383090,-0.299851,0.113522,-0.346941,-0.294098,0.211854,-0.365016,-0.296975,0.179711,-0.396065,-0.272941,0.199171,-0.415544,-0.214011,0.236135,-0.405148,-0.271466
2026-07-20 14:36:22.900,294.099720,0.000000,0.000000,0.000000,0.310155,-0.382088,-0.299532,0.113774,-0.342931,-0.293501,0.211964,-0.362509,-0.296516,0.179679,-0.395063,-0.272622,0.199139,-0.414542,-0.213692,0.236103,-0.404146,-0.271147
2026-07-20 14:36:23.000,294.199720,0.000000,0.000000,0.000000,0.310422,-0.379143,-0.298810,0.113615,-0.341930,-0.292956,0.212019,-0.360536,-0.295883,0.179798,-0.392084,-0.271861,0.199076,-0.412538,-0.213054,0.236039,-0.402142,-0.270510
2026-07-20 14:36:23.100,294.299720,0.000000,0.000000,0.000000,0.310024,-0.393991,-0.281414,0.113760,-0.354407,-0.278735,0.211892,-0.374199,-0.280075,0.179438,-0.404046,-0.255009,0.198098,-0.422147,-0.195239,0.235342,-0.415345,-0.252849
2026-07-20 14:36:23.200,294.399720,0.000000,0.000000,0.000000,0.310108,-0.397035,-0.282247,0.113743,-0.358455,-0.279620,0.211926,-0.377745,-0.280934,0.179521,-0.407089,-0.255842,0.198182,-0.425190,-0.196072,0.235683,-0.417430,-0.253596
2026-07-20 14:36:23.300,294.499720,0.000000,0.000000,0.000000,0.310052,-0.395006,-0.281691,0.113888,-0.354416,-0.278962,0.211970,-0.374711,-0.280326,0.179278,-0.406038,-0.255370,0.198126,-0.423162,-0.195517,0.235627,-0.415401,-0.253040
2026-07-20 14:36:23.400,294.599720,0.000000,0.000000,0.000000,0.310472,-0.397108,-0.282477,0.113872,-0.358465,-0.279846,0.212172,-0.377786,-0.281162,0.179549,-0.408104,-0.256120,0.197996,-0.427167,-0.196511,0.235453,-0.419403,-0.253960
2026-07-20 14:36:23.500,294.699720,0.000000,0.000000,0.000000,0.309728,-0.380023,-0.298659,0.113678,-0.339925,-0.292544,0.211703,-0.359974,-0.295602,0.179584,-0.392057,-0.271665,0.199044,-0.411536,-0.212735,0.236008,-0.401140,-0.270191
2026-07-20 14:36:23.600,294.799720,0.000000,0.000000,0.000000,0.310187,-0.383090,-0.299851,0.113806,-0.343933,-0.293820,0.211996,-0.363511,-0.296835,0.179711,-0.396065,-0.272941,0.199152,-0.415409,-0.214855,0.235882,-0.406104,-0.271590
2026-07-20 14:36:23.700,294.899720,0.000000,0.000000,0.000000,0.310136,-0.398049,-0.282525,0.113872,-0.358465,-0.279846,0.212004,-0.378257,-0.281185,0.179361,-0.409082,-0.256204,0.199022,-0.426325,-0.197236,0.235196,-0.420362,-0.254046
2026-07-20 14:36:23.800,294.999720,0.000000,0.000000,0.000000,0.310218,-0.384092,-0.300170,0.113554,-0.347943,-0.294417,0.211886,-0.366018,-0.297293,0.179743,-0.397067,-0.273260,0.199799,-0.417580,-0.215425,0.235914,-0.407105,-0.271909
2026-07-20 14:36:23.900,295.099720,0.000000,0.000000,0.000000,0.310164,-0.399064,-0.282802,0.113799,-0.360484,-0.280176,0.211981,-0.379774,-0.281489,0.179389,-0.410096,-0.256481,0.198836,-0.428302,-0.197674,0.235481,-0.420417,-0.254237
2026-07-20 14:36:24.000,295.199719,0.000000,0.000000,0.000000,0.309688,-0.394933,-0.281461,0.113760,-0.354407,-0.278735,0.211724,-0.374670,-0.280098,0.179250,-0.405024,-0.255093,0.198685,-0.423130,-0.197133,0.235342,-0.415345,-0.252849
2026-07-20 14:36:24.100,295.299719,0.000000,0.000000,0.000000,0.310218,-0.384092,-0.300170,0.113837,-0.344935,-0.294139,0.212028,-0.364513,-0.297154,0.179723,-0.396931,-0.274109,0.199780,-0.417445,-0.216268,0.235914,-0.407105,-0.271909
2026-07-20 14:36:24.200,295.399719,0.000000,0.000000,0.000000,0.310155,-0.382088,-0.299532,0.113585,-0.344937,-0.293686,0.211870,-0.363512,-0.296609,0.179660,-0.394927,-0.273471,0.199716,-0.415441,-0.215630,0.235851,-0.405102,-0.271271
2026-07-20 14:36:24.300,295.499719,0.000000,0.000000,0.000000,0.310390,-0.378141,-0.298491,0.113489,-0.341931,-0.292729,0.211940,-0.360036,-0.295610,0.179584,-0.392057,-0.271665,0.199412,-0.413392,-0.214870,0.235755,-0.402096,-0.270314
2026-07-20 14:36:24.400,295.599719,0.000000,0.000000,0.000000,0.310059,-0.379082,-0.298575,0.113678,-0.339925,-0.292544,0.211869,-0.359503,-0.295560,0.179564,-0.391921,-0.272515,0.198797,-0.412223,-0.214620,0.235755,-0.402096,-0.270314
2026-07-20 14:36:24.500,295.699719,0.000000,0.000000,0.000000,0.322972,-0.374328,-0.292448,0.125418,-0.342509,-0.288660,0.224195,-0.358419,-0.290554,0.192511,-0.391585,-0.266649,0.211929,-0.409813,-0.208285,0.248850,-0.400054,-0.264718
2026-07-20 14:36:24.600,295.799719,0.000000,0.000000,0.000000,0.310314,-0.387098,-0.301127,0.113838,-0.348944,-0.295188,0.212076,-0.368021,-0.298158,0.178988,-0.399723,-0.275013,0.199279,-0.419417,-0.216131,0.236846,-0.410327,-0.272920
2026-07-20 14:36:24.700,295.899719,0.000000,0.000000,0.000000,0.310155,-0.382088,-0.299532,0.113585,-0.344937,-0.293686,0.211870,-0.363512,-0.296609,0.178849,-0.394849,-0.272569,0.198912,-0.415363,-0.214734,0.236940,-0.404362,-0.271201
2026-07-20 14:36:24.800,295.999719,0.000000,0.000000,0.000000,0.310164,-0.399064,-0.282802,0.113699,-0.361490,-0.280227,0.211931,-0.380277,-0.281515,0.178548,-0.409775,-0.257298,0.198024,-0.428182,-0.196789,0.235481,-0.420417,-0.254237
2026-07-20 14:36:24.900,296.099719,0.000000,0.000000,0.000000,0.310080,-0.396020,-0.281969,0.113816,-0.356436,-0.279291,0.211948,-0.376228,-0.280630,0.178465,-0.406731,-0.256465,0.197941,-0.425138,-0.195956,0.236232,-0.417597,-0.253442
2026-07-20 14:36:25.000,296.199718,0.000000,0.000000,0.000000,0.309964,-0.376076,-0.297619,0.113488,-0.337922,-0.291680,0.211726,-0.356999,-0.294649,0.179488,-0.389051,-0.270708,0.198948,-0.408530,-0.211778,0.236242,-0.400261,-0.269535
2026-07-20 14:36:25.100,296.299718,0.000000,0.000000,0.000000,0.322787,-0.371317,-0.291521,0.125299,-0.338492,-0.287650,0.224043,-0.354904,-0.289586,0.191643,-0.387402,-0.265564,0.211775,-0.407054,-0.205671,0.249731,-0.396273,-0.263719
2026-07-20 14:36:25.200,296.399718,0.000000,0.000000,0.000000,0.310136,-0.398049,-0.282525,0.113872,-0.358465,-0.279846,0.212004,-0.378257,-0.281185,0.179361,-0.409082,-0.256204,0.198008,-0.427267,-0.195663,0.236159,-0.420105,-0.254040
2026-07-20 14:36:25.300,296.499718,0.000000,0.000000,0.000000,0.310108,-0.397035,-0.282247,0.113844,-0.357450,-0.279569,0.211976,-0.377242,-0.280908,0.178504,-0.407846,-0.255889,0.198193,-0.425290,-0.195224,0.236260,-0.418611,-0.253719
2026-07-20 14:36:25.400,296.599718,0.000000,0.000000,0.000000,0.310518,-0.382149,-0.299767,0.113806,-0.343933,-0.293820,0.212162,-0.363041,-0.296793,0.178880,-0.395851,-0.272888,0.199418,-0.414858,-0.212122,0.235882,-0.406104,-0.271590
2026-07-20 14:36:25.500,296.699718,0.000000,0.000000,0.000000,0.309941,-0.390948,-0.280581,0.113677,-0.351363,-0.277902,0.211809,-0.371156,-0.279241,0.179166,-0.401981,-0.254260,0.197213,-0.419083,-0.192671,0.236093,-0.412525,-0.252053
2026-07-20 14:36:25.600,296.799718,0.000000,0.000000,0.000000,0.310080,-0.396020,-0.281969,0.113716,-0.357441,-0.279342,0.211898,-0.376731,-0.280656,0.178476,-0.406831,-0.255611,0.197576,-0.423293,-0.193047,0.236232,-0.417597,-0.253442
2026-07-20 14:36:25.700,296.899718,0.000000,0.000000,0.000000,0.309688,-0.394933,-0.281461,0.113861,-0.353401,-0.278684,0.211774,-0.374167,-0.280073,0.179250,-0.405024,-0.255093,0.197520,-0.421264,-0.192491,0.236435,-0.414610,-0.252800
2026-07-20 14:36:25.800,296.999718,0.000000,0.000000,0.000000,0.310697,-0.392108,-0.281319,0.113660,-0.355412,-0.278787,0.212178,-0.373760,-0.280053,0.179250,-0.405024,-0.255093,0.197532,-0.421364,-0.191641,0.236176,-0.415568,-0.252886
2026-07-20 14:36:25.900,297.099718,0.000000,0.000000,0.000000,0.310191,-0.400078,-0.283080,0.113927,-0.360493,-0.280402,0.212059,-0.380286,-0.281741,0.179417,-0.411111,-0.256759,0.197699,-0.427450,-0.193307,0.236344,-0.421655,-0.254553
2026-07-20 14:36:26.000,297.199718,0.000000,0.000000,0.000000,0.309982,-0.392470,-0.280997,0.113618,-0.353890,-0.278371,0.211800,-0.373180,-0.279684,0.179208,-0.403502,-0.254676,0.197502,-0.419942,-0.190374,0.236135,-0.414046,-0.252470
2026-07-20 14:36:26.100,297.299717,0.000000,0.000000,0.000000,0.310333,-0.392035,-0.281088,0.113732,-0.353392,-0.278458,0.212033,-0.372714,-0.279773,0.179222,-0.404010,-0.254815,0.196690,-0.420229,-0.190476,0.236407,-0.413595,-0.252523
2026-07-20 14:36:26.200,297.399717,0.000000,0.000000,0.000000,0.310108,-0.397035,-0.282247,0.113743,-0.358455,-0.279620,0.211926,-0.377745,-0.280934,0.179334,-0.408067,-0.255926,0.196696,-0.424768,-0.191670,0.236260,-0.418611,-0.253719
2026-07-20 14:36:26.300,297.499717,0.000000,0.000000,0.000000,0.310108,-0.397035,-0.282247,0.113844,-0.357450,-0.279569,0.211976,-0.377242,-0.280908,0.179521,-0.407089,-0.255842,0.196591,-0.425249,-0.191754,0.236519,-0.417653,-0.253633
2026-07-20 14:36:26.400,297.599717,0.000000,0.000000,0.000000,0.309969,-0.391962,-0.280858,0.113704,-0.352378,-0.278180,0.211837,-0.372170,-0.279519,0.179194,-0.402995,-0.254537,0.195627,-0.419956,-0.190328,0.236121,-0.413539,-0.252331
2026-07-20 14:36:26.500,297.699717,0.000000,0.000000,0.000000,0.310024,-0.393991,-0.281414,0.113760,-0.354407,-0.278735,0.211892,-0.374199,-0.280075,0.178607,-0.403824,-0.254972,0.195893,-0.421023,-0.190717,0.235918,-0.416526,-0.252972
2026-07-20 14:36:26.600,297.799717,0.000000,0.000000,0.000000,0.310333,-0.392035,-0.281088,0.113833,-0.352387,-0.278406,0.212083,-0.372211,-0.279747,0.178393,-0.403788,-0.254778,0.195667,-0.421071,-0.189757,0.236149,-0.414554,-0.252609
2026-07-20 14:36:26.700,297.899717,0.000000,0.000000,0.000000,0.310282,-0.386096,-0.300808,0.113901,-0.346939,-0.294776,0.212092,-0.366517,-0.297792,0.178976,-0.398856,-0.273844,0.196062,-0.418373,-0.210537,0.237067,-0.408369,-0.272477
2026-07-20 14:36:26.800,297.999717,0.000000,0.000000,0.000000,0.310164,-0.399064,-0.282802,0.113699,-0.361490,-0.280227,0.211931,-0.380277,-0.281515,0.178560,-0.409875,-0.256444,0.194998,-0.426838,-0.192235,0.236574,-0.419682,-0.254189
2026-07-20 14:36:26.900,298.099717,0.000000,0.000000,0.000000,0.310444,-0.396093,-0.282199,0.113643,-0.359461,-0.279672,0.212044,-0.377777,-0.280936,0.178504,-0.407846,-0.255889,0.194942,-0.424809,-0.191680,0.236272,-0.418712,-0.252860
2026-07-20 14:36:27.000,298.199717,0.000000,0.000000,0.000000,0.310108,-0.397035,-0.282247,0.113844,-0.357450,-0.279569,0.211976,-0.377242,-0.280908,0.178504,-0.407846,-0.255889,0.194338,-0.423725,-0.190626,0.236260,-0.418611,-0.253719
2026-07-20 14:36:27.100,298.299716,0.000000,0.000000,0.000000,0.310390,-0.378141,-0.298491,0.113584,-0.340928,-0.292637,0.211987,-0.359534,-0.295564,0.178753,-0.391843,-0.271612,0.195237,-0.410325,-0.207201,0.236611,-0.402448,-0.269513
2026-07-20 14:36:27.200,298.399716,0.000000,0.000000,0.000000,0.310191,-0.400078,-0.283080,0.113727,-0.362504,-0.280505,0.211959,-0.381291,-0.281792,0.178401,-0.411867,-0.256805,0.193389,-0.427512,-0.191590,0.236344,-0.421655,-0.254553
2026-07-20 14:36:27.300,298.499716,0.000000,0.000000,0.000000,0.310108,-0.397035,-0.282247,0.113944,-0.356445,-0.279517,0.212026,-0.376740,-0.280882,0.178504,-0.407846,-0.255889,0.193306,-0.424468,-0.190757,0.236519,-0.417653,-0.253633
2026-07-20 14:36:27.400,298.599716,0.000000,0.000000,0.000000,0.310849,-0.381208,-0.299683,0.113522,-0.346941,-0.294098,0.212185,-0.364075,-0.296890,0.178880,-0.395851,-0.272888,0.194336,-0.415076,-0.208630,0.236991,-0.405500,-0.270664
2026-07-20 14:36:27.500,298.699716,0.000000,0.000000,0.000000,0.310817,-0.380206,-0.299364,0.113585,-0.344937,-0.293686,0.212201,-0.362571,-0.296525,0.178849,-0.394849,-0.272569,0.193479,-0.413861,-0.208258,0.236686,-0.405317,-0.271325
2026-07-20 14:36:27.600,298.799716,0.000000,0.000000,0.000000,0.310500,-0.398122,-0.282755,0.113899,-0.359479,-0.280124,0.212200,-0.378801,-0.281439,0.178560,-0.409875,-0.256444,0.192743,-0.425314,-0.191107,0.236327,-0.420741,-0.253415
2026-07-20 14:36:27.700,298.899716,0.000000,0.000000,0.000000,0.310080,-0.396020,-0.281969,0.113916,-0.355430,-0.279239,0.211998,-0.375725,-0.280604,0.178488,-0.406932,-0.254756,0.192659,-0.422270,-0.190274,0.236244,-0.417698,-0.252582
2026-07-20 14:36:27.800,298.999716,0.000000,0.000000,0.000000,0.310444,-0.396093,-0.282199,0.114044,-0.355440,-0.279465,0.212244,-0.375766,-0.280832,0.178516,-0.407946,-0.255034,0.192481,-0.424248,-0.190720,0.236272,-0.418712,-0.252860
2026-07-20 14:36:27.900,299.099716,0.000000,0.000000,0.000000,0.310444,-0.396093,-0.282199,0.113844,-0.357450,-0.279569,0.212144,-0.376772,-0.280884,0.178516,-0.407946,-0.255034,0.192470,-0.424149,-0.191569,0.236272,-0.418712,-0.252860
2026-07-20 14:36:28.000,299.199716,0.000000,0.000000,0.000000,0.310416,-0.395079,-0.281922,0.113816,-0.356436,-0.279291,0.212116,-0.375757,-0.280606,0.178674,-0.405954,-0.254672,0.192648,-0.422171,-0.191124,0.235974,-0.418555,-0.253528
2026-07-20 14:36:28.100,299.299716,0.000000,0.000000,0.000000,0.309996,-0.392977,-0.281136,0.113632,-0.354398,-0.278509,0.211814,-0.373687,-0.279823,0.178579,-0.402810,-0.254694,0.192358,-0.420091,-0.190458,0.235068,-0.415390,-0.251798
2026-07-20 14:36:28.200,299.399715,0.000000,0.000000,0.000000,0.310472,-0.397108,-0.282477,0.113872,-0.358465,-0.279846,0.212172,-0.377786,-0.281162,0.178544,-0.408961,-0.255312,0.193517,-0.424320,-0.192567,0.235207,-0.420462,-0.253187
2026-07-20 14:36:28.300,299.499715,0.000000,0.000000,0.000000,0.310136,-0.398049,-0.282525,0.113872,-0.358465,-0.279846,0.212004,-0.378257,-0.281185,0.178544,-0.408961,-0.255312,0.193517,-0.424320,-0.192567,0.235207,-0.420462,-0.253187
2026-07-20 14:36:28.400,299.599715,0.000000,0.000000,0.000000,0.310472,-0.397108,-0.282477,0.113972,-0.357459,-0.279795,0.212222,-0.377283,-0.281136,0.178532,-0.408860,-0.256166,0.194123,-0.425404,-0.193618,0.235207,-0.420462,-0.253187
2026-07-20 14:36:28.500,299.699715,0.000000,0.000000,0.000000,0.309996,-0.392977,-0.281136,0.113833,-0.352387,-0.278406,0.211915,-0.372682,-0.279771,0.178393,-0.403788,-0.254778,0.193972,-0.420232,-0.193079,0.235326,-0.414432,-0.251711
2026-07-20 14:36:28.600,299.799715,0.000000,0.000000,0.000000,0.310080,-0.396020,-0.281969,0.113816,-0.356436,-0.279291,0.211948,-0.376228,-0.280630,0.178476,-0.406831,-0.255611,0.194880,-0.423495,-0.193949,0.235140,-0.418333,-0.253490
2026-07-20 14:36:28.700,299.899715,0.000000,0.000000,0.000000,0.309996,-0.392977,-0.281136,0.113732,-0.353392,-0.278458,0.211864,-0.373185,-0.279797,0.178393,-0.403788,-0.254778,0.194785,-0.420352,-0.193965,0.235056,-0.415289,-0.252657
2026-07-20 14:36:28.800,299.999715,0.000000,0.000000,0.000000,0.310361,-0.393050,-0.281366,0.113660,-0.355412,-0.278787,0.212010,-0.374231,-0.280077,0.178234,-0.405781,-0.255139,0.195625,-0.421487,-0.195128,0.234827,-0.417262,-0.253021
2026-07-20 14:36:28.900,300.099715,0.000000,0.000000,0.000000,0.310444,-0.396093,-0.282199,0.113944,-0.356445,-0.279517,0.212194,-0.376269,-0.280858,0.178504,-0.407846,-0.255889,0.195709,-0.424530,-0.195961,0.235168,-0.419347,-0.253768
2026-07-20 14:36:29.000,300.199715,0.000000,0.000000,0.000000,0.310444,-0.396093,-0.282199,0.113944,-0.356445,-0.279517,0.212194,-0.376269,-0.280858,0.178504,-0.407846,-0.255889,0.196522,-0.424651,-0.196847,0.235168,-0.419347,-0.253768
2026-07-20 14:36:29.100,300.299715,0.000000,0.000000,0.000000,0.310753,-0.394137,-0.281874,0.113916,-0.355430,-0.279239,0.212335,-0.374784,-0.280557,0.178476,-0.406831,-0.255611,0.196705,-0.422673,-0.196410,0.235140,-0.418333,-0.253490
2026-07-20 14:36:29.200,300.399714,0.000000,0.000000,0.000000,0.310500,-0.398122,-0.282755,0.114000,-0.358474,-0.280072,0.212250,-0.378298,-0.281414,0.178560,-0.409875,-0.256444,0.196788,-0.425717,-0.197243,0.235223,-0.421376,-0.254323
2026-07-20 14:36:29.300,300.499714,0.000000,0.000000,0.000000,0.309996,-0.392977,-0.281136,0.113933,-0.351382,-0.278354,0.211965,-0.372179,-0.279745,0.178393,-0.403788,-0.254778,0.196621,-0.419630,-0.195576,0.235056,-0.415289,-0.252657
2026-07-20 14:36:29.400,300.599714,0.000000,0.000000,0.000000,0.310164,-0.399064,-0.282802,0.114000,-0.358474,-0.280072,0.212082,-0.378769,-0.281437,0.178560,-0.409875,-0.256444,0.197390,-0.426800,-0.198289,0.234966,-0.422335,-0.254409
2026-07-20 14:36:29.500,300.699714,0.000000,0.000000,0.000000,0.310080,-0.396020,-0.281969,0.113916,-0.355430,-0.279239,0.211998,-0.375725,-0.280604,0.178476,-0.406831,-0.255611,0.197306,-0.423757,-0.197456,0.234882,-0.419291,-0.253576
2026-07-20 14:36:29.600,300.799714,0.000000,0.000000,0.000000,0.310444,-0.396093,-0.282199,0.113844,-0.357450,-0.279569,0.212144,-0.376772,-0.280884,0.178504,-0.407846,-0.255889,0.197334,-0.424771,-0.197733,0.235168,-0.419347,-0.253768
2026-07-20 14:36:29.700,300.899714,0.000000,0.000000,0.000000,0.310389,-0.394064,-0.281644,0.113788,-0.355421,-0.279013,0.212088,-0.374743,-0.280329,0.178448,-0.405817,-0.255333,0.197890,-0.423925,-0.197374,0.235112,-0.417318,-0.253213
2026-07-20 14:36:29.800,300.999714,0.000000,0.000000,0.000000,0.310500,-0.398122,-0.282755,0.113899,-0.359479,-0.280124,0.212200,-0.378801,-0.281439,0.178560,-0.409875,-0.256444,0.198214,-0.427020,-0.198326,0.234966,-0.422335,-0.254409
2026-07-20 14:36:29.900,301.099714,0.000000,0.000000,0.000000,0.310108,-0.397035,-0.282247,0.113643,-0.359461,-0.279672,0.211875,-0.378248,-0.280959,0.178504,-0.407846,-0.255889,0.198983,-0.425211,-0.197807,0.235168,-0.419347,-0.253768
2026-07-20 14:36:30.000,301.199714,0.000000,0.000000,0.000000,0.309885,-0.388919,-0.280025,0.113621,-0.349335,-0.277347,0.211753,-0.369127,-0.278686,0.178281,-0.399730,-0.253667,0.198760,-0.417096,-0.195586,0.234687,-0.412190,-0.251632
2026-07-20 14:36:30.100,301.299714,0.000000,0.000000,0.000000,0.310191,-0.400078,-0.283080,0.113827,-0.361499,-0.280453,0.212009,-0.380788,-0.281767,0.179417,-0.411111,-0.256759,0.199675,-0.429436,-0.198836,0.235251,-0.422390,-0.254601
2026-07-20 14:36:30.200,301.399714,0.000000,0.000000,0.000000,0.310549,-0.383151,-0.300086,0.113743,-0.345938,-0.294231,0.212146,-0.364544,-0.297159,0.179743,-0.397067,-0.273260,0.200585,-0.417523,-0.217163,0.235662,-0.408061,-0.272033
2026-07-20 14:36:30.300,301.499713,0.000000,0.000000,0.000000,0.310444,-0.396093,-0.282199,0.113844,-0.357450,-0.279569,0.212144,-0.376772,-0.280884,0.179334,-0.408067,-0.255926,0.200620,-0.425552,-0.198730,0.234334,-0.419125,-0.253731
2026-07-20 14:36:30.400,301.599713,0.000000,0.000000,0.000000,0.309996,-0.392977,-0.281136,0.113732,-0.353392,-0.278458,0.211864,-0.373185,-0.279797,0.179222,-0.404010,-0.254815,0.201332,-0.421714,-0.197656,0.234223,-0.415067,-0.252620
2026-07-20 14:36:30.500,301.699713,0.000000,0.000000,0.000000,0.310080,-0.396020,-0.281969,0.114017,-0.354425,-0.279188,0.212048,-0.375223,-0.280578,0.179306,-0.407053,-0.255648,0.201416,-0.424757,-0.198490,0.235140,-0.418333,-0.253490
2026-07-20 14:36:30.600,301.799713,0.000000,0.000000,0.000000,0.310486,-0.397615,-0.282616,0.113886,-0.358972,-0.279985,0.212186,-0.378293,-0.281300,0.179375,-0.409589,-0.256342,0.202080,-0.428375,-0.200226,0.234119,-0.421605,-0.254233
2026-07-20 14:36:30.700,301.899713,0.000000,0.000000,0.000000,0.310528,-0.399137,-0.283032,0.114028,-0.359488,-0.280350,0.212278,-0.379312,-0.281691,0.179417,-0.411111,-0.256759,0.202122,-0.429896,-0.200643,0.234161,-0.423127,-0.254650
2026-07-20 14:36:30.800,301.999713,0.000000,0.000000,0.000000,0.310080,-0.396020,-0.281969,0.113816,-0.356436,-0.279291,0.211948,-0.376228,-0.280630,0.179306,-0.407053,-0.255648,0.202822,-0.425959,-0.200417,0.234882,-0.419291,-0.253576
2026-07-20 14:36:30.900,302.099713,0.000000,0.000000,0.000000,0.310697,-0.392108,-0.281319,0.113961,-0.352396,-0.278632,0.212329,-0.372252,-0.279975,0.179250,-0.405024,-0.255093,0.203589,-0.424150,-0.199898,0.234250,-0.416081,-0.252897
2026-07-20 14:36:31.000,302.199713,0.000000,0.000000,0.000000,0.310500,-0.398122,-0.282755,0.113899,-0.359479,-0.280124,0.212200,-0.378801,-0.281439,0.179389,-0.410096,-0.256481,0.203839,-0.428742,-0.201209,0.234390,-0.421154,-0.254286
2026-07-20 14:36:31.100,302.299713,0.000000,0.000000,0.000000,0.310136,-0.398049,-0.282525,0.113872,-0.358465,-0.279846,0.212004,-0.378257,-0.281185,0.180191,-0.409303,-0.256241,0.203910,-0.427147,-0.201703,0.234362,-0.420139,-0.254008
2026-07-20 14:36:31.200,302.399713,0.000000,0.000000,0.000000,0.310080,-0.396020,-0.281969,0.114017,-0.354425,-0.279188,0.212048,-0.375223,-0.280578,0.180324,-0.406297,-0.255602,0.204678,-0.425338,-0.201184,0.234050,-0.419069,-0.253539
2026-07-20 14:36:31.300,302.499712,0.000000,0.000000,0.000000,0.310024,-0.393991,-0.281414,0.113861,-0.353401,-0.278684,0.211942,-0.373696,-0.280049,0.180079,-0.405245,-0.255130,0.204611,-0.423210,-0.201478,0.234250,-0.416081,-0.252897
2026-07-20 14:36:31.400,302.599712,0.000000,0.000000,0.000000,0.310108,-0.397035,-0.282247,0.113944,-0.356445,-0.279517,0.212026,-0.376740,-0.280882,0.180352,-0.407311,-0.255879,0.205519,-0.426473,-0.202348,0.234334,-0.419125,-0.253731
2026-07-20 14:36:31.500,302.699712,0.000000,0.000000,0.000000,0.309857,-0.387905,-0.279747,0.113693,-0.347315,-0.277018,0.211775,-0.367610,-0.278383,0.180101,-0.398181,-0.253380,0.205490,-0.416382,-0.199696,0.234083,-0.409995,-0.251231
2026-07-20 14:36:31.600,302.799712,0.000000,0.000000,0.000000,0.310108,-0.397035,-0.282247,0.113743,-0.358455,-0.279620,0.211926,-0.377745,-0.280934,0.181182,-0.407533,-0.255917,0.206555,-0.425633,-0.203082,0.234334,-0.419125,-0.253731
2026-07-20 14:36:31.700,302.899712,0.000000,0.000000,0.000000,0.310291,-0.390514,-0.280672,0.113691,-0.351871,-0.278041,0.211991,-0.371192,-0.279356,0.181029,-0.401953,-0.254389,0.206402,-0.420053,-0.201555,0.234181,-0.413545,-0.252203
2026-07-20 14:36:31.800,302.999712,0.000000,0.000000,0.000000,0.310836,-0.397181,-0.282707,0.114000,-0.358474,-0.280072,0.212418,-0.377827,-0.281390,0.181238,-0.409562,-0.256472,0.207424,-0.427782,-0.204525,0.234390,-0.421154,-0.254286
2026-07-20 14:36:31.900,303.099712,0.000000,0.000000,0.000000,0.310191,-0.400078,-0.283080,0.113927,-0.360493,-0.280402,0.212059,-0.380286,-0.281741,0.182096,-0.410798,-0.256787,0.208277,-0.429017,-0.204839,0.234662,-0.421108,-0.255337
2026-07-20 14:36:32.000,303.199712,0.000000,0.000000,0.000000,0.323772,-0.381407,-0.294840,0.126113,-0.347522,-0.290879,0.224943,-0.364465,-0.292860,0.195828,-0.398231,-0.269021,0.222632,-0.417072,-0.218517,0.247887,-0.406734,-0.266982
2026-07-20 14:36:32.100,303.299712,0.000000,0.000000,0.000000,0.310024,-0.393991,-0.281414,0.113760,-0.354407,-0.278735,0.211892,-0.374199,-0.280075,0.181929,-0.404711,-0.255121,0.208099,-0.422831,-0.204023,0.234495,-0.415021,-0.253671
2026-07-20 14:36:32.200,303.399712,0.000000,0.000000,0.000000,0.310191,-0.400078,-0.283080,0.113927,-0.360493,-0.280402,0.212059,-0.380286,-0.281741,0.182096,-0.410798,-0.256787,0.209080,-0.429038,-0.206576,0.233572,-0.421845,-0.255385
2026-07-20 14:36:32.300,303.499712,0.000000,0.000000,0.000000,0.323220,-0.378343,-0.293683,0.125799,-0.344513,-0.289728,0.224510,-0.361428,-0.291705,0.195738,-0.393236,-0.267672,0.223201,-0.413121,-0.218172,0.247401,-0.403556,-0.266719
2026-07-20 14:36:32.400,303.599711,0.000000,0.000000,0.000000,0.310556,-0.400151,-0.283310,0.113955,-0.361508,-0.280679,0.212255,-0.380829,-0.281995,0.182315,-0.410835,-0.256981,0.209322,-0.428992,-0.207557,0.233855,-0.421900,-0.255578
2026-07-20 14:36:32.500,303.699711,0.000000,0.000000,0.000000,0.310080,-0.396020,-0.281969,0.113816,-0.356436,-0.279291,0.211948,-0.376228,-0.280630,0.181985,-0.406740,-0.255676,0.209183,-0.423920,-0.206168,0.233716,-0.416828,-0.254189
2026-07-20 14:36:32.600,303.799711,0.000000,0.000000,0.000000,0.310024,-0.393991,-0.281414,0.114722,-0.353631,-0.278722,0.212373,-0.373811,-0.280068,0.182108,-0.403634,-0.255894,0.209116,-0.421791,-0.206464,0.233660,-0.414799,-0.253634
2026-07-20 14:36:32.700,303.899711,0.000000,0.000000,0.000000,0.310024,-0.393991,-0.281414,0.113961,-0.352396,-0.278632,0.211993,-0.373194,-0.280023,0.182108,-0.403634,-0.255894,0.209942,-0.422012,-0.206501,0.233660,-0.414799,-0.253634
2026-07-20 14:36:32.800,303.999711,0.000000,0.000000,0.000000,0.310416,-0.395079,-0.281922,0.113816,-0.356436,-0.279291,0.212116,-0.375757,-0.280606,0.182164,-0.405662,-0.256449,0.209998,-0.424041,-0.207056,0.233716,-0.416828,-0.254189
2026-07-20 14:36:32.900,304.099711,0.000000,0.000000,0.000000,0.310361,-0.393050,-0.281366,0.113861,-0.353401,-0.278684,0.212111,-0.373226,-0.280025,0.182108,-0.403634,-0.255894,0.209116,-0.421791,-0.206464,0.233660,-0.414799,-0.253634
2026-07-20 14:36:33.000,304.199711,0.000000,0.000000,0.000000,0.310389,-0.394064,-0.281644,0.113688,-0.356426,-0.279065,0.212038,-0.375245,-0.280354,0.182136,-0.404648,-0.256172,0.209742,-0.423986,-0.206925,0.233944,-0.414854,-0.253826
2026-07-20 14:36:33.100,304.299711,0.000000,0.000000,0.000000,0.310218,-0.384092,-0.300170,0.113743,-0.345938,-0.294231,0.211981,-0.365015,-0.297201,0.182586,-0.395626,-0.274026,0.210104,-0.415516,-0.226466,0.234348,-0.406059,-0.272595
2026-07-20 14:36:33.200,304.399711,0.000000,0.000000,0.000000,0.310556,-0.400151,-0.283310,0.113955,-0.361508,-0.280679,0.212255,-0.380829,-0.281995,0.182943,-0.411934,-0.257958,0.210126,-0.429013,-0.209296,0.233855,-0.421900,-0.255578
2026-07-20 14:36:33.300,304.499711,0.000000,0.000000,0.000000,0.304842,-0.410472,-0.267336,0.109303,-0.366892,-0.266485,0.207073,-0.388682,-0.266910,0.176526,-0.418367,-0.241963,0.204151,-0.434535,-0.192731,0.227834,-0.430204,-0.239198
2026-07-20 14:36:33.400,304.599710,0.000000,0.000000,0.000000,0.310024,-0.393991,-0.281414,0.113760,-0.354407,-0.278735,0.211892,-0.374199,-0.280075,0.182940,-0.403856,-0.255931,0.209931,-0.421912,-0.207352,0.233916,-0.413839,-0.253549
2026-07-20 14:36:33.500,304.699710,0.000000,0.000000,0.000000,0.323339,-0.374381,-0.292679,0.125597,-0.341370,-0.289685,0.224468,-0.357875,-0.291182,0.195694,-0.389118,-0.267485,0.223801,-0.409922,-0.219829,0.247438,-0.399581,-0.265677
2026-07-20 14:36:33.600,304.799710,0.000000,0.000000,0.000000,0.310052,-0.395006,-0.281691,0.113888,-0.354416,-0.278962,0.211970,-0.374711,-0.280326,0.182327,-0.403671,-0.256089,0.209731,-0.423887,-0.207775,0.233688,-0.415813,-0.253911
2026-07-20 14:36:33.700,304.899710,0.000000,0.000000,0.000000,0.310108,-0.397035,-0.282247,0.114704,-0.357680,-0.279607,0.212406,-0.377357,-0.280927,0.182192,-0.406677,-0.256727,0.209787,-0.425915,-0.208330,0.233744,-0.417842,-0.254467
2026-07-20 14:36:33.800,304.999710,0.000000,0.000000,0.000000,0.310581,-0.384153,-0.300405,0.113585,-0.348945,-0.294736,0.212083,-0.366549,-0.297570,0.182617,-0.396628,-0.274345,0.210740,-0.417686,-0.227021,0.234255,-0.407540,-0.272976
2026-07-20 14:36:33.900,305.099710,0.000000,0.000000,0.000000,0.309951,-0.387036,-0.300892,0.113996,-0.345936,-0.294684,0.211973,-0.366486,-0.297788,0.182649,-0.397629,-0.274664,0.210883,-0.418210,-0.227249,0.234287,-0.408542,-0.273295
2026-07-20 14:36:34.000,305.199710,0.000000,0.000000,0.000000,0.309964,-0.376076,-0.297619,0.113394,-0.338925,-0.291773,0.211679,-0.357500,-0.294696,0.182331,-0.387610,-0.271474,0.209849,-0.407500,-0.223915,0.233969,-0.398522,-0.270105
2026-07-20 14:36:34.100,305.299710,0.000000,0.000000,0.000000,0.323344,-0.380350,-0.294300,0.125856,-0.347526,-0.290429,0.224600,-0.363938,-0.292364,0.195846,-0.395116,-0.269142,0.223279,-0.414750,-0.221329,0.247747,-0.404599,-0.267221
2026-07-20 14:36:34.200,305.399710,0.000000,0.000000,0.000000,0.310028,-0.378080,-0.298256,0.113552,-0.339926,-0.292318,0.211790,-0.359003,-0.295287,0.182395,-0.389614,-0.272112,0.209691,-0.410459,-0.224736,0.233782,-0.401482,-0.270866
2026-07-20 14:36:34.300,305.499710,0.000000,0.000000,0.000000,0.310091,-0.380084,-0.298894,0.113805,-0.339924,-0.292770,0.211948,-0.360004,-0.295832,0.183291,-0.391832,-0.272803,0.209976,-0.411508,-0.225190,0.234096,-0.402530,-0.271381
2026-07-20 14:36:34.400,305.599710,0.000000,0.000000,0.000000,0.310091,-0.380084,-0.298894,0.113710,-0.340927,-0.292863,0.211901,-0.360505,-0.295879,0.182458,-0.391618,-0.272750,0.209976,-0.411508,-0.225190,0.234096,-0.402530,-0.271381
2026-07-20 14:36:34.500,305.699709,0.000000,0.000000,0.000000,0.310389,-0.394064,-0.281644,0.113688,-0.356426,-0.279065,0.212038,-0.375245,-0.280354,0.182136,-0.404648,-0.256172,0.209132,-0.422706,-0.207593,0.233688,-0.415813,-0.253911
2026-07-20 14:36:34.600,305.799709,0.000000,0.000000,0.000000,0.310422,-0.379143,-0.298810,0.113615,-0.341930,-0.292956,0.212019,-0.360536,-0.295883,0.182458,-0.391618,-0.272750,0.208909,-0.412114,-0.226166,0.234096,-0.402530,-0.271381
2026-07-20 14:36:34.700,305.899709,0.000000,0.000000,0.000000,0.310136,-0.398049,-0.282525,0.113771,-0.359470,-0.279898,0.211953,-0.378759,-0.281211,0.183051,-0.407913,-0.257042,0.208378,-0.425429,-0.209240,0.233772,-0.418856,-0.254744
2026-07-20 14:36:34.800,305.999709,0.000000,0.000000,0.000000,0.309964,-0.376076,-0.297619,0.113488,-0.337922,-0.291680,0.211726,-0.356999,-0.294649,0.182331,-0.387610,-0.271474,0.209113,-0.406674,-0.224616,0.233969,-0.398522,-0.270105
2026-07-20 14:36:34.900,306.099709,0.000000,0.000000,0.000000,0.309887,-0.385033,-0.300254,0.113837,-0.344935,-0.294139,0.211862,-0.364984,-0.297196,0.183418,-0.395840,-0.274079,0.209257,-0.415167,-0.227259,0.234473,-0.405581,-0.272534
2026-07-20 14:36:35.000,306.199709,0.000000,0.000000,0.000000,0.323096,-0.376335,-0.293065,0.125609,-0.343511,-0.289194,0.224352,-0.359923,-0.291130,0.196437,-0.391294,-0.267951,0.222569,-0.408492,-0.220547,0.247500,-0.400584,-0.265986
2026-07-20 14:36:35.100,306.299709,0.000000,0.000000,0.000000,0.310136,-0.398049,-0.282525,0.113972,-0.357459,-0.279795,0.212054,-0.377754,-0.281160,0.183255,-0.407037,-0.256102,0.208378,-0.425429,-0.209240,0.233772,-0.418856,-0.254744
2026-07-20 14:36:35.200,306.399709,0.000000,0.000000,0.000000,0.310528,-0.399137,-0.283032,0.113827,-0.361499,-0.280453,0.212177,-0.380318,-0.281743,0.183107,-0.409942,-0.257597,0.208434,-0.427458,-0.209795,0.233828,-0.420885,-0.255300
2026-07-20 14:36:35.300,306.499709,0.000000,0.000000,0.000000,0.310528,-0.399137,-0.283032,0.114028,-0.359488,-0.280350,0.212278,-0.379312,-0.281691,0.183311,-0.409066,-0.256657,0.208434,-0.427458,-0.209795,0.233828,-0.420885,-0.255300
2026-07-20 14:36:35.400,306.599709,0.000000,0.000000,0.000000,0.310028,-0.378080,-0.298256,0.113741,-0.337920,-0.292132,0.211884,-0.358000,-0.295194,0.183247,-0.389965,-0.271314,0.209066,-0.409155,-0.225345,0.234282,-0.399569,-0.270620
2026-07-20 14:36:35.500,306.699708,0.000000,0.000000,0.000000,0.310187,-0.383090,-0.299851,0.113711,-0.344936,-0.293912,0.211949,-0.364013,-0.296882,0.183406,-0.394975,-0.272909,0.209225,-0.414165,-0.226940,0.234191,-0.405536,-0.272338
2026-07-20 14:36:35.600,306.799708,0.000000,0.000000,0.000000,0.310108,-0.397035,-0.282247,0.113743,-0.358455,-0.279620,0.211926,-0.377745,-0.280934,0.183035,-0.406999,-0.255908,0.208587,-0.423554,-0.207966,0.233999,-0.416883,-0.254382
2026-07-20 14:36:35.700,306.899708,0.000000,0.000000,0.000000,0.310327,-0.376137,-0.297853,0.113500,-0.338783,-0.292880,0.211913,-0.357460,-0.295367,0.183402,-0.387989,-0.270872,0.208226,-0.408075,-0.224127,0.234000,-0.399524,-0.270424
2026-07-20 14:36:35.800,306.999708,0.000000,0.000000,0.000000,0.310275,-0.403121,-0.283913,0.113911,-0.364542,-0.281286,0.212093,-0.383832,-0.282600,0.183394,-0.412109,-0.257490,0.207702,-0.430380,-0.209740,0.234178,-0.423070,-0.255187
2026-07-20 14:36:35.900,307.099708,0.000000,0.000000,0.000000,0.309996,-0.392977,-0.281136,0.113732,-0.353392,-0.278458,0.211864,-0.373185,-0.279797,0.183116,-0.401965,-0.254713,0.207435,-0.420336,-0.206112,0.233900,-0.412926,-0.252410
2026-07-20 14:36:36.000,307.199708,0.000000,0.000000,0.000000,0.309969,-0.391962,-0.280858,0.113704,-0.352378,-0.278180,0.211837,-0.372170,-0.279519,0.183088,-0.400950,-0.254436,0.207632,-0.418361,-0.205688,0.234127,-0.410952,-0.252046
2026-07-20 14:36:36.100,307.299708,0.000000,0.000000,0.000000,0.309688,-0.394933,-0.281461,0.113748,-0.354303,-0.279621,0.211718,-0.374618,-0.280541,0.183144,-0.402979,-0.254991,0.206649,-0.421230,-0.205501,0.233928,-0.413940,-0.252688
2026-07-20 14:36:36.200,307.399708,0.000000,0.000000,0.000000,0.309716,-0.395947,-0.281739,0.113688,-0.356426,-0.279065,0.211702,-0.376187,-0.280402,0.183171,-0.403994,-0.255269,0.206676,-0.422244,-0.205779,0.233955,-0.414955,-0.252965
2026-07-20 14:36:36.300,307.499708,0.000000,0.000000,0.000000,0.310024,-0.393991,-0.281414,0.113760,-0.354407,-0.278735,0.211892,-0.374199,-0.280075,0.183144,-0.402979,-0.254991,0.206056,-0.420148,-0.204465,0.233928,-0.413940,-0.252688
2026-07-20 14:36:36.400,307.599708,0.000000,0.000000,0.000000,0.310187,-0.383090,-0.299851,0.113616,-0.345939,-0.294005,0.211902,-0.364514,-0.296928,0.183592,-0.394001,-0.272786,0.206446,-0.412076,-0.222122,0.234711,-0.403760,-0.271235
2026-07-20 14:36:36.500,307.699708,0.000000,0.000000,0.000000,0.310136,-0.398049,-0.282525,0.113972,-0.357459,-0.279795,0.212054,-0.377754,-0.281160,0.183255,-0.407037,-0.256102,0.205363,-0.424185,-0.203834,0.234294,-0.417039,-0.253712
2026-07-20 14:36:36.600,307.799707,0.000000,0.000000,0.000000,0.310191,-0.400078,-0.283080,0.114128,-0.358483,-0.280298,0.212160,-0.379280,-0.281689,0.183322,-0.409167,-0.255800,0.204371,-0.426954,-0.204503,0.234095,-0.420027,-0.254354
2026-07-20 14:36:36.700,307.899707,0.000000,0.000000,0.000000,0.310052,-0.395006,-0.281691,0.113688,-0.356426,-0.279065,0.211870,-0.375716,-0.280378,0.183811,-0.405193,-0.255390,0.204023,-0.422943,-0.202415,0.233374,-0.413772,-0.252842
2026-07-20 14:36:36.800,307.999707,0.000000,0.000000,0.000000,0.310191,-0.400078,-0.283080,0.113927,-0.360493,-0.280402,0.212059,-0.380286,-0.281741,0.183311,-0.409066,-0.256657,0.204395,-0.427154,-0.202801,0.234606,-0.418109,-0.254182
2026-07-20 14:36:36.900,308.099707,0.000000,0.000000,0.000000,0.310218,-0.384092,-0.300170,0.113837,-0.344935,-0.294139,0.212028,-0.364513,-0.297154,0.184458,-0.395218,-0.273158,0.204233,-0.415924,-0.220363,0.234493,-0.405718,-0.271678
2026-07-20 14:36:37.000,308.199707,0.000000,0.000000,0.000000,0.310024,-0.393991,-0.281414,0.113861,-0.353401,-0.278684,0.211942,-0.373696,-0.280049,0.183144,-0.402979,-0.254991,0.203193,-0.421908,-0.200401,0.234183,-0.412981,-0.252602
2026-07-20 14:36:37.100,308.299707,0.000000,0.000000,0.000000,0.309969,-0.391962,-0.280858,0.113805,-0.351373,-0.278128,0.211887,-0.371668,-0.279493,0.183088,-0.400950,-0.254436,0.203138,-0.419879,-0.199845,0.234127,-0.410952,-0.252046
2026-07-20 14:36:37.200,308.399707,0.000000,0.000000,0.000000,0.309969,-0.391962,-0.280858,0.113604,-0.353383,-0.278232,0.211786,-0.372673,-0.279545,0.183088,-0.400950,-0.254436,0.203149,-0.419979,-0.198995,0.234127,-0.410952,-0.252046
2026-07-20 14:36:37.300,308.499707,0.000000,0.000000,0.000000,0.310052,-0.395006,-0.281691,0.113788,-0.355421,-0.279013,0.211920,-0.375214,-0.280352,0.183171,-0.403994,-0.255269,0.202407,-0.422802,-0.199791,0.234211,-0.413996,-0.252879
2026-07-20 14:36:37.400,308.599707,0.000000,0.000000,0.000000,0.309799,-0.398991,-0.282572,0.113872,-0.358465,-0.279846,0.211835,-0.378728,-0.281209,0.183447,-0.406060,-0.256018,0.202503,-0.425945,-0.199774,0.234550,-0.416080,-0.253626
2026-07-20 14:36:37.500,308.699707,0.000000,0.000000,0.000000,0.309799,-0.398991,-0.282572,0.114732,-0.358694,-0.279885,0.212266,-0.378842,-0.281229,0.183255,-0.407037,-0.256102,0.202503,-0.425945,-0.199774,0.234294,-0.417039,-0.253712
2026-07-20 14:36:37.600,308.799706,0.000000,0.000000,0.000000,0.310194,-0.386963,-0.279700,0.113493,-0.349325,-0.277121,0.211843,-0.368144,-0.278410,0.182976,-0.396893,-0.253325,0.202224,-0.415801,-0.196997,0.234271,-0.405935,-0.250849
2026-07-20 14:36:37.700,308.899706,0.000000,0.000000,0.000000,0.310052,-0.395006,-0.281691,0.113888,-0.354416,-0.278962,0.211970,-0.374711,-0.280326,0.183171,-0.403994,-0.255269,0.202431,-0.423001,-0.198091,0.234211,-0.413996,-0.252879
2026-07-20 14:36:37.800,308.999706,0.000000,0.000000,0.000000,0.310123,-0.381086,-0.299213,0.113647,-0.342932,-0.293275,0.211885,-0.362009,-0.296244,0.182695,-0.391782,-0.272095,0.203389,-0.413245,-0.215974,0.234898,-0.400799,-0.270473
2026-07-20 14:36:37.900,309.099706,0.000000,0.000000,0.000000,0.309744,-0.396962,-0.282017,0.113816,-0.356436,-0.279291,0.211780,-0.376699,-0.280654,0.182367,-0.404786,-0.255509,0.202458,-0.424016,-0.198369,0.234239,-0.415010,-0.253157
2026-07-20 14:36:38.000,309.199706,0.000000,0.000000,0.000000,0.309837,-0.372068,-0.296343,0.113456,-0.332911,-0.290311,0.211646,-0.352490,-0.293327,0.182223,-0.383738,-0.269347,0.202277,-0.404014,-0.213050,0.234361,-0.392738,-0.267727
2026-07-20 14:36:38.100,309.299706,0.000000,0.000000,0.000000,0.310136,-0.398049,-0.282525,0.113972,-0.357459,-0.279795,0.212054,-0.377754,-0.281160,0.182231,-0.407792,-0.256148,0.202526,-0.426145,-0.198074,0.234875,-0.418221,-0.253836
2026-07-20 14:36:38.200,309.399706,0.000000,0.000000,0.000000,0.321363,-0.412829,-0.244436,0.124648,-0.376322,-0.247264,0.223005,-0.394576,-0.245850,0.193656,-0.422148,-0.218877,0.212708,-0.435146,-0.159272,0.246461,-0.431254,-0.215120
2026-07-20 14:36:38.300,309.499706,0.000000,0.000000,0.000000,0.309996,-0.377078,-0.297938,0.113520,-0.338924,-0.291999,0.211758,-0.358001,-0.294968,0.181550,-0.388533,-0.270888,0.202242,-0.410114,-0.213997,0.235107,-0.398920,-0.269499
2026-07-20 14:36:38.400,309.599706,0.000000,0.000000,0.000000,0.323096,-0.376335,-0.293065,0.125609,-0.343511,-0.289194,0.224352,-0.359923,-0.291130,0.194619,-0.392016,-0.267125,0.215635,-0.411013,-0.209638,0.248581,-0.399941,-0.265058
2026-07-20 14:36:38.500,309.699706,0.000000,0.000000,0.000000,0.310136,-0.398049,-0.282525,0.113872,-0.358465,-0.279846,0.212004,-0.378257,-0.281185,0.181210,-0.408547,-0.256194,0.201483,-0.426886,-0.198196,0.234875,-0.418221,-0.253836
2026-07-20 14:36:38.600,309.799706,0.000000,0.000000,0.000000,0.310052,-0.395006,-0.281691,0.113788,-0.355421,-0.279013,0.211920,-0.375214,-0.280352,0.181127,-0.405504,-0.255361,0.201400,-0.423842,-0.197363,0.235048,-0.414219,-0.252917
2026-07-20 14:36:38.700,309.899705,0.000000,0.000000,0.000000,0.310059,-0.379082,-0.298575,0.113489,-0.341931,-0.292729,0.211774,-0.360506,-0.295652,0.181429,-0.391511,-0.271649,0.202519,-0.411163,-0.214438,0.235171,-0.400924,-0.270137
2026-07-20 14:36:38.800,309.999705,0.000000,0.000000,0.000000,0.309996,-0.392977,-0.281136,0.113833,-0.352387,-0.278406,0.211915,-0.372682,-0.279771,0.181071,-0.403475,-0.254806,0.201573,-0.420952,-0.195799,0.235571,-0.413372,-0.252485
2026-07-20 14:36:38.900,310.099705,0.000000,0.000000,0.000000,0.323277,-0.373377,-0.292370,0.125551,-0.340498,-0.288493,0.224414,-0.356938,-0.290431,0.194495,-0.390009,-0.266507,0.215619,-0.408650,-0.208079,0.249300,-0.398127,-0.264484
2026-07-20 14:36:39.000,310.199705,0.000000,0.000000,0.000000,0.310136,-0.398049,-0.282525,0.113771,-0.359470,-0.279898,0.211953,-0.378759,-0.281211,0.181210,-0.408547,-0.256194,0.201712,-0.426024,-0.197187,0.235453,-0.419403,-0.253960
2026-07-20 14:36:39.100,310.299705,0.000000,0.000000,0.000000,0.310024,-0.393991,-0.281414,0.113760,-0.354407,-0.278735,0.211892,-0.374199,-0.280075,0.181099,-0.404489,-0.255084,0.200775,-0.421746,-0.196039,0.235857,-0.413428,-0.252677
2026-07-20 14:36:39.200,310.399705,0.000000,0.000000,0.000000,0.309941,-0.390948,-0.280581,0.113777,-0.350358,-0.277851,0.211859,-0.370653,-0.279216,0.180825,-0.402423,-0.254334,0.200680,-0.418603,-0.196056,0.235516,-0.411343,-0.251930
2026-07-20 14:36:39.300,310.499705,0.000000,0.000000,0.000000,0.323220,-0.378343,-0.293683,0.125733,-0.345518,-0.289811,0.224476,-0.361931,-0.291747,0.193749,-0.394812,-0.267813,0.214836,-0.413311,-0.210306,0.249323,-0.403106,-0.265836
2026-07-20 14:36:39.400,310.599705,0.000000,0.000000,0.000000,0.310361,-0.393050,-0.281366,0.114620,-0.354636,-0.278774,0.212491,-0.373843,-0.280070,0.180079,-0.405245,-0.255130,0.200764,-0.421646,-0.196889,0.235599,-0.414387,-0.252763
2026-07-20 14:36:39.500,310.699705,0.000000,0.000000,0.000000,0.309771,-0.397976,-0.282294,0.114603,-0.358685,-0.279659,0.212187,-0.378330,-0.280977,0.180163,-0.408289,-0.255963,0.200631,-0.425651,-0.197881,0.235425,-0.418389,-0.253682
2026-07-20 14:36:39.600,310.799705,0.000000,0.000000,0.000000,0.309604,-0.391890,-0.280628,0.113677,-0.351363,-0.277902,0.211640,-0.371626,-0.279265,0.180185,-0.401224,-0.254213,0.200680,-0.418603,-0.196056,0.235516,-0.411343,-0.251930
2026-07-20 14:36:39.700,310.899704,0.000000,0.000000,0.000000,0.309969,-0.391962,-0.280858,0.113704,-0.352378,-0.278180,0.211837,-0.372170,-0.279519,0.180024,-0.403216,-0.254575,0.200720,-0.419717,-0.195484,0.235286,-0.413316,-0.252293
2026-07-20 14:36:39.800,310.999704,0.000000,0.000000,0.000000,0.309941,-0.390948,-0.280581,0.113677,-0.351363,-0.277902,0.211809,-0.371156,-0.279241,0.180185,-0.401224,-0.254213,0.199651,-0.419444,-0.195329,0.235258,-0.412302,-0.252016
2026-07-20 14:36:39.900,311.099704,0.000000,0.000000,0.000000,0.310108,-0.397035,-0.282247,0.113844,-0.357450,-0.279569,0.211976,-0.377242,-0.280908,0.180352,-0.407311,-0.255879,0.199807,-0.425431,-0.197844,0.235425,-0.418389,-0.253682
2026-07-20 14:36:40.000,311.199704,0.000000,0.000000,0.000000,0.310024,-0.393991,-0.281414,0.113760,-0.354407,-0.278735,0.211892,-0.374199,-0.280075,0.180079,-0.405245,-0.255130,0.199950,-0.421526,-0.196002,0.235342,-0.415345,-0.252849
2026-07-20 14:36:40.100,311.299704,0.000000,0.000000,0.000000,0.323158,-0.377339,-0.293374,0.126538,-0.344714,-0.289548,0.224848,-0.361026,-0.291461,0.193843,-0.392828,-0.267390,0.214141,-0.411280,-0.208918,0.249486,-0.401139,-0.265411
2026-07-20 14:36:40.200,311.399704,0.000000,0.000000,0.000000,0.310080,-0.396020,-0.281969,0.113916,-0.355430,-0.279239,0.211998,-0.375725,-0.280604,0.180135,-0.407274,-0.255685,0.200006,-0.423555,-0.196558,0.235655,-0.416415,-0.253318
2026-07-20 14:36:40.300,311.499704,0.000000,0.000000,0.000000,0.310024,-0.393991,-0.281414,0.113861,-0.353401,-0.278684,0.211942,-0.373696,-0.280049,0.180268,-0.404268,-0.255046,0.199723,-0.422388,-0.197011,0.235599,-0.414387,-0.252763
2026-07-20 14:36:40.400,311.599704,0.000000,0.000000,0.000000,0.304828,-0.409449,-0.267091,0.109059,-0.367879,-0.266281,0.206944,-0.388664,-0.266686,0.174663,-0.417923,-0.240858,0.194135,-0.432617,-0.181185,0.229761,-0.428770,-0.238091
2026-07-20 14:36:40.500,311.699704,0.000000,0.000000,0.000000,0.310291,-0.390514,-0.280672,0.113691,-0.351871,-0.278041,0.211991,-0.371192,-0.279356,0.180104,-0.402220,-0.254394,0.199665,-0.419951,-0.195468,0.235272,-0.412809,-0.252155
2026-07-20 14:36:40.599,311.799704,0.000000,0.000000,0.000000,0.310416,-0.395079,-0.281922,0.114017,-0.354425,-0.279188,0.212217,-0.374752,-0.280555,0.180324,-0.406297,-0.255602,0.199180,-0.423334,-0.196521,0.235912,-0.415457,-0.253232
2026-07-20 14:36:40.699,311.899704,0.000000,0.000000,0.000000,0.310108,-0.397035,-0.282247,0.113743,-0.358455,-0.279620,0.211926,-0.377745,-0.280934,0.180163,-0.408289,-0.255963,0.198994,-0.425311,-0.196958,0.235425,-0.418389,-0.253682
2026-07-20 14:36:40.799,311.999703,0.000000,0.000000,0.000000,0.310080,-0.396020,-0.281969,0.113816,-0.356436,-0.279291,0.211948,-0.376228,-0.280630,0.180135,-0.407274,-0.255685,0.198966,-0.424296,-0.196681,0.235397,-0.417374,-0.253404
2026-07-20 14:36:40.899,312.099703,0.000000,0.000000,0.000000,0.309771,-0.397976,-0.282294,0.113844,-0.357450,-0.279569,0.211808,-0.377713,-0.280932,0.180163,-0.408289,-0.255963,0.198994,-0.425311,-0.196958,0.235425,-0.418389,-0.253682
2026-07-20 14:36:40.999,312.199703,0.000000,0.000000,0.000000,0.310500,-0.398122,-0.282755,0.113899,-0.359479,-0.280124,0.212200,-0.378801,-0.281439,0.180407,-0.409340,-0.256435,0.198943,-0.427821,-0.197594,0.235481,-0.420417,-0.254237
2026-07-20 14:36:41.099,312.299703,0.000000,0.000000,0.000000,0.310108,-0.397035,-0.282247,0.113944,-0.356445,-0.279517,0.212026,-0.376740,-0.280882,0.180352,-0.407311,-0.255879,0.198994,-0.425311,-0.196958,0.235683,-0.417430,-0.253596
2026-07-20 14:36:41.199,312.399703,0.000000,0.000000,0.000000,0.310052,-0.395006,-0.281691,0.113688,-0.356426,-0.279065,0.211870,-0.375716,-0.280378,0.180107,-0.406260,-0.255408,0.198939,-0.423282,-0.196403,0.235627,-0.415401,-0.253040
2026-07-20 14:36:41.299,312.499703,0.000000,0.000000,0.000000,0.310389,-0.394064,-0.281644,0.113888,-0.354416,-0.278962,0.212138,-0.374240,-0.280303,0.180107,-0.406260,-0.255408,0.198939,-0.423282,-0.196403,0.235370,-0.416360,-0.253127
2026-07-20 14:36:41.399,312.599703,0.000000,0.000000,0.000000,0.310389,-0.394064,-0.281644,0.113888,-0.354416,-0.278962,0.212138,-0.374240,-0.280303,0.180107,-0.406260,-0.255408,0.199164,-0.422420,-0.195393,0.235370,-0.416360,-0.253127
2026-07-20 14:36:41.499,312.699703,0.000000,0.000000,0.000000,0.310024,-0.393991,-0.281414,0.113760,-0.354407,-0.278735,0.211892,-0.374199,-0.280075,0.179438,-0.404046,-0.255009,0.198922,-0.422367,-0.195276,0.235342,-0.415345,-0.252849
2026-07-20 14:36:41.599,312.799703,0.000000,0.000000,0.000000,0.310108,-0.397035,-0.282247,0.113743,-0.358455,-0.279620,0.211926,-0.377745,-0.280934,0.179334,-0.408067,-0.255926,0.199220,-0.424449,-0.195948,0.235940,-0.416471,-0.253510
2026-07-20 14:36:41.699,312.899703,0.000000,0.000000,0.000000,0.310024,-0.393991,-0.281414,0.113660,-0.355412,-0.278787,0.211842,-0.374702,-0.280100,0.179250,-0.405024,-0.255093,0.198922,-0.422367,-0.195276,0.235470,-0.414866,-0.252806
2026-07-20 14:36:41.799,312.999702,0.000000,0.000000,0.000000,0.304842,-0.410472,-0.267336,0.109188,-0.367897,-0.266505,0.207015,-0.389185,-0.266920,0.173850,-0.418712,-0.241075,0.193107,-0.434443,-0.180680,0.229774,-0.429793,-0.238335
2026-07-20 14:36:41.899,313.099702,0.000000,0.000000,0.000000,0.309996,-0.392977,-0.281136,0.113732,-0.353392,-0.278458,0.211864,-0.373185,-0.279797,0.179410,-0.403032,-0.254731,0.198894,-0.421353,-0.194999,0.235314,-0.414331,-0.252571
2026-07-20 14:36:41.999,313.199702,0.000000,0.000000,0.000000,0.310191,-0.400078,-0.283080,0.113927,-0.360493,-0.280402,0.212059,-0.380286,-0.281741,0.179605,-0.410133,-0.256675,0.199089,-0.428454,-0.196943,0.235766,-0.420473,-0.254429
2026-07-20 14:36:42.099,313.299702,0.000000,0.000000,0.000000,0.322972,-0.374328,-0.292448,0.125551,-0.340498,-0.288493,0.224262,-0.357413,-0.290470,0.193502,-0.390797,-0.266578,0.212957,-0.409167,-0.207293,0.249525,-0.397164,-0.264368
2026-07-20 14:36:42.199,313.399702,0.000000,0.000000,0.000000,0.322848,-0.372320,-0.291830,0.125361,-0.339496,-0.287959,0.224105,-0.355908,-0.289895,0.193378,-0.388789,-0.265961,0.212002,-0.406969,-0.206632,0.248951,-0.397083,-0.263984
2026-07-20 14:36:42.299,313.499702,0.000000,0.000000,0.000000,0.310080,-0.396020,-0.281969,0.113816,-0.356436,-0.279291,0.211948,-0.376228,-0.280630,0.179493,-0.406075,-0.255564,0.198154,-0.424176,-0.195795,0.235140,-0.418333,-0.253490
2026-07-20 14:36:42.399,313.599702,0.000000,0.000000,0.000000,0.323648,-0.379400,-0.294222,0.125856,-0.347526,-0.290429,0.224752,-0.363463,-0.292326,0.193191,-0.395647,-0.268272,0.212497,-0.414999,-0.209102,0.249447,-0.405113,-0.266454
2026-07-20 14:36:42.499,313.699702,0.000000,0.000000,0.000000,0.304842,-0.410472,-0.267336,0.109303,-0.366892,-0.266485,0.207073,-0.388682,-0.266910,0.174052,-0.417735,-0.241021,0.192513,-0.433246,-0.180521,0.230046,-0.428836,-0.238279
2026-07-20 14:36:42.599,313.799702,0.000000,0.000000,0.000000,0.323463,-0.376389,-0.293296,0.125604,-0.345521,-0.289586,0.224533,-0.360955,-0.291441,0.193005,-0.392636,-0.267345,0.212311,-0.411987,-0.208176,0.249261,-0.402102,-0.265527
2026-07-20 14:36:42.699,313.899702,0.000000,0.000000,0.000000,0.322699,-0.375780,-0.292680,0.126451,-0.341199,-0.288693,0.224575,-0.358489,-0.290686,0.192851,-0.390126,-0.266574,0.212156,-0.409478,-0.207404,0.249106,-0.399593,-0.264755
2026-07-20 14:36:42.799,313.999701,0.000000,0.000000,0.000000,0.323158,-0.377339,-0.293374,0.125604,-0.345521,-0.289586,0.224381,-0.361430,-0.291480,0.193843,-0.392828,-0.267390,0.212311,-0.411987,-0.208176,0.249261,-0.402102,-0.265527
2026-07-20 14:36:42.899,314.099701,0.000000,0.000000,0.000000,0.309996,-0.392977,-0.281136,0.113833,-0.352387,-0.278406,0.211915,-0.372682,-0.279771,0.180052,-0.404231,-0.254852,0.198070,-0.421133,-0.194962,0.235314,-0.414331,-0.252571
2026-07-20 14:36:42.999,314.199701,0.000000,0.000000,0.000000,0.310136,-0.398049,-0.282525,0.113771,-0.359470,-0.279898,0.211953,-0.378759,-0.281211,0.179549,-0.408104,-0.256120,0.198209,-0.426205,-0.196350,0.235453,-0.419403,-0.253960
2026-07-20 14:36:43.099,314.299701,0.000000,0.000000,0.000000,0.322787,-0.371317,-0.291521,0.125299,-0.338492,-0.287650,0.224043,-0.354904,-0.289586,0.192634,-0.386613,-0.265493,0.211940,-0.405965,-0.206323,0.249114,-0.395116,-0.263558
2026-07-20 14:36:43.199,314.399701,0.000000,0.000000,0.000000,0.310164,-0.399064,-0.282802,0.113899,-0.359479,-0.280124,0.212032,-0.379271,-0.281463,0.179483,-0.409607,-0.256439,0.198450,-0.426257,-0.196467,0.235739,-0.419459,-0.254151
2026-07-20 14:36:43.299,314.499701,0.000000,0.000000,0.000000,0.323096,-0.376335,-0.293065,0.125675,-0.342505,-0.289110,0.224386,-0.359420,-0.291088,0.192944,-0.391632,-0.267037,0.212249,-0.410984,-0.207867,0.249199,-0.401098,-0.265219
2026-07-20 14:36:43.399,314.599701,0.000000,0.000000,0.000000,0.323220,-0.378343,-0.293683,0.126600,-0.345717,-0.289857,0.224910,-0.362030,-0.291770,0.192913,-0.394620,-0.267769,0.212373,-0.412991,-0.208484,0.249323,-0.403106,-0.265836
2026-07-20 14:36:43.499,314.699701,0.000000,0.000000,0.000000,0.310080,-0.396020,-0.281969,0.114777,-0.355660,-0.279278,0.212429,-0.375840,-0.280623,0.179306,-0.407053,-0.255648,0.198142,-0.424076,-0.196644,0.235397,-0.417374,-0.253404
2026-07-20 14:36:43.599,314.799701,0.000000,0.000000,0.000000,0.310333,-0.392035,-0.281088,0.113632,-0.354398,-0.278509,0.211982,-0.373217,-0.279799,0.179222,-0.404010,-0.254815,0.197846,-0.421995,-0.195971,0.235314,-0.414331,-0.252571
2026-07-20 14:36:43.699,314.899701,0.000000,0.000000,0.000000,0.310444,-0.396093,-0.282199,0.113844,-0.357450,-0.279569,0.212144,-0.376772,-0.280884,0.179334,-0.408067,-0.255926,0.198780,-0.426273,-0.197118,0.235168,-0.419347,-0.253768
2026-07-20 14:36:43.799,314.999701,0.000000,0.000000,0.000000,0.323339,-0.374381,-0.292679,0.126331,-0.343581,-0.289896,0.224835,-0.358981,-0.291287,0.192727,-0.391609,-0.266843,0.212821,-0.411008,-0.208638,0.249137,-0.400095,-0.264910
2026-07-20 14:36:43.899,315.099700,0.000000,0.000000,0.000000,0.323096,-0.376335,-0.293065,0.125609,-0.343511,-0.289194,0.224352,-0.359923,-0.291130,0.192789,-0.392612,-0.267152,0.212868,-0.411885,-0.209791,0.248974,-0.402062,-0.265335
2026-07-20 14:36:43.999,315.199700,0.000000,0.000000,0.000000,0.323158,-0.377339,-0.293374,0.125737,-0.343509,-0.289419,0.224448,-0.360424,-0.291396,0.192696,-0.394597,-0.267575,0.213111,-0.411926,-0.209910,0.249486,-0.401139,-0.265411
2026-07-20 14:36:44.099,315.299700,0.000000,0.000000,0.000000,0.320302,-0.390667,-0.280445,0.123157,-0.355694,-0.278382,0.221729,-0.373181,-0.279414,0.189574,-0.405758,-0.254636,0.209597,-0.421486,-0.196378,0.246889,-0.413984,-0.252166
2026-07-20 14:36:44.199,315.399700,0.000000,0.000000,0.000000,0.309969,-0.391962,-0.280858,0.113704,-0.352378,-0.278180,0.211837,-0.372170,-0.279519,0.179194,-0.402995,-0.254537,0.198843,-0.420139,-0.196419,0.235028,-0.414275,-0.252379
2026-07-20 14:36:44.299,315.499700,0.000000,0.000000,0.000000,0.310080,-0.396020,-0.281969,0.113816,-0.356436,-0.279291,0.211948,-0.376228,-0.280630,0.179294,-0.406953,-0.256502,0.198741,-0.425159,-0.197688,0.235140,-0.418333,-0.253490
2026-07-20 14:36:44.399,315.599700,0.000000,0.000000,0.000000,0.323158,-0.377339,-0.293374,0.125671,-0.344515,-0.289503,0.224414,-0.360927,-0.291438,0.192835,-0.393489,-0.268311,0.212748,-0.413852,-0.210289,0.250103,-0.402295,-0.265572
2026-07-20 14:36:44.499,315.699700,0.000000,0.000000,0.000000,0.304775,-0.405356,-0.266114,0.109237,-0.361776,-0.265264,0.207006,-0.383566,-0.265689,0.173783,-0.413596,-0.239853,0.191984,-0.429984,-0.180413,0.229708,-0.424677,-0.237114
2026-07-20 14:36:44.599,315.799700,0.000000,0.000000,0.000000,0.310191,-0.400078,-0.283080,0.114788,-0.360723,-0.280440,0.212489,-0.380401,-0.281760,0.178588,-0.410889,-0.256722,0.198041,-0.429096,-0.197915,0.236344,-0.421655,-0.254553
2026-07-20 14:36:44.699,315.899700,0.000000,0.000000,0.000000,0.310052,-0.395006,-0.281691,0.113688,-0.356426,-0.279065,0.211870,-0.375716,-0.280378,0.178448,-0.405817,-0.255333,0.198008,-0.423543,-0.196446,0.235370,-0.416360,-0.253127
2026-07-20 14:36:44.799,315.999700,0.000000,0.000000,0.000000,0.310444,-0.396093,-0.282199,0.113844,-0.357450,-0.279569,0.212144,-0.376772,-0.280884,0.178504,-0.407846,-0.255889,0.197957,-0.426053,-0.197081,0.235425,-0.418389,-0.253682
2026-07-20 14:36:44.899,316.099699,0.000000,0.000000,0.000000,0.310108,-0.397035,-0.282247,0.113944,-0.356445,-0.279517,0.212026,-0.376740,-0.280882,0.179322,-0.407967,-0.256780,0.197969,-0.426153,-0.196234,0.236260,-0.418611,-0.253719
2026-07-20 14:36:44.999,316.199699,0.000000,0.000000,0.000000,0.323034,-0.375332,-0.292756,0.125480,-0.343513,-0.288969,0.224257,-0.359422,-0.290863,0.192572,-0.392589,-0.266958,0.212007,-0.410943,-0.207750,0.249979,-0.400288,-0.264954
2026-07-20 14:36:45.099,316.299699,0.000000,0.000000,0.000000,0.323463,-0.376389,-0.293296,0.125803,-0.342503,-0.289335,0.224633,-0.359446,-0.291316,0.192696,-0.394597,-0.267575,0.212131,-0.412951,-0.208367,0.249877,-0.403259,-0.265688
2026-07-20 14:36:45.199,316.399699,0.000000,0.000000,0.000000,0.310024,-0.393991,-0.281414,0.113760,-0.354407,-0.278735,0.211892,-0.374199,-0.280075,0.179250,-0.405024,-0.255093,0.198110,-0.422247,-0.194390,0.235918,-0.416526,-0.252972
2026-07-20 14:36:45.299,316.499699,0.000000,0.000000,0.000000,0.309857,-0.387905,-0.279747,0.113593,-0.348320,-0.277069,0.211725,-0.368112,-0.278408,0.178253,-0.398716,-0.253389,0.197942,-0.416160,-0.192724,0.236268,-0.408523,-0.251134
2026-07-20 14:36:45.399,316.599699,0.000000,0.000000,0.000000,0.310108,-0.397035,-0.282247,0.113944,-0.356445,-0.279517,0.212026,-0.376740,-0.280882,0.179334,-0.408067,-0.255926,0.198205,-0.425390,-0.194375,0.236260,-0.418611,-0.253719
2026-07-20 14:36:45.499,316.699699,0.000000,0.000000,0.000000,0.323096,-0.376335,-0.293065,0.125609,-0.343511,-0.289194,0.224352,-0.359923,-0.291130,0.192789,-0.392612,-0.267152,0.212280,-0.411236,-0.206176,0.250041,-0.401292,-0.265263
2026-07-20 14:36:45.599,316.799699,0.000000,0.000000,0.000000,0.309969,-0.391962,-0.280858,0.113805,-0.351373,-0.278128,0.211887,-0.371668,-0.279493,0.179194,-0.402995,-0.254537,0.197465,-0.419235,-0.191936,0.236121,-0.413539,-0.252331
2026-07-20 14:36:45.699,316.899699,0.000000,0.000000,0.000000,0.323158,-0.377339,-0.293374,0.125671,-0.344515,-0.289503,0.224414,-0.360927,-0.291438,0.192851,-0.393616,-0.267460,0.211706,-0.411212,-0.205401,0.250103,-0.402295,-0.265572
2026-07-20 14:36:45.799,316.999699,0.000000,0.000000,0.000000,0.322854,-0.378289,-0.293451,0.125671,-0.344515,-0.289503,0.224262,-0.361402,-0.291477,0.192851,-0.393616,-0.267460,0.211527,-0.412175,-0.205596,0.250103,-0.402295,-0.265572
2026-07-20 14:36:45.899,317.099699,0.000000,0.000000,0.000000,0.323158,-0.377339,-0.293374,0.125671,-0.344515,-0.289503,0.224414,-0.360927,-0.291438,0.192851,-0.393616,-0.267460,0.211542,-0.412301,-0.204751,0.250103,-0.402295,-0.265572
2026-07-20 14:36:45.999,317.199698,0.000000,0.000000,0.000000,0.310641,-0.390079,-0.280763,0.113604,-0.353383,-0.278232,0.212123,-0.371731,-0.279497,0.179194,-0.402995,-0.254537,0.197264,-0.420297,-0.191251,0.235862,-0.414497,-0.252417
2026-07-20 14:36:46.099,317.299698,0.000000,0.000000,0.000000,0.322848,-0.372320,-0.291830,0.125427,-0.338490,-0.287875,0.224138,-0.355405,-0.289853,0.192541,-0.388597,-0.265917,0.210417,-0.407218,-0.202318,0.249567,-0.398240,-0.264144
2026-07-20 14:36:46.199,317.399698,0.000000,0.000000,0.000000,0.323282,-0.379347,-0.293991,0.125795,-0.346522,-0.290120,0.224538,-0.362934,-0.292056,0.192975,-0.395624,-0.268078,0.210850,-0.414244,-0.204479,0.250227,-0.404303,-0.266189
2026-07-20 14:36:46.299,317.499698,0.000000,0.000000,0.000000,0.304855,-0.411495,-0.267580,0.109201,-0.368920,-0.266750,0.207028,-0.390208,-0.267165,0.174065,-0.418758,-0.241266,0.190696,-0.435130,-0.176583,0.230619,-0.431052,-0.238608
2026-07-20 14:36:46.399,317.599698,0.000000,0.000000,0.000000,0.310416,-0.395079,-0.281922,0.114777,-0.355660,-0.279278,0.212597,-0.375369,-0.280600,0.179306,-0.407053,-0.255648,0.196563,-0.424234,-0.191476,0.235974,-0.418555,-0.253528
2026-07-20 14:36:46.499,317.699698,0.000000,0.000000,0.000000,0.304775,-0.405356,-0.266114,0.109121,-0.362781,-0.265284,0.206948,-0.384069,-0.265699,0.173985,-0.412619,-0.239800,0.189796,-0.428758,-0.175090,0.230539,-0.424913,-0.237142
2026-07-20 14:36:46.599,317.799698,0.000000,0.000000,0.000000,0.310080,-0.396020,-0.281969,0.114575,-0.357670,-0.279381,0.212327,-0.376845,-0.280675,0.178476,-0.406831,-0.255611,0.195739,-0.424014,-0.191439,0.236232,-0.417597,-0.253442
2026-07-20 14:36:46.699,317.899698,0.000000,0.000000,0.000000,0.323648,-0.379400,-0.294222,0.125923,-0.346520,-0.290345,0.224786,-0.362960,-0.292284,0.192216,-0.396562,-0.267492,0.209250,-0.414866,-0.204700,0.250289,-0.405306,-0.266498
2026-07-20 14:36:46.799,317.999698,0.000000,0.000000,0.000000,0.310108,-0.397035,-0.282247,0.113944,-0.356445,-0.279517,0.212026,-0.376740,-0.280882,0.178504,-0.407846,-0.255889,0.195151,-0.423846,-0.191513,0.236260,-0.418611,-0.253719
2026-07-20 14:36:46.899,318.099698,0.000000,0.000000,0.000000,0.323096,-0.376335,-0.293065,0.125542,-0.344517,-0.289278,0.224319,-0.360426,-0.291171,0.192106,-0.391440,-0.266993,0.209002,-0.410851,-0.203465,0.250041,-0.401292,-0.265263
2026-07-20 14:36:46.999,318.199697,0.000000,0.000000,0.000000,0.322848,-0.372320,-0.291830,0.125427,-0.338490,-0.287875,0.224138,-0.355405,-0.289853,0.191705,-0.388405,-0.265873,0.207924,-0.406646,-0.202187,0.250019,-0.396313,-0.263911
2026-07-20 14:36:47.099,318.299697,0.000000,0.000000,0.000000,0.310333,-0.392035,-0.281088,0.113833,-0.352387,-0.278406,0.212083,-0.372211,-0.279747,0.178393,-0.403788,-0.254778,0.194007,-0.420531,-0.190532,0.236149,-0.414554,-0.252609
2026-07-20 14:36:47.199,318.399697,0.000000,0.000000,0.000000,0.310444,-0.396093,-0.282199,0.114603,-0.358685,-0.279659,0.212523,-0.377389,-0.280929,0.178504,-0.407846,-0.255889,0.193512,-0.423505,-0.190589,0.236260,-0.418611,-0.253719
2026-07-20 14:36:47.299,318.499697,0.000000,0.000000,0.000000,0.323463,-0.376389,-0.293296,0.125671,-0.344515,-0.289503,0.224567,-0.360452,-0.291399,0.192014,-0.393424,-0.267416,0.207418,-0.411600,-0.202841,0.250103,-0.402295,-0.265572
2026-07-20 14:36:47.399,318.599697,0.000000,0.000000,0.000000,0.310416,-0.395079,-0.281922,0.113816,-0.356436,-0.279291,0.212116,-0.375757,-0.280606,0.178476,-0.406831,-0.255611,0.193071,-0.424417,-0.190647,0.236244,-0.417698,-0.252582
2026-07-20 14:36:47.499,318.699697,0.000000,0.000000,0.000000,0.323096,-0.376335,-0.293065,0.125476,-0.345523,-0.289361,0.224286,-0.360929,-0.291213,0.191953,-0.392420,-0.267108,0.206525,-0.410405,-0.202489,0.250056,-0.401419,-0.264407
2026-07-20 14:36:47.599,318.799697,0.000000,0.000000,0.000000,0.320144,-0.387627,-0.279614,0.122846,-0.354668,-0.277656,0.221495,-0.371148,-0.278635,0.188583,-0.402516,-0.253771,0.202894,-0.417639,-0.188480,0.246978,-0.410081,-0.250387
2026-07-20 14:36:47.699,318.899697,0.000000,0.000000,0.000000,0.309604,-0.391890,-0.280628,0.113677,-0.351363,-0.277902,0.211640,-0.371626,-0.279265,0.178337,-0.401759,-0.254222,0.192314,-0.418162,-0.189054,0.236093,-0.412525,-0.252053
2026-07-20 14:36:47.799,318.999697,0.000000,0.000000,0.000000,0.310024,-0.393991,-0.281414,0.113760,-0.354407,-0.278735,0.211892,-0.374199,-0.280075,0.178432,-0.404903,-0.254201,0.192398,-0.421205,-0.189887,0.235918,-0.416526,-0.252972
2026-07-20 14:36:47.899,319.099697,0.000000,0.000000,0.000000,0.323034,-0.375332,-0.292756,0.125547,-0.342507,-0.288885,0.224291,-0.358919,-0.290821,0.191906,-0.391544,-0.265948,0.206620,-0.408311,-0.202828,0.249768,-0.401379,-0.264215
2026-07-20 14:36:47.999,319.199697,0.000000,0.000000,0.000000,0.310249,-0.388992,-0.280255,0.113749,-0.349344,-0.277573,0.211999,-0.369168,-0.278914,0.178507,-0.399867,-0.253005,0.192481,-0.416084,-0.189458,0.235242,-0.411388,-0.250878
2026-07-20 14:36:48.099,319.299696,0.000000,0.000000,0.000000,0.309996,-0.392977,-0.281136,0.113821,-0.352283,-0.279293,0.211909,-0.372630,-0.280215,0.178393,-0.403788,-0.254778,0.192564,-0.419127,-0.190291,0.235068,-0.415390,-0.251798
2026-07-20 14:36:48.199,319.399696,0.000000,0.000000,0.000000,0.323463,-0.376389,-0.293296,0.125604,-0.345521,-0.289586,0.224533,-0.360955,-0.291441,0.192030,-0.393551,-0.266566,0.207561,-0.410383,-0.204336,0.249277,-0.402230,-0.264671
2026-07-20 14:36:48.299,319.499696,0.000000,0.000000,0.000000,0.310080,-0.396020,-0.281969,0.113816,-0.356436,-0.279291,0.211948,-0.376228,-0.280630,0.178663,-0.405853,-0.255527,0.193450,-0.422191,-0.192861,0.235152,-0.418433,-0.252631
2026-07-20 14:36:48.399,319.599696,0.000000,0.000000,0.000000,0.323463,-0.376389,-0.293296,0.125671,-0.344515,-0.289503,0.224567,-0.360452,-0.291399,0.192014,-0.393424,-0.267416,0.208377,-0.410448,-0.205226,0.249036,-0.403066,-0.265644
2026-07-20 14:36:48.499,319.699696,0.000000,0.000000,0.000000,0.310164,-0.399064,-0.282802,0.113799,-0.360484,-0.280176,0.211981,-0.379774,-0.281489,0.178560,-0.409875,-0.256444,0.194139,-0.426319,-0.194745,0.234966,-0.422335,-0.254409
2026-07-20 14:36:48.599,319.799696,0.000000,0.000000,0.000000,0.310108,-0.397035,-0.282247,0.113844,-0.357450,-0.279569,0.211976,-0.377242,-0.280908,0.178504,-0.407846,-0.255889,0.194896,-0.424410,-0.195076,0.235168,-0.419347,-0.253768
2026-07-20 14:36:48.699,319.899696,0.000000,0.000000,0.000000,0.310333,-0.392035,-0.281088,0.113732,-0.353392,-0.278458,0.212033,-0.372714,-0.279773,0.178393,-0.403788,-0.254778,0.194785,-0.420352,-0.193965,0.235056,-0.415289,-0.252657
2026-07-20 14:36:48.799,319.999696,0.000000,0.000000,0.000000,0.310333,-0.392035,-0.281088,0.113732,-0.353392,-0.278458,0.212033,-0.372714,-0.279773,0.178393,-0.403788,-0.254778,0.195598,-0.420473,-0.194851,0.235056,-0.415289,-0.252657
2026-07-20 14:36:48.899,320.099696,0.000000,0.000000,0.000000,0.310108,-0.397035,-0.282247,0.113731,-0.358352,-0.280505,0.211920,-0.377693,-0.281376,0.178504,-0.407846,-0.255889,0.195709,-0.424530,-0.195961,0.234653,-0.421264,-0.253940
2026-07-20 14:36:48.999,320.199696,0.000000,0.000000,0.000000,0.322787,-0.371317,-0.291521,0.125349,-0.337355,-0.288450,0.224068,-0.354336,-0.289986,0.191643,-0.387402,-0.265564,0.210440,-0.404493,-0.206890,0.248439,-0.398007,-0.263908
2026-07-20 14:36:49.099,320.299695,0.000000,0.000000,0.000000,0.323401,-0.375385,-0.292987,0.126544,-0.342704,-0.289156,0.224972,-0.359045,-0.291072,0.191953,-0.392420,-0.267108,0.210572,-0.410476,-0.208625,0.248524,-0.403989,-0.265568
2026-07-20 14:36:49.199,320.399695,0.000000,0.000000,0.000000,0.323648,-0.379400,-0.294222,0.125856,-0.347526,-0.290429,0.224752,-0.363463,-0.292326,0.192124,-0.396926,-0.268400,0.210819,-0.414491,-0.209860,0.248997,-0.407040,-0.266687
2026-07-20 14:36:49.299,320.499695,0.000000,0.000000,0.000000,0.310528,-0.399137,-0.283032,0.114028,-0.359488,-0.280350,0.212278,-0.379312,-0.281691,0.178401,-0.411867,-0.256805,0.196805,-0.426632,-0.198370,0.234994,-0.423349,-0.254687
2026-07-20 14:36:49.399,320.599695,0.000000,0.000000,0.000000,0.323158,-0.377339,-0.293374,0.125671,-0.344515,-0.289503,0.224414,-0.360927,-0.291438,0.192014,-0.393424,-0.267416,0.211449,-0.411544,-0.209823,0.248811,-0.404029,-0.265760
2026-07-20 14:36:49.499,320.699695,0.000000,0.000000,0.000000,0.320197,-0.388640,-0.279891,0.123128,-0.352660,-0.277775,0.221663,-0.370650,-0.278833,0.188799,-0.402547,-0.253963,0.207833,-0.419058,-0.195755,0.245474,-0.413683,-0.251752
2026-07-20 14:36:49.599,320.799695,0.000000,0.000000,0.000000,0.323401,-0.375385,-0.292987,0.126476,-0.343710,-0.289240,0.224938,-0.359547,-0.291114,0.191953,-0.392420,-0.267108,0.211387,-0.410541,-0.209514,0.248749,-0.403025,-0.265452
2026-07-20 14:36:49.699,320.899695,0.000000,0.000000,0.000000,0.305489,-0.404505,-0.266321,0.109250,-0.362800,-0.265508,0.207370,-0.383652,-0.265914,0.172970,-0.414384,-0.240070,0.192217,-0.429971,-0.181379,0.229178,-0.427614,-0.237471
2026-07-20 14:36:49.799,320.999695,0.000000,0.000000,0.000000,0.323772,-0.381407,-0.294840,0.125980,-0.349533,-0.291046,0.224876,-0.365470,-0.292943,0.193161,-0.398635,-0.269004,0.212409,-0.417717,-0.211600,0.249120,-0.409048,-0.267304
2026-07-20 14:36:49.899,321.099695,0.000000,0.000000,0.000000,0.310416,-0.395079,-0.281922,0.113904,-0.355326,-0.280126,0.212160,-0.375202,-0.281024,0.179118,-0.408031,-0.255732,0.198955,-0.424197,-0.197530,0.234882,-0.419291,-0.253576
2026-07-20 14:36:49.999,321.199695,0.000000,0.000000,0.000000,0.310416,-0.395079,-0.281922,0.113916,-0.355430,-0.279239,0.212166,-0.375255,-0.280580,0.179306,-0.407053,-0.255648,0.198729,-0.425059,-0.198536,0.235140,-0.418333,-0.253490
2026-07-20 14:36:50.099,321.299695,0.000000,0.000000,0.000000,0.320669,-0.390732,-0.280673,0.124075,-0.356917,-0.278695,0.222372,-0.373824,-0.279684,0.189791,-0.405789,-0.254829,0.210275,-0.423567,-0.197697,0.245867,-0.415759,-0.252496
2026-07-20 14:36:50.199,321.399694,0.000000,0.000000,0.000000,0.310389,-0.394064,-0.281644,0.114750,-0.354646,-0.279000,0.212569,-0.374355,-0.280322,0.179090,-0.407016,-0.255454,0.200348,-0.424484,-0.198333,0.234854,-0.418277,-0.253299
2026-07-20 14:36:50.299,321.499694,0.000000,0.000000,0.000000,0.310333,-0.392035,-0.281088,0.113732,-0.353392,-0.278458,0.212033,-0.372714,-0.279773,0.179035,-0.404987,-0.254899,0.200292,-0.422455,-0.197777,0.235056,-0.415289,-0.252657
2026-07-20 14:36:50.399,321.599694,0.000000,0.000000,0.000000,0.310361,-0.393050,-0.281366,0.113848,-0.353297,-0.279571,0.212105,-0.373174,-0.280469,0.179250,-0.405024,-0.255093,0.201131,-0.423590,-0.198940,0.234827,-0.417262,-0.253021
2026-07-20 14:36:50.499,321.699694,0.000000,0.000000,0.000000,0.310024,-0.393991,-0.281414,0.113848,-0.353297,-0.279571,0.211936,-0.373644,-0.280492,0.179250,-0.405024,-0.255093,0.201131,-0.423590,-0.198940,0.234250,-0.416081,-0.252897
2026-07-20 14:36:50.599,321.799694,0.000000,0.000000,0.000000,0.305489,-0.404505,-0.266321,0.109250,-0.362800,-0.265508,0.207370,-0.383652,-0.265914,0.173796,-0.414619,-0.240098,0.196073,-0.431954,-0.183347,0.229178,-0.427614,-0.237471
2026-07-20 14:36:50.699,321.899694,0.000000,0.000000,0.000000,0.310327,-0.376137,-0.297853,0.113405,-0.339786,-0.292971,0.211866,-0.357962,-0.295412,0.179520,-0.390053,-0.271027,0.203620,-0.411090,-0.216828,0.235187,-0.402003,-0.269924
2026-07-20 14:36:50.799,321.999694,0.000000,0.000000,0.000000,0.323524,-0.377392,-0.293605,0.125716,-0.345387,-0.290694,0.224620,-0.361390,-0.292149,0.192758,-0.395600,-0.267884,0.217096,-0.414467,-0.213159,0.248257,-0.403876,-0.265908
2026-07-20 14:36:50.899,322.099694,0.000000,0.000000,0.000000,0.323339,-0.374381,-0.292679,0.125531,-0.342376,-0.289767,0.224435,-0.358378,-0.291223,0.192727,-0.391609,-0.266843,0.217928,-0.410684,-0.212091,0.247847,-0.401829,-0.265099
2026-07-20 14:36:50.999,322.199694,0.000000,0.000000,0.000000,0.322787,-0.371317,-0.291521,0.125299,-0.338492,-0.287650,0.224043,-0.354904,-0.289586,0.193316,-0.387786,-0.265652,0.217477,-0.407506,-0.211886,0.247600,-0.397814,-0.263864
2026-07-20 14:36:51.099,322.299694,0.000000,0.000000,0.000000,0.323339,-0.374381,-0.292679,0.125680,-0.340495,-0.288718,0.224509,-0.357438,-0.290698,0.193563,-0.391801,-0.266887,0.218554,-0.411711,-0.213165,0.247847,-0.401829,-0.265099
2026-07-20 14:36:51.199,322.399693,0.000000,0.000000,0.000000,0.323339,-0.374381,-0.292679,0.126414,-0.342706,-0.288931,0.224876,-0.358544,-0.290805,0.193563,-0.391801,-0.266887,0.218743,-0.410749,-0.212980,0.248071,-0.400865,-0.264982
2026-07-20 14:36:51.299,322.499693,0.000000,0.000000,0.000000,0.320092,-0.386613,-0.279337,0.122858,-0.352543,-0.278211,0.221475,-0.369578,-0.278774,0.190363,-0.400924,-0.253478,0.215136,-0.418337,-0.199756,0.244765,-0.410488,-0.251076
2026-07-20 14:36:51.399,322.599693,0.000000,0.000000,0.000000,0.323339,-0.374381,-0.292679,0.125531,-0.342376,-0.289767,0.224435,-0.358378,-0.291223,0.193719,-0.390820,-0.266772,0.219559,-0.410813,-0.213869,0.248071,-0.400865,-0.264982
2026-07-20 14:36:51.499,322.699693,0.000000,0.000000,0.000000,0.320092,-0.386613,-0.279337,0.122858,-0.352543,-0.278211,0.221475,-0.369578,-0.278774,0.190528,-0.399942,-0.253393,0.215954,-0.418438,-0.200639,0.244532,-0.411453,-0.251163
2026-07-20 14:36:51.599,322.799693,0.000000,0.000000,0.000000,0.323153,-0.371370,-0.291753,0.125345,-0.339364,-0.288841,0.224249,-0.355367,-0.290297,0.194371,-0.388001,-0.265890,0.220189,-0.407867,-0.213832,0.247437,-0.399782,-0.264289
2026-07-20 14:36:51.699,322.899693,0.000000,0.000000,0.000000,0.323158,-0.377339,-0.293374,0.125787,-0.342371,-0.290220,0.224473,-0.359855,-0.291797,0.194681,-0.393020,-0.267434,0.221522,-0.412114,-0.215237,0.247971,-0.403837,-0.265716
2026-07-20 14:36:51.799,322.999693,0.000000,0.000000,0.000000,0.310444,-0.396093,-0.282199,0.114044,-0.355440,-0.279465,0.212244,-0.375766,-0.280832,0.181372,-0.406556,-0.255833,0.207144,-0.426714,-0.204120,0.234334,-0.419125,-0.253731
2026-07-20 14:36:51.899,323.099693,0.000000,0.000000,0.000000,0.323401,-0.375385,-0.292987,0.125659,-0.342373,-0.289994,0.224530,-0.358879,-0.291491,0.194775,-0.391036,-0.267010,0.222083,-0.412137,-0.216000,0.248117,-0.401741,-0.266146
2026-07-20 14:36:51.999,323.199693,0.000000,0.000000,0.000000,0.320092,-0.386613,-0.279337,0.123023,-0.350633,-0.277221,0.221558,-0.368623,-0.278279,0.192199,-0.400346,-0.253463,0.218622,-0.417875,-0.202289,0.244754,-0.410387,-0.251935
2026-07-20 14:36:52.099,323.299693,0.000000,0.000000,0.000000,0.320773,-0.385729,-0.279516,0.123076,-0.351646,-0.277498,0.221924,-0.368688,-0.278507,0.192252,-0.401360,-0.253740,0.218663,-0.418789,-0.203416,0.244807,-0.411401,-0.252212
2026-07-20 14:36:52.199,323.399693,0.000000,0.000000,0.000000,0.323463,-0.376389,-0.293296,0.125721,-0.343377,-0.290302,0.224592,-0.359883,-0.291799,0.195676,-0.392233,-0.267363,0.223139,-0.412118,-0.217864,0.248179,-0.402745,-0.266455
2026-07-20 14:36:52.299,323.499692,0.000000,0.000000,0.000000,0.310164,-0.399064,-0.282802,0.113899,-0.359479,-0.280124,0.212032,-0.379271,-0.281463,0.182248,-0.408706,-0.257282,0.209052,-0.428023,-0.206299,0.234378,-0.421053,-0.255145
2026-07-20 14:36:52.399,323.599692,0.000000,0.000000,0.000000,0.323524,-0.377392,-0.293605,0.125849,-0.343375,-0.290529,0.224687,-0.360384,-0.292067,0.195722,-0.393109,-0.268525,0.223380,-0.412033,-0.218841,0.247401,-0.403556,-0.266719
2026-07-20 14:36:52.499,323.699692,0.000000,0.000000,0.000000,0.323767,-0.375438,-0.293219,0.125721,-0.343377,-0.290302,0.224744,-0.359408,-0.291760,0.195660,-0.392105,-0.268216,0.223318,-0.411029,-0.218532,0.247339,-0.402552,-0.266411
2026-07-20 14:36:52.599,323.799692,0.000000,0.000000,0.000000,0.323277,-0.373377,-0.292370,0.125469,-0.341372,-0.289459,0.224373,-0.357375,-0.290914,0.195474,-0.389094,-0.267290,0.222923,-0.408854,-0.218630,0.247376,-0.398577,-0.265369
2026-07-20 14:36:52.699,323.899692,0.000000,0.000000,0.000000,0.323096,-0.376335,-0.293065,0.125659,-0.342373,-0.289994,0.224378,-0.359354,-0.291529,0.195598,-0.391101,-0.267907,0.223046,-0.410861,-0.219248,0.247500,-0.400584,-0.265986
2026-07-20 14:36:52.799,323.999692,0.000000,0.000000,0.000000,0.323339,-0.374381,-0.292679,0.125531,-0.342376,-0.289767,0.224435,-0.358378,-0.291223,0.196216,-0.391270,-0.267756,0.223817,-0.410048,-0.218983,0.247438,-0.399581,-0.265677
2026-07-20 14:36:52.899,324.099692,0.000000,0.000000,0.000000,0.320302,-0.390667,-0.280445,0.123145,-0.355590,-0.279268,0.221724,-0.373129,-0.279857,0.192566,-0.403318,-0.255343,0.220459,-0.422031,-0.206016,0.244358,-0.413273,-0.252921
2026-07-20 14:36:52.999,324.199692,0.000000,0.000000,0.000000,0.323034,-0.375332,-0.292756,0.125531,-0.342376,-0.289767,0.224282,-0.358854,-0.291262,0.196216,-0.391270,-0.267756,0.223801,-0.409922,-0.219829,0.247438,-0.399581,-0.265677
2026-07-20 14:36:53.099,324.299692,0.000000,0.000000,0.000000,0.322792,-0.377286,-0.293143,0.125659,-0.342373,-0.289994,0.224225,-0.359829,-0.291568,0.195598,-0.391101,-0.267907,0.223031,-0.410735,-0.220094,0.247723,-0.399620,-0.265871
2026-07-20 14:36:53.199,324.399692,0.000000,0.000000,0.000000,0.310416,-0.395079,-0.281922,0.113704,-0.357337,-0.280227,0.212060,-0.376208,-0.281074,0.182164,-0.405662,-0.256449,0.208933,-0.424681,-0.208016,0.233716,-0.416828,-0.254189
2026-07-20 14:36:53.299,324.499691,0.000000,0.000000,0.000000,0.310389,-0.394064,-0.281644,0.113876,-0.354312,-0.279849,0.212132,-0.374188,-0.280746,0.182136,-0.404648,-0.256172,0.209731,-0.423887,-0.207775,0.233688,-0.415813,-0.253911
2026-07-20 14:36:53.399,324.599691,0.000000,0.000000,0.000000,0.322910,-0.373324,-0.292139,0.125407,-0.340368,-0.289150,0.224159,-0.356846,-0.290644,0.195412,-0.388090,-0.266981,0.223872,-0.406953,-0.219036,0.247314,-0.397573,-0.265060
2026-07-20 14:36:53.499,324.699691,0.000000,0.000000,0.000000,0.310108,-0.397035,-0.282247,0.113944,-0.356445,-0.279517,0.212026,-0.376740,-0.280882,0.182832,-0.407876,-0.256847,0.209787,-0.425915,-0.208330,0.233744,-0.417842,-0.254467
2026-07-20 14:36:53.599,324.799691,0.000000,0.000000,0.000000,0.322787,-0.371317,-0.291521,0.125283,-0.338361,-0.288532,0.224035,-0.354839,-0.290027,0.195289,-0.386083,-0.266363,0.223553,-0.405907,-0.218594,0.247190,-0.395566,-0.264443
2026-07-20 14:36:53.699,324.899691,0.000000,0.000000,0.000000,0.310080,-0.396020,-0.281969,0.113804,-0.356332,-0.280177,0.211942,-0.376176,-0.281073,0.182164,-0.405662,-0.256449,0.209759,-0.424901,-0.208053,0.233716,-0.416828,-0.254189
2026-07-20 14:36:53.799,324.999691,0.000000,0.000000,0.000000,0.310444,-0.396093,-0.282199,0.113832,-0.357346,-0.280455,0.212138,-0.376720,-0.281327,0.182192,-0.406677,-0.256727,0.209787,-0.425915,-0.208330,0.233489,-0.418801,-0.254552
2026-07-20 14:36:53.899,325.099691,0.000000,0.000000,0.000000,0.304842,-0.410472,-0.267336,0.109180,-0.367821,-0.267394,0.207011,-0.389147,-0.267365,0.177353,-0.418602,-0.241991,0.203910,-0.435495,-0.192846,0.227834,-0.430204,-0.239198
2026-07-20 14:36:53.999,325.199691,0.000000,0.000000,0.000000,0.323530,-0.383362,-0.295226,0.126109,-0.349531,-0.291271,0.224819,-0.366446,-0.293249,0.196712,-0.399300,-0.270226,0.224492,-0.416990,-0.222123,0.247933,-0.407610,-0.268147
2026-07-20 14:36:54.099,325.299691,0.000000,0.000000,0.000000,0.322972,-0.374328,-0.292448,0.125535,-0.340366,-0.289376,0.224254,-0.357347,-0.290912,0.196313,-0.389286,-0.267334,0.222907,-0.408727,-0.219477,0.247376,-0.398577,-0.265369
2026-07-20 14:36:54.199,325.399691,0.000000,0.000000,0.000000,0.323406,-0.381354,-0.294609,0.125918,-0.348530,-0.290738,0.224662,-0.364942,-0.292673,0.195908,-0.396120,-0.269451,0.223438,-0.415272,-0.221550,0.247809,-0.405603,-0.267530
2026-07-20 14:36:54.299,325.499691,0.000000,0.000000,0.000000,0.309744,-0.396962,-0.282017,0.113904,-0.355326,-0.280126,0.211824,-0.376144,-0.281072,0.182164,-0.405662,-0.256449,0.209160,-0.423720,-0.207870,0.233716,-0.416828,-0.254189
2026-07-20 14:36:54.399,325.599690,0.000000,0.000000,0.000000,0.322972,-0.374328,-0.292448,0.125551,-0.340498,-0.288493,0.224262,-0.357413,-0.290470,0.195474,-0.389094,-0.267290,0.222907,-0.408727,-0.219477,0.247376,-0.398577,-0.265369
2026-07-20 14:36:54.499,325.699690,0.000000,0.000000,0.000000,0.320407,-0.392694,-0.280999,0.123250,-0.357617,-0.279822,0.221829,-0.375156,-0.280411,0.192671,-0.405345,-0.255897,0.219915,-0.422692,-0.208091,0.244463,-0.415300,-0.253475
2026-07-20 14:36:54.599,325.799690,0.000000,0.000000,0.000000,0.304802,-0.407403,-0.266603,0.109140,-0.364751,-0.266661,0.206971,-0.386077,-0.266632,0.176691,-0.414321,-0.241178,0.202218,-0.431886,-0.192911,0.228063,-0.426177,-0.238409
2026-07-20 14:36:54.699,325.899690,0.000000,0.000000,0.000000,0.310361,-0.393050,-0.281366,0.113748,-0.354303,-0.279621,0.212054,-0.373676,-0.280494,0.182940,-0.403856,-0.255931,0.208041,-0.422332,-0.208273,0.233788,-0.414319,-0.253591
2026-07-20 14:36:54.799,325.999690,0.000000,0.000000,0.000000,0.323091,-0.370366,-0.291444,0.125349,-0.337355,-0.288450,0.224220,-0.353860,-0.289947,0.196127,-0.386275,-0.266408,0.222067,-0.404436,-0.219178,0.247413,-0.394601,-0.264327
2026-07-20 14:36:54.899,326.099690,0.000000,0.000000,0.000000,0.323401,-0.375385,-0.292987,0.125593,-0.343379,-0.290076,0.224497,-0.359382,-0.291532,0.196437,-0.391294,-0.267951,0.222376,-0.409455,-0.220722,0.247500,-0.400584,-0.265986
2026-07-20 14:36:54.999,326.199690,0.000000,0.000000,0.000000,0.323277,-0.373377,-0.292370,0.125469,-0.341372,-0.289459,0.224373,-0.357375,-0.290914,0.196313,-0.389286,-0.267334,0.222252,-0.407447,-0.220105,0.247153,-0.399541,-0.265484
2026-07-20 14:36:55.099,326.299690,0.000000,0.000000,0.000000,0.323344,-0.380350,-0.294300,0.125840,-0.347394,-0.291311,0.224592,-0.363872,-0.292806,0.196685,-0.395309,-0.269186,0.222624,-0.413470,-0.221957,0.247970,-0.403635,-0.267106
2026-07-20 14:36:55.199,326.399690,0.000000,0.000000,0.000000,0.323158,-0.377339,-0.293374,0.125654,-0.344383,-0.290385,0.224406,-0.360861,-0.291879,0.196658,-0.391318,-0.268146,0.222438,-0.410459,-0.221031,0.247339,-0.402552,-0.266411
2026-07-20 14:36:55.299,326.499690,0.000000,0.000000,0.000000,0.323153,-0.371370,-0.291753,0.125411,-0.338358,-0.288759,0.224282,-0.354864,-0.290256,0.196205,-0.387406,-0.265863,0.222128,-0.405440,-0.219487,0.247252,-0.396569,-0.264751
2026-07-20 14:36:55.399,326.599689,0.000000,0.000000,0.000000,0.310080,-0.396020,-0.281969,0.113804,-0.356332,-0.280177,0.211942,-0.376176,-0.281073,0.183007,-0.405985,-0.255630,0.208322,-0.423400,-0.208684,0.233972,-0.415868,-0.254104
2026-07-20 14:36:55.499,326.699689,0.000000,0.000000,0.000000,0.323277,-0.373377,-0.292370,0.125601,-0.339360,-0.289294,0.224439,-0.356369,-0.290832,0.196329,-0.389414,-0.266481,0.222252,-0.407447,-0.220105,0.247376,-0.398577,-0.265369
2026-07-20 14:36:55.599,326.799689,0.000000,0.000000,0.000000,0.323339,-0.374381,-0.292679,0.125480,-0.343513,-0.288969,0.224410,-0.358947,-0.290824,0.196391,-0.390417,-0.266790,0.222314,-0.408451,-0.220413,0.247661,-0.398616,-0.265562
2026-07-20 14:36:55.699,326.899689,0.000000,0.000000,0.000000,0.323339,-0.374381,-0.292679,0.125531,-0.342376,-0.289767,0.224435,-0.358378,-0.291223,0.196549,-0.389438,-0.266675,0.221593,-0.407905,-0.219434,0.247661,-0.398616,-0.265562
2026-07-20 14:36:55.799,326.999689,0.000000,0.000000,0.000000,0.310052,-0.395006,-0.281691,0.113776,-0.355317,-0.279899,0.211914,-0.375162,-0.280795,0.183171,-0.403994,-0.255269,0.207480,-0.422265,-0.207519,0.233944,-0.414854,-0.253826
2026-07-20 14:36:55.899,327.099689,0.000000,0.000000,0.000000,0.304855,-0.411495,-0.267580,0.108963,-0.370854,-0.267677,0.206909,-0.391174,-0.267628,0.177787,-0.417746,-0.241270,0.201704,-0.434929,-0.192039,0.228386,-0.429312,-0.239331
2026-07-20 14:36:55.999,327.199689,0.000000,0.000000,0.000000,0.323406,-0.381354,-0.294609,0.125836,-0.349404,-0.291702,0.224621,-0.365379,-0.293156,0.196921,-0.395460,-0.268527,0.221884,-0.414535,-0.220527,0.248048,-0.404767,-0.266557
2026-07-20 14:36:56.099,327.299689,0.000000,0.000000,0.000000,0.319515,-0.382495,-0.278001,0.122672,-0.346469,-0.276775,0.221094,-0.364482,-0.277388,0.193110,-0.393519,-0.251943,0.216877,-0.411240,-0.202387,0.243896,-0.404253,-0.249569
2026-07-20 14:36:56.199,327.399689,0.000000,0.000000,0.000000,0.323096,-0.376335,-0.293065,0.125593,-0.343379,-0.290076,0.224344,-0.359857,-0.291571,0.196452,-0.391421,-0.267098,0.220947,-0.408489,-0.217914,0.247738,-0.399748,-0.265013
2026-07-20 14:36:56.299,327.499689,0.000000,0.000000,0.000000,0.322972,-0.374328,-0.292448,0.125601,-0.339360,-0.289294,0.224287,-0.356844,-0.290871,0.196487,-0.388434,-0.266366,0.220195,-0.405454,-0.216225,0.247614,-0.397740,-0.264396
2026-07-20 14:36:56.399,327.599689,0.000000,0.000000,0.000000,0.323277,-0.373377,-0.292370,0.125551,-0.340498,-0.288493,0.224414,-0.356938,-0.290431,0.196487,-0.388434,-0.266366,0.220020,-0.406543,-0.215555,0.247614,-0.397740,-0.264396
2026-07-20 14:36:56.499,327.699688,0.000000,0.000000,0.000000,0.310191,-0.400078,-0.283080,0.113827,-0.361499,-0.280453,0.212009,-0.380788,-0.281767,0.183950,-0.410265,-0.256778,0.205186,-0.427075,-0.205391,0.234095,-0.420027,-0.254354
2026-07-20 14:36:56.599,327.799688,0.000000,0.000000,0.000000,0.322910,-0.373324,-0.292139,0.125407,-0.340368,-0.289150,0.224159,-0.356846,-0.290644,0.197265,-0.387623,-0.266102,0.219140,-0.405475,-0.214354,0.247553,-0.396737,-0.264087
2026-07-20 14:36:56.699,327.899688,0.000000,0.000000,0.000000,0.323096,-0.376335,-0.293065,0.125659,-0.342373,-0.289994,0.224378,-0.359354,-0.291529,0.197451,-0.390634,-0.267028,0.218131,-0.410347,-0.214753,0.247738,-0.399748,-0.265013
2026-07-20 14:36:56.799,327.999688,0.000000,0.000000,0.000000,0.323096,-0.376335,-0.293065,0.125609,-0.343511,-0.289194,0.224352,-0.359923,-0.291130,0.197451,-0.390634,-0.267028,0.218319,-0.409384,-0.214570,0.247961,-0.398784,-0.264897
2026-07-20 14:36:56.899,328.099688,0.000000,0.000000,0.000000,0.320355,-0.391681,-0.280722,0.123209,-0.356708,-0.278659,0.221782,-0.374194,-0.279691,0.194473,-0.403857,-0.254748,0.214964,-0.421272,-0.200798,0.244887,-0.412458,-0.252164
2026-07-20 14:36:56.999,328.199688,0.000000,0.000000,0.000000,0.323034,-0.375332,-0.292756,0.125531,-0.342376,-0.289767,0.224282,-0.358854,-0.291262,0.197389,-0.389631,-0.266719,0.217439,-0.408316,-0.213370,0.247899,-0.397780,-0.264588
2026-07-20 14:36:57.099,328.299688,0.000000,0.000000,0.000000,0.323034,-0.375332,-0.292756,0.125480,-0.343513,-0.288969,0.224257,-0.359422,-0.290863,0.196549,-0.389438,-0.266675,0.217268,-0.409405,-0.212708,0.248122,-0.396816,-0.264471
2026-07-20 14:36:57.199,328.399688,0.000000,0.000000,0.000000,0.322482,-0.372267,-0.291599,0.125283,-0.338361,-0.288532,0.223882,-0.355314,-0.290066,0.196302,-0.385423,-0.265440,0.217020,-0.405390,-0.211473,0.247875,-0.392801,-0.263236
2026-07-20 14:36:57.299,328.499688,0.000000,0.000000,0.000000,0.323524,-0.377392,-0.293605,0.125733,-0.345518,-0.289811,0.224629,-0.361455,-0.291708,0.196735,-0.392449,-0.267601,0.216637,-0.412351,-0.212744,0.248085,-0.400791,-0.265514
2026-07-20 14:36:57.399,328.599688,0.000000,0.000000,0.000000,0.323158,-0.377339,-0.293374,0.125721,-0.343377,-0.290302,0.224439,-0.360358,-0.291838,0.196673,-0.391445,-0.267292,0.216591,-0.411474,-0.211588,0.248023,-0.399788,-0.265205
2026-07-20 14:36:57.499,328.699687,0.000000,0.000000,0.000000,0.323034,-0.375332,-0.292756,0.125597,-0.341370,-0.289685,0.224316,-0.358351,-0.291221,0.196549,-0.389438,-0.266675,0.216281,-0.410429,-0.211158,0.247899,-0.397780,-0.264588
2026-07-20 14:36:57.599,328.799687,0.000000,0.000000,0.000000,0.323158,-0.377339,-0.293374,0.125737,-0.343509,-0.289419,0.224448,-0.360424,-0.291396,0.196673,-0.391445,-0.267292,0.216591,-0.411474,-0.211588,0.248023,-0.399788,-0.265205
2026-07-20 14:36:57.699,328.899687,0.000000,0.000000,0.000000,0.322910,-0.373324,-0.292139,0.125489,-0.339494,-0.288184,0.224200,-0.356409,-0.290162,0.196251,-0.388283,-0.267025,0.216343,-0.407459,-0.210354,0.247998,-0.394809,-0.263854
2026-07-20 14:36:57.799,328.999687,0.000000,0.000000,0.000000,0.320092,-0.386613,-0.279337,0.123812,-0.351849,-0.277310,0.221952,-0.369231,-0.278323,0.193288,-0.399077,-0.253371,0.212888,-0.417169,-0.196098,0.244857,-0.406426,-0.250691
2026-07-20 14:36:57.899,329.099687,0.000000,0.000000,0.000000,0.322848,-0.372320,-0.291830,0.125295,-0.340502,-0.288043,0.224072,-0.356411,-0.289936,0.195524,-0.386234,-0.265705,0.216296,-0.406581,-0.209198,0.247714,-0.394769,-0.263662
2026-07-20 14:36:57.999,329.199687,0.000000,0.000000,0.000000,0.309941,-0.390948,-0.280581,0.113777,-0.350358,-0.277851,0.211859,-0.370653,-0.279216,0.182227,-0.399714,-0.254121,0.202101,-0.419905,-0.197138,0.235193,-0.409202,-0.251720
2026-07-20 14:36:58.099,329.299687,0.000000,0.000000,0.000000,0.323282,-0.379347,-0.293991,0.126662,-0.346721,-0.290166,0.224972,-0.363034,-0.292079,0.195800,-0.394240,-0.267980,0.216730,-0.413608,-0.211360,0.248991,-0.401989,-0.265867
2026-07-20 14:36:58.199,329.399687,0.000000,0.000000,0.000000,0.320407,-0.392694,-0.280999,0.123262,-0.357721,-0.278936,0.221834,-0.375208,-0.279968,0.192682,-0.405446,-0.255040,0.213203,-0.423250,-0.197760,0.245548,-0.414640,-0.252563
2026-07-20 14:36:58.299,329.499687,0.000000,0.000000,0.000000,0.322848,-0.372320,-0.291830,0.125361,-0.339496,-0.287959,0.224105,-0.355908,-0.289895,0.195208,-0.388193,-0.265934,0.216312,-0.406708,-0.208352,0.248557,-0.394963,-0.263706
2026-07-20 14:36:58.399,329.599687,0.000000,0.000000,0.000000,0.323158,-0.377339,-0.293374,0.125654,-0.344383,-0.290385,0.224406,-0.360861,-0.291879,0.194681,-0.393020,-0.267434,0.215789,-0.411535,-0.209852,0.248643,-0.400945,-0.265366
2026-07-20 14:36:58.499,329.699687,0.000000,0.000000,0.000000,0.323096,-0.376335,-0.293065,0.125542,-0.344517,-0.289278,0.224319,-0.360426,-0.291171,0.194619,-0.392016,-0.267125,0.215728,-0.410532,-0.209543,0.248581,-0.399941,-0.265058
2026-07-20 14:36:58.599,329.799686,0.000000,0.000000,0.000000,0.322972,-0.374328,-0.292448,0.125551,-0.340498,-0.288493,0.224262,-0.357413,-0.290470,0.194495,-0.390009,-0.266507,0.215419,-0.409487,-0.209115,0.248457,-0.397934,-0.264440
2026-07-20 14:36:58.699,329.899686,0.000000,0.000000,0.000000,0.323463,-0.376389,-0.293296,0.126538,-0.344714,-0.289548,0.225000,-0.360551,-0.291422,0.194681,-0.393020,-0.267434,0.215605,-0.412498,-0.210041,0.248643,-0.400945,-0.265366
2026-07-20 14:36:58.799,329.999686,0.000000,0.000000,0.000000,0.323220,-0.378343,-0.293683,0.126600,-0.345717,-0.289857,0.224910,-0.362030,-0.291770,0.194586,-0.395004,-0.267857,0.215667,-0.413502,-0.210350,0.249773,-0.401179,-0.265603
2026-07-20 14:36:58.899,330.099686,0.000000,0.000000,0.000000,0.320564,-0.388705,-0.280119,0.123104,-0.354681,-0.278105,0.221834,-0.371693,-0.279112,0.191521,-0.403185,-0.254259,0.212226,-0.420108,-0.196044,0.246231,-0.411803,-0.251767
2026-07-20 14:36:58.999,330.199686,0.000000,0.000000,0.000000,0.310454,-0.380145,-0.299129,0.113742,-0.341929,-0.293182,0.212098,-0.361037,-0.296155,0.181493,-0.393515,-0.272287,0.202370,-0.414122,-0.215273,0.236071,-0.403144,-0.270828
2026-07-20 14:36:59.099,330.299686,0.000000,0.000000,0.000000,0.310108,-0.397035,-0.282247,0.113944,-0.356445,-0.279517,0.212026,-0.376740,-0.280882,0.181182,-0.407533,-0.255917,0.201455,-0.425871,-0.197918,0.235425,-0.418389,-0.253682
2026-07-20 14:36:59.199,330.399686,0.000000,0.000000,0.000000,0.319568,-0.383509,-0.278278,0.122736,-0.347586,-0.276166,0.221152,-0.365547,-0.277222,0.190987,-0.397071,-0.252405,0.210835,-0.413779,-0.194231,0.245863,-0.404709,-0.249828
2026-07-20 14:36:59.299,330.499686,0.000000,0.000000,0.000000,0.322854,-0.378289,-0.293451,0.125671,-0.344515,-0.289503,0.224262,-0.361402,-0.291477,0.194524,-0.394000,-0.267548,0.214957,-0.411344,-0.209808,0.249261,-0.402102,-0.265527
2026-07-20 14:36:59.399,330.599686,0.000000,0.000000,0.000000,0.322972,-0.374328,-0.292448,0.125551,-0.340498,-0.288493,0.224262,-0.357413,-0.290470,0.193502,-0.390797,-0.266578,0.214588,-0.409296,-0.209071,0.249075,-0.399091,-0.264601
2026-07-20 14:36:59.499,330.699686,0.000000,0.000000,0.000000,0.310052,-0.395006,-0.281691,0.114648,-0.355651,-0.279052,0.212350,-0.375328,-0.280372,0.180296,-0.405282,-0.255324,0.200575,-0.423622,-0.197326,0.235370,-0.416360,-0.253127
2026-07-20 14:36:59.599,330.799685,0.000000,0.000000,0.000000,0.320092,-0.386613,-0.279337,0.122947,-0.351640,-0.277274,0.221519,-0.369127,-0.278306,0.190363,-0.400924,-0.253478,0.211045,-0.417833,-0.195339,0.245839,-0.409727,-0.251023
2026-07-20 14:36:59.699,330.899685,0.000000,0.000000,0.000000,0.322972,-0.374328,-0.292448,0.125618,-0.339492,-0.288409,0.224295,-0.356910,-0.290428,0.193502,-0.390797,-0.266578,0.214588,-0.409296,-0.209071,0.249300,-0.398127,-0.264484
2026-07-20 14:36:59.799,330.999685,0.000000,0.000000,0.000000,0.320564,-0.388705,-0.280119,0.123104,-0.354681,-0.278105,0.221834,-0.371693,-0.279112,0.190603,-0.403473,-0.254267,0.210565,-0.419707,-0.195975,0.245996,-0.412767,-0.251854
2026-07-20 14:36:59.899,331.099685,0.000000,0.000000,0.000000,0.323401,-0.375385,-0.292987,0.126409,-0.344716,-0.289323,0.224905,-0.360050,-0.291155,0.193625,-0.392804,-0.267196,0.213881,-0.411113,-0.209645,0.249199,-0.401098,-0.265219
2026-07-20 14:36:59.999,331.199685,0.000000,0.000000,0.000000,0.310187,-0.383090,-0.299851,0.114668,-0.344155,-0.293875,0.212427,-0.363623,-0.296863,0.180541,-0.396279,-0.272994,0.200993,-0.414744,-0.215608,0.235630,-0.407059,-0.271714
2026-07-20 14:37:00.099,331.299685,0.000000,0.000000,0.000000,0.323463,-0.376389,-0.293296,0.125737,-0.343509,-0.289419,0.224600,-0.359949,-0.291358,0.193687,-0.393808,-0.267504,0.213942,-0.412117,-0.209954,0.249486,-0.401139,-0.265411
2026-07-20 14:37:00.199,331.399685,0.000000,0.000000,0.000000,0.323344,-0.380350,-0.294300,0.125856,-0.347526,-0.290429,0.224600,-0.363938,-0.292364,0.193873,-0.396819,-0.268431,0.214128,-0.415128,-0.210880,0.249447,-0.405113,-0.266454
2026-07-20 14:37:00.299,331.499685,0.000000,0.000000,0.000000,0.323096,-0.376335,-0.293065,0.125742,-0.341499,-0.289027,0.224419,-0.358917,-0.291046,0.193781,-0.391824,-0.267081,0.213881,-0.411113,-0.209645,0.249424,-0.400135,-0.265102
2026-07-20 14:37:00.399,331.599685,0.000000,0.000000,0.000000,0.322910,-0.373324,-0.292139,0.126290,-0.340699,-0.288313,0.224600,-0.357011,-0.290226,0.193517,-0.389303,-0.266212,0.213695,-0.408102,-0.208719,0.249013,-0.398087,-0.264292
2026-07-20 14:37:00.499,331.699685,0.000000,0.000000,0.000000,0.323220,-0.378343,-0.293683,0.125783,-0.344381,-0.290611,0.224501,-0.361362,-0.292147,0.193749,-0.394812,-0.267813,0.213173,-0.412929,-0.210219,0.249548,-0.402142,-0.265719
2026-07-20 14:37:00.599,331.799685,0.000000,0.000000,0.000000,0.323158,-0.377339,-0.293374,0.126522,-0.344582,-0.290431,0.224840,-0.360961,-0.291902,0.193687,-0.393808,-0.267504,0.213111,-0.411926,-0.209910,0.249261,-0.402102,-0.265527
2026-07-20 14:37:00.699,331.899684,0.000000,0.000000,0.000000,0.323158,-0.377339,-0.293374,0.125737,-0.343509,-0.289419,0.224448,-0.360424,-0.291396,0.193843,-0.392828,-0.267390,0.213111,-0.411926,-0.209910,0.249261,-0.402102,-0.265527
2026-07-20 14:37:00.799,331.999684,0.000000,0.000000,0.000000,0.304802,-0.407403,-0.266603,0.109263,-0.363823,-0.265752,0.207033,-0.385613,-0.266178,0.174636,-0.415877,-0.240369,0.192823,-0.432191,-0.181780,0.230006,-0.425766,-0.237546
2026-07-20 14:37:00.899,332.099684,0.000000,0.000000,0.000000,0.322972,-0.374328,-0.292448,0.126352,-0.341703,-0.288622,0.224662,-0.358015,-0.290535,0.192665,-0.390605,-0.266534,0.212941,-0.409041,-0.208138,0.249300,-0.398127,-0.264484
2026-07-20 14:37:00.999,332.199684,0.000000,0.000000,0.000000,0.310091,-0.380084,-0.298894,0.113595,-0.341789,-0.293836,0.211843,-0.360936,-0.296365,0.180446,-0.393273,-0.272037,0.199882,-0.412616,-0.213951,0.236039,-0.402142,-0.270510
2026-07-20 14:37:01.099,332.299684,0.000000,0.000000,0.000000,0.310108,-0.397035,-0.282247,0.114793,-0.356571,-0.280443,0.212451,-0.376803,-0.281345,0.179334,-0.408067,-0.255926,0.198994,-0.425311,-0.196958,0.235683,-0.417430,-0.253596
2026-07-20 14:37:01.199,332.399684,0.000000,0.000000,0.000000,0.323463,-0.376389,-0.293296,0.125654,-0.344383,-0.290385,0.224559,-0.360386,-0.291841,0.192851,-0.393616,-0.267460,0.212945,-0.413015,-0.209255,0.249261,-0.402102,-0.265527
2026-07-20 14:37:01.299,332.499684,0.000000,0.000000,0.000000,0.323586,-0.378396,-0.293914,0.125861,-0.345516,-0.290037,0.224724,-0.361956,-0.291975,0.193129,-0.394643,-0.267963,0.213251,-0.414059,-0.209682,0.249385,-0.404110,-0.266145
2026-07-20 14:37:01.399,332.599684,0.000000,0.000000,0.000000,0.323339,-0.374381,-0.292679,0.125547,-0.342507,-0.288885,0.224443,-0.358444,-0.290782,0.193563,-0.391801,-0.266887,0.213003,-0.410044,-0.208447,0.249137,-0.400095,-0.264910
2026-07-20 14:37:01.499,332.699684,0.000000,0.000000,0.000000,0.323158,-0.377339,-0.293374,0.125737,-0.343509,-0.289419,0.224448,-0.360424,-0.291396,0.193687,-0.393808,-0.267504,0.213127,-0.412052,-0.209065,0.249261,-0.402102,-0.265527
2026-07-20 14:37:01.599,332.799684,0.000000,0.000000,0.000000,0.322544,-0.373271,-0.291908,0.126228,-0.339695,-0.288005,0.224386,-0.356483,-0.289956,0.193378,-0.388789,-0.265961,0.212833,-0.407159,-0.206676,0.249176,-0.396120,-0.263867
2026-07-20 14:37:01.699,332.899683,0.000000,0.000000,0.000000,0.323034,-0.375332,-0.292756,0.126414,-0.342706,-0.288931,0.224724,-0.359019,-0.290844,0.192727,-0.391609,-0.266843,0.213019,-0.410171,-0.207602,0.249137,-0.400095,-0.264910
2026-07-20 14:37:01.799,332.999683,0.000000,0.000000,0.000000,0.322663,-0.369309,-0.290904,0.125159,-0.336353,-0.287915,0.223911,-0.352831,-0.289409,0.193192,-0.385778,-0.265034,0.212647,-0.404148,-0.205749,0.249216,-0.392145,-0.262824
2026-07-20 14:37:01.899,333.099683,0.000000,0.000000,0.000000,0.323158,-0.377339,-0.293374,0.125737,-0.343509,-0.289419,0.224448,-0.360424,-0.291396,0.192851,-0.393616,-0.267460,0.213142,-0.412178,-0.208219,0.249486,-0.401139,-0.265411
2026-07-20 14:37:01.999,333.199683,0.000000,0.000000,0.000000,0.323034,-0.375332,-0.292756,0.125547,-0.342507,-0.288885,0.224291,-0.358919,-0.290821,0.192727,-0.391609,-0.266843,0.213019,-0.410171,-0.207602,0.249137,-0.400095,-0.264910
2026-07-20 14:37:02.099,333.299683,0.000000,0.000000,0.000000,0.320250,-0.389654,-0.280168,0.123093,-0.354576,-0.278991,0.221671,-0.372115,-0.279580,0.190520,-0.403964,-0.254309,0.209566,-0.420672,-0.194403,0.246231,-0.411803,-0.251767
2026-07-20 14:37:02.199,333.399683,0.000000,0.000000,0.000000,0.323153,-0.371370,-0.291753,0.125361,-0.339496,-0.287959,0.224257,-0.355433,-0.289856,0.192541,-0.388597,-0.265917,0.212833,-0.407159,-0.206676,0.248951,-0.397083,-0.263984
2026-07-20 14:37:02.299,333.499683,0.000000,0.000000,0.000000,0.320092,-0.386613,-0.279337,0.123012,-0.350528,-0.278109,0.221552,-0.368571,-0.278723,0.189693,-0.399740,-0.253359,0.208580,-0.417431,-0.193538,0.245839,-0.409727,-0.251023
2026-07-20 14:37:02.399,333.599683,0.000000,0.000000,0.000000,0.323401,-0.375385,-0.292987,0.125609,-0.343511,-0.289194,0.224505,-0.359448,-0.291091,0.192944,-0.391632,-0.267037,0.212249,-0.410984,-0.207867,0.249649,-0.399171,-0.264985
2026-07-20 14:37:02.499,333.699683,0.000000,0.000000,0.000000,0.310219,-0.401093,-0.283358,0.114056,-0.360503,-0.280628,0.212137,-0.380798,-0.281993,0.179633,-0.411147,-0.256953,0.198293,-0.429248,-0.197183,0.235537,-0.422446,-0.254793
2026-07-20 14:37:02.599,333.799683,0.000000,0.000000,0.000000,0.323220,-0.378343,-0.293683,0.125733,-0.345518,-0.289811,0.224476,-0.361931,-0.291747,0.192913,-0.394620,-0.267769,0.212373,-0.412991,-0.208484,0.249098,-0.404069,-0.265953
2026-07-20 14:37:02.699,333.899683,0.000000,0.000000,0.000000,0.322972,-0.374328,-0.292448,0.125551,-0.340498,-0.288493,0.224262,-0.357413,-0.290470,0.192820,-0.389624,-0.266419,0.212125,-0.408976,-0.207249,0.249300,-0.398127,-0.264484
2026-07-20 14:37:02.799,333.999682,0.000000,0.000000,0.000000,0.323034,-0.375332,-0.292756,0.126414,-0.342706,-0.288931,0.224724,-0.359019,-0.290844,0.193719,-0.390820,-0.266772,0.212187,-0.409980,-0.207558,0.248912,-0.401058,-0.265026
2026-07-20 14:37:02.899,334.099682,0.000000,0.000000,0.000000,0.323158,-0.377339,-0.293374,0.125654,-0.344383,-0.290385,0.224406,-0.360861,-0.291879,0.192851,-0.393616,-0.267460,0.212311,-0.411987,-0.208176,0.249261,-0.402102,-0.265527
2026-07-20 14:37:02.999,334.199682,0.000000,0.000000,0.000000,0.310024,-0.393991,-0.281414,0.113748,-0.354303,-0.279621,0.211886,-0.374147,-0.280518,0.179438,-0.404046,-0.255009,0.198098,-0.422147,-0.195239,0.235342,-0.415345,-0.252849
2026-07-20 14:37:03.099,334.299682,0.000000,0.000000,0.000000,0.322787,-0.371317,-0.291521,0.125283,-0.338361,-0.288532,0.224035,-0.354839,-0.290027,0.193471,-0.386805,-0.265537,0.211940,-0.405965,-0.206323,0.248889,-0.396080,-0.263675
2026-07-20 14:37:03.199,334.399682,0.000000,0.000000,0.000000,0.320197,-0.388640,-0.279891,0.123040,-0.353563,-0.278714,0.221619,-0.371102,-0.279303,0.189798,-0.401767,-0.253913,0.208685,-0.419458,-0.194092,0.245944,-0.411754,-0.251577
2026-07-20 14:37:03.299,334.499682,0.000000,0.000000,0.000000,0.323215,-0.372374,-0.292061,0.125423,-0.340500,-0.288268,0.224319,-0.356437,-0.290165,0.192603,-0.389601,-0.266225,0.212064,-0.407972,-0.206941,0.249238,-0.397124,-0.264176
2026-07-20 14:37:03.399,334.599682,0.000000,0.000000,0.000000,0.319934,-0.383573,-0.278506,0.122866,-0.347592,-0.276390,0.221400,-0.365583,-0.277448,0.189535,-0.396699,-0.252528,0.208232,-0.415357,-0.192869,0.245681,-0.406687,-0.250192
2026-07-20 14:37:03.499,334.699682,0.000000,0.000000,0.000000,0.322972,-0.374328,-0.292448,0.125551,-0.340498,-0.288493,0.224262,-0.357413,-0.290470,0.192665,-0.390605,-0.266534,0.211929,-0.409813,-0.208285,0.249075,-0.399091,-0.264601
2026-07-20 14:37:03.599,334.799682,0.000000,0.000000,0.000000,0.323282,-0.379347,-0.293991,0.125795,-0.346522,-0.290120,0.224538,-0.362934,-0.292056,0.192820,-0.396604,-0.268193,0.213069,-0.415023,-0.209873,0.249385,-0.404110,-0.266145
2026-07-20 14:37:03.699,334.899682,0.000000,0.000000,0.000000,0.323158,-0.377339,-0.293374,0.125721,-0.343377,-0.290302,0.224439,-0.360358,-0.291838,0.192851,-0.393616,-0.267460,0.212945,-0.413015,-0.209255,0.249036,-0.403066,-0.265644
2026-07-20 14:37:03.799,334.999681,0.000000,0.000000,0.000000,0.323401,-0.375385,-0.292987,0.126476,-0.343710,-0.289240,0.224938,-0.359547,-0.291114,0.192634,-0.393593,-0.267266,0.212868,-0.411885,-0.209791,0.249199,-0.401098,-0.265219
2026-07-20 14:37:03.899,335.099681,0.000000,0.000000,0.000000,0.323457,-0.370420,-0.291675,0.125427,-0.338490,-0.287875,0.224442,-0.354455,-0.289775,0.192464,-0.389088,-0.265974,0.212620,-0.407870,-0.208556,0.248951,-0.397083,-0.263984
2026-07-20 14:37:03.999,335.199681,0.000000,0.000000,0.000000,0.323282,-0.379347,-0.293991,0.125927,-0.344510,-0.289953,0.224605,-0.361928,-0.291972,0.192959,-0.395497,-0.268929,0.212872,-0.415860,-0.210906,0.249160,-0.405073,-0.266261
2026-07-20 14:37:04.099,335.299681,0.000000,0.000000,0.000000,0.323153,-0.371370,-0.291753,0.125295,-0.340502,-0.288043,0.224224,-0.355936,-0.289898,0.192526,-0.388470,-0.266767,0.212802,-0.406907,-0.208366,0.248726,-0.398047,-0.264100
2026-07-20 14:37:04.199,335.399681,0.000000,0.000000,0.000000,0.322972,-0.374328,-0.292448,0.125485,-0.341503,-0.288576,0.224229,-0.357916,-0.290512,0.192495,-0.391459,-0.267499,0.212744,-0.409878,-0.209173,0.248625,-0.401018,-0.264834
2026-07-20 14:37:04.299,335.499681,0.000000,0.000000,0.000000,0.310327,-0.376137,-0.297853,0.113615,-0.337921,-0.291906,0.211971,-0.357029,-0.294880,0.179501,-0.389917,-0.271877,0.199557,-0.410432,-0.214035,0.235439,-0.401048,-0.269800
2026-07-20 14:37:04.399,335.599681,0.000000,0.000000,0.000000,0.310333,-0.392035,-0.281088,0.113620,-0.354294,-0.279394,0.211976,-0.373165,-0.280241,0.179023,-0.404887,-0.255752,0.198443,-0.423078,-0.197014,0.235314,-0.414331,-0.252571
2026-07-20 14:37:04.499,335.699681,0.000000,0.000000,0.000000,0.323220,-0.378343,-0.293683,0.125733,-0.345518,-0.289811,0.224476,-0.361931,-0.291747,0.191907,-0.395282,-0.268690,0.212992,-0.413893,-0.210408,0.249939,-0.404262,-0.265997
2026-07-20 14:37:04.599,335.799681,0.000000,0.000000,0.000000,0.323158,-0.377339,-0.293374,0.125538,-0.346527,-0.289670,0.224348,-0.361933,-0.291522,0.192758,-0.393980,-0.268368,0.212115,-0.412825,-0.209212,0.250103,-0.402295,-0.265572
2026-07-20 14:37:04.699,335.899681,0.000000,0.000000,0.000000,0.320721,-0.391745,-0.280950,0.123327,-0.356609,-0.279771,0.222024,-0.374177,-0.280360,0.189832,-0.406702,-0.255960,0.208694,-0.424379,-0.196210,0.246154,-0.415808,-0.252685
2026-07-20 14:37:04.799,335.999681,0.000000,0.000000,0.000000,0.310454,-0.380145,-0.299129,0.113742,-0.341929,-0.293182,0.212098,-0.361037,-0.296155,0.178817,-0.393847,-0.272250,0.198880,-0.414361,-0.214415,0.236528,-0.404793,-0.271068
2026-07-20 14:37:04.899,336.099680,0.000000,0.000000,0.000000,0.310282,-0.386096,-0.300808,0.113901,-0.346939,-0.294776,0.212092,-0.366517,-0.297792,0.178956,-0.398721,-0.274694,0.199058,-0.419506,-0.215167,0.235726,-0.410065,-0.272671
2026-07-20 14:37:04.999,336.199680,0.000000,0.000000,0.000000,0.310549,-0.383151,-0.300086,0.113837,-0.344935,-0.294139,0.212193,-0.364043,-0.297112,0.178912,-0.396853,-0.273207,0.198995,-0.417502,-0.214529,0.236497,-0.408277,-0.272086
2026-07-20 14:37:05.099,336.299680,0.000000,0.000000,0.000000,0.323463,-0.376389,-0.293296,0.125737,-0.343509,-0.289419,0.224600,-0.359949,-0.291358,0.192014,-0.393424,-0.267416,0.212131,-0.412951,-0.208367,0.250103,-0.402295,-0.265572
2026-07-20 14:37:05.199,336.399680,0.000000,0.000000,0.000000,0.310518,-0.382149,-0.299767,0.113616,-0.345939,-0.294005,0.212067,-0.364044,-0.296886,0.179711,-0.396065,-0.272941,0.199190,-0.415679,-0.213167,0.236972,-0.405364,-0.271520
2026-07-20 14:37:05.299,336.499680,0.000000,0.000000,0.000000,0.310028,-0.378080,-0.298256,0.113552,-0.339926,-0.292318,0.211790,-0.359003,-0.295287,0.178721,-0.390841,-0.271293,0.199031,-0.410669,-0.211572,0.236306,-0.402265,-0.270173
2026-07-20 14:37:05.399,336.599680,0.000000,0.000000,0.000000,0.310155,-0.382088,-0.299532,0.113774,-0.342931,-0.293501,0.211964,-0.362509,-0.296516,0.179679,-0.395063,-0.272622,0.198950,-0.415633,-0.213049,0.236686,-0.405317,-0.271325
2026-07-20 14:37:05.499,336.699680,0.000000,0.000000,0.000000,0.310472,-0.397108,-0.282477,0.113872,-0.358465,-0.279846,0.212172,-0.377786,-0.281162,0.179361,-0.409082,-0.256204,0.197408,-0.426184,-0.194615,0.235196,-0.420362,-0.254046
2026-07-20 14:37:05.599,336.799680,0.000000,0.000000,0.000000,0.310422,-0.379143,-0.298810,0.113595,-0.341789,-0.293836,0.212009,-0.360466,-0.296323,0.179616,-0.393059,-0.271984,0.198289,-0.412595,-0.211313,0.236623,-0.403313,-0.270687
2026-07-20 14:37:05.699,336.899680,0.000000,0.000000,0.000000,0.323034,-0.375332,-0.292756,0.125613,-0.341501,-0.288802,0.224324,-0.358416,-0.290779,0.192727,-0.391609,-0.266843,0.211403,-0.410168,-0.204978,0.249979,-0.400288,-0.264954
2026-07-20 14:37:05.799,336.999680,0.000000,0.000000,0.000000,0.310250,-0.385094,-0.300489,0.113775,-0.346940,-0.294550,0.212012,-0.366017,-0.297520,0.179775,-0.398069,-0.273579,0.198468,-0.417740,-0.212064,0.236782,-0.408323,-0.272282
2026-07-20 14:37:05.899,337.099679,0.000000,0.000000,0.000000,0.310359,-0.377139,-0.298172,0.113552,-0.339926,-0.292318,0.211955,-0.358532,-0.295245,0.179552,-0.391055,-0.271346,0.198264,-0.410861,-0.208988,0.236306,-0.402265,-0.270173
2026-07-20 14:37:05.999,337.199679,0.000000,0.000000,0.000000,0.310282,-0.386096,-0.300808,0.113712,-0.348944,-0.294962,0.211997,-0.367520,-0.297885,0.179806,-0.399071,-0.273898,0.198519,-0.418876,-0.211539,0.236814,-0.409325,-0.272601
2026-07-20 14:37:06.099,337.299679,0.000000,0.000000,0.000000,0.310361,-0.393050,-0.281366,0.113660,-0.355412,-0.278787,0.212010,-0.374231,-0.280077,0.179250,-0.405024,-0.255093,0.196496,-0.422106,-0.191770,0.236176,-0.415568,-0.252886
2026-07-20 14:37:06.199,337.399679,0.000000,0.000000,0.000000,0.310091,-0.380084,-0.298894,0.113615,-0.341930,-0.292956,0.211853,-0.361007,-0.295925,0.179616,-0.393059,-0.271984,0.197522,-0.412787,-0.208729,0.236623,-0.403313,-0.270687
2026-07-20 14:37:06.299,337.499679,0.000000,0.000000,0.000000,0.320248,-0.382624,-0.278457,0.122789,-0.348600,-0.276443,0.221519,-0.365612,-0.277450,0.189371,-0.397681,-0.252613,0.206819,-0.414488,-0.188393,0.246285,-0.407854,-0.250315
2026-07-20 14:37:06.399,337.599679,0.000000,0.000000,0.000000,0.323096,-0.376335,-0.293065,0.125609,-0.343511,-0.289194,0.224352,-0.359923,-0.291130,0.192106,-0.391440,-0.266993,0.209834,-0.411042,-0.203509,0.249815,-0.402255,-0.265379
2026-07-20 14:37:06.499,337.699679,0.000000,0.000000,0.000000,0.323158,-0.377339,-0.293374,0.125604,-0.345521,-0.289586,0.224381,-0.361430,-0.291480,0.192014,-0.393424,-0.267416,0.209895,-0.412046,-0.203818,0.250103,-0.402295,-0.265572
2026-07-20 14:37:06.599,337.799679,0.000000,0.000000,0.000000,0.310549,-0.383151,-0.300086,0.113648,-0.346940,-0.294324,0.212099,-0.365046,-0.297205,0.178912,-0.396853,-0.273207,0.196824,-0.416582,-0.209952,0.236497,-0.408277,-0.272086
2026-07-20 14:37:06.699,337.899679,0.000000,0.000000,0.000000,0.310052,-0.395006,-0.281691,0.113788,-0.355421,-0.279013,0.211920,-0.375214,-0.280352,0.178635,-0.404839,-0.255249,0.194887,-0.422780,-0.191124,0.236204,-0.416582,-0.253164
2026-07-20 14:37:06.799,337.999679,0.000000,0.000000,0.000000,0.310613,-0.385155,-0.300724,0.113806,-0.347942,-0.294869,0.212210,-0.366548,-0.297797,0.178976,-0.398856,-0.273844,0.195858,-0.419329,-0.210742,0.236814,-0.409325,-0.272601
2026-07-20 14:37:06.899,338.099679,0.000000,0.000000,0.000000,0.310444,-0.396093,-0.282199,0.113643,-0.359461,-0.279672,0.212044,-0.377777,-0.280936,0.178504,-0.407846,-0.255889,0.194942,-0.424809,-0.191680,0.236013,-0.419670,-0.252947
2026-07-20 14:37:06.999,338.199678,0.000000,0.000000,0.000000,0.310422,-0.379143,-0.298810,0.113710,-0.340927,-0.292863,0.212066,-0.360035,-0.295837,0.178785,-0.392845,-0.271931,0.195046,-0.412148,-0.208570,0.236876,-0.402358,-0.270563
2026-07-20 14:37:07.099,338.299678,0.000000,0.000000,0.000000,0.310091,-0.380084,-0.298894,0.113710,-0.340927,-0.292863,0.211901,-0.360505,-0.295879,0.178604,-0.393820,-0.272054,0.195046,-0.412148,-0.208570,0.236623,-0.403313,-0.270687
2026-07-20 14:37:07.199,338.399678,0.000000,0.000000,0.000000,0.310333,-0.392035,-0.281088,0.113632,-0.354398,-0.278509,0.211982,-0.373217,-0.279799,0.178393,-0.403788,-0.254778,0.193194,-0.420411,-0.189646,0.236149,-0.414554,-0.252609
2026-07-20 14:37:07.299,338.499678,0.000000,0.000000,0.000000,0.310123,-0.381086,-0.299213,0.113553,-0.343935,-0.293367,0.211838,-0.362510,-0.296290,0.178817,-0.393847,-0.272250,0.194272,-0.413072,-0.207992,0.236655,-0.404315,-0.271006
2026-07-20 14:37:07.399,338.599678,0.000000,0.000000,0.000000,0.310024,-0.393991,-0.281414,0.113660,-0.355412,-0.278787,0.211842,-0.374702,-0.280100,0.178421,-0.404803,-0.255055,0.193429,-0.420462,-0.189756,0.236176,-0.415568,-0.252886
2026-07-20 14:37:07.499,338.699678,0.000000,0.000000,0.000000,0.310187,-0.383090,-0.299851,0.113711,-0.344936,-0.293912,0.211949,-0.364013,-0.296882,0.178699,-0.396826,-0.273011,0.193310,-0.415820,-0.208783,0.236738,-0.406456,-0.270789
2026-07-20 14:37:07.599,338.799678,0.000000,0.000000,0.000000,0.309996,-0.392977,-0.281136,0.113732,-0.353392,-0.278458,0.211864,-0.373185,-0.279797,0.178393,-0.403788,-0.254778,0.192370,-0.420191,-0.189609,0.236407,-0.413595,-0.252523
2026-07-20 14:37:07.699,338.899678,0.000000,0.000000,0.000000,0.310136,-0.398049,-0.282525,0.113771,-0.359470,-0.279898,0.211953,-0.378759,-0.281211,0.178532,-0.408860,-0.256166,0.192509,-0.425263,-0.190998,0.236288,-0.419626,-0.253997
2026-07-20 14:37:07.799,338.999678,0.000000,0.000000,0.000000,0.322787,-0.371317,-0.291521,0.125299,-0.338492,-0.287650,0.224043,-0.354904,-0.289586,0.191643,-0.387402,-0.265564,0.206215,-0.405387,-0.200945,0.248680,-0.397171,-0.262936
2026-07-20 14:37:07.899,339.099678,0.000000,0.000000,0.000000,0.323277,-0.373377,-0.292370,0.125485,-0.341503,-0.288576,0.224381,-0.357440,-0.290473,0.191844,-0.390540,-0.265639,0.206558,-0.407308,-0.202519,0.249091,-0.399219,-0.263745
2026-07-20 14:37:07.999,339.199677,0.000000,0.000000,0.000000,0.322972,-0.374328,-0.292448,0.125418,-0.342509,-0.288660,0.224195,-0.358419,-0.290554,0.191844,-0.390540,-0.265639,0.206558,-0.407308,-0.202519,0.249091,-0.399219,-0.263745
2026-07-20 14:37:08.099,339.299677,0.000000,0.000000,0.000000,0.310187,-0.383090,-0.299851,0.113616,-0.345939,-0.294005,0.211902,-0.364514,-0.296928,0.178900,-0.395986,-0.272038,0.193592,-0.414250,-0.209318,0.235650,-0.407196,-0.270860
2026-07-20 14:37:08.199,339.399677,0.000000,0.000000,0.000000,0.310200,-0.372129,-0.296578,0.113298,-0.335919,-0.290816,0.211749,-0.354024,-0.293697,0.178562,-0.385831,-0.269698,0.194181,-0.403830,-0.206924,0.235584,-0.396221,-0.267546
2026-07-20 14:37:08.299,339.499677,0.000000,0.000000,0.000000,0.323339,-0.374381,-0.292679,0.125464,-0.343382,-0.289850,0.224401,-0.358881,-0.291264,0.191891,-0.391417,-0.266799,0.207263,-0.409340,-0.203915,0.248928,-0.401186,-0.264171
2026-07-20 14:37:08.399,339.599677,0.000000,0.000000,0.000000,0.310187,-0.383090,-0.299851,0.113711,-0.344936,-0.293912,0.211949,-0.364013,-0.296882,0.178880,-0.395851,-0.272888,0.195103,-0.414884,-0.211215,0.235630,-0.407059,-0.271714
2026-07-20 14:37:08.499,339.699677,0.000000,0.000000,0.000000,0.310263,-0.374133,-0.297216,0.113551,-0.335917,-0.291268,0.211907,-0.355025,-0.294242,0.178626,-0.387835,-0.270336,0.194829,-0.406734,-0.209507,0.235123,-0.400000,-0.269286
2026-07-20 14:37:08.599,339.799677,0.000000,0.000000,0.000000,0.309996,-0.377078,-0.297938,0.113520,-0.338924,-0.291999,0.211758,-0.358001,-0.294968,0.178690,-0.389839,-0.270974,0.195699,-0.408816,-0.211042,0.235439,-0.401048,-0.269800
2026-07-20 14:37:08.699,339.899677,0.000000,0.000000,0.000000,0.323153,-0.371370,-0.291753,0.125228,-0.341508,-0.288126,0.224191,-0.356439,-0.289939,0.191705,-0.388405,-0.265873,0.208693,-0.406332,-0.205612,0.248726,-0.398047,-0.264100
2026-07-20 14:37:08.799,339.999677,0.000000,0.000000,0.000000,0.310187,-0.383090,-0.299851,0.113806,-0.343933,-0.293820,0.211996,-0.363511,-0.296835,0.178880,-0.395851,-0.272888,0.196696,-0.414906,-0.213852,0.235630,-0.407059,-0.271714
2026-07-20 14:37:08.899,340.099677,0.000000,0.000000,0.000000,0.310690,-0.376198,-0.298088,0.113646,-0.338923,-0.292225,0.212168,-0.357561,-0.295157,0.178540,-0.391816,-0.271416,0.196536,-0.409896,-0.212258,0.235219,-0.403005,-0.270243
2026-07-20 14:37:08.999,340.199677,0.000000,0.000000,0.000000,0.310091,-0.380084,-0.298894,0.113615,-0.341930,-0.292956,0.211853,-0.361007,-0.295925,0.178785,-0.392845,-0.271931,0.196581,-0.411765,-0.213739,0.235030,-0.405965,-0.271005
2026-07-20 14:37:09.099,340.299676,0.000000,0.000000,0.000000,0.310136,-0.398049,-0.282525,0.114060,-0.356350,-0.280631,0.212098,-0.377199,-0.281578,0.178532,-0.408860,-0.256166,0.196550,-0.425665,-0.197125,0.234938,-0.421320,-0.254132
2026-07-20 14:37:09.199,340.399676,0.000000,0.000000,0.000000,0.310549,-0.383151,-0.300086,0.113723,-0.345797,-0.295112,0.212136,-0.364474,-0.297599,0.178912,-0.396853,-0.273207,0.197533,-0.415985,-0.215068,0.235410,-0.409017,-0.272157
2026-07-20 14:37:09.299,340.499676,0.000000,0.000000,0.000000,0.310139,-0.381587,-0.299373,0.113569,-0.344436,-0.293527,0.211854,-0.363011,-0.296450,0.178652,-0.395323,-0.272532,0.197434,-0.413346,-0.215115,0.235582,-0.405556,-0.271236
2026-07-20 14:37:09.399,340.599676,0.000000,0.000000,0.000000,0.310091,-0.380084,-0.298894,0.113710,-0.340927,-0.292863,0.211901,-0.360505,-0.295879,0.178785,-0.392845,-0.271931,0.198212,-0.412056,-0.214689,0.235282,-0.405009,-0.270881
2026-07-20 14:37:09.499,340.699676,0.000000,0.000000,0.000000,0.310817,-0.380206,-0.299364,0.113564,-0.344796,-0.294566,0.212191,-0.362501,-0.296965,0.178667,-0.395824,-0.272692,0.198275,-0.414060,-0.215327,0.235346,-0.407013,-0.271519
2026-07-20 14:37:09.599,340.799676,0.000000,0.000000,0.000000,0.309996,-0.377078,-0.297938,0.113520,-0.338924,-0.291999,0.211758,-0.358001,-0.294968,0.178690,-0.389839,-0.270974,0.197909,-0.410006,-0.213930,0.235187,-0.402003,-0.269924
2026-07-20 14:37:09.699,340.899676,0.000000,0.000000,0.000000,0.310518,-0.382149,-0.299767,0.113806,-0.343933,-0.293820,0.212162,-0.363041,-0.296793,0.178880,-0.395851,-0.272888,0.198924,-0.416231,-0.215896,0.235378,-0.408015,-0.271838
2026-07-20 14:37:09.799,340.999676,0.000000,0.000000,0.000000,0.310422,-0.379143,-0.298810,0.113615,-0.341930,-0.292956,0.212019,-0.360536,-0.295883,0.178785,-0.392845,-0.271931,0.199037,-0.412268,-0.214742,0.235535,-0.404053,-0.270757
2026-07-20 14:37:09.899,341.099676,0.000000,0.000000,0.000000,0.310486,-0.381147,-0.299448,0.113753,-0.342790,-0.294383,0.212120,-0.361968,-0.296915,0.179679,-0.395063,-0.272622,0.199716,-0.415441,-0.215630,0.235598,-0.406057,-0.271395
2026-07-20 14:37:09.999,341.199676,0.000000,0.000000,0.000000,0.310108,-0.397035,-0.282247,0.113832,-0.357346,-0.280455,0.211970,-0.377190,-0.281351,0.178504,-0.407846,-0.255889,0.198757,-0.426074,-0.198814,0.234653,-0.421264,-0.253940
2026-07-20 14:37:10.099,341.299675,0.000000,0.000000,0.000000,0.310282,-0.386096,-0.300808,0.113786,-0.347801,-0.295750,0.212034,-0.366948,-0.298279,0.179806,-0.399071,-0.273898,0.200648,-0.419527,-0.217801,0.234640,-0.410806,-0.272741
2026-07-20 14:37:10.199,341.399675,0.000000,0.000000,0.000000,0.322972,-0.374328,-0.292448,0.125551,-0.340498,-0.288493,0.224262,-0.357413,-0.290470,0.192665,-0.390605,-0.266534,0.214389,-0.410133,-0.210105,0.247785,-0.400825,-0.264790
2026-07-20 14:37:10.299,341.499675,0.000000,0.000000,0.000000,0.310028,-0.378080,-0.298256,0.113552,-0.339926,-0.292318,0.211790,-0.359003,-0.295287,0.179552,-0.391055,-0.271346,0.201218,-0.411724,-0.215303,0.234636,-0.401834,-0.270066
2026-07-20 14:37:10.399,341.599675,0.000000,0.000000,0.000000,0.310753,-0.378202,-0.298726,0.113521,-0.342933,-0.293048,0.212137,-0.360567,-0.295887,0.179616,-0.393059,-0.271984,0.202087,-0.413806,-0.216836,0.234449,-0.404794,-0.270828
2026-07-20 14:37:10.499,341.699675,0.000000,0.000000,0.000000,0.310108,-0.397035,-0.282247,0.113844,-0.357450,-0.279569,0.211976,-0.377242,-0.280908,0.179334,-0.408067,-0.255926,0.201215,-0.426633,-0.199773,0.234334,-0.419125,-0.253731
2026-07-20 14:37:10.599,341.799675,0.000000,0.000000,0.000000,0.310486,-0.381147,-0.299448,0.113585,-0.344937,-0.293686,0.212035,-0.363042,-0.296567,0.179679,-0.395063,-0.272622,0.202868,-0.416500,-0.217624,0.234512,-0.406798,-0.271465
2026-07-20 14:37:10.699,341.899675,0.000000,0.000000,0.000000,0.310155,-0.382088,-0.299532,0.113679,-0.343934,-0.293593,0.211917,-0.363011,-0.296563,0.179679,-0.395063,-0.272622,0.203779,-0.416100,-0.218423,0.234512,-0.406798,-0.271465
2026-07-20 14:37:10.799,341.999675,0.000000,0.000000,0.000000,0.310218,-0.384092,-0.300170,0.113912,-0.343791,-0.294929,0.212065,-0.363941,-0.297549,0.179743,-0.397067,-0.273260,0.203628,-0.419059,-0.219254,0.234576,-0.408802,-0.272103
2026-07-20 14:37:10.899,342.099675,0.000000,0.000000,0.000000,0.310454,-0.380145,-0.299129,0.113722,-0.341788,-0.294064,0.212088,-0.360966,-0.296596,0.179647,-0.394061,-0.272303,0.204571,-0.415311,-0.218157,0.234481,-0.405796,-0.271147
2026-07-20 14:37:10.999,342.199675,0.000000,0.000000,0.000000,0.310091,-0.380084,-0.298894,0.113690,-0.340786,-0.293745,0.211891,-0.360435,-0.296319,0.180446,-0.393273,-0.272037,0.204413,-0.414652,-0.218777,0.234449,-0.404794,-0.270828
2026-07-20 14:37:11.099,342.299675,0.000000,0.000000,0.000000,0.310518,-0.382149,-0.299767,0.113691,-0.344795,-0.294793,0.212104,-0.363472,-0.297280,0.180541,-0.396279,-0.272994,0.204616,-0.417180,-0.219637,0.234544,-0.407800,-0.271784
2026-07-20 14:37:11.199,342.399674,0.000000,0.000000,0.000000,0.310091,-0.380084,-0.298894,0.113521,-0.342933,-0.293048,0.211806,-0.361508,-0.295971,0.180446,-0.393273,-0.272037,0.205561,-0.413432,-0.218541,0.234449,-0.404794,-0.270828
2026-07-20 14:37:11.299,342.499674,0.000000,0.000000,0.000000,0.322905,-0.367355,-0.290518,0.125180,-0.334475,-0.286640,0.224042,-0.350915,-0.288579,0.193286,-0.383794,-0.264611,0.218294,-0.403596,-0.211664,0.247414,-0.394803,-0.262938
2026-07-20 14:37:11.399,342.599674,0.000000,0.000000,0.000000,0.310123,-0.381086,-0.299213,0.113647,-0.342932,-0.293275,0.211885,-0.362009,-0.296244,0.180661,-0.393301,-0.272233,0.206399,-0.414512,-0.219757,0.234481,-0.405796,-0.271147
2026-07-20 14:37:11.499,342.699674,0.000000,0.000000,0.000000,0.310091,-0.380084,-0.298894,0.113615,-0.341930,-0.292956,0.211853,-0.361007,-0.295925,0.181276,-0.393487,-0.272091,0.207173,-0.413588,-0.220335,0.234700,-0.403838,-0.270704
2026-07-20 14:37:11.599,342.799674,0.000000,0.000000,0.000000,0.310282,-0.386096,-0.300808,0.113786,-0.347801,-0.295750,0.212034,-0.366948,-0.298279,0.181652,-0.398525,-0.273881,0.207583,-0.418645,-0.222058,0.234891,-0.409850,-0.272617
2026-07-20 14:37:11.699,342.899674,0.000000,0.000000,0.000000,0.310091,-0.380084,-0.298894,0.113710,-0.340927,-0.292863,0.211901,-0.360505,-0.295879,0.181461,-0.392513,-0.271968,0.207979,-0.413666,-0.221231,0.234700,-0.403838,-0.270704
2026-07-20 14:37:11.799,342.999674,0.000000,0.000000,0.000000,0.310187,-0.383090,-0.299851,0.113806,-0.343933,-0.293820,0.211996,-0.363511,-0.296835,0.181741,-0.394545,-0.272802,0.208074,-0.416672,-0.222188,0.234525,-0.407664,-0.272637
2026-07-20 14:37:11.899,343.099674,0.000000,0.000000,0.000000,0.310123,-0.381086,-0.299213,0.113722,-0.341788,-0.294064,0.211922,-0.361437,-0.296638,0.182324,-0.393730,-0.272340,0.209057,-0.413927,-0.221415,0.234712,-0.404704,-0.271876
2026-07-20 14:37:11.999,343.199674,0.000000,0.000000,0.000000,0.310187,-0.383090,-0.299851,0.113711,-0.344936,-0.293912,0.211949,-0.364013,-0.296882,0.182388,-0.395734,-0.272978,0.209101,-0.415795,-0.222897,0.233941,-0.406492,-0.272461
2026-07-20 14:37:12.099,343.299674,0.000000,0.000000,0.000000,0.310849,-0.381208,-0.299683,0.113711,-0.344936,-0.293912,0.212280,-0.363072,-0.296798,0.182388,-0.395734,-0.272978,0.208861,-0.416615,-0.223929,0.233941,-0.406492,-0.272461
2026-07-20 14:37:12.199,343.399673,0.000000,0.000000,0.000000,0.310108,-0.397035,-0.282247,0.113844,-0.357450,-0.279569,0.211976,-0.377242,-0.280908,0.182001,-0.407654,-0.256809,0.209223,-0.425035,-0.205595,0.233744,-0.417842,-0.254467
2026-07-20 14:37:12.299,343.499673,0.000000,0.000000,0.000000,0.310091,-0.380084,-0.298894,0.113615,-0.341930,-0.292956,0.211853,-0.361007,-0.295925,0.182478,-0.391754,-0.271898,0.209793,-0.412733,-0.223684,0.234932,-0.402745,-0.271434
2026-07-20 14:37:12.399,343.599673,0.000000,0.000000,0.000000,0.310518,-0.382149,-0.299767,0.113711,-0.344936,-0.293912,0.212114,-0.363542,-0.296840,0.182388,-0.395734,-0.272978,0.209889,-0.415739,-0.224640,0.233691,-0.407449,-0.272584
2026-07-20 14:37:12.499,343.699673,0.000000,0.000000,0.000000,0.310123,-0.381086,-0.299213,0.113647,-0.342932,-0.293275,0.211885,-0.362009,-0.296244,0.182305,-0.393594,-0.273191,0.209825,-0.413735,-0.224003,0.234128,-0.403532,-0.271700
2026-07-20 14:37:12.599,343.799673,0.000000,0.000000,0.000000,0.323034,-0.375332,-0.292756,0.125414,-0.344519,-0.289052,0.224224,-0.359925,-0.290904,0.195379,-0.391078,-0.267712,0.222984,-0.409857,-0.218939,0.247215,-0.400545,-0.265793
2026-07-20 14:37:12.699,343.899673,0.000000,0.000000,0.000000,0.309771,-0.397976,-0.282294,0.113844,-0.357450,-0.279569,0.211808,-0.377713,-0.280932,0.182192,-0.406677,-0.256727,0.208973,-0.425795,-0.207443,0.233744,-0.417842,-0.254467
2026-07-20 14:37:12.799,343.999673,0.000000,0.000000,0.000000,0.310191,-0.400078,-0.283080,0.114028,-0.359488,-0.280350,0.212110,-0.379783,-0.281715,0.182276,-0.409720,-0.257560,0.209056,-0.428838,-0.208276,0.233572,-0.421845,-0.255385
2026-07-20 14:37:12.899,344.099673,0.000000,0.000000,0.000000,0.310422,-0.379143,-0.298810,0.113710,-0.340927,-0.292863,0.212066,-0.360035,-0.295837,0.182458,-0.391618,-0.272750,0.209996,-0.411643,-0.224344,0.233846,-0.403486,-0.271504
2026-07-20 14:37:12.999,344.199673,0.000000,0.000000,0.000000,0.310454,-0.380145,-0.299129,0.113742,-0.341929,-0.293182,0.212098,-0.361037,-0.296155,0.182490,-0.392620,-0.273069,0.209786,-0.413465,-0.225693,0.233877,-0.404488,-0.271823
2026-07-20 14:37:13.099,344.299673,0.000000,0.000000,0.000000,0.310123,-0.381086,-0.299213,0.113647,-0.342932,-0.293275,0.211885,-0.362009,-0.296244,0.182490,-0.392620,-0.273069,0.209786,-0.413465,-0.225693,0.234128,-0.403532,-0.271700
2026-07-20 14:37:13.199,344.399673,0.000000,0.000000,0.000000,0.310187,-0.383090,-0.299851,0.113711,-0.344936,-0.293912,0.211949,-0.364013,-0.296882,0.182554,-0.394624,-0.273707,0.209850,-0.415469,-0.226330,0.234191,-0.405536,-0.272338
2026-07-20 14:37:13.299,344.499672,0.000000,0.000000,0.000000,0.310249,-0.388992,-0.280255,0.113737,-0.349240,-0.278460,0.211993,-0.369116,-0.279358,0.181997,-0.399576,-0.254783,0.208766,-0.418594,-0.206349,0.233549,-0.410741,-0.252523
2026-07-20 14:37:13.399,344.599672,0.000000,0.000000,0.000000,0.310454,-0.380145,-0.299129,0.113647,-0.342932,-0.293275,0.212051,-0.361538,-0.296202,0.182490,-0.392620,-0.273069,0.210008,-0.412510,-0.225509,0.234128,-0.403532,-0.271700
2026-07-20 14:37:13.499,344.699672,0.000000,0.000000,0.000000,0.310155,-0.382088,-0.299532,0.113774,-0.342931,-0.293501,0.211964,-0.362509,-0.296516,0.182522,-0.393622,-0.273388,0.209818,-0.414466,-0.226011,0.234159,-0.404534,-0.272019
2026-07-20 14:37:13.599,344.799672,0.000000,0.000000,0.000000,0.310250,-0.385094,-0.300489,0.113585,-0.348945,-0.294736,0.211918,-0.367020,-0.297612,0.182617,-0.396628,-0.274345,0.209913,-0.417472,-0.226968,0.234505,-0.406583,-0.272853
2026-07-20 14:37:13.699,344.899672,0.000000,0.000000,0.000000,0.310091,-0.380084,-0.298894,0.113710,-0.340927,-0.292863,0.211901,-0.360505,-0.295879,0.182458,-0.391618,-0.272750,0.209754,-0.412463,-0.225374,0.233846,-0.403486,-0.271504
2026-07-20 14:37:13.799,344.999672,0.000000,0.000000,0.000000,0.310422,-0.379143,-0.298810,0.113710,-0.340927,-0.292863,0.212066,-0.360035,-0.295837,0.182458,-0.391618,-0.272750,0.209754,-0.412463,-0.225374,0.234096,-0.402530,-0.271381
2026-07-20 14:37:13.899,345.099672,0.000000,0.000000,0.000000,0.310613,-0.385155,-0.300724,0.113806,-0.347942,-0.294869,0.212210,-0.366548,-0.297797,0.182649,-0.397629,-0.274664,0.210994,-0.417733,-0.227157,0.234162,-0.409020,-0.273356
2026-07-20 14:37:13.999,345.199672,0.000000,0.000000,0.000000,0.310422,-0.379143,-0.298810,0.113710,-0.340927,-0.292863,0.212066,-0.360035,-0.295837,0.182458,-0.391618,-0.272750,0.209754,-0.412463,-0.225374,0.234096,-0.402530,-0.271381
2026-07-20 14:37:14.099,345.299672,0.000000,0.000000,0.000000,0.310052,-0.395006,-0.281691,0.113888,-0.354416,-0.278962,0.211970,-0.374711,-0.280326,0.182968,-0.404870,-0.256209,0.209132,-0.422706,-0.207593,0.233688,-0.415813,-0.253911
2026-07-20 14:37:14.199,345.399672,0.000000,0.000000,0.000000,0.310390,-0.378141,-0.298491,0.113678,-0.339925,-0.292544,0.212034,-0.359033,-0.295518,0.182427,-0.390616,-0.272431,0.209723,-0.411461,-0.225055,0.234314,-0.400571,-0.270939
2026-07-20 14:37:14.299,345.499671,0.000000,0.000000,0.000000,0.310416,-0.395079,-0.281922,0.113804,-0.356332,-0.280177,0.212110,-0.375705,-0.281049,0.182996,-0.405884,-0.256487,0.208933,-0.424681,-0.208016,0.233716,-0.416828,-0.254189
2026-07-20 14:37:14.399,345.599671,0.000000,0.000000,0.000000,0.310123,-0.381086,-0.299213,0.113836,-0.340926,-0.293089,0.211980,-0.361006,-0.296151,0.182490,-0.392620,-0.273069,0.209786,-0.413465,-0.225693,0.233877,-0.404488,-0.271823
2026-07-20 14:37:14.499,345.699671,0.000000,0.000000,0.000000,0.310024,-0.393991,-0.281414,0.113848,-0.353297,-0.279571,0.211936,-0.373644,-0.280492,0.182108,-0.403634,-0.255894,0.209093,-0.421592,-0.208166,0.233660,-0.414799,-0.253634
2026-07-20 14:37:14.599,345.799671,0.000000,0.000000,0.000000,0.310091,-0.380084,-0.298894,0.113595,-0.341789,-0.293836,0.211843,-0.360936,-0.296365,0.182458,-0.391618,-0.272750,0.208909,-0.412114,-0.226166,0.234096,-0.402530,-0.271381
2026-07-20 14:37:14.699,345.899671,0.000000,0.000000,0.000000,0.310091,-0.380084,-0.298894,0.113710,-0.340927,-0.292863,0.211901,-0.360505,-0.295879,0.183291,-0.391832,-0.272803,0.208909,-0.412114,-0.226166,0.233846,-0.403486,-0.271504
2026-07-20 14:37:14.799,345.999671,0.000000,0.000000,0.000000,0.309919,-0.386035,-0.300573,0.113943,-0.344793,-0.295248,0.211931,-0.365414,-0.297910,0.183264,-0.397816,-0.274520,0.209289,-0.416169,-0.227578,0.234005,-0.408496,-0.273099
2026-07-20 14:37:14.899,346.099671,0.000000,0.000000,0.000000,0.309932,-0.375074,-0.297300,0.113436,-0.336779,-0.292242,0.211684,-0.355927,-0.294771,0.182945,-0.387797,-0.271330,0.209191,-0.405194,-0.224206,0.233687,-0.398477,-0.269909
2026-07-20 14:37:14.999,346.199671,0.000000,0.000000,0.000000,0.310024,-0.393991,-0.281414,0.113848,-0.353297,-0.279571,0.211936,-0.373644,-0.280492,0.182940,-0.403856,-0.255931,0.208041,-0.422332,-0.208273,0.233405,-0.415758,-0.253719
2026-07-20 14:37:15.099,346.299671,0.000000,0.000000,0.000000,0.310091,-0.380084,-0.298894,0.113595,-0.341789,-0.293836,0.211843,-0.360936,-0.296365,0.183291,-0.391832,-0.272803,0.209130,-0.411159,-0.225983,0.234346,-0.401573,-0.271258
2026-07-20 14:37:15.199,346.399671,0.000000,0.000000,0.000000,0.310059,-0.379082,-0.298575,0.113753,-0.338781,-0.293334,0.211906,-0.358931,-0.295955,0.183279,-0.390967,-0.271633,0.208877,-0.411113,-0.225847,0.234064,-0.401528,-0.271062
2026-07-20 14:37:15.299,346.499671,0.000000,0.000000,0.000000,0.310277,-0.390007,-0.280533,0.113877,-0.349353,-0.277799,0.212077,-0.369680,-0.279166,0.182856,-0.400812,-0.255098,0.208183,-0.418328,-0.207296,0.233832,-0.410796,-0.252716
2026-07-20 14:37:15.399,346.599670,0.000000,0.000000,0.000000,0.310091,-0.380084,-0.298894,0.113690,-0.340786,-0.293745,0.211891,-0.360435,-0.296319,0.183497,-0.390995,-0.271829,0.209130,-0.411159,-0.225983,0.234096,-0.402530,-0.271381
2026-07-20 14:37:15.499,346.699670,0.000000,0.000000,0.000000,0.310549,-0.383151,-0.300086,0.113817,-0.344794,-0.295020,0.212183,-0.363972,-0.297553,0.183438,-0.395976,-0.273228,0.209257,-0.415167,-0.227259,0.234473,-0.405581,-0.272534
2026-07-20 14:37:15.599,346.799670,0.000000,0.000000,0.000000,0.309996,-0.377078,-0.297938,0.113594,-0.337780,-0.292788,0.211795,-0.357429,-0.295363,0.183215,-0.388963,-0.270995,0.208813,-0.409109,-0.225209,0.234251,-0.398567,-0.270301
2026-07-20 14:37:15.699,346.899670,0.000000,0.000000,0.000000,0.310218,-0.384092,-0.300170,0.113743,-0.345938,-0.294231,0.211981,-0.365015,-0.297201,0.183438,-0.395976,-0.273228,0.208449,-0.415089,-0.226360,0.234473,-0.405581,-0.272534
2026-07-20 14:37:15.799,346.999670,0.000000,0.000000,0.000000,0.309824,-0.383029,-0.299616,0.113774,-0.342931,-0.293501,0.211799,-0.362980,-0.296559,0.183374,-0.393972,-0.272590,0.208385,-0.413085,-0.225722,0.234159,-0.404534,-0.272019
2026-07-20 14:37:15.899,347.099670,0.000000,0.000000,0.000000,0.309964,-0.376076,-0.297619,0.113468,-0.337781,-0.292561,0.211716,-0.356929,-0.295090,0.183183,-0.387961,-0.270676,0.208214,-0.407208,-0.222962,0.234219,-0.397565,-0.269982
2026-07-20 14:37:15.999,347.199670,0.000000,0.000000,0.000000,0.310454,-0.380145,-0.299129,0.113836,-0.340926,-0.293089,0.212145,-0.360535,-0.296109,0.183529,-0.391997,-0.272148,0.208373,-0.412218,-0.224557,0.234147,-0.403668,-0.270845
2026-07-20 14:37:16.099,347.299670,0.000000,0.000000,0.000000,0.309744,-0.396962,-0.282017,0.113816,-0.356436,-0.279291,0.211780,-0.376699,-0.280654,0.183199,-0.405008,-0.255546,0.206704,-0.423258,-0.206057,0.233983,-0.415969,-0.253243
2026-07-20 14:37:16.199,347.399670,0.000000,0.000000,0.000000,0.310052,-0.395006,-0.281691,0.113788,-0.355421,-0.279013,0.211920,-0.375214,-0.280352,0.183171,-0.403994,-0.255269,0.206072,-0.421062,-0.205595,0.233700,-0.415914,-0.253052
2026-07-20 14:37:16.299,347.499670,0.000000,0.000000,0.000000,0.309856,-0.384031,-0.299935,0.113616,-0.345939,-0.294005,0.211736,-0.364985,-0.296970,0.183592,-0.394001,-0.272786,0.207038,-0.413110,-0.223210,0.233873,-0.403543,-0.271181
2026-07-20 14:37:16.399,347.599669,0.000000,0.000000,0.000000,0.310108,-0.397035,-0.282247,0.113932,-0.356341,-0.280404,0.212020,-0.376688,-0.281325,0.183227,-0.406023,-0.255824,0.205324,-0.423070,-0.204408,0.234011,-0.416984,-0.253521
2026-07-20 14:37:16.499,347.699669,0.000000,0.000000,0.000000,0.310187,-0.383090,-0.299851,0.113711,-0.344936,-0.293912,0.211949,-0.364013,-0.296882,0.184239,-0.395189,-0.272962,0.206013,-0.413987,-0.222498,0.234586,-0.404238,-0.271297
2026-07-20 14:37:16.599,347.799669,0.000000,0.000000,0.000000,0.323282,-0.379347,-0.293991,0.125795,-0.346522,-0.290120,0.224538,-0.362934,-0.292056,0.197477,-0.394625,-0.268069,0.219322,-0.412460,-0.216388,0.247924,-0.402759,-0.265940
2026-07-20 14:37:16.699,347.899669,0.000000,0.000000,0.000000,0.310059,-0.379082,-0.298575,0.113678,-0.339925,-0.292544,0.211869,-0.359503,-0.295560,0.184299,-0.390208,-0.271564,0.205077,-0.409901,-0.220323,0.234334,-0.400708,-0.270083
2026-07-20 14:37:16.799,347.999669,0.000000,0.000000,0.000000,0.310123,-0.381086,-0.299213,0.113742,-0.341929,-0.293182,0.211932,-0.361507,-0.296198,0.184362,-0.392212,-0.272202,0.204945,-0.412996,-0.220305,0.233561,-0.402496,-0.270667
2026-07-20 14:37:16.899,348.099669,0.000000,0.000000,0.000000,0.310091,-0.380084,-0.298894,0.113615,-0.341930,-0.292956,0.211853,-0.361007,-0.295925,0.184143,-0.392183,-0.272005,0.205148,-0.411174,-0.218949,0.234366,-0.401710,-0.270402
2026-07-20 14:37:16.999,348.199669,0.000000,0.000000,0.000000,0.323220,-0.378343,-0.293683,0.125666,-0.346524,-0.289895,0.224443,-0.362434,-0.291789,0.196735,-0.392449,-0.267601,0.217438,-0.412290,-0.214480,0.248085,-0.400791,-0.265514
2026-07-20 14:37:17.099,348.299669,0.000000,0.000000,0.000000,0.310108,-0.397035,-0.282247,0.113844,-0.357450,-0.279569,0.211976,-0.377242,-0.280908,0.183227,-0.406023,-0.255824,0.203277,-0.424951,-0.201234,0.234267,-0.416025,-0.253435
2026-07-20 14:37:17.199,348.399669,0.000000,0.000000,0.000000,0.310187,-0.383090,-0.299851,0.113711,-0.344936,-0.293912,0.211949,-0.364013,-0.296882,0.183592,-0.394001,-0.272786,0.204221,-0.415057,-0.219200,0.234461,-0.404716,-0.271359
2026-07-20 14:37:17.299,348.499669,0.000000,0.000000,0.000000,0.310187,-0.383090,-0.299851,0.113616,-0.345939,-0.294005,0.211902,-0.364514,-0.296928,0.183592,-0.394001,-0.272786,0.203414,-0.414979,-0.218302,0.234961,-0.402803,-0.271111
2026-07-20 14:37:17.399,348.599669,0.000000,0.000000,0.000000,0.310024,-0.393991,-0.281414,0.113861,-0.353401,-0.278684,0.211942,-0.373696,-0.280049,0.183144,-0.402979,-0.254991,0.202380,-0.421787,-0.199514,0.234183,-0.412981,-0.252602
2026-07-20 14:37:17.499,348.699668,0.000000,0.000000,0.000000,0.310282,-0.386096,-0.300808,0.113806,-0.347942,-0.294869,0.212044,-0.367019,-0.297839,0.183688,-0.397007,-0.273743,0.203529,-0.418120,-0.218413,0.234807,-0.406765,-0.272192
2026-07-20 14:37:17.599,348.799668,0.000000,0.000000,0.000000,0.310249,-0.388992,-0.280255,0.113548,-0.351354,-0.277676,0.211899,-0.370173,-0.278966,0.182840,-0.399898,-0.253964,0.202280,-0.417829,-0.197553,0.234072,-0.408923,-0.251491
2026-07-20 14:37:17.699,348.899668,0.000000,0.000000,0.000000,0.309716,-0.395947,-0.281739,0.113888,-0.354416,-0.278962,0.211802,-0.375182,-0.280350,0.182980,-0.404971,-0.255352,0.202201,-0.423863,-0.199098,0.234466,-0.413037,-0.252793
2026-07-20 14:37:17.799,348.999668,0.000000,0.000000,0.000000,0.309969,-0.391962,-0.280858,0.113704,-0.352378,-0.278180,0.211837,-0.372170,-0.279519,0.182255,-0.400728,-0.254398,0.202347,-0.419958,-0.197258,0.234383,-0.409993,-0.251960
2026-07-20 14:37:17.899,349.099668,0.000000,0.000000,0.000000,0.310849,-0.381208,-0.299683,0.113711,-0.344936,-0.293912,0.212280,-0.363072,-0.296798,0.182573,-0.394760,-0.272855,0.203453,-0.415249,-0.216612,0.234711,-0.403760,-0.271235
2026-07-20 14:37:17.999,349.199668,0.000000,0.000000,0.000000,0.310108,-0.397035,-0.282247,0.114603,-0.358685,-0.279659,0.212355,-0.377860,-0.280953,0.182204,-0.406777,-0.255870,0.201444,-0.425772,-0.198767,0.234267,-0.416025,-0.253435
2026-07-20 14:37:18.099,349.299668,0.000000,0.000000,0.000000,0.310187,-0.383090,-0.299851,0.113616,-0.345939,-0.294005,0.211902,-0.364514,-0.296928,0.182573,-0.394760,-0.272855,0.203346,-0.415726,-0.216709,0.235549,-0.403976,-0.271289
2026-07-20 14:37:18.199,349.399668,0.000000,0.000000,0.000000,0.310359,-0.377139,-0.298172,0.113552,-0.339926,-0.292318,0.211955,-0.358532,-0.295245,0.182229,-0.390724,-0.271383,0.203080,-0.411194,-0.215213,0.235265,-0.399444,-0.269756
2026-07-20 14:37:18.299,349.499668,0.000000,0.000000,0.000000,0.309792,-0.382027,-0.299297,0.113647,-0.342932,-0.293275,0.211720,-0.362479,-0.296286,0.182324,-0.393730,-0.272340,0.203195,-0.414335,-0.215326,0.235234,-0.402928,-0.270775
2026-07-20 14:37:18.399,349.599668,0.000000,0.000000,0.000000,0.310218,-0.384092,-0.300170,0.113648,-0.346940,-0.294324,0.211933,-0.365516,-0.297247,0.181588,-0.396521,-0.273244,0.202465,-0.417128,-0.216229,0.235330,-0.405934,-0.271732
2026-07-20 14:37:18.499,349.699667,0.000000,0.000000,0.000000,0.310390,-0.378141,-0.298491,0.113489,-0.341931,-0.292729,0.211940,-0.360036,-0.295610,0.181429,-0.391511,-0.271649,0.202306,-0.412118,-0.214635,0.235171,-0.400924,-0.270137
2026-07-20 14:37:18.599,349.799667,0.000000,0.000000,0.000000,0.310091,-0.380084,-0.298894,0.113521,-0.342933,-0.293048,0.211806,-0.361508,-0.295971,0.181461,-0.392513,-0.271968,0.202338,-0.413120,-0.214954,0.234951,-0.402882,-0.270580
2026-07-20 14:37:18.699,349.899667,0.000000,0.000000,0.000000,0.310361,-0.393050,-0.281366,0.113861,-0.353401,-0.278684,0.212111,-0.373226,-0.280025,0.181099,-0.404489,-0.255084,0.201372,-0.422828,-0.197085,0.234763,-0.414163,-0.252725
2026-07-20 14:37:18.799,349.999667,0.000000,0.000000,0.000000,0.310187,-0.383090,-0.299851,0.113806,-0.343933,-0.293820,0.211996,-0.363511,-0.296835,0.181556,-0.395519,-0.272925,0.202433,-0.416126,-0.215911,0.235047,-0.405888,-0.271537
2026-07-20 14:37:18.899,350.099667,0.000000,0.000000,0.000000,0.310333,-0.392035,-0.281088,0.113632,-0.354398,-0.278509,0.211982,-0.373217,-0.279799,0.181071,-0.403475,-0.254806,0.201344,-0.421813,-0.196808,0.234736,-0.413149,-0.252448
2026-07-20 14:37:18.999,350.199667,0.000000,0.000000,0.000000,0.323158,-0.377339,-0.293374,0.125737,-0.343509,-0.289419,0.224448,-0.360424,-0.291396,0.194681,-0.393020,-0.267434,0.215789,-0.411535,-0.209852,0.249486,-0.401139,-0.265411
2026-07-20 14:37:19.099,350.299667,0.000000,0.000000,0.000000,0.323158,-0.377339,-0.293374,0.125737,-0.343509,-0.289419,0.224448,-0.360424,-0.291396,0.194524,-0.394000,-0.267548,0.214774,-0.412307,-0.209997,0.249261,-0.402102,-0.265527
2026-07-20 14:37:19.199,350.399667,0.000000,0.000000,0.000000,0.310472,-0.397108,-0.282477,0.113872,-0.358465,-0.279846,0.212172,-0.377786,-0.281162,0.180191,-0.409303,-0.256241,0.200659,-0.426666,-0.198159,0.235711,-0.418444,-0.253874
2026-07-20 14:37:19.299,350.499667,0.000000,0.000000,0.000000,0.310549,-0.383151,-0.300086,0.113743,-0.345938,-0.294231,0.212146,-0.364544,-0.297159,0.181588,-0.396521,-0.273244,0.201640,-0.416915,-0.216177,0.236040,-0.406628,-0.271847
2026-07-20 14:37:19.399,350.599667,0.000000,0.000000,0.000000,0.310059,-0.379082,-0.298575,0.113489,-0.341931,-0.292729,0.211774,-0.360506,-0.295652,0.180598,-0.391297,-0.271596,0.201481,-0.411905,-0.214582,0.236008,-0.401140,-0.270191
2026-07-20 14:37:19.499,350.699667,0.000000,0.000000,0.000000,0.310091,-0.380084,-0.298894,0.113710,-0.340927,-0.292863,0.211901,-0.360505,-0.295879,0.180629,-0.392299,-0.271915,0.201513,-0.412907,-0.214901,0.236039,-0.402142,-0.270510
2026-07-20 14:37:19.599,350.799666,0.000000,0.000000,0.000000,0.310108,-0.397035,-0.282247,0.113844,-0.357450,-0.279569,0.211976,-0.377242,-0.280908,0.180163,-0.408289,-0.255963,0.200631,-0.425651,-0.197881,0.235425,-0.418389,-0.253682
2026-07-20 14:37:19.699,350.899666,0.000000,0.000000,0.000000,0.309760,-0.381025,-0.298978,0.113710,-0.340927,-0.292863,0.211735,-0.360976,-0.295921,0.180446,-0.393273,-0.272037,0.200898,-0.411738,-0.214651,0.235787,-0.403098,-0.270633
2026-07-20 14:37:19.799,350.999666,0.000000,0.000000,0.000000,0.310038,-0.394499,-0.281553,0.113573,-0.356925,-0.278978,0.211806,-0.375712,-0.280265,0.180093,-0.405753,-0.255269,0.199737,-0.422895,-0.197150,0.235356,-0.415852,-0.252988
2026-07-20 14:37:19.899,351.099666,0.000000,0.000000,0.000000,0.309856,-0.384031,-0.299935,0.113806,-0.343933,-0.293820,0.211831,-0.363982,-0.296877,0.180725,-0.395305,-0.272871,0.200783,-0.415700,-0.215805,0.236135,-0.405148,-0.271466
2026-07-20 14:37:19.999,351.199666,0.000000,0.000000,0.000000,0.310359,-0.377139,-0.298172,0.113363,-0.341932,-0.292503,0.211861,-0.359535,-0.295338,0.180566,-0.390295,-0.271277,0.200624,-0.410690,-0.214210,0.235723,-0.401094,-0.269995
2026-07-20 14:37:20.099,351.299666,0.000000,0.000000,0.000000,0.310305,-0.391021,-0.280811,0.113805,-0.351373,-0.278128,0.212055,-0.371197,-0.279470,0.180024,-0.403216,-0.254575,0.199668,-0.420359,-0.196456,0.235286,-0.413316,-0.252293
2026-07-20 14:37:20.199,351.399666,0.000000,0.000000,0.000000,0.310187,-0.383090,-0.299851,0.113806,-0.343933,-0.293820,0.211996,-0.363511,-0.296835,0.180541,-0.396279,-0.272994,0.200888,-0.415222,-0.215706,0.235630,-0.407059,-0.271714
2026-07-20 14:37:20.299,351.499666,0.000000,0.000000,0.000000,0.309728,-0.380023,-0.298659,0.113678,-0.339925,-0.292544,0.211703,-0.359974,-0.295602,0.180414,-0.392271,-0.271718,0.200656,-0.411692,-0.214529,0.235755,-0.402096,-0.270314
2026-07-20 14:37:20.399,351.599666,0.000000,0.000000,0.000000,0.310187,-0.383090,-0.299851,0.113711,-0.344936,-0.293912,0.211949,-0.364013,-0.296882,0.180725,-0.395305,-0.272871,0.200572,-0.416656,-0.216002,0.235882,-0.406104,-0.271590
2026-07-20 14:37:20.499,351.699666,0.000000,0.000000,0.000000,0.310123,-0.381086,-0.299213,0.113647,-0.342932,-0.293275,0.211885,-0.362009,-0.296244,0.180478,-0.394275,-0.272356,0.199894,-0.413483,-0.215114,0.236071,-0.403144,-0.270828
2026-07-20 14:37:20.599,351.799665,0.000000,0.000000,0.000000,0.310219,-0.401093,-0.283358,0.114056,-0.360503,-0.280628,0.212137,-0.380798,-0.281993,0.180275,-0.412347,-0.257074,0.199094,-0.429269,-0.198918,0.235794,-0.421488,-0.254707
2026-07-20 14:37:20.699,351.899665,0.000000,0.000000,0.000000,0.309856,-0.384031,-0.299935,0.113711,-0.344936,-0.293912,0.211783,-0.364483,-0.296924,0.179711,-0.396065,-0.272941,0.199958,-0.415487,-0.215752,0.235882,-0.406104,-0.271590
2026-07-20 14:37:20.799,351.999665,0.000000,0.000000,0.000000,0.310314,-0.387098,-0.301127,0.113838,-0.348944,-0.295188,0.212076,-0.368021,-0.298158,0.180669,-0.400287,-0.274270,0.199875,-0.420451,-0.217225,0.236010,-0.410111,-0.272866
2026-07-20 14:37:20.899,352.099665,0.000000,0.000000,0.000000,0.310187,-0.383090,-0.299851,0.113806,-0.343933,-0.293820,0.211996,-0.363511,-0.296835,0.179893,-0.395090,-0.272818,0.199748,-0.416443,-0.215949,0.235882,-0.406104,-0.271590
2026-07-20 14:37:20.999,352.199665,0.000000,0.000000,0.000000,0.310305,-0.391021,-0.280811,0.113704,-0.352378,-0.278180,0.212005,-0.371699,-0.279495,0.180024,-0.403216,-0.254575,0.198855,-0.420239,-0.195570,0.235544,-0.412358,-0.252207
2026-07-20 14:37:21.099,352.299665,0.000000,0.000000,0.000000,0.310389,-0.394064,-0.281644,0.113688,-0.356426,-0.279065,0.212038,-0.375245,-0.280354,0.179278,-0.406038,-0.255370,0.198939,-0.423282,-0.196403,0.235370,-0.416360,-0.253127
2026-07-20 14:37:21.199,352.399665,0.000000,0.000000,0.000000,0.310108,-0.397035,-0.282247,0.113743,-0.358455,-0.279620,0.211926,-0.377745,-0.280934,0.179521,-0.407089,-0.255842,0.199208,-0.424349,-0.196798,0.235683,-0.417430,-0.253596
2026-07-20 14:37:21.299,352.499665,0.000000,0.000000,0.000000,0.306314,-0.390658,-0.286336,0.109970,-0.350665,-0.283064,0.208142,-0.370661,-0.284700,0.175462,-0.401135,-0.259422,0.195123,-0.420216,-0.200874,0.231565,-0.411866,-0.257603
2026-07-20 14:37:21.399,352.599665,0.000000,0.000000,0.000000,0.310549,-0.383151,-0.300086,0.113743,-0.345938,-0.294231,0.212146,-0.364544,-0.297159,0.179743,-0.397067,-0.273260,0.200009,-0.416624,-0.215227,0.235914,-0.407105,-0.271909
2026-07-20 14:37:21.499,352.699665,0.000000,0.000000,0.000000,0.309996,-0.392977,-0.281136,0.113732,-0.353392,-0.278458,0.211864,-0.373185,-0.279797,0.180052,-0.404231,-0.254852,0.198669,-0.422215,-0.196008,0.235314,-0.414331,-0.252571
2026-07-20 14:37:21.599,352.799664,0.000000,0.000000,0.000000,0.310155,-0.382088,-0.299532,0.113659,-0.343793,-0.294474,0.211907,-0.362940,-0.297003,0.179861,-0.394088,-0.272499,0.199736,-0.415576,-0.214787,0.235851,-0.405102,-0.271271
2026-07-20 14:37:21.699,352.899664,0.000000,0.000000,0.000000,0.309856,-0.384031,-0.299935,0.113806,-0.343933,-0.293820,0.211831,-0.363982,-0.296877,0.179711,-0.396065,-0.272941,0.199768,-0.416578,-0.215106,0.235882,-0.406104,-0.271590
2026-07-20 14:37:21.799,352.999664,0.000000,0.000000,0.000000,0.310690,-0.376198,-0.298088,0.113646,-0.338923,-0.292225,0.212168,-0.357561,-0.295157,0.179552,-0.391055,-0.271346,0.199837,-0.410747,-0.212469,0.235723,-0.401094,-0.269995
2026-07-20 14:37:21.899,353.099664,0.000000,0.000000,0.000000,0.310518,-0.382149,-0.299767,0.113785,-0.343792,-0.294702,0.212151,-0.362970,-0.297234,0.179893,-0.395090,-0.272818,0.199996,-0.415757,-0.214064,0.235882,-0.406104,-0.271590
2026-07-20 14:37:21.999,353.199664,0.000000,0.000000,0.000000,0.310136,-0.398049,-0.282525,0.113872,-0.358465,-0.279846,0.212004,-0.378257,-0.281185,0.179361,-0.409082,-0.256204,0.199034,-0.426425,-0.196387,0.235453,-0.419403,-0.253960
2026-07-20 14:37:22.099,353.299664,0.000000,0.000000,0.000000,0.310327,-0.376137,-0.297853,0.113426,-0.339927,-0.292092,0.211876,-0.358032,-0.294972,0.179520,-0.390053,-0.271027,0.198772,-0.410488,-0.212297,0.235692,-0.400092,-0.269677
2026-07-20 14:37:22.199,353.399664,0.000000,0.000000,0.000000,0.310187,-0.383090,-0.299851,0.113806,-0.343933,-0.293820,0.211996,-0.363511,-0.296835,0.179711,-0.396065,-0.272941,0.199171,-0.415544,-0.214011,0.235882,-0.406104,-0.271590
2026-07-20 14:37:22.299,353.499664,0.000000,0.000000,0.000000,0.310187,-0.383090,-0.299851,0.113711,-0.344936,-0.293912,0.211949,-0.364013,-0.296882,0.179711,-0.396065,-0.272941,0.199171,-0.415544,-0.214011,0.235882,-0.406104,-0.271590
2026-07-20 14:37:22.399,353.599664,0.000000,0.000000,0.000000,0.310123,-0.381086,-0.299213,0.113647,-0.342932,-0.293275,0.211885,-0.362009,-0.296244,0.179830,-0.393086,-0.272180,0.199107,-0.413540,-0.213373,0.235819,-0.404100,-0.270952
2026-07-20 14:37:22.499,353.699664,0.000000,0.000000,0.000000,0.310187,-0.383090,-0.299851,0.113785,-0.343792,-0.294702,0.211986,-0.363441,-0.297276,0.179711,-0.396065,-0.272941,0.199171,-0.415544,-0.214011,0.236135,-0.405148,-0.271466
2026-07-20 14:37:22.599,353.799664,0.000000,0.000000,0.000000,0.310359,-0.377139,-0.298172,0.113532,-0.339785,-0.293198,0.211945,-0.358462,-0.295685,0.179734,-0.390080,-0.271223,0.199012,-0.410534,-0.212416,0.235976,-0.400138,-0.269872
2026-07-20 14:37:22.699,353.899663,0.000000,0.000000,0.000000,0.310250,-0.385094,-0.300489,0.113849,-0.345796,-0.295339,0.212050,-0.365445,-0.297914,0.179775,-0.398069,-0.273579,0.199235,-0.417548,-0.214649,0.236198,-0.407152,-0.272104
2026-07-20 14:37:22.799,353.999663,0.000000,0.000000,0.000000,0.310282,-0.386096,-0.300808,0.113786,-0.347801,-0.295750,0.212034,-0.366948,-0.298279,0.179989,-0.398096,-0.273775,0.199267,-0.418550,-0.214968,0.236230,-0.408154,-0.272423
2026-07-20 14:37:22.899,354.099663,0.000000,0.000000,0.000000,0.310187,-0.383090,-0.299851,0.113691,-0.344795,-0.294793,0.211939,-0.363942,-0.297322,0.179711,-0.396065,-0.272941,0.199171,-0.415544,-0.214011,0.236135,-0.405148,-0.271466
2026-07-20 14:37:22.999,354.199663,0.000000,0.000000,0.000000,0.309996,-0.377078,-0.297938,0.113500,-0.338783,-0.292880,0.211748,-0.357931,-0.295409,0.179702,-0.389078,-0.270904,0.198980,-0.409532,-0.212097,0.235692,-0.400092,-0.269677
2026-07-20 14:37:23.099,354.299663,0.000000,0.000000,0.000000,0.310187,-0.383090,-0.299851,0.113785,-0.343792,-0.294702,0.211986,-0.363441,-0.297276,0.179893,-0.395090,-0.272818,0.198963,-0.416500,-0.214210,0.236387,-0.404192,-0.271342
2026-07-20 14:37:23.199,354.399663,0.000000,0.000000,0.000000,0.310207,-0.383233,-0.298956,0.113711,-0.344936,-0.293912,0.211959,-0.364084,-0.296434,0.179711,-0.396065,-0.272941,0.199171,-0.415544,-0.214011,0.235882,-0.406104,-0.271590
2026-07-20 14:37:23.299,354.499663,0.000000,0.000000,0.000000,0.309598,-0.380062,-0.298177,0.113533,-0.343794,-0.294247,0.211566,-0.361928,-0.296212,0.179647,-0.394061,-0.272303,0.199107,-0.413540,-0.213373,0.235819,-0.404100,-0.270952
2026-07-20 14:37:23.399,354.599663,0.000000,0.000000,0.000000,0.320389,-0.403434,-0.241996,0.124311,-0.367020,-0.246636,0.222350,-0.385227,-0.244316,0.190399,-0.415236,-0.217312,0.208787,-0.427102,-0.156059,0.246887,-0.423201,-0.213580
2026-07-20 14:37:23.499,354.699663,0.000000,0.000000,0.000000,0.309173,-0.377997,-0.297305,0.113552,-0.339926,-0.292318,0.211363,-0.358961,-0.294812,0.179552,-0.391055,-0.271346,0.198784,-0.411356,-0.213459,0.235976,-0.400138,-0.269872
2026-07-20 14:37:23.599,354.799663,0.000000,0.000000,0.000000,0.321262,-0.410797,-0.243144,0.124385,-0.376273,-0.246820,0.222823,-0.393535,-0.244982,0.190709,-0.421432,-0.218474,0.208904,-0.434243,-0.158160,0.246961,-0.430364,-0.214754
2026-07-20 14:37:23.699,354.899662,0.000000,0.000000,0.000000,0.321889,-0.416044,-0.244330,0.124855,-0.380453,-0.248039,0.223372,-0.398248,-0.246185,0.190853,-0.428614,-0.219643,0.209406,-0.439463,-0.159238,0.247508,-0.435593,-0.215904
2026-07-20 14:37:23.799,354.999662,0.000000,0.000000,0.000000,0.309491,-0.388017,-0.300495,0.113965,-0.348943,-0.295414,0.211728,-0.368480,-0.297955,0.179688,-0.402049,-0.274659,0.199927,-0.421588,-0.216701,0.236042,-0.411113,-0.273185
2026-07-20 14:37:23.899,355.099662,0.000000,0.000000,0.000000,0.310155,-0.382088,-0.299532,0.113564,-0.344796,-0.294566,0.211860,-0.363442,-0.297049,0.179679,-0.395063,-0.272622,0.199716,-0.415441,-0.215630,0.235598,-0.406057,-0.271395
2026-07-20 14:37:23.999,355.199662,0.000000,0.000000,0.000000,0.310518,-0.382149,-0.299767,0.113785,-0.343792,-0.294702,0.212151,-0.362970,-0.297234,0.179529,-0.397040,-0.273064,0.199748,-0.416443,-0.215949,0.236135,-0.405148,-0.271466
2026-07-20 14:37:24.099,355.299662,0.000000,0.000000,0.000000,0.321680,-0.411880,-0.244461,0.124646,-0.376290,-0.248156,0.223163,-0.394085,-0.246308,0.190813,-0.423498,-0.218862,0.209833,-0.436483,-0.159410,0.246827,-0.433397,-0.215153
2026-07-20 14:37:24.199,355.399662,0.000000,0.000000,0.000000,0.310518,-0.382149,-0.299767,0.113711,-0.344936,-0.293912,0.212114,-0.363542,-0.296840,0.179691,-0.395929,-0.273790,0.199748,-0.416443,-0.215949,0.235882,-0.406104,-0.271590
2026-07-20 14:37:24.299,355.499662,0.000000,0.000000,0.000000,0.310422,-0.379143,-0.298810,0.113521,-0.342933,-0.293048,0.211972,-0.361038,-0.295929,0.178766,-0.392709,-0.272780,0.199653,-0.413437,-0.214992,0.235535,-0.404053,-0.270757
2026-07-20 14:37:24.399,355.599662,0.000000,0.000000,0.000000,0.309569,-0.375013,-0.297065,0.113330,-0.336921,-0.291135,0.211450,-0.355967,-0.294100,0.178413,-0.387808,-0.270140,0.199462,-0.407426,-0.213078,0.235344,-0.398042,-0.268844
2026-07-20 14:37:24.499,355.699662,0.000000,0.000000,0.000000,0.310187,-0.383090,-0.299851,0.113806,-0.343933,-0.293820,0.211996,-0.363511,-0.296835,0.178861,-0.395715,-0.273737,0.199539,-0.417399,-0.216146,0.235630,-0.407059,-0.271714
2026-07-20 14:37:24.599,355.799662,0.000000,0.000000,0.000000,0.310091,-0.380084,-0.298894,0.113615,-0.341930,-0.292956,0.211853,-0.361007,-0.295925,0.179414,-0.393898,-0.272955,0.198640,-0.414316,-0.214295,0.236039,-0.402142,-0.270510
2026-07-20 14:37:24.699,355.899662,0.000000,0.000000,0.000000,0.310136,-0.398049,-0.282525,0.113872,-0.358465,-0.279846,0.212004,-0.378257,-0.281185,0.178520,-0.408760,-0.257021,0.197985,-0.427068,-0.197359,0.235196,-0.420362,-0.254046
2026-07-20 14:37:24.799,355.999661,0.000000,0.000000,0.000000,0.310389,-0.394064,-0.281644,0.113788,-0.355421,-0.279013,0.212088,-0.374743,-0.280329,0.178262,-0.406795,-0.255417,0.197688,-0.424987,-0.196686,0.235112,-0.417318,-0.253213
2026-07-20 14:37:24.899,356.099661,0.000000,0.000000,0.000000,0.310091,-0.380084,-0.298894,0.113521,-0.342933,-0.293048,0.211806,-0.361508,-0.295971,0.178604,-0.393820,-0.272054,0.198659,-0.414450,-0.213453,0.236623,-0.403313,-0.270687
2026-07-20 14:37:24.999,356.199661,0.000000,0.000000,0.000000,0.310849,-0.381208,-0.299683,0.113806,-0.343933,-0.293820,0.212327,-0.362570,-0.296751,0.179529,-0.397040,-0.273064,0.198963,-0.416500,-0.214210,0.235882,-0.406104,-0.271590
2026-07-20 14:37:25.099,356.299661,0.000000,0.000000,0.000000,0.310187,-0.383090,-0.299851,0.113616,-0.345939,-0.294005,0.211902,-0.364514,-0.296928,0.178880,-0.395851,-0.272888,0.198963,-0.416500,-0.214210,0.236718,-0.406319,-0.271644
2026-07-20 14:37:25.199,356.399661,0.000000,0.000000,0.000000,0.310528,-0.399137,-0.283032,0.114028,-0.359488,-0.280350,0.212278,-0.379312,-0.281691,0.178588,-0.410889,-0.256722,0.198064,-0.429295,-0.196219,0.236085,-0.422613,-0.254638
2026-07-20 14:37:25.299,356.499661,0.000000,0.000000,0.000000,0.310123,-0.381086,-0.299213,0.113742,-0.341929,-0.293182,0.211932,-0.361507,-0.296198,0.178817,-0.393847,-0.272250,0.199127,-0.413675,-0.212529,0.236528,-0.404793,-0.271068
2026-07-20 14:37:25.399,356.599661,0.000000,0.000000,0.000000,0.310518,-0.382149,-0.299767,0.113711,-0.344936,-0.293912,0.212114,-0.363542,-0.296840,0.178880,-0.395851,-0.272888,0.198365,-0.415466,-0.213114,0.236465,-0.407275,-0.271768
2026-07-20 14:37:25.499,356.699661,0.000000,0.000000,0.000000,0.310613,-0.385155,-0.300724,0.113806,-0.347942,-0.294869,0.212210,-0.366548,-0.297797,0.179715,-0.399558,-0.273959,0.198480,-0.418607,-0.213227,0.236560,-0.410281,-0.272724
2026-07-20 14:37:25.599,356.799661,0.000000,0.000000,0.000000,0.310164,-0.399064,-0.282802,0.113899,-0.359479,-0.280124,0.212032,-0.379271,-0.281463,0.179202,-0.411074,-0.256565,0.197448,-0.427298,-0.194044,0.236316,-0.420640,-0.254275
2026-07-20 14:37:25.699,356.899661,0.000000,0.000000,0.000000,0.310486,-0.381147,-0.299448,0.113679,-0.343934,-0.293593,0.212082,-0.362540,-0.296521,0.179679,-0.395063,-0.272622,0.198372,-0.414734,-0.211107,0.236686,-0.405317,-0.271325
2026-07-20 14:37:25.799,356.999660,0.000000,0.000000,0.000000,0.310028,-0.378080,-0.298256,0.113552,-0.339926,-0.292318,0.211790,-0.359003,-0.295287,0.179552,-0.391055,-0.271346,0.198245,-0.410726,-0.209832,0.236559,-0.401309,-0.270049
2026-07-20 14:37:25.899,357.099660,0.000000,0.000000,0.000000,0.310389,-0.394064,-0.281644,0.113788,-0.355421,-0.279013,0.212088,-0.374743,-0.280329,0.179278,-0.406038,-0.255370,0.197348,-0.423340,-0.192084,0.235112,-0.417318,-0.253213
2026-07-20 14:37:25.999,357.199660,0.000000,0.000000,0.000000,0.310108,-0.397035,-0.282247,0.113944,-0.356445,-0.279517,0.212026,-0.376740,-0.280882,0.179334,-0.408067,-0.255926,0.197403,-0.425369,-0.192640,0.236001,-0.419570,-0.253805
2026-07-20 14:37:26.099,357.299660,0.000000,0.000000,0.000000,0.310361,-0.393050,-0.281366,0.113861,-0.353401,-0.278684,0.212111,-0.373226,-0.280025,0.179250,-0.405024,-0.255093,0.196507,-0.422205,-0.190921,0.235918,-0.416526,-0.252972
2026-07-20 14:37:26.199,357.399660,0.000000,0.000000,0.000000,0.310155,-0.382088,-0.299532,0.113774,-0.342931,-0.293501,0.211964,-0.362509,-0.296516,0.179679,-0.395063,-0.272622,0.197792,-0.413835,-0.209162,0.236433,-0.406273,-0.271449
2026-07-20 14:37:26.299,357.499660,0.000000,0.000000,0.000000,0.310052,-0.395006,-0.281691,0.113888,-0.354416,-0.278962,0.211970,-0.374711,-0.280326,0.179278,-0.406038,-0.255370,0.196535,-0.423220,-0.191198,0.236204,-0.416582,-0.253164
2026-07-20 14:37:26.399,357.599660,0.000000,0.000000,0.000000,0.310472,-0.397108,-0.282477,0.113872,-0.358465,-0.279846,0.212172,-0.377786,-0.281162,0.179361,-0.409082,-0.256204,0.195794,-0.426043,-0.191994,0.236546,-0.418667,-0.253911
2026-07-20 14:37:26.499,357.699660,0.000000,0.000000,0.000000,0.310024,-0.393991,-0.281414,0.113660,-0.355412,-0.278787,0.211842,-0.374702,-0.280100,0.178421,-0.404803,-0.255055,0.195683,-0.421985,-0.190884,0.236176,-0.415568,-0.252886
2026-07-20 14:37:26.599,357.799660,0.000000,0.000000,0.000000,0.310472,-0.397108,-0.282477,0.113872,-0.358465,-0.279846,0.212172,-0.377786,-0.281162,0.178532,-0.408860,-0.256166,0.195794,-0.426043,-0.191994,0.236029,-0.420584,-0.254083
2026-07-20 14:37:26.699,357.899660,0.000000,0.000000,0.000000,0.321524,-0.408782,-0.243880,0.124572,-0.372216,-0.246712,0.223048,-0.390499,-0.245296,0.189823,-0.420193,-0.218271,0.205742,-0.431600,-0.152718,0.247748,-0.429539,-0.214570
2026-07-20 14:37:26.799,357.999660,0.000000,0.000000,0.000000,0.310327,-0.376137,-0.297853,0.113520,-0.338924,-0.291999,0.211923,-0.357531,-0.294926,0.178690,-0.389839,-0.270974,0.195776,-0.409355,-0.207666,0.236274,-0.401263,-0.269854
2026-07-20 14:37:26.899,358.099659,0.000000,0.000000,0.000000,0.310389,-0.394064,-0.281644,0.113688,-0.356426,-0.279065,0.212038,-0.375245,-0.280354,0.178448,-0.405817,-0.255333,0.194887,-0.422780,-0.191124,0.236204,-0.416582,-0.253164
2026-07-20 14:37:26.999,358.199659,0.000000,0.000000,0.000000,0.310091,-0.380084,-0.298894,0.113710,-0.340927,-0.292863,0.211901,-0.360505,-0.295879,0.178785,-0.392845,-0.271931,0.195667,-0.413317,-0.208828,0.236623,-0.403313,-0.270687
2026-07-20 14:37:27.099,358.299659,0.000000,0.000000,0.000000,0.321867,-0.408349,-0.244001,0.124519,-0.373741,-0.246780,0.223193,-0.391045,-0.245391,0.189849,-0.420710,-0.218368,0.205767,-0.432116,-0.152815,0.247536,-0.431023,-0.214678
2026-07-20 14:37:27.199,358.399659,0.000000,0.000000,0.000000,0.322048,-0.411964,-0.244679,0.124777,-0.376315,-0.248379,0.223413,-0.394139,-0.246529,0.190030,-0.424324,-0.219046,0.205949,-0.435731,-0.153493,0.248194,-0.432703,-0.215333
2026-07-20 14:37:27.299,358.499659,0.000000,0.000000,0.000000,0.321680,-0.411880,-0.244461,0.124648,-0.376322,-0.247264,0.223164,-0.394101,-0.245863,0.189979,-0.423291,-0.218852,0.205897,-0.434698,-0.153299,0.247665,-0.433605,-0.215162
2026-07-20 14:37:27.399,358.599659,0.000000,0.000000,0.000000,0.321680,-0.411880,-0.244461,0.124648,-0.376322,-0.247264,0.223164,-0.394101,-0.245863,0.189979,-0.423291,-0.218852,0.205897,-0.434698,-0.153299,0.247904,-0.432637,-0.215151
2026-07-20 14:37:27.499,358.699659,0.000000,0.000000,0.000000,0.310187,-0.383090,-0.299851,0.113711,-0.344936,-0.293912,0.211949,-0.364013,-0.296882,0.179062,-0.394876,-0.272765,0.195967,-0.415367,-0.209580,0.236718,-0.406319,-0.271644
2026-07-20 14:37:27.599,358.799659,0.000000,0.000000,0.000000,0.310091,-0.380084,-0.298894,0.113426,-0.343936,-0.293141,0.211759,-0.362010,-0.296018,0.178785,-0.392845,-0.271931,0.195872,-0.412361,-0.208623,0.236876,-0.402358,-0.270563
2026-07-20 14:37:27.699,358.899659,0.000000,0.000000,0.000000,0.310422,-0.379143,-0.298810,0.113521,-0.342933,-0.293048,0.211972,-0.361038,-0.295929,0.178785,-0.392845,-0.271931,0.195872,-0.412361,-0.208623,0.236623,-0.403313,-0.270687
2026-07-20 14:37:27.799,358.999659,0.000000,0.000000,0.000000,0.310191,-0.400078,-0.283080,0.114128,-0.358483,-0.280298,0.212160,-0.379280,-0.281689,0.178588,-0.410889,-0.256722,0.195026,-0.427852,-0.192513,0.236344,-0.421655,-0.254553
2026-07-20 14:37:27.899,359.099658,0.000000,0.000000,0.000000,0.310091,-0.380084,-0.298894,0.113426,-0.343936,-0.293141,0.211759,-0.362010,-0.296018,0.178785,-0.392845,-0.271931,0.195872,-0.412361,-0.208623,0.236369,-0.404269,-0.270811
2026-07-20 14:37:27.999,359.199658,0.000000,0.000000,0.000000,0.321628,-0.410847,-0.244267,0.124596,-0.375290,-0.247071,0.223112,-0.393068,-0.245669,0.189927,-0.422259,-0.218658,0.205658,-0.434642,-0.153196,0.248090,-0.430637,-0.214945
2026-07-20 14:37:28.099,359.299658,0.000000,0.000000,0.000000,0.321835,-0.414978,-0.245042,0.124883,-0.378412,-0.247874,0.223359,-0.396695,-0.246458,0.190134,-0.426389,-0.219433,0.206881,-0.438001,-0.153889,0.248059,-0.435735,-0.215732
2026-07-20 14:37:28.199,359.399658,0.000000,0.000000,0.000000,0.310518,-0.382149,-0.299767,0.113806,-0.343933,-0.293820,0.212162,-0.363041,-0.296793,0.178880,-0.395851,-0.272888,0.196792,-0.415580,-0.209633,0.236718,-0.406319,-0.271644
2026-07-20 14:37:28.299,359.499658,0.000000,0.000000,0.000000,0.309932,-0.375074,-0.297300,0.113267,-0.338926,-0.291546,0.211600,-0.357000,-0.294423,0.178626,-0.387835,-0.270336,0.196538,-0.407564,-0.207081,0.236210,-0.399259,-0.269216
2026-07-20 14:37:28.399,359.599658,0.000000,0.000000,0.000000,0.310187,-0.383090,-0.299851,0.113806,-0.343933,-0.293820,0.211996,-0.363511,-0.296835,0.178880,-0.395851,-0.272888,0.196792,-0.415580,-0.209633,0.235882,-0.406104,-0.271590
2026-07-20 14:37:28.499,359.699658,0.000000,0.000000,0.000000,0.321524,-0.408782,-0.243880,0.124413,-0.374232,-0.246655,0.222969,-0.391507,-0.245267,0.189823,-0.420193,-0.218271,0.206570,-0.431805,-0.152727,0.247748,-0.429539,-0.214570
2026-07-20 14:37:28.599,359.799658,0.000000,0.000000,0.000000,0.310361,-0.393050,-0.281366,0.113861,-0.353401,-0.278684,0.212111,-0.373226,-0.280025,0.178234,-0.405781,-0.255139,0.195672,-0.421886,-0.191733,0.236176,-0.415568,-0.252886
2026-07-20 14:37:28.699,359.899658,0.000000,0.000000,0.000000,0.310091,-0.380084,-0.298894,0.113615,-0.341930,-0.292956,0.211853,-0.361007,-0.295925,0.178785,-0.392845,-0.271931,0.196697,-0.412574,-0.208676,0.236623,-0.403313,-0.270687
2026-07-20 14:37:28.799,359.999658,0.000000,0.000000,0.000000,0.310028,-0.378080,-0.298256,0.113457,-0.340929,-0.292410,0.211742,-0.359504,-0.295333,0.178721,-0.390841,-0.271293,0.196614,-0.410435,-0.208882,0.235471,-0.402050,-0.270119
2026-07-20 14:37:28.899,360.099658,0.000000,0.000000,0.000000,0.310416,-0.395079,-0.281922,0.113716,-0.357441,-0.279342,0.212066,-0.376260,-0.280632,0.178476,-0.406831,-0.255611,0.195727,-0.423915,-0.192288,0.235974,-0.418555,-0.253528
2026-07-20 14:37:28.999,360.199657,0.000000,0.000000,0.000000,0.310361,-0.393050,-0.281366,0.113861,-0.353401,-0.278684,0.212111,-0.373226,-0.280025,0.178421,-0.404803,-0.255055,0.195672,-0.421886,-0.191733,0.235918,-0.416526,-0.252972
2026-07-20 14:37:29.099,360.299657,0.000000,0.000000,0.000000,0.321680,-0.411880,-0.244461,0.124648,-0.376322,-0.247264,0.223164,-0.394101,-0.245863,0.189979,-0.423291,-0.218852,0.206723,-0.434872,-0.154163,0.247904,-0.432637,-0.215151
2026-07-20 14:37:29.199,360.399657,0.000000,0.000000,0.000000,0.310486,-0.381147,-0.299448,0.113679,-0.343934,-0.293593,0.212082,-0.362540,-0.296521,0.178849,-0.394849,-0.272569,0.196741,-0.414443,-0.210158,0.236433,-0.406273,-0.271449
2026-07-20 14:37:29.299,360.499657,0.000000,0.000000,0.000000,0.310444,-0.396093,-0.282199,0.113844,-0.357450,-0.279569,0.212144,-0.376772,-0.280884,0.178504,-0.407846,-0.255889,0.195755,-0.424929,-0.192566,0.236001,-0.419570,-0.253805
2026-07-20 14:37:29.399,360.599657,0.000000,0.000000,0.000000,0.310091,-0.380084,-0.298894,0.113805,-0.339924,-0.292770,0.211948,-0.360004,-0.295832,0.179616,-0.393059,-0.271984,0.196677,-0.412439,-0.209520,0.236369,-0.404269,-0.270811
2026-07-20 14:37:29.499,360.699657,0.000000,0.000000,0.000000,0.310218,-0.384092,-0.300170,0.113743,-0.345938,-0.294231,0.211981,-0.365015,-0.297201,0.179003,-0.396365,-0.273145,0.197630,-0.416660,-0.210848,0.236750,-0.407321,-0.271963
2026-07-20 14:37:29.599,360.799657,0.000000,0.000000,0.000000,0.310123,-0.381086,-0.299213,0.113458,-0.344938,-0.293460,0.211791,-0.363012,-0.296337,0.178817,-0.393847,-0.272250,0.197741,-0.412698,-0.209688,0.236401,-0.405271,-0.271130
2026-07-20 14:37:29.699,360.899657,0.000000,0.000000,0.000000,0.310250,-0.385094,-0.300489,0.114540,-0.348164,-0.294698,0.212395,-0.366629,-0.297594,0.179775,-0.398069,-0.273579,0.197662,-0.417662,-0.211167,0.236528,-0.409279,-0.272405
2026-07-20 14:37:29.799,360.999657,0.000000,0.000000,0.000000,0.321841,-0.407833,-0.243904,0.124493,-0.373224,-0.246683,0.223167,-0.390529,-0.245294,0.190658,-0.420399,-0.218281,0.207397,-0.431979,-0.153591,0.247510,-0.430507,-0.214581
2026-07-20 14:37:29.899,361.099657,0.000000,0.000000,0.000000,0.310528,-0.399137,-0.283032,0.114028,-0.359488,-0.280350,0.212278,-0.379312,-0.281691,0.179417,-0.411111,-0.256759,0.196440,-0.429055,-0.194449,0.235251,-0.422390,-0.254601
2026-07-20 14:37:29.999,361.199656,0.000000,0.000000,0.000000,0.310518,-0.382149,-0.299767,0.113711,-0.344936,-0.293912,0.212114,-0.363542,-0.296840,0.179711,-0.396065,-0.272941,0.197579,-0.415523,-0.211373,0.236465,-0.407275,-0.271768
2026-07-20 14:37:30.099,361.299656,0.000000,0.000000,0.000000,0.310052,-0.395006,-0.281691,0.113788,-0.355421,-0.279013,0.211920,-0.375214,-0.280352,0.179278,-0.406038,-0.255370,0.196512,-0.423020,-0.192896,0.235112,-0.417318,-0.253213
2026-07-20 14:37:30.199,361.399656,0.000000,0.000000,0.000000,0.310028,-0.378080,-0.298256,0.113646,-0.338923,-0.292225,0.211837,-0.358501,-0.295241,0.179552,-0.391055,-0.271346,0.197420,-0.410513,-0.209779,0.236306,-0.402265,-0.270173
2026-07-20 14:37:30.299,361.499656,0.000000,0.000000,0.000000,0.310282,-0.386096,-0.300808,0.113806,-0.347942,-0.294869,0.212044,-0.367019,-0.297839,0.179806,-0.399071,-0.273898,0.197674,-0.418529,-0.212330,0.235726,-0.410065,-0.272671
2026-07-20 14:37:30.399,361.599656,0.000000,0.000000,0.000000,0.310059,-0.379082,-0.298575,0.113678,-0.339925,-0.292544,0.211869,-0.359503,-0.295560,0.179584,-0.392057,-0.271665,0.197658,-0.410559,-0.209895,0.235755,-0.402096,-0.270314
2026-07-20 14:37:30.499,361.699656,0.000000,0.000000,0.000000,0.310123,-0.381086,-0.299213,0.113742,-0.341929,-0.293182,0.211932,-0.361507,-0.296198,0.179465,-0.395036,-0.272426,0.197515,-0.413519,-0.210736,0.235567,-0.405055,-0.271076
2026-07-20 14:37:30.599,361.799656,0.000000,0.000000,0.000000,0.310024,-0.393991,-0.281414,0.113559,-0.356417,-0.278839,0.211792,-0.375204,-0.280126,0.179250,-0.405024,-0.255093,0.196484,-0.422006,-0.192619,0.235084,-0.416304,-0.252935
2026-07-20 14:37:30.699,361.899656,0.000000,0.000000,0.000000,0.309964,-0.376076,-0.297619,0.113583,-0.336919,-0.291587,0.211773,-0.356497,-0.294603,0.179488,-0.389051,-0.270708,0.198181,-0.408722,-0.209194,0.235407,-0.400046,-0.269481
2026-07-20 14:37:30.799,361.999656,0.000000,0.000000,0.000000,0.310690,-0.376198,-0.298088,0.113646,-0.338923,-0.292225,0.212168,-0.357561,-0.295157,0.179734,-0.390080,-0.271223,0.198245,-0.410726,-0.209832,0.235471,-0.402050,-0.270119
2026-07-20 14:37:30.899,362.099656,0.000000,0.000000,0.000000,0.310155,-0.382088,-0.299532,0.113679,-0.343934,-0.293593,0.211917,-0.363011,-0.296563,0.179679,-0.395063,-0.272622,0.198580,-0.413778,-0.210905,0.235598,-0.406057,-0.271395
2026-07-20 14:37:30.999,362.199656,0.000000,0.000000,0.000000,0.310171,-0.382589,-0.299692,0.113600,-0.345438,-0.293846,0.211886,-0.364013,-0.296769,0.179695,-0.395564,-0.272781,0.198388,-0.415235,-0.211267,0.235614,-0.406558,-0.271555
2026-07-20 14:37:31.099,362.299655,0.000000,0.000000,0.000000,0.310218,-0.384092,-0.300170,0.113648,-0.346940,-0.294324,0.211933,-0.365516,-0.297247,0.179743,-0.397067,-0.273260,0.198416,-0.416603,-0.212589,0.235662,-0.408061,-0.272033
2026-07-20 14:37:31.199,362.399655,0.000000,0.000000,0.000000,0.310416,-0.395079,-0.281922,0.113916,-0.355430,-0.279239,0.212166,-0.375255,-0.280580,0.179306,-0.407053,-0.255648,0.197353,-0.424155,-0.194060,0.235140,-0.418333,-0.253490
2026-07-20 14:37:31.299,362.499655,0.000000,0.000000,0.000000,0.310108,-0.397035,-0.282247,0.113832,-0.357346,-0.280455,0.211970,-0.377190,-0.281351,0.179240,-0.408556,-0.255968,0.197380,-0.425170,-0.194338,0.235168,-0.419347,-0.253768
2026-07-20 14:37:31.399,362.599655,0.000000,0.000000,0.000000,0.310028,-0.378080,-0.298256,0.113552,-0.339926,-0.292318,0.211790,-0.359003,-0.295287,0.179552,-0.391055,-0.271346,0.198226,-0.410591,-0.210676,0.235471,-0.402050,-0.270119
2026-07-20 14:37:31.499,362.699655,0.000000,0.000000,0.000000,0.310416,-0.395079,-0.281922,0.113916,-0.355430,-0.279239,0.212166,-0.375255,-0.280580,0.179306,-0.407053,-0.255648,0.198177,-0.424375,-0.194097,0.235140,-0.418333,-0.253490
2026-07-20 14:37:31.599,362.799655,0.000000,0.000000,0.000000,0.310091,-0.380084,-0.298894,0.113521,-0.342933,-0.293048,0.211806,-0.361508,-0.295971,0.179616,-0.393059,-0.271984,0.199114,-0.412808,-0.211366,0.235535,-0.404053,-0.270757
2026-07-20 14:37:31.699,362.899655,0.000000,0.000000,0.000000,0.310454,-0.380145,-0.299129,0.113627,-0.342791,-0.294155,0.212041,-0.361468,-0.296642,0.179465,-0.395036,-0.272426,0.199146,-0.413810,-0.211685,0.235314,-0.406011,-0.271200
2026-07-20 14:37:31.799,362.999655,0.000000,0.000000,0.000000,0.309964,-0.376076,-0.297619,0.113488,-0.337922,-0.291680,0.211726,-0.356999,-0.294649,0.179488,-0.389051,-0.270708,0.198987,-0.408800,-0.210091,0.235155,-0.401001,-0.269605
2026-07-20 14:37:31.899,363.099655,0.000000,0.000000,0.000000,0.309996,-0.377078,-0.297938,0.113615,-0.337921,-0.291906,0.211805,-0.357500,-0.294922,0.179520,-0.390053,-0.271027,0.199019,-0.409802,-0.210410,0.235439,-0.401048,-0.269800
2026-07-20 14:37:31.999,363.199655,0.000000,0.000000,0.000000,0.310549,-0.383151,-0.300086,0.113743,-0.345938,-0.294231,0.212146,-0.364544,-0.297159,0.179743,-0.397067,-0.273260,0.199222,-0.416681,-0.213486,0.235662,-0.408061,-0.272033
2026-07-20 14:37:32.099,363.299654,0.000000,0.000000,0.000000,0.310187,-0.383090,-0.299851,0.113616,-0.345939,-0.294005,0.211902,-0.364514,-0.296928,0.179711,-0.396065,-0.272941,0.199190,-0.415679,-0.213167,0.235378,-0.408015,-0.271838
2026-07-20 14:37:32.199,363.399654,0.000000,0.000000,0.000000,0.310581,-0.384153,-0.300405,0.113754,-0.346799,-0.295431,0.212168,-0.365476,-0.297918,0.179775,-0.398069,-0.273579,0.199254,-0.417683,-0.213805,0.235694,-0.409063,-0.272352
2026-07-20 14:37:32.299,363.499654,0.000000,0.000000,0.000000,0.310052,-0.395006,-0.281691,0.113776,-0.355317,-0.279899,0.211914,-0.375162,-0.280795,0.179278,-0.406038,-0.255370,0.197924,-0.424223,-0.194830,0.235112,-0.417318,-0.253213
2026-07-20 14:37:32.399,363.599654,0.000000,0.000000,0.000000,0.321473,-0.407749,-0.243686,0.124439,-0.372159,-0.247381,0.222956,-0.389954,-0.245534,0.190606,-0.419367,-0.218087,0.208805,-0.432240,-0.156066,0.246620,-0.429267,-0.214378
2026-07-20 14:37:32.499,363.699654,0.000000,0.000000,0.000000,0.309996,-0.377078,-0.297938,0.113311,-0.340789,-0.293063,0.211653,-0.358934,-0.295500,0.179520,-0.390053,-0.271027,0.199000,-0.409667,-0.211253,0.235439,-0.401048,-0.269800
2026-07-20 14:37:32.599,363.799654,0.000000,0.000000,0.000000,0.309760,-0.381025,-0.298978,0.113615,-0.341930,-0.292956,0.211688,-0.361477,-0.295967,0.179616,-0.393059,-0.271984,0.199711,-0.413841,-0.212464,0.235535,-0.404053,-0.270757
2026-07-20 14:37:32.699,363.899654,0.000000,0.000000,0.000000,0.310187,-0.383090,-0.299851,0.113616,-0.345939,-0.294005,0.211902,-0.364514,-0.296928,0.179711,-0.396065,-0.272941,0.199806,-0.416847,-0.213420,0.235630,-0.407059,-0.271714
2026-07-20 14:37:32.799,363.999654,0.000000,0.000000,0.000000,0.310422,-0.379143,-0.298810,0.113615,-0.341930,-0.292956,0.212019,-0.360536,-0.295883,0.179616,-0.393059,-0.271984,0.199691,-0.413707,-0.213306,0.235535,-0.404053,-0.270757
2026-07-20 14:37:32.899,364.099654,0.000000,0.000000,0.000000,0.310136,-0.398049,-0.282525,0.113972,-0.357459,-0.279795,0.212054,-0.377754,-0.281160,0.179174,-0.410060,-0.256287,0.198820,-0.427387,-0.196548,0.235196,-0.420362,-0.254046
2026-07-20 14:37:32.999,364.199654,0.000000,0.000000,0.000000,0.310282,-0.386096,-0.300808,0.113786,-0.347801,-0.295750,0.212034,-0.366948,-0.298279,0.179806,-0.399071,-0.273898,0.200092,-0.418763,-0.215021,0.235726,-0.410065,-0.272671
2026-07-20 14:37:33.099,364.299654,0.000000,0.000000,0.000000,0.310187,-0.383090,-0.299851,0.113806,-0.343933,-0.293820,0.211996,-0.363511,-0.296835,0.179711,-0.396065,-0.272941,0.199787,-0.416713,-0.214263,0.235630,-0.407059,-0.271714
2026-07-20 14:37:33.199,364.399653,0.000000,0.000000,0.000000,0.310091,-0.380084,-0.298894,0.113615,-0.341930,-0.292956,0.211853,-0.361007,-0.295925,0.179616,-0.393059,-0.271984,0.199691,-0.413707,-0.213306,0.235282,-0.405009,-0.270881
2026-07-20 14:37:33.299,364.499653,0.000000,0.000000,0.000000,0.309856,-0.384031,-0.299935,0.113806,-0.343933,-0.293820,0.211831,-0.363982,-0.296877,0.179548,-0.397175,-0.272216,0.200822,-0.415970,-0.214117,0.235630,-0.407059,-0.271714
2026-07-20 14:37:33.399,364.599653,0.000000,0.000000,0.000000,0.310187,-0.383090,-0.299851,0.113785,-0.343792,-0.294702,0.211986,-0.363441,-0.297276,0.179711,-0.396065,-0.272941,0.200611,-0.416925,-0.214316,0.235378,-0.408015,-0.271838
2026-07-20 14:37:33.499,364.699653,0.000000,0.000000,0.000000,0.321893,-0.408866,-0.244098,0.124622,-0.373217,-0.247798,0.223257,-0.391041,-0.245948,0.190709,-0.421432,-0.218474,0.210559,-0.434653,-0.158179,0.246486,-0.432300,-0.214777
2026-07-20 14:37:33.599,364.799653,0.000000,0.000000,0.000000,0.309964,-0.376076,-0.297619,0.113468,-0.337781,-0.292561,0.211716,-0.356929,-0.295090,0.179488,-0.389051,-0.270708,0.200580,-0.408821,-0.212728,0.235155,-0.401001,-0.269605
2026-07-20 14:37:33.699,364.899653,0.000000,0.000000,0.000000,0.310422,-0.379143,-0.298810,0.113595,-0.341789,-0.293836,0.212009,-0.360466,-0.296323,0.179433,-0.394034,-0.272107,0.200496,-0.413785,-0.214202,0.235535,-0.404053,-0.270757
2026-07-20 14:37:33.799,364.999653,0.000000,0.000000,0.000000,0.309996,-0.377078,-0.297938,0.113500,-0.338783,-0.292880,0.211748,-0.357931,-0.295409,0.179540,-0.390189,-0.270178,0.200401,-0.410779,-0.213245,0.234605,-0.400832,-0.269747
2026-07-20 14:37:33.899,365.099653,0.000000,0.000000,0.000000,0.310123,-0.381086,-0.299213,0.113553,-0.343935,-0.293367,0.211838,-0.362510,-0.296290,0.179830,-0.393086,-0.272180,0.200528,-0.414787,-0.214521,0.234481,-0.405796,-0.271147
2026-07-20 14:37:33.999,365.199653,0.000000,0.000000,0.000000,0.310187,-0.383090,-0.299851,0.113522,-0.346941,-0.294098,0.211854,-0.365016,-0.296975,0.179711,-0.396065,-0.272941,0.200783,-0.415700,-0.215805,0.234795,-0.406844,-0.271660
2026-07-20 14:37:34.099,365.299653,0.000000,0.000000,0.000000,0.310059,-0.379082,-0.298575,0.113395,-0.342934,-0.292822,0.211727,-0.361008,-0.295699,0.179603,-0.392193,-0.270816,0.200445,-0.412648,-0.214726,0.234668,-0.402836,-0.270385
2026-07-20 14:37:34.199,365.399652,0.000000,0.000000,0.000000,0.310187,-0.383090,-0.299851,0.113806,-0.343933,-0.293820,0.211996,-0.363511,-0.296835,0.179893,-0.395090,-0.272818,0.201608,-0.415913,-0.215858,0.234795,-0.406844,-0.271660
2026-07-20 14:37:34.299,365.499652,0.000000,0.000000,0.000000,0.310024,-0.393991,-0.281414,0.113748,-0.354303,-0.279621,0.211886,-0.374147,-0.280518,0.179438,-0.404046,-0.255009,0.200331,-0.423569,-0.197207,0.233994,-0.417040,-0.252983
2026-07-20 14:37:34.399,365.599652,0.000000,0.000000,0.000000,0.310250,-0.385094,-0.300489,0.113775,-0.346940,-0.294550,0.212012,-0.366017,-0.297520,0.180625,-0.398419,-0.272783,0.201672,-0.417917,-0.216495,0.234608,-0.409804,-0.272422
2026-07-20 14:37:34.499,365.699652,0.000000,0.000000,0.000000,0.310091,-0.380084,-0.298894,0.113615,-0.341930,-0.292956,0.211853,-0.361007,-0.295925,0.179616,-0.393059,-0.271984,0.201282,-0.413728,-0.215941,0.234700,-0.403838,-0.270704
2026-07-20 14:37:34.599,365.799652,0.000000,0.000000,0.000000,0.309996,-0.377078,-0.297938,0.113331,-0.340930,-0.292184,0.211663,-0.359004,-0.295061,0.180370,-0.390403,-0.270231,0.201186,-0.410722,-0.214984,0.234353,-0.401788,-0.269871
2026-07-20 14:37:34.699,365.899652,0.000000,0.000000,0.000000,0.309760,-0.381025,-0.298978,0.113426,-0.343936,-0.293141,0.211593,-0.362480,-0.296060,0.180446,-0.393273,-0.272037,0.201493,-0.412772,-0.215745,0.234700,-0.403838,-0.270704
2026-07-20 14:37:34.799,365.999652,0.000000,0.000000,0.000000,0.310282,-0.386096,-0.300808,0.113901,-0.346939,-0.294776,0.212092,-0.366517,-0.297792,0.180656,-0.399421,-0.273102,0.201453,-0.419605,-0.218697,0.234891,-0.409850,-0.272617
2026-07-20 14:37:34.899,366.099652,0.000000,0.000000,0.000000,0.310155,-0.382088,-0.299532,0.113753,-0.342790,-0.294383,0.211954,-0.362439,-0.296957,0.180529,-0.395413,-0.271826,0.201538,-0.414641,-0.217226,0.234764,-0.405842,-0.271342
2026-07-20 14:37:34.999,366.199652,0.000000,0.000000,0.000000,0.310282,-0.386096,-0.300808,0.113881,-0.346798,-0.295658,0.212081,-0.366447,-0.298233,0.180637,-0.399285,-0.273951,0.201453,-0.419605,-0.218697,0.234891,-0.409850,-0.272617
2026-07-20 14:37:35.099,366.299652,0.000000,0.000000,0.000000,0.310028,-0.378080,-0.298256,0.113552,-0.339926,-0.292318,0.211790,-0.359003,-0.295287,0.180566,-0.390295,-0.271277,0.201199,-0.411589,-0.216146,0.234636,-0.401834,-0.270066
2026-07-20 14:37:35.199,366.399652,0.000000,0.000000,0.000000,0.310250,-0.385094,-0.300489,0.113964,-0.344934,-0.294365,0.212107,-0.365014,-0.297427,0.180605,-0.398283,-0.273632,0.201402,-0.418468,-0.219221,0.234859,-0.408848,-0.272298
2026-07-20 14:37:35.299,366.499651,0.000000,0.000000,0.000000,0.310123,-0.381086,-0.299213,0.113553,-0.343935,-0.293367,0.211838,-0.362510,-0.296290,0.180681,-0.393437,-0.271383,0.201275,-0.414461,-0.217945,0.234481,-0.405796,-0.271147
2026-07-20 14:37:35.399,366.599651,0.000000,0.000000,0.000000,0.310518,-0.382149,-0.299767,0.113691,-0.344795,-0.294793,0.212104,-0.363472,-0.297280,0.180744,-0.395441,-0.272021,0.202375,-0.415721,-0.218442,0.234544,-0.407800,-0.271784
2026-07-20 14:37:35.499,366.699651,0.000000,0.000000,0.000000,0.310282,-0.386096,-0.300808,0.113806,-0.347942,-0.294869,0.212044,-0.367019,-0.297839,0.180840,-0.398446,-0.272978,0.202471,-0.418727,-0.219399,0.234640,-0.410806,-0.272741
2026-07-20 14:37:35.599,366.799651,0.000000,0.000000,0.000000,0.310123,-0.381086,-0.299213,0.113816,-0.340785,-0.293972,0.211970,-0.360935,-0.296593,0.180661,-0.393301,-0.272233,0.202312,-0.413717,-0.217804,0.234481,-0.405796,-0.271147
2026-07-20 14:37:35.699,366.899651,0.000000,0.000000,0.000000,0.310191,-0.400078,-0.283080,0.113915,-0.360389,-0.281288,0.212053,-0.380234,-0.282184,0.180447,-0.410455,-0.255857,0.201276,-0.429478,-0.202302,0.234161,-0.423127,-0.254650
2026-07-20 14:37:35.799,366.999651,0.000000,0.000000,0.000000,0.310052,-0.395006,-0.281691,0.113776,-0.355317,-0.279899,0.211914,-0.375162,-0.280795,0.180937,-0.406481,-0.255445,0.201353,-0.423444,-0.200759,0.234278,-0.417096,-0.253175
2026-07-20 14:37:35.899,367.099651,0.000000,0.000000,0.000000,0.310024,-0.393991,-0.281414,0.113760,-0.354407,-0.278735,0.211892,-0.374199,-0.280075,0.180280,-0.404368,-0.254191,0.201108,-0.423391,-0.200635,0.233994,-0.417040,-0.252983
2026-07-20 14:37:35.999,367.199651,0.000000,0.000000,0.000000,0.310191,-0.400078,-0.283080,0.113827,-0.361499,-0.280453,0.212009,-0.380788,-0.281767,0.180447,-0.410455,-0.255857,0.201481,-0.428416,-0.202996,0.234418,-0.422168,-0.254564
2026-07-20 14:37:36.099,367.299651,0.000000,0.000000,0.000000,0.309857,-0.387905,-0.279747,0.113581,-0.348216,-0.277955,0.211719,-0.368060,-0.278851,0.180932,-0.398403,-0.253417,0.201147,-0.416243,-0.199664,0.234083,-0.409995,-0.251231
2026-07-20 14:37:36.199,367.399651,0.000000,0.000000,0.000000,0.310187,-0.383090,-0.299851,0.113522,-0.346941,-0.294098,0.211854,-0.365016,-0.296975,0.181484,-0.396142,-0.272136,0.202337,-0.415452,-0.220130,0.233961,-0.406629,-0.271607
2026-07-20 14:37:36.299,367.499650,0.000000,0.000000,0.000000,0.310091,-0.380084,-0.298894,0.113595,-0.341789,-0.293836,0.211843,-0.360936,-0.296365,0.181480,-0.392649,-0.271117,0.202241,-0.412446,-0.219173,0.233740,-0.404101,-0.270712
2026-07-20 14:37:36.399,367.599650,0.000000,0.000000,0.000000,0.321369,-0.405684,-0.243299,0.124335,-0.370094,-0.246994,0.222852,-0.387889,-0.245146,0.192340,-0.416729,-0.217712,0.212188,-0.429740,-0.163319,0.244840,-0.426787,-0.213971
2026-07-20 14:37:36.499,367.699650,0.000000,0.000000,0.000000,0.310187,-0.383090,-0.299851,0.113691,-0.344795,-0.294793,0.211939,-0.363942,-0.297322,0.181576,-0.395655,-0.272074,0.202317,-0.415317,-0.220974,0.233961,-0.406629,-0.271607
2026-07-20 14:37:36.599,367.799650,0.000000,0.000000,0.000000,0.310218,-0.384092,-0.300170,0.113817,-0.344794,-0.295020,0.212018,-0.364443,-0.297595,0.181608,-0.396657,-0.272393,0.203174,-0.416532,-0.221346,0.233742,-0.408587,-0.272050
2026-07-20 14:37:36.699,367.899650,0.000000,0.000000,0.000000,0.321473,-0.407749,-0.243686,0.124518,-0.371151,-0.247411,0.222996,-0.389450,-0.245548,0.192446,-0.418826,-0.217239,0.213120,-0.432010,-0.163716,0.244708,-0.429820,-0.214370
2026-07-20 14:37:36.799,367.999650,0.000000,0.000000,0.000000,0.310581,-0.384153,-0.300405,0.113775,-0.346940,-0.294550,0.212178,-0.365546,-0.297478,0.181639,-0.397659,-0.272712,0.203420,-0.416578,-0.221474,0.233774,-0.409589,-0.272369
2026-07-20 14:37:36.899,368.099650,0.000000,0.000000,0.000000,0.309697,-0.379021,-0.298340,0.113532,-0.339785,-0.293198,0.211614,-0.359403,-0.295769,0.181601,-0.389671,-0.270356,0.203178,-0.409429,-0.220087,0.233802,-0.401619,-0.270012
2026-07-20 14:37:36.999,368.199650,0.000000,0.000000,0.000000,0.309665,-0.378019,-0.298022,0.113689,-0.336777,-0.292696,0.211677,-0.357398,-0.295359,0.181385,-0.389643,-0.270161,0.202932,-0.409383,-0.219957,0.233520,-0.401573,-0.269817
2026-07-20 14:37:37.099,368.299650,0.000000,0.000000,0.000000,0.309744,-0.396962,-0.282017,0.113804,-0.356332,-0.280177,0.211774,-0.376647,-0.281097,0.181356,-0.405642,-0.254699,0.202389,-0.423417,-0.203469,0.233728,-0.416928,-0.253329
2026-07-20 14:37:37.199,368.399650,0.000000,0.000000,0.000000,0.310123,-0.381086,-0.299213,0.113722,-0.341788,-0.294064,0.211922,-0.361437,-0.296638,0.181677,-0.392541,-0.272164,0.203273,-0.412435,-0.221044,0.233772,-0.405103,-0.271031
2026-07-20 14:37:37.299,368.499650,0.000000,0.000000,0.000000,0.310108,-0.397035,-0.282247,0.113643,-0.359461,-0.279672,0.211875,-0.378248,-0.280959,0.181384,-0.406656,-0.254977,0.202405,-0.424332,-0.204597,0.233500,-0.418902,-0.253693
2026-07-20 14:37:37.399,368.599649,0.000000,0.000000,0.000000,0.309996,-0.392977,-0.281136,0.113921,-0.351278,-0.279243,0.211959,-0.372127,-0.280189,0.181462,-0.401621,-0.253781,0.202294,-0.420274,-0.203486,0.233133,-0.415803,-0.252668
2026-07-20 14:37:37.499,368.699649,0.000000,0.000000,0.000000,0.310059,-0.379082,-0.298575,0.113564,-0.340787,-0.293517,0.211811,-0.359935,-0.296046,0.182466,-0.390888,-0.270728,0.203190,-0.410296,-0.221251,0.233833,-0.402621,-0.270331
2026-07-20 14:37:37.599,368.799649,0.000000,0.000000,0.000000,0.310059,-0.379082,-0.298575,0.113658,-0.339784,-0.293426,0.211859,-0.359433,-0.296001,0.182466,-0.390888,-0.270728,0.203171,-0.410161,-0.222096,0.234084,-0.401665,-0.270207
2026-07-20 14:37:37.699,368.899649,0.000000,0.000000,0.000000,0.310549,-0.383151,-0.300086,0.113817,-0.344794,-0.295020,0.212183,-0.363972,-0.297553,0.182625,-0.395898,-0.272323,0.203330,-0.415170,-0.223690,0.233992,-0.407631,-0.271926
2026-07-20 14:37:37.799,368.999649,0.000000,0.000000,0.000000,0.310549,-0.383151,-0.300086,0.113723,-0.345797,-0.295112,0.212136,-0.364474,-0.297599,0.182605,-0.395762,-0.273174,0.203330,-0.415170,-0.223690,0.234243,-0.406674,-0.271802
2026-07-20 14:37:37.899,369.099649,0.000000,0.000000,0.000000,0.310518,-0.382149,-0.299767,0.113880,-0.342789,-0.294610,0.212199,-0.362469,-0.297188,0.182593,-0.394896,-0.272004,0.203511,-0.413212,-0.223184,0.233961,-0.406629,-0.271607
2026-07-20 14:37:37.999,369.199649,0.000000,0.000000,0.000000,0.321680,-0.411880,-0.244461,0.124725,-0.375282,-0.248185,0.223202,-0.393581,-0.246323,0.193658,-0.422179,-0.218015,0.213518,-0.435073,-0.166980,0.245150,-0.432983,-0.215133
2026-07-20 14:37:38.099,369.299649,0.000000,0.000000,0.000000,0.310191,-0.400078,-0.283080,0.113915,-0.360389,-0.281288,0.212053,-0.380234,-0.282184,0.182299,-0.409921,-0.255847,0.202684,-0.426213,-0.206982,0.233584,-0.421945,-0.254526
2026-07-20 14:37:38.199,369.399649,0.000000,0.000000,0.000000,0.310486,-0.381147,-0.299448,0.113659,-0.343793,-0.294474,0.212072,-0.362470,-0.296961,0.182561,-0.393894,-0.271685,0.203460,-0.412075,-0.223712,0.233929,-0.405627,-0.271288
2026-07-20 14:37:38.299,369.499649,0.000000,0.000000,0.000000,0.310690,-0.376198,-0.298088,0.113532,-0.339785,-0.293198,0.212111,-0.357992,-0.295643,0.182619,-0.388912,-0.270285,0.204160,-0.408280,-0.222489,0.232967,-0.401404,-0.269959
2026-07-20 14:37:38.399,369.599648,0.000000,0.000000,0.000000,0.321997,-0.410931,-0.244485,0.124725,-0.375282,-0.248185,0.223361,-0.393107,-0.246335,0.193658,-0.422179,-0.218015,0.214543,-0.434272,-0.167773,0.245150,-0.432983,-0.215133
2026-07-20 14:37:38.499,369.699648,0.000000,0.000000,0.000000,0.310136,-0.398049,-0.282525,0.113860,-0.358361,-0.280732,0.211998,-0.378205,-0.281628,0.182434,-0.406916,-0.255207,0.203443,-0.424305,-0.207315,0.233528,-0.419916,-0.253971
2026-07-20 14:37:38.599,369.799648,0.000000,0.000000,0.000000,0.309792,-0.382027,-0.299297,0.113722,-0.341788,-0.294064,0.211757,-0.361907,-0.296680,0.182529,-0.392892,-0.271366,0.204236,-0.411151,-0.224292,0.233062,-0.404410,-0.270916
2026-07-20 14:37:38.699,369.899648,0.000000,0.000000,0.000000,0.310052,-0.395006,-0.281691,0.113676,-0.356323,-0.279950,0.211864,-0.375664,-0.280821,0.182350,-0.403872,-0.254374,0.203469,-0.420781,-0.206409,0.232865,-0.415691,-0.253014
2026-07-20 14:37:38.799,369.999648,0.000000,0.000000,0.000000,0.310472,-0.397108,-0.282477,0.114060,-0.356350,-0.280631,0.212266,-0.376729,-0.281554,0.182434,-0.406916,-0.255207,0.203443,-0.424305,-0.207315,0.232694,-0.419694,-0.253933
2026-07-20 14:37:38.899,370.099648,0.000000,0.000000,0.000000,0.310454,-0.380145,-0.299129,0.113627,-0.342791,-0.294155,0.212041,-0.361468,-0.296642,0.182715,-0.391918,-0.271242,0.204236,-0.411151,-0.224292,0.234147,-0.403668,-0.270845
2026-07-20 14:37:38.999,370.199648,0.000000,0.000000,0.000000,0.310155,-0.382088,-0.299532,0.113659,-0.343793,-0.294474,0.211907,-0.362940,-0.297003,0.183561,-0.392999,-0.272467,0.204249,-0.412018,-0.225457,0.233343,-0.404455,-0.271110
2026-07-20 14:37:39.099,370.299648,0.000000,0.000000,0.000000,0.322152,-0.414029,-0.245066,0.124801,-0.379388,-0.248737,0.223476,-0.396709,-0.246902,0.193983,-0.424293,-0.218588,0.214496,-0.438283,-0.170137,0.244467,-0.435873,-0.215705
2026-07-20 14:37:39.199,370.399648,0.000000,0.000000,0.000000,0.310024,-0.393991,-0.281414,0.113748,-0.354303,-0.279621,0.211886,-0.374147,-0.280518,0.182952,-0.403956,-0.255075,0.203320,-0.420148,-0.207055,0.232837,-0.414677,-0.252736
2026-07-20 14:37:39.299,370.499648,0.000000,0.000000,0.000000,0.310091,-0.380084,-0.298894,0.113595,-0.341789,-0.293836,0.211843,-0.360936,-0.296365,0.183517,-0.391131,-0.270977,0.204185,-0.410014,-0.224819,0.233280,-0.402451,-0.270473
2026-07-20 14:37:39.399,370.599648,0.000000,0.000000,0.000000,0.310626,-0.374194,-0.297450,0.113563,-0.336778,-0.292469,0.212094,-0.355486,-0.294960,0.183389,-0.387123,-0.269701,0.204253,-0.404914,-0.224207,0.233152,-0.398443,-0.269197
2026-07-20 14:37:39.499,370.699647,0.000000,0.000000,0.000000,0.310218,-0.384092,-0.300170,0.113723,-0.345797,-0.295112,0.211971,-0.364944,-0.297641,0.183624,-0.395003,-0.273105,0.204507,-0.412930,-0.226758,0.233407,-0.406459,-0.271748
2026-07-20 14:37:39.599,370.799647,0.000000,0.000000,0.000000,0.310155,-0.382088,-0.299532,0.113659,-0.343793,-0.294474,0.211907,-0.362940,-0.297003,0.183580,-0.393135,-0.271615,0.204229,-0.411883,-0.226303,0.233842,-0.402541,-0.270862
2026-07-20 14:37:39.699,370.899647,0.000000,0.000000,0.000000,0.310422,-0.379143,-0.298810,0.113595,-0.341789,-0.293836,0.212009,-0.360466,-0.296323,0.183497,-0.390995,-0.271829,0.204166,-0.409879,-0.225665,0.233280,-0.402451,-0.270473
2026-07-20 14:37:39.799,370.999647,0.000000,0.000000,0.000000,0.310390,-0.378141,-0.298491,0.113564,-0.340787,-0.293517,0.211977,-0.359464,-0.296004,0.183465,-0.389993,-0.271510,0.204348,-0.407920,-0.225163,0.233497,-0.400492,-0.270030
2026-07-20 14:37:39.899,371.099647,0.000000,0.000000,0.000000,0.310454,-0.380145,-0.299129,0.113627,-0.342791,-0.294155,0.212041,-0.361468,-0.296642,0.183342,-0.392971,-0.272271,0.204626,-0.408967,-0.225619,0.233311,-0.403453,-0.270792
2026-07-20 14:37:39.999,371.199647,0.000000,0.000000,0.000000,0.310191,-0.400078,-0.283080,0.114016,-0.359384,-0.281237,0.212104,-0.379731,-0.282159,0.183311,-0.409066,-0.256657,0.203683,-0.425072,-0.210280,0.233259,-0.419804,-0.254316
2026-07-20 14:37:40.099,371.299647,0.000000,0.000000,0.000000,0.310518,-0.382149,-0.299767,0.113711,-0.344936,-0.293912,0.212114,-0.363542,-0.296840,0.183406,-0.394975,-0.272909,0.204456,-0.411792,-0.227286,0.233251,-0.405935,-0.271491
2026-07-20 14:37:40.199,371.399647,0.000000,0.000000,0.000000,0.310080,-0.396020,-0.281969,0.113904,-0.355326,-0.280126,0.211992,-0.375673,-0.281048,0.183211,-0.405109,-0.254689,0.203572,-0.421014,-0.209170,0.232893,-0.416706,-0.253292
2026-07-20 14:37:40.299,371.499647,0.000000,0.000000,0.000000,0.310581,-0.384153,-0.300405,0.113660,-0.347802,-0.295523,0.212121,-0.365977,-0.297964,0.183470,-0.396978,-0.273547,0.204520,-0.413796,-0.227924,0.233439,-0.407461,-0.272067
2026-07-20 14:37:40.399,371.599647,0.000000,0.000000,0.000000,0.310091,-0.380084,-0.298894,0.113595,-0.341789,-0.293836,0.211843,-0.360936,-0.296365,0.183517,-0.391131,-0.270977,0.204361,-0.408786,-0.226329,0.233529,-0.401494,-0.270349
2026-07-20 14:37:40.499,371.699646,0.000000,0.000000,0.000000,0.310528,-0.399137,-0.283032,0.113915,-0.360389,-0.281288,0.212222,-0.379763,-0.282160,0.183311,-0.409066,-0.256657,0.203683,-0.425072,-0.210280,0.233005,-0.420763,-0.254403
2026-07-20 14:37:40.599,371.799646,0.000000,0.000000,0.000000,0.321499,-0.408266,-0.243783,0.124465,-0.372676,-0.247478,0.222982,-0.390471,-0.245631,0.194482,-0.417756,-0.218202,0.214551,-0.429558,-0.170453,0.244599,-0.427224,-0.214422
2026-07-20 14:37:40.699,371.899646,0.000000,0.000000,0.000000,0.310136,-0.398049,-0.282525,0.113860,-0.358361,-0.280732,0.211998,-0.378205,-0.281628,0.183255,-0.407037,-0.256102,0.203628,-0.423043,-0.209725,0.233203,-0.417775,-0.253761
2026-07-20 14:37:40.799,371.999646,0.000000,0.000000,0.000000,0.310028,-0.378080,-0.298256,0.113532,-0.339785,-0.293198,0.211780,-0.358932,-0.295727,0.183453,-0.389127,-0.270339,0.204492,-0.405690,-0.226358,0.233714,-0.398534,-0.269587
2026-07-20 14:37:40.899,372.099646,0.000000,0.000000,0.000000,0.310518,-0.382149,-0.299767,0.113691,-0.344795,-0.294793,0.212104,-0.363472,-0.297280,0.183612,-0.394137,-0.271933,0.204651,-0.410700,-0.227953,0.233624,-0.404500,-0.271305
2026-07-20 14:37:40.999,372.199646,0.000000,0.000000,0.000000,0.310613,-0.385155,-0.300724,0.113786,-0.347801,-0.295750,0.212200,-0.366478,-0.298237,0.183688,-0.397007,-0.273743,0.204532,-0.414663,-0.229090,0.233720,-0.407506,-0.272262
2026-07-20 14:37:41.099,372.299646,0.000000,0.000000,0.000000,0.309996,-0.377078,-0.297938,0.113500,-0.338783,-0.292880,0.211748,-0.357931,-0.295409,0.183402,-0.387989,-0.270872,0.205290,-0.404902,-0.226092,0.233433,-0.398488,-0.269392
2026-07-20 14:37:41.199,372.399646,0.000000,0.000000,0.000000,0.321783,-0.413946,-0.244848,0.124749,-0.378355,-0.248543,0.223266,-0.396151,-0.246696,0.194938,-0.422452,-0.219260,0.215032,-0.434232,-0.172309,0.244883,-0.432904,-0.215488
2026-07-20 14:37:41.299,372.499646,0.000000,0.000000,0.000000,0.310472,-0.397108,-0.282477,0.114060,-0.356350,-0.280631,0.212266,-0.376729,-0.281554,0.184088,-0.407259,-0.256139,0.203616,-0.422943,-0.210577,0.232949,-0.418735,-0.253847
2026-07-20 14:37:41.399,372.599646,0.000000,0.000000,0.000000,0.310155,-0.382088,-0.299532,0.113564,-0.344796,-0.294566,0.211860,-0.363442,-0.297049,0.183561,-0.392999,-0.272467,0.205449,-0.409911,-0.227687,0.233592,-0.403498,-0.270986
2026-07-20 14:37:41.499,372.699646,0.000000,0.000000,0.000000,0.310155,-0.382088,-0.299532,0.113753,-0.342790,-0.294383,0.211954,-0.362439,-0.296957,0.184394,-0.393214,-0.272521,0.205449,-0.409911,-0.227687,0.233592,-0.403498,-0.270986
2026-07-20 14:37:41.599,372.799645,0.000000,0.000000,0.000000,0.310123,-0.381086,-0.299213,0.113627,-0.342791,-0.294155,0.211875,-0.361938,-0.296684,0.184362,-0.392212,-0.272202,0.204587,-0.408696,-0.227315,0.233810,-0.401540,-0.270543
2026-07-20 14:37:41.699,372.899645,0.000000,0.000000,0.000000,0.310486,-0.381147,-0.299448,0.113753,-0.342790,-0.294383,0.212120,-0.361968,-0.296915,0.184394,-0.393214,-0.272521,0.204619,-0.409698,-0.227634,0.233592,-0.403498,-0.270986
2026-07-20 14:37:41.799,372.999645,0.000000,0.000000,0.000000,0.321680,-0.411880,-0.244461,0.124725,-0.375282,-0.248185,0.223202,-0.393581,-0.246323,0.195328,-0.422561,-0.218896,0.214928,-0.432166,-0.171921,0.244780,-0.430839,-0.215100
2026-07-20 14:37:41.899,373.099645,0.000000,0.000000,0.000000,0.310454,-0.380145,-0.299129,0.113438,-0.344797,-0.294339,0.211946,-0.362471,-0.296734,0.184362,-0.392212,-0.272202,0.204373,-0.409653,-0.227496,0.233561,-0.402496,-0.270667
2026-07-20 14:37:41.999,373.199645,0.000000,0.000000,0.000000,0.310549,-0.383151,-0.300086,0.113817,-0.344794,-0.295020,0.212183,-0.363972,-0.297553,0.184458,-0.395218,-0.273158,0.204449,-0.412523,-0.229300,0.233905,-0.404545,-0.271500
2026-07-20 14:37:42.099,373.299645,0.000000,0.000000,0.000000,0.310187,-0.383090,-0.299851,0.113691,-0.344795,-0.294793,0.211939,-0.363942,-0.297322,0.184426,-0.394216,-0.272840,0.204651,-0.410700,-0.227953,0.233873,-0.403543,-0.271181
2026-07-20 14:37:42.199,373.399645,0.000000,0.000000,0.000000,0.310155,-0.382088,-0.299532,0.113659,-0.343793,-0.294474,0.211907,-0.362940,-0.297003,0.184394,-0.393214,-0.272521,0.204385,-0.410519,-0.228662,0.233592,-0.403498,-0.270986
