Format Version,1.23,Take Name,MDC_data_1779856880,Take Notes,,Capture Frame Rate,10,Export Frame Rate,10,Capture Start Time,2026-05-27 02:41:50 PM,Total Frames in Take,,Total Exported Frames,,Rotation Type,XYZ,Length Units,Meters,Coordinate Space,Global

,Type,Rigid Body Marker,Rigid Body Marker,Rigid Body Marker,Rigid Body Marker,Rigid Body Marker,Rigid Body Marker,Rigid Body Marker,Rigid Body Marker,Rigid Body Marker,Rigid Body Marker,Rigid Body Marker,Rigid Body Marker,Marker,Marker,Marker,Marker,Marker,Marker,Marker,Marker,Marker
,Name,Tag0,Tag0,Tag0,Tag1,Tag1,Tag1,Tag2,Tag2,Tag2,Midpoint,Midpoint,Midpoint,Purple,Purple,Purple,Pink,Pink,Pink,Green,Green,Green
,ID,Tag0,Tag0,Tag0,Tag1,Tag1,Tag1,Tag2,Tag2,Tag2,Midpoint,Midpoint,Midpoint,Purple,Purple,Purple,Pink,Pink,Pink,Green,Green,Green
,,Position,Position,Position,Position,Position,Position,Position,Position,Position,Position,Position,Position,Position,Position,Position,Position,Position,Position,Position,Position,Position
Timestamp,Time (Seconds),X,Y,Z,X,Y,Z,X,Y,Z,X,Y,Z,X,Y,Z,X,Y,Z,X,Y,Z
2026-05-27 14:41:50.683,0.000000,0.000000,0.000000,0.000000,0.051495,-0.197731,-0.314747,-0.118783,-0.205942,-0.315687,-0.033644,-0.201836,-0.315217,-0.000142,-0.213412,-0.297265,-0.039078,-0.247235,-0.258291,-0.058115,-0.242381,-0.292554
2026-05-27 14:41:50.783,0.100000,0.000000,0.000000,0.000000,0.051837,-0.196348,-0.315017,-0.118681,-0.208013,-0.315633,-0.033422,-0.202181,-0.315325,-0.000134,-0.213485,-0.296655,-0.039078,-0.247235,-0.258291,-0.058644,-0.240636,-0.292643
2026-05-27 14:41:50.883,0.200000,0.000000,0.000000,0.000000,0.051463,-0.198064,-0.314859,-0.118815,-0.206275,-0.315799,-0.033676,-0.202169,-0.315329,-0.000142,-0.213412,-0.297265,-0.038963,-0.245528,-0.258281,-0.058115,-0.242381,-0.292554
2026-05-27 14:41:50.983,0.300000,0.000000,0.000000,0.000000,0.051089,-0.199779,-0.314700,-0.118815,-0.206275,-0.315799,-0.033863,-0.203027,-0.315249,-0.000142,-0.213412,-0.297265,-0.039078,-0.247235,-0.258291,-0.058695,-0.242358,-0.292543
2026-05-27 14:41:51.083,0.400000,0.000000,0.000000,0.000000,0.051089,-0.199779,-0.314700,-0.118815,-0.206275,-0.315799,-0.033863,-0.203027,-0.315249,-0.000369,-0.215128,-0.297156,-0.038963,-0.245528,-0.258281,-0.058644,-0.240636,-0.292643
2026-05-27 14:41:51.183,0.500000,0.000000,0.000000,0.000000,0.051463,-0.198064,-0.314859,-0.118815,-0.206275,-0.315799,-0.033676,-0.202169,-0.315329,-0.223911,-0.183356,-0.371123,-0.038963,-0.245528,-0.258281,-0.058115,-0.242381,-0.292554
2026-05-27 14:41:51.283,0.599999,0.000000,0.000000,0.000000,0.051463,-0.198064,-0.314859,-0.118815,-0.206275,-0.315799,-0.033676,-0.202169,-0.315329,-0.000142,-0.213412,-0.297265,-0.039078,-0.247235,-0.258291,-0.058644,-0.240636,-0.292643
2026-05-27 14:41:51.383,0.699999,0.000000,0.000000,0.000000,0.051463,-0.198064,-0.314859,-0.118815,-0.206275,-0.315799,-0.033676,-0.202169,-0.315329,-0.000142,-0.213412,-0.297265,-0.038963,-0.245528,-0.258281,-0.058115,-0.242381,-0.292554
2026-05-27 14:41:51.483,0.799999,0.000000,0.000000,0.000000,0.051463,-0.198064,-0.314859,-0.118815,-0.206275,-0.315799,-0.033676,-0.202169,-0.315329,-0.000134,-0.213485,-0.296655,-0.038382,-0.245551,-0.258292,-0.058669,-0.241497,-0.292593
2026-05-27 14:41:51.583,0.899999,0.000000,0.000000,0.000000,0.051463,-0.198064,-0.314859,-0.118815,-0.206275,-0.315799,-0.033676,-0.202169,-0.315329,-0.000142,-0.213412,-0.297265,-0.038498,-0.247257,-0.258302,-0.058168,-0.244103,-0.292453
2026-05-27 14:41:51.683,0.999999,0.000000,0.000000,0.000000,0.051463,-0.198064,-0.314859,-0.118815,-0.206275,-0.315799,-0.033676,-0.202169,-0.315329,-0.000142,-0.213412,-0.297265,-0.038849,-0.243821,-0.258271,-0.058644,-0.240636,-0.292643
2026-05-27 14:41:51.783,1.099999,0.000000,0.000000,0.000000,0.051463,-0.198064,-0.314859,-0.118815,-0.206275,-0.315799,-0.033676,-0.202169,-0.315329,-0.000142,-0.213412,-0.297265,-0.038963,-0.245528,-0.258281,-0.058115,-0.242381,-0.292554
2026-05-27 14:41:51.883,1.199999,0.000000,0.000000,0.000000,0.051463,-0.198064,-0.314859,-0.118681,-0.208013,-0.315633,-0.033609,-0.203038,-0.315246,-0.000142,-0.213412,-0.297265,-0.038498,-0.247257,-0.258302,-0.058115,-0.242381,-0.292554
2026-05-27 14:41:51.983,1.299999,0.000000,0.000000,0.000000,0.051463,-0.198064,-0.314859,-0.118950,-0.204538,-0.315965,-0.033744,-0.201301,-0.315412,-0.000142,-0.213412,-0.297265,-0.038373,-0.245620,-0.257713,-0.058695,-0.242358,-0.292543
2026-05-27 14:41:52.083,1.399999,0.000000,0.000000,0.000000,0.051463,-0.198064,-0.314859,-0.118950,-0.204538,-0.315965,-0.033744,-0.201301,-0.315412,-0.000142,-0.213412,-0.297265,-0.038963,-0.245528,-0.258281,-0.058062,-0.240659,-0.292654
2026-05-27 14:41:52.183,1.499999,0.000000,0.000000,0.000000,0.051463,-0.198064,-0.314859,-0.118815,-0.206275,-0.315799,-0.033676,-0.202169,-0.315329,-0.000142,-0.213412,-0.297265,-0.038382,-0.245551,-0.258292,-0.058644,-0.240636,-0.292643
2026-05-27 14:41:52.283,1.599998,0.000000,0.000000,0.000000,0.051463,-0.198064,-0.314859,-0.118815,-0.206275,-0.315799,-0.033676,-0.202169,-0.315329,-0.000142,-0.213412,-0.297265,-0.038265,-0.243844,-0.258282,-0.058123,-0.242312,-0.293130
2026-05-27 14:41:52.383,1.699998,0.000000,0.000000,0.000000,0.052723,-0.198113,-0.314882,-0.118824,-0.206203,-0.316409,-0.033050,-0.202158,-0.315646,-0.000142,-0.213412,-0.297265,-0.038265,-0.243844,-0.258282,-0.058123,-0.242312,-0.293130
2026-05-27 14:41:52.483,1.799998,0.000000,0.000000,0.000000,0.051454,-0.197989,-0.315486,-0.118959,-0.204465,-0.316577,-0.033752,-0.201227,-0.316031,0.000691,-0.211648,-0.297998,-0.037572,-0.242092,-0.258866,-0.057552,-0.242267,-0.293718
2026-05-27 14:41:52.583,1.899998,0.000000,0.000000,0.000000,0.053820,-0.192665,-0.317889,-0.117518,-0.199177,-0.318351,-0.031849,-0.195921,-0.318120,0.003204,-0.206278,-0.300838,-0.035354,-0.235054,-0.261227,-0.055655,-0.236960,-0.295812
2026-05-27 14:41:52.683,1.999998,0.000000,0.000000,0.000000,0.054817,-0.190823,-0.319336,-0.116419,-0.197341,-0.319785,-0.030801,-0.194082,-0.319561,0.002592,-0.206328,-0.300209,-0.035939,-0.235101,-0.260627,-0.056203,-0.236145,-0.295272
2026-05-27 14:41:52.783,2.099998,0.000000,0.000000,0.000000,0.053820,-0.192665,-0.317889,-0.117389,-0.200915,-0.318179,-0.031784,-0.196790,-0.318034,0.002360,-0.208044,-0.300092,-0.036304,-0.240223,-0.260633,-0.056291,-0.238729,-0.295110
2026-05-27 14:41:52.883,2.199998,0.000000,0.000000,0.000000,0.054826,-0.190898,-0.318702,-0.116914,-0.199054,-0.319598,-0.031044,-0.194976,-0.319150,0.003430,-0.204488,-0.301577,-0.035363,-0.234984,-0.261817,-0.055603,-0.235168,-0.296506
2026-05-27 14:41:52.983,2.299998,0.000000,0.000000,0.000000,0.053820,-0.192665,-0.317889,-0.117518,-0.199177,-0.318351,-0.031849,-0.195921,-0.318120,0.003222,-0.206426,-0.299603,-0.035939,-0.235101,-0.260627,-0.056233,-0.237006,-0.295218
2026-05-27 14:41:53.083,2.399998,0.000000,0.000000,0.000000,0.053811,-0.192590,-0.318522,-0.116906,-0.199128,-0.318980,-0.031547,-0.195859,-0.318751,0.003213,-0.206352,-0.300221,-0.035354,-0.235054,-0.261227,-0.055655,-0.236960,-0.295812
2026-05-27 14:41:53.183,2.499998,0.000000,0.000000,0.000000,0.054447,-0.192615,-0.318534,-0.116914,-0.199054,-0.319598,-0.031234,-0.195835,-0.319066,0.003213,-0.206352,-0.300221,-0.035354,-0.235054,-0.261227,-0.055655,-0.236960,-0.295812
2026-05-27 14:41:53.283,2.599998,0.000000,0.000000,0.000000,0.054447,-0.192615,-0.318534,-0.116778,-0.200866,-0.318807,-0.031166,-0.196741,-0.318670,0.003204,-0.206278,-0.300838,-0.035478,-0.236762,-0.261228,-0.055655,-0.236960,-0.295812
2026-05-27 14:41:53.383,2.699997,0.000000,0.000000,0.000000,0.054447,-0.192615,-0.318534,-0.116914,-0.199054,-0.319598,-0.031234,-0.195835,-0.319066,0.003204,-0.206278,-0.300838,-0.035354,-0.235054,-0.261227,-0.055595,-0.235237,-0.295922
2026-05-27 14:41:53.483,2.799997,0.000000,0.000000,0.000000,0.053434,-0.194307,-0.318354,-0.117033,-0.197390,-0.319154,-0.031800,-0.195848,-0.318754,0.002584,-0.206254,-0.300827,-0.036069,-0.236738,-0.261217,-0.055595,-0.235237,-0.295922
2026-05-27 14:41:53.583,2.899997,0.000000,0.000000,0.000000,0.053811,-0.192590,-0.318522,-0.116914,-0.199054,-0.319598,-0.031552,-0.195822,-0.319060,0.004446,-0.206327,-0.300862,-0.035947,-0.235031,-0.261216,-0.055543,-0.233444,-0.296618
2026-05-27 14:41:53.683,2.999997,0.000000,0.000000,0.000000,0.053811,-0.192590,-0.318522,-0.116906,-0.199128,-0.318980,-0.031547,-0.195859,-0.318751,0.004455,-0.206401,-0.300244,-0.035947,-0.235031,-0.261216,-0.055595,-0.235237,-0.295922
2026-05-27 14:41:53.783,3.099997,0.000000,0.000000,0.000000,0.054447,-0.192615,-0.318534,-0.116914,-0.199054,-0.319598,-0.031234,-0.195835,-0.319066,0.002970,-0.207995,-0.300719,-0.035825,-0.233324,-0.261216,-0.055603,-0.235168,-0.296506
2026-05-27 14:41:53.883,3.199997,0.000000,0.000000,0.000000,0.054188,-0.190873,-0.318690,-0.117033,-0.197390,-0.319154,-0.031422,-0.194132,-0.318922,0.002970,-0.207995,-0.300719,-0.036412,-0.233371,-0.260613,-0.056182,-0.235214,-0.295911
2026-05-27 14:41:53.983,3.299997,0.000000,0.000000,0.000000,0.053811,-0.192590,-0.318522,-0.116906,-0.199128,-0.318980,-0.031547,-0.195859,-0.318751,0.003204,-0.206278,-0.300838,-0.035817,-0.233394,-0.260624,-0.056241,-0.236937,-0.295801
2026-05-27 14:41:54.083,3.399997,0.000000,0.000000,0.000000,0.053811,-0.192590,-0.318522,-0.116906,-0.199128,-0.318980,-0.031547,-0.195859,-0.318751,-0.221686,-0.179642,-0.374346,-0.035817,-0.233394,-0.260624,-0.056241,-0.236937,-0.295801
2026-05-27 14:41:54.183,3.499997,0.000000,0.000000,0.000000,0.053811,-0.192590,-0.318522,-0.116778,-0.200866,-0.318807,-0.031484,-0.196728,-0.318664,-0.221686,-0.179642,-0.374346,-0.036540,-0.235008,-0.261205,-0.056124,-0.233491,-0.296021
2026-05-27 14:41:54.283,3.599997,0.000000,0.000000,0.000000,0.054188,-0.190873,-0.318690,-0.117033,-0.197390,-0.319154,-0.031422,-0.194132,-0.318922,-0.221686,-0.179642,-0.374346,-0.036540,-0.235008,-0.261205,-0.056307,-0.238591,-0.296271
2026-05-27 14:41:54.383,3.699996,0.000000,0.000000,0.000000,0.054447,-0.192615,-0.318534,-0.116778,-0.200866,-0.318807,-0.031166,-0.196741,-0.318670,0.003834,-0.206377,-0.300232,-0.036540,-0.235008,-0.261205,-0.056191,-0.235144,-0.296495
2026-05-27 14:41:54.483,3.799996,0.000000,0.000000,0.000000,0.054447,-0.192615,-0.318534,-0.116651,-0.202605,-0.318633,-0.031102,-0.197610,-0.318583,0.002970,-0.207995,-0.300719,-0.036540,-0.235008,-0.261205,-0.056124,-0.233491,-0.296021
2026-05-27 14:41:54.583,3.899996,0.000000,0.000000,0.000000,0.054447,-0.192615,-0.318534,-0.117033,-0.197390,-0.319154,-0.031293,-0.195002,-0.318844,-0.221250,-0.181412,-0.374010,-0.036540,-0.235008,-0.261205,-0.056191,-0.235144,-0.296495
2026-05-27 14:41:54.683,3.999996,0.000000,0.000000,0.000000,0.054447,-0.192615,-0.318534,-0.116906,-0.199128,-0.318980,-0.031229,-0.195872,-0.318757,0.004693,-0.204685,-0.300361,-0.036660,-0.236715,-0.261206,-0.056191,-0.235144,-0.296495
2026-05-27 14:41:54.783,4.099996,0.000000,0.000000,0.000000,0.054068,-0.194332,-0.318366,-0.116778,-0.200866,-0.318807,-0.031355,-0.197599,-0.318586,0.002979,-0.208069,-0.300104,-0.036660,-0.236715,-0.261206,-0.056249,-0.236868,-0.296383
2026-05-27 14:41:54.883,4.199996,0.000000,0.000000,0.000000,0.053811,-0.192590,-0.318522,-0.116906,-0.199128,-0.318980,-0.031547,-0.195859,-0.318751,0.003834,-0.206377,-0.300232,-0.036540,-0.235008,-0.261205,-0.056249,-0.236868,-0.296383
2026-05-27 14:41:54.983,4.299996,0.000000,0.000000,0.000000,0.053811,-0.192590,-0.318522,-0.116778,-0.200866,-0.318807,-0.031484,-0.196728,-0.318664,0.003213,-0.206352,-0.300221,-0.036540,-0.235008,-0.261205,-0.056132,-0.233421,-0.296607
2026-05-27 14:41:55.083,4.399996,0.000000,0.000000,0.000000,0.053811,-0.192590,-0.318522,-0.116906,-0.199128,-0.318980,-0.031547,-0.195859,-0.318751,0.002584,-0.206254,-0.300827,-0.036540,-0.235008,-0.261205,-0.056249,-0.236868,-0.296383
2026-05-27 14:41:55.183,4.499996,0.000000,0.000000,0.000000,0.053811,-0.192590,-0.318522,-0.116906,-0.199128,-0.318980,-0.031547,-0.195859,-0.318751,-0.221695,-0.179567,-0.374973,-0.036540,-0.235008,-0.261205,-0.056191,-0.235144,-0.296495
2026-05-27 14:41:55.283,4.599996,0.000000,0.000000,0.000000,0.053434,-0.194307,-0.318354,-0.116906,-0.199128,-0.318980,-0.031736,-0.196717,-0.318667,0.003834,-0.206377,-0.300232,-0.036540,-0.235008,-0.261205,-0.056249,-0.236868,-0.296383
2026-05-27 14:41:55.383,4.699996,0.000000,0.000000,0.000000,0.053811,-0.192590,-0.318522,-0.116906,-0.199128,-0.318980,-0.031547,-0.195859,-0.318751,0.005076,-0.206425,-0.300256,-0.036540,-0.235008,-0.261205,-0.056249,-0.236868,-0.296383
2026-05-27 14:41:55.483,4.799995,0.000000,0.000000,0.000000,0.053434,-0.194307,-0.318354,-0.116778,-0.200866,-0.318807,-0.031672,-0.197587,-0.318580,0.002979,-0.208069,-0.300104,-0.036540,-0.235008,-0.261205,-0.056191,-0.235144,-0.296495
2026-05-27 14:41:55.583,4.899995,0.000000,0.000000,0.000000,0.053811,-0.192590,-0.318522,-0.116778,-0.200866,-0.318807,-0.031484,-0.196728,-0.318664,0.004463,-0.206475,-0.299626,-0.036540,-0.235008,-0.261205,-0.056191,-0.235144,-0.296495
2026-05-27 14:41:55.683,4.999995,0.000000,0.000000,0.000000,0.053811,-0.192590,-0.318522,-0.116778,-0.200866,-0.318807,-0.031484,-0.196728,-0.318664,-0.222307,-0.179692,-0.373707,-0.036540,-0.235008,-0.261205,-0.056249,-0.236868,-0.296383
2026-05-27 14:41:55.783,5.099995,0.000000,0.000000,0.000000,0.053811,-0.192590,-0.318522,-0.116906,-0.199128,-0.318980,-0.031547,-0.195859,-0.318751,0.003213,-0.206352,-0.300221,-0.036780,-0.238423,-0.261206,-0.056191,-0.235144,-0.296495
2026-05-27 14:41:55.883,5.199995,0.000000,0.000000,0.000000,0.053811,-0.192590,-0.318522,-0.116906,-0.199128,-0.318980,-0.031547,-0.195859,-0.318751,0.003834,-0.206377,-0.300232,-0.036540,-0.235008,-0.261205,-0.056182,-0.235214,-0.295911
2026-05-27 14:41:55.983,5.299995,0.000000,0.000000,0.000000,0.053811,-0.192590,-0.318522,-0.116778,-0.200866,-0.318807,-0.031484,-0.196728,-0.318664,-0.230137,-0.039888,-0.380215,-0.036540,-0.235008,-0.261205,-0.056191,-0.235144,-0.296495
2026-05-27 14:41:56.083,5.399995,0.000000,0.000000,0.000000,0.053811,-0.192590,-0.318522,-0.117033,-0.197390,-0.319154,-0.031611,-0.194990,-0.318838,-0.229004,-0.178197,-0.369519,-0.036540,-0.235008,-0.261205,-0.056249,-0.236868,-0.296383
2026-05-27 14:41:56.183,5.499995,0.000000,0.000000,0.000000,0.053811,-0.192590,-0.318522,-0.116906,-0.199128,-0.318980,-0.031547,-0.195859,-0.318751,0.002592,-0.206328,-0.300209,-0.036540,-0.235008,-0.261205,-0.056124,-0.233491,-0.296021
2026-05-27 14:41:56.283,5.599995,0.000000,0.000000,0.000000,0.053820,-0.192665,-0.317889,-0.116778,-0.200866,-0.318807,-0.031479,-0.196766,-0.318348,0.184292,-0.028844,-0.387788,-0.036540,-0.235008,-0.261205,-0.056182,-0.235214,-0.295911
2026-05-27 14:41:56.383,5.699995,0.000000,0.000000,0.000000,0.053811,-0.192590,-0.318522,-0.117033,-0.197390,-0.319154,-0.031611,-0.194990,-0.318838,-0.222316,-0.179617,-0.374334,-0.036540,-0.235008,-0.261205,-0.056249,-0.236868,-0.296383
2026-05-27 14:41:56.483,5.799994,0.000000,0.000000,0.000000,0.053820,-0.192665,-0.317889,-0.116906,-0.199128,-0.318980,-0.031543,-0.195897,-0.318435,0.002351,-0.207971,-0.300708,-0.036420,-0.233300,-0.261205,-0.056241,-0.236937,-0.295801
2026-05-27 14:41:56.583,5.899994,0.000000,0.000000,0.000000,0.053820,-0.192665,-0.317889,-0.116906,-0.199128,-0.318980,-0.031543,-0.195897,-0.318435,0.002360,-0.208044,-0.300092,-0.036540,-0.235008,-0.261205,-0.056182,-0.235214,-0.295911
2026-05-27 14:41:56.683,5.999994,0.000000,0.000000,0.000000,0.053820,-0.192665,-0.317889,-0.116906,-0.199128,-0.318980,-0.031543,-0.195897,-0.318435,0.003834,-0.206377,-0.300232,-0.036600,-0.235861,-0.261205,-0.056124,-0.233491,-0.296021
2026-05-27 14:41:56.783,6.099994,0.000000,0.000000,0.000000,0.053811,-0.192590,-0.318522,-0.116906,-0.199128,-0.318980,-0.031547,-0.195859,-0.318751,0.003834,-0.206377,-0.300232,-0.036540,-0.235008,-0.261205,-0.056182,-0.235214,-0.295911
2026-05-27 14:41:56.883,6.199994,0.000000,0.000000,0.000000,0.053820,-0.192665,-0.317889,-0.116906,-0.199128,-0.318980,-0.031543,-0.195897,-0.318435,0.004463,-0.206475,-0.299626,-0.036540,-0.235008,-0.261205,-0.056182,-0.235214,-0.295911
2026-05-27 14:41:56.983,6.299994,0.000000,0.000000,0.000000,0.053820,-0.192665,-0.317889,-0.116906,-0.199128,-0.318980,-0.031543,-0.195897,-0.318435,0.003834,-0.206377,-0.300232,-0.036540,-0.235008,-0.261205,-0.056249,-0.236868,-0.296383
2026-05-27 14:41:57.083,6.399994,0.000000,0.000000,0.000000,0.053443,-0.194382,-0.317723,-0.116906,-0.199128,-0.318980,-0.031732,-0.196755,-0.318352,0.003834,-0.206377,-0.300232,-0.036540,-0.235008,-0.261205,-0.056182,-0.235214,-0.295911
2026-05-27 14:41:57.183,6.499994,0.000000,0.000000,0.000000,0.054197,-0.190949,-0.318055,-0.116778,-0.200866,-0.318807,-0.031291,-0.195908,-0.318431,0.002584,-0.206254,-0.300827,-0.036540,-0.235008,-0.261205,-0.056241,-0.236937,-0.295801
2026-05-27 14:41:57.283,6.599994,0.000000,0.000000,0.000000,0.053434,-0.194307,-0.318354,-0.116778,-0.200866,-0.318807,-0.031672,-0.197587,-0.318580,-0.229452,-0.176503,-0.369209,-0.036420,-0.233300,-0.261205,-0.056182,-0.235214,-0.295911
2026-05-27 14:41:57.383,6.699994,0.000000,0.000000,0.000000,0.053820,-0.192665,-0.317889,-0.117518,-0.199177,-0.318351,-0.031849,-0.195921,-0.318120,-0.232498,-0.182339,-0.391140,-0.036532,-0.235078,-0.260615,-0.056182,-0.235214,-0.295911
2026-05-27 14:41:57.483,6.799994,0.000000,0.000000,0.000000,0.052818,-0.194432,-0.317080,-0.117877,-0.202629,-0.317996,-0.032530,-0.198531,-0.317538,-0.222489,-0.181512,-0.372737,-0.037352,-0.238539,-0.260023,-0.056818,-0.236983,-0.295207
2026-05-27 14:41:57.583,6.899993,0.000000,0.000000,0.000000,0.051845,-0.196423,-0.314389,-0.119557,-0.204586,-0.315341,-0.033856,-0.200505,-0.314865,-0.000142,-0.213412,-0.297265,-0.039432,-0.243798,-0.258260,-0.058703,-0.242290,-0.293120
2026-05-27 14:41:57.683,6.999993,0.000000,0.000000,0.000000,0.051454,-0.197989,-0.315486,-0.118824,-0.206203,-0.316409,-0.033685,-0.202096,-0.315947,0.001315,-0.211745,-0.297398,-0.039553,-0.245436,-0.258849,-0.058078,-0.240521,-0.293812
2026-05-27 14:41:57.783,7.099993,0.000000,0.000000,0.000000,0.052460,-0.196298,-0.315658,-0.118344,-0.204489,-0.316589,-0.032942,-0.200394,-0.316123,0.000454,-0.213291,-0.298497,-0.038165,-0.241999,-0.259437,-0.057450,-0.238752,-0.294508
2026-05-27 14:41:57.883,7.199993,0.000000,0.000000,0.000000,0.051828,-0.196273,-0.315646,-0.118824,-0.206203,-0.316409,-0.033498,-0.201238,-0.316028,-0.229497,-0.183579,-0.367278,-0.038865,-0.243683,-0.259432,-0.058025,-0.238798,-0.293916
2026-05-27 14:41:57.983,7.299993,0.000000,0.000000,0.000000,0.051213,-0.196398,-0.314377,-0.119420,-0.206324,-0.315177,-0.034103,-0.201361,-0.314777,-0.000361,-0.215201,-0.296547,-0.039545,-0.245505,-0.258270,-0.058703,-0.242290,-0.293120
2026-05-27 14:41:58.083,7.399993,0.000000,0.000000,0.000000,0.051454,-0.197989,-0.315486,-0.118959,-0.204465,-0.316577,-0.033752,-0.201227,-0.316031,0.001930,-0.211769,-0.297409,-0.038857,-0.243752,-0.258852,-0.058086,-0.240452,-0.294390
2026-05-27 14:41:58.183,7.499993,0.000000,0.000000,0.000000,0.051454,-0.197989,-0.315486,-0.118959,-0.204465,-0.316577,-0.033752,-0.201227,-0.316031,0.001921,-0.211696,-0.298021,-0.038857,-0.243752,-0.258852,-0.058078,-0.240521,-0.293812
2026-05-27 14:41:58.283,7.599993,0.000000,0.000000,0.000000,0.051837,-0.196348,-0.315017,-0.118681,-0.208013,-0.315633,-0.033422,-0.202181,-0.315325,-0.224108,-0.184953,-0.372027,-0.039432,-0.243798,-0.258260,-0.058703,-0.242290,-0.293120
2026-05-27 14:41:58.383,7.699993,0.000000,0.000000,0.000000,0.051454,-0.197989,-0.315486,-0.118824,-0.206203,-0.316409,-0.033685,-0.202096,-0.315947,0.000462,-0.213364,-0.297887,-0.039553,-0.245436,-0.258849,-0.058078,-0.240521,-0.293812
2026-05-27 14:41:58.483,7.799993,0.000000,0.000000,0.000000,0.051463,-0.198064,-0.314859,-0.119284,-0.208061,-0.315013,-0.033910,-0.203063,-0.314936,-0.223911,-0.183356,-0.371123,-0.039432,-0.243798,-0.258260,-0.058652,-0.240567,-0.293222
2026-05-27 14:41:58.583,7.899992,0.000000,0.000000,0.000000,0.051463,-0.198064,-0.314859,-0.118959,-0.204465,-0.316577,-0.033748,-0.201264,-0.315718,0.000462,-0.213364,-0.297887,-0.039440,-0.243729,-0.258841,-0.058131,-0.242244,-0.293707
2026-05-27 14:41:58.683,7.999992,0.000000,0.000000,0.000000,0.051089,-0.199779,-0.314700,-0.118815,-0.206275,-0.315799,-0.033863,-0.203027,-0.315249,-0.000142,-0.213412,-0.297265,-0.039432,-0.243798,-0.258260,-0.058703,-0.242290,-0.293120
2026-05-27 14:41:58.783,8.099992,0.000000,0.000000,0.000000,0.051463,-0.198064,-0.314859,-0.118824,-0.206203,-0.316409,-0.033681,-0.202133,-0.315634,-0.000142,-0.213412,-0.297265,-0.039440,-0.243729,-0.258841,-0.058711,-0.242221,-0.293696
2026-05-27 14:41:58.883,8.199992,0.000000,0.000000,0.000000,0.051837,-0.196348,-0.315017,-0.118815,-0.206275,-0.315799,-0.033489,-0.201312,-0.315408,-0.000369,-0.215128,-0.297156,-0.039545,-0.245505,-0.258270,-0.058754,-0.244012,-0.293017
2026-05-27 14:41:58.983,8.299992,0.000000,0.000000,0.000000,0.051837,-0.196348,-0.315017,-0.119437,-0.206178,-0.316398,-0.033800,-0.201263,-0.315708,-0.000142,-0.213412,-0.297265,-0.039432,-0.243798,-0.258260,-0.058123,-0.242312,-0.293130
2026-05-27 14:41:59.083,8.399992,0.000000,0.000000,0.000000,0.052210,-0.194632,-0.315176,-0.119301,-0.207916,-0.316230,-0.033545,-0.201274,-0.315703,0.001084,-0.213461,-0.297288,-0.039432,-0.243798,-0.258260,-0.058711,-0.242221,-0.293696
2026-05-27 14:41:59.183,8.499992,0.000000,0.000000,0.000000,0.051463,-0.198064,-0.314859,-0.119437,-0.206178,-0.316398,-0.033987,-0.202121,-0.315628,-0.000142,-0.213412,-0.297265,-0.039432,-0.243798,-0.258260,-0.058711,-0.242221,-0.293696
2026-05-27 14:41:59.283,8.599992,0.000000,0.000000,0.000000,0.051089,-0.199779,-0.314700,-0.119301,-0.207916,-0.316230,-0.034106,-0.203848,-0.315465,0.001706,-0.213558,-0.296689,-0.039545,-0.245505,-0.258270,-0.058711,-0.242221,-0.293696
2026-05-27 14:41:59.383,8.699992,0.000000,0.000000,0.000000,0.051463,-0.198064,-0.314859,-0.119437,-0.206178,-0.316398,-0.033987,-0.202121,-0.315628,-0.000142,-0.213412,-0.297265,-0.039545,-0.245505,-0.258270,-0.058176,-0.244035,-0.293028
2026-05-27 14:41:59.483,8.799992,0.000000,0.000000,0.000000,0.051463,-0.198064,-0.314859,-0.119574,-0.204440,-0.316566,-0.034056,-0.201252,-0.315712,0.001084,-0.213461,-0.297288,-0.039432,-0.243798,-0.258260,-0.058703,-0.242290,-0.293120
2026-05-27 14:41:59.583,8.899992,0.000000,0.000000,0.000000,0.051463,-0.198064,-0.314859,-0.119437,-0.206178,-0.316398,-0.033987,-0.202121,-0.315628,0.000854,-0.215177,-0.297179,-0.039320,-0.242092,-0.258251,-0.058762,-0.243944,-0.293592
2026-05-27 14:41:59.683,8.999991,0.000000,0.000000,0.000000,0.051463,-0.198064,-0.314859,-0.119437,-0.206178,-0.316398,-0.033987,-0.202121,-0.315628,0.000854,-0.215177,-0.297179,-0.039320,-0.242092,-0.258251,-0.058762,-0.243944,-0.293592
2026-05-27 14:41:59.783,9.099992,0.000000,0.000000,0.000000,0.051463,-0.198064,-0.314859,-0.119437,-0.206178,-0.316398,-0.033987,-0.202121,-0.315628,0.000854,-0.215177,-0.297179,-0.039320,-0.242092,-0.258251,-0.058762,-0.243944,-0.293592
2026-05-27 14:41:59.883,9.199991,0.000000,0.000000,0.000000,0.051463,-0.198064,-0.314859,-0.119437,-0.206178,-0.316398,-0.033987,-0.202121,-0.315628,0.000854,-0.215177,-0.297179,-0.039320,-0.242092,-0.258251,-0.058762,-0.243944,-0.293592
2026-05-27 14:41:59.983,9.299992,0.000000,0.000000,0.000000,0.051463,-0.198064,-0.314859,-0.119437,-0.206178,-0.316398,-0.033987,-0.202121,-0.315628,0.000854,-0.215177,-0.297179,-0.039320,-0.242092,-0.258251,-0.058762,-0.243944,-0.293592
2026-05-27 14:42:00.083,9.399992,0.000000,0.000000,0.000000,0.051463,-0.198064,-0.314859,-0.119437,-0.206178,-0.316398,-0.033987,-0.202121,-0.315628,0.000854,-0.215177,-0.297179,-0.039320,-0.242092,-0.258251,-0.058762,-0.243944,-0.293592
2026-05-27 14:42:00.183,9.499991,0.000000,0.000000,0.000000,0.051463,-0.198064,-0.314859,-0.119437,-0.206178,-0.316398,-0.033987,-0.202121,-0.315628,0.000854,-0.215177,-0.297179,-0.039320,-0.242092,-0.258251,-0.058762,-0.243944,-0.293592
2026-05-27 14:42:00.283,9.599992,0.000000,0.000000,0.000000,0.051463,-0.198064,-0.314859,-0.119437,-0.206178,-0.316398,-0.033987,-0.202121,-0.315628,0.000854,-0.215177,-0.297179,-0.039320,-0.242092,-0.258251,-0.058762,-0.243944,-0.293592
2026-05-27 14:42:00.383,9.699991,0.000000,0.000000,0.000000,0.051463,-0.198064,-0.314859,-0.119437,-0.206178,-0.316398,-0.033987,-0.202121,-0.315628,0.000854,-0.215177,-0.297179,-0.039320,-0.242092,-0.258251,-0.058762,-0.243944,-0.293592
2026-05-27 14:42:00.483,9.799992,0.000000,0.000000,0.000000,0.051463,-0.198064,-0.314859,-0.119437,-0.206178,-0.316398,-0.033987,-0.202121,-0.315628,0.000854,-0.215177,-0.297179,-0.039320,-0.242092,-0.258251,-0.058762,-0.243944,-0.293592
2026-05-27 14:42:00.583,9.899992,0.000000,0.000000,0.000000,0.051463,-0.198064,-0.314859,-0.119437,-0.206178,-0.316398,-0.033987,-0.202121,-0.315628,0.000854,-0.215177,-0.297179,-0.039320,-0.242092,-0.258251,-0.058762,-0.243944,-0.293592
2026-05-27 14:42:00.683,9.999991,0.000000,0.000000,0.000000,0.051463,-0.198064,-0.314859,-0.119437,-0.206178,-0.316398,-0.033987,-0.202121,-0.315628,0.000854,-0.215177,-0.297179,-0.039320,-0.242092,-0.258251,-0.058762,-0.243944,-0.293592
2026-05-27 14:42:00.783,10.099992,0.000000,0.000000,0.000000,0.051463,-0.198064,-0.314859,-0.119437,-0.206178,-0.316398,-0.033987,-0.202121,-0.315628,0.000854,-0.215177,-0.297179,-0.039320,-0.242092,-0.258251,-0.058762,-0.243944,-0.293592
2026-05-27 14:42:00.883,10.199991,0.000000,0.000000,0.000000,0.051463,-0.198064,-0.314859,-0.119437,-0.206178,-0.316398,-0.033987,-0.202121,-0.315628,0.000854,-0.215177,-0.297179,-0.039320,-0.242092,-0.258251,-0.058762,-0.243944,-0.293592
2026-05-27 14:42:00.983,10.299992,0.000000,0.000000,0.000000,0.051463,-0.198064,-0.314859,-0.119437,-0.206178,-0.316398,-0.033987,-0.202121,-0.315628,0.000854,-0.215177,-0.297179,-0.039320,-0.242092,-0.258251,-0.058762,-0.243944,-0.293592
2026-05-27 14:42:01.083,10.399992,0.000000,0.000000,0.000000,0.051463,-0.198064,-0.314859,-0.119437,-0.206178,-0.316398,-0.033987,-0.202121,-0.315628,0.000854,-0.215177,-0.297179,-0.039320,-0.242092,-0.258251,-0.058762,-0.243944,-0.293592
2026-05-27 14:42:01.183,10.499991,0.000000,0.000000,0.000000,0.051463,-0.198064,-0.314859,-0.119437,-0.206178,-0.316398,-0.033987,-0.202121,-0.315628,0.000854,-0.215177,-0.297179,-0.039320,-0.242092,-0.258251,-0.058762,-0.243944,-0.293592
2026-05-27 14:42:01.283,10.599992,0.000000,0.000000,0.000000,0.051463,-0.198064,-0.314859,-0.119437,-0.206178,-0.316398,-0.033987,-0.202121,-0.315628,0.000854,-0.215177,-0.297179,-0.039320,-0.242092,-0.258251,-0.058762,-0.243944,-0.293592
2026-05-27 14:42:01.383,10.699991,0.000000,0.000000,0.000000,0.051463,-0.198064,-0.314859,-0.119437,-0.206178,-0.316398,-0.033987,-0.202121,-0.315628,0.000854,-0.215177,-0.297179,-0.039320,-0.242092,-0.258251,-0.058762,-0.243944,-0.293592
2026-05-27 14:42:01.483,10.799992,0.000000,0.000000,0.000000,0.051463,-0.198064,-0.314859,-0.119437,-0.206178,-0.316398,-0.033987,-0.202121,-0.315628,0.000854,-0.215177,-0.297179,-0.039320,-0.242092,-0.258251,-0.058762,-0.243944,-0.293592
2026-05-27 14:42:01.583,10.899992,0.000000,0.000000,0.000000,0.051463,-0.198064,-0.314859,-0.119437,-0.206178,-0.316398,-0.033987,-0.202121,-0.315628,0.000854,-0.215177,-0.297179,-0.039320,-0.242092,-0.258251,-0.058762,-0.243944,-0.293592
2026-05-27 14:42:01.683,10.999991,0.000000,0.000000,0.000000,0.051463,-0.198064,-0.314859,-0.119437,-0.206178,-0.316398,-0.033987,-0.202121,-0.315628,0.000854,-0.215177,-0.297179,-0.039320,-0.242092,-0.258251,-0.058762,-0.243944,-0.293592
2026-05-27 14:42:01.783,11.099992,0.000000,0.000000,0.000000,0.051463,-0.198064,-0.314859,-0.119437,-0.206178,-0.316398,-0.033987,-0.202121,-0.315628,0.000854,-0.215177,-0.297179,-0.039320,-0.242092,-0.258251,-0.058762,-0.243944,-0.293592
2026-05-27 14:42:01.883,11.199991,0.000000,0.000000,0.000000,0.051463,-0.198064,-0.314859,-0.119437,-0.206178,-0.316398,-0.033987,-0.202121,-0.315628,0.000854,-0.215177,-0.297179,-0.039320,-0.242092,-0.258251,-0.058762,-0.243944,-0.293592
2026-05-27 14:42:01.983,11.299992,0.000000,0.000000,0.000000,0.051463,-0.198064,-0.314859,-0.119437,-0.206178,-0.316398,-0.033987,-0.202121,-0.315628,0.000854,-0.215177,-0.297179,-0.039320,-0.242092,-0.258251,-0.058762,-0.243944,-0.293592
2026-05-27 14:42:02.083,11.399992,0.000000,0.000000,0.000000,0.051463,-0.198064,-0.314859,-0.119437,-0.206178,-0.316398,-0.033987,-0.202121,-0.315628,0.000854,-0.215177,-0.297179,-0.039320,-0.242092,-0.258251,-0.058762,-0.243944,-0.293592
2026-05-27 14:42:02.183,11.499991,0.000000,0.000000,0.000000,0.051463,-0.198064,-0.314859,-0.119437,-0.206178,-0.316398,-0.033987,-0.202121,-0.315628,0.000854,-0.215177,-0.297179,-0.039320,-0.242092,-0.258251,-0.058762,-0.243944,-0.293592
2026-05-27 14:42:02.283,11.599992,0.000000,0.000000,0.000000,0.051463,-0.198064,-0.314859,-0.119437,-0.206178,-0.316398,-0.033987,-0.202121,-0.315628,0.000854,-0.215177,-0.297179,-0.039320,-0.242092,-0.258251,-0.058762,-0.243944,-0.293592
2026-05-27 14:42:02.383,11.699991,0.000000,0.000000,0.000000,0.051463,-0.198064,-0.314859,-0.119437,-0.206178,-0.316398,-0.033987,-0.202121,-0.315628,0.000854,-0.215177,-0.297179,-0.039320,-0.242092,-0.258251,-0.058762,-0.243944,-0.293592
2026-05-27 14:42:02.483,11.799992,0.000000,0.000000,0.000000,0.051463,-0.198064,-0.314859,-0.119437,-0.206178,-0.316398,-0.033987,-0.202121,-0.315628,0.000854,-0.215177,-0.297179,-0.039320,-0.242092,-0.258251,-0.058762,-0.243944,-0.293592
2026-05-27 14:42:02.583,11.899992,0.000000,0.000000,0.000000,0.051463,-0.198064,-0.314859,-0.119437,-0.206178,-0.316398,-0.033987,-0.202121,-0.315628,0.000854,-0.215177,-0.297179,-0.039320,-0.242092,-0.258251,-0.058762,-0.243944,-0.293592
2026-05-27 14:42:02.683,11.999991,0.000000,0.000000,0.000000,0.051463,-0.198064,-0.314859,-0.119437,-0.206178,-0.316398,-0.033987,-0.202121,-0.315628,0.000854,-0.215177,-0.297179,-0.039320,-0.242092,-0.258251,-0.058762,-0.243944,-0.293592
2026-05-27 14:42:02.783,12.099992,0.000000,0.000000,0.000000,0.051463,-0.198064,-0.314859,-0.119437,-0.206178,-0.316398,-0.033987,-0.202121,-0.315628,0.000854,-0.215177,-0.297179,-0.039320,-0.242092,-0.258251,-0.058762,-0.243944,-0.293592
2026-05-27 14:42:02.883,12.199991,0.000000,0.000000,0.000000,0.051463,-0.198064,-0.314859,-0.119437,-0.206178,-0.316398,-0.033987,-0.202121,-0.315628,0.000854,-0.215177,-0.297179,-0.039320,-0.242092,-0.258251,-0.058762,-0.243944,-0.293592
2026-05-27 14:42:02.983,12.299992,0.000000,0.000000,0.000000,0.051463,-0.198064,-0.314859,-0.119437,-0.206178,-0.316398,-0.033987,-0.202121,-0.315628,0.000854,-0.215177,-0.297179,-0.039320,-0.242092,-0.258251,-0.058762,-0.243944,-0.293592
2026-05-27 14:42:03.083,12.399992,0.000000,0.000000,0.000000,0.051463,-0.198064,-0.314859,-0.119437,-0.206178,-0.316398,-0.033987,-0.202121,-0.315628,0.000854,-0.215177,-0.297179,-0.039320,-0.242092,-0.258251,-0.058762,-0.243944,-0.293592
2026-05-27 14:42:03.183,12.499991,0.000000,0.000000,0.000000,0.051463,-0.198064,-0.314859,-0.119437,-0.206178,-0.316398,-0.033987,-0.202121,-0.315628,0.000854,-0.215177,-0.297179,-0.039320,-0.242092,-0.258251,-0.058762,-0.243944,-0.293592
2026-05-27 14:42:03.283,12.599992,0.000000,0.000000,0.000000,0.051463,-0.198064,-0.314859,-0.119437,-0.206178,-0.316398,-0.033987,-0.202121,-0.315628,0.000854,-0.215177,-0.297179,-0.039320,-0.242092,-0.258251,-0.058762,-0.243944,-0.293592
2026-05-27 14:42:03.383,12.699991,0.000000,0.000000,0.000000,0.051463,-0.198064,-0.314859,-0.119437,-0.206178,-0.316398,-0.033987,-0.202121,-0.315628,0.000854,-0.215177,-0.297179,-0.039320,-0.242092,-0.258251,-0.058762,-0.243944,-0.293592
2026-05-27 14:42:03.483,12.799992,0.000000,0.000000,0.000000,0.051463,-0.198064,-0.314859,-0.119437,-0.206178,-0.316398,-0.033987,-0.202121,-0.315628,0.000854,-0.215177,-0.297179,-0.039320,-0.242092,-0.258251,-0.058762,-0.243944,-0.293592
2026-05-27 14:42:03.583,12.899992,0.000000,0.000000,0.000000,0.051463,-0.198064,-0.314859,-0.119437,-0.206178,-0.316398,-0.033987,-0.202121,-0.315628,0.000854,-0.215177,-0.297179,-0.039320,-0.242092,-0.258251,-0.058762,-0.243944,-0.293592
2026-05-27 14:42:03.683,12.999991,0.000000,0.000000,0.000000,0.051463,-0.198064,-0.314859,-0.119437,-0.206178,-0.316398,-0.033987,-0.202121,-0.315628,0.000854,-0.215177,-0.297179,-0.039320,-0.242092,-0.258251,-0.058762,-0.243944,-0.293592
2026-05-27 14:42:03.783,13.099992,0.000000,0.000000,0.000000,0.051463,-0.198064,-0.314859,-0.119437,-0.206178,-0.316398,-0.033987,-0.202121,-0.315628,0.000854,-0.215177,-0.297179,-0.039320,-0.242092,-0.258251,-0.058762,-0.243944,-0.293592
2026-05-27 14:42:03.883,13.199991,0.000000,0.000000,0.000000,0.051463,-0.198064,-0.314859,-0.119437,-0.206178,-0.316398,-0.033987,-0.202121,-0.315628,0.000854,-0.215177,-0.297179,-0.039320,-0.242092,-0.258251,-0.058762,-0.243944,-0.293592
2026-05-27 14:42:03.983,13.299992,0.000000,0.000000,0.000000,0.051463,-0.198064,-0.314859,-0.119437,-0.206178,-0.316398,-0.033987,-0.202121,-0.315628,0.000854,-0.215177,-0.297179,-0.039320,-0.242092,-0.258251,-0.058762,-0.243944,-0.293592
2026-05-27 14:42:04.083,13.399992,0.000000,0.000000,0.000000,0.051463,-0.198064,-0.314859,-0.119437,-0.206178,-0.316398,-0.033987,-0.202121,-0.315628,0.000854,-0.215177,-0.297179,-0.039320,-0.242092,-0.258251,-0.058762,-0.243944,-0.293592
2026-05-27 14:42:04.183,13.499991,0.000000,0.000000,0.000000,0.051463,-0.198064,-0.314859,-0.119437,-0.206178,-0.316398,-0.033987,-0.202121,-0.315628,0.000854,-0.215177,-0.297179,-0.039320,-0.242092,-0.258251,-0.058762,-0.243944,-0.293592
2026-05-27 14:42:04.283,13.599992,0.000000,0.000000,0.000000,0.051463,-0.198064,-0.314859,-0.119437,-0.206178,-0.316398,-0.033987,-0.202121,-0.315628,0.000854,-0.215177,-0.297179,-0.039320,-0.242092,-0.258251,-0.058762,-0.243944,-0.293592
2026-05-27 14:42:04.383,13.699991,0.000000,0.000000,0.000000,0.051463,-0.198064,-0.314859,-0.119437,-0.206178,-0.316398,-0.033987,-0.202121,-0.315628,0.000854,-0.215177,-0.297179,-0.039320,-0.242092,-0.258251,-0.058762,-0.243944,-0.293592
2026-05-27 14:42:04.483,13.799992,0.000000,0.000000,0.000000,0.051463,-0.198064,-0.314859,-0.119437,-0.206178,-0.316398,-0.033987,-0.202121,-0.315628,0.000854,-0.215177,-0.297179,-0.039320,-0.242092,-0.258251,-0.058762,-0.243944,-0.293592
2026-05-27 14:42:04.583,13.899992,0.000000,0.000000,0.000000,0.051463,-0.198064,-0.314859,-0.119437,-0.206178,-0.316398,-0.033987,-0.202121,-0.315628,0.000854,-0.215177,-0.297179,-0.039320,-0.242092,-0.258251,-0.058762,-0.243944,-0.293592
2026-05-27 14:42:04.683,13.999991,0.000000,0.000000,0.000000,0.051463,-0.198064,-0.314859,-0.119437,-0.206178,-0.316398,-0.033987,-0.202121,-0.315628,0.000854,-0.215177,-0.297179,-0.039320,-0.242092,-0.258251,-0.058762,-0.243944,-0.293592
2026-05-27 14:42:04.783,14.099992,0.000000,0.000000,0.000000,0.051463,-0.198064,-0.314859,-0.119437,-0.206178,-0.316398,-0.033987,-0.202121,-0.315628,0.000854,-0.215177,-0.297179,-0.039320,-0.242092,-0.258251,-0.058762,-0.243944,-0.293592
2026-05-27 14:42:04.883,14.199991,0.000000,0.000000,0.000000,0.051463,-0.198064,-0.314859,-0.119437,-0.206178,-0.316398,-0.033987,-0.202121,-0.315628,0.000854,-0.215177,-0.297179,-0.039320,-0.242092,-0.258251,-0.058762,-0.243944,-0.293592
2026-05-27 14:42:04.983,14.299992,0.000000,0.000000,0.000000,0.051463,-0.198064,-0.314859,-0.119437,-0.206178,-0.316398,-0.033987,-0.202121,-0.315628,0.000854,-0.215177,-0.297179,-0.039320,-0.242092,-0.258251,-0.058762,-0.243944,-0.293592
2026-05-27 14:42:05.083,14.399992,0.000000,0.000000,0.000000,0.051463,-0.198064,-0.314859,-0.119437,-0.206178,-0.316398,-0.033987,-0.202121,-0.315628,0.000854,-0.215177,-0.297179,-0.039320,-0.242092,-0.258251,-0.058762,-0.243944,-0.293592
2026-05-27 14:42:05.183,14.499991,0.000000,0.000000,0.000000,0.051463,-0.198064,-0.314859,-0.119437,-0.206178,-0.316398,-0.033987,-0.202121,-0.315628,0.000854,-0.215177,-0.297179,-0.039320,-0.242092,-0.258251,-0.058762,-0.243944,-0.293592
2026-05-27 14:42:05.283,14.599992,0.000000,0.000000,0.000000,0.051463,-0.198064,-0.314859,-0.119437,-0.206178,-0.316398,-0.033987,-0.202121,-0.315628,0.000854,-0.215177,-0.297179,-0.039320,-0.242092,-0.258251,-0.058762,-0.243944,-0.293592
2026-05-27 14:42:05.383,14.699991,0.000000,0.000000,0.000000,0.051463,-0.198064,-0.314859,-0.119437,-0.206178,-0.316398,-0.033987,-0.202121,-0.315628,0.000854,-0.215177,-0.297179,-0.039320,-0.242092,-0.258251,-0.058762,-0.243944,-0.293592
2026-05-27 14:42:05.483,14.799992,0.000000,0.000000,0.000000,0.051463,-0.198064,-0.314859,-0.119437,-0.206178,-0.316398,-0.033987,-0.202121,-0.315628,0.000854,-0.215177,-0.297179,-0.039320,-0.242092,-0.258251,-0.058762,-0.243944,-0.293592
2026-05-27 14:42:05.583,14.899992,0.000000,0.000000,0.000000,0.051463,-0.198064,-0.314859,-0.119437,-0.206178,-0.316398,-0.033987,-0.202121,-0.315628,0.000854,-0.215177,-0.297179,-0.039320,-0.242092,-0.258251,-0.058762,-0.243944,-0.293592
2026-05-27 14:42:05.683,14.999991,0.000000,0.000000,0.000000,0.051463,-0.198064,-0.314859,-0.119437,-0.206178,-0.316398,-0.033987,-0.202121,-0.315628,0.000854,-0.215177,-0.297179,-0.039320,-0.242092,-0.258251,-0.058762,-0.243944,-0.293592
2026-05-27 14:42:05.783,15.099992,0.000000,0.000000,0.000000,0.051463,-0.198064,-0.314859,-0.119437,-0.206178,-0.316398,-0.033987,-0.202121,-0.315628,0.000854,-0.215177,-0.297179,-0.039320,-0.242092,-0.258251,-0.058762,-0.243944,-0.293592
2026-05-27 14:42:05.883,15.199991,0.000000,0.000000,0.000000,0.051463,-0.198064,-0.314859,-0.119437,-0.206178,-0.316398,-0.033987,-0.202121,-0.315628,0.000854,-0.215177,-0.297179,-0.039320,-0.242092,-0.258251,-0.058762,-0.243944,-0.293592
2026-05-27 14:42:05.983,15.299992,0.000000,0.000000,0.000000,0.051463,-0.198064,-0.314859,-0.119437,-0.206178,-0.316398,-0.033987,-0.202121,-0.315628,0.000854,-0.215177,-0.297179,-0.039320,-0.242092,-0.258251,-0.058762,-0.243944,-0.293592
2026-05-27 14:42:06.083,15.399992,0.000000,0.000000,0.000000,0.051463,-0.198064,-0.314859,-0.119437,-0.206178,-0.316398,-0.033987,-0.202121,-0.315628,0.000854,-0.215177,-0.297179,-0.039320,-0.242092,-0.258251,-0.058762,-0.243944,-0.293592
2026-05-27 14:42:06.183,15.499991,0.000000,0.000000,0.000000,0.051463,-0.198064,-0.314859,-0.119437,-0.206178,-0.316398,-0.033987,-0.202121,-0.315628,0.000854,-0.215177,-0.297179,-0.039320,-0.242092,-0.258251,-0.058762,-0.243944,-0.293592
2026-05-27 14:42:06.283,15.599992,0.000000,0.000000,0.000000,0.051463,-0.198064,-0.314859,-0.119437,-0.206178,-0.316398,-0.033987,-0.202121,-0.315628,0.000854,-0.215177,-0.297179,-0.039320,-0.242092,-0.258251,-0.058762,-0.243944,-0.293592
2026-05-27 14:42:06.383,15.699991,0.000000,0.000000,0.000000,0.051463,-0.198064,-0.314859,-0.119437,-0.206178,-0.316398,-0.033987,-0.202121,-0.315628,0.000854,-0.215177,-0.297179,-0.039320,-0.242092,-0.258251,-0.058762,-0.243944,-0.293592
2026-05-27 14:42:06.483,15.799992,0.000000,0.000000,0.000000,0.051463,-0.198064,-0.314859,-0.119437,-0.206178,-0.316398,-0.033987,-0.202121,-0.315628,0.000854,-0.215177,-0.297179,-0.039320,-0.242092,-0.258251,-0.058762,-0.243944,-0.293592
2026-05-27 14:42:06.583,15.899992,0.000000,0.000000,0.000000,0.051463,-0.198064,-0.314859,-0.119437,-0.206178,-0.316398,-0.033987,-0.202121,-0.315628,0.000854,-0.215177,-0.297179,-0.039320,-0.242092,-0.258251,-0.058762,-0.243944,-0.293592
2026-05-27 14:42:06.683,15.999991,0.000000,0.000000,0.000000,0.051463,-0.198064,-0.314859,-0.119437,-0.206178,-0.316398,-0.033987,-0.202121,-0.315628,0.000854,-0.215177,-0.297179,-0.039320,-0.242092,-0.258251,-0.058762,-0.243944,-0.293592
2026-05-27 14:42:06.783,16.099992,0.000000,0.000000,0.000000,0.051463,-0.198064,-0.314859,-0.119437,-0.206178,-0.316398,-0.033987,-0.202121,-0.315628,0.000854,-0.215177,-0.297179,-0.039320,-0.242092,-0.258251,-0.058762,-0.243944,-0.293592
2026-05-27 14:42:06.883,16.199991,0.000000,0.000000,0.000000,0.051463,-0.198064,-0.314859,-0.119437,-0.206178,-0.316398,-0.033987,-0.202121,-0.315628,0.000854,-0.215177,-0.297179,-0.039320,-0.242092,-0.258251,-0.058762,-0.243944,-0.293592
2026-05-27 14:42:06.983,16.299992,0.000000,0.000000,0.000000,0.051463,-0.198064,-0.314859,-0.119437,-0.206178,-0.316398,-0.033987,-0.202121,-0.315628,0.000854,-0.215177,-0.297179,-0.039320,-0.242092,-0.258251,-0.058762,-0.243944,-0.293592
2026-05-27 14:42:07.083,16.399992,0.000000,0.000000,0.000000,0.051463,-0.198064,-0.314859,-0.119437,-0.206178,-0.316398,-0.033987,-0.202121,-0.315628,0.000854,-0.215177,-0.297179,-0.039320,-0.242092,-0.258251,-0.058762,-0.243944,-0.293592
2026-05-27 14:42:07.183,16.499991,0.000000,0.000000,0.000000,0.051463,-0.198064,-0.314859,-0.119437,-0.206178,-0.316398,-0.033987,-0.202121,-0.315628,0.000854,-0.215177,-0.297179,-0.039320,-0.242092,-0.258251,-0.058762,-0.243944,-0.293592
2026-05-27 14:42:07.283,16.599992,0.000000,0.000000,0.000000,0.051463,-0.198064,-0.314859,-0.119437,-0.206178,-0.316398,-0.033987,-0.202121,-0.315628,0.000854,-0.215177,-0.297179,-0.039320,-0.242092,-0.258251,-0.058762,-0.243944,-0.293592
2026-05-27 14:42:07.383,16.699991,0.000000,0.000000,0.000000,0.051463,-0.198064,-0.314859,-0.119437,-0.206178,-0.316398,-0.033987,-0.202121,-0.315628,0.000854,-0.215177,-0.297179,-0.039320,-0.242092,-0.258251,-0.058762,-0.243944,-0.293592
2026-05-27 14:42:07.483,16.799992,0.000000,0.000000,0.000000,0.051463,-0.198064,-0.314859,-0.119437,-0.206178,-0.316398,-0.033987,-0.202121,-0.315628,0.000854,-0.215177,-0.297179,-0.039320,-0.242092,-0.258251,-0.058762,-0.243944,-0.293592
2026-05-27 14:42:07.583,16.899992,0.000000,0.000000,0.000000,0.051463,-0.198064,-0.314859,-0.119437,-0.206178,-0.316398,-0.033987,-0.202121,-0.315628,0.000854,-0.215177,-0.297179,-0.039320,-0.242092,-0.258251,-0.058762,-0.243944,-0.293592
2026-05-27 14:42:07.683,16.999991,0.000000,0.000000,0.000000,0.051463,-0.198064,-0.314859,-0.119437,-0.206178,-0.316398,-0.033987,-0.202121,-0.315628,0.000854,-0.215177,-0.297179,-0.039320,-0.242092,-0.258251,-0.058762,-0.243944,-0.293592
2026-05-27 14:42:07.783,17.099992,0.000000,0.000000,0.000000,0.051463,-0.198064,-0.314859,-0.119437,-0.206178,-0.316398,-0.033987,-0.202121,-0.315628,0.000854,-0.215177,-0.297179,-0.039320,-0.242092,-0.258251,-0.058762,-0.243944,-0.293592
2026-05-27 14:42:07.883,17.199991,0.000000,0.000000,0.000000,0.051463,-0.198064,-0.314859,-0.119437,-0.206178,-0.316398,-0.033987,-0.202121,-0.315628,0.000854,-0.215177,-0.297179,-0.039320,-0.242092,-0.258251,-0.058762,-0.243944,-0.293592
2026-05-27 14:42:07.983,17.299992,0.000000,0.000000,0.000000,0.051463,-0.198064,-0.314859,-0.119437,-0.206178,-0.316398,-0.033987,-0.202121,-0.315628,0.000854,-0.215177,-0.297179,-0.039320,-0.242092,-0.258251,-0.058762,-0.243944,-0.293592
2026-05-27 14:42:08.083,17.399992,0.000000,0.000000,0.000000,0.051463,-0.198064,-0.314859,-0.119437,-0.206178,-0.316398,-0.033987,-0.202121,-0.315628,0.000854,-0.215177,-0.297179,-0.039320,-0.242092,-0.258251,-0.058762,-0.243944,-0.293592
2026-05-27 14:42:08.183,17.499991,0.000000,0.000000,0.000000,0.051463,-0.198064,-0.314859,-0.119437,-0.206178,-0.316398,-0.033987,-0.202121,-0.315628,0.000854,-0.215177,-0.297179,-0.039320,-0.242092,-0.258251,-0.058762,-0.243944,-0.293592
2026-05-27 14:42:08.283,17.599992,0.000000,0.000000,0.000000,0.051463,-0.198064,-0.314859,-0.119437,-0.206178,-0.316398,-0.033987,-0.202121,-0.315628,0.000854,-0.215177,-0.297179,-0.039320,-0.242092,-0.258251,-0.058762,-0.243944,-0.293592
2026-05-27 14:42:08.383,17.699991,0.000000,0.000000,0.000000,0.051463,-0.198064,-0.314859,-0.119437,-0.206178,-0.316398,-0.033987,-0.202121,-0.315628,0.000854,-0.215177,-0.297179,-0.039320,-0.242092,-0.258251,-0.058762,-0.243944,-0.293592
2026-05-27 14:42:08.483,17.799992,0.000000,0.000000,0.000000,0.051463,-0.198064,-0.314859,-0.119437,-0.206178,-0.316398,-0.033987,-0.202121,-0.315628,0.000854,-0.215177,-0.297179,-0.039320,-0.242092,-0.258251,-0.058762,-0.243944,-0.293592
2026-05-27 14:42:08.583,17.899992,0.000000,0.000000,0.000000,0.051463,-0.198064,-0.314859,-0.119437,-0.206178,-0.316398,-0.033987,-0.202121,-0.315628,0.000854,-0.215177,-0.297179,-0.039320,-0.242092,-0.258251,-0.058762,-0.243944,-0.293592
2026-05-27 14:42:08.683,17.999991,0.000000,0.000000,0.000000,0.051463,-0.198064,-0.314859,-0.119437,-0.206178,-0.316398,-0.033987,-0.202121,-0.315628,0.000854,-0.215177,-0.297179,-0.039320,-0.242092,-0.258251,-0.058762,-0.243944,-0.293592
2026-05-27 14:42:08.783,18.099992,0.000000,0.000000,0.000000,0.051463,-0.198064,-0.314859,-0.119437,-0.206178,-0.316398,-0.033987,-0.202121,-0.315628,0.000854,-0.215177,-0.297179,-0.039320,-0.242092,-0.258251,-0.058762,-0.243944,-0.293592
2026-05-27 14:42:08.883,18.199991,0.000000,0.000000,0.000000,0.051463,-0.198064,-0.314859,-0.119437,-0.206178,-0.316398,-0.033987,-0.202121,-0.315628,0.000854,-0.215177,-0.297179,-0.039320,-0.242092,-0.258251,-0.058762,-0.243944,-0.293592
2026-05-27 14:42:08.983,18.299992,0.000000,0.000000,0.000000,0.051463,-0.198064,-0.314859,-0.119437,-0.206178,-0.316398,-0.033987,-0.202121,-0.315628,0.000854,-0.215177,-0.297179,-0.039320,-0.242092,-0.258251,-0.058762,-0.243944,-0.293592
2026-05-27 14:42:09.083,18.399992,0.000000,0.000000,0.000000,0.051463,-0.198064,-0.314859,-0.119437,-0.206178,-0.316398,-0.033987,-0.202121,-0.315628,0.000854,-0.215177,-0.297179,-0.039320,-0.242092,-0.258251,-0.058762,-0.243944,-0.293592
2026-05-27 14:42:09.183,18.499991,0.000000,0.000000,0.000000,0.051463,-0.198064,-0.314859,-0.119437,-0.206178,-0.316398,-0.033987,-0.202121,-0.315628,0.000854,-0.215177,-0.297179,-0.039320,-0.242092,-0.258251,-0.058762,-0.243944,-0.293592
2026-05-27 14:42:09.283,18.599992,0.000000,0.000000,0.000000,0.051463,-0.198064,-0.314859,-0.119437,-0.206178,-0.316398,-0.033987,-0.202121,-0.315628,0.000854,-0.215177,-0.297179,-0.039320,-0.242092,-0.258251,-0.058762,-0.243944,-0.293592
2026-05-27 14:42:09.383,18.699991,0.000000,0.000000,0.000000,0.051463,-0.198064,-0.314859,-0.119437,-0.206178,-0.316398,-0.033987,-0.202121,-0.315628,0.000854,-0.215177,-0.297179,-0.039320,-0.242092,-0.258251,-0.058762,-0.243944,-0.293592
2026-05-27 14:42:09.483,18.799992,0.000000,0.000000,0.000000,0.051463,-0.198064,-0.314859,-0.119437,-0.206178,-0.316398,-0.033987,-0.202121,-0.315628,0.000854,-0.215177,-0.297179,-0.039320,-0.242092,-0.258251,-0.058762,-0.243944,-0.293592
2026-05-27 14:42:09.583,18.899992,0.000000,0.000000,0.000000,0.051463,-0.198064,-0.314859,-0.119437,-0.206178,-0.316398,-0.033987,-0.202121,-0.315628,0.000854,-0.215177,-0.297179,-0.039320,-0.242092,-0.258251,-0.058762,-0.243944,-0.293592
2026-05-27 14:42:09.683,18.999991,0.000000,0.000000,0.000000,0.051463,-0.198064,-0.314859,-0.119437,-0.206178,-0.316398,-0.033987,-0.202121,-0.315628,0.000854,-0.215177,-0.297179,-0.039320,-0.242092,-0.258251,-0.058762,-0.243944,-0.293592
2026-05-27 14:42:09.783,19.099992,0.000000,0.000000,0.000000,0.051463,-0.198064,-0.314859,-0.119437,-0.206178,-0.316398,-0.033987,-0.202121,-0.315628,0.000854,-0.215177,-0.297179,-0.039320,-0.242092,-0.258251,-0.058762,-0.243944,-0.293592
2026-05-27 14:42:09.883,19.199991,0.000000,0.000000,0.000000,0.051463,-0.198064,-0.314859,-0.119437,-0.206178,-0.316398,-0.033987,-0.202121,-0.315628,0.000854,-0.215177,-0.297179,-0.039320,-0.242092,-0.258251,-0.058762,-0.243944,-0.293592
2026-05-27 14:42:09.983,19.299992,0.000000,0.000000,0.000000,0.051463,-0.198064,-0.314859,-0.119437,-0.206178,-0.316398,-0.033987,-0.202121,-0.315628,0.000854,-0.215177,-0.297179,-0.039320,-0.242092,-0.258251,-0.058762,-0.243944,-0.293592
2026-05-27 14:42:10.083,19.399992,0.000000,0.000000,0.000000,0.051463,-0.198064,-0.314859,-0.119437,-0.206178,-0.316398,-0.033987,-0.202121,-0.315628,0.000854,-0.215177,-0.297179,-0.039320,-0.242092,-0.258251,-0.058762,-0.243944,-0.293592
2026-05-27 14:42:10.183,19.499991,0.000000,0.000000,0.000000,0.051463,-0.198064,-0.314859,-0.119437,-0.206178,-0.316398,-0.033987,-0.202121,-0.315628,0.000854,-0.215177,-0.297179,-0.039320,-0.242092,-0.258251,-0.058762,-0.243944,-0.293592
2026-05-27 14:42:10.283,19.599992,0.000000,0.000000,0.000000,0.051463,-0.198064,-0.314859,-0.119437,-0.206178,-0.316398,-0.033987,-0.202121,-0.315628,0.000854,-0.215177,-0.297179,-0.039320,-0.242092,-0.258251,-0.058762,-0.243944,-0.293592
2026-05-27 14:42:10.383,19.699991,0.000000,0.000000,0.000000,0.051463,-0.198064,-0.314859,-0.119437,-0.206178,-0.316398,-0.033987,-0.202121,-0.315628,0.000854,-0.215177,-0.297179,-0.039320,-0.242092,-0.258251,-0.058762,-0.243944,-0.293592
2026-05-27 14:42:10.483,19.799992,0.000000,0.000000,0.000000,0.051463,-0.198064,-0.314859,-0.119437,-0.206178,-0.316398,-0.033987,-0.202121,-0.315628,0.000854,-0.215177,-0.297179,-0.039320,-0.242092,-0.258251,-0.058762,-0.243944,-0.293592
2026-05-27 14:42:10.583,19.899992,0.000000,0.000000,0.000000,0.051463,-0.198064,-0.314859,-0.119437,-0.206178,-0.316398,-0.033987,-0.202121,-0.315628,0.000854,-0.215177,-0.297179,-0.039320,-0.242092,-0.258251,-0.058762,-0.243944,-0.293592
2026-05-27 14:42:10.683,19.999991,0.000000,0.000000,0.000000,0.051463,-0.198064,-0.314859,-0.119437,-0.206178,-0.316398,-0.033987,-0.202121,-0.315628,0.000854,-0.215177,-0.297179,-0.039320,-0.242092,-0.258251,-0.058762,-0.243944,-0.293592
2026-05-27 14:42:10.783,20.099992,0.000000,0.000000,0.000000,0.051463,-0.198064,-0.314859,-0.119437,-0.206178,-0.316398,-0.033987,-0.202121,-0.315628,0.000854,-0.215177,-0.297179,-0.039320,-0.242092,-0.258251,-0.058762,-0.243944,-0.293592
2026-05-27 14:42:10.883,20.199991,0.000000,0.000000,0.000000,0.051463,-0.198064,-0.314859,-0.119437,-0.206178,-0.316398,-0.033987,-0.202121,-0.315628,0.000854,-0.215177,-0.297179,-0.039320,-0.242092,-0.258251,-0.058762,-0.243944,-0.293592
2026-05-27 14:42:10.983,20.299992,0.000000,0.000000,0.000000,0.051463,-0.198064,-0.314859,-0.119437,-0.206178,-0.316398,-0.033987,-0.202121,-0.315628,0.000854,-0.215177,-0.297179,-0.039320,-0.242092,-0.258251,-0.058762,-0.243944,-0.293592
2026-05-27 14:42:11.083,20.399992,0.000000,0.000000,0.000000,0.051463,-0.198064,-0.314859,-0.119437,-0.206178,-0.316398,-0.033987,-0.202121,-0.315628,0.000854,-0.215177,-0.297179,-0.039320,-0.242092,-0.258251,-0.058762,-0.243944,-0.293592
2026-05-27 14:42:11.183,20.499991,0.000000,0.000000,0.000000,0.051463,-0.198064,-0.314859,-0.119437,-0.206178,-0.316398,-0.033987,-0.202121,-0.315628,0.000854,-0.215177,-0.297179,-0.039320,-0.242092,-0.258251,-0.058762,-0.243944,-0.293592
2026-05-27 14:42:11.283,20.599992,0.000000,0.000000,0.000000,0.051463,-0.198064,-0.314859,-0.119437,-0.206178,-0.316398,-0.033987,-0.202121,-0.315628,0.000854,-0.215177,-0.297179,-0.039320,-0.242092,-0.258251,-0.058762,-0.243944,-0.293592
2026-05-27 14:42:11.383,20.699991,0.000000,0.000000,0.000000,0.051463,-0.198064,-0.314859,-0.119437,-0.206178,-0.316398,-0.033987,-0.202121,-0.315628,0.000854,-0.215177,-0.297179,-0.039320,-0.242092,-0.258251,-0.058762,-0.243944,-0.293592
2026-05-27 14:42:11.483,20.799992,0.000000,0.000000,0.000000,0.051463,-0.198064,-0.314859,-0.119437,-0.206178,-0.316398,-0.033987,-0.202121,-0.315628,0.000854,-0.215177,-0.297179,-0.039320,-0.242092,-0.258251,-0.058762,-0.243944,-0.293592
2026-05-27 14:42:11.583,20.899992,0.000000,0.000000,0.000000,0.051463,-0.198064,-0.314859,-0.119437,-0.206178,-0.316398,-0.033987,-0.202121,-0.315628,0.000854,-0.215177,-0.297179,-0.039320,-0.242092,-0.258251,-0.058762,-0.243944,-0.293592
2026-05-27 14:42:11.683,20.999991,0.000000,0.000000,0.000000,0.051463,-0.198064,-0.314859,-0.119437,-0.206178,-0.316398,-0.033987,-0.202121,-0.315628,0.000854,-0.215177,-0.297179,-0.039320,-0.242092,-0.258251,-0.058762,-0.243944,-0.293592
2026-05-27 14:42:11.783,21.099992,0.000000,0.000000,0.000000,0.051463,-0.198064,-0.314859,-0.119437,-0.206178,-0.316398,-0.033987,-0.202121,-0.315628,0.000854,-0.215177,-0.297179,-0.039320,-0.242092,-0.258251,-0.058762,-0.243944,-0.293592
2026-05-27 14:42:11.883,21.199991,0.000000,0.000000,0.000000,0.051463,-0.198064,-0.314859,-0.119437,-0.206178,-0.316398,-0.033987,-0.202121,-0.315628,0.000854,-0.215177,-0.297179,-0.039320,-0.242092,-0.258251,-0.058762,-0.243944,-0.293592
2026-05-27 14:42:11.983,21.299992,0.000000,0.000000,0.000000,0.051463,-0.198064,-0.314859,-0.119437,-0.206178,-0.316398,-0.033987,-0.202121,-0.315628,0.000854,-0.215177,-0.297179,-0.039320,-0.242092,-0.258251,-0.058762,-0.243944,-0.293592
2026-05-27 14:42:12.083,21.399992,0.000000,0.000000,0.000000,0.051463,-0.198064,-0.314859,-0.119437,-0.206178,-0.316398,-0.033987,-0.202121,-0.315628,0.000854,-0.215177,-0.297179,-0.039320,-0.242092,-0.258251,-0.058762,-0.243944,-0.293592
2026-05-27 14:42:12.183,21.499991,0.000000,0.000000,0.000000,0.051463,-0.198064,-0.314859,-0.119437,-0.206178,-0.316398,-0.033987,-0.202121,-0.315628,0.000854,-0.215177,-0.297179,-0.039320,-0.242092,-0.258251,-0.058762,-0.243944,-0.293592
2026-05-27 14:42:12.283,21.599992,0.000000,0.000000,0.000000,0.051463,-0.198064,-0.314859,-0.119437,-0.206178,-0.316398,-0.033987,-0.202121,-0.315628,0.000854,-0.215177,-0.297179,-0.039320,-0.242092,-0.258251,-0.058762,-0.243944,-0.293592
2026-05-27 14:42:12.383,21.699991,0.000000,0.000000,0.000000,0.051463,-0.198064,-0.314859,-0.119437,-0.206178,-0.316398,-0.033987,-0.202121,-0.315628,0.000854,-0.215177,-0.297179,-0.039320,-0.242092,-0.258251,-0.058762,-0.243944,-0.293592
2026-05-27 14:42:12.483,21.799992,0.000000,0.000000,0.000000,0.051463,-0.198064,-0.314859,-0.119437,-0.206178,-0.316398,-0.033987,-0.202121,-0.315628,0.000854,-0.215177,-0.297179,-0.039320,-0.242092,-0.258251,-0.058762,-0.243944,-0.293592
2026-05-27 14:42:12.583,21.899992,0.000000,0.000000,0.000000,0.051463,-0.198064,-0.314859,-0.119437,-0.206178,-0.316398,-0.033987,-0.202121,-0.315628,0.000854,-0.215177,-0.297179,-0.039320,-0.242092,-0.258251,-0.058762,-0.243944,-0.293592
2026-05-27 14:42:12.683,21.999991,0.000000,0.000000,0.000000,0.051463,-0.198064,-0.314859,-0.119437,-0.206178,-0.316398,-0.033987,-0.202121,-0.315628,0.000854,-0.215177,-0.297179,-0.039320,-0.242092,-0.258251,-0.058762,-0.243944,-0.293592
2026-05-27 14:42:12.783,22.099992,0.000000,0.000000,0.000000,0.051463,-0.198064,-0.314859,-0.119437,-0.206178,-0.316398,-0.033987,-0.202121,-0.315628,0.000854,-0.215177,-0.297179,-0.039320,-0.242092,-0.258251,-0.058762,-0.243944,-0.293592
2026-05-27 14:42:12.883,22.199991,0.000000,0.000000,0.000000,0.051463,-0.198064,-0.314859,-0.119437,-0.206178,-0.316398,-0.033987,-0.202121,-0.315628,0.000854,-0.215177,-0.297179,-0.039320,-0.242092,-0.258251,-0.058762,-0.243944,-0.293592
2026-05-27 14:42:12.983,22.299992,0.000000,0.000000,0.000000,0.051463,-0.198064,-0.314859,-0.119437,-0.206178,-0.316398,-0.033987,-0.202121,-0.315628,0.000854,-0.215177,-0.297179,-0.039320,-0.242092,-0.258251,-0.058762,-0.243944,-0.293592
2026-05-27 14:42:13.083,22.399992,0.000000,0.000000,0.000000,0.051463,-0.198064,-0.314859,-0.119437,-0.206178,-0.316398,-0.033987,-0.202121,-0.315628,0.000854,-0.215177,-0.297179,-0.039320,-0.242092,-0.258251,-0.058762,-0.243944,-0.293592
2026-05-27 14:42:13.183,22.499991,0.000000,0.000000,0.000000,0.051463,-0.198064,-0.314859,-0.119437,-0.206178,-0.316398,-0.033987,-0.202121,-0.315628,0.000854,-0.215177,-0.297179,-0.039320,-0.242092,-0.258251,-0.058762,-0.243944,-0.293592
2026-05-27 14:42:13.283,22.599992,0.000000,0.000000,0.000000,0.051463,-0.198064,-0.314859,-0.119437,-0.206178,-0.316398,-0.033987,-0.202121,-0.315628,0.000854,-0.215177,-0.297179,-0.039320,-0.242092,-0.258251,-0.058762,-0.243944,-0.293592
2026-05-27 14:42:13.383,22.699991,0.000000,0.000000,0.000000,0.051463,-0.198064,-0.314859,-0.119437,-0.206178,-0.316398,-0.033987,-0.202121,-0.315628,0.000854,-0.215177,-0.297179,-0.039320,-0.242092,-0.258251,-0.058762,-0.243944,-0.293592
2026-05-27 14:42:13.483,22.799992,0.000000,0.000000,0.000000,0.051463,-0.198064,-0.314859,-0.119437,-0.206178,-0.316398,-0.033987,-0.202121,-0.315628,0.000854,-0.215177,-0.297179,-0.039320,-0.242092,-0.258251,-0.058762,-0.243944,-0.293592
2026-05-27 14:42:13.583,22.899992,0.000000,0.000000,0.000000,0.051463,-0.198064,-0.314859,-0.119437,-0.206178,-0.316398,-0.033987,-0.202121,-0.315628,0.000854,-0.215177,-0.297179,-0.039320,-0.242092,-0.258251,-0.058762,-0.243944,-0.293592
2026-05-27 14:42:13.683,22.999991,0.000000,0.000000,0.000000,0.051463,-0.198064,-0.314859,-0.119437,-0.206178,-0.316398,-0.033987,-0.202121,-0.315628,0.000854,-0.215177,-0.297179,-0.039320,-0.242092,-0.258251,-0.058762,-0.243944,-0.293592
2026-05-27 14:42:13.783,23.099992,0.000000,0.000000,0.000000,0.051463,-0.198064,-0.314859,-0.119437,-0.206178,-0.316398,-0.033987,-0.202121,-0.315628,0.000854,-0.215177,-0.297179,-0.039320,-0.242092,-0.258251,-0.058762,-0.243944,-0.293592
2026-05-27 14:42:13.883,23.199991,0.000000,0.000000,0.000000,0.051463,-0.198064,-0.314859,-0.119437,-0.206178,-0.316398,-0.033987,-0.202121,-0.315628,0.000854,-0.215177,-0.297179,-0.039320,-0.242092,-0.258251,-0.058762,-0.243944,-0.293592
2026-05-27 14:42:13.983,23.299992,0.000000,0.000000,0.000000,0.051463,-0.198064,-0.314859,-0.119437,-0.206178,-0.316398,-0.033987,-0.202121,-0.315628,0.000854,-0.215177,-0.297179,-0.039320,-0.242092,-0.258251,-0.058762,-0.243944,-0.293592
2026-05-27 14:42:14.083,23.399992,0.000000,0.000000,0.000000,0.051463,-0.198064,-0.314859,-0.119437,-0.206178,-0.316398,-0.033987,-0.202121,-0.315628,0.000854,-0.215177,-0.297179,-0.039320,-0.242092,-0.258251,-0.058762,-0.243944,-0.293592
2026-05-27 14:42:14.183,23.499991,0.000000,0.000000,0.000000,0.051463,-0.198064,-0.314859,-0.119437,-0.206178,-0.316398,-0.033987,-0.202121,-0.315628,0.000854,-0.215177,-0.297179,-0.039320,-0.242092,-0.258251,-0.058762,-0.243944,-0.293592
2026-05-27 14:42:14.283,23.599992,0.000000,0.000000,0.000000,0.051463,-0.198064,-0.314859,-0.119437,-0.206178,-0.316398,-0.033987,-0.202121,-0.315628,0.000854,-0.215177,-0.297179,-0.039320,-0.242092,-0.258251,-0.058762,-0.243944,-0.293592
2026-05-27 14:42:14.383,23.699991,0.000000,0.000000,0.000000,0.051463,-0.198064,-0.314859,-0.119437,-0.206178,-0.316398,-0.033987,-0.202121,-0.315628,0.000854,-0.215177,-0.297179,-0.039320,-0.242092,-0.258251,-0.058762,-0.243944,-0.293592
2026-05-27 14:42:14.483,23.799992,0.000000,0.000000,0.000000,0.051463,-0.198064,-0.314859,-0.119437,-0.206178,-0.316398,-0.033987,-0.202121,-0.315628,0.000854,-0.215177,-0.297179,-0.039320,-0.242092,-0.258251,-0.058762,-0.243944,-0.293592
2026-05-27 14:42:14.583,23.899992,0.000000,0.000000,0.000000,0.051463,-0.198064,-0.314859,-0.119437,-0.206178,-0.316398,-0.033987,-0.202121,-0.315628,0.000854,-0.215177,-0.297179,-0.039320,-0.242092,-0.258251,-0.058762,-0.243944,-0.293592
2026-05-27 14:42:14.683,23.999991,0.000000,0.000000,0.000000,0.051463,-0.198064,-0.314859,-0.119437,-0.206178,-0.316398,-0.033987,-0.202121,-0.315628,0.000854,-0.215177,-0.297179,-0.039320,-0.242092,-0.258251,-0.058762,-0.243944,-0.293592
2026-05-27 14:42:14.783,24.099992,0.000000,0.000000,0.000000,0.051463,-0.198064,-0.314859,-0.119437,-0.206178,-0.316398,-0.033987,-0.202121,-0.315628,0.000854,-0.215177,-0.297179,-0.039320,-0.242092,-0.258251,-0.058762,-0.243944,-0.293592
2026-05-27 14:42:14.883,24.199991,0.000000,0.000000,0.000000,0.051463,-0.198064,-0.314859,-0.119437,-0.206178,-0.316398,-0.033987,-0.202121,-0.315628,0.000854,-0.215177,-0.297179,-0.039320,-0.242092,-0.258251,-0.058762,-0.243944,-0.293592
2026-05-27 14:42:14.983,24.299992,0.000000,0.000000,0.000000,0.051463,-0.198064,-0.314859,-0.119437,-0.206178,-0.316398,-0.033987,-0.202121,-0.315628,0.000854,-0.215177,-0.297179,-0.039320,-0.242092,-0.258251,-0.058762,-0.243944,-0.293592
2026-05-27 14:42:15.083,24.399992,0.000000,0.000000,0.000000,0.051463,-0.198064,-0.314859,-0.119437,-0.206178,-0.316398,-0.033987,-0.202121,-0.315628,0.000854,-0.215177,-0.297179,-0.039320,-0.242092,-0.258251,-0.058762,-0.243944,-0.293592
2026-05-27 14:42:15.183,24.499991,0.000000,0.000000,0.000000,0.051463,-0.198064,-0.314859,-0.119437,-0.206178,-0.316398,-0.033987,-0.202121,-0.315628,0.000854,-0.215177,-0.297179,-0.039320,-0.242092,-0.258251,-0.058762,-0.243944,-0.293592
2026-05-27 14:42:15.283,24.599992,0.000000,0.000000,0.000000,0.051463,-0.198064,-0.314859,-0.119437,-0.206178,-0.316398,-0.033987,-0.202121,-0.315628,0.000854,-0.215177,-0.297179,-0.039320,-0.242092,-0.258251,-0.058762,-0.243944,-0.293592
2026-05-27 14:42:15.383,24.699991,0.000000,0.000000,0.000000,0.051463,-0.198064,-0.314859,-0.119437,-0.206178,-0.316398,-0.033987,-0.202121,-0.315628,0.000854,-0.215177,-0.297179,-0.039320,-0.242092,-0.258251,-0.058762,-0.243944,-0.293592
2026-05-27 14:42:15.483,24.799992,0.000000,0.000000,0.000000,0.051463,-0.198064,-0.314859,-0.119437,-0.206178,-0.316398,-0.033987,-0.202121,-0.315628,0.000854,-0.215177,-0.297179,-0.039320,-0.242092,-0.258251,-0.058762,-0.243944,-0.293592
2026-05-27 14:42:15.583,24.899992,0.000000,0.000000,0.000000,0.051463,-0.198064,-0.314859,-0.119437,-0.206178,-0.316398,-0.033987,-0.202121,-0.315628,0.000854,-0.215177,-0.297179,-0.039320,-0.242092,-0.258251,-0.058762,-0.243944,-0.293592
2026-05-27 14:42:15.683,24.999991,0.000000,0.000000,0.000000,0.051463,-0.198064,-0.314859,-0.119437,-0.206178,-0.316398,-0.033987,-0.202121,-0.315628,0.000854,-0.215177,-0.297179,-0.039320,-0.242092,-0.258251,-0.058762,-0.243944,-0.293592
2026-05-27 14:42:15.783,25.099992,0.000000,0.000000,0.000000,0.051463,-0.198064,-0.314859,-0.119437,-0.206178,-0.316398,-0.033987,-0.202121,-0.315628,0.000854,-0.215177,-0.297179,-0.039320,-0.242092,-0.258251,-0.058762,-0.243944,-0.293592
2026-05-27 14:42:15.883,25.199991,0.000000,0.000000,0.000000,0.051463,-0.198064,-0.314859,-0.119437,-0.206178,-0.316398,-0.033987,-0.202121,-0.315628,0.000854,-0.215177,-0.297179,-0.039320,-0.242092,-0.258251,-0.058762,-0.243944,-0.293592
2026-05-27 14:42:15.983,25.299992,0.000000,0.000000,0.000000,0.051463,-0.198064,-0.314859,-0.119437,-0.206178,-0.316398,-0.033987,-0.202121,-0.315628,0.000854,-0.215177,-0.297179,-0.039320,-0.242092,-0.258251,-0.058762,-0.243944,-0.293592
2026-05-27 14:42:16.083,25.399992,0.000000,0.000000,0.000000,0.051463,-0.198064,-0.314859,-0.119437,-0.206178,-0.316398,-0.033987,-0.202121,-0.315628,0.000854,-0.215177,-0.297179,-0.039320,-0.242092,-0.258251,-0.058762,-0.243944,-0.293592
2026-05-27 14:42:16.183,25.499991,0.000000,0.000000,0.000000,0.051463,-0.198064,-0.314859,-0.119437,-0.206178,-0.316398,-0.033987,-0.202121,-0.315628,0.000854,-0.215177,-0.297179,-0.039320,-0.242092,-0.258251,-0.058762,-0.243944,-0.293592
2026-05-27 14:42:16.283,25.599992,0.000000,0.000000,0.000000,0.051463,-0.198064,-0.314859,-0.119437,-0.206178,-0.316398,-0.033987,-0.202121,-0.315628,0.000854,-0.215177,-0.297179,-0.039320,-0.242092,-0.258251,-0.058762,-0.243944,-0.293592
2026-05-27 14:42:16.383,25.699991,0.000000,0.000000,0.000000,0.051463,-0.198064,-0.314859,-0.119437,-0.206178,-0.316398,-0.033987,-0.202121,-0.315628,0.000854,-0.215177,-0.297179,-0.039320,-0.242092,-0.258251,-0.058762,-0.243944,-0.293592
2026-05-27 14:42:16.483,25.799992,0.000000,0.000000,0.000000,0.051463,-0.198064,-0.314859,-0.119437,-0.206178,-0.316398,-0.033987,-0.202121,-0.315628,0.000854,-0.215177,-0.297179,-0.039320,-0.242092,-0.258251,-0.058762,-0.243944,-0.293592
2026-05-27 14:42:16.583,25.899992,0.000000,0.000000,0.000000,0.051463,-0.198064,-0.314859,-0.119437,-0.206178,-0.316398,-0.033987,-0.202121,-0.315628,0.000854,-0.215177,-0.297179,-0.039320,-0.242092,-0.258251,-0.058762,-0.243944,-0.293592
2026-05-27 14:42:16.683,25.999991,0.000000,0.000000,0.000000,0.051463,-0.198064,-0.314859,-0.119437,-0.206178,-0.316398,-0.033987,-0.202121,-0.315628,0.000854,-0.215177,-0.297179,-0.039320,-0.242092,-0.258251,-0.058762,-0.243944,-0.293592
2026-05-27 14:42:16.783,26.099992,0.000000,0.000000,0.000000,0.051463,-0.198064,-0.314859,-0.119437,-0.206178,-0.316398,-0.033987,-0.202121,-0.315628,0.000854,-0.215177,-0.297179,-0.039320,-0.242092,-0.258251,-0.058762,-0.243944,-0.293592
2026-05-27 14:42:16.883,26.199991,0.000000,0.000000,0.000000,0.051463,-0.198064,-0.314859,-0.119437,-0.206178,-0.316398,-0.033987,-0.202121,-0.315628,0.000854,-0.215177,-0.297179,-0.039320,-0.242092,-0.258251,-0.058762,-0.243944,-0.293592
2026-05-27 14:42:16.983,26.299992,0.000000,0.000000,0.000000,0.051463,-0.198064,-0.314859,-0.119437,-0.206178,-0.316398,-0.033987,-0.202121,-0.315628,0.000854,-0.215177,-0.297179,-0.039320,-0.242092,-0.258251,-0.058762,-0.243944,-0.293592
2026-05-27 14:42:17.083,26.399992,0.000000,0.000000,0.000000,0.051463,-0.198064,-0.314859,-0.119437,-0.206178,-0.316398,-0.033987,-0.202121,-0.315628,0.000854,-0.215177,-0.297179,-0.039320,-0.242092,-0.258251,-0.058762,-0.243944,-0.293592
2026-05-27 14:42:17.183,26.499991,0.000000,0.000000,0.000000,0.051463,-0.198064,-0.314859,-0.119437,-0.206178,-0.316398,-0.033987,-0.202121,-0.315628,0.000854,-0.215177,-0.297179,-0.039320,-0.242092,-0.258251,-0.058762,-0.243944,-0.293592
2026-05-27 14:42:17.283,26.599992,0.000000,0.000000,0.000000,0.051463,-0.198064,-0.314859,-0.119437,-0.206178,-0.316398,-0.033987,-0.202121,-0.315628,0.000854,-0.215177,-0.297179,-0.039320,-0.242092,-0.258251,-0.058762,-0.243944,-0.293592
2026-05-27 14:42:17.383,26.699991,0.000000,0.000000,0.000000,0.051463,-0.198064,-0.314859,-0.119437,-0.206178,-0.316398,-0.033987,-0.202121,-0.315628,0.000854,-0.215177,-0.297179,-0.039320,-0.242092,-0.258251,-0.058762,-0.243944,-0.293592
2026-05-27 14:42:17.483,26.799992,0.000000,0.000000,0.000000,0.051463,-0.198064,-0.314859,-0.119437,-0.206178,-0.316398,-0.033987,-0.202121,-0.315628,0.000854,-0.215177,-0.297179,-0.039320,-0.242092,-0.258251,-0.058762,-0.243944,-0.293592
2026-05-27 14:42:17.583,26.899992,0.000000,0.000000,0.000000,0.051463,-0.198064,-0.314859,-0.119437,-0.206178,-0.316398,-0.033987,-0.202121,-0.315628,0.000854,-0.215177,-0.297179,-0.039320,-0.242092,-0.258251,-0.058762,-0.243944,-0.293592
2026-05-27 14:42:17.683,26.999991,0.000000,0.000000,0.000000,0.051463,-0.198064,-0.314859,-0.119437,-0.206178,-0.316398,-0.033987,-0.202121,-0.315628,0.000854,-0.215177,-0.297179,-0.039320,-0.242092,-0.258251,-0.058762,-0.243944,-0.293592
2026-05-27 14:42:17.783,27.099992,0.000000,0.000000,0.000000,0.051463,-0.198064,-0.314859,-0.119437,-0.206178,-0.316398,-0.033987,-0.202121,-0.315628,0.000854,-0.215177,-0.297179,-0.039320,-0.242092,-0.258251,-0.058762,-0.243944,-0.293592
2026-05-27 14:42:17.883,27.199991,0.000000,0.000000,0.000000,0.051463,-0.198064,-0.314859,-0.119437,-0.206178,-0.316398,-0.033987,-0.202121,-0.315628,0.000854,-0.215177,-0.297179,-0.039320,-0.242092,-0.258251,-0.058762,-0.243944,-0.293592
2026-05-27 14:42:17.983,27.299992,0.000000,0.000000,0.000000,0.051463,-0.198064,-0.314859,-0.119437,-0.206178,-0.316398,-0.033987,-0.202121,-0.315628,0.000854,-0.215177,-0.297179,-0.039320,-0.242092,-0.258251,-0.058762,-0.243944,-0.293592
2026-05-27 14:42:18.083,27.399992,0.000000,0.000000,0.000000,0.051463,-0.198064,-0.314859,-0.119437,-0.206178,-0.316398,-0.033987,-0.202121,-0.315628,0.000854,-0.215177,-0.297179,-0.039320,-0.242092,-0.258251,-0.058762,-0.243944,-0.293592
2026-05-27 14:42:18.183,27.499991,0.000000,0.000000,0.000000,0.051463,-0.198064,-0.314859,-0.119437,-0.206178,-0.316398,-0.033987,-0.202121,-0.315628,0.000854,-0.215177,-0.297179,-0.039320,-0.242092,-0.258251,-0.058762,-0.243944,-0.293592
2026-05-27 14:42:18.283,27.599992,0.000000,0.000000,0.000000,0.051463,-0.198064,-0.314859,-0.119437,-0.206178,-0.316398,-0.033987,-0.202121,-0.315628,0.000854,-0.215177,-0.297179,-0.039320,-0.242092,-0.258251,-0.058762,-0.243944,-0.293592
2026-05-27 14:42:18.383,27.699991,0.000000,0.000000,0.000000,0.051463,-0.198064,-0.314859,-0.119437,-0.206178,-0.316398,-0.033987,-0.202121,-0.315628,0.000854,-0.215177,-0.297179,-0.039320,-0.242092,-0.258251,-0.058762,-0.243944,-0.293592
2026-05-27 14:42:18.483,27.799992,0.000000,0.000000,0.000000,0.051463,-0.198064,-0.314859,-0.119437,-0.206178,-0.316398,-0.033987,-0.202121,-0.315628,0.000854,-0.215177,-0.297179,-0.039320,-0.242092,-0.258251,-0.058762,-0.243944,-0.293592
2026-05-27 14:42:18.583,27.899992,0.000000,0.000000,0.000000,0.051463,-0.198064,-0.314859,-0.119437,-0.206178,-0.316398,-0.033987,-0.202121,-0.315628,0.000854,-0.215177,-0.297179,-0.039320,-0.242092,-0.258251,-0.058762,-0.243944,-0.293592
2026-05-27 14:42:18.683,27.999991,0.000000,0.000000,0.000000,0.051463,-0.198064,-0.314859,-0.119437,-0.206178,-0.316398,-0.033987,-0.202121,-0.315628,0.000854,-0.215177,-0.297179,-0.039320,-0.242092,-0.258251,-0.058762,-0.243944,-0.293592
2026-05-27 14:42:18.783,28.099992,0.000000,0.000000,0.000000,0.051463,-0.198064,-0.314859,-0.119437,-0.206178,-0.316398,-0.033987,-0.202121,-0.315628,0.000854,-0.215177,-0.297179,-0.039320,-0.242092,-0.258251,-0.058762,-0.243944,-0.293592
2026-05-27 14:42:18.883,28.199991,0.000000,0.000000,0.000000,0.051463,-0.198064,-0.314859,-0.119437,-0.206178,-0.316398,-0.033987,-0.202121,-0.315628,0.000854,-0.215177,-0.297179,-0.039320,-0.242092,-0.258251,-0.058762,-0.243944,-0.293592
2026-05-27 14:42:18.983,28.299992,0.000000,0.000000,0.000000,0.051463,-0.198064,-0.314859,-0.119437,-0.206178,-0.316398,-0.033987,-0.202121,-0.315628,0.000854,-0.215177,-0.297179,-0.039320,-0.242092,-0.258251,-0.058762,-0.243944,-0.293592
2026-05-27 14:42:19.083,28.399992,0.000000,0.000000,0.000000,0.051463,-0.198064,-0.314859,-0.119437,-0.206178,-0.316398,-0.033987,-0.202121,-0.315628,0.000854,-0.215177,-0.297179,-0.039320,-0.242092,-0.258251,-0.058762,-0.243944,-0.293592
2026-05-27 14:42:19.183,28.499991,0.000000,0.000000,0.000000,0.051463,-0.198064,-0.314859,-0.119437,-0.206178,-0.316398,-0.033987,-0.202121,-0.315628,0.000854,-0.215177,-0.297179,-0.039320,-0.242092,-0.258251,-0.058762,-0.243944,-0.293592
2026-05-27 14:42:19.283,28.599992,0.000000,0.000000,0.000000,0.051463,-0.198064,-0.314859,-0.119437,-0.206178,-0.316398,-0.033987,-0.202121,-0.315628,0.000854,-0.215177,-0.297179,-0.039320,-0.242092,-0.258251,-0.058762,-0.243944,-0.293592
2026-05-27 14:42:19.383,28.699991,0.000000,0.000000,0.000000,0.051463,-0.198064,-0.314859,-0.119437,-0.206178,-0.316398,-0.033987,-0.202121,-0.315628,0.000854,-0.215177,-0.297179,-0.039320,-0.242092,-0.258251,-0.058762,-0.243944,-0.293592
2026-05-27 14:42:19.483,28.799992,0.000000,0.000000,0.000000,0.051463,-0.198064,-0.314859,-0.119437,-0.206178,-0.316398,-0.033987,-0.202121,-0.315628,0.000854,-0.215177,-0.297179,-0.039320,-0.242092,-0.258251,-0.058762,-0.243944,-0.293592
2026-05-27 14:42:19.583,28.899992,0.000000,0.000000,0.000000,0.051463,-0.198064,-0.314859,-0.119437,-0.206178,-0.316398,-0.033987,-0.202121,-0.315628,0.000854,-0.215177,-0.297179,-0.039320,-0.242092,-0.258251,-0.058762,-0.243944,-0.293592
2026-05-27 14:42:19.683,28.999991,0.000000,0.000000,0.000000,0.051463,-0.198064,-0.314859,-0.119437,-0.206178,-0.316398,-0.033987,-0.202121,-0.315628,0.000854,-0.215177,-0.297179,-0.039320,-0.242092,-0.258251,-0.058762,-0.243944,-0.293592
2026-05-27 14:42:19.783,29.099992,0.000000,0.000000,0.000000,0.051463,-0.198064,-0.314859,-0.119437,-0.206178,-0.316398,-0.033987,-0.202121,-0.315628,0.000854,-0.215177,-0.297179,-0.039320,-0.242092,-0.258251,-0.058762,-0.243944,-0.293592
2026-05-27 14:42:19.883,29.199991,0.000000,0.000000,0.000000,0.051463,-0.198064,-0.314859,-0.119437,-0.206178,-0.316398,-0.033987,-0.202121,-0.315628,0.000854,-0.215177,-0.297179,-0.039320,-0.242092,-0.258251,-0.058762,-0.243944,-0.293592
2026-05-27 14:42:19.983,29.299992,0.000000,0.000000,0.000000,0.051463,-0.198064,-0.314859,-0.119437,-0.206178,-0.316398,-0.033987,-0.202121,-0.315628,0.000854,-0.215177,-0.297179,-0.039320,-0.242092,-0.258251,-0.058762,-0.243944,-0.293592
2026-05-27 14:42:20.083,29.399992,0.000000,0.000000,0.000000,0.051463,-0.198064,-0.314859,-0.119437,-0.206178,-0.316398,-0.033987,-0.202121,-0.315628,0.000854,-0.215177,-0.297179,-0.039320,-0.242092,-0.258251,-0.058762,-0.243944,-0.293592
2026-05-27 14:42:20.183,29.499991,0.000000,0.000000,0.000000,0.051463,-0.198064,-0.314859,-0.119437,-0.206178,-0.316398,-0.033987,-0.202121,-0.315628,0.000854,-0.215177,-0.297179,-0.039320,-0.242092,-0.258251,-0.058762,-0.243944,-0.293592
2026-05-27 14:42:20.283,29.599992,0.000000,0.000000,0.000000,0.051463,-0.198064,-0.314859,-0.119437,-0.206178,-0.316398,-0.033987,-0.202121,-0.315628,0.000854,-0.215177,-0.297179,-0.039320,-0.242092,-0.258251,-0.058762,-0.243944,-0.293592
2026-05-27 14:42:20.383,29.699991,0.000000,0.000000,0.000000,0.051463,-0.198064,-0.314859,-0.119437,-0.206178,-0.316398,-0.033987,-0.202121,-0.315628,0.000854,-0.215177,-0.297179,-0.039320,-0.242092,-0.258251,-0.058762,-0.243944,-0.293592
2026-05-27 14:42:20.483,29.799992,0.000000,0.000000,0.000000,0.051463,-0.198064,-0.314859,-0.119437,-0.206178,-0.316398,-0.033987,-0.202121,-0.315628,0.000854,-0.215177,-0.297179,-0.039320,-0.242092,-0.258251,-0.058762,-0.243944,-0.293592
2026-05-27 14:42:20.583,29.899992,0.000000,0.000000,0.000000,0.051463,-0.198064,-0.314859,-0.119437,-0.206178,-0.316398,-0.033987,-0.202121,-0.315628,0.000854,-0.215177,-0.297179,-0.039320,-0.242092,-0.258251,-0.058762,-0.243944,-0.293592
2026-05-27 14:42:20.683,29.999991,0.000000,0.000000,0.000000,0.051463,-0.198064,-0.314859,-0.119437,-0.206178,-0.316398,-0.033987,-0.202121,-0.315628,0.000854,-0.215177,-0.297179,-0.039320,-0.242092,-0.258251,-0.058762,-0.243944,-0.293592
2026-05-27 14:42:20.783,30.099992,0.000000,0.000000,0.000000,0.051463,-0.198064,-0.314859,-0.119437,-0.206178,-0.316398,-0.033987,-0.202121,-0.315628,0.000854,-0.215177,-0.297179,-0.039320,-0.242092,-0.258251,-0.058762,-0.243944,-0.293592
2026-05-27 14:42:20.883,30.199991,0.000000,0.000000,0.000000,0.051463,-0.198064,-0.314859,-0.119437,-0.206178,-0.316398,-0.033987,-0.202121,-0.315628,0.000854,-0.215177,-0.297179,-0.039320,-0.242092,-0.258251,-0.058762,-0.243944,-0.293592
2026-05-27 14:42:20.983,30.299992,0.000000,0.000000,0.000000,0.051463,-0.198064,-0.314859,-0.119437,-0.206178,-0.316398,-0.033987,-0.202121,-0.315628,0.000854,-0.215177,-0.297179,-0.039320,-0.242092,-0.258251,-0.058762,-0.243944,-0.293592
2026-05-27 14:42:21.083,30.399992,0.000000,0.000000,0.000000,0.051463,-0.198064,-0.314859,-0.119437,-0.206178,-0.316398,-0.033987,-0.202121,-0.315628,0.000854,-0.215177,-0.297179,-0.039320,-0.242092,-0.258251,-0.058762,-0.243944,-0.293592
2026-05-27 14:42:21.183,30.499991,0.000000,0.000000,0.000000,0.051463,-0.198064,-0.314859,-0.119437,-0.206178,-0.316398,-0.033987,-0.202121,-0.315628,0.000854,-0.215177,-0.297179,-0.039320,-0.242092,-0.258251,-0.058762,-0.243944,-0.293592
2026-05-27 14:42:21.283,30.599992,0.000000,0.000000,0.000000,0.051463,-0.198064,-0.314859,-0.119437,-0.206178,-0.316398,-0.033987,-0.202121,-0.315628,0.000854,-0.215177,-0.297179,-0.039320,-0.242092,-0.258251,-0.058762,-0.243944,-0.293592
2026-05-27 14:42:21.383,30.699991,0.000000,0.000000,0.000000,0.051463,-0.198064,-0.314859,-0.119437,-0.206178,-0.316398,-0.033987,-0.202121,-0.315628,0.000854,-0.215177,-0.297179,-0.039320,-0.242092,-0.258251,-0.058762,-0.243944,-0.293592
2026-05-27 14:42:21.483,30.799992,0.000000,0.000000,0.000000,0.051463,-0.198064,-0.314859,-0.119437,-0.206178,-0.316398,-0.033987,-0.202121,-0.315628,0.000854,-0.215177,-0.297179,-0.039320,-0.242092,-0.258251,-0.058762,-0.243944,-0.293592
2026-05-27 14:42:21.583,30.899992,0.000000,0.000000,0.000000,0.051463,-0.198064,-0.314859,-0.119437,-0.206178,-0.316398,-0.033987,-0.202121,-0.315628,0.000854,-0.215177,-0.297179,-0.039320,-0.242092,-0.258251,-0.058762,-0.243944,-0.293592
2026-05-27 14:42:21.683,30.999991,0.000000,0.000000,0.000000,0.051463,-0.198064,-0.314859,-0.119437,-0.206178,-0.316398,-0.033987,-0.202121,-0.315628,0.000854,-0.215177,-0.297179,-0.039320,-0.242092,-0.258251,-0.058762,-0.243944,-0.293592
2026-05-27 14:42:21.783,31.099992,0.000000,0.000000,0.000000,0.051463,-0.198064,-0.314859,-0.119437,-0.206178,-0.316398,-0.033987,-0.202121,-0.315628,0.000854,-0.215177,-0.297179,-0.039320,-0.242092,-0.258251,-0.058762,-0.243944,-0.293592
2026-05-27 14:42:21.883,31.199991,0.000000,0.000000,0.000000,0.051463,-0.198064,-0.314859,-0.119437,-0.206178,-0.316398,-0.033987,-0.202121,-0.315628,0.000854,-0.215177,-0.297179,-0.039320,-0.242092,-0.258251,-0.058762,-0.243944,-0.293592
2026-05-27 14:42:21.983,31.299992,0.000000,0.000000,0.000000,0.051463,-0.198064,-0.314859,-0.119437,-0.206178,-0.316398,-0.033987,-0.202121,-0.315628,0.000854,-0.215177,-0.297179,-0.039320,-0.242092,-0.258251,-0.058762,-0.243944,-0.293592
2026-05-27 14:42:22.083,31.399992,0.000000,0.000000,0.000000,0.051463,-0.198064,-0.314859,-0.119437,-0.206178,-0.316398,-0.033987,-0.202121,-0.315628,0.000854,-0.215177,-0.297179,-0.039320,-0.242092,-0.258251,-0.058762,-0.243944,-0.293592
2026-05-27 14:42:22.183,31.499991,0.000000,0.000000,0.000000,0.051463,-0.198064,-0.314859,-0.119437,-0.206178,-0.316398,-0.033987,-0.202121,-0.315628,0.000854,-0.215177,-0.297179,-0.039320,-0.242092,-0.258251,-0.058762,-0.243944,-0.293592
2026-05-27 14:42:22.283,31.599992,0.000000,0.000000,0.000000,0.051463,-0.198064,-0.314859,-0.119437,-0.206178,-0.316398,-0.033987,-0.202121,-0.315628,0.000854,-0.215177,-0.297179,-0.039320,-0.242092,-0.258251,-0.058762,-0.243944,-0.293592
2026-05-27 14:42:22.383,31.699991,0.000000,0.000000,0.000000,0.051463,-0.198064,-0.314859,-0.119437,-0.206178,-0.316398,-0.033987,-0.202121,-0.315628,0.000854,-0.215177,-0.297179,-0.039320,-0.242092,-0.258251,-0.058762,-0.243944,-0.293592
2026-05-27 14:42:22.483,31.799992,0.000000,0.000000,0.000000,0.051463,-0.198064,-0.314859,-0.119437,-0.206178,-0.316398,-0.033987,-0.202121,-0.315628,0.000854,-0.215177,-0.297179,-0.039320,-0.242092,-0.258251,-0.058762,-0.243944,-0.293592
2026-05-27 14:42:22.583,31.899992,0.000000,0.000000,0.000000,0.051463,-0.198064,-0.314859,-0.119437,-0.206178,-0.316398,-0.033987,-0.202121,-0.315628,0.000854,-0.215177,-0.297179,-0.039320,-0.242092,-0.258251,-0.058762,-0.243944,-0.293592
2026-05-27 14:42:22.683,31.999991,0.000000,0.000000,0.000000,0.051463,-0.198064,-0.314859,-0.119437,-0.206178,-0.316398,-0.033987,-0.202121,-0.315628,0.000854,-0.215177,-0.297179,-0.039320,-0.242092,-0.258251,-0.058762,-0.243944,-0.293592
2026-05-27 14:42:22.783,32.099992,0.000000,0.000000,0.000000,0.051463,-0.198064,-0.314859,-0.119437,-0.206178,-0.316398,-0.033987,-0.202121,-0.315628,0.000854,-0.215177,-0.297179,-0.039320,-0.242092,-0.258251,-0.058762,-0.243944,-0.293592
2026-05-27 14:42:22.883,32.199991,0.000000,0.000000,0.000000,0.051463,-0.198064,-0.314859,-0.119437,-0.206178,-0.316398,-0.033987,-0.202121,-0.315628,0.000854,-0.215177,-0.297179,-0.039320,-0.242092,-0.258251,-0.058762,-0.243944,-0.293592
2026-05-27 14:42:22.983,32.299992,0.000000,0.000000,0.000000,0.051463,-0.198064,-0.314859,-0.119437,-0.206178,-0.316398,-0.033987,-0.202121,-0.315628,0.000854,-0.215177,-0.297179,-0.039320,-0.242092,-0.258251,-0.058762,-0.243944,-0.293592
2026-05-27 14:42:23.083,32.399992,0.000000,0.000000,0.000000,0.051463,-0.198064,-0.314859,-0.119437,-0.206178,-0.316398,-0.033987,-0.202121,-0.315628,0.000854,-0.215177,-0.297179,-0.039320,-0.242092,-0.258251,-0.058762,-0.243944,-0.293592
2026-05-27 14:42:23.183,32.499991,0.000000,0.000000,0.000000,0.051463,-0.198064,-0.314859,-0.119437,-0.206178,-0.316398,-0.033987,-0.202121,-0.315628,0.000854,-0.215177,-0.297179,-0.039320,-0.242092,-0.258251,-0.058762,-0.243944,-0.293592
2026-05-27 14:42:23.283,32.599992,0.000000,0.000000,0.000000,0.051463,-0.198064,-0.314859,-0.119437,-0.206178,-0.316398,-0.033987,-0.202121,-0.315628,0.000854,-0.215177,-0.297179,-0.039320,-0.242092,-0.258251,-0.058762,-0.243944,-0.293592
2026-05-27 14:42:23.383,32.699991,0.000000,0.000000,0.000000,0.051463,-0.198064,-0.314859,-0.119437,-0.206178,-0.316398,-0.033987,-0.202121,-0.315628,0.000854,-0.215177,-0.297179,-0.039320,-0.242092,-0.258251,-0.058762,-0.243944,-0.293592
2026-05-27 14:42:23.483,32.799992,0.000000,0.000000,0.000000,0.051463,-0.198064,-0.314859,-0.119437,-0.206178,-0.316398,-0.033987,-0.202121,-0.315628,0.000854,-0.215177,-0.297179,-0.039320,-0.242092,-0.258251,-0.058762,-0.243944,-0.293592
2026-05-27 14:42:23.583,32.899992,0.000000,0.000000,0.000000,0.051463,-0.198064,-0.314859,-0.119437,-0.206178,-0.316398,-0.033987,-0.202121,-0.315628,0.000854,-0.215177,-0.297179,-0.039320,-0.242092,-0.258251,-0.058762,-0.243944,-0.293592
2026-05-27 14:42:23.683,32.999991,0.000000,0.000000,0.000000,0.051463,-0.198064,-0.314859,-0.119437,-0.206178,-0.316398,-0.033987,-0.202121,-0.315628,0.000854,-0.215177,-0.297179,-0.039320,-0.242092,-0.258251,-0.058762,-0.243944,-0.293592
2026-05-27 14:42:23.783,33.099992,0.000000,0.000000,0.000000,0.051463,-0.198064,-0.314859,-0.119437,-0.206178,-0.316398,-0.033987,-0.202121,-0.315628,0.000854,-0.215177,-0.297179,-0.039320,-0.242092,-0.258251,-0.058762,-0.243944,-0.293592
2026-05-27 14:42:23.883,33.199991,0.000000,0.000000,0.000000,0.051463,-0.198064,-0.314859,-0.119437,-0.206178,-0.316398,-0.033987,-0.202121,-0.315628,0.000854,-0.215177,-0.297179,-0.039320,-0.242092,-0.258251,-0.058762,-0.243944,-0.293592
2026-05-27 14:42:23.983,33.299992,0.000000,0.000000,0.000000,0.051463,-0.198064,-0.314859,-0.119437,-0.206178,-0.316398,-0.033987,-0.202121,-0.315628,0.000854,-0.215177,-0.297179,-0.039320,-0.242092,-0.258251,-0.058762,-0.243944,-0.293592
2026-05-27 14:42:24.083,33.399992,0.000000,0.000000,0.000000,0.051463,-0.198064,-0.314859,-0.119437,-0.206178,-0.316398,-0.033987,-0.202121,-0.315628,0.000854,-0.215177,-0.297179,-0.039320,-0.242092,-0.258251,-0.058762,-0.243944,-0.293592
2026-05-27 14:42:24.183,33.499991,0.000000,0.000000,0.000000,0.051463,-0.198064,-0.314859,-0.119437,-0.206178,-0.316398,-0.033987,-0.202121,-0.315628,0.000854,-0.215177,-0.297179,-0.039320,-0.242092,-0.258251,-0.058762,-0.243944,-0.293592
2026-05-27 14:42:24.283,33.599992,0.000000,0.000000,0.000000,0.051463,-0.198064,-0.314859,-0.119437,-0.206178,-0.316398,-0.033987,-0.202121,-0.315628,0.000854,-0.215177,-0.297179,-0.039320,-0.242092,-0.258251,-0.058762,-0.243944,-0.293592
2026-05-27 14:42:24.383,33.699991,0.000000,0.000000,0.000000,0.051463,-0.198064,-0.314859,-0.119437,-0.206178,-0.316398,-0.033987,-0.202121,-0.315628,0.000854,-0.215177,-0.297179,-0.039320,-0.242092,-0.258251,-0.058762,-0.243944,-0.293592
2026-05-27 14:42:24.483,33.799992,0.000000,0.000000,0.000000,0.051463,-0.198064,-0.314859,-0.119437,-0.206178,-0.316398,-0.033987,-0.202121,-0.315628,0.000854,-0.215177,-0.297179,-0.039320,-0.242092,-0.258251,-0.058762,-0.243944,-0.293592
2026-05-27 14:42:24.583,33.899992,0.000000,0.000000,0.000000,0.051463,-0.198064,-0.314859,-0.119437,-0.206178,-0.316398,-0.033987,-0.202121,-0.315628,0.000854,-0.215177,-0.297179,-0.039320,-0.242092,-0.258251,-0.058762,-0.243944,-0.293592
2026-05-27 14:42:24.683,33.999991,0.000000,0.000000,0.000000,0.051463,-0.198064,-0.314859,-0.119437,-0.206178,-0.316398,-0.033987,-0.202121,-0.315628,0.000854,-0.215177,-0.297179,-0.039320,-0.242092,-0.258251,-0.058762,-0.243944,-0.293592
2026-05-27 14:42:24.783,34.099992,0.000000,0.000000,0.000000,0.051463,-0.198064,-0.314859,-0.119437,-0.206178,-0.316398,-0.033987,-0.202121,-0.315628,0.000854,-0.215177,-0.297179,-0.039320,-0.242092,-0.258251,-0.058762,-0.243944,-0.293592
2026-05-27 14:42:24.883,34.199991,0.000000,0.000000,0.000000,0.051463,-0.198064,-0.314859,-0.119437,-0.206178,-0.316398,-0.033987,-0.202121,-0.315628,0.000854,-0.215177,-0.297179,-0.039320,-0.242092,-0.258251,-0.058762,-0.243944,-0.293592
2026-05-27 14:42:24.983,34.299992,0.000000,0.000000,0.000000,0.051463,-0.198064,-0.314859,-0.119437,-0.206178,-0.316398,-0.033987,-0.202121,-0.315628,0.000854,-0.215177,-0.297179,-0.039320,-0.242092,-0.258251,-0.058762,-0.243944,-0.293592
2026-05-27 14:42:25.083,34.399992,0.000000,0.000000,0.000000,0.051463,-0.198064,-0.314859,-0.119437,-0.206178,-0.316398,-0.033987,-0.202121,-0.315628,0.000854,-0.215177,-0.297179,-0.039320,-0.242092,-0.258251,-0.058762,-0.243944,-0.293592
2026-05-27 14:42:25.183,34.499991,0.000000,0.000000,0.000000,0.051463,-0.198064,-0.314859,-0.119437,-0.206178,-0.316398,-0.033987,-0.202121,-0.315628,0.000854,-0.215177,-0.297179,-0.039320,-0.242092,-0.258251,-0.058762,-0.243944,-0.293592
2026-05-27 14:42:25.283,34.599992,0.000000,0.000000,0.000000,0.051463,-0.198064,-0.314859,-0.119437,-0.206178,-0.316398,-0.033987,-0.202121,-0.315628,0.000854,-0.215177,-0.297179,-0.039320,-0.242092,-0.258251,-0.058762,-0.243944,-0.293592
2026-05-27 14:42:25.383,34.699991,0.000000,0.000000,0.000000,0.051463,-0.198064,-0.314859,-0.119437,-0.206178,-0.316398,-0.033987,-0.202121,-0.315628,0.000854,-0.215177,-0.297179,-0.039320,-0.242092,-0.258251,-0.058762,-0.243944,-0.293592
2026-05-27 14:42:25.483,34.799992,0.000000,0.000000,0.000000,0.051463,-0.198064,-0.314859,-0.119437,-0.206178,-0.316398,-0.033987,-0.202121,-0.315628,0.000854,-0.215177,-0.297179,-0.039320,-0.242092,-0.258251,-0.058762,-0.243944,-0.293592
2026-05-27 14:42:25.583,34.899992,0.000000,0.000000,0.000000,0.051463,-0.198064,-0.314859,-0.119437,-0.206178,-0.316398,-0.033987,-0.202121,-0.315628,0.000854,-0.215177,-0.297179,-0.039320,-0.242092,-0.258251,-0.058762,-0.243944,-0.293592
2026-05-27 14:42:25.683,34.999991,0.000000,0.000000,0.000000,0.051463,-0.198064,-0.314859,-0.119437,-0.206178,-0.316398,-0.033987,-0.202121,-0.315628,0.000854,-0.215177,-0.297179,-0.039320,-0.242092,-0.258251,-0.058762,-0.243944,-0.293592
2026-05-27 14:42:25.783,35.099992,0.000000,0.000000,0.000000,0.051463,-0.198064,-0.314859,-0.119437,-0.206178,-0.316398,-0.033987,-0.202121,-0.315628,0.000854,-0.215177,-0.297179,-0.039320,-0.242092,-0.258251,-0.058762,-0.243944,-0.293592
2026-05-27 14:42:25.883,35.199991,0.000000,0.000000,0.000000,0.051463,-0.198064,-0.314859,-0.119437,-0.206178,-0.316398,-0.033987,-0.202121,-0.315628,0.000854,-0.215177,-0.297179,-0.039320,-0.242092,-0.258251,-0.058762,-0.243944,-0.293592
2026-05-27 14:42:25.983,35.299992,0.000000,0.000000,0.000000,0.051463,-0.198064,-0.314859,-0.119437,-0.206178,-0.316398,-0.033987,-0.202121,-0.315628,0.000854,-0.215177,-0.297179,-0.039320,-0.242092,-0.258251,-0.058762,-0.243944,-0.293592
2026-05-27 14:42:26.083,35.399992,0.000000,0.000000,0.000000,0.051463,-0.198064,-0.314859,-0.119437,-0.206178,-0.316398,-0.033987,-0.202121,-0.315628,0.000854,-0.215177,-0.297179,-0.039320,-0.242092,-0.258251,-0.058762,-0.243944,-0.293592
2026-05-27 14:42:26.183,35.499991,0.000000,0.000000,0.000000,0.051463,-0.198064,-0.314859,-0.119437,-0.206178,-0.316398,-0.033987,-0.202121,-0.315628,0.000854,-0.215177,-0.297179,-0.039320,-0.242092,-0.258251,-0.058762,-0.243944,-0.293592
2026-05-27 14:42:26.283,35.599992,0.000000,0.000000,0.000000,0.051463,-0.198064,-0.314859,-0.119437,-0.206178,-0.316398,-0.033987,-0.202121,-0.315628,0.000854,-0.215177,-0.297179,-0.039320,-0.242092,-0.258251,-0.058762,-0.243944,-0.293592
2026-05-27 14:42:26.383,35.699991,0.000000,0.000000,0.000000,0.051463,-0.198064,-0.314859,-0.119437,-0.206178,-0.316398,-0.033987,-0.202121,-0.315628,0.000854,-0.215177,-0.297179,-0.039320,-0.242092,-0.258251,-0.058762,-0.243944,-0.293592
2026-05-27 14:42:26.483,35.799992,0.000000,0.000000,0.000000,0.051463,-0.198064,-0.314859,-0.119437,-0.206178,-0.316398,-0.033987,-0.202121,-0.315628,0.000854,-0.215177,-0.297179,-0.039320,-0.242092,-0.258251,-0.058762,-0.243944,-0.293592
2026-05-27 14:42:26.583,35.899992,0.000000,0.000000,0.000000,0.051463,-0.198064,-0.314859,-0.119437,-0.206178,-0.316398,-0.033987,-0.202121,-0.315628,0.000854,-0.215177,-0.297179,-0.039320,-0.242092,-0.258251,-0.058762,-0.243944,-0.293592
2026-05-27 14:42:26.683,35.999991,0.000000,0.000000,0.000000,0.051463,-0.198064,-0.314859,-0.119437,-0.206178,-0.316398,-0.033987,-0.202121,-0.315628,0.000854,-0.215177,-0.297179,-0.039320,-0.242092,-0.258251,-0.058762,-0.243944,-0.293592
2026-05-27 14:42:26.783,36.099992,0.000000,0.000000,0.000000,0.051463,-0.198064,-0.314859,-0.119437,-0.206178,-0.316398,-0.033987,-0.202121,-0.315628,0.000854,-0.215177,-0.297179,-0.039320,-0.242092,-0.258251,-0.058762,-0.243944,-0.293592
2026-05-27 14:42:26.883,36.199991,0.000000,0.000000,0.000000,0.051463,-0.198064,-0.314859,-0.119437,-0.206178,-0.316398,-0.033987,-0.202121,-0.315628,0.000854,-0.215177,-0.297179,-0.039320,-0.242092,-0.258251,-0.058762,-0.243944,-0.293592
2026-05-27 14:42:26.983,36.299992,0.000000,0.000000,0.000000,0.051463,-0.198064,-0.314859,-0.119574,-0.204440,-0.316566,-0.034056,-0.201252,-0.315712,0.000854,-0.215177,-0.297179,-0.039432,-0.243798,-0.258260,-0.058123,-0.242312,-0.293130
2026-05-27 14:42:27.083,36.399992,0.000000,0.000000,0.000000,0.051089,-0.199779,-0.314700,-0.119164,-0.209655,-0.316062,-0.034037,-0.204717,-0.315381,0.001084,-0.213461,-0.297288,-0.039432,-0.243798,-0.258260,-0.058711,-0.242221,-0.293696
2026-05-27 14:42:27.183,36.499991,0.000000,0.000000,0.000000,0.051837,-0.196348,-0.315017,-0.119301,-0.207916,-0.316230,-0.033732,-0.202132,-0.315624,0.001084,-0.213461,-0.297288,-0.039545,-0.245505,-0.258270,-0.058762,-0.243944,-0.293592
2026-05-27 14:42:27.283,36.599991,0.000000,0.000000,0.000000,0.050716,-0.201495,-0.314541,-0.119301,-0.207916,-0.316230,-0.034292,-0.204706,-0.315386,0.000862,-0.215249,-0.296570,-0.039545,-0.245505,-0.258270,-0.058762,-0.243944,-0.293592
2026-05-27 14:42:27.383,36.699991,0.000000,0.000000,0.000000,0.051837,-0.196348,-0.315017,-0.119301,-0.207916,-0.316230,-0.033732,-0.202132,-0.315624,0.001084,-0.213461,-0.297288,-0.039432,-0.243798,-0.258260,-0.058762,-0.243944,-0.293592
2026-05-27 14:42:27.483,36.799991,0.000000,0.000000,0.000000,0.051089,-0.199779,-0.314700,-0.119437,-0.206178,-0.316398,-0.034174,-0.202979,-0.315549,0.000862,-0.215249,-0.296570,-0.039432,-0.243798,-0.258260,-0.058711,-0.242221,-0.293696
2026-05-27 14:42:27.583,36.899991,0.000000,0.000000,0.000000,0.051463,-0.198064,-0.314859,-0.119437,-0.206178,-0.316398,-0.033987,-0.202121,-0.315628,0.001084,-0.213461,-0.297288,-0.039545,-0.245505,-0.258270,-0.058762,-0.243944,-0.293592
2026-05-27 14:42:27.683,36.999991,0.000000,0.000000,0.000000,0.051463,-0.198064,-0.314859,-0.118689,-0.207941,-0.316241,-0.033613,-0.203002,-0.315550,0.000854,-0.215177,-0.297179,-0.039545,-0.245505,-0.258270,-0.058711,-0.242221,-0.293696
2026-05-27 14:42:27.783,37.099991,0.000000,0.000000,0.000000,0.051089,-0.199779,-0.314700,-0.119301,-0.207916,-0.316230,-0.034106,-0.203848,-0.315465,0.001084,-0.213461,-0.297288,-0.039432,-0.243798,-0.258260,-0.058131,-0.242244,-0.293707
2026-05-27 14:42:27.883,37.199991,0.000000,0.000000,0.000000,0.051089,-0.199779,-0.314700,-0.119437,-0.206178,-0.316398,-0.034174,-0.202979,-0.315549,0.001084,-0.213461,-0.297288,-0.039545,-0.245505,-0.258270,-0.058711,-0.242221,-0.293696
2026-05-27 14:42:27.983,37.299991,0.000000,0.000000,0.000000,0.051463,-0.198064,-0.314859,-0.119437,-0.206178,-0.316398,-0.033987,-0.202121,-0.315628,0.001084,-0.213461,-0.297288,-0.039432,-0.243798,-0.258260,-0.058762,-0.243944,-0.293592
2026-05-27 14:42:28.083,37.399991,0.000000,0.000000,0.000000,0.051463,-0.198064,-0.314859,-0.119437,-0.206178,-0.316398,-0.033987,-0.202121,-0.315628,0.000854,-0.215177,-0.297179,-0.039432,-0.243798,-0.258260,-0.058762,-0.243944,-0.293592
2026-05-27 14:42:28.183,37.499990,0.000000,0.000000,0.000000,0.051463,-0.198064,-0.314859,-0.119301,-0.207916,-0.316230,-0.033919,-0.202990,-0.315544,0.000854,-0.215177,-0.297179,-0.039432,-0.243798,-0.258260,-0.058762,-0.243944,-0.293592
2026-05-27 14:42:28.283,37.599990,0.000000,0.000000,0.000000,0.051463,-0.198064,-0.314859,-0.119301,-0.207916,-0.316230,-0.033919,-0.202990,-0.315544,0.001084,-0.213461,-0.297288,-0.039545,-0.245505,-0.258270,-0.058123,-0.242312,-0.293130
2026-05-27 14:42:28.383,37.699990,0.000000,0.000000,0.000000,0.051837,-0.196348,-0.315017,-0.119301,-0.207916,-0.316230,-0.033732,-0.202132,-0.315624,0.000854,-0.215177,-0.297179,-0.039545,-0.245505,-0.258270,-0.058703,-0.242290,-0.293120
2026-05-27 14:42:28.483,37.799990,0.000000,0.000000,0.000000,0.051463,-0.198064,-0.314859,-0.119301,-0.207916,-0.316230,-0.033919,-0.202990,-0.315544,0.001093,-0.213533,-0.296678,-0.039432,-0.243798,-0.258260,-0.058762,-0.243944,-0.293592
2026-05-27 14:42:28.583,37.899990,0.000000,0.000000,0.000000,0.051463,-0.198064,-0.314859,-0.119301,-0.207916,-0.316230,-0.033919,-0.202990,-0.315544,0.000854,-0.215177,-0.297179,-0.039545,-0.245505,-0.258270,-0.058711,-0.242221,-0.293696
2026-05-27 14:42:28.683,37.999990,0.000000,0.000000,0.000000,0.051089,-0.199779,-0.314700,-0.119574,-0.204440,-0.316566,-0.034242,-0.202110,-0.315633,0.001093,-0.213533,-0.296678,-0.039545,-0.245505,-0.258270,-0.058711,-0.242221,-0.293696
2026-05-27 14:42:28.783,38.099990,0.000000,0.000000,0.000000,0.051463,-0.198064,-0.314859,-0.119301,-0.207916,-0.316230,-0.033919,-0.202990,-0.315544,0.001084,-0.213461,-0.297288,-0.039432,-0.243798,-0.258260,-0.058711,-0.242221,-0.293696
2026-05-27 14:42:28.883,38.199990,0.000000,0.000000,0.000000,0.051463,-0.198064,-0.314859,-0.119301,-0.207916,-0.316230,-0.033919,-0.202990,-0.315544,0.001084,-0.213461,-0.297288,-0.039545,-0.245505,-0.258270,-0.058711,-0.242221,-0.293696
2026-05-27 14:42:28.983,38.299990,0.000000,0.000000,0.000000,0.051837,-0.196348,-0.315017,-0.119301,-0.207916,-0.316230,-0.033732,-0.202132,-0.315624,0.001084,-0.213461,-0.297288,-0.039432,-0.243798,-0.258260,-0.058652,-0.240567,-0.293222
2026-05-27 14:42:29.083,38.399990,0.000000,0.000000,0.000000,0.051089,-0.199779,-0.314700,-0.119301,-0.207916,-0.316230,-0.034106,-0.203848,-0.315465,0.001084,-0.213461,-0.297288,-0.039432,-0.243798,-0.258260,-0.058737,-0.243082,-0.293644
2026-05-27 14:42:29.183,38.499990,0.000000,0.000000,0.000000,0.051463,-0.198064,-0.314859,-0.119437,-0.206178,-0.316398,-0.033987,-0.202121,-0.315628,0.001084,-0.213461,-0.297288,-0.039545,-0.245505,-0.258270,-0.058762,-0.243944,-0.293592
2026-05-27 14:42:29.283,38.599989,0.000000,0.000000,0.000000,0.051463,-0.198064,-0.314859,-0.119437,-0.206178,-0.316398,-0.033987,-0.202121,-0.315628,0.000854,-0.215177,-0.297179,-0.039432,-0.243798,-0.258260,-0.058762,-0.243944,-0.293592
2026-05-27 14:42:29.383,38.699989,0.000000,0.000000,0.000000,0.051463,-0.198064,-0.314859,-0.119301,-0.207916,-0.316230,-0.033919,-0.202990,-0.315544,0.001084,-0.213461,-0.297288,-0.039432,-0.243798,-0.258260,-0.058737,-0.243082,-0.293644
2026-05-27 14:42:29.483,38.799989,0.000000,0.000000,0.000000,0.051089,-0.199779,-0.314700,-0.119301,-0.207916,-0.316230,-0.034106,-0.203848,-0.315465,0.001084,-0.213461,-0.297288,-0.039432,-0.243798,-0.258260,-0.058762,-0.243944,-0.293592
2026-05-27 14:42:29.583,38.899989,0.000000,0.000000,0.000000,0.051837,-0.196348,-0.315017,-0.119437,-0.206178,-0.316398,-0.033800,-0.201263,-0.315708,0.001084,-0.213461,-0.297288,-0.039432,-0.243798,-0.258260,-0.058703,-0.242290,-0.293120
2026-05-27 14:42:29.683,38.999989,0.000000,0.000000,0.000000,0.051463,-0.198064,-0.314859,-0.119301,-0.207916,-0.316230,-0.033919,-0.202990,-0.315544,0.000854,-0.215177,-0.297179,-0.039432,-0.243798,-0.258260,-0.058762,-0.243944,-0.293592
2026-05-27 14:42:29.783,39.099989,0.000000,0.000000,0.000000,0.051463,-0.198064,-0.314859,-0.119301,-0.207916,-0.316230,-0.033919,-0.202990,-0.315544,0.000854,-0.215177,-0.297179,-0.039545,-0.245505,-0.258270,-0.058123,-0.242312,-0.293130
2026-05-27 14:42:29.883,39.199989,0.000000,0.000000,0.000000,0.051463,-0.198064,-0.314859,-0.119437,-0.206178,-0.316398,-0.033987,-0.202121,-0.315628,0.001093,-0.213533,-0.296678,-0.039545,-0.245505,-0.258270,-0.058711,-0.242221,-0.293696
2026-05-27 14:42:29.983,39.299989,0.000000,0.000000,0.000000,0.051463,-0.198064,-0.314859,-0.119301,-0.207916,-0.316230,-0.033919,-0.202990,-0.315544,0.001093,-0.213533,-0.296678,-0.039545,-0.245505,-0.258270,-0.058184,-0.243966,-0.293603
2026-05-27 14:42:30.083,39.399989,0.000000,0.000000,0.000000,0.051463,-0.198064,-0.314859,-0.119437,-0.206178,-0.316398,-0.033987,-0.202121,-0.315628,0.001084,-0.213461,-0.297288,-0.039432,-0.243798,-0.258260,-0.058184,-0.243966,-0.293603
2026-05-27 14:42:30.183,39.499989,0.000000,0.000000,0.000000,0.051837,-0.196348,-0.315017,-0.119301,-0.207916,-0.316230,-0.033732,-0.202132,-0.315624,0.000854,-0.215177,-0.297179,-0.039545,-0.245505,-0.258270,-0.058711,-0.242221,-0.293696
2026-05-27 14:42:30.283,39.599988,0.000000,0.000000,0.000000,0.051463,-0.198064,-0.314859,-0.119301,-0.207916,-0.316230,-0.033919,-0.202990,-0.315544,0.001084,-0.213461,-0.297288,-0.039432,-0.243798,-0.258260,-0.058762,-0.243944,-0.293592
2026-05-27 14:42:30.383,39.699988,0.000000,0.000000,0.000000,0.051463,-0.198064,-0.314859,-0.119437,-0.206178,-0.316398,-0.033987,-0.202121,-0.315628,0.001084,-0.213461,-0.297288,-0.039432,-0.243798,-0.258260,-0.058703,-0.242290,-0.293120
2026-05-27 14:42:30.483,39.799988,0.000000,0.000000,0.000000,0.051463,-0.198064,-0.314859,-0.119437,-0.206178,-0.316398,-0.033987,-0.202121,-0.315628,0.001084,-0.213461,-0.297288,-0.039432,-0.243798,-0.258260,-0.058184,-0.243966,-0.293603
2026-05-27 14:42:30.583,39.899988,0.000000,0.000000,0.000000,0.051463,-0.198064,-0.314859,-0.119437,-0.206178,-0.316398,-0.033987,-0.202121,-0.315628,0.001084,-0.213461,-0.297288,-0.039489,-0.244652,-0.258265,-0.058677,-0.241428,-0.293171
2026-05-27 14:42:30.683,39.999988,0.000000,0.000000,0.000000,0.051463,-0.198064,-0.314859,-0.119437,-0.206178,-0.316398,-0.033987,-0.202121,-0.315628,0.000854,-0.215177,-0.297179,-0.039432,-0.243798,-0.258260,-0.058703,-0.242290,-0.293120
2026-05-27 14:42:30.783,40.099988,0.000000,0.000000,0.000000,0.051089,-0.199779,-0.314700,-0.119437,-0.206178,-0.316398,-0.034174,-0.202979,-0.315549,0.000854,-0.215177,-0.297179,-0.039545,-0.245505,-0.258270,-0.058762,-0.243944,-0.293592
2026-05-27 14:42:30.883,40.199988,0.000000,0.000000,0.000000,0.051089,-0.199779,-0.314700,-0.119301,-0.207916,-0.316230,-0.034106,-0.203848,-0.315465,0.000854,-0.215177,-0.297179,-0.039545,-0.245505,-0.258270,-0.058762,-0.243944,-0.293592
2026-05-27 14:42:30.983,40.299988,0.000000,0.000000,0.000000,0.051463,-0.198064,-0.314859,-0.119301,-0.207916,-0.316230,-0.033919,-0.202990,-0.315544,0.000854,-0.215177,-0.297179,-0.039432,-0.243798,-0.258260,-0.058762,-0.243944,-0.293592
2026-05-27 14:42:31.083,40.399988,0.000000,0.000000,0.000000,0.051837,-0.196348,-0.315017,-0.119437,-0.206178,-0.316398,-0.033800,-0.201263,-0.315708,0.001084,-0.213461,-0.297288,-0.039432,-0.243798,-0.258260,-0.058703,-0.242290,-0.293120
2026-05-27 14:42:31.183,40.499988,0.000000,0.000000,0.000000,0.051463,-0.198064,-0.314859,-0.119301,-0.207916,-0.316230,-0.033919,-0.202990,-0.315544,0.001084,-0.213461,-0.297288,-0.039432,-0.243798,-0.258260,-0.058711,-0.242221,-0.293696
2026-05-27 14:42:31.283,40.599988,0.000000,0.000000,0.000000,0.051837,-0.196348,-0.315017,-0.119437,-0.206178,-0.316398,-0.033800,-0.201263,-0.315708,0.000854,-0.215177,-0.297179,-0.039432,-0.243798,-0.258260,-0.058762,-0.243944,-0.293592
2026-05-27 14:42:31.383,40.699987,0.000000,0.000000,0.000000,0.051089,-0.199779,-0.314700,-0.119301,-0.207916,-0.316230,-0.034106,-0.203848,-0.315465,0.001084,-0.213461,-0.297288,-0.039432,-0.243798,-0.258260,-0.058762,-0.243944,-0.293592
2026-05-27 14:42:31.483,40.799987,0.000000,0.000000,0.000000,0.051837,-0.196348,-0.315017,-0.119301,-0.207916,-0.316230,-0.033732,-0.202132,-0.315624,0.001084,-0.213461,-0.297288,-0.039657,-0.247212,-0.258280,-0.058762,-0.243944,-0.293592
2026-05-27 14:42:31.583,40.899987,0.000000,0.000000,0.000000,0.051837,-0.196348,-0.315017,-0.119301,-0.207916,-0.316230,-0.033732,-0.202132,-0.315624,0.001698,-0.213485,-0.297300,-0.039545,-0.245505,-0.258270,-0.058762,-0.243944,-0.293592
2026-05-27 14:42:31.683,40.999987,0.000000,0.000000,0.000000,0.051837,-0.196348,-0.315017,-0.119301,-0.207916,-0.316230,-0.033732,-0.202132,-0.315624,0.000854,-0.215177,-0.297179,-0.039432,-0.243798,-0.258260,-0.058711,-0.242221,-0.293696
2026-05-27 14:42:31.783,41.099987,0.000000,0.000000,0.000000,0.051463,-0.198064,-0.314859,-0.119301,-0.207916,-0.316230,-0.033919,-0.202990,-0.315544,0.001084,-0.213461,-0.297288,-0.039432,-0.243798,-0.258260,-0.058711,-0.242221,-0.293696
2026-05-27 14:42:31.883,41.199987,0.000000,0.000000,0.000000,0.051089,-0.199779,-0.314700,-0.119437,-0.206178,-0.316398,-0.034174,-0.202979,-0.315549,0.000854,-0.215177,-0.297179,-0.039432,-0.243798,-0.258260,-0.058184,-0.243966,-0.293603
2026-05-27 14:42:31.983,41.299987,0.000000,0.000000,0.000000,0.051089,-0.199779,-0.314700,-0.119301,-0.207916,-0.316230,-0.034106,-0.203848,-0.315465,0.001084,-0.213461,-0.297288,-0.039432,-0.243798,-0.258260,-0.058762,-0.243944,-0.293592
2026-05-27 14:42:32.083,41.399987,0.000000,0.000000,0.000000,0.051089,-0.199779,-0.314700,-0.119301,-0.207916,-0.316230,-0.034106,-0.203848,-0.315465,0.000854,-0.215177,-0.297179,-0.039545,-0.245505,-0.258270,-0.058711,-0.242221,-0.293696
2026-05-27 14:42:32.183,41.499987,0.000000,0.000000,0.000000,0.051089,-0.199779,-0.314700,-0.119301,-0.207916,-0.316230,-0.034106,-0.203848,-0.315465,0.001084,-0.213461,-0.297288,-0.039432,-0.243798,-0.258260,-0.058762,-0.243944,-0.293592
2026-05-27 14:42:32.283,41.599987,0.000000,0.000000,0.000000,0.051837,-0.196348,-0.315017,-0.119301,-0.207916,-0.316230,-0.033732,-0.202132,-0.315624,0.000854,-0.215177,-0.297179,-0.039545,-0.245505,-0.258270,-0.058737,-0.243082,-0.293644
2026-05-27 14:42:32.383,41.699986,0.000000,0.000000,0.000000,0.051837,-0.196348,-0.315017,-0.119301,-0.207916,-0.316230,-0.033732,-0.202132,-0.315624,0.001084,-0.213461,-0.297288,-0.039432,-0.243798,-0.258260,-0.058762,-0.243944,-0.293592
2026-05-27 14:42:32.483,41.799986,0.000000,0.000000,0.000000,0.051463,-0.198064,-0.314859,-0.119301,-0.207916,-0.316230,-0.033919,-0.202990,-0.315544,0.001084,-0.213461,-0.297288,-0.039432,-0.243798,-0.258260,-0.058711,-0.242221,-0.293696
2026-05-27 14:42:32.583,41.899986,0.000000,0.000000,0.000000,0.051089,-0.199779,-0.314700,-0.119437,-0.206178,-0.316398,-0.034174,-0.202979,-0.315549,0.001084,-0.213461,-0.297288,-0.039545,-0.245505,-0.258270,-0.058652,-0.240567,-0.293222
2026-05-27 14:42:32.683,41.999986,0.000000,0.000000,0.000000,0.051463,-0.198064,-0.314859,-0.119301,-0.207916,-0.316230,-0.033919,-0.202990,-0.315544,0.000854,-0.215177,-0.297179,-0.039432,-0.243798,-0.258260,-0.058711,-0.242221,-0.293696
2026-05-27 14:42:32.783,42.099986,0.000000,0.000000,0.000000,0.051837,-0.196348,-0.315017,-0.119301,-0.207916,-0.316230,-0.033732,-0.202132,-0.315624,0.000854,-0.215177,-0.297179,-0.039545,-0.245505,-0.258270,-0.058711,-0.242221,-0.293696
2026-05-27 14:42:32.883,42.199986,0.000000,0.000000,0.000000,0.051089,-0.199779,-0.314700,-0.119301,-0.207916,-0.316230,-0.034106,-0.203848,-0.315465,0.000854,-0.215177,-0.297179,-0.039545,-0.245505,-0.258270,-0.058813,-0.245666,-0.293488
2026-05-27 14:42:32.983,42.299986,0.000000,0.000000,0.000000,0.051089,-0.199779,-0.314700,-0.119301,-0.207916,-0.316230,-0.034106,-0.203848,-0.315465,0.000854,-0.215177,-0.297179,-0.039545,-0.245505,-0.258270,-0.058813,-0.245666,-0.293488
2026-05-27 14:42:33.083,42.399986,0.000000,0.000000,0.000000,0.051089,-0.199779,-0.314700,-0.119301,-0.207916,-0.316230,-0.034106,-0.203848,-0.315465,0.000854,-0.215177,-0.297179,-0.039545,-0.245505,-0.258270,-0.058813,-0.245666,-0.293488
2026-05-27 14:42:33.183,42.499986,0.000000,0.000000,0.000000,0.051089,-0.199779,-0.314700,-0.119301,-0.207916,-0.316230,-0.034106,-0.203848,-0.315465,0.000854,-0.215177,-0.297179,-0.039545,-0.245505,-0.258270,-0.058813,-0.245666,-0.293488
2026-05-27 14:42:33.283,42.599986,0.000000,0.000000,0.000000,0.051089,-0.199779,-0.314700,-0.119301,-0.207916,-0.316230,-0.034106,-0.203848,-0.315465,0.000854,-0.215177,-0.297179,-0.039545,-0.245505,-0.258270,-0.058813,-0.245666,-0.293488
2026-05-27 14:42:33.383,42.699986,0.000000,0.000000,0.000000,0.051089,-0.199779,-0.314700,-0.119301,-0.207916,-0.316230,-0.034106,-0.203848,-0.315465,0.000854,-0.215177,-0.297179,-0.039545,-0.245505,-0.258270,-0.058813,-0.245666,-0.293488
2026-05-27 14:42:33.483,42.799986,0.000000,0.000000,0.000000,0.051089,-0.199779,-0.314700,-0.119301,-0.207916,-0.316230,-0.034106,-0.203848,-0.315465,0.000854,-0.215177,-0.297179,-0.039545,-0.245505,-0.258270,-0.058813,-0.245666,-0.293488
2026-05-27 14:42:33.583,42.899986,0.000000,0.000000,0.000000,0.051089,-0.199779,-0.314700,-0.119301,-0.207916,-0.316230,-0.034106,-0.203848,-0.315465,0.000854,-0.215177,-0.297179,-0.039545,-0.245505,-0.258270,-0.058813,-0.245666,-0.293488
2026-05-27 14:42:33.683,42.999986,0.000000,0.000000,0.000000,0.051089,-0.199779,-0.314700,-0.119301,-0.207916,-0.316230,-0.034106,-0.203848,-0.315465,0.000854,-0.215177,-0.297179,-0.039545,-0.245505,-0.258270,-0.058813,-0.245666,-0.293488
2026-05-27 14:42:33.783,43.099986,0.000000,0.000000,0.000000,0.051089,-0.199779,-0.314700,-0.119301,-0.207916,-0.316230,-0.034106,-0.203848,-0.315465,0.000854,-0.215177,-0.297179,-0.039545,-0.245505,-0.258270,-0.058813,-0.245666,-0.293488
2026-05-27 14:42:33.883,43.199986,0.000000,0.000000,0.000000,0.051089,-0.199779,-0.314700,-0.119301,-0.207916,-0.316230,-0.034106,-0.203848,-0.315465,0.000854,-0.215177,-0.297179,-0.039545,-0.245505,-0.258270,-0.058813,-0.245666,-0.293488
2026-05-27 14:42:33.983,43.299986,0.000000,0.000000,0.000000,0.051089,-0.199779,-0.314700,-0.119301,-0.207916,-0.316230,-0.034106,-0.203848,-0.315465,0.000854,-0.215177,-0.297179,-0.039545,-0.245505,-0.258270,-0.058813,-0.245666,-0.293488
2026-05-27 14:42:34.083,43.399986,0.000000,0.000000,0.000000,0.051089,-0.199779,-0.314700,-0.119301,-0.207916,-0.316230,-0.034106,-0.203848,-0.315465,0.000854,-0.215177,-0.297179,-0.039545,-0.245505,-0.258270,-0.058813,-0.245666,-0.293488
2026-05-27 14:42:34.183,43.499986,0.000000,0.000000,0.000000,0.051089,-0.199779,-0.314700,-0.119301,-0.207916,-0.316230,-0.034106,-0.203848,-0.315465,0.000854,-0.215177,-0.297179,-0.039545,-0.245505,-0.258270,-0.058813,-0.245666,-0.293488
2026-05-27 14:42:34.283,43.599986,0.000000,0.000000,0.000000,0.051089,-0.199779,-0.314700,-0.119301,-0.207916,-0.316230,-0.034106,-0.203848,-0.315465,0.000854,-0.215177,-0.297179,-0.039545,-0.245505,-0.258270,-0.058813,-0.245666,-0.293488
2026-05-27 14:42:34.383,43.699986,0.000000,0.000000,0.000000,0.051089,-0.199779,-0.314700,-0.119301,-0.207916,-0.316230,-0.034106,-0.203848,-0.315465,0.000854,-0.215177,-0.297179,-0.039545,-0.245505,-0.258270,-0.058813,-0.245666,-0.293488
2026-05-27 14:42:34.483,43.799986,0.000000,0.000000,0.000000,0.051089,-0.199779,-0.314700,-0.119301,-0.207916,-0.316230,-0.034106,-0.203848,-0.315465,0.000854,-0.215177,-0.297179,-0.039545,-0.245505,-0.258270,-0.058813,-0.245666,-0.293488
2026-05-27 14:42:34.583,43.899986,0.000000,0.000000,0.000000,0.051089,-0.199779,-0.314700,-0.119301,-0.207916,-0.316230,-0.034106,-0.203848,-0.315465,0.000854,-0.215177,-0.297179,-0.039545,-0.245505,-0.258270,-0.058813,-0.245666,-0.293488
2026-05-27 14:42:34.683,43.999986,0.000000,0.000000,0.000000,0.051089,-0.199779,-0.314700,-0.119301,-0.207916,-0.316230,-0.034106,-0.203848,-0.315465,0.000854,-0.215177,-0.297179,-0.039545,-0.245505,-0.258270,-0.058813,-0.245666,-0.293488
2026-05-27 14:42:34.783,44.099986,0.000000,0.000000,0.000000,0.051089,-0.199779,-0.314700,-0.119301,-0.207916,-0.316230,-0.034106,-0.203848,-0.315465,0.000854,-0.215177,-0.297179,-0.039545,-0.245505,-0.258270,-0.058813,-0.245666,-0.293488
2026-05-27 14:42:34.883,44.199986,0.000000,0.000000,0.000000,0.051089,-0.199779,-0.314700,-0.119301,-0.207916,-0.316230,-0.034106,-0.203848,-0.315465,0.000854,-0.215177,-0.297179,-0.039545,-0.245505,-0.258270,-0.058813,-0.245666,-0.293488
2026-05-27 14:42:34.983,44.299986,0.000000,0.000000,0.000000,0.051089,-0.199779,-0.314700,-0.119301,-0.207916,-0.316230,-0.034106,-0.203848,-0.315465,0.000854,-0.215177,-0.297179,-0.039545,-0.245505,-0.258270,-0.058813,-0.245666,-0.293488
2026-05-27 14:42:35.083,44.399986,0.000000,0.000000,0.000000,0.051089,-0.199779,-0.314700,-0.119301,-0.207916,-0.316230,-0.034106,-0.203848,-0.315465,0.000854,-0.215177,-0.297179,-0.039545,-0.245505,-0.258270,-0.058813,-0.245666,-0.293488
2026-05-27 14:42:35.183,44.499986,0.000000,0.000000,0.000000,0.051089,-0.199779,-0.314700,-0.119301,-0.207916,-0.316230,-0.034106,-0.203848,-0.315465,0.000854,-0.215177,-0.297179,-0.039545,-0.245505,-0.258270,-0.058813,-0.245666,-0.293488
2026-05-27 14:42:35.283,44.599986,0.000000,0.000000,0.000000,0.051089,-0.199779,-0.314700,-0.119301,-0.207916,-0.316230,-0.034106,-0.203848,-0.315465,0.000854,-0.215177,-0.297179,-0.039545,-0.245505,-0.258270,-0.058813,-0.245666,-0.293488
2026-05-27 14:42:35.383,44.699986,0.000000,0.000000,0.000000,0.051089,-0.199779,-0.314700,-0.119301,-0.207916,-0.316230,-0.034106,-0.203848,-0.315465,0.000854,-0.215177,-0.297179,-0.039545,-0.245505,-0.258270,-0.058813,-0.245666,-0.293488
2026-05-27 14:42:35.483,44.799986,0.000000,0.000000,0.000000,0.051089,-0.199779,-0.314700,-0.119301,-0.207916,-0.316230,-0.034106,-0.203848,-0.315465,0.000854,-0.215177,-0.297179,-0.039545,-0.245505,-0.258270,-0.058813,-0.245666,-0.293488
2026-05-27 14:42:35.583,44.899986,0.000000,0.000000,0.000000,0.051089,-0.199779,-0.314700,-0.119301,-0.207916,-0.316230,-0.034106,-0.203848,-0.315465,0.000854,-0.215177,-0.297179,-0.039545,-0.245505,-0.258270,-0.058813,-0.245666,-0.293488
2026-05-27 14:42:35.683,44.999986,0.000000,0.000000,0.000000,0.051089,-0.199779,-0.314700,-0.119301,-0.207916,-0.316230,-0.034106,-0.203848,-0.315465,0.000854,-0.215177,-0.297179,-0.039545,-0.245505,-0.258270,-0.058813,-0.245666,-0.293488
2026-05-27 14:42:35.783,45.099986,0.000000,0.000000,0.000000,0.051089,-0.199779,-0.314700,-0.119301,-0.207916,-0.316230,-0.034106,-0.203848,-0.315465,0.000854,-0.215177,-0.297179,-0.039545,-0.245505,-0.258270,-0.058813,-0.245666,-0.293488
2026-05-27 14:42:35.883,45.199986,0.000000,0.000000,0.000000,0.051089,-0.199779,-0.314700,-0.119301,-0.207916,-0.316230,-0.034106,-0.203848,-0.315465,0.000854,-0.215177,-0.297179,-0.039545,-0.245505,-0.258270,-0.058813,-0.245666,-0.293488
2026-05-27 14:42:35.983,45.299986,0.000000,0.000000,0.000000,0.051089,-0.199779,-0.314700,-0.119301,-0.207916,-0.316230,-0.034106,-0.203848,-0.315465,0.000854,-0.215177,-0.297179,-0.039545,-0.245505,-0.258270,-0.058813,-0.245666,-0.293488
2026-05-27 14:42:36.083,45.399986,0.000000,0.000000,0.000000,0.051089,-0.199779,-0.314700,-0.119301,-0.207916,-0.316230,-0.034106,-0.203848,-0.315465,0.000854,-0.215177,-0.297179,-0.039545,-0.245505,-0.258270,-0.058813,-0.245666,-0.293488
2026-05-27 14:42:36.183,45.499986,0.000000,0.000000,0.000000,0.051089,-0.199779,-0.314700,-0.119301,-0.207916,-0.316230,-0.034106,-0.203848,-0.315465,0.000854,-0.215177,-0.297179,-0.039545,-0.245505,-0.258270,-0.058813,-0.245666,-0.293488
2026-05-27 14:42:36.283,45.599986,0.000000,0.000000,0.000000,0.051089,-0.199779,-0.314700,-0.119301,-0.207916,-0.316230,-0.034106,-0.203848,-0.315465,0.000854,-0.215177,-0.297179,-0.039545,-0.245505,-0.258270,-0.058813,-0.245666,-0.293488
2026-05-27 14:42:36.383,45.699986,0.000000,0.000000,0.000000,0.051089,-0.199779,-0.314700,-0.119301,-0.207916,-0.316230,-0.034106,-0.203848,-0.315465,0.000854,-0.215177,-0.297179,-0.039545,-0.245505,-0.258270,-0.058813,-0.245666,-0.293488
2026-05-27 14:42:36.483,45.799986,0.000000,0.000000,0.000000,0.051089,-0.199779,-0.314700,-0.119301,-0.207916,-0.316230,-0.034106,-0.203848,-0.315465,0.000854,-0.215177,-0.297179,-0.039545,-0.245505,-0.258270,-0.058813,-0.245666,-0.293488
2026-05-27 14:42:36.583,45.899986,0.000000,0.000000,0.000000,0.051089,-0.199779,-0.314700,-0.119301,-0.207916,-0.316230,-0.034106,-0.203848,-0.315465,0.000854,-0.215177,-0.297179,-0.039545,-0.245505,-0.258270,-0.058813,-0.245666,-0.293488
2026-05-27 14:42:36.683,45.999986,0.000000,0.000000,0.000000,0.051089,-0.199779,-0.314700,-0.119301,-0.207916,-0.316230,-0.034106,-0.203848,-0.315465,0.000854,-0.215177,-0.297179,-0.039545,-0.245505,-0.258270,-0.058813,-0.245666,-0.293488
2026-05-27 14:42:36.783,46.099986,0.000000,0.000000,0.000000,0.051089,-0.199779,-0.314700,-0.119301,-0.207916,-0.316230,-0.034106,-0.203848,-0.315465,0.000854,-0.215177,-0.297179,-0.039545,-0.245505,-0.258270,-0.058813,-0.245666,-0.293488
2026-05-27 14:42:36.883,46.199986,0.000000,0.000000,0.000000,0.051089,-0.199779,-0.314700,-0.119301,-0.207916,-0.316230,-0.034106,-0.203848,-0.315465,0.000854,-0.215177,-0.297179,-0.039545,-0.245505,-0.258270,-0.058813,-0.245666,-0.293488
2026-05-27 14:42:36.983,46.299986,0.000000,0.000000,0.000000,0.051089,-0.199779,-0.314700,-0.119301,-0.207916,-0.316230,-0.034106,-0.203848,-0.315465,0.000854,-0.215177,-0.297179,-0.039545,-0.245505,-0.258270,-0.058813,-0.245666,-0.293488
2026-05-27 14:42:37.083,46.399986,0.000000,0.000000,0.000000,0.051089,-0.199779,-0.314700,-0.119301,-0.207916,-0.316230,-0.034106,-0.203848,-0.315465,0.000854,-0.215177,-0.297179,-0.039545,-0.245505,-0.258270,-0.058813,-0.245666,-0.293488
2026-05-27 14:42:37.183,46.499986,0.000000,0.000000,0.000000,0.051089,-0.199779,-0.314700,-0.119301,-0.207916,-0.316230,-0.034106,-0.203848,-0.315465,0.000854,-0.215177,-0.297179,-0.039545,-0.245505,-0.258270,-0.058813,-0.245666,-0.293488
2026-05-27 14:42:37.283,46.599986,0.000000,0.000000,0.000000,0.051089,-0.199779,-0.314700,-0.119301,-0.207916,-0.316230,-0.034106,-0.203848,-0.315465,0.000854,-0.215177,-0.297179,-0.039545,-0.245505,-0.258270,-0.058813,-0.245666,-0.293488
2026-05-27 14:42:37.383,46.699986,0.000000,0.000000,0.000000,0.051089,-0.199779,-0.314700,-0.119301,-0.207916,-0.316230,-0.034106,-0.203848,-0.315465,0.000854,-0.215177,-0.297179,-0.039545,-0.245505,-0.258270,-0.058813,-0.245666,-0.293488
2026-05-27 14:42:37.483,46.799986,0.000000,0.000000,0.000000,0.051089,-0.199779,-0.314700,-0.119301,-0.207916,-0.316230,-0.034106,-0.203848,-0.315465,0.000854,-0.215177,-0.297179,-0.039545,-0.245505,-0.258270,-0.058813,-0.245666,-0.293488
2026-05-27 14:42:37.583,46.899986,0.000000,0.000000,0.000000,0.051089,-0.199779,-0.314700,-0.119301,-0.207916,-0.316230,-0.034106,-0.203848,-0.315465,0.000854,-0.215177,-0.297179,-0.039545,-0.245505,-0.258270,-0.058813,-0.245666,-0.293488
2026-05-27 14:42:37.683,46.999986,0.000000,0.000000,0.000000,0.051089,-0.199779,-0.314700,-0.119301,-0.207916,-0.316230,-0.034106,-0.203848,-0.315465,0.000854,-0.215177,-0.297179,-0.039545,-0.245505,-0.258270,-0.058813,-0.245666,-0.293488
2026-05-27 14:42:37.783,47.099986,0.000000,0.000000,0.000000,0.051089,-0.199779,-0.314700,-0.119301,-0.207916,-0.316230,-0.034106,-0.203848,-0.315465,0.000854,-0.215177,-0.297179,-0.039545,-0.245505,-0.258270,-0.058813,-0.245666,-0.293488
2026-05-27 14:42:37.883,47.199986,0.000000,0.000000,0.000000,0.051089,-0.199779,-0.314700,-0.119301,-0.207916,-0.316230,-0.034106,-0.203848,-0.315465,0.000854,-0.215177,-0.297179,-0.039545,-0.245505,-0.258270,-0.058813,-0.245666,-0.293488
2026-05-27 14:42:37.983,47.299986,0.000000,0.000000,0.000000,0.051089,-0.199779,-0.314700,-0.119301,-0.207916,-0.316230,-0.034106,-0.203848,-0.315465,0.000854,-0.215177,-0.297179,-0.039545,-0.245505,-0.258270,-0.058813,-0.245666,-0.293488
2026-05-27 14:42:38.083,47.399986,0.000000,0.000000,0.000000,0.051089,-0.199779,-0.314700,-0.119301,-0.207916,-0.316230,-0.034106,-0.203848,-0.315465,0.000854,-0.215177,-0.297179,-0.039545,-0.245505,-0.258270,-0.058813,-0.245666,-0.293488
2026-05-27 14:42:38.183,47.499986,0.000000,0.000000,0.000000,0.051089,-0.199779,-0.314700,-0.119301,-0.207916,-0.316230,-0.034106,-0.203848,-0.315465,0.000854,-0.215177,-0.297179,-0.039545,-0.245505,-0.258270,-0.058813,-0.245666,-0.293488
2026-05-27 14:42:38.283,47.599986,0.000000,0.000000,0.000000,0.051089,-0.199779,-0.314700,-0.119301,-0.207916,-0.316230,-0.034106,-0.203848,-0.315465,0.000854,-0.215177,-0.297179,-0.039545,-0.245505,-0.258270,-0.058813,-0.245666,-0.293488
2026-05-27 14:42:38.383,47.699986,0.000000,0.000000,0.000000,0.051089,-0.199779,-0.314700,-0.119301,-0.207916,-0.316230,-0.034106,-0.203848,-0.315465,0.000854,-0.215177,-0.297179,-0.039545,-0.245505,-0.258270,-0.058813,-0.245666,-0.293488
2026-05-27 14:42:38.483,47.799986,0.000000,0.000000,0.000000,0.051089,-0.199779,-0.314700,-0.119301,-0.207916,-0.316230,-0.034106,-0.203848,-0.315465,0.000854,-0.215177,-0.297179,-0.039545,-0.245505,-0.258270,-0.058813,-0.245666,-0.293488
2026-05-27 14:42:38.583,47.899986,0.000000,0.000000,0.000000,0.051089,-0.199779,-0.314700,-0.119301,-0.207916,-0.316230,-0.034106,-0.203848,-0.315465,0.000854,-0.215177,-0.297179,-0.039545,-0.245505,-0.258270,-0.058813,-0.245666,-0.293488
2026-05-27 14:42:38.683,47.999986,0.000000,0.000000,0.000000,0.051089,-0.199779,-0.314700,-0.119301,-0.207916,-0.316230,-0.034106,-0.203848,-0.315465,0.000854,-0.215177,-0.297179,-0.039545,-0.245505,-0.258270,-0.058813,-0.245666,-0.293488
2026-05-27 14:42:38.783,48.099986,0.000000,0.000000,0.000000,0.051089,-0.199779,-0.314700,-0.119301,-0.207916,-0.316230,-0.034106,-0.203848,-0.315465,0.000854,-0.215177,-0.297179,-0.039545,-0.245505,-0.258270,-0.058813,-0.245666,-0.293488
2026-05-27 14:42:38.883,48.199986,0.000000,0.000000,0.000000,0.051089,-0.199779,-0.314700,-0.119301,-0.207916,-0.316230,-0.034106,-0.203848,-0.315465,0.000854,-0.215177,-0.297179,-0.039545,-0.245505,-0.258270,-0.058813,-0.245666,-0.293488
2026-05-27 14:42:38.983,48.299986,0.000000,0.000000,0.000000,0.051089,-0.199779,-0.314700,-0.119301,-0.207916,-0.316230,-0.034106,-0.203848,-0.315465,0.000854,-0.215177,-0.297179,-0.039545,-0.245505,-0.258270,-0.058813,-0.245666,-0.293488
2026-05-27 14:42:39.083,48.399986,0.000000,0.000000,0.000000,0.051089,-0.199779,-0.314700,-0.119301,-0.207916,-0.316230,-0.034106,-0.203848,-0.315465,0.000854,-0.215177,-0.297179,-0.039545,-0.245505,-0.258270,-0.058813,-0.245666,-0.293488
2026-05-27 14:42:39.183,48.499986,0.000000,0.000000,0.000000,0.051089,-0.199779,-0.314700,-0.119301,-0.207916,-0.316230,-0.034106,-0.203848,-0.315465,0.000854,-0.215177,-0.297179,-0.039545,-0.245505,-0.258270,-0.058813,-0.245666,-0.293488
2026-05-27 14:42:39.283,48.599986,0.000000,0.000000,0.000000,0.051089,-0.199779,-0.314700,-0.119301,-0.207916,-0.316230,-0.034106,-0.203848,-0.315465,0.000854,-0.215177,-0.297179,-0.039545,-0.245505,-0.258270,-0.058813,-0.245666,-0.293488
2026-05-27 14:42:39.383,48.699986,0.000000,0.000000,0.000000,0.051089,-0.199779,-0.314700,-0.119301,-0.207916,-0.316230,-0.034106,-0.203848,-0.315465,0.000854,-0.215177,-0.297179,-0.039545,-0.245505,-0.258270,-0.058813,-0.245666,-0.293488
2026-05-27 14:42:39.483,48.799986,0.000000,0.000000,0.000000,0.051089,-0.199779,-0.314700,-0.119301,-0.207916,-0.316230,-0.034106,-0.203848,-0.315465,0.000854,-0.215177,-0.297179,-0.039545,-0.245505,-0.258270,-0.058813,-0.245666,-0.293488
2026-05-27 14:42:39.583,48.899986,0.000000,0.000000,0.000000,0.051089,-0.199779,-0.314700,-0.119301,-0.207916,-0.316230,-0.034106,-0.203848,-0.315465,0.000854,-0.215177,-0.297179,-0.039545,-0.245505,-0.258270,-0.058813,-0.245666,-0.293488
2026-05-27 14:42:39.683,48.999986,0.000000,0.000000,0.000000,0.051089,-0.199779,-0.314700,-0.119301,-0.207916,-0.316230,-0.034106,-0.203848,-0.315465,0.000854,-0.215177,-0.297179,-0.039545,-0.245505,-0.258270,-0.058813,-0.245666,-0.293488
2026-05-27 14:42:39.783,49.099986,0.000000,0.000000,0.000000,0.051089,-0.199779,-0.314700,-0.119301,-0.207916,-0.316230,-0.034106,-0.203848,-0.315465,0.000854,-0.215177,-0.297179,-0.039545,-0.245505,-0.258270,-0.058813,-0.245666,-0.293488
2026-05-27 14:42:39.883,49.199986,0.000000,0.000000,0.000000,0.051089,-0.199779,-0.314700,-0.119301,-0.207916,-0.316230,-0.034106,-0.203848,-0.315465,0.000854,-0.215177,-0.297179,-0.039545,-0.245505,-0.258270,-0.058813,-0.245666,-0.293488
2026-05-27 14:42:39.983,49.299986,0.000000,0.000000,0.000000,0.051089,-0.199779,-0.314700,-0.119301,-0.207916,-0.316230,-0.034106,-0.203848,-0.315465,0.000854,-0.215177,-0.297179,-0.039545,-0.245505,-0.258270,-0.058813,-0.245666,-0.293488
2026-05-27 14:42:40.083,49.399986,0.000000,0.000000,0.000000,0.051089,-0.199779,-0.314700,-0.119301,-0.207916,-0.316230,-0.034106,-0.203848,-0.315465,0.000854,-0.215177,-0.297179,-0.039545,-0.245505,-0.258270,-0.058813,-0.245666,-0.293488
2026-05-27 14:42:40.183,49.499986,0.000000,0.000000,0.000000,0.051089,-0.199779,-0.314700,-0.119301,-0.207916,-0.316230,-0.034106,-0.203848,-0.315465,0.000854,-0.215177,-0.297179,-0.039545,-0.245505,-0.258270,-0.058813,-0.245666,-0.293488
2026-05-27 14:42:40.283,49.599986,0.000000,0.000000,0.000000,0.051089,-0.199779,-0.314700,-0.119301,-0.207916,-0.316230,-0.034106,-0.203848,-0.315465,0.000854,-0.215177,-0.297179,-0.039545,-0.245505,-0.258270,-0.058813,-0.245666,-0.293488
2026-05-27 14:42:40.383,49.699986,0.000000,0.000000,0.000000,0.051089,-0.199779,-0.314700,-0.119301,-0.207916,-0.316230,-0.034106,-0.203848,-0.315465,0.000854,-0.215177,-0.297179,-0.039545,-0.245505,-0.258270,-0.058813,-0.245666,-0.293488
2026-05-27 14:42:40.483,49.799986,0.000000,0.000000,0.000000,0.051089,-0.199779,-0.314700,-0.119301,-0.207916,-0.316230,-0.034106,-0.203848,-0.315465,0.000854,-0.215177,-0.297179,-0.039545,-0.245505,-0.258270,-0.058813,-0.245666,-0.293488
2026-05-27 14:42:40.583,49.899986,0.000000,0.000000,0.000000,0.051089,-0.199779,-0.314700,-0.119301,-0.207916,-0.316230,-0.034106,-0.203848,-0.315465,0.000854,-0.215177,-0.297179,-0.039545,-0.245505,-0.258270,-0.058813,-0.245666,-0.293488
2026-05-27 14:42:40.683,49.999986,0.000000,0.000000,0.000000,0.051089,-0.199779,-0.314700,-0.119301,-0.207916,-0.316230,-0.034106,-0.203848,-0.315465,0.000854,-0.215177,-0.297179,-0.039545,-0.245505,-0.258270,-0.058813,-0.245666,-0.293488
2026-05-27 14:42:40.783,50.099986,0.000000,0.000000,0.000000,0.051089,-0.199779,-0.314700,-0.119301,-0.207916,-0.316230,-0.034106,-0.203848,-0.315465,0.000854,-0.215177,-0.297179,-0.039545,-0.245505,-0.258270,-0.058813,-0.245666,-0.293488
2026-05-27 14:42:40.883,50.199986,0.000000,0.000000,0.000000,0.051089,-0.199779,-0.314700,-0.119301,-0.207916,-0.316230,-0.034106,-0.203848,-0.315465,0.000854,-0.215177,-0.297179,-0.039545,-0.245505,-0.258270,-0.058813,-0.245666,-0.293488
2026-05-27 14:42:40.983,50.299986,0.000000,0.000000,0.000000,0.051089,-0.199779,-0.314700,-0.119301,-0.207916,-0.316230,-0.034106,-0.203848,-0.315465,0.000854,-0.215177,-0.297179,-0.039545,-0.245505,-0.258270,-0.058813,-0.245666,-0.293488
2026-05-27 14:42:41.083,50.399986,0.000000,0.000000,0.000000,0.051089,-0.199779,-0.314700,-0.119301,-0.207916,-0.316230,-0.034106,-0.203848,-0.315465,0.000854,-0.215177,-0.297179,-0.039545,-0.245505,-0.258270,-0.058813,-0.245666,-0.293488
2026-05-27 14:42:41.183,50.499986,0.000000,0.000000,0.000000,0.051089,-0.199779,-0.314700,-0.119301,-0.207916,-0.316230,-0.034106,-0.203848,-0.315465,0.000854,-0.215177,-0.297179,-0.039545,-0.245505,-0.258270,-0.058813,-0.245666,-0.293488
2026-05-27 14:42:41.283,50.599986,0.000000,0.000000,0.000000,0.051089,-0.199779,-0.314700,-0.119301,-0.207916,-0.316230,-0.034106,-0.203848,-0.315465,0.000854,-0.215177,-0.297179,-0.039545,-0.245505,-0.258270,-0.058813,-0.245666,-0.293488
2026-05-27 14:42:41.383,50.699986,0.000000,0.000000,0.000000,0.051089,-0.199779,-0.314700,-0.119301,-0.207916,-0.316230,-0.034106,-0.203848,-0.315465,0.000854,-0.215177,-0.297179,-0.039545,-0.245505,-0.258270,-0.058813,-0.245666,-0.293488
2026-05-27 14:42:41.483,50.799986,0.000000,0.000000,0.000000,0.051089,-0.199779,-0.314700,-0.119301,-0.207916,-0.316230,-0.034106,-0.203848,-0.315465,0.000854,-0.215177,-0.297179,-0.039545,-0.245505,-0.258270,-0.058813,-0.245666,-0.293488
2026-05-27 14:42:41.583,50.899986,0.000000,0.000000,0.000000,0.051089,-0.199779,-0.314700,-0.119301,-0.207916,-0.316230,-0.034106,-0.203848,-0.315465,0.000854,-0.215177,-0.297179,-0.039545,-0.245505,-0.258270,-0.058813,-0.245666,-0.293488
2026-05-27 14:42:41.683,50.999986,0.000000,0.000000,0.000000,0.051089,-0.199779,-0.314700,-0.119301,-0.207916,-0.316230,-0.034106,-0.203848,-0.315465,0.000854,-0.215177,-0.297179,-0.039545,-0.245505,-0.258270,-0.058813,-0.245666,-0.293488
2026-05-27 14:42:41.783,51.099986,0.000000,0.000000,0.000000,0.051089,-0.199779,-0.314700,-0.119301,-0.207916,-0.316230,-0.034106,-0.203848,-0.315465,0.000854,-0.215177,-0.297179,-0.039545,-0.245505,-0.258270,-0.058813,-0.245666,-0.293488
2026-05-27 14:42:41.883,51.199986,0.000000,0.000000,0.000000,0.051089,-0.199779,-0.314700,-0.119301,-0.207916,-0.316230,-0.034106,-0.203848,-0.315465,0.000854,-0.215177,-0.297179,-0.039545,-0.245505,-0.258270,-0.058813,-0.245666,-0.293488
2026-05-27 14:42:41.983,51.299986,0.000000,0.000000,0.000000,0.051089,-0.199779,-0.314700,-0.119301,-0.207916,-0.316230,-0.034106,-0.203848,-0.315465,0.000854,-0.215177,-0.297179,-0.039545,-0.245505,-0.258270,-0.058813,-0.245666,-0.293488
2026-05-27 14:42:42.083,51.399986,0.000000,0.000000,0.000000,0.051089,-0.199779,-0.314700,-0.119301,-0.207916,-0.316230,-0.034106,-0.203848,-0.315465,0.000854,-0.215177,-0.297179,-0.039545,-0.245505,-0.258270,-0.058813,-0.245666,-0.293488
2026-05-27 14:42:42.183,51.499986,0.000000,0.000000,0.000000,0.051089,-0.199779,-0.314700,-0.119301,-0.207916,-0.316230,-0.034106,-0.203848,-0.315465,0.000854,-0.215177,-0.297179,-0.039545,-0.245505,-0.258270,-0.058813,-0.245666,-0.293488
2026-05-27 14:42:42.283,51.599986,0.000000,0.000000,0.000000,0.051089,-0.199779,-0.314700,-0.119301,-0.207916,-0.316230,-0.034106,-0.203848,-0.315465,0.000854,-0.215177,-0.297179,-0.039545,-0.245505,-0.258270,-0.058813,-0.245666,-0.293488
2026-05-27 14:42:42.383,51.699986,0.000000,0.000000,0.000000,0.051089,-0.199779,-0.314700,-0.119301,-0.207916,-0.316230,-0.034106,-0.203848,-0.315465,0.000854,-0.215177,-0.297179,-0.039545,-0.245505,-0.258270,-0.058813,-0.245666,-0.293488
2026-05-27 14:42:42.483,51.799986,0.000000,0.000000,0.000000,0.051089,-0.199779,-0.314700,-0.119301,-0.207916,-0.316230,-0.034106,-0.203848,-0.315465,0.000854,-0.215177,-0.297179,-0.039545,-0.245505,-0.258270,-0.058813,-0.245666,-0.293488
2026-05-27 14:42:42.583,51.899986,0.000000,0.000000,0.000000,0.051089,-0.199779,-0.314700,-0.119301,-0.207916,-0.316230,-0.034106,-0.203848,-0.315465,0.000854,-0.215177,-0.297179,-0.039545,-0.245505,-0.258270,-0.058813,-0.245666,-0.293488
2026-05-27 14:42:42.683,51.999986,0.000000,0.000000,0.000000,0.051089,-0.199779,-0.314700,-0.119301,-0.207916,-0.316230,-0.034106,-0.203848,-0.315465,0.000854,-0.215177,-0.297179,-0.039545,-0.245505,-0.258270,-0.058813,-0.245666,-0.293488
2026-05-27 14:42:42.783,52.099986,0.000000,0.000000,0.000000,0.051089,-0.199779,-0.314700,-0.119301,-0.207916,-0.316230,-0.034106,-0.203848,-0.315465,0.000854,-0.215177,-0.297179,-0.039545,-0.245505,-0.258270,-0.058813,-0.245666,-0.293488
2026-05-27 14:42:42.883,52.199986,0.000000,0.000000,0.000000,0.051089,-0.199779,-0.314700,-0.119301,-0.207916,-0.316230,-0.034106,-0.203848,-0.315465,0.000854,-0.215177,-0.297179,-0.039545,-0.245505,-0.258270,-0.058813,-0.245666,-0.293488
2026-05-27 14:42:42.983,52.299986,0.000000,0.000000,0.000000,0.051089,-0.199779,-0.314700,-0.119301,-0.207916,-0.316230,-0.034106,-0.203848,-0.315465,0.000854,-0.215177,-0.297179,-0.039545,-0.245505,-0.258270,-0.058813,-0.245666,-0.293488
2026-05-27 14:42:43.083,52.399986,0.000000,0.000000,0.000000,0.051089,-0.199779,-0.314700,-0.119301,-0.207916,-0.316230,-0.034106,-0.203848,-0.315465,0.000854,-0.215177,-0.297179,-0.039545,-0.245505,-0.258270,-0.058813,-0.245666,-0.293488
2026-05-27 14:42:43.183,52.499986,0.000000,0.000000,0.000000,0.051089,-0.199779,-0.314700,-0.119301,-0.207916,-0.316230,-0.034106,-0.203848,-0.315465,0.000854,-0.215177,-0.297179,-0.039545,-0.245505,-0.258270,-0.058813,-0.245666,-0.293488
2026-05-27 14:42:43.283,52.599986,0.000000,0.000000,0.000000,0.051089,-0.199779,-0.314700,-0.119301,-0.207916,-0.316230,-0.034106,-0.203848,-0.315465,0.000854,-0.215177,-0.297179,-0.039545,-0.245505,-0.258270,-0.058813,-0.245666,-0.293488
2026-05-27 14:42:43.383,52.699986,0.000000,0.000000,0.000000,0.051089,-0.199779,-0.314700,-0.119301,-0.207916,-0.316230,-0.034106,-0.203848,-0.315465,0.000854,-0.215177,-0.297179,-0.039545,-0.245505,-0.258270,-0.058813,-0.245666,-0.293488
2026-05-27 14:42:43.483,52.799986,0.000000,0.000000,0.000000,0.051089,-0.199779,-0.314700,-0.119301,-0.207916,-0.316230,-0.034106,-0.203848,-0.315465,0.000854,-0.215177,-0.297179,-0.039545,-0.245505,-0.258270,-0.058813,-0.245666,-0.293488
2026-05-27 14:42:43.583,52.899986,0.000000,0.000000,0.000000,0.051089,-0.199779,-0.314700,-0.119301,-0.207916,-0.316230,-0.034106,-0.203848,-0.315465,0.000854,-0.215177,-0.297179,-0.039545,-0.245505,-0.258270,-0.058813,-0.245666,-0.293488
2026-05-27 14:42:43.683,52.999986,0.000000,0.000000,0.000000,0.051089,-0.199779,-0.314700,-0.119301,-0.207916,-0.316230,-0.034106,-0.203848,-0.315465,0.000854,-0.215177,-0.297179,-0.039545,-0.245505,-0.258270,-0.058813,-0.245666,-0.293488
2026-05-27 14:42:43.783,53.099986,0.000000,0.000000,0.000000,0.051089,-0.199779,-0.314700,-0.119301,-0.207916,-0.316230,-0.034106,-0.203848,-0.315465,0.000854,-0.215177,-0.297179,-0.039545,-0.245505,-0.258270,-0.058813,-0.245666,-0.293488
2026-05-27 14:42:43.883,53.199986,0.000000,0.000000,0.000000,0.051089,-0.199779,-0.314700,-0.119301,-0.207916,-0.316230,-0.034106,-0.203848,-0.315465,0.000854,-0.215177,-0.297179,-0.039545,-0.245505,-0.258270,-0.058813,-0.245666,-0.293488
2026-05-27 14:42:43.983,53.299986,0.000000,0.000000,0.000000,0.051089,-0.199779,-0.314700,-0.119301,-0.207916,-0.316230,-0.034106,-0.203848,-0.315465,0.000854,-0.215177,-0.297179,-0.039545,-0.245505,-0.258270,-0.058813,-0.245666,-0.293488
2026-05-27 14:42:44.083,53.399986,0.000000,0.000000,0.000000,0.051089,-0.199779,-0.314700,-0.119301,-0.207916,-0.316230,-0.034106,-0.203848,-0.315465,0.000854,-0.215177,-0.297179,-0.039545,-0.245505,-0.258270,-0.058813,-0.245666,-0.293488
2026-05-27 14:42:44.183,53.499986,0.000000,0.000000,0.000000,0.051089,-0.199779,-0.314700,-0.119301,-0.207916,-0.316230,-0.034106,-0.203848,-0.315465,0.000854,-0.215177,-0.297179,-0.039545,-0.245505,-0.258270,-0.058813,-0.245666,-0.293488
2026-05-27 14:42:44.283,53.599986,0.000000,0.000000,0.000000,0.051089,-0.199779,-0.314700,-0.119301,-0.207916,-0.316230,-0.034106,-0.203848,-0.315465,0.000854,-0.215177,-0.297179,-0.039545,-0.245505,-0.258270,-0.058813,-0.245666,-0.293488
2026-05-27 14:42:44.383,53.699986,0.000000,0.000000,0.000000,0.051089,-0.199779,-0.314700,-0.119301,-0.207916,-0.316230,-0.034106,-0.203848,-0.315465,0.000854,-0.215177,-0.297179,-0.039545,-0.245505,-0.258270,-0.058813,-0.245666,-0.293488
2026-05-27 14:42:44.483,53.799986,0.000000,0.000000,0.000000,0.051089,-0.199779,-0.314700,-0.119301,-0.207916,-0.316230,-0.034106,-0.203848,-0.315465,0.000854,-0.215177,-0.297179,-0.039545,-0.245505,-0.258270,-0.058813,-0.245666,-0.293488
2026-05-27 14:42:44.583,53.899986,0.000000,0.000000,0.000000,0.051089,-0.199779,-0.314700,-0.119301,-0.207916,-0.316230,-0.034106,-0.203848,-0.315465,0.000854,-0.215177,-0.297179,-0.039545,-0.245505,-0.258270,-0.058813,-0.245666,-0.293488
2026-05-27 14:42:44.683,53.999986,0.000000,0.000000,0.000000,0.051089,-0.199779,-0.314700,-0.119301,-0.207916,-0.316230,-0.034106,-0.203848,-0.315465,0.000854,-0.215177,-0.297179,-0.039545,-0.245505,-0.258270,-0.058813,-0.245666,-0.293488
2026-05-27 14:42:44.783,54.099986,0.000000,0.000000,0.000000,0.051089,-0.199779,-0.314700,-0.119301,-0.207916,-0.316230,-0.034106,-0.203848,-0.315465,0.000854,-0.215177,-0.297179,-0.039545,-0.245505,-0.258270,-0.058813,-0.245666,-0.293488
2026-05-27 14:42:44.883,54.199986,0.000000,0.000000,0.000000,0.051089,-0.199779,-0.314700,-0.119301,-0.207916,-0.316230,-0.034106,-0.203848,-0.315465,0.000854,-0.215177,-0.297179,-0.039545,-0.245505,-0.258270,-0.058813,-0.245666,-0.293488
2026-05-27 14:42:44.983,54.299986,0.000000,0.000000,0.000000,0.051089,-0.199779,-0.314700,-0.119301,-0.207916,-0.316230,-0.034106,-0.203848,-0.315465,0.000854,-0.215177,-0.297179,-0.039545,-0.245505,-0.258270,-0.058813,-0.245666,-0.293488
2026-05-27 14:42:45.083,54.399986,0.000000,0.000000,0.000000,0.051089,-0.199779,-0.314700,-0.119301,-0.207916,-0.316230,-0.034106,-0.203848,-0.315465,0.000854,-0.215177,-0.297179,-0.039545,-0.245505,-0.258270,-0.058813,-0.245666,-0.293488
2026-05-27 14:42:45.183,54.499986,0.000000,0.000000,0.000000,0.051089,-0.199779,-0.314700,-0.119301,-0.207916,-0.316230,-0.034106,-0.203848,-0.315465,0.000854,-0.215177,-0.297179,-0.039545,-0.245505,-0.258270,-0.058813,-0.245666,-0.293488
2026-05-27 14:42:45.283,54.599986,0.000000,0.000000,0.000000,0.051089,-0.199779,-0.314700,-0.119301,-0.207916,-0.316230,-0.034106,-0.203848,-0.315465,0.000854,-0.215177,-0.297179,-0.039545,-0.245505,-0.258270,-0.058813,-0.245666,-0.293488
2026-05-27 14:42:45.383,54.699986,0.000000,0.000000,0.000000,0.051089,-0.199779,-0.314700,-0.119301,-0.207916,-0.316230,-0.034106,-0.203848,-0.315465,0.000854,-0.215177,-0.297179,-0.039545,-0.245505,-0.258270,-0.058813,-0.245666,-0.293488
2026-05-27 14:42:45.483,54.799986,0.000000,0.000000,0.000000,0.051089,-0.199779,-0.314700,-0.119301,-0.207916,-0.316230,-0.034106,-0.203848,-0.315465,0.000854,-0.215177,-0.297179,-0.039545,-0.245505,-0.258270,-0.058813,-0.245666,-0.293488
2026-05-27 14:42:45.583,54.899986,0.000000,0.000000,0.000000,0.051089,-0.199779,-0.314700,-0.119301,-0.207916,-0.316230,-0.034106,-0.203848,-0.315465,0.000854,-0.215177,-0.297179,-0.039545,-0.245505,-0.258270,-0.058813,-0.245666,-0.293488
2026-05-27 14:42:45.683,54.999986,0.000000,0.000000,0.000000,0.051089,-0.199779,-0.314700,-0.119301,-0.207916,-0.316230,-0.034106,-0.203848,-0.315465,0.000854,-0.215177,-0.297179,-0.039545,-0.245505,-0.258270,-0.058813,-0.245666,-0.293488
2026-05-27 14:42:45.783,55.099986,0.000000,0.000000,0.000000,0.051089,-0.199779,-0.314700,-0.119301,-0.207916,-0.316230,-0.034106,-0.203848,-0.315465,0.000854,-0.215177,-0.297179,-0.039545,-0.245505,-0.258270,-0.058813,-0.245666,-0.293488
2026-05-27 14:42:45.883,55.199986,0.000000,0.000000,0.000000,0.051089,-0.199779,-0.314700,-0.119301,-0.207916,-0.316230,-0.034106,-0.203848,-0.315465,0.000854,-0.215177,-0.297179,-0.039545,-0.245505,-0.258270,-0.058813,-0.245666,-0.293488
2026-05-27 14:42:45.983,55.299986,0.000000,0.000000,0.000000,0.051089,-0.199779,-0.314700,-0.119301,-0.207916,-0.316230,-0.034106,-0.203848,-0.315465,0.000854,-0.215177,-0.297179,-0.039545,-0.245505,-0.258270,-0.058813,-0.245666,-0.293488
2026-05-27 14:42:46.083,55.399986,0.000000,0.000000,0.000000,0.051089,-0.199779,-0.314700,-0.119301,-0.207916,-0.316230,-0.034106,-0.203848,-0.315465,0.000854,-0.215177,-0.297179,-0.039545,-0.245505,-0.258270,-0.058813,-0.245666,-0.293488
2026-05-27 14:42:46.183,55.499986,0.000000,0.000000,0.000000,0.051089,-0.199779,-0.314700,-0.119301,-0.207916,-0.316230,-0.034106,-0.203848,-0.315465,0.000854,-0.215177,-0.297179,-0.039545,-0.245505,-0.258270,-0.058813,-0.245666,-0.293488
2026-05-27 14:42:46.283,55.599986,0.000000,0.000000,0.000000,0.051089,-0.199779,-0.314700,-0.119301,-0.207916,-0.316230,-0.034106,-0.203848,-0.315465,0.000854,-0.215177,-0.297179,-0.039545,-0.245505,-0.258270,-0.058813,-0.245666,-0.293488
2026-05-27 14:42:46.383,55.699986,0.000000,0.000000,0.000000,0.051089,-0.199779,-0.314700,-0.119301,-0.207916,-0.316230,-0.034106,-0.203848,-0.315465,0.000854,-0.215177,-0.297179,-0.039545,-0.245505,-0.258270,-0.058813,-0.245666,-0.293488
2026-05-27 14:42:46.483,55.799986,0.000000,0.000000,0.000000,0.051089,-0.199779,-0.314700,-0.119301,-0.207916,-0.316230,-0.034106,-0.203848,-0.315465,0.000854,-0.215177,-0.297179,-0.039545,-0.245505,-0.258270,-0.058813,-0.245666,-0.293488
2026-05-27 14:42:46.583,55.899986,0.000000,0.000000,0.000000,0.051089,-0.199779,-0.314700,-0.119301,-0.207916,-0.316230,-0.034106,-0.203848,-0.315465,0.000854,-0.215177,-0.297179,-0.039545,-0.245505,-0.258270,-0.058813,-0.245666,-0.293488
2026-05-27 14:42:46.683,55.999986,0.000000,0.000000,0.000000,0.051089,-0.199779,-0.314700,-0.119301,-0.207916,-0.316230,-0.034106,-0.203848,-0.315465,0.000854,-0.215177,-0.297179,-0.039545,-0.245505,-0.258270,-0.058813,-0.245666,-0.293488
2026-05-27 14:42:46.783,56.099986,0.000000,0.000000,0.000000,0.051089,-0.199779,-0.314700,-0.119301,-0.207916,-0.316230,-0.034106,-0.203848,-0.315465,0.000854,-0.215177,-0.297179,-0.039545,-0.245505,-0.258270,-0.058813,-0.245666,-0.293488
2026-05-27 14:42:46.883,56.199986,0.000000,0.000000,0.000000,0.051089,-0.199779,-0.314700,-0.119301,-0.207916,-0.316230,-0.034106,-0.203848,-0.315465,0.000854,-0.215177,-0.297179,-0.039545,-0.245505,-0.258270,-0.058813,-0.245666,-0.293488
2026-05-27 14:42:46.983,56.299986,0.000000,0.000000,0.000000,0.051089,-0.199779,-0.314700,-0.119301,-0.207916,-0.316230,-0.034106,-0.203848,-0.315465,0.000854,-0.215177,-0.297179,-0.039545,-0.245505,-0.258270,-0.058813,-0.245666,-0.293488
2026-05-27 14:42:47.083,56.399986,0.000000,0.000000,0.000000,0.051089,-0.199779,-0.314700,-0.119301,-0.207916,-0.316230,-0.034106,-0.203848,-0.315465,0.000854,-0.215177,-0.297179,-0.039545,-0.245505,-0.258270,-0.058813,-0.245666,-0.293488
2026-05-27 14:42:47.183,56.499986,0.000000,0.000000,0.000000,0.051089,-0.199779,-0.314700,-0.119301,-0.207916,-0.316230,-0.034106,-0.203848,-0.315465,0.000854,-0.215177,-0.297179,-0.039545,-0.245505,-0.258270,-0.058813,-0.245666,-0.293488
2026-05-27 14:42:47.283,56.599986,0.000000,0.000000,0.000000,0.051089,-0.199779,-0.314700,-0.119301,-0.207916,-0.316230,-0.034106,-0.203848,-0.315465,0.000854,-0.215177,-0.297179,-0.039545,-0.245505,-0.258270,-0.058813,-0.245666,-0.293488
2026-05-27 14:42:47.383,56.699986,0.000000,0.000000,0.000000,0.051089,-0.199779,-0.314700,-0.119301,-0.207916,-0.316230,-0.034106,-0.203848,-0.315465,0.000854,-0.215177,-0.297179,-0.039545,-0.245505,-0.258270,-0.058813,-0.245666,-0.293488
2026-05-27 14:42:47.483,56.799986,0.000000,0.000000,0.000000,0.051089,-0.199779,-0.314700,-0.119301,-0.207916,-0.316230,-0.034106,-0.203848,-0.315465,0.000854,-0.215177,-0.297179,-0.039545,-0.245505,-0.258270,-0.058813,-0.245666,-0.293488
2026-05-27 14:42:47.583,56.899986,0.000000,0.000000,0.000000,0.051089,-0.199779,-0.314700,-0.119301,-0.207916,-0.316230,-0.034106,-0.203848,-0.315465,0.000854,-0.215177,-0.297179,-0.039545,-0.245505,-0.258270,-0.058813,-0.245666,-0.293488
2026-05-27 14:42:47.683,56.999986,0.000000,0.000000,0.000000,0.051089,-0.199779,-0.314700,-0.119301,-0.207916,-0.316230,-0.034106,-0.203848,-0.315465,0.000854,-0.215177,-0.297179,-0.039545,-0.245505,-0.258270,-0.058813,-0.245666,-0.293488
2026-05-27 14:42:47.783,57.099986,0.000000,0.000000,0.000000,0.051089,-0.199779,-0.314700,-0.119301,-0.207916,-0.316230,-0.034106,-0.203848,-0.315465,0.000854,-0.215177,-0.297179,-0.039545,-0.245505,-0.258270,-0.058813,-0.245666,-0.293488
2026-05-27 14:42:47.883,57.199986,0.000000,0.000000,0.000000,0.051089,-0.199779,-0.314700,-0.119301,-0.207916,-0.316230,-0.034106,-0.203848,-0.315465,0.000854,-0.215177,-0.297179,-0.039545,-0.245505,-0.258270,-0.058813,-0.245666,-0.293488
2026-05-27 14:42:47.983,57.299986,0.000000,0.000000,0.000000,0.051089,-0.199779,-0.314700,-0.119301,-0.207916,-0.316230,-0.034106,-0.203848,-0.315465,0.000854,-0.215177,-0.297179,-0.039545,-0.245505,-0.258270,-0.058813,-0.245666,-0.293488
2026-05-27 14:42:48.083,57.399986,0.000000,0.000000,0.000000,0.051089,-0.199779,-0.314700,-0.119301,-0.207916,-0.316230,-0.034106,-0.203848,-0.315465,0.000854,-0.215177,-0.297179,-0.039545,-0.245505,-0.258270,-0.058813,-0.245666,-0.293488
2026-05-27 14:42:48.183,57.499986,0.000000,0.000000,0.000000,0.051089,-0.199779,-0.314700,-0.119301,-0.207916,-0.316230,-0.034106,-0.203848,-0.315465,0.000854,-0.215177,-0.297179,-0.039545,-0.245505,-0.258270,-0.058813,-0.245666,-0.293488
2026-05-27 14:42:48.283,57.599986,0.000000,0.000000,0.000000,0.051089,-0.199779,-0.314700,-0.119301,-0.207916,-0.316230,-0.034106,-0.203848,-0.315465,0.000854,-0.215177,-0.297179,-0.039545,-0.245505,-0.258270,-0.058813,-0.245666,-0.293488
2026-05-27 14:42:48.383,57.699986,0.000000,0.000000,0.000000,0.051089,-0.199779,-0.314700,-0.119301,-0.207916,-0.316230,-0.034106,-0.203848,-0.315465,0.000854,-0.215177,-0.297179,-0.039545,-0.245505,-0.258270,-0.058813,-0.245666,-0.293488
2026-05-27 14:42:48.483,57.799986,0.000000,0.000000,0.000000,0.051089,-0.199779,-0.314700,-0.119301,-0.207916,-0.316230,-0.034106,-0.203848,-0.315465,0.000854,-0.215177,-0.297179,-0.039545,-0.245505,-0.258270,-0.058813,-0.245666,-0.293488
2026-05-27 14:42:48.583,57.899986,0.000000,0.000000,0.000000,0.051089,-0.199779,-0.314700,-0.119301,-0.207916,-0.316230,-0.034106,-0.203848,-0.315465,0.000854,-0.215177,-0.297179,-0.039545,-0.245505,-0.258270,-0.058813,-0.245666,-0.293488
2026-05-27 14:42:48.683,57.999986,0.000000,0.000000,0.000000,0.051089,-0.199779,-0.314700,-0.119301,-0.207916,-0.316230,-0.034106,-0.203848,-0.315465,0.000854,-0.215177,-0.297179,-0.039545,-0.245505,-0.258270,-0.058813,-0.245666,-0.293488
2026-05-27 14:42:48.783,58.099986,0.000000,0.000000,0.000000,0.051089,-0.199779,-0.314700,-0.119301,-0.207916,-0.316230,-0.034106,-0.203848,-0.315465,0.000854,-0.215177,-0.297179,-0.039545,-0.245505,-0.258270,-0.058813,-0.245666,-0.293488
2026-05-27 14:42:48.883,58.199986,0.000000,0.000000,0.000000,0.051089,-0.199779,-0.314700,-0.119301,-0.207916,-0.316230,-0.034106,-0.203848,-0.315465,0.000854,-0.215177,-0.297179,-0.039545,-0.245505,-0.258270,-0.058813,-0.245666,-0.293488
2026-05-27 14:42:48.983,58.299986,0.000000,0.000000,0.000000,0.051089,-0.199779,-0.314700,-0.119301,-0.207916,-0.316230,-0.034106,-0.203848,-0.315465,0.000854,-0.215177,-0.297179,-0.039545,-0.245505,-0.258270,-0.058813,-0.245666,-0.293488
2026-05-27 14:42:49.083,58.399986,0.000000,0.000000,0.000000,0.051089,-0.199779,-0.314700,-0.119301,-0.207916,-0.316230,-0.034106,-0.203848,-0.315465,0.000854,-0.215177,-0.297179,-0.039545,-0.245505,-0.258270,-0.058813,-0.245666,-0.293488
2026-05-27 14:42:49.183,58.499986,0.000000,0.000000,0.000000,0.051089,-0.199779,-0.314700,-0.119301,-0.207916,-0.316230,-0.034106,-0.203848,-0.315465,0.000854,-0.215177,-0.297179,-0.039545,-0.245505,-0.258270,-0.058813,-0.245666,-0.293488
2026-05-27 14:42:49.283,58.599986,0.000000,0.000000,0.000000,0.051089,-0.199779,-0.314700,-0.119301,-0.207916,-0.316230,-0.034106,-0.203848,-0.315465,0.000854,-0.215177,-0.297179,-0.039545,-0.245505,-0.258270,-0.058813,-0.245666,-0.293488
2026-05-27 14:42:49.383,58.699986,0.000000,0.000000,0.000000,0.051089,-0.199779,-0.314700,-0.119301,-0.207916,-0.316230,-0.034106,-0.203848,-0.315465,0.000854,-0.215177,-0.297179,-0.039545,-0.245505,-0.258270,-0.058813,-0.245666,-0.293488
2026-05-27 14:42:49.483,58.799986,0.000000,0.000000,0.000000,0.051089,-0.199779,-0.314700,-0.119301,-0.207916,-0.316230,-0.034106,-0.203848,-0.315465,0.000854,-0.215177,-0.297179,-0.039545,-0.245505,-0.258270,-0.058813,-0.245666,-0.293488
2026-05-27 14:42:49.583,58.899986,0.000000,0.000000,0.000000,0.051089,-0.199779,-0.314700,-0.119301,-0.207916,-0.316230,-0.034106,-0.203848,-0.315465,0.000854,-0.215177,-0.297179,-0.039545,-0.245505,-0.258270,-0.058813,-0.245666,-0.293488
2026-05-27 14:42:49.683,58.999986,0.000000,0.000000,0.000000,0.051089,-0.199779,-0.314700,-0.119301,-0.207916,-0.316230,-0.034106,-0.203848,-0.315465,0.000854,-0.215177,-0.297179,-0.039545,-0.245505,-0.258270,-0.058813,-0.245666,-0.293488
2026-05-27 14:42:49.783,59.099986,0.000000,0.000000,0.000000,0.051089,-0.199779,-0.314700,-0.119301,-0.207916,-0.316230,-0.034106,-0.203848,-0.315465,0.000854,-0.215177,-0.297179,-0.039545,-0.245505,-0.258270,-0.058813,-0.245666,-0.293488
2026-05-27 14:42:49.883,59.199986,0.000000,0.000000,0.000000,0.051089,-0.199779,-0.314700,-0.119301,-0.207916,-0.316230,-0.034106,-0.203848,-0.315465,0.000854,-0.215177,-0.297179,-0.039545,-0.245505,-0.258270,-0.058813,-0.245666,-0.293488
2026-05-27 14:42:49.983,59.299986,0.000000,0.000000,0.000000,0.051089,-0.199779,-0.314700,-0.119301,-0.207916,-0.316230,-0.034106,-0.203848,-0.315465,0.000854,-0.215177,-0.297179,-0.039545,-0.245505,-0.258270,-0.058813,-0.245666,-0.293488
2026-05-27 14:42:50.083,59.399986,0.000000,0.000000,0.000000,0.051089,-0.199779,-0.314700,-0.119301,-0.207916,-0.316230,-0.034106,-0.203848,-0.315465,0.000854,-0.215177,-0.297179,-0.039545,-0.245505,-0.258270,-0.058813,-0.245666,-0.293488
2026-05-27 14:42:50.183,59.499986,0.000000,0.000000,0.000000,0.051089,-0.199779,-0.314700,-0.119301,-0.207916,-0.316230,-0.034106,-0.203848,-0.315465,0.000854,-0.215177,-0.297179,-0.039545,-0.245505,-0.258270,-0.058813,-0.245666,-0.293488
2026-05-27 14:42:50.283,59.599986,0.000000,0.000000,0.000000,0.051089,-0.199779,-0.314700,-0.119301,-0.207916,-0.316230,-0.034106,-0.203848,-0.315465,0.000854,-0.215177,-0.297179,-0.039545,-0.245505,-0.258270,-0.058813,-0.245666,-0.293488
2026-05-27 14:42:50.383,59.699986,0.000000,0.000000,0.000000,0.051089,-0.199779,-0.314700,-0.119301,-0.207916,-0.316230,-0.034106,-0.203848,-0.315465,0.000854,-0.215177,-0.297179,-0.039545,-0.245505,-0.258270,-0.058813,-0.245666,-0.293488
2026-05-27 14:42:50.483,59.799986,0.000000,0.000000,0.000000,0.051089,-0.199779,-0.314700,-0.119301,-0.207916,-0.316230,-0.034106,-0.203848,-0.315465,0.000854,-0.215177,-0.297179,-0.039545,-0.245505,-0.258270,-0.058813,-0.245666,-0.293488
2026-05-27 14:42:50.583,59.899986,0.000000,0.000000,0.000000,0.051089,-0.199779,-0.314700,-0.119301,-0.207916,-0.316230,-0.034106,-0.203848,-0.315465,0.000854,-0.215177,-0.297179,-0.039545,-0.245505,-0.258270,-0.058813,-0.245666,-0.293488
2026-05-27 14:42:50.683,59.999986,0.000000,0.000000,0.000000,0.051089,-0.199779,-0.314700,-0.119301,-0.207916,-0.316230,-0.034106,-0.203848,-0.315465,0.000854,-0.215177,-0.297179,-0.039545,-0.245505,-0.258270,-0.058813,-0.245666,-0.293488
2026-05-27 14:42:50.783,60.099986,0.000000,0.000000,0.000000,0.051089,-0.199779,-0.314700,-0.119301,-0.207916,-0.316230,-0.034106,-0.203848,-0.315465,0.000854,-0.215177,-0.297179,-0.039545,-0.245505,-0.258270,-0.058813,-0.245666,-0.293488
2026-05-27 14:42:50.883,60.199986,0.000000,0.000000,0.000000,0.051089,-0.199779,-0.314700,-0.119301,-0.207916,-0.316230,-0.034106,-0.203848,-0.315465,0.000854,-0.215177,-0.297179,-0.039545,-0.245505,-0.258270,-0.058813,-0.245666,-0.293488
2026-05-27 14:42:50.983,60.299986,0.000000,0.000000,0.000000,0.051089,-0.199779,-0.314700,-0.119301,-0.207916,-0.316230,-0.034106,-0.203848,-0.315465,0.000854,-0.215177,-0.297179,-0.039545,-0.245505,-0.258270,-0.058813,-0.245666,-0.293488
2026-05-27 14:42:51.083,60.399986,0.000000,0.000000,0.000000,0.051089,-0.199779,-0.314700,-0.119301,-0.207916,-0.316230,-0.034106,-0.203848,-0.315465,0.000854,-0.215177,-0.297179,-0.039545,-0.245505,-0.258270,-0.058813,-0.245666,-0.293488
2026-05-27 14:42:51.183,60.499986,0.000000,0.000000,0.000000,0.051089,-0.199779,-0.314700,-0.119301,-0.207916,-0.316230,-0.034106,-0.203848,-0.315465,0.000854,-0.215177,-0.297179,-0.039545,-0.245505,-0.258270,-0.058813,-0.245666,-0.293488
2026-05-27 14:42:51.283,60.599986,0.000000,0.000000,0.000000,0.051089,-0.199779,-0.314700,-0.119301,-0.207916,-0.316230,-0.034106,-0.203848,-0.315465,0.000854,-0.215177,-0.297179,-0.039545,-0.245505,-0.258270,-0.058813,-0.245666,-0.293488
2026-05-27 14:42:51.383,60.699986,0.000000,0.000000,0.000000,0.051089,-0.199779,-0.314700,-0.119301,-0.207916,-0.316230,-0.034106,-0.203848,-0.315465,0.000854,-0.215177,-0.297179,-0.039545,-0.245505,-0.258270,-0.058813,-0.245666,-0.293488
2026-05-27 14:42:51.483,60.799986,0.000000,0.000000,0.000000,0.051089,-0.199779,-0.314700,-0.119301,-0.207916,-0.316230,-0.034106,-0.203848,-0.315465,0.000854,-0.215177,-0.297179,-0.039545,-0.245505,-0.258270,-0.058813,-0.245666,-0.293488
2026-05-27 14:42:51.583,60.899986,0.000000,0.000000,0.000000,0.051089,-0.199779,-0.314700,-0.119301,-0.207916,-0.316230,-0.034106,-0.203848,-0.315465,0.000854,-0.215177,-0.297179,-0.039545,-0.245505,-0.258270,-0.058813,-0.245666,-0.293488
2026-05-27 14:42:51.683,60.999986,0.000000,0.000000,0.000000,0.051089,-0.199779,-0.314700,-0.119301,-0.207916,-0.316230,-0.034106,-0.203848,-0.315465,0.000854,-0.215177,-0.297179,-0.039545,-0.245505,-0.258270,-0.058813,-0.245666,-0.293488
2026-05-27 14:42:51.783,61.099986,0.000000,0.000000,0.000000,0.051089,-0.199779,-0.314700,-0.119301,-0.207916,-0.316230,-0.034106,-0.203848,-0.315465,0.000854,-0.215177,-0.297179,-0.039545,-0.245505,-0.258270,-0.058813,-0.245666,-0.293488
2026-05-27 14:42:51.883,61.199986,0.000000,0.000000,0.000000,0.051089,-0.199779,-0.314700,-0.119301,-0.207916,-0.316230,-0.034106,-0.203848,-0.315465,0.000854,-0.215177,-0.297179,-0.039545,-0.245505,-0.258270,-0.058813,-0.245666,-0.293488
2026-05-27 14:42:51.983,61.299986,0.000000,0.000000,0.000000,0.051089,-0.199779,-0.314700,-0.119301,-0.207916,-0.316230,-0.034106,-0.203848,-0.315465,0.000854,-0.215177,-0.297179,-0.039545,-0.245505,-0.258270,-0.058813,-0.245666,-0.293488
2026-05-27 14:42:52.083,61.399986,0.000000,0.000000,0.000000,0.051089,-0.199779,-0.314700,-0.119301,-0.207916,-0.316230,-0.034106,-0.203848,-0.315465,0.000854,-0.215177,-0.297179,-0.039545,-0.245505,-0.258270,-0.058813,-0.245666,-0.293488
2026-05-27 14:42:52.183,61.499986,0.000000,0.000000,0.000000,0.051089,-0.199779,-0.314700,-0.119301,-0.207916,-0.316230,-0.034106,-0.203848,-0.315465,0.000854,-0.215177,-0.297179,-0.039545,-0.245505,-0.258270,-0.058813,-0.245666,-0.293488
2026-05-27 14:42:52.283,61.599986,0.000000,0.000000,0.000000,0.051089,-0.199779,-0.314700,-0.119301,-0.207916,-0.316230,-0.034106,-0.203848,-0.315465,0.000854,-0.215177,-0.297179,-0.039545,-0.245505,-0.258270,-0.058813,-0.245666,-0.293488
2026-05-27 14:42:52.383,61.699986,0.000000,0.000000,0.000000,0.051089,-0.199779,-0.314700,-0.119301,-0.207916,-0.316230,-0.034106,-0.203848,-0.315465,0.000854,-0.215177,-0.297179,-0.039545,-0.245505,-0.258270,-0.058813,-0.245666,-0.293488
2026-05-27 14:42:52.483,61.799986,0.000000,0.000000,0.000000,0.051089,-0.199779,-0.314700,-0.119301,-0.207916,-0.316230,-0.034106,-0.203848,-0.315465,0.000854,-0.215177,-0.297179,-0.039545,-0.245505,-0.258270,-0.058813,-0.245666,-0.293488
2026-05-27 14:42:52.583,61.899986,0.000000,0.000000,0.000000,0.051089,-0.199779,-0.314700,-0.119301,-0.207916,-0.316230,-0.034106,-0.203848,-0.315465,0.000854,-0.215177,-0.297179,-0.039545,-0.245505,-0.258270,-0.058813,-0.245666,-0.293488
2026-05-27 14:42:52.683,61.999986,0.000000,0.000000,0.000000,0.051089,-0.199779,-0.314700,-0.119301,-0.207916,-0.316230,-0.034106,-0.203848,-0.315465,0.000854,-0.215177,-0.297179,-0.039545,-0.245505,-0.258270,-0.058813,-0.245666,-0.293488
2026-05-27 14:42:52.783,62.099986,0.000000,0.000000,0.000000,0.051089,-0.199779,-0.314700,-0.119301,-0.207916,-0.316230,-0.034106,-0.203848,-0.315465,0.000854,-0.215177,-0.297179,-0.039545,-0.245505,-0.258270,-0.058813,-0.245666,-0.293488
2026-05-27 14:42:52.883,62.199986,0.000000,0.000000,0.000000,0.051089,-0.199779,-0.314700,-0.119301,-0.207916,-0.316230,-0.034106,-0.203848,-0.315465,0.000854,-0.215177,-0.297179,-0.039545,-0.245505,-0.258270,-0.058813,-0.245666,-0.293488
2026-05-27 14:42:52.983,62.299986,0.000000,0.000000,0.000000,0.051089,-0.199779,-0.314700,-0.119301,-0.207916,-0.316230,-0.034106,-0.203848,-0.315465,0.000854,-0.215177,-0.297179,-0.039545,-0.245505,-0.258270,-0.058813,-0.245666,-0.293488
2026-05-27 14:42:53.083,62.399986,0.000000,0.000000,0.000000,0.051089,-0.199779,-0.314700,-0.119301,-0.207916,-0.316230,-0.034106,-0.203848,-0.315465,0.000854,-0.215177,-0.297179,-0.039545,-0.245505,-0.258270,-0.058813,-0.245666,-0.293488
2026-05-27 14:42:53.183,62.499986,0.000000,0.000000,0.000000,0.051089,-0.199779,-0.314700,-0.119301,-0.207916,-0.316230,-0.034106,-0.203848,-0.315465,0.000854,-0.215177,-0.297179,-0.039545,-0.245505,-0.258270,-0.058813,-0.245666,-0.293488
2026-05-27 14:42:53.283,62.599986,0.000000,0.000000,0.000000,0.051089,-0.199779,-0.314700,-0.119301,-0.207916,-0.316230,-0.034106,-0.203848,-0.315465,0.000854,-0.215177,-0.297179,-0.039545,-0.245505,-0.258270,-0.058813,-0.245666,-0.293488
2026-05-27 14:42:53.383,62.699986,0.000000,0.000000,0.000000,0.051089,-0.199779,-0.314700,-0.119301,-0.207916,-0.316230,-0.034106,-0.203848,-0.315465,0.000854,-0.215177,-0.297179,-0.039545,-0.245505,-0.258270,-0.058813,-0.245666,-0.293488
2026-05-27 14:42:53.483,62.799986,0.000000,0.000000,0.000000,0.051089,-0.199779,-0.314700,-0.119301,-0.207916,-0.316230,-0.034106,-0.203848,-0.315465,0.000854,-0.215177,-0.297179,-0.039545,-0.245505,-0.258270,-0.058813,-0.245666,-0.293488
2026-05-27 14:42:53.583,62.899986,0.000000,0.000000,0.000000,0.051089,-0.199779,-0.314700,-0.119301,-0.207916,-0.316230,-0.034106,-0.203848,-0.315465,0.000854,-0.215177,-0.297179,-0.039545,-0.245505,-0.258270,-0.058813,-0.245666,-0.293488
2026-05-27 14:42:53.683,62.999986,0.000000,0.000000,0.000000,0.051089,-0.199779,-0.314700,-0.119301,-0.207916,-0.316230,-0.034106,-0.203848,-0.315465,0.000854,-0.215177,-0.297179,-0.039545,-0.245505,-0.258270,-0.058813,-0.245666,-0.293488
2026-05-27 14:42:53.783,63.099986,0.000000,0.000000,0.000000,0.051089,-0.199779,-0.314700,-0.119301,-0.207916,-0.316230,-0.034106,-0.203848,-0.315465,0.000854,-0.215177,-0.297179,-0.039545,-0.245505,-0.258270,-0.058813,-0.245666,-0.293488
2026-05-27 14:42:53.883,63.199986,0.000000,0.000000,0.000000,0.051089,-0.199779,-0.314700,-0.119301,-0.207916,-0.316230,-0.034106,-0.203848,-0.315465,0.000854,-0.215177,-0.297179,-0.039545,-0.245505,-0.258270,-0.058813,-0.245666,-0.293488
2026-05-27 14:42:53.983,63.299986,0.000000,0.000000,0.000000,0.051089,-0.199779,-0.314700,-0.119301,-0.207916,-0.316230,-0.034106,-0.203848,-0.315465,0.000854,-0.215177,-0.297179,-0.039545,-0.245505,-0.258270,-0.058813,-0.245666,-0.293488
2026-05-27 14:42:54.083,63.399986,0.000000,0.000000,0.000000,0.051089,-0.199779,-0.314700,-0.119301,-0.207916,-0.316230,-0.034106,-0.203848,-0.315465,0.000854,-0.215177,-0.297179,-0.039545,-0.245505,-0.258270,-0.058813,-0.245666,-0.293488
2026-05-27 14:42:54.183,63.499986,0.000000,0.000000,0.000000,0.051089,-0.199779,-0.314700,-0.119301,-0.207916,-0.316230,-0.034106,-0.203848,-0.315465,0.000854,-0.215177,-0.297179,-0.039545,-0.245505,-0.258270,-0.058813,-0.245666,-0.293488
2026-05-27 14:42:54.283,63.599986,0.000000,0.000000,0.000000,0.051089,-0.199779,-0.314700,-0.119301,-0.207916,-0.316230,-0.034106,-0.203848,-0.315465,0.000854,-0.215177,-0.297179,-0.039545,-0.245505,-0.258270,-0.058813,-0.245666,-0.293488
2026-05-27 14:42:54.383,63.699986,0.000000,0.000000,0.000000,0.051089,-0.199779,-0.314700,-0.119301,-0.207916,-0.316230,-0.034106,-0.203848,-0.315465,0.000854,-0.215177,-0.297179,-0.039545,-0.245505,-0.258270,-0.058813,-0.245666,-0.293488
2026-05-27 14:42:54.483,63.799986,0.000000,0.000000,0.000000,0.051089,-0.199779,-0.314700,-0.119301,-0.207916,-0.316230,-0.034106,-0.203848,-0.315465,0.000854,-0.215177,-0.297179,-0.039545,-0.245505,-0.258270,-0.058813,-0.245666,-0.293488
2026-05-27 14:42:54.583,63.899986,0.000000,0.000000,0.000000,0.051089,-0.199779,-0.314700,-0.119301,-0.207916,-0.316230,-0.034106,-0.203848,-0.315465,0.000854,-0.215177,-0.297179,-0.039545,-0.245505,-0.258270,-0.058813,-0.245666,-0.293488
2026-05-27 14:42:54.683,63.999986,0.000000,0.000000,0.000000,0.051089,-0.199779,-0.314700,-0.119301,-0.207916,-0.316230,-0.034106,-0.203848,-0.315465,0.000854,-0.215177,-0.297179,-0.039545,-0.245505,-0.258270,-0.058813,-0.245666,-0.293488
2026-05-27 14:42:54.783,64.099986,0.000000,0.000000,0.000000,0.051089,-0.199779,-0.314700,-0.119301,-0.207916,-0.316230,-0.034106,-0.203848,-0.315465,0.000854,-0.215177,-0.297179,-0.039545,-0.245505,-0.258270,-0.058813,-0.245666,-0.293488
2026-05-27 14:42:54.883,64.199986,0.000000,0.000000,0.000000,0.051089,-0.199779,-0.314700,-0.119301,-0.207916,-0.316230,-0.034106,-0.203848,-0.315465,0.000854,-0.215177,-0.297179,-0.039545,-0.245505,-0.258270,-0.058813,-0.245666,-0.293488
2026-05-27 14:42:54.983,64.299986,0.000000,0.000000,0.000000,0.051089,-0.199779,-0.314700,-0.119301,-0.207916,-0.316230,-0.034106,-0.203848,-0.315465,0.000854,-0.215177,-0.297179,-0.039545,-0.245505,-0.258270,-0.058813,-0.245666,-0.293488
2026-05-27 14:42:55.083,64.399986,0.000000,0.000000,0.000000,0.051089,-0.199779,-0.314700,-0.119301,-0.207916,-0.316230,-0.034106,-0.203848,-0.315465,0.000854,-0.215177,-0.297179,-0.039545,-0.245505,-0.258270,-0.058813,-0.245666,-0.293488
2026-05-27 14:42:55.183,64.499986,0.000000,0.000000,0.000000,0.051089,-0.199779,-0.314700,-0.119301,-0.207916,-0.316230,-0.034106,-0.203848,-0.315465,0.000854,-0.215177,-0.297179,-0.039545,-0.245505,-0.258270,-0.058813,-0.245666,-0.293488
2026-05-27 14:42:55.283,64.599986,0.000000,0.000000,0.000000,0.051089,-0.199779,-0.314700,-0.119301,-0.207916,-0.316230,-0.034106,-0.203848,-0.315465,0.000854,-0.215177,-0.297179,-0.039545,-0.245505,-0.258270,-0.058813,-0.245666,-0.293488
2026-05-27 14:42:55.383,64.699986,0.000000,0.000000,0.000000,0.051089,-0.199779,-0.314700,-0.119301,-0.207916,-0.316230,-0.034106,-0.203848,-0.315465,0.000854,-0.215177,-0.297179,-0.039545,-0.245505,-0.258270,-0.058813,-0.245666,-0.293488
2026-05-27 14:42:55.483,64.799986,0.000000,0.000000,0.000000,0.051089,-0.199779,-0.314700,-0.119301,-0.207916,-0.316230,-0.034106,-0.203848,-0.315465,0.000854,-0.215177,-0.297179,-0.039545,-0.245505,-0.258270,-0.058813,-0.245666,-0.293488
2026-05-27 14:42:55.583,64.899986,0.000000,0.000000,0.000000,0.051089,-0.199779,-0.314700,-0.119301,-0.207916,-0.316230,-0.034106,-0.203848,-0.315465,0.000854,-0.215177,-0.297179,-0.039545,-0.245505,-0.258270,-0.058813,-0.245666,-0.293488
2026-05-27 14:42:55.683,64.999986,0.000000,0.000000,0.000000,0.051089,-0.199779,-0.314700,-0.119301,-0.207916,-0.316230,-0.034106,-0.203848,-0.315465,0.000854,-0.215177,-0.297179,-0.039545,-0.245505,-0.258270,-0.058813,-0.245666,-0.293488
2026-05-27 14:42:55.783,65.099986,0.000000,0.000000,0.000000,0.051089,-0.199779,-0.314700,-0.119301,-0.207916,-0.316230,-0.034106,-0.203848,-0.315465,0.000854,-0.215177,-0.297179,-0.039545,-0.245505,-0.258270,-0.058813,-0.245666,-0.293488
2026-05-27 14:42:55.883,65.199986,0.000000,0.000000,0.000000,0.051089,-0.199779,-0.314700,-0.119301,-0.207916,-0.316230,-0.034106,-0.203848,-0.315465,0.000854,-0.215177,-0.297179,-0.039545,-0.245505,-0.258270,-0.058813,-0.245666,-0.293488
2026-05-27 14:42:55.983,65.299986,0.000000,0.000000,0.000000,0.051089,-0.199779,-0.314700,-0.119301,-0.207916,-0.316230,-0.034106,-0.203848,-0.315465,0.000854,-0.215177,-0.297179,-0.039545,-0.245505,-0.258270,-0.058813,-0.245666,-0.293488
2026-05-27 14:42:56.083,65.399986,0.000000,0.000000,0.000000,0.051089,-0.199779,-0.314700,-0.119301,-0.207916,-0.316230,-0.034106,-0.203848,-0.315465,0.000854,-0.215177,-0.297179,-0.039545,-0.245505,-0.258270,-0.058813,-0.245666,-0.293488
2026-05-27 14:42:56.183,65.499986,0.000000,0.000000,0.000000,0.051089,-0.199779,-0.314700,-0.119301,-0.207916,-0.316230,-0.034106,-0.203848,-0.315465,0.000854,-0.215177,-0.297179,-0.039545,-0.245505,-0.258270,-0.058813,-0.245666,-0.293488
2026-05-27 14:42:56.283,65.599986,0.000000,0.000000,0.000000,0.051089,-0.199779,-0.314700,-0.119301,-0.207916,-0.316230,-0.034106,-0.203848,-0.315465,0.000854,-0.215177,-0.297179,-0.039545,-0.245505,-0.258270,-0.058813,-0.245666,-0.293488
2026-05-27 14:42:56.383,65.699986,0.000000,0.000000,0.000000,0.051089,-0.199779,-0.314700,-0.119301,-0.207916,-0.316230,-0.034106,-0.203848,-0.315465,0.000854,-0.215177,-0.297179,-0.039545,-0.245505,-0.258270,-0.058813,-0.245666,-0.293488
2026-05-27 14:42:56.483,65.799986,0.000000,0.000000,0.000000,0.051089,-0.199779,-0.314700,-0.119301,-0.207916,-0.316230,-0.034106,-0.203848,-0.315465,0.000854,-0.215177,-0.297179,-0.039545,-0.245505,-0.258270,-0.058813,-0.245666,-0.293488
2026-05-27 14:42:56.583,65.899986,0.000000,0.000000,0.000000,0.051089,-0.199779,-0.314700,-0.119301,-0.207916,-0.316230,-0.034106,-0.203848,-0.315465,0.000854,-0.215177,-0.297179,-0.039545,-0.245505,-0.258270,-0.058813,-0.245666,-0.293488
2026-05-27 14:42:56.683,65.999986,0.000000,0.000000,0.000000,0.051089,-0.199779,-0.314700,-0.119301,-0.207916,-0.316230,-0.034106,-0.203848,-0.315465,0.000854,-0.215177,-0.297179,-0.039545,-0.245505,-0.258270,-0.058813,-0.245666,-0.293488
2026-05-27 14:42:56.783,66.099986,0.000000,0.000000,0.000000,0.051089,-0.199779,-0.314700,-0.119301,-0.207916,-0.316230,-0.034106,-0.203848,-0.315465,0.000854,-0.215177,-0.297179,-0.039545,-0.245505,-0.258270,-0.058813,-0.245666,-0.293488
2026-05-27 14:42:56.883,66.199986,0.000000,0.000000,0.000000,0.051089,-0.199779,-0.314700,-0.119301,-0.207916,-0.316230,-0.034106,-0.203848,-0.315465,0.000854,-0.215177,-0.297179,-0.039545,-0.245505,-0.258270,-0.058813,-0.245666,-0.293488
2026-05-27 14:42:56.983,66.299986,0.000000,0.000000,0.000000,0.051089,-0.199779,-0.314700,-0.119301,-0.207916,-0.316230,-0.034106,-0.203848,-0.315465,0.000854,-0.215177,-0.297179,-0.039545,-0.245505,-0.258270,-0.058813,-0.245666,-0.293488
2026-05-27 14:42:57.083,66.399986,0.000000,0.000000,0.000000,0.051089,-0.199779,-0.314700,-0.119301,-0.207916,-0.316230,-0.034106,-0.203848,-0.315465,0.000854,-0.215177,-0.297179,-0.039545,-0.245505,-0.258270,-0.058813,-0.245666,-0.293488
2026-05-27 14:42:57.183,66.499986,0.000000,0.000000,0.000000,0.051089,-0.199779,-0.314700,-0.119301,-0.207916,-0.316230,-0.034106,-0.203848,-0.315465,0.000854,-0.215177,-0.297179,-0.039545,-0.245505,-0.258270,-0.058813,-0.245666,-0.293488
2026-05-27 14:42:57.283,66.599986,0.000000,0.000000,0.000000,0.051089,-0.199779,-0.314700,-0.119301,-0.207916,-0.316230,-0.034106,-0.203848,-0.315465,0.000854,-0.215177,-0.297179,-0.039545,-0.245505,-0.258270,-0.058813,-0.245666,-0.293488
2026-05-27 14:42:57.383,66.699986,0.000000,0.000000,0.000000,0.051089,-0.199779,-0.314700,-0.119301,-0.207916,-0.316230,-0.034106,-0.203848,-0.315465,0.000854,-0.215177,-0.297179,-0.039545,-0.245505,-0.258270,-0.058813,-0.245666,-0.293488
2026-05-27 14:42:57.483,66.799986,0.000000,0.000000,0.000000,0.051089,-0.199779,-0.314700,-0.119301,-0.207916,-0.316230,-0.034106,-0.203848,-0.315465,0.000854,-0.215177,-0.297179,-0.039545,-0.245505,-0.258270,-0.058813,-0.245666,-0.293488
2026-05-27 14:42:57.583,66.899986,0.000000,0.000000,0.000000,0.051089,-0.199779,-0.314700,-0.119301,-0.207916,-0.316230,-0.034106,-0.203848,-0.315465,0.000854,-0.215177,-0.297179,-0.039545,-0.245505,-0.258270,-0.058813,-0.245666,-0.293488
2026-05-27 14:42:57.683,66.999986,0.000000,0.000000,0.000000,0.051089,-0.199779,-0.314700,-0.119301,-0.207916,-0.316230,-0.034106,-0.203848,-0.315465,0.000854,-0.215177,-0.297179,-0.039545,-0.245505,-0.258270,-0.058813,-0.245666,-0.293488
2026-05-27 14:42:57.783,67.099986,0.000000,0.000000,0.000000,0.051089,-0.199779,-0.314700,-0.119301,-0.207916,-0.316230,-0.034106,-0.203848,-0.315465,0.000854,-0.215177,-0.297179,-0.039545,-0.245505,-0.258270,-0.058813,-0.245666,-0.293488
2026-05-27 14:42:57.883,67.199986,0.000000,0.000000,0.000000,0.051089,-0.199779,-0.314700,-0.119301,-0.207916,-0.316230,-0.034106,-0.203848,-0.315465,0.000854,-0.215177,-0.297179,-0.039545,-0.245505,-0.258270,-0.058813,-0.245666,-0.293488
2026-05-27 14:42:57.983,67.299986,0.000000,0.000000,0.000000,0.051089,-0.199779,-0.314700,-0.119301,-0.207916,-0.316230,-0.034106,-0.203848,-0.315465,0.000854,-0.215177,-0.297179,-0.039545,-0.245505,-0.258270,-0.058813,-0.245666,-0.293488
2026-05-27 14:42:58.083,67.399986,0.000000,0.000000,0.000000,0.051089,-0.199779,-0.314700,-0.119301,-0.207916,-0.316230,-0.034106,-0.203848,-0.315465,0.000854,-0.215177,-0.297179,-0.039545,-0.245505,-0.258270,-0.058813,-0.245666,-0.293488
2026-05-27 14:42:58.183,67.499986,0.000000,0.000000,0.000000,0.051089,-0.199779,-0.314700,-0.119301,-0.207916,-0.316230,-0.034106,-0.203848,-0.315465,0.000854,-0.215177,-0.297179,-0.039545,-0.245505,-0.258270,-0.058813,-0.245666,-0.293488
2026-05-27 14:42:58.283,67.599986,0.000000,0.000000,0.000000,0.051089,-0.199779,-0.314700,-0.119301,-0.207916,-0.316230,-0.034106,-0.203848,-0.315465,0.000854,-0.215177,-0.297179,-0.039545,-0.245505,-0.258270,-0.058813,-0.245666,-0.293488
2026-05-27 14:42:58.383,67.699986,0.000000,0.000000,0.000000,0.051089,-0.199779,-0.314700,-0.119301,-0.207916,-0.316230,-0.034106,-0.203848,-0.315465,0.000854,-0.215177,-0.297179,-0.039545,-0.245505,-0.258270,-0.058813,-0.245666,-0.293488
2026-05-27 14:42:58.483,67.799986,0.000000,0.000000,0.000000,0.051089,-0.199779,-0.314700,-0.119301,-0.207916,-0.316230,-0.034106,-0.203848,-0.315465,0.000854,-0.215177,-0.297179,-0.039545,-0.245505,-0.258270,-0.058813,-0.245666,-0.293488
2026-05-27 14:42:58.583,67.899986,0.000000,0.000000,0.000000,0.051089,-0.199779,-0.314700,-0.119301,-0.207916,-0.316230,-0.034106,-0.203848,-0.315465,0.000854,-0.215177,-0.297179,-0.039545,-0.245505,-0.258270,-0.058813,-0.245666,-0.293488
2026-05-27 14:42:58.683,67.999986,0.000000,0.000000,0.000000,0.051089,-0.199779,-0.314700,-0.119301,-0.207916,-0.316230,-0.034106,-0.203848,-0.315465,0.000854,-0.215177,-0.297179,-0.039545,-0.245505,-0.258270,-0.058813,-0.245666,-0.293488
2026-05-27 14:42:58.783,68.099986,0.000000,0.000000,0.000000,0.051089,-0.199779,-0.314700,-0.119301,-0.207916,-0.316230,-0.034106,-0.203848,-0.315465,0.000854,-0.215177,-0.297179,-0.039545,-0.245505,-0.258270,-0.058813,-0.245666,-0.293488
2026-05-27 14:42:58.883,68.199986,0.000000,0.000000,0.000000,0.051089,-0.199779,-0.314700,-0.119301,-0.207916,-0.316230,-0.034106,-0.203848,-0.315465,0.000854,-0.215177,-0.297179,-0.039545,-0.245505,-0.258270,-0.058813,-0.245666,-0.293488
2026-05-27 14:42:58.983,68.299986,0.000000,0.000000,0.000000,0.051089,-0.199779,-0.314700,-0.119301,-0.207916,-0.316230,-0.034106,-0.203848,-0.315465,0.000854,-0.215177,-0.297179,-0.039545,-0.245505,-0.258270,-0.058813,-0.245666,-0.293488
2026-05-27 14:42:59.083,68.399986,0.000000,0.000000,0.000000,0.051089,-0.199779,-0.314700,-0.119301,-0.207916,-0.316230,-0.034106,-0.203848,-0.315465,0.000854,-0.215177,-0.297179,-0.039545,-0.245505,-0.258270,-0.058813,-0.245666,-0.293488
2026-05-27 14:42:59.183,68.499986,0.000000,0.000000,0.000000,0.051089,-0.199779,-0.314700,-0.119301,-0.207916,-0.316230,-0.034106,-0.203848,-0.315465,0.000854,-0.215177,-0.297179,-0.039545,-0.245505,-0.258270,-0.058813,-0.245666,-0.293488
2026-05-27 14:42:59.283,68.599986,0.000000,0.000000,0.000000,0.051089,-0.199779,-0.314700,-0.119301,-0.207916,-0.316230,-0.034106,-0.203848,-0.315465,0.000854,-0.215177,-0.297179,-0.039545,-0.245505,-0.258270,-0.058813,-0.245666,-0.293488
2026-05-27 14:42:59.383,68.699986,0.000000,0.000000,0.000000,0.051089,-0.199779,-0.314700,-0.119301,-0.207916,-0.316230,-0.034106,-0.203848,-0.315465,0.000854,-0.215177,-0.297179,-0.039545,-0.245505,-0.258270,-0.058813,-0.245666,-0.293488
2026-05-27 14:42:59.483,68.799986,0.000000,0.000000,0.000000,0.051089,-0.199779,-0.314700,-0.119301,-0.207916,-0.316230,-0.034106,-0.203848,-0.315465,0.000854,-0.215177,-0.297179,-0.039545,-0.245505,-0.258270,-0.058813,-0.245666,-0.293488
2026-05-27 14:42:59.583,68.899986,0.000000,0.000000,0.000000,0.051089,-0.199779,-0.314700,-0.119301,-0.207916,-0.316230,-0.034106,-0.203848,-0.315465,0.000854,-0.215177,-0.297179,-0.039545,-0.245505,-0.258270,-0.058813,-0.245666,-0.293488
2026-05-27 14:42:59.683,68.999986,0.000000,0.000000,0.000000,0.051089,-0.199779,-0.314700,-0.119301,-0.207916,-0.316230,-0.034106,-0.203848,-0.315465,0.000854,-0.215177,-0.297179,-0.039545,-0.245505,-0.258270,-0.058813,-0.245666,-0.293488
2026-05-27 14:42:59.783,69.099986,0.000000,0.000000,0.000000,0.051089,-0.199779,-0.314700,-0.119301,-0.207916,-0.316230,-0.034106,-0.203848,-0.315465,0.000854,-0.215177,-0.297179,-0.039545,-0.245505,-0.258270,-0.058813,-0.245666,-0.293488
2026-05-27 14:42:59.883,69.199986,0.000000,0.000000,0.000000,0.051089,-0.199779,-0.314700,-0.119301,-0.207916,-0.316230,-0.034106,-0.203848,-0.315465,0.000854,-0.215177,-0.297179,-0.039545,-0.245505,-0.258270,-0.058813,-0.245666,-0.293488
2026-05-27 14:42:59.983,69.299986,0.000000,0.000000,0.000000,0.051089,-0.199779,-0.314700,-0.119301,-0.207916,-0.316230,-0.034106,-0.203848,-0.315465,0.000854,-0.215177,-0.297179,-0.039545,-0.245505,-0.258270,-0.058813,-0.245666,-0.293488
2026-05-27 14:43:00.083,69.399986,0.000000,0.000000,0.000000,0.051089,-0.199779,-0.314700,-0.119301,-0.207916,-0.316230,-0.034106,-0.203848,-0.315465,0.000854,-0.215177,-0.297179,-0.039545,-0.245505,-0.258270,-0.058813,-0.245666,-0.293488
2026-05-27 14:43:00.183,69.499986,0.000000,0.000000,0.000000,0.051089,-0.199779,-0.314700,-0.119301,-0.207916,-0.316230,-0.034106,-0.203848,-0.315465,0.000854,-0.215177,-0.297179,-0.039545,-0.245505,-0.258270,-0.058813,-0.245666,-0.293488
2026-05-27 14:43:00.283,69.599986,0.000000,0.000000,0.000000,0.051089,-0.199779,-0.314700,-0.119301,-0.207916,-0.316230,-0.034106,-0.203848,-0.315465,0.000854,-0.215177,-0.297179,-0.039545,-0.245505,-0.258270,-0.058813,-0.245666,-0.293488
2026-05-27 14:43:00.383,69.699986,0.000000,0.000000,0.000000,0.051089,-0.199779,-0.314700,-0.119301,-0.207916,-0.316230,-0.034106,-0.203848,-0.315465,0.000854,-0.215177,-0.297179,-0.039545,-0.245505,-0.258270,-0.058813,-0.245666,-0.293488
2026-05-27 14:43:00.483,69.799986,0.000000,0.000000,0.000000,0.051089,-0.199779,-0.314700,-0.119301,-0.207916,-0.316230,-0.034106,-0.203848,-0.315465,0.000854,-0.215177,-0.297179,-0.039545,-0.245505,-0.258270,-0.058813,-0.245666,-0.293488
2026-05-27 14:43:00.583,69.899986,0.000000,0.000000,0.000000,0.051089,-0.199779,-0.314700,-0.119301,-0.207916,-0.316230,-0.034106,-0.203848,-0.315465,0.000854,-0.215177,-0.297179,-0.039545,-0.245505,-0.258270,-0.058813,-0.245666,-0.293488
2026-05-27 14:43:00.683,69.999986,0.000000,0.000000,0.000000,0.051089,-0.199779,-0.314700,-0.119301,-0.207916,-0.316230,-0.034106,-0.203848,-0.315465,0.000854,-0.215177,-0.297179,-0.039545,-0.245505,-0.258270,-0.058813,-0.245666,-0.293488
2026-05-27 14:43:00.783,70.099986,0.000000,0.000000,0.000000,0.051089,-0.199779,-0.314700,-0.119301,-0.207916,-0.316230,-0.034106,-0.203848,-0.315465,0.000854,-0.215177,-0.297179,-0.039545,-0.245505,-0.258270,-0.058813,-0.245666,-0.293488
2026-05-27 14:43:00.883,70.199986,0.000000,0.000000,0.000000,0.051089,-0.199779,-0.314700,-0.119301,-0.207916,-0.316230,-0.034106,-0.203848,-0.315465,0.000854,-0.215177,-0.297179,-0.039545,-0.245505,-0.258270,-0.058813,-0.245666,-0.293488
2026-05-27 14:43:00.983,70.299986,0.000000,0.000000,0.000000,0.051089,-0.199779,-0.314700,-0.119301,-0.207916,-0.316230,-0.034106,-0.203848,-0.315465,0.000854,-0.215177,-0.297179,-0.039545,-0.245505,-0.258270,-0.058813,-0.245666,-0.293488
2026-05-27 14:43:01.083,70.399986,0.000000,0.000000,0.000000,0.051089,-0.199779,-0.314700,-0.119301,-0.207916,-0.316230,-0.034106,-0.203848,-0.315465,0.000854,-0.215177,-0.297179,-0.039545,-0.245505,-0.258270,-0.058813,-0.245666,-0.293488
2026-05-27 14:43:01.183,70.499986,0.000000,0.000000,0.000000,0.051089,-0.199779,-0.314700,-0.119301,-0.207916,-0.316230,-0.034106,-0.203848,-0.315465,0.000854,-0.215177,-0.297179,-0.039545,-0.245505,-0.258270,-0.058813,-0.245666,-0.293488
2026-05-27 14:43:01.283,70.599986,0.000000,0.000000,0.000000,0.051089,-0.199779,-0.314700,-0.119301,-0.207916,-0.316230,-0.034106,-0.203848,-0.315465,0.000854,-0.215177,-0.297179,-0.039545,-0.245505,-0.258270,-0.058813,-0.245666,-0.293488
2026-05-27 14:43:01.383,70.699986,0.000000,0.000000,0.000000,0.051089,-0.199779,-0.314700,-0.119301,-0.207916,-0.316230,-0.034106,-0.203848,-0.315465,0.000854,-0.215177,-0.297179,-0.039545,-0.245505,-0.258270,-0.058813,-0.245666,-0.293488
2026-05-27 14:43:01.483,70.799986,0.000000,0.000000,0.000000,0.051089,-0.199779,-0.314700,-0.119301,-0.207916,-0.316230,-0.034106,-0.203848,-0.315465,0.000854,-0.215177,-0.297179,-0.039545,-0.245505,-0.258270,-0.058813,-0.245666,-0.293488
2026-05-27 14:43:01.583,70.899986,0.000000,0.000000,0.000000,0.051089,-0.199779,-0.314700,-0.119301,-0.207916,-0.316230,-0.034106,-0.203848,-0.315465,0.000854,-0.215177,-0.297179,-0.039545,-0.245505,-0.258270,-0.058813,-0.245666,-0.293488
2026-05-27 14:43:01.683,70.999986,0.000000,0.000000,0.000000,0.051089,-0.199779,-0.314700,-0.119301,-0.207916,-0.316230,-0.034106,-0.203848,-0.315465,0.000854,-0.215177,-0.297179,-0.039545,-0.245505,-0.258270,-0.058813,-0.245666,-0.293488
2026-05-27 14:43:01.783,71.099986,0.000000,0.000000,0.000000,0.051089,-0.199779,-0.314700,-0.119301,-0.207916,-0.316230,-0.034106,-0.203848,-0.315465,0.000854,-0.215177,-0.297179,-0.039545,-0.245505,-0.258270,-0.058813,-0.245666,-0.293488
2026-05-27 14:43:01.883,71.199986,0.000000,0.000000,0.000000,0.051089,-0.199779,-0.314700,-0.119301,-0.207916,-0.316230,-0.034106,-0.203848,-0.315465,0.000854,-0.215177,-0.297179,-0.039545,-0.245505,-0.258270,-0.058813,-0.245666,-0.293488
2026-05-27 14:43:01.983,71.299986,0.000000,0.000000,0.000000,0.051089,-0.199779,-0.314700,-0.119301,-0.207916,-0.316230,-0.034106,-0.203848,-0.315465,0.000854,-0.215177,-0.297179,-0.039545,-0.245505,-0.258270,-0.058813,-0.245666,-0.293488
2026-05-27 14:43:02.083,71.399986,0.000000,0.000000,0.000000,0.051089,-0.199779,-0.314700,-0.119301,-0.207916,-0.316230,-0.034106,-0.203848,-0.315465,0.000854,-0.215177,-0.297179,-0.039545,-0.245505,-0.258270,-0.058813,-0.245666,-0.293488
2026-05-27 14:43:02.183,71.499986,0.000000,0.000000,0.000000,0.051089,-0.199779,-0.314700,-0.119301,-0.207916,-0.316230,-0.034106,-0.203848,-0.315465,0.000854,-0.215177,-0.297179,-0.039545,-0.245505,-0.258270,-0.058813,-0.245666,-0.293488
2026-05-27 14:43:02.283,71.599986,0.000000,0.000000,0.000000,0.051089,-0.199779,-0.314700,-0.119301,-0.207916,-0.316230,-0.034106,-0.203848,-0.315465,0.000854,-0.215177,-0.297179,-0.039545,-0.245505,-0.258270,-0.058813,-0.245666,-0.293488
2026-05-27 14:43:02.383,71.699986,0.000000,0.000000,0.000000,0.051089,-0.199779,-0.314700,-0.119301,-0.207916,-0.316230,-0.034106,-0.203848,-0.315465,0.000854,-0.215177,-0.297179,-0.039545,-0.245505,-0.258270,-0.058813,-0.245666,-0.293488
2026-05-27 14:43:02.483,71.799986,0.000000,0.000000,0.000000,0.051089,-0.199779,-0.314700,-0.119301,-0.207916,-0.316230,-0.034106,-0.203848,-0.315465,0.000854,-0.215177,-0.297179,-0.039545,-0.245505,-0.258270,-0.058813,-0.245666,-0.293488
2026-05-27 14:43:02.583,71.899986,0.000000,0.000000,0.000000,0.051089,-0.199779,-0.314700,-0.119301,-0.207916,-0.316230,-0.034106,-0.203848,-0.315465,0.000854,-0.215177,-0.297179,-0.039545,-0.245505,-0.258270,-0.058813,-0.245666,-0.293488
2026-05-27 14:43:02.683,71.999986,0.000000,0.000000,0.000000,0.051089,-0.199779,-0.314700,-0.119301,-0.207916,-0.316230,-0.034106,-0.203848,-0.315465,0.000854,-0.215177,-0.297179,-0.039545,-0.245505,-0.258270,-0.058813,-0.245666,-0.293488
2026-05-27 14:43:02.783,72.099986,0.000000,0.000000,0.000000,0.051089,-0.199779,-0.314700,-0.119301,-0.207916,-0.316230,-0.034106,-0.203848,-0.315465,0.000854,-0.215177,-0.297179,-0.039545,-0.245505,-0.258270,-0.058813,-0.245666,-0.293488
2026-05-27 14:43:02.883,72.199986,0.000000,0.000000,0.000000,0.051089,-0.199779,-0.314700,-0.119301,-0.207916,-0.316230,-0.034106,-0.203848,-0.315465,0.000854,-0.215177,-0.297179,-0.039545,-0.245505,-0.258270,-0.058813,-0.245666,-0.293488
2026-05-27 14:43:02.983,72.299986,0.000000,0.000000,0.000000,0.051089,-0.199779,-0.314700,-0.119301,-0.207916,-0.316230,-0.034106,-0.203848,-0.315465,0.000854,-0.215177,-0.297179,-0.039545,-0.245505,-0.258270,-0.058813,-0.245666,-0.293488
2026-05-27 14:43:03.083,72.399986,0.000000,0.000000,0.000000,0.051089,-0.199779,-0.314700,-0.119301,-0.207916,-0.316230,-0.034106,-0.203848,-0.315465,0.000854,-0.215177,-0.297179,-0.039545,-0.245505,-0.258270,-0.058813,-0.245666,-0.293488
2026-05-27 14:43:03.183,72.499986,0.000000,0.000000,0.000000,0.051089,-0.199779,-0.314700,-0.119301,-0.207916,-0.316230,-0.034106,-0.203848,-0.315465,0.000854,-0.215177,-0.297179,-0.039545,-0.245505,-0.258270,-0.058813,-0.245666,-0.293488
2026-05-27 14:43:03.283,72.599986,0.000000,0.000000,0.000000,0.051089,-0.199779,-0.314700,-0.119301,-0.207916,-0.316230,-0.034106,-0.203848,-0.315465,0.000854,-0.215177,-0.297179,-0.039545,-0.245505,-0.258270,-0.058813,-0.245666,-0.293488
2026-05-27 14:43:03.383,72.699986,0.000000,0.000000,0.000000,0.051089,-0.199779,-0.314700,-0.119301,-0.207916,-0.316230,-0.034106,-0.203848,-0.315465,0.000854,-0.215177,-0.297179,-0.039545,-0.245505,-0.258270,-0.058813,-0.245666,-0.293488
2026-05-27 14:43:03.483,72.799986,0.000000,0.000000,0.000000,0.051089,-0.199779,-0.314700,-0.119301,-0.207916,-0.316230,-0.034106,-0.203848,-0.315465,0.000854,-0.215177,-0.297179,-0.039545,-0.245505,-0.258270,-0.058813,-0.245666,-0.293488
2026-05-27 14:43:03.583,72.899986,0.000000,0.000000,0.000000,0.051089,-0.199779,-0.314700,-0.119301,-0.207916,-0.316230,-0.034106,-0.203848,-0.315465,0.000854,-0.215177,-0.297179,-0.039545,-0.245505,-0.258270,-0.058813,-0.245666,-0.293488
2026-05-27 14:43:03.683,72.999986,0.000000,0.000000,0.000000,0.051089,-0.199779,-0.314700,-0.119301,-0.207916,-0.316230,-0.034106,-0.203848,-0.315465,0.000854,-0.215177,-0.297179,-0.039545,-0.245505,-0.258270,-0.058813,-0.245666,-0.293488
2026-05-27 14:43:03.783,73.099986,0.000000,0.000000,0.000000,0.051089,-0.199779,-0.314700,-0.119301,-0.207916,-0.316230,-0.034106,-0.203848,-0.315465,0.000854,-0.215177,-0.297179,-0.039545,-0.245505,-0.258270,-0.058813,-0.245666,-0.293488
2026-05-27 14:43:03.883,73.199986,0.000000,0.000000,0.000000,0.051089,-0.199779,-0.314700,-0.119301,-0.207916,-0.316230,-0.034106,-0.203848,-0.315465,0.000854,-0.215177,-0.297179,-0.039545,-0.245505,-0.258270,-0.058813,-0.245666,-0.293488
2026-05-27 14:43:03.983,73.299986,0.000000,0.000000,0.000000,0.051089,-0.199779,-0.314700,-0.119301,-0.207916,-0.316230,-0.034106,-0.203848,-0.315465,0.000854,-0.215177,-0.297179,-0.039545,-0.245505,-0.258270,-0.058813,-0.245666,-0.293488
2026-05-27 14:43:04.083,73.399986,0.000000,0.000000,0.000000,0.051089,-0.199779,-0.314700,-0.119301,-0.207916,-0.316230,-0.034106,-0.203848,-0.315465,0.000854,-0.215177,-0.297179,-0.039545,-0.245505,-0.258270,-0.058813,-0.245666,-0.293488
2026-05-27 14:43:04.183,73.499986,0.000000,0.000000,0.000000,0.051089,-0.199779,-0.314700,-0.119301,-0.207916,-0.316230,-0.034106,-0.203848,-0.315465,0.000854,-0.215177,-0.297179,-0.039545,-0.245505,-0.258270,-0.058813,-0.245666,-0.293488
2026-05-27 14:43:04.283,73.599986,0.000000,0.000000,0.000000,0.051089,-0.199779,-0.314700,-0.119301,-0.207916,-0.316230,-0.034106,-0.203848,-0.315465,0.000854,-0.215177,-0.297179,-0.039545,-0.245505,-0.258270,-0.058813,-0.245666,-0.293488
2026-05-27 14:43:04.383,73.699986,0.000000,0.000000,0.000000,0.051089,-0.199779,-0.314700,-0.119301,-0.207916,-0.316230,-0.034106,-0.203848,-0.315465,0.000854,-0.215177,-0.297179,-0.039545,-0.245505,-0.258270,-0.058813,-0.245666,-0.293488
2026-05-27 14:43:04.483,73.799986,0.000000,0.000000,0.000000,0.051089,-0.199779,-0.314700,-0.119301,-0.207916,-0.316230,-0.034106,-0.203848,-0.315465,0.000854,-0.215177,-0.297179,-0.039545,-0.245505,-0.258270,-0.058813,-0.245666,-0.293488
2026-05-27 14:43:04.583,73.899986,0.000000,0.000000,0.000000,0.051089,-0.199779,-0.314700,-0.119301,-0.207916,-0.316230,-0.034106,-0.203848,-0.315465,0.000854,-0.215177,-0.297179,-0.039545,-0.245505,-0.258270,-0.058813,-0.245666,-0.293488
2026-05-27 14:43:04.683,73.999986,0.000000,0.000000,0.000000,0.051089,-0.199779,-0.314700,-0.119301,-0.207916,-0.316230,-0.034106,-0.203848,-0.315465,0.000854,-0.215177,-0.297179,-0.039545,-0.245505,-0.258270,-0.058813,-0.245666,-0.293488
2026-05-27 14:43:04.783,74.099986,0.000000,0.000000,0.000000,0.051089,-0.199779,-0.314700,-0.119301,-0.207916,-0.316230,-0.034106,-0.203848,-0.315465,0.000854,-0.215177,-0.297179,-0.039545,-0.245505,-0.258270,-0.058813,-0.245666,-0.293488
2026-05-27 14:43:04.883,74.199986,0.000000,0.000000,0.000000,0.051089,-0.199779,-0.314700,-0.119301,-0.207916,-0.316230,-0.034106,-0.203848,-0.315465,0.000854,-0.215177,-0.297179,-0.039545,-0.245505,-0.258270,-0.058813,-0.245666,-0.293488
2026-05-27 14:43:04.983,74.299986,0.000000,0.000000,0.000000,0.051089,-0.199779,-0.314700,-0.119301,-0.207916,-0.316230,-0.034106,-0.203848,-0.315465,0.000854,-0.215177,-0.297179,-0.039545,-0.245505,-0.258270,-0.058813,-0.245666,-0.293488
2026-05-27 14:43:05.083,74.399986,0.000000,0.000000,0.000000,0.051089,-0.199779,-0.314700,-0.119301,-0.207916,-0.316230,-0.034106,-0.203848,-0.315465,0.000854,-0.215177,-0.297179,-0.039545,-0.245505,-0.258270,-0.058813,-0.245666,-0.293488
2026-05-27 14:43:05.183,74.499986,0.000000,0.000000,0.000000,0.051089,-0.199779,-0.314700,-0.119301,-0.207916,-0.316230,-0.034106,-0.203848,-0.315465,0.000854,-0.215177,-0.297179,-0.039545,-0.245505,-0.258270,-0.058813,-0.245666,-0.293488
2026-05-27 14:43:05.283,74.599986,0.000000,0.000000,0.000000,0.051089,-0.199779,-0.314700,-0.119301,-0.207916,-0.316230,-0.034106,-0.203848,-0.315465,0.000854,-0.215177,-0.297179,-0.039545,-0.245505,-0.258270,-0.058813,-0.245666,-0.293488
2026-05-27 14:43:05.383,74.699986,0.000000,0.000000,0.000000,0.051089,-0.199779,-0.314700,-0.119301,-0.207916,-0.316230,-0.034106,-0.203848,-0.315465,0.000854,-0.215177,-0.297179,-0.039545,-0.245505,-0.258270,-0.058813,-0.245666,-0.293488
2026-05-27 14:43:05.483,74.799986,0.000000,0.000000,0.000000,0.051089,-0.199779,-0.314700,-0.119301,-0.207916,-0.316230,-0.034106,-0.203848,-0.315465,0.000854,-0.215177,-0.297179,-0.039545,-0.245505,-0.258270,-0.058813,-0.245666,-0.293488
2026-05-27 14:43:05.583,74.899986,0.000000,0.000000,0.000000,0.051089,-0.199779,-0.314700,-0.119301,-0.207916,-0.316230,-0.034106,-0.203848,-0.315465,0.000854,-0.215177,-0.297179,-0.039545,-0.245505,-0.258270,-0.058813,-0.245666,-0.293488
2026-05-27 14:43:05.683,74.999986,0.000000,0.000000,0.000000,0.051089,-0.199779,-0.314700,-0.119301,-0.207916,-0.316230,-0.034106,-0.203848,-0.315465,0.000854,-0.215177,-0.297179,-0.039545,-0.245505,-0.258270,-0.058813,-0.245666,-0.293488
2026-05-27 14:43:05.783,75.099986,0.000000,0.000000,0.000000,0.051089,-0.199779,-0.314700,-0.119301,-0.207916,-0.316230,-0.034106,-0.203848,-0.315465,0.000854,-0.215177,-0.297179,-0.039545,-0.245505,-0.258270,-0.058813,-0.245666,-0.293488
2026-05-27 14:43:05.883,75.199986,0.000000,0.000000,0.000000,0.051089,-0.199779,-0.314700,-0.119301,-0.207916,-0.316230,-0.034106,-0.203848,-0.315465,0.000854,-0.215177,-0.297179,-0.039545,-0.245505,-0.258270,-0.058813,-0.245666,-0.293488
2026-05-27 14:43:05.983,75.299986,0.000000,0.000000,0.000000,0.051089,-0.199779,-0.314700,-0.119301,-0.207916,-0.316230,-0.034106,-0.203848,-0.315465,0.000854,-0.215177,-0.297179,-0.039545,-0.245505,-0.258270,-0.058813,-0.245666,-0.293488
2026-05-27 14:43:06.083,75.399986,0.000000,0.000000,0.000000,0.051089,-0.199779,-0.314700,-0.119301,-0.207916,-0.316230,-0.034106,-0.203848,-0.315465,0.000854,-0.215177,-0.297179,-0.039545,-0.245505,-0.258270,-0.058813,-0.245666,-0.293488
2026-05-27 14:43:06.183,75.499986,0.000000,0.000000,0.000000,0.051089,-0.199779,-0.314700,-0.119301,-0.207916,-0.316230,-0.034106,-0.203848,-0.315465,0.000854,-0.215177,-0.297179,-0.039545,-0.245505,-0.258270,-0.058813,-0.245666,-0.293488
2026-05-27 14:43:06.283,75.599986,0.000000,0.000000,0.000000,0.051089,-0.199779,-0.314700,-0.119301,-0.207916,-0.316230,-0.034106,-0.203848,-0.315465,0.000854,-0.215177,-0.297179,-0.039545,-0.245505,-0.258270,-0.058813,-0.245666,-0.293488
2026-05-27 14:43:06.383,75.699986,0.000000,0.000000,0.000000,0.051089,-0.199779,-0.314700,-0.119301,-0.207916,-0.316230,-0.034106,-0.203848,-0.315465,0.000854,-0.215177,-0.297179,-0.039545,-0.245505,-0.258270,-0.058813,-0.245666,-0.293488
2026-05-27 14:43:06.483,75.799986,0.000000,0.000000,0.000000,0.051089,-0.199779,-0.314700,-0.119301,-0.207916,-0.316230,-0.034106,-0.203848,-0.315465,0.000854,-0.215177,-0.297179,-0.039545,-0.245505,-0.258270,-0.058813,-0.245666,-0.293488
2026-05-27 14:43:06.583,75.899986,0.000000,0.000000,0.000000,0.051089,-0.199779,-0.314700,-0.119301,-0.207916,-0.316230,-0.034106,-0.203848,-0.315465,0.000854,-0.215177,-0.297179,-0.039545,-0.245505,-0.258270,-0.058813,-0.245666,-0.293488
2026-05-27 14:43:06.683,75.999986,0.000000,0.000000,0.000000,0.051089,-0.199779,-0.314700,-0.119301,-0.207916,-0.316230,-0.034106,-0.203848,-0.315465,0.000854,-0.215177,-0.297179,-0.039545,-0.245505,-0.258270,-0.058813,-0.245666,-0.293488
2026-05-27 14:43:06.783,76.099986,0.000000,0.000000,0.000000,0.051089,-0.199779,-0.314700,-0.119301,-0.207916,-0.316230,-0.034106,-0.203848,-0.315465,0.000854,-0.215177,-0.297179,-0.039545,-0.245505,-0.258270,-0.058813,-0.245666,-0.293488
2026-05-27 14:43:06.883,76.199986,0.000000,0.000000,0.000000,0.051089,-0.199779,-0.314700,-0.119301,-0.207916,-0.316230,-0.034106,-0.203848,-0.315465,0.000854,-0.215177,-0.297179,-0.039545,-0.245505,-0.258270,-0.058813,-0.245666,-0.293488
2026-05-27 14:43:06.983,76.299986,0.000000,0.000000,0.000000,0.051089,-0.199779,-0.314700,-0.119301,-0.207916,-0.316230,-0.034106,-0.203848,-0.315465,0.000854,-0.215177,-0.297179,-0.039545,-0.245505,-0.258270,-0.058813,-0.245666,-0.293488
2026-05-27 14:43:07.083,76.399986,0.000000,0.000000,0.000000,0.051089,-0.199779,-0.314700,-0.119301,-0.207916,-0.316230,-0.034106,-0.203848,-0.315465,0.000854,-0.215177,-0.297179,-0.039545,-0.245505,-0.258270,-0.058813,-0.245666,-0.293488
2026-05-27 14:43:07.183,76.499986,0.000000,0.000000,0.000000,0.051089,-0.199779,-0.314700,-0.119301,-0.207916,-0.316230,-0.034106,-0.203848,-0.315465,0.000854,-0.215177,-0.297179,-0.039545,-0.245505,-0.258270,-0.058813,-0.245666,-0.293488
2026-05-27 14:43:07.283,76.599986,0.000000,0.000000,0.000000,0.051089,-0.199779,-0.314700,-0.119301,-0.207916,-0.316230,-0.034106,-0.203848,-0.315465,0.000854,-0.215177,-0.297179,-0.039545,-0.245505,-0.258270,-0.058813,-0.245666,-0.293488
2026-05-27 14:43:07.383,76.699986,0.000000,0.000000,0.000000,0.051089,-0.199779,-0.314700,-0.119301,-0.207916,-0.316230,-0.034106,-0.203848,-0.315465,0.000854,-0.215177,-0.297179,-0.039545,-0.245505,-0.258270,-0.058813,-0.245666,-0.293488
2026-05-27 14:43:07.483,76.799986,0.000000,0.000000,0.000000,0.051089,-0.199779,-0.314700,-0.119301,-0.207916,-0.316230,-0.034106,-0.203848,-0.315465,0.000854,-0.215177,-0.297179,-0.039545,-0.245505,-0.258270,-0.058813,-0.245666,-0.293488
2026-05-27 14:43:07.583,76.899986,0.000000,0.000000,0.000000,0.051089,-0.199779,-0.314700,-0.119301,-0.207916,-0.316230,-0.034106,-0.203848,-0.315465,0.000854,-0.215177,-0.297179,-0.039545,-0.245505,-0.258270,-0.058813,-0.245666,-0.293488
2026-05-27 14:43:07.683,76.999986,0.000000,0.000000,0.000000,0.051089,-0.199779,-0.314700,-0.119301,-0.207916,-0.316230,-0.034106,-0.203848,-0.315465,0.000854,-0.215177,-0.297179,-0.039545,-0.245505,-0.258270,-0.058813,-0.245666,-0.293488
2026-05-27 14:43:07.783,77.099986,0.000000,0.000000,0.000000,0.051089,-0.199779,-0.314700,-0.119301,-0.207916,-0.316230,-0.034106,-0.203848,-0.315465,0.000854,-0.215177,-0.297179,-0.039545,-0.245505,-0.258270,-0.058813,-0.245666,-0.293488
2026-05-27 14:43:07.883,77.199986,0.000000,0.000000,0.000000,0.051089,-0.199779,-0.314700,-0.119301,-0.207916,-0.316230,-0.034106,-0.203848,-0.315465,0.000854,-0.215177,-0.297179,-0.039545,-0.245505,-0.258270,-0.058813,-0.245666,-0.293488
2026-05-27 14:43:07.983,77.299986,0.000000,0.000000,0.000000,0.051089,-0.199779,-0.314700,-0.119301,-0.207916,-0.316230,-0.034106,-0.203848,-0.315465,0.000854,-0.215177,-0.297179,-0.039545,-0.245505,-0.258270,-0.058813,-0.245666,-0.293488
2026-05-27 14:43:08.083,77.399986,0.000000,0.000000,0.000000,0.051089,-0.199779,-0.314700,-0.119301,-0.207916,-0.316230,-0.034106,-0.203848,-0.315465,0.000854,-0.215177,-0.297179,-0.039545,-0.245505,-0.258270,-0.058813,-0.245666,-0.293488
2026-05-27 14:43:08.183,77.499986,0.000000,0.000000,0.000000,0.051089,-0.199779,-0.314700,-0.119301,-0.207916,-0.316230,-0.034106,-0.203848,-0.315465,0.000854,-0.215177,-0.297179,-0.039545,-0.245505,-0.258270,-0.058813,-0.245666,-0.293488
2026-05-27 14:43:08.283,77.599986,0.000000,0.000000,0.000000,0.051089,-0.199779,-0.314700,-0.119301,-0.207916,-0.316230,-0.034106,-0.203848,-0.315465,0.000854,-0.215177,-0.297179,-0.039545,-0.245505,-0.258270,-0.058813,-0.245666,-0.293488
2026-05-27 14:43:08.383,77.699986,0.000000,0.000000,0.000000,0.051089,-0.199779,-0.314700,-0.119301,-0.207916,-0.316230,-0.034106,-0.203848,-0.315465,0.000854,-0.215177,-0.297179,-0.039545,-0.245505,-0.258270,-0.058813,-0.245666,-0.293488
2026-05-27 14:43:08.483,77.799986,0.000000,0.000000,0.000000,0.051089,-0.199779,-0.314700,-0.119301,-0.207916,-0.316230,-0.034106,-0.203848,-0.315465,0.000854,-0.215177,-0.297179,-0.039545,-0.245505,-0.258270,-0.058813,-0.245666,-0.293488
2026-05-27 14:43:08.583,77.899986,0.000000,0.000000,0.000000,0.051089,-0.199779,-0.314700,-0.119301,-0.207916,-0.316230,-0.034106,-0.203848,-0.315465,0.000854,-0.215177,-0.297179,-0.039545,-0.245505,-0.258270,-0.058813,-0.245666,-0.293488
2026-05-27 14:43:08.683,77.999986,0.000000,0.000000,0.000000,0.051089,-0.199779,-0.314700,-0.119301,-0.207916,-0.316230,-0.034106,-0.203848,-0.315465,0.000854,-0.215177,-0.297179,-0.039545,-0.245505,-0.258270,-0.058813,-0.245666,-0.293488
2026-05-27 14:43:08.783,78.099986,0.000000,0.000000,0.000000,0.051089,-0.199779,-0.314700,-0.119301,-0.207916,-0.316230,-0.034106,-0.203848,-0.315465,0.000854,-0.215177,-0.297179,-0.039545,-0.245505,-0.258270,-0.058813,-0.245666,-0.293488
2026-05-27 14:43:08.883,78.199986,0.000000,0.000000,0.000000,0.051089,-0.199779,-0.314700,-0.119301,-0.207916,-0.316230,-0.034106,-0.203848,-0.315465,0.000854,-0.215177,-0.297179,-0.039545,-0.245505,-0.258270,-0.058813,-0.245666,-0.293488
2026-05-27 14:43:08.983,78.299986,0.000000,0.000000,0.000000,0.051089,-0.199779,-0.314700,-0.119301,-0.207916,-0.316230,-0.034106,-0.203848,-0.315465,0.000854,-0.215177,-0.297179,-0.039545,-0.245505,-0.258270,-0.058813,-0.245666,-0.293488
2026-05-27 14:43:09.083,78.399986,0.000000,0.000000,0.000000,0.051089,-0.199779,-0.314700,-0.119301,-0.207916,-0.316230,-0.034106,-0.203848,-0.315465,0.000854,-0.215177,-0.297179,-0.039545,-0.245505,-0.258270,-0.058813,-0.245666,-0.293488
2026-05-27 14:43:09.183,78.499986,0.000000,0.000000,0.000000,0.051089,-0.199779,-0.314700,-0.119301,-0.207916,-0.316230,-0.034106,-0.203848,-0.315465,0.000854,-0.215177,-0.297179,-0.039545,-0.245505,-0.258270,-0.058813,-0.245666,-0.293488
2026-05-27 14:43:09.283,78.599986,0.000000,0.000000,0.000000,0.051089,-0.199779,-0.314700,-0.119301,-0.207916,-0.316230,-0.034106,-0.203848,-0.315465,0.000854,-0.215177,-0.297179,-0.039545,-0.245505,-0.258270,-0.058813,-0.245666,-0.293488
2026-05-27 14:43:09.383,78.699986,0.000000,0.000000,0.000000,0.051089,-0.199779,-0.314700,-0.119301,-0.207916,-0.316230,-0.034106,-0.203848,-0.315465,0.000854,-0.215177,-0.297179,-0.039545,-0.245505,-0.258270,-0.058813,-0.245666,-0.293488
2026-05-27 14:43:09.483,78.799986,0.000000,0.000000,0.000000,0.051089,-0.199779,-0.314700,-0.119301,-0.207916,-0.316230,-0.034106,-0.203848,-0.315465,0.000854,-0.215177,-0.297179,-0.039545,-0.245505,-0.258270,-0.058813,-0.245666,-0.293488
2026-05-27 14:43:09.583,78.899986,0.000000,0.000000,0.000000,0.051089,-0.199779,-0.314700,-0.119301,-0.207916,-0.316230,-0.034106,-0.203848,-0.315465,0.000854,-0.215177,-0.297179,-0.039545,-0.245505,-0.258270,-0.058813,-0.245666,-0.293488
2026-05-27 14:43:09.683,78.999986,0.000000,0.000000,0.000000,0.051089,-0.199779,-0.314700,-0.119301,-0.207916,-0.316230,-0.034106,-0.203848,-0.315465,0.000854,-0.215177,-0.297179,-0.039545,-0.245505,-0.258270,-0.058813,-0.245666,-0.293488
2026-05-27 14:43:09.783,79.099986,0.000000,0.000000,0.000000,0.051089,-0.199779,-0.314700,-0.119301,-0.207916,-0.316230,-0.034106,-0.203848,-0.315465,0.000854,-0.215177,-0.297179,-0.039545,-0.245505,-0.258270,-0.058813,-0.245666,-0.293488
2026-05-27 14:43:09.883,79.199986,0.000000,0.000000,0.000000,0.051089,-0.199779,-0.314700,-0.119301,-0.207916,-0.316230,-0.034106,-0.203848,-0.315465,0.000854,-0.215177,-0.297179,-0.039545,-0.245505,-0.258270,-0.058813,-0.245666,-0.293488
2026-05-27 14:43:09.983,79.299986,0.000000,0.000000,0.000000,0.051089,-0.199779,-0.314700,-0.119301,-0.207916,-0.316230,-0.034106,-0.203848,-0.315465,0.000854,-0.215177,-0.297179,-0.039545,-0.245505,-0.258270,-0.058813,-0.245666,-0.293488
2026-05-27 14:43:10.083,79.399986,0.000000,0.000000,0.000000,0.051089,-0.199779,-0.314700,-0.119301,-0.207916,-0.316230,-0.034106,-0.203848,-0.315465,0.000854,-0.215177,-0.297179,-0.039545,-0.245505,-0.258270,-0.058813,-0.245666,-0.293488
2026-05-27 14:43:10.183,79.499986,0.000000,0.000000,0.000000,0.051089,-0.199779,-0.314700,-0.119301,-0.207916,-0.316230,-0.034106,-0.203848,-0.315465,0.000854,-0.215177,-0.297179,-0.039545,-0.245505,-0.258270,-0.058813,-0.245666,-0.293488
2026-05-27 14:43:10.283,79.599986,0.000000,0.000000,0.000000,0.051089,-0.199779,-0.314700,-0.119301,-0.207916,-0.316230,-0.034106,-0.203848,-0.315465,0.000854,-0.215177,-0.297179,-0.039545,-0.245505,-0.258270,-0.058813,-0.245666,-0.293488
2026-05-27 14:43:10.383,79.699986,0.000000,0.000000,0.000000,0.051089,-0.199779,-0.314700,-0.119301,-0.207916,-0.316230,-0.034106,-0.203848,-0.315465,0.000854,-0.215177,-0.297179,-0.039545,-0.245505,-0.258270,-0.058813,-0.245666,-0.293488
2026-05-27 14:43:10.483,79.799986,0.000000,0.000000,0.000000,0.051089,-0.199779,-0.314700,-0.119301,-0.207916,-0.316230,-0.034106,-0.203848,-0.315465,0.000854,-0.215177,-0.297179,-0.039545,-0.245505,-0.258270,-0.058813,-0.245666,-0.293488
2026-05-27 14:43:10.583,79.899986,0.000000,0.000000,0.000000,0.051089,-0.199779,-0.314700,-0.119301,-0.207916,-0.316230,-0.034106,-0.203848,-0.315465,0.000854,-0.215177,-0.297179,-0.039545,-0.245505,-0.258270,-0.058813,-0.245666,-0.293488
2026-05-27 14:43:10.683,79.999986,0.000000,0.000000,0.000000,0.051089,-0.199779,-0.314700,-0.119301,-0.207916,-0.316230,-0.034106,-0.203848,-0.315465,0.000854,-0.215177,-0.297179,-0.039545,-0.245505,-0.258270,-0.058813,-0.245666,-0.293488
2026-05-27 14:43:10.783,80.099986,0.000000,0.000000,0.000000,0.051089,-0.199779,-0.314700,-0.119301,-0.207916,-0.316230,-0.034106,-0.203848,-0.315465,0.000854,-0.215177,-0.297179,-0.039545,-0.245505,-0.258270,-0.058813,-0.245666,-0.293488
2026-05-27 14:43:10.883,80.199986,0.000000,0.000000,0.000000,0.051089,-0.199779,-0.314700,-0.119301,-0.207916,-0.316230,-0.034106,-0.203848,-0.315465,0.000854,-0.215177,-0.297179,-0.039545,-0.245505,-0.258270,-0.058813,-0.245666,-0.293488
2026-05-27 14:43:10.983,80.299986,0.000000,0.000000,0.000000,0.051089,-0.199779,-0.314700,-0.119301,-0.207916,-0.316230,-0.034106,-0.203848,-0.315465,0.000854,-0.215177,-0.297179,-0.039545,-0.245505,-0.258270,-0.058813,-0.245666,-0.293488
2026-05-27 14:43:11.083,80.399986,0.000000,0.000000,0.000000,0.051089,-0.199779,-0.314700,-0.119301,-0.207916,-0.316230,-0.034106,-0.203848,-0.315465,0.000854,-0.215177,-0.297179,-0.039545,-0.245505,-0.258270,-0.058813,-0.245666,-0.293488
2026-05-27 14:43:11.183,80.499986,0.000000,0.000000,0.000000,0.051089,-0.199779,-0.314700,-0.119301,-0.207916,-0.316230,-0.034106,-0.203848,-0.315465,0.000854,-0.215177,-0.297179,-0.039545,-0.245505,-0.258270,-0.058813,-0.245666,-0.293488
2026-05-27 14:43:11.283,80.599986,0.000000,0.000000,0.000000,0.051089,-0.199779,-0.314700,-0.119301,-0.207916,-0.316230,-0.034106,-0.203848,-0.315465,0.000854,-0.215177,-0.297179,-0.039545,-0.245505,-0.258270,-0.058813,-0.245666,-0.293488
2026-05-27 14:43:11.383,80.699986,0.000000,0.000000,0.000000,0.051089,-0.199779,-0.314700,-0.119301,-0.207916,-0.316230,-0.034106,-0.203848,-0.315465,0.000854,-0.215177,-0.297179,-0.039545,-0.245505,-0.258270,-0.058813,-0.245666,-0.293488
2026-05-27 14:43:11.483,80.799986,0.000000,0.000000,0.000000,0.051089,-0.199779,-0.314700,-0.119301,-0.207916,-0.316230,-0.034106,-0.203848,-0.315465,0.000854,-0.215177,-0.297179,-0.039545,-0.245505,-0.258270,-0.058813,-0.245666,-0.293488
2026-05-27 14:43:11.583,80.899986,0.000000,0.000000,0.000000,0.051089,-0.199779,-0.314700,-0.119301,-0.207916,-0.316230,-0.034106,-0.203848,-0.315465,0.000854,-0.215177,-0.297179,-0.039545,-0.245505,-0.258270,-0.058813,-0.245666,-0.293488
2026-05-27 14:43:11.683,80.999986,0.000000,0.000000,0.000000,0.051089,-0.199779,-0.314700,-0.119301,-0.207916,-0.316230,-0.034106,-0.203848,-0.315465,0.000854,-0.215177,-0.297179,-0.039545,-0.245505,-0.258270,-0.058813,-0.245666,-0.293488
2026-05-27 14:43:11.783,81.099986,0.000000,0.000000,0.000000,0.051089,-0.199779,-0.314700,-0.119301,-0.207916,-0.316230,-0.034106,-0.203848,-0.315465,0.000854,-0.215177,-0.297179,-0.039545,-0.245505,-0.258270,-0.058813,-0.245666,-0.293488
2026-05-27 14:43:11.883,81.199986,0.000000,0.000000,0.000000,0.051089,-0.199779,-0.314700,-0.119301,-0.207916,-0.316230,-0.034106,-0.203848,-0.315465,0.000854,-0.215177,-0.297179,-0.039545,-0.245505,-0.258270,-0.058813,-0.245666,-0.293488
2026-05-27 14:43:11.983,81.299986,0.000000,0.000000,0.000000,0.051089,-0.199779,-0.314700,-0.119301,-0.207916,-0.316230,-0.034106,-0.203848,-0.315465,0.000854,-0.215177,-0.297179,-0.039545,-0.245505,-0.258270,-0.058813,-0.245666,-0.293488
2026-05-27 14:43:12.083,81.399986,0.000000,0.000000,0.000000,0.051089,-0.199779,-0.314700,-0.119301,-0.207916,-0.316230,-0.034106,-0.203848,-0.315465,0.000854,-0.215177,-0.297179,-0.039545,-0.245505,-0.258270,-0.058813,-0.245666,-0.293488
2026-05-27 14:43:12.183,81.499986,0.000000,0.000000,0.000000,0.051089,-0.199779,-0.314700,-0.119301,-0.207916,-0.316230,-0.034106,-0.203848,-0.315465,0.000854,-0.215177,-0.297179,-0.039545,-0.245505,-0.258270,-0.058813,-0.245666,-0.293488
2026-05-27 14:43:12.283,81.599986,0.000000,0.000000,0.000000,0.051089,-0.199779,-0.314700,-0.119301,-0.207916,-0.316230,-0.034106,-0.203848,-0.315465,0.000854,-0.215177,-0.297179,-0.039545,-0.245505,-0.258270,-0.058813,-0.245666,-0.293488
2026-05-27 14:43:12.383,81.699986,0.000000,0.000000,0.000000,0.051089,-0.199779,-0.314700,-0.119301,-0.207916,-0.316230,-0.034106,-0.203848,-0.315465,0.000854,-0.215177,-0.297179,-0.039545,-0.245505,-0.258270,-0.058813,-0.245666,-0.293488
2026-05-27 14:43:12.483,81.799986,0.000000,0.000000,0.000000,0.051089,-0.199779,-0.314700,-0.119301,-0.207916,-0.316230,-0.034106,-0.203848,-0.315465,0.000854,-0.215177,-0.297179,-0.039545,-0.245505,-0.258270,-0.058813,-0.245666,-0.293488
2026-05-27 14:43:12.583,81.899986,0.000000,0.000000,0.000000,0.051089,-0.199779,-0.314700,-0.119301,-0.207916,-0.316230,-0.034106,-0.203848,-0.315465,0.000854,-0.215177,-0.297179,-0.039545,-0.245505,-0.258270,-0.058813,-0.245666,-0.293488
2026-05-27 14:43:12.683,81.999986,0.000000,0.000000,0.000000,0.051089,-0.199779,-0.314700,-0.119301,-0.207916,-0.316230,-0.034106,-0.203848,-0.315465,0.000854,-0.215177,-0.297179,-0.039545,-0.245505,-0.258270,-0.058813,-0.245666,-0.293488
2026-05-27 14:43:12.783,82.099986,0.000000,0.000000,0.000000,0.051089,-0.199779,-0.314700,-0.119301,-0.207916,-0.316230,-0.034106,-0.203848,-0.315465,0.000854,-0.215177,-0.297179,-0.039545,-0.245505,-0.258270,-0.058813,-0.245666,-0.293488
2026-05-27 14:43:12.883,82.199986,0.000000,0.000000,0.000000,0.051089,-0.199779,-0.314700,-0.119301,-0.207916,-0.316230,-0.034106,-0.203848,-0.315465,0.000854,-0.215177,-0.297179,-0.039545,-0.245505,-0.258270,-0.058813,-0.245666,-0.293488
2026-05-27 14:43:12.983,82.299986,0.000000,0.000000,0.000000,0.051089,-0.199779,-0.314700,-0.119301,-0.207916,-0.316230,-0.034106,-0.203848,-0.315465,0.000854,-0.215177,-0.297179,-0.039545,-0.245505,-0.258270,-0.058813,-0.245666,-0.293488
2026-05-27 14:43:13.083,82.399986,0.000000,0.000000,0.000000,0.051089,-0.199779,-0.314700,-0.119301,-0.207916,-0.316230,-0.034106,-0.203848,-0.315465,0.000854,-0.215177,-0.297179,-0.039545,-0.245505,-0.258270,-0.058813,-0.245666,-0.293488
2026-05-27 14:43:13.183,82.499986,0.000000,0.000000,0.000000,0.051089,-0.199779,-0.314700,-0.119301,-0.207916,-0.316230,-0.034106,-0.203848,-0.315465,0.000854,-0.215177,-0.297179,-0.039545,-0.245505,-0.258270,-0.058813,-0.245666,-0.293488
2026-05-27 14:43:13.283,82.599986,0.000000,0.000000,0.000000,0.051089,-0.199779,-0.314700,-0.119301,-0.207916,-0.316230,-0.034106,-0.203848,-0.315465,0.000854,-0.215177,-0.297179,-0.039545,-0.245505,-0.258270,-0.058813,-0.245666,-0.293488
2026-05-27 14:43:13.383,82.699986,0.000000,0.000000,0.000000,0.051089,-0.199779,-0.314700,-0.119301,-0.207916,-0.316230,-0.034106,-0.203848,-0.315465,0.000854,-0.215177,-0.297179,-0.039545,-0.245505,-0.258270,-0.058813,-0.245666,-0.293488
2026-05-27 14:43:13.483,82.799986,0.000000,0.000000,0.000000,0.051089,-0.199779,-0.314700,-0.119301,-0.207916,-0.316230,-0.034106,-0.203848,-0.315465,0.000854,-0.215177,-0.297179,-0.039545,-0.245505,-0.258270,-0.058813,-0.245666,-0.293488
2026-05-27 14:43:13.583,82.899986,0.000000,0.000000,0.000000,0.051089,-0.199779,-0.314700,-0.119301,-0.207916,-0.316230,-0.034106,-0.203848,-0.315465,0.000854,-0.215177,-0.297179,-0.039545,-0.245505,-0.258270,-0.058813,-0.245666,-0.293488
2026-05-27 14:43:13.683,82.999986,0.000000,0.000000,0.000000,0.051089,-0.199779,-0.314700,-0.119301,-0.207916,-0.316230,-0.034106,-0.203848,-0.315465,0.000854,-0.215177,-0.297179,-0.039545,-0.245505,-0.258270,-0.058813,-0.245666,-0.293488
2026-05-27 14:43:13.783,83.099986,0.000000,0.000000,0.000000,0.051089,-0.199779,-0.314700,-0.119301,-0.207916,-0.316230,-0.034106,-0.203848,-0.315465,0.000854,-0.215177,-0.297179,-0.039545,-0.245505,-0.258270,-0.058813,-0.245666,-0.293488
2026-05-27 14:43:13.883,83.199986,0.000000,0.000000,0.000000,0.051089,-0.199779,-0.314700,-0.119301,-0.207916,-0.316230,-0.034106,-0.203848,-0.315465,0.000854,-0.215177,-0.297179,-0.039545,-0.245505,-0.258270,-0.058813,-0.245666,-0.293488
2026-05-27 14:43:13.983,83.299986,0.000000,0.000000,0.000000,0.051463,-0.198064,-0.314859,-0.119437,-0.206178,-0.316398,-0.033987,-0.202121,-0.315628,0.000854,-0.215177,-0.297179,-0.039432,-0.243798,-0.258260,-0.058788,-0.244805,-0.293540
2026-05-27 14:43:14.083,83.399986,0.000000,0.000000,0.000000,0.051089,-0.199779,-0.314700,-0.119301,-0.207916,-0.316230,-0.034106,-0.203848,-0.315465,0.000854,-0.215177,-0.297179,-0.039553,-0.245436,-0.258849,-0.058762,-0.243944,-0.293592
2026-05-27 14:43:14.183,83.499986,0.000000,0.000000,0.000000,0.051463,-0.198064,-0.314859,-0.119164,-0.209655,-0.316062,-0.033851,-0.203859,-0.315460,0.001084,-0.213461,-0.297288,-0.039432,-0.243798,-0.258260,-0.058813,-0.245666,-0.293488
2026-05-27 14:43:14.283,83.599986,0.000000,0.000000,0.000000,0.051837,-0.196348,-0.315017,-0.119301,-0.207916,-0.316230,-0.033732,-0.202132,-0.315624,0.000854,-0.215177,-0.297179,-0.039432,-0.243798,-0.258260,-0.058762,-0.243944,-0.293592
2026-05-27 14:43:14.383,83.699986,0.000000,0.000000,0.000000,0.051089,-0.199779,-0.314700,-0.119437,-0.206178,-0.316398,-0.034174,-0.202979,-0.315549,0.001084,-0.213461,-0.297288,-0.039432,-0.243798,-0.258260,-0.058762,-0.243944,-0.293592
2026-05-27 14:43:14.483,83.799985,0.000000,0.000000,0.000000,0.051463,-0.198064,-0.314859,-0.119164,-0.209655,-0.316062,-0.033851,-0.203859,-0.315460,0.000854,-0.215177,-0.297179,-0.039545,-0.245505,-0.258270,-0.058762,-0.243944,-0.293592
2026-05-27 14:43:14.583,83.899985,0.000000,0.000000,0.000000,0.051463,-0.198064,-0.314859,-0.119164,-0.209655,-0.316062,-0.033851,-0.203859,-0.315460,0.000854,-0.215177,-0.297179,-0.039545,-0.245505,-0.258270,-0.058762,-0.243944,-0.293592
2026-05-27 14:43:14.683,83.999985,0.000000,0.000000,0.000000,0.051089,-0.199779,-0.314700,-0.119301,-0.207916,-0.316230,-0.034106,-0.203848,-0.315465,0.000854,-0.215177,-0.297179,-0.039545,-0.245505,-0.258270,-0.058711,-0.242221,-0.293696
2026-05-27 14:43:14.783,84.099985,0.000000,0.000000,0.000000,0.051463,-0.198064,-0.314859,-0.119164,-0.209655,-0.316062,-0.033851,-0.203859,-0.315460,0.001084,-0.213461,-0.297288,-0.039432,-0.243798,-0.258260,-0.058762,-0.243944,-0.293592
2026-05-27 14:43:14.883,84.199985,0.000000,0.000000,0.000000,0.051463,-0.198064,-0.314859,-0.119301,-0.207916,-0.316230,-0.033919,-0.202990,-0.315544,0.001084,-0.213461,-0.297288,-0.039432,-0.243798,-0.258260,-0.058762,-0.243944,-0.293592
2026-05-27 14:43:14.983,84.299985,0.000000,0.000000,0.000000,0.051089,-0.199779,-0.314700,-0.119437,-0.206178,-0.316398,-0.034174,-0.202979,-0.315549,0.001084,-0.213461,-0.297288,-0.039545,-0.245505,-0.258270,-0.058762,-0.243944,-0.293592
2026-05-27 14:43:15.083,84.399985,0.000000,0.000000,0.000000,0.051463,-0.198064,-0.314859,-0.119301,-0.207916,-0.316230,-0.033919,-0.202990,-0.315544,0.000854,-0.215177,-0.297179,-0.039545,-0.245505,-0.258270,-0.058762,-0.243944,-0.293592
2026-05-27 14:43:15.183,84.499985,0.000000,0.000000,0.000000,0.051463,-0.198064,-0.314859,-0.119301,-0.207916,-0.316230,-0.033919,-0.202990,-0.315544,0.000854,-0.215177,-0.297179,-0.039545,-0.245505,-0.258270,-0.058762,-0.243944,-0.293592
2026-05-27 14:43:15.283,84.599985,0.000000,0.000000,0.000000,0.051463,-0.198064,-0.314859,-0.118554,-0.209679,-0.316074,-0.033546,-0.203871,-0.315466,0.000854,-0.215177,-0.297179,-0.039545,-0.245505,-0.258270,-0.058762,-0.243944,-0.293592
2026-05-27 14:43:15.383,84.699985,0.000000,0.000000,0.000000,0.051463,-0.198064,-0.314859,-0.119301,-0.207916,-0.316230,-0.033919,-0.202990,-0.315544,0.001084,-0.213461,-0.297288,-0.039432,-0.243798,-0.258260,-0.058762,-0.243944,-0.293592
2026-05-27 14:43:15.483,84.799984,0.000000,0.000000,0.000000,0.051463,-0.198064,-0.314859,-0.119301,-0.207916,-0.316230,-0.033919,-0.202990,-0.315544,0.000854,-0.215177,-0.297179,-0.039432,-0.243798,-0.258260,-0.058762,-0.243944,-0.293592
2026-05-27 14:43:15.583,84.899984,0.000000,0.000000,0.000000,0.051463,-0.198064,-0.314859,-0.119301,-0.207916,-0.316230,-0.033919,-0.202990,-0.315544,0.000854,-0.215177,-0.297179,-0.039432,-0.243798,-0.258260,-0.058711,-0.242221,-0.293696
2026-05-27 14:43:15.683,84.999984,0.000000,0.000000,0.000000,0.051463,-0.198064,-0.314859,-0.119301,-0.207916,-0.316230,-0.033919,-0.202990,-0.315544,0.000854,-0.215177,-0.297179,-0.039432,-0.243798,-0.258260,-0.058711,-0.242221,-0.293696
2026-05-27 14:43:15.783,85.099984,0.000000,0.000000,0.000000,0.051463,-0.198064,-0.314859,-0.119301,-0.207916,-0.316230,-0.033919,-0.202990,-0.315544,0.001084,-0.213461,-0.297288,-0.039545,-0.245505,-0.258270,-0.058762,-0.243944,-0.293592
2026-05-27 14:43:15.883,85.199984,0.000000,0.000000,0.000000,0.051837,-0.196348,-0.315017,-0.119164,-0.209655,-0.316062,-0.033664,-0.203001,-0.315540,0.000854,-0.215177,-0.297179,-0.039432,-0.243798,-0.258260,-0.058762,-0.243944,-0.293592
2026-05-27 14:43:15.983,85.299984,0.000000,0.000000,0.000000,0.051837,-0.196348,-0.315017,-0.119301,-0.207916,-0.316230,-0.033732,-0.202132,-0.315624,0.000854,-0.215177,-0.297179,-0.039545,-0.245505,-0.258270,-0.058711,-0.242221,-0.293696
2026-05-27 14:43:16.083,85.399984,0.000000,0.000000,0.000000,0.051463,-0.198064,-0.314859,-0.119164,-0.209655,-0.316062,-0.033851,-0.203859,-0.315460,0.000854,-0.215177,-0.297179,-0.039545,-0.245505,-0.258270,-0.058813,-0.245666,-0.293488
2026-05-27 14:43:16.183,85.499984,0.000000,0.000000,0.000000,0.051463,-0.198064,-0.314859,-0.119301,-0.207916,-0.316230,-0.033919,-0.202990,-0.315544,0.001084,-0.213461,-0.297288,-0.039545,-0.245505,-0.258270,-0.058711,-0.242221,-0.293696
2026-05-27 14:43:16.283,85.599984,0.000000,0.000000,0.000000,0.051463,-0.198064,-0.314859,-0.119164,-0.209655,-0.316062,-0.033851,-0.203859,-0.315460,0.001084,-0.213461,-0.297288,-0.039432,-0.243798,-0.258260,-0.058762,-0.243944,-0.293592
2026-05-27 14:43:16.383,85.699984,0.000000,0.000000,0.000000,0.051089,-0.199779,-0.314700,-0.119301,-0.207916,-0.316230,-0.034106,-0.203848,-0.315465,0.001084,-0.213461,-0.297288,-0.039545,-0.245505,-0.258270,-0.058762,-0.243944,-0.293592
2026-05-27 14:43:16.483,85.799984,0.000000,0.000000,0.000000,0.051089,-0.199779,-0.314700,-0.119301,-0.207916,-0.316230,-0.034106,-0.203848,-0.315465,0.000854,-0.215177,-0.297179,-0.039432,-0.243798,-0.258260,-0.058762,-0.243944,-0.293592
2026-05-27 14:43:16.583,85.899983,0.000000,0.000000,0.000000,0.051463,-0.198064,-0.314859,-0.119301,-0.207916,-0.316230,-0.033919,-0.202990,-0.315544,0.000854,-0.215177,-0.297179,-0.039432,-0.243798,-0.258260,-0.058762,-0.243944,-0.293592
2026-05-27 14:43:16.683,85.999983,0.000000,0.000000,0.000000,0.051089,-0.199779,-0.314700,-0.119301,-0.207916,-0.316230,-0.034106,-0.203848,-0.315465,0.001084,-0.213461,-0.297288,-0.039545,-0.245505,-0.258270,-0.058762,-0.243944,-0.293592
2026-05-27 14:43:16.783,86.099983,0.000000,0.000000,0.000000,0.051837,-0.196348,-0.315017,-0.119301,-0.207916,-0.316230,-0.033732,-0.202132,-0.315624,0.000854,-0.215177,-0.297179,-0.039545,-0.245505,-0.258270,-0.058762,-0.243944,-0.293592
2026-05-27 14:43:16.883,86.199983,0.000000,0.000000,0.000000,0.051463,-0.198064,-0.314859,-0.119164,-0.209655,-0.316062,-0.033851,-0.203859,-0.315460,0.000854,-0.215177,-0.297179,-0.039432,-0.243798,-0.258260,-0.058762,-0.243944,-0.293592
2026-05-27 14:43:16.983,86.299983,0.000000,0.000000,0.000000,0.051463,-0.198064,-0.314859,-0.119301,-0.207916,-0.316230,-0.033919,-0.202990,-0.315544,0.000854,-0.215177,-0.297179,-0.039432,-0.243798,-0.258260,-0.058711,-0.242221,-0.293696
2026-05-27 14:43:17.083,86.399983,0.000000,0.000000,0.000000,0.051837,-0.196348,-0.315017,-0.118689,-0.207941,-0.316241,-0.033426,-0.202144,-0.315629,0.000854,-0.215177,-0.297179,-0.039545,-0.245505,-0.258270,-0.058762,-0.243944,-0.293592
2026-05-27 14:43:17.183,86.499983,0.000000,0.000000,0.000000,0.051463,-0.198064,-0.314859,-0.119301,-0.207916,-0.316230,-0.033919,-0.202990,-0.315544,0.001084,-0.213461,-0.297288,-0.039545,-0.245505,-0.258270,-0.058711,-0.242221,-0.293696
2026-05-27 14:43:17.283,86.599983,0.000000,0.000000,0.000000,0.051837,-0.196348,-0.315017,-0.118689,-0.207941,-0.316241,-0.033426,-0.202144,-0.315629,0.000854,-0.215177,-0.297179,-0.039432,-0.243798,-0.258260,-0.058762,-0.243944,-0.293592
2026-05-27 14:43:17.383,86.699983,0.000000,0.000000,0.000000,0.051463,-0.198064,-0.314859,-0.119301,-0.207916,-0.316230,-0.033919,-0.202990,-0.315544,0.000854,-0.215177,-0.297179,-0.039432,-0.243798,-0.258260,-0.058762,-0.243944,-0.293592
2026-05-27 14:43:17.483,86.799983,0.000000,0.000000,0.000000,0.051837,-0.196348,-0.315017,-0.119301,-0.207916,-0.316230,-0.033732,-0.202132,-0.315624,0.000854,-0.215177,-0.297179,-0.039432,-0.243798,-0.258260,-0.058762,-0.243944,-0.293592
2026-05-27 14:43:17.583,86.899982,0.000000,0.000000,0.000000,0.051089,-0.199779,-0.314700,-0.119301,-0.207916,-0.316230,-0.034106,-0.203848,-0.315465,0.001084,-0.213461,-0.297288,-0.039545,-0.245505,-0.258270,-0.058762,-0.243944,-0.293592
2026-05-27 14:43:17.683,86.999982,0.000000,0.000000,0.000000,0.051463,-0.198064,-0.314859,-0.119301,-0.207916,-0.316230,-0.033919,-0.202990,-0.315544,0.000854,-0.215177,-0.297179,-0.039432,-0.243798,-0.258260,-0.058762,-0.243944,-0.293592
2026-05-27 14:43:17.783,87.099982,0.000000,0.000000,0.000000,0.051463,-0.198064,-0.314859,-0.119301,-0.207916,-0.316230,-0.033919,-0.202990,-0.315544,0.001084,-0.213461,-0.297288,-0.039545,-0.245505,-0.258270,-0.058762,-0.243944,-0.293592
2026-05-27 14:43:17.883,87.199982,0.000000,0.000000,0.000000,0.051463,-0.198064,-0.314859,-0.119301,-0.207916,-0.316230,-0.033919,-0.202990,-0.315544,0.000854,-0.215177,-0.297179,-0.039657,-0.247212,-0.258280,-0.058711,-0.242221,-0.293696
2026-05-27 14:43:17.983,87.299982,0.000000,0.000000,0.000000,0.051463,-0.198064,-0.314859,-0.119301,-0.207916,-0.316230,-0.033919,-0.202990,-0.315544,0.000854,-0.215177,-0.297179,-0.039432,-0.243798,-0.258260,-0.058762,-0.243944,-0.293592
2026-05-27 14:43:18.083,87.399982,0.000000,0.000000,0.000000,0.051463,-0.198064,-0.314859,-0.119301,-0.207916,-0.316230,-0.033919,-0.202990,-0.315544,0.000854,-0.215177,-0.297179,-0.039432,-0.243798,-0.258260,-0.058711,-0.242221,-0.293696
2026-05-27 14:43:18.183,87.499982,0.000000,0.000000,0.000000,0.051463,-0.198064,-0.314859,-0.119301,-0.207916,-0.316230,-0.033919,-0.202990,-0.315544,0.001084,-0.213461,-0.297288,-0.039545,-0.245505,-0.258270,-0.058762,-0.243944,-0.293592
2026-05-27 14:43:18.283,87.599982,0.000000,0.000000,0.000000,0.051463,-0.198064,-0.314859,-0.119301,-0.207916,-0.316230,-0.033919,-0.202990,-0.315544,0.001084,-0.213461,-0.297288,-0.039432,-0.243798,-0.258260,-0.058762,-0.243944,-0.293592
2026-05-27 14:43:18.383,87.699982,0.000000,0.000000,0.000000,0.051089,-0.199779,-0.314700,-0.118689,-0.207941,-0.316241,-0.033800,-0.203860,-0.315471,0.000854,-0.215177,-0.297179,-0.039432,-0.243798,-0.258260,-0.058762,-0.243944,-0.293592
2026-05-27 14:43:18.483,87.799982,0.000000,0.000000,0.000000,0.051837,-0.196348,-0.315017,-0.119164,-0.209655,-0.316062,-0.033664,-0.203001,-0.315540,0.000854,-0.215177,-0.297179,-0.039553,-0.245436,-0.258849,-0.058762,-0.243944,-0.293592
2026-05-27 14:43:18.583,87.899981,0.000000,0.000000,0.000000,0.051463,-0.198064,-0.314859,-0.119164,-0.209655,-0.316062,-0.033851,-0.203859,-0.315460,0.000624,-0.216892,-0.297069,-0.039545,-0.245505,-0.258270,-0.058762,-0.243944,-0.293592
2026-05-27 14:43:18.683,87.999981,0.000000,0.000000,0.000000,0.051089,-0.199779,-0.314700,-0.118554,-0.209679,-0.316074,-0.033733,-0.204729,-0.315387,0.000854,-0.215177,-0.297179,-0.039545,-0.245505,-0.258270,-0.058762,-0.243944,-0.293592
2026-05-27 14:43:18.783,88.099981,0.000000,0.000000,0.000000,0.051463,-0.198064,-0.314859,-0.119301,-0.207916,-0.316230,-0.033919,-0.202990,-0.315544,0.001084,-0.213461,-0.297288,-0.039545,-0.245505,-0.258270,-0.058813,-0.245666,-0.293488
2026-05-27 14:43:18.983,88.299981,0.000000,0.000000,0.000000,0.051463,-0.198064,-0.314859,-0.119301,-0.207916,-0.316230,-0.033919,-0.202990,-0.315544,0.000854,-0.215177,-0.297179,-0.039561,-0.245367,-0.259428,-0.058762,-0.243944,-0.293592
2026-05-27 14:43:19.083,88.399981,0.000000,0.000000,0.000000,0.051463,-0.198064,-0.314859,-0.119301,-0.207916,-0.316230,-0.033919,-0.202990,-0.315544,0.000854,-0.215177,-0.297179,-0.039561,-0.245367,-0.259428,-0.058762,-0.243944,-0.293592
2026-05-27 14:43:19.183,88.499981,0.000000,0.000000,0.000000,0.051463,-0.198064,-0.314859,-0.119301,-0.207916,-0.316230,-0.033919,-0.202990,-0.315544,0.000854,-0.215177,-0.297179,-0.039561,-0.245367,-0.259428,-0.058762,-0.243944,-0.293592
2026-05-27 14:43:19.283,88.599981,0.000000,0.000000,0.000000,0.051463,-0.198064,-0.314859,-0.119301,-0.207916,-0.316230,-0.033919,-0.202990,-0.315544,0.000854,-0.215177,-0.297179,-0.039561,-0.245367,-0.259428,-0.058762,-0.243944,-0.293592
2026-05-27 14:43:19.383,88.699981,0.000000,0.000000,0.000000,0.051463,-0.198064,-0.314859,-0.119301,-0.207916,-0.316230,-0.033919,-0.202990,-0.315544,0.000854,-0.215177,-0.297179,-0.039561,-0.245367,-0.259428,-0.058762,-0.243944,-0.293592
2026-05-27 14:43:19.483,88.799981,0.000000,0.000000,0.000000,0.051463,-0.198064,-0.314859,-0.119301,-0.207916,-0.316230,-0.033919,-0.202990,-0.315544,0.000854,-0.215177,-0.297179,-0.039561,-0.245367,-0.259428,-0.058762,-0.243944,-0.293592
2026-05-27 14:43:19.583,88.899981,0.000000,0.000000,0.000000,0.051463,-0.198064,-0.314859,-0.119301,-0.207916,-0.316230,-0.033919,-0.202990,-0.315544,0.000854,-0.215177,-0.297179,-0.039561,-0.245367,-0.259428,-0.058762,-0.243944,-0.293592
2026-05-27 14:43:19.683,88.999981,0.000000,0.000000,0.000000,0.051463,-0.198064,-0.314859,-0.119301,-0.207916,-0.316230,-0.033919,-0.202990,-0.315544,0.000854,-0.215177,-0.297179,-0.039561,-0.245367,-0.259428,-0.058762,-0.243944,-0.293592
2026-05-27 14:43:19.783,89.099981,0.000000,0.000000,0.000000,0.051463,-0.198064,-0.314859,-0.119301,-0.207916,-0.316230,-0.033919,-0.202990,-0.315544,0.000854,-0.215177,-0.297179,-0.039561,-0.245367,-0.259428,-0.058762,-0.243944,-0.293592
2026-05-27 14:43:19.883,89.199981,0.000000,0.000000,0.000000,0.051463,-0.198064,-0.314859,-0.119301,-0.207916,-0.316230,-0.033919,-0.202990,-0.315544,0.000854,-0.215177,-0.297179,-0.039561,-0.245367,-0.259428,-0.058762,-0.243944,-0.293592
2026-05-27 14:43:19.983,89.299981,0.000000,0.000000,0.000000,0.051463,-0.198064,-0.314859,-0.119301,-0.207916,-0.316230,-0.033919,-0.202990,-0.315544,0.000854,-0.215177,-0.297179,-0.039561,-0.245367,-0.259428,-0.058762,-0.243944,-0.293592
2026-05-27 14:43:20.083,89.399981,0.000000,0.000000,0.000000,0.051463,-0.198064,-0.314859,-0.119301,-0.207916,-0.316230,-0.033919,-0.202990,-0.315544,0.000854,-0.215177,-0.297179,-0.039561,-0.245367,-0.259428,-0.058762,-0.243944,-0.293592
2026-05-27 14:43:20.183,89.499981,0.000000,0.000000,0.000000,0.051463,-0.198064,-0.314859,-0.119301,-0.207916,-0.316230,-0.033919,-0.202990,-0.315544,0.000854,-0.215177,-0.297179,-0.039561,-0.245367,-0.259428,-0.058762,-0.243944,-0.293592
2026-05-27 14:43:20.283,89.599981,0.000000,0.000000,0.000000,0.051463,-0.198064,-0.314859,-0.119301,-0.207916,-0.316230,-0.033919,-0.202990,-0.315544,0.000854,-0.215177,-0.297179,-0.039561,-0.245367,-0.259428,-0.058762,-0.243944,-0.293592
2026-05-27 14:43:20.383,89.699981,0.000000,0.000000,0.000000,0.051463,-0.198064,-0.314859,-0.119301,-0.207916,-0.316230,-0.033919,-0.202990,-0.315544,0.000854,-0.215177,-0.297179,-0.039561,-0.245367,-0.259428,-0.058762,-0.243944,-0.293592
2026-05-27 14:43:20.483,89.799981,0.000000,0.000000,0.000000,0.051463,-0.198064,-0.314859,-0.119301,-0.207916,-0.316230,-0.033919,-0.202990,-0.315544,0.000854,-0.215177,-0.297179,-0.039561,-0.245367,-0.259428,-0.058762,-0.243944,-0.293592
2026-05-27 14:43:20.583,89.899981,0.000000,0.000000,0.000000,0.051463,-0.198064,-0.314859,-0.119301,-0.207916,-0.316230,-0.033919,-0.202990,-0.315544,0.000854,-0.215177,-0.297179,-0.039561,-0.245367,-0.259428,-0.058762,-0.243944,-0.293592
2026-05-27 14:43:20.683,89.999981,0.000000,0.000000,0.000000,0.051463,-0.198064,-0.314859,-0.119301,-0.207916,-0.316230,-0.033919,-0.202990,-0.315544,0.000854,-0.215177,-0.297179,-0.039561,-0.245367,-0.259428,-0.058762,-0.243944,-0.293592
2026-05-27 14:43:20.783,90.099981,0.000000,0.000000,0.000000,0.051463,-0.198064,-0.314859,-0.119301,-0.207916,-0.316230,-0.033919,-0.202990,-0.315544,0.000854,-0.215177,-0.297179,-0.039561,-0.245367,-0.259428,-0.058762,-0.243944,-0.293592
2026-05-27 14:43:20.883,90.199981,0.000000,0.000000,0.000000,0.051463,-0.198064,-0.314859,-0.119301,-0.207916,-0.316230,-0.033919,-0.202990,-0.315544,0.000854,-0.215177,-0.297179,-0.039561,-0.245367,-0.259428,-0.058762,-0.243944,-0.293592
2026-05-27 14:43:20.983,90.299981,0.000000,0.000000,0.000000,0.051463,-0.198064,-0.314859,-0.119301,-0.207916,-0.316230,-0.033919,-0.202990,-0.315544,0.000854,-0.215177,-0.297179,-0.039561,-0.245367,-0.259428,-0.058762,-0.243944,-0.293592
2026-05-27 14:43:21.083,90.399981,0.000000,0.000000,0.000000,0.051463,-0.198064,-0.314859,-0.119301,-0.207916,-0.316230,-0.033919,-0.202990,-0.315544,0.000854,-0.215177,-0.297179,-0.039561,-0.245367,-0.259428,-0.058762,-0.243944,-0.293592
2026-05-27 14:43:21.183,90.499981,0.000000,0.000000,0.000000,0.051463,-0.198064,-0.314859,-0.119301,-0.207916,-0.316230,-0.033919,-0.202990,-0.315544,0.000854,-0.215177,-0.297179,-0.039561,-0.245367,-0.259428,-0.058762,-0.243944,-0.293592
2026-05-27 14:43:21.283,90.599981,0.000000,0.000000,0.000000,0.051463,-0.198064,-0.314859,-0.119301,-0.207916,-0.316230,-0.033919,-0.202990,-0.315544,0.000854,-0.215177,-0.297179,-0.039561,-0.245367,-0.259428,-0.058762,-0.243944,-0.293592
2026-05-27 14:43:21.383,90.699981,0.000000,0.000000,0.000000,0.051463,-0.198064,-0.314859,-0.119301,-0.207916,-0.316230,-0.033919,-0.202990,-0.315544,0.000854,-0.215177,-0.297179,-0.039561,-0.245367,-0.259428,-0.058762,-0.243944,-0.293592
2026-05-27 14:43:21.483,90.799981,0.000000,0.000000,0.000000,0.051463,-0.198064,-0.314859,-0.119301,-0.207916,-0.316230,-0.033919,-0.202990,-0.315544,0.000854,-0.215177,-0.297179,-0.039561,-0.245367,-0.259428,-0.058762,-0.243944,-0.293592
2026-05-27 14:43:21.583,90.899981,0.000000,0.000000,0.000000,0.051463,-0.198064,-0.314859,-0.119301,-0.207916,-0.316230,-0.033919,-0.202990,-0.315544,0.000854,-0.215177,-0.297179,-0.039561,-0.245367,-0.259428,-0.058762,-0.243944,-0.293592
2026-05-27 14:43:21.683,90.999981,0.000000,0.000000,0.000000,0.051463,-0.198064,-0.314859,-0.119301,-0.207916,-0.316230,-0.033919,-0.202990,-0.315544,0.000854,-0.215177,-0.297179,-0.039561,-0.245367,-0.259428,-0.058762,-0.243944,-0.293592
2026-05-27 14:43:21.783,91.099981,0.000000,0.000000,0.000000,0.051463,-0.198064,-0.314859,-0.119301,-0.207916,-0.316230,-0.033919,-0.202990,-0.315544,0.000854,-0.215177,-0.297179,-0.039561,-0.245367,-0.259428,-0.058762,-0.243944,-0.293592
2026-05-27 14:43:21.883,91.199981,0.000000,0.000000,0.000000,0.051463,-0.198064,-0.314859,-0.119301,-0.207916,-0.316230,-0.033919,-0.202990,-0.315544,0.000854,-0.215177,-0.297179,-0.039561,-0.245367,-0.259428,-0.058762,-0.243944,-0.293592
2026-05-27 14:43:21.983,91.299981,0.000000,0.000000,0.000000,0.051463,-0.198064,-0.314859,-0.119301,-0.207916,-0.316230,-0.033919,-0.202990,-0.315544,0.000854,-0.215177,-0.297179,-0.039561,-0.245367,-0.259428,-0.058762,-0.243944,-0.293592
2026-05-27 14:43:22.083,91.399981,0.000000,0.000000,0.000000,0.051463,-0.198064,-0.314859,-0.119301,-0.207916,-0.316230,-0.033919,-0.202990,-0.315544,0.000854,-0.215177,-0.297179,-0.039561,-0.245367,-0.259428,-0.058762,-0.243944,-0.293592
2026-05-27 14:43:22.183,91.499981,0.000000,0.000000,0.000000,0.051463,-0.198064,-0.314859,-0.119301,-0.207916,-0.316230,-0.033919,-0.202990,-0.315544,0.000854,-0.215177,-0.297179,-0.039561,-0.245367,-0.259428,-0.058762,-0.243944,-0.293592
2026-05-27 14:43:22.283,91.599981,0.000000,0.000000,0.000000,0.051463,-0.198064,-0.314859,-0.119301,-0.207916,-0.316230,-0.033919,-0.202990,-0.315544,0.000854,-0.215177,-0.297179,-0.039561,-0.245367,-0.259428,-0.058762,-0.243944,-0.293592
2026-05-27 14:43:22.383,91.699981,0.000000,0.000000,0.000000,0.051463,-0.198064,-0.314859,-0.119301,-0.207916,-0.316230,-0.033919,-0.202990,-0.315544,0.000854,-0.215177,-0.297179,-0.039561,-0.245367,-0.259428,-0.058762,-0.243944,-0.293592
2026-05-27 14:43:22.483,91.799981,0.000000,0.000000,0.000000,0.051463,-0.198064,-0.314859,-0.119301,-0.207916,-0.316230,-0.033919,-0.202990,-0.315544,0.000854,-0.215177,-0.297179,-0.039561,-0.245367,-0.259428,-0.058762,-0.243944,-0.293592
2026-05-27 14:43:22.583,91.899981,0.000000,0.000000,0.000000,0.051463,-0.198064,-0.314859,-0.119301,-0.207916,-0.316230,-0.033919,-0.202990,-0.315544,0.000854,-0.215177,-0.297179,-0.039561,-0.245367,-0.259428,-0.058762,-0.243944,-0.293592
2026-05-27 14:43:22.683,91.999981,0.000000,0.000000,0.000000,0.051463,-0.198064,-0.314859,-0.119301,-0.207916,-0.316230,-0.033919,-0.202990,-0.315544,0.000854,-0.215177,-0.297179,-0.039561,-0.245367,-0.259428,-0.058762,-0.243944,-0.293592
2026-05-27 14:43:22.783,92.099981,0.000000,0.000000,0.000000,0.051463,-0.198064,-0.314859,-0.119301,-0.207916,-0.316230,-0.033919,-0.202990,-0.315544,0.000854,-0.215177,-0.297179,-0.039561,-0.245367,-0.259428,-0.058762,-0.243944,-0.293592
2026-05-27 14:43:22.883,92.199981,0.000000,0.000000,0.000000,0.051463,-0.198064,-0.314859,-0.119301,-0.207916,-0.316230,-0.033919,-0.202990,-0.315544,0.000854,-0.215177,-0.297179,-0.039561,-0.245367,-0.259428,-0.058762,-0.243944,-0.293592
2026-05-27 14:43:22.983,92.299981,0.000000,0.000000,0.000000,0.051463,-0.198064,-0.314859,-0.119301,-0.207916,-0.316230,-0.033919,-0.202990,-0.315544,0.000854,-0.215177,-0.297179,-0.039561,-0.245367,-0.259428,-0.058762,-0.243944,-0.293592
2026-05-27 14:43:23.083,92.399981,0.000000,0.000000,0.000000,0.051463,-0.198064,-0.314859,-0.119301,-0.207916,-0.316230,-0.033919,-0.202990,-0.315544,0.000854,-0.215177,-0.297179,-0.039561,-0.245367,-0.259428,-0.058762,-0.243944,-0.293592
2026-05-27 14:43:23.183,92.499981,0.000000,0.000000,0.000000,0.051463,-0.198064,-0.314859,-0.119301,-0.207916,-0.316230,-0.033919,-0.202990,-0.315544,0.000854,-0.215177,-0.297179,-0.039561,-0.245367,-0.259428,-0.058762,-0.243944,-0.293592
2026-05-27 14:43:23.283,92.599981,0.000000,0.000000,0.000000,0.051463,-0.198064,-0.314859,-0.119301,-0.207916,-0.316230,-0.033919,-0.202990,-0.315544,0.000854,-0.215177,-0.297179,-0.039561,-0.245367,-0.259428,-0.058762,-0.243944,-0.293592
2026-05-27 14:43:23.383,92.699981,0.000000,0.000000,0.000000,0.051463,-0.198064,-0.314859,-0.119301,-0.207916,-0.316230,-0.033919,-0.202990,-0.315544,0.000854,-0.215177,-0.297179,-0.039561,-0.245367,-0.259428,-0.058762,-0.243944,-0.293592
2026-05-27 14:43:23.483,92.799981,0.000000,0.000000,0.000000,0.051463,-0.198064,-0.314859,-0.119301,-0.207916,-0.316230,-0.033919,-0.202990,-0.315544,0.000854,-0.215177,-0.297179,-0.039561,-0.245367,-0.259428,-0.058762,-0.243944,-0.293592
2026-05-27 14:43:23.583,92.899981,0.000000,0.000000,0.000000,0.051463,-0.198064,-0.314859,-0.119301,-0.207916,-0.316230,-0.033919,-0.202990,-0.315544,0.000854,-0.215177,-0.297179,-0.039561,-0.245367,-0.259428,-0.058762,-0.243944,-0.293592
2026-05-27 14:43:23.683,92.999981,0.000000,0.000000,0.000000,0.051463,-0.198064,-0.314859,-0.119301,-0.207916,-0.316230,-0.033919,-0.202990,-0.315544,0.000854,-0.215177,-0.297179,-0.039561,-0.245367,-0.259428,-0.058762,-0.243944,-0.293592
2026-05-27 14:43:23.783,93.099981,0.000000,0.000000,0.000000,0.051463,-0.198064,-0.314859,-0.119301,-0.207916,-0.316230,-0.033919,-0.202990,-0.315544,0.000854,-0.215177,-0.297179,-0.039561,-0.245367,-0.259428,-0.058762,-0.243944,-0.293592
2026-05-27 14:43:23.883,93.199981,0.000000,0.000000,0.000000,0.051463,-0.198064,-0.314859,-0.119301,-0.207916,-0.316230,-0.033919,-0.202990,-0.315544,0.000854,-0.215177,-0.297179,-0.039561,-0.245367,-0.259428,-0.058762,-0.243944,-0.293592
2026-05-27 14:43:23.983,93.299981,0.000000,0.000000,0.000000,0.051463,-0.198064,-0.314859,-0.119301,-0.207916,-0.316230,-0.033919,-0.202990,-0.315544,0.000854,-0.215177,-0.297179,-0.039561,-0.245367,-0.259428,-0.058762,-0.243944,-0.293592
2026-05-27 14:43:24.083,93.399981,0.000000,0.000000,0.000000,0.051463,-0.198064,-0.314859,-0.119301,-0.207916,-0.316230,-0.033919,-0.202990,-0.315544,0.000854,-0.215177,-0.297179,-0.039561,-0.245367,-0.259428,-0.058762,-0.243944,-0.293592
2026-05-27 14:43:24.183,93.499981,0.000000,0.000000,0.000000,0.051463,-0.198064,-0.314859,-0.119301,-0.207916,-0.316230,-0.033919,-0.202990,-0.315544,0.000854,-0.215177,-0.297179,-0.039561,-0.245367,-0.259428,-0.058762,-0.243944,-0.293592
2026-05-27 14:43:24.283,93.599981,0.000000,0.000000,0.000000,0.051463,-0.198064,-0.314859,-0.119301,-0.207916,-0.316230,-0.033919,-0.202990,-0.315544,0.000854,-0.215177,-0.297179,-0.039561,-0.245367,-0.259428,-0.058762,-0.243944,-0.293592
2026-05-27 14:43:24.383,93.699981,0.000000,0.000000,0.000000,0.051463,-0.198064,-0.314859,-0.119301,-0.207916,-0.316230,-0.033919,-0.202990,-0.315544,0.000854,-0.215177,-0.297179,-0.039561,-0.245367,-0.259428,-0.058762,-0.243944,-0.293592
2026-05-27 14:43:24.483,93.799981,0.000000,0.000000,0.000000,0.051463,-0.198064,-0.314859,-0.119301,-0.207916,-0.316230,-0.033919,-0.202990,-0.315544,0.000854,-0.215177,-0.297179,-0.039561,-0.245367,-0.259428,-0.058762,-0.243944,-0.293592
2026-05-27 14:43:24.583,93.899981,0.000000,0.000000,0.000000,0.051463,-0.198064,-0.314859,-0.119301,-0.207916,-0.316230,-0.033919,-0.202990,-0.315544,0.000854,-0.215177,-0.297179,-0.039561,-0.245367,-0.259428,-0.058762,-0.243944,-0.293592
2026-05-27 14:43:24.683,93.999981,0.000000,0.000000,0.000000,0.051463,-0.198064,-0.314859,-0.119301,-0.207916,-0.316230,-0.033919,-0.202990,-0.315544,0.000854,-0.215177,-0.297179,-0.039561,-0.245367,-0.259428,-0.058762,-0.243944,-0.293592
2026-05-27 14:43:24.783,94.099981,0.000000,0.000000,0.000000,0.051463,-0.198064,-0.314859,-0.119301,-0.207916,-0.316230,-0.033919,-0.202990,-0.315544,0.000854,-0.215177,-0.297179,-0.039561,-0.245367,-0.259428,-0.058762,-0.243944,-0.293592
2026-05-27 14:43:24.883,94.199981,0.000000,0.000000,0.000000,0.051463,-0.198064,-0.314859,-0.119301,-0.207916,-0.316230,-0.033919,-0.202990,-0.315544,0.000854,-0.215177,-0.297179,-0.039561,-0.245367,-0.259428,-0.058762,-0.243944,-0.293592
2026-05-27 14:43:24.983,94.299981,0.000000,0.000000,0.000000,0.051463,-0.198064,-0.314859,-0.119301,-0.207916,-0.316230,-0.033919,-0.202990,-0.315544,0.000854,-0.215177,-0.297179,-0.039561,-0.245367,-0.259428,-0.058762,-0.243944,-0.293592
2026-05-27 14:43:25.083,94.399981,0.000000,0.000000,0.000000,0.051463,-0.198064,-0.314859,-0.119301,-0.207916,-0.316230,-0.033919,-0.202990,-0.315544,0.000854,-0.215177,-0.297179,-0.039561,-0.245367,-0.259428,-0.058762,-0.243944,-0.293592
2026-05-27 14:43:25.183,94.499981,0.000000,0.000000,0.000000,0.051463,-0.198064,-0.314859,-0.119301,-0.207916,-0.316230,-0.033919,-0.202990,-0.315544,0.000854,-0.215177,-0.297179,-0.039561,-0.245367,-0.259428,-0.058762,-0.243944,-0.293592
2026-05-27 14:43:25.283,94.599981,0.000000,0.000000,0.000000,0.051463,-0.198064,-0.314859,-0.119301,-0.207916,-0.316230,-0.033919,-0.202990,-0.315544,0.000854,-0.215177,-0.297179,-0.039561,-0.245367,-0.259428,-0.058762,-0.243944,-0.293592
2026-05-27 14:43:25.383,94.699981,0.000000,0.000000,0.000000,0.051463,-0.198064,-0.314859,-0.119301,-0.207916,-0.316230,-0.033919,-0.202990,-0.315544,0.000854,-0.215177,-0.297179,-0.039561,-0.245367,-0.259428,-0.058762,-0.243944,-0.293592
2026-05-27 14:43:25.483,94.799981,0.000000,0.000000,0.000000,0.051463,-0.198064,-0.314859,-0.119301,-0.207916,-0.316230,-0.033919,-0.202990,-0.315544,0.000854,-0.215177,-0.297179,-0.039561,-0.245367,-0.259428,-0.058762,-0.243944,-0.293592
2026-05-27 14:43:25.583,94.899981,0.000000,0.000000,0.000000,0.051463,-0.198064,-0.314859,-0.119301,-0.207916,-0.316230,-0.033919,-0.202990,-0.315544,0.000854,-0.215177,-0.297179,-0.039561,-0.245367,-0.259428,-0.058762,-0.243944,-0.293592
2026-05-27 14:43:25.683,94.999981,0.000000,0.000000,0.000000,0.051463,-0.198064,-0.314859,-0.119301,-0.207916,-0.316230,-0.033919,-0.202990,-0.315544,0.000854,-0.215177,-0.297179,-0.039561,-0.245367,-0.259428,-0.058762,-0.243944,-0.293592
2026-05-27 14:43:25.783,95.099981,0.000000,0.000000,0.000000,0.051463,-0.198064,-0.314859,-0.119301,-0.207916,-0.316230,-0.033919,-0.202990,-0.315544,0.000854,-0.215177,-0.297179,-0.039561,-0.245367,-0.259428,-0.058762,-0.243944,-0.293592
2026-05-27 14:43:25.883,95.199981,0.000000,0.000000,0.000000,0.051463,-0.198064,-0.314859,-0.119301,-0.207916,-0.316230,-0.033919,-0.202990,-0.315544,0.000854,-0.215177,-0.297179,-0.039561,-0.245367,-0.259428,-0.058762,-0.243944,-0.293592
2026-05-27 14:43:25.983,95.299981,0.000000,0.000000,0.000000,0.051463,-0.198064,-0.314859,-0.119301,-0.207916,-0.316230,-0.033919,-0.202990,-0.315544,0.000854,-0.215177,-0.297179,-0.039561,-0.245367,-0.259428,-0.058762,-0.243944,-0.293592
2026-05-27 14:43:26.083,95.399981,0.000000,0.000000,0.000000,0.051463,-0.198064,-0.314859,-0.119301,-0.207916,-0.316230,-0.033919,-0.202990,-0.315544,0.000854,-0.215177,-0.297179,-0.039561,-0.245367,-0.259428,-0.058762,-0.243944,-0.293592
2026-05-27 14:43:26.183,95.499981,0.000000,0.000000,0.000000,0.051463,-0.198064,-0.314859,-0.119301,-0.207916,-0.316230,-0.033919,-0.202990,-0.315544,0.000854,-0.215177,-0.297179,-0.039561,-0.245367,-0.259428,-0.058762,-0.243944,-0.293592
2026-05-27 14:43:26.283,95.599981,0.000000,0.000000,0.000000,0.051463,-0.198064,-0.314859,-0.119301,-0.207916,-0.316230,-0.033919,-0.202990,-0.315544,0.000854,-0.215177,-0.297179,-0.039561,-0.245367,-0.259428,-0.058762,-0.243944,-0.293592
2026-05-27 14:43:26.383,95.699981,0.000000,0.000000,0.000000,0.051463,-0.198064,-0.314859,-0.119301,-0.207916,-0.316230,-0.033919,-0.202990,-0.315544,0.000854,-0.215177,-0.297179,-0.039561,-0.245367,-0.259428,-0.058762,-0.243944,-0.293592
2026-05-27 14:43:26.483,95.799981,0.000000,0.000000,0.000000,0.051463,-0.198064,-0.314859,-0.119301,-0.207916,-0.316230,-0.033919,-0.202990,-0.315544,0.000854,-0.215177,-0.297179,-0.039561,-0.245367,-0.259428,-0.058762,-0.243944,-0.293592
2026-05-27 14:43:26.583,95.899981,0.000000,0.000000,0.000000,0.051463,-0.198064,-0.314859,-0.119301,-0.207916,-0.316230,-0.033919,-0.202990,-0.315544,0.000854,-0.215177,-0.297179,-0.039561,-0.245367,-0.259428,-0.058762,-0.243944,-0.293592
2026-05-27 14:43:26.683,95.999981,0.000000,0.000000,0.000000,0.051463,-0.198064,-0.314859,-0.119301,-0.207916,-0.316230,-0.033919,-0.202990,-0.315544,0.000854,-0.215177,-0.297179,-0.039561,-0.245367,-0.259428,-0.058762,-0.243944,-0.293592
2026-05-27 14:43:26.783,96.099981,0.000000,0.000000,0.000000,0.051463,-0.198064,-0.314859,-0.119301,-0.207916,-0.316230,-0.033919,-0.202990,-0.315544,0.000854,-0.215177,-0.297179,-0.039561,-0.245367,-0.259428,-0.058762,-0.243944,-0.293592
2026-05-27 14:43:26.883,96.199981,0.000000,0.000000,0.000000,0.051463,-0.198064,-0.314859,-0.119301,-0.207916,-0.316230,-0.033919,-0.202990,-0.315544,0.000854,-0.215177,-0.297179,-0.039561,-0.245367,-0.259428,-0.058762,-0.243944,-0.293592
2026-05-27 14:43:26.983,96.299981,0.000000,0.000000,0.000000,0.051463,-0.198064,-0.314859,-0.119301,-0.207916,-0.316230,-0.033919,-0.202990,-0.315544,0.000854,-0.215177,-0.297179,-0.039561,-0.245367,-0.259428,-0.058762,-0.243944,-0.293592
2026-05-27 14:43:27.083,96.399981,0.000000,0.000000,0.000000,0.051463,-0.198064,-0.314859,-0.119301,-0.207916,-0.316230,-0.033919,-0.202990,-0.315544,0.000854,-0.215177,-0.297179,-0.039561,-0.245367,-0.259428,-0.058762,-0.243944,-0.293592
2026-05-27 14:43:27.183,96.499981,0.000000,0.000000,0.000000,0.051463,-0.198064,-0.314859,-0.119301,-0.207916,-0.316230,-0.033919,-0.202990,-0.315544,0.000854,-0.215177,-0.297179,-0.039561,-0.245367,-0.259428,-0.058762,-0.243944,-0.293592
2026-05-27 14:43:27.283,96.599981,0.000000,0.000000,0.000000,0.051463,-0.198064,-0.314859,-0.119301,-0.207916,-0.316230,-0.033919,-0.202990,-0.315544,0.000854,-0.215177,-0.297179,-0.039561,-0.245367,-0.259428,-0.058762,-0.243944,-0.293592
2026-05-27 14:43:27.383,96.699981,0.000000,0.000000,0.000000,0.051463,-0.198064,-0.314859,-0.119301,-0.207916,-0.316230,-0.033919,-0.202990,-0.315544,0.000854,-0.215177,-0.297179,-0.039561,-0.245367,-0.259428,-0.058762,-0.243944,-0.293592
2026-05-27 14:43:27.483,96.799981,0.000000,0.000000,0.000000,0.051463,-0.198064,-0.314859,-0.119301,-0.207916,-0.316230,-0.033919,-0.202990,-0.315544,0.000854,-0.215177,-0.297179,-0.039561,-0.245367,-0.259428,-0.058762,-0.243944,-0.293592
2026-05-27 14:43:27.583,96.899981,0.000000,0.000000,0.000000,0.051463,-0.198064,-0.314859,-0.119301,-0.207916,-0.316230,-0.033919,-0.202990,-0.315544,0.000854,-0.215177,-0.297179,-0.039561,-0.245367,-0.259428,-0.058762,-0.243944,-0.293592
2026-05-27 14:43:27.683,96.999981,0.000000,0.000000,0.000000,0.051463,-0.198064,-0.314859,-0.119301,-0.207916,-0.316230,-0.033919,-0.202990,-0.315544,0.000854,-0.215177,-0.297179,-0.039561,-0.245367,-0.259428,-0.058762,-0.243944,-0.293592
2026-05-27 14:43:27.783,97.099981,0.000000,0.000000,0.000000,0.051463,-0.198064,-0.314859,-0.119301,-0.207916,-0.316230,-0.033919,-0.202990,-0.315544,0.000854,-0.215177,-0.297179,-0.039561,-0.245367,-0.259428,-0.058762,-0.243944,-0.293592
2026-05-27 14:43:27.883,97.199981,0.000000,0.000000,0.000000,0.051463,-0.198064,-0.314859,-0.119301,-0.207916,-0.316230,-0.033919,-0.202990,-0.315544,0.000854,-0.215177,-0.297179,-0.039561,-0.245367,-0.259428,-0.058762,-0.243944,-0.293592
2026-05-27 14:43:27.983,97.299981,0.000000,0.000000,0.000000,0.051463,-0.198064,-0.314859,-0.119301,-0.207916,-0.316230,-0.033919,-0.202990,-0.315544,0.000854,-0.215177,-0.297179,-0.039561,-0.245367,-0.259428,-0.058762,-0.243944,-0.293592
2026-05-27 14:43:28.083,97.399981,0.000000,0.000000,0.000000,0.051463,-0.198064,-0.314859,-0.119301,-0.207916,-0.316230,-0.033919,-0.202990,-0.315544,0.000854,-0.215177,-0.297179,-0.039561,-0.245367,-0.259428,-0.058762,-0.243944,-0.293592
2026-05-27 14:43:28.183,97.499981,0.000000,0.000000,0.000000,0.051463,-0.198064,-0.314859,-0.119301,-0.207916,-0.316230,-0.033919,-0.202990,-0.315544,0.000854,-0.215177,-0.297179,-0.039561,-0.245367,-0.259428,-0.058762,-0.243944,-0.293592
2026-05-27 14:43:28.283,97.599981,0.000000,0.000000,0.000000,0.051463,-0.198064,-0.314859,-0.119301,-0.207916,-0.316230,-0.033919,-0.202990,-0.315544,0.000854,-0.215177,-0.297179,-0.039561,-0.245367,-0.259428,-0.058762,-0.243944,-0.293592
2026-05-27 14:43:28.383,97.699981,0.000000,0.000000,0.000000,0.051463,-0.198064,-0.314859,-0.119301,-0.207916,-0.316230,-0.033919,-0.202990,-0.315544,0.000854,-0.215177,-0.297179,-0.039561,-0.245367,-0.259428,-0.058762,-0.243944,-0.293592
2026-05-27 14:43:28.483,97.799981,0.000000,0.000000,0.000000,0.051463,-0.198064,-0.314859,-0.119301,-0.207916,-0.316230,-0.033919,-0.202990,-0.315544,0.000854,-0.215177,-0.297179,-0.039561,-0.245367,-0.259428,-0.058762,-0.243944,-0.293592
2026-05-27 14:43:28.583,97.899981,0.000000,0.000000,0.000000,0.051463,-0.198064,-0.314859,-0.119301,-0.207916,-0.316230,-0.033919,-0.202990,-0.315544,0.000854,-0.215177,-0.297179,-0.039561,-0.245367,-0.259428,-0.058762,-0.243944,-0.293592
2026-05-27 14:43:28.683,97.999981,0.000000,0.000000,0.000000,0.051463,-0.198064,-0.314859,-0.119301,-0.207916,-0.316230,-0.033919,-0.202990,-0.315544,0.000854,-0.215177,-0.297179,-0.039561,-0.245367,-0.259428,-0.058762,-0.243944,-0.293592
2026-05-27 14:43:28.783,98.099981,0.000000,0.000000,0.000000,0.051463,-0.198064,-0.314859,-0.119301,-0.207916,-0.316230,-0.033919,-0.202990,-0.315544,0.000854,-0.215177,-0.297179,-0.039561,-0.245367,-0.259428,-0.058762,-0.243944,-0.293592
2026-05-27 14:43:28.883,98.199981,0.000000,0.000000,0.000000,0.051463,-0.198064,-0.314859,-0.119301,-0.207916,-0.316230,-0.033919,-0.202990,-0.315544,0.000854,-0.215177,-0.297179,-0.039561,-0.245367,-0.259428,-0.058762,-0.243944,-0.293592
2026-05-27 14:43:28.983,98.299981,0.000000,0.000000,0.000000,0.051463,-0.198064,-0.314859,-0.119301,-0.207916,-0.316230,-0.033919,-0.202990,-0.315544,0.000854,-0.215177,-0.297179,-0.039561,-0.245367,-0.259428,-0.058762,-0.243944,-0.293592
2026-05-27 14:43:29.083,98.399981,0.000000,0.000000,0.000000,0.051463,-0.198064,-0.314859,-0.119301,-0.207916,-0.316230,-0.033919,-0.202990,-0.315544,0.000854,-0.215177,-0.297179,-0.039561,-0.245367,-0.259428,-0.058762,-0.243944,-0.293592
2026-05-27 14:43:29.183,98.499981,0.000000,0.000000,0.000000,0.051463,-0.198064,-0.314859,-0.119301,-0.207916,-0.316230,-0.033919,-0.202990,-0.315544,0.000854,-0.215177,-0.297179,-0.039561,-0.245367,-0.259428,-0.058762,-0.243944,-0.293592
2026-05-27 14:43:29.283,98.599981,0.000000,0.000000,0.000000,0.051463,-0.198064,-0.314859,-0.119301,-0.207916,-0.316230,-0.033919,-0.202990,-0.315544,0.000854,-0.215177,-0.297179,-0.039561,-0.245367,-0.259428,-0.058762,-0.243944,-0.293592
2026-05-27 14:43:29.383,98.699981,0.000000,0.000000,0.000000,0.051463,-0.198064,-0.314859,-0.119301,-0.207916,-0.316230,-0.033919,-0.202990,-0.315544,0.000854,-0.215177,-0.297179,-0.039561,-0.245367,-0.259428,-0.058762,-0.243944,-0.293592
2026-05-27 14:43:29.483,98.799981,0.000000,0.000000,0.000000,0.051463,-0.198064,-0.314859,-0.119301,-0.207916,-0.316230,-0.033919,-0.202990,-0.315544,0.000854,-0.215177,-0.297179,-0.039561,-0.245367,-0.259428,-0.058762,-0.243944,-0.293592
2026-05-27 14:43:29.583,98.899981,0.000000,0.000000,0.000000,0.051463,-0.198064,-0.314859,-0.119301,-0.207916,-0.316230,-0.033919,-0.202990,-0.315544,0.000854,-0.215177,-0.297179,-0.039561,-0.245367,-0.259428,-0.058762,-0.243944,-0.293592
2026-05-27 14:43:29.683,98.999981,0.000000,0.000000,0.000000,0.051463,-0.198064,-0.314859,-0.119301,-0.207916,-0.316230,-0.033919,-0.202990,-0.315544,0.000854,-0.215177,-0.297179,-0.039561,-0.245367,-0.259428,-0.058762,-0.243944,-0.293592
2026-05-27 14:43:29.783,99.099981,0.000000,0.000000,0.000000,0.051463,-0.198064,-0.314859,-0.119301,-0.207916,-0.316230,-0.033919,-0.202990,-0.315544,0.000854,-0.215177,-0.297179,-0.039561,-0.245367,-0.259428,-0.058762,-0.243944,-0.293592
2026-05-27 14:43:29.883,99.199981,0.000000,0.000000,0.000000,0.051463,-0.198064,-0.314859,-0.119301,-0.207916,-0.316230,-0.033919,-0.202990,-0.315544,0.000854,-0.215177,-0.297179,-0.039561,-0.245367,-0.259428,-0.058762,-0.243944,-0.293592
2026-05-27 14:43:29.983,99.299981,0.000000,0.000000,0.000000,0.051463,-0.198064,-0.314859,-0.119301,-0.207916,-0.316230,-0.033919,-0.202990,-0.315544,0.000854,-0.215177,-0.297179,-0.039561,-0.245367,-0.259428,-0.058762,-0.243944,-0.293592
2026-05-27 14:43:30.083,99.399981,0.000000,0.000000,0.000000,0.051463,-0.198064,-0.314859,-0.119301,-0.207916,-0.316230,-0.033919,-0.202990,-0.315544,0.000854,-0.215177,-0.297179,-0.039561,-0.245367,-0.259428,-0.058762,-0.243944,-0.293592
2026-05-27 14:43:30.183,99.499981,0.000000,0.000000,0.000000,0.051463,-0.198064,-0.314859,-0.119301,-0.207916,-0.316230,-0.033919,-0.202990,-0.315544,0.000854,-0.215177,-0.297179,-0.039561,-0.245367,-0.259428,-0.058762,-0.243944,-0.293592
2026-05-27 14:43:30.283,99.599981,0.000000,0.000000,0.000000,0.051463,-0.198064,-0.314859,-0.119301,-0.207916,-0.316230,-0.033919,-0.202990,-0.315544,0.000854,-0.215177,-0.297179,-0.039561,-0.245367,-0.259428,-0.058762,-0.243944,-0.293592
2026-05-27 14:43:30.383,99.699981,0.000000,0.000000,0.000000,0.051463,-0.198064,-0.314859,-0.119301,-0.207916,-0.316230,-0.033919,-0.202990,-0.315544,0.000854,-0.215177,-0.297179,-0.039561,-0.245367,-0.259428,-0.058762,-0.243944,-0.293592
2026-05-27 14:43:30.483,99.799981,0.000000,0.000000,0.000000,0.051463,-0.198064,-0.314859,-0.119301,-0.207916,-0.316230,-0.033919,-0.202990,-0.315544,0.000854,-0.215177,-0.297179,-0.039561,-0.245367,-0.259428,-0.058762,-0.243944,-0.293592
2026-05-27 14:43:30.583,99.899981,0.000000,0.000000,0.000000,0.051463,-0.198064,-0.314859,-0.119301,-0.207916,-0.316230,-0.033919,-0.202990,-0.315544,0.000854,-0.215177,-0.297179,-0.039561,-0.245367,-0.259428,-0.058762,-0.243944,-0.293592
2026-05-27 14:43:30.683,99.999981,0.000000,0.000000,0.000000,0.051463,-0.198064,-0.314859,-0.119301,-0.207916,-0.316230,-0.033919,-0.202990,-0.315544,0.000854,-0.215177,-0.297179,-0.039561,-0.245367,-0.259428,-0.058762,-0.243944,-0.293592
2026-05-27 14:43:30.783,100.099981,0.000000,0.000000,0.000000,0.051463,-0.198064,-0.314859,-0.119301,-0.207916,-0.316230,-0.033919,-0.202990,-0.315544,0.000854,-0.215177,-0.297179,-0.039561,-0.245367,-0.259428,-0.058762,-0.243944,-0.293592
2026-05-27 14:43:30.883,100.199981,0.000000,0.000000,0.000000,0.051463,-0.198064,-0.314859,-0.119301,-0.207916,-0.316230,-0.033919,-0.202990,-0.315544,0.000854,-0.215177,-0.297179,-0.039561,-0.245367,-0.259428,-0.058762,-0.243944,-0.293592
2026-05-27 14:43:30.983,100.299981,0.000000,0.000000,0.000000,0.051463,-0.198064,-0.314859,-0.119301,-0.207916,-0.316230,-0.033919,-0.202990,-0.315544,0.000854,-0.215177,-0.297179,-0.039561,-0.245367,-0.259428,-0.058762,-0.243944,-0.293592
2026-05-27 14:43:31.083,100.399981,0.000000,0.000000,0.000000,0.051463,-0.198064,-0.314859,-0.119301,-0.207916,-0.316230,-0.033919,-0.202990,-0.315544,0.000854,-0.215177,-0.297179,-0.039561,-0.245367,-0.259428,-0.058762,-0.243944,-0.293592
2026-05-27 14:43:31.183,100.499981,0.000000,0.000000,0.000000,0.051463,-0.198064,-0.314859,-0.119301,-0.207916,-0.316230,-0.033919,-0.202990,-0.315544,0.000854,-0.215177,-0.297179,-0.039561,-0.245367,-0.259428,-0.058762,-0.243944,-0.293592
2026-05-27 14:43:31.283,100.599981,0.000000,0.000000,0.000000,0.051463,-0.198064,-0.314859,-0.119301,-0.207916,-0.316230,-0.033919,-0.202990,-0.315544,0.000854,-0.215177,-0.297179,-0.039561,-0.245367,-0.259428,-0.058762,-0.243944,-0.293592
2026-05-27 14:43:31.383,100.699981,0.000000,0.000000,0.000000,0.051463,-0.198064,-0.314859,-0.119301,-0.207916,-0.316230,-0.033919,-0.202990,-0.315544,0.000854,-0.215177,-0.297179,-0.039561,-0.245367,-0.259428,-0.058762,-0.243944,-0.293592
2026-05-27 14:43:31.483,100.799981,0.000000,0.000000,0.000000,0.051463,-0.198064,-0.314859,-0.119301,-0.207916,-0.316230,-0.033919,-0.202990,-0.315544,0.000854,-0.215177,-0.297179,-0.039561,-0.245367,-0.259428,-0.058762,-0.243944,-0.293592
2026-05-27 14:43:31.583,100.899981,0.000000,0.000000,0.000000,0.051463,-0.198064,-0.314859,-0.119301,-0.207916,-0.316230,-0.033919,-0.202990,-0.315544,0.000854,-0.215177,-0.297179,-0.039561,-0.245367,-0.259428,-0.058762,-0.243944,-0.293592
2026-05-27 14:43:31.683,100.999981,0.000000,0.000000,0.000000,0.051463,-0.198064,-0.314859,-0.119301,-0.207916,-0.316230,-0.033919,-0.202990,-0.315544,0.000854,-0.215177,-0.297179,-0.039561,-0.245367,-0.259428,-0.058762,-0.243944,-0.293592
2026-05-27 14:43:31.783,101.099981,0.000000,0.000000,0.000000,0.051463,-0.198064,-0.314859,-0.119301,-0.207916,-0.316230,-0.033919,-0.202990,-0.315544,0.000854,-0.215177,-0.297179,-0.039561,-0.245367,-0.259428,-0.058762,-0.243944,-0.293592
2026-05-27 14:43:31.883,101.199981,0.000000,0.000000,0.000000,0.051463,-0.198064,-0.314859,-0.119301,-0.207916,-0.316230,-0.033919,-0.202990,-0.315544,0.000854,-0.215177,-0.297179,-0.039561,-0.245367,-0.259428,-0.058762,-0.243944,-0.293592
2026-05-27 14:43:31.983,101.299981,0.000000,0.000000,0.000000,0.051463,-0.198064,-0.314859,-0.119301,-0.207916,-0.316230,-0.033919,-0.202990,-0.315544,0.000854,-0.215177,-0.297179,-0.039561,-0.245367,-0.259428,-0.058762,-0.243944,-0.293592
2026-05-27 14:43:32.083,101.399981,0.000000,0.000000,0.000000,0.051463,-0.198064,-0.314859,-0.119301,-0.207916,-0.316230,-0.033919,-0.202990,-0.315544,0.000854,-0.215177,-0.297179,-0.039561,-0.245367,-0.259428,-0.058762,-0.243944,-0.293592
2026-05-27 14:43:32.183,101.499981,0.000000,0.000000,0.000000,0.051463,-0.198064,-0.314859,-0.119301,-0.207916,-0.316230,-0.033919,-0.202990,-0.315544,0.000854,-0.215177,-0.297179,-0.039561,-0.245367,-0.259428,-0.058762,-0.243944,-0.293592
2026-05-27 14:43:32.283,101.599981,0.000000,0.000000,0.000000,0.051463,-0.198064,-0.314859,-0.119301,-0.207916,-0.316230,-0.033919,-0.202990,-0.315544,0.000854,-0.215177,-0.297179,-0.039561,-0.245367,-0.259428,-0.058762,-0.243944,-0.293592
2026-05-27 14:43:32.383,101.699981,0.000000,0.000000,0.000000,0.051463,-0.198064,-0.314859,-0.119301,-0.207916,-0.316230,-0.033919,-0.202990,-0.315544,0.000854,-0.215177,-0.297179,-0.039561,-0.245367,-0.259428,-0.058762,-0.243944,-0.293592
2026-05-27 14:43:32.483,101.799981,0.000000,0.000000,0.000000,0.051463,-0.198064,-0.314859,-0.119301,-0.207916,-0.316230,-0.033919,-0.202990,-0.315544,0.000854,-0.215177,-0.297179,-0.039561,-0.245367,-0.259428,-0.058762,-0.243944,-0.293592
2026-05-27 14:43:32.583,101.899981,0.000000,0.000000,0.000000,0.051463,-0.198064,-0.314859,-0.119301,-0.207916,-0.316230,-0.033919,-0.202990,-0.315544,0.000854,-0.215177,-0.297179,-0.039561,-0.245367,-0.259428,-0.058762,-0.243944,-0.293592
2026-05-27 14:43:32.683,101.999981,0.000000,0.000000,0.000000,0.051463,-0.198064,-0.314859,-0.119301,-0.207916,-0.316230,-0.033919,-0.202990,-0.315544,0.000854,-0.215177,-0.297179,-0.039561,-0.245367,-0.259428,-0.058762,-0.243944,-0.293592
2026-05-27 14:43:32.783,102.099981,0.000000,0.000000,0.000000,0.051463,-0.198064,-0.314859,-0.119301,-0.207916,-0.316230,-0.033919,-0.202990,-0.315544,0.000854,-0.215177,-0.297179,-0.039561,-0.245367,-0.259428,-0.058762,-0.243944,-0.293592
2026-05-27 14:43:32.883,102.199981,0.000000,0.000000,0.000000,0.051463,-0.198064,-0.314859,-0.119301,-0.207916,-0.316230,-0.033919,-0.202990,-0.315544,0.000854,-0.215177,-0.297179,-0.039561,-0.245367,-0.259428,-0.058762,-0.243944,-0.293592
2026-05-27 14:43:32.983,102.299981,0.000000,0.000000,0.000000,0.051463,-0.198064,-0.314859,-0.119301,-0.207916,-0.316230,-0.033919,-0.202990,-0.315544,0.000854,-0.215177,-0.297179,-0.039561,-0.245367,-0.259428,-0.058762,-0.243944,-0.293592
2026-05-27 14:43:33.083,102.399981,0.000000,0.000000,0.000000,0.051463,-0.198064,-0.314859,-0.119301,-0.207916,-0.316230,-0.033919,-0.202990,-0.315544,0.000854,-0.215177,-0.297179,-0.039561,-0.245367,-0.259428,-0.058762,-0.243944,-0.293592
2026-05-27 14:43:33.183,102.499981,0.000000,0.000000,0.000000,0.051463,-0.198064,-0.314859,-0.119301,-0.207916,-0.316230,-0.033919,-0.202990,-0.315544,0.000854,-0.215177,-0.297179,-0.039561,-0.245367,-0.259428,-0.058762,-0.243944,-0.293592
2026-05-27 14:43:33.283,102.599981,0.000000,0.000000,0.000000,0.051463,-0.198064,-0.314859,-0.119301,-0.207916,-0.316230,-0.033919,-0.202990,-0.315544,0.000854,-0.215177,-0.297179,-0.039561,-0.245367,-0.259428,-0.058762,-0.243944,-0.293592
2026-05-27 14:43:33.383,102.699981,0.000000,0.000000,0.000000,0.051463,-0.198064,-0.314859,-0.119301,-0.207916,-0.316230,-0.033919,-0.202990,-0.315544,0.000854,-0.215177,-0.297179,-0.039561,-0.245367,-0.259428,-0.058762,-0.243944,-0.293592
2026-05-27 14:43:33.483,102.799981,0.000000,0.000000,0.000000,0.051463,-0.198064,-0.314859,-0.119301,-0.207916,-0.316230,-0.033919,-0.202990,-0.315544,0.000854,-0.215177,-0.297179,-0.039561,-0.245367,-0.259428,-0.058762,-0.243944,-0.293592
2026-05-27 14:43:33.583,102.899981,0.000000,0.000000,0.000000,0.051463,-0.198064,-0.314859,-0.119301,-0.207916,-0.316230,-0.033919,-0.202990,-0.315544,0.000854,-0.215177,-0.297179,-0.039561,-0.245367,-0.259428,-0.058762,-0.243944,-0.293592
2026-05-27 14:43:33.683,102.999981,0.000000,0.000000,0.000000,0.051463,-0.198064,-0.314859,-0.119301,-0.207916,-0.316230,-0.033919,-0.202990,-0.315544,0.000854,-0.215177,-0.297179,-0.039561,-0.245367,-0.259428,-0.058762,-0.243944,-0.293592
2026-05-27 14:43:33.783,103.099981,0.000000,0.000000,0.000000,0.051463,-0.198064,-0.314859,-0.119301,-0.207916,-0.316230,-0.033919,-0.202990,-0.315544,0.000854,-0.215177,-0.297179,-0.039561,-0.245367,-0.259428,-0.058762,-0.243944,-0.293592
2026-05-27 14:43:33.883,103.199981,0.000000,0.000000,0.000000,0.051463,-0.198064,-0.314859,-0.119301,-0.207916,-0.316230,-0.033919,-0.202990,-0.315544,0.000854,-0.215177,-0.297179,-0.039561,-0.245367,-0.259428,-0.058762,-0.243944,-0.293592
2026-05-27 14:43:33.983,103.299981,0.000000,0.000000,0.000000,0.051463,-0.198064,-0.314859,-0.119301,-0.207916,-0.316230,-0.033919,-0.202990,-0.315544,0.000854,-0.215177,-0.297179,-0.039561,-0.245367,-0.259428,-0.058762,-0.243944,-0.293592
2026-05-27 14:43:34.083,103.399981,0.000000,0.000000,0.000000,0.051463,-0.198064,-0.314859,-0.119301,-0.207916,-0.316230,-0.033919,-0.202990,-0.315544,0.000854,-0.215177,-0.297179,-0.039561,-0.245367,-0.259428,-0.058762,-0.243944,-0.293592
2026-05-27 14:43:34.183,103.499981,0.000000,0.000000,0.000000,0.051463,-0.198064,-0.314859,-0.119301,-0.207916,-0.316230,-0.033919,-0.202990,-0.315544,0.000854,-0.215177,-0.297179,-0.039561,-0.245367,-0.259428,-0.058762,-0.243944,-0.293592
2026-05-27 14:43:34.283,103.599981,0.000000,0.000000,0.000000,0.051463,-0.198064,-0.314859,-0.119301,-0.207916,-0.316230,-0.033919,-0.202990,-0.315544,0.000854,-0.215177,-0.297179,-0.039561,-0.245367,-0.259428,-0.058762,-0.243944,-0.293592
2026-05-27 14:43:34.383,103.699981,0.000000,0.000000,0.000000,0.051463,-0.198064,-0.314859,-0.119301,-0.207916,-0.316230,-0.033919,-0.202990,-0.315544,0.000854,-0.215177,-0.297179,-0.039561,-0.245367,-0.259428,-0.058762,-0.243944,-0.293592
2026-05-27 14:43:34.483,103.799981,0.000000,0.000000,0.000000,0.051463,-0.198064,-0.314859,-0.119301,-0.207916,-0.316230,-0.033919,-0.202990,-0.315544,0.000854,-0.215177,-0.297179,-0.039561,-0.245367,-0.259428,-0.058762,-0.243944,-0.293592
2026-05-27 14:43:34.583,103.899981,0.000000,0.000000,0.000000,0.051463,-0.198064,-0.314859,-0.119301,-0.207916,-0.316230,-0.033919,-0.202990,-0.315544,0.000854,-0.215177,-0.297179,-0.039561,-0.245367,-0.259428,-0.058762,-0.243944,-0.293592
2026-05-27 14:43:34.683,103.999981,0.000000,0.000000,0.000000,0.051463,-0.198064,-0.314859,-0.119301,-0.207916,-0.316230,-0.033919,-0.202990,-0.315544,0.000854,-0.215177,-0.297179,-0.039561,-0.245367,-0.259428,-0.058762,-0.243944,-0.293592
2026-05-27 14:43:34.783,104.099981,0.000000,0.000000,0.000000,0.051463,-0.198064,-0.314859,-0.119301,-0.207916,-0.316230,-0.033919,-0.202990,-0.315544,0.000854,-0.215177,-0.297179,-0.039561,-0.245367,-0.259428,-0.058762,-0.243944,-0.293592
2026-05-27 14:43:34.883,104.199981,0.000000,0.000000,0.000000,0.051463,-0.198064,-0.314859,-0.119301,-0.207916,-0.316230,-0.033919,-0.202990,-0.315544,0.000854,-0.215177,-0.297179,-0.039561,-0.245367,-0.259428,-0.058762,-0.243944,-0.293592
2026-05-27 14:43:34.983,104.299981,0.000000,0.000000,0.000000,0.051463,-0.198064,-0.314859,-0.119301,-0.207916,-0.316230,-0.033919,-0.202990,-0.315544,0.000854,-0.215177,-0.297179,-0.039561,-0.245367,-0.259428,-0.058762,-0.243944,-0.293592
2026-05-27 14:43:35.083,104.399981,0.000000,0.000000,0.000000,0.051463,-0.198064,-0.314859,-0.119301,-0.207916,-0.316230,-0.033919,-0.202990,-0.315544,0.000854,-0.215177,-0.297179,-0.039561,-0.245367,-0.259428,-0.058762,-0.243944,-0.293592
2026-05-27 14:43:35.183,104.499981,0.000000,0.000000,0.000000,0.051463,-0.198064,-0.314859,-0.119301,-0.207916,-0.316230,-0.033919,-0.202990,-0.315544,0.000854,-0.215177,-0.297179,-0.039561,-0.245367,-0.259428,-0.058762,-0.243944,-0.293592
2026-05-27 14:43:35.283,104.599981,0.000000,0.000000,0.000000,0.051463,-0.198064,-0.314859,-0.119301,-0.207916,-0.316230,-0.033919,-0.202990,-0.315544,0.000854,-0.215177,-0.297179,-0.039561,-0.245367,-0.259428,-0.058762,-0.243944,-0.293592
2026-05-27 14:43:35.383,104.699981,0.000000,0.000000,0.000000,0.051463,-0.198064,-0.314859,-0.119301,-0.207916,-0.316230,-0.033919,-0.202990,-0.315544,0.000854,-0.215177,-0.297179,-0.039561,-0.245367,-0.259428,-0.058762,-0.243944,-0.293592
2026-05-27 14:43:35.483,104.799981,0.000000,0.000000,0.000000,0.051463,-0.198064,-0.314859,-0.119301,-0.207916,-0.316230,-0.033919,-0.202990,-0.315544,0.000854,-0.215177,-0.297179,-0.039561,-0.245367,-0.259428,-0.058762,-0.243944,-0.293592
2026-05-27 14:43:35.583,104.899981,0.000000,0.000000,0.000000,0.051463,-0.198064,-0.314859,-0.119301,-0.207916,-0.316230,-0.033919,-0.202990,-0.315544,0.000854,-0.215177,-0.297179,-0.039561,-0.245367,-0.259428,-0.058762,-0.243944,-0.293592
2026-05-27 14:43:35.683,104.999981,0.000000,0.000000,0.000000,0.051463,-0.198064,-0.314859,-0.119301,-0.207916,-0.316230,-0.033919,-0.202990,-0.315544,0.000854,-0.215177,-0.297179,-0.039561,-0.245367,-0.259428,-0.058762,-0.243944,-0.293592
2026-05-27 14:43:35.783,105.099981,0.000000,0.000000,0.000000,0.051463,-0.198064,-0.314859,-0.119301,-0.207916,-0.316230,-0.033919,-0.202990,-0.315544,0.000854,-0.215177,-0.297179,-0.039561,-0.245367,-0.259428,-0.058762,-0.243944,-0.293592
2026-05-27 14:43:35.883,105.199981,0.000000,0.000000,0.000000,0.051463,-0.198064,-0.314859,-0.119301,-0.207916,-0.316230,-0.033919,-0.202990,-0.315544,0.000854,-0.215177,-0.297179,-0.039561,-0.245367,-0.259428,-0.058762,-0.243944,-0.293592
2026-05-27 14:43:35.983,105.299981,0.000000,0.000000,0.000000,0.051463,-0.198064,-0.314859,-0.119301,-0.207916,-0.316230,-0.033919,-0.202990,-0.315544,0.000854,-0.215177,-0.297179,-0.039561,-0.245367,-0.259428,-0.058762,-0.243944,-0.293592
2026-05-27 14:43:36.083,105.399981,0.000000,0.000000,0.000000,0.051463,-0.198064,-0.314859,-0.119301,-0.207916,-0.316230,-0.033919,-0.202990,-0.315544,0.000854,-0.215177,-0.297179,-0.039561,-0.245367,-0.259428,-0.058762,-0.243944,-0.293592
2026-05-27 14:43:36.183,105.499981,0.000000,0.000000,0.000000,0.051463,-0.198064,-0.314859,-0.119301,-0.207916,-0.316230,-0.033919,-0.202990,-0.315544,0.000854,-0.215177,-0.297179,-0.039561,-0.245367,-0.259428,-0.058762,-0.243944,-0.293592
2026-05-27 14:43:36.283,105.599981,0.000000,0.000000,0.000000,0.051463,-0.198064,-0.314859,-0.119301,-0.207916,-0.316230,-0.033919,-0.202990,-0.315544,0.000854,-0.215177,-0.297179,-0.039561,-0.245367,-0.259428,-0.058762,-0.243944,-0.293592
2026-05-27 14:43:36.383,105.699981,0.000000,0.000000,0.000000,0.051463,-0.198064,-0.314859,-0.119301,-0.207916,-0.316230,-0.033919,-0.202990,-0.315544,0.000854,-0.215177,-0.297179,-0.039561,-0.245367,-0.259428,-0.058762,-0.243944,-0.293592
2026-05-27 14:43:36.483,105.799981,0.000000,0.000000,0.000000,0.051463,-0.198064,-0.314859,-0.119301,-0.207916,-0.316230,-0.033919,-0.202990,-0.315544,0.000854,-0.215177,-0.297179,-0.039561,-0.245367,-0.259428,-0.058762,-0.243944,-0.293592
2026-05-27 14:43:36.583,105.899981,0.000000,0.000000,0.000000,0.051463,-0.198064,-0.314859,-0.119301,-0.207916,-0.316230,-0.033919,-0.202990,-0.315544,0.000854,-0.215177,-0.297179,-0.039561,-0.245367,-0.259428,-0.058762,-0.243944,-0.293592
2026-05-27 14:43:36.683,105.999981,0.000000,0.000000,0.000000,0.051463,-0.198064,-0.314859,-0.119301,-0.207916,-0.316230,-0.033919,-0.202990,-0.315544,0.000854,-0.215177,-0.297179,-0.039561,-0.245367,-0.259428,-0.058762,-0.243944,-0.293592
2026-05-27 14:43:36.783,106.099981,0.000000,0.000000,0.000000,0.051463,-0.198064,-0.314859,-0.119301,-0.207916,-0.316230,-0.033919,-0.202990,-0.315544,0.000854,-0.215177,-0.297179,-0.039561,-0.245367,-0.259428,-0.058762,-0.243944,-0.293592
2026-05-27 14:43:36.883,106.199981,0.000000,0.000000,0.000000,0.051463,-0.198064,-0.314859,-0.119301,-0.207916,-0.316230,-0.033919,-0.202990,-0.315544,0.000854,-0.215177,-0.297179,-0.039561,-0.245367,-0.259428,-0.058762,-0.243944,-0.293592
2026-05-27 14:43:36.983,106.299981,0.000000,0.000000,0.000000,0.051463,-0.198064,-0.314859,-0.119301,-0.207916,-0.316230,-0.033919,-0.202990,-0.315544,0.000854,-0.215177,-0.297179,-0.039561,-0.245367,-0.259428,-0.058762,-0.243944,-0.293592
2026-05-27 14:43:37.083,106.399981,0.000000,0.000000,0.000000,0.051463,-0.198064,-0.314859,-0.119301,-0.207916,-0.316230,-0.033919,-0.202990,-0.315544,0.000854,-0.215177,-0.297179,-0.039561,-0.245367,-0.259428,-0.058762,-0.243944,-0.293592
2026-05-27 14:43:37.183,106.499981,0.000000,0.000000,0.000000,0.051463,-0.198064,-0.314859,-0.119301,-0.207916,-0.316230,-0.033919,-0.202990,-0.315544,0.000854,-0.215177,-0.297179,-0.039561,-0.245367,-0.259428,-0.058762,-0.243944,-0.293592
2026-05-27 14:43:37.283,106.599981,0.000000,0.000000,0.000000,0.051463,-0.198064,-0.314859,-0.119301,-0.207916,-0.316230,-0.033919,-0.202990,-0.315544,0.000854,-0.215177,-0.297179,-0.039561,-0.245367,-0.259428,-0.058762,-0.243944,-0.293592
2026-05-27 14:43:37.383,106.699981,0.000000,0.000000,0.000000,0.051463,-0.198064,-0.314859,-0.119301,-0.207916,-0.316230,-0.033919,-0.202990,-0.315544,0.000854,-0.215177,-0.297179,-0.039561,-0.245367,-0.259428,-0.058762,-0.243944,-0.293592
2026-05-27 14:43:37.483,106.799981,0.000000,0.000000,0.000000,0.051463,-0.198064,-0.314859,-0.119301,-0.207916,-0.316230,-0.033919,-0.202990,-0.315544,0.000854,-0.215177,-0.297179,-0.039561,-0.245367,-0.259428,-0.058762,-0.243944,-0.293592
2026-05-27 14:43:37.583,106.899981,0.000000,0.000000,0.000000,0.051463,-0.198064,-0.314859,-0.119301,-0.207916,-0.316230,-0.033919,-0.202990,-0.315544,0.000854,-0.215177,-0.297179,-0.039561,-0.245367,-0.259428,-0.058762,-0.243944,-0.293592
2026-05-27 14:43:37.683,106.999981,0.000000,0.000000,0.000000,0.051463,-0.198064,-0.314859,-0.119301,-0.207916,-0.316230,-0.033919,-0.202990,-0.315544,0.000854,-0.215177,-0.297179,-0.039561,-0.245367,-0.259428,-0.058762,-0.243944,-0.293592
2026-05-27 14:43:37.783,107.099981,0.000000,0.000000,0.000000,0.051463,-0.198064,-0.314859,-0.119301,-0.207916,-0.316230,-0.033919,-0.202990,-0.315544,0.000854,-0.215177,-0.297179,-0.039561,-0.245367,-0.259428,-0.058762,-0.243944,-0.293592
2026-05-27 14:43:37.883,107.199981,0.000000,0.000000,0.000000,0.051463,-0.198064,-0.314859,-0.119301,-0.207916,-0.316230,-0.033919,-0.202990,-0.315544,0.000854,-0.215177,-0.297179,-0.039561,-0.245367,-0.259428,-0.058762,-0.243944,-0.293592
2026-05-27 14:43:37.983,107.299981,0.000000,0.000000,0.000000,0.051463,-0.198064,-0.314859,-0.119301,-0.207916,-0.316230,-0.033919,-0.202990,-0.315544,0.000854,-0.215177,-0.297179,-0.039561,-0.245367,-0.259428,-0.058762,-0.243944,-0.293592
2026-05-27 14:43:38.083,107.399981,0.000000,0.000000,0.000000,0.051463,-0.198064,-0.314859,-0.119301,-0.207916,-0.316230,-0.033919,-0.202990,-0.315544,0.000854,-0.215177,-0.297179,-0.039561,-0.245367,-0.259428,-0.058762,-0.243944,-0.293592
2026-05-27 14:43:38.183,107.499981,0.000000,0.000000,0.000000,0.051463,-0.198064,-0.314859,-0.119301,-0.207916,-0.316230,-0.033919,-0.202990,-0.315544,0.000854,-0.215177,-0.297179,-0.039561,-0.245367,-0.259428,-0.058762,-0.243944,-0.293592
2026-05-27 14:43:38.283,107.599981,0.000000,0.000000,0.000000,0.051463,-0.198064,-0.314859,-0.119301,-0.207916,-0.316230,-0.033919,-0.202990,-0.315544,0.000854,-0.215177,-0.297179,-0.039561,-0.245367,-0.259428,-0.058762,-0.243944,-0.293592
2026-05-27 14:43:38.383,107.699981,0.000000,0.000000,0.000000,0.051463,-0.198064,-0.314859,-0.119301,-0.207916,-0.316230,-0.033919,-0.202990,-0.315544,0.000854,-0.215177,-0.297179,-0.039561,-0.245367,-0.259428,-0.058762,-0.243944,-0.293592
2026-05-27 14:43:38.483,107.799981,0.000000,0.000000,0.000000,0.051463,-0.198064,-0.314859,-0.119301,-0.207916,-0.316230,-0.033919,-0.202990,-0.315544,0.000854,-0.215177,-0.297179,-0.039561,-0.245367,-0.259428,-0.058762,-0.243944,-0.293592
2026-05-27 14:43:38.583,107.899981,0.000000,0.000000,0.000000,0.051463,-0.198064,-0.314859,-0.119301,-0.207916,-0.316230,-0.033919,-0.202990,-0.315544,0.000854,-0.215177,-0.297179,-0.039561,-0.245367,-0.259428,-0.058762,-0.243944,-0.293592
2026-05-27 14:43:38.683,107.999981,0.000000,0.000000,0.000000,0.051463,-0.198064,-0.314859,-0.119301,-0.207916,-0.316230,-0.033919,-0.202990,-0.315544,0.000854,-0.215177,-0.297179,-0.039561,-0.245367,-0.259428,-0.058762,-0.243944,-0.293592
2026-05-27 14:43:38.783,108.099981,0.000000,0.000000,0.000000,0.051463,-0.198064,-0.314859,-0.119301,-0.207916,-0.316230,-0.033919,-0.202990,-0.315544,0.000854,-0.215177,-0.297179,-0.039561,-0.245367,-0.259428,-0.058762,-0.243944,-0.293592
2026-05-27 14:43:38.883,108.199981,0.000000,0.000000,0.000000,0.051463,-0.198064,-0.314859,-0.119301,-0.207916,-0.316230,-0.033919,-0.202990,-0.315544,0.000854,-0.215177,-0.297179,-0.039561,-0.245367,-0.259428,-0.058762,-0.243944,-0.293592
2026-05-27 14:43:38.983,108.299981,0.000000,0.000000,0.000000,0.051463,-0.198064,-0.314859,-0.119301,-0.207916,-0.316230,-0.033919,-0.202990,-0.315544,0.000854,-0.215177,-0.297179,-0.039561,-0.245367,-0.259428,-0.058762,-0.243944,-0.293592
2026-05-27 14:43:39.083,108.399981,0.000000,0.000000,0.000000,0.051463,-0.198064,-0.314859,-0.119301,-0.207916,-0.316230,-0.033919,-0.202990,-0.315544,0.000854,-0.215177,-0.297179,-0.039561,-0.245367,-0.259428,-0.058762,-0.243944,-0.293592
2026-05-27 14:43:39.183,108.499981,0.000000,0.000000,0.000000,0.051463,-0.198064,-0.314859,-0.119301,-0.207916,-0.316230,-0.033919,-0.202990,-0.315544,0.000854,-0.215177,-0.297179,-0.039561,-0.245367,-0.259428,-0.058762,-0.243944,-0.293592
2026-05-27 14:43:39.283,108.599981,0.000000,0.000000,0.000000,0.051463,-0.198064,-0.314859,-0.119301,-0.207916,-0.316230,-0.033919,-0.202990,-0.315544,0.000854,-0.215177,-0.297179,-0.039561,-0.245367,-0.259428,-0.058762,-0.243944,-0.293592
2026-05-27 14:43:39.383,108.699981,0.000000,0.000000,0.000000,0.051463,-0.198064,-0.314859,-0.119301,-0.207916,-0.316230,-0.033919,-0.202990,-0.315544,0.000854,-0.215177,-0.297179,-0.039561,-0.245367,-0.259428,-0.058762,-0.243944,-0.293592
2026-05-27 14:43:39.483,108.799981,0.000000,0.000000,0.000000,0.051463,-0.198064,-0.314859,-0.119301,-0.207916,-0.316230,-0.033919,-0.202990,-0.315544,0.000854,-0.215177,-0.297179,-0.039561,-0.245367,-0.259428,-0.058762,-0.243944,-0.293592
2026-05-27 14:43:39.583,108.899981,0.000000,0.000000,0.000000,0.051463,-0.198064,-0.314859,-0.119301,-0.207916,-0.316230,-0.033919,-0.202990,-0.315544,0.000854,-0.215177,-0.297179,-0.039561,-0.245367,-0.259428,-0.058762,-0.243944,-0.293592
2026-05-27 14:43:39.683,108.999981,0.000000,0.000000,0.000000,0.051463,-0.198064,-0.314859,-0.119301,-0.207916,-0.316230,-0.033919,-0.202990,-0.315544,0.000854,-0.215177,-0.297179,-0.039561,-0.245367,-0.259428,-0.058762,-0.243944,-0.293592
2026-05-27 14:43:39.783,109.099981,0.000000,0.000000,0.000000,0.051463,-0.198064,-0.314859,-0.119301,-0.207916,-0.316230,-0.033919,-0.202990,-0.315544,0.000854,-0.215177,-0.297179,-0.039561,-0.245367,-0.259428,-0.058762,-0.243944,-0.293592
2026-05-27 14:43:39.883,109.199981,0.000000,0.000000,0.000000,0.051463,-0.198064,-0.314859,-0.119301,-0.207916,-0.316230,-0.033919,-0.202990,-0.315544,0.000854,-0.215177,-0.297179,-0.039561,-0.245367,-0.259428,-0.058762,-0.243944,-0.293592
2026-05-27 14:43:39.983,109.299981,0.000000,0.000000,0.000000,0.051463,-0.198064,-0.314859,-0.119301,-0.207916,-0.316230,-0.033919,-0.202990,-0.315544,0.000854,-0.215177,-0.297179,-0.039561,-0.245367,-0.259428,-0.058762,-0.243944,-0.293592
2026-05-27 14:43:40.083,109.399981,0.000000,0.000000,0.000000,0.051463,-0.198064,-0.314859,-0.119301,-0.207916,-0.316230,-0.033919,-0.202990,-0.315544,0.000854,-0.215177,-0.297179,-0.039561,-0.245367,-0.259428,-0.058762,-0.243944,-0.293592
2026-05-27 14:43:40.183,109.499981,0.000000,0.000000,0.000000,0.051463,-0.198064,-0.314859,-0.119301,-0.207916,-0.316230,-0.033919,-0.202990,-0.315544,0.000854,-0.215177,-0.297179,-0.039561,-0.245367,-0.259428,-0.058762,-0.243944,-0.293592
2026-05-27 14:43:40.283,109.599981,0.000000,0.000000,0.000000,0.051463,-0.198064,-0.314859,-0.119301,-0.207916,-0.316230,-0.033919,-0.202990,-0.315544,0.000854,-0.215177,-0.297179,-0.039561,-0.245367,-0.259428,-0.058762,-0.243944,-0.293592
2026-05-27 14:43:40.383,109.699981,0.000000,0.000000,0.000000,0.051463,-0.198064,-0.314859,-0.119301,-0.207916,-0.316230,-0.033919,-0.202990,-0.315544,0.000854,-0.215177,-0.297179,-0.039561,-0.245367,-0.259428,-0.058762,-0.243944,-0.293592
2026-05-27 14:43:40.483,109.799981,0.000000,0.000000,0.000000,0.051463,-0.198064,-0.314859,-0.119301,-0.207916,-0.316230,-0.033919,-0.202990,-0.315544,0.000854,-0.215177,-0.297179,-0.039561,-0.245367,-0.259428,-0.058762,-0.243944,-0.293592
2026-05-27 14:43:40.583,109.899981,0.000000,0.000000,0.000000,0.051463,-0.198064,-0.314859,-0.119301,-0.207916,-0.316230,-0.033919,-0.202990,-0.315544,0.000854,-0.215177,-0.297179,-0.039561,-0.245367,-0.259428,-0.058762,-0.243944,-0.293592
2026-05-27 14:43:40.683,109.999981,0.000000,0.000000,0.000000,0.051463,-0.198064,-0.314859,-0.119301,-0.207916,-0.316230,-0.033919,-0.202990,-0.315544,0.000854,-0.215177,-0.297179,-0.039561,-0.245367,-0.259428,-0.058762,-0.243944,-0.293592
2026-05-27 14:43:40.783,110.099981,0.000000,0.000000,0.000000,0.051463,-0.198064,-0.314859,-0.119301,-0.207916,-0.316230,-0.033919,-0.202990,-0.315544,0.000854,-0.215177,-0.297179,-0.039561,-0.245367,-0.259428,-0.058762,-0.243944,-0.293592
2026-05-27 14:43:40.883,110.199981,0.000000,0.000000,0.000000,0.051463,-0.198064,-0.314859,-0.119301,-0.207916,-0.316230,-0.033919,-0.202990,-0.315544,0.000854,-0.215177,-0.297179,-0.039561,-0.245367,-0.259428,-0.058762,-0.243944,-0.293592
2026-05-27 14:43:40.983,110.299981,0.000000,0.000000,0.000000,0.051463,-0.198064,-0.314859,-0.119301,-0.207916,-0.316230,-0.033919,-0.202990,-0.315544,0.000854,-0.215177,-0.297179,-0.039561,-0.245367,-0.259428,-0.058762,-0.243944,-0.293592
2026-05-27 14:43:41.083,110.399981,0.000000,0.000000,0.000000,0.051463,-0.198064,-0.314859,-0.119301,-0.207916,-0.316230,-0.033919,-0.202990,-0.315544,0.000854,-0.215177,-0.297179,-0.039561,-0.245367,-0.259428,-0.058762,-0.243944,-0.293592
2026-05-27 14:43:41.183,110.499981,0.000000,0.000000,0.000000,0.051463,-0.198064,-0.314859,-0.119301,-0.207916,-0.316230,-0.033919,-0.202990,-0.315544,0.000854,-0.215177,-0.297179,-0.039561,-0.245367,-0.259428,-0.058762,-0.243944,-0.293592
2026-05-27 14:43:41.283,110.599981,0.000000,0.000000,0.000000,0.051463,-0.198064,-0.314859,-0.119301,-0.207916,-0.316230,-0.033919,-0.202990,-0.315544,0.000854,-0.215177,-0.297179,-0.039561,-0.245367,-0.259428,-0.058762,-0.243944,-0.293592
2026-05-27 14:43:41.383,110.699981,0.000000,0.000000,0.000000,0.051463,-0.198064,-0.314859,-0.119301,-0.207916,-0.316230,-0.033919,-0.202990,-0.315544,0.000854,-0.215177,-0.297179,-0.039561,-0.245367,-0.259428,-0.058762,-0.243944,-0.293592
2026-05-27 14:43:41.483,110.799981,0.000000,0.000000,0.000000,0.051463,-0.198064,-0.314859,-0.119301,-0.207916,-0.316230,-0.033919,-0.202990,-0.315544,0.000854,-0.215177,-0.297179,-0.039561,-0.245367,-0.259428,-0.058762,-0.243944,-0.293592
2026-05-27 14:43:41.583,110.899981,0.000000,0.000000,0.000000,0.051463,-0.198064,-0.314859,-0.119301,-0.207916,-0.316230,-0.033919,-0.202990,-0.315544,0.000854,-0.215177,-0.297179,-0.039561,-0.245367,-0.259428,-0.058762,-0.243944,-0.293592
2026-05-27 14:43:41.683,110.999981,0.000000,0.000000,0.000000,0.051463,-0.198064,-0.314859,-0.119301,-0.207916,-0.316230,-0.033919,-0.202990,-0.315544,0.000854,-0.215177,-0.297179,-0.039561,-0.245367,-0.259428,-0.058762,-0.243944,-0.293592
2026-05-27 14:43:41.783,111.099981,0.000000,0.000000,0.000000,0.051463,-0.198064,-0.314859,-0.119301,-0.207916,-0.316230,-0.033919,-0.202990,-0.315544,0.000854,-0.215177,-0.297179,-0.039561,-0.245367,-0.259428,-0.058762,-0.243944,-0.293592
2026-05-27 14:43:41.883,111.199981,0.000000,0.000000,0.000000,0.051463,-0.198064,-0.314859,-0.119301,-0.207916,-0.316230,-0.033919,-0.202990,-0.315544,0.000854,-0.215177,-0.297179,-0.039561,-0.245367,-0.259428,-0.058762,-0.243944,-0.293592
2026-05-27 14:43:41.983,111.299981,0.000000,0.000000,0.000000,0.051463,-0.198064,-0.314859,-0.119301,-0.207916,-0.316230,-0.033919,-0.202990,-0.315544,0.000854,-0.215177,-0.297179,-0.039561,-0.245367,-0.259428,-0.058762,-0.243944,-0.293592
2026-05-27 14:43:42.083,111.399981,0.000000,0.000000,0.000000,0.051463,-0.198064,-0.314859,-0.119301,-0.207916,-0.316230,-0.033919,-0.202990,-0.315544,0.000854,-0.215177,-0.297179,-0.039561,-0.245367,-0.259428,-0.058762,-0.243944,-0.293592
2026-05-27 14:43:42.183,111.499981,0.000000,0.000000,0.000000,0.051463,-0.198064,-0.314859,-0.119301,-0.207916,-0.316230,-0.033919,-0.202990,-0.315544,0.000854,-0.215177,-0.297179,-0.039561,-0.245367,-0.259428,-0.058762,-0.243944,-0.293592
2026-05-27 14:43:42.283,111.599981,0.000000,0.000000,0.000000,0.051463,-0.198064,-0.314859,-0.119301,-0.207916,-0.316230,-0.033919,-0.202990,-0.315544,0.000854,-0.215177,-0.297179,-0.039561,-0.245367,-0.259428,-0.058762,-0.243944,-0.293592
2026-05-27 14:43:42.383,111.699981,0.000000,0.000000,0.000000,0.051463,-0.198064,-0.314859,-0.119301,-0.207916,-0.316230,-0.033919,-0.202990,-0.315544,0.000854,-0.215177,-0.297179,-0.039561,-0.245367,-0.259428,-0.058762,-0.243944,-0.293592
2026-05-27 14:43:42.483,111.799981,0.000000,0.000000,0.000000,0.051463,-0.198064,-0.314859,-0.119301,-0.207916,-0.316230,-0.033919,-0.202990,-0.315544,0.000854,-0.215177,-0.297179,-0.039561,-0.245367,-0.259428,-0.058762,-0.243944,-0.293592
2026-05-27 14:43:42.583,111.899981,0.000000,0.000000,0.000000,0.051463,-0.198064,-0.314859,-0.119301,-0.207916,-0.316230,-0.033919,-0.202990,-0.315544,0.000854,-0.215177,-0.297179,-0.039561,-0.245367,-0.259428,-0.058762,-0.243944,-0.293592
2026-05-27 14:43:42.683,111.999981,0.000000,0.000000,0.000000,0.051463,-0.198064,-0.314859,-0.119301,-0.207916,-0.316230,-0.033919,-0.202990,-0.315544,0.000854,-0.215177,-0.297179,-0.039561,-0.245367,-0.259428,-0.058762,-0.243944,-0.293592
2026-05-27 14:43:42.783,112.099981,0.000000,0.000000,0.000000,0.051463,-0.198064,-0.314859,-0.119301,-0.207916,-0.316230,-0.033919,-0.202990,-0.315544,0.000854,-0.215177,-0.297179,-0.039561,-0.245367,-0.259428,-0.058762,-0.243944,-0.293592
2026-05-27 14:43:42.883,112.199981,0.000000,0.000000,0.000000,0.051463,-0.198064,-0.314859,-0.119301,-0.207916,-0.316230,-0.033919,-0.202990,-0.315544,0.000854,-0.215177,-0.297179,-0.039561,-0.245367,-0.259428,-0.058762,-0.243944,-0.293592
2026-05-27 14:43:42.983,112.299981,0.000000,0.000000,0.000000,0.051463,-0.198064,-0.314859,-0.119301,-0.207916,-0.316230,-0.033919,-0.202990,-0.315544,0.000854,-0.215177,-0.297179,-0.039561,-0.245367,-0.259428,-0.058762,-0.243944,-0.293592
2026-05-27 14:43:43.083,112.399981,0.000000,0.000000,0.000000,0.051463,-0.198064,-0.314859,-0.119301,-0.207916,-0.316230,-0.033919,-0.202990,-0.315544,0.000854,-0.215177,-0.297179,-0.039561,-0.245367,-0.259428,-0.058762,-0.243944,-0.293592
2026-05-27 14:43:43.183,112.499981,0.000000,0.000000,0.000000,0.051463,-0.198064,-0.314859,-0.119301,-0.207916,-0.316230,-0.033919,-0.202990,-0.315544,0.000854,-0.215177,-0.297179,-0.039561,-0.245367,-0.259428,-0.058762,-0.243944,-0.293592
2026-05-27 14:43:43.283,112.599981,0.000000,0.000000,0.000000,0.051463,-0.198064,-0.314859,-0.119301,-0.207916,-0.316230,-0.033919,-0.202990,-0.315544,0.000854,-0.215177,-0.297179,-0.039561,-0.245367,-0.259428,-0.058762,-0.243944,-0.293592
2026-05-27 14:43:43.383,112.699981,0.000000,0.000000,0.000000,0.051463,-0.198064,-0.314859,-0.119301,-0.207916,-0.316230,-0.033919,-0.202990,-0.315544,0.000854,-0.215177,-0.297179,-0.039561,-0.245367,-0.259428,-0.058762,-0.243944,-0.293592
2026-05-27 14:43:43.483,112.799981,0.000000,0.000000,0.000000,0.051463,-0.198064,-0.314859,-0.119301,-0.207916,-0.316230,-0.033919,-0.202990,-0.315544,0.000854,-0.215177,-0.297179,-0.039561,-0.245367,-0.259428,-0.058762,-0.243944,-0.293592
2026-05-27 14:43:43.583,112.899981,0.000000,0.000000,0.000000,0.051463,-0.198064,-0.314859,-0.119301,-0.207916,-0.316230,-0.033919,-0.202990,-0.315544,0.000854,-0.215177,-0.297179,-0.039561,-0.245367,-0.259428,-0.058762,-0.243944,-0.293592
2026-05-27 14:43:43.683,112.999981,0.000000,0.000000,0.000000,0.051463,-0.198064,-0.314859,-0.119301,-0.207916,-0.316230,-0.033919,-0.202990,-0.315544,0.000854,-0.215177,-0.297179,-0.039561,-0.245367,-0.259428,-0.058762,-0.243944,-0.293592
2026-05-27 14:43:43.783,113.099981,0.000000,0.000000,0.000000,0.051463,-0.198064,-0.314859,-0.119301,-0.207916,-0.316230,-0.033919,-0.202990,-0.315544,0.000854,-0.215177,-0.297179,-0.039561,-0.245367,-0.259428,-0.058762,-0.243944,-0.293592
2026-05-27 14:43:43.883,113.199981,0.000000,0.000000,0.000000,0.051463,-0.198064,-0.314859,-0.119301,-0.207916,-0.316230,-0.033919,-0.202990,-0.315544,0.000854,-0.215177,-0.297179,-0.039561,-0.245367,-0.259428,-0.058762,-0.243944,-0.293592
2026-05-27 14:43:43.983,113.299981,0.000000,0.000000,0.000000,0.051463,-0.198064,-0.314859,-0.119301,-0.207916,-0.316230,-0.033919,-0.202990,-0.315544,0.000854,-0.215177,-0.297179,-0.039561,-0.245367,-0.259428,-0.058762,-0.243944,-0.293592
2026-05-27 14:43:44.083,113.399981,0.000000,0.000000,0.000000,0.051463,-0.198064,-0.314859,-0.119301,-0.207916,-0.316230,-0.033919,-0.202990,-0.315544,0.000854,-0.215177,-0.297179,-0.039561,-0.245367,-0.259428,-0.058762,-0.243944,-0.293592
2026-05-27 14:43:44.183,113.499981,0.000000,0.000000,0.000000,0.051463,-0.198064,-0.314859,-0.119301,-0.207916,-0.316230,-0.033919,-0.202990,-0.315544,0.000854,-0.215177,-0.297179,-0.039561,-0.245367,-0.259428,-0.058762,-0.243944,-0.293592
2026-05-27 14:43:44.283,113.599981,0.000000,0.000000,0.000000,0.051463,-0.198064,-0.314859,-0.119301,-0.207916,-0.316230,-0.033919,-0.202990,-0.315544,0.000854,-0.215177,-0.297179,-0.039561,-0.245367,-0.259428,-0.058762,-0.243944,-0.293592
2026-05-27 14:43:44.383,113.699981,0.000000,0.000000,0.000000,0.051463,-0.198064,-0.314859,-0.119301,-0.207916,-0.316230,-0.033919,-0.202990,-0.315544,0.000854,-0.215177,-0.297179,-0.039561,-0.245367,-0.259428,-0.058762,-0.243944,-0.293592
2026-05-27 14:43:44.483,113.799981,0.000000,0.000000,0.000000,0.051463,-0.198064,-0.314859,-0.119301,-0.207916,-0.316230,-0.033919,-0.202990,-0.315544,0.000854,-0.215177,-0.297179,-0.039561,-0.245367,-0.259428,-0.058762,-0.243944,-0.293592
2026-05-27 14:43:44.583,113.899981,0.000000,0.000000,0.000000,0.051463,-0.198064,-0.314859,-0.119301,-0.207916,-0.316230,-0.033919,-0.202990,-0.315544,0.000854,-0.215177,-0.297179,-0.039561,-0.245367,-0.259428,-0.058762,-0.243944,-0.293592
2026-05-27 14:43:44.683,113.999981,0.000000,0.000000,0.000000,0.051463,-0.198064,-0.314859,-0.119301,-0.207916,-0.316230,-0.033919,-0.202990,-0.315544,0.000854,-0.215177,-0.297179,-0.039561,-0.245367,-0.259428,-0.058762,-0.243944,-0.293592
2026-05-27 14:43:44.783,114.099981,0.000000,0.000000,0.000000,0.051463,-0.198064,-0.314859,-0.119301,-0.207916,-0.316230,-0.033919,-0.202990,-0.315544,0.000854,-0.215177,-0.297179,-0.039561,-0.245367,-0.259428,-0.058762,-0.243944,-0.293592
2026-05-27 14:43:44.883,114.199981,0.000000,0.000000,0.000000,0.051463,-0.198064,-0.314859,-0.119301,-0.207916,-0.316230,-0.033919,-0.202990,-0.315544,0.000854,-0.215177,-0.297179,-0.039561,-0.245367,-0.259428,-0.058762,-0.243944,-0.293592
2026-05-27 14:43:44.983,114.299981,0.000000,0.000000,0.000000,0.051463,-0.198064,-0.314859,-0.119301,-0.207916,-0.316230,-0.033919,-0.202990,-0.315544,0.000854,-0.215177,-0.297179,-0.039561,-0.245367,-0.259428,-0.058762,-0.243944,-0.293592
2026-05-27 14:43:45.083,114.399981,0.000000,0.000000,0.000000,0.051463,-0.198064,-0.314859,-0.119301,-0.207916,-0.316230,-0.033919,-0.202990,-0.315544,0.000854,-0.215177,-0.297179,-0.039561,-0.245367,-0.259428,-0.058762,-0.243944,-0.293592
2026-05-27 14:43:45.183,114.499981,0.000000,0.000000,0.000000,0.051463,-0.198064,-0.314859,-0.119301,-0.207916,-0.316230,-0.033919,-0.202990,-0.315544,0.000854,-0.215177,-0.297179,-0.039561,-0.245367,-0.259428,-0.058762,-0.243944,-0.293592
2026-05-27 14:43:45.283,114.599981,0.000000,0.000000,0.000000,0.051463,-0.198064,-0.314859,-0.119301,-0.207916,-0.316230,-0.033919,-0.202990,-0.315544,0.000854,-0.215177,-0.297179,-0.039561,-0.245367,-0.259428,-0.058762,-0.243944,-0.293592
2026-05-27 14:43:45.383,114.699981,0.000000,0.000000,0.000000,0.051463,-0.198064,-0.314859,-0.119301,-0.207916,-0.316230,-0.033919,-0.202990,-0.315544,0.000854,-0.215177,-0.297179,-0.039561,-0.245367,-0.259428,-0.058762,-0.243944,-0.293592
2026-05-27 14:43:45.483,114.799981,0.000000,0.000000,0.000000,0.051463,-0.198064,-0.314859,-0.119301,-0.207916,-0.316230,-0.033919,-0.202990,-0.315544,0.000854,-0.215177,-0.297179,-0.039561,-0.245367,-0.259428,-0.058762,-0.243944,-0.293592
2026-05-27 14:43:45.583,114.899981,0.000000,0.000000,0.000000,0.051463,-0.198064,-0.314859,-0.119301,-0.207916,-0.316230,-0.033919,-0.202990,-0.315544,0.000854,-0.215177,-0.297179,-0.039561,-0.245367,-0.259428,-0.058762,-0.243944,-0.293592
2026-05-27 14:43:45.683,114.999981,0.000000,0.000000,0.000000,0.051463,-0.198064,-0.314859,-0.119301,-0.207916,-0.316230,-0.033919,-0.202990,-0.315544,0.000854,-0.215177,-0.297179,-0.039561,-0.245367,-0.259428,-0.058762,-0.243944,-0.293592
2026-05-27 14:43:45.783,115.099981,0.000000,0.000000,0.000000,0.051463,-0.198064,-0.314859,-0.119301,-0.207916,-0.316230,-0.033919,-0.202990,-0.315544,0.000854,-0.215177,-0.297179,-0.039561,-0.245367,-0.259428,-0.058762,-0.243944,-0.293592
2026-05-27 14:43:45.883,115.199981,0.000000,0.000000,0.000000,0.051463,-0.198064,-0.314859,-0.119301,-0.207916,-0.316230,-0.033919,-0.202990,-0.315544,0.000854,-0.215177,-0.297179,-0.039561,-0.245367,-0.259428,-0.058762,-0.243944,-0.293592
2026-05-27 14:43:45.983,115.299981,0.000000,0.000000,0.000000,0.051463,-0.198064,-0.314859,-0.119301,-0.207916,-0.316230,-0.033919,-0.202990,-0.315544,0.000854,-0.215177,-0.297179,-0.039561,-0.245367,-0.259428,-0.058762,-0.243944,-0.293592
2026-05-27 14:43:46.083,115.399981,0.000000,0.000000,0.000000,0.051463,-0.198064,-0.314859,-0.119301,-0.207916,-0.316230,-0.033919,-0.202990,-0.315544,0.000854,-0.215177,-0.297179,-0.039561,-0.245367,-0.259428,-0.058762,-0.243944,-0.293592
2026-05-27 14:43:46.183,115.499981,0.000000,0.000000,0.000000,0.051463,-0.198064,-0.314859,-0.119301,-0.207916,-0.316230,-0.033919,-0.202990,-0.315544,0.000854,-0.215177,-0.297179,-0.039561,-0.245367,-0.259428,-0.058762,-0.243944,-0.293592
2026-05-27 14:43:46.283,115.599981,0.000000,0.000000,0.000000,0.051463,-0.198064,-0.314859,-0.119301,-0.207916,-0.316230,-0.033919,-0.202990,-0.315544,0.000854,-0.215177,-0.297179,-0.039561,-0.245367,-0.259428,-0.058762,-0.243944,-0.293592
2026-05-27 14:43:46.383,115.699981,0.000000,0.000000,0.000000,0.051463,-0.198064,-0.314859,-0.119301,-0.207916,-0.316230,-0.033919,-0.202990,-0.315544,0.000854,-0.215177,-0.297179,-0.039561,-0.245367,-0.259428,-0.058762,-0.243944,-0.293592
2026-05-27 14:43:46.483,115.799981,0.000000,0.000000,0.000000,0.051463,-0.198064,-0.314859,-0.119301,-0.207916,-0.316230,-0.033919,-0.202990,-0.315544,0.000854,-0.215177,-0.297179,-0.039561,-0.245367,-0.259428,-0.058762,-0.243944,-0.293592
2026-05-27 14:43:46.583,115.899981,0.000000,0.000000,0.000000,0.051463,-0.198064,-0.314859,-0.119301,-0.207916,-0.316230,-0.033919,-0.202990,-0.315544,0.000854,-0.215177,-0.297179,-0.039561,-0.245367,-0.259428,-0.058762,-0.243944,-0.293592
2026-05-27 14:43:46.683,115.999981,0.000000,0.000000,0.000000,0.051463,-0.198064,-0.314859,-0.119301,-0.207916,-0.316230,-0.033919,-0.202990,-0.315544,0.000854,-0.215177,-0.297179,-0.039561,-0.245367,-0.259428,-0.058762,-0.243944,-0.293592
2026-05-27 14:43:46.783,116.099981,0.000000,0.000000,0.000000,0.051463,-0.198064,-0.314859,-0.119301,-0.207916,-0.316230,-0.033919,-0.202990,-0.315544,0.000854,-0.215177,-0.297179,-0.039561,-0.245367,-0.259428,-0.058762,-0.243944,-0.293592
2026-05-27 14:43:46.883,116.199981,0.000000,0.000000,0.000000,0.051463,-0.198064,-0.314859,-0.119301,-0.207916,-0.316230,-0.033919,-0.202990,-0.315544,0.000854,-0.215177,-0.297179,-0.039561,-0.245367,-0.259428,-0.058762,-0.243944,-0.293592
2026-05-27 14:43:46.983,116.299981,0.000000,0.000000,0.000000,0.051463,-0.198064,-0.314859,-0.119301,-0.207916,-0.316230,-0.033919,-0.202990,-0.315544,0.000854,-0.215177,-0.297179,-0.039561,-0.245367,-0.259428,-0.058762,-0.243944,-0.293592
2026-05-27 14:43:47.083,116.399981,0.000000,0.000000,0.000000,0.051463,-0.198064,-0.314859,-0.119301,-0.207916,-0.316230,-0.033919,-0.202990,-0.315544,0.000854,-0.215177,-0.297179,-0.039561,-0.245367,-0.259428,-0.058762,-0.243944,-0.293592
2026-05-27 14:43:47.183,116.499981,0.000000,0.000000,0.000000,0.051463,-0.198064,-0.314859,-0.119301,-0.207916,-0.316230,-0.033919,-0.202990,-0.315544,0.000854,-0.215177,-0.297179,-0.039561,-0.245367,-0.259428,-0.058762,-0.243944,-0.293592
2026-05-27 14:43:47.283,116.599981,0.000000,0.000000,0.000000,0.051463,-0.198064,-0.314859,-0.119301,-0.207916,-0.316230,-0.033919,-0.202990,-0.315544,0.000854,-0.215177,-0.297179,-0.039561,-0.245367,-0.259428,-0.058762,-0.243944,-0.293592
2026-05-27 14:43:47.383,116.699981,0.000000,0.000000,0.000000,0.051463,-0.198064,-0.314859,-0.119301,-0.207916,-0.316230,-0.033919,-0.202990,-0.315544,0.000854,-0.215177,-0.297179,-0.039561,-0.245367,-0.259428,-0.058762,-0.243944,-0.293592
2026-05-27 14:43:47.483,116.799981,0.000000,0.000000,0.000000,0.051463,-0.198064,-0.314859,-0.119301,-0.207916,-0.316230,-0.033919,-0.202990,-0.315544,0.000854,-0.215177,-0.297179,-0.039561,-0.245367,-0.259428,-0.058762,-0.243944,-0.293592
2026-05-27 14:43:47.583,116.899981,0.000000,0.000000,0.000000,0.051463,-0.198064,-0.314859,-0.119301,-0.207916,-0.316230,-0.033919,-0.202990,-0.315544,0.000854,-0.215177,-0.297179,-0.039561,-0.245367,-0.259428,-0.058762,-0.243944,-0.293592
2026-05-27 14:43:47.683,116.999981,0.000000,0.000000,0.000000,0.051463,-0.198064,-0.314859,-0.119301,-0.207916,-0.316230,-0.033919,-0.202990,-0.315544,0.000854,-0.215177,-0.297179,-0.039561,-0.245367,-0.259428,-0.058762,-0.243944,-0.293592
2026-05-27 14:43:47.783,117.099981,0.000000,0.000000,0.000000,0.051463,-0.198064,-0.314859,-0.119301,-0.207916,-0.316230,-0.033919,-0.202990,-0.315544,0.000854,-0.215177,-0.297179,-0.039561,-0.245367,-0.259428,-0.058762,-0.243944,-0.293592
2026-05-27 14:43:47.883,117.199981,0.000000,0.000000,0.000000,0.051463,-0.198064,-0.314859,-0.119301,-0.207916,-0.316230,-0.033919,-0.202990,-0.315544,0.000854,-0.215177,-0.297179,-0.039561,-0.245367,-0.259428,-0.058762,-0.243944,-0.293592
2026-05-27 14:43:47.983,117.299981,0.000000,0.000000,0.000000,0.051463,-0.198064,-0.314859,-0.119301,-0.207916,-0.316230,-0.033919,-0.202990,-0.315544,0.000854,-0.215177,-0.297179,-0.039561,-0.245367,-0.259428,-0.058762,-0.243944,-0.293592
2026-05-27 14:43:48.083,117.399981,0.000000,0.000000,0.000000,0.051463,-0.198064,-0.314859,-0.119301,-0.207916,-0.316230,-0.033919,-0.202990,-0.315544,0.000854,-0.215177,-0.297179,-0.039561,-0.245367,-0.259428,-0.058762,-0.243944,-0.293592
2026-05-27 14:43:48.183,117.499981,0.000000,0.000000,0.000000,0.051463,-0.198064,-0.314859,-0.119301,-0.207916,-0.316230,-0.033919,-0.202990,-0.315544,0.000854,-0.215177,-0.297179,-0.039561,-0.245367,-0.259428,-0.058762,-0.243944,-0.293592
2026-05-27 14:43:48.283,117.599981,0.000000,0.000000,0.000000,0.051463,-0.198064,-0.314859,-0.119301,-0.207916,-0.316230,-0.033919,-0.202990,-0.315544,0.000854,-0.215177,-0.297179,-0.039561,-0.245367,-0.259428,-0.058762,-0.243944,-0.293592
2026-05-27 14:43:48.383,117.699981,0.000000,0.000000,0.000000,0.051463,-0.198064,-0.314859,-0.119301,-0.207916,-0.316230,-0.033919,-0.202990,-0.315544,0.000854,-0.215177,-0.297179,-0.039561,-0.245367,-0.259428,-0.058762,-0.243944,-0.293592
2026-05-27 14:43:48.483,117.799981,0.000000,0.000000,0.000000,0.051463,-0.198064,-0.314859,-0.119301,-0.207916,-0.316230,-0.033919,-0.202990,-0.315544,0.000854,-0.215177,-0.297179,-0.039561,-0.245367,-0.259428,-0.058762,-0.243944,-0.293592
2026-05-27 14:43:48.583,117.899981,0.000000,0.000000,0.000000,0.051463,-0.198064,-0.314859,-0.119301,-0.207916,-0.316230,-0.033919,-0.202990,-0.315544,0.000854,-0.215177,-0.297179,-0.039561,-0.245367,-0.259428,-0.058762,-0.243944,-0.293592
2026-05-27 14:43:48.683,117.999981,0.000000,0.000000,0.000000,0.051463,-0.198064,-0.314859,-0.119301,-0.207916,-0.316230,-0.033919,-0.202990,-0.315544,0.000854,-0.215177,-0.297179,-0.039561,-0.245367,-0.259428,-0.058762,-0.243944,-0.293592
2026-05-27 14:43:48.783,118.099981,0.000000,0.000000,0.000000,0.051463,-0.198064,-0.314859,-0.119301,-0.207916,-0.316230,-0.033919,-0.202990,-0.315544,0.000854,-0.215177,-0.297179,-0.039561,-0.245367,-0.259428,-0.058762,-0.243944,-0.293592
2026-05-27 14:43:48.883,118.199981,0.000000,0.000000,0.000000,0.051463,-0.198064,-0.314859,-0.119301,-0.207916,-0.316230,-0.033919,-0.202990,-0.315544,0.000854,-0.215177,-0.297179,-0.039561,-0.245367,-0.259428,-0.058762,-0.243944,-0.293592
2026-05-27 14:43:48.983,118.299981,0.000000,0.000000,0.000000,0.051463,-0.198064,-0.314859,-0.119301,-0.207916,-0.316230,-0.033919,-0.202990,-0.315544,0.000854,-0.215177,-0.297179,-0.039561,-0.245367,-0.259428,-0.058762,-0.243944,-0.293592
2026-05-27 14:43:49.083,118.399981,0.000000,0.000000,0.000000,0.051463,-0.198064,-0.314859,-0.119301,-0.207916,-0.316230,-0.033919,-0.202990,-0.315544,0.000854,-0.215177,-0.297179,-0.039561,-0.245367,-0.259428,-0.058762,-0.243944,-0.293592
2026-05-27 14:43:49.183,118.499981,0.000000,0.000000,0.000000,0.051463,-0.198064,-0.314859,-0.119301,-0.207916,-0.316230,-0.033919,-0.202990,-0.315544,0.000854,-0.215177,-0.297179,-0.039561,-0.245367,-0.259428,-0.058762,-0.243944,-0.293592
2026-05-27 14:43:49.283,118.599981,0.000000,0.000000,0.000000,0.051463,-0.198064,-0.314859,-0.119301,-0.207916,-0.316230,-0.033919,-0.202990,-0.315544,0.000854,-0.215177,-0.297179,-0.039561,-0.245367,-0.259428,-0.058762,-0.243944,-0.293592
2026-05-27 14:43:49.383,118.699981,0.000000,0.000000,0.000000,0.051463,-0.198064,-0.314859,-0.119301,-0.207916,-0.316230,-0.033919,-0.202990,-0.315544,0.000854,-0.215177,-0.297179,-0.039561,-0.245367,-0.259428,-0.058762,-0.243944,-0.293592
2026-05-27 14:43:49.483,118.799981,0.000000,0.000000,0.000000,0.051463,-0.198064,-0.314859,-0.119301,-0.207916,-0.316230,-0.033919,-0.202990,-0.315544,0.000854,-0.215177,-0.297179,-0.039561,-0.245367,-0.259428,-0.058762,-0.243944,-0.293592
2026-05-27 14:43:49.583,118.899981,0.000000,0.000000,0.000000,0.051463,-0.198064,-0.314859,-0.119301,-0.207916,-0.316230,-0.033919,-0.202990,-0.315544,0.000854,-0.215177,-0.297179,-0.039561,-0.245367,-0.259428,-0.058762,-0.243944,-0.293592
2026-05-27 14:43:49.683,118.999981,0.000000,0.000000,0.000000,0.051463,-0.198064,-0.314859,-0.119301,-0.207916,-0.316230,-0.033919,-0.202990,-0.315544,0.000854,-0.215177,-0.297179,-0.039561,-0.245367,-0.259428,-0.058762,-0.243944,-0.293592
2026-05-27 14:43:49.783,119.099981,0.000000,0.000000,0.000000,0.051463,-0.198064,-0.314859,-0.119301,-0.207916,-0.316230,-0.033919,-0.202990,-0.315544,0.000854,-0.215177,-0.297179,-0.039561,-0.245367,-0.259428,-0.058762,-0.243944,-0.293592
2026-05-27 14:43:49.883,119.199981,0.000000,0.000000,0.000000,0.051463,-0.198064,-0.314859,-0.119301,-0.207916,-0.316230,-0.033919,-0.202990,-0.315544,0.000854,-0.215177,-0.297179,-0.039561,-0.245367,-0.259428,-0.058762,-0.243944,-0.293592
2026-05-27 14:43:49.983,119.299981,0.000000,0.000000,0.000000,0.051463,-0.198064,-0.314859,-0.119301,-0.207916,-0.316230,-0.033919,-0.202990,-0.315544,0.000854,-0.215177,-0.297179,-0.039561,-0.245367,-0.259428,-0.058762,-0.243944,-0.293592
2026-05-27 14:43:50.083,119.399981,0.000000,0.000000,0.000000,0.051463,-0.198064,-0.314859,-0.119301,-0.207916,-0.316230,-0.033919,-0.202990,-0.315544,0.000854,-0.215177,-0.297179,-0.039561,-0.245367,-0.259428,-0.058762,-0.243944,-0.293592
2026-05-27 14:43:50.183,119.499981,0.000000,0.000000,0.000000,0.051463,-0.198064,-0.314859,-0.119301,-0.207916,-0.316230,-0.033919,-0.202990,-0.315544,0.000854,-0.215177,-0.297179,-0.039561,-0.245367,-0.259428,-0.058762,-0.243944,-0.293592
2026-05-27 14:43:50.283,119.599981,0.000000,0.000000,0.000000,0.051463,-0.198064,-0.314859,-0.119301,-0.207916,-0.316230,-0.033919,-0.202990,-0.315544,0.000854,-0.215177,-0.297179,-0.039561,-0.245367,-0.259428,-0.058762,-0.243944,-0.293592
2026-05-27 14:43:50.383,119.699981,0.000000,0.000000,0.000000,0.051463,-0.198064,-0.314859,-0.119301,-0.207916,-0.316230,-0.033919,-0.202990,-0.315544,0.000854,-0.215177,-0.297179,-0.039561,-0.245367,-0.259428,-0.058762,-0.243944,-0.293592
2026-05-27 14:43:50.483,119.799981,0.000000,0.000000,0.000000,0.051463,-0.198064,-0.314859,-0.119301,-0.207916,-0.316230,-0.033919,-0.202990,-0.315544,0.000854,-0.215177,-0.297179,-0.039561,-0.245367,-0.259428,-0.058762,-0.243944,-0.293592
2026-05-27 14:43:50.583,119.899981,0.000000,0.000000,0.000000,0.051463,-0.198064,-0.314859,-0.119301,-0.207916,-0.316230,-0.033919,-0.202990,-0.315544,0.000854,-0.215177,-0.297179,-0.039561,-0.245367,-0.259428,-0.058762,-0.243944,-0.293592
2026-05-27 14:43:50.683,119.999981,0.000000,0.000000,0.000000,0.051463,-0.198064,-0.314859,-0.119301,-0.207916,-0.316230,-0.033919,-0.202990,-0.315544,0.000854,-0.215177,-0.297179,-0.039561,-0.245367,-0.259428,-0.058762,-0.243944,-0.293592
2026-05-27 14:43:50.783,120.099981,0.000000,0.000000,0.000000,0.051463,-0.198064,-0.314859,-0.119301,-0.207916,-0.316230,-0.033919,-0.202990,-0.315544,0.000854,-0.215177,-0.297179,-0.039561,-0.245367,-0.259428,-0.058762,-0.243944,-0.293592
2026-05-27 14:43:50.883,120.199981,0.000000,0.000000,0.000000,0.051463,-0.198064,-0.314859,-0.119301,-0.207916,-0.316230,-0.033919,-0.202990,-0.315544,0.000854,-0.215177,-0.297179,-0.039561,-0.245367,-0.259428,-0.058762,-0.243944,-0.293592
2026-05-27 14:43:50.983,120.299981,0.000000,0.000000,0.000000,0.051463,-0.198064,-0.314859,-0.119301,-0.207916,-0.316230,-0.033919,-0.202990,-0.315544,0.000854,-0.215177,-0.297179,-0.039561,-0.245367,-0.259428,-0.058762,-0.243944,-0.293592
2026-05-27 14:43:51.083,120.399981,0.000000,0.000000,0.000000,0.051463,-0.198064,-0.314859,-0.119301,-0.207916,-0.316230,-0.033919,-0.202990,-0.315544,0.000854,-0.215177,-0.297179,-0.039561,-0.245367,-0.259428,-0.058762,-0.243944,-0.293592
2026-05-27 14:43:51.183,120.499981,0.000000,0.000000,0.000000,0.051463,-0.198064,-0.314859,-0.119301,-0.207916,-0.316230,-0.033919,-0.202990,-0.315544,0.000854,-0.215177,-0.297179,-0.039561,-0.245367,-0.259428,-0.058762,-0.243944,-0.293592
2026-05-27 14:43:51.283,120.599981,0.000000,0.000000,0.000000,0.051463,-0.198064,-0.314859,-0.119301,-0.207916,-0.316230,-0.033919,-0.202990,-0.315544,0.000854,-0.215177,-0.297179,-0.039561,-0.245367,-0.259428,-0.058762,-0.243944,-0.293592
2026-05-27 14:43:51.383,120.699981,0.000000,0.000000,0.000000,0.051463,-0.198064,-0.314859,-0.119301,-0.207916,-0.316230,-0.033919,-0.202990,-0.315544,0.000854,-0.215177,-0.297179,-0.039561,-0.245367,-0.259428,-0.058762,-0.243944,-0.293592
2026-05-27 14:43:51.483,120.799981,0.000000,0.000000,0.000000,0.051463,-0.198064,-0.314859,-0.119301,-0.207916,-0.316230,-0.033919,-0.202990,-0.315544,0.000854,-0.215177,-0.297179,-0.039561,-0.245367,-0.259428,-0.058762,-0.243944,-0.293592
2026-05-27 14:43:51.583,120.899981,0.000000,0.000000,0.000000,0.051463,-0.198064,-0.314859,-0.119301,-0.207916,-0.316230,-0.033919,-0.202990,-0.315544,0.000854,-0.215177,-0.297179,-0.039561,-0.245367,-0.259428,-0.058762,-0.243944,-0.293592
2026-05-27 14:43:51.683,120.999981,0.000000,0.000000,0.000000,0.051463,-0.198064,-0.314859,-0.119301,-0.207916,-0.316230,-0.033919,-0.202990,-0.315544,0.000854,-0.215177,-0.297179,-0.039561,-0.245367,-0.259428,-0.058762,-0.243944,-0.293592
2026-05-27 14:43:51.783,121.099981,0.000000,0.000000,0.000000,0.051463,-0.198064,-0.314859,-0.119301,-0.207916,-0.316230,-0.033919,-0.202990,-0.315544,0.000854,-0.215177,-0.297179,-0.039561,-0.245367,-0.259428,-0.058762,-0.243944,-0.293592
2026-05-27 14:43:51.883,121.199981,0.000000,0.000000,0.000000,0.051463,-0.198064,-0.314859,-0.119301,-0.207916,-0.316230,-0.033919,-0.202990,-0.315544,0.000854,-0.215177,-0.297179,-0.039561,-0.245367,-0.259428,-0.058762,-0.243944,-0.293592
2026-05-27 14:43:51.983,121.299981,0.000000,0.000000,0.000000,0.051463,-0.198064,-0.314859,-0.119301,-0.207916,-0.316230,-0.033919,-0.202990,-0.315544,0.000854,-0.215177,-0.297179,-0.039561,-0.245367,-0.259428,-0.058762,-0.243944,-0.293592
2026-05-27 14:43:52.083,121.399981,0.000000,0.000000,0.000000,0.051463,-0.198064,-0.314859,-0.119301,-0.207916,-0.316230,-0.033919,-0.202990,-0.315544,0.000854,-0.215177,-0.297179,-0.039561,-0.245367,-0.259428,-0.058762,-0.243944,-0.293592
2026-05-27 14:43:52.183,121.499981,0.000000,0.000000,0.000000,0.051463,-0.198064,-0.314859,-0.119301,-0.207916,-0.316230,-0.033919,-0.202990,-0.315544,0.000854,-0.215177,-0.297179,-0.039561,-0.245367,-0.259428,-0.058762,-0.243944,-0.293592
2026-05-27 14:43:52.283,121.599981,0.000000,0.000000,0.000000,0.051463,-0.198064,-0.314859,-0.119301,-0.207916,-0.316230,-0.033919,-0.202990,-0.315544,0.000854,-0.215177,-0.297179,-0.039561,-0.245367,-0.259428,-0.058762,-0.243944,-0.293592
2026-05-27 14:43:52.383,121.699981,0.000000,0.000000,0.000000,0.051463,-0.198064,-0.314859,-0.119301,-0.207916,-0.316230,-0.033919,-0.202990,-0.315544,0.000854,-0.215177,-0.297179,-0.039561,-0.245367,-0.259428,-0.058762,-0.243944,-0.293592
2026-05-27 14:43:52.483,121.799981,0.000000,0.000000,0.000000,0.051463,-0.198064,-0.314859,-0.119301,-0.207916,-0.316230,-0.033919,-0.202990,-0.315544,0.000854,-0.215177,-0.297179,-0.039561,-0.245367,-0.259428,-0.058762,-0.243944,-0.293592
2026-05-27 14:43:52.583,121.899981,0.000000,0.000000,0.000000,0.051463,-0.198064,-0.314859,-0.119301,-0.207916,-0.316230,-0.033919,-0.202990,-0.315544,0.000854,-0.215177,-0.297179,-0.039561,-0.245367,-0.259428,-0.058762,-0.243944,-0.293592
2026-05-27 14:43:52.683,121.999981,0.000000,0.000000,0.000000,0.051463,-0.198064,-0.314859,-0.119301,-0.207916,-0.316230,-0.033919,-0.202990,-0.315544,0.000854,-0.215177,-0.297179,-0.039561,-0.245367,-0.259428,-0.058762,-0.243944,-0.293592
2026-05-27 14:43:52.783,122.099981,0.000000,0.000000,0.000000,0.051463,-0.198064,-0.314859,-0.119301,-0.207916,-0.316230,-0.033919,-0.202990,-0.315544,0.000854,-0.215177,-0.297179,-0.039561,-0.245367,-0.259428,-0.058762,-0.243944,-0.293592
2026-05-27 14:43:52.883,122.199981,0.000000,0.000000,0.000000,0.051463,-0.198064,-0.314859,-0.119301,-0.207916,-0.316230,-0.033919,-0.202990,-0.315544,0.000854,-0.215177,-0.297179,-0.039561,-0.245367,-0.259428,-0.058762,-0.243944,-0.293592
2026-05-27 14:43:52.983,122.299981,0.000000,0.000000,0.000000,0.051463,-0.198064,-0.314859,-0.119301,-0.207916,-0.316230,-0.033919,-0.202990,-0.315544,0.000854,-0.215177,-0.297179,-0.039561,-0.245367,-0.259428,-0.058762,-0.243944,-0.293592
2026-05-27 14:43:53.083,122.399981,0.000000,0.000000,0.000000,0.051463,-0.198064,-0.314859,-0.119301,-0.207916,-0.316230,-0.033919,-0.202990,-0.315544,0.000854,-0.215177,-0.297179,-0.039561,-0.245367,-0.259428,-0.058762,-0.243944,-0.293592
2026-05-27 14:43:53.183,122.499981,0.000000,0.000000,0.000000,0.051463,-0.198064,-0.314859,-0.119301,-0.207916,-0.316230,-0.033919,-0.202990,-0.315544,0.000854,-0.215177,-0.297179,-0.039561,-0.245367,-0.259428,-0.058762,-0.243944,-0.293592
2026-05-27 14:43:53.283,122.599981,0.000000,0.000000,0.000000,0.051463,-0.198064,-0.314859,-0.119301,-0.207916,-0.316230,-0.033919,-0.202990,-0.315544,0.000854,-0.215177,-0.297179,-0.039561,-0.245367,-0.259428,-0.058762,-0.243944,-0.293592
2026-05-27 14:43:53.383,122.699981,0.000000,0.000000,0.000000,0.051463,-0.198064,-0.314859,-0.119301,-0.207916,-0.316230,-0.033919,-0.202990,-0.315544,0.000854,-0.215177,-0.297179,-0.039561,-0.245367,-0.259428,-0.058762,-0.243944,-0.293592
2026-05-27 14:43:53.483,122.799981,0.000000,0.000000,0.000000,0.051463,-0.198064,-0.314859,-0.119301,-0.207916,-0.316230,-0.033919,-0.202990,-0.315544,0.000854,-0.215177,-0.297179,-0.039561,-0.245367,-0.259428,-0.058762,-0.243944,-0.293592
2026-05-27 14:43:53.583,122.899981,0.000000,0.000000,0.000000,0.051463,-0.198064,-0.314859,-0.119301,-0.207916,-0.316230,-0.033919,-0.202990,-0.315544,0.000854,-0.215177,-0.297179,-0.039561,-0.245367,-0.259428,-0.058762,-0.243944,-0.293592
2026-05-27 14:43:53.683,122.999981,0.000000,0.000000,0.000000,0.051463,-0.198064,-0.314859,-0.119301,-0.207916,-0.316230,-0.033919,-0.202990,-0.315544,0.000854,-0.215177,-0.297179,-0.039561,-0.245367,-0.259428,-0.058762,-0.243944,-0.293592
2026-05-27 14:43:53.783,123.099981,0.000000,0.000000,0.000000,0.051463,-0.198064,-0.314859,-0.119301,-0.207916,-0.316230,-0.033919,-0.202990,-0.315544,0.000854,-0.215177,-0.297179,-0.039561,-0.245367,-0.259428,-0.058762,-0.243944,-0.293592
2026-05-27 14:43:53.883,123.199981,0.000000,0.000000,0.000000,0.051463,-0.198064,-0.314859,-0.119301,-0.207916,-0.316230,-0.033919,-0.202990,-0.315544,0.000854,-0.215177,-0.297179,-0.039561,-0.245367,-0.259428,-0.058762,-0.243944,-0.293592
2026-05-27 14:43:53.983,123.299981,0.000000,0.000000,0.000000,0.051463,-0.198064,-0.314859,-0.119301,-0.207916,-0.316230,-0.033919,-0.202990,-0.315544,0.000854,-0.215177,-0.297179,-0.039561,-0.245367,-0.259428,-0.058762,-0.243944,-0.293592
2026-05-27 14:43:54.083,123.399981,0.000000,0.000000,0.000000,0.051463,-0.198064,-0.314859,-0.119301,-0.207916,-0.316230,-0.033919,-0.202990,-0.315544,0.000854,-0.215177,-0.297179,-0.039561,-0.245367,-0.259428,-0.058762,-0.243944,-0.293592
2026-05-27 14:43:54.183,123.499981,0.000000,0.000000,0.000000,0.051463,-0.198064,-0.314859,-0.119301,-0.207916,-0.316230,-0.033919,-0.202990,-0.315544,0.000854,-0.215177,-0.297179,-0.039561,-0.245367,-0.259428,-0.058762,-0.243944,-0.293592
2026-05-27 14:43:54.283,123.599981,0.000000,0.000000,0.000000,0.051463,-0.198064,-0.314859,-0.119301,-0.207916,-0.316230,-0.033919,-0.202990,-0.315544,0.000854,-0.215177,-0.297179,-0.039561,-0.245367,-0.259428,-0.058762,-0.243944,-0.293592
2026-05-27 14:43:54.383,123.699981,0.000000,0.000000,0.000000,0.051463,-0.198064,-0.314859,-0.119301,-0.207916,-0.316230,-0.033919,-0.202990,-0.315544,0.000854,-0.215177,-0.297179,-0.039561,-0.245367,-0.259428,-0.058762,-0.243944,-0.293592
2026-05-27 14:43:54.483,123.799981,0.000000,0.000000,0.000000,0.051463,-0.198064,-0.314859,-0.119301,-0.207916,-0.316230,-0.033919,-0.202990,-0.315544,0.000854,-0.215177,-0.297179,-0.039561,-0.245367,-0.259428,-0.058762,-0.243944,-0.293592
2026-05-27 14:43:54.583,123.899981,0.000000,0.000000,0.000000,0.051463,-0.198064,-0.314859,-0.119301,-0.207916,-0.316230,-0.033919,-0.202990,-0.315544,0.000854,-0.215177,-0.297179,-0.039561,-0.245367,-0.259428,-0.058762,-0.243944,-0.293592
2026-05-27 14:43:54.683,123.999981,0.000000,0.000000,0.000000,0.051463,-0.198064,-0.314859,-0.119301,-0.207916,-0.316230,-0.033919,-0.202990,-0.315544,0.000854,-0.215177,-0.297179,-0.039561,-0.245367,-0.259428,-0.058762,-0.243944,-0.293592
2026-05-27 14:43:54.783,124.099981,0.000000,0.000000,0.000000,0.051463,-0.198064,-0.314859,-0.119301,-0.207916,-0.316230,-0.033919,-0.202990,-0.315544,0.000854,-0.215177,-0.297179,-0.039561,-0.245367,-0.259428,-0.058762,-0.243944,-0.293592
2026-05-27 14:43:54.883,124.199981,0.000000,0.000000,0.000000,0.051463,-0.198064,-0.314859,-0.119301,-0.207916,-0.316230,-0.033919,-0.202990,-0.315544,0.000854,-0.215177,-0.297179,-0.039561,-0.245367,-0.259428,-0.058762,-0.243944,-0.293592
2026-05-27 14:43:54.983,124.299981,0.000000,0.000000,0.000000,0.051463,-0.198064,-0.314859,-0.119301,-0.207916,-0.316230,-0.033919,-0.202990,-0.315544,0.000854,-0.215177,-0.297179,-0.039561,-0.245367,-0.259428,-0.058762,-0.243944,-0.293592
2026-05-27 14:43:55.083,124.399981,0.000000,0.000000,0.000000,0.051463,-0.198064,-0.314859,-0.119301,-0.207916,-0.316230,-0.033919,-0.202990,-0.315544,0.000854,-0.215177,-0.297179,-0.039561,-0.245367,-0.259428,-0.058762,-0.243944,-0.293592
2026-05-27 14:43:55.183,124.499981,0.000000,0.000000,0.000000,0.051463,-0.198064,-0.314859,-0.119301,-0.207916,-0.316230,-0.033919,-0.202990,-0.315544,0.000854,-0.215177,-0.297179,-0.039561,-0.245367,-0.259428,-0.058762,-0.243944,-0.293592
2026-05-27 14:43:55.283,124.599981,0.000000,0.000000,0.000000,0.051463,-0.198064,-0.314859,-0.119301,-0.207916,-0.316230,-0.033919,-0.202990,-0.315544,0.000854,-0.215177,-0.297179,-0.039561,-0.245367,-0.259428,-0.058762,-0.243944,-0.293592
2026-05-27 14:43:55.383,124.699981,0.000000,0.000000,0.000000,0.051463,-0.198064,-0.314859,-0.119301,-0.207916,-0.316230,-0.033919,-0.202990,-0.315544,0.000854,-0.215177,-0.297179,-0.039561,-0.245367,-0.259428,-0.058762,-0.243944,-0.293592
2026-05-27 14:43:55.483,124.799981,0.000000,0.000000,0.000000,0.051463,-0.198064,-0.314859,-0.119301,-0.207916,-0.316230,-0.033919,-0.202990,-0.315544,0.000854,-0.215177,-0.297179,-0.039561,-0.245367,-0.259428,-0.058762,-0.243944,-0.293592
2026-05-27 14:43:55.583,124.899981,0.000000,0.000000,0.000000,0.051463,-0.198064,-0.314859,-0.119301,-0.207916,-0.316230,-0.033919,-0.202990,-0.315544,0.000854,-0.215177,-0.297179,-0.039561,-0.245367,-0.259428,-0.058762,-0.243944,-0.293592
2026-05-27 14:43:55.683,124.999981,0.000000,0.000000,0.000000,0.051463,-0.198064,-0.314859,-0.119301,-0.207916,-0.316230,-0.033919,-0.202990,-0.315544,0.000854,-0.215177,-0.297179,-0.039561,-0.245367,-0.259428,-0.058762,-0.243944,-0.293592
2026-05-27 14:43:55.783,125.099981,0.000000,0.000000,0.000000,0.051463,-0.198064,-0.314859,-0.119301,-0.207916,-0.316230,-0.033919,-0.202990,-0.315544,0.000854,-0.215177,-0.297179,-0.039561,-0.245367,-0.259428,-0.058762,-0.243944,-0.293592
2026-05-27 14:43:55.883,125.199981,0.000000,0.000000,0.000000,0.051463,-0.198064,-0.314859,-0.119301,-0.207916,-0.316230,-0.033919,-0.202990,-0.315544,0.000854,-0.215177,-0.297179,-0.039561,-0.245367,-0.259428,-0.058762,-0.243944,-0.293592
2026-05-27 14:43:55.983,125.299981,0.000000,0.000000,0.000000,0.051463,-0.198064,-0.314859,-0.119301,-0.207916,-0.316230,-0.033919,-0.202990,-0.315544,0.000854,-0.215177,-0.297179,-0.039561,-0.245367,-0.259428,-0.058762,-0.243944,-0.293592
2026-05-27 14:43:56.083,125.399981,0.000000,0.000000,0.000000,0.051463,-0.198064,-0.314859,-0.119301,-0.207916,-0.316230,-0.033919,-0.202990,-0.315544,0.000854,-0.215177,-0.297179,-0.039561,-0.245367,-0.259428,-0.058762,-0.243944,-0.293592
2026-05-27 14:43:56.183,125.499981,0.000000,0.000000,0.000000,0.051463,-0.198064,-0.314859,-0.119301,-0.207916,-0.316230,-0.033919,-0.202990,-0.315544,0.000854,-0.215177,-0.297179,-0.039561,-0.245367,-0.259428,-0.058762,-0.243944,-0.293592
2026-05-27 14:43:56.283,125.599981,0.000000,0.000000,0.000000,0.051463,-0.198064,-0.314859,-0.119301,-0.207916,-0.316230,-0.033919,-0.202990,-0.315544,0.000854,-0.215177,-0.297179,-0.039561,-0.245367,-0.259428,-0.058762,-0.243944,-0.293592
2026-05-27 14:43:56.383,125.699981,0.000000,0.000000,0.000000,0.051463,-0.198064,-0.314859,-0.119301,-0.207916,-0.316230,-0.033919,-0.202990,-0.315544,0.000854,-0.215177,-0.297179,-0.039561,-0.245367,-0.259428,-0.058762,-0.243944,-0.293592
2026-05-27 14:43:56.483,125.799981,0.000000,0.000000,0.000000,0.051463,-0.198064,-0.314859,-0.119301,-0.207916,-0.316230,-0.033919,-0.202990,-0.315544,0.000854,-0.215177,-0.297179,-0.039561,-0.245367,-0.259428,-0.058762,-0.243944,-0.293592
2026-05-27 14:43:56.583,125.899981,0.000000,0.000000,0.000000,0.051463,-0.198064,-0.314859,-0.119301,-0.207916,-0.316230,-0.033919,-0.202990,-0.315544,0.000854,-0.215177,-0.297179,-0.039561,-0.245367,-0.259428,-0.058762,-0.243944,-0.293592
2026-05-27 14:43:56.683,125.999981,0.000000,0.000000,0.000000,0.051463,-0.198064,-0.314859,-0.119301,-0.207916,-0.316230,-0.033919,-0.202990,-0.315544,0.000854,-0.215177,-0.297179,-0.039561,-0.245367,-0.259428,-0.058762,-0.243944,-0.293592
2026-05-27 14:43:56.783,126.099981,0.000000,0.000000,0.000000,0.051463,-0.198064,-0.314859,-0.119301,-0.207916,-0.316230,-0.033919,-0.202990,-0.315544,0.000854,-0.215177,-0.297179,-0.039561,-0.245367,-0.259428,-0.058762,-0.243944,-0.293592
2026-05-27 14:43:56.883,126.199981,0.000000,0.000000,0.000000,0.051463,-0.198064,-0.314859,-0.119301,-0.207916,-0.316230,-0.033919,-0.202990,-0.315544,0.000854,-0.215177,-0.297179,-0.039561,-0.245367,-0.259428,-0.058762,-0.243944,-0.293592
2026-05-27 14:43:56.983,126.299981,0.000000,0.000000,0.000000,0.051463,-0.198064,-0.314859,-0.119301,-0.207916,-0.316230,-0.033919,-0.202990,-0.315544,0.000854,-0.215177,-0.297179,-0.039561,-0.245367,-0.259428,-0.058762,-0.243944,-0.293592
2026-05-27 14:43:57.083,126.399981,0.000000,0.000000,0.000000,0.051463,-0.198064,-0.314859,-0.119301,-0.207916,-0.316230,-0.033919,-0.202990,-0.315544,0.000854,-0.215177,-0.297179,-0.039561,-0.245367,-0.259428,-0.058762,-0.243944,-0.293592
2026-05-27 14:43:57.183,126.499981,0.000000,0.000000,0.000000,0.051463,-0.198064,-0.314859,-0.119301,-0.207916,-0.316230,-0.033919,-0.202990,-0.315544,0.000854,-0.215177,-0.297179,-0.039561,-0.245367,-0.259428,-0.058762,-0.243944,-0.293592
2026-05-27 14:43:57.283,126.599981,0.000000,0.000000,0.000000,0.051463,-0.198064,-0.314859,-0.119301,-0.207916,-0.316230,-0.033919,-0.202990,-0.315544,0.000854,-0.215177,-0.297179,-0.039561,-0.245367,-0.259428,-0.058762,-0.243944,-0.293592
2026-05-27 14:43:57.383,126.699981,0.000000,0.000000,0.000000,0.051463,-0.198064,-0.314859,-0.119301,-0.207916,-0.316230,-0.033919,-0.202990,-0.315544,0.000854,-0.215177,-0.297179,-0.039561,-0.245367,-0.259428,-0.058762,-0.243944,-0.293592
2026-05-27 14:43:57.483,126.799981,0.000000,0.000000,0.000000,0.051463,-0.198064,-0.314859,-0.119301,-0.207916,-0.316230,-0.033919,-0.202990,-0.315544,0.000854,-0.215177,-0.297179,-0.039561,-0.245367,-0.259428,-0.058762,-0.243944,-0.293592
2026-05-27 14:43:57.583,126.899981,0.000000,0.000000,0.000000,0.051463,-0.198064,-0.314859,-0.119301,-0.207916,-0.316230,-0.033919,-0.202990,-0.315544,0.000854,-0.215177,-0.297179,-0.039561,-0.245367,-0.259428,-0.058762,-0.243944,-0.293592
2026-05-27 14:43:57.683,126.999981,0.000000,0.000000,0.000000,0.051463,-0.198064,-0.314859,-0.119301,-0.207916,-0.316230,-0.033919,-0.202990,-0.315544,0.000854,-0.215177,-0.297179,-0.039561,-0.245367,-0.259428,-0.058762,-0.243944,-0.293592
2026-05-27 14:43:57.783,127.099981,0.000000,0.000000,0.000000,0.051463,-0.198064,-0.314859,-0.119301,-0.207916,-0.316230,-0.033919,-0.202990,-0.315544,0.000854,-0.215177,-0.297179,-0.039561,-0.245367,-0.259428,-0.058762,-0.243944,-0.293592
2026-05-27 14:43:57.883,127.199981,0.000000,0.000000,0.000000,0.051463,-0.198064,-0.314859,-0.119301,-0.207916,-0.316230,-0.033919,-0.202990,-0.315544,0.000854,-0.215177,-0.297179,-0.039561,-0.245367,-0.259428,-0.058762,-0.243944,-0.293592
2026-05-27 14:43:57.983,127.299981,0.000000,0.000000,0.000000,0.051463,-0.198064,-0.314859,-0.119301,-0.207916,-0.316230,-0.033919,-0.202990,-0.315544,0.000854,-0.215177,-0.297179,-0.039561,-0.245367,-0.259428,-0.058762,-0.243944,-0.293592
2026-05-27 14:43:58.083,127.399981,0.000000,0.000000,0.000000,0.051463,-0.198064,-0.314859,-0.119301,-0.207916,-0.316230,-0.033919,-0.202990,-0.315544,0.000854,-0.215177,-0.297179,-0.039561,-0.245367,-0.259428,-0.058762,-0.243944,-0.293592
2026-05-27 14:43:58.183,127.499981,0.000000,0.000000,0.000000,0.051463,-0.198064,-0.314859,-0.119164,-0.209655,-0.316062,-0.033851,-0.203859,-0.315460,0.000854,-0.215177,-0.297179,-0.039674,-0.247074,-0.259434,-0.058813,-0.245666,-0.293488
2026-05-27 14:43:58.283,127.599981,0.000000,0.000000,0.000000,0.051463,-0.198064,-0.314859,-0.119301,-0.207916,-0.316230,-0.033919,-0.202990,-0.315544,0.000854,-0.215177,-0.297179,-0.039609,-0.246290,-0.258853,-0.058762,-0.243944,-0.293592
2026-05-27 14:43:58.383,127.699981,0.000000,0.000000,0.000000,0.051089,-0.199779,-0.314700,-0.119301,-0.207916,-0.316230,-0.034106,-0.203848,-0.315465,0.000854,-0.215177,-0.297179,-0.039674,-0.247074,-0.259434,-0.058762,-0.243944,-0.293592
2026-05-27 14:43:58.483,127.799981,0.000000,0.000000,0.000000,0.051463,-0.198064,-0.314859,-0.119301,-0.207916,-0.316230,-0.033919,-0.202990,-0.315544,0.000854,-0.215177,-0.297179,-0.039553,-0.245436,-0.258849,-0.058762,-0.243944,-0.293592
2026-05-27 14:43:58.583,127.899981,0.000000,0.000000,0.000000,0.051089,-0.199779,-0.314700,-0.119164,-0.209655,-0.316062,-0.034037,-0.204717,-0.315381,0.001084,-0.213461,-0.297288,-0.039561,-0.245367,-0.259428,-0.058762,-0.243944,-0.293592
2026-05-27 14:43:58.683,127.999981,0.000000,0.000000,0.000000,0.051463,-0.198064,-0.314859,-0.119301,-0.207916,-0.316230,-0.033919,-0.202990,-0.315544,0.000854,-0.215177,-0.297179,-0.039553,-0.245436,-0.258849,-0.058762,-0.243944,-0.293592
2026-05-27 14:43:58.783,128.099981,0.000000,0.000000,0.000000,0.051463,-0.198064,-0.314859,-0.119164,-0.209655,-0.316062,-0.033851,-0.203859,-0.315460,0.000854,-0.215177,-0.297179,-0.039561,-0.245367,-0.259428,-0.058762,-0.243944,-0.293592
2026-05-27 14:43:58.883,128.199980,0.000000,0.000000,0.000000,0.051463,-0.198064,-0.314859,-0.119301,-0.207916,-0.316230,-0.033919,-0.202990,-0.315544,0.000854,-0.215177,-0.297179,-0.039553,-0.245436,-0.258849,-0.058762,-0.243944,-0.293592
2026-05-27 14:43:58.983,128.299980,0.000000,0.000000,0.000000,0.051089,-0.199779,-0.314700,-0.119164,-0.209655,-0.316062,-0.034037,-0.204717,-0.315381,0.000854,-0.215177,-0.297179,-0.039553,-0.245436,-0.258849,-0.058762,-0.243944,-0.293592
2026-05-27 14:43:59.083,128.399980,0.000000,0.000000,0.000000,0.051089,-0.199779,-0.314700,-0.119164,-0.209655,-0.316062,-0.034037,-0.204717,-0.315381,0.000854,-0.215177,-0.297179,-0.039440,-0.243729,-0.258841,-0.058813,-0.245666,-0.293488
2026-05-27 14:43:59.183,128.499980,0.000000,0.000000,0.000000,0.051463,-0.198064,-0.314859,-0.119437,-0.206178,-0.316398,-0.033987,-0.202121,-0.315628,0.000854,-0.215177,-0.297179,-0.039553,-0.245436,-0.258849,-0.058762,-0.243944,-0.293592
2026-05-27 14:43:59.283,128.599980,0.000000,0.000000,0.000000,0.051089,-0.199779,-0.314700,-0.119301,-0.207916,-0.316230,-0.034106,-0.203848,-0.315465,0.000854,-0.215177,-0.297179,-0.039561,-0.245367,-0.259428,-0.058762,-0.243944,-0.293592
2026-05-27 14:43:59.383,128.699980,0.000000,0.000000,0.000000,0.051463,-0.198064,-0.314859,-0.119164,-0.209655,-0.316062,-0.033851,-0.203859,-0.315460,0.000854,-0.215177,-0.297179,-0.039674,-0.247074,-0.259434,-0.058762,-0.243944,-0.293592
2026-05-27 14:43:59.483,128.799980,0.000000,0.000000,0.000000,0.051089,-0.199779,-0.314700,-0.119301,-0.207916,-0.316230,-0.034106,-0.203848,-0.315465,0.001084,-0.213461,-0.297288,-0.039561,-0.245367,-0.259428,-0.058864,-0.247389,-0.293383
2026-05-27 14:43:59.583,128.899980,0.000000,0.000000,0.000000,0.051089,-0.199779,-0.314700,-0.119301,-0.207916,-0.316230,-0.034106,-0.203848,-0.315465,0.001465,-0.215201,-0.297190,-0.039561,-0.245367,-0.259428,-0.058813,-0.245666,-0.293488
2026-05-27 14:43:59.683,128.999980,0.000000,0.000000,0.000000,0.051089,-0.199779,-0.314700,-0.119164,-0.209655,-0.316062,-0.034037,-0.204717,-0.315381,0.000854,-0.215177,-0.297179,-0.039665,-0.247143,-0.258857,-0.058711,-0.242221,-0.293696
2026-05-27 14:43:59.783,129.099980,0.000000,0.000000,0.000000,0.050716,-0.201495,-0.314541,-0.119301,-0.207916,-0.316230,-0.034292,-0.204706,-0.315386,0.000854,-0.215177,-0.297179,-0.039617,-0.246221,-0.259431,-0.058711,-0.242221,-0.293696
2026-05-27 14:43:59.883,129.199980,0.000000,0.000000,0.000000,0.051463,-0.198064,-0.314859,-0.119301,-0.207916,-0.316230,-0.033919,-0.202990,-0.315544,0.000854,-0.215177,-0.297179,-0.039561,-0.245367,-0.259428,-0.058711,-0.242221,-0.293696
2026-05-27 14:43:59.983,129.299979,0.000000,0.000000,0.000000,0.051089,-0.199779,-0.314700,-0.119164,-0.209655,-0.316062,-0.034037,-0.204717,-0.315381,0.000854,-0.215177,-0.297179,-0.039674,-0.247074,-0.259434,-0.058762,-0.243944,-0.293592
2026-05-27 14:44:00.083,129.399979,0.000000,0.000000,0.000000,0.051089,-0.199779,-0.314700,-0.118554,-0.209679,-0.316074,-0.033733,-0.204729,-0.315387,0.000854,-0.215177,-0.297179,-0.039561,-0.245367,-0.259428,-0.058762,-0.243944,-0.293592
2026-05-27 14:44:00.183,129.499979,0.000000,0.000000,0.000000,0.051463,-0.198064,-0.314859,-0.119301,-0.207916,-0.316230,-0.033919,-0.202990,-0.315544,0.000854,-0.215177,-0.297179,-0.039674,-0.247074,-0.259434,-0.058762,-0.243944,-0.293592
2026-05-27 14:44:00.283,129.599979,0.000000,0.000000,0.000000,0.051089,-0.199779,-0.314700,-0.119164,-0.209655,-0.316062,-0.034037,-0.204717,-0.315381,0.000854,-0.215177,-0.297179,-0.039553,-0.245436,-0.258849,-0.058762,-0.243944,-0.293592
2026-05-27 14:44:00.383,129.699979,0.000000,0.000000,0.000000,0.051463,-0.198064,-0.314859,-0.119164,-0.209655,-0.316062,-0.033851,-0.203859,-0.315460,0.000854,-0.215177,-0.297179,-0.039665,-0.247143,-0.258857,-0.058762,-0.243944,-0.293592
2026-05-27 14:44:00.483,129.799979,0.000000,0.000000,0.000000,0.051089,-0.199779,-0.314700,-0.119301,-0.207916,-0.316230,-0.034106,-0.203848,-0.315465,0.000854,-0.215177,-0.297179,-0.039674,-0.247074,-0.259434,-0.058762,-0.243944,-0.293592
2026-05-27 14:44:00.583,129.899979,0.000000,0.000000,0.000000,0.051463,-0.198064,-0.314859,-0.118689,-0.207941,-0.316241,-0.033613,-0.203002,-0.315550,0.000854,-0.215177,-0.297179,-0.039553,-0.245436,-0.258849,-0.058762,-0.243944,-0.293592
2026-05-27 14:44:00.683,129.999979,0.000000,0.000000,0.000000,0.051089,-0.199779,-0.314700,-0.119164,-0.209655,-0.316062,-0.034037,-0.204717,-0.315381,0.000854,-0.215177,-0.297179,-0.039553,-0.245436,-0.258849,-0.058711,-0.242221,-0.293696
2026-05-27 14:44:00.783,130.099979,0.000000,0.000000,0.000000,0.051463,-0.198064,-0.314859,-0.118554,-0.209679,-0.316074,-0.033546,-0.203871,-0.315466,0.001084,-0.213461,-0.297288,-0.039561,-0.245367,-0.259428,-0.058813,-0.245666,-0.293488
2026-05-27 14:44:00.883,130.199979,0.000000,0.000000,0.000000,0.051463,-0.198064,-0.314859,-0.119164,-0.209655,-0.316062,-0.033851,-0.203859,-0.315460,0.000854,-0.215177,-0.297179,-0.039561,-0.245367,-0.259428,-0.058762,-0.243944,-0.293592
2026-05-27 14:44:00.983,130.299978,0.000000,0.000000,0.000000,0.051089,-0.199779,-0.314700,-0.119164,-0.209655,-0.316062,-0.034037,-0.204717,-0.315381,0.000854,-0.215177,-0.297179,-0.039553,-0.245436,-0.258849,-0.058762,-0.243944,-0.293592
2026-05-27 14:44:01.083,130.399978,0.000000,0.000000,0.000000,0.051089,-0.199779,-0.314700,-0.119164,-0.209655,-0.316062,-0.034037,-0.204717,-0.315381,0.000854,-0.215177,-0.297179,-0.039561,-0.245367,-0.259428,-0.058762,-0.243944,-0.293592
2026-05-27 14:44:01.183,130.499978,0.000000,0.000000,0.000000,0.051463,-0.198064,-0.314859,-0.119301,-0.207916,-0.316230,-0.033919,-0.202990,-0.315544,0.000854,-0.215177,-0.297179,-0.039561,-0.245367,-0.259428,-0.058813,-0.245666,-0.293488
2026-05-27 14:44:01.283,130.599978,0.000000,0.000000,0.000000,0.051463,-0.198064,-0.314859,-0.118554,-0.209679,-0.316074,-0.033546,-0.203871,-0.315466,0.000854,-0.215177,-0.297179,-0.039674,-0.247074,-0.259434,-0.058762,-0.243944,-0.293592
2026-05-27 14:44:01.383,130.699978,0.000000,0.000000,0.000000,0.051463,-0.198064,-0.314859,-0.119164,-0.209655,-0.316062,-0.033851,-0.203859,-0.315460,0.000854,-0.215177,-0.297179,-0.039674,-0.247074,-0.259434,-0.058813,-0.245666,-0.293488
2026-05-27 14:44:01.483,130.799978,0.000000,0.000000,0.000000,0.051089,-0.199779,-0.314700,-0.119301,-0.207916,-0.316230,-0.034106,-0.203848,-0.315465,0.000854,-0.215177,-0.297179,-0.039561,-0.245367,-0.259428,-0.058762,-0.243944,-0.293592
2026-05-27 14:44:01.583,130.899978,0.000000,0.000000,0.000000,0.051463,-0.198064,-0.314859,-0.119301,-0.207916,-0.316230,-0.033919,-0.202990,-0.315544,0.000854,-0.215177,-0.297179,-0.039561,-0.245367,-0.259428,-0.058762,-0.243944,-0.293592
2026-05-27 14:44:01.683,130.999978,0.000000,0.000000,0.000000,0.051089,-0.199779,-0.314700,-0.119301,-0.207916,-0.316230,-0.034106,-0.203848,-0.315465,0.001084,-0.213461,-0.297288,-0.039561,-0.245367,-0.259428,-0.058762,-0.243944,-0.293592
2026-05-27 14:44:01.783,131.099978,0.000000,0.000000,0.000000,0.051463,-0.198064,-0.314859,-0.119164,-0.209655,-0.316062,-0.033851,-0.203859,-0.315460,0.000854,-0.215177,-0.297179,-0.039674,-0.247074,-0.259434,-0.058762,-0.243944,-0.293592
2026-05-27 14:44:01.883,131.199978,0.000000,0.000000,0.000000,0.051463,-0.198064,-0.314859,-0.119164,-0.209655,-0.316062,-0.033851,-0.203859,-0.315460,0.000854,-0.215177,-0.297179,-0.039674,-0.247074,-0.259434,-0.058762,-0.243944,-0.293592
2026-05-27 14:44:01.983,131.299978,0.000000,0.000000,0.000000,0.051463,-0.198064,-0.314859,-0.119301,-0.207916,-0.316230,-0.033919,-0.202990,-0.315544,0.000854,-0.215177,-0.297179,-0.039553,-0.245436,-0.258849,-0.058762,-0.243944,-0.293592
2026-05-27 14:44:02.083,131.399977,0.000000,0.000000,0.000000,0.051089,-0.199779,-0.314700,-0.119437,-0.206178,-0.316398,-0.034174,-0.202979,-0.315549,0.000854,-0.215177,-0.297179,-0.039561,-0.245367,-0.259428,-0.058711,-0.242221,-0.293696
2026-05-27 14:44:02.183,131.499977,0.000000,0.000000,0.000000,0.051089,-0.199779,-0.314700,-0.119164,-0.209655,-0.316062,-0.034037,-0.204717,-0.315381,0.001084,-0.213461,-0.297288,-0.039561,-0.245367,-0.259428,-0.058737,-0.243082,-0.293644
2026-05-27 14:44:02.283,131.599977,0.000000,0.000000,0.000000,0.051463,-0.198064,-0.314859,-0.119164,-0.209655,-0.316062,-0.033851,-0.203859,-0.315460,0.000854,-0.215177,-0.297179,-0.039561,-0.245367,-0.259428,-0.058762,-0.243944,-0.293592
2026-05-27 14:44:02.383,131.699977,0.000000,0.000000,0.000000,0.051089,-0.199779,-0.314700,-0.119164,-0.209655,-0.316062,-0.034037,-0.204717,-0.315381,0.000854,-0.215177,-0.297179,-0.039561,-0.245367,-0.259428,-0.058813,-0.245666,-0.293488
2026-05-27 14:44:02.483,131.799977,0.000000,0.000000,0.000000,0.051089,-0.199779,-0.314700,-0.119301,-0.207916,-0.316230,-0.034106,-0.203848,-0.315465,0.000854,-0.215177,-0.297179,-0.039674,-0.247074,-0.259434,-0.058762,-0.243944,-0.293592
2026-05-27 14:44:02.583,131.899977,0.000000,0.000000,0.000000,0.051463,-0.198064,-0.314859,-0.119301,-0.207916,-0.316230,-0.033919,-0.202990,-0.315544,0.000854,-0.215177,-0.297179,-0.039561,-0.245367,-0.259428,-0.058762,-0.243944,-0.293592
2026-05-27 14:44:02.683,131.999977,0.000000,0.000000,0.000000,0.051463,-0.198064,-0.314859,-0.119164,-0.209655,-0.316062,-0.033851,-0.203859,-0.315460,0.000854,-0.215177,-0.297179,-0.039553,-0.245436,-0.258849,-0.058762,-0.243944,-0.293592
2026-05-27 14:44:02.783,132.099977,0.000000,0.000000,0.000000,0.051463,-0.198064,-0.314859,-0.119301,-0.207916,-0.316230,-0.033919,-0.202990,-0.315544,0.000854,-0.215177,-0.297179,-0.039665,-0.247143,-0.258857,-0.058762,-0.243944,-0.293592
2026-05-27 14:44:02.883,132.199977,0.000000,0.000000,0.000000,0.051089,-0.199779,-0.314700,-0.119301,-0.207916,-0.316230,-0.034106,-0.203848,-0.315465,0.000854,-0.215177,-0.297179,-0.039561,-0.245367,-0.259428,-0.058711,-0.242221,-0.293696
2026-05-27 14:44:02.983,132.299977,0.000000,0.000000,0.000000,0.051463,-0.198064,-0.314859,-0.119164,-0.209655,-0.316062,-0.033851,-0.203859,-0.315460,0.000854,-0.215177,-0.297179,-0.039674,-0.247074,-0.259434,-0.058762,-0.243944,-0.293592
2026-05-27 14:44:03.083,132.399976,0.000000,0.000000,0.000000,0.051463,-0.198064,-0.314859,-0.118689,-0.207941,-0.316241,-0.033613,-0.203002,-0.315550,0.000854,-0.215177,-0.297179,-0.039665,-0.247143,-0.258857,-0.058762,-0.243944,-0.293592
2026-05-27 14:44:03.183,132.499976,0.000000,0.000000,0.000000,0.051463,-0.198064,-0.314859,-0.119164,-0.209655,-0.316062,-0.033851,-0.203859,-0.315460,0.000854,-0.215177,-0.297179,-0.039561,-0.245367,-0.259428,-0.058813,-0.245666,-0.293488
2026-05-27 14:44:03.283,132.599976,0.000000,0.000000,0.000000,0.051463,-0.198064,-0.314859,-0.119164,-0.209655,-0.316062,-0.033851,-0.203859,-0.315460,0.000854,-0.215177,-0.297179,-0.039553,-0.245436,-0.258849,-0.058762,-0.243944,-0.293592
2026-05-27 14:44:03.383,132.699976,0.000000,0.000000,0.000000,0.051089,-0.199779,-0.314700,-0.119301,-0.207916,-0.316230,-0.034106,-0.203848,-0.315465,0.000854,-0.215177,-0.297179,-0.039561,-0.245367,-0.259428,-0.058762,-0.243944,-0.293592
2026-05-27 14:44:03.483,132.799976,0.000000,0.000000,0.000000,0.051463,-0.198064,-0.314859,-0.119301,-0.207916,-0.316230,-0.033919,-0.202990,-0.315544,0.000854,-0.215177,-0.297179,-0.039440,-0.243729,-0.258841,-0.058762,-0.243944,-0.293592
2026-05-27 14:44:03.583,132.899976,0.000000,0.000000,0.000000,0.051463,-0.198064,-0.314859,-0.119164,-0.209655,-0.316062,-0.033851,-0.203859,-0.315460,0.000854,-0.215177,-0.297179,-0.039553,-0.245436,-0.258849,-0.058762,-0.243944,-0.293592
2026-05-27 14:44:03.683,132.999976,0.000000,0.000000,0.000000,0.051463,-0.198064,-0.314859,-0.119164,-0.209655,-0.316062,-0.033851,-0.203859,-0.315460,0.000854,-0.215177,-0.297179,-0.039440,-0.243729,-0.258841,-0.058813,-0.245666,-0.293488
2026-05-27 14:44:03.783,133.099976,0.000000,0.000000,0.000000,0.051089,-0.199779,-0.314700,-0.119301,-0.207916,-0.316230,-0.034106,-0.203848,-0.315465,0.000862,-0.215249,-0.296570,-0.039674,-0.247074,-0.259434,-0.058711,-0.242221,-0.293696
2026-05-27 14:44:03.883,133.199976,0.000000,0.000000,0.000000,0.051463,-0.198064,-0.314859,-0.119164,-0.209655,-0.316062,-0.033851,-0.203859,-0.315460,0.001084,-0.213461,-0.297288,-0.039674,-0.247074,-0.259434,-0.058762,-0.243944,-0.293592
2026-05-27 14:44:03.983,133.299976,0.000000,0.000000,0.000000,0.051089,-0.199779,-0.314700,-0.119301,-0.207916,-0.316230,-0.034106,-0.203848,-0.315465,0.000854,-0.215177,-0.297179,-0.039440,-0.243729,-0.258841,-0.058762,-0.243944,-0.293592
2026-05-27 14:44:04.083,133.399976,0.000000,0.000000,0.000000,0.051463,-0.198064,-0.314859,-0.119164,-0.209655,-0.316062,-0.033851,-0.203859,-0.315460,0.000854,-0.215177,-0.297179,-0.039674,-0.247074,-0.259434,-0.058813,-0.245666,-0.293488
2026-05-27 14:44:04.183,133.499975,0.000000,0.000000,0.000000,0.051463,-0.198064,-0.314859,-0.119164,-0.209655,-0.316062,-0.033851,-0.203859,-0.315460,0.000854,-0.215177,-0.297179,-0.040135,-0.245413,-0.258838,-0.058762,-0.243944,-0.293592
2026-05-27 14:44:04.283,133.599975,0.000000,0.000000,0.000000,0.051089,-0.199779,-0.314700,-0.118554,-0.209679,-0.316074,-0.033733,-0.204729,-0.315387,0.000854,-0.215177,-0.297179,-0.039674,-0.247074,-0.259434,-0.058711,-0.242221,-0.293696
2026-05-27 14:44:04.383,133.699975,0.000000,0.000000,0.000000,0.051089,-0.199779,-0.314700,-0.119301,-0.207916,-0.316230,-0.034106,-0.203848,-0.315465,0.001084,-0.213461,-0.297288,-0.039674,-0.247074,-0.259434,-0.058762,-0.243944,-0.293592
2026-05-27 14:44:04.483,133.799975,0.000000,0.000000,0.000000,0.051463,-0.198064,-0.314859,-0.119301,-0.207916,-0.316230,-0.033919,-0.202990,-0.315544,0.000854,-0.215177,-0.297179,-0.039674,-0.247074,-0.259434,-0.058813,-0.245666,-0.293488
2026-05-27 14:44:04.583,133.899975,0.000000,0.000000,0.000000,0.051089,-0.199779,-0.314700,-0.118554,-0.209679,-0.316074,-0.033733,-0.204729,-0.315387,0.000854,-0.215177,-0.297179,-0.040135,-0.245413,-0.258838,-0.058762,-0.243944,-0.293592
2026-05-27 14:44:04.683,133.999975,0.000000,0.000000,0.000000,0.051463,-0.198064,-0.314859,-0.119164,-0.209655,-0.316062,-0.033851,-0.203859,-0.315460,0.000854,-0.215177,-0.297179,-0.039561,-0.245367,-0.259428,-0.058813,-0.245666,-0.293488
2026-05-27 14:44:04.783,134.099975,0.000000,0.000000,0.000000,0.051463,-0.198064,-0.314859,-0.119164,-0.209655,-0.316062,-0.033851,-0.203859,-0.315460,0.000854,-0.215177,-0.297179,-0.039561,-0.245367,-0.259428,-0.058813,-0.245666,-0.293488
2026-05-27 14:44:04.883,134.199975,0.000000,0.000000,0.000000,0.051089,-0.199779,-0.314700,-0.119164,-0.209655,-0.316062,-0.034037,-0.204717,-0.315381,0.001084,-0.213461,-0.297288,-0.039665,-0.247143,-0.258857,-0.058762,-0.243944,-0.293592
2026-05-27 14:44:04.983,134.299975,0.000000,0.000000,0.000000,0.051089,-0.199779,-0.314700,-0.119164,-0.209655,-0.316062,-0.034037,-0.204717,-0.315381,0.000854,-0.215177,-0.297179,-0.039561,-0.245367,-0.259428,-0.058762,-0.243944,-0.293592
2026-05-27 14:44:05.083,134.399975,0.000000,0.000000,0.000000,0.051837,-0.196348,-0.315017,-0.119301,-0.207916,-0.316230,-0.033732,-0.202132,-0.315624,0.000854,-0.215177,-0.297179,-0.039561,-0.245367,-0.259428,-0.058762,-0.243944,-0.293592
2026-05-27 14:44:05.183,134.499974,0.000000,0.000000,0.000000,0.051089,-0.199779,-0.314700,-0.119164,-0.209655,-0.316062,-0.034037,-0.204717,-0.315381,0.000854,-0.215177,-0.297179,-0.039561,-0.245367,-0.259428,-0.058813,-0.245666,-0.293488
2026-05-27 14:44:05.283,134.599974,0.000000,0.000000,0.000000,0.051837,-0.196348,-0.315017,-0.119301,-0.207916,-0.316230,-0.033732,-0.202132,-0.315624,0.000854,-0.215177,-0.297179,-0.039553,-0.245436,-0.258849,-0.058762,-0.243944,-0.293592
2026-05-27 14:44:05.383,134.699974,0.000000,0.000000,0.000000,0.051463,-0.198064,-0.314859,-0.119301,-0.207916,-0.316230,-0.033919,-0.202990,-0.315544,0.000854,-0.215177,-0.297179,-0.040253,-0.247051,-0.259423,-0.058762,-0.243944,-0.293592
2026-05-27 14:44:05.483,134.799974,0.000000,0.000000,0.000000,0.051089,-0.199779,-0.314700,-0.119301,-0.207916,-0.316230,-0.034106,-0.203848,-0.315465,0.000854,-0.215177,-0.297179,-0.039561,-0.245367,-0.259428,-0.058762,-0.243944,-0.293592
2026-05-27 14:44:05.583,134.899974,0.000000,0.000000,0.000000,0.051089,-0.199779,-0.314700,-0.119301,-0.207916,-0.316230,-0.034106,-0.203848,-0.315465,0.000854,-0.215177,-0.297179,-0.039561,-0.245367,-0.259428,-0.058762,-0.243944,-0.293592
2026-05-27 14:44:05.683,134.999974,0.000000,0.000000,0.000000,0.051089,-0.199779,-0.314700,-0.119164,-0.209655,-0.316062,-0.034037,-0.204717,-0.315381,0.000854,-0.215177,-0.297179,-0.039561,-0.245367,-0.259428,-0.058762,-0.243944,-0.293592
2026-05-27 14:44:05.783,135.099974,0.000000,0.000000,0.000000,0.051837,-0.196348,-0.315017,-0.119301,-0.207916,-0.316230,-0.033732,-0.202132,-0.315624,0.000854,-0.215177,-0.297179,-0.039561,-0.245367,-0.259428,-0.058762,-0.243944,-0.293592
2026-05-27 14:44:05.883,135.199974,0.000000,0.000000,0.000000,0.051463,-0.198064,-0.314859,-0.119164,-0.209655,-0.316062,-0.033851,-0.203859,-0.315460,0.000854,-0.215177,-0.297179,-0.039561,-0.245367,-0.259428,-0.058762,-0.243944,-0.293592
2026-05-27 14:44:05.983,135.299974,0.000000,0.000000,0.000000,0.051463,-0.198064,-0.314859,-0.118554,-0.209679,-0.316074,-0.033546,-0.203871,-0.315466,0.000854,-0.215177,-0.297179,-0.039553,-0.245436,-0.258849,-0.058762,-0.243944,-0.293592
2026-05-27 14:44:06.083,135.399974,0.000000,0.000000,0.000000,0.051089,-0.199779,-0.314700,-0.119301,-0.207916,-0.316230,-0.034106,-0.203848,-0.315465,0.000854,-0.215177,-0.297179,-0.039440,-0.243729,-0.258841,-0.058762,-0.243944,-0.293592
2026-05-27 14:44:06.183,135.499974,0.000000,0.000000,0.000000,0.051837,-0.196348,-0.315017,-0.119164,-0.209655,-0.316062,-0.033664,-0.203001,-0.315540,0.000854,-0.215177,-0.297179,-0.039674,-0.247074,-0.259434,-0.058762,-0.243944,-0.293592
2026-05-27 14:44:06.283,135.599973,0.000000,0.000000,0.000000,0.051089,-0.199779,-0.314700,-0.119164,-0.209655,-0.316062,-0.034037,-0.204717,-0.315381,0.000854,-0.215177,-0.297179,-0.039561,-0.245367,-0.259428,-0.058762,-0.243944,-0.293592
2026-05-27 14:44:06.383,135.699973,0.000000,0.000000,0.000000,0.050716,-0.201495,-0.314541,-0.119301,-0.207916,-0.316230,-0.034292,-0.204706,-0.315386,0.000854,-0.215177,-0.297179,-0.039561,-0.245367,-0.259428,-0.058813,-0.245666,-0.293488
2026-05-27 14:44:06.483,135.799973,0.000000,0.000000,0.000000,0.051463,-0.198064,-0.314859,-0.119301,-0.207916,-0.316230,-0.033919,-0.202990,-0.315544,0.000624,-0.216892,-0.297069,-0.039561,-0.245367,-0.259428,-0.058813,-0.245666,-0.293488
2026-05-27 14:44:06.583,135.899973,0.000000,0.000000,0.000000,0.051463,-0.198064,-0.314859,-0.119301,-0.207916,-0.316230,-0.033919,-0.202990,-0.315544,0.000854,-0.215177,-0.297179,-0.039553,-0.245436,-0.258849,-0.058762,-0.243944,-0.293592
2026-05-27 14:44:06.683,135.999973,0.000000,0.000000,0.000000,0.051837,-0.196348,-0.315017,-0.119164,-0.209655,-0.316062,-0.033664,-0.203001,-0.315540,0.000854,-0.215177,-0.297179,-0.039561,-0.245367,-0.259428,-0.058762,-0.243944,-0.293592
2026-05-27 14:44:06.783,136.099973,0.000000,0.000000,0.000000,0.051089,-0.199779,-0.314700,-0.118554,-0.209679,-0.316074,-0.033733,-0.204729,-0.315387,0.000854,-0.215177,-0.297179,-0.039561,-0.245367,-0.259428,-0.058762,-0.243944,-0.293592
2026-05-27 14:44:06.883,136.199973,0.000000,0.000000,0.000000,0.051463,-0.198064,-0.314859,-0.119301,-0.207916,-0.316230,-0.033919,-0.202990,-0.315544,0.000854,-0.215177,-0.297179,-0.039561,-0.245367,-0.259428,-0.058711,-0.242221,-0.293696
2026-05-27 14:44:06.983,136.299973,0.000000,0.000000,0.000000,0.051089,-0.199779,-0.314700,-0.119301,-0.207916,-0.316230,-0.034106,-0.203848,-0.315465,0.000854,-0.215177,-0.297179,-0.039561,-0.245367,-0.259428,-0.058762,-0.243944,-0.293592
2026-05-27 14:44:07.083,136.399973,0.000000,0.000000,0.000000,0.051463,-0.198064,-0.314859,-0.119301,-0.207916,-0.316230,-0.033919,-0.202990,-0.315544,0.001084,-0.213461,-0.297288,-0.039674,-0.247074,-0.259434,-0.058711,-0.242221,-0.293696
2026-05-27 14:44:07.183,136.499973,0.000000,0.000000,0.000000,0.051463,-0.198064,-0.314859,-0.119164,-0.209655,-0.316062,-0.033851,-0.203859,-0.315460,0.000854,-0.215177,-0.297179,-0.039553,-0.245436,-0.258849,-0.058762,-0.243944,-0.293592
2026-05-27 14:44:07.283,136.599972,0.000000,0.000000,0.000000,0.051837,-0.196348,-0.315017,-0.119301,-0.207916,-0.316230,-0.033732,-0.202132,-0.315624,0.000854,-0.215177,-0.297179,-0.039674,-0.247074,-0.259434,-0.058762,-0.243944,-0.293592
2026-05-27 14:44:07.383,136.699972,0.000000,0.000000,0.000000,0.051837,-0.196348,-0.315017,-0.119301,-0.207916,-0.316230,-0.033732,-0.202132,-0.315624,0.000854,-0.215177,-0.297179,-0.039553,-0.245436,-0.258849,-0.058762,-0.243944,-0.293592
2026-05-27 14:44:07.483,136.799972,0.000000,0.000000,0.000000,0.051089,-0.199779,-0.314700,-0.119301,-0.207916,-0.316230,-0.034106,-0.203848,-0.315465,0.000854,-0.215177,-0.297179,-0.039674,-0.247074,-0.259434,-0.058762,-0.243944,-0.293592
2026-05-27 14:44:07.583,136.899972,0.000000,0.000000,0.000000,0.051463,-0.198064,-0.314859,-0.119164,-0.209655,-0.316062,-0.033851,-0.203859,-0.315460,0.000854,-0.215177,-0.297179,-0.039440,-0.243729,-0.258841,-0.058762,-0.243944,-0.293592
2026-05-27 14:44:07.683,136.999972,0.000000,0.000000,0.000000,0.051089,-0.199779,-0.314700,-0.118554,-0.209679,-0.316074,-0.033733,-0.204729,-0.315387,0.000854,-0.215177,-0.297179,-0.039561,-0.245367,-0.259428,-0.058762,-0.243944,-0.293592
2026-05-27 14:44:07.783,137.099972,0.000000,0.000000,0.000000,0.051463,-0.198064,-0.314859,-0.119164,-0.209655,-0.316062,-0.033851,-0.203859,-0.315460,0.000854,-0.215177,-0.297179,-0.039674,-0.247074,-0.259434,-0.058762,-0.243944,-0.293592
2026-05-27 14:44:07.883,137.199972,0.000000,0.000000,0.000000,0.051089,-0.199779,-0.314700,-0.119027,-0.211393,-0.315894,-0.033969,-0.205586,-0.315297,0.001084,-0.213461,-0.297288,-0.039553,-0.245436,-0.258849,-0.058660,-0.240498,-0.293801
2026-05-27 14:44:07.983,137.299972,0.000000,0.000000,0.000000,0.050716,-0.201495,-0.314541,-0.119301,-0.207916,-0.316230,-0.034292,-0.204706,-0.315386,0.000854,-0.215177,-0.297179,-0.039674,-0.247074,-0.259434,-0.058813,-0.245666,-0.293488
2026-05-27 14:44:08.083,137.399972,0.000000,0.000000,0.000000,0.051463,-0.198064,-0.314859,-0.119164,-0.209655,-0.316062,-0.033851,-0.203859,-0.315460,0.000854,-0.215177,-0.297179,-0.039561,-0.245367,-0.259428,-0.058762,-0.243944,-0.293592
2026-05-27 14:44:08.183,137.499972,0.000000,0.000000,0.000000,0.051463,-0.198064,-0.314859,-0.119164,-0.209655,-0.316062,-0.033851,-0.203859,-0.315460,0.000854,-0.215177,-0.297179,-0.039561,-0.245367,-0.259428,-0.058813,-0.245666,-0.293488
2026-05-27 14:44:08.283,137.599972,0.000000,0.000000,0.000000,0.051463,-0.198064,-0.314859,-0.119301,-0.207916,-0.316230,-0.033919,-0.202990,-0.315544,0.000854,-0.215177,-0.297179,-0.039674,-0.247074,-0.259434,-0.058762,-0.243944,-0.293592
