Format Version,1.23,Take Name,MDC_data_1779857317,Take Notes,,Capture Frame Rate,10,Export Frame Rate,10,Capture Start Time,2026-05-27 02:49:11 PM,Total Frames in Take,,Total Exported Frames,,Rotation Type,XYZ,Length Units,Meters,Coordinate Space,Global

,Type,Rigid Body Marker,Rigid Body Marker,Rigid Body Marker,Rigid Body Marker,Rigid Body Marker,Rigid Body Marker,Rigid Body Marker,Rigid Body Marker,Rigid Body Marker,Rigid Body Marker,Rigid Body Marker,Rigid Body Marker,Marker,Marker,Marker,Marker,Marker,Marker,Marker,Marker,Marker
,Name,Tag0,Tag0,Tag0,Tag1,Tag1,Tag1,Tag2,Tag2,Tag2,Midpoint,Midpoint,Midpoint,Purple,Purple,Purple,Pink,Pink,Pink,Green,Green,Green
,ID,Tag0,Tag0,Tag0,Tag1,Tag1,Tag1,Tag2,Tag2,Tag2,Midpoint,Midpoint,Midpoint,Purple,Purple,Purple,Pink,Pink,Pink,Green,Green,Green
,,Position,Position,Position,Position,Position,Position,Position,Position,Position,Position,Position,Position,Position,Position,Position,Position,Position,Position,Position,Position,Position
Timestamp,Time (Seconds),X,Y,Z,X,Y,Z,X,Y,Z,X,Y,Z,X,Y,Z,X,Y,Z,X,Y,Z
2026-05-27 14:49:11.975,0.000000,0.000000,0.000000,0.000000,0.032439,-0.257586,-0.304943,-0.120988,-0.269226,-0.303227,-0.044275,-0.263406,-0.304085,-0.013612,-0.273203,-0.287715,-0.050835,-0.305812,-0.252366,-0.068448,-0.312165,-0.282530
2026-05-27 14:49:12.075,0.100000,0.000000,0.000000,0.000000,0.032934,-0.255502,-0.305180,-0.121113,-0.267103,-0.303468,-0.044090,-0.261303,-0.304324,-0.013612,-0.273203,-0.287715,-0.051012,-0.307895,-0.252337,-0.068448,-0.312165,-0.282530
2026-05-27 14:49:12.175,0.200000,0.000000,0.000000,0.000000,0.032439,-0.257586,-0.304943,-0.121113,-0.267103,-0.303468,-0.044337,-0.262345,-0.304205,-0.013061,-0.273236,-0.287729,-0.050835,-0.305812,-0.252366,-0.068448,-0.312165,-0.282530
2026-05-27 14:49:12.275,0.300000,0.000000,0.000000,0.000000,0.032439,-0.257586,-0.304943,-0.121661,-0.267071,-0.303454,-0.044611,-0.262329,-0.304198,-0.013061,-0.273236,-0.287729,-0.051012,-0.307895,-0.252337,-0.068448,-0.312165,-0.282530
2026-05-27 14:49:12.375,0.400000,0.000000,0.000000,0.000000,0.032934,-0.255502,-0.305180,-0.121239,-0.264981,-0.303708,-0.044153,-0.260241,-0.304444,-0.013612,-0.273203,-0.287715,-0.051012,-0.307895,-0.252337,-0.068448,-0.312165,-0.282530
2026-05-27 14:49:12.475,0.500000,0.000000,0.000000,0.000000,0.032934,-0.255502,-0.305180,-0.121661,-0.267071,-0.303454,-0.044364,-0.261286,-0.304317,-0.013612,-0.273203,-0.287715,-0.051012,-0.307895,-0.252337,-0.068448,-0.312165,-0.282530
2026-05-27 14:49:12.575,0.599999,0.000000,0.000000,0.000000,0.032934,-0.255502,-0.305180,-0.121113,-0.267103,-0.303468,-0.044090,-0.261303,-0.304324,-0.013612,-0.273203,-0.287715,-0.051012,-0.307895,-0.252337,-0.068448,-0.312165,-0.282530
2026-05-27 14:49:12.675,0.699999,0.000000,0.000000,0.000000,0.032439,-0.257586,-0.304943,-0.121661,-0.267071,-0.303454,-0.044611,-0.262329,-0.304198,-0.013932,-0.275292,-0.287542,-0.051012,-0.307895,-0.252337,-0.068448,-0.312165,-0.282530
2026-05-27 14:49:12.775,0.799999,0.000000,0.000000,0.000000,0.032439,-0.257586,-0.304943,-0.121113,-0.267103,-0.303468,-0.044337,-0.262345,-0.304205,-0.013622,-0.273147,-0.288264,-0.051012,-0.307895,-0.252337,-0.068448,-0.312165,-0.282530
2026-05-27 14:49:12.875,0.899999,0.000000,0.000000,0.000000,0.032934,-0.255502,-0.305180,-0.121661,-0.267071,-0.303454,-0.044364,-0.261286,-0.304317,-0.013612,-0.273203,-0.287715,-0.051012,-0.307895,-0.252337,-0.068550,-0.314266,-0.282364
2026-05-27 14:49:12.975,0.999999,0.000000,0.000000,0.000000,0.032439,-0.257586,-0.304943,-0.121113,-0.267103,-0.303468,-0.044337,-0.262345,-0.304205,-0.013061,-0.273236,-0.287729,-0.050835,-0.305812,-0.252366,-0.068448,-0.312165,-0.282530
2026-05-27 14:49:13.075,1.099999,0.000000,0.000000,0.000000,0.032934,-0.255502,-0.305180,-0.121661,-0.267071,-0.303454,-0.044364,-0.261286,-0.304317,-0.013622,-0.273147,-0.288264,-0.050835,-0.305812,-0.252366,-0.068448,-0.312165,-0.282530
2026-05-27 14:49:13.175,1.199999,0.000000,0.000000,0.000000,0.032439,-0.257586,-0.304943,-0.121661,-0.267071,-0.303454,-0.044611,-0.262329,-0.304198,-0.013061,-0.273236,-0.287729,-0.051012,-0.307895,-0.252337,-0.068550,-0.314266,-0.282364
2026-05-27 14:49:13.275,1.299999,0.000000,0.000000,0.000000,0.032439,-0.257586,-0.304943,-0.121113,-0.267103,-0.303468,-0.044337,-0.262345,-0.304205,-0.013061,-0.273236,-0.287729,-0.050835,-0.305812,-0.252366,-0.068448,-0.312165,-0.282530
2026-05-27 14:49:13.375,1.399999,0.000000,0.000000,0.000000,0.032439,-0.257586,-0.304943,-0.121113,-0.267103,-0.303468,-0.044337,-0.262345,-0.304205,-0.013061,-0.273236,-0.287729,-0.051012,-0.307895,-0.252337,-0.068550,-0.314266,-0.282364
2026-05-27 14:49:13.475,1.499999,0.000000,0.000000,0.000000,0.032934,-0.255502,-0.305180,-0.121113,-0.267103,-0.303468,-0.044090,-0.261303,-0.304324,-0.012900,-0.272191,-0.287816,-0.050835,-0.305812,-0.252366,-0.068448,-0.312165,-0.282530
2026-05-27 14:49:13.575,1.599998,0.000000,0.000000,0.000000,0.032934,-0.255502,-0.305180,-0.121533,-0.269194,-0.303214,-0.044300,-0.262348,-0.304197,-0.013061,-0.273236,-0.287729,-0.050835,-0.305812,-0.252366,-0.068448,-0.312165,-0.282530
2026-05-27 14:49:13.675,1.699998,0.000000,0.000000,0.000000,0.033429,-0.253418,-0.305418,-0.120988,-0.269226,-0.303227,-0.043779,-0.261322,-0.304323,-0.013612,-0.273203,-0.287715,-0.051012,-0.307895,-0.252337,-0.068448,-0.312165,-0.282530
2026-05-27 14:49:13.775,1.799998,0.000000,0.000000,0.000000,0.032934,-0.255502,-0.305180,-0.121113,-0.267103,-0.303468,-0.044090,-0.261303,-0.304324,-0.013061,-0.273236,-0.287729,-0.051012,-0.307895,-0.252337,-0.068448,-0.312165,-0.282530
2026-05-27 14:49:13.875,1.899998,0.000000,0.000000,0.000000,0.032439,-0.257586,-0.304943,-0.121661,-0.267071,-0.303454,-0.044611,-0.262329,-0.304198,-0.013622,-0.273147,-0.288264,-0.050835,-0.305812,-0.252366,-0.068448,-0.312165,-0.282530
2026-05-27 14:49:13.975,1.999998,0.000000,0.000000,0.000000,0.032439,-0.257586,-0.304943,-0.121113,-0.267103,-0.303468,-0.044337,-0.262345,-0.304205,-0.013622,-0.273147,-0.288264,-0.050835,-0.305812,-0.252366,-0.068448,-0.312165,-0.282530
2026-05-27 14:49:14.075,2.099998,0.000000,0.000000,0.000000,0.032934,-0.255502,-0.305180,-0.121661,-0.267071,-0.303454,-0.044364,-0.261286,-0.304317,-0.013061,-0.273236,-0.287729,-0.051012,-0.307895,-0.252337,-0.068448,-0.312165,-0.282530
2026-05-27 14:49:14.175,2.199998,0.000000,0.000000,0.000000,0.032934,-0.255502,-0.305180,-0.121239,-0.264981,-0.303708,-0.044153,-0.260241,-0.304444,-0.013622,-0.273147,-0.288264,-0.050835,-0.305812,-0.252366,-0.068448,-0.312165,-0.282530
2026-05-27 14:49:14.275,2.299998,0.000000,0.000000,0.000000,0.032439,-0.257586,-0.304943,-0.121113,-0.267103,-0.303468,-0.044337,-0.262345,-0.304205,-0.013061,-0.273236,-0.287729,-0.051012,-0.307895,-0.252337,-0.068448,-0.312165,-0.282530
2026-05-27 14:49:14.375,2.399998,0.000000,0.000000,0.000000,0.032934,-0.255502,-0.305180,-0.121113,-0.267103,-0.303468,-0.044090,-0.261303,-0.304324,-0.013061,-0.273236,-0.287729,-0.051012,-0.307895,-0.252337,-0.068448,-0.312165,-0.282530
2026-05-27 14:49:14.475,2.499998,0.000000,0.000000,0.000000,0.032439,-0.257586,-0.304943,-0.121661,-0.267071,-0.303454,-0.044611,-0.262329,-0.304198,-0.013622,-0.273147,-0.288264,-0.051012,-0.307895,-0.252337,-0.068448,-0.312165,-0.282530
2026-05-27 14:49:14.575,2.599998,0.000000,0.000000,0.000000,0.032439,-0.257586,-0.304943,-0.120988,-0.269226,-0.303227,-0.044275,-0.263406,-0.304085,-0.013622,-0.273147,-0.288264,-0.051012,-0.307895,-0.252337,-0.068448,-0.312165,-0.282530
2026-05-27 14:49:14.675,2.699997,0.000000,0.000000,0.000000,0.032934,-0.255502,-0.305180,-0.121661,-0.267071,-0.303454,-0.044364,-0.261286,-0.304317,-0.013061,-0.273236,-0.287729,-0.050835,-0.305812,-0.252366,-0.068448,-0.312165,-0.282530
2026-05-27 14:49:14.775,2.799997,0.000000,0.000000,0.000000,0.032934,-0.255502,-0.305180,-0.121533,-0.269194,-0.303214,-0.044300,-0.262348,-0.304197,-0.013061,-0.273236,-0.287729,-0.051012,-0.307895,-0.252337,-0.068550,-0.314266,-0.282364
2026-05-27 14:49:14.875,2.899997,0.000000,0.000000,0.000000,0.032439,-0.257586,-0.304943,-0.121113,-0.267103,-0.303468,-0.044337,-0.262345,-0.304205,-0.013622,-0.273147,-0.288264,-0.051012,-0.307895,-0.252337,-0.068448,-0.312165,-0.282530
2026-05-27 14:49:14.975,2.999997,0.000000,0.000000,0.000000,0.032439,-0.257586,-0.304943,-0.120988,-0.269226,-0.303227,-0.044275,-0.263406,-0.304085,-0.013061,-0.273236,-0.287729,-0.050835,-0.305812,-0.252366,-0.068448,-0.312165,-0.282530
2026-05-27 14:49:15.075,3.099997,0.000000,0.000000,0.000000,0.032934,-0.255502,-0.305180,-0.121661,-0.267071,-0.303454,-0.044364,-0.261286,-0.304317,-0.013622,-0.273147,-0.288264,-0.050835,-0.305812,-0.252366,-0.068448,-0.312165,-0.282530
2026-05-27 14:49:15.275,3.299997,0.000000,0.000000,0.000000,0.032934,-0.255502,-0.305180,-0.121661,-0.267071,-0.303454,-0.044364,-0.261286,-0.304317,-0.013943,-0.275236,-0.288088,-0.050835,-0.305812,-0.252366,-0.068550,-0.314266,-0.282364
2026-05-27 14:49:15.375,3.399997,0.000000,0.000000,0.000000,0.032934,-0.255502,-0.305180,-0.121661,-0.267071,-0.303454,-0.044364,-0.261286,-0.304317,-0.013943,-0.275236,-0.288088,-0.050835,-0.305812,-0.252366,-0.068550,-0.314266,-0.282364
2026-05-27 14:49:15.475,3.499997,0.000000,0.000000,0.000000,0.032934,-0.255502,-0.305180,-0.121661,-0.267071,-0.303454,-0.044364,-0.261286,-0.304317,-0.013943,-0.275236,-0.288088,-0.050835,-0.305812,-0.252366,-0.068550,-0.314266,-0.282364
2026-05-27 14:49:15.575,3.599997,0.000000,0.000000,0.000000,0.032934,-0.255502,-0.305180,-0.121661,-0.267071,-0.303454,-0.044364,-0.261286,-0.304317,-0.013943,-0.275236,-0.288088,-0.050835,-0.305812,-0.252366,-0.068550,-0.314266,-0.282364
2026-05-27 14:49:15.675,3.699997,0.000000,0.000000,0.000000,0.032934,-0.255502,-0.305180,-0.121661,-0.267071,-0.303454,-0.044364,-0.261286,-0.304317,-0.013943,-0.275236,-0.288088,-0.050835,-0.305812,-0.252366,-0.068550,-0.314266,-0.282364
2026-05-27 14:49:15.775,3.799997,0.000000,0.000000,0.000000,0.032934,-0.255502,-0.305180,-0.121661,-0.267071,-0.303454,-0.044364,-0.261286,-0.304317,-0.013943,-0.275236,-0.288088,-0.050835,-0.305812,-0.252366,-0.068550,-0.314266,-0.282364
2026-05-27 14:49:15.875,3.899997,0.000000,0.000000,0.000000,0.032934,-0.255502,-0.305180,-0.121661,-0.267071,-0.303454,-0.044364,-0.261286,-0.304317,-0.013943,-0.275236,-0.288088,-0.050835,-0.305812,-0.252366,-0.068550,-0.314266,-0.282364
2026-05-27 14:49:15.975,3.999997,0.000000,0.000000,0.000000,0.032934,-0.255502,-0.305180,-0.121661,-0.267071,-0.303454,-0.044364,-0.261286,-0.304317,-0.013943,-0.275236,-0.288088,-0.050835,-0.305812,-0.252366,-0.068550,-0.314266,-0.282364
2026-05-27 14:49:16.075,4.099997,0.000000,0.000000,0.000000,0.032934,-0.255502,-0.305180,-0.121661,-0.267071,-0.303454,-0.044364,-0.261286,-0.304317,-0.013943,-0.275236,-0.288088,-0.050835,-0.305812,-0.252366,-0.068550,-0.314266,-0.282364
2026-05-27 14:49:16.175,4.199997,0.000000,0.000000,0.000000,0.032934,-0.255502,-0.305180,-0.121661,-0.267071,-0.303454,-0.044364,-0.261286,-0.304317,-0.013943,-0.275236,-0.288088,-0.050835,-0.305812,-0.252366,-0.068550,-0.314266,-0.282364
2026-05-27 14:49:16.275,4.299997,0.000000,0.000000,0.000000,0.032934,-0.255502,-0.305180,-0.121661,-0.267071,-0.303454,-0.044364,-0.261286,-0.304317,-0.013943,-0.275236,-0.288088,-0.050835,-0.305812,-0.252366,-0.068550,-0.314266,-0.282364
2026-05-27 14:49:16.375,4.399997,0.000000,0.000000,0.000000,0.032934,-0.255502,-0.305180,-0.121661,-0.267071,-0.303454,-0.044364,-0.261286,-0.304317,-0.013943,-0.275236,-0.288088,-0.050835,-0.305812,-0.252366,-0.068550,-0.314266,-0.282364
2026-05-27 14:49:16.475,4.499997,0.000000,0.000000,0.000000,0.032934,-0.255502,-0.305180,-0.121661,-0.267071,-0.303454,-0.044364,-0.261286,-0.304317,-0.013943,-0.275236,-0.288088,-0.050835,-0.305812,-0.252366,-0.068550,-0.314266,-0.282364
2026-05-27 14:49:16.575,4.599997,0.000000,0.000000,0.000000,0.032934,-0.255502,-0.305180,-0.121661,-0.267071,-0.303454,-0.044364,-0.261286,-0.304317,-0.013943,-0.275236,-0.288088,-0.050835,-0.305812,-0.252366,-0.068550,-0.314266,-0.282364
2026-05-27 14:49:16.675,4.699997,0.000000,0.000000,0.000000,0.032934,-0.255502,-0.305180,-0.121661,-0.267071,-0.303454,-0.044364,-0.261286,-0.304317,-0.013943,-0.275236,-0.288088,-0.050835,-0.305812,-0.252366,-0.068550,-0.314266,-0.282364
2026-05-27 14:49:16.775,4.799997,0.000000,0.000000,0.000000,0.032934,-0.255502,-0.305180,-0.121661,-0.267071,-0.303454,-0.044364,-0.261286,-0.304317,-0.013943,-0.275236,-0.288088,-0.050835,-0.305812,-0.252366,-0.068550,-0.314266,-0.282364
2026-05-27 14:49:16.875,4.899997,0.000000,0.000000,0.000000,0.032934,-0.255502,-0.305180,-0.121661,-0.267071,-0.303454,-0.044364,-0.261286,-0.304317,-0.013943,-0.275236,-0.288088,-0.050835,-0.305812,-0.252366,-0.068550,-0.314266,-0.282364
2026-05-27 14:49:16.975,4.999997,0.000000,0.000000,0.000000,0.032934,-0.255502,-0.305180,-0.121661,-0.267071,-0.303454,-0.044364,-0.261286,-0.304317,-0.013943,-0.275236,-0.288088,-0.050835,-0.305812,-0.252366,-0.068550,-0.314266,-0.282364
2026-05-27 14:49:17.075,5.099997,0.000000,0.000000,0.000000,0.032934,-0.255502,-0.305180,-0.121661,-0.267071,-0.303454,-0.044364,-0.261286,-0.304317,-0.013943,-0.275236,-0.288088,-0.050835,-0.305812,-0.252366,-0.068550,-0.314266,-0.282364
2026-05-27 14:49:17.175,5.199997,0.000000,0.000000,0.000000,0.032934,-0.255502,-0.305180,-0.121661,-0.267071,-0.303454,-0.044364,-0.261286,-0.304317,-0.013943,-0.275236,-0.288088,-0.050835,-0.305812,-0.252366,-0.068550,-0.314266,-0.282364
2026-05-27 14:49:17.275,5.299997,0.000000,0.000000,0.000000,0.032934,-0.255502,-0.305180,-0.121661,-0.267071,-0.303454,-0.044364,-0.261286,-0.304317,-0.013943,-0.275236,-0.288088,-0.050835,-0.305812,-0.252366,-0.068550,-0.314266,-0.282364
2026-05-27 14:49:17.375,5.399997,0.000000,0.000000,0.000000,0.032934,-0.255502,-0.305180,-0.121661,-0.267071,-0.303454,-0.044364,-0.261286,-0.304317,-0.013943,-0.275236,-0.288088,-0.050835,-0.305812,-0.252366,-0.068550,-0.314266,-0.282364
2026-05-27 14:49:17.475,5.499997,0.000000,0.000000,0.000000,0.032934,-0.255502,-0.305180,-0.121661,-0.267071,-0.303454,-0.044364,-0.261286,-0.304317,-0.013943,-0.275236,-0.288088,-0.050835,-0.305812,-0.252366,-0.068550,-0.314266,-0.282364
2026-05-27 14:49:17.575,5.599997,0.000000,0.000000,0.000000,0.032934,-0.255502,-0.305180,-0.121661,-0.267071,-0.303454,-0.044364,-0.261286,-0.304317,-0.013943,-0.275236,-0.288088,-0.050835,-0.305812,-0.252366,-0.068550,-0.314266,-0.282364
2026-05-27 14:49:17.675,5.699997,0.000000,0.000000,0.000000,0.032934,-0.255502,-0.305180,-0.121661,-0.267071,-0.303454,-0.044364,-0.261286,-0.304317,-0.013943,-0.275236,-0.288088,-0.050835,-0.305812,-0.252366,-0.068550,-0.314266,-0.282364
2026-05-27 14:49:17.775,5.799997,0.000000,0.000000,0.000000,0.032934,-0.255502,-0.305180,-0.121661,-0.267071,-0.303454,-0.044364,-0.261286,-0.304317,-0.013943,-0.275236,-0.288088,-0.050835,-0.305812,-0.252366,-0.068550,-0.314266,-0.282364
2026-05-27 14:49:17.875,5.899997,0.000000,0.000000,0.000000,0.032934,-0.255502,-0.305180,-0.121661,-0.267071,-0.303454,-0.044364,-0.261286,-0.304317,-0.013943,-0.275236,-0.288088,-0.050835,-0.305812,-0.252366,-0.068550,-0.314266,-0.282364
2026-05-27 14:49:17.975,5.999997,0.000000,0.000000,0.000000,0.032934,-0.255502,-0.305180,-0.121661,-0.267071,-0.303454,-0.044364,-0.261286,-0.304317,-0.013943,-0.275236,-0.288088,-0.050835,-0.305812,-0.252366,-0.068550,-0.314266,-0.282364
2026-05-27 14:49:18.075,6.099997,0.000000,0.000000,0.000000,0.032934,-0.255502,-0.305180,-0.121661,-0.267071,-0.303454,-0.044364,-0.261286,-0.304317,-0.013943,-0.275236,-0.288088,-0.050835,-0.305812,-0.252366,-0.068550,-0.314266,-0.282364
2026-05-27 14:49:18.175,6.199997,0.000000,0.000000,0.000000,0.032934,-0.255502,-0.305180,-0.121661,-0.267071,-0.303454,-0.044364,-0.261286,-0.304317,-0.013943,-0.275236,-0.288088,-0.050835,-0.305812,-0.252366,-0.068550,-0.314266,-0.282364
2026-05-27 14:49:18.275,6.299997,0.000000,0.000000,0.000000,0.032934,-0.255502,-0.305180,-0.121661,-0.267071,-0.303454,-0.044364,-0.261286,-0.304317,-0.013943,-0.275236,-0.288088,-0.050835,-0.305812,-0.252366,-0.068550,-0.314266,-0.282364
2026-05-27 14:49:18.375,6.399997,0.000000,0.000000,0.000000,0.032934,-0.255502,-0.305180,-0.121661,-0.267071,-0.303454,-0.044364,-0.261286,-0.304317,-0.013943,-0.275236,-0.288088,-0.050835,-0.305812,-0.252366,-0.068550,-0.314266,-0.282364
2026-05-27 14:49:18.475,6.499997,0.000000,0.000000,0.000000,0.032934,-0.255502,-0.305180,-0.121661,-0.267071,-0.303454,-0.044364,-0.261286,-0.304317,-0.013943,-0.275236,-0.288088,-0.050835,-0.305812,-0.252366,-0.068550,-0.314266,-0.282364
2026-05-27 14:49:18.575,6.599997,0.000000,0.000000,0.000000,0.032934,-0.255502,-0.305180,-0.121661,-0.267071,-0.303454,-0.044364,-0.261286,-0.304317,-0.013943,-0.275236,-0.288088,-0.050835,-0.305812,-0.252366,-0.068550,-0.314266,-0.282364
2026-05-27 14:49:18.675,6.699997,0.000000,0.000000,0.000000,0.032934,-0.255502,-0.305180,-0.121661,-0.267071,-0.303454,-0.044364,-0.261286,-0.304317,-0.013943,-0.275236,-0.288088,-0.050835,-0.305812,-0.252366,-0.068550,-0.314266,-0.282364
2026-05-27 14:49:18.775,6.799997,0.000000,0.000000,0.000000,0.032934,-0.255502,-0.305180,-0.121661,-0.267071,-0.303454,-0.044364,-0.261286,-0.304317,-0.013943,-0.275236,-0.288088,-0.050835,-0.305812,-0.252366,-0.068550,-0.314266,-0.282364
2026-05-27 14:49:18.875,6.899997,0.000000,0.000000,0.000000,0.032934,-0.255502,-0.305180,-0.121661,-0.267071,-0.303454,-0.044364,-0.261286,-0.304317,-0.013943,-0.275236,-0.288088,-0.050835,-0.305812,-0.252366,-0.068550,-0.314266,-0.282364
2026-05-27 14:49:18.975,6.999997,0.000000,0.000000,0.000000,0.032934,-0.255502,-0.305180,-0.121661,-0.267071,-0.303454,-0.044364,-0.261286,-0.304317,-0.013943,-0.275236,-0.288088,-0.050835,-0.305812,-0.252366,-0.068550,-0.314266,-0.282364
2026-05-27 14:49:19.075,7.099997,0.000000,0.000000,0.000000,0.032934,-0.255502,-0.305180,-0.121661,-0.267071,-0.303454,-0.044364,-0.261286,-0.304317,-0.013943,-0.275236,-0.288088,-0.050835,-0.305812,-0.252366,-0.068550,-0.314266,-0.282364
2026-05-27 14:49:19.175,7.199997,0.000000,0.000000,0.000000,0.032934,-0.255502,-0.305180,-0.121661,-0.267071,-0.303454,-0.044364,-0.261286,-0.304317,-0.013943,-0.275236,-0.288088,-0.050835,-0.305812,-0.252366,-0.068550,-0.314266,-0.282364
2026-05-27 14:49:19.275,7.299997,0.000000,0.000000,0.000000,0.032934,-0.255502,-0.305180,-0.121661,-0.267071,-0.303454,-0.044364,-0.261286,-0.304317,-0.013943,-0.275236,-0.288088,-0.050835,-0.305812,-0.252366,-0.068550,-0.314266,-0.282364
2026-05-27 14:49:19.375,7.399997,0.000000,0.000000,0.000000,0.032934,-0.255502,-0.305180,-0.121661,-0.267071,-0.303454,-0.044364,-0.261286,-0.304317,-0.013943,-0.275236,-0.288088,-0.050835,-0.305812,-0.252366,-0.068550,-0.314266,-0.282364
2026-05-27 14:49:19.475,7.499997,0.000000,0.000000,0.000000,0.032934,-0.255502,-0.305180,-0.121661,-0.267071,-0.303454,-0.044364,-0.261286,-0.304317,-0.013943,-0.275236,-0.288088,-0.050835,-0.305812,-0.252366,-0.068550,-0.314266,-0.282364
2026-05-27 14:49:19.575,7.599997,0.000000,0.000000,0.000000,0.032934,-0.255502,-0.305180,-0.121661,-0.267071,-0.303454,-0.044364,-0.261286,-0.304317,-0.013943,-0.275236,-0.288088,-0.050835,-0.305812,-0.252366,-0.068550,-0.314266,-0.282364
2026-05-27 14:49:19.675,7.699997,0.000000,0.000000,0.000000,0.032934,-0.255502,-0.305180,-0.121661,-0.267071,-0.303454,-0.044364,-0.261286,-0.304317,-0.013943,-0.275236,-0.288088,-0.050835,-0.305812,-0.252366,-0.068550,-0.314266,-0.282364
2026-05-27 14:49:19.775,7.799997,0.000000,0.000000,0.000000,0.032934,-0.255502,-0.305180,-0.121661,-0.267071,-0.303454,-0.044364,-0.261286,-0.304317,-0.013943,-0.275236,-0.288088,-0.050835,-0.305812,-0.252366,-0.068550,-0.314266,-0.282364
2026-05-27 14:49:19.875,7.899997,0.000000,0.000000,0.000000,0.032934,-0.255502,-0.305180,-0.121661,-0.267071,-0.303454,-0.044364,-0.261286,-0.304317,-0.013943,-0.275236,-0.288088,-0.050835,-0.305812,-0.252366,-0.068550,-0.314266,-0.282364
2026-05-27 14:49:19.975,7.999997,0.000000,0.000000,0.000000,0.032934,-0.255502,-0.305180,-0.121661,-0.267071,-0.303454,-0.044364,-0.261286,-0.304317,-0.013943,-0.275236,-0.288088,-0.050835,-0.305812,-0.252366,-0.068550,-0.314266,-0.282364
2026-05-27 14:49:20.075,8.099997,0.000000,0.000000,0.000000,0.032934,-0.255502,-0.305180,-0.121661,-0.267071,-0.303454,-0.044364,-0.261286,-0.304317,-0.013943,-0.275236,-0.288088,-0.050835,-0.305812,-0.252366,-0.068550,-0.314266,-0.282364
2026-05-27 14:49:20.175,8.199997,0.000000,0.000000,0.000000,0.032934,-0.255502,-0.305180,-0.121661,-0.267071,-0.303454,-0.044364,-0.261286,-0.304317,-0.013943,-0.275236,-0.288088,-0.050835,-0.305812,-0.252366,-0.068550,-0.314266,-0.282364
2026-05-27 14:49:20.275,8.299997,0.000000,0.000000,0.000000,0.032934,-0.255502,-0.305180,-0.121661,-0.267071,-0.303454,-0.044364,-0.261286,-0.304317,-0.013943,-0.275236,-0.288088,-0.050835,-0.305812,-0.252366,-0.068550,-0.314266,-0.282364
2026-05-27 14:49:20.375,8.399997,0.000000,0.000000,0.000000,0.032934,-0.255502,-0.305180,-0.121661,-0.267071,-0.303454,-0.044364,-0.261286,-0.304317,-0.013943,-0.275236,-0.288088,-0.050835,-0.305812,-0.252366,-0.068550,-0.314266,-0.282364
2026-05-27 14:49:20.475,8.499997,0.000000,0.000000,0.000000,0.032934,-0.255502,-0.305180,-0.121661,-0.267071,-0.303454,-0.044364,-0.261286,-0.304317,-0.013943,-0.275236,-0.288088,-0.050835,-0.305812,-0.252366,-0.068550,-0.314266,-0.282364
2026-05-27 14:49:20.575,8.599997,0.000000,0.000000,0.000000,0.032934,-0.255502,-0.305180,-0.121661,-0.267071,-0.303454,-0.044364,-0.261286,-0.304317,-0.013943,-0.275236,-0.288088,-0.050835,-0.305812,-0.252366,-0.068550,-0.314266,-0.282364
2026-05-27 14:49:20.675,8.699997,0.000000,0.000000,0.000000,0.032934,-0.255502,-0.305180,-0.121661,-0.267071,-0.303454,-0.044364,-0.261286,-0.304317,-0.013943,-0.275236,-0.288088,-0.050835,-0.305812,-0.252366,-0.068550,-0.314266,-0.282364
2026-05-27 14:49:20.775,8.799997,0.000000,0.000000,0.000000,0.032934,-0.255502,-0.305180,-0.121661,-0.267071,-0.303454,-0.044364,-0.261286,-0.304317,-0.013943,-0.275236,-0.288088,-0.050835,-0.305812,-0.252366,-0.068550,-0.314266,-0.282364
2026-05-27 14:49:20.875,8.899997,0.000000,0.000000,0.000000,0.032934,-0.255502,-0.305180,-0.121661,-0.267071,-0.303454,-0.044364,-0.261286,-0.304317,-0.013943,-0.275236,-0.288088,-0.050835,-0.305812,-0.252366,-0.068550,-0.314266,-0.282364
2026-05-27 14:49:20.975,8.999997,0.000000,0.000000,0.000000,0.032934,-0.255502,-0.305180,-0.121661,-0.267071,-0.303454,-0.044364,-0.261286,-0.304317,-0.013943,-0.275236,-0.288088,-0.050835,-0.305812,-0.252366,-0.068550,-0.314266,-0.282364
2026-05-27 14:49:21.075,9.099997,0.000000,0.000000,0.000000,0.032934,-0.255502,-0.305180,-0.121661,-0.267071,-0.303454,-0.044364,-0.261286,-0.304317,-0.013943,-0.275236,-0.288088,-0.050835,-0.305812,-0.252366,-0.068550,-0.314266,-0.282364
2026-05-27 14:49:21.175,9.199997,0.000000,0.000000,0.000000,0.032934,-0.255502,-0.305180,-0.121661,-0.267071,-0.303454,-0.044364,-0.261286,-0.304317,-0.013943,-0.275236,-0.288088,-0.050835,-0.305812,-0.252366,-0.068550,-0.314266,-0.282364
2026-05-27 14:49:21.275,9.299997,0.000000,0.000000,0.000000,0.032934,-0.255502,-0.305180,-0.121661,-0.267071,-0.303454,-0.044364,-0.261286,-0.304317,-0.013943,-0.275236,-0.288088,-0.050835,-0.305812,-0.252366,-0.068550,-0.314266,-0.282364
2026-05-27 14:49:21.375,9.399997,0.000000,0.000000,0.000000,0.032934,-0.255502,-0.305180,-0.121661,-0.267071,-0.303454,-0.044364,-0.261286,-0.304317,-0.013943,-0.275236,-0.288088,-0.050835,-0.305812,-0.252366,-0.068550,-0.314266,-0.282364
2026-05-27 14:49:21.475,9.499997,0.000000,0.000000,0.000000,0.032934,-0.255502,-0.305180,-0.121661,-0.267071,-0.303454,-0.044364,-0.261286,-0.304317,-0.013943,-0.275236,-0.288088,-0.050835,-0.305812,-0.252366,-0.068550,-0.314266,-0.282364
2026-05-27 14:49:21.575,9.599997,0.000000,0.000000,0.000000,0.032934,-0.255502,-0.305180,-0.121661,-0.267071,-0.303454,-0.044364,-0.261286,-0.304317,-0.013943,-0.275236,-0.288088,-0.050835,-0.305812,-0.252366,-0.068550,-0.314266,-0.282364
2026-05-27 14:49:21.675,9.699997,0.000000,0.000000,0.000000,0.032934,-0.255502,-0.305180,-0.121661,-0.267071,-0.303454,-0.044364,-0.261286,-0.304317,-0.013943,-0.275236,-0.288088,-0.050835,-0.305812,-0.252366,-0.068550,-0.314266,-0.282364
2026-05-27 14:49:21.775,9.799997,0.000000,0.000000,0.000000,0.032934,-0.255502,-0.305180,-0.121661,-0.267071,-0.303454,-0.044364,-0.261286,-0.304317,-0.013943,-0.275236,-0.288088,-0.050835,-0.305812,-0.252366,-0.068550,-0.314266,-0.282364
2026-05-27 14:49:21.875,9.899997,0.000000,0.000000,0.000000,0.032934,-0.255502,-0.305180,-0.121661,-0.267071,-0.303454,-0.044364,-0.261286,-0.304317,-0.013943,-0.275236,-0.288088,-0.050835,-0.305812,-0.252366,-0.068550,-0.314266,-0.282364
2026-05-27 14:49:21.975,9.999997,0.000000,0.000000,0.000000,0.032934,-0.255502,-0.305180,-0.121661,-0.267071,-0.303454,-0.044364,-0.261286,-0.304317,-0.013943,-0.275236,-0.288088,-0.050835,-0.305812,-0.252366,-0.068550,-0.314266,-0.282364
2026-05-27 14:49:22.075,10.099997,0.000000,0.000000,0.000000,0.032934,-0.255502,-0.305180,-0.121661,-0.267071,-0.303454,-0.044364,-0.261286,-0.304317,-0.013943,-0.275236,-0.288088,-0.050835,-0.305812,-0.252366,-0.068550,-0.314266,-0.282364
2026-05-27 14:49:22.175,10.199997,0.000000,0.000000,0.000000,0.032934,-0.255502,-0.305180,-0.121661,-0.267071,-0.303454,-0.044364,-0.261286,-0.304317,-0.013943,-0.275236,-0.288088,-0.050835,-0.305812,-0.252366,-0.068550,-0.314266,-0.282364
2026-05-27 14:49:22.275,10.299997,0.000000,0.000000,0.000000,0.032934,-0.255502,-0.305180,-0.121661,-0.267071,-0.303454,-0.044364,-0.261286,-0.304317,-0.013943,-0.275236,-0.288088,-0.050835,-0.305812,-0.252366,-0.068550,-0.314266,-0.282364
2026-05-27 14:49:22.375,10.399997,0.000000,0.000000,0.000000,0.032934,-0.255502,-0.305180,-0.121661,-0.267071,-0.303454,-0.044364,-0.261286,-0.304317,-0.013943,-0.275236,-0.288088,-0.050835,-0.305812,-0.252366,-0.068550,-0.314266,-0.282364
2026-05-27 14:49:22.475,10.499997,0.000000,0.000000,0.000000,0.032934,-0.255502,-0.305180,-0.121661,-0.267071,-0.303454,-0.044364,-0.261286,-0.304317,-0.013943,-0.275236,-0.288088,-0.050835,-0.305812,-0.252366,-0.068550,-0.314266,-0.282364
2026-05-27 14:49:22.575,10.599997,0.000000,0.000000,0.000000,0.032934,-0.255502,-0.305180,-0.121661,-0.267071,-0.303454,-0.044364,-0.261286,-0.304317,-0.013943,-0.275236,-0.288088,-0.050835,-0.305812,-0.252366,-0.068550,-0.314266,-0.282364
2026-05-27 14:49:22.675,10.699997,0.000000,0.000000,0.000000,0.032934,-0.255502,-0.305180,-0.121661,-0.267071,-0.303454,-0.044364,-0.261286,-0.304317,-0.013943,-0.275236,-0.288088,-0.050835,-0.305812,-0.252366,-0.068550,-0.314266,-0.282364
2026-05-27 14:49:22.775,10.799997,0.000000,0.000000,0.000000,0.032934,-0.255502,-0.305180,-0.121661,-0.267071,-0.303454,-0.044364,-0.261286,-0.304317,-0.013943,-0.275236,-0.288088,-0.050835,-0.305812,-0.252366,-0.068550,-0.314266,-0.282364
2026-05-27 14:49:22.875,10.899997,0.000000,0.000000,0.000000,0.032934,-0.255502,-0.305180,-0.121661,-0.267071,-0.303454,-0.044364,-0.261286,-0.304317,-0.013943,-0.275236,-0.288088,-0.050835,-0.305812,-0.252366,-0.068550,-0.314266,-0.282364
2026-05-27 14:49:22.975,10.999997,0.000000,0.000000,0.000000,0.032934,-0.255502,-0.305180,-0.121661,-0.267071,-0.303454,-0.044364,-0.261286,-0.304317,-0.013943,-0.275236,-0.288088,-0.050835,-0.305812,-0.252366,-0.068550,-0.314266,-0.282364
2026-05-27 14:49:23.075,11.099997,0.000000,0.000000,0.000000,0.032934,-0.255502,-0.305180,-0.121661,-0.267071,-0.303454,-0.044364,-0.261286,-0.304317,-0.013943,-0.275236,-0.288088,-0.050835,-0.305812,-0.252366,-0.068550,-0.314266,-0.282364
2026-05-27 14:49:23.175,11.199997,0.000000,0.000000,0.000000,0.032934,-0.255502,-0.305180,-0.121661,-0.267071,-0.303454,-0.044364,-0.261286,-0.304317,-0.013943,-0.275236,-0.288088,-0.050835,-0.305812,-0.252366,-0.068550,-0.314266,-0.282364
2026-05-27 14:49:23.275,11.299997,0.000000,0.000000,0.000000,0.032934,-0.255502,-0.305180,-0.121661,-0.267071,-0.303454,-0.044364,-0.261286,-0.304317,-0.013943,-0.275236,-0.288088,-0.050835,-0.305812,-0.252366,-0.068550,-0.314266,-0.282364
2026-05-27 14:49:23.375,11.399997,0.000000,0.000000,0.000000,0.032934,-0.255502,-0.305180,-0.121661,-0.267071,-0.303454,-0.044364,-0.261286,-0.304317,-0.013943,-0.275236,-0.288088,-0.050835,-0.305812,-0.252366,-0.068550,-0.314266,-0.282364
2026-05-27 14:49:23.475,11.499997,0.000000,0.000000,0.000000,0.032934,-0.255502,-0.305180,-0.121661,-0.267071,-0.303454,-0.044364,-0.261286,-0.304317,-0.013943,-0.275236,-0.288088,-0.050835,-0.305812,-0.252366,-0.068550,-0.314266,-0.282364
2026-05-27 14:49:23.575,11.599997,0.000000,0.000000,0.000000,0.032934,-0.255502,-0.305180,-0.121661,-0.267071,-0.303454,-0.044364,-0.261286,-0.304317,-0.013943,-0.275236,-0.288088,-0.050835,-0.305812,-0.252366,-0.068550,-0.314266,-0.282364
2026-05-27 14:49:23.675,11.699997,0.000000,0.000000,0.000000,0.032934,-0.255502,-0.305180,-0.121661,-0.267071,-0.303454,-0.044364,-0.261286,-0.304317,-0.013943,-0.275236,-0.288088,-0.050835,-0.305812,-0.252366,-0.068550,-0.314266,-0.282364
2026-05-27 14:49:23.775,11.799997,0.000000,0.000000,0.000000,0.032934,-0.255502,-0.305180,-0.121661,-0.267071,-0.303454,-0.044364,-0.261286,-0.304317,-0.013943,-0.275236,-0.288088,-0.050835,-0.305812,-0.252366,-0.068550,-0.314266,-0.282364
2026-05-27 14:49:23.875,11.899997,0.000000,0.000000,0.000000,0.032934,-0.255502,-0.305180,-0.121661,-0.267071,-0.303454,-0.044364,-0.261286,-0.304317,-0.013943,-0.275236,-0.288088,-0.050835,-0.305812,-0.252366,-0.068550,-0.314266,-0.282364
2026-05-27 14:49:23.975,11.999997,0.000000,0.000000,0.000000,0.032934,-0.255502,-0.305180,-0.121661,-0.267071,-0.303454,-0.044364,-0.261286,-0.304317,-0.013943,-0.275236,-0.288088,-0.050835,-0.305812,-0.252366,-0.068550,-0.314266,-0.282364
2026-05-27 14:49:24.075,12.099997,0.000000,0.000000,0.000000,0.032934,-0.255502,-0.305180,-0.121661,-0.267071,-0.303454,-0.044364,-0.261286,-0.304317,-0.013943,-0.275236,-0.288088,-0.050835,-0.305812,-0.252366,-0.068550,-0.314266,-0.282364
2026-05-27 14:49:24.175,12.199997,0.000000,0.000000,0.000000,0.032934,-0.255502,-0.305180,-0.121661,-0.267071,-0.303454,-0.044364,-0.261286,-0.304317,-0.013943,-0.275236,-0.288088,-0.050835,-0.305812,-0.252366,-0.068550,-0.314266,-0.282364
2026-05-27 14:49:24.275,12.299997,0.000000,0.000000,0.000000,0.032934,-0.255502,-0.305180,-0.121661,-0.267071,-0.303454,-0.044364,-0.261286,-0.304317,-0.013943,-0.275236,-0.288088,-0.050835,-0.305812,-0.252366,-0.068550,-0.314266,-0.282364
2026-05-27 14:49:24.375,12.399997,0.000000,0.000000,0.000000,0.032934,-0.255502,-0.305180,-0.121661,-0.267071,-0.303454,-0.044364,-0.261286,-0.304317,-0.013943,-0.275236,-0.288088,-0.050835,-0.305812,-0.252366,-0.068550,-0.314266,-0.282364
2026-05-27 14:49:24.475,12.499997,0.000000,0.000000,0.000000,0.032934,-0.255502,-0.305180,-0.121661,-0.267071,-0.303454,-0.044364,-0.261286,-0.304317,-0.013943,-0.275236,-0.288088,-0.050835,-0.305812,-0.252366,-0.068550,-0.314266,-0.282364
2026-05-27 14:49:24.575,12.599997,0.000000,0.000000,0.000000,0.032934,-0.255502,-0.305180,-0.121661,-0.267071,-0.303454,-0.044364,-0.261286,-0.304317,-0.013943,-0.275236,-0.288088,-0.050835,-0.305812,-0.252366,-0.068550,-0.314266,-0.282364
2026-05-27 14:49:24.675,12.699997,0.000000,0.000000,0.000000,0.032934,-0.255502,-0.305180,-0.121661,-0.267071,-0.303454,-0.044364,-0.261286,-0.304317,-0.013943,-0.275236,-0.288088,-0.050835,-0.305812,-0.252366,-0.068550,-0.314266,-0.282364
2026-05-27 14:49:24.775,12.799997,0.000000,0.000000,0.000000,0.032934,-0.255502,-0.305180,-0.121661,-0.267071,-0.303454,-0.044364,-0.261286,-0.304317,-0.013943,-0.275236,-0.288088,-0.050835,-0.305812,-0.252366,-0.068550,-0.314266,-0.282364
2026-05-27 14:49:24.875,12.899997,0.000000,0.000000,0.000000,0.032934,-0.255502,-0.305180,-0.121661,-0.267071,-0.303454,-0.044364,-0.261286,-0.304317,-0.013943,-0.275236,-0.288088,-0.050835,-0.305812,-0.252366,-0.068550,-0.314266,-0.282364
2026-05-27 14:49:24.975,12.999997,0.000000,0.000000,0.000000,0.032934,-0.255502,-0.305180,-0.121661,-0.267071,-0.303454,-0.044364,-0.261286,-0.304317,-0.013943,-0.275236,-0.288088,-0.050835,-0.305812,-0.252366,-0.068550,-0.314266,-0.282364
2026-05-27 14:49:25.075,13.099997,0.000000,0.000000,0.000000,0.032934,-0.255502,-0.305180,-0.121661,-0.267071,-0.303454,-0.044364,-0.261286,-0.304317,-0.013943,-0.275236,-0.288088,-0.050835,-0.305812,-0.252366,-0.068550,-0.314266,-0.282364
2026-05-27 14:49:25.175,13.199997,0.000000,0.000000,0.000000,0.032934,-0.255502,-0.305180,-0.121661,-0.267071,-0.303454,-0.044364,-0.261286,-0.304317,-0.013943,-0.275236,-0.288088,-0.050835,-0.305812,-0.252366,-0.068550,-0.314266,-0.282364
2026-05-27 14:49:25.275,13.299997,0.000000,0.000000,0.000000,0.032934,-0.255502,-0.305180,-0.121661,-0.267071,-0.303454,-0.044364,-0.261286,-0.304317,-0.013943,-0.275236,-0.288088,-0.050835,-0.305812,-0.252366,-0.068550,-0.314266,-0.282364
2026-05-27 14:49:25.375,13.399997,0.000000,0.000000,0.000000,0.032934,-0.255502,-0.305180,-0.121661,-0.267071,-0.303454,-0.044364,-0.261286,-0.304317,-0.013943,-0.275236,-0.288088,-0.050835,-0.305812,-0.252366,-0.068550,-0.314266,-0.282364
2026-05-27 14:49:25.475,13.499997,0.000000,0.000000,0.000000,0.032934,-0.255502,-0.305180,-0.121661,-0.267071,-0.303454,-0.044364,-0.261286,-0.304317,-0.013943,-0.275236,-0.288088,-0.050835,-0.305812,-0.252366,-0.068550,-0.314266,-0.282364
2026-05-27 14:49:25.575,13.599997,0.000000,0.000000,0.000000,0.032934,-0.255502,-0.305180,-0.121661,-0.267071,-0.303454,-0.044364,-0.261286,-0.304317,-0.013943,-0.275236,-0.288088,-0.050835,-0.305812,-0.252366,-0.068550,-0.314266,-0.282364
2026-05-27 14:49:25.675,13.699997,0.000000,0.000000,0.000000,0.032934,-0.255502,-0.305180,-0.121661,-0.267071,-0.303454,-0.044364,-0.261286,-0.304317,-0.013943,-0.275236,-0.288088,-0.050835,-0.305812,-0.252366,-0.068550,-0.314266,-0.282364
2026-05-27 14:49:25.775,13.799997,0.000000,0.000000,0.000000,0.032934,-0.255502,-0.305180,-0.121661,-0.267071,-0.303454,-0.044364,-0.261286,-0.304317,-0.013943,-0.275236,-0.288088,-0.050835,-0.305812,-0.252366,-0.068550,-0.314266,-0.282364
2026-05-27 14:49:25.875,13.899997,0.000000,0.000000,0.000000,0.032934,-0.255502,-0.305180,-0.121661,-0.267071,-0.303454,-0.044364,-0.261286,-0.304317,-0.013943,-0.275236,-0.288088,-0.050835,-0.305812,-0.252366,-0.068550,-0.314266,-0.282364
2026-05-27 14:49:25.975,13.999997,0.000000,0.000000,0.000000,0.032934,-0.255502,-0.305180,-0.121661,-0.267071,-0.303454,-0.044364,-0.261286,-0.304317,-0.013943,-0.275236,-0.288088,-0.050835,-0.305812,-0.252366,-0.068550,-0.314266,-0.282364
2026-05-27 14:49:26.075,14.099997,0.000000,0.000000,0.000000,0.032934,-0.255502,-0.305180,-0.121661,-0.267071,-0.303454,-0.044364,-0.261286,-0.304317,-0.013943,-0.275236,-0.288088,-0.050835,-0.305812,-0.252366,-0.068550,-0.314266,-0.282364
2026-05-27 14:49:26.175,14.199997,0.000000,0.000000,0.000000,0.032934,-0.255502,-0.305180,-0.121661,-0.267071,-0.303454,-0.044364,-0.261286,-0.304317,-0.013943,-0.275236,-0.288088,-0.050835,-0.305812,-0.252366,-0.068550,-0.314266,-0.282364
2026-05-27 14:49:26.275,14.299997,0.000000,0.000000,0.000000,0.032934,-0.255502,-0.305180,-0.121661,-0.267071,-0.303454,-0.044364,-0.261286,-0.304317,-0.013943,-0.275236,-0.288088,-0.050835,-0.305812,-0.252366,-0.068550,-0.314266,-0.282364
2026-05-27 14:49:26.375,14.399997,0.000000,0.000000,0.000000,0.032934,-0.255502,-0.305180,-0.121661,-0.267071,-0.303454,-0.044364,-0.261286,-0.304317,-0.013943,-0.275236,-0.288088,-0.050835,-0.305812,-0.252366,-0.068550,-0.314266,-0.282364
2026-05-27 14:49:26.475,14.499997,0.000000,0.000000,0.000000,0.032934,-0.255502,-0.305180,-0.121661,-0.267071,-0.303454,-0.044364,-0.261286,-0.304317,-0.013943,-0.275236,-0.288088,-0.050835,-0.305812,-0.252366,-0.068550,-0.314266,-0.282364
2026-05-27 14:49:26.575,14.599997,0.000000,0.000000,0.000000,0.032934,-0.255502,-0.305180,-0.121661,-0.267071,-0.303454,-0.044364,-0.261286,-0.304317,-0.013943,-0.275236,-0.288088,-0.050835,-0.305812,-0.252366,-0.068550,-0.314266,-0.282364
2026-05-27 14:49:26.675,14.699997,0.000000,0.000000,0.000000,0.032934,-0.255502,-0.305180,-0.121661,-0.267071,-0.303454,-0.044364,-0.261286,-0.304317,-0.013943,-0.275236,-0.288088,-0.050835,-0.305812,-0.252366,-0.068550,-0.314266,-0.282364
2026-05-27 14:49:26.775,14.799997,0.000000,0.000000,0.000000,0.032934,-0.255502,-0.305180,-0.121661,-0.267071,-0.303454,-0.044364,-0.261286,-0.304317,-0.013943,-0.275236,-0.288088,-0.050835,-0.305812,-0.252366,-0.068550,-0.314266,-0.282364
2026-05-27 14:49:26.875,14.899997,0.000000,0.000000,0.000000,0.032934,-0.255502,-0.305180,-0.121661,-0.267071,-0.303454,-0.044364,-0.261286,-0.304317,-0.013943,-0.275236,-0.288088,-0.050835,-0.305812,-0.252366,-0.068550,-0.314266,-0.282364
2026-05-27 14:49:26.975,14.999997,0.000000,0.000000,0.000000,0.032934,-0.255502,-0.305180,-0.121661,-0.267071,-0.303454,-0.044364,-0.261286,-0.304317,-0.013943,-0.275236,-0.288088,-0.050835,-0.305812,-0.252366,-0.068550,-0.314266,-0.282364
2026-05-27 14:49:27.075,15.099997,0.000000,0.000000,0.000000,0.032934,-0.255502,-0.305180,-0.121661,-0.267071,-0.303454,-0.044364,-0.261286,-0.304317,-0.013943,-0.275236,-0.288088,-0.050835,-0.305812,-0.252366,-0.068550,-0.314266,-0.282364
2026-05-27 14:49:27.175,15.199997,0.000000,0.000000,0.000000,0.032934,-0.255502,-0.305180,-0.121661,-0.267071,-0.303454,-0.044364,-0.261286,-0.304317,-0.013943,-0.275236,-0.288088,-0.050835,-0.305812,-0.252366,-0.068550,-0.314266,-0.282364
2026-05-27 14:49:27.275,15.299997,0.000000,0.000000,0.000000,0.032934,-0.255502,-0.305180,-0.121661,-0.267071,-0.303454,-0.044364,-0.261286,-0.304317,-0.013943,-0.275236,-0.288088,-0.050835,-0.305812,-0.252366,-0.068550,-0.314266,-0.282364
2026-05-27 14:49:27.375,15.399997,0.000000,0.000000,0.000000,0.032934,-0.255502,-0.305180,-0.121661,-0.267071,-0.303454,-0.044364,-0.261286,-0.304317,-0.013943,-0.275236,-0.288088,-0.050835,-0.305812,-0.252366,-0.068550,-0.314266,-0.282364
2026-05-27 14:49:27.475,15.499997,0.000000,0.000000,0.000000,0.032934,-0.255502,-0.305180,-0.121661,-0.267071,-0.303454,-0.044364,-0.261286,-0.304317,-0.013943,-0.275236,-0.288088,-0.050835,-0.305812,-0.252366,-0.068550,-0.314266,-0.282364
2026-05-27 14:49:27.575,15.599997,0.000000,0.000000,0.000000,0.032934,-0.255502,-0.305180,-0.121661,-0.267071,-0.303454,-0.044364,-0.261286,-0.304317,-0.013943,-0.275236,-0.288088,-0.050835,-0.305812,-0.252366,-0.068550,-0.314266,-0.282364
2026-05-27 14:49:27.675,15.699997,0.000000,0.000000,0.000000,0.032934,-0.255502,-0.305180,-0.121661,-0.267071,-0.303454,-0.044364,-0.261286,-0.304317,-0.013943,-0.275236,-0.288088,-0.050835,-0.305812,-0.252366,-0.068550,-0.314266,-0.282364
2026-05-27 14:49:27.775,15.799997,0.000000,0.000000,0.000000,0.032934,-0.255502,-0.305180,-0.121661,-0.267071,-0.303454,-0.044364,-0.261286,-0.304317,-0.013943,-0.275236,-0.288088,-0.050835,-0.305812,-0.252366,-0.068550,-0.314266,-0.282364
2026-05-27 14:49:27.875,15.899997,0.000000,0.000000,0.000000,0.032934,-0.255502,-0.305180,-0.121661,-0.267071,-0.303454,-0.044364,-0.261286,-0.304317,-0.013943,-0.275236,-0.288088,-0.050835,-0.305812,-0.252366,-0.068550,-0.314266,-0.282364
2026-05-27 14:49:27.975,15.999997,0.000000,0.000000,0.000000,0.032934,-0.255502,-0.305180,-0.121661,-0.267071,-0.303454,-0.044364,-0.261286,-0.304317,-0.013943,-0.275236,-0.288088,-0.050835,-0.305812,-0.252366,-0.068550,-0.314266,-0.282364
2026-05-27 14:49:28.075,16.099997,0.000000,0.000000,0.000000,0.032934,-0.255502,-0.305180,-0.121661,-0.267071,-0.303454,-0.044364,-0.261286,-0.304317,-0.013943,-0.275236,-0.288088,-0.050835,-0.305812,-0.252366,-0.068550,-0.314266,-0.282364
2026-05-27 14:49:28.175,16.199997,0.000000,0.000000,0.000000,0.032934,-0.255502,-0.305180,-0.121661,-0.267071,-0.303454,-0.044364,-0.261286,-0.304317,-0.013943,-0.275236,-0.288088,-0.050835,-0.305812,-0.252366,-0.068550,-0.314266,-0.282364
2026-05-27 14:49:28.275,16.299997,0.000000,0.000000,0.000000,0.032934,-0.255502,-0.305180,-0.121661,-0.267071,-0.303454,-0.044364,-0.261286,-0.304317,-0.013943,-0.275236,-0.288088,-0.050835,-0.305812,-0.252366,-0.068550,-0.314266,-0.282364
2026-05-27 14:49:28.375,16.399997,0.000000,0.000000,0.000000,0.032934,-0.255502,-0.305180,-0.121661,-0.267071,-0.303454,-0.044364,-0.261286,-0.304317,-0.013943,-0.275236,-0.288088,-0.050835,-0.305812,-0.252366,-0.068550,-0.314266,-0.282364
2026-05-27 14:49:28.475,16.499997,0.000000,0.000000,0.000000,0.032934,-0.255502,-0.305180,-0.121661,-0.267071,-0.303454,-0.044364,-0.261286,-0.304317,-0.013943,-0.275236,-0.288088,-0.050835,-0.305812,-0.252366,-0.068550,-0.314266,-0.282364
2026-05-27 14:49:28.575,16.599997,0.000000,0.000000,0.000000,0.032934,-0.255502,-0.305180,-0.121661,-0.267071,-0.303454,-0.044364,-0.261286,-0.304317,-0.013943,-0.275236,-0.288088,-0.050835,-0.305812,-0.252366,-0.068550,-0.314266,-0.282364
2026-05-27 14:49:28.675,16.699997,0.000000,0.000000,0.000000,0.032934,-0.255502,-0.305180,-0.121661,-0.267071,-0.303454,-0.044364,-0.261286,-0.304317,-0.013943,-0.275236,-0.288088,-0.050835,-0.305812,-0.252366,-0.068550,-0.314266,-0.282364
2026-05-27 14:49:28.775,16.799997,0.000000,0.000000,0.000000,0.032934,-0.255502,-0.305180,-0.121661,-0.267071,-0.303454,-0.044364,-0.261286,-0.304317,-0.013943,-0.275236,-0.288088,-0.050835,-0.305812,-0.252366,-0.068550,-0.314266,-0.282364
2026-05-27 14:49:28.875,16.899997,0.000000,0.000000,0.000000,0.032934,-0.255502,-0.305180,-0.121661,-0.267071,-0.303454,-0.044364,-0.261286,-0.304317,-0.013943,-0.275236,-0.288088,-0.050835,-0.305812,-0.252366,-0.068550,-0.314266,-0.282364
2026-05-27 14:49:28.975,16.999997,0.000000,0.000000,0.000000,0.032934,-0.255502,-0.305180,-0.121661,-0.267071,-0.303454,-0.044364,-0.261286,-0.304317,-0.013943,-0.275236,-0.288088,-0.050835,-0.305812,-0.252366,-0.068550,-0.314266,-0.282364
2026-05-27 14:49:29.075,17.099997,0.000000,0.000000,0.000000,0.032934,-0.255502,-0.305180,-0.121661,-0.267071,-0.303454,-0.044364,-0.261286,-0.304317,-0.013943,-0.275236,-0.288088,-0.050835,-0.305812,-0.252366,-0.068550,-0.314266,-0.282364
2026-05-27 14:49:29.175,17.199997,0.000000,0.000000,0.000000,0.032934,-0.255502,-0.305180,-0.121661,-0.267071,-0.303454,-0.044364,-0.261286,-0.304317,-0.013943,-0.275236,-0.288088,-0.050835,-0.305812,-0.252366,-0.068550,-0.314266,-0.282364
2026-05-27 14:49:29.275,17.299997,0.000000,0.000000,0.000000,0.032934,-0.255502,-0.305180,-0.121661,-0.267071,-0.303454,-0.044364,-0.261286,-0.304317,-0.013943,-0.275236,-0.288088,-0.050835,-0.305812,-0.252366,-0.068550,-0.314266,-0.282364
2026-05-27 14:49:29.375,17.399997,0.000000,0.000000,0.000000,0.032934,-0.255502,-0.305180,-0.121661,-0.267071,-0.303454,-0.044364,-0.261286,-0.304317,-0.013943,-0.275236,-0.288088,-0.050835,-0.305812,-0.252366,-0.068550,-0.314266,-0.282364
2026-05-27 14:49:29.475,17.499997,0.000000,0.000000,0.000000,0.032934,-0.255502,-0.305180,-0.121661,-0.267071,-0.303454,-0.044364,-0.261286,-0.304317,-0.013943,-0.275236,-0.288088,-0.050835,-0.305812,-0.252366,-0.068550,-0.314266,-0.282364
2026-05-27 14:49:29.575,17.599997,0.000000,0.000000,0.000000,0.032934,-0.255502,-0.305180,-0.121661,-0.267071,-0.303454,-0.044364,-0.261286,-0.304317,-0.013943,-0.275236,-0.288088,-0.050835,-0.305812,-0.252366,-0.068550,-0.314266,-0.282364
2026-05-27 14:49:29.675,17.699997,0.000000,0.000000,0.000000,0.032934,-0.255502,-0.305180,-0.121661,-0.267071,-0.303454,-0.044364,-0.261286,-0.304317,-0.013943,-0.275236,-0.288088,-0.050835,-0.305812,-0.252366,-0.068550,-0.314266,-0.282364
2026-05-27 14:49:29.775,17.799997,0.000000,0.000000,0.000000,0.032934,-0.255502,-0.305180,-0.121661,-0.267071,-0.303454,-0.044364,-0.261286,-0.304317,-0.013943,-0.275236,-0.288088,-0.050835,-0.305812,-0.252366,-0.068550,-0.314266,-0.282364
2026-05-27 14:49:29.875,17.899997,0.000000,0.000000,0.000000,0.032934,-0.255502,-0.305180,-0.121661,-0.267071,-0.303454,-0.044364,-0.261286,-0.304317,-0.013943,-0.275236,-0.288088,-0.050835,-0.305812,-0.252366,-0.068550,-0.314266,-0.282364
2026-05-27 14:49:29.975,17.999997,0.000000,0.000000,0.000000,0.032934,-0.255502,-0.305180,-0.121661,-0.267071,-0.303454,-0.044364,-0.261286,-0.304317,-0.013943,-0.275236,-0.288088,-0.050835,-0.305812,-0.252366,-0.068550,-0.314266,-0.282364
2026-05-27 14:49:30.075,18.099997,0.000000,0.000000,0.000000,0.032934,-0.255502,-0.305180,-0.121661,-0.267071,-0.303454,-0.044364,-0.261286,-0.304317,-0.013943,-0.275236,-0.288088,-0.050835,-0.305812,-0.252366,-0.068550,-0.314266,-0.282364
2026-05-27 14:49:30.175,18.199997,0.000000,0.000000,0.000000,0.032934,-0.255502,-0.305180,-0.121661,-0.267071,-0.303454,-0.044364,-0.261286,-0.304317,-0.013943,-0.275236,-0.288088,-0.050835,-0.305812,-0.252366,-0.068550,-0.314266,-0.282364
2026-05-27 14:49:30.275,18.299997,0.000000,0.000000,0.000000,0.032934,-0.255502,-0.305180,-0.121661,-0.267071,-0.303454,-0.044364,-0.261286,-0.304317,-0.013943,-0.275236,-0.288088,-0.050835,-0.305812,-0.252366,-0.068550,-0.314266,-0.282364
2026-05-27 14:49:30.375,18.399997,0.000000,0.000000,0.000000,0.032934,-0.255502,-0.305180,-0.121661,-0.267071,-0.303454,-0.044364,-0.261286,-0.304317,-0.013943,-0.275236,-0.288088,-0.050835,-0.305812,-0.252366,-0.068550,-0.314266,-0.282364
2026-05-27 14:49:30.475,18.499997,0.000000,0.000000,0.000000,0.032934,-0.255502,-0.305180,-0.121661,-0.267071,-0.303454,-0.044364,-0.261286,-0.304317,-0.013943,-0.275236,-0.288088,-0.050835,-0.305812,-0.252366,-0.068550,-0.314266,-0.282364
2026-05-27 14:49:30.575,18.599997,0.000000,0.000000,0.000000,0.032934,-0.255502,-0.305180,-0.121661,-0.267071,-0.303454,-0.044364,-0.261286,-0.304317,-0.013943,-0.275236,-0.288088,-0.050835,-0.305812,-0.252366,-0.068550,-0.314266,-0.282364
2026-05-27 14:49:30.675,18.699997,0.000000,0.000000,0.000000,0.032934,-0.255502,-0.305180,-0.121661,-0.267071,-0.303454,-0.044364,-0.261286,-0.304317,-0.013943,-0.275236,-0.288088,-0.050835,-0.305812,-0.252366,-0.068550,-0.314266,-0.282364
2026-05-27 14:49:30.775,18.799997,0.000000,0.000000,0.000000,0.032934,-0.255502,-0.305180,-0.121661,-0.267071,-0.303454,-0.044364,-0.261286,-0.304317,-0.013943,-0.275236,-0.288088,-0.050835,-0.305812,-0.252366,-0.068550,-0.314266,-0.282364
2026-05-27 14:49:30.875,18.899997,0.000000,0.000000,0.000000,0.032934,-0.255502,-0.305180,-0.121661,-0.267071,-0.303454,-0.044364,-0.261286,-0.304317,-0.013943,-0.275236,-0.288088,-0.050835,-0.305812,-0.252366,-0.068550,-0.314266,-0.282364
2026-05-27 14:49:30.975,18.999997,0.000000,0.000000,0.000000,0.032934,-0.255502,-0.305180,-0.121661,-0.267071,-0.303454,-0.044364,-0.261286,-0.304317,-0.013943,-0.275236,-0.288088,-0.050835,-0.305812,-0.252366,-0.068550,-0.314266,-0.282364
2026-05-27 14:49:31.075,19.099997,0.000000,0.000000,0.000000,0.032934,-0.255502,-0.305180,-0.121661,-0.267071,-0.303454,-0.044364,-0.261286,-0.304317,-0.013943,-0.275236,-0.288088,-0.050835,-0.305812,-0.252366,-0.068550,-0.314266,-0.282364
2026-05-27 14:49:31.175,19.199997,0.000000,0.000000,0.000000,0.032934,-0.255502,-0.305180,-0.121661,-0.267071,-0.303454,-0.044364,-0.261286,-0.304317,-0.013943,-0.275236,-0.288088,-0.050835,-0.305812,-0.252366,-0.068550,-0.314266,-0.282364
2026-05-27 14:49:31.275,19.299997,0.000000,0.000000,0.000000,0.032934,-0.255502,-0.305180,-0.121661,-0.267071,-0.303454,-0.044364,-0.261286,-0.304317,-0.013943,-0.275236,-0.288088,-0.050835,-0.305812,-0.252366,-0.068550,-0.314266,-0.282364
2026-05-27 14:49:31.375,19.399997,0.000000,0.000000,0.000000,0.032934,-0.255502,-0.305180,-0.121661,-0.267071,-0.303454,-0.044364,-0.261286,-0.304317,-0.013943,-0.275236,-0.288088,-0.050835,-0.305812,-0.252366,-0.068550,-0.314266,-0.282364
2026-05-27 14:49:31.475,19.499997,0.000000,0.000000,0.000000,0.032934,-0.255502,-0.305180,-0.121661,-0.267071,-0.303454,-0.044364,-0.261286,-0.304317,-0.013943,-0.275236,-0.288088,-0.050835,-0.305812,-0.252366,-0.068550,-0.314266,-0.282364
2026-05-27 14:49:31.575,19.599997,0.000000,0.000000,0.000000,0.032934,-0.255502,-0.305180,-0.121661,-0.267071,-0.303454,-0.044364,-0.261286,-0.304317,-0.013943,-0.275236,-0.288088,-0.050835,-0.305812,-0.252366,-0.068550,-0.314266,-0.282364
2026-05-27 14:49:31.675,19.699997,0.000000,0.000000,0.000000,0.032934,-0.255502,-0.305180,-0.121661,-0.267071,-0.303454,-0.044364,-0.261286,-0.304317,-0.013943,-0.275236,-0.288088,-0.050835,-0.305812,-0.252366,-0.068550,-0.314266,-0.282364
2026-05-27 14:49:31.775,19.799997,0.000000,0.000000,0.000000,0.032934,-0.255502,-0.305180,-0.121661,-0.267071,-0.303454,-0.044364,-0.261286,-0.304317,-0.013943,-0.275236,-0.288088,-0.050835,-0.305812,-0.252366,-0.068550,-0.314266,-0.282364
2026-05-27 14:49:31.875,19.899997,0.000000,0.000000,0.000000,0.032934,-0.255502,-0.305180,-0.121661,-0.267071,-0.303454,-0.044364,-0.261286,-0.304317,-0.013943,-0.275236,-0.288088,-0.050835,-0.305812,-0.252366,-0.068550,-0.314266,-0.282364
2026-05-27 14:49:31.975,19.999997,0.000000,0.000000,0.000000,0.032934,-0.255502,-0.305180,-0.121661,-0.267071,-0.303454,-0.044364,-0.261286,-0.304317,-0.013943,-0.275236,-0.288088,-0.050835,-0.305812,-0.252366,-0.068550,-0.314266,-0.282364
2026-05-27 14:49:32.075,20.099997,0.000000,0.000000,0.000000,0.032934,-0.255502,-0.305180,-0.121661,-0.267071,-0.303454,-0.044364,-0.261286,-0.304317,-0.013943,-0.275236,-0.288088,-0.050835,-0.305812,-0.252366,-0.068550,-0.314266,-0.282364
2026-05-27 14:49:32.175,20.199997,0.000000,0.000000,0.000000,0.032934,-0.255502,-0.305180,-0.121661,-0.267071,-0.303454,-0.044364,-0.261286,-0.304317,-0.013943,-0.275236,-0.288088,-0.050835,-0.305812,-0.252366,-0.068550,-0.314266,-0.282364
2026-05-27 14:49:32.275,20.299997,0.000000,0.000000,0.000000,0.032934,-0.255502,-0.305180,-0.121661,-0.267071,-0.303454,-0.044364,-0.261286,-0.304317,-0.013943,-0.275236,-0.288088,-0.050835,-0.305812,-0.252366,-0.068550,-0.314266,-0.282364
2026-05-27 14:49:32.375,20.399997,0.000000,0.000000,0.000000,0.032934,-0.255502,-0.305180,-0.121661,-0.267071,-0.303454,-0.044364,-0.261286,-0.304317,-0.013943,-0.275236,-0.288088,-0.050835,-0.305812,-0.252366,-0.068550,-0.314266,-0.282364
2026-05-27 14:49:32.475,20.499997,0.000000,0.000000,0.000000,0.032934,-0.255502,-0.305180,-0.121661,-0.267071,-0.303454,-0.044364,-0.261286,-0.304317,-0.013943,-0.275236,-0.288088,-0.050835,-0.305812,-0.252366,-0.068550,-0.314266,-0.282364
2026-05-27 14:49:32.575,20.599997,0.000000,0.000000,0.000000,0.032934,-0.255502,-0.305180,-0.121661,-0.267071,-0.303454,-0.044364,-0.261286,-0.304317,-0.013943,-0.275236,-0.288088,-0.050835,-0.305812,-0.252366,-0.068550,-0.314266,-0.282364
2026-05-27 14:49:32.675,20.699997,0.000000,0.000000,0.000000,0.032934,-0.255502,-0.305180,-0.121661,-0.267071,-0.303454,-0.044364,-0.261286,-0.304317,-0.013943,-0.275236,-0.288088,-0.050835,-0.305812,-0.252366,-0.068550,-0.314266,-0.282364
2026-05-27 14:49:32.775,20.799997,0.000000,0.000000,0.000000,0.032934,-0.255502,-0.305180,-0.121661,-0.267071,-0.303454,-0.044364,-0.261286,-0.304317,-0.013943,-0.275236,-0.288088,-0.050835,-0.305812,-0.252366,-0.068550,-0.314266,-0.282364
2026-05-27 14:49:32.875,20.899997,0.000000,0.000000,0.000000,0.032934,-0.255502,-0.305180,-0.121661,-0.267071,-0.303454,-0.044364,-0.261286,-0.304317,-0.013943,-0.275236,-0.288088,-0.050835,-0.305812,-0.252366,-0.068550,-0.314266,-0.282364
2026-05-27 14:49:32.975,20.999997,0.000000,0.000000,0.000000,0.032934,-0.255502,-0.305180,-0.121661,-0.267071,-0.303454,-0.044364,-0.261286,-0.304317,-0.013943,-0.275236,-0.288088,-0.050835,-0.305812,-0.252366,-0.068550,-0.314266,-0.282364
2026-05-27 14:49:33.075,21.099997,0.000000,0.000000,0.000000,0.032934,-0.255502,-0.305180,-0.121661,-0.267071,-0.303454,-0.044364,-0.261286,-0.304317,-0.013943,-0.275236,-0.288088,-0.050835,-0.305812,-0.252366,-0.068550,-0.314266,-0.282364
2026-05-27 14:49:33.175,21.199997,0.000000,0.000000,0.000000,0.032934,-0.255502,-0.305180,-0.121661,-0.267071,-0.303454,-0.044364,-0.261286,-0.304317,-0.013943,-0.275236,-0.288088,-0.050835,-0.305812,-0.252366,-0.068550,-0.314266,-0.282364
2026-05-27 14:49:33.275,21.299997,0.000000,0.000000,0.000000,0.032934,-0.255502,-0.305180,-0.121661,-0.267071,-0.303454,-0.044364,-0.261286,-0.304317,-0.013943,-0.275236,-0.288088,-0.050835,-0.305812,-0.252366,-0.068550,-0.314266,-0.282364
2026-05-27 14:49:33.375,21.399997,0.000000,0.000000,0.000000,0.032934,-0.255502,-0.305180,-0.121661,-0.267071,-0.303454,-0.044364,-0.261286,-0.304317,-0.013943,-0.275236,-0.288088,-0.050835,-0.305812,-0.252366,-0.068550,-0.314266,-0.282364
2026-05-27 14:49:33.475,21.499997,0.000000,0.000000,0.000000,0.032934,-0.255502,-0.305180,-0.121661,-0.267071,-0.303454,-0.044364,-0.261286,-0.304317,-0.013943,-0.275236,-0.288088,-0.050835,-0.305812,-0.252366,-0.068550,-0.314266,-0.282364
2026-05-27 14:49:33.575,21.599997,0.000000,0.000000,0.000000,0.032934,-0.255502,-0.305180,-0.121661,-0.267071,-0.303454,-0.044364,-0.261286,-0.304317,-0.013943,-0.275236,-0.288088,-0.050835,-0.305812,-0.252366,-0.068550,-0.314266,-0.282364
2026-05-27 14:49:33.675,21.699997,0.000000,0.000000,0.000000,0.032934,-0.255502,-0.305180,-0.121661,-0.267071,-0.303454,-0.044364,-0.261286,-0.304317,-0.013943,-0.275236,-0.288088,-0.050835,-0.305812,-0.252366,-0.068550,-0.314266,-0.282364
2026-05-27 14:49:33.775,21.799997,0.000000,0.000000,0.000000,0.032934,-0.255502,-0.305180,-0.121661,-0.267071,-0.303454,-0.044364,-0.261286,-0.304317,-0.013943,-0.275236,-0.288088,-0.050835,-0.305812,-0.252366,-0.068550,-0.314266,-0.282364
2026-05-27 14:49:33.875,21.899997,0.000000,0.000000,0.000000,0.032934,-0.255502,-0.305180,-0.121661,-0.267071,-0.303454,-0.044364,-0.261286,-0.304317,-0.013943,-0.275236,-0.288088,-0.050835,-0.305812,-0.252366,-0.068550,-0.314266,-0.282364
2026-05-27 14:49:33.975,21.999997,0.000000,0.000000,0.000000,0.032934,-0.255502,-0.305180,-0.121661,-0.267071,-0.303454,-0.044364,-0.261286,-0.304317,-0.013943,-0.275236,-0.288088,-0.050835,-0.305812,-0.252366,-0.068550,-0.314266,-0.282364
2026-05-27 14:49:34.075,22.099997,0.000000,0.000000,0.000000,0.032934,-0.255502,-0.305180,-0.121661,-0.267071,-0.303454,-0.044364,-0.261286,-0.304317,-0.013943,-0.275236,-0.288088,-0.050835,-0.305812,-0.252366,-0.068550,-0.314266,-0.282364
2026-05-27 14:49:34.175,22.199997,0.000000,0.000000,0.000000,0.032934,-0.255502,-0.305180,-0.121661,-0.267071,-0.303454,-0.044364,-0.261286,-0.304317,-0.013943,-0.275236,-0.288088,-0.050835,-0.305812,-0.252366,-0.068550,-0.314266,-0.282364
2026-05-27 14:49:34.275,22.299997,0.000000,0.000000,0.000000,0.032934,-0.255502,-0.305180,-0.121661,-0.267071,-0.303454,-0.044364,-0.261286,-0.304317,-0.013943,-0.275236,-0.288088,-0.050835,-0.305812,-0.252366,-0.068550,-0.314266,-0.282364
2026-05-27 14:49:34.375,22.399997,0.000000,0.000000,0.000000,0.032934,-0.255502,-0.305180,-0.121661,-0.267071,-0.303454,-0.044364,-0.261286,-0.304317,-0.013943,-0.275236,-0.288088,-0.050835,-0.305812,-0.252366,-0.068550,-0.314266,-0.282364
2026-05-27 14:49:34.475,22.499997,0.000000,0.000000,0.000000,0.032934,-0.255502,-0.305180,-0.121661,-0.267071,-0.303454,-0.044364,-0.261286,-0.304317,-0.013943,-0.275236,-0.288088,-0.050835,-0.305812,-0.252366,-0.068550,-0.314266,-0.282364
2026-05-27 14:49:34.575,22.599997,0.000000,0.000000,0.000000,0.032934,-0.255502,-0.305180,-0.121661,-0.267071,-0.303454,-0.044364,-0.261286,-0.304317,-0.013943,-0.275236,-0.288088,-0.050835,-0.305812,-0.252366,-0.068550,-0.314266,-0.282364
2026-05-27 14:49:34.675,22.699997,0.000000,0.000000,0.000000,0.032934,-0.255502,-0.305180,-0.121661,-0.267071,-0.303454,-0.044364,-0.261286,-0.304317,-0.013943,-0.275236,-0.288088,-0.050835,-0.305812,-0.252366,-0.068550,-0.314266,-0.282364
2026-05-27 14:49:34.775,22.799997,0.000000,0.000000,0.000000,0.032934,-0.255502,-0.305180,-0.121661,-0.267071,-0.303454,-0.044364,-0.261286,-0.304317,-0.013943,-0.275236,-0.288088,-0.050835,-0.305812,-0.252366,-0.068550,-0.314266,-0.282364
2026-05-27 14:49:34.875,22.899997,0.000000,0.000000,0.000000,0.032934,-0.255502,-0.305180,-0.121661,-0.267071,-0.303454,-0.044364,-0.261286,-0.304317,-0.013943,-0.275236,-0.288088,-0.050835,-0.305812,-0.252366,-0.068550,-0.314266,-0.282364
2026-05-27 14:49:34.975,22.999997,0.000000,0.000000,0.000000,0.032934,-0.255502,-0.305180,-0.121661,-0.267071,-0.303454,-0.044364,-0.261286,-0.304317,-0.013943,-0.275236,-0.288088,-0.050835,-0.305812,-0.252366,-0.068550,-0.314266,-0.282364
2026-05-27 14:49:35.075,23.099997,0.000000,0.000000,0.000000,0.032934,-0.255502,-0.305180,-0.121661,-0.267071,-0.303454,-0.044364,-0.261286,-0.304317,-0.013943,-0.275236,-0.288088,-0.050835,-0.305812,-0.252366,-0.068550,-0.314266,-0.282364
2026-05-27 14:49:35.175,23.199997,0.000000,0.000000,0.000000,0.032934,-0.255502,-0.305180,-0.121661,-0.267071,-0.303454,-0.044364,-0.261286,-0.304317,-0.013943,-0.275236,-0.288088,-0.050835,-0.305812,-0.252366,-0.068550,-0.314266,-0.282364
2026-05-27 14:49:35.275,23.299997,0.000000,0.000000,0.000000,0.032934,-0.255502,-0.305180,-0.121661,-0.267071,-0.303454,-0.044364,-0.261286,-0.304317,-0.013943,-0.275236,-0.288088,-0.050835,-0.305812,-0.252366,-0.068550,-0.314266,-0.282364
2026-05-27 14:49:35.375,23.399997,0.000000,0.000000,0.000000,0.032934,-0.255502,-0.305180,-0.121661,-0.267071,-0.303454,-0.044364,-0.261286,-0.304317,-0.013943,-0.275236,-0.288088,-0.050835,-0.305812,-0.252366,-0.068550,-0.314266,-0.282364
2026-05-27 14:49:35.475,23.499997,0.000000,0.000000,0.000000,0.032934,-0.255502,-0.305180,-0.121661,-0.267071,-0.303454,-0.044364,-0.261286,-0.304317,-0.013943,-0.275236,-0.288088,-0.050835,-0.305812,-0.252366,-0.068550,-0.314266,-0.282364
2026-05-27 14:49:35.575,23.599997,0.000000,0.000000,0.000000,0.032934,-0.255502,-0.305180,-0.121661,-0.267071,-0.303454,-0.044364,-0.261286,-0.304317,-0.013943,-0.275236,-0.288088,-0.050835,-0.305812,-0.252366,-0.068550,-0.314266,-0.282364
2026-05-27 14:49:35.675,23.699997,0.000000,0.000000,0.000000,0.032934,-0.255502,-0.305180,-0.121661,-0.267071,-0.303454,-0.044364,-0.261286,-0.304317,-0.013943,-0.275236,-0.288088,-0.050835,-0.305812,-0.252366,-0.068550,-0.314266,-0.282364
2026-05-27 14:49:35.775,23.799997,0.000000,0.000000,0.000000,0.032934,-0.255502,-0.305180,-0.121661,-0.267071,-0.303454,-0.044364,-0.261286,-0.304317,-0.013943,-0.275236,-0.288088,-0.050835,-0.305812,-0.252366,-0.068550,-0.314266,-0.282364
2026-05-27 14:49:35.875,23.899997,0.000000,0.000000,0.000000,0.032934,-0.255502,-0.305180,-0.121661,-0.267071,-0.303454,-0.044364,-0.261286,-0.304317,-0.013943,-0.275236,-0.288088,-0.050835,-0.305812,-0.252366,-0.068550,-0.314266,-0.282364
2026-05-27 14:49:35.975,23.999997,0.000000,0.000000,0.000000,0.032934,-0.255502,-0.305180,-0.121661,-0.267071,-0.303454,-0.044364,-0.261286,-0.304317,-0.013943,-0.275236,-0.288088,-0.050835,-0.305812,-0.252366,-0.068550,-0.314266,-0.282364
2026-05-27 14:49:36.075,24.099997,0.000000,0.000000,0.000000,0.032934,-0.255502,-0.305180,-0.121661,-0.267071,-0.303454,-0.044364,-0.261286,-0.304317,-0.013943,-0.275236,-0.288088,-0.050835,-0.305812,-0.252366,-0.068550,-0.314266,-0.282364
2026-05-27 14:49:36.175,24.199997,0.000000,0.000000,0.000000,0.032934,-0.255502,-0.305180,-0.121661,-0.267071,-0.303454,-0.044364,-0.261286,-0.304317,-0.013943,-0.275236,-0.288088,-0.050835,-0.305812,-0.252366,-0.068550,-0.314266,-0.282364
2026-05-27 14:49:36.275,24.299997,0.000000,0.000000,0.000000,0.032934,-0.255502,-0.305180,-0.121661,-0.267071,-0.303454,-0.044364,-0.261286,-0.304317,-0.013943,-0.275236,-0.288088,-0.050835,-0.305812,-0.252366,-0.068550,-0.314266,-0.282364
2026-05-27 14:49:36.375,24.399997,0.000000,0.000000,0.000000,0.032934,-0.255502,-0.305180,-0.121661,-0.267071,-0.303454,-0.044364,-0.261286,-0.304317,-0.013943,-0.275236,-0.288088,-0.050835,-0.305812,-0.252366,-0.068550,-0.314266,-0.282364
2026-05-27 14:49:36.475,24.499997,0.000000,0.000000,0.000000,0.032934,-0.255502,-0.305180,-0.121661,-0.267071,-0.303454,-0.044364,-0.261286,-0.304317,-0.013943,-0.275236,-0.288088,-0.050835,-0.305812,-0.252366,-0.068550,-0.314266,-0.282364
2026-05-27 14:49:36.575,24.599997,0.000000,0.000000,0.000000,0.032934,-0.255502,-0.305180,-0.121661,-0.267071,-0.303454,-0.044364,-0.261286,-0.304317,-0.013943,-0.275236,-0.288088,-0.050835,-0.305812,-0.252366,-0.068550,-0.314266,-0.282364
2026-05-27 14:49:36.675,24.699997,0.000000,0.000000,0.000000,0.032934,-0.255502,-0.305180,-0.121661,-0.267071,-0.303454,-0.044364,-0.261286,-0.304317,-0.013943,-0.275236,-0.288088,-0.050835,-0.305812,-0.252366,-0.068550,-0.314266,-0.282364
2026-05-27 14:49:36.775,24.799997,0.000000,0.000000,0.000000,0.032934,-0.255502,-0.305180,-0.121661,-0.267071,-0.303454,-0.044364,-0.261286,-0.304317,-0.013943,-0.275236,-0.288088,-0.050835,-0.305812,-0.252366,-0.068550,-0.314266,-0.282364
2026-05-27 14:49:36.875,24.899997,0.000000,0.000000,0.000000,0.032934,-0.255502,-0.305180,-0.121661,-0.267071,-0.303454,-0.044364,-0.261286,-0.304317,-0.013943,-0.275236,-0.288088,-0.050835,-0.305812,-0.252366,-0.068550,-0.314266,-0.282364
2026-05-27 14:49:36.975,24.999997,0.000000,0.000000,0.000000,0.032934,-0.255502,-0.305180,-0.121661,-0.267071,-0.303454,-0.044364,-0.261286,-0.304317,-0.013943,-0.275236,-0.288088,-0.050835,-0.305812,-0.252366,-0.068550,-0.314266,-0.282364
2026-05-27 14:49:37.075,25.099997,0.000000,0.000000,0.000000,0.032934,-0.255502,-0.305180,-0.121661,-0.267071,-0.303454,-0.044364,-0.261286,-0.304317,-0.013943,-0.275236,-0.288088,-0.050835,-0.305812,-0.252366,-0.068550,-0.314266,-0.282364
2026-05-27 14:49:37.175,25.199997,0.000000,0.000000,0.000000,0.032934,-0.255502,-0.305180,-0.121661,-0.267071,-0.303454,-0.044364,-0.261286,-0.304317,-0.013943,-0.275236,-0.288088,-0.050835,-0.305812,-0.252366,-0.068550,-0.314266,-0.282364
2026-05-27 14:49:37.275,25.299997,0.000000,0.000000,0.000000,0.032934,-0.255502,-0.305180,-0.121661,-0.267071,-0.303454,-0.044364,-0.261286,-0.304317,-0.013943,-0.275236,-0.288088,-0.050835,-0.305812,-0.252366,-0.068550,-0.314266,-0.282364
2026-05-27 14:49:37.375,25.399997,0.000000,0.000000,0.000000,0.032934,-0.255502,-0.305180,-0.121661,-0.267071,-0.303454,-0.044364,-0.261286,-0.304317,-0.013943,-0.275236,-0.288088,-0.050835,-0.305812,-0.252366,-0.068550,-0.314266,-0.282364
2026-05-27 14:49:37.475,25.499997,0.000000,0.000000,0.000000,0.032934,-0.255502,-0.305180,-0.121661,-0.267071,-0.303454,-0.044364,-0.261286,-0.304317,-0.013943,-0.275236,-0.288088,-0.050835,-0.305812,-0.252366,-0.068550,-0.314266,-0.282364
2026-05-27 14:49:37.575,25.599997,0.000000,0.000000,0.000000,0.032934,-0.255502,-0.305180,-0.121661,-0.267071,-0.303454,-0.044364,-0.261286,-0.304317,-0.013943,-0.275236,-0.288088,-0.050835,-0.305812,-0.252366,-0.068550,-0.314266,-0.282364
2026-05-27 14:49:37.675,25.699997,0.000000,0.000000,0.000000,0.032934,-0.255502,-0.305180,-0.121661,-0.267071,-0.303454,-0.044364,-0.261286,-0.304317,-0.013943,-0.275236,-0.288088,-0.050835,-0.305812,-0.252366,-0.068550,-0.314266,-0.282364
2026-05-27 14:49:37.775,25.799997,0.000000,0.000000,0.000000,0.032934,-0.255502,-0.305180,-0.121661,-0.267071,-0.303454,-0.044364,-0.261286,-0.304317,-0.013943,-0.275236,-0.288088,-0.050835,-0.305812,-0.252366,-0.068550,-0.314266,-0.282364
2026-05-27 14:49:37.875,25.899997,0.000000,0.000000,0.000000,0.032934,-0.255502,-0.305180,-0.121661,-0.267071,-0.303454,-0.044364,-0.261286,-0.304317,-0.013943,-0.275236,-0.288088,-0.050835,-0.305812,-0.252366,-0.068550,-0.314266,-0.282364
2026-05-27 14:49:37.975,25.999997,0.000000,0.000000,0.000000,0.032934,-0.255502,-0.305180,-0.121661,-0.267071,-0.303454,-0.044364,-0.261286,-0.304317,-0.013943,-0.275236,-0.288088,-0.050835,-0.305812,-0.252366,-0.068550,-0.314266,-0.282364
2026-05-27 14:49:38.075,26.099997,0.000000,0.000000,0.000000,0.032934,-0.255502,-0.305180,-0.121661,-0.267071,-0.303454,-0.044364,-0.261286,-0.304317,-0.013943,-0.275236,-0.288088,-0.050835,-0.305812,-0.252366,-0.068550,-0.314266,-0.282364
2026-05-27 14:49:38.175,26.199997,0.000000,0.000000,0.000000,0.032934,-0.255502,-0.305180,-0.121661,-0.267071,-0.303454,-0.044364,-0.261286,-0.304317,-0.013943,-0.275236,-0.288088,-0.050835,-0.305812,-0.252366,-0.068550,-0.314266,-0.282364
2026-05-27 14:49:38.275,26.299997,0.000000,0.000000,0.000000,0.032934,-0.255502,-0.305180,-0.121661,-0.267071,-0.303454,-0.044364,-0.261286,-0.304317,-0.013943,-0.275236,-0.288088,-0.050835,-0.305812,-0.252366,-0.068550,-0.314266,-0.282364
2026-05-27 14:49:38.375,26.399997,0.000000,0.000000,0.000000,0.032934,-0.255502,-0.305180,-0.121661,-0.267071,-0.303454,-0.044364,-0.261286,-0.304317,-0.013943,-0.275236,-0.288088,-0.050835,-0.305812,-0.252366,-0.068550,-0.314266,-0.282364
2026-05-27 14:49:38.475,26.499997,0.000000,0.000000,0.000000,0.032934,-0.255502,-0.305180,-0.121661,-0.267071,-0.303454,-0.044364,-0.261286,-0.304317,-0.013943,-0.275236,-0.288088,-0.050835,-0.305812,-0.252366,-0.068550,-0.314266,-0.282364
2026-05-27 14:49:38.575,26.599997,0.000000,0.000000,0.000000,0.032934,-0.255502,-0.305180,-0.121661,-0.267071,-0.303454,-0.044364,-0.261286,-0.304317,-0.013943,-0.275236,-0.288088,-0.050835,-0.305812,-0.252366,-0.068550,-0.314266,-0.282364
2026-05-27 14:49:38.675,26.699997,0.000000,0.000000,0.000000,0.032934,-0.255502,-0.305180,-0.121661,-0.267071,-0.303454,-0.044364,-0.261286,-0.304317,-0.013943,-0.275236,-0.288088,-0.050835,-0.305812,-0.252366,-0.068550,-0.314266,-0.282364
2026-05-27 14:49:38.775,26.799997,0.000000,0.000000,0.000000,0.032934,-0.255502,-0.305180,-0.121661,-0.267071,-0.303454,-0.044364,-0.261286,-0.304317,-0.013943,-0.275236,-0.288088,-0.050835,-0.305812,-0.252366,-0.068550,-0.314266,-0.282364
2026-05-27 14:49:38.875,26.899997,0.000000,0.000000,0.000000,0.032934,-0.255502,-0.305180,-0.121661,-0.267071,-0.303454,-0.044364,-0.261286,-0.304317,-0.013943,-0.275236,-0.288088,-0.050835,-0.305812,-0.252366,-0.068550,-0.314266,-0.282364
2026-05-27 14:49:38.975,26.999997,0.000000,0.000000,0.000000,0.032934,-0.255502,-0.305180,-0.121661,-0.267071,-0.303454,-0.044364,-0.261286,-0.304317,-0.013943,-0.275236,-0.288088,-0.050835,-0.305812,-0.252366,-0.068550,-0.314266,-0.282364
2026-05-27 14:49:39.075,27.099997,0.000000,0.000000,0.000000,0.032934,-0.255502,-0.305180,-0.121661,-0.267071,-0.303454,-0.044364,-0.261286,-0.304317,-0.013943,-0.275236,-0.288088,-0.050835,-0.305812,-0.252366,-0.068550,-0.314266,-0.282364
2026-05-27 14:49:39.175,27.199997,0.000000,0.000000,0.000000,0.032934,-0.255502,-0.305180,-0.121661,-0.267071,-0.303454,-0.044364,-0.261286,-0.304317,-0.013943,-0.275236,-0.288088,-0.050835,-0.305812,-0.252366,-0.068550,-0.314266,-0.282364
2026-05-27 14:49:39.275,27.299997,0.000000,0.000000,0.000000,0.032934,-0.255502,-0.305180,-0.121661,-0.267071,-0.303454,-0.044364,-0.261286,-0.304317,-0.013943,-0.275236,-0.288088,-0.050835,-0.305812,-0.252366,-0.068550,-0.314266,-0.282364
2026-05-27 14:49:39.375,27.399997,0.000000,0.000000,0.000000,0.032934,-0.255502,-0.305180,-0.121661,-0.267071,-0.303454,-0.044364,-0.261286,-0.304317,-0.013943,-0.275236,-0.288088,-0.050835,-0.305812,-0.252366,-0.068550,-0.314266,-0.282364
2026-05-27 14:49:39.475,27.499997,0.000000,0.000000,0.000000,0.032934,-0.255502,-0.305180,-0.121661,-0.267071,-0.303454,-0.044364,-0.261286,-0.304317,-0.013943,-0.275236,-0.288088,-0.050835,-0.305812,-0.252366,-0.068550,-0.314266,-0.282364
2026-05-27 14:49:39.575,27.599997,0.000000,0.000000,0.000000,0.032934,-0.255502,-0.305180,-0.121661,-0.267071,-0.303454,-0.044364,-0.261286,-0.304317,-0.013943,-0.275236,-0.288088,-0.050835,-0.305812,-0.252366,-0.068550,-0.314266,-0.282364
2026-05-27 14:49:39.675,27.699997,0.000000,0.000000,0.000000,0.032934,-0.255502,-0.305180,-0.121661,-0.267071,-0.303454,-0.044364,-0.261286,-0.304317,-0.013943,-0.275236,-0.288088,-0.050835,-0.305812,-0.252366,-0.068550,-0.314266,-0.282364
2026-05-27 14:49:39.775,27.799997,0.000000,0.000000,0.000000,0.032934,-0.255502,-0.305180,-0.121661,-0.267071,-0.303454,-0.044364,-0.261286,-0.304317,-0.013943,-0.275236,-0.288088,-0.050835,-0.305812,-0.252366,-0.068550,-0.314266,-0.282364
2026-05-27 14:49:39.875,27.899997,0.000000,0.000000,0.000000,0.032934,-0.255502,-0.305180,-0.121661,-0.267071,-0.303454,-0.044364,-0.261286,-0.304317,-0.013943,-0.275236,-0.288088,-0.050835,-0.305812,-0.252366,-0.068550,-0.314266,-0.282364
2026-05-27 14:49:39.975,27.999997,0.000000,0.000000,0.000000,0.032934,-0.255502,-0.305180,-0.121661,-0.267071,-0.303454,-0.044364,-0.261286,-0.304317,-0.013943,-0.275236,-0.288088,-0.050835,-0.305812,-0.252366,-0.068550,-0.314266,-0.282364
2026-05-27 14:49:40.075,28.099997,0.000000,0.000000,0.000000,0.032934,-0.255502,-0.305180,-0.121661,-0.267071,-0.303454,-0.044364,-0.261286,-0.304317,-0.013943,-0.275236,-0.288088,-0.050835,-0.305812,-0.252366,-0.068550,-0.314266,-0.282364
2026-05-27 14:49:40.175,28.199997,0.000000,0.000000,0.000000,0.032934,-0.255502,-0.305180,-0.121661,-0.267071,-0.303454,-0.044364,-0.261286,-0.304317,-0.013943,-0.275236,-0.288088,-0.050835,-0.305812,-0.252366,-0.068550,-0.314266,-0.282364
2026-05-27 14:49:40.275,28.299997,0.000000,0.000000,0.000000,0.032934,-0.255502,-0.305180,-0.121661,-0.267071,-0.303454,-0.044364,-0.261286,-0.304317,-0.013943,-0.275236,-0.288088,-0.050835,-0.305812,-0.252366,-0.068550,-0.314266,-0.282364
2026-05-27 14:49:40.375,28.399997,0.000000,0.000000,0.000000,0.032934,-0.255502,-0.305180,-0.121661,-0.267071,-0.303454,-0.044364,-0.261286,-0.304317,-0.013943,-0.275236,-0.288088,-0.050835,-0.305812,-0.252366,-0.068550,-0.314266,-0.282364
2026-05-27 14:49:40.475,28.499997,0.000000,0.000000,0.000000,0.032934,-0.255502,-0.305180,-0.121661,-0.267071,-0.303454,-0.044364,-0.261286,-0.304317,-0.013943,-0.275236,-0.288088,-0.050835,-0.305812,-0.252366,-0.068550,-0.314266,-0.282364
2026-05-27 14:49:40.575,28.599997,0.000000,0.000000,0.000000,0.032934,-0.255502,-0.305180,-0.121661,-0.267071,-0.303454,-0.044364,-0.261286,-0.304317,-0.013943,-0.275236,-0.288088,-0.050835,-0.305812,-0.252366,-0.068550,-0.314266,-0.282364
2026-05-27 14:49:40.675,28.699997,0.000000,0.000000,0.000000,0.032934,-0.255502,-0.305180,-0.121661,-0.267071,-0.303454,-0.044364,-0.261286,-0.304317,-0.013943,-0.275236,-0.288088,-0.050835,-0.305812,-0.252366,-0.068550,-0.314266,-0.282364
2026-05-27 14:49:40.775,28.799997,0.000000,0.000000,0.000000,0.032934,-0.255502,-0.305180,-0.121661,-0.267071,-0.303454,-0.044364,-0.261286,-0.304317,-0.013943,-0.275236,-0.288088,-0.050835,-0.305812,-0.252366,-0.068550,-0.314266,-0.282364
2026-05-27 14:49:40.875,28.899997,0.000000,0.000000,0.000000,0.032934,-0.255502,-0.305180,-0.121661,-0.267071,-0.303454,-0.044364,-0.261286,-0.304317,-0.013943,-0.275236,-0.288088,-0.050835,-0.305812,-0.252366,-0.068550,-0.314266,-0.282364
2026-05-27 14:49:40.975,28.999997,0.000000,0.000000,0.000000,0.032934,-0.255502,-0.305180,-0.121661,-0.267071,-0.303454,-0.044364,-0.261286,-0.304317,-0.013943,-0.275236,-0.288088,-0.050835,-0.305812,-0.252366,-0.068550,-0.314266,-0.282364
2026-05-27 14:49:41.075,29.099997,0.000000,0.000000,0.000000,0.032934,-0.255502,-0.305180,-0.121661,-0.267071,-0.303454,-0.044364,-0.261286,-0.304317,-0.013943,-0.275236,-0.288088,-0.050835,-0.305812,-0.252366,-0.068550,-0.314266,-0.282364
2026-05-27 14:49:41.175,29.199997,0.000000,0.000000,0.000000,0.032934,-0.255502,-0.305180,-0.121661,-0.267071,-0.303454,-0.044364,-0.261286,-0.304317,-0.013943,-0.275236,-0.288088,-0.050835,-0.305812,-0.252366,-0.068550,-0.314266,-0.282364
2026-05-27 14:49:41.275,29.299997,0.000000,0.000000,0.000000,0.032934,-0.255502,-0.305180,-0.121661,-0.267071,-0.303454,-0.044364,-0.261286,-0.304317,-0.013943,-0.275236,-0.288088,-0.050835,-0.305812,-0.252366,-0.068550,-0.314266,-0.282364
2026-05-27 14:49:41.375,29.399997,0.000000,0.000000,0.000000,0.032934,-0.255502,-0.305180,-0.121661,-0.267071,-0.303454,-0.044364,-0.261286,-0.304317,-0.013943,-0.275236,-0.288088,-0.050835,-0.305812,-0.252366,-0.068550,-0.314266,-0.282364
2026-05-27 14:49:41.475,29.499997,0.000000,0.000000,0.000000,0.032934,-0.255502,-0.305180,-0.121661,-0.267071,-0.303454,-0.044364,-0.261286,-0.304317,-0.013943,-0.275236,-0.288088,-0.050835,-0.305812,-0.252366,-0.068550,-0.314266,-0.282364
2026-05-27 14:49:41.575,29.599997,0.000000,0.000000,0.000000,0.032934,-0.255502,-0.305180,-0.121661,-0.267071,-0.303454,-0.044364,-0.261286,-0.304317,-0.013943,-0.275236,-0.288088,-0.050835,-0.305812,-0.252366,-0.068550,-0.314266,-0.282364
2026-05-27 14:49:41.675,29.699997,0.000000,0.000000,0.000000,0.032934,-0.255502,-0.305180,-0.121661,-0.267071,-0.303454,-0.044364,-0.261286,-0.304317,-0.013943,-0.275236,-0.288088,-0.050835,-0.305812,-0.252366,-0.068550,-0.314266,-0.282364
2026-05-27 14:49:41.775,29.799997,0.000000,0.000000,0.000000,0.032934,-0.255502,-0.305180,-0.121661,-0.267071,-0.303454,-0.044364,-0.261286,-0.304317,-0.013943,-0.275236,-0.288088,-0.050835,-0.305812,-0.252366,-0.068550,-0.314266,-0.282364
2026-05-27 14:49:41.875,29.899997,0.000000,0.000000,0.000000,0.032934,-0.255502,-0.305180,-0.121661,-0.267071,-0.303454,-0.044364,-0.261286,-0.304317,-0.013943,-0.275236,-0.288088,-0.050835,-0.305812,-0.252366,-0.068550,-0.314266,-0.282364
2026-05-27 14:49:41.975,29.999997,0.000000,0.000000,0.000000,0.032934,-0.255502,-0.305180,-0.121661,-0.267071,-0.303454,-0.044364,-0.261286,-0.304317,-0.013943,-0.275236,-0.288088,-0.050835,-0.305812,-0.252366,-0.068550,-0.314266,-0.282364
2026-05-27 14:49:42.075,30.099997,0.000000,0.000000,0.000000,0.032934,-0.255502,-0.305180,-0.121661,-0.267071,-0.303454,-0.044364,-0.261286,-0.304317,-0.013943,-0.275236,-0.288088,-0.050835,-0.305812,-0.252366,-0.068550,-0.314266,-0.282364
2026-05-27 14:49:42.175,30.199997,0.000000,0.000000,0.000000,0.032934,-0.255502,-0.305180,-0.121661,-0.267071,-0.303454,-0.044364,-0.261286,-0.304317,-0.013943,-0.275236,-0.288088,-0.050835,-0.305812,-0.252366,-0.068550,-0.314266,-0.282364
2026-05-27 14:49:42.275,30.299997,0.000000,0.000000,0.000000,0.032934,-0.255502,-0.305180,-0.121661,-0.267071,-0.303454,-0.044364,-0.261286,-0.304317,-0.013943,-0.275236,-0.288088,-0.050835,-0.305812,-0.252366,-0.068550,-0.314266,-0.282364
2026-05-27 14:49:42.375,30.399997,0.000000,0.000000,0.000000,0.032934,-0.255502,-0.305180,-0.121661,-0.267071,-0.303454,-0.044364,-0.261286,-0.304317,-0.013943,-0.275236,-0.288088,-0.050835,-0.305812,-0.252366,-0.068550,-0.314266,-0.282364
2026-05-27 14:49:42.475,30.499997,0.000000,0.000000,0.000000,0.032934,-0.255502,-0.305180,-0.121661,-0.267071,-0.303454,-0.044364,-0.261286,-0.304317,-0.013943,-0.275236,-0.288088,-0.050835,-0.305812,-0.252366,-0.068550,-0.314266,-0.282364
2026-05-27 14:49:42.575,30.599997,0.000000,0.000000,0.000000,0.032934,-0.255502,-0.305180,-0.121661,-0.267071,-0.303454,-0.044364,-0.261286,-0.304317,-0.013943,-0.275236,-0.288088,-0.050835,-0.305812,-0.252366,-0.068550,-0.314266,-0.282364
2026-05-27 14:49:42.675,30.699997,0.000000,0.000000,0.000000,0.032934,-0.255502,-0.305180,-0.121661,-0.267071,-0.303454,-0.044364,-0.261286,-0.304317,-0.013943,-0.275236,-0.288088,-0.050835,-0.305812,-0.252366,-0.068550,-0.314266,-0.282364
2026-05-27 14:49:42.775,30.799997,0.000000,0.000000,0.000000,0.032934,-0.255502,-0.305180,-0.121661,-0.267071,-0.303454,-0.044364,-0.261286,-0.304317,-0.013943,-0.275236,-0.288088,-0.050835,-0.305812,-0.252366,-0.068550,-0.314266,-0.282364
2026-05-27 14:49:42.875,30.899997,0.000000,0.000000,0.000000,0.032934,-0.255502,-0.305180,-0.121661,-0.267071,-0.303454,-0.044364,-0.261286,-0.304317,-0.013943,-0.275236,-0.288088,-0.050835,-0.305812,-0.252366,-0.068550,-0.314266,-0.282364
2026-05-27 14:49:42.975,30.999997,0.000000,0.000000,0.000000,0.032934,-0.255502,-0.305180,-0.121661,-0.267071,-0.303454,-0.044364,-0.261286,-0.304317,-0.013943,-0.275236,-0.288088,-0.050835,-0.305812,-0.252366,-0.068550,-0.314266,-0.282364
2026-05-27 14:49:43.075,31.099997,0.000000,0.000000,0.000000,0.032934,-0.255502,-0.305180,-0.121661,-0.267071,-0.303454,-0.044364,-0.261286,-0.304317,-0.013943,-0.275236,-0.288088,-0.050835,-0.305812,-0.252366,-0.068550,-0.314266,-0.282364
2026-05-27 14:49:43.175,31.199997,0.000000,0.000000,0.000000,0.032934,-0.255502,-0.305180,-0.121661,-0.267071,-0.303454,-0.044364,-0.261286,-0.304317,-0.013943,-0.275236,-0.288088,-0.050835,-0.305812,-0.252366,-0.068550,-0.314266,-0.282364
2026-05-27 14:49:43.275,31.299997,0.000000,0.000000,0.000000,0.032934,-0.255502,-0.305180,-0.121661,-0.267071,-0.303454,-0.044364,-0.261286,-0.304317,-0.013943,-0.275236,-0.288088,-0.050835,-0.305812,-0.252366,-0.068550,-0.314266,-0.282364
2026-05-27 14:49:43.375,31.399997,0.000000,0.000000,0.000000,0.032934,-0.255502,-0.305180,-0.121661,-0.267071,-0.303454,-0.044364,-0.261286,-0.304317,-0.013943,-0.275236,-0.288088,-0.050835,-0.305812,-0.252366,-0.068550,-0.314266,-0.282364
2026-05-27 14:49:43.475,31.499997,0.000000,0.000000,0.000000,0.032934,-0.255502,-0.305180,-0.121661,-0.267071,-0.303454,-0.044364,-0.261286,-0.304317,-0.013943,-0.275236,-0.288088,-0.050835,-0.305812,-0.252366,-0.068550,-0.314266,-0.282364
2026-05-27 14:49:43.575,31.599997,0.000000,0.000000,0.000000,0.032934,-0.255502,-0.305180,-0.121661,-0.267071,-0.303454,-0.044364,-0.261286,-0.304317,-0.013943,-0.275236,-0.288088,-0.050835,-0.305812,-0.252366,-0.068550,-0.314266,-0.282364
2026-05-27 14:49:43.675,31.699997,0.000000,0.000000,0.000000,0.032934,-0.255502,-0.305180,-0.121661,-0.267071,-0.303454,-0.044364,-0.261286,-0.304317,-0.013943,-0.275236,-0.288088,-0.050835,-0.305812,-0.252366,-0.068550,-0.314266,-0.282364
2026-05-27 14:49:43.775,31.799997,0.000000,0.000000,0.000000,0.032934,-0.255502,-0.305180,-0.121661,-0.267071,-0.303454,-0.044364,-0.261286,-0.304317,-0.013943,-0.275236,-0.288088,-0.050835,-0.305812,-0.252366,-0.068550,-0.314266,-0.282364
2026-05-27 14:49:43.875,31.899997,0.000000,0.000000,0.000000,0.032934,-0.255502,-0.305180,-0.121661,-0.267071,-0.303454,-0.044364,-0.261286,-0.304317,-0.013943,-0.275236,-0.288088,-0.050835,-0.305812,-0.252366,-0.068550,-0.314266,-0.282364
2026-05-27 14:49:43.975,31.999997,0.000000,0.000000,0.000000,0.032934,-0.255502,-0.305180,-0.121661,-0.267071,-0.303454,-0.044364,-0.261286,-0.304317,-0.013943,-0.275236,-0.288088,-0.050835,-0.305812,-0.252366,-0.068550,-0.314266,-0.282364
2026-05-27 14:49:44.075,32.099997,0.000000,0.000000,0.000000,0.032934,-0.255502,-0.305180,-0.121661,-0.267071,-0.303454,-0.044364,-0.261286,-0.304317,-0.013943,-0.275236,-0.288088,-0.050835,-0.305812,-0.252366,-0.068550,-0.314266,-0.282364
2026-05-27 14:49:44.175,32.199997,0.000000,0.000000,0.000000,0.032934,-0.255502,-0.305180,-0.121661,-0.267071,-0.303454,-0.044364,-0.261286,-0.304317,-0.013943,-0.275236,-0.288088,-0.050835,-0.305812,-0.252366,-0.068550,-0.314266,-0.282364
2026-05-27 14:49:44.275,32.299997,0.000000,0.000000,0.000000,0.032934,-0.255502,-0.305180,-0.121661,-0.267071,-0.303454,-0.044364,-0.261286,-0.304317,-0.013943,-0.275236,-0.288088,-0.050835,-0.305812,-0.252366,-0.068550,-0.314266,-0.282364
2026-05-27 14:49:44.375,32.399997,0.000000,0.000000,0.000000,0.032934,-0.255502,-0.305180,-0.121661,-0.267071,-0.303454,-0.044364,-0.261286,-0.304317,-0.013943,-0.275236,-0.288088,-0.050835,-0.305812,-0.252366,-0.068550,-0.314266,-0.282364
2026-05-27 14:49:44.475,32.499997,0.000000,0.000000,0.000000,0.032934,-0.255502,-0.305180,-0.121661,-0.267071,-0.303454,-0.044364,-0.261286,-0.304317,-0.013943,-0.275236,-0.288088,-0.050835,-0.305812,-0.252366,-0.068550,-0.314266,-0.282364
2026-05-27 14:49:44.575,32.599997,0.000000,0.000000,0.000000,0.032934,-0.255502,-0.305180,-0.121661,-0.267071,-0.303454,-0.044364,-0.261286,-0.304317,-0.013943,-0.275236,-0.288088,-0.050835,-0.305812,-0.252366,-0.068550,-0.314266,-0.282364
2026-05-27 14:49:44.675,32.699997,0.000000,0.000000,0.000000,0.032934,-0.255502,-0.305180,-0.121661,-0.267071,-0.303454,-0.044364,-0.261286,-0.304317,-0.013943,-0.275236,-0.288088,-0.050835,-0.305812,-0.252366,-0.068550,-0.314266,-0.282364
2026-05-27 14:49:44.775,32.799997,0.000000,0.000000,0.000000,0.032934,-0.255502,-0.305180,-0.121661,-0.267071,-0.303454,-0.044364,-0.261286,-0.304317,-0.013943,-0.275236,-0.288088,-0.050835,-0.305812,-0.252366,-0.068550,-0.314266,-0.282364
2026-05-27 14:49:44.875,32.899997,0.000000,0.000000,0.000000,0.032934,-0.255502,-0.305180,-0.121661,-0.267071,-0.303454,-0.044364,-0.261286,-0.304317,-0.013943,-0.275236,-0.288088,-0.050835,-0.305812,-0.252366,-0.068550,-0.314266,-0.282364
2026-05-27 14:49:44.975,32.999997,0.000000,0.000000,0.000000,0.032934,-0.255502,-0.305180,-0.121661,-0.267071,-0.303454,-0.044364,-0.261286,-0.304317,-0.013943,-0.275236,-0.288088,-0.050835,-0.305812,-0.252366,-0.068550,-0.314266,-0.282364
2026-05-27 14:49:45.075,33.099997,0.000000,0.000000,0.000000,0.032934,-0.255502,-0.305180,-0.121661,-0.267071,-0.303454,-0.044364,-0.261286,-0.304317,-0.013943,-0.275236,-0.288088,-0.050835,-0.305812,-0.252366,-0.068550,-0.314266,-0.282364
2026-05-27 14:49:45.175,33.199997,0.000000,0.000000,0.000000,0.032934,-0.255502,-0.305180,-0.121661,-0.267071,-0.303454,-0.044364,-0.261286,-0.304317,-0.013943,-0.275236,-0.288088,-0.050835,-0.305812,-0.252366,-0.068550,-0.314266,-0.282364
2026-05-27 14:49:45.275,33.299997,0.000000,0.000000,0.000000,0.032934,-0.255502,-0.305180,-0.121661,-0.267071,-0.303454,-0.044364,-0.261286,-0.304317,-0.013943,-0.275236,-0.288088,-0.050835,-0.305812,-0.252366,-0.068550,-0.314266,-0.282364
2026-05-27 14:49:45.375,33.399997,0.000000,0.000000,0.000000,0.032934,-0.255502,-0.305180,-0.121661,-0.267071,-0.303454,-0.044364,-0.261286,-0.304317,-0.013943,-0.275236,-0.288088,-0.050835,-0.305812,-0.252366,-0.068550,-0.314266,-0.282364
2026-05-27 14:49:45.475,33.499997,0.000000,0.000000,0.000000,0.032934,-0.255502,-0.305180,-0.121661,-0.267071,-0.303454,-0.044364,-0.261286,-0.304317,-0.013943,-0.275236,-0.288088,-0.050835,-0.305812,-0.252366,-0.068550,-0.314266,-0.282364
2026-05-27 14:49:45.575,33.599997,0.000000,0.000000,0.000000,0.032934,-0.255502,-0.305180,-0.121661,-0.267071,-0.303454,-0.044364,-0.261286,-0.304317,-0.013943,-0.275236,-0.288088,-0.050835,-0.305812,-0.252366,-0.068550,-0.314266,-0.282364
2026-05-27 14:49:45.675,33.699997,0.000000,0.000000,0.000000,0.032934,-0.255502,-0.305180,-0.121661,-0.267071,-0.303454,-0.044364,-0.261286,-0.304317,-0.013943,-0.275236,-0.288088,-0.050835,-0.305812,-0.252366,-0.068550,-0.314266,-0.282364
2026-05-27 14:49:45.775,33.799997,0.000000,0.000000,0.000000,0.032934,-0.255502,-0.305180,-0.121661,-0.267071,-0.303454,-0.044364,-0.261286,-0.304317,-0.013943,-0.275236,-0.288088,-0.050835,-0.305812,-0.252366,-0.068550,-0.314266,-0.282364
2026-05-27 14:49:45.875,33.899997,0.000000,0.000000,0.000000,0.032934,-0.255502,-0.305180,-0.121661,-0.267071,-0.303454,-0.044364,-0.261286,-0.304317,-0.013943,-0.275236,-0.288088,-0.050835,-0.305812,-0.252366,-0.068550,-0.314266,-0.282364
2026-05-27 14:49:45.975,33.999997,0.000000,0.000000,0.000000,0.032934,-0.255502,-0.305180,-0.121661,-0.267071,-0.303454,-0.044364,-0.261286,-0.304317,-0.013943,-0.275236,-0.288088,-0.050835,-0.305812,-0.252366,-0.068550,-0.314266,-0.282364
2026-05-27 14:49:46.075,34.099997,0.000000,0.000000,0.000000,0.032934,-0.255502,-0.305180,-0.121661,-0.267071,-0.303454,-0.044364,-0.261286,-0.304317,-0.013943,-0.275236,-0.288088,-0.050835,-0.305812,-0.252366,-0.068550,-0.314266,-0.282364
2026-05-27 14:49:46.175,34.199997,0.000000,0.000000,0.000000,0.032934,-0.255502,-0.305180,-0.121661,-0.267071,-0.303454,-0.044364,-0.261286,-0.304317,-0.013943,-0.275236,-0.288088,-0.050835,-0.305812,-0.252366,-0.068550,-0.314266,-0.282364
2026-05-27 14:49:46.275,34.299997,0.000000,0.000000,0.000000,0.032934,-0.255502,-0.305180,-0.121661,-0.267071,-0.303454,-0.044364,-0.261286,-0.304317,-0.013943,-0.275236,-0.288088,-0.050835,-0.305812,-0.252366,-0.068550,-0.314266,-0.282364
2026-05-27 14:49:46.375,34.399997,0.000000,0.000000,0.000000,0.032934,-0.255502,-0.305180,-0.121661,-0.267071,-0.303454,-0.044364,-0.261286,-0.304317,-0.013943,-0.275236,-0.288088,-0.050835,-0.305812,-0.252366,-0.068550,-0.314266,-0.282364
2026-05-27 14:49:46.475,34.499997,0.000000,0.000000,0.000000,0.032934,-0.255502,-0.305180,-0.121533,-0.269194,-0.303214,-0.044300,-0.262348,-0.304197,-0.013622,-0.273147,-0.288264,-0.051012,-0.307895,-0.252337,-0.068448,-0.312165,-0.282530
2026-05-27 14:49:46.575,34.599997,0.000000,0.000000,0.000000,0.032439,-0.257586,-0.304943,-0.120988,-0.269226,-0.303227,-0.044275,-0.263406,-0.304085,-0.013061,-0.273236,-0.287729,-0.051012,-0.307895,-0.252337,-0.068448,-0.312165,-0.282530
2026-05-27 14:49:46.675,34.699997,0.000000,0.000000,0.000000,0.032934,-0.255502,-0.305180,-0.120988,-0.269226,-0.303227,-0.044027,-0.262364,-0.304204,-0.013932,-0.275292,-0.287542,-0.050835,-0.305812,-0.252366,-0.068550,-0.314266,-0.282364
2026-05-27 14:49:46.775,34.799997,0.000000,0.000000,0.000000,0.032934,-0.255502,-0.305180,-0.121113,-0.267103,-0.303468,-0.044090,-0.261303,-0.304324,-0.013943,-0.275236,-0.288088,-0.051012,-0.307895,-0.252337,-0.068448,-0.312165,-0.282530
2026-05-27 14:49:46.875,34.899997,0.000000,0.000000,0.000000,0.032934,-0.255502,-0.305180,-0.121661,-0.267071,-0.303454,-0.044364,-0.261286,-0.304317,-0.013395,-0.275269,-0.288102,-0.051012,-0.307895,-0.252337,-0.068550,-0.314266,-0.282364
2026-05-27 14:49:46.975,34.999996,0.000000,0.000000,0.000000,0.031944,-0.259670,-0.304706,-0.121113,-0.267103,-0.303468,-0.044585,-0.263387,-0.304087,-0.013943,-0.275236,-0.288088,-0.050835,-0.305812,-0.252366,-0.068448,-0.312165,-0.282530
2026-05-27 14:49:47.075,35.099996,0.000000,0.000000,0.000000,0.032934,-0.255502,-0.305180,-0.121113,-0.267103,-0.303468,-0.044090,-0.261303,-0.304324,-0.013622,-0.273147,-0.288264,-0.050835,-0.305812,-0.252366,-0.068448,-0.312165,-0.282530
2026-05-27 14:49:47.175,35.199996,0.000000,0.000000,0.000000,0.032439,-0.257586,-0.304943,-0.121533,-0.269194,-0.303214,-0.044547,-0.263390,-0.304078,-0.013622,-0.273147,-0.288264,-0.050835,-0.305812,-0.252366,-0.068550,-0.314266,-0.282364
2026-05-27 14:49:47.275,35.299996,0.000000,0.000000,0.000000,0.032934,-0.255502,-0.305180,-0.121113,-0.267103,-0.303468,-0.044090,-0.261303,-0.304324,-0.013622,-0.273147,-0.288264,-0.050835,-0.305812,-0.252366,-0.068448,-0.312165,-0.282530
2026-05-27 14:49:47.375,35.399996,0.000000,0.000000,0.000000,0.033429,-0.253418,-0.305418,-0.121533,-0.269194,-0.303214,-0.044052,-0.261306,-0.304316,-0.013622,-0.273147,-0.288264,-0.050835,-0.305812,-0.252366,-0.068559,-0.314215,-0.282865
2026-05-27 14:49:47.475,35.499996,0.000000,0.000000,0.000000,0.032439,-0.257586,-0.304943,-0.121113,-0.267103,-0.303468,-0.044337,-0.262345,-0.304205,-0.013943,-0.275236,-0.288088,-0.050835,-0.305812,-0.252366,-0.068448,-0.312165,-0.282530
2026-05-27 14:49:47.575,35.599996,0.000000,0.000000,0.000000,0.032934,-0.255502,-0.305180,-0.121113,-0.267103,-0.303468,-0.044090,-0.261303,-0.304324,-0.013943,-0.275236,-0.288088,-0.051012,-0.307895,-0.252337,-0.068448,-0.312165,-0.282530
2026-05-27 14:49:47.675,35.699996,0.000000,0.000000,0.000000,0.032439,-0.257586,-0.304943,-0.121113,-0.267103,-0.303468,-0.044337,-0.262345,-0.304205,-0.013612,-0.273203,-0.287715,-0.050835,-0.305812,-0.252366,-0.068448,-0.312165,-0.282530
2026-05-27 14:49:47.775,35.799996,0.000000,0.000000,0.000000,0.033429,-0.253418,-0.305418,-0.121661,-0.267071,-0.303454,-0.044116,-0.260244,-0.304436,-0.013622,-0.273147,-0.288264,-0.050835,-0.305812,-0.252366,-0.068448,-0.312165,-0.282530
2026-05-27 14:49:47.875,35.899996,0.000000,0.000000,0.000000,0.033429,-0.253418,-0.305418,-0.121113,-0.267103,-0.303468,-0.043842,-0.260261,-0.304443,-0.013622,-0.273147,-0.288264,-0.050835,-0.305812,-0.252366,-0.068448,-0.312165,-0.282530
2026-05-27 14:49:47.975,35.999995,0.000000,0.000000,0.000000,0.032439,-0.257586,-0.304943,-0.121533,-0.269194,-0.303214,-0.044547,-0.263390,-0.304078,-0.013622,-0.273147,-0.288264,-0.050835,-0.305812,-0.252366,-0.068550,-0.314266,-0.282364
2026-05-27 14:49:48.075,36.099995,0.000000,0.000000,0.000000,0.033429,-0.253418,-0.305418,-0.121789,-0.264948,-0.303694,-0.044180,-0.259183,-0.304556,-0.013622,-0.273147,-0.288264,-0.050835,-0.305812,-0.252366,-0.068448,-0.312165,-0.282530
2026-05-27 14:49:48.175,36.199995,0.000000,0.000000,0.000000,0.032439,-0.257586,-0.304943,-0.121661,-0.267071,-0.303454,-0.044611,-0.262329,-0.304198,-0.013932,-0.275292,-0.287542,-0.050835,-0.305812,-0.252366,-0.068448,-0.312165,-0.282530
2026-05-27 14:49:48.275,36.299995,0.000000,0.000000,0.000000,0.032934,-0.255502,-0.305180,-0.121533,-0.269194,-0.303214,-0.044300,-0.262348,-0.304197,-0.013932,-0.275292,-0.287542,-0.050835,-0.305812,-0.252366,-0.068448,-0.312165,-0.282530
2026-05-27 14:49:48.375,36.399995,0.000000,0.000000,0.000000,0.032439,-0.257586,-0.304943,-0.121113,-0.267103,-0.303468,-0.044337,-0.262345,-0.304205,-0.013932,-0.275292,-0.287542,-0.050835,-0.305812,-0.252366,-0.068448,-0.312165,-0.282530
2026-05-27 14:49:48.475,36.499995,0.000000,0.000000,0.000000,0.032934,-0.255502,-0.305180,-0.121113,-0.267103,-0.303468,-0.044090,-0.261303,-0.304324,-0.013622,-0.273147,-0.288264,-0.050835,-0.305812,-0.252366,-0.068550,-0.314266,-0.282364
2026-05-27 14:49:48.575,36.599995,0.000000,0.000000,0.000000,0.032439,-0.257586,-0.304943,-0.121533,-0.269194,-0.303214,-0.044547,-0.263390,-0.304078,-0.013622,-0.273147,-0.288264,-0.050835,-0.305812,-0.252366,-0.068448,-0.312165,-0.282530
2026-05-27 14:49:48.675,36.699995,0.000000,0.000000,0.000000,0.033429,-0.253418,-0.305418,-0.121113,-0.267103,-0.303468,-0.043842,-0.260261,-0.304443,-0.013612,-0.273203,-0.287715,-0.050835,-0.305812,-0.252366,-0.068448,-0.312165,-0.282530
2026-05-27 14:49:48.775,36.799995,0.000000,0.000000,0.000000,0.032439,-0.257586,-0.304943,-0.121661,-0.267071,-0.303454,-0.044611,-0.262329,-0.304198,-0.013612,-0.273203,-0.287715,-0.050835,-0.305812,-0.252366,-0.068448,-0.312165,-0.282530
2026-05-27 14:49:48.875,36.899995,0.000000,0.000000,0.000000,0.032934,-0.255502,-0.305180,-0.121533,-0.269194,-0.303214,-0.044300,-0.262348,-0.304197,-0.013943,-0.275236,-0.288088,-0.050835,-0.305812,-0.252366,-0.068448,-0.312165,-0.282530
2026-05-27 14:49:48.975,36.999995,0.000000,0.000000,0.000000,0.032934,-0.255502,-0.305180,-0.121661,-0.267071,-0.303454,-0.044364,-0.261286,-0.304317,-0.013943,-0.275236,-0.288088,-0.050835,-0.305812,-0.252366,-0.068448,-0.312165,-0.282530
2026-05-27 14:49:49.075,37.099994,0.000000,0.000000,0.000000,0.032439,-0.257586,-0.304943,-0.121661,-0.267071,-0.303454,-0.044611,-0.262329,-0.304198,-0.013943,-0.275236,-0.288088,-0.051012,-0.307895,-0.252337,-0.068448,-0.312165,-0.282530
2026-05-27 14:49:49.175,37.199994,0.000000,0.000000,0.000000,0.032934,-0.255502,-0.305180,-0.121661,-0.267071,-0.303454,-0.044364,-0.261286,-0.304317,-0.013943,-0.275236,-0.288088,-0.050835,-0.305812,-0.252366,-0.068448,-0.312165,-0.282530
2026-05-27 14:49:49.275,37.299994,0.000000,0.000000,0.000000,0.032439,-0.257586,-0.304943,-0.121661,-0.267071,-0.303454,-0.044611,-0.262329,-0.304198,-0.013612,-0.273203,-0.287715,-0.050835,-0.305812,-0.252366,-0.068448,-0.312165,-0.282530
2026-05-27 14:49:49.375,37.399994,0.000000,0.000000,0.000000,0.032439,-0.257586,-0.304943,-0.121113,-0.267103,-0.303468,-0.044337,-0.262345,-0.304205,-0.013622,-0.273147,-0.288264,-0.050835,-0.305812,-0.252366,-0.068448,-0.312165,-0.282530
2026-05-27 14:49:49.475,37.499994,0.000000,0.000000,0.000000,0.032934,-0.255502,-0.305180,-0.121661,-0.267071,-0.303454,-0.044364,-0.261286,-0.304317,-0.013943,-0.275236,-0.288088,-0.050835,-0.305812,-0.252366,-0.068448,-0.312165,-0.282530
2026-05-27 14:49:49.575,37.599994,0.000000,0.000000,0.000000,0.032439,-0.257586,-0.304943,-0.121661,-0.267071,-0.303454,-0.044611,-0.262329,-0.304198,-0.013622,-0.273147,-0.288264,-0.051012,-0.307895,-0.252337,-0.068448,-0.312165,-0.282530
2026-05-27 14:49:49.675,37.699994,0.000000,0.000000,0.000000,0.032934,-0.255502,-0.305180,-0.121113,-0.267103,-0.303468,-0.044090,-0.261303,-0.304324,-0.013943,-0.275236,-0.288088,-0.050835,-0.305812,-0.252366,-0.068550,-0.314266,-0.282364
2026-05-27 14:49:49.775,37.799994,0.000000,0.000000,0.000000,0.032934,-0.255502,-0.305180,-0.121239,-0.264981,-0.303708,-0.044153,-0.260241,-0.304444,-0.013943,-0.275236,-0.288088,-0.050835,-0.305812,-0.252366,-0.068448,-0.312165,-0.282530
2026-05-27 14:49:49.875,37.899994,0.000000,0.000000,0.000000,0.032934,-0.255502,-0.305180,-0.121113,-0.267103,-0.303468,-0.044090,-0.261303,-0.304324,-0.013943,-0.275236,-0.288088,-0.050924,-0.306853,-0.252351,-0.068448,-0.312165,-0.282530
2026-05-27 14:49:49.975,37.999994,0.000000,0.000000,0.000000,0.032439,-0.257586,-0.304943,-0.121661,-0.267071,-0.303454,-0.044611,-0.262329,-0.304198,-0.013943,-0.275236,-0.288088,-0.050835,-0.305812,-0.252366,-0.068448,-0.312165,-0.282530
2026-05-27 14:49:50.075,38.099993,0.000000,0.000000,0.000000,0.032439,-0.257586,-0.304943,-0.121113,-0.267103,-0.303468,-0.044337,-0.262345,-0.304205,-0.013622,-0.273147,-0.288264,-0.050835,-0.305812,-0.252366,-0.068499,-0.313215,-0.282447
2026-05-27 14:49:50.175,38.199993,0.000000,0.000000,0.000000,0.032934,-0.255502,-0.305180,-0.121533,-0.269194,-0.303214,-0.044300,-0.262348,-0.304197,-0.013932,-0.275292,-0.287542,-0.050835,-0.305812,-0.252366,-0.068448,-0.312165,-0.282530
2026-05-27 14:49:50.275,38.299993,0.000000,0.000000,0.000000,0.032934,-0.255502,-0.305180,-0.120988,-0.269226,-0.303227,-0.044027,-0.262364,-0.304204,-0.013612,-0.273203,-0.287715,-0.051012,-0.307895,-0.252337,-0.068448,-0.312165,-0.282530
2026-05-27 14:49:50.375,38.399993,0.000000,0.000000,0.000000,0.032934,-0.255502,-0.305180,-0.121113,-0.267103,-0.303468,-0.044090,-0.261303,-0.304324,-0.013072,-0.273180,-0.288278,-0.051012,-0.307895,-0.252337,-0.068448,-0.312165,-0.282530
2026-05-27 14:49:50.475,38.499993,0.000000,0.000000,0.000000,0.032439,-0.257586,-0.304943,-0.121661,-0.267071,-0.303454,-0.044611,-0.262329,-0.304198,-0.013943,-0.275236,-0.288088,-0.051012,-0.307895,-0.252337,-0.068550,-0.314266,-0.282364
2026-05-27 14:49:50.575,38.599993,0.000000,0.000000,0.000000,0.032439,-0.257586,-0.304943,-0.120988,-0.269226,-0.303227,-0.044275,-0.263406,-0.304085,-0.013943,-0.275236,-0.288088,-0.051012,-0.307895,-0.252337,-0.068448,-0.312165,-0.282530
2026-05-27 14:49:50.675,38.699993,0.000000,0.000000,0.000000,0.032439,-0.257586,-0.304943,-0.121113,-0.267103,-0.303468,-0.044337,-0.262345,-0.304205,-0.013622,-0.273147,-0.288264,-0.051012,-0.307895,-0.252337,-0.068448,-0.312165,-0.282530
2026-05-27 14:49:50.775,38.799993,0.000000,0.000000,0.000000,0.032439,-0.257586,-0.304943,-0.121661,-0.267071,-0.303454,-0.044611,-0.262329,-0.304198,-0.013622,-0.273147,-0.288264,-0.050835,-0.305812,-0.252366,-0.068448,-0.312165,-0.282530
2026-05-27 14:49:50.875,38.899993,0.000000,0.000000,0.000000,0.032934,-0.255502,-0.305180,-0.121661,-0.267071,-0.303454,-0.044364,-0.261286,-0.304317,-0.013622,-0.273147,-0.288264,-0.051012,-0.307895,-0.252337,-0.068448,-0.312165,-0.282530
2026-05-27 14:49:50.975,38.999993,0.000000,0.000000,0.000000,0.032934,-0.255502,-0.305180,-0.121113,-0.267103,-0.303468,-0.044090,-0.261303,-0.304324,-0.013932,-0.275292,-0.287542,-0.051012,-0.307895,-0.252337,-0.068457,-0.312114,-0.283033
2026-05-27 14:49:51.075,39.099993,0.000000,0.000000,0.000000,0.032934,-0.255502,-0.305180,-0.121533,-0.269194,-0.303214,-0.044300,-0.262348,-0.304197,-0.013622,-0.273147,-0.288264,-0.051012,-0.307895,-0.252337,-0.068448,-0.312165,-0.282530
2026-05-27 14:49:51.175,39.199992,0.000000,0.000000,0.000000,0.032439,-0.257586,-0.304943,-0.121661,-0.267071,-0.303454,-0.044611,-0.262329,-0.304198,-0.013943,-0.275236,-0.288088,-0.050835,-0.305812,-0.252366,-0.068448,-0.312165,-0.282530
2026-05-27 14:49:51.275,39.299992,0.000000,0.000000,0.000000,0.032439,-0.257586,-0.304943,-0.121113,-0.267103,-0.303468,-0.044337,-0.262345,-0.304205,-0.013943,-0.275236,-0.288088,-0.051012,-0.307895,-0.252337,-0.068448,-0.312165,-0.282530
2026-05-27 14:49:51.375,39.399992,0.000000,0.000000,0.000000,0.032439,-0.257586,-0.304943,-0.121789,-0.264948,-0.303694,-0.044675,-0.261267,-0.304318,-0.013622,-0.273147,-0.288264,-0.050835,-0.305812,-0.252366,-0.068448,-0.312165,-0.282530
2026-05-27 14:49:51.475,39.499992,0.000000,0.000000,0.000000,0.032439,-0.257586,-0.304943,-0.121661,-0.267071,-0.303454,-0.044611,-0.262329,-0.304198,-0.013943,-0.275236,-0.288088,-0.050835,-0.305812,-0.252366,-0.068448,-0.312165,-0.282530
2026-05-27 14:49:51.575,39.599992,0.000000,0.000000,0.000000,0.032934,-0.255502,-0.305180,-0.121661,-0.267071,-0.303454,-0.044364,-0.261286,-0.304317,-0.013612,-0.273203,-0.287715,-0.051012,-0.307895,-0.252337,-0.068550,-0.314266,-0.282364
2026-05-27 14:49:51.675,39.699992,0.000000,0.000000,0.000000,0.033429,-0.253418,-0.305418,-0.121661,-0.267071,-0.303454,-0.044116,-0.260244,-0.304436,-0.013943,-0.275236,-0.288088,-0.051012,-0.307895,-0.252337,-0.068448,-0.312165,-0.282530
2026-05-27 14:49:51.775,39.799992,0.000000,0.000000,0.000000,0.032439,-0.257586,-0.304943,-0.121661,-0.267071,-0.303454,-0.044611,-0.262329,-0.304198,-0.013943,-0.275236,-0.288088,-0.051012,-0.307895,-0.252337,-0.068448,-0.312165,-0.282530
2026-05-27 14:49:51.875,39.899992,0.000000,0.000000,0.000000,0.032439,-0.257586,-0.304943,-0.121113,-0.267103,-0.303468,-0.044337,-0.262345,-0.304205,-0.013943,-0.275236,-0.288088,-0.051012,-0.307895,-0.252337,-0.068448,-0.312165,-0.282530
2026-05-27 14:49:51.975,39.999992,0.000000,0.000000,0.000000,0.032934,-0.255502,-0.305180,-0.121661,-0.267071,-0.303454,-0.044364,-0.261286,-0.304317,-0.013622,-0.273147,-0.288264,-0.051012,-0.307895,-0.252337,-0.068448,-0.312165,-0.282530
2026-05-27 14:49:52.075,40.099992,0.000000,0.000000,0.000000,0.032439,-0.257586,-0.304943,-0.121661,-0.267071,-0.303454,-0.044611,-0.262329,-0.304198,-0.013943,-0.275236,-0.288088,-0.050835,-0.305812,-0.252366,-0.068550,-0.314266,-0.282364
2026-05-27 14:49:52.175,40.199991,0.000000,0.000000,0.000000,0.032439,-0.257586,-0.304943,-0.121533,-0.269194,-0.303214,-0.044547,-0.263390,-0.304078,-0.013932,-0.275292,-0.287542,-0.050835,-0.305812,-0.252366,-0.068448,-0.312165,-0.282530
2026-05-27 14:49:52.275,40.299991,0.000000,0.000000,0.000000,0.032439,-0.257586,-0.304943,-0.121533,-0.269194,-0.303214,-0.044547,-0.263390,-0.304078,-0.013612,-0.273203,-0.287715,-0.050835,-0.305812,-0.252366,-0.068448,-0.312165,-0.282530
2026-05-27 14:49:52.375,40.399991,0.000000,0.000000,0.000000,0.032439,-0.257586,-0.304943,-0.121113,-0.267103,-0.303468,-0.044337,-0.262345,-0.304205,-0.013612,-0.273203,-0.287715,-0.051012,-0.307895,-0.252337,-0.068448,-0.312165,-0.282530
2026-05-27 14:49:52.475,40.499991,0.000000,0.000000,0.000000,0.032934,-0.255502,-0.305180,-0.120988,-0.269226,-0.303227,-0.044027,-0.262364,-0.304204,-0.013943,-0.275236,-0.288088,-0.051012,-0.307895,-0.252337,-0.068448,-0.312165,-0.282530
2026-05-27 14:49:52.575,40.599991,0.000000,0.000000,0.000000,0.033429,-0.253418,-0.305418,-0.121113,-0.267103,-0.303468,-0.043842,-0.260261,-0.304443,-0.013384,-0.275324,-0.287555,-0.050835,-0.305812,-0.252366,-0.068448,-0.312165,-0.282530
2026-05-27 14:49:52.675,40.699991,0.000000,0.000000,0.000000,0.032934,-0.255502,-0.305180,-0.121533,-0.269194,-0.303214,-0.044300,-0.262348,-0.304197,-0.013622,-0.273147,-0.288264,-0.050835,-0.305812,-0.252366,-0.068448,-0.312165,-0.282530
2026-05-27 14:49:52.775,40.799991,0.000000,0.000000,0.000000,0.032439,-0.257586,-0.304943,-0.121661,-0.267071,-0.303454,-0.044611,-0.262329,-0.304198,-0.013943,-0.275236,-0.288088,-0.051012,-0.307895,-0.252337,-0.068448,-0.312165,-0.282530
2026-05-27 14:49:52.875,40.899991,0.000000,0.000000,0.000000,0.032439,-0.257586,-0.304943,-0.121661,-0.267071,-0.303454,-0.044611,-0.262329,-0.304198,-0.013622,-0.273147,-0.288264,-0.050835,-0.305812,-0.252366,-0.068448,-0.312165,-0.282530
2026-05-27 14:49:52.975,40.999991,0.000000,0.000000,0.000000,0.032439,-0.257586,-0.304943,-0.121533,-0.269194,-0.303214,-0.044547,-0.263390,-0.304078,-0.013932,-0.275292,-0.287542,-0.050835,-0.305812,-0.252366,-0.068448,-0.312165,-0.282530
2026-05-27 14:49:53.075,41.099991,0.000000,0.000000,0.000000,0.032439,-0.257586,-0.304943,-0.121661,-0.267071,-0.303454,-0.044611,-0.262329,-0.304198,-0.013932,-0.275292,-0.287542,-0.050835,-0.305812,-0.252366,-0.068448,-0.312165,-0.282530
2026-05-27 14:49:53.175,41.199991,0.000000,0.000000,0.000000,0.032439,-0.257586,-0.304943,-0.121113,-0.267103,-0.303468,-0.044337,-0.262345,-0.304205,-0.013943,-0.275236,-0.288088,-0.050835,-0.305812,-0.252366,-0.068448,-0.312165,-0.282530
2026-05-27 14:49:53.275,41.299990,0.000000,0.000000,0.000000,0.032934,-0.255502,-0.305180,-0.121661,-0.267071,-0.303454,-0.044364,-0.261286,-0.304317,-0.013943,-0.275236,-0.288088,-0.050835,-0.305812,-0.252366,-0.068448,-0.312165,-0.282530
2026-05-27 14:49:53.375,41.399990,0.000000,0.000000,0.000000,0.032934,-0.255502,-0.305180,-0.121661,-0.267071,-0.303454,-0.044364,-0.261286,-0.304317,-0.013384,-0.275324,-0.287555,-0.051012,-0.307895,-0.252337,-0.068448,-0.312165,-0.282530
2026-05-27 14:49:53.475,41.499990,0.000000,0.000000,0.000000,0.032934,-0.255502,-0.305180,-0.121533,-0.269194,-0.303214,-0.044300,-0.262348,-0.304197,-0.013612,-0.273203,-0.287715,-0.051012,-0.307895,-0.252337,-0.068448,-0.312165,-0.282530
2026-05-27 14:49:53.575,41.599990,0.000000,0.000000,0.000000,0.032934,-0.255502,-0.305180,-0.121113,-0.267103,-0.303468,-0.044090,-0.261303,-0.304324,-0.013943,-0.275236,-0.288088,-0.050835,-0.305812,-0.252366,-0.068448,-0.312165,-0.282530
2026-05-27 14:49:53.675,41.699990,0.000000,0.000000,0.000000,0.032439,-0.257586,-0.304943,-0.121113,-0.267103,-0.303468,-0.044337,-0.262345,-0.304205,-0.013782,-0.274192,-0.288176,-0.050835,-0.305812,-0.252366,-0.068448,-0.312165,-0.282530
2026-05-27 14:49:53.775,41.799990,0.000000,0.000000,0.000000,0.032439,-0.257586,-0.304943,-0.121113,-0.267103,-0.303468,-0.044337,-0.262345,-0.304205,-0.013943,-0.275236,-0.288088,-0.050835,-0.305812,-0.252366,-0.068448,-0.312165,-0.282530
2026-05-27 14:49:53.875,41.899990,0.000000,0.000000,0.000000,0.032934,-0.255502,-0.305180,-0.121533,-0.269194,-0.303214,-0.044300,-0.262348,-0.304197,-0.013943,-0.275236,-0.288088,-0.051012,-0.307895,-0.252337,-0.068448,-0.312165,-0.282530
2026-05-27 14:49:53.975,41.999990,0.000000,0.000000,0.000000,0.032439,-0.257586,-0.304943,-0.121661,-0.267071,-0.303454,-0.044611,-0.262329,-0.304198,-0.013943,-0.275236,-0.288088,-0.051012,-0.307895,-0.252337,-0.068448,-0.312165,-0.282530
2026-05-27 14:49:54.075,42.099990,0.000000,0.000000,0.000000,0.032934,-0.255502,-0.305180,-0.121113,-0.267103,-0.303468,-0.044090,-0.261303,-0.304324,-0.013943,-0.275236,-0.288088,-0.051012,-0.307895,-0.252337,-0.068448,-0.312165,-0.282530
2026-05-27 14:49:54.175,42.199990,0.000000,0.000000,0.000000,0.032439,-0.257586,-0.304943,-0.121661,-0.267071,-0.303454,-0.044611,-0.262329,-0.304198,-0.013932,-0.275292,-0.287542,-0.051012,-0.307895,-0.252337,-0.068448,-0.312165,-0.282530
2026-05-27 14:49:54.275,42.299989,0.000000,0.000000,0.000000,0.032439,-0.257586,-0.304943,-0.120988,-0.269226,-0.303227,-0.044275,-0.263406,-0.304085,-0.013932,-0.275292,-0.287542,-0.050835,-0.305812,-0.252366,-0.068448,-0.312165,-0.282530
2026-05-27 14:49:54.375,42.399989,0.000000,0.000000,0.000000,0.032439,-0.257586,-0.304943,-0.121661,-0.267071,-0.303454,-0.044611,-0.262329,-0.304198,-0.013622,-0.273147,-0.288264,-0.051012,-0.307895,-0.252337,-0.068448,-0.312165,-0.282530
2026-05-27 14:49:54.475,42.499989,0.000000,0.000000,0.000000,0.031944,-0.259670,-0.304706,-0.120988,-0.269226,-0.303227,-0.044522,-0.264448,-0.303967,-0.013932,-0.275292,-0.287542,-0.051012,-0.307895,-0.252337,-0.068448,-0.312165,-0.282530
2026-05-27 14:49:54.575,42.599989,0.000000,0.000000,0.000000,0.032934,-0.255502,-0.305180,-0.121239,-0.264981,-0.303708,-0.044153,-0.260241,-0.304444,-0.013943,-0.275236,-0.288088,-0.050835,-0.305812,-0.252366,-0.068448,-0.312165,-0.282530
2026-05-27 14:49:54.675,42.699989,0.000000,0.000000,0.000000,0.032934,-0.255502,-0.305180,-0.121533,-0.269194,-0.303214,-0.044300,-0.262348,-0.304197,-0.013772,-0.274247,-0.287628,-0.051012,-0.307895,-0.252337,-0.068448,-0.312165,-0.282530
2026-05-27 14:49:54.775,42.799989,0.000000,0.000000,0.000000,0.032934,-0.255502,-0.305180,-0.121661,-0.267071,-0.303454,-0.044364,-0.261286,-0.304317,-0.013622,-0.273147,-0.288264,-0.051012,-0.307895,-0.252337,-0.068448,-0.312165,-0.282530
2026-05-27 14:49:54.875,42.899989,0.000000,0.000000,0.000000,0.032439,-0.257586,-0.304943,-0.121533,-0.269194,-0.303214,-0.044547,-0.263390,-0.304078,-0.013782,-0.274192,-0.288176,-0.051012,-0.307895,-0.252337,-0.068448,-0.312165,-0.282530
2026-05-27 14:49:54.975,42.999989,0.000000,0.000000,0.000000,0.032439,-0.257586,-0.304943,-0.121661,-0.267071,-0.303454,-0.044611,-0.262329,-0.304198,-0.013612,-0.273203,-0.287715,-0.050835,-0.305812,-0.252366,-0.068550,-0.314266,-0.282364
2026-05-27 14:49:55.075,43.099989,0.000000,0.000000,0.000000,0.032934,-0.255502,-0.305180,-0.120988,-0.269226,-0.303227,-0.044027,-0.262364,-0.304204,-0.013384,-0.275324,-0.287555,-0.050924,-0.306853,-0.252351,-0.068448,-0.312165,-0.282530
2026-05-27 14:49:55.175,43.199989,0.000000,0.000000,0.000000,0.032439,-0.257586,-0.304943,-0.121661,-0.267071,-0.303454,-0.044611,-0.262329,-0.304198,-0.013622,-0.273147,-0.288264,-0.051012,-0.307895,-0.252337,-0.068448,-0.312165,-0.282530
2026-05-27 14:49:55.275,43.299989,0.000000,0.000000,0.000000,0.032439,-0.257586,-0.304943,-0.121533,-0.269194,-0.303214,-0.044547,-0.263390,-0.304078,-0.013943,-0.275236,-0.288088,-0.051012,-0.307895,-0.252337,-0.068448,-0.312165,-0.282530
2026-05-27 14:49:55.375,43.399988,0.000000,0.000000,0.000000,0.032934,-0.255502,-0.305180,-0.121661,-0.267071,-0.303454,-0.044364,-0.261286,-0.304317,-0.013772,-0.274247,-0.287628,-0.051012,-0.307895,-0.252337,-0.068550,-0.314266,-0.282364
2026-05-27 14:49:55.475,43.499988,0.000000,0.000000,0.000000,0.032439,-0.257586,-0.304943,-0.121661,-0.267071,-0.303454,-0.044611,-0.262329,-0.304198,-0.013943,-0.275236,-0.288088,-0.050835,-0.305812,-0.252366,-0.068448,-0.312165,-0.282530
2026-05-27 14:49:55.575,43.599988,0.000000,0.000000,0.000000,0.033429,-0.253418,-0.305418,-0.121113,-0.267103,-0.303468,-0.043842,-0.260261,-0.304443,-0.013622,-0.273147,-0.288264,-0.050835,-0.305812,-0.252366,-0.068448,-0.312165,-0.282530
2026-05-27 14:49:55.675,43.699988,0.000000,0.000000,0.000000,0.032934,-0.255502,-0.305180,-0.121661,-0.267071,-0.303454,-0.044364,-0.261286,-0.304317,-0.013061,-0.273236,-0.287729,-0.050835,-0.305812,-0.252366,-0.068448,-0.312165,-0.282530
2026-05-27 14:49:55.775,43.799988,0.000000,0.000000,0.000000,0.032439,-0.257586,-0.304943,-0.121533,-0.269194,-0.303214,-0.044547,-0.263390,-0.304078,-0.013622,-0.273147,-0.288264,-0.051012,-0.307895,-0.252337,-0.068448,-0.312165,-0.282530
2026-05-27 14:49:55.875,43.899988,0.000000,0.000000,0.000000,0.032439,-0.257586,-0.304943,-0.121661,-0.267071,-0.303454,-0.044611,-0.262329,-0.304198,-0.013943,-0.275236,-0.288088,-0.050835,-0.305812,-0.252366,-0.068448,-0.312165,-0.282530
2026-05-27 14:49:55.975,43.999988,0.000000,0.000000,0.000000,0.032439,-0.257586,-0.304943,-0.121113,-0.267103,-0.303468,-0.044337,-0.262345,-0.304205,-0.013932,-0.275292,-0.287542,-0.050835,-0.305812,-0.252366,-0.068448,-0.312165,-0.282530
2026-05-27 14:49:56.075,44.099988,0.000000,0.000000,0.000000,0.032439,-0.257586,-0.304943,-0.121661,-0.267071,-0.303454,-0.044611,-0.262329,-0.304198,-0.013622,-0.273147,-0.288264,-0.050835,-0.305812,-0.252366,-0.068448,-0.312165,-0.282530
2026-05-27 14:49:56.175,44.199988,0.000000,0.000000,0.000000,0.032934,-0.255502,-0.305180,-0.121533,-0.269194,-0.303214,-0.044300,-0.262348,-0.304197,-0.013622,-0.273147,-0.288264,-0.050835,-0.305812,-0.252366,-0.068550,-0.314266,-0.282364
2026-05-27 14:49:56.275,44.299988,0.000000,0.000000,0.000000,0.031944,-0.259670,-0.304706,-0.121113,-0.267103,-0.303468,-0.044585,-0.263387,-0.304087,-0.013612,-0.273203,-0.287715,-0.051012,-0.307895,-0.252337,-0.068448,-0.312165,-0.282530
2026-05-27 14:49:56.375,44.399987,0.000000,0.000000,0.000000,0.032439,-0.257586,-0.304943,-0.121533,-0.269194,-0.303214,-0.044547,-0.263390,-0.304078,-0.013061,-0.273236,-0.287729,-0.051012,-0.307895,-0.252337,-0.068448,-0.312165,-0.282530
2026-05-27 14:49:56.475,44.499987,0.000000,0.000000,0.000000,0.032439,-0.257586,-0.304943,-0.121533,-0.269194,-0.303214,-0.044547,-0.263390,-0.304078,-0.013943,-0.275236,-0.288088,-0.050924,-0.306853,-0.252351,-0.068448,-0.312165,-0.282530
2026-05-27 14:49:56.575,44.599987,0.000000,0.000000,0.000000,0.032439,-0.257586,-0.304943,-0.120988,-0.269226,-0.303227,-0.044275,-0.263406,-0.304085,-0.013612,-0.273203,-0.287715,-0.050835,-0.305812,-0.252366,-0.068448,-0.312165,-0.282530
2026-05-27 14:49:56.675,44.699987,0.000000,0.000000,0.000000,0.032934,-0.255502,-0.305180,-0.121661,-0.267071,-0.303454,-0.044364,-0.261286,-0.304317,-0.013622,-0.273147,-0.288264,-0.051012,-0.307895,-0.252337,-0.068448,-0.312165,-0.282530
2026-05-27 14:49:56.775,44.799987,0.000000,0.000000,0.000000,0.032934,-0.255502,-0.305180,-0.121661,-0.267071,-0.303454,-0.044364,-0.261286,-0.304317,-0.013622,-0.273147,-0.288264,-0.050835,-0.305812,-0.252366,-0.068550,-0.314266,-0.282364
2026-05-27 14:49:56.875,44.899987,0.000000,0.000000,0.000000,0.032439,-0.257586,-0.304943,-0.121113,-0.267103,-0.303468,-0.044337,-0.262345,-0.304205,-0.013061,-0.273236,-0.287729,-0.051012,-0.307895,-0.252337,-0.068448,-0.312165,-0.282530
2026-05-27 14:49:56.975,44.999987,0.000000,0.000000,0.000000,0.032934,-0.255502,-0.305180,-0.121533,-0.269194,-0.303214,-0.044300,-0.262348,-0.304197,-0.013612,-0.273203,-0.287715,-0.051012,-0.307895,-0.252337,-0.068448,-0.312165,-0.282530
2026-05-27 14:49:57.075,45.099987,0.000000,0.000000,0.000000,0.032439,-0.257586,-0.304943,-0.121113,-0.267103,-0.303468,-0.044337,-0.262345,-0.304205,-0.013612,-0.273203,-0.287715,-0.051012,-0.307895,-0.252337,-0.068448,-0.312165,-0.282530
2026-05-27 14:49:57.175,45.199987,0.000000,0.000000,0.000000,0.032439,-0.257586,-0.304943,-0.121113,-0.267103,-0.303468,-0.044337,-0.262345,-0.304205,-0.013612,-0.273203,-0.287715,-0.051012,-0.307895,-0.252337,-0.068448,-0.312165,-0.282530
2026-05-27 14:49:57.275,45.299987,0.000000,0.000000,0.000000,0.031944,-0.259670,-0.304706,-0.121533,-0.269194,-0.303214,-0.044795,-0.264432,-0.303960,-0.013622,-0.273147,-0.288264,-0.051012,-0.307895,-0.252337,-0.068448,-0.312165,-0.282530
2026-05-27 14:49:57.375,45.399987,0.000000,0.000000,0.000000,0.032934,-0.255502,-0.305180,-0.121661,-0.267071,-0.303454,-0.044364,-0.261286,-0.304317,-0.013612,-0.273203,-0.287715,-0.050835,-0.305812,-0.252366,-0.068448,-0.312165,-0.282530
2026-05-27 14:49:57.475,45.499986,0.000000,0.000000,0.000000,0.032439,-0.257586,-0.304943,-0.121661,-0.267071,-0.303454,-0.044611,-0.262329,-0.304198,-0.013622,-0.273147,-0.288264,-0.050835,-0.305812,-0.252366,-0.068448,-0.312165,-0.282530
2026-05-27 14:49:57.575,45.599986,0.000000,0.000000,0.000000,0.033429,-0.253418,-0.305418,-0.121533,-0.269194,-0.303214,-0.044052,-0.261306,-0.304316,-0.013943,-0.275236,-0.288088,-0.051012,-0.307895,-0.252337,-0.068550,-0.314266,-0.282364
2026-05-27 14:49:57.675,45.699986,0.000000,0.000000,0.000000,0.032439,-0.257586,-0.304943,-0.121113,-0.267103,-0.303468,-0.044337,-0.262345,-0.304205,-0.013622,-0.273147,-0.288264,-0.050835,-0.305812,-0.252366,-0.068448,-0.312165,-0.282530
2026-05-27 14:49:57.775,45.799986,0.000000,0.000000,0.000000,0.032934,-0.255502,-0.305180,-0.121113,-0.267103,-0.303468,-0.044090,-0.261303,-0.304324,-0.013612,-0.273203,-0.287715,-0.051012,-0.307895,-0.252337,-0.068550,-0.314266,-0.282364
2026-05-27 14:49:57.875,45.899986,0.000000,0.000000,0.000000,0.032439,-0.257586,-0.304943,-0.121113,-0.267103,-0.303468,-0.044337,-0.262345,-0.304205,-0.013943,-0.275236,-0.288088,-0.051012,-0.307895,-0.252337,-0.068550,-0.314266,-0.282364
2026-05-27 14:49:57.975,45.999986,0.000000,0.000000,0.000000,0.032934,-0.255502,-0.305180,-0.121661,-0.267071,-0.303454,-0.044364,-0.261286,-0.304317,-0.013932,-0.275292,-0.287542,-0.051012,-0.307895,-0.252337,-0.068448,-0.312165,-0.282530
2026-05-27 14:49:58.075,46.099986,0.000000,0.000000,0.000000,0.032934,-0.255502,-0.305180,-0.120988,-0.269226,-0.303227,-0.044027,-0.262364,-0.304204,-0.013943,-0.275236,-0.288088,-0.050835,-0.305812,-0.252366,-0.068448,-0.312165,-0.282530
2026-05-27 14:49:58.175,46.199986,0.000000,0.000000,0.000000,0.032439,-0.257586,-0.304943,-0.121113,-0.267103,-0.303468,-0.044337,-0.262345,-0.304205,-0.013943,-0.275236,-0.288088,-0.050835,-0.305812,-0.252366,-0.068448,-0.312165,-0.282530
2026-05-27 14:49:58.275,46.299986,0.000000,0.000000,0.000000,0.032934,-0.255502,-0.305180,-0.121661,-0.267071,-0.303454,-0.044364,-0.261286,-0.304317,-0.013384,-0.275324,-0.287555,-0.050924,-0.306853,-0.252351,-0.068448,-0.312165,-0.282530
2026-05-27 14:49:58.375,46.399986,0.000000,0.000000,0.000000,0.031944,-0.259670,-0.304706,-0.121661,-0.267071,-0.303454,-0.044859,-0.263371,-0.304080,-0.013932,-0.275292,-0.287542,-0.051012,-0.307895,-0.252337,-0.068448,-0.312165,-0.282530
2026-05-27 14:49:58.475,46.499985,0.000000,0.000000,0.000000,0.032934,-0.255502,-0.305180,-0.121113,-0.267103,-0.303468,-0.044090,-0.261303,-0.304324,-0.013612,-0.273203,-0.287715,-0.051012,-0.307895,-0.252337,-0.068448,-0.312165,-0.282530
2026-05-27 14:49:58.575,46.599985,0.000000,0.000000,0.000000,0.032934,-0.255502,-0.305180,-0.121113,-0.267103,-0.303468,-0.044090,-0.261303,-0.304324,-0.013932,-0.275292,-0.287542,-0.051012,-0.307895,-0.252337,-0.068448,-0.312165,-0.282530
2026-05-27 14:49:58.675,46.699985,0.000000,0.000000,0.000000,0.032439,-0.257586,-0.304943,-0.121661,-0.267071,-0.303454,-0.044611,-0.262329,-0.304198,-0.013622,-0.273147,-0.288264,-0.051012,-0.307895,-0.252337,-0.068448,-0.312165,-0.282530
2026-05-27 14:49:58.775,46.799985,0.000000,0.000000,0.000000,0.032934,-0.255502,-0.305180,-0.121533,-0.269194,-0.303214,-0.044300,-0.262348,-0.304197,-0.013943,-0.275236,-0.288088,-0.050835,-0.305812,-0.252366,-0.068448,-0.312165,-0.282530
2026-05-27 14:49:58.875,46.899985,0.000000,0.000000,0.000000,0.032439,-0.257586,-0.304943,-0.121661,-0.267071,-0.303454,-0.044611,-0.262329,-0.304198,-0.013622,-0.273147,-0.288264,-0.050835,-0.305812,-0.252366,-0.068550,-0.314266,-0.282364
2026-05-27 14:49:58.975,46.999985,0.000000,0.000000,0.000000,0.032934,-0.255502,-0.305180,-0.121661,-0.267071,-0.303454,-0.044364,-0.261286,-0.304317,-0.013622,-0.273147,-0.288264,-0.050835,-0.305812,-0.252366,-0.068448,-0.312165,-0.282530
2026-05-27 14:49:59.075,47.099985,0.000000,0.000000,0.000000,0.032934,-0.255502,-0.305180,-0.120988,-0.269226,-0.303227,-0.044027,-0.262364,-0.304204,-0.013622,-0.273147,-0.288264,-0.051012,-0.307895,-0.252337,-0.068448,-0.312165,-0.282530
2026-05-27 14:49:59.175,47.199985,0.000000,0.000000,0.000000,0.032439,-0.257586,-0.304943,-0.121661,-0.267071,-0.303454,-0.044611,-0.262329,-0.304198,-0.013622,-0.273147,-0.288264,-0.051012,-0.307895,-0.252337,-0.068550,-0.314266,-0.282364
2026-05-27 14:49:59.275,47.299985,0.000000,0.000000,0.000000,0.032439,-0.257586,-0.304943,-0.121661,-0.267071,-0.303454,-0.044611,-0.262329,-0.304198,-0.013622,-0.273147,-0.288264,-0.050835,-0.305812,-0.252366,-0.068448,-0.312165,-0.282530
2026-05-27 14:49:59.375,47.399985,0.000000,0.000000,0.000000,0.032934,-0.255502,-0.305180,-0.121113,-0.267103,-0.303468,-0.044090,-0.261303,-0.304324,-0.013622,-0.273147,-0.288264,-0.050835,-0.305812,-0.252366,-0.068550,-0.314266,-0.282364
2026-05-27 14:49:59.475,47.499985,0.000000,0.000000,0.000000,0.032934,-0.255502,-0.305180,-0.121661,-0.267071,-0.303454,-0.044364,-0.261286,-0.304317,-0.013622,-0.273147,-0.288264,-0.050835,-0.305812,-0.252366,-0.068550,-0.314266,-0.282364
2026-05-27 14:49:59.575,47.599984,0.000000,0.000000,0.000000,0.032934,-0.255502,-0.305180,-0.121113,-0.267103,-0.303468,-0.044090,-0.261303,-0.304324,-0.013622,-0.273147,-0.288264,-0.051012,-0.307895,-0.252337,-0.068448,-0.312165,-0.282530
2026-05-27 14:49:59.675,47.699984,0.000000,0.000000,0.000000,0.032439,-0.257586,-0.304943,-0.121533,-0.269194,-0.303214,-0.044547,-0.263390,-0.304078,-0.013943,-0.275236,-0.288088,-0.050835,-0.305812,-0.252366,-0.068448,-0.312165,-0.282530
2026-05-27 14:49:59.775,47.799984,0.000000,0.000000,0.000000,0.032439,-0.257586,-0.304943,-0.121661,-0.267071,-0.303454,-0.044611,-0.262329,-0.304198,-0.013943,-0.275236,-0.288088,-0.050835,-0.305812,-0.252366,-0.068448,-0.312165,-0.282530
2026-05-27 14:49:59.875,47.899984,0.000000,0.000000,0.000000,0.033429,-0.253418,-0.305418,-0.121533,-0.269194,-0.303214,-0.044052,-0.261306,-0.304316,-0.013932,-0.275292,-0.287542,-0.051012,-0.307895,-0.252337,-0.068448,-0.312165,-0.282530
2026-05-27 14:49:59.975,47.999984,0.000000,0.000000,0.000000,0.032439,-0.257586,-0.304943,-0.121661,-0.267071,-0.303454,-0.044611,-0.262329,-0.304198,-0.013622,-0.273147,-0.288264,-0.051012,-0.307895,-0.252337,-0.068448,-0.312165,-0.282530
2026-05-27 14:50:00.075,48.099984,0.000000,0.000000,0.000000,0.032439,-0.257586,-0.304943,-0.121661,-0.267071,-0.303454,-0.044611,-0.262329,-0.304198,-0.013622,-0.273147,-0.288264,-0.050835,-0.305812,-0.252366,-0.068448,-0.312165,-0.282530
2026-05-27 14:50:00.175,48.199984,0.000000,0.000000,0.000000,0.032439,-0.257586,-0.304943,-0.121661,-0.267071,-0.303454,-0.044611,-0.262329,-0.304198,-0.013612,-0.273203,-0.287715,-0.050835,-0.305812,-0.252366,-0.068448,-0.312165,-0.282530
2026-05-27 14:50:00.275,48.299984,0.000000,0.000000,0.000000,0.032439,-0.257586,-0.304943,-0.121661,-0.267071,-0.303454,-0.044611,-0.262329,-0.304198,-0.013622,-0.273147,-0.288264,-0.051012,-0.307895,-0.252337,-0.068448,-0.312165,-0.282530
2026-05-27 14:50:00.375,48.399984,0.000000,0.000000,0.000000,0.032439,-0.257586,-0.304943,-0.121661,-0.267071,-0.303454,-0.044611,-0.262329,-0.304198,-0.013622,-0.273147,-0.288264,-0.050835,-0.305812,-0.252366,-0.068550,-0.314266,-0.282364
2026-05-27 14:50:00.475,48.499984,0.000000,0.000000,0.000000,0.032934,-0.255502,-0.305180,-0.121661,-0.267071,-0.303454,-0.044364,-0.261286,-0.304317,-0.013622,-0.273147,-0.288264,-0.050835,-0.305812,-0.252366,-0.068448,-0.312165,-0.282530
2026-05-27 14:50:00.575,48.599983,0.000000,0.000000,0.000000,0.032934,-0.255502,-0.305180,-0.121113,-0.267103,-0.303468,-0.044090,-0.261303,-0.304324,-0.013943,-0.275236,-0.288088,-0.050835,-0.305812,-0.252366,-0.068448,-0.312165,-0.282530
2026-05-27 14:50:00.675,48.699983,0.000000,0.000000,0.000000,0.032439,-0.257586,-0.304943,-0.121661,-0.267071,-0.303454,-0.044611,-0.262329,-0.304198,-0.013943,-0.275236,-0.288088,-0.050835,-0.305812,-0.252366,-0.068448,-0.312165,-0.282530
2026-05-27 14:50:00.775,48.799983,0.000000,0.000000,0.000000,0.032439,-0.257586,-0.304943,-0.121239,-0.264981,-0.303708,-0.044400,-0.261283,-0.304325,-0.013612,-0.273203,-0.287715,-0.051012,-0.307895,-0.252337,-0.068448,-0.312165,-0.282530
2026-05-27 14:50:00.875,48.899983,0.000000,0.000000,0.000000,0.032439,-0.257586,-0.304943,-0.121661,-0.267071,-0.303454,-0.044611,-0.262329,-0.304198,-0.013932,-0.275292,-0.287542,-0.050835,-0.305812,-0.252366,-0.068550,-0.314266,-0.282364
2026-05-27 14:50:00.975,48.999983,0.000000,0.000000,0.000000,0.032439,-0.257586,-0.304943,-0.121533,-0.269194,-0.303214,-0.044547,-0.263390,-0.304078,-0.013072,-0.273180,-0.288278,-0.050835,-0.305812,-0.252366,-0.068550,-0.314266,-0.282364
2026-05-27 14:50:01.075,49.099983,0.000000,0.000000,0.000000,0.032439,-0.257586,-0.304943,-0.120988,-0.269226,-0.303227,-0.044275,-0.263406,-0.304085,-0.013072,-0.273180,-0.288278,-0.051190,-0.309978,-0.252308,-0.068448,-0.312165,-0.282530
2026-05-27 14:50:01.175,49.199983,0.000000,0.000000,0.000000,0.032934,-0.255502,-0.305180,-0.121661,-0.267071,-0.303454,-0.044364,-0.261286,-0.304317,-0.013072,-0.273180,-0.288278,-0.050835,-0.305812,-0.252366,-0.068457,-0.312114,-0.283033
2026-05-27 14:50:01.275,49.299983,0.000000,0.000000,0.000000,0.032439,-0.257586,-0.304943,-0.121533,-0.269194,-0.303214,-0.044547,-0.263390,-0.304078,-0.013395,-0.275269,-0.288102,-0.051012,-0.307895,-0.252337,-0.068457,-0.312114,-0.283033
2026-05-27 14:50:01.375,49.399983,0.000000,0.000000,0.000000,0.031944,-0.259670,-0.304706,-0.121533,-0.269194,-0.303214,-0.044795,-0.264432,-0.303960,-0.013072,-0.273180,-0.288278,-0.050835,-0.305812,-0.252366,-0.068457,-0.312114,-0.283033
2026-05-27 14:50:01.475,49.499983,0.000000,0.000000,0.000000,0.032934,-0.255502,-0.305180,-0.121789,-0.264948,-0.303694,-0.044428,-0.260225,-0.304437,-0.013395,-0.275269,-0.288102,-0.051012,-0.307895,-0.252337,-0.068559,-0.314215,-0.282865
2026-05-27 14:50:01.575,49.599983,0.000000,0.000000,0.000000,0.032934,-0.255502,-0.305180,-0.120988,-0.269226,-0.303227,-0.044027,-0.262364,-0.304204,-0.013072,-0.273180,-0.288278,-0.051190,-0.309978,-0.252308,-0.068457,-0.312114,-0.283033
2026-05-27 14:50:01.675,49.699982,0.000000,0.000000,0.000000,0.032439,-0.257586,-0.304943,-0.121533,-0.269194,-0.303214,-0.044547,-0.263390,-0.304078,-0.013395,-0.275269,-0.288102,-0.051012,-0.307895,-0.252337,-0.068559,-0.314215,-0.282865
2026-05-27 14:50:01.775,49.799982,0.000000,0.000000,0.000000,0.032439,-0.257586,-0.304943,-0.121113,-0.267103,-0.303468,-0.044337,-0.262345,-0.304205,-0.013395,-0.275269,-0.288102,-0.051012,-0.307895,-0.252337,-0.068559,-0.314215,-0.282865
2026-05-27 14:50:01.875,49.899982,0.000000,0.000000,0.000000,0.032934,-0.255502,-0.305180,-0.121661,-0.267071,-0.303454,-0.044364,-0.261286,-0.304317,-0.013072,-0.273180,-0.288278,-0.050835,-0.305812,-0.252366,-0.068559,-0.314215,-0.282865
2026-05-27 14:50:01.975,49.999982,0.000000,0.000000,0.000000,0.032934,-0.255502,-0.305180,-0.121113,-0.267103,-0.303468,-0.044090,-0.261303,-0.304324,-0.013072,-0.273180,-0.288278,-0.051012,-0.307895,-0.252337,-0.068550,-0.314266,-0.282364
2026-05-27 14:50:02.075,50.099982,0.000000,0.000000,0.000000,0.032439,-0.257586,-0.304943,-0.121113,-0.267103,-0.303468,-0.044337,-0.262345,-0.304205,-0.013072,-0.273180,-0.288278,-0.050924,-0.306853,-0.252351,-0.068457,-0.312114,-0.283033
2026-05-27 14:50:02.175,50.199982,0.000000,0.000000,0.000000,0.032439,-0.257586,-0.304943,-0.121661,-0.267071,-0.303454,-0.044611,-0.262329,-0.304198,-0.013395,-0.275269,-0.288102,-0.051012,-0.307895,-0.252337,-0.068457,-0.312114,-0.283033
2026-05-27 14:50:02.275,50.299982,0.000000,0.000000,0.000000,0.032439,-0.257586,-0.304943,-0.121113,-0.267103,-0.303468,-0.044337,-0.262345,-0.304205,-0.013072,-0.273180,-0.288278,-0.050835,-0.305812,-0.252366,-0.068559,-0.314215,-0.282865
2026-05-27 14:50:02.375,50.399982,0.000000,0.000000,0.000000,0.032439,-0.257586,-0.304943,-0.120988,-0.269226,-0.303227,-0.044275,-0.263406,-0.304085,-0.013072,-0.273180,-0.288278,-0.051012,-0.307895,-0.252337,-0.068457,-0.312114,-0.283033
2026-05-27 14:50:02.475,50.499982,0.000000,0.000000,0.000000,0.032934,-0.255502,-0.305180,-0.121239,-0.264981,-0.303708,-0.044153,-0.260241,-0.304444,-0.013395,-0.275269,-0.288102,-0.050835,-0.305812,-0.252366,-0.068559,-0.314215,-0.282865
2026-05-27 14:50:02.575,50.599982,0.000000,0.000000,0.000000,0.032439,-0.257586,-0.304943,-0.121789,-0.264948,-0.303694,-0.044675,-0.261267,-0.304318,-0.013061,-0.273236,-0.287729,-0.051012,-0.307895,-0.252337,-0.068559,-0.314215,-0.282865
2026-05-27 14:50:02.675,50.699981,0.000000,0.000000,0.000000,0.032934,-0.255502,-0.305180,-0.121661,-0.267071,-0.303454,-0.044364,-0.261286,-0.304317,-0.013384,-0.275324,-0.287555,-0.051012,-0.307895,-0.252337,-0.068457,-0.312114,-0.283033
2026-05-27 14:50:02.775,50.799981,0.000000,0.000000,0.000000,0.032439,-0.257586,-0.304943,-0.121661,-0.267071,-0.303454,-0.044611,-0.262329,-0.304198,-0.013384,-0.275324,-0.287555,-0.050835,-0.305812,-0.252366,-0.068457,-0.312114,-0.283033
2026-05-27 14:50:02.875,50.899981,0.000000,0.000000,0.000000,0.032934,-0.255502,-0.305180,-0.121113,-0.267103,-0.303468,-0.044090,-0.261303,-0.304324,-0.013395,-0.275269,-0.288102,-0.051012,-0.307895,-0.252337,-0.068457,-0.312114,-0.283033
2026-05-27 14:50:02.975,50.999981,0.000000,0.000000,0.000000,0.032934,-0.255502,-0.305180,-0.121239,-0.264981,-0.303708,-0.044153,-0.260241,-0.304444,-0.013072,-0.273180,-0.288278,-0.051012,-0.307895,-0.252337,-0.068457,-0.312114,-0.283033
2026-05-27 14:50:03.075,51.099981,0.000000,0.000000,0.000000,0.032439,-0.257586,-0.304943,-0.121533,-0.269194,-0.303214,-0.044547,-0.263390,-0.304078,-0.013061,-0.273236,-0.287729,-0.051012,-0.307895,-0.252337,-0.068457,-0.312114,-0.283033
2026-05-27 14:50:03.175,51.199981,0.000000,0.000000,0.000000,0.032439,-0.257586,-0.304943,-0.121661,-0.267071,-0.303454,-0.044611,-0.262329,-0.304198,-0.013072,-0.273180,-0.288278,-0.051012,-0.307895,-0.252337,-0.068448,-0.312165,-0.282530
2026-05-27 14:50:03.275,51.299981,0.000000,0.000000,0.000000,0.032934,-0.255502,-0.305180,-0.121661,-0.267071,-0.303454,-0.044364,-0.261286,-0.304317,-0.013061,-0.273236,-0.287729,-0.051012,-0.307895,-0.252337,-0.068559,-0.314215,-0.282865
2026-05-27 14:50:03.375,51.399981,0.000000,0.000000,0.000000,0.032934,-0.255502,-0.305180,-0.121661,-0.267071,-0.303454,-0.044364,-0.261286,-0.304317,-0.013395,-0.275269,-0.288102,-0.051012,-0.307895,-0.252337,-0.068559,-0.314215,-0.282865
2026-05-27 14:50:03.475,51.499981,0.000000,0.000000,0.000000,0.032439,-0.257586,-0.304943,-0.121661,-0.267071,-0.303454,-0.044611,-0.262329,-0.304198,-0.013384,-0.275324,-0.287555,-0.050835,-0.305812,-0.252366,-0.068457,-0.312114,-0.283033
2026-05-27 14:50:03.575,51.599981,0.000000,0.000000,0.000000,0.032439,-0.257586,-0.304943,-0.121661,-0.267071,-0.303454,-0.044611,-0.262329,-0.304198,-0.013072,-0.273180,-0.288278,-0.051012,-0.307895,-0.252337,-0.068448,-0.312165,-0.282530
2026-05-27 14:50:03.675,51.699980,0.000000,0.000000,0.000000,0.032934,-0.255502,-0.305180,-0.121661,-0.267071,-0.303454,-0.044364,-0.261286,-0.304317,-0.013395,-0.275269,-0.288102,-0.051012,-0.307895,-0.252337,-0.068559,-0.314215,-0.282865
2026-05-27 14:50:03.775,51.799980,0.000000,0.000000,0.000000,0.032439,-0.257586,-0.304943,-0.121661,-0.267071,-0.303454,-0.044611,-0.262329,-0.304198,-0.013072,-0.273180,-0.288278,-0.050835,-0.305812,-0.252366,-0.068457,-0.312114,-0.283033
2026-05-27 14:50:03.875,51.899980,0.000000,0.000000,0.000000,0.032934,-0.255502,-0.305180,-0.121113,-0.267103,-0.303468,-0.044090,-0.261303,-0.304324,-0.013384,-0.275324,-0.287555,-0.051012,-0.307895,-0.252337,-0.068457,-0.312114,-0.283033
2026-05-27 14:50:03.975,51.999980,0.000000,0.000000,0.000000,0.032934,-0.255502,-0.305180,-0.121661,-0.267071,-0.303454,-0.044364,-0.261286,-0.304317,-0.013072,-0.273180,-0.288278,-0.051012,-0.307895,-0.252337,-0.068559,-0.314215,-0.282865
2026-05-27 14:50:04.075,52.099980,0.000000,0.000000,0.000000,0.033429,-0.253418,-0.305418,-0.121661,-0.267071,-0.303454,-0.044116,-0.260244,-0.304436,-0.013395,-0.275269,-0.288102,-0.050835,-0.305812,-0.252366,-0.068559,-0.314215,-0.282865
2026-05-27 14:50:04.175,52.199980,0.000000,0.000000,0.000000,0.032934,-0.255502,-0.305180,-0.121661,-0.267071,-0.303454,-0.044364,-0.261286,-0.304317,-0.013061,-0.273236,-0.287729,-0.051012,-0.307895,-0.252337,-0.068457,-0.312114,-0.283033
2026-05-27 14:50:04.275,52.299980,0.000000,0.000000,0.000000,0.032439,-0.257586,-0.304943,-0.121789,-0.264948,-0.303694,-0.044675,-0.261267,-0.304318,-0.013395,-0.275269,-0.288102,-0.050835,-0.305812,-0.252366,-0.068457,-0.312114,-0.283033
2026-05-27 14:50:04.375,52.399980,0.000000,0.000000,0.000000,0.032439,-0.257586,-0.304943,-0.121113,-0.267103,-0.303468,-0.044337,-0.262345,-0.304205,-0.013072,-0.273180,-0.288278,-0.051012,-0.307895,-0.252337,-0.068457,-0.312114,-0.283033
2026-05-27 14:50:04.475,52.499980,0.000000,0.000000,0.000000,0.032934,-0.255502,-0.305180,-0.121113,-0.267103,-0.303468,-0.044090,-0.261303,-0.304324,-0.013395,-0.275269,-0.288102,-0.050835,-0.305812,-0.252366,-0.068457,-0.312114,-0.283033
2026-05-27 14:50:04.575,52.599980,0.000000,0.000000,0.000000,0.031944,-0.259670,-0.304706,-0.121113,-0.267103,-0.303468,-0.044585,-0.263387,-0.304087,-0.013395,-0.275269,-0.288102,-0.051012,-0.307895,-0.252337,-0.068457,-0.312114,-0.283033
2026-05-27 14:50:04.675,52.699980,0.000000,0.000000,0.000000,0.031944,-0.259670,-0.304706,-0.121113,-0.267103,-0.303468,-0.044585,-0.263387,-0.304087,-0.013395,-0.275269,-0.288102,-0.051012,-0.307895,-0.252337,-0.068457,-0.312114,-0.283033
2026-05-27 14:50:04.775,52.799979,0.000000,0.000000,0.000000,0.032439,-0.257586,-0.304943,-0.121661,-0.267071,-0.303454,-0.044611,-0.262329,-0.304198,-0.013072,-0.273180,-0.288278,-0.050835,-0.305812,-0.252366,-0.068457,-0.312114,-0.283033
2026-05-27 14:50:04.875,52.899979,0.000000,0.000000,0.000000,0.032439,-0.257586,-0.304943,-0.121661,-0.267071,-0.303454,-0.044611,-0.262329,-0.304198,-0.013395,-0.275269,-0.288102,-0.050924,-0.306853,-0.252351,-0.068448,-0.312165,-0.282530
2026-05-27 14:50:04.975,52.999979,0.000000,0.000000,0.000000,0.032934,-0.255502,-0.305180,-0.120988,-0.269226,-0.303227,-0.044027,-0.262364,-0.304204,-0.013072,-0.273180,-0.288278,-0.050835,-0.305812,-0.252366,-0.068457,-0.312114,-0.283033
2026-05-27 14:50:05.075,53.099979,0.000000,0.000000,0.000000,0.032934,-0.255502,-0.305180,-0.121113,-0.267103,-0.303468,-0.044090,-0.261303,-0.304324,-0.013395,-0.275269,-0.288102,-0.051012,-0.307895,-0.252337,-0.068457,-0.312114,-0.283033
2026-05-27 14:50:05.175,53.199979,0.000000,0.000000,0.000000,0.032934,-0.255502,-0.305180,-0.121661,-0.267071,-0.303454,-0.044364,-0.261286,-0.304317,-0.013072,-0.273180,-0.288278,-0.051012,-0.307895,-0.252337,-0.068457,-0.312114,-0.283033
2026-05-27 14:50:05.275,53.299979,0.000000,0.000000,0.000000,0.032934,-0.255502,-0.305180,-0.120988,-0.269226,-0.303227,-0.044027,-0.262364,-0.304204,-0.013061,-0.273236,-0.287729,-0.051012,-0.307895,-0.252337,-0.068457,-0.312114,-0.283033
2026-05-27 14:50:05.375,53.399979,0.000000,0.000000,0.000000,0.032439,-0.257586,-0.304943,-0.121661,-0.267071,-0.303454,-0.044611,-0.262329,-0.304198,-0.013395,-0.275269,-0.288102,-0.051012,-0.307895,-0.252337,-0.068457,-0.312114,-0.283033
2026-05-27 14:50:05.475,53.499979,0.000000,0.000000,0.000000,0.032439,-0.257586,-0.304943,-0.121661,-0.267071,-0.303454,-0.044611,-0.262329,-0.304198,-0.013395,-0.275269,-0.288102,-0.050835,-0.305812,-0.252366,-0.068457,-0.312114,-0.283033
2026-05-27 14:50:05.575,53.599979,0.000000,0.000000,0.000000,0.032439,-0.257586,-0.304943,-0.121661,-0.267071,-0.303454,-0.044611,-0.262329,-0.304198,-0.013395,-0.275269,-0.288102,-0.050835,-0.305812,-0.252366,-0.068559,-0.314215,-0.282865
2026-05-27 14:50:05.675,53.699979,0.000000,0.000000,0.000000,0.032934,-0.255502,-0.305180,-0.121113,-0.267103,-0.303468,-0.044090,-0.261303,-0.304324,-0.013395,-0.275269,-0.288102,-0.051012,-0.307895,-0.252337,-0.068559,-0.314215,-0.282865
2026-05-27 14:50:05.775,53.799978,0.000000,0.000000,0.000000,0.032439,-0.257586,-0.304943,-0.121533,-0.269194,-0.303214,-0.044547,-0.263390,-0.304078,-0.013395,-0.275269,-0.288102,-0.051012,-0.307895,-0.252337,-0.068457,-0.312114,-0.283033
2026-05-27 14:50:05.875,53.899978,0.000000,0.000000,0.000000,0.032439,-0.257586,-0.304943,-0.121533,-0.269194,-0.303214,-0.044547,-0.263390,-0.304078,-0.013395,-0.275269,-0.288102,-0.051012,-0.307895,-0.252337,-0.068559,-0.314215,-0.282865
2026-05-27 14:50:05.975,53.999978,0.000000,0.000000,0.000000,0.032439,-0.257586,-0.304943,-0.120988,-0.269226,-0.303227,-0.044275,-0.263406,-0.304085,-0.013072,-0.273180,-0.288278,-0.050835,-0.305812,-0.252366,-0.068448,-0.312165,-0.282530
2026-05-27 14:50:06.075,54.099978,0.000000,0.000000,0.000000,0.033429,-0.253418,-0.305418,-0.121113,-0.267103,-0.303468,-0.043842,-0.260261,-0.304443,-0.013072,-0.273180,-0.288278,-0.051012,-0.307895,-0.252337,-0.068457,-0.312114,-0.283033
2026-05-27 14:50:06.175,54.199978,0.000000,0.000000,0.000000,0.032934,-0.255502,-0.305180,-0.121113,-0.267103,-0.303468,-0.044090,-0.261303,-0.304324,-0.013072,-0.273180,-0.288278,-0.050835,-0.305812,-0.252366,-0.068457,-0.312114,-0.283033
2026-05-27 14:50:06.275,54.299978,0.000000,0.000000,0.000000,0.032934,-0.255502,-0.305180,-0.121661,-0.267071,-0.303454,-0.044364,-0.261286,-0.304317,-0.013395,-0.275269,-0.288102,-0.051012,-0.307895,-0.252337,-0.068559,-0.314215,-0.282865
2026-05-27 14:50:06.375,54.399978,0.000000,0.000000,0.000000,0.032439,-0.257586,-0.304943,-0.121113,-0.267103,-0.303468,-0.044337,-0.262345,-0.304205,-0.013072,-0.273180,-0.288278,-0.051012,-0.307895,-0.252337,-0.068457,-0.312114,-0.283033
2026-05-27 14:50:06.475,54.499978,0.000000,0.000000,0.000000,0.032439,-0.257586,-0.304943,-0.121113,-0.267103,-0.303468,-0.044337,-0.262345,-0.304205,-0.013072,-0.273180,-0.288278,-0.050835,-0.305812,-0.252366,-0.068559,-0.314215,-0.282865
2026-05-27 14:50:06.575,54.599978,0.000000,0.000000,0.000000,0.032439,-0.257586,-0.304943,-0.121533,-0.269194,-0.303214,-0.044547,-0.263390,-0.304078,-0.013395,-0.275269,-0.288102,-0.051012,-0.307895,-0.252337,-0.068457,-0.312114,-0.283033
2026-05-27 14:50:06.675,54.699978,0.000000,0.000000,0.000000,0.032934,-0.255502,-0.305180,-0.121533,-0.269194,-0.303214,-0.044300,-0.262348,-0.304197,-0.013061,-0.273236,-0.287729,-0.050835,-0.305812,-0.252366,-0.068457,-0.312114,-0.283033
2026-05-27 14:50:06.775,54.799978,0.000000,0.000000,0.000000,0.032934,-0.255502,-0.305180,-0.120988,-0.269226,-0.303227,-0.044027,-0.262364,-0.304204,-0.013395,-0.275269,-0.288102,-0.051012,-0.307895,-0.252337,-0.068457,-0.312114,-0.283033
2026-05-27 14:50:06.875,54.899977,0.000000,0.000000,0.000000,0.032439,-0.257586,-0.304943,-0.121533,-0.269194,-0.303214,-0.044547,-0.263390,-0.304078,-0.013395,-0.275269,-0.288102,-0.051012,-0.307895,-0.252337,-0.068559,-0.314215,-0.282865
2026-05-27 14:50:06.975,54.999977,0.000000,0.000000,0.000000,0.032934,-0.255502,-0.305180,-0.121661,-0.267071,-0.303454,-0.044364,-0.261286,-0.304317,-0.013395,-0.275269,-0.288102,-0.050924,-0.306853,-0.252351,-0.068457,-0.312114,-0.283033
2026-05-27 14:50:07.075,55.099977,0.000000,0.000000,0.000000,0.032934,-0.255502,-0.305180,-0.121113,-0.267103,-0.303468,-0.044090,-0.261303,-0.304324,-0.013072,-0.273180,-0.288278,-0.050835,-0.305812,-0.252366,-0.068457,-0.312114,-0.283033
2026-05-27 14:50:07.175,55.199977,0.000000,0.000000,0.000000,0.032934,-0.255502,-0.305180,-0.121113,-0.267103,-0.303468,-0.044090,-0.261303,-0.304324,-0.013622,-0.273147,-0.288264,-0.051190,-0.309978,-0.252308,-0.068457,-0.312114,-0.283033
2026-05-27 14:50:07.275,55.299977,0.000000,0.000000,0.000000,0.032439,-0.257586,-0.304943,-0.120988,-0.269226,-0.303227,-0.044275,-0.263406,-0.304085,-0.013622,-0.273147,-0.288264,-0.051012,-0.307895,-0.252337,-0.068448,-0.312165,-0.282530
2026-05-27 14:50:07.375,55.399977,0.000000,0.000000,0.000000,0.033429,-0.253418,-0.305418,-0.121533,-0.269194,-0.303214,-0.044052,-0.261306,-0.304316,-0.013622,-0.273147,-0.288264,-0.051526,-0.307865,-0.252324,-0.068448,-0.312165,-0.282530
2026-05-27 14:50:07.475,55.499977,0.000000,0.000000,0.000000,0.033429,-0.253418,-0.305418,-0.121661,-0.267071,-0.303454,-0.044116,-0.260244,-0.304436,-0.013612,-0.273203,-0.287715,-0.051341,-0.305834,-0.251838,-0.068550,-0.314266,-0.282364
2026-05-27 14:50:07.575,55.599977,0.000000,0.000000,0.000000,0.033429,-0.253418,-0.305418,-0.121661,-0.267071,-0.303454,-0.044116,-0.260244,-0.304436,-0.013612,-0.273203,-0.287715,-0.052030,-0.307886,-0.251799,-0.068448,-0.312165,-0.282530
2026-05-27 14:50:07.675,55.699977,0.000000,0.000000,0.000000,0.032934,-0.255502,-0.305180,-0.121113,-0.267103,-0.303468,-0.044090,-0.261303,-0.304324,-0.013612,-0.273203,-0.287715,-0.052030,-0.307886,-0.251799,-0.068448,-0.312165,-0.282530
2026-05-27 14:50:07.775,55.799977,0.000000,0.000000,0.000000,0.032439,-0.257586,-0.304943,-0.121661,-0.267071,-0.303454,-0.044611,-0.262329,-0.304198,-0.013612,-0.273203,-0.287715,-0.052193,-0.303742,-0.251322,-0.068448,-0.312165,-0.282530
2026-05-27 14:50:07.875,55.899976,0.000000,0.000000,0.000000,0.032439,-0.257586,-0.304943,-0.121661,-0.267071,-0.303454,-0.044611,-0.262329,-0.304198,-0.013612,-0.273203,-0.287715,-0.052363,-0.305825,-0.251298,-0.068550,-0.314266,-0.282364
2026-05-27 14:50:07.975,55.999976,0.000000,0.000000,0.000000,0.032934,-0.255502,-0.305180,-0.121661,-0.267071,-0.303454,-0.044364,-0.261286,-0.304317,-0.013612,-0.273203,-0.287715,-0.053216,-0.309960,-0.251236,-0.068550,-0.314266,-0.282364
2026-05-27 14:50:08.075,56.099976,0.000000,0.000000,0.000000,0.032439,-0.257586,-0.304943,-0.121661,-0.267071,-0.303454,-0.044611,-0.262329,-0.304198,-0.013943,-0.275236,-0.288088,-0.053551,-0.307899,-0.250735,-0.068448,-0.312165,-0.282530
2026-05-27 14:50:08.175,56.199976,0.000000,0.000000,0.000000,0.032934,-0.255502,-0.305180,-0.121113,-0.267103,-0.303468,-0.044090,-0.261303,-0.304324,-0.013622,-0.273147,-0.288264,-0.054229,-0.309951,-0.250701,-0.068448,-0.312165,-0.282530
2026-05-27 14:50:08.275,56.299976,0.000000,0.000000,0.000000,0.032439,-0.257586,-0.304943,-0.121661,-0.267071,-0.303454,-0.044611,-0.262329,-0.304198,-0.013932,-0.275292,-0.287542,-0.054055,-0.307920,-0.250210,-0.068448,-0.312165,-0.282530
2026-05-27 14:50:08.375,56.399976,0.000000,0.000000,0.000000,0.031944,-0.259670,-0.304706,-0.121533,-0.269194,-0.303214,-0.044795,-0.264432,-0.303960,-0.013612,-0.273203,-0.287715,-0.054407,-0.305807,-0.250217,-0.068448,-0.312165,-0.282530
2026-05-27 14:50:08.475,56.499976,0.000000,0.000000,0.000000,0.032934,-0.255502,-0.305180,-0.121533,-0.269194,-0.303214,-0.044300,-0.262348,-0.304197,-0.013612,-0.273203,-0.287715,-0.054914,-0.305829,-0.249689,-0.068448,-0.312165,-0.282530
2026-05-27 14:50:08.575,56.599976,0.000000,0.000000,0.000000,0.032439,-0.257586,-0.304943,-0.121661,-0.267071,-0.303454,-0.044611,-0.262329,-0.304198,-0.013932,-0.275292,-0.287542,-0.055420,-0.305850,-0.249161,-0.068438,-0.312216,-0.282026
2026-05-27 14:50:08.675,56.699976,0.000000,0.000000,0.000000,0.031944,-0.259670,-0.304706,-0.121661,-0.267071,-0.303454,-0.044859,-0.263371,-0.304080,-0.013932,-0.275292,-0.287542,-0.055781,-0.303737,-0.249163,-0.068438,-0.312216,-0.282026
2026-05-27 14:50:08.775,56.799976,0.000000,0.000000,0.000000,0.032934,-0.255502,-0.305180,-0.121661,-0.267071,-0.303454,-0.044364,-0.261286,-0.304317,-0.013932,-0.275292,-0.287542,-0.056442,-0.305842,-0.248621,-0.068438,-0.312216,-0.282026
2026-05-27 14:50:08.875,56.899976,0.000000,0.000000,0.000000,0.032934,-0.255502,-0.305180,-0.121661,-0.267071,-0.303454,-0.044364,-0.261286,-0.304317,-0.013612,-0.273203,-0.287715,-0.056807,-0.303728,-0.248620,-0.068438,-0.312216,-0.282026
2026-05-27 14:50:08.975,56.999975,0.000000,0.000000,0.000000,0.032934,-0.255502,-0.305180,-0.121661,-0.267071,-0.303454,-0.044364,-0.261286,-0.304317,-0.013932,-0.275292,-0.287542,-0.057168,-0.301667,-0.248100,-0.068438,-0.312216,-0.282026
2026-05-27 14:50:09.075,57.099975,0.000000,0.000000,0.000000,0.032439,-0.257586,-0.304943,-0.121533,-0.269194,-0.303214,-0.044547,-0.263390,-0.304078,-0.013612,-0.273203,-0.287715,-0.057688,-0.301637,-0.248087,-0.068438,-0.312216,-0.282026
2026-05-27 14:50:09.175,57.199975,0.000000,0.000000,0.000000,0.032439,-0.257586,-0.304943,-0.121661,-0.267071,-0.303454,-0.044611,-0.262329,-0.304198,-0.013612,-0.273203,-0.287715,-0.058055,-0.299576,-0.247562,-0.068438,-0.312216,-0.282026
2026-05-27 14:50:09.275,57.299975,0.000000,0.000000,0.000000,0.032439,-0.257586,-0.304943,-0.121533,-0.269194,-0.303214,-0.044547,-0.263390,-0.304078,-0.013932,-0.275292,-0.287542,-0.058154,-0.293296,-0.247572,-0.068438,-0.312216,-0.282026
2026-05-27 14:50:09.375,57.399975,0.000000,0.000000,0.000000,0.032439,-0.257586,-0.304943,-0.121661,-0.267071,-0.303454,-0.044611,-0.262329,-0.304198,-0.013932,-0.275292,-0.287542,-0.058074,-0.292308,-0.247046,-0.068337,-0.310115,-0.282190
2026-05-27 14:50:09.475,57.499975,0.000000,0.000000,0.000000,0.032934,-0.255502,-0.305180,-0.121661,-0.267071,-0.303454,-0.044364,-0.261286,-0.304317,-0.014253,-0.277380,-0.287368,-0.059193,-0.293340,-0.246489,-0.068337,-0.310115,-0.282190
2026-05-27 14:50:09.575,57.599975,0.000000,0.000000,0.000000,0.032934,-0.255502,-0.305180,-0.121661,-0.267071,-0.303454,-0.044364,-0.261286,-0.304317,-0.013932,-0.275292,-0.287542,-0.059713,-0.293363,-0.245947,-0.068429,-0.312267,-0.281523
2026-05-27 14:50:09.675,57.699975,0.000000,0.000000,0.000000,0.032439,-0.257586,-0.304943,-0.121661,-0.267071,-0.303454,-0.044611,-0.262329,-0.304198,-0.013612,-0.273203,-0.287715,-0.059982,-0.297528,-0.245946,-0.068429,-0.312267,-0.281523
2026-05-27 14:50:09.775,57.799975,0.000000,0.000000,0.000000,0.032439,-0.257586,-0.304943,-0.121661,-0.267071,-0.303454,-0.044611,-0.262329,-0.304198,-0.013612,-0.273203,-0.287715,-0.060630,-0.299633,-0.245411,-0.068429,-0.312267,-0.281523
2026-05-27 14:50:09.875,57.899975,0.000000,0.000000,0.000000,0.032439,-0.257586,-0.304943,-0.121661,-0.267071,-0.303454,-0.044611,-0.262329,-0.304198,-0.014253,-0.277380,-0.287368,-0.061022,-0.297519,-0.245396,-0.068327,-0.310166,-0.281684
2026-05-27 14:50:09.975,57.999974,0.000000,0.000000,0.000000,0.032934,-0.255502,-0.305180,-0.121597,-0.268132,-0.303334,-0.044332,-0.261817,-0.304257,-0.014574,-0.279469,-0.287194,-0.061811,-0.293345,-0.244837,-0.068834,-0.310136,-0.281672
2026-05-27 14:50:10.075,58.099974,0.000000,0.000000,0.000000,0.031944,-0.259670,-0.304706,-0.121789,-0.264948,-0.303694,-0.044923,-0.262309,-0.304200,-0.013932,-0.275292,-0.287542,-0.061801,-0.293398,-0.244309,-0.068834,-0.310136,-0.281672
2026-05-27 14:50:10.175,58.199974,0.000000,0.000000,0.000000,0.032439,-0.257586,-0.304943,-0.121533,-0.269194,-0.303214,-0.044547,-0.263390,-0.304078,-0.013707,-0.277412,-0.287381,-0.062454,-0.295449,-0.244302,-0.068834,-0.310136,-0.281672
2026-05-27 14:50:10.275,58.299974,0.000000,0.000000,0.000000,0.032934,-0.255502,-0.305180,-0.121533,-0.269194,-0.303214,-0.044300,-0.262348,-0.304197,-0.014253,-0.277380,-0.287368,-0.062851,-0.293389,-0.243754,-0.068933,-0.312237,-0.281510
2026-05-27 14:50:10.375,58.399974,0.000000,0.000000,0.000000,0.032934,-0.255502,-0.305180,-0.121661,-0.267071,-0.303454,-0.044364,-0.261286,-0.304317,-0.014253,-0.277380,-0.287368,-0.062841,-0.293443,-0.243226,-0.068834,-0.310136,-0.281672
2026-05-27 14:50:10.475,58.499974,0.000000,0.000000,0.000000,0.032439,-0.257586,-0.304943,-0.121661,-0.267071,-0.303454,-0.044611,-0.262329,-0.304198,-0.014574,-0.279469,-0.287194,-0.063133,-0.289246,-0.243190,-0.068933,-0.312237,-0.281510
2026-05-27 14:50:10.575,58.599974,0.000000,0.000000,0.000000,0.032934,-0.255502,-0.305180,-0.121533,-0.269194,-0.303214,-0.044300,-0.262348,-0.304197,-0.014020,-0.279556,-0.286665,-0.063657,-0.289269,-0.242644,-0.068834,-0.310136,-0.281672
2026-05-27 14:50:10.675,58.699974,0.000000,0.000000,0.000000,0.032439,-0.257586,-0.304943,-0.121533,-0.269194,-0.303214,-0.044547,-0.263390,-0.304078,-0.014574,-0.279469,-0.287194,-0.064076,-0.287155,-0.242617,-0.068834,-0.310136,-0.281672
2026-05-27 14:50:10.775,58.799974,0.000000,0.000000,0.000000,0.032439,-0.257586,-0.304943,-0.121533,-0.269194,-0.303214,-0.044547,-0.263390,-0.304078,-0.014253,-0.277380,-0.287368,-0.063952,-0.285127,-0.242066,-0.068933,-0.312237,-0.281510
2026-05-27 14:50:10.875,58.899974,0.000000,0.000000,0.000000,0.032439,-0.257586,-0.304943,-0.121661,-0.267071,-0.303454,-0.044611,-0.262329,-0.304198,-0.014574,-0.279469,-0.287194,-0.064368,-0.283067,-0.241496,-0.068933,-0.312237,-0.281510
2026-05-27 14:50:10.975,58.999974,0.000000,0.000000,0.000000,0.032439,-0.257586,-0.304943,-0.121533,-0.269194,-0.303214,-0.044547,-0.263390,-0.304078,-0.014030,-0.279501,-0.287208,-0.064909,-0.283035,-0.241483,-0.068924,-0.312288,-0.281007
2026-05-27 14:50:11.075,59.099973,0.000000,0.000000,0.000000,0.032934,-0.255502,-0.305180,-0.121661,-0.267071,-0.303454,-0.044364,-0.261286,-0.304317,-0.014030,-0.279501,-0.287208,-0.064789,-0.281008,-0.240923,-0.068924,-0.312288,-0.281007
2026-05-27 14:50:11.175,59.199973,0.000000,0.000000,0.000000,0.032439,-0.257586,-0.304943,-0.121533,-0.269194,-0.303214,-0.044547,-0.263390,-0.304078,-0.079943,-0.302253,-0.311834,-0.064680,-0.278926,-0.240902,-0.068924,-0.312288,-0.281007
2026-05-27 14:50:11.275,59.299973,0.000000,0.000000,0.000000,0.032934,-0.255502,-0.305180,-0.121661,-0.267071,-0.303454,-0.044364,-0.261286,-0.304317,-0.014030,-0.279501,-0.287208,-0.065322,-0.281031,-0.240367,-0.068924,-0.312288,-0.281007
2026-05-27 14:50:11.375,59.399973,0.000000,0.000000,0.000000,0.032934,-0.255502,-0.305180,-0.121661,-0.267071,-0.303454,-0.044364,-0.261286,-0.304317,0.478851,0.298651,-0.329390,-0.065215,-0.278949,-0.240344,-0.068924,-0.312288,-0.281007
2026-05-27 14:50:11.475,59.499973,0.000000,0.000000,0.000000,0.032439,-0.257586,-0.304943,-0.121661,-0.267071,-0.303454,-0.044611,-0.262329,-0.304198,0.478851,0.298651,-0.329390,-0.065760,-0.278916,-0.240330,-0.068924,-0.312288,-0.281007
2026-05-27 14:50:11.575,59.599973,0.000000,0.000000,0.000000,0.032439,-0.257586,-0.304943,-0.121661,-0.267071,-0.303454,-0.044611,-0.262329,-0.304198,-0.013812,-0.281621,-0.287047,-0.065539,-0.274808,-0.239736,-0.068924,-0.312288,-0.281007
2026-05-27 14:50:11.675,59.699973,0.000000,0.000000,0.000000,0.032934,-0.255502,-0.305180,-0.121661,-0.267071,-0.303454,-0.044364,-0.261286,-0.304317,-0.014353,-0.281589,-0.287034,-0.065645,-0.276890,-0.239761,-0.068824,-0.310187,-0.281166
2026-05-27 14:50:11.775,59.799973,0.000000,0.000000,0.000000,0.032439,-0.257586,-0.304943,-0.121661,-0.267071,-0.303454,-0.044611,-0.262329,-0.304198,-0.014030,-0.279501,-0.287208,-0.065645,-0.276890,-0.239761,-0.068924,-0.312288,-0.281007
2026-05-27 14:50:11.875,59.899973,0.000000,0.000000,0.000000,0.032439,-0.257586,-0.304943,-0.121661,-0.267071,-0.303454,-0.044611,-0.262329,-0.304198,-0.014353,-0.281589,-0.287034,-0.065645,-0.276890,-0.239761,-0.068924,-0.312288,-0.281007
2026-05-27 14:50:11.975,59.999973,0.000000,0.000000,0.000000,0.032439,-0.257586,-0.304943,-0.121661,-0.267071,-0.303454,-0.044611,-0.262329,-0.304198,-0.014030,-0.279501,-0.287208,-0.065655,-0.276834,-0.240308,-0.068924,-0.312288,-0.281007
2026-05-27 14:50:12.075,60.099972,0.000000,0.000000,0.000000,0.032934,-0.255502,-0.305180,-0.121661,-0.267071,-0.303454,-0.044364,-0.261286,-0.304317,-0.014353,-0.281589,-0.287034,-0.065655,-0.276834,-0.240308,-0.068924,-0.312288,-0.281007
2026-05-27 14:50:12.175,60.199972,0.000000,0.000000,0.000000,0.032439,-0.257586,-0.304943,-0.121661,-0.267071,-0.303454,-0.044611,-0.262329,-0.304198,-0.013487,-0.279533,-0.287221,-0.065655,-0.276834,-0.240308,-0.068924,-0.312288,-0.281007
2026-05-27 14:50:12.275,60.299972,0.000000,0.000000,0.000000,0.032934,-0.255502,-0.305180,-0.121533,-0.269194,-0.303214,-0.044300,-0.262348,-0.304197,-0.014353,-0.281589,-0.287034,-0.065655,-0.276834,-0.240308,-0.068924,-0.312288,-0.281007
2026-05-27 14:50:12.375,60.399972,0.000000,0.000000,0.000000,0.032439,-0.257586,-0.304943,-0.121661,-0.267071,-0.303454,-0.044611,-0.262329,-0.304198,-0.014343,-0.281644,-0.286494,-0.065655,-0.276834,-0.240308,-0.068924,-0.312288,-0.281007
2026-05-27 14:50:12.475,60.499972,0.000000,0.000000,0.000000,0.032934,-0.255502,-0.305180,-0.121533,-0.269194,-0.303214,-0.044300,-0.262348,-0.304197,-0.014030,-0.279501,-0.287208,-0.065655,-0.276834,-0.240308,-0.068824,-0.310187,-0.281166
2026-05-27 14:50:12.575,60.599972,0.000000,0.000000,0.000000,0.032439,-0.257586,-0.304943,-0.121661,-0.267071,-0.303454,-0.044611,-0.262329,-0.304198,-0.014030,-0.279501,-0.287208,-0.065760,-0.278916,-0.240330,-0.068824,-0.310187,-0.281166
2026-05-27 14:50:12.675,60.699972,0.000000,0.000000,0.000000,0.031944,-0.259670,-0.304706,-0.121661,-0.267071,-0.303454,-0.044859,-0.263371,-0.304080,-0.014030,-0.279501,-0.287208,-0.065655,-0.276834,-0.240308,-0.068924,-0.312288,-0.281007
2026-05-27 14:50:12.775,60.799972,0.000000,0.000000,0.000000,0.032934,-0.255502,-0.305180,-0.121661,-0.267071,-0.303454,-0.044364,-0.261286,-0.304317,-0.014353,-0.281589,-0.287034,-0.065760,-0.278916,-0.240330,-0.068924,-0.312288,-0.281007
2026-05-27 14:50:12.875,60.899972,0.000000,0.000000,0.000000,0.032439,-0.257586,-0.304943,-0.121661,-0.267071,-0.303454,-0.044611,-0.262329,-0.304198,-0.014030,-0.279501,-0.287208,-0.065760,-0.278916,-0.240330,-0.068924,-0.312288,-0.281007
2026-05-27 14:50:12.975,60.999972,0.000000,0.000000,0.000000,0.032439,-0.257586,-0.304943,-0.121533,-0.269194,-0.303214,-0.044547,-0.263390,-0.304078,-0.014030,-0.279501,-0.287208,-0.065655,-0.276834,-0.240308,-0.068924,-0.312288,-0.281007
2026-05-27 14:50:13.075,61.099972,0.000000,0.000000,0.000000,0.032934,-0.255502,-0.305180,-0.121661,-0.267071,-0.303454,-0.044364,-0.261286,-0.304317,-0.014353,-0.281589,-0.287034,-0.065655,-0.276834,-0.240308,-0.068924,-0.312288,-0.281007
2026-05-27 14:50:13.175,61.199971,0.000000,0.000000,0.000000,0.031944,-0.259670,-0.304706,-0.121661,-0.267071,-0.303454,-0.044859,-0.263371,-0.304080,-0.014353,-0.281589,-0.287034,-0.065760,-0.278916,-0.240330,-0.068924,-0.312288,-0.281007
2026-05-27 14:50:13.275,61.299971,0.000000,0.000000,0.000000,0.032439,-0.257586,-0.304943,-0.121661,-0.267071,-0.303454,-0.044611,-0.262329,-0.304198,0.212606,-0.028979,-0.276486,-0.065750,-0.278972,-0.239786,-0.068824,-0.310187,-0.281166
2026-05-27 14:50:13.375,61.399971,0.000000,0.000000,0.000000,0.032439,-0.257586,-0.304943,-0.121661,-0.267071,-0.303454,-0.044611,-0.262329,-0.304198,-0.014353,-0.281589,-0.287034,-0.065750,-0.278972,-0.239786,-0.068924,-0.312288,-0.281007
2026-05-27 14:50:13.475,61.499971,0.000000,0.000000,0.000000,0.032934,-0.255502,-0.305180,-0.121661,-0.267071,-0.303454,-0.044364,-0.261286,-0.304317,-0.014353,-0.281589,-0.287034,-0.065204,-0.279004,-0.239800,-0.068924,-0.312288,-0.281007
2026-05-27 14:50:13.575,61.599971,0.000000,0.000000,0.000000,0.032439,-0.257586,-0.304943,-0.121661,-0.267071,-0.303454,-0.044611,-0.262329,-0.304198,-0.014353,-0.281589,-0.287034,-0.065204,-0.279004,-0.239800,-0.068924,-0.312288,-0.281007
2026-05-27 14:50:13.675,61.699971,0.000000,0.000000,0.000000,0.032439,-0.257586,-0.304943,-0.121661,-0.267071,-0.303454,-0.044611,-0.262329,-0.304198,-0.014353,-0.281589,-0.287034,-0.065194,-0.279059,-0.239255,-0.068924,-0.312288,-0.281007
2026-05-27 14:50:13.775,61.799971,0.000000,0.000000,0.000000,0.032934,-0.255502,-0.305180,-0.121661,-0.267071,-0.303454,-0.044364,-0.261286,-0.304317,-0.014353,-0.281589,-0.287034,-0.065194,-0.279059,-0.239255,-0.068924,-0.312288,-0.281007
2026-05-27 14:50:13.875,61.899971,0.000000,0.000000,0.000000,0.032439,-0.257586,-0.304943,-0.121661,-0.267071,-0.303454,-0.044611,-0.262329,-0.304198,-0.014353,-0.281589,-0.287034,-0.065238,-0.280155,-0.238726,-0.068924,-0.312288,-0.281007
2026-05-27 14:50:13.975,61.999971,0.000000,0.000000,0.000000,0.032934,-0.255502,-0.305180,-0.121661,-0.267071,-0.303454,-0.044364,-0.261286,-0.304317,-0.014894,-0.281557,-0.287020,-0.064748,-0.281227,-0.238754,-0.068924,-0.312288,-0.281007
2026-05-27 14:50:14.075,62.099971,0.000000,0.000000,0.000000,0.032934,-0.255502,-0.305180,-0.121661,-0.267071,-0.303454,-0.044364,-0.261286,-0.304317,-0.014353,-0.281589,-0.287034,-0.064628,-0.279201,-0.238180,-0.068924,-0.312288,-0.281007
2026-05-27 14:50:14.175,62.199970,0.000000,0.000000,0.000000,0.032439,-0.257586,-0.304943,-0.121661,-0.267071,-0.303454,-0.044611,-0.262329,-0.304198,-0.014894,-0.281557,-0.287020,-0.064628,-0.279201,-0.238180,-0.068924,-0.312288,-0.281007
2026-05-27 14:50:14.275,62.299970,0.000000,0.000000,0.000000,0.032934,-0.255502,-0.305180,-0.121661,-0.267071,-0.303454,-0.044364,-0.261286,-0.304317,-0.014894,-0.281557,-0.287020,-0.064184,-0.281369,-0.237683,-0.068924,-0.312288,-0.281007
2026-05-27 14:50:14.375,62.399970,0.000000,0.000000,0.000000,0.032934,-0.255502,-0.305180,-0.121661,-0.267071,-0.303454,-0.044364,-0.261286,-0.304317,-0.014894,-0.281557,-0.287020,-0.064174,-0.281424,-0.237141,-0.068924,-0.312288,-0.281007
2026-05-27 14:50:14.475,62.499970,0.000000,0.000000,0.000000,0.031944,-0.259670,-0.304706,-0.121533,-0.269194,-0.303214,-0.044795,-0.264432,-0.303960,-0.014894,-0.281557,-0.287020,-0.064174,-0.281424,-0.237141,-0.068924,-0.312288,-0.281007
2026-05-27 14:50:14.575,62.599970,0.000000,0.000000,0.000000,0.032934,-0.255502,-0.305180,-0.121661,-0.267071,-0.303454,-0.044364,-0.261286,-0.304317,-0.014894,-0.281557,-0.287020,-0.063735,-0.283591,-0.236651,-0.068419,-0.312318,-0.281019
2026-05-27 14:50:14.675,62.699970,0.000000,0.000000,0.000000,0.031944,-0.259670,-0.304706,-0.121661,-0.267071,-0.303454,-0.044859,-0.263371,-0.304080,0.181390,-0.058542,-0.379775,-0.063725,-0.283646,-0.236111,-0.068317,-0.310217,-0.281179
2026-05-27 14:50:14.775,62.799970,0.000000,0.000000,0.000000,0.032934,-0.255502,-0.305180,-0.121533,-0.269194,-0.303214,-0.044300,-0.262348,-0.304197,0.216768,-0.056628,-0.357975,-0.063715,-0.283700,-0.235571,-0.068317,-0.310217,-0.281179
2026-05-27 14:50:14.875,62.899970,0.000000,0.000000,0.000000,0.032439,-0.257586,-0.304943,-0.121661,-0.267071,-0.303454,-0.044611,-0.262329,-0.304198,-0.014574,-0.279469,-0.287194,-0.063174,-0.283732,-0.235585,-0.068317,-0.310217,-0.281179
2026-05-27 14:50:14.975,62.999970,0.000000,0.000000,0.000000,0.032439,-0.257586,-0.304943,-0.121661,-0.267071,-0.303454,-0.044611,-0.262329,-0.304198,-0.014894,-0.281557,-0.287020,-0.063281,-0.285866,-0.235090,-0.068317,-0.310217,-0.281179
2026-05-27 14:50:15.075,63.099970,0.000000,0.000000,0.000000,0.032439,-0.257586,-0.304943,-0.121661,-0.267071,-0.303454,-0.044611,-0.262329,-0.304198,-0.014563,-0.279523,-0.286652,-0.062732,-0.285952,-0.234566,-0.068216,-0.308117,-0.281338
2026-05-27 14:50:15.175,63.199970,0.000000,0.000000,0.000000,0.032439,-0.257586,-0.304943,-0.121533,-0.269194,-0.303214,-0.044547,-0.263390,-0.304078,-0.014243,-0.277435,-0.286823,-0.062722,-0.286006,-0.234028,-0.068317,-0.310217,-0.281179
2026-05-27 14:50:15.275,63.299969,0.000000,0.000000,0.000000,0.032439,-0.257586,-0.304943,-0.121661,-0.267071,-0.303454,-0.044611,-0.262329,-0.304198,-0.014243,-0.277435,-0.286823,-0.062831,-0.288139,-0.233543,-0.068216,-0.308117,-0.281338
2026-05-27 14:50:15.375,63.399969,0.000000,0.000000,0.000000,0.032439,-0.257586,-0.304943,-0.121789,-0.264948,-0.303694,-0.044675,-0.261267,-0.304318,-0.014243,-0.277435,-0.286823,-0.062285,-0.288225,-0.233021,-0.067706,-0.308147,-0.281350
2026-05-27 14:50:15.475,63.499969,0.000000,0.000000,0.000000,0.032934,-0.255502,-0.305180,-0.121533,-0.269194,-0.303214,-0.044300,-0.262348,-0.304197,-0.014243,-0.277435,-0.286823,-0.061614,-0.286233,-0.232442,-0.067811,-0.310247,-0.281191
2026-05-27 14:50:15.575,63.599969,0.000000,0.000000,0.000000,0.032439,-0.257586,-0.304943,-0.121661,-0.267071,-0.303454,-0.044611,-0.262329,-0.304198,-0.014243,-0.277435,-0.286823,-0.061318,-0.290474,-0.232036,-0.067706,-0.308147,-0.281350
2026-05-27 14:50:15.675,63.699969,0.000000,0.000000,0.000000,0.032934,-0.255502,-0.305180,-0.121789,-0.264948,-0.303694,-0.044428,-0.260225,-0.304437,-0.014243,-0.277435,-0.286823,-0.061318,-0.290474,-0.232036,-0.067706,-0.308147,-0.281350
2026-05-27 14:50:15.775,63.799969,0.000000,0.000000,0.000000,0.033429,-0.253418,-0.305418,-0.121661,-0.267071,-0.303454,-0.044116,-0.260244,-0.304436,-0.014243,-0.277435,-0.286823,-0.060903,-0.292636,-0.231577,-0.067811,-0.310247,-0.281191
2026-05-27 14:50:15.875,63.899969,0.000000,0.000000,0.000000,0.033429,-0.253418,-0.305418,-0.121533,-0.269194,-0.303214,-0.044052,-0.261306,-0.304316,-0.014243,-0.277435,-0.286823,-0.060361,-0.292721,-0.231060,-0.067706,-0.308147,-0.281350
2026-05-27 14:50:15.975,63.999969,0.000000,0.000000,0.000000,0.032934,-0.255502,-0.305180,-0.121533,-0.269194,-0.303214,-0.044300,-0.262348,-0.304197,-0.014243,-0.277435,-0.286823,-0.059952,-0.294883,-0.230608,-0.067811,-0.310247,-0.281191
2026-05-27 14:50:16.075,64.099969,0.000000,0.000000,0.000000,0.032439,-0.257586,-0.304943,-0.121533,-0.269194,-0.303214,-0.044547,-0.263390,-0.304078,-0.013922,-0.275347,-0.286995,-0.059809,-0.292860,-0.230011,-0.067706,-0.308147,-0.281350
2026-05-27 14:50:16.175,64.199969,0.000000,0.000000,0.000000,0.032934,-0.255502,-0.305180,-0.121533,-0.269194,-0.303214,-0.044300,-0.262348,-0.304197,-0.014243,-0.277435,-0.286823,-0.058735,-0.292977,-0.229507,-0.067197,-0.308177,-0.281363
2026-05-27 14:50:16.275,64.299968,0.000000,0.000000,0.000000,0.032439,-0.257586,-0.304943,-0.121533,-0.269194,-0.303214,-0.044547,-0.263390,-0.304078,-0.014243,-0.277435,-0.286823,-0.059001,-0.297181,-0.229121,-0.067304,-0.310277,-0.281204
2026-05-27 14:50:16.375,64.399968,0.000000,0.000000,0.000000,0.032439,-0.257586,-0.304943,-0.121661,-0.267071,-0.303454,-0.044611,-0.262329,-0.304198,-0.014243,-0.277435,-0.286823,-0.057937,-0.297296,-0.228621,-0.067294,-0.310328,-0.280698
2026-05-27 14:50:16.475,64.499968,0.000000,0.000000,0.000000,0.032934,-0.255502,-0.305180,-0.121533,-0.269194,-0.303214,-0.044300,-0.262348,-0.304197,-0.014243,-0.277435,-0.286823,-0.057254,-0.295306,-0.228031,-0.067091,-0.306077,-0.281522
2026-05-27 14:50:16.575,64.599968,0.000000,0.000000,0.000000,0.033429,-0.253418,-0.305418,-0.121661,-0.267071,-0.303454,-0.044116,-0.260244,-0.304436,-0.013922,-0.275347,-0.286995,-0.056420,-0.291243,-0.227358,-0.067188,-0.308228,-0.280855
2026-05-27 14:50:16.675,64.699968,0.000000,0.000000,0.000000,0.031944,-0.259670,-0.304706,-0.121661,-0.267071,-0.303454,-0.044859,-0.263371,-0.304080,-0.013922,-0.275347,-0.286995,-0.055726,-0.289255,-0.226757,-0.067304,-0.310277,-0.281204
2026-05-27 14:50:16.775,64.799968,0.000000,0.000000,0.000000,0.032934,-0.255502,-0.305180,-0.121533,-0.269194,-0.303214,-0.044300,-0.262348,-0.304197,-0.013374,-0.275379,-0.287009,-0.053962,-0.272756,-0.225570,-0.067188,-0.308228,-0.280855
2026-05-27 14:50:16.875,64.899968,0.000000,0.000000,0.000000,0.032934,-0.255502,-0.305180,-0.121661,-0.267071,-0.303454,-0.044364,-0.261286,-0.304317,-0.013922,-0.275347,-0.286995,-0.053243,-0.270772,-0.224945,-0.067188,-0.308228,-0.280855
2026-05-27 14:50:16.975,64.999968,0.000000,0.000000,0.000000,0.032934,-0.255502,-0.305180,-0.121661,-0.267071,-0.303454,-0.044364,-0.261286,-0.304317,-0.013374,-0.275379,-0.287009,-0.053868,-0.293689,-0.225380,-0.067294,-0.310328,-0.280698
2026-05-27 14:50:17.075,65.099968,0.000000,0.000000,0.000000,0.032439,-0.257586,-0.304943,-0.121661,-0.267071,-0.303454,-0.044611,-0.262329,-0.304198,-0.013922,-0.275347,-0.286995,-0.053316,-0.293828,-0.224332,-0.066679,-0.308258,-0.280868
2026-05-27 14:50:17.175,65.199968,0.000000,0.000000,0.000000,0.032934,-0.255502,-0.305180,-0.121533,-0.269194,-0.303214,-0.044300,-0.262348,-0.304197,-0.013364,-0.275435,-0.286462,-0.052408,-0.296016,-0.223922,-0.066679,-0.308258,-0.280868
2026-05-27 14:50:17.275,65.299968,0.000000,0.000000,0.000000,0.032934,-0.255502,-0.305180,-0.121533,-0.269194,-0.303214,-0.044300,-0.262348,-0.304197,-0.013922,-0.275347,-0.286995,-0.051868,-0.296100,-0.223407,-0.066679,-0.308258,-0.280868
2026-05-27 14:50:17.375,65.399967,0.000000,0.000000,0.000000,0.032439,-0.257586,-0.304943,-0.121789,-0.264948,-0.303694,-0.044675,-0.261267,-0.304318,-0.013364,-0.275435,-0.286462,-0.051670,-0.300326,-0.223089,-0.066679,-0.308258,-0.280868
2026-05-27 14:50:17.475,65.499967,0.000000,0.000000,0.000000,0.031944,-0.259670,-0.304706,-0.121533,-0.269194,-0.303214,-0.044795,-0.264432,-0.303960,-0.013041,-0.273347,-0.286631,-0.050960,-0.304581,-0.222792,-0.066679,-0.308258,-0.280868
2026-05-27 14:50:17.575,65.599967,0.000000,0.000000,0.000000,0.031944,-0.259670,-0.304706,-0.121661,-0.267071,-0.303454,-0.044859,-0.263371,-0.304080,-0.013591,-0.273314,-0.286617,-0.050430,-0.304664,-0.222286,-0.066679,-0.308258,-0.280868
2026-05-27 14:50:17.675,65.699967,0.000000,0.000000,0.000000,0.032934,-0.255502,-0.305180,-0.121661,-0.267071,-0.303454,-0.044364,-0.261286,-0.304317,-0.013591,-0.273314,-0.286617,-0.049015,-0.300640,-0.221582,-0.066570,-0.306158,-0.281025
2026-05-27 14:50:17.775,65.799967,0.000000,0.000000,0.000000,0.032934,-0.255502,-0.305180,-0.121533,-0.269194,-0.303214,-0.044300,-0.262348,-0.304197,-0.013270,-0.271226,-0.286787,-0.048651,-0.296502,-0.221372,-0.066570,-0.306158,-0.281025
2026-05-27 14:50:17.875,65.899967,0.000000,0.000000,0.000000,0.032934,-0.255502,-0.305180,-0.121533,-0.269194,-0.303214,-0.044300,-0.262348,-0.304197,-0.013041,-0.273347,-0.286631,-0.048651,-0.296502,-0.221372,-0.066570,-0.306158,-0.281025
2026-05-27 14:50:17.975,65.999967,0.000000,0.000000,0.000000,0.032934,-0.255502,-0.305180,-0.121661,-0.267071,-0.303454,-0.044364,-0.261286,-0.304317,-0.013591,-0.273314,-0.286617,-0.048833,-0.298571,-0.221477,-0.066679,-0.308258,-0.280868
2026-05-27 14:50:18.075,66.099967,0.000000,0.000000,0.000000,0.032439,-0.257586,-0.304943,-0.121533,-0.269194,-0.303214,-0.044547,-0.263390,-0.304078,-0.013601,-0.273259,-0.287166,-0.048833,-0.298571,-0.221477,-0.066570,-0.306158,-0.281025
2026-05-27 14:50:18.175,66.199967,0.000000,0.000000,0.000000,0.032934,-0.255502,-0.305180,-0.121661,-0.267071,-0.303454,-0.044364,-0.261286,-0.304317,-0.013270,-0.271226,-0.286787,-0.048833,-0.298571,-0.221477,-0.066570,-0.306158,-0.281025
2026-05-27 14:50:18.275,66.299967,0.000000,0.000000,0.000000,0.032934,-0.255502,-0.305180,-0.121533,-0.269194,-0.303214,-0.044300,-0.262348,-0.304197,-0.013591,-0.273314,-0.286617,-0.049730,-0.302626,-0.222196,-0.066570,-0.306158,-0.281025
2026-05-27 14:50:18.375,66.399966,0.000000,0.000000,0.000000,0.032934,-0.255502,-0.305180,-0.121533,-0.269194,-0.303214,-0.044300,-0.262348,-0.304197,-0.013270,-0.271226,-0.286787,-0.049550,-0.300556,-0.222093,-0.066679,-0.308258,-0.280868
2026-05-27 14:50:18.475,66.499966,0.000000,0.000000,0.000000,0.032934,-0.255502,-0.305180,-0.121533,-0.269194,-0.303214,-0.044300,-0.262348,-0.304197,-0.013270,-0.271226,-0.286787,-0.049730,-0.302626,-0.222196,-0.066679,-0.308258,-0.280868
2026-05-27 14:50:18.575,66.599966,0.000000,0.000000,0.000000,0.032934,-0.255502,-0.305180,-0.121661,-0.267071,-0.303454,-0.044364,-0.261286,-0.304317,-0.013270,-0.271226,-0.286787,-0.049730,-0.302626,-0.222196,-0.066570,-0.306158,-0.281025
2026-05-27 14:50:18.675,66.699966,0.000000,0.000000,0.000000,0.031944,-0.259670,-0.304706,-0.121533,-0.269194,-0.303214,-0.044795,-0.264432,-0.303960,-0.013281,-0.271170,-0.287338,-0.049550,-0.300556,-0.222093,-0.066570,-0.306158,-0.281025
2026-05-27 14:50:18.775,66.799966,0.000000,0.000000,0.000000,0.032439,-0.257586,-0.304943,-0.121661,-0.267071,-0.303454,-0.044611,-0.262329,-0.304198,-0.013591,-0.273314,-0.286617,-0.049550,-0.300556,-0.222093,-0.066570,-0.306158,-0.281025
2026-05-27 14:50:18.875,66.899966,0.000000,0.000000,0.000000,0.032934,-0.255502,-0.305180,-0.121533,-0.269194,-0.303214,-0.044300,-0.262348,-0.304197,-0.013601,-0.273259,-0.287166,-0.049730,-0.302626,-0.222196,-0.066679,-0.308258,-0.280868
2026-05-27 14:50:18.975,66.999966,0.000000,0.000000,0.000000,0.032934,-0.255502,-0.305180,-0.121789,-0.264948,-0.303694,-0.044428,-0.260225,-0.304437,-0.013591,-0.273314,-0.286617,-0.049640,-0.301591,-0.222145,-0.066570,-0.306158,-0.281025
2026-05-27 14:50:19.075,67.099966,0.000000,0.000000,0.000000,0.032439,-0.257586,-0.304943,-0.121533,-0.269194,-0.303214,-0.044547,-0.263390,-0.304078,-0.012718,-0.271259,-0.286800,-0.049550,-0.300556,-0.222093,-0.066679,-0.308258,-0.280868
2026-05-27 14:50:19.175,67.199966,0.000000,0.000000,0.000000,0.032934,-0.255502,-0.305180,-0.121661,-0.267071,-0.303454,-0.044364,-0.261286,-0.304317,-0.013041,-0.273347,-0.286631,-0.049730,-0.302626,-0.222196,-0.066570,-0.306158,-0.281025
2026-05-27 14:50:19.275,67.299966,0.000000,0.000000,0.000000,0.032934,-0.255502,-0.305180,-0.121533,-0.269194,-0.303214,-0.044300,-0.262348,-0.304197,-0.012718,-0.271259,-0.286800,-0.049550,-0.300556,-0.222093,-0.066570,-0.306158,-0.281025
2026-05-27 14:50:19.375,67.399966,0.000000,0.000000,0.000000,0.032439,-0.257586,-0.304943,-0.121661,-0.267071,-0.303454,-0.044611,-0.262329,-0.304198,-0.012718,-0.271259,-0.286800,-0.049550,-0.300556,-0.222093,-0.066679,-0.308258,-0.280868
2026-05-27 14:50:19.475,67.499965,0.000000,0.000000,0.000000,0.032934,-0.255502,-0.305180,-0.121661,-0.267071,-0.303454,-0.044364,-0.261286,-0.304317,-0.012718,-0.271259,-0.286800,-0.049550,-0.300556,-0.222093,-0.066570,-0.306158,-0.281025
2026-05-27 14:50:19.575,67.599965,0.000000,0.000000,0.000000,0.032439,-0.257586,-0.304943,-0.121533,-0.269194,-0.303214,-0.044547,-0.263390,-0.304078,-0.013041,-0.273347,-0.286631,-0.049730,-0.302626,-0.222196,-0.067188,-0.308228,-0.280855
2026-05-27 14:50:19.675,67.699965,0.000000,0.000000,0.000000,0.033429,-0.253418,-0.305418,-0.121533,-0.269194,-0.303214,-0.044052,-0.261306,-0.304316,-0.012718,-0.271259,-0.286800,-0.050090,-0.306765,-0.222402,-0.067294,-0.310328,-0.280698
2026-05-27 14:50:19.775,67.799965,0.000000,0.000000,0.000000,0.032934,-0.255502,-0.305180,-0.121533,-0.269194,-0.303214,-0.044300,-0.262348,-0.304197,-0.012165,-0.271291,-0.286814,-0.049910,-0.304695,-0.222299,-0.067188,-0.308228,-0.280855
2026-05-27 14:50:19.875,67.899965,0.000000,0.000000,0.000000,0.033429,-0.253418,-0.305418,-0.121533,-0.269194,-0.303214,-0.044052,-0.261306,-0.304316,-0.012491,-0.273379,-0.286645,-0.049910,-0.304695,-0.222299,-0.067188,-0.308228,-0.280855
2026-05-27 14:50:19.975,67.999965,0.000000,0.000000,0.000000,0.032439,-0.257586,-0.304943,-0.121661,-0.267071,-0.303454,-0.044611,-0.262329,-0.304198,-0.012491,-0.273379,-0.286645,-0.049550,-0.300556,-0.222093,-0.067188,-0.308228,-0.280855
2026-05-27 14:50:20.075,68.099965,0.000000,0.000000,0.000000,0.032934,-0.255502,-0.305180,-0.121661,-0.267071,-0.303454,-0.044364,-0.261286,-0.304317,-0.012165,-0.271291,-0.286814,-0.048661,-0.296448,-0.221900,-0.067697,-0.308198,-0.280842
2026-05-27 14:50:20.175,68.199965,0.000000,0.000000,0.000000,0.032439,-0.257586,-0.304943,-0.121533,-0.269194,-0.303214,-0.044547,-0.263390,-0.304078,-0.012165,-0.271291,-0.286814,-0.048661,-0.296448,-0.221900,-0.067593,-0.306098,-0.280999
2026-05-27 14:50:20.275,68.299965,0.000000,0.000000,0.000000,0.031944,-0.259670,-0.304706,-0.121533,-0.269194,-0.303214,-0.044795,-0.264432,-0.303960,-0.011940,-0.273412,-0.286659,-0.048671,-0.296395,-0.222429,-0.067697,-0.308198,-0.280842
2026-05-27 14:50:20.375,68.399965,0.000000,0.000000,0.000000,0.032439,-0.257586,-0.304943,-0.121533,-0.269194,-0.303214,-0.044547,-0.263390,-0.304078,-0.011940,-0.273412,-0.286659,-0.049035,-0.300534,-0.222630,-0.067697,-0.308198,-0.280842
2026-05-27 14:50:20.475,68.499964,0.000000,0.000000,0.000000,0.032439,-0.257586,-0.304943,-0.121661,-0.267071,-0.303454,-0.044611,-0.262329,-0.304198,-0.011613,-0.271324,-0.286828,-0.048478,-0.294379,-0.221797,-0.068206,-0.308168,-0.280830
2026-05-27 14:50:20.575,68.599964,0.000000,0.000000,0.000000,0.032439,-0.257586,-0.304943,-0.121533,-0.269194,-0.303214,-0.044547,-0.263390,-0.304078,-0.011613,-0.271324,-0.286828,-0.048944,-0.299499,-0.222580,-0.068206,-0.308168,-0.280830
2026-05-27 14:50:20.675,68.699964,0.000000,0.000000,0.000000,0.032439,-0.257586,-0.304943,-0.121533,-0.269194,-0.303214,-0.044547,-0.263390,-0.304078,-0.011390,-0.273444,-0.286672,-0.048141,-0.296426,-0.222442,-0.068104,-0.306068,-0.280987
2026-05-27 14:50:20.775,68.799964,0.000000,0.000000,0.000000,0.032439,-0.257586,-0.304943,-0.121661,-0.267071,-0.303454,-0.044611,-0.262329,-0.304198,-0.011060,-0.271357,-0.286842,-0.048325,-0.298496,-0.222543,-0.068104,-0.306068,-0.280987
2026-05-27 14:50:20.875,68.899964,0.000000,0.000000,0.000000,0.032934,-0.255502,-0.305180,-0.121533,-0.269194,-0.303214,-0.044300,-0.262348,-0.304197,-0.011390,-0.273444,-0.286672,-0.048879,-0.304704,-0.222844,-0.068914,-0.312339,-0.280503
2026-05-27 14:50:20.975,68.999964,0.000000,0.000000,0.000000,0.032439,-0.257586,-0.304943,-0.121661,-0.267071,-0.303454,-0.044611,-0.262329,-0.304198,-0.011720,-0.275532,-0.286503,-0.048545,-0.306804,-0.222958,-0.068914,-0.312339,-0.280503
2026-05-27 14:50:21.075,69.099964,0.000000,0.000000,0.000000,0.031944,-0.259670,-0.304706,-0.121661,-0.267071,-0.303454,-0.044859,-0.263371,-0.304080,-0.011720,-0.275532,-0.286503,-0.048358,-0.304735,-0.222857,-0.068914,-0.312339,-0.280503
2026-05-27 14:50:21.175,69.199964,0.000000,0.000000,0.000000,0.032439,-0.257586,-0.304943,-0.121661,-0.267071,-0.303454,-0.044611,-0.262329,-0.304198,-0.011172,-0.275564,-0.286516,-0.048358,-0.304735,-0.222857,-0.069321,-0.310209,-0.280648
2026-05-27 14:50:21.275,69.299964,0.000000,0.000000,0.000000,0.032439,-0.257586,-0.304943,-0.121533,-0.269194,-0.303214,-0.044547,-0.263390,-0.304078,-0.011172,-0.275564,-0.286516,-0.048358,-0.304735,-0.222857,-0.069419,-0.312309,-0.280491
2026-05-27 14:50:21.375,69.399964,0.000000,0.000000,0.000000,0.032439,-0.257586,-0.304943,-0.121661,-0.267071,-0.303454,-0.044611,-0.262329,-0.304198,-0.010840,-0.273477,-0.286686,-0.048027,-0.306835,-0.222971,-0.069419,-0.312309,-0.280491
2026-05-27 14:50:21.475,69.499964,0.000000,0.000000,0.000000,0.031944,-0.259670,-0.304706,-0.121661,-0.267071,-0.303454,-0.044859,-0.263371,-0.304080,-0.011172,-0.275564,-0.286516,-0.048027,-0.306835,-0.222971,-0.069419,-0.312309,-0.280491
2026-05-27 14:50:21.575,69.599963,0.000000,0.000000,0.000000,0.032934,-0.255502,-0.305180,-0.121661,-0.267071,-0.303454,-0.044364,-0.261286,-0.304317,-0.010625,-0.275596,-0.286530,-0.048027,-0.306835,-0.222971,-0.069923,-0.312279,-0.280478
2026-05-27 14:50:21.675,69.699963,0.000000,0.000000,0.000000,0.032934,-0.255502,-0.305180,-0.121661,-0.267071,-0.303454,-0.044364,-0.261286,-0.304317,-0.010635,-0.275541,-0.287077,-0.047317,-0.304796,-0.222883,-0.070018,-0.314380,-0.280321
2026-05-27 14:50:21.775,69.799963,0.000000,0.000000,0.000000,0.032439,-0.257586,-0.304943,-0.121533,-0.269194,-0.303214,-0.044547,-0.263390,-0.304078,-0.010635,-0.275541,-0.287077,-0.047709,-0.308882,-0.223599,-0.069828,-0.310179,-0.280635
2026-05-27 14:50:21.875,69.899963,0.000000,0.000000,0.000000,0.032439,-0.257586,-0.304943,-0.121661,-0.267071,-0.303454,-0.044611,-0.262329,-0.304198,-0.010635,-0.275541,-0.287077,-0.047709,-0.308882,-0.223599,-0.070018,-0.314380,-0.280321
2026-05-27 14:50:21.975,69.999963,0.000000,0.000000,0.000000,0.032934,-0.255502,-0.305180,-0.121661,-0.267071,-0.303454,-0.044364,-0.261286,-0.304317,-0.010969,-0.277628,-0.286905,-0.047709,-0.308882,-0.223599,-0.070613,-0.316451,-0.280152
2026-05-27 14:50:22.075,70.099963,0.000000,0.000000,0.000000,0.032439,-0.257586,-0.304943,-0.121533,-0.269194,-0.303214,-0.044547,-0.263390,-0.304078,-0.009750,-0.273486,-0.287262,-0.047709,-0.308882,-0.223599,-0.070521,-0.314350,-0.280309
2026-05-27 14:50:22.175,70.199963,0.000000,0.000000,0.000000,0.032439,-0.257586,-0.304943,-0.121661,-0.267071,-0.303454,-0.044611,-0.262329,-0.304198,-0.010087,-0.275573,-0.287090,-0.047000,-0.306844,-0.223514,-0.070521,-0.314350,-0.280309
2026-05-27 14:50:22.275,70.299963,0.000000,0.000000,0.000000,0.032439,-0.257586,-0.304943,-0.121533,-0.269194,-0.303214,-0.044547,-0.263390,-0.304078,-0.010087,-0.275573,-0.287090,-0.047528,-0.306761,-0.224018,-0.070623,-0.316401,-0.280651
2026-05-27 14:50:22.375,70.399963,0.000000,0.000000,0.000000,0.032439,-0.257586,-0.304943,-0.121113,-0.267103,-0.303468,-0.044337,-0.262345,-0.304205,-0.009761,-0.273430,-0.287811,-0.047910,-0.310900,-0.224210,-0.071123,-0.316371,-0.280639
2026-05-27 14:50:22.475,70.499963,0.000000,0.000000,0.000000,0.031944,-0.259670,-0.304706,-0.121661,-0.267071,-0.303454,-0.044859,-0.263371,-0.304080,-0.009550,-0.275550,-0.287651,-0.047010,-0.306791,-0.224031,-0.071123,-0.316371,-0.280639
2026-05-27 14:50:22.575,70.599962,0.000000,0.000000,0.000000,0.033429,-0.253418,-0.305418,-0.121533,-0.269194,-0.303214,-0.044052,-0.261306,-0.304316,-0.009550,-0.275550,-0.287651,-0.047020,-0.306739,-0.224548,-0.071032,-0.314270,-0.280798
2026-05-27 14:50:22.675,70.699962,0.000000,0.000000,0.000000,0.032439,-0.257586,-0.304943,-0.121661,-0.267071,-0.303454,-0.044611,-0.262329,-0.304198,-0.009550,-0.275550,-0.287651,-0.046826,-0.304669,-0.224454,-0.071623,-0.316342,-0.280626
2026-05-27 14:50:22.775,70.799962,0.000000,0.000000,0.000000,0.032439,-0.257586,-0.304943,-0.121533,-0.269194,-0.303214,-0.044547,-0.263390,-0.304078,-0.009550,-0.275550,-0.287651,-0.047020,-0.306739,-0.224548,-0.071446,-0.312139,-0.280944
2026-05-27 14:50:22.875,70.899962,0.000000,0.000000,0.000000,0.032934,-0.255502,-0.305180,-0.121661,-0.267071,-0.303454,-0.044364,-0.261286,-0.304317,-0.009002,-0.275583,-0.287664,-0.046836,-0.304617,-0.224974,-0.071711,-0.318443,-0.280467
2026-05-27 14:50:22.975,70.999962,0.000000,0.000000,0.000000,0.033429,-0.253418,-0.305418,-0.121533,-0.269194,-0.303214,-0.044052,-0.261306,-0.304316,-0.009002,-0.275583,-0.287664,-0.047223,-0.308756,-0.225156,-0.072218,-0.318363,-0.280952
2026-05-27 14:50:23.075,71.099962,0.000000,0.000000,0.000000,0.032934,-0.255502,-0.305180,-0.121661,-0.267071,-0.303454,-0.044364,-0.261286,-0.304317,-0.009002,-0.275583,-0.287664,-0.046521,-0.306665,-0.225595,-0.072218,-0.318363,-0.280952
2026-05-27 14:50:23.175,71.199962,0.000000,0.000000,0.000000,0.032439,-0.257586,-0.304943,-0.121661,-0.267071,-0.303454,-0.044611,-0.262329,-0.304198,-0.009002,-0.275583,-0.287664,-0.046325,-0.304595,-0.225506,-0.072132,-0.316262,-0.281113
2026-05-27 14:50:23.275,71.299962,0.000000,0.000000,0.000000,0.032934,-0.255502,-0.305180,-0.121533,-0.269194,-0.303214,-0.044300,-0.262348,-0.304197,-0.008808,-0.277647,-0.288048,-0.047242,-0.308652,-0.226186,-0.072632,-0.316232,-0.281100
2026-05-27 14:50:23.375,71.399962,0.000000,0.000000,0.000000,0.031944,-0.259670,-0.304706,-0.121661,-0.267071,-0.303454,-0.044859,-0.263371,-0.304080,-0.008464,-0.275560,-0.288225,-0.045127,-0.285824,-0.225772,-0.072632,-0.316232,-0.281100
2026-05-27 14:50:23.475,71.499962,0.000000,0.000000,0.000000,0.032934,-0.255502,-0.305180,-0.121533,-0.269194,-0.303214,-0.044300,-0.262348,-0.304197,-0.008808,-0.277647,-0.288048,-0.045320,-0.287895,-0.225856,-0.072716,-0.318334,-0.280939
2026-05-27 14:50:23.575,71.599962,0.000000,0.000000,0.000000,0.033429,-0.253418,-0.305418,-0.121533,-0.269194,-0.303214,-0.044052,-0.261306,-0.304316,-0.008808,-0.277647,-0.288048,-0.043195,-0.265119,-0.224927,-0.072725,-0.318284,-0.281436
2026-05-27 14:50:23.675,71.699961,0.000000,0.000000,0.000000,0.031944,-0.259670,-0.304706,-0.121661,-0.267071,-0.303454,-0.044859,-0.263371,-0.304080,-0.008464,-0.275560,-0.288225,-0.047069,-0.306477,-0.227134,-0.072725,-0.318284,-0.281436
2026-05-27 14:50:23.775,71.799961,0.000000,0.000000,0.000000,0.032439,-0.257586,-0.304943,-0.121533,-0.269194,-0.303214,-0.044547,-0.263390,-0.304078,-0.008808,-0.277647,-0.288048,-0.045716,-0.291982,-0.226558,-0.072725,-0.318284,-0.281436
2026-05-27 14:50:23.875,71.899961,0.000000,0.000000,0.000000,0.032934,-0.255502,-0.305180,-0.121661,-0.267071,-0.303454,-0.044364,-0.261286,-0.304317,-0.008808,-0.277647,-0.288048,-0.045523,-0.289911,-0.226476,-0.072725,-0.318284,-0.281436
2026-05-27 14:50:23.975,71.999961,0.000000,0.000000,0.000000,0.032439,-0.257586,-0.304943,-0.121661,-0.267071,-0.303454,-0.044611,-0.262329,-0.304198,-0.008464,-0.275560,-0.288225,-0.047262,-0.308548,-0.227216,-0.072641,-0.316182,-0.281599
2026-05-27 14:50:24.075,72.099961,0.000000,0.000000,0.000000,0.032439,-0.257586,-0.304943,-0.121661,-0.267071,-0.303454,-0.044611,-0.262329,-0.304198,-0.008464,-0.275560,-0.288225,-0.043978,-0.273345,-0.225819,-0.072641,-0.316182,-0.281599
2026-05-27 14:50:24.175,72.199961,0.000000,0.000000,0.000000,0.032934,-0.255502,-0.305180,-0.121661,-0.267071,-0.303454,-0.044364,-0.261286,-0.304317,-0.008464,-0.275560,-0.288225,-0.043195,-0.265119,-0.224927,-0.072725,-0.318284,-0.281436
2026-05-27 14:50:24.275,72.299961,0.000000,0.000000,0.000000,0.032439,-0.257586,-0.304943,-0.121661,-0.267071,-0.303454,-0.044611,-0.262329,-0.304198,-0.008808,-0.277647,-0.288048,-0.047648,-0.312689,-0.227380,-0.072641,-0.316182,-0.281599
2026-05-27 14:50:24.375,72.399961,0.000000,0.000000,0.000000,0.032439,-0.257586,-0.304943,-0.121661,-0.267071,-0.303454,-0.044611,-0.262329,-0.304198,-0.008464,-0.275560,-0.288225,-0.043291,-0.266154,-0.224970,-0.072809,-0.320386,-0.281272
2026-05-27 14:50:24.475,72.499961,0.000000,0.000000,0.000000,0.032934,-0.255502,-0.305180,-0.121789,-0.264948,-0.303694,-0.044428,-0.260225,-0.304437,-0.008464,-0.275560,-0.288225,-0.045127,-0.285824,-0.225772,-0.072716,-0.318334,-0.280939
2026-05-27 14:50:24.575,72.599961,0.000000,0.000000,0.000000,0.032439,-0.257586,-0.304943,-0.121661,-0.267071,-0.303454,-0.044611,-0.262329,-0.304198,-0.008464,-0.275560,-0.288225,-0.043001,-0.263048,-0.224843,-0.072641,-0.316182,-0.281599
2026-05-27 14:50:24.675,72.699960,0.000000,0.000000,0.000000,0.032934,-0.255502,-0.305180,-0.121533,-0.269194,-0.303214,-0.044300,-0.262348,-0.304197,-0.008464,-0.275560,-0.288225,-0.045910,-0.294053,-0.226640,-0.072632,-0.316232,-0.281100
2026-05-27 14:50:24.775,72.799960,0.000000,0.000000,0.000000,0.032439,-0.257586,-0.304943,-0.121661,-0.267071,-0.303454,-0.044611,-0.262329,-0.304198,-0.008464,-0.275560,-0.288225,-0.045127,-0.285824,-0.225772,-0.072716,-0.318334,-0.280939
2026-05-27 14:50:24.875,72.899960,0.000000,0.000000,0.000000,0.032439,-0.257586,-0.304943,-0.121661,-0.267071,-0.303454,-0.044611,-0.262329,-0.304198,-0.008464,-0.275560,-0.288225,-0.045716,-0.291982,-0.226558,-0.072725,-0.318284,-0.281436
2026-05-27 14:50:24.975,72.999960,0.000000,0.000000,0.000000,0.031448,-0.261755,-0.304468,-0.121661,-0.267071,-0.303454,-0.045106,-0.264413,-0.303961,-0.008808,-0.277647,-0.288048,-0.047069,-0.306477,-0.227134,-0.072641,-0.316182,-0.281599
2026-05-27 14:50:25.075,73.099960,0.000000,0.000000,0.000000,0.032439,-0.257586,-0.304943,-0.121661,-0.267071,-0.303454,-0.044611,-0.262329,-0.304198,-0.008464,-0.275560,-0.288225,-0.047561,-0.311602,-0.227850,-0.072548,-0.314130,-0.281261
2026-05-27 14:50:25.175,73.199960,0.000000,0.000000,0.000000,0.032934,-0.255502,-0.305180,-0.121789,-0.264948,-0.303694,-0.044428,-0.260225,-0.304437,-0.008464,-0.275560,-0.288225,-0.047088,-0.306373,-0.228168,-0.072632,-0.316232,-0.281100
2026-05-27 14:50:25.275,73.299960,0.000000,0.000000,0.000000,0.032934,-0.255502,-0.305180,-0.121661,-0.267071,-0.303454,-0.044364,-0.261286,-0.304317,-0.009012,-0.275527,-0.288211,-0.047291,-0.308392,-0.228760,-0.072548,-0.314130,-0.281261
2026-05-27 14:50:25.375,73.399960,0.000000,0.000000,0.000000,0.032934,-0.255502,-0.305180,-0.121661,-0.267071,-0.303454,-0.044364,-0.261286,-0.304317,-0.009353,-0.277615,-0.288035,-0.047817,-0.308309,-0.229262,-0.072218,-0.318363,-0.280952
2026-05-27 14:50:25.475,73.499960,0.000000,0.000000,0.000000,0.032439,-0.257586,-0.304943,-0.121533,-0.269194,-0.303214,-0.044547,-0.263390,-0.304078,-0.009353,-0.277615,-0.288035,-0.048858,-0.308196,-0.229751,-0.072632,-0.316232,-0.281100
2026-05-27 14:50:25.575,73.599960,0.000000,0.000000,0.000000,0.032439,-0.257586,-0.304943,-0.121533,-0.269194,-0.303214,-0.044547,-0.263390,-0.304078,-0.009012,-0.275527,-0.288211,-0.049935,-0.314332,-0.230460,-0.072632,-0.316232,-0.281100
2026-05-27 14:50:25.675,73.699960,0.000000,0.000000,0.000000,0.032439,-0.257586,-0.304943,-0.121661,-0.267071,-0.303454,-0.044611,-0.262329,-0.304198,-0.009694,-0.279702,-0.287858,-0.050635,-0.316323,-0.231022,-0.072548,-0.314130,-0.281261
2026-05-27 14:50:25.775,73.799959,0.000000,0.000000,0.000000,0.032439,-0.257586,-0.304943,-0.121661,-0.267071,-0.303454,-0.044611,-0.262329,-0.304198,-0.009353,-0.277615,-0.288035,-0.051152,-0.316242,-0.231515,-0.072641,-0.316182,-0.281599
2026-05-27 14:50:25.875,73.899959,0.000000,0.000000,0.000000,0.032439,-0.257586,-0.304943,-0.121533,-0.269194,-0.303214,-0.044547,-0.263390,-0.304078,-0.009694,-0.279702,-0.287858,-0.052022,-0.320308,-0.232132,-0.072725,-0.318284,-0.281436
2026-05-27 14:50:25.975,73.999959,0.000000,0.000000,0.000000,0.031944,-0.259670,-0.304706,-0.121533,-0.269194,-0.303214,-0.044795,-0.264432,-0.303960,-0.009694,-0.279702,-0.287858,-0.053036,-0.320198,-0.232608,-0.072641,-0.316182,-0.281599
2026-05-27 14:50:26.075,74.099959,0.000000,0.000000,0.000000,0.032439,-0.257586,-0.304943,-0.121661,-0.267071,-0.303454,-0.044611,-0.262329,-0.304198,-0.010036,-0.281790,-0.287682,-0.052873,-0.318073,-0.233052,-0.073141,-0.316152,-0.281587
2026-05-27 14:50:26.175,74.199959,0.000000,0.000000,0.000000,0.032439,-0.257586,-0.304943,-0.121661,-0.267071,-0.303454,-0.044611,-0.262329,-0.304198,-0.009353,-0.277615,-0.288035,-0.052873,-0.318073,-0.233052,-0.073141,-0.316152,-0.281587
2026-05-27 14:50:26.275,74.299959,0.000000,0.000000,0.000000,0.032439,-0.257586,-0.304943,-0.121661,-0.267071,-0.303454,-0.044611,-0.262329,-0.304198,-0.010036,-0.281790,-0.287682,-0.052873,-0.318073,-0.233052,-0.073141,-0.316152,-0.281587
2026-05-27 14:50:26.375,74.399959,0.000000,0.000000,0.000000,0.032934,-0.255502,-0.305180,-0.121661,-0.267071,-0.303454,-0.044364,-0.261286,-0.304317,-0.009694,-0.279702,-0.287858,-0.052873,-0.318073,-0.233052,-0.073141,-0.316152,-0.281587
2026-05-27 14:50:26.475,74.499959,0.000000,0.000000,0.000000,0.032934,-0.255502,-0.305180,-0.121533,-0.269194,-0.303214,-0.044300,-0.262348,-0.304197,-0.009694,-0.279702,-0.287858,-0.052873,-0.318073,-0.233052,-0.073141,-0.316152,-0.281587
2026-05-27 14:50:26.575,74.599959,0.000000,0.000000,0.000000,0.032439,-0.257586,-0.304943,-0.121661,-0.267071,-0.303454,-0.044611,-0.262329,-0.304198,-0.009694,-0.279702,-0.287858,-0.052701,-0.315999,-0.232994,-0.073141,-0.316152,-0.281587
2026-05-27 14:50:26.675,74.699959,0.000000,0.000000,0.000000,0.032934,-0.255502,-0.305180,-0.121661,-0.267071,-0.303454,-0.044364,-0.261286,-0.304317,-0.009353,-0.277615,-0.288035,-0.052873,-0.318073,-0.233052,-0.073141,-0.316152,-0.281587
2026-05-27 14:50:26.775,74.799958,0.000000,0.000000,0.000000,0.032439,-0.257586,-0.304943,-0.121661,-0.267071,-0.303454,-0.044611,-0.262329,-0.304198,-0.009694,-0.279702,-0.287858,-0.052701,-0.315999,-0.232994,-0.073141,-0.316152,-0.281587
2026-05-27 14:50:26.875,74.899958,0.000000,0.000000,0.000000,0.032439,-0.257586,-0.304943,-0.121661,-0.267071,-0.303454,-0.044611,-0.262329,-0.304198,-0.009694,-0.279702,-0.287858,-0.052873,-0.318073,-0.233052,-0.073060,-0.314050,-0.281750
2026-05-27 14:50:26.975,74.999958,0.000000,0.000000,0.000000,0.032439,-0.257586,-0.304943,-0.121239,-0.264981,-0.303708,-0.044400,-0.261283,-0.304325,-0.009694,-0.279702,-0.287858,-0.052873,-0.318073,-0.233052,-0.073060,-0.314050,-0.281750
2026-05-27 14:50:27.075,75.099958,0.000000,0.000000,0.000000,0.032439,-0.257586,-0.304943,-0.121661,-0.267071,-0.303454,-0.044611,-0.262329,-0.304198,-0.009694,-0.279702,-0.287858,-0.052701,-0.315999,-0.232994,-0.073141,-0.316152,-0.281587
2026-05-27 14:50:27.175,75.199958,0.000000,0.000000,0.000000,0.032934,-0.255502,-0.305180,-0.121533,-0.269194,-0.303214,-0.044300,-0.262348,-0.304197,-0.009694,-0.279702,-0.287858,-0.052701,-0.315999,-0.232994,-0.073141,-0.316152,-0.281587
2026-05-27 14:50:27.275,75.299958,0.000000,0.000000,0.000000,0.032934,-0.255502,-0.305180,-0.121661,-0.267071,-0.303454,-0.044364,-0.261286,-0.304317,-0.009694,-0.279702,-0.287858,-0.052529,-0.313924,-0.232936,-0.073060,-0.314050,-0.281750
2026-05-27 14:50:27.375,75.399958,0.000000,0.000000,0.000000,0.032439,-0.257586,-0.304943,-0.121113,-0.267103,-0.303468,-0.044337,-0.262345,-0.304205,-0.009694,-0.279702,-0.287858,-0.052873,-0.318073,-0.233052,-0.073141,-0.316152,-0.281587
2026-05-27 14:50:27.475,75.499958,0.000000,0.000000,0.000000,0.032934,-0.255502,-0.305180,-0.121113,-0.267103,-0.303468,-0.044090,-0.261303,-0.304324,-0.009353,-0.277615,-0.288035,-0.052701,-0.315999,-0.232994,-0.073141,-0.316152,-0.281587
2026-05-27 14:50:27.575,75.599958,0.000000,0.000000,0.000000,0.032934,-0.255502,-0.305180,-0.121661,-0.267071,-0.303454,-0.044364,-0.261286,-0.304317,-0.009353,-0.277615,-0.288035,-0.052529,-0.313924,-0.232936,-0.073060,-0.314050,-0.281750
2026-05-27 14:50:27.675,75.699958,0.000000,0.000000,0.000000,0.032439,-0.257586,-0.304943,-0.121661,-0.267071,-0.303454,-0.044611,-0.262329,-0.304198,-0.009694,-0.279702,-0.287858,-0.052701,-0.315999,-0.232994,-0.073060,-0.314050,-0.281750
2026-05-27 14:50:27.775,75.799958,0.000000,0.000000,0.000000,0.032934,-0.255502,-0.305180,-0.121661,-0.267071,-0.303454,-0.044364,-0.261286,-0.304317,-0.009694,-0.279702,-0.287858,-0.052873,-0.318073,-0.233052,-0.073060,-0.314050,-0.281750
2026-05-27 14:50:27.875,75.899957,0.000000,0.000000,0.000000,0.032934,-0.255502,-0.305180,-0.121661,-0.267071,-0.303454,-0.044364,-0.261286,-0.304317,-0.009353,-0.277615,-0.288035,-0.052701,-0.315999,-0.232994,-0.073060,-0.314050,-0.281750
2026-05-27 14:50:27.975,75.999957,0.000000,0.000000,0.000000,0.032439,-0.257586,-0.304943,-0.121113,-0.267103,-0.303468,-0.044337,-0.262345,-0.304205,-0.009694,-0.279702,-0.287858,-0.052873,-0.318073,-0.233052,-0.072641,-0.316182,-0.281599
2026-05-27 14:50:28.075,76.099957,0.000000,0.000000,0.000000,0.032934,-0.255502,-0.305180,-0.121661,-0.267071,-0.303454,-0.044364,-0.261286,-0.304317,-0.009694,-0.279702,-0.287858,-0.052701,-0.315999,-0.232994,-0.073141,-0.316152,-0.281587
2026-05-27 14:50:28.175,76.199957,0.000000,0.000000,0.000000,0.032934,-0.255502,-0.305180,-0.121533,-0.269194,-0.303214,-0.044300,-0.262348,-0.304197,-0.009694,-0.279702,-0.287858,-0.052873,-0.318073,-0.233052,-0.072641,-0.316182,-0.281599
2026-05-27 14:50:28.275,76.299957,0.000000,0.000000,0.000000,0.032934,-0.255502,-0.305180,-0.121113,-0.267103,-0.303468,-0.044090,-0.261303,-0.304324,-0.009694,-0.279702,-0.287858,-0.052701,-0.315999,-0.232994,-0.073141,-0.316152,-0.281587
2026-05-27 14:50:28.375,76.399957,0.000000,0.000000,0.000000,0.032934,-0.255502,-0.305180,-0.121672,-0.267016,-0.304001,-0.044369,-0.261259,-0.304590,-0.009694,-0.279702,-0.287858,-0.052873,-0.318073,-0.233052,-0.073141,-0.316152,-0.281587
2026-05-27 14:50:28.475,76.499957,0.000000,0.000000,0.000000,0.032934,-0.255502,-0.305180,-0.121661,-0.267071,-0.303454,-0.044364,-0.261286,-0.304317,-0.009694,-0.279702,-0.287858,-0.052020,-0.313954,-0.232949,-0.072641,-0.316182,-0.281599
2026-05-27 14:50:28.575,76.599957,0.000000,0.000000,0.000000,0.032934,-0.255502,-0.305180,-0.121661,-0.267071,-0.303454,-0.044364,-0.261286,-0.304317,-0.009694,-0.279702,-0.287858,-0.052529,-0.313924,-0.232936,-0.072641,-0.316182,-0.281599
2026-05-27 14:50:28.675,76.699957,0.000000,0.000000,0.000000,0.032934,-0.255502,-0.305180,-0.121661,-0.267071,-0.303454,-0.044364,-0.261286,-0.304317,-0.009694,-0.279702,-0.287858,-0.052701,-0.315999,-0.232994,-0.072558,-0.314080,-0.281762
2026-05-27 14:50:28.775,76.799957,0.000000,0.000000,0.000000,0.033429,-0.253418,-0.305418,-0.121661,-0.267071,-0.303454,-0.044116,-0.260244,-0.304436,-0.009694,-0.279702,-0.287858,-0.052873,-0.318073,-0.233052,-0.073060,-0.314050,-0.281750
2026-05-27 14:50:28.875,76.899956,0.000000,0.000000,0.000000,0.032439,-0.257586,-0.304943,-0.121661,-0.267071,-0.303454,-0.044611,-0.262329,-0.304198,-0.009694,-0.279702,-0.287858,-0.052873,-0.318073,-0.233052,-0.072641,-0.316182,-0.281599
2026-05-27 14:50:28.975,76.999956,0.000000,0.000000,0.000000,0.032934,-0.255502,-0.305180,-0.121533,-0.269194,-0.303214,-0.044300,-0.262348,-0.304197,-0.010036,-0.281790,-0.287682,-0.052529,-0.313924,-0.232936,-0.072641,-0.316182,-0.281599
2026-05-27 14:50:29.075,77.099956,0.000000,0.000000,0.000000,0.032934,-0.255502,-0.305180,-0.121533,-0.269194,-0.303214,-0.044300,-0.262348,-0.304197,-0.009694,-0.279702,-0.287858,-0.052873,-0.318073,-0.233052,-0.072641,-0.316182,-0.281599
2026-05-27 14:50:29.175,77.199956,0.000000,0.000000,0.000000,0.033429,-0.253418,-0.305418,-0.121533,-0.269194,-0.303214,-0.044052,-0.261306,-0.304316,-0.009694,-0.279702,-0.287858,-0.052873,-0.318073,-0.233052,-0.072641,-0.316182,-0.281599
2026-05-27 14:50:29.275,77.299956,0.000000,0.000000,0.000000,0.032439,-0.257586,-0.304943,-0.121533,-0.269194,-0.303214,-0.044547,-0.263390,-0.304078,-0.010036,-0.281790,-0.287682,-0.053045,-0.320148,-0.233109,-0.072641,-0.316182,-0.281599
2026-05-27 14:50:29.375,77.399956,0.000000,0.000000,0.000000,0.032439,-0.257586,-0.304943,-0.121113,-0.267103,-0.303468,-0.044337,-0.262345,-0.304205,-0.010036,-0.281790,-0.287682,-0.052368,-0.318103,-0.233064,-0.072641,-0.316182,-0.281599
2026-05-27 14:50:29.475,77.499956,0.000000,0.000000,0.000000,0.032934,-0.255502,-0.305180,-0.121661,-0.267071,-0.303454,-0.044364,-0.261286,-0.304317,-0.009694,-0.279702,-0.287858,-0.052701,-0.315999,-0.232994,-0.072641,-0.316182,-0.281599
2026-05-27 14:50:29.575,77.599956,0.000000,0.000000,0.000000,0.032439,-0.257586,-0.304943,-0.121661,-0.267071,-0.303454,-0.044611,-0.262329,-0.304198,-0.010036,-0.281790,-0.287682,-0.052368,-0.318103,-0.233064,-0.072641,-0.316182,-0.281599
2026-05-27 14:50:29.675,77.699956,0.000000,0.000000,0.000000,0.032934,-0.255502,-0.305180,-0.121661,-0.267071,-0.303454,-0.044364,-0.261286,-0.304317,-0.009694,-0.279702,-0.287858,-0.053045,-0.320148,-0.233109,-0.072641,-0.316182,-0.281599
2026-05-27 14:50:29.775,77.799956,0.000000,0.000000,0.000000,0.032934,-0.255502,-0.305180,-0.121661,-0.267071,-0.303454,-0.044364,-0.261286,-0.304317,-0.009694,-0.279702,-0.287858,-0.052873,-0.318073,-0.233052,-0.072641,-0.316182,-0.281599
2026-05-27 14:50:29.875,77.899956,0.000000,0.000000,0.000000,0.033429,-0.253418,-0.305418,-0.120988,-0.269226,-0.303227,-0.043779,-0.261322,-0.304323,-0.010036,-0.281790,-0.287682,-0.052873,-0.318073,-0.233052,-0.072558,-0.314080,-0.281762
2026-05-27 14:50:29.975,77.999955,0.000000,0.000000,0.000000,0.032934,-0.255502,-0.305180,-0.121661,-0.267071,-0.303454,-0.044364,-0.261286,-0.304317,-0.009694,-0.279702,-0.287858,-0.052701,-0.315999,-0.232994,-0.072641,-0.316182,-0.281599
2026-05-27 14:50:30.075,78.099955,0.000000,0.000000,0.000000,0.032934,-0.255502,-0.305180,-0.121661,-0.267071,-0.303454,-0.044364,-0.261286,-0.304317,-0.009524,-0.278659,-0.287946,-0.052701,-0.315999,-0.232994,-0.072641,-0.316182,-0.281599
2026-05-27 14:50:30.175,78.199955,0.000000,0.000000,0.000000,0.032439,-0.257586,-0.304943,-0.121533,-0.269194,-0.303214,-0.044547,-0.263390,-0.304078,-0.009694,-0.279702,-0.287858,-0.052543,-0.320177,-0.233122,-0.072641,-0.316182,-0.281599
2026-05-27 14:50:30.275,78.299955,0.000000,0.000000,0.000000,0.032934,-0.255502,-0.305180,-0.121533,-0.269194,-0.303214,-0.044300,-0.262348,-0.304197,-0.009694,-0.279702,-0.287858,-0.052701,-0.315999,-0.232994,-0.072725,-0.318284,-0.281436
2026-05-27 14:50:30.375,78.399955,0.000000,0.000000,0.000000,0.032934,-0.255502,-0.305180,-0.121661,-0.267071,-0.303454,-0.044364,-0.261286,-0.304317,-0.010036,-0.281790,-0.287682,-0.053036,-0.320198,-0.232608,-0.072558,-0.314080,-0.281762
2026-05-27 14:50:30.475,78.499955,0.000000,0.000000,0.000000,0.032439,-0.257586,-0.304943,-0.121661,-0.267071,-0.303454,-0.044611,-0.262329,-0.304198,-0.009694,-0.279702,-0.287858,-0.052863,-0.318124,-0.232548,-0.072641,-0.316182,-0.281599
2026-05-27 14:50:30.575,78.599955,0.000000,0.000000,0.000000,0.031944,-0.259670,-0.304706,-0.121661,-0.267071,-0.303454,-0.044859,-0.263371,-0.304080,-0.009694,-0.279702,-0.287858,-0.052194,-0.316029,-0.233007,-0.072641,-0.316182,-0.281599
2026-05-27 14:50:30.675,78.699955,0.000000,0.000000,0.000000,0.032439,-0.257586,-0.304943,-0.121661,-0.267071,-0.303454,-0.044611,-0.262329,-0.304198,-0.010577,-0.281758,-0.287668,-0.052368,-0.318103,-0.233064,-0.072641,-0.316182,-0.281599
2026-05-27 14:50:30.775,78.799955,0.000000,0.000000,0.000000,0.032934,-0.255502,-0.305180,-0.121533,-0.269194,-0.303214,-0.044300,-0.262348,-0.304197,-0.009694,-0.279702,-0.287858,-0.052873,-0.318073,-0.233052,-0.072641,-0.316182,-0.281599
2026-05-27 14:50:30.875,78.899955,0.000000,0.000000,0.000000,0.032439,-0.257586,-0.304943,-0.121533,-0.269194,-0.303214,-0.044547,-0.263390,-0.304078,-0.009694,-0.279702,-0.287858,-0.053036,-0.320198,-0.232608,-0.072641,-0.316182,-0.281599
2026-05-27 14:50:30.975,78.999954,0.000000,0.000000,0.000000,0.032439,-0.257586,-0.304943,-0.121113,-0.267103,-0.303468,-0.044337,-0.262345,-0.304205,-0.009694,-0.279702,-0.287858,-0.052873,-0.318073,-0.233052,-0.072641,-0.316182,-0.281599
2026-05-27 14:50:31.075,79.099954,0.000000,0.000000,0.000000,0.032439,-0.257586,-0.304943,-0.121661,-0.267071,-0.303454,-0.044611,-0.262329,-0.304198,-0.009353,-0.277615,-0.288035,-0.053045,-0.320148,-0.233109,-0.072641,-0.316182,-0.281599
2026-05-27 14:50:31.175,79.199954,0.000000,0.000000,0.000000,0.032439,-0.257586,-0.304943,-0.121533,-0.269194,-0.303214,-0.044547,-0.263390,-0.304078,-0.010238,-0.279670,-0.287845,-0.052475,-0.319038,-0.234098,-0.072683,-0.317233,-0.281517
2026-05-27 14:50:31.275,79.299954,0.000000,0.000000,0.000000,0.032934,-0.255502,-0.305180,-0.121661,-0.267071,-0.303454,-0.044364,-0.261286,-0.304317,-0.010238,-0.279670,-0.287845,-0.052571,-0.320025,-0.234625,-0.072641,-0.316182,-0.281599
2026-05-27 14:50:31.375,79.399954,0.000000,0.000000,0.000000,0.032439,-0.257586,-0.304943,-0.121533,-0.269194,-0.303214,-0.044547,-0.263390,-0.304078,-0.009899,-0.277583,-0.288021,-0.052416,-0.317848,-0.235581,-0.072056,-0.314109,-0.281775
2026-05-27 14:50:31.475,79.499954,0.000000,0.000000,0.000000,0.032439,-0.257586,-0.304943,-0.121789,-0.264948,-0.303694,-0.044675,-0.261267,-0.304318,-0.010238,-0.279670,-0.287845,-0.052435,-0.317746,-0.236588,-0.071970,-0.312007,-0.281938
2026-05-27 14:50:31.575,79.599954,0.000000,0.000000,0.000000,0.032934,-0.255502,-0.305180,-0.121661,-0.267071,-0.303454,-0.044364,-0.261286,-0.304317,-0.010771,-0.279693,-0.287289,-0.052271,-0.315619,-0.237052,-0.072056,-0.314109,-0.281775
2026-05-27 14:50:31.675,79.699954,0.000000,0.000000,0.000000,0.032934,-0.255502,-0.305180,-0.121661,-0.267071,-0.303454,-0.044364,-0.261286,-0.304317,-0.010781,-0.279638,-0.287831,-0.052812,-0.321747,-0.238168,-0.072641,-0.316182,-0.281599
2026-05-27 14:50:31.775,79.799954,0.000000,0.000000,0.000000,0.032934,-0.255502,-0.305180,-0.121661,-0.267071,-0.303454,-0.044364,-0.261286,-0.304317,-0.010781,-0.279638,-0.287831,-0.053245,-0.320578,-0.239139,-0.072558,-0.314080,-0.281762
2026-05-27 14:50:31.875,79.899954,0.000000,0.000000,0.000000,0.032934,-0.255502,-0.305180,-0.121533,-0.269194,-0.303214,-0.044300,-0.262348,-0.304197,-0.010781,-0.279638,-0.287831,-0.052987,-0.317462,-0.239093,-0.072558,-0.314080,-0.281762
2026-05-27 14:50:31.975,79.999954,0.000000,0.000000,0.000000,0.032934,-0.255502,-0.305180,-0.121661,-0.267071,-0.303454,-0.044364,-0.261286,-0.304317,-0.010781,-0.279638,-0.287831,-0.052987,-0.317462,-0.239093,-0.072558,-0.314080,-0.281762
2026-05-27 14:50:32.075,80.099953,0.000000,0.000000,0.000000,0.032934,-0.255502,-0.305180,-0.121533,-0.269194,-0.303214,-0.044300,-0.262348,-0.304197,-0.010444,-0.277550,-0.288007,-0.052987,-0.317462,-0.239093,-0.072558,-0.314080,-0.281762
2026-05-27 14:50:32.175,80.199953,0.000000,0.000000,0.000000,0.032934,-0.255502,-0.305180,-0.121661,-0.267071,-0.303454,-0.044364,-0.261286,-0.304317,-0.010781,-0.279638,-0.287831,-0.053331,-0.321616,-0.239154,-0.072558,-0.314080,-0.281762
2026-05-27 14:50:32.275,80.299953,0.000000,0.000000,0.000000,0.031944,-0.259670,-0.304706,-0.121406,-0.271316,-0.302974,-0.044731,-0.265493,-0.303840,-0.010781,-0.279638,-0.287831,-0.053331,-0.321616,-0.239154,-0.072558,-0.314080,-0.281762
2026-05-27 14:50:32.375,80.399953,0.000000,0.000000,0.000000,0.032934,-0.255502,-0.305180,-0.121533,-0.269194,-0.303214,-0.044300,-0.262348,-0.304197,-0.010781,-0.279638,-0.287831,-0.053245,-0.320578,-0.239139,-0.072558,-0.314080,-0.281762
2026-05-27 14:50:32.475,80.499953,0.000000,0.000000,0.000000,0.032439,-0.257586,-0.304943,-0.121661,-0.267071,-0.303454,-0.044611,-0.262329,-0.304198,-0.010781,-0.279638,-0.287831,-0.053159,-0.319539,-0.239123,-0.072641,-0.316182,-0.281599
2026-05-27 14:50:32.575,80.599953,0.000000,0.000000,0.000000,0.033429,-0.253418,-0.305418,-0.121789,-0.264948,-0.303694,-0.044180,-0.259183,-0.304556,-0.010444,-0.277550,-0.288007,-0.053321,-0.321667,-0.238655,-0.072641,-0.316182,-0.281599
2026-05-27 14:50:32.675,80.699953,0.000000,0.000000,0.000000,0.032934,-0.255502,-0.305180,-0.120988,-0.269226,-0.303227,-0.044027,-0.262364,-0.304204,-0.010781,-0.279638,-0.287831,-0.053331,-0.321616,-0.239154,-0.072641,-0.316182,-0.281599
2026-05-27 14:50:32.775,80.799953,0.000000,0.000000,0.000000,0.032439,-0.257586,-0.304943,-0.121533,-0.269194,-0.303214,-0.044547,-0.263390,-0.304078,-0.010444,-0.277550,-0.288007,-0.053159,-0.319539,-0.239123,-0.072558,-0.314080,-0.281762
2026-05-27 14:50:32.875,80.899953,0.000000,0.000000,0.000000,0.032439,-0.257586,-0.304943,-0.121789,-0.264948,-0.303694,-0.044675,-0.261267,-0.304318,-0.010781,-0.279638,-0.287831,-0.053159,-0.319539,-0.239123,-0.072641,-0.316182,-0.281599
2026-05-27 14:50:32.975,80.999953,0.000000,0.000000,0.000000,0.032934,-0.255502,-0.305180,-0.121661,-0.267071,-0.303454,-0.044364,-0.261286,-0.304317,-0.010781,-0.279638,-0.287831,-0.053321,-0.321667,-0.238655,-0.072558,-0.314080,-0.281762
2026-05-27 14:50:33.075,81.099952,0.000000,0.000000,0.000000,0.031944,-0.259670,-0.304706,-0.121113,-0.267103,-0.303468,-0.044585,-0.263387,-0.304087,-0.010444,-0.277550,-0.288007,-0.052987,-0.317462,-0.239093,-0.072558,-0.314080,-0.281762
2026-05-27 14:50:33.175,81.199952,0.000000,0.000000,0.000000,0.032439,-0.257586,-0.304943,-0.121661,-0.267071,-0.303454,-0.044611,-0.262329,-0.304198,-0.010781,-0.279638,-0.287831,-0.053331,-0.321616,-0.239154,-0.072558,-0.314080,-0.281762
2026-05-27 14:50:33.275,81.299952,0.000000,0.000000,0.000000,0.032439,-0.257586,-0.304943,-0.121661,-0.267071,-0.303454,-0.044611,-0.262329,-0.304198,-0.010781,-0.279638,-0.287831,-0.053321,-0.321667,-0.238655,-0.072641,-0.316182,-0.281599
2026-05-27 14:50:33.375,81.399952,0.000000,0.000000,0.000000,0.032439,-0.257586,-0.304943,-0.121661,-0.267071,-0.303454,-0.044611,-0.262329,-0.304198,-0.011118,-0.281726,-0.287655,-0.052987,-0.317462,-0.239093,-0.072558,-0.314080,-0.281762
2026-05-27 14:50:33.475,81.499952,0.000000,0.000000,0.000000,0.032934,-0.255502,-0.305180,-0.121661,-0.267071,-0.303454,-0.044364,-0.261286,-0.304317,-0.011118,-0.281726,-0.287655,-0.053159,-0.319539,-0.239123,-0.072600,-0.315131,-0.281681
2026-05-27 14:50:33.575,81.599952,0.000000,0.000000,0.000000,0.032934,-0.255502,-0.305180,-0.121533,-0.269194,-0.303214,-0.044300,-0.262348,-0.304197,-0.010781,-0.279638,-0.287831,-0.053331,-0.321616,-0.239154,-0.072558,-0.314080,-0.281762
2026-05-27 14:50:33.675,81.699952,0.000000,0.000000,0.000000,0.032934,-0.255502,-0.305180,-0.121661,-0.267071,-0.303454,-0.044364,-0.261286,-0.304317,-0.010781,-0.279638,-0.287831,-0.053331,-0.321616,-0.239154,-0.072558,-0.314080,-0.281762
2026-05-27 14:50:33.775,81.799952,0.000000,0.000000,0.000000,0.032934,-0.255502,-0.305180,-0.121661,-0.267071,-0.303454,-0.044364,-0.261286,-0.304317,-0.010781,-0.279638,-0.287831,-0.053331,-0.321616,-0.239154,-0.072558,-0.314080,-0.281762
2026-05-27 14:50:33.875,81.899952,0.000000,0.000000,0.000000,0.032934,-0.255502,-0.305180,-0.121113,-0.267103,-0.303468,-0.044090,-0.261303,-0.304324,-0.010444,-0.277550,-0.288007,-0.053321,-0.321667,-0.238655,-0.072558,-0.314080,-0.281762
2026-05-27 14:50:33.975,81.999952,0.000000,0.000000,0.000000,0.032439,-0.257586,-0.304943,-0.121533,-0.269194,-0.303214,-0.044547,-0.263390,-0.304078,-0.010781,-0.279638,-0.287831,-0.053493,-0.323744,-0.238688,-0.072558,-0.314080,-0.281762
2026-05-27 14:50:34.075,82.099952,0.000000,0.000000,0.000000,0.032934,-0.255502,-0.305180,-0.121533,-0.269194,-0.303214,-0.044300,-0.262348,-0.304197,-0.010781,-0.279638,-0.287831,-0.053150,-0.319590,-0.238622,-0.072641,-0.316182,-0.281599
2026-05-27 14:50:34.175,82.199951,0.000000,0.000000,0.000000,0.031944,-0.259670,-0.304706,-0.121533,-0.269194,-0.303214,-0.044795,-0.264432,-0.303960,-0.010781,-0.279638,-0.287831,-0.053331,-0.321616,-0.239154,-0.072558,-0.314080,-0.281762
2026-05-27 14:50:34.275,82.299951,0.000000,0.000000,0.000000,0.032934,-0.255502,-0.305180,-0.121661,-0.267071,-0.303454,-0.044364,-0.261286,-0.304317,-0.010444,-0.277550,-0.288007,-0.053493,-0.323744,-0.238688,-0.072558,-0.314080,-0.281762
2026-05-27 14:50:34.375,82.399951,0.000000,0.000000,0.000000,0.032934,-0.255502,-0.305180,-0.121661,-0.267071,-0.303454,-0.044364,-0.261286,-0.304317,-0.010781,-0.279638,-0.287831,-0.053331,-0.321616,-0.239154,-0.072641,-0.316182,-0.281599
2026-05-27 14:50:34.475,82.499951,0.000000,0.000000,0.000000,0.032934,-0.255502,-0.305180,-0.121661,-0.267071,-0.303454,-0.044364,-0.261286,-0.304317,-0.010781,-0.279638,-0.287831,-0.053493,-0.323744,-0.238688,-0.072558,-0.314080,-0.281762
2026-05-27 14:50:34.575,82.599951,0.000000,0.000000,0.000000,0.032934,-0.255502,-0.305180,-0.121533,-0.269194,-0.303214,-0.044300,-0.262348,-0.304197,-0.011118,-0.281726,-0.287655,-0.053321,-0.321667,-0.238655,-0.072600,-0.315131,-0.281681
2026-05-27 14:50:34.675,82.699951,0.000000,0.000000,0.000000,0.032934,-0.255502,-0.305180,-0.121661,-0.267071,-0.303454,-0.044364,-0.261286,-0.304317,-0.010781,-0.279638,-0.287831,-0.053150,-0.319590,-0.238622,-0.072641,-0.316182,-0.281599
2026-05-27 14:50:34.775,82.799951,0.000000,0.000000,0.000000,0.032439,-0.257586,-0.304943,-0.121533,-0.269194,-0.303214,-0.044547,-0.263390,-0.304078,-0.010781,-0.279638,-0.287831,-0.053502,-0.323694,-0.239184,-0.072474,-0.311978,-0.281926
2026-05-27 14:50:34.875,82.899951,0.000000,0.000000,0.000000,0.032934,-0.255502,-0.305180,-0.121661,-0.267071,-0.303454,-0.044364,-0.261286,-0.304317,-0.010781,-0.279638,-0.287831,-0.053321,-0.321667,-0.238655,-0.072558,-0.314080,-0.281762
2026-05-27 14:50:34.975,82.999951,0.000000,0.000000,0.000000,0.032439,-0.257586,-0.304943,-0.121113,-0.267103,-0.303468,-0.044337,-0.262345,-0.304205,-0.010613,-0.278594,-0.287919,-0.052806,-0.315436,-0.238557,-0.072558,-0.314080,-0.281762
2026-05-27 14:50:35.075,83.099951,0.000000,0.000000,0.000000,0.033429,-0.253418,-0.305418,-0.121533,-0.269194,-0.303214,-0.044052,-0.261306,-0.304316,-0.010781,-0.279638,-0.287831,-0.053321,-0.321667,-0.238655,-0.072641,-0.316182,-0.281599
2026-05-27 14:50:35.175,83.199950,0.000000,0.000000,0.000000,0.032439,-0.257586,-0.304943,-0.121661,-0.267071,-0.303454,-0.044611,-0.262329,-0.304198,-0.010781,-0.279638,-0.287831,-0.053321,-0.321667,-0.238655,-0.072558,-0.314080,-0.281762
2026-05-27 14:50:35.275,83.299950,0.000000,0.000000,0.000000,0.032934,-0.255502,-0.305180,-0.121661,-0.267071,-0.303454,-0.044364,-0.261286,-0.304317,-0.010781,-0.279638,-0.287831,-0.053493,-0.323744,-0.238688,-0.072558,-0.314080,-0.281762
2026-05-27 14:50:35.375,83.399950,0.000000,0.000000,0.000000,0.032934,-0.255502,-0.305180,-0.120988,-0.269226,-0.303227,-0.044027,-0.262364,-0.304204,-0.010781,-0.279638,-0.287831,-0.053321,-0.321667,-0.238655,-0.072558,-0.314080,-0.281762
2026-05-27 14:50:35.475,83.499950,0.000000,0.000000,0.000000,0.032934,-0.255502,-0.305180,-0.121661,-0.267071,-0.303454,-0.044364,-0.261286,-0.304317,-0.010781,-0.279638,-0.287831,-0.053150,-0.319590,-0.238622,-0.072474,-0.311978,-0.281926
2026-05-27 14:50:35.575,83.599950,0.000000,0.000000,0.000000,0.032439,-0.257586,-0.304943,-0.121661,-0.267071,-0.303454,-0.044611,-0.262329,-0.304198,-0.010781,-0.279638,-0.287831,-0.053150,-0.319590,-0.238622,-0.072558,-0.314080,-0.281762
2026-05-27 14:50:35.675,83.699950,0.000000,0.000000,0.000000,0.033429,-0.253418,-0.305418,-0.121661,-0.267071,-0.303454,-0.044116,-0.260244,-0.304436,-0.010781,-0.279638,-0.287831,-0.053321,-0.321667,-0.238655,-0.072558,-0.314080,-0.281762
2026-05-27 14:50:35.775,83.799950,0.000000,0.000000,0.000000,0.032934,-0.255502,-0.305180,-0.121661,-0.267071,-0.303454,-0.044364,-0.261286,-0.304317,-0.010781,-0.279638,-0.287831,-0.053321,-0.321667,-0.238655,-0.072558,-0.314080,-0.281762
2026-05-27 14:50:35.875,83.899950,0.000000,0.000000,0.000000,0.032439,-0.257586,-0.304943,-0.121661,-0.267071,-0.303454,-0.044611,-0.262329,-0.304198,-0.010781,-0.279638,-0.287831,-0.053150,-0.319590,-0.238622,-0.072558,-0.314080,-0.281762
2026-05-27 14:50:35.975,83.999950,0.000000,0.000000,0.000000,0.032439,-0.257586,-0.304943,-0.121661,-0.267071,-0.303454,-0.044611,-0.262329,-0.304198,-0.010613,-0.278594,-0.287919,-0.053150,-0.319590,-0.238622,-0.072558,-0.314080,-0.281762
2026-05-27 14:50:36.075,84.099950,0.000000,0.000000,0.000000,0.032439,-0.257586,-0.304943,-0.121533,-0.269194,-0.303214,-0.044547,-0.263390,-0.304078,-0.010781,-0.279638,-0.287831,-0.053321,-0.321667,-0.238655,-0.072558,-0.314080,-0.281762
2026-05-27 14:50:36.175,84.199950,0.000000,0.000000,0.000000,0.033429,-0.253418,-0.305418,-0.121533,-0.269194,-0.303214,-0.044052,-0.261306,-0.304316,-0.010781,-0.279638,-0.287831,-0.053321,-0.321667,-0.238655,-0.072558,-0.314080,-0.281762
2026-05-27 14:50:36.275,84.299949,0.000000,0.000000,0.000000,0.032934,-0.255502,-0.305180,-0.121533,-0.269194,-0.303214,-0.044300,-0.262348,-0.304197,-0.010781,-0.279638,-0.287831,-0.053321,-0.321667,-0.238655,-0.072558,-0.314080,-0.281762
2026-05-27 14:50:36.375,84.399949,0.000000,0.000000,0.000000,0.032934,-0.255502,-0.305180,-0.121661,-0.267071,-0.303454,-0.044364,-0.261286,-0.304317,-0.010781,-0.279638,-0.287831,-0.053150,-0.319590,-0.238622,-0.072600,-0.315131,-0.281681
2026-05-27 14:50:36.475,84.499949,0.000000,0.000000,0.000000,0.032934,-0.255502,-0.305180,-0.121406,-0.271316,-0.302974,-0.044236,-0.263409,-0.304077,-0.010781,-0.279638,-0.287831,-0.052978,-0.317513,-0.238590,-0.072474,-0.311978,-0.281926
2026-05-27 14:50:36.575,84.599949,0.000000,0.000000,0.000000,0.032934,-0.255502,-0.305180,-0.121661,-0.267071,-0.303454,-0.044364,-0.261286,-0.304317,-0.010781,-0.279638,-0.287831,-0.053321,-0.321667,-0.238655,-0.072558,-0.314080,-0.281762
2026-05-27 14:50:36.675,84.699949,0.000000,0.000000,0.000000,0.032439,-0.257586,-0.304943,-0.121789,-0.264948,-0.303694,-0.044675,-0.261267,-0.304318,-0.010781,-0.279638,-0.287831,-0.053321,-0.321667,-0.238655,-0.072558,-0.314080,-0.281762
2026-05-27 14:50:36.775,84.799949,0.000000,0.000000,0.000000,0.032439,-0.257586,-0.304943,-0.121533,-0.269194,-0.303214,-0.044547,-0.263390,-0.304078,-0.010781,-0.279638,-0.287831,-0.053235,-0.320628,-0.238639,-0.072641,-0.316182,-0.281599
2026-05-27 14:50:36.875,84.899949,0.000000,0.000000,0.000000,0.032934,-0.255502,-0.305180,-0.121533,-0.269194,-0.303214,-0.044300,-0.262348,-0.304197,-0.010444,-0.277550,-0.288007,-0.053321,-0.321667,-0.238655,-0.072558,-0.314080,-0.281762
2026-05-27 14:50:36.975,84.999949,0.000000,0.000000,0.000000,0.032439,-0.257586,-0.304943,-0.121533,-0.269194,-0.303214,-0.044547,-0.263390,-0.304078,-0.010781,-0.279638,-0.287831,-0.053150,-0.319590,-0.238622,-0.072600,-0.315131,-0.281681
2026-05-27 14:50:37.075,85.099949,0.000000,0.000000,0.000000,0.032934,-0.255502,-0.305180,-0.120988,-0.269226,-0.303227,-0.044027,-0.262364,-0.304204,-0.010781,-0.279638,-0.287831,-0.053150,-0.319590,-0.238622,-0.072558,-0.314080,-0.281762
2026-05-27 14:50:37.175,85.199949,0.000000,0.000000,0.000000,0.032439,-0.257586,-0.304943,-0.121661,-0.267071,-0.303454,-0.044611,-0.262329,-0.304198,-0.010781,-0.279638,-0.287831,-0.054154,-0.319530,-0.238597,-0.072558,-0.314080,-0.281762
2026-05-27 14:50:37.275,85.299948,0.000000,0.000000,0.000000,0.032934,-0.255502,-0.305180,-0.121661,-0.267071,-0.303454,-0.044364,-0.261286,-0.304317,-0.010577,-0.281758,-0.287668,-0.055168,-0.319420,-0.239073,-0.073060,-0.314050,-0.281750
2026-05-27 14:50:37.375,85.399948,0.000000,0.000000,0.000000,0.032934,-0.255502,-0.305180,-0.121661,-0.267071,-0.303454,-0.044364,-0.261286,-0.304317,-0.010577,-0.281758,-0.287668,-0.056172,-0.319361,-0.239048,-0.073151,-0.316102,-0.282086
2026-05-27 14:50:37.475,85.499948,0.000000,0.000000,0.000000,0.033429,-0.253418,-0.305418,-0.121661,-0.267071,-0.303454,-0.044116,-0.260244,-0.304436,-0.010238,-0.279670,-0.287845,-0.056538,-0.317151,-0.240012,-0.073730,-0.318175,-0.281908
2026-05-27 14:50:37.575,85.599948,0.000000,0.000000,0.000000,0.032439,-0.257586,-0.304943,-0.121533,-0.269194,-0.303214,-0.044547,-0.263390,-0.304078,-0.010577,-0.281758,-0.287668,-0.057052,-0.317071,-0.240503,-0.073730,-0.318175,-0.281908
2026-05-27 14:50:37.675,85.699948,0.000000,0.000000,0.000000,0.032439,-0.257586,-0.304943,-0.121533,-0.269194,-0.303214,-0.044547,-0.263390,-0.304078,-0.010587,-0.281703,-0.288208,-0.057062,-0.317020,-0.241006,-0.073730,-0.318175,-0.281908
2026-05-27 14:50:37.775,85.799948,0.000000,0.000000,0.000000,0.032439,-0.257586,-0.304943,-0.121661,-0.267071,-0.303454,-0.044611,-0.262329,-0.304198,-0.010587,-0.281703,-0.288208,-0.057224,-0.319048,-0.241529,-0.074304,-0.320248,-0.281730
2026-05-27 14:50:37.875,85.899948,0.000000,0.000000,0.000000,0.032439,-0.257586,-0.304943,-0.121661,-0.267071,-0.303454,-0.044611,-0.262329,-0.304198,-0.010587,-0.281703,-0.288208,-0.057081,-0.316918,-0.242013,-0.074304,-0.320248,-0.281730
2026-05-27 14:50:37.975,85.999948,0.000000,0.000000,0.000000,0.032439,-0.257586,-0.304943,-0.121661,-0.267071,-0.303454,-0.044611,-0.262329,-0.304198,-0.010587,-0.281703,-0.288208,-0.057081,-0.316918,-0.242013,-0.074313,-0.320198,-0.282224
2026-05-27 14:50:38.075,86.099948,0.000000,0.000000,0.000000,0.032439,-0.257586,-0.304943,-0.121661,-0.267071,-0.303454,-0.044611,-0.262329,-0.304198,-0.010587,-0.281703,-0.288208,-0.057234,-0.318997,-0.242030,-0.074313,-0.320198,-0.282224
2026-05-27 14:50:38.175,86.199948,0.000000,0.000000,0.000000,0.032439,-0.257586,-0.304943,-0.121113,-0.267103,-0.303468,-0.044337,-0.262345,-0.304205,-0.010587,-0.281703,-0.288208,-0.057081,-0.316918,-0.242013,-0.074313,-0.320198,-0.282224
2026-05-27 14:50:38.275,86.299948,0.000000,0.000000,0.000000,0.031944,-0.259670,-0.304706,-0.121661,-0.267071,-0.303454,-0.044859,-0.263371,-0.304080,-0.010597,-0.281649,-0.288748,-0.057234,-0.318997,-0.242030,-0.074313,-0.320198,-0.282224
2026-05-27 14:50:38.375,86.399947,0.000000,0.000000,0.000000,0.032439,-0.257586,-0.304943,-0.121661,-0.267071,-0.303454,-0.044611,-0.262329,-0.304198,-0.010587,-0.281703,-0.288208,-0.057234,-0.318997,-0.242030,-0.074390,-0.322301,-0.282056
2026-05-27 14:50:38.475,86.499947,0.000000,0.000000,0.000000,0.032934,-0.255502,-0.305180,-0.121113,-0.267103,-0.303468,-0.044090,-0.261303,-0.304324,-0.010597,-0.281649,-0.288748,-0.057234,-0.318997,-0.242030,-0.074237,-0.318095,-0.282392
2026-05-27 14:50:38.575,86.599947,0.000000,0.000000,0.000000,0.032934,-0.255502,-0.305180,-0.121661,-0.267071,-0.303454,-0.044364,-0.261286,-0.304317,-0.010597,-0.281649,-0.288748,-0.057387,-0.321077,-0.242048,-0.074313,-0.320198,-0.282224
2026-05-27 14:50:38.675,86.699947,0.000000,0.000000,0.000000,0.032934,-0.255502,-0.305180,-0.121661,-0.267071,-0.303454,-0.044364,-0.261286,-0.304317,-0.010597,-0.281649,-0.288748,-0.057224,-0.319048,-0.241529,-0.074313,-0.320198,-0.282224
2026-05-27 14:50:38.775,86.799947,0.000000,0.000000,0.000000,0.032934,-0.255502,-0.305180,-0.121533,-0.269194,-0.303214,-0.044300,-0.262348,-0.304197,-0.010597,-0.281649,-0.288748,-0.057234,-0.318997,-0.242030,-0.074313,-0.320198,-0.282224
2026-05-27 14:50:38.875,86.899947,0.000000,0.000000,0.000000,0.032934,-0.255502,-0.305180,-0.121661,-0.267071,-0.303454,-0.044364,-0.261286,-0.304317,-0.010428,-0.280605,-0.288838,-0.057224,-0.319048,-0.241529,-0.074313,-0.320198,-0.282224
2026-05-27 14:50:38.975,86.999947,0.000000,0.000000,0.000000,0.031944,-0.259670,-0.304706,-0.121113,-0.267103,-0.303468,-0.044585,-0.263387,-0.304087,-0.010587,-0.281703,-0.288208,-0.057224,-0.319048,-0.241529,-0.074313,-0.320198,-0.282224
2026-05-27 14:50:39.075,87.099947,0.000000,0.000000,0.000000,0.032934,-0.255502,-0.305180,-0.121661,-0.267071,-0.303454,-0.044364,-0.261286,-0.304317,-0.010587,-0.281703,-0.288208,-0.057224,-0.319048,-0.241529,-0.074313,-0.320198,-0.282224
2026-05-27 14:50:39.175,87.199947,0.000000,0.000000,0.000000,0.032934,-0.255502,-0.305180,-0.121661,-0.267071,-0.303454,-0.044364,-0.261286,-0.304317,-0.010258,-0.279561,-0.288929,-0.057224,-0.319048,-0.241529,-0.074313,-0.320198,-0.282224
2026-05-27 14:50:39.275,87.299947,0.000000,0.000000,0.000000,0.032439,-0.257586,-0.304943,-0.121661,-0.267071,-0.303454,-0.044611,-0.262329,-0.304198,-0.010597,-0.281649,-0.288748,-0.057378,-0.321128,-0.241549,-0.074313,-0.320198,-0.282224
2026-05-27 14:50:39.375,87.399946,0.000000,0.000000,0.000000,0.031944,-0.259670,-0.304706,-0.121661,-0.267071,-0.303454,-0.044859,-0.263371,-0.304080,-0.010587,-0.281703,-0.288208,-0.057387,-0.321077,-0.242048,-0.074313,-0.320198,-0.282224
2026-05-27 14:50:39.475,87.499946,0.000000,0.000000,0.000000,0.032439,-0.257586,-0.304943,-0.121533,-0.269194,-0.303214,-0.044547,-0.263390,-0.304078,-0.010597,-0.281649,-0.288748,-0.057224,-0.319048,-0.241529,-0.074237,-0.318095,-0.282392
2026-05-27 14:50:39.575,87.599946,0.000000,0.000000,0.000000,0.032439,-0.257586,-0.304943,-0.121661,-0.267071,-0.303454,-0.044611,-0.262329,-0.304198,-0.010587,-0.281703,-0.288208,-0.057378,-0.321128,-0.241549,-0.074313,-0.320198,-0.282224
2026-05-27 14:50:39.675,87.699946,0.000000,0.000000,0.000000,0.032439,-0.257586,-0.304943,-0.121661,-0.267071,-0.303454,-0.044611,-0.262329,-0.304198,-0.010587,-0.281703,-0.288208,-0.057224,-0.319048,-0.241529,-0.074313,-0.320198,-0.282224
2026-05-27 14:50:39.775,87.799946,0.000000,0.000000,0.000000,0.031944,-0.259670,-0.304706,-0.121661,-0.267071,-0.303454,-0.044859,-0.263371,-0.304080,-0.010597,-0.281649,-0.288748,-0.057378,-0.321128,-0.241549,-0.074313,-0.320198,-0.282224
2026-05-27 14:50:39.875,87.899946,0.000000,0.000000,0.000000,0.032934,-0.255502,-0.305180,-0.121661,-0.267071,-0.303454,-0.044364,-0.261286,-0.304317,-0.010597,-0.281649,-0.288748,-0.057224,-0.319048,-0.241529,-0.074313,-0.320198,-0.282224
2026-05-27 14:50:39.975,87.999946,0.000000,0.000000,0.000000,0.032439,-0.257586,-0.304943,-0.121533,-0.269194,-0.303214,-0.044547,-0.263390,-0.304078,-0.010587,-0.281703,-0.288208,-0.056800,-0.320117,-0.241551,-0.074313,-0.320198,-0.282224
2026-05-27 14:50:40.075,88.099946,0.000000,0.000000,0.000000,0.032439,-0.257586,-0.304943,-0.121533,-0.269194,-0.303214,-0.044547,-0.263390,-0.304078,-0.010587,-0.281703,-0.288208,-0.057224,-0.319048,-0.241529,-0.074313,-0.320198,-0.282224
2026-05-27 14:50:40.175,88.199946,0.000000,0.000000,0.000000,0.032439,-0.257586,-0.304943,-0.121661,-0.267071,-0.303454,-0.044611,-0.262329,-0.304198,-0.010597,-0.281649,-0.288748,-0.057224,-0.319048,-0.241529,-0.074237,-0.318095,-0.282392
2026-05-27 14:50:40.275,88.299946,0.000000,0.000000,0.000000,0.032934,-0.255502,-0.305180,-0.121533,-0.269194,-0.303214,-0.044300,-0.262348,-0.304197,-0.010587,-0.281703,-0.288208,-0.057224,-0.319048,-0.241529,-0.074313,-0.320198,-0.282224
2026-05-27 14:50:40.375,88.399945,0.000000,0.000000,0.000000,0.032934,-0.255502,-0.305180,-0.121661,-0.267071,-0.303454,-0.044364,-0.261286,-0.304317,-0.010587,-0.281703,-0.288208,-0.057224,-0.319048,-0.241529,-0.074313,-0.320198,-0.282224
2026-05-27 14:50:40.475,88.499945,0.000000,0.000000,0.000000,0.032934,-0.255502,-0.305180,-0.121661,-0.267071,-0.303454,-0.044364,-0.261286,-0.304317,-0.010597,-0.281649,-0.288748,-0.057224,-0.319048,-0.241529,-0.074313,-0.320198,-0.282224
2026-05-27 14:50:40.575,88.599945,0.000000,0.000000,0.000000,0.032439,-0.257586,-0.304943,-0.121661,-0.267071,-0.303454,-0.044611,-0.262329,-0.304198,-0.010587,-0.281703,-0.288208,-0.057071,-0.316969,-0.241510,-0.074313,-0.320198,-0.282224
2026-05-27 14:50:40.675,88.699945,0.000000,0.000000,0.000000,0.032439,-0.257586,-0.304943,-0.121533,-0.269194,-0.303214,-0.044547,-0.263390,-0.304078,-0.010587,-0.281703,-0.288208,-0.057224,-0.319048,-0.241529,-0.074313,-0.320198,-0.282224
2026-05-27 14:50:40.775,88.799945,0.000000,0.000000,0.000000,0.032934,-0.255502,-0.305180,-0.121533,-0.269194,-0.303214,-0.044300,-0.262348,-0.304197,-0.010587,-0.281703,-0.288208,-0.057224,-0.319048,-0.241529,-0.074313,-0.320198,-0.282224
2026-05-27 14:50:40.875,88.899945,0.000000,0.000000,0.000000,0.032934,-0.255502,-0.305180,-0.121661,-0.267071,-0.303454,-0.044364,-0.261286,-0.304317,-0.010587,-0.281703,-0.288208,-0.056722,-0.319078,-0.241542,-0.074313,-0.320198,-0.282224
2026-05-27 14:50:40.975,88.999945,0.000000,0.000000,0.000000,0.032934,-0.255502,-0.305180,-0.121406,-0.271316,-0.302974,-0.044236,-0.263409,-0.304077,-0.010587,-0.281703,-0.288208,-0.057224,-0.319048,-0.241529,-0.074313,-0.320198,-0.282224
2026-05-27 14:50:41.075,89.099945,0.000000,0.000000,0.000000,0.032439,-0.257586,-0.304943,-0.121661,-0.267071,-0.303454,-0.044611,-0.262329,-0.304198,-0.010587,-0.281703,-0.288208,-0.056567,-0.316998,-0.241522,-0.074313,-0.320198,-0.282224
2026-05-27 14:50:41.175,89.199945,0.000000,0.000000,0.000000,0.032439,-0.257586,-0.304943,-0.121661,-0.267071,-0.303454,-0.044611,-0.262329,-0.304198,-0.010597,-0.281649,-0.288748,-0.057224,-0.319048,-0.241529,-0.074237,-0.318095,-0.282392
2026-05-27 14:50:41.275,89.299945,0.000000,0.000000,0.000000,0.032439,-0.257586,-0.304943,-0.121661,-0.267071,-0.303454,-0.044611,-0.262329,-0.304198,-0.010587,-0.281703,-0.288208,-0.056411,-0.314919,-0.241503,-0.074237,-0.318095,-0.282392
2026-05-27 14:50:41.375,89.399945,0.000000,0.000000,0.000000,0.032439,-0.257586,-0.304943,-0.121661,-0.267071,-0.303454,-0.044611,-0.262329,-0.304198,-0.010597,-0.281649,-0.288748,-0.056567,-0.316998,-0.241522,-0.074313,-0.320198,-0.282224
2026-05-27 14:50:41.475,89.499944,0.000000,0.000000,0.000000,0.032439,-0.257586,-0.304943,-0.121533,-0.269194,-0.303214,-0.044547,-0.263390,-0.304078,-0.010587,-0.281703,-0.288208,-0.057224,-0.319048,-0.241529,-0.074313,-0.320198,-0.282224
2026-05-27 14:50:41.575,89.599944,0.000000,0.000000,0.000000,0.031944,-0.259670,-0.304706,-0.121113,-0.267103,-0.303468,-0.044585,-0.263387,-0.304087,-0.010587,-0.281703,-0.288208,-0.056567,-0.316998,-0.241522,-0.074313,-0.320198,-0.282224
2026-05-27 14:50:41.675,89.699944,0.000000,0.000000,0.000000,0.032934,-0.255502,-0.305180,-0.121533,-0.269194,-0.303214,-0.044300,-0.262348,-0.304197,-0.010926,-0.283791,-0.288029,-0.056567,-0.316998,-0.241522,-0.074313,-0.320198,-0.282224
2026-05-27 14:50:41.775,89.799944,0.000000,0.000000,0.000000,0.033429,-0.253418,-0.305418,-0.121661,-0.267071,-0.303454,-0.044116,-0.260244,-0.304436,-0.010046,-0.281735,-0.288221,-0.056576,-0.316947,-0.242026,-0.074313,-0.320198,-0.282224
2026-05-27 14:50:41.875,89.899944,0.000000,0.000000,0.000000,0.032934,-0.255502,-0.305180,-0.121533,-0.269194,-0.303214,-0.044300,-0.262348,-0.304197,-0.010597,-0.281649,-0.288748,-0.057071,-0.316969,-0.241510,-0.074237,-0.318095,-0.282392
2026-05-27 14:50:41.975,89.999944,0.000000,0.000000,0.000000,0.031944,-0.259670,-0.304706,-0.121661,-0.267071,-0.303454,-0.044859,-0.263371,-0.304080,-0.010387,-0.283823,-0.288043,-0.057378,-0.321128,-0.241549,-0.074313,-0.320198,-0.282224
2026-05-27 14:50:42.075,90.099944,0.000000,0.000000,0.000000,0.032934,-0.255502,-0.305180,-0.121661,-0.267071,-0.303454,-0.044364,-0.261286,-0.304317,-0.010587,-0.281703,-0.288208,-0.056722,-0.319078,-0.241542,-0.074313,-0.320198,-0.282224
2026-05-27 14:50:42.175,90.199944,0.000000,0.000000,0.000000,0.032934,-0.255502,-0.305180,-0.121533,-0.269194,-0.303214,-0.044300,-0.262348,-0.304197,-0.010587,-0.281703,-0.288208,-0.056567,-0.316998,-0.241522,-0.074313,-0.320198,-0.282224
2026-05-27 14:50:42.275,90.299944,0.000000,0.000000,0.000000,0.031944,-0.259670,-0.304706,-0.121661,-0.267071,-0.303454,-0.044859,-0.263371,-0.304080,-0.010587,-0.281703,-0.288208,-0.056722,-0.319078,-0.241542,-0.074237,-0.318095,-0.282392
2026-05-27 14:50:42.375,90.399944,0.000000,0.000000,0.000000,0.032439,-0.257586,-0.304943,-0.121661,-0.267071,-0.303454,-0.044611,-0.262329,-0.304198,-0.010597,-0.281649,-0.288748,-0.056722,-0.319078,-0.241542,-0.074313,-0.320198,-0.282224
2026-05-27 14:50:42.475,90.499943,0.000000,0.000000,0.000000,0.032439,-0.257586,-0.304943,-0.121661,-0.267071,-0.303454,-0.044611,-0.262329,-0.304198,-0.010587,-0.281703,-0.288208,-0.056722,-0.319078,-0.241542,-0.074313,-0.320198,-0.282224
2026-05-27 14:50:42.575,90.599943,0.000000,0.000000,0.000000,0.031944,-0.259670,-0.304706,-0.121661,-0.267071,-0.303454,-0.044859,-0.263371,-0.304080,-0.010587,-0.281703,-0.288208,-0.056411,-0.314919,-0.241503,-0.074313,-0.320198,-0.282224
2026-05-27 14:50:42.675,90.699943,0.000000,0.000000,0.000000,0.033429,-0.253418,-0.305418,-0.121533,-0.269194,-0.303214,-0.044052,-0.261306,-0.304316,-0.010597,-0.281649,-0.288748,-0.056567,-0.316998,-0.241522,-0.074313,-0.320198,-0.282224
2026-05-27 14:50:42.775,90.799943,0.000000,0.000000,0.000000,0.032439,-0.257586,-0.304943,-0.121789,-0.264948,-0.303694,-0.044675,-0.261267,-0.304318,-0.010597,-0.281649,-0.288748,-0.056722,-0.319078,-0.241542,-0.074313,-0.320198,-0.282224
2026-05-27 14:50:42.875,90.899943,0.000000,0.000000,0.000000,0.032934,-0.255502,-0.305180,-0.121661,-0.267071,-0.303454,-0.044364,-0.261286,-0.304317,-0.010046,-0.281735,-0.288221,-0.056567,-0.316998,-0.241522,-0.074313,-0.320198,-0.282224
2026-05-27 14:50:42.975,90.999943,0.000000,0.000000,0.000000,0.033429,-0.253418,-0.305418,-0.121533,-0.269194,-0.303214,-0.044052,-0.261306,-0.304316,-0.010587,-0.281703,-0.288208,-0.056722,-0.319078,-0.241542,-0.074237,-0.318095,-0.282392
2026-05-27 14:50:43.075,91.099943,0.000000,0.000000,0.000000,0.032439,-0.257586,-0.304943,-0.121113,-0.267103,-0.303468,-0.044337,-0.262345,-0.304205,-0.010597,-0.281649,-0.288748,-0.056722,-0.319078,-0.241542,-0.074313,-0.320198,-0.282224
2026-05-27 14:50:43.175,91.199943,0.000000,0.000000,0.000000,0.032934,-0.255502,-0.305180,-0.121113,-0.267103,-0.303468,-0.044090,-0.261303,-0.304324,-0.010587,-0.281703,-0.288208,-0.057576,-0.316939,-0.241497,-0.074313,-0.320198,-0.282224
2026-05-27 14:50:43.275,91.299943,0.000000,0.000000,0.000000,0.032439,-0.257586,-0.304943,-0.121661,-0.267071,-0.303454,-0.044611,-0.262329,-0.304198,-0.010926,-0.283791,-0.288029,-0.057932,-0.314829,-0.241465,-0.074237,-0.318095,-0.282392
2026-05-27 14:50:43.375,91.399943,0.000000,0.000000,0.000000,0.032439,-0.257586,-0.304943,-0.121661,-0.267071,-0.303454,-0.044611,-0.262329,-0.304198,-0.010597,-0.281649,-0.288748,-0.058801,-0.312689,-0.241420,-0.074313,-0.320198,-0.282224
2026-05-27 14:50:43.475,91.499943,0.000000,0.000000,0.000000,0.033429,-0.253418,-0.305418,-0.121113,-0.267103,-0.303468,-0.043842,-0.260261,-0.304443,-0.010597,-0.281649,-0.288748,-0.059401,-0.306388,-0.241336,-0.074313,-0.320198,-0.282224
2026-05-27 14:50:43.575,91.599942,0.000000,0.000000,0.000000,0.032439,-0.257586,-0.304943,-0.121533,-0.269194,-0.303214,-0.044547,-0.263390,-0.304078,-0.010597,-0.281649,-0.288748,-0.060054,-0.308438,-0.241343,-0.074313,-0.320198,-0.282224
2026-05-27 14:50:43.675,91.699942,0.000000,0.000000,0.000000,0.032439,-0.257586,-0.304943,-0.121533,-0.269194,-0.303214,-0.044547,-0.263390,-0.304078,-0.010597,-0.281649,-0.288748,-0.061081,-0.308378,-0.241317,-0.074313,-0.320198,-0.282224
2026-05-27 14:50:43.775,91.799942,0.000000,0.000000,0.000000,0.032439,-0.257586,-0.304943,-0.121533,-0.269194,-0.303214,-0.044547,-0.263390,-0.304078,-0.010936,-0.283737,-0.288567,-0.061474,-0.306214,-0.241799,-0.074809,-0.320169,-0.282212
2026-05-27 14:50:43.875,91.899942,0.000000,0.000000,0.000000,0.032439,-0.257586,-0.304943,-0.121661,-0.267071,-0.303454,-0.044611,-0.262329,-0.304198,-0.011275,-0.285825,-0.288386,-0.061872,-0.304050,-0.242286,-0.074809,-0.320169,-0.282212
2026-05-27 14:50:43.975,91.999942,0.000000,0.000000,0.000000,0.032934,-0.255502,-0.305180,-0.121533,-0.269194,-0.303214,-0.044300,-0.262348,-0.304197,-0.010936,-0.283737,-0.288567,-0.062000,-0.306132,-0.242301,-0.074734,-0.318066,-0.282379
2026-05-27 14:50:44.075,92.099942,0.000000,0.000000,0.000000,0.031944,-0.259670,-0.304706,-0.121533,-0.269194,-0.303214,-0.044795,-0.264432,-0.303960,-0.011474,-0.283705,-0.288553,-0.062525,-0.306049,-0.242803,-0.074809,-0.320169,-0.282212
2026-05-27 14:50:44.175,92.199942,0.000000,0.000000,0.000000,0.032439,-0.257586,-0.304943,-0.121661,-0.267071,-0.303454,-0.044611,-0.262329,-0.304198,-0.011474,-0.283705,-0.288553,-0.062535,-0.305997,-0.243318,-0.074809,-0.320169,-0.282212
2026-05-27 14:50:44.275,92.299942,0.000000,0.000000,0.000000,0.032439,-0.257586,-0.304943,-0.121533,-0.269194,-0.303214,-0.044547,-0.263390,-0.304078,-0.011474,-0.283705,-0.288553,-0.062535,-0.305997,-0.243318,-0.074734,-0.318066,-0.282379
2026-05-27 14:50:44.375,92.399942,0.000000,0.000000,0.000000,0.032439,-0.257586,-0.304943,-0.120988,-0.269226,-0.303227,-0.044275,-0.263406,-0.304085,-0.011474,-0.283705,-0.288553,-0.063061,-0.305915,-0.243820,-0.074734,-0.318066,-0.282379
2026-05-27 14:50:44.475,92.499942,0.000000,0.000000,0.000000,0.032439,-0.257586,-0.304943,-0.121113,-0.267103,-0.303468,-0.044337,-0.262345,-0.304205,-0.011474,-0.283705,-0.288553,-0.063184,-0.307997,-0.243829,-0.074734,-0.318066,-0.282379
2026-05-27 14:50:44.575,92.599941,0.000000,0.000000,0.000000,0.032439,-0.257586,-0.304943,-0.121533,-0.269194,-0.303214,-0.044547,-0.263390,-0.304078,-0.011474,-0.283705,-0.288553,-0.063061,-0.305915,-0.243820,-0.074734,-0.318066,-0.282379
2026-05-27 14:50:44.675,92.699941,0.000000,0.000000,0.000000,0.032439,-0.257586,-0.304943,-0.121661,-0.267071,-0.303454,-0.044611,-0.262329,-0.304198,-0.011148,-0.281562,-0.289274,-0.063708,-0.307915,-0.244328,-0.074734,-0.318066,-0.282379
2026-05-27 14:50:44.775,92.799941,0.000000,0.000000,0.000000,0.031944,-0.259670,-0.304706,-0.121672,-0.267016,-0.304001,-0.044864,-0.263343,-0.304353,-0.011485,-0.283651,-0.289091,-0.063071,-0.305863,-0.244335,-0.074734,-0.318066,-0.282379
2026-05-27 14:50:44.875,92.899941,0.000000,0.000000,0.000000,0.032439,-0.257586,-0.304943,-0.121533,-0.269194,-0.303214,-0.044547,-0.263390,-0.304078,-0.011485,-0.283651,-0.289091,-0.063587,-0.305832,-0.244322,-0.074734,-0.318066,-0.282379
2026-05-27 14:50:44.975,92.999941,0.000000,0.000000,0.000000,0.032439,-0.257586,-0.304943,-0.121672,-0.267016,-0.304001,-0.044616,-0.262301,-0.304472,-0.011811,-0.285793,-0.288372,-0.063587,-0.305832,-0.244322,-0.074734,-0.318066,-0.282379
2026-05-27 14:50:45.075,93.099941,0.000000,0.000000,0.000000,0.032439,-0.257586,-0.304943,-0.121661,-0.267071,-0.303454,-0.044611,-0.262329,-0.304198,-0.011474,-0.283705,-0.288553,-0.063466,-0.303749,-0.244315,-0.074734,-0.318066,-0.282379
2026-05-27 14:50:45.175,93.199941,0.000000,0.000000,0.000000,0.031944,-0.259670,-0.304706,-0.120988,-0.269226,-0.303227,-0.044522,-0.264448,-0.303967,-0.011138,-0.281617,-0.288734,-0.063587,-0.305832,-0.244322,-0.074660,-0.315963,-0.282547
2026-05-27 14:50:45.275,93.299941,0.000000,0.000000,0.000000,0.032934,-0.255502,-0.305180,-0.121661,-0.267071,-0.303454,-0.044364,-0.261286,-0.304317,-0.011485,-0.283651,-0.289091,-0.063587,-0.305832,-0.244322,-0.074734,-0.318066,-0.282379
2026-05-27 14:50:45.375,93.399941,0.000000,0.000000,0.000000,0.032934,-0.255502,-0.305180,-0.121661,-0.267071,-0.303454,-0.044364,-0.261286,-0.304317,-0.010946,-0.283682,-0.289104,-0.063984,-0.303719,-0.244302,-0.074734,-0.318066,-0.282379
2026-05-27 14:50:45.475,93.499941,0.000000,0.000000,0.000000,0.032439,-0.257586,-0.304943,-0.121533,-0.269194,-0.303214,-0.044547,-0.263390,-0.304078,-0.011485,-0.283651,-0.289091,-0.063587,-0.305832,-0.244322,-0.074734,-0.318066,-0.282379
2026-05-27 14:50:45.575,93.599941,0.000000,0.000000,0.000000,0.032934,-0.255502,-0.305180,-0.121113,-0.267103,-0.303468,-0.044090,-0.261303,-0.304324,-0.011485,-0.283651,-0.289091,-0.063596,-0.305780,-0.244837,-0.074660,-0.315963,-0.282547
2026-05-27 14:50:45.675,93.699940,0.000000,0.000000,0.000000,0.032439,-0.257586,-0.304943,-0.121113,-0.267103,-0.303468,-0.044337,-0.262345,-0.304205,-0.011485,-0.283651,-0.289091,-0.063587,-0.305832,-0.244322,-0.074734,-0.318066,-0.282379
2026-05-27 14:50:45.775,93.799940,0.000000,0.000000,0.000000,0.032934,-0.255502,-0.305180,-0.121661,-0.267071,-0.303454,-0.044364,-0.261286,-0.304317,-0.011485,-0.283651,-0.289091,-0.063587,-0.305832,-0.244322,-0.074660,-0.315963,-0.282547
2026-05-27 14:50:45.875,93.899940,0.000000,0.000000,0.000000,0.032934,-0.255502,-0.305180,-0.121113,-0.267103,-0.303468,-0.044090,-0.261303,-0.304324,-0.011485,-0.283651,-0.289091,-0.063984,-0.303719,-0.244302,-0.074734,-0.318066,-0.282379
2026-05-27 14:50:45.975,93.999940,0.000000,0.000000,0.000000,0.032934,-0.255502,-0.305180,-0.121533,-0.269194,-0.303214,-0.044300,-0.262348,-0.304197,-0.011474,-0.283705,-0.288553,-0.063475,-0.303697,-0.244832,-0.074734,-0.318066,-0.282379
2026-05-27 14:50:46.075,94.099940,0.000000,0.000000,0.000000,0.032439,-0.257586,-0.304943,-0.121661,-0.267071,-0.303454,-0.044611,-0.262329,-0.304198,-0.011485,-0.283651,-0.289091,-0.063596,-0.305780,-0.244837,-0.074660,-0.315963,-0.282547
2026-05-27 14:50:46.175,94.199940,0.000000,0.000000,0.000000,0.032934,-0.255502,-0.305180,-0.121661,-0.267071,-0.303454,-0.044364,-0.261286,-0.304317,-0.011485,-0.283651,-0.289091,-0.063587,-0.305832,-0.244322,-0.074734,-0.318066,-0.282379
2026-05-27 14:50:46.275,94.299940,0.000000,0.000000,0.000000,0.032439,-0.257586,-0.304943,-0.121113,-0.267103,-0.303468,-0.044337,-0.262345,-0.304205,-0.011474,-0.283705,-0.288553,-0.063596,-0.305780,-0.244837,-0.074734,-0.318066,-0.282379
2026-05-27 14:50:46.375,94.399940,0.000000,0.000000,0.000000,0.032934,-0.255502,-0.305180,-0.121533,-0.269194,-0.303214,-0.044300,-0.262348,-0.304197,-0.011485,-0.283651,-0.289091,-0.063596,-0.305780,-0.244837,-0.074660,-0.315963,-0.282547
2026-05-27 14:50:46.475,94.499940,0.000000,0.000000,0.000000,0.032439,-0.257586,-0.304943,-0.120988,-0.269226,-0.303227,-0.044275,-0.263406,-0.304085,-0.011138,-0.281617,-0.288734,-0.063596,-0.305780,-0.244837,-0.074734,-0.318066,-0.282379
2026-05-27 14:50:46.575,94.599940,0.000000,0.000000,0.000000,0.032934,-0.255502,-0.305180,-0.121661,-0.267071,-0.303454,-0.044364,-0.261286,-0.304317,-0.011485,-0.283651,-0.289091,-0.063587,-0.305832,-0.244322,-0.074660,-0.315963,-0.282547
2026-05-27 14:50:46.675,94.699939,0.000000,0.000000,0.000000,0.032934,-0.255502,-0.305180,-0.121113,-0.267103,-0.303468,-0.044090,-0.261303,-0.304324,-0.011474,-0.283705,-0.288553,-0.063587,-0.305832,-0.244322,-0.074734,-0.318066,-0.282379
2026-05-27 14:50:46.775,94.799939,0.000000,0.000000,0.000000,0.031944,-0.259670,-0.304706,-0.120988,-0.269226,-0.303227,-0.044522,-0.264448,-0.303967,-0.011485,-0.283651,-0.289091,-0.063596,-0.305780,-0.244837,-0.074660,-0.315963,-0.282547
2026-05-27 14:50:46.875,94.899939,0.000000,0.000000,0.000000,0.032934,-0.255502,-0.305180,-0.121661,-0.267071,-0.303454,-0.044364,-0.261286,-0.304317,-0.011474,-0.283705,-0.288553,-0.063596,-0.305780,-0.244837,-0.074734,-0.318066,-0.282379
2026-05-27 14:50:46.975,94.999939,0.000000,0.000000,0.000000,0.032934,-0.255502,-0.305180,-0.121533,-0.269194,-0.303214,-0.044300,-0.262348,-0.304197,-0.011474,-0.283705,-0.288553,-0.063596,-0.305780,-0.244837,-0.074734,-0.318066,-0.282379
2026-05-27 14:50:47.075,95.099939,0.000000,0.000000,0.000000,0.032934,-0.255502,-0.305180,-0.121113,-0.267103,-0.303468,-0.044090,-0.261303,-0.304324,-0.011821,-0.285739,-0.288908,-0.063596,-0.305780,-0.244837,-0.074660,-0.315963,-0.282547
2026-05-27 14:50:47.175,95.199939,0.000000,0.000000,0.000000,0.031944,-0.259670,-0.304706,-0.121789,-0.264948,-0.303694,-0.044923,-0.262309,-0.304200,-0.011485,-0.283651,-0.289091,-0.063587,-0.305832,-0.244322,-0.074734,-0.318066,-0.282379
2026-05-27 14:50:47.275,95.299939,0.000000,0.000000,0.000000,0.032934,-0.255502,-0.305180,-0.121533,-0.269194,-0.303214,-0.044300,-0.262348,-0.304197,-0.011485,-0.283651,-0.289091,-0.063596,-0.305780,-0.244837,-0.074660,-0.315963,-0.282547
2026-05-27 14:50:47.375,95.399939,0.000000,0.000000,0.000000,0.032934,-0.255502,-0.305180,-0.121533,-0.269194,-0.303214,-0.044300,-0.262348,-0.304197,-0.079049,-0.264198,-0.316584,-0.063596,-0.305780,-0.244837,-0.074734,-0.318066,-0.282379
2026-05-27 14:50:47.475,95.499939,0.000000,0.000000,0.000000,0.032934,-0.255502,-0.305180,-0.121533,-0.269194,-0.303214,-0.044300,-0.262348,-0.304197,-0.010607,-0.281594,-0.289288,-0.063596,-0.305780,-0.244837,-0.074734,-0.318066,-0.282379
2026-05-27 14:50:47.575,95.599939,0.000000,0.000000,0.000000,0.032439,-0.257586,-0.304943,-0.121533,-0.269194,-0.303214,-0.044547,-0.263390,-0.304078,-0.011148,-0.281562,-0.289274,-0.063596,-0.305780,-0.244837,-0.074660,-0.315963,-0.282547
2026-05-27 14:50:47.675,95.699939,0.000000,0.000000,0.000000,0.032934,-0.255502,-0.305180,-0.121789,-0.264948,-0.303694,-0.044428,-0.260225,-0.304437,-0.011485,-0.283651,-0.289091,-0.063596,-0.305780,-0.244837,-0.074734,-0.318066,-0.282379
2026-05-27 14:50:47.775,95.799938,0.000000,0.000000,0.000000,0.032439,-0.257586,-0.304943,-0.121113,-0.267103,-0.303468,-0.044337,-0.262345,-0.304205,-0.011485,-0.283651,-0.289091,-0.063596,-0.305780,-0.244837,-0.074660,-0.315963,-0.282547
2026-05-27 14:50:47.875,95.899938,0.000000,0.000000,0.000000,0.032439,-0.257586,-0.304943,-0.121533,-0.269194,-0.303214,-0.044547,-0.263390,-0.304078,-0.011485,-0.283651,-0.289091,-0.063596,-0.305780,-0.244837,-0.074660,-0.315963,-0.282547
2026-05-27 14:50:47.975,95.999938,0.000000,0.000000,0.000000,0.032439,-0.257586,-0.304943,-0.121661,-0.267071,-0.303454,-0.044611,-0.262329,-0.304198,-0.011148,-0.281562,-0.289274,-0.063596,-0.305780,-0.244837,-0.074734,-0.318066,-0.282379
2026-05-27 14:50:48.075,96.099938,0.000000,0.000000,0.000000,0.032934,-0.255502,-0.305180,-0.121113,-0.267103,-0.303468,-0.044090,-0.261303,-0.304324,-0.011148,-0.281562,-0.289274,-0.063596,-0.305780,-0.244837,-0.074734,-0.318066,-0.282379
2026-05-27 14:50:48.175,96.199938,0.000000,0.000000,0.000000,0.032439,-0.257586,-0.304943,-0.121533,-0.269194,-0.303214,-0.044547,-0.263390,-0.304078,-0.011138,-0.281617,-0.288734,-0.063596,-0.305780,-0.244837,-0.074660,-0.315963,-0.282547
2026-05-27 14:50:48.275,96.299938,0.000000,0.000000,0.000000,0.032934,-0.255502,-0.305180,-0.121533,-0.269194,-0.303214,-0.044300,-0.262348,-0.304197,-0.011485,-0.283651,-0.289091,-0.063596,-0.305780,-0.244837,-0.074734,-0.318066,-0.282379
2026-05-27 14:50:48.375,96.399938,0.000000,0.000000,0.000000,0.032439,-0.257586,-0.304943,-0.121113,-0.267103,-0.303468,-0.044337,-0.262345,-0.304205,-0.011474,-0.283705,-0.288553,-0.063596,-0.305780,-0.244837,-0.074660,-0.315963,-0.282547
2026-05-27 14:50:48.475,96.499938,0.000000,0.000000,0.000000,0.032934,-0.255502,-0.305180,-0.121661,-0.267071,-0.303454,-0.044364,-0.261286,-0.304317,-0.011148,-0.281562,-0.289274,-0.063596,-0.305780,-0.244837,-0.074734,-0.318066,-0.282379
2026-05-27 14:50:48.575,96.599938,0.000000,0.000000,0.000000,0.032439,-0.257586,-0.304943,-0.121661,-0.267071,-0.303454,-0.044611,-0.262329,-0.304198,-0.011474,-0.283705,-0.288553,-0.063596,-0.305780,-0.244837,-0.074660,-0.315963,-0.282547
2026-05-27 14:50:48.675,96.699938,0.000000,0.000000,0.000000,0.032934,-0.255502,-0.305180,-0.121533,-0.269194,-0.303214,-0.044300,-0.262348,-0.304197,-0.011485,-0.283651,-0.289091,-0.063596,-0.305780,-0.244837,-0.074734,-0.318066,-0.282379
2026-05-27 14:50:48.775,96.799937,0.000000,0.000000,0.000000,0.032439,-0.257586,-0.304943,-0.121789,-0.264948,-0.303694,-0.044675,-0.261267,-0.304318,-0.011485,-0.283651,-0.289091,-0.063475,-0.303697,-0.244832,-0.074660,-0.315963,-0.282547
2026-05-27 14:50:48.875,96.899937,0.000000,0.000000,0.000000,0.032439,-0.257586,-0.304943,-0.121661,-0.267071,-0.303454,-0.044611,-0.262329,-0.304198,-0.011485,-0.283651,-0.289091,-0.063536,-0.304739,-0.244835,-0.074734,-0.318066,-0.282379
2026-05-27 14:50:48.975,96.999937,0.000000,0.000000,0.000000,0.032439,-0.257586,-0.304943,-0.121406,-0.271316,-0.302974,-0.044483,-0.264451,-0.303958,-0.011474,-0.283705,-0.288553,-0.063596,-0.305780,-0.244837,-0.074734,-0.318066,-0.282379
2026-05-27 14:50:49.075,97.099937,0.000000,0.000000,0.000000,0.032439,-0.257586,-0.304943,-0.121661,-0.267071,-0.303454,-0.044611,-0.262329,-0.304198,-0.011485,-0.283651,-0.289091,-0.063475,-0.303697,-0.244832,-0.074734,-0.318066,-0.282379
2026-05-27 14:50:49.175,97.199937,0.000000,0.000000,0.000000,0.032439,-0.257586,-0.304943,-0.121661,-0.267071,-0.303454,-0.044611,-0.262329,-0.304198,-0.010946,-0.283682,-0.289104,-0.063204,-0.307893,-0.244854,-0.074697,-0.317014,-0.282463
2026-05-27 14:50:49.275,97.299937,0.000000,0.000000,0.000000,0.032934,-0.255502,-0.305180,-0.121789,-0.264948,-0.303694,-0.044428,-0.260225,-0.304437,-0.011474,-0.283705,-0.288553,-0.062815,-0.310006,-0.244871,-0.074237,-0.318095,-0.282392
2026-05-27 14:50:49.375,97.399937,0.000000,0.000000,0.000000,0.032934,-0.255502,-0.305180,-0.121661,-0.267071,-0.303454,-0.044364,-0.261286,-0.304317,-0.011811,-0.285793,-0.288372,-0.062442,-0.312068,-0.245396,-0.074237,-0.318095,-0.282392
2026-05-27 14:50:49.475,97.499937,0.000000,0.000000,0.000000,0.032439,-0.257586,-0.304943,-0.120988,-0.269226,-0.303227,-0.044275,-0.263406,-0.304085,-0.011138,-0.281617,-0.288734,-0.062314,-0.309985,-0.245394,-0.074313,-0.320198,-0.282224
2026-05-27 14:50:49.575,97.599937,0.000000,0.000000,0.000000,0.032439,-0.257586,-0.304943,-0.121239,-0.264981,-0.303708,-0.044400,-0.261283,-0.304325,-0.011138,-0.281617,-0.288734,-0.062072,-0.314129,-0.245916,-0.074237,-0.318095,-0.282392
2026-05-27 14:50:49.675,97.699937,0.000000,0.000000,0.000000,0.032934,-0.255502,-0.305180,-0.121113,-0.267103,-0.303468,-0.044090,-0.261303,-0.304324,-0.011474,-0.283705,-0.288553,-0.061452,-0.311974,-0.246945,-0.074313,-0.320198,-0.282224
2026-05-27 14:50:49.775,97.799937,0.000000,0.000000,0.000000,0.032439,-0.257586,-0.304943,-0.121661,-0.267071,-0.303454,-0.044611,-0.262329,-0.304198,-0.011138,-0.281617,-0.288734,-0.060943,-0.312004,-0.246958,-0.074237,-0.318095,-0.282392
2026-05-27 14:50:49.875,97.899936,0.000000,0.000000,0.000000,0.032439,-0.257586,-0.304943,-0.121661,-0.267071,-0.303454,-0.044611,-0.262329,-0.304198,-0.010801,-0.279528,-0.288915,-0.060580,-0.314065,-0.247471,-0.074237,-0.318095,-0.282392
2026-05-27 14:50:49.975,97.999936,0.000000,0.000000,0.000000,0.031944,-0.259670,-0.304706,-0.121113,-0.267103,-0.303468,-0.044585,-0.263387,-0.304087,-0.010801,-0.279528,-0.288915,-0.060222,-0.316128,-0.247979,-0.074313,-0.320198,-0.282224
2026-05-27 14:50:50.075,98.099936,0.000000,0.000000,0.000000,0.032934,-0.255502,-0.305180,-0.121661,-0.267071,-0.303454,-0.044364,-0.261286,-0.304317,-0.010801,-0.279528,-0.288915,-0.059868,-0.318190,-0.248483,-0.073739,-0.318124,-0.282404
2026-05-27 14:50:50.175,98.199936,0.000000,0.000000,0.000000,0.032934,-0.255502,-0.305180,-0.121661,-0.267071,-0.303454,-0.044364,-0.261286,-0.304317,-0.010465,-0.277440,-0.289096,-0.060010,-0.320273,-0.248471,-0.073739,-0.318124,-0.282404
2026-05-27 14:50:50.275,98.299936,0.000000,0.000000,0.000000,0.031944,-0.259670,-0.304706,-0.121406,-0.271316,-0.302974,-0.044731,-0.265493,-0.303840,-0.010801,-0.279528,-0.288915,-0.059376,-0.318169,-0.248997,-0.073739,-0.318124,-0.282404
2026-05-27 14:50:50.375,98.399936,0.000000,0.000000,0.000000,0.031944,-0.259670,-0.304706,-0.120988,-0.269226,-0.303227,-0.044522,-0.264448,-0.303967,-0.010801,-0.279528,-0.288915,-0.059029,-0.320231,-0.249494,-0.073739,-0.318124,-0.282404
2026-05-27 14:50:50.475,98.499936,0.000000,0.000000,0.000000,0.031944,-0.259670,-0.304706,-0.121661,-0.267071,-0.303454,-0.044859,-0.263371,-0.304080,-0.010801,-0.279528,-0.288915,-0.058677,-0.322344,-0.249489,-0.073660,-0.316022,-0.282572
2026-05-27 14:50:50.575,98.599936,0.000000,0.000000,0.000000,0.032934,-0.255502,-0.305180,-0.121789,-0.264948,-0.303694,-0.044428,-0.260225,-0.304437,-0.010801,-0.279528,-0.288915,-0.058048,-0.320189,-0.250517,-0.073660,-0.316022,-0.282572
2026-05-27 14:50:50.675,98.699936,0.000000,0.000000,0.000000,0.032439,-0.257586,-0.304943,-0.121533,-0.269194,-0.303214,-0.044547,-0.263390,-0.304078,-0.010465,-0.277440,-0.289096,-0.058048,-0.320189,-0.250517,-0.073660,-0.316022,-0.282572
2026-05-27 14:50:50.775,98.799936,0.000000,0.000000,0.000000,0.032439,-0.257586,-0.304943,-0.121661,-0.267071,-0.303454,-0.044611,-0.262329,-0.304198,-0.010801,-0.279528,-0.288915,-0.057557,-0.320168,-0.251028,-0.073749,-0.318074,-0.282901
2026-05-27 14:50:50.875,98.899935,0.000000,0.000000,0.000000,0.032439,-0.257586,-0.304943,-0.120988,-0.269226,-0.303227,-0.044275,-0.263406,-0.304085,-0.010465,-0.277440,-0.289096,-0.057067,-0.320147,-0.251539,-0.073749,-0.318074,-0.282901
2026-05-27 14:50:50.975,98.999935,0.000000,0.000000,0.000000,0.032439,-0.257586,-0.304943,-0.121113,-0.267103,-0.303468,-0.044337,-0.262345,-0.304205,-0.010465,-0.277440,-0.289096,-0.056576,-0.320126,-0.252051,-0.073670,-0.315971,-0.283071
2026-05-27 14:50:51.075,99.099935,0.000000,0.000000,0.000000,0.032439,-0.257586,-0.304943,-0.121533,-0.269194,-0.303214,-0.044547,-0.263390,-0.304078,-0.010465,-0.277440,-0.289096,-0.056235,-0.322240,-0.252035,-0.073709,-0.317023,-0.282986
2026-05-27 14:50:51.175,99.199935,0.000000,0.000000,0.000000,0.032439,-0.257586,-0.304943,-0.121661,-0.267071,-0.303454,-0.044611,-0.262329,-0.304198,-0.010465,-0.277440,-0.289096,-0.056404,-0.324274,-0.252500,-0.073749,-0.318074,-0.282901
2026-05-27 14:50:51.275,99.299935,0.000000,0.000000,0.000000,0.032439,-0.257586,-0.304943,-0.121533,-0.269194,-0.303214,-0.044547,-0.263390,-0.304078,-0.010801,-0.279528,-0.288915,-0.055918,-0.324253,-0.253007,-0.073170,-0.316001,-0.283083
2026-05-27 14:50:51.375,99.399935,0.000000,0.000000,0.000000,0.032934,-0.255502,-0.305180,-0.120988,-0.269226,-0.303227,-0.044027,-0.262364,-0.304204,-0.010801,-0.279528,-0.288915,-0.055259,-0.322198,-0.253053,-0.073170,-0.316001,-0.283083
2026-05-27 14:50:51.475,99.499935,0.000000,0.000000,0.000000,0.032439,-0.257586,-0.304943,-0.120988,-0.269226,-0.303227,-0.044275,-0.263406,-0.304085,-0.011345,-0.279496,-0.288902,-0.055259,-0.322198,-0.253053,-0.073170,-0.316001,-0.283083
2026-05-27 14:50:51.575,99.599935,0.000000,0.000000,0.000000,0.032439,-0.257586,-0.304943,-0.120988,-0.269226,-0.303227,-0.044275,-0.263406,-0.304085,-0.011011,-0.277408,-0.289083,-0.055918,-0.324253,-0.253007,-0.073170,-0.316001,-0.283083
2026-05-27 14:50:51.675,99.699935,0.000000,0.000000,0.000000,0.032439,-0.257586,-0.304943,-0.121113,-0.267103,-0.303468,-0.044337,-0.262345,-0.304205,-0.010465,-0.277440,-0.289096,-0.055918,-0.324253,-0.253007,-0.073170,-0.316001,-0.283083
2026-05-27 14:50:51.775,99.799935,0.000000,0.000000,0.000000,0.032934,-0.255502,-0.305180,-0.121113,-0.267103,-0.303468,-0.044090,-0.261303,-0.304324,-0.011345,-0.279496,-0.288902,-0.055756,-0.322169,-0.253040,-0.073170,-0.316001,-0.283083
2026-05-27 14:50:51.875,99.899935,0.000000,0.000000,0.000000,0.032439,-0.257586,-0.304943,-0.121533,-0.269194,-0.303214,-0.044547,-0.263390,-0.304078,-0.010465,-0.277440,-0.289096,-0.055756,-0.322169,-0.253040,-0.073170,-0.316001,-0.283083
2026-05-27 14:50:51.975,99.999934,0.000000,0.000000,0.000000,0.032934,-0.255502,-0.305180,-0.121533,-0.269194,-0.303214,-0.044300,-0.262348,-0.304197,-0.010801,-0.279528,-0.288915,-0.055918,-0.324253,-0.253007,-0.073170,-0.316001,-0.283083
2026-05-27 14:50:52.075,100.099934,0.000000,0.000000,0.000000,0.032439,-0.257586,-0.304943,-0.121406,-0.271316,-0.302974,-0.044483,-0.264451,-0.303958,-0.011345,-0.279496,-0.288902,-0.055918,-0.324253,-0.253007,-0.073170,-0.316001,-0.283083
2026-05-27 14:50:52.175,100.199934,0.000000,0.000000,0.000000,0.032934,-0.255502,-0.305180,-0.121533,-0.269194,-0.303214,-0.044300,-0.262348,-0.304197,-0.010465,-0.277440,-0.289096,-0.055918,-0.324253,-0.253007,-0.073170,-0.316001,-0.283083
2026-05-27 14:50:52.275,100.299934,0.000000,0.000000,0.000000,0.032439,-0.257586,-0.304943,-0.120988,-0.269226,-0.303227,-0.044275,-0.263406,-0.304085,-0.010801,-0.279528,-0.288915,-0.055918,-0.324253,-0.253007,-0.073670,-0.315971,-0.283071
2026-05-27 14:50:52.375,100.399934,0.000000,0.000000,0.000000,0.032934,-0.255502,-0.305180,-0.121113,-0.267103,-0.303468,-0.044090,-0.261303,-0.304324,-0.011178,-0.278452,-0.288992,-0.055756,-0.322169,-0.253040,-0.073170,-0.316001,-0.283083
2026-05-27 14:50:52.475,100.499934,0.000000,0.000000,0.000000,0.032934,-0.255502,-0.305180,-0.121661,-0.267071,-0.303454,-0.044364,-0.261286,-0.304317,-0.010465,-0.277440,-0.289096,-0.055756,-0.322169,-0.253040,-0.073670,-0.315971,-0.283071
2026-05-27 14:50:52.575,100.599934,0.000000,0.000000,0.000000,0.032934,-0.255502,-0.305180,-0.121113,-0.267103,-0.303468,-0.044090,-0.261303,-0.304324,-0.010465,-0.277440,-0.289096,-0.055918,-0.324253,-0.253007,-0.073251,-0.318104,-0.282913
2026-05-27 14:50:52.675,100.699934,0.000000,0.000000,0.000000,0.032439,-0.257586,-0.304943,-0.120988,-0.269226,-0.303227,-0.044275,-0.263406,-0.304085,-0.010465,-0.277440,-0.289096,-0.055756,-0.322169,-0.253040,-0.073170,-0.316001,-0.283083
2026-05-27 14:50:52.775,100.799934,0.000000,0.000000,0.000000,0.032439,-0.257586,-0.304943,-0.121113,-0.267103,-0.303468,-0.044337,-0.262345,-0.304205,-0.010801,-0.279528,-0.288915,-0.055747,-0.322219,-0.252544,-0.073170,-0.316001,-0.283083
2026-05-27 14:50:52.875,100.899934,0.000000,0.000000,0.000000,0.032439,-0.257586,-0.304943,-0.120988,-0.269226,-0.303227,-0.044275,-0.263406,-0.304085,-0.010465,-0.277440,-0.289096,-0.055586,-0.320135,-0.252575,-0.073170,-0.316001,-0.283083
2026-05-27 14:50:52.975,100.999933,0.000000,0.000000,0.000000,0.032439,-0.257586,-0.304943,-0.121533,-0.269194,-0.303214,-0.044547,-0.263390,-0.304078,-0.010801,-0.279528,-0.288915,-0.055756,-0.322169,-0.253040,-0.073170,-0.316001,-0.283083
2026-05-27 14:50:53.075,101.099933,0.000000,0.000000,0.000000,0.032439,-0.257586,-0.304943,-0.120988,-0.269226,-0.303227,-0.044275,-0.263406,-0.304085,-0.010801,-0.279528,-0.288915,-0.055747,-0.322219,-0.252544,-0.073170,-0.316001,-0.283083
2026-05-27 14:50:53.175,101.199933,0.000000,0.000000,0.000000,0.032439,-0.257586,-0.304943,-0.121661,-0.267071,-0.303454,-0.044611,-0.262329,-0.304198,-0.010801,-0.279528,-0.288915,-0.055747,-0.322219,-0.252544,-0.073170,-0.316001,-0.283083
2026-05-27 14:50:53.275,101.299933,0.000000,0.000000,0.000000,0.031944,-0.259670,-0.304706,-0.120988,-0.269226,-0.303227,-0.044522,-0.264448,-0.303967,-0.011345,-0.279496,-0.288902,-0.055747,-0.322219,-0.252544,-0.073170,-0.316001,-0.283083
2026-05-27 14:50:53.375,101.399933,0.000000,0.000000,0.000000,0.032439,-0.257586,-0.304943,-0.121113,-0.267103,-0.303468,-0.044337,-0.262345,-0.304205,-0.011355,-0.279442,-0.289444,-0.055908,-0.324303,-0.252513,-0.073170,-0.316001,-0.283083
2026-05-27 14:50:53.475,101.499933,0.000000,0.000000,0.000000,0.032439,-0.257586,-0.304943,-0.120988,-0.269226,-0.303227,-0.044275,-0.263406,-0.304085,-0.010801,-0.279528,-0.288915,-0.055908,-0.324303,-0.252513,-0.073251,-0.318104,-0.282913
2026-05-27 14:50:53.575,101.599933,0.000000,0.000000,0.000000,0.032934,-0.255502,-0.305180,-0.121533,-0.269194,-0.303214,-0.044300,-0.262348,-0.304197,-0.010801,-0.279528,-0.288915,-0.055908,-0.324303,-0.252513,-0.073170,-0.316001,-0.283083
2026-05-27 14:50:53.675,101.699933,0.000000,0.000000,0.000000,0.032439,-0.257586,-0.304943,-0.121113,-0.267103,-0.303468,-0.044337,-0.262345,-0.304205,-0.010465,-0.277440,-0.289096,-0.055747,-0.322219,-0.252544,-0.073170,-0.316001,-0.283083
2026-05-27 14:50:53.775,101.799933,0.000000,0.000000,0.000000,0.032439,-0.257586,-0.304943,-0.120988,-0.269226,-0.303227,-0.044275,-0.263406,-0.304085,-0.010801,-0.279528,-0.288915,-0.055747,-0.322219,-0.252544,-0.073170,-0.316001,-0.283083
2026-05-27 14:50:53.875,101.899933,0.000000,0.000000,0.000000,0.032439,-0.257586,-0.304943,-0.121533,-0.269194,-0.303214,-0.044547,-0.263390,-0.304078,-0.010801,-0.279528,-0.288915,-0.055747,-0.322219,-0.252544,-0.073170,-0.316001,-0.283083
2026-05-27 14:50:53.975,101.999933,0.000000,0.000000,0.000000,0.032439,-0.257586,-0.304943,-0.120988,-0.269226,-0.303227,-0.044275,-0.263406,-0.304085,-0.010465,-0.277440,-0.289096,-0.055747,-0.322219,-0.252544,-0.073170,-0.316001,-0.283083
2026-05-27 14:50:54.075,102.099932,0.000000,0.000000,0.000000,0.032439,-0.257586,-0.304943,-0.121661,-0.267071,-0.303454,-0.044611,-0.262329,-0.304198,-0.011011,-0.277408,-0.289083,-0.055747,-0.322219,-0.252544,-0.073251,-0.318104,-0.282913
2026-05-27 14:50:54.175,102.199932,0.000000,0.000000,0.000000,0.032439,-0.257586,-0.304943,-0.121113,-0.267103,-0.303468,-0.044337,-0.262345,-0.304205,-0.011345,-0.279496,-0.288902,-0.055747,-0.322219,-0.252544,-0.073670,-0.315971,-0.283071
2026-05-27 14:50:54.275,102.299932,0.000000,0.000000,0.000000,0.032439,-0.257586,-0.304943,-0.120988,-0.269226,-0.303227,-0.044275,-0.263406,-0.304085,-0.010801,-0.279528,-0.288915,-0.055908,-0.324303,-0.252513,-0.073170,-0.316001,-0.283083
2026-05-27 14:50:54.375,102.399932,0.000000,0.000000,0.000000,0.032934,-0.255502,-0.305180,-0.121113,-0.267103,-0.303468,-0.044090,-0.261303,-0.304324,-0.011011,-0.277408,-0.289083,-0.055747,-0.322219,-0.252544,-0.073170,-0.316001,-0.283083
2026-05-27 14:50:54.475,102.499932,0.000000,0.000000,0.000000,0.031944,-0.259670,-0.304706,-0.121113,-0.267103,-0.303468,-0.044585,-0.263387,-0.304087,-0.010801,-0.279528,-0.288915,-0.055908,-0.324303,-0.252513,-0.073170,-0.316001,-0.283083
2026-05-27 14:50:54.575,102.599932,0.000000,0.000000,0.000000,0.032934,-0.255502,-0.305180,-0.120988,-0.269226,-0.303227,-0.044027,-0.262364,-0.304204,-0.010801,-0.279528,-0.288915,-0.055747,-0.322219,-0.252544,-0.073170,-0.316001,-0.283083
2026-05-27 14:50:54.675,102.699932,0.000000,0.000000,0.000000,0.032934,-0.255502,-0.305180,-0.121113,-0.267103,-0.303468,-0.044090,-0.261303,-0.304324,-0.011345,-0.279496,-0.288902,-0.055747,-0.322219,-0.252544,-0.073670,-0.315971,-0.283071
2026-05-27 14:50:54.775,102.799932,0.000000,0.000000,0.000000,0.032934,-0.255502,-0.305180,-0.121113,-0.267103,-0.303468,-0.044090,-0.261303,-0.304324,-0.011345,-0.279496,-0.288902,-0.055747,-0.322219,-0.252544,-0.073170,-0.316001,-0.283083
2026-05-27 14:50:54.875,102.899932,0.000000,0.000000,0.000000,0.032439,-0.257586,-0.304943,-0.121661,-0.267071,-0.303454,-0.044611,-0.262329,-0.304198,-0.010801,-0.279528,-0.288915,-0.055747,-0.322219,-0.252544,-0.073670,-0.315971,-0.283071
2026-05-27 14:50:54.975,102.999932,0.000000,0.000000,0.000000,0.031944,-0.259670,-0.304706,-0.121661,-0.267071,-0.303454,-0.044859,-0.263371,-0.304080,-0.010801,-0.279528,-0.288915,-0.055747,-0.322219,-0.252544,-0.073670,-0.315971,-0.283071
2026-05-27 14:50:55.075,103.099931,0.000000,0.000000,0.000000,0.032439,-0.257586,-0.304943,-0.121113,-0.267103,-0.303468,-0.044337,-0.262345,-0.304205,-0.010801,-0.279528,-0.288915,-0.055747,-0.322219,-0.252544,-0.073670,-0.315971,-0.283071
2026-05-27 14:50:55.175,103.199931,0.000000,0.000000,0.000000,0.032439,-0.257586,-0.304943,-0.120988,-0.269226,-0.303227,-0.044275,-0.263406,-0.304085,-0.010801,-0.279528,-0.288915,-0.055747,-0.322219,-0.252544,-0.073170,-0.316001,-0.283083
2026-05-27 14:50:55.275,103.299931,0.000000,0.000000,0.000000,0.031944,-0.259670,-0.304706,-0.121113,-0.267103,-0.303468,-0.044585,-0.263387,-0.304087,-0.010801,-0.279528,-0.288915,-0.055918,-0.324253,-0.253007,-0.073170,-0.316001,-0.283083
2026-05-27 14:50:55.375,103.399931,0.000000,0.000000,0.000000,0.032934,-0.255502,-0.305180,-0.121789,-0.264948,-0.303694,-0.044428,-0.260225,-0.304437,-0.011345,-0.279496,-0.288902,-0.055249,-0.322248,-0.252556,-0.073170,-0.316001,-0.283083
2026-05-27 14:50:55.475,103.499931,0.000000,0.000000,0.000000,0.031944,-0.259670,-0.304706,-0.121113,-0.267103,-0.303468,-0.044585,-0.263387,-0.304087,-0.010801,-0.279528,-0.288915,-0.054927,-0.324311,-0.253032,-0.073170,-0.316001,-0.283083
2026-05-27 14:50:55.575,103.599931,0.000000,0.000000,0.000000,0.032439,-0.257586,-0.304943,-0.120988,-0.269226,-0.303227,-0.044275,-0.263406,-0.304085,-0.011334,-0.279551,-0.288360,-0.054263,-0.322257,-0.253078,-0.073170,-0.316001,-0.283083
2026-05-27 14:50:55.675,103.699931,0.000000,0.000000,0.000000,0.032934,-0.255502,-0.305180,-0.121113,-0.267103,-0.303468,-0.044090,-0.261303,-0.304324,-0.011345,-0.279496,-0.288902,-0.053946,-0.324320,-0.253551,-0.073170,-0.316001,-0.283083
2026-05-27 14:50:55.775,103.799931,0.000000,0.000000,0.000000,0.032439,-0.257586,-0.304943,-0.120988,-0.269226,-0.303227,-0.044275,-0.263406,-0.304085,-0.011334,-0.279551,-0.288360,-0.053278,-0.322265,-0.253599,-0.072670,-0.316030,-0.283096
2026-05-27 14:50:55.875,103.899931,0.000000,0.000000,0.000000,0.032934,-0.255502,-0.305180,-0.121113,-0.267103,-0.303468,-0.044090,-0.261303,-0.304324,-0.011128,-0.281671,-0.288194,-0.053268,-0.322316,-0.253102,-0.072670,-0.316030,-0.283096
2026-05-27 14:50:55.975,103.999931,0.000000,0.000000,0.000000,0.032439,-0.257586,-0.304943,-0.121113,-0.267103,-0.303468,-0.044337,-0.262345,-0.304205,-0.011128,-0.281671,-0.288194,-0.053441,-0.324399,-0.253069,-0.072670,-0.316030,-0.283096
2026-05-27 14:50:56.075,104.099931,0.000000,0.000000,0.000000,0.032439,-0.257586,-0.304943,-0.121533,-0.269194,-0.303214,-0.044547,-0.263390,-0.304078,-0.011334,-0.279551,-0.288360,-0.052595,-0.320261,-0.253148,-0.072670,-0.316030,-0.283096
2026-05-27 14:50:56.175,104.199930,0.000000,0.000000,0.000000,0.031944,-0.259670,-0.304706,-0.121113,-0.267103,-0.303468,-0.044585,-0.263387,-0.304087,-0.010791,-0.279583,-0.288373,-0.052586,-0.320312,-0.252649,-0.072670,-0.316030,-0.283096
2026-05-27 14:50:56.275,104.299930,0.000000,0.000000,0.000000,0.032439,-0.257586,-0.304943,-0.121661,-0.267071,-0.303454,-0.044611,-0.262329,-0.304198,-0.011334,-0.279551,-0.288360,-0.052945,-0.324428,-0.253081,-0.072660,-0.316081,-0.282597
2026-05-27 14:50:56.375,104.399930,0.000000,0.000000,0.000000,0.032439,-0.257586,-0.304943,-0.121113,-0.267103,-0.303468,-0.044337,-0.262345,-0.304205,-0.011128,-0.281671,-0.288194,-0.052770,-0.322345,-0.253115,-0.072670,-0.316030,-0.283096
2026-05-27 14:50:56.475,104.499930,0.000000,0.000000,0.000000,0.032439,-0.257586,-0.304943,-0.121661,-0.267071,-0.303454,-0.044611,-0.262329,-0.304198,-0.011334,-0.279551,-0.288360,-0.052770,-0.322345,-0.253115,-0.072670,-0.316030,-0.283096
2026-05-27 14:50:56.575,104.599930,0.000000,0.000000,0.000000,0.032439,-0.257586,-0.304943,-0.120988,-0.269226,-0.303227,-0.044275,-0.263406,-0.304085,-0.011128,-0.281671,-0.288194,-0.052770,-0.322345,-0.253115,-0.072670,-0.316030,-0.283096
2026-05-27 14:50:56.675,104.699930,0.000000,0.000000,0.000000,0.032439,-0.257586,-0.304943,-0.121661,-0.267071,-0.303454,-0.044611,-0.262329,-0.304198,-0.010791,-0.279583,-0.288373,-0.052595,-0.320261,-0.253148,-0.072753,-0.318133,-0.282926
2026-05-27 14:50:56.775,104.799930,0.000000,0.000000,0.000000,0.032439,-0.257586,-0.304943,-0.121113,-0.267103,-0.303468,-0.044337,-0.262345,-0.304205,-0.011334,-0.279551,-0.288360,-0.052770,-0.322345,-0.253115,-0.072670,-0.316030,-0.283096
2026-05-27 14:50:56.875,104.899930,0.000000,0.000000,0.000000,0.032439,-0.257586,-0.304943,-0.121533,-0.269194,-0.303214,-0.044547,-0.263390,-0.304078,-0.011334,-0.279551,-0.288360,-0.052770,-0.322345,-0.253115,-0.072670,-0.316030,-0.283096
2026-05-27 14:50:56.975,104.999930,0.000000,0.000000,0.000000,0.031944,-0.259670,-0.304706,-0.120988,-0.269226,-0.303227,-0.044522,-0.264448,-0.303967,-0.011000,-0.277463,-0.288538,-0.052586,-0.320312,-0.252649,-0.072670,-0.316030,-0.283096
2026-05-27 14:50:57.075,105.099930,0.000000,0.000000,0.000000,0.032934,-0.255502,-0.305180,-0.121113,-0.267103,-0.303468,-0.044090,-0.261303,-0.304324,-0.011334,-0.279551,-0.288360,-0.052770,-0.322345,-0.253115,-0.072753,-0.318133,-0.282926
2026-05-27 14:50:57.175,105.199929,0.000000,0.000000,0.000000,0.032439,-0.257586,-0.304943,-0.120988,-0.269226,-0.303227,-0.044275,-0.263406,-0.304085,-0.011345,-0.279496,-0.288902,-0.052770,-0.322345,-0.253115,-0.072670,-0.316030,-0.283096
2026-05-27 14:50:57.275,105.299929,0.000000,0.000000,0.000000,0.032934,-0.255502,-0.305180,-0.121672,-0.267016,-0.304001,-0.044369,-0.261259,-0.304590,-0.010791,-0.279583,-0.288373,-0.052770,-0.322345,-0.253115,-0.072670,-0.316030,-0.283096
2026-05-27 14:50:57.375,105.399929,0.000000,0.000000,0.000000,0.032439,-0.257586,-0.304943,-0.121113,-0.267103,-0.303468,-0.044337,-0.262345,-0.304205,-0.010791,-0.279583,-0.288373,-0.052945,-0.324428,-0.253081,-0.072670,-0.316030,-0.283096
2026-05-27 14:50:57.475,105.499929,0.000000,0.000000,0.000000,0.032934,-0.255502,-0.305180,-0.121533,-0.269194,-0.303214,-0.044300,-0.262348,-0.304197,-0.011669,-0.281639,-0.288181,-0.052595,-0.320261,-0.253148,-0.072670,-0.316030,-0.283096
2026-05-27 14:50:57.575,105.599929,0.000000,0.000000,0.000000,0.032934,-0.255502,-0.305180,-0.121113,-0.267103,-0.303468,-0.044090,-0.261303,-0.304324,-0.010791,-0.279583,-0.288373,-0.052945,-0.324428,-0.253081,-0.072670,-0.316030,-0.283096
2026-05-27 14:50:57.675,105.699929,0.000000,0.000000,0.000000,0.032934,-0.255502,-0.305180,-0.121661,-0.267071,-0.303454,-0.044364,-0.261286,-0.304317,-0.010791,-0.279583,-0.288373,-0.052770,-0.322345,-0.253115,-0.072670,-0.316030,-0.283096
2026-05-27 14:50:57.775,105.799929,0.000000,0.000000,0.000000,0.031944,-0.259670,-0.304706,-0.121113,-0.267103,-0.303468,-0.044585,-0.263387,-0.304087,-0.010791,-0.279583,-0.288373,-0.052761,-0.322395,-0.252618,-0.072670,-0.316030,-0.283096
2026-05-27 14:50:57.875,105.899929,0.000000,0.000000,0.000000,0.032439,-0.257586,-0.304943,-0.121113,-0.267103,-0.303468,-0.044337,-0.262345,-0.304205,-0.011334,-0.279551,-0.288360,-0.052770,-0.322345,-0.253115,-0.072670,-0.316030,-0.283096
2026-05-27 14:50:57.975,105.999929,0.000000,0.000000,0.000000,0.032934,-0.255502,-0.305180,-0.121533,-0.269194,-0.303214,-0.044300,-0.262348,-0.304197,-0.010791,-0.279583,-0.288373,-0.052770,-0.322345,-0.253115,-0.072670,-0.316030,-0.283096
2026-05-27 14:50:58.075,106.099929,0.000000,0.000000,0.000000,0.032934,-0.255502,-0.305180,-0.121661,-0.267071,-0.303454,-0.044364,-0.261286,-0.304317,-0.010791,-0.279583,-0.288373,-0.052595,-0.320261,-0.253148,-0.072670,-0.316030,-0.283096
2026-05-27 14:50:58.175,106.199929,0.000000,0.000000,0.000000,0.032934,-0.255502,-0.305180,-0.121533,-0.269194,-0.303214,-0.044300,-0.262348,-0.304197,-0.010791,-0.279583,-0.288373,-0.053259,-0.322366,-0.252606,-0.072670,-0.316030,-0.283096
2026-05-27 14:50:58.275,106.299928,0.000000,0.000000,0.000000,0.032439,-0.257586,-0.304943,-0.120988,-0.269226,-0.303227,-0.044275,-0.263406,-0.304085,-0.010791,-0.279583,-0.288373,-0.052770,-0.322345,-0.253115,-0.072670,-0.316030,-0.283096
2026-05-27 14:50:58.375,106.399928,0.000000,0.000000,0.000000,0.031944,-0.259670,-0.304706,-0.120988,-0.269226,-0.303227,-0.044522,-0.264448,-0.303967,-0.010791,-0.279583,-0.288373,-0.052770,-0.322345,-0.253115,-0.072670,-0.316030,-0.283096
2026-05-27 14:50:58.475,106.499928,0.000000,0.000000,0.000000,0.032439,-0.257586,-0.304943,-0.121661,-0.267071,-0.303454,-0.044611,-0.262329,-0.304198,-0.011334,-0.279551,-0.288360,-0.052586,-0.320312,-0.252649,-0.072670,-0.316030,-0.283096
2026-05-27 14:50:58.575,106.599928,0.000000,0.000000,0.000000,0.032934,-0.255502,-0.305180,-0.121113,-0.267103,-0.303468,-0.044090,-0.261303,-0.304324,-0.010791,-0.279583,-0.288373,-0.053259,-0.322366,-0.252606,-0.072586,-0.313927,-0.283266
2026-05-27 14:50:58.675,106.699928,0.000000,0.000000,0.000000,0.031944,-0.259670,-0.304706,-0.121113,-0.267103,-0.303468,-0.044585,-0.263387,-0.304087,-0.010791,-0.279583,-0.288373,-0.053259,-0.322366,-0.252606,-0.072670,-0.316030,-0.283096
2026-05-27 14:50:58.775,106.799928,0.000000,0.000000,0.000000,0.032439,-0.257586,-0.304943,-0.121113,-0.267103,-0.303468,-0.044337,-0.262345,-0.304205,-0.011345,-0.279496,-0.288902,-0.053086,-0.320282,-0.252637,-0.072670,-0.316030,-0.283096
2026-05-27 14:50:58.875,106.899928,0.000000,0.000000,0.000000,0.031944,-0.259670,-0.304706,-0.121113,-0.267103,-0.303468,-0.044585,-0.263387,-0.304087,-0.010791,-0.279583,-0.288373,-0.053268,-0.322316,-0.253102,-0.072670,-0.316030,-0.283096
2026-05-27 14:50:58.975,106.999928,0.000000,0.000000,0.000000,0.032439,-0.257586,-0.304943,-0.121113,-0.267103,-0.303468,-0.044337,-0.262345,-0.304205,-0.011334,-0.279551,-0.288360,-0.053086,-0.320282,-0.252637,-0.072670,-0.316030,-0.283096
2026-05-27 14:50:59.075,107.099928,0.000000,0.000000,0.000000,0.032439,-0.257586,-0.304943,-0.121661,-0.267071,-0.303454,-0.044611,-0.262329,-0.304198,-0.011334,-0.279551,-0.288360,-0.053268,-0.322316,-0.253102,-0.072670,-0.316030,-0.283096
2026-05-27 14:50:59.175,107.199928,0.000000,0.000000,0.000000,0.031944,-0.259670,-0.304706,-0.121239,-0.264981,-0.303708,-0.044648,-0.262325,-0.304207,-0.010791,-0.279583,-0.288373,-0.053259,-0.322366,-0.252606,-0.072670,-0.316030,-0.283096
2026-05-27 14:50:59.275,107.299927,0.000000,0.000000,0.000000,0.032439,-0.257586,-0.304943,-0.121113,-0.267103,-0.303468,-0.044337,-0.262345,-0.304205,-0.010791,-0.279583,-0.288373,-0.053086,-0.320282,-0.252637,-0.072670,-0.316030,-0.283096
2026-05-27 14:50:59.375,107.399927,0.000000,0.000000,0.000000,0.032439,-0.257586,-0.304943,-0.121406,-0.271316,-0.302974,-0.044483,-0.264451,-0.303958,-0.010791,-0.279583,-0.288373,-0.053086,-0.320282,-0.252637,-0.073251,-0.318104,-0.282913
2026-05-27 14:50:59.475,107.499927,0.000000,0.000000,0.000000,0.033429,-0.253418,-0.305418,-0.121533,-0.269194,-0.303214,-0.044052,-0.261306,-0.304316,-0.010791,-0.279583,-0.288373,-0.053259,-0.322366,-0.252606,-0.072670,-0.316030,-0.283096
2026-05-27 14:50:59.575,107.599927,0.000000,0.000000,0.000000,0.032439,-0.257586,-0.304943,-0.121533,-0.269194,-0.303214,-0.044547,-0.263390,-0.304078,-0.010791,-0.279583,-0.288373,-0.053095,-0.320232,-0.253136,-0.072670,-0.316030,-0.283096
2026-05-27 14:50:59.675,107.699927,0.000000,0.000000,0.000000,0.032439,-0.257586,-0.304943,-0.121113,-0.267103,-0.303468,-0.044337,-0.262345,-0.304205,-0.010791,-0.279583,-0.288373,-0.053259,-0.322366,-0.252606,-0.072670,-0.316030,-0.283096
2026-05-27 14:50:59.775,107.799927,0.000000,0.000000,0.000000,0.032439,-0.257586,-0.304943,-0.121239,-0.264981,-0.303708,-0.044400,-0.261283,-0.304325,-0.010791,-0.279583,-0.288373,-0.052913,-0.318199,-0.252668,-0.072670,-0.316030,-0.283096
2026-05-27 14:50:59.875,107.899927,0.000000,0.000000,0.000000,0.032934,-0.255502,-0.305180,-0.121113,-0.267103,-0.303468,-0.044090,-0.261303,-0.304324,-0.010791,-0.279583,-0.288373,-0.052913,-0.318199,-0.252668,-0.072670,-0.316030,-0.283096
2026-05-27 14:50:59.975,107.999927,0.000000,0.000000,0.000000,0.032934,-0.255502,-0.305180,-0.121239,-0.264981,-0.303708,-0.044153,-0.260241,-0.304444,-0.011334,-0.279551,-0.288360,-0.053259,-0.322366,-0.252606,-0.072670,-0.316030,-0.283096
2026-05-27 14:51:00.075,108.099927,0.000000,0.000000,0.000000,0.032439,-0.257586,-0.304943,-0.121113,-0.267103,-0.303468,-0.044337,-0.262345,-0.304205,-0.010791,-0.279583,-0.288373,-0.053086,-0.320282,-0.252637,-0.073170,-0.316001,-0.283083
2026-05-27 14:51:00.175,108.199927,0.000000,0.000000,0.000000,0.032439,-0.257586,-0.304943,-0.120988,-0.269226,-0.303227,-0.044275,-0.263406,-0.304085,-0.011334,-0.279551,-0.288360,-0.053095,-0.320232,-0.253136,-0.072670,-0.316030,-0.283096
2026-05-27 14:51:00.275,108.299927,0.000000,0.000000,0.000000,0.032934,-0.255502,-0.305180,-0.121113,-0.267103,-0.303468,-0.044090,-0.261303,-0.304324,-0.011345,-0.279496,-0.288902,-0.053259,-0.322366,-0.252606,-0.072670,-0.316030,-0.283096
2026-05-27 14:51:00.375,108.399926,0.000000,0.000000,0.000000,0.032934,-0.255502,-0.305180,-0.120988,-0.269226,-0.303227,-0.044027,-0.262364,-0.304204,-0.010791,-0.279583,-0.288373,-0.053086,-0.320282,-0.252637,-0.073170,-0.316001,-0.283083
2026-05-27 14:51:00.475,108.499926,0.000000,0.000000,0.000000,0.032439,-0.257586,-0.304943,-0.121113,-0.267103,-0.303468,-0.044337,-0.262345,-0.304205,-0.011669,-0.281639,-0.288181,-0.053095,-0.320232,-0.253136,-0.072670,-0.316030,-0.283096
2026-05-27 14:51:00.575,108.599926,0.000000,0.000000,0.000000,0.032439,-0.257586,-0.304943,-0.121113,-0.267103,-0.303468,-0.044337,-0.262345,-0.304205,-0.011345,-0.279496,-0.288902,-0.053268,-0.322316,-0.253102,-0.072670,-0.316030,-0.283096
2026-05-27 14:51:00.675,108.699926,0.000000,0.000000,0.000000,0.032934,-0.255502,-0.305180,-0.121661,-0.267071,-0.303454,-0.044364,-0.261286,-0.304317,-0.011128,-0.281671,-0.288194,-0.053259,-0.322366,-0.252606,-0.072670,-0.316030,-0.283096
2026-05-27 14:51:00.775,108.799926,0.000000,0.000000,0.000000,0.033429,-0.253418,-0.305418,-0.121113,-0.267103,-0.303468,-0.043842,-0.260261,-0.304443,-0.011334,-0.279551,-0.288360,-0.053086,-0.320282,-0.252637,-0.072670,-0.316030,-0.283096
2026-05-27 14:51:00.875,108.899926,0.000000,0.000000,0.000000,0.032439,-0.257586,-0.304943,-0.121799,-0.264893,-0.304243,-0.044680,-0.261239,-0.304593,-0.010791,-0.279583,-0.288373,-0.052913,-0.318199,-0.252668,-0.072670,-0.316030,-0.283096
2026-05-27 14:51:00.975,108.999926,0.000000,0.000000,0.000000,0.032439,-0.257586,-0.304943,-0.121661,-0.267071,-0.303454,-0.044611,-0.262329,-0.304198,-0.011128,-0.281671,-0.288194,-0.053268,-0.322316,-0.253102,-0.072670,-0.316030,-0.283096
2026-05-27 14:51:01.075,109.099926,0.000000,0.000000,0.000000,0.032934,-0.255502,-0.305180,-0.121113,-0.267103,-0.303468,-0.044090,-0.261303,-0.304324,-0.010791,-0.279583,-0.288373,-0.052923,-0.318148,-0.253169,-0.072670,-0.316030,-0.283096
2026-05-27 14:51:01.175,109.199926,0.000000,0.000000,0.000000,0.032934,-0.255502,-0.305180,-0.121661,-0.267071,-0.303454,-0.044364,-0.261286,-0.304317,-0.011334,-0.279551,-0.288360,-0.052923,-0.318148,-0.253169,-0.072670,-0.316030,-0.283096
2026-05-27 14:51:01.275,109.299926,0.000000,0.000000,0.000000,0.032934,-0.255502,-0.305180,-0.121533,-0.269194,-0.303214,-0.044300,-0.262348,-0.304197,-0.011128,-0.281671,-0.288194,-0.052586,-0.320312,-0.252649,-0.072670,-0.316030,-0.283096
2026-05-27 14:51:01.375,109.399925,0.000000,0.000000,0.000000,0.032439,-0.257586,-0.304943,-0.120988,-0.269226,-0.303227,-0.044275,-0.263406,-0.304085,-0.011669,-0.281639,-0.288181,-0.052086,-0.320341,-0.252662,-0.072670,-0.316030,-0.283096
2026-05-27 14:51:01.475,109.499925,0.000000,0.000000,0.000000,0.032934,-0.255502,-0.305180,-0.121533,-0.269194,-0.303214,-0.044300,-0.262348,-0.304197,-0.011334,-0.279551,-0.288360,-0.051756,-0.322504,-0.252146,-0.072670,-0.316030,-0.283096
2026-05-27 14:51:01.575,109.599925,0.000000,0.000000,0.000000,0.032439,-0.257586,-0.304943,-0.121113,-0.267103,-0.303468,-0.044337,-0.262345,-0.304205,-0.011334,-0.279551,-0.288360,-0.050945,-0.324645,-0.252142,-0.072075,-0.314008,-0.282777
2026-05-27 14:51:01.675,109.699925,0.000000,0.000000,0.000000,0.032934,-0.255502,-0.305180,-0.121113,-0.267103,-0.303468,-0.044090,-0.261303,-0.304324,-0.011669,-0.281639,-0.288181,-0.050254,-0.322643,-0.251687,-0.071989,-0.311905,-0.282945
2026-05-27 14:51:01.775,109.799925,0.000000,0.000000,0.000000,0.032439,-0.257586,-0.304943,-0.121113,-0.267103,-0.303468,-0.044337,-0.262345,-0.304205,-0.011878,-0.279519,-0.288346,-0.050049,-0.320661,-0.250716,-0.072160,-0.316110,-0.282609
2026-05-27 14:51:01.875,109.899925,0.000000,0.000000,0.000000,0.031944,-0.259670,-0.304706,-0.121533,-0.269194,-0.303214,-0.044795,-0.264432,-0.303960,-0.011878,-0.279519,-0.288346,-0.049539,-0.320742,-0.250230,-0.071749,-0.318242,-0.282454
2026-05-27 14:51:01.975,109.999925,0.000000,0.000000,0.000000,0.032934,-0.255502,-0.305180,-0.121113,-0.267103,-0.303468,-0.044090,-0.261303,-0.304324,-0.011867,-0.279574,-0.287804,-0.049030,-0.320822,-0.249743,-0.071572,-0.314037,-0.282790
2026-05-27 14:51:02.075,110.099925,0.000000,0.000000,0.000000,0.032934,-0.255502,-0.305180,-0.121672,-0.267016,-0.304001,-0.044369,-0.261259,-0.304590,-0.011867,-0.279574,-0.287804,-0.049011,-0.320923,-0.248745,-0.071572,-0.314037,-0.282790
2026-05-27 14:51:02.175,110.199925,0.000000,0.000000,0.000000,0.032439,-0.257586,-0.304943,-0.121533,-0.269194,-0.303214,-0.044547,-0.263390,-0.304078,-0.011535,-0.277486,-0.287980,-0.046371,-0.298122,-0.248382,-0.071070,-0.314067,-0.282802
2026-05-27 14:51:02.275,110.299925,0.000000,0.000000,0.000000,0.031944,-0.259670,-0.304706,-0.121661,-0.267071,-0.303454,-0.044859,-0.263371,-0.304080,-0.011535,-0.277486,-0.287980,-0.046816,-0.308604,-0.247826,-0.071070,-0.314067,-0.282802
2026-05-27 14:51:02.375,110.399925,0.000000,0.000000,0.000000,0.032439,-0.257586,-0.304943,-0.121661,-0.267071,-0.303454,-0.044611,-0.262329,-0.304198,-0.011867,-0.279574,-0.287804,-0.043516,-0.279576,-0.247421,-0.071070,-0.314067,-0.282802
2026-05-27 14:51:02.475,110.499924,0.000000,0.000000,0.000000,0.032439,-0.257586,-0.304943,-0.121661,-0.267071,-0.303454,-0.044611,-0.262329,-0.304198,-0.011867,-0.279574,-0.287804,-0.042760,-0.277584,-0.246895,-0.071070,-0.314067,-0.282802
2026-05-27 14:51:02.575,110.599924,0.000000,0.000000,0.000000,0.032439,-0.257586,-0.304943,-0.121661,-0.267071,-0.303454,-0.044611,-0.262329,-0.304198,-0.011535,-0.277486,-0.287980,-0.043307,-0.277552,-0.246881,-0.071070,-0.314067,-0.282802
2026-05-27 14:51:02.675,110.699924,0.000000,0.000000,0.000000,0.032439,-0.257586,-0.304943,-0.121533,-0.269194,-0.303214,-0.044547,-0.263390,-0.304078,-0.011867,-0.279574,-0.287804,-0.043307,-0.277552,-0.246881,-0.071161,-0.316169,-0.282634
2026-05-27 14:51:02.775,110.799924,0.000000,0.000000,0.000000,0.031944,-0.259670,-0.304706,-0.121533,-0.269194,-0.303214,-0.044795,-0.264432,-0.303960,-0.011867,-0.279574,-0.287804,-0.043704,-0.281710,-0.246872,-0.071070,-0.314067,-0.282802
2026-05-27 14:51:02.875,110.899924,0.000000,0.000000,0.000000,0.032934,-0.255502,-0.305180,-0.121533,-0.269194,-0.303214,-0.044300,-0.262348,-0.304197,-0.011867,-0.279574,-0.287804,-0.044309,-0.287893,-0.247394,-0.071161,-0.316169,-0.282634
2026-05-27 14:51:02.975,110.999924,0.000000,0.000000,0.000000,0.031944,-0.259670,-0.304706,-0.121533,-0.269194,-0.303214,-0.044795,-0.264432,-0.303960,-0.011867,-0.279574,-0.287804,-0.043714,-0.281655,-0.247414,-0.071070,-0.314067,-0.282802
2026-05-27 14:51:03.075,111.099924,0.000000,0.000000,0.000000,0.032934,-0.255502,-0.305180,-0.121533,-0.269194,-0.303214,-0.044300,-0.262348,-0.304197,-0.011867,-0.279574,-0.287804,-0.043714,-0.281655,-0.247414,-0.071070,-0.314067,-0.282802
2026-05-27 14:51:03.175,111.199924,0.000000,0.000000,0.000000,0.032934,-0.255502,-0.305180,-0.121533,-0.269194,-0.303214,-0.044300,-0.262348,-0.304197,-0.011867,-0.279574,-0.287804,-0.043714,-0.281655,-0.247414,-0.071161,-0.316169,-0.282634
2026-05-27 14:51:03.275,111.299924,0.000000,0.000000,0.000000,0.032439,-0.257586,-0.304943,-0.121533,-0.269194,-0.303214,-0.044547,-0.263390,-0.304078,-0.011867,-0.279574,-0.287804,-0.043913,-0.283734,-0.247408,-0.071161,-0.316169,-0.282634
2026-05-27 14:51:03.375,111.399924,0.000000,0.000000,0.000000,0.032439,-0.257586,-0.304943,-0.121113,-0.267103,-0.303468,-0.044337,-0.262345,-0.304205,-0.011867,-0.279574,-0.287804,-0.043714,-0.281655,-0.247414,-0.071070,-0.314067,-0.282802
2026-05-27 14:51:03.475,111.499923,0.000000,0.000000,0.000000,0.032934,-0.255502,-0.305180,-0.121533,-0.269194,-0.303214,-0.044300,-0.262348,-0.304197,-0.011867,-0.279574,-0.287804,-0.044805,-0.293091,-0.247377,-0.071070,-0.314067,-0.282802
2026-05-27 14:51:03.575,111.599923,0.000000,0.000000,0.000000,0.032934,-0.255502,-0.305180,-0.121661,-0.267071,-0.303454,-0.044364,-0.261286,-0.304317,-0.011867,-0.279574,-0.287804,-0.043913,-0.283734,-0.247408,-0.071161,-0.316169,-0.282634
2026-05-27 14:51:03.675,111.699923,0.000000,0.000000,0.000000,0.032934,-0.255502,-0.305180,-0.121661,-0.267071,-0.303454,-0.044364,-0.261286,-0.304317,-0.011867,-0.279574,-0.287804,-0.043913,-0.283734,-0.247408,-0.071061,-0.314118,-0.282301
2026-05-27 14:51:03.775,111.799923,0.000000,0.000000,0.000000,0.032934,-0.255502,-0.305180,-0.121661,-0.267071,-0.303454,-0.044364,-0.261286,-0.304317,-0.011867,-0.279574,-0.287804,-0.043913,-0.283734,-0.247408,-0.071070,-0.314067,-0.282802
2026-05-27 14:51:03.875,111.899923,0.000000,0.000000,0.000000,0.032439,-0.257586,-0.304943,-0.121661,-0.267071,-0.303454,-0.044611,-0.262329,-0.304198,-0.011867,-0.279574,-0.287804,-0.043913,-0.283734,-0.247408,-0.070970,-0.312016,-0.282467
2026-05-27 14:51:03.975,111.999923,0.000000,0.000000,0.000000,0.032439,-0.257586,-0.304943,-0.121533,-0.269194,-0.303214,-0.044547,-0.263390,-0.304078,-0.011867,-0.279574,-0.287804,-0.044111,-0.285814,-0.247401,-0.071070,-0.314067,-0.282802
2026-05-27 14:51:04.075,112.099923,0.000000,0.000000,0.000000,0.032934,-0.255502,-0.305180,-0.121533,-0.269194,-0.303214,-0.044300,-0.262348,-0.304197,-0.011535,-0.277486,-0.287980,-0.043913,-0.283734,-0.247408,-0.071070,-0.314067,-0.282802
2026-05-27 14:51:04.175,112.199923,0.000000,0.000000,0.000000,0.032439,-0.257586,-0.304943,-0.121661,-0.267071,-0.303454,-0.044611,-0.262329,-0.304198,-0.011535,-0.277486,-0.287980,-0.043913,-0.283734,-0.247408,-0.071070,-0.314067,-0.282802
2026-05-27 14:51:04.275,112.299923,0.000000,0.000000,0.000000,0.032439,-0.257586,-0.304943,-0.121661,-0.267071,-0.303454,-0.044611,-0.262329,-0.304198,-0.011535,-0.277486,-0.287980,-0.043913,-0.283734,-0.247408,-0.071070,-0.314067,-0.282802
2026-05-27 14:51:04.375,112.399923,0.000000,0.000000,0.000000,0.032934,-0.255502,-0.305180,-0.121661,-0.267071,-0.303454,-0.044364,-0.261286,-0.304317,-0.011867,-0.279574,-0.287804,-0.044111,-0.285814,-0.247401,-0.071161,-0.316169,-0.282634
2026-05-27 14:51:04.475,112.499923,0.000000,0.000000,0.000000,0.032439,-0.257586,-0.304943,-0.121661,-0.267071,-0.303454,-0.044611,-0.262329,-0.304198,-0.011867,-0.279574,-0.287804,-0.044409,-0.288933,-0.247391,-0.071070,-0.314067,-0.282802
2026-05-27 14:51:04.575,112.599922,0.000000,0.000000,0.000000,0.032934,-0.255502,-0.305180,-0.121533,-0.269194,-0.303214,-0.044300,-0.262348,-0.304197,-0.011867,-0.279574,-0.287804,-0.043714,-0.281655,-0.247414,-0.071070,-0.314067,-0.282802
2026-05-27 14:51:04.675,112.699922,0.000000,0.000000,0.000000,0.032439,-0.257586,-0.304943,-0.121661,-0.267071,-0.303454,-0.044611,-0.262329,-0.304198,-0.011867,-0.279574,-0.287804,-0.044706,-0.292052,-0.247380,-0.071070,-0.314067,-0.282802
2026-05-27 14:51:04.775,112.799922,0.000000,0.000000,0.000000,0.032439,-0.257586,-0.304943,-0.121661,-0.267071,-0.303454,-0.044611,-0.262329,-0.304198,-0.011867,-0.279574,-0.287804,-0.043714,-0.281655,-0.247414,-0.071070,-0.314067,-0.282802
2026-05-27 14:51:04.875,112.899922,0.000000,0.000000,0.000000,0.031944,-0.259670,-0.304706,-0.121672,-0.267016,-0.304001,-0.044864,-0.263343,-0.304353,-0.011867,-0.279574,-0.287804,-0.043714,-0.281655,-0.247414,-0.071070,-0.314067,-0.282802
2026-05-27 14:51:04.975,112.999922,0.000000,0.000000,0.000000,0.032439,-0.257586,-0.304943,-0.121406,-0.271316,-0.302974,-0.044483,-0.264451,-0.303958,-0.011867,-0.279574,-0.287804,-0.043913,-0.283734,-0.247408,-0.071070,-0.314067,-0.282802
2026-05-27 14:51:05.075,113.099922,0.000000,0.000000,0.000000,0.032934,-0.255502,-0.305180,-0.121661,-0.267071,-0.303454,-0.044364,-0.261286,-0.304317,-0.011535,-0.277486,-0.287980,-0.044706,-0.292052,-0.247380,-0.071070,-0.314067,-0.282802
2026-05-27 14:51:05.175,113.199922,0.000000,0.000000,0.000000,0.031944,-0.259670,-0.304706,-0.121533,-0.269194,-0.303214,-0.044795,-0.264432,-0.303960,-0.011867,-0.279574,-0.287804,-0.046094,-0.306607,-0.247333,-0.071070,-0.314067,-0.282802
2026-05-27 14:51:05.275,113.299922,0.000000,0.000000,0.000000,0.032439,-0.257586,-0.304943,-0.121533,-0.269194,-0.303214,-0.044547,-0.263390,-0.304078,-0.011867,-0.279574,-0.287804,-0.044012,-0.284774,-0.247404,-0.071070,-0.314067,-0.282802
2026-05-27 14:51:05.375,113.399922,0.000000,0.000000,0.000000,0.032934,-0.255502,-0.305180,-0.121661,-0.267071,-0.303454,-0.044364,-0.261286,-0.304317,-0.012200,-0.281662,-0.287628,-0.043913,-0.283734,-0.247408,-0.071070,-0.314067,-0.282802
2026-05-27 14:51:05.475,113.499922,0.000000,0.000000,0.000000,0.032439,-0.257586,-0.304943,-0.121533,-0.269194,-0.303214,-0.044547,-0.263390,-0.304078,-0.011535,-0.277486,-0.287980,-0.044012,-0.284774,-0.247404,-0.071161,-0.316169,-0.282634
2026-05-27 14:51:05.575,113.599921,0.000000,0.000000,0.000000,0.032439,-0.257586,-0.304943,-0.121533,-0.269194,-0.303214,-0.044547,-0.263390,-0.304078,-0.011867,-0.279574,-0.287804,-0.043913,-0.283734,-0.247408,-0.071161,-0.316169,-0.282634
2026-05-27 14:51:05.675,113.699921,0.000000,0.000000,0.000000,0.032934,-0.255502,-0.305180,-0.121533,-0.269194,-0.303214,-0.044300,-0.262348,-0.304197,-0.011867,-0.279574,-0.287804,-0.044309,-0.287893,-0.247394,-0.071070,-0.314067,-0.282802
2026-05-27 14:51:05.775,113.799921,0.000000,0.000000,0.000000,0.032439,-0.257586,-0.304943,-0.121661,-0.267071,-0.303454,-0.044611,-0.262329,-0.304198,-0.011867,-0.279574,-0.287804,-0.043516,-0.279576,-0.247421,-0.071161,-0.316169,-0.282634
2026-05-27 14:51:05.875,113.899921,0.000000,0.000000,0.000000,0.032934,-0.255502,-0.305180,-0.121113,-0.267103,-0.303468,-0.044090,-0.261303,-0.304324,-0.011867,-0.279574,-0.287804,-0.044309,-0.287893,-0.247394,-0.071070,-0.314067,-0.282802
2026-05-27 14:51:05.975,113.999921,0.000000,0.000000,0.000000,0.031944,-0.259670,-0.304706,-0.121661,-0.267071,-0.303454,-0.044859,-0.263371,-0.304080,-0.011867,-0.279574,-0.287804,-0.046788,-0.313885,-0.247310,-0.071070,-0.314067,-0.282802
2026-05-27 14:51:06.075,114.099921,0.000000,0.000000,0.000000,0.032439,-0.257586,-0.304943,-0.121661,-0.267071,-0.303454,-0.044611,-0.262329,-0.304198,-0.011867,-0.279574,-0.287804,-0.043714,-0.281655,-0.247414,-0.071070,-0.314067,-0.282802
2026-05-27 14:51:06.175,114.199921,0.000000,0.000000,0.000000,0.032439,-0.257586,-0.304943,-0.121533,-0.269194,-0.303214,-0.044547,-0.263390,-0.304078,-0.011867,-0.279574,-0.287804,-0.046888,-0.314925,-0.247306,-0.071070,-0.314067,-0.282802
2026-05-27 14:51:06.275,114.299921,0.000000,0.000000,0.000000,0.032934,-0.255502,-0.305180,-0.121661,-0.267071,-0.303454,-0.044364,-0.261286,-0.304317,-0.011867,-0.279574,-0.287804,-0.044356,-0.282663,-0.247397,-0.070970,-0.312016,-0.282467
2026-05-27 14:51:06.375,114.399921,0.000000,0.000000,0.000000,0.032439,-0.257586,-0.304943,-0.121661,-0.267071,-0.303454,-0.044611,-0.262329,-0.304198,-0.011867,-0.279574,-0.287804,-0.044258,-0.281623,-0.247401,-0.071070,-0.314067,-0.282802
2026-05-27 14:51:06.475,114.499921,0.000000,0.000000,0.000000,0.032439,-0.257586,-0.304943,-0.121533,-0.269194,-0.303214,-0.044547,-0.263390,-0.304078,-0.011701,-0.278530,-0.287892,-0.044111,-0.285814,-0.247401,-0.071070,-0.314067,-0.282802
2026-05-27 14:51:06.575,114.599921,0.000000,0.000000,0.000000,0.032934,-0.255502,-0.305180,-0.121533,-0.269194,-0.303214,-0.044300,-0.262348,-0.304197,-0.011701,-0.278530,-0.287892,-0.044062,-0.279544,-0.247407,-0.071070,-0.314067,-0.282802
2026-05-27 14:51:06.675,114.699920,0.000000,0.000000,0.000000,0.032934,-0.255502,-0.305180,-0.121661,-0.267071,-0.303454,-0.044364,-0.261286,-0.304317,-0.011867,-0.279574,-0.287804,-0.044258,-0.281623,-0.247401,-0.071070,-0.314067,-0.282802
2026-05-27 14:51:06.775,114.799920,0.000000,0.000000,0.000000,0.032934,-0.255502,-0.305180,-0.121533,-0.269194,-0.303214,-0.044300,-0.262348,-0.304197,-0.011867,-0.279574,-0.287804,-0.043913,-0.283734,-0.247408,-0.071070,-0.314067,-0.282802
2026-05-27 14:51:06.875,114.899920,0.000000,0.000000,0.000000,0.032934,-0.255502,-0.305180,-0.121789,-0.264948,-0.303694,-0.044428,-0.260225,-0.304437,-0.011867,-0.279574,-0.287804,-0.044258,-0.281623,-0.247401,-0.071070,-0.314067,-0.282802
2026-05-27 14:51:06.975,114.999920,0.000000,0.000000,0.000000,0.032439,-0.257586,-0.304943,-0.121661,-0.267071,-0.303454,-0.044611,-0.262329,-0.304198,-0.011867,-0.279574,-0.287804,-0.044062,-0.279544,-0.247407,-0.071070,-0.314067,-0.282802
2026-05-27 14:51:07.075,115.099920,0.000000,0.000000,0.000000,0.032934,-0.255502,-0.305180,-0.121239,-0.264981,-0.303708,-0.044153,-0.260241,-0.304444,-0.011867,-0.279574,-0.287804,-0.044258,-0.281623,-0.247401,-0.071115,-0.315118,-0.282718
2026-05-27 14:51:07.175,115.199920,0.000000,0.000000,0.000000,0.032934,-0.255502,-0.305180,-0.121533,-0.269194,-0.303214,-0.044300,-0.262348,-0.304197,-0.011867,-0.279574,-0.287804,-0.044454,-0.283703,-0.247394,-0.071070,-0.314067,-0.282802
2026-05-27 14:51:07.275,115.299920,0.000000,0.000000,0.000000,0.032934,-0.255502,-0.305180,-0.121533,-0.269194,-0.303214,-0.044300,-0.262348,-0.304197,-0.011867,-0.279574,-0.287804,-0.044258,-0.281623,-0.247401,-0.071070,-0.314067,-0.282802
2026-05-27 14:51:07.375,115.399920,0.000000,0.000000,0.000000,0.032439,-0.257586,-0.304943,-0.121661,-0.267071,-0.303454,-0.044611,-0.262329,-0.304198,-0.011867,-0.279574,-0.287804,-0.043903,-0.283789,-0.246868,-0.071572,-0.314037,-0.282790
2026-05-27 14:51:07.475,115.499920,0.000000,0.000000,0.000000,0.032934,-0.255502,-0.305180,-0.121113,-0.267103,-0.303468,-0.044090,-0.261303,-0.304324,-0.011867,-0.279574,-0.287804,-0.043496,-0.279686,-0.246332,-0.071660,-0.316140,-0.282622
2026-05-27 14:51:07.575,115.599920,0.000000,0.000000,0.000000,0.032934,-0.255502,-0.305180,-0.121533,-0.269194,-0.303214,-0.044300,-0.262348,-0.304197,-0.010990,-0.277518,-0.287994,-0.047057,-0.317157,-0.245789,-0.071660,-0.316140,-0.282622
2026-05-27 14:51:07.675,115.699919,0.000000,0.000000,0.000000,0.032439,-0.257586,-0.304943,-0.121533,-0.269194,-0.303214,-0.044547,-0.263390,-0.304078,-0.010990,-0.277518,-0.287994,-0.047237,-0.319337,-0.244787,-0.071607,-0.315139,-0.282206
2026-05-27 14:51:07.775,115.799919,0.000000,0.000000,0.000000,0.032439,-0.257586,-0.304943,-0.121406,-0.271316,-0.302974,-0.044483,-0.264451,-0.303958,-0.010990,-0.277518,-0.287994,-0.047019,-0.317361,-0.243775,-0.071651,-0.316190,-0.282123
2026-05-27 14:51:07.875,115.899919,0.000000,0.000000,0.000000,0.032934,-0.255502,-0.305180,-0.121533,-0.269194,-0.303214,-0.044300,-0.262348,-0.304197,-0.010990,-0.277518,-0.287994,-0.045797,-0.315394,-0.243286,-0.071651,-0.316190,-0.282123
2026-05-27 14:51:07.975,115.999919,0.000000,0.000000,0.000000,0.032439,-0.257586,-0.304943,-0.121533,-0.269194,-0.303214,-0.044547,-0.263390,-0.304078,-0.010990,-0.277518,-0.287994,-0.045907,-0.321655,-0.243332,-0.071651,-0.316190,-0.282123
2026-05-27 14:51:08.075,116.099919,0.000000,0.000000,0.000000,0.032439,-0.257586,-0.304943,-0.121661,-0.267071,-0.303454,-0.044611,-0.262329,-0.304198,-0.010656,-0.275430,-0.288170,-0.045284,-0.320747,-0.242339,-0.071475,-0.311986,-0.282454
2026-05-27 14:51:08.175,116.199919,0.000000,0.000000,0.000000,0.032934,-0.255502,-0.305180,-0.121113,-0.267103,-0.303468,-0.044090,-0.261303,-0.304324,-0.010656,-0.275430,-0.288170,-0.044879,-0.321866,-0.241860,-0.071151,-0.316220,-0.282135
2026-05-27 14:51:08.275,116.299919,0.000000,0.000000,0.000000,0.032934,-0.255502,-0.305180,-0.121533,-0.269194,-0.303214,-0.044300,-0.262348,-0.304197,-0.010990,-0.277518,-0.287994,-0.044157,-0.319870,-0.241354,-0.071061,-0.314118,-0.282301
2026-05-27 14:51:08.375,116.399919,0.000000,0.000000,0.000000,0.031944,-0.259670,-0.304706,-0.121533,-0.269194,-0.303214,-0.044795,-0.264432,-0.303960,-0.010990,-0.277518,-0.287994,-0.043430,-0.317875,-0.240842,-0.070970,-0.312016,-0.282467
2026-05-27 14:51:08.475,116.499919,0.000000,0.000000,0.000000,0.032439,-0.257586,-0.304943,-0.121544,-0.269138,-0.303758,-0.044553,-0.263362,-0.304351,-0.010990,-0.277518,-0.287994,-0.042699,-0.315880,-0.240327,-0.071061,-0.314118,-0.282301
2026-05-27 14:51:08.575,116.599919,0.000000,0.000000,0.000000,0.032439,-0.257586,-0.304943,-0.121661,-0.267071,-0.303454,-0.044611,-0.262329,-0.304198,-0.010656,-0.275430,-0.288170,-0.041676,-0.315991,-0.239846,-0.071051,-0.314169,-0.281800
2026-05-27 14:51:08.675,116.699919,0.000000,0.000000,0.000000,0.032439,-0.257586,-0.304943,-0.121533,-0.269194,-0.303214,-0.044547,-0.263390,-0.304078,-0.010990,-0.277518,-0.287994,-0.041160,-0.316073,-0.239353,-0.070961,-0.312067,-0.281963
2026-05-27 14:51:08.775,116.799918,0.000000,0.000000,0.000000,0.032439,-0.257586,-0.304943,-0.121661,-0.267071,-0.303454,-0.044611,-0.262329,-0.304198,-0.010656,-0.275430,-0.288170,-0.040870,-0.318228,-0.238891,-0.070456,-0.312097,-0.281976
2026-05-27 14:51:08.875,116.899918,0.000000,0.000000,0.000000,0.032934,-0.255502,-0.305180,-0.121661,-0.267071,-0.303454,-0.044364,-0.261286,-0.304317,-0.010656,-0.275430,-0.288170,-0.040127,-0.316235,-0.238367,-0.070456,-0.312097,-0.281976
2026-05-27 14:51:08.975,116.999918,0.000000,0.000000,0.000000,0.031944,-0.259670,-0.304706,-0.121113,-0.267103,-0.303468,-0.044585,-0.263387,-0.304087,-0.010656,-0.275430,-0.288170,-0.038637,-0.312200,-0.237815,-0.070642,-0.316300,-0.281649
2026-05-27 14:51:09.075,117.099918,0.000000,0.000000,0.000000,0.031944,-0.259670,-0.304706,-0.120988,-0.269226,-0.303227,-0.044522,-0.264448,-0.303967,-0.010656,-0.275430,-0.288170,-0.038116,-0.312282,-0.237318,-0.070642,-0.316300,-0.281649
2026-05-27 14:51:09.175,117.199918,0.000000,0.000000,0.000000,0.032439,-0.257586,-0.304943,-0.121661,-0.267071,-0.303454,-0.044611,-0.262329,-0.304198,-0.010645,-0.275486,-0.287624,-0.037595,-0.312364,-0.236820,-0.070142,-0.316329,-0.281661
2026-05-27 14:51:09.275,117.299918,0.000000,0.000000,0.000000,0.032934,-0.255502,-0.305180,-0.121533,-0.269194,-0.303214,-0.044300,-0.262348,-0.304197,-0.010645,-0.275486,-0.287624,-0.037314,-0.314517,-0.236365,-0.070142,-0.316329,-0.281661
2026-05-27 14:51:09.375,117.399918,0.000000,0.000000,0.000000,0.032439,-0.257586,-0.304943,-0.121533,-0.269194,-0.303214,-0.044547,-0.263390,-0.304078,-0.010311,-0.273398,-0.287798,-0.037314,-0.314517,-0.236365,-0.070237,-0.318431,-0.281498
2026-05-27 14:51:09.475,117.499918,0.000000,0.000000,0.000000,0.032934,-0.255502,-0.305180,-0.121533,-0.269194,-0.303214,-0.044300,-0.262348,-0.304197,-0.010311,-0.273398,-0.287798,-0.037314,-0.314517,-0.236365,-0.070142,-0.316329,-0.281661
2026-05-27 14:51:09.575,117.599918,0.000000,0.000000,0.000000,0.031944,-0.259670,-0.304706,-0.121661,-0.267071,-0.303454,-0.044859,-0.263371,-0.304080,-0.010311,-0.273398,-0.287798,-0.037324,-0.314466,-0.236873,-0.070142,-0.316329,-0.281661
2026-05-27 14:51:09.675,117.699918,0.000000,0.000000,0.000000,0.032934,-0.255502,-0.305180,-0.121406,-0.271316,-0.302974,-0.044236,-0.263409,-0.304077,-0.010645,-0.275486,-0.287624,-0.037324,-0.314466,-0.236873,-0.070142,-0.316329,-0.281661
2026-05-27 14:51:09.775,117.799917,0.000000,0.000000,0.000000,0.031944,-0.259670,-0.304706,-0.121661,-0.267071,-0.303454,-0.044859,-0.263371,-0.304080,-0.010645,-0.275486,-0.287624,-0.037833,-0.314436,-0.236860,-0.070142,-0.316329,-0.281661
2026-05-27 14:51:09.875,117.899917,0.000000,0.000000,0.000000,0.032934,-0.255502,-0.305180,-0.121533,-0.269194,-0.303214,-0.044300,-0.262348,-0.304197,-0.010645,-0.275486,-0.287624,-0.037595,-0.312364,-0.236820,-0.070142,-0.316329,-0.281661
2026-05-27 14:51:09.975,117.999917,0.000000,0.000000,0.000000,0.032934,-0.255502,-0.305180,-0.121672,-0.267016,-0.304001,-0.044369,-0.261259,-0.304590,-0.010645,-0.275486,-0.287624,-0.037833,-0.314436,-0.236860,-0.070142,-0.316329,-0.281661
2026-05-27 14:51:10.075,118.099917,0.000000,0.000000,0.000000,0.032439,-0.257586,-0.304943,-0.121661,-0.267071,-0.303454,-0.044611,-0.262329,-0.304198,-0.010645,-0.275486,-0.287624,-0.037595,-0.312364,-0.236820,-0.070142,-0.316329,-0.281661
2026-05-27 14:51:10.175,118.199917,0.000000,0.000000,0.000000,0.032439,-0.257586,-0.304943,-0.121113,-0.267103,-0.303468,-0.044337,-0.262345,-0.304205,-0.010645,-0.275486,-0.287624,-0.037595,-0.312364,-0.236820,-0.070142,-0.316329,-0.281661
2026-05-27 14:51:10.275,118.299917,0.000000,0.000000,0.000000,0.032439,-0.257586,-0.304943,-0.121533,-0.269194,-0.303214,-0.044547,-0.263390,-0.304078,-0.010645,-0.275486,-0.287624,-0.037833,-0.314436,-0.236860,-0.070142,-0.316329,-0.281661
2026-05-27 14:51:10.375,118.399917,0.000000,0.000000,0.000000,0.032439,-0.257586,-0.304943,-0.121533,-0.269194,-0.303214,-0.044547,-0.263390,-0.304078,-0.010645,-0.275486,-0.287624,-0.037833,-0.314436,-0.236860,-0.070142,-0.316329,-0.281661
2026-05-27 14:51:10.475,118.499917,0.000000,0.000000,0.000000,0.032439,-0.257586,-0.304943,-0.121661,-0.267071,-0.303454,-0.044611,-0.262329,-0.304198,-0.010645,-0.275486,-0.287624,-0.037595,-0.312364,-0.236820,-0.070142,-0.316329,-0.281661
2026-05-27 14:51:10.575,118.599917,0.000000,0.000000,0.000000,0.032934,-0.255502,-0.305180,-0.121661,-0.267071,-0.303454,-0.044364,-0.261286,-0.304317,-0.010645,-0.275486,-0.287624,-0.037833,-0.314436,-0.236860,-0.070142,-0.316329,-0.281661
2026-05-27 14:51:10.675,118.699917,0.000000,0.000000,0.000000,0.033429,-0.253418,-0.305418,-0.120988,-0.269226,-0.303227,-0.043779,-0.261322,-0.304323,-0.010645,-0.275486,-0.287624,-0.037833,-0.314436,-0.236860,-0.070142,-0.316329,-0.281661
2026-05-27 14:51:10.775,118.799917,0.000000,0.000000,0.000000,0.031944,-0.259670,-0.304706,-0.121113,-0.267103,-0.303468,-0.044585,-0.263387,-0.304087,-0.010645,-0.275486,-0.287624,-0.037833,-0.314436,-0.236860,-0.070142,-0.316329,-0.281661
2026-05-27 14:51:10.875,118.899916,0.000000,0.000000,0.000000,0.032439,-0.257586,-0.304943,-0.121661,-0.267071,-0.303454,-0.044611,-0.262329,-0.304198,-0.010645,-0.275486,-0.287624,-0.037595,-0.312364,-0.236820,-0.070142,-0.316329,-0.281661
2026-05-27 14:51:10.975,118.999916,0.000000,0.000000,0.000000,0.032934,-0.255502,-0.305180,-0.121533,-0.269194,-0.303214,-0.044300,-0.262348,-0.304197,-0.010311,-0.273398,-0.287798,-0.037833,-0.314436,-0.236860,-0.070142,-0.316329,-0.281661
2026-05-27 14:51:11.075,119.099916,0.000000,0.000000,0.000000,0.032439,-0.257586,-0.304943,-0.121789,-0.264948,-0.303694,-0.044675,-0.261267,-0.304318,-0.010645,-0.275486,-0.287624,-0.037833,-0.314436,-0.236860,-0.070142,-0.316329,-0.281661
2026-05-27 14:51:11.175,119.199916,0.000000,0.000000,0.000000,0.032439,-0.257586,-0.304943,-0.121661,-0.267071,-0.303454,-0.044611,-0.262329,-0.304198,-0.010645,-0.275486,-0.287624,-0.037833,-0.314436,-0.236860,-0.070047,-0.314228,-0.281825
2026-05-27 14:51:11.275,119.299916,0.000000,0.000000,0.000000,0.032439,-0.257586,-0.304943,-0.121661,-0.267071,-0.303454,-0.044611,-0.262329,-0.304198,-0.010311,-0.273398,-0.287798,-0.037833,-0.314436,-0.236860,-0.070142,-0.316329,-0.281661
2026-05-27 14:51:11.375,119.399916,0.000000,0.000000,0.000000,0.032439,-0.257586,-0.304943,-0.121661,-0.267071,-0.303454,-0.044611,-0.262329,-0.304198,-0.010656,-0.275430,-0.288170,-0.037595,-0.312364,-0.236820,-0.070142,-0.316329,-0.281661
2026-05-27 14:51:11.475,119.499916,0.000000,0.000000,0.000000,0.032439,-0.257586,-0.304943,-0.121533,-0.269194,-0.303214,-0.044547,-0.263390,-0.304078,-0.010645,-0.275486,-0.287624,-0.037595,-0.312364,-0.236820,-0.070142,-0.316329,-0.281661
2026-05-27 14:51:11.575,119.599916,0.000000,0.000000,0.000000,0.031944,-0.259670,-0.304706,-0.121533,-0.269194,-0.303214,-0.044795,-0.264432,-0.303960,-0.010645,-0.275486,-0.287624,-0.037833,-0.314436,-0.236860,-0.070142,-0.316329,-0.281661
2026-05-27 14:51:11.675,119.699916,0.000000,0.000000,0.000000,0.031944,-0.259670,-0.304706,-0.121239,-0.264981,-0.303708,-0.044648,-0.262325,-0.304207,-0.010656,-0.275430,-0.288170,-0.037595,-0.312364,-0.236820,-0.070142,-0.316329,-0.281661
2026-05-27 14:51:11.775,119.799916,0.000000,0.000000,0.000000,0.032934,-0.255502,-0.305180,-0.121661,-0.267071,-0.303454,-0.044364,-0.261286,-0.304317,-0.010645,-0.275486,-0.287624,-0.037595,-0.312364,-0.236820,-0.070642,-0.316300,-0.281649
2026-05-27 14:51:11.875,119.899915,0.000000,0.000000,0.000000,0.032439,-0.257586,-0.304943,-0.121661,-0.267071,-0.303454,-0.044611,-0.262329,-0.304198,-0.010645,-0.275486,-0.287624,-0.038116,-0.312282,-0.237318,-0.070142,-0.316329,-0.281661
2026-05-27 14:51:11.975,119.999915,0.000000,0.000000,0.000000,0.032934,-0.255502,-0.305180,-0.121661,-0.267071,-0.303454,-0.044364,-0.261286,-0.304317,-0.010645,-0.275486,-0.287624,-0.037714,-0.313400,-0.236840,-0.070047,-0.314228,-0.281825
2026-05-27 14:51:12.075,120.099915,0.000000,0.000000,0.000000,0.031944,-0.259670,-0.304706,-0.121661,-0.267071,-0.303454,-0.044859,-0.263371,-0.304080,-0.010645,-0.275486,-0.287624,-0.038116,-0.312282,-0.237318,-0.070549,-0.314198,-0.281812
2026-05-27 14:51:12.175,120.199915,0.000000,0.000000,0.000000,0.032439,-0.257586,-0.304943,-0.121789,-0.264948,-0.303694,-0.044675,-0.261267,-0.304318,-0.010645,-0.275486,-0.287624,-0.038587,-0.316427,-0.237393,-0.070142,-0.316329,-0.281661
2026-05-27 14:51:12.275,120.299915,0.000000,0.000000,0.000000,0.032934,-0.255502,-0.305180,-0.121661,-0.267071,-0.303454,-0.044364,-0.261286,-0.304317,-0.010311,-0.273398,-0.287798,-0.037833,-0.314436,-0.236860,-0.070142,-0.316329,-0.281661
2026-05-27 14:51:12.375,120.399915,0.000000,0.000000,0.000000,0.032934,-0.255502,-0.305180,-0.120988,-0.269226,-0.303227,-0.044027,-0.262364,-0.304204,-0.010645,-0.275486,-0.287624,-0.038342,-0.314406,-0.236848,-0.070237,-0.318431,-0.281498
2026-05-27 14:51:12.475,120.499915,0.000000,0.000000,0.000000,0.032934,-0.255502,-0.305180,-0.121661,-0.267071,-0.303454,-0.044364,-0.261286,-0.304317,-0.010645,-0.275486,-0.287624,-0.038352,-0.314354,-0.237356,-0.070142,-0.316329,-0.281661
2026-05-27 14:51:12.575,120.599915,0.000000,0.000000,0.000000,0.032439,-0.257586,-0.304943,-0.121533,-0.269194,-0.303214,-0.044547,-0.263390,-0.304078,-0.010812,-0.276529,-0.287536,-0.038116,-0.312282,-0.237318,-0.070642,-0.316300,-0.281649
2026-05-27 14:51:12.675,120.699915,0.000000,0.000000,0.000000,0.032439,-0.257586,-0.304943,-0.121533,-0.269194,-0.303214,-0.044547,-0.263390,-0.304078,-0.010645,-0.275486,-0.287624,-0.038352,-0.314354,-0.237356,-0.070142,-0.316329,-0.281661
2026-05-27 14:51:12.775,120.799915,0.000000,0.000000,0.000000,0.033429,-0.253418,-0.305418,-0.121113,-0.267103,-0.303468,-0.043842,-0.260261,-0.304443,-0.010645,-0.275486,-0.287624,-0.038352,-0.314354,-0.237356,-0.070142,-0.316329,-0.281661
2026-05-27 14:51:12.875,120.899915,0.000000,0.000000,0.000000,0.032439,-0.257586,-0.304943,-0.121789,-0.264948,-0.303694,-0.044675,-0.261267,-0.304318,-0.010645,-0.275486,-0.287624,-0.038587,-0.316427,-0.237393,-0.070142,-0.316329,-0.281661
2026-05-27 14:51:12.975,120.999914,0.000000,0.000000,0.000000,0.032934,-0.255502,-0.305180,-0.121113,-0.267103,-0.303468,-0.044090,-0.261303,-0.304324,-0.010645,-0.275486,-0.287624,-0.038234,-0.313318,-0.237337,-0.070642,-0.316300,-0.281649
2026-05-27 14:51:13.075,121.099914,0.000000,0.000000,0.000000,0.032934,-0.255502,-0.305180,-0.121661,-0.267071,-0.303454,-0.044364,-0.261286,-0.304317,-0.010645,-0.275486,-0.287624,-0.038342,-0.314406,-0.236848,-0.070142,-0.316329,-0.281661
2026-05-27 14:51:13.175,121.199914,0.000000,0.000000,0.000000,0.032934,-0.255502,-0.305180,-0.121533,-0.269194,-0.303214,-0.044300,-0.262348,-0.304197,-0.010645,-0.275486,-0.287624,-0.038116,-0.312282,-0.237318,-0.070142,-0.316329,-0.281661
2026-05-27 14:51:13.275,121.299914,0.000000,0.000000,0.000000,0.032439,-0.257586,-0.304943,-0.121406,-0.271316,-0.302974,-0.044483,-0.264451,-0.303958,-0.010311,-0.273398,-0.287798,-0.038116,-0.312282,-0.237318,-0.070142,-0.316329,-0.281661
2026-05-27 14:51:13.375,121.399914,0.000000,0.000000,0.000000,0.033429,-0.253418,-0.305418,-0.121661,-0.267071,-0.303454,-0.044116,-0.260244,-0.304436,-0.010645,-0.275486,-0.287624,-0.037843,-0.314384,-0.237368,-0.070549,-0.314198,-0.281812
2026-05-27 14:51:13.475,121.499914,0.000000,0.000000,0.000000,0.032439,-0.257586,-0.304943,-0.121533,-0.269194,-0.303214,-0.044547,-0.263390,-0.304078,-0.010311,-0.273398,-0.287798,-0.036825,-0.314445,-0.237394,-0.070642,-0.316300,-0.281649
2026-05-27 14:51:13.575,121.599914,0.000000,0.000000,0.000000,0.032934,-0.255502,-0.305180,-0.121533,-0.269194,-0.303214,-0.044300,-0.262348,-0.304197,-0.010321,-0.273342,-0.288347,-0.036071,-0.312403,-0.237369,-0.070642,-0.316300,-0.281649
2026-05-27 14:51:13.675,121.699914,0.000000,0.000000,0.000000,0.032934,-0.255502,-0.305180,-0.121533,-0.269194,-0.303214,-0.044300,-0.262348,-0.304197,-0.009771,-0.273375,-0.288360,-0.035058,-0.312411,-0.237904,-0.070642,-0.316300,-0.281649
2026-05-27 14:51:13.775,121.799914,0.000000,0.000000,0.000000,0.032439,-0.257586,-0.304943,-0.121533,-0.269194,-0.303214,-0.044547,-0.263390,-0.304078,-0.009771,-0.273375,-0.288360,-0.033792,-0.306226,-0.237812,-0.070642,-0.316300,-0.281649
2026-05-27 14:51:13.875,121.899914,0.000000,0.000000,0.000000,0.031944,-0.259670,-0.304706,-0.121661,-0.267071,-0.303454,-0.044859,-0.263371,-0.304080,-0.010108,-0.275463,-0.288184,-0.033527,-0.308328,-0.237860,-0.070642,-0.316300,-0.281649
2026-05-27 14:51:13.975,121.999913,0.000000,0.000000,0.000000,0.032934,-0.255502,-0.305180,-0.121533,-0.269194,-0.303214,-0.044300,-0.262348,-0.304197,-0.009435,-0.271287,-0.288537,-0.033021,-0.308307,-0.238387,-0.071241,-0.318322,-0.281970
2026-05-27 14:51:14.075,122.099913,0.000000,0.000000,0.000000,0.032934,-0.255502,-0.305180,-0.121661,-0.267071,-0.303454,-0.044364,-0.261286,-0.304317,-0.009771,-0.273375,-0.288360,-0.033556,-0.308172,-0.239404,-0.071241,-0.318322,-0.281970
2026-05-27 14:51:14.175,122.199913,0.000000,0.000000,0.000000,0.032439,-0.257586,-0.304943,-0.121533,-0.269194,-0.303214,-0.044547,-0.263390,-0.304078,-0.008882,-0.271320,-0.288551,-0.032922,-0.307114,-0.239919,-0.071332,-0.320423,-0.281804
2026-05-27 14:51:14.275,122.299913,0.000000,0.000000,0.000000,0.031944,-0.259670,-0.304706,-0.121533,-0.269194,-0.303214,-0.044795,-0.264432,-0.303960,-0.009560,-0.275495,-0.288198,-0.033322,-0.305995,-0.240410,-0.071241,-0.318322,-0.281970
2026-05-27 14:51:14.375,122.399913,0.000000,0.000000,0.000000,0.032934,-0.255502,-0.305180,-0.121661,-0.267071,-0.303454,-0.044364,-0.261286,-0.304317,-0.009221,-0.273407,-0.288374,-0.033586,-0.308016,-0.240949,-0.071915,-0.322496,-0.281626
2026-05-27 14:51:14.475,122.499913,0.000000,0.000000,0.000000,0.032439,-0.257586,-0.304943,-0.120988,-0.269226,-0.303227,-0.044275,-0.263406,-0.304085,-0.009221,-0.273407,-0.288374,-0.034111,-0.307933,-0.241451,-0.071837,-0.320344,-0.282286
2026-05-27 14:51:14.575,122.599913,0.000000,0.000000,0.000000,0.032934,-0.255502,-0.305180,-0.121789,-0.264948,-0.303694,-0.044428,-0.260225,-0.304437,-0.009221,-0.273407,-0.288374,-0.033595,-0.307963,-0.241464,-0.071837,-0.320344,-0.282286
2026-05-27 14:51:14.675,122.699913,0.000000,0.000000,0.000000,0.032934,-0.255502,-0.305180,-0.120988,-0.269226,-0.303227,-0.044027,-0.262364,-0.304204,-0.009231,-0.273352,-0.288923,-0.033352,-0.305838,-0.241962,-0.071837,-0.320344,-0.282286
2026-05-27 14:51:14.775,122.799913,0.000000,0.000000,0.000000,0.032934,-0.255502,-0.305180,-0.121113,-0.267103,-0.303468,-0.044090,-0.261303,-0.304324,-0.009221,-0.273407,-0.288374,-0.033352,-0.305838,-0.241962,-0.071837,-0.320344,-0.282286
2026-05-27 14:51:14.875,122.899913,0.000000,0.000000,0.000000,0.032439,-0.257586,-0.304943,-0.121533,-0.269194,-0.303214,-0.044547,-0.263390,-0.304078,-0.009221,-0.273407,-0.288374,-0.033352,-0.305838,-0.241962,-0.071837,-0.320344,-0.282286
2026-05-27 14:51:14.975,122.999913,0.000000,0.000000,0.000000,0.032439,-0.257586,-0.304943,-0.121533,-0.269194,-0.303214,-0.044547,-0.263390,-0.304078,-0.008882,-0.271320,-0.288551,-0.033615,-0.307859,-0.242493,-0.071837,-0.320344,-0.282286
2026-05-27 14:51:15.075,123.099912,0.000000,0.000000,0.000000,0.032439,-0.257586,-0.304943,-0.121533,-0.269194,-0.303214,-0.044547,-0.263390,-0.304078,-0.008893,-0.271264,-0.289102,-0.033099,-0.307890,-0.242506,-0.071749,-0.318242,-0.282454
2026-05-27 14:51:15.175,123.199912,0.000000,0.000000,0.000000,0.032934,-0.255502,-0.305180,-0.121661,-0.267071,-0.303454,-0.044364,-0.261286,-0.304317,-0.008882,-0.271320,-0.288551,-0.032843,-0.305816,-0.242492,-0.071925,-0.322446,-0.282118
2026-05-27 14:51:15.275,123.299912,0.000000,0.000000,0.000000,0.032934,-0.255502,-0.305180,-0.121661,-0.267071,-0.303454,-0.044364,-0.261286,-0.304317,-0.008882,-0.271320,-0.288551,-0.033099,-0.307890,-0.242506,-0.071837,-0.320344,-0.282286
2026-05-27 14:51:15.375,123.399912,0.000000,0.000000,0.000000,0.033429,-0.253418,-0.305418,-0.121661,-0.267071,-0.303454,-0.044116,-0.260244,-0.304436,-0.008893,-0.271264,-0.289102,-0.033099,-0.307890,-0.242506,-0.071837,-0.320344,-0.282286
2026-05-27 14:51:15.475,123.499912,0.000000,0.000000,0.000000,0.032934,-0.255502,-0.305180,-0.120988,-0.269226,-0.303227,-0.044027,-0.262364,-0.304204,-0.009221,-0.273407,-0.288374,-0.033615,-0.307859,-0.242493,-0.071837,-0.320344,-0.282286
2026-05-27 14:51:15.575,123.599912,0.000000,0.000000,0.000000,0.032934,-0.255502,-0.305180,-0.121661,-0.267071,-0.303454,-0.044364,-0.261286,-0.304317,-0.008893,-0.271264,-0.289102,-0.033615,-0.307859,-0.242493,-0.071925,-0.322446,-0.282118
2026-05-27 14:51:15.675,123.699912,0.000000,0.000000,0.000000,0.032934,-0.255502,-0.305180,-0.121789,-0.264948,-0.303694,-0.044428,-0.260225,-0.304437,-0.008893,-0.271264,-0.289102,-0.033362,-0.305785,-0.242479,-0.071837,-0.320344,-0.282286
2026-05-27 14:51:15.775,123.799912,0.000000,0.000000,0.000000,0.031944,-0.259670,-0.304706,-0.121661,-0.267071,-0.303454,-0.044859,-0.263371,-0.304080,-0.009231,-0.273352,-0.288923,-0.032588,-0.303742,-0.242477,-0.071837,-0.320344,-0.282286
2026-05-27 14:51:15.875,123.899912,0.000000,0.000000,0.000000,0.032439,-0.257586,-0.304943,-0.121533,-0.269194,-0.303214,-0.044547,-0.263390,-0.304078,-0.008893,-0.271264,-0.289102,-0.033488,-0.306822,-0.242486,-0.071837,-0.320344,-0.282286
2026-05-27 14:51:15.975,123.999912,0.000000,0.000000,0.000000,0.032439,-0.257586,-0.304943,-0.121533,-0.269194,-0.303214,-0.044547,-0.263390,-0.304078,-0.008893,-0.271264,-0.289102,-0.032843,-0.305816,-0.242492,-0.071837,-0.320344,-0.282286
2026-05-27 14:51:16.075,124.099911,0.000000,0.000000,0.000000,0.032934,-0.255502,-0.305180,-0.121533,-0.269194,-0.303214,-0.044300,-0.262348,-0.304197,-0.009221,-0.273407,-0.288374,-0.032843,-0.305816,-0.242492,-0.071925,-0.322446,-0.282118
2026-05-27 14:51:16.175,124.199911,0.000000,0.000000,0.000000,0.032934,-0.255502,-0.305180,-0.121406,-0.271316,-0.302974,-0.044236,-0.263409,-0.304077,-0.008893,-0.271264,-0.289102,-0.033099,-0.307890,-0.242506,-0.071925,-0.322446,-0.282118
2026-05-27 14:51:16.275,124.299911,0.000000,0.000000,0.000000,0.032934,-0.255502,-0.305180,-0.121533,-0.269194,-0.303214,-0.044300,-0.262348,-0.304197,-0.009231,-0.273352,-0.288923,-0.033362,-0.305785,-0.242479,-0.071925,-0.322446,-0.282118
2026-05-27 14:51:16.375,124.399911,0.000000,0.000000,0.000000,0.032439,-0.257586,-0.304943,-0.121113,-0.267103,-0.303468,-0.044337,-0.262345,-0.304205,-0.008893,-0.271264,-0.289102,-0.033362,-0.305785,-0.242479,-0.071925,-0.322446,-0.282118
2026-05-27 14:51:16.475,124.499911,0.000000,0.000000,0.000000,0.032439,-0.257586,-0.304943,-0.121533,-0.269194,-0.303214,-0.044547,-0.263390,-0.304078,-0.009221,-0.273407,-0.288374,-0.032843,-0.305816,-0.242492,-0.071837,-0.320344,-0.282286
2026-05-27 14:51:16.575,124.599911,0.000000,0.000000,0.000000,0.032934,-0.255502,-0.305180,-0.121661,-0.267071,-0.303454,-0.044364,-0.261286,-0.304317,-0.008882,-0.271320,-0.288551,-0.032843,-0.305816,-0.242492,-0.071925,-0.322446,-0.282118
2026-05-27 14:51:16.675,124.699911,0.000000,0.000000,0.000000,0.032439,-0.257586,-0.304943,-0.121533,-0.269194,-0.303214,-0.044547,-0.263390,-0.304078,-0.009221,-0.273407,-0.288374,-0.033235,-0.304749,-0.242471,-0.071837,-0.320344,-0.282286
2026-05-27 14:51:16.775,124.799911,0.000000,0.000000,0.000000,0.032934,-0.255502,-0.305180,-0.121661,-0.267071,-0.303454,-0.044364,-0.261286,-0.304317,-0.009231,-0.273352,-0.288923,-0.033108,-0.303712,-0.242464,-0.071749,-0.318242,-0.282454
2026-05-27 14:51:16.875,124.899911,0.000000,0.000000,0.000000,0.032439,-0.257586,-0.304943,-0.121533,-0.269194,-0.303214,-0.044547,-0.263390,-0.304078,-0.008882,-0.271320,-0.288551,-0.033488,-0.306822,-0.242486,-0.072013,-0.324549,-0.281950
2026-05-27 14:51:16.975,124.999911,0.000000,0.000000,0.000000,0.033429,-0.253418,-0.305418,-0.121406,-0.271316,-0.302974,-0.043988,-0.262367,-0.304196,-0.008893,-0.271264,-0.289102,-0.033235,-0.304749,-0.242471,-0.071837,-0.320344,-0.282286
2026-05-27 14:51:17.075,125.099910,0.000000,0.000000,0.000000,0.032934,-0.255502,-0.305180,-0.121661,-0.267071,-0.303454,-0.044364,-0.261286,-0.304317,-0.009231,-0.273352,-0.288923,-0.033108,-0.303712,-0.242464,-0.071837,-0.320344,-0.282286
2026-05-27 14:51:17.175,125.199910,0.000000,0.000000,0.000000,0.032934,-0.255502,-0.305180,-0.121113,-0.267103,-0.303468,-0.044090,-0.261303,-0.304324,-0.008893,-0.271264,-0.289102,-0.033362,-0.305785,-0.242479,-0.071925,-0.322446,-0.282118
2026-05-27 14:51:17.275,125.299910,0.000000,0.000000,0.000000,0.032439,-0.257586,-0.304943,-0.120988,-0.269226,-0.303227,-0.044275,-0.263406,-0.304085,-0.009231,-0.273352,-0.288923,-0.033362,-0.305785,-0.242479,-0.071837,-0.320344,-0.282286
2026-05-27 14:51:17.375,125.399910,0.000000,0.000000,0.000000,0.032439,-0.257586,-0.304943,-0.121113,-0.267103,-0.303468,-0.044337,-0.262345,-0.304205,-0.009221,-0.273407,-0.288374,-0.033362,-0.305785,-0.242479,-0.071837,-0.320344,-0.282286
2026-05-27 14:51:17.475,125.499910,0.000000,0.000000,0.000000,0.032934,-0.255502,-0.305180,-0.120988,-0.269226,-0.303227,-0.044027,-0.262364,-0.304204,-0.009231,-0.273352,-0.288923,-0.033362,-0.305785,-0.242479,-0.071837,-0.320344,-0.282286
2026-05-27 14:51:17.575,125.599910,0.000000,0.000000,0.000000,0.032439,-0.257586,-0.304943,-0.121533,-0.269194,-0.303214,-0.044547,-0.263390,-0.304078,-0.009221,-0.273407,-0.288374,-0.033362,-0.305785,-0.242479,-0.071837,-0.320344,-0.282286
2026-05-27 14:51:17.675,125.699910,0.000000,0.000000,0.000000,0.032439,-0.257586,-0.304943,-0.121406,-0.271316,-0.302974,-0.044483,-0.264451,-0.303958,-0.008882,-0.271320,-0.288551,-0.033362,-0.305785,-0.242479,-0.071925,-0.322446,-0.282118
2026-05-27 14:51:17.775,125.799910,0.000000,0.000000,0.000000,0.032439,-0.257586,-0.304943,-0.121113,-0.267103,-0.303468,-0.044337,-0.262345,-0.304205,-0.008893,-0.271264,-0.289102,-0.033362,-0.305785,-0.242479,-0.071837,-0.320344,-0.282286
2026-05-27 14:51:17.875,125.899910,0.000000,0.000000,0.000000,0.032439,-0.257586,-0.304943,-0.121661,-0.267071,-0.303454,-0.044611,-0.262329,-0.304198,-0.008882,-0.271320,-0.288551,-0.033362,-0.305785,-0.242479,-0.071837,-0.320344,-0.282286
2026-05-27 14:51:17.975,125.999910,0.000000,0.000000,0.000000,0.032934,-0.255502,-0.305180,-0.121533,-0.269194,-0.303214,-0.044300,-0.262348,-0.304197,-0.009221,-0.273407,-0.288374,-0.033362,-0.305785,-0.242479,-0.071837,-0.320344,-0.282286
2026-05-27 14:51:18.075,126.099910,0.000000,0.000000,0.000000,0.032934,-0.255502,-0.305180,-0.121533,-0.269194,-0.303214,-0.044300,-0.262348,-0.304197,-0.009231,-0.273352,-0.288923,-0.033108,-0.303712,-0.242464,-0.071837,-0.320344,-0.282286
2026-05-27 14:51:18.175,126.199909,0.000000,0.000000,0.000000,0.032439,-0.257586,-0.304943,-0.121661,-0.267071,-0.303454,-0.044611,-0.262329,-0.304198,-0.009231,-0.273352,-0.288923,-0.033362,-0.305785,-0.242479,-0.071837,-0.320344,-0.282286
2026-05-27 14:51:18.275,126.299909,0.000000,0.000000,0.000000,0.032439,-0.257586,-0.304943,-0.121533,-0.269194,-0.303214,-0.044547,-0.263390,-0.304078,-0.008893,-0.271264,-0.289102,-0.033615,-0.307859,-0.242493,-0.071837,-0.320344,-0.282286
2026-05-27 14:51:18.375,126.399909,0.000000,0.000000,0.000000,0.032934,-0.255502,-0.305180,-0.121533,-0.269194,-0.303214,-0.044300,-0.262348,-0.304197,-0.009231,-0.273352,-0.288923,-0.033108,-0.303712,-0.242464,-0.071837,-0.320344,-0.282286
2026-05-27 14:51:18.475,126.499909,0.000000,0.000000,0.000000,0.032439,-0.257586,-0.304943,-0.120988,-0.269226,-0.303227,-0.044275,-0.263406,-0.304085,-0.009221,-0.273407,-0.288374,-0.033615,-0.307859,-0.242493,-0.071837,-0.320344,-0.282286
2026-05-27 14:51:18.575,126.599909,0.000000,0.000000,0.000000,0.032439,-0.257586,-0.304943,-0.121661,-0.267071,-0.303454,-0.044611,-0.262329,-0.304198,-0.009231,-0.273352,-0.288923,-0.033108,-0.303712,-0.242464,-0.071925,-0.322446,-0.282118
2026-05-27 14:51:18.675,126.699909,0.000000,0.000000,0.000000,0.032934,-0.255502,-0.305180,-0.121533,-0.269194,-0.303214,-0.044300,-0.262348,-0.304197,-0.008893,-0.271264,-0.289102,-0.033362,-0.305785,-0.242479,-0.071837,-0.320344,-0.282286
2026-05-27 14:51:18.775,126.799909,0.000000,0.000000,0.000000,0.032439,-0.257586,-0.304943,-0.121661,-0.267071,-0.303454,-0.044611,-0.262329,-0.304198,-0.009231,-0.273352,-0.288923,-0.033362,-0.305785,-0.242479,-0.071837,-0.320344,-0.282286
2026-05-27 14:51:18.875,126.899909,0.000000,0.000000,0.000000,0.031944,-0.259670,-0.304706,-0.120988,-0.269226,-0.303227,-0.044522,-0.264448,-0.303967,-0.009221,-0.273407,-0.288374,-0.033362,-0.305785,-0.242479,-0.071837,-0.320344,-0.282286
2026-05-27 14:51:18.975,126.999909,0.000000,0.000000,0.000000,0.032934,-0.255502,-0.305180,-0.121113,-0.267103,-0.303468,-0.044090,-0.261303,-0.304324,-0.009221,-0.273407,-0.288374,-0.033615,-0.307859,-0.242493,-0.071837,-0.320344,-0.282286
2026-05-27 14:51:19.075,127.099909,0.000000,0.000000,0.000000,0.032439,-0.257586,-0.304943,-0.121533,-0.269194,-0.303214,-0.044547,-0.263390,-0.304078,-0.009231,-0.273352,-0.288923,-0.033362,-0.305785,-0.242479,-0.071837,-0.320344,-0.282286
2026-05-27 14:51:19.175,127.199908,0.000000,0.000000,0.000000,0.032934,-0.255502,-0.305180,-0.121113,-0.267103,-0.303468,-0.044090,-0.261303,-0.304324,-0.009231,-0.273352,-0.288923,-0.033615,-0.307859,-0.242493,-0.071925,-0.322446,-0.282118
2026-05-27 14:51:19.275,127.299908,0.000000,0.000000,0.000000,0.032934,-0.255502,-0.305180,-0.121533,-0.269194,-0.303214,-0.044300,-0.262348,-0.304197,-0.008882,-0.271320,-0.288551,-0.033615,-0.307859,-0.242493,-0.071837,-0.320344,-0.282286
2026-05-27 14:51:19.375,127.399908,0.000000,0.000000,0.000000,0.032934,-0.255502,-0.305180,-0.120988,-0.269226,-0.303227,-0.044027,-0.262364,-0.304204,-0.008893,-0.271264,-0.289102,-0.033615,-0.307859,-0.242493,-0.071925,-0.322446,-0.282118
2026-05-27 14:51:19.475,127.499908,0.000000,0.000000,0.000000,0.033429,-0.253418,-0.305418,-0.121533,-0.269194,-0.303214,-0.044052,-0.261306,-0.304316,-0.008882,-0.271320,-0.288551,-0.033362,-0.305785,-0.242479,-0.071837,-0.320344,-0.282286
2026-05-27 14:51:19.575,127.599908,0.000000,0.000000,0.000000,0.032439,-0.257586,-0.304943,-0.121533,-0.269194,-0.303214,-0.044547,-0.263390,-0.304078,-0.008882,-0.271320,-0.288551,-0.032855,-0.301638,-0.242449,-0.071332,-0.320423,-0.281804
2026-05-27 14:51:19.675,127.699908,0.000000,0.000000,0.000000,0.032934,-0.255502,-0.305180,-0.121661,-0.267071,-0.303454,-0.044364,-0.261286,-0.304317,-0.009771,-0.273375,-0.288360,-0.033108,-0.303712,-0.242464,-0.071241,-0.318322,-0.281970
2026-05-27 14:51:19.775,127.799908,0.000000,0.000000,0.000000,0.032439,-0.257586,-0.304943,-0.121533,-0.269194,-0.303214,-0.044547,-0.263390,-0.304078,-0.009435,-0.271287,-0.288537,-0.033352,-0.305838,-0.241962,-0.071241,-0.318322,-0.281970
2026-05-27 14:51:19.875,127.899908,0.000000,0.000000,0.000000,0.032934,-0.255502,-0.305180,-0.120988,-0.269226,-0.303227,-0.044027,-0.262364,-0.304204,-0.009435,-0.271287,-0.288537,-0.033088,-0.303817,-0.241425,-0.070744,-0.318351,-0.281982
2026-05-27 14:51:19.975,127.999908,0.000000,0.000000,0.000000,0.032934,-0.255502,-0.305180,-0.121533,-0.269194,-0.303214,-0.044300,-0.262348,-0.304197,-0.009435,-0.271287,-0.288537,-0.032814,-0.305973,-0.240940,-0.070836,-0.320453,-0.281816
2026-05-27 14:51:20.075,128.099908,0.000000,0.000000,0.000000,0.032439,-0.257586,-0.304943,-0.121533,-0.269194,-0.303214,-0.044547,-0.263390,-0.304078,-0.009771,-0.273375,-0.288360,-0.032558,-0.303900,-0.240919,-0.070744,-0.318351,-0.281982
2026-05-27 14:51:20.175,128.199908,0.000000,0.000000,0.000000,0.032439,-0.257586,-0.304943,-0.121113,-0.267103,-0.303468,-0.044337,-0.262345,-0.304205,-0.009771,-0.273375,-0.288360,-0.032814,-0.305973,-0.240940,-0.070744,-0.318351,-0.281982
2026-05-27 14:51:20.275,128.299907,0.000000,0.000000,0.000000,0.032439,-0.257586,-0.304943,-0.121533,-0.269194,-0.303214,-0.044547,-0.263390,-0.304078,-0.009771,-0.273375,-0.288360,-0.032548,-0.303953,-0.240399,-0.070744,-0.318351,-0.281982
2026-05-27 14:51:20.375,128.399907,0.000000,0.000000,0.000000,0.033429,-0.253418,-0.305418,-0.121533,-0.269194,-0.303214,-0.044052,-0.261306,-0.304316,-0.009435,-0.271287,-0.288537,-0.033060,-0.308098,-0.240447,-0.070744,-0.318351,-0.281982
2026-05-27 14:51:20.475,128.499907,0.000000,0.000000,0.000000,0.032439,-0.257586,-0.304943,-0.121113,-0.267103,-0.303468,-0.044337,-0.262345,-0.304205,-0.009435,-0.271287,-0.288537,-0.032558,-0.303900,-0.240919,-0.070744,-0.318351,-0.281982
2026-05-27 14:51:20.575,128.599907,0.000000,0.000000,0.000000,0.032439,-0.257586,-0.304943,-0.121533,-0.269194,-0.303214,-0.044547,-0.263390,-0.304078,-0.009771,-0.273375,-0.288360,-0.032814,-0.305973,-0.240940,-0.070651,-0.316249,-0.282148
2026-05-27 14:51:20.675,128.699907,0.000000,0.000000,0.000000,0.032934,-0.255502,-0.305180,-0.120988,-0.269226,-0.303227,-0.044027,-0.262364,-0.304204,-0.009771,-0.273375,-0.288360,-0.032814,-0.305973,-0.240940,-0.070744,-0.318351,-0.281982
2026-05-27 14:51:20.775,128.799907,0.000000,0.000000,0.000000,0.032934,-0.255502,-0.305180,-0.121661,-0.267071,-0.303454,-0.044364,-0.261286,-0.304317,-0.009435,-0.271287,-0.288537,-0.032814,-0.305973,-0.240940,-0.070651,-0.316249,-0.282148
2026-05-27 14:51:20.875,128.899907,0.000000,0.000000,0.000000,0.031944,-0.259670,-0.304706,-0.121533,-0.269194,-0.303214,-0.044795,-0.264432,-0.303960,-0.009771,-0.273375,-0.288360,-0.032814,-0.305973,-0.240940,-0.070651,-0.316249,-0.282148
2026-05-27 14:51:20.975,128.999907,0.000000,0.000000,0.000000,0.032934,-0.255502,-0.305180,-0.121533,-0.269194,-0.303214,-0.044300,-0.262348,-0.304197,-0.009771,-0.273375,-0.288360,-0.032814,-0.305973,-0.240940,-0.070651,-0.316249,-0.282148
2026-05-27 14:51:21.075,129.099907,0.000000,0.000000,0.000000,0.032439,-0.257586,-0.304943,-0.121661,-0.267071,-0.303454,-0.044611,-0.262329,-0.304198,-0.009771,-0.273375,-0.288360,-0.033070,-0.308046,-0.240962,-0.070744,-0.318351,-0.281982
2026-05-27 14:51:21.175,129.199907,0.000000,0.000000,0.000000,0.032934,-0.255502,-0.305180,-0.121661,-0.267071,-0.303454,-0.044364,-0.261286,-0.304317,-0.009435,-0.271287,-0.288537,-0.032686,-0.304937,-0.240930,-0.070744,-0.318351,-0.281982
2026-05-27 14:51:21.275,129.299906,0.000000,0.000000,0.000000,0.032934,-0.255502,-0.305180,-0.121113,-0.267103,-0.303468,-0.044090,-0.261303,-0.304324,-0.009771,-0.273375,-0.288360,-0.032814,-0.305973,-0.240940,-0.070744,-0.318351,-0.281982
2026-05-27 14:51:21.375,129.399906,0.000000,0.000000,0.000000,0.032934,-0.255502,-0.305180,-0.121661,-0.267071,-0.303454,-0.044364,-0.261286,-0.304317,-0.009771,-0.273375,-0.288360,-0.032814,-0.305973,-0.240940,-0.070836,-0.320453,-0.281816
2026-05-27 14:51:21.475,129.499906,0.000000,0.000000,0.000000,0.032439,-0.257586,-0.304943,-0.121533,-0.269194,-0.303214,-0.044547,-0.263390,-0.304078,-0.009771,-0.273375,-0.288360,-0.032814,-0.305973,-0.240940,-0.070744,-0.318351,-0.281982
2026-05-27 14:51:21.575,129.599906,0.000000,0.000000,0.000000,0.031944,-0.259670,-0.304706,-0.121661,-0.267071,-0.303454,-0.044859,-0.263371,-0.304080,-0.009771,-0.273375,-0.288360,-0.033070,-0.308046,-0.240962,-0.070836,-0.320453,-0.281816
2026-05-27 14:51:21.675,129.699906,0.000000,0.000000,0.000000,0.032439,-0.257586,-0.304943,-0.121533,-0.269194,-0.303214,-0.044547,-0.263390,-0.304078,-0.009771,-0.273375,-0.288360,-0.032302,-0.301827,-0.240897,-0.070744,-0.318351,-0.281982
2026-05-27 14:51:21.775,129.799906,0.000000,0.000000,0.000000,0.032439,-0.257586,-0.304943,-0.121533,-0.269194,-0.303214,-0.044547,-0.263390,-0.304078,-0.009771,-0.273375,-0.288360,-0.032814,-0.305973,-0.240940,-0.070744,-0.318351,-0.281982
2026-05-27 14:51:21.875,129.899906,0.000000,0.000000,0.000000,0.032439,-0.257586,-0.304943,-0.121661,-0.267071,-0.303454,-0.044611,-0.262329,-0.304198,-0.009771,-0.273375,-0.288360,-0.032686,-0.304937,-0.240930,-0.070744,-0.318351,-0.281982
2026-05-27 14:51:21.975,129.999906,0.000000,0.000000,0.000000,0.032439,-0.257586,-0.304943,-0.120988,-0.269226,-0.303227,-0.044275,-0.263406,-0.304085,-0.009435,-0.271287,-0.288537,-0.032430,-0.302864,-0.240908,-0.070651,-0.316249,-0.282148
2026-05-27 14:51:22.075,130.099906,0.000000,0.000000,0.000000,0.032439,-0.257586,-0.304943,-0.121533,-0.269194,-0.303214,-0.044547,-0.263390,-0.304078,-0.009771,-0.273375,-0.288360,-0.032558,-0.303900,-0.240919,-0.070744,-0.318351,-0.281982
2026-05-27 14:51:22.175,130.199906,0.000000,0.000000,0.000000,0.033429,-0.253418,-0.305418,-0.121113,-0.267103,-0.303468,-0.043842,-0.260261,-0.304443,-0.009771,-0.273375,-0.288360,-0.032558,-0.303900,-0.240919,-0.070744,-0.318351,-0.281982
2026-05-27 14:51:22.275,130.299906,0.000000,0.000000,0.000000,0.032439,-0.257586,-0.304943,-0.121661,-0.267071,-0.303454,-0.044611,-0.262329,-0.304198,-0.009771,-0.273375,-0.288360,-0.032814,-0.305973,-0.240940,-0.070744,-0.318351,-0.281982
2026-05-27 14:51:22.375,130.399905,0.000000,0.000000,0.000000,0.032439,-0.257586,-0.304943,-0.121661,-0.267071,-0.303454,-0.044611,-0.262329,-0.304198,-0.009771,-0.273375,-0.288360,-0.032814,-0.305973,-0.240940,-0.070744,-0.318351,-0.281982
2026-05-27 14:51:22.475,130.499905,0.000000,0.000000,0.000000,0.032934,-0.255502,-0.305180,-0.121113,-0.267103,-0.303468,-0.044090,-0.261303,-0.304324,-0.009771,-0.273375,-0.288360,-0.032814,-0.305973,-0.240940,-0.070744,-0.318351,-0.281982
2026-05-27 14:51:22.575,130.599905,0.000000,0.000000,0.000000,0.033429,-0.253418,-0.305418,-0.120988,-0.269226,-0.303227,-0.043779,-0.261322,-0.304323,-0.009771,-0.273375,-0.288360,-0.033070,-0.308046,-0.240962,-0.070836,-0.320453,-0.281816
2026-05-27 14:51:22.675,130.699905,0.000000,0.000000,0.000000,0.032934,-0.255502,-0.305180,-0.121661,-0.267071,-0.303454,-0.044364,-0.261286,-0.304317,-0.009771,-0.273375,-0.288360,-0.032814,-0.305973,-0.240940,-0.070744,-0.318351,-0.281982
2026-05-27 14:51:22.775,130.799905,0.000000,0.000000,0.000000,0.032934,-0.255502,-0.305180,-0.121661,-0.267071,-0.303454,-0.044364,-0.261286,-0.304317,-0.009771,-0.273375,-0.288360,-0.032814,-0.305973,-0.240940,-0.070651,-0.316249,-0.282148
2026-05-27 14:51:22.875,130.899905,0.000000,0.000000,0.000000,0.032934,-0.255502,-0.305180,-0.121533,-0.269194,-0.303214,-0.044300,-0.262348,-0.304197,-0.009435,-0.271287,-0.288537,-0.032814,-0.305973,-0.240940,-0.070744,-0.318351,-0.281982
2026-05-27 14:51:22.975,130.999905,0.000000,0.000000,0.000000,0.032934,-0.255502,-0.305180,-0.121533,-0.269194,-0.303214,-0.044300,-0.262348,-0.304197,-0.009435,-0.271287,-0.288537,-0.032814,-0.305973,-0.240940,-0.070744,-0.318351,-0.281982
2026-05-27 14:51:23.075,131.099905,0.000000,0.000000,0.000000,0.032439,-0.257586,-0.304943,-0.120988,-0.269226,-0.303227,-0.044275,-0.263406,-0.304085,-0.009771,-0.273375,-0.288360,-0.032814,-0.305973,-0.240940,-0.070651,-0.316249,-0.282148
2026-05-27 14:51:23.175,131.199905,0.000000,0.000000,0.000000,0.032934,-0.255502,-0.305180,-0.121533,-0.269194,-0.303214,-0.044300,-0.262348,-0.304197,-0.009435,-0.271287,-0.288537,-0.032814,-0.305973,-0.240940,-0.070744,-0.318351,-0.281982
2026-05-27 14:51:23.275,131.299905,0.000000,0.000000,0.000000,0.032439,-0.257586,-0.304943,-0.121661,-0.267071,-0.303454,-0.044611,-0.262329,-0.304198,-0.009771,-0.273375,-0.288360,-0.032814,-0.305973,-0.240940,-0.070744,-0.318351,-0.281982
2026-05-27 14:51:23.375,131.399904,0.000000,0.000000,0.000000,0.032934,-0.255502,-0.305180,-0.121661,-0.267071,-0.303454,-0.044364,-0.261286,-0.304317,-0.009771,-0.273375,-0.288360,-0.032814,-0.305973,-0.240940,-0.070836,-0.320453,-0.281816
2026-05-27 14:51:23.475,131.499904,0.000000,0.000000,0.000000,0.032439,-0.257586,-0.304943,-0.121661,-0.267071,-0.303454,-0.044611,-0.262329,-0.304198,-0.009771,-0.273375,-0.288360,-0.032814,-0.305973,-0.240940,-0.070744,-0.318351,-0.281982
2026-05-27 14:51:23.575,131.599904,0.000000,0.000000,0.000000,0.032934,-0.255502,-0.305180,-0.121113,-0.267103,-0.303468,-0.044090,-0.261303,-0.304324,-0.009771,-0.273375,-0.288360,-0.032814,-0.305973,-0.240940,-0.070651,-0.316249,-0.282148
2026-05-27 14:51:23.675,131.699904,0.000000,0.000000,0.000000,0.032934,-0.255502,-0.305180,-0.121406,-0.271316,-0.302974,-0.044236,-0.263409,-0.304077,-0.009771,-0.273375,-0.288360,-0.032814,-0.305973,-0.240940,-0.070836,-0.320453,-0.281816
2026-05-27 14:51:23.775,131.799904,0.000000,0.000000,0.000000,0.032934,-0.255502,-0.305180,-0.121661,-0.267071,-0.303454,-0.044364,-0.261286,-0.304317,-0.009771,-0.273375,-0.288360,-0.032814,-0.305973,-0.240940,-0.070744,-0.318351,-0.281982
2026-05-27 14:51:23.875,131.899904,0.000000,0.000000,0.000000,0.032934,-0.255502,-0.305180,-0.120988,-0.269226,-0.303227,-0.044027,-0.262364,-0.304204,-0.009771,-0.273375,-0.288360,-0.033070,-0.308046,-0.240962,-0.070744,-0.318351,-0.281982
2026-05-27 14:51:23.975,131.999904,0.000000,0.000000,0.000000,0.033429,-0.253418,-0.305418,-0.121661,-0.267071,-0.303454,-0.044116,-0.260244,-0.304436,-0.009771,-0.273375,-0.288360,-0.033070,-0.308046,-0.240962,-0.070744,-0.318351,-0.281982
2026-05-27 14:51:24.075,132.099904,0.000000,0.000000,0.000000,0.032934,-0.255502,-0.305180,-0.121661,-0.267071,-0.303454,-0.044364,-0.261286,-0.304317,-0.009435,-0.271287,-0.288537,-0.033070,-0.308046,-0.240962,-0.070651,-0.316249,-0.282148
2026-05-27 14:51:24.175,132.199904,0.000000,0.000000,0.000000,0.032439,-0.257586,-0.304943,-0.121661,-0.267071,-0.303454,-0.044611,-0.262329,-0.304198,-0.009771,-0.273375,-0.288360,-0.032814,-0.305973,-0.240940,-0.070651,-0.316249,-0.282148
2026-05-27 14:51:24.275,132.299904,0.000000,0.000000,0.000000,0.032934,-0.255502,-0.305180,-0.121661,-0.267071,-0.303454,-0.044364,-0.261286,-0.304317,-0.009771,-0.273375,-0.288360,-0.032814,-0.305973,-0.240940,-0.070744,-0.318351,-0.281982
2026-05-27 14:51:24.375,132.399904,0.000000,0.000000,0.000000,0.032934,-0.255502,-0.305180,-0.121661,-0.267071,-0.303454,-0.044364,-0.261286,-0.304317,-0.009771,-0.273375,-0.288360,-0.033070,-0.308046,-0.240962,-0.070744,-0.318351,-0.281982
2026-05-27 14:51:24.475,132.499903,0.000000,0.000000,0.000000,0.031944,-0.259670,-0.304706,-0.121533,-0.269194,-0.303214,-0.044795,-0.264432,-0.303960,-0.009771,-0.273375,-0.288360,-0.032814,-0.305973,-0.240940,-0.070744,-0.318351,-0.281982
2026-05-27 14:51:24.575,132.599903,0.000000,0.000000,0.000000,0.032439,-0.257586,-0.304943,-0.121789,-0.264948,-0.303694,-0.044675,-0.261267,-0.304318,-0.009435,-0.271287,-0.288537,-0.032814,-0.305973,-0.240940,-0.070744,-0.318351,-0.281982
2026-05-27 14:51:24.675,132.699903,0.000000,0.000000,0.000000,0.032439,-0.257586,-0.304943,-0.121113,-0.267103,-0.303468,-0.044337,-0.262345,-0.304205,-0.009771,-0.273375,-0.288360,-0.032814,-0.305973,-0.240940,-0.070651,-0.316249,-0.282148
2026-05-27 14:51:24.775,132.799903,0.000000,0.000000,0.000000,0.032934,-0.255502,-0.305180,-0.121533,-0.269194,-0.303214,-0.044300,-0.262348,-0.304197,-0.009771,-0.273375,-0.288360,-0.032814,-0.305973,-0.240940,-0.070744,-0.318351,-0.281982
2026-05-27 14:51:24.875,132.899903,0.000000,0.000000,0.000000,0.032439,-0.257586,-0.304943,-0.121533,-0.269194,-0.303214,-0.044547,-0.263390,-0.304078,-0.009771,-0.273375,-0.288360,-0.033070,-0.308046,-0.240962,-0.070651,-0.316249,-0.282148
2026-05-27 14:51:24.975,132.999903,0.000000,0.000000,0.000000,0.032934,-0.255502,-0.305180,-0.121533,-0.269194,-0.303214,-0.044300,-0.262348,-0.304197,-0.009771,-0.273375,-0.288360,-0.032814,-0.305973,-0.240940,-0.070836,-0.320453,-0.281816
2026-05-27 14:51:25.075,133.099903,0.000000,0.000000,0.000000,0.032439,-0.257586,-0.304943,-0.120988,-0.269226,-0.303227,-0.044275,-0.263406,-0.304085,-0.009771,-0.273375,-0.288360,-0.032558,-0.303900,-0.240919,-0.070744,-0.318351,-0.281982
2026-05-27 14:51:25.175,133.199903,0.000000,0.000000,0.000000,0.032439,-0.257586,-0.304943,-0.121533,-0.269194,-0.303214,-0.044547,-0.263390,-0.304078,-0.009603,-0.272331,-0.288449,-0.032814,-0.305973,-0.240940,-0.070744,-0.318351,-0.281982
2026-05-27 14:51:25.275,133.299903,0.000000,0.000000,0.000000,0.032439,-0.257586,-0.304943,-0.121533,-0.269194,-0.303214,-0.044547,-0.263390,-0.304078,-0.009435,-0.271287,-0.288537,-0.032814,-0.305973,-0.240940,-0.070744,-0.318351,-0.281982
2026-05-27 14:51:25.375,133.399903,0.000000,0.000000,0.000000,0.032439,-0.257586,-0.304943,-0.121533,-0.269194,-0.303214,-0.044547,-0.263390,-0.304078,-0.009771,-0.273375,-0.288360,-0.032558,-0.303900,-0.240919,-0.070744,-0.318351,-0.281982
2026-05-27 14:51:25.475,133.499902,0.000000,0.000000,0.000000,0.032934,-0.255502,-0.305180,-0.121533,-0.269194,-0.303214,-0.044300,-0.262348,-0.304197,-0.009771,-0.273375,-0.288360,-0.032804,-0.306025,-0.240423,-0.070744,-0.318351,-0.281982
2026-05-27 14:51:25.575,133.599902,0.000000,0.000000,0.000000,0.032439,-0.257586,-0.304943,-0.121239,-0.264981,-0.303708,-0.044400,-0.261283,-0.304325,-0.009435,-0.271287,-0.288537,-0.031497,-0.304067,-0.239906,-0.070237,-0.318431,-0.281498
2026-05-27 14:51:25.675,133.699902,0.000000,0.000000,0.000000,0.032439,-0.257586,-0.304943,-0.121533,-0.269194,-0.303214,-0.044547,-0.263390,-0.304078,-0.010321,-0.273342,-0.288347,-0.031497,-0.304067,-0.239906,-0.070237,-0.318431,-0.281498
2026-05-27 14:51:25.775,133.799902,0.000000,0.000000,0.000000,0.032439,-0.257586,-0.304943,-0.121533,-0.269194,-0.303214,-0.044547,-0.263390,-0.304078,-0.010321,-0.273342,-0.288347,-0.031748,-0.306191,-0.239415,-0.069739,-0.318460,-0.281510
2026-05-27 14:51:25.875,133.899902,0.000000,0.000000,0.000000,0.032439,-0.257586,-0.304943,-0.121533,-0.269194,-0.303214,-0.044547,-0.263390,-0.304078,-0.010321,-0.273342,-0.288347,-0.031488,-0.304119,-0.239387,-0.069642,-0.316359,-0.281674
2026-05-27 14:51:25.975,133.999902,0.000000,0.000000,0.000000,0.032934,-0.255502,-0.305180,-0.121661,-0.267071,-0.303454,-0.044364,-0.261286,-0.304317,-0.010321,-0.273342,-0.288347,-0.031488,-0.304119,-0.239387,-0.069739,-0.318460,-0.281510
2026-05-27 14:51:26.075,134.099902,0.000000,0.000000,0.000000,0.032934,-0.255502,-0.305180,-0.121661,-0.267071,-0.303454,-0.044364,-0.261286,-0.304317,-0.010311,-0.273398,-0.287798,-0.031217,-0.302100,-0.238837,-0.069241,-0.318489,-0.281523
2026-05-27 14:51:26.175,134.199902,0.000000,0.000000,0.000000,0.032439,-0.257586,-0.304943,-0.121533,-0.269194,-0.303214,-0.044547,-0.263390,-0.304078,-0.010861,-0.273365,-0.287784,-0.031217,-0.302100,-0.238837,-0.069142,-0.316388,-0.281686
2026-05-27 14:51:26.275,134.299902,0.000000,0.000000,0.000000,0.032934,-0.255502,-0.305180,-0.120988,-0.269226,-0.303227,-0.044027,-0.262364,-0.304204,-0.011193,-0.275453,-0.287610,-0.030956,-0.300028,-0.238806,-0.069241,-0.318489,-0.281523
2026-05-27 14:51:26.375,134.399902,0.000000,0.000000,0.000000,0.032439,-0.257586,-0.304943,-0.121661,-0.267071,-0.303454,-0.044611,-0.262329,-0.304198,-0.010861,-0.273365,-0.287784,-0.030956,-0.300028,-0.238806,-0.068744,-0.318519,-0.281535
2026-05-27 14:51:26.475,134.499902,0.000000,0.000000,0.000000,0.032934,-0.255502,-0.305180,-0.121533,-0.269194,-0.303214,-0.044300,-0.262348,-0.304197,-0.010861,-0.273365,-0.287784,-0.029896,-0.295969,-0.238230,-0.068744,-0.318519,-0.281535
2026-05-27 14:51:26.575,134.599901,0.000000,0.000000,0.000000,0.031944,-0.259670,-0.304706,-0.121661,-0.267071,-0.303454,-0.044859,-0.263371,-0.304080,-0.010861,-0.273365,-0.287784,-0.029896,-0.295969,-0.238230,-0.068540,-0.314317,-0.281863
2026-05-27 14:51:26.675,134.699901,0.000000,0.000000,0.000000,0.032439,-0.257586,-0.304943,-0.120988,-0.269226,-0.303227,-0.044275,-0.263406,-0.304085,-0.011411,-0.273333,-0.287770,-0.029896,-0.295969,-0.238230,-0.068142,-0.316447,-0.281711
2026-05-27 14:51:26.775,134.799901,0.000000,0.000000,0.000000,0.032439,-0.257586,-0.304943,-0.121661,-0.267071,-0.303454,-0.044611,-0.262329,-0.304198,-0.011741,-0.275421,-0.287596,-0.029764,-0.294934,-0.238214,-0.068142,-0.316447,-0.281711
2026-05-27 14:51:26.875,134.899901,0.000000,0.000000,0.000000,0.032934,-0.255502,-0.305180,-0.121661,-0.267071,-0.303454,-0.044364,-0.261286,-0.304317,-0.011411,-0.273333,-0.287770,-0.029623,-0.293952,-0.237667,-0.068038,-0.314346,-0.281875
2026-05-27 14:51:26.975,134.999901,0.000000,0.000000,0.000000,0.032934,-0.255502,-0.305180,-0.121533,-0.269194,-0.303214,-0.044300,-0.262348,-0.304197,-0.011411,-0.273333,-0.287770,-0.029623,-0.293952,-0.237667,-0.068142,-0.316447,-0.281711
2026-05-27 14:51:27.075,135.099901,0.000000,0.000000,0.000000,0.031944,-0.259670,-0.304706,-0.121533,-0.269194,-0.303214,-0.044795,-0.264432,-0.303960,-0.011411,-0.273333,-0.287770,-0.028825,-0.291912,-0.237645,-0.067642,-0.316477,-0.281724
2026-05-27 14:51:27.175,135.199901,0.000000,0.000000,0.000000,0.032934,-0.255502,-0.305180,-0.121533,-0.269194,-0.303214,-0.044300,-0.262348,-0.304197,-0.011961,-0.273300,-0.287757,-0.029091,-0.293983,-0.237680,-0.067642,-0.316477,-0.281724
2026-05-27 14:51:27.275,135.299901,0.000000,0.000000,0.000000,0.032439,-0.257586,-0.304943,-0.121661,-0.267071,-0.303454,-0.044611,-0.262329,-0.304198,-0.011951,-0.273356,-0.287208,-0.028559,-0.294015,-0.237693,-0.067642,-0.316477,-0.281724
2026-05-27 14:51:27.375,135.399901,0.000000,0.000000,0.000000,0.032934,-0.255502,-0.305180,-0.121661,-0.267071,-0.303454,-0.044364,-0.261286,-0.304317,-0.011961,-0.273300,-0.287757,-0.028559,-0.294015,-0.237693,-0.067142,-0.316506,-0.281736
2026-05-27 14:51:27.475,135.499901,0.000000,0.000000,0.000000,0.032439,-0.257586,-0.304943,-0.121113,-0.267103,-0.303468,-0.044337,-0.262345,-0.304205,-0.011961,-0.273300,-0.287757,-0.028559,-0.294015,-0.237693,-0.067142,-0.316506,-0.281736
2026-05-27 14:51:27.575,135.599900,0.000000,0.000000,0.000000,0.032439,-0.257586,-0.304943,-0.121661,-0.267071,-0.303454,-0.044611,-0.262329,-0.304198,-0.011623,-0.271268,-0.287379,-0.028559,-0.294015,-0.237693,-0.067142,-0.316506,-0.281736
2026-05-27 14:51:27.675,135.699900,0.000000,0.000000,0.000000,0.032934,-0.255502,-0.305180,-0.121533,-0.269194,-0.303214,-0.044300,-0.262348,-0.304197,-0.012501,-0.273324,-0.287194,-0.028559,-0.294015,-0.237693,-0.067142,-0.316506,-0.281736
2026-05-27 14:51:27.775,135.799900,0.000000,0.000000,0.000000,0.031944,-0.259670,-0.304706,-0.121661,-0.267071,-0.303454,-0.044859,-0.263371,-0.304080,-0.011850,-0.269148,-0.287537,-0.028559,-0.294015,-0.237693,-0.066642,-0.316536,-0.281749
2026-05-27 14:51:27.875,135.899900,0.000000,0.000000,0.000000,0.031944,-0.259670,-0.304706,-0.121533,-0.269194,-0.303214,-0.044795,-0.264432,-0.303960,-0.012176,-0.271236,-0.287365,-0.028559,-0.294015,-0.237693,-0.066642,-0.316536,-0.281749
2026-05-27 14:51:27.975,135.999900,0.000000,0.000000,0.000000,0.031944,-0.259670,-0.304706,-0.121661,-0.267071,-0.303454,-0.044859,-0.263371,-0.304080,-0.012176,-0.271236,-0.287365,-0.028559,-0.294015,-0.237693,-0.066642,-0.316536,-0.281749
2026-05-27 14:51:28.075,136.099900,0.000000,0.000000,0.000000,0.032439,-0.257586,-0.304943,-0.121661,-0.267071,-0.303454,-0.044611,-0.262329,-0.304198,-0.012186,-0.271180,-0.287917,-0.028027,-0.294046,-0.237707,-0.066642,-0.316536,-0.281749
2026-05-27 14:51:28.175,136.199900,0.000000,0.000000,0.000000,0.031944,-0.259670,-0.304706,-0.121533,-0.269194,-0.303214,-0.044795,-0.264432,-0.303960,-0.012501,-0.273324,-0.287194,-0.028027,-0.294046,-0.237707,-0.066531,-0.314435,-0.281913
2026-05-27 14:51:28.275,136.299900,0.000000,0.000000,0.000000,0.032439,-0.257586,-0.304943,-0.121661,-0.267071,-0.303454,-0.044611,-0.262329,-0.304198,-0.012176,-0.271236,-0.287365,-0.028027,-0.294046,-0.237707,-0.066029,-0.314465,-0.281925
2026-05-27 14:51:28.375,136.399900,0.000000,0.000000,0.000000,0.032439,-0.257586,-0.304943,-0.121661,-0.267071,-0.303454,-0.044611,-0.262329,-0.304198,-0.012728,-0.271203,-0.287352,-0.028027,-0.294046,-0.237707,-0.066029,-0.314465,-0.281925
2026-05-27 14:51:28.475,136.499900,0.000000,0.000000,0.000000,0.032439,-0.257586,-0.304943,-0.121533,-0.269194,-0.303214,-0.044547,-0.263390,-0.304078,-0.012728,-0.271203,-0.287352,-0.028027,-0.294046,-0.237707,-0.066029,-0.314465,-0.281925
2026-05-27 14:51:28.575,136.599900,0.000000,0.000000,0.000000,0.031944,-0.259670,-0.304706,-0.121533,-0.269194,-0.303214,-0.044795,-0.264432,-0.303960,-0.012728,-0.271203,-0.287352,-0.028027,-0.294046,-0.237707,-0.066029,-0.314465,-0.281925
2026-05-27 14:51:28.675,136.699899,0.000000,0.000000,0.000000,0.033429,-0.253418,-0.305418,-0.121661,-0.267071,-0.303454,-0.044116,-0.260244,-0.304436,-0.013051,-0.273291,-0.287180,-0.028027,-0.294046,-0.237707,-0.066029,-0.314465,-0.281925
2026-05-27 14:51:28.775,136.799899,0.000000,0.000000,0.000000,0.032439,-0.257586,-0.304943,-0.121661,-0.267071,-0.303454,-0.044611,-0.262329,-0.304198,-0.012739,-0.271147,-0.287903,-0.027757,-0.291975,-0.237672,-0.066029,-0.314465,-0.281925
2026-05-27 14:51:28.875,136.899899,0.000000,0.000000,0.000000,0.031944,-0.259670,-0.304706,-0.121533,-0.269194,-0.303214,-0.044795,-0.264432,-0.303960,-0.012728,-0.271203,-0.287352,-0.027757,-0.291975,-0.237672,-0.066029,-0.314465,-0.281925
2026-05-27 14:51:28.975,136.999899,0.000000,0.000000,0.000000,0.032934,-0.255502,-0.305180,-0.121533,-0.269194,-0.303214,-0.044300,-0.262348,-0.304197,-0.012728,-0.271203,-0.287352,-0.027757,-0.291975,-0.237672,-0.066029,-0.314465,-0.281925
2026-05-27 14:51:29.075,137.099899,0.000000,0.000000,0.000000,0.032439,-0.257586,-0.304943,-0.121533,-0.269194,-0.303214,-0.044547,-0.263390,-0.304078,-0.012728,-0.271203,-0.287352,-0.027757,-0.291975,-0.237672,-0.066029,-0.314465,-0.281925
2026-05-27 14:51:29.175,137.199899,0.000000,0.000000,0.000000,0.032934,-0.255502,-0.305180,-0.121533,-0.269194,-0.303214,-0.044300,-0.262348,-0.304197,-0.012728,-0.271203,-0.287352,-0.028027,-0.294046,-0.237707,-0.066029,-0.314465,-0.281925
2026-05-27 14:51:29.275,137.299899,0.000000,0.000000,0.000000,0.032439,-0.257586,-0.304943,-0.121661,-0.267071,-0.303454,-0.044611,-0.262329,-0.304198,-0.012728,-0.271203,-0.287352,-0.040132,-0.247380,-0.216033,-0.066029,-0.314465,-0.281925
2026-05-27 14:51:29.375,137.399899,0.000000,0.000000,0.000000,0.032934,-0.255502,-0.305180,-0.120988,-0.269226,-0.303227,-0.044027,-0.262364,-0.304204,-0.012728,-0.271203,-0.287352,-0.028027,-0.294046,-0.237707,-0.066029,-0.314465,-0.281925
2026-05-27 14:51:29.475,137.499899,0.000000,0.000000,0.000000,0.032934,-0.255502,-0.305180,-0.120862,-0.271348,-0.302987,-0.043964,-0.263425,-0.304084,-0.012728,-0.271203,-0.287352,-0.028027,-0.294046,-0.237707,-0.066029,-0.314465,-0.281925
2026-05-27 14:51:29.575,137.599899,0.000000,0.000000,0.000000,0.033429,-0.253418,-0.305418,-0.121533,-0.269194,-0.303214,-0.044052,-0.261306,-0.304316,-0.013051,-0.273291,-0.287180,-0.027757,-0.291975,-0.237672,-0.066029,-0.314465,-0.281925
2026-05-27 14:51:29.675,137.699898,0.000000,0.000000,0.000000,0.032934,-0.255502,-0.305180,-0.121661,-0.267071,-0.303454,-0.044364,-0.261286,-0.304317,-0.012728,-0.271203,-0.287352,-0.027757,-0.291975,-0.237672,-0.066029,-0.314465,-0.281925
2026-05-27 14:51:29.775,137.799898,0.000000,0.000000,0.000000,0.032439,-0.257586,-0.304943,-0.121533,-0.269194,-0.303214,-0.044547,-0.263390,-0.304078,-0.012728,-0.271203,-0.287352,-0.027757,-0.291975,-0.237672,-0.066029,-0.314465,-0.281925
2026-05-27 14:51:29.875,137.899898,0.000000,0.000000,0.000000,0.032439,-0.257586,-0.304943,-0.121533,-0.269194,-0.303214,-0.044547,-0.263390,-0.304078,-0.012728,-0.271203,-0.287352,-0.027757,-0.291975,-0.237672,-0.066029,-0.314465,-0.281925
2026-05-27 14:51:29.975,137.999898,0.000000,0.000000,0.000000,0.032439,-0.257586,-0.304943,-0.121406,-0.271316,-0.302974,-0.044483,-0.264451,-0.303958,-0.012728,-0.271203,-0.287352,-0.027757,-0.291975,-0.237672,-0.065916,-0.312365,-0.282089
2026-05-27 14:51:30.075,138.099898,0.000000,0.000000,0.000000,0.032439,-0.257586,-0.304943,-0.121661,-0.267071,-0.303454,-0.044611,-0.262329,-0.304198,-0.013601,-0.273259,-0.287166,-0.028027,-0.294046,-0.237707,-0.066029,-0.314465,-0.281925
2026-05-27 14:51:30.175,138.199898,0.000000,0.000000,0.000000,0.032439,-0.257586,-0.304943,-0.121533,-0.269194,-0.303214,-0.044547,-0.263390,-0.304078,-0.012728,-0.271203,-0.287352,-0.027757,-0.291975,-0.237672,-0.066029,-0.314465,-0.281925
2026-05-27 14:51:30.275,138.299898,0.000000,0.000000,0.000000,0.031944,-0.259670,-0.304706,-0.121661,-0.267071,-0.303454,-0.044859,-0.263371,-0.304080,-0.012728,-0.271203,-0.287352,-0.027757,-0.291975,-0.237672,-0.065916,-0.312365,-0.282089
2026-05-27 14:51:30.375,138.399898,0.000000,0.000000,0.000000,0.032439,-0.257586,-0.304943,-0.121661,-0.267071,-0.303454,-0.044611,-0.262329,-0.304198,-0.012739,-0.271147,-0.287903,-0.027757,-0.291975,-0.237672,-0.066029,-0.314465,-0.281925
2026-05-27 14:51:30.475,138.499898,0.000000,0.000000,0.000000,0.032439,-0.257586,-0.304943,-0.121533,-0.269194,-0.303214,-0.044547,-0.263390,-0.304078,-0.012728,-0.271203,-0.287352,-0.027757,-0.291975,-0.237672,-0.066029,-0.314465,-0.281925
2026-05-27 14:51:30.575,138.599898,0.000000,0.000000,0.000000,0.032439,-0.257586,-0.304943,-0.121533,-0.269194,-0.303214,-0.044547,-0.263390,-0.304078,-0.013281,-0.271170,-0.287338,-0.027757,-0.291975,-0.237672,-0.066029,-0.314465,-0.281925
2026-05-27 14:51:30.675,138.699898,0.000000,0.000000,0.000000,0.032439,-0.257586,-0.304943,-0.121661,-0.267071,-0.303454,-0.044611,-0.262329,-0.304198,-0.012728,-0.271203,-0.287352,-0.027747,-0.292029,-0.237139,-0.066029,-0.314465,-0.281925
2026-05-27 14:51:30.775,138.799897,0.000000,0.000000,0.000000,0.032439,-0.257586,-0.304943,-0.121406,-0.271316,-0.302974,-0.044483,-0.264451,-0.303958,-0.012728,-0.271203,-0.287352,-0.027757,-0.291975,-0.237672,-0.066029,-0.314465,-0.281925
2026-05-27 14:51:30.875,138.899897,0.000000,0.000000,0.000000,0.032934,-0.255502,-0.305180,-0.121533,-0.269194,-0.303214,-0.044300,-0.262348,-0.304197,-0.012728,-0.271203,-0.287352,-0.027757,-0.291975,-0.237672,-0.066029,-0.314465,-0.281925
2026-05-27 14:51:30.975,138.999897,0.000000,0.000000,0.000000,0.032934,-0.255502,-0.305180,-0.121661,-0.267071,-0.303454,-0.044364,-0.261286,-0.304317,-0.012405,-0.269115,-0.287523,-0.027757,-0.291975,-0.237672,-0.066029,-0.314465,-0.281925
2026-05-27 14:51:31.075,139.099897,0.000000,0.000000,0.000000,0.032934,-0.255502,-0.305180,-0.121533,-0.269194,-0.303214,-0.044300,-0.262348,-0.304197,-0.012728,-0.271203,-0.287352,-0.027757,-0.291975,-0.237672,-0.066029,-0.314465,-0.281925
2026-05-27 14:51:31.175,139.199897,0.000000,0.000000,0.000000,0.032934,-0.255502,-0.305180,-0.121533,-0.269194,-0.303214,-0.044300,-0.262348,-0.304197,-0.012728,-0.271203,-0.287352,-0.027757,-0.291975,-0.237672,-0.066029,-0.314465,-0.281925
2026-05-27 14:51:31.275,139.299897,0.000000,0.000000,0.000000,0.031944,-0.259670,-0.304706,-0.121533,-0.269194,-0.303214,-0.044795,-0.264432,-0.303960,-0.012728,-0.271203,-0.287352,-0.027757,-0.291975,-0.237672,-0.066029,-0.314465,-0.281925
2026-05-27 14:51:31.375,139.399897,0.000000,0.000000,0.000000,0.032934,-0.255502,-0.305180,-0.121661,-0.267071,-0.303454,-0.044364,-0.261286,-0.304317,-0.012728,-0.271203,-0.287352,-0.028027,-0.294046,-0.237707,-0.066029,-0.314465,-0.281925
2026-05-27 14:51:31.475,139.499897,0.000000,0.000000,0.000000,0.032934,-0.255502,-0.305180,-0.121533,-0.269194,-0.303214,-0.044300,-0.262348,-0.304197,-0.012728,-0.271203,-0.287352,-0.028027,-0.294046,-0.237707,-0.066029,-0.314465,-0.281925
2026-05-27 14:51:31.575,139.599897,0.000000,0.000000,0.000000,0.032934,-0.255502,-0.305180,-0.121661,-0.267071,-0.303454,-0.044364,-0.261286,-0.304317,-0.012728,-0.271203,-0.287352,-0.028826,-0.296085,-0.237728,-0.065916,-0.312365,-0.282089
2026-05-27 14:51:31.675,139.699897,0.000000,0.000000,0.000000,0.032439,-0.257586,-0.304943,-0.121661,-0.267071,-0.303454,-0.044611,-0.262329,-0.304198,-0.013281,-0.271170,-0.287338,-0.029366,-0.296001,-0.238243,-0.066029,-0.314465,-0.281925
2026-05-27 14:51:31.775,139.799896,0.000000,0.000000,0.000000,0.032439,-0.257586,-0.304943,-0.121533,-0.269194,-0.303214,-0.044547,-0.263390,-0.304078,-0.013281,-0.271170,-0.287338,-0.030431,-0.300059,-0.238819,-0.065916,-0.312365,-0.282089
2026-05-27 14:51:31.875,139.899896,0.000000,0.000000,0.000000,0.032439,-0.257586,-0.304943,-0.121533,-0.269194,-0.303214,-0.044547,-0.263390,-0.304078,-0.012728,-0.271203,-0.287352,-0.031611,-0.301033,-0.238809,-0.065916,-0.312365,-0.282089
2026-05-27 14:51:31.975,139.999896,0.000000,0.000000,0.000000,0.032934,-0.255502,-0.305180,-0.121661,-0.267071,-0.303454,-0.044364,-0.261286,-0.304317,-0.012728,-0.271203,-0.287352,-0.031750,-0.302016,-0.239345,-0.065916,-0.312365,-0.282089
2026-05-27 14:51:32.075,140.099896,0.000000,0.000000,0.000000,0.032439,-0.257586,-0.304943,-0.121533,-0.269194,-0.303214,-0.044547,-0.263390,-0.304078,-0.013281,-0.271170,-0.287338,-0.031998,-0.304141,-0.238854,-0.066420,-0.312335,-0.282077
2026-05-27 14:51:32.175,140.199896,0.000000,0.000000,0.000000,0.032439,-0.257586,-0.304943,-0.121533,-0.269194,-0.303214,-0.044547,-0.263390,-0.304078,-0.012728,-0.271203,-0.287352,-0.031998,-0.304141,-0.238854,-0.066420,-0.312335,-0.282077
2026-05-27 14:51:32.275,140.299896,0.000000,0.000000,0.000000,0.032934,-0.255502,-0.305180,-0.121533,-0.269194,-0.303214,-0.044300,-0.262348,-0.304197,-0.012728,-0.271203,-0.287352,-0.032263,-0.302038,-0.238811,-0.066309,-0.310235,-0.282241
2026-05-27 14:51:32.375,140.399896,0.000000,0.000000,0.000000,0.033429,-0.253418,-0.305418,-0.121533,-0.269194,-0.303214,-0.044052,-0.261306,-0.304316,-0.012728,-0.271203,-0.287352,-0.032253,-0.302091,-0.238289,-0.066420,-0.312335,-0.282077
2026-05-27 14:51:32.475,140.499896,0.000000,0.000000,0.000000,0.032439,-0.257586,-0.304943,-0.120988,-0.269226,-0.303227,-0.044275,-0.263406,-0.304085,-0.012728,-0.271203,-0.287352,-0.032775,-0.302060,-0.238276,-0.066420,-0.312335,-0.282077
2026-05-27 14:51:32.575,140.599896,0.000000,0.000000,0.000000,0.033429,-0.253418,-0.305418,-0.121533,-0.269194,-0.303214,-0.044052,-0.261306,-0.304316,-0.012728,-0.271203,-0.287352,-0.033283,-0.306204,-0.238342,-0.066420,-0.312335,-0.282077
2026-05-27 14:51:32.675,140.699896,0.000000,0.000000,0.000000,0.033429,-0.253418,-0.305418,-0.121533,-0.269194,-0.303214,-0.044052,-0.261306,-0.304316,-0.013051,-0.273291,-0.287180,-0.033550,-0.304101,-0.238296,-0.066420,-0.312335,-0.282077
2026-05-27 14:51:32.775,140.799896,0.000000,0.000000,0.000000,0.032934,-0.255502,-0.305180,-0.121533,-0.269194,-0.303214,-0.044300,-0.262348,-0.304197,-0.012501,-0.273324,-0.287194,-0.033801,-0.306174,-0.238329,-0.067033,-0.314406,-0.281900
2026-05-27 14:51:32.875,140.899895,0.000000,0.000000,0.000000,0.033429,-0.253418,-0.305418,-0.121533,-0.269194,-0.303214,-0.044052,-0.261306,-0.304316,-0.012501,-0.273324,-0.287194,-0.033550,-0.304101,-0.238296,-0.067033,-0.314406,-0.281900
2026-05-27 14:51:32.975,140.999895,0.000000,0.000000,0.000000,0.032439,-0.257586,-0.304943,-0.121661,-0.267071,-0.303454,-0.044611,-0.262329,-0.304198,-0.012511,-0.273268,-0.287743,-0.033550,-0.304101,-0.238296,-0.066925,-0.312305,-0.282064
2026-05-27 14:51:33.075,141.099895,0.000000,0.000000,0.000000,0.033429,-0.253418,-0.305418,-0.121661,-0.267071,-0.303454,-0.044116,-0.260244,-0.304436,-0.012186,-0.271180,-0.287917,-0.033424,-0.303065,-0.238279,-0.067033,-0.314406,-0.281900
2026-05-27 14:51:33.175,141.199895,0.000000,0.000000,0.000000,0.032934,-0.255502,-0.305180,-0.121406,-0.271316,-0.302974,-0.044236,-0.263409,-0.304077,-0.012176,-0.271236,-0.287365,-0.033550,-0.304101,-0.238296,-0.066925,-0.312305,-0.282064
2026-05-27 14:51:33.275,141.299895,0.000000,0.000000,0.000000,0.033429,-0.253418,-0.305418,-0.121533,-0.269194,-0.303214,-0.044052,-0.261306,-0.304316,-0.012511,-0.273268,-0.287743,-0.033550,-0.304101,-0.238296,-0.066925,-0.312305,-0.282064
2026-05-27 14:51:33.375,141.399895,0.000000,0.000000,0.000000,0.032934,-0.255502,-0.305180,-0.121661,-0.267071,-0.303454,-0.044364,-0.261286,-0.304317,-0.012511,-0.273268,-0.287743,-0.033801,-0.306174,-0.238329,-0.066925,-0.312305,-0.282064
2026-05-27 14:51:33.475,141.499895,0.000000,0.000000,0.000000,0.031944,-0.259670,-0.304706,-0.121661,-0.267071,-0.303454,-0.044859,-0.263371,-0.304080,-0.012176,-0.271236,-0.287365,-0.033550,-0.304101,-0.238296,-0.066925,-0.312305,-0.282064
2026-05-27 14:51:33.575,141.599895,0.000000,0.000000,0.000000,0.032439,-0.257586,-0.304943,-0.121661,-0.267071,-0.303454,-0.044611,-0.262329,-0.304198,-0.012186,-0.271180,-0.287917,-0.033550,-0.304101,-0.238296,-0.067033,-0.314406,-0.281900
2026-05-27 14:51:33.675,141.699895,0.000000,0.000000,0.000000,0.031944,-0.259670,-0.304706,-0.121533,-0.269194,-0.303214,-0.044795,-0.264432,-0.303960,-0.012186,-0.271180,-0.287917,-0.033298,-0.302029,-0.238263,-0.067033,-0.314406,-0.281900
2026-05-27 14:51:33.775,141.799895,0.000000,0.000000,0.000000,0.032439,-0.257586,-0.304943,-0.121533,-0.269194,-0.303214,-0.044547,-0.263390,-0.304078,-0.012511,-0.273268,-0.287743,-0.033801,-0.306174,-0.238329,-0.066925,-0.312305,-0.282064
2026-05-27 14:51:33.875,141.899894,0.000000,0.000000,0.000000,0.032439,-0.257586,-0.304943,-0.121533,-0.269194,-0.303214,-0.044547,-0.263390,-0.304078,-0.012176,-0.271236,-0.287365,-0.033424,-0.303065,-0.238279,-0.066925,-0.312305,-0.282064
2026-05-27 14:51:33.975,141.999894,0.000000,0.000000,0.000000,0.032934,-0.255502,-0.305180,-0.121661,-0.267071,-0.303454,-0.044364,-0.261286,-0.304317,-0.012176,-0.271236,-0.287365,-0.033550,-0.304101,-0.238296,-0.066925,-0.312305,-0.282064
2026-05-27 14:51:34.075,142.099894,0.000000,0.000000,0.000000,0.033429,-0.253418,-0.305418,-0.121661,-0.267071,-0.303454,-0.044116,-0.260244,-0.304436,-0.012176,-0.271236,-0.287365,-0.033550,-0.304101,-0.238296,-0.066925,-0.312305,-0.282064
2026-05-27 14:51:34.175,142.199894,0.000000,0.000000,0.000000,0.032934,-0.255502,-0.305180,-0.121661,-0.267071,-0.303454,-0.044364,-0.261286,-0.304317,-0.012186,-0.271180,-0.287917,-0.033298,-0.302029,-0.238263,-0.066925,-0.312305,-0.282064
2026-05-27 14:51:34.275,142.299894,0.000000,0.000000,0.000000,0.033429,-0.253418,-0.305418,-0.121533,-0.269194,-0.303214,-0.044052,-0.261306,-0.304316,-0.012176,-0.271236,-0.287365,-0.033550,-0.304101,-0.238296,-0.066925,-0.312305,-0.282064
2026-05-27 14:51:34.375,142.399894,0.000000,0.000000,0.000000,0.033429,-0.253418,-0.305418,-0.121533,-0.269194,-0.303214,-0.044052,-0.261306,-0.304316,-0.012501,-0.273324,-0.287194,-0.033550,-0.304101,-0.238296,-0.066925,-0.312305,-0.282064
2026-05-27 14:51:34.475,142.499894,0.000000,0.000000,0.000000,0.032934,-0.255502,-0.305180,-0.121533,-0.269194,-0.303214,-0.044300,-0.262348,-0.304197,-0.012186,-0.271180,-0.287917,-0.033550,-0.304101,-0.238296,-0.066925,-0.312305,-0.282064
2026-05-27 14:51:34.575,142.599894,0.000000,0.000000,0.000000,0.032934,-0.255502,-0.305180,-0.121533,-0.269194,-0.303214,-0.044300,-0.262348,-0.304197,-0.012186,-0.271180,-0.287917,-0.033550,-0.304101,-0.238296,-0.066925,-0.312305,-0.282064
2026-05-27 14:51:34.675,142.699894,0.000000,0.000000,0.000000,0.033429,-0.253418,-0.305418,-0.121661,-0.267071,-0.303454,-0.044116,-0.260244,-0.304436,-0.012176,-0.271236,-0.287365,-0.033550,-0.304101,-0.238296,-0.066925,-0.312305,-0.282064
2026-05-27 14:51:34.775,142.799894,0.000000,0.000000,0.000000,0.032439,-0.257586,-0.304943,-0.121406,-0.271316,-0.302974,-0.044483,-0.264451,-0.303958,-0.012186,-0.271180,-0.287917,-0.033550,-0.304101,-0.238296,-0.066925,-0.312305,-0.282064
2026-05-27 14:51:34.875,142.899894,0.000000,0.000000,0.000000,0.032934,-0.255502,-0.305180,-0.121661,-0.267071,-0.303454,-0.044364,-0.261286,-0.304317,-0.012176,-0.271236,-0.287365,-0.033550,-0.304101,-0.238296,-0.066925,-0.312305,-0.282064
2026-05-27 14:51:34.975,142.999893,0.000000,0.000000,0.000000,0.032934,-0.255502,-0.305180,-0.121661,-0.267071,-0.303454,-0.044364,-0.261286,-0.304317,-0.012501,-0.273324,-0.287194,-0.033550,-0.304101,-0.238296,-0.066925,-0.312305,-0.282064
2026-05-27 14:51:35.075,143.099893,0.000000,0.000000,0.000000,0.032439,-0.257586,-0.304943,-0.121661,-0.267071,-0.303454,-0.044611,-0.262329,-0.304198,-0.012511,-0.273268,-0.287743,-0.033550,-0.304101,-0.238296,-0.066925,-0.312305,-0.282064
2026-05-27 14:51:35.175,143.199893,0.000000,0.000000,0.000000,0.032439,-0.257586,-0.304943,-0.121661,-0.267071,-0.303454,-0.044611,-0.262329,-0.304198,-0.012511,-0.273268,-0.287743,-0.033550,-0.304101,-0.238296,-0.067033,-0.314406,-0.281900
2026-05-27 14:51:35.275,143.299893,0.000000,0.000000,0.000000,0.032934,-0.255502,-0.305180,-0.121661,-0.267071,-0.303454,-0.044364,-0.261286,-0.304317,-0.012501,-0.273324,-0.287194,-0.033550,-0.304101,-0.238296,-0.066925,-0.312305,-0.282064
2026-05-27 14:51:35.375,143.399893,0.000000,0.000000,0.000000,0.032934,-0.255502,-0.305180,-0.121533,-0.269194,-0.303214,-0.044300,-0.262348,-0.304197,-0.012176,-0.271236,-0.287365,-0.033550,-0.304101,-0.238296,-0.067033,-0.314406,-0.281900
2026-05-27 14:51:35.475,143.499893,0.000000,0.000000,0.000000,0.033429,-0.253418,-0.305418,-0.121661,-0.267071,-0.303454,-0.044116,-0.260244,-0.304436,-0.012186,-0.271180,-0.287917,-0.033298,-0.302029,-0.238263,-0.066925,-0.312305,-0.282064
2026-05-27 14:51:35.575,143.599893,0.000000,0.000000,0.000000,0.032934,-0.255502,-0.305180,-0.121661,-0.267071,-0.303454,-0.044364,-0.261286,-0.304317,-0.012176,-0.271236,-0.287365,-0.033550,-0.304101,-0.238296,-0.066925,-0.312305,-0.282064
2026-05-27 14:51:35.675,143.699893,0.000000,0.000000,0.000000,0.032934,-0.255502,-0.305180,-0.121661,-0.267071,-0.303454,-0.044364,-0.261286,-0.304317,-0.012186,-0.271180,-0.287917,-0.033801,-0.306174,-0.238329,-0.066925,-0.312305,-0.282064
2026-05-27 14:51:35.775,143.799893,0.000000,0.000000,0.000000,0.032439,-0.257586,-0.304943,-0.121533,-0.269194,-0.303214,-0.044547,-0.263390,-0.304078,-0.012511,-0.273268,-0.287743,-0.033550,-0.304101,-0.238296,-0.066925,-0.312305,-0.282064
2026-05-27 14:51:35.875,143.899893,0.000000,0.000000,0.000000,0.032439,-0.257586,-0.304943,-0.121533,-0.269194,-0.303214,-0.044547,-0.263390,-0.304078,-0.012176,-0.271236,-0.287365,-0.033550,-0.304101,-0.238296,-0.066925,-0.312305,-0.282064
2026-05-27 14:51:35.975,143.999892,0.000000,0.000000,0.000000,0.032934,-0.255502,-0.305180,-0.121533,-0.269194,-0.303214,-0.044300,-0.262348,-0.304197,-0.012186,-0.271180,-0.287917,-0.033801,-0.306174,-0.238329,-0.067033,-0.314406,-0.281900
2026-05-27 14:51:36.075,144.099892,0.000000,0.000000,0.000000,0.032439,-0.257586,-0.304943,-0.121661,-0.267071,-0.303454,-0.044611,-0.262329,-0.304198,-0.012176,-0.271236,-0.287365,-0.033550,-0.304101,-0.238296,-0.066925,-0.312305,-0.282064
2026-05-27 14:51:36.175,144.199892,0.000000,0.000000,0.000000,0.032439,-0.257586,-0.304943,-0.121533,-0.269194,-0.303214,-0.044547,-0.263390,-0.304078,-0.012176,-0.271236,-0.287365,-0.033801,-0.306174,-0.238329,-0.066925,-0.312305,-0.282064
2026-05-27 14:51:36.275,144.299892,0.000000,0.000000,0.000000,0.031944,-0.259670,-0.304706,-0.121661,-0.267071,-0.303454,-0.044859,-0.263371,-0.304080,-0.012186,-0.271180,-0.287917,-0.033801,-0.306174,-0.238329,-0.067033,-0.314406,-0.281900
2026-05-27 14:51:36.375,144.399892,0.000000,0.000000,0.000000,0.032934,-0.255502,-0.305180,-0.121533,-0.269194,-0.303214,-0.044300,-0.262348,-0.304197,-0.012176,-0.271236,-0.287365,-0.033676,-0.305138,-0.238312,-0.066925,-0.312305,-0.282064
2026-05-27 14:51:36.475,144.499892,0.000000,0.000000,0.000000,0.032439,-0.257586,-0.304943,-0.121661,-0.267071,-0.303454,-0.044611,-0.262329,-0.304198,-0.012176,-0.271236,-0.287365,-0.033550,-0.304101,-0.238296,-0.066925,-0.312305,-0.282064
2026-05-27 14:51:36.575,144.599892,0.000000,0.000000,0.000000,0.033429,-0.253418,-0.305418,-0.121661,-0.267071,-0.303454,-0.044116,-0.260244,-0.304436,-0.012186,-0.271180,-0.287917,-0.033550,-0.304101,-0.238296,-0.066925,-0.312305,-0.282064
2026-05-27 14:51:36.675,144.699892,0.000000,0.000000,0.000000,0.032934,-0.255502,-0.305180,-0.121533,-0.269194,-0.303214,-0.044300,-0.262348,-0.304197,-0.012186,-0.271180,-0.287917,-0.033550,-0.304101,-0.238296,-0.066925,-0.312305,-0.282064
2026-05-27 14:51:36.775,144.799892,0.000000,0.000000,0.000000,0.032934,-0.255502,-0.305180,-0.121533,-0.269194,-0.303214,-0.044300,-0.262348,-0.304197,-0.012176,-0.271236,-0.287365,-0.034053,-0.308246,-0.238362,-0.066925,-0.312305,-0.282064
2026-05-27 14:51:36.875,144.899892,0.000000,0.000000,0.000000,0.032934,-0.255502,-0.305180,-0.121533,-0.269194,-0.303214,-0.044300,-0.262348,-0.304197,-0.012186,-0.271180,-0.287917,-0.033298,-0.302029,-0.238263,-0.067033,-0.314406,-0.281900
2026-05-27 14:51:36.975,144.999892,0.000000,0.000000,0.000000,0.032439,-0.257586,-0.304943,-0.121533,-0.269194,-0.303214,-0.044547,-0.263390,-0.304078,-0.012176,-0.271236,-0.287365,-0.033550,-0.304101,-0.238296,-0.066925,-0.312305,-0.282064
2026-05-27 14:51:37.075,145.099891,0.000000,0.000000,0.000000,0.031944,-0.259670,-0.304706,-0.121661,-0.267071,-0.303454,-0.044859,-0.263371,-0.304080,-0.012186,-0.271180,-0.287917,-0.033801,-0.306174,-0.238329,-0.066925,-0.312305,-0.282064
2026-05-27 14:51:37.175,145.199891,0.000000,0.000000,0.000000,0.032934,-0.255502,-0.305180,-0.121533,-0.269194,-0.303214,-0.044300,-0.262348,-0.304197,-0.012176,-0.271236,-0.287365,-0.033550,-0.304101,-0.238296,-0.066925,-0.312305,-0.282064
2026-05-27 14:51:37.275,145.299891,0.000000,0.000000,0.000000,0.032934,-0.255502,-0.305180,-0.121661,-0.267071,-0.303454,-0.044364,-0.261286,-0.304317,-0.012186,-0.271180,-0.287917,-0.033550,-0.304101,-0.238296,-0.067033,-0.314406,-0.281900
2026-05-27 14:51:37.375,145.399891,0.000000,0.000000,0.000000,0.033429,-0.253418,-0.305418,-0.121661,-0.267071,-0.303454,-0.044116,-0.260244,-0.304436,-0.012501,-0.273324,-0.287194,-0.033801,-0.306174,-0.238329,-0.066925,-0.312305,-0.282064
2026-05-27 14:51:37.475,145.499891,0.000000,0.000000,0.000000,0.032439,-0.257586,-0.304943,-0.121406,-0.271316,-0.302974,-0.044483,-0.264451,-0.303958,-0.012186,-0.271180,-0.287917,-0.033801,-0.306174,-0.238329,-0.066925,-0.312305,-0.282064
2026-05-27 14:51:37.575,145.599891,0.000000,0.000000,0.000000,0.032934,-0.255502,-0.305180,-0.121533,-0.269194,-0.303214,-0.044300,-0.262348,-0.304197,-0.012176,-0.271236,-0.287365,-0.033540,-0.304154,-0.237777,-0.066925,-0.312305,-0.282064
2026-05-27 14:51:37.675,145.699891,0.000000,0.000000,0.000000,0.032934,-0.255502,-0.305180,-0.121661,-0.267071,-0.303454,-0.044364,-0.261286,-0.304317,-0.012176,-0.271236,-0.287365,-0.033264,-0.306309,-0.237307,-0.067033,-0.314406,-0.281900
2026-05-27 14:51:37.775,145.799891,0.000000,0.000000,0.000000,0.032439,-0.257586,-0.304943,-0.121533,-0.269194,-0.303214,-0.044547,-0.263390,-0.304078,-0.012186,-0.271180,-0.287917,-0.033000,-0.304290,-0.236751,-0.067033,-0.314406,-0.281900
2026-05-27 14:51:37.875,145.899891,0.000000,0.000000,0.000000,0.033429,-0.253418,-0.305418,-0.121661,-0.267071,-0.303454,-0.044116,-0.260244,-0.304436,-0.012186,-0.271180,-0.287917,-0.033772,-0.306331,-0.236777,-0.067033,-0.314406,-0.281900
2026-05-27 14:51:37.975,145.999891,0.000000,0.000000,0.000000,0.032439,-0.257586,-0.304943,-0.121661,-0.267071,-0.303454,-0.044611,-0.262329,-0.304198,-0.012176,-0.271236,-0.287365,-0.033781,-0.302210,-0.236163,-0.067024,-0.314456,-0.281399
2026-05-27 14:51:38.075,146.099890,0.000000,0.000000,0.000000,0.032934,-0.255502,-0.305180,-0.121533,-0.269194,-0.303214,-0.044300,-0.262348,-0.304197,-0.012186,-0.271180,-0.287917,-0.034031,-0.304281,-0.236205,-0.066915,-0.312356,-0.281561
2026-05-27 14:51:38.175,146.199890,0.000000,0.000000,0.000000,0.032439,-0.257586,-0.304943,-0.121533,-0.269194,-0.303214,-0.044547,-0.263390,-0.304078,-0.012176,-0.271236,-0.287365,-0.034542,-0.304303,-0.235673,-0.066915,-0.312356,-0.281561
2026-05-27 14:51:38.275,146.299890,0.000000,0.000000,0.000000,0.032934,-0.255502,-0.305180,-0.121406,-0.271316,-0.302974,-0.044236,-0.263409,-0.304077,-0.012176,-0.271236,-0.287365,-0.035062,-0.304272,-0.235660,-0.067024,-0.314456,-0.281399
2026-05-27 14:51:38.375,146.399890,0.000000,0.000000,0.000000,0.032934,-0.255502,-0.305180,-0.121533,-0.269194,-0.303214,-0.044300,-0.262348,-0.304197,-0.012338,-0.272280,-0.287280,-0.034817,-0.302201,-0.235616,-0.067024,-0.314456,-0.281399
2026-05-27 14:51:38.475,146.499890,0.000000,0.000000,0.000000,0.032439,-0.257586,-0.304943,-0.121661,-0.267071,-0.303454,-0.044611,-0.262329,-0.304198,-0.012176,-0.271236,-0.287365,-0.034789,-0.306374,-0.235717,-0.067024,-0.314456,-0.281399
2026-05-27 14:51:38.575,146.599890,0.000000,0.000000,0.000000,0.032439,-0.257586,-0.304943,-0.121533,-0.269194,-0.303214,-0.044547,-0.263390,-0.304078,-0.012186,-0.271180,-0.287917,-0.034817,-0.302201,-0.235616,-0.067024,-0.314456,-0.281399
2026-05-27 14:51:38.675,146.699890,0.000000,0.000000,0.000000,0.032934,-0.255502,-0.305180,-0.121533,-0.269194,-0.303214,-0.044300,-0.262348,-0.304197,-0.012176,-0.271236,-0.287365,-0.034542,-0.304303,-0.235673,-0.067024,-0.314456,-0.281399
2026-05-27 14:51:38.775,146.799890,0.000000,0.000000,0.000000,0.032934,-0.255502,-0.305180,-0.121789,-0.264948,-0.303694,-0.044428,-0.260225,-0.304437,-0.012176,-0.271236,-0.287365,-0.034789,-0.306374,-0.235717,-0.067024,-0.314456,-0.281399
2026-05-27 14:51:38.875,146.899890,0.000000,0.000000,0.000000,0.032934,-0.255502,-0.305180,-0.121406,-0.271316,-0.302974,-0.044236,-0.263409,-0.304077,-0.012176,-0.271236,-0.287365,-0.034789,-0.306374,-0.235717,-0.067024,-0.314456,-0.281399
2026-05-27 14:51:38.975,146.999890,0.000000,0.000000,0.000000,0.032439,-0.257586,-0.304943,-0.121406,-0.271316,-0.302974,-0.044483,-0.264451,-0.303958,-0.012176,-0.271236,-0.287365,-0.034817,-0.302201,-0.235616,-0.067024,-0.314456,-0.281399
2026-05-27 14:51:39.075,147.099890,0.000000,0.000000,0.000000,0.032439,-0.257586,-0.304943,-0.121661,-0.267071,-0.303454,-0.044611,-0.262329,-0.304198,-0.012176,-0.271236,-0.287365,-0.034789,-0.306374,-0.235717,-0.067024,-0.314456,-0.281399
2026-05-27 14:51:39.175,147.199889,0.000000,0.000000,0.000000,0.031944,-0.259670,-0.304706,-0.121661,-0.267071,-0.303454,-0.044859,-0.263371,-0.304080,-0.012176,-0.271236,-0.287365,-0.034542,-0.304303,-0.235673,-0.066915,-0.312356,-0.281561
2026-05-27 14:51:39.275,147.299889,0.000000,0.000000,0.000000,0.032439,-0.257586,-0.304943,-0.121533,-0.269194,-0.303214,-0.044547,-0.263390,-0.304078,-0.012176,-0.271236,-0.287365,-0.034665,-0.305338,-0.235695,-0.067024,-0.314456,-0.281399
2026-05-27 14:51:39.375,147.399889,0.000000,0.000000,0.000000,0.032934,-0.255502,-0.305180,-0.121789,-0.264948,-0.303694,-0.044428,-0.260225,-0.304437,-0.012176,-0.271236,-0.287365,-0.034789,-0.306374,-0.235717,-0.067024,-0.314456,-0.281399
2026-05-27 14:51:39.475,147.499889,0.000000,0.000000,0.000000,0.032439,-0.257586,-0.304943,-0.121533,-0.269194,-0.303214,-0.044547,-0.263390,-0.304078,-0.012501,-0.273324,-0.287194,-0.034789,-0.306374,-0.235717,-0.067024,-0.314456,-0.281399
2026-05-27 14:51:39.575,147.599889,0.000000,0.000000,0.000000,0.033429,-0.253418,-0.305418,-0.121533,-0.269194,-0.303214,-0.044052,-0.261306,-0.304316,-0.012176,-0.271236,-0.287365,-0.034418,-0.303267,-0.235651,-0.067024,-0.314456,-0.281399
2026-05-27 14:51:39.675,147.699889,0.000000,0.000000,0.000000,0.032934,-0.255502,-0.305180,-0.121661,-0.267071,-0.303454,-0.044364,-0.261286,-0.304317,-0.012176,-0.271236,-0.287365,-0.034789,-0.306374,-0.235717,-0.067024,-0.314456,-0.281399
2026-05-27 14:51:39.775,147.799889,0.000000,0.000000,0.000000,0.032934,-0.255502,-0.305180,-0.121661,-0.267071,-0.303454,-0.044364,-0.261286,-0.304317,-0.012176,-0.271236,-0.287365,-0.034542,-0.304303,-0.235673,-0.067024,-0.314456,-0.281399
2026-05-27 14:51:39.875,147.899889,0.000000,0.000000,0.000000,0.033429,-0.253418,-0.305418,-0.121533,-0.269194,-0.303214,-0.044052,-0.261306,-0.304316,-0.012176,-0.271236,-0.287365,-0.034789,-0.306374,-0.235717,-0.067024,-0.314456,-0.281399
2026-05-27 14:51:39.975,147.999889,0.000000,0.000000,0.000000,0.032439,-0.257586,-0.304943,-0.121533,-0.269194,-0.303214,-0.044547,-0.263390,-0.304078,-0.012176,-0.271236,-0.287365,-0.034789,-0.306374,-0.235717,-0.067024,-0.314456,-0.281399
2026-05-27 14:51:40.075,148.099889,0.000000,0.000000,0.000000,0.032934,-0.255502,-0.305180,-0.121533,-0.269194,-0.303214,-0.044300,-0.262348,-0.304197,-0.012176,-0.271236,-0.287365,-0.034542,-0.304303,-0.235673,-0.067024,-0.314456,-0.281399
2026-05-27 14:51:40.175,148.199888,0.000000,0.000000,0.000000,0.032934,-0.255502,-0.305180,-0.121661,-0.267071,-0.303454,-0.044364,-0.261286,-0.304317,-0.012176,-0.271236,-0.287365,-0.034789,-0.306374,-0.235717,-0.067024,-0.314456,-0.281399
2026-05-27 14:51:40.275,148.299888,0.000000,0.000000,0.000000,0.032934,-0.255502,-0.305180,-0.121661,-0.267071,-0.303454,-0.044364,-0.261286,-0.304317,-0.012176,-0.271236,-0.287365,-0.034542,-0.304303,-0.235673,-0.066915,-0.312356,-0.281561
2026-05-27 14:51:40.375,148.399888,0.000000,0.000000,0.000000,0.032439,-0.257586,-0.304943,-0.121533,-0.269194,-0.303214,-0.044547,-0.263390,-0.304078,-0.012176,-0.271236,-0.287365,-0.034789,-0.306374,-0.235717,-0.067024,-0.314456,-0.281399
2026-05-27 14:51:40.475,148.499888,0.000000,0.000000,0.000000,0.032439,-0.257586,-0.304943,-0.121661,-0.267071,-0.303454,-0.044611,-0.262329,-0.304198,-0.012176,-0.271236,-0.287365,-0.034789,-0.306374,-0.235717,-0.067024,-0.314456,-0.281399
2026-05-27 14:51:40.575,148.599888,0.000000,0.000000,0.000000,0.032439,-0.257586,-0.304943,-0.121661,-0.267071,-0.303454,-0.044611,-0.262329,-0.304198,-0.012186,-0.271180,-0.287917,-0.034542,-0.304303,-0.235673,-0.067024,-0.314456,-0.281399
2026-05-27 14:51:40.675,148.699888,0.000000,0.000000,0.000000,0.032439,-0.257586,-0.304943,-0.121661,-0.267071,-0.303454,-0.044611,-0.262329,-0.304198,-0.012176,-0.271236,-0.287365,-0.034542,-0.304303,-0.235673,-0.067024,-0.314456,-0.281399
2026-05-27 14:51:40.775,148.799888,0.000000,0.000000,0.000000,0.032439,-0.257586,-0.304943,-0.121661,-0.267071,-0.303454,-0.044611,-0.262329,-0.304198,-0.012176,-0.271236,-0.287365,-0.034789,-0.306374,-0.235717,-0.067024,-0.314456,-0.281399
2026-05-27 14:51:40.875,148.899888,0.000000,0.000000,0.000000,0.033429,-0.253418,-0.305418,-0.121661,-0.267071,-0.303454,-0.044116,-0.260244,-0.304436,-0.012176,-0.271236,-0.287365,-0.034789,-0.306374,-0.235717,-0.066915,-0.312356,-0.281561
2026-05-27 14:51:40.975,148.999888,0.000000,0.000000,0.000000,0.032439,-0.257586,-0.304943,-0.121661,-0.267071,-0.303454,-0.044611,-0.262329,-0.304198,-0.012186,-0.271180,-0.287917,-0.035036,-0.308445,-0.235762,-0.067024,-0.314456,-0.281399
2026-05-27 14:51:41.075,149.099888,0.000000,0.000000,0.000000,0.032439,-0.257586,-0.304943,-0.121533,-0.269194,-0.303214,-0.044547,-0.263390,-0.304078,-0.012186,-0.271180,-0.287917,-0.035036,-0.308445,-0.235762,-0.067024,-0.314456,-0.281399
2026-05-27 14:51:41.175,149.199888,0.000000,0.000000,0.000000,0.032439,-0.257586,-0.304943,-0.121533,-0.269194,-0.303214,-0.044547,-0.263390,-0.304078,-0.012176,-0.271236,-0.287365,-0.034789,-0.306374,-0.235717,-0.066915,-0.312356,-0.281561
2026-05-27 14:51:41.275,149.299887,0.000000,0.000000,0.000000,0.033429,-0.253418,-0.305418,-0.121661,-0.267071,-0.303454,-0.044116,-0.260244,-0.304436,-0.012176,-0.271236,-0.287365,-0.034789,-0.306374,-0.235717,-0.066915,-0.312356,-0.281561
2026-05-27 14:51:41.375,149.399887,0.000000,0.000000,0.000000,0.032439,-0.257586,-0.304943,-0.121661,-0.267071,-0.303454,-0.044611,-0.262329,-0.304198,-0.012501,-0.273324,-0.287194,-0.034542,-0.304303,-0.235673,-0.067024,-0.314456,-0.281399
2026-05-27 14:51:41.475,149.499887,0.000000,0.000000,0.000000,0.032439,-0.257586,-0.304943,-0.120988,-0.269226,-0.303227,-0.044275,-0.263406,-0.304085,-0.012176,-0.271236,-0.287365,-0.034542,-0.304303,-0.235673,-0.067024,-0.314456,-0.281399
2026-05-27 14:51:41.575,149.599887,0.000000,0.000000,0.000000,0.032439,-0.257586,-0.304943,-0.121661,-0.267071,-0.303454,-0.044611,-0.262329,-0.304198,-0.012176,-0.271236,-0.287365,-0.034542,-0.304303,-0.235673,-0.066915,-0.312356,-0.281561
2026-05-27 14:51:41.675,149.699887,0.000000,0.000000,0.000000,0.032934,-0.255502,-0.305180,-0.121661,-0.267071,-0.303454,-0.044364,-0.261286,-0.304317,-0.012176,-0.271236,-0.287365,-0.034789,-0.306374,-0.235717,-0.067024,-0.314456,-0.281399
2026-05-27 14:51:41.775,149.799887,0.000000,0.000000,0.000000,0.032439,-0.257586,-0.304943,-0.121661,-0.267071,-0.303454,-0.044611,-0.262329,-0.304198,-0.012176,-0.271236,-0.287365,-0.034542,-0.304303,-0.235673,-0.067024,-0.314456,-0.281399
2026-05-27 14:51:41.875,149.899887,0.000000,0.000000,0.000000,0.032439,-0.257586,-0.304943,-0.121661,-0.267071,-0.303454,-0.044611,-0.262329,-0.304198,-0.012176,-0.271236,-0.287365,-0.034542,-0.304303,-0.235673,-0.067024,-0.314456,-0.281399
2026-05-27 14:51:41.975,149.999887,0.000000,0.000000,0.000000,0.032934,-0.255502,-0.305180,-0.121661,-0.267071,-0.303454,-0.044364,-0.261286,-0.304317,-0.012176,-0.271236,-0.287365,-0.034542,-0.304303,-0.235673,-0.067024,-0.314456,-0.281399
2026-05-27 14:51:42.075,150.099887,0.000000,0.000000,0.000000,0.032439,-0.257586,-0.304943,-0.121533,-0.269194,-0.303214,-0.044547,-0.263390,-0.304078,-0.012186,-0.271180,-0.287917,-0.034542,-0.304303,-0.235673,-0.067024,-0.314456,-0.281399
2026-05-27 14:51:42.175,150.199887,0.000000,0.000000,0.000000,0.032934,-0.255502,-0.305180,-0.121661,-0.267071,-0.303454,-0.044364,-0.261286,-0.304317,-0.012176,-0.271236,-0.287365,-0.034542,-0.304303,-0.235673,-0.067024,-0.314456,-0.281399
2026-05-27 14:51:42.275,150.299886,0.000000,0.000000,0.000000,0.032439,-0.257586,-0.304943,-0.121661,-0.267071,-0.303454,-0.044611,-0.262329,-0.304198,-0.012176,-0.271236,-0.287365,-0.034789,-0.306374,-0.235717,-0.066915,-0.312356,-0.281561
2026-05-27 14:51:42.375,150.399886,0.000000,0.000000,0.000000,0.032439,-0.257586,-0.304943,-0.121533,-0.269194,-0.303214,-0.044547,-0.263390,-0.304078,-0.012186,-0.271180,-0.287917,-0.034542,-0.304303,-0.235673,-0.067024,-0.314456,-0.281399
2026-05-27 14:51:42.475,150.499886,0.000000,0.000000,0.000000,0.032439,-0.257586,-0.304943,-0.121661,-0.267071,-0.303454,-0.044611,-0.262329,-0.304198,-0.012176,-0.271236,-0.287365,-0.034542,-0.304303,-0.235673,-0.067024,-0.314456,-0.281399
2026-05-27 14:51:42.575,150.599886,0.000000,0.000000,0.000000,0.032439,-0.257586,-0.304943,-0.121661,-0.267071,-0.303454,-0.044611,-0.262329,-0.304198,-0.012186,-0.271180,-0.287917,-0.034789,-0.306374,-0.235717,-0.067024,-0.314456,-0.281399
2026-05-27 14:51:42.675,150.699886,0.000000,0.000000,0.000000,0.032439,-0.257586,-0.304943,-0.121533,-0.269194,-0.303214,-0.044547,-0.263390,-0.304078,-0.012176,-0.271236,-0.287365,-0.034542,-0.304303,-0.235673,-0.067024,-0.314456,-0.281399
2026-05-27 14:51:42.775,150.799886,0.000000,0.000000,0.000000,0.032934,-0.255502,-0.305180,-0.121661,-0.267071,-0.303454,-0.044364,-0.261286,-0.304317,-0.012176,-0.271236,-0.287365,-0.034789,-0.306374,-0.235717,-0.066915,-0.312356,-0.281561
2026-05-27 14:51:42.875,150.899886,0.000000,0.000000,0.000000,0.032439,-0.257586,-0.304943,-0.121533,-0.269194,-0.303214,-0.044547,-0.263390,-0.304078,-0.012176,-0.271236,-0.287365,-0.034294,-0.302232,-0.235629,-0.067024,-0.314456,-0.281399
2026-05-27 14:51:42.975,150.999886,0.000000,0.000000,0.000000,0.032439,-0.257586,-0.304943,-0.121533,-0.269194,-0.303214,-0.044547,-0.263390,-0.304078,-0.012176,-0.271236,-0.287365,-0.034789,-0.306374,-0.235717,-0.067024,-0.314456,-0.281399
2026-05-27 14:51:43.075,151.099886,0.000000,0.000000,0.000000,0.032934,-0.255502,-0.305180,-0.121661,-0.267071,-0.303454,-0.044364,-0.261286,-0.304317,-0.012176,-0.271236,-0.287365,-0.034542,-0.304303,-0.235673,-0.067024,-0.314456,-0.281399
2026-05-27 14:51:43.175,151.199886,0.000000,0.000000,0.000000,0.033429,-0.253418,-0.305418,-0.121661,-0.267071,-0.303454,-0.044116,-0.260244,-0.304436,-0.012186,-0.271180,-0.287917,-0.034542,-0.304303,-0.235673,-0.066915,-0.312356,-0.281561
2026-05-27 14:51:43.275,151.299886,0.000000,0.000000,0.000000,0.032439,-0.257586,-0.304943,-0.121661,-0.267071,-0.303454,-0.044611,-0.262329,-0.304198,-0.012176,-0.271236,-0.287365,-0.034789,-0.306374,-0.235717,-0.067024,-0.314456,-0.281399
2026-05-27 14:51:43.375,151.399885,0.000000,0.000000,0.000000,0.032934,-0.255502,-0.305180,-0.121661,-0.267071,-0.303454,-0.044364,-0.261286,-0.304317,-0.012176,-0.271236,-0.287365,-0.034542,-0.304303,-0.235673,-0.067024,-0.314456,-0.281399
2026-05-27 14:51:43.475,151.499885,0.000000,0.000000,0.000000,0.032934,-0.255502,-0.305180,-0.121533,-0.269194,-0.303214,-0.044300,-0.262348,-0.304197,-0.012176,-0.271236,-0.287365,-0.034789,-0.306374,-0.235717,-0.067024,-0.314456,-0.281399
2026-05-27 14:51:43.575,151.599885,0.000000,0.000000,0.000000,0.032934,-0.255502,-0.305180,-0.121533,-0.269194,-0.303214,-0.044300,-0.262348,-0.304197,-0.012176,-0.271236,-0.287365,-0.034665,-0.305338,-0.235695,-0.067024,-0.314456,-0.281399
2026-05-27 14:51:43.675,151.699885,0.000000,0.000000,0.000000,0.031944,-0.259670,-0.304706,-0.121533,-0.269194,-0.303214,-0.044795,-0.264432,-0.303960,-0.012176,-0.271236,-0.287365,-0.035863,-0.302139,-0.235590,-0.066915,-0.312356,-0.281561
2026-05-27 14:51:43.775,151.799885,0.000000,0.000000,0.000000,0.032439,-0.257586,-0.304943,-0.121533,-0.269194,-0.303214,-0.044547,-0.263390,-0.304078,-0.012176,-0.271236,-0.287365,-0.037144,-0.304149,-0.235608,-0.066915,-0.312356,-0.281561
2026-05-27 14:51:43.875,151.899885,0.000000,0.000000,0.000000,0.032439,-0.257586,-0.304943,-0.121533,-0.269194,-0.303214,-0.044547,-0.263390,-0.304078,-0.012176,-0.271236,-0.287365,-0.037144,-0.304149,-0.235608,-0.067024,-0.314456,-0.281399
2026-05-27 14:51:43.975,151.999885,0.000000,0.000000,0.000000,0.032439,-0.257586,-0.304943,-0.121661,-0.267071,-0.303454,-0.044611,-0.262329,-0.304198,-0.012728,-0.271203,-0.287352,-0.037888,-0.306243,-0.235123,-0.066807,-0.310256,-0.281722
2026-05-27 14:51:44.075,152.099885,0.000000,0.000000,0.000000,0.032934,-0.255502,-0.305180,-0.121533,-0.269194,-0.303214,-0.044300,-0.262348,-0.304197,-0.012728,-0.271203,-0.287352,-0.038396,-0.306265,-0.234593,-0.066915,-0.312356,-0.281561
2026-05-27 14:51:44.175,152.199885,0.000000,0.000000,0.000000,0.032439,-0.257586,-0.304943,-0.121533,-0.269194,-0.303214,-0.044547,-0.263390,-0.304078,-0.012728,-0.271203,-0.287352,-0.039134,-0.308358,-0.234114,-0.066411,-0.312386,-0.281573
2026-05-27 14:51:44.275,152.299885,0.000000,0.000000,0.000000,0.033429,-0.253418,-0.305418,-0.121533,-0.269194,-0.303214,-0.044052,-0.261306,-0.304316,-0.013051,-0.273291,-0.287180,-0.039650,-0.308327,-0.234102,-0.066522,-0.314486,-0.281411
2026-05-27 14:51:44.375,152.399884,0.000000,0.000000,0.000000,0.032439,-0.257586,-0.304943,-0.121533,-0.269194,-0.303214,-0.044547,-0.263390,-0.304078,-0.012728,-0.271203,-0.287352,-0.039482,-0.302134,-0.233412,-0.066915,-0.312356,-0.281561
2026-05-27 14:51:44.475,152.499884,0.000000,0.000000,0.000000,0.032934,-0.255502,-0.305180,-0.121533,-0.269194,-0.303214,-0.044300,-0.262348,-0.304197,-0.012728,-0.271203,-0.287352,-0.040958,-0.306269,-0.232977,-0.066915,-0.312356,-0.281561
2026-05-27 14:51:44.575,152.599884,0.000000,0.000000,0.000000,0.032934,-0.255502,-0.305180,-0.121661,-0.267071,-0.303454,-0.044364,-0.261286,-0.304317,-0.012728,-0.271203,-0.287352,-0.041694,-0.308310,-0.233020,-0.066915,-0.312356,-0.281561
2026-05-27 14:51:44.675,152.699884,0.000000,0.000000,0.000000,0.032934,-0.255502,-0.305180,-0.121533,-0.269194,-0.303214,-0.044300,-0.262348,-0.304197,-0.012728,-0.271203,-0.287352,-0.042076,-0.302085,-0.232303,-0.066915,-0.312356,-0.281561
2026-05-27 14:51:44.775,152.799884,0.000000,0.000000,0.000000,0.032439,-0.257586,-0.304943,-0.121533,-0.269194,-0.303214,-0.044547,-0.263390,-0.304078,-0.012728,-0.271203,-0.287352,-0.042066,-0.302138,-0.231781,-0.066915,-0.312356,-0.281561
2026-05-27 14:51:44.875,152.899884,0.000000,0.000000,0.000000,0.032934,-0.255502,-0.305180,-0.121533,-0.269194,-0.303214,-0.044300,-0.262348,-0.304197,-0.012728,-0.271203,-0.287352,-0.043321,-0.304148,-0.231817,-0.066851,-0.311357,-0.281137
2026-05-27 14:51:44.975,152.999884,0.000000,0.000000,0.000000,0.032439,-0.257586,-0.304943,-0.121661,-0.267071,-0.303454,-0.044611,-0.262329,-0.304198,-0.012728,-0.271203,-0.287352,-0.042800,-0.304179,-0.231830,-0.066906,-0.312407,-0.281057
2026-05-27 14:51:45.075,153.099884,0.000000,0.000000,0.000000,0.032934,-0.255502,-0.305180,-0.121533,-0.269194,-0.303214,-0.044300,-0.262348,-0.304197,-0.012728,-0.271203,-0.287352,-0.042800,-0.304179,-0.231830,-0.066797,-0.310307,-0.281216
2026-05-27 14:51:45.175,153.199884,0.000000,0.000000,0.000000,0.032934,-0.255502,-0.305180,-0.121661,-0.267071,-0.303454,-0.044364,-0.261286,-0.304317,-0.012728,-0.271203,-0.287352,-0.042800,-0.304179,-0.231830,-0.066851,-0.311357,-0.281137
2026-05-27 14:51:45.275,153.299884,0.000000,0.000000,0.000000,0.032439,-0.257586,-0.304943,-0.121661,-0.267071,-0.303454,-0.044611,-0.262329,-0.304198,-0.012728,-0.271203,-0.287352,-0.042800,-0.304179,-0.231830,-0.066688,-0.308207,-0.281376
2026-05-27 14:51:45.375,153.399884,0.000000,0.000000,0.000000,0.032934,-0.255502,-0.305180,-0.121113,-0.267103,-0.303468,-0.044090,-0.261303,-0.304324,-0.012728,-0.271203,-0.287352,-0.042800,-0.304179,-0.231830,-0.066797,-0.310307,-0.281216
2026-05-27 14:51:45.475,153.499883,0.000000,0.000000,0.000000,0.032934,-0.255502,-0.305180,-0.121533,-0.269194,-0.303214,-0.044300,-0.262348,-0.304197,-0.012728,-0.271203,-0.287352,-0.042589,-0.302107,-0.231768,-0.066797,-0.310307,-0.281216
2026-05-27 14:51:45.575,153.599883,0.000000,0.000000,0.000000,0.032439,-0.257586,-0.304943,-0.121533,-0.269194,-0.303214,-0.044547,-0.263390,-0.304078,-0.012728,-0.271203,-0.287352,-0.042800,-0.304179,-0.231830,-0.066797,-0.310307,-0.281216
2026-05-27 14:51:45.675,153.699883,0.000000,0.000000,0.000000,0.032934,-0.255502,-0.305180,-0.121533,-0.269194,-0.303214,-0.044300,-0.262348,-0.304197,-0.013051,-0.273291,-0.287180,-0.042800,-0.304179,-0.231830,-0.066797,-0.310307,-0.281216
2026-05-27 14:51:45.775,153.799883,0.000000,0.000000,0.000000,0.033429,-0.253418,-0.305418,-0.121533,-0.269194,-0.303214,-0.044052,-0.261306,-0.304316,-0.012728,-0.271203,-0.287352,-0.042589,-0.302107,-0.231768,-0.066797,-0.310307,-0.281216
2026-05-27 14:51:45.875,153.899883,0.000000,0.000000,0.000000,0.032934,-0.255502,-0.305180,-0.121533,-0.269194,-0.303214,-0.044300,-0.262348,-0.304197,-0.012728,-0.271203,-0.287352,-0.042800,-0.304179,-0.231830,-0.066906,-0.312407,-0.281057
2026-05-27 14:51:45.975,153.999883,0.000000,0.000000,0.000000,0.032934,-0.255502,-0.305180,-0.121661,-0.267071,-0.303454,-0.044364,-0.261286,-0.304317,-0.012728,-0.271203,-0.287352,-0.042800,-0.304179,-0.231830,-0.066906,-0.312407,-0.281057
2026-05-27 14:51:46.075,154.099883,0.000000,0.000000,0.000000,0.032934,-0.255502,-0.305180,-0.121661,-0.267071,-0.303454,-0.044364,-0.261286,-0.304317,-0.012728,-0.271203,-0.287352,-0.042589,-0.302107,-0.231768,-0.066688,-0.308207,-0.281376
2026-05-27 14:51:46.175,154.199883,0.000000,0.000000,0.000000,0.032934,-0.255502,-0.305180,-0.121406,-0.271316,-0.302974,-0.044236,-0.263409,-0.304077,-0.012728,-0.271203,-0.287352,-0.043011,-0.306251,-0.231891,-0.066797,-0.310307,-0.281216
2026-05-27 14:51:46.275,154.299883,0.000000,0.000000,0.000000,0.032439,-0.257586,-0.304943,-0.121661,-0.267071,-0.303454,-0.044611,-0.262329,-0.304198,-0.012728,-0.271203,-0.287352,-0.042800,-0.304179,-0.231830,-0.066906,-0.312407,-0.281057
2026-05-27 14:51:46.375,154.399883,0.000000,0.000000,0.000000,0.032934,-0.255502,-0.305180,-0.120988,-0.269226,-0.303227,-0.044027,-0.262364,-0.304204,-0.012728,-0.271203,-0.287352,-0.042589,-0.302107,-0.231768,-0.066688,-0.308207,-0.281376
2026-05-27 14:51:46.475,154.499882,0.000000,0.000000,0.000000,0.032934,-0.255502,-0.305180,-0.121533,-0.269194,-0.303214,-0.044300,-0.262348,-0.304197,-0.012728,-0.271203,-0.287352,-0.042589,-0.302107,-0.231768,-0.066797,-0.310307,-0.281216
2026-05-27 14:51:46.575,154.599882,0.000000,0.000000,0.000000,0.032934,-0.255502,-0.305180,-0.121661,-0.267071,-0.303454,-0.044364,-0.261286,-0.304317,-0.012728,-0.271203,-0.287352,-0.042800,-0.304179,-0.231830,-0.066797,-0.310307,-0.281216
2026-05-27 14:51:46.675,154.699882,0.000000,0.000000,0.000000,0.033429,-0.253418,-0.305418,-0.121533,-0.269194,-0.303214,-0.044052,-0.261306,-0.304316,-0.012728,-0.271203,-0.287352,-0.042800,-0.304179,-0.231830,-0.066906,-0.312407,-0.281057
2026-05-27 14:51:46.775,154.799882,0.000000,0.000000,0.000000,0.032439,-0.257586,-0.304943,-0.121533,-0.269194,-0.303214,-0.044547,-0.263390,-0.304078,-0.012728,-0.271203,-0.287352,-0.042695,-0.303143,-0.231799,-0.066906,-0.312407,-0.281057
2026-05-27 14:51:46.875,154.899882,0.000000,0.000000,0.000000,0.032934,-0.255502,-0.305180,-0.121533,-0.269194,-0.303214,-0.044300,-0.262348,-0.304197,-0.012728,-0.271203,-0.287352,-0.041853,-0.300067,-0.231720,-0.066797,-0.310307,-0.281216
2026-05-27 14:51:46.975,154.999882,0.000000,0.000000,0.000000,0.032439,-0.257586,-0.304943,-0.120988,-0.269226,-0.303227,-0.044275,-0.263406,-0.304085,-0.012728,-0.271203,-0.287352,-0.042280,-0.304210,-0.231843,-0.066906,-0.312407,-0.281057
2026-05-27 14:51:47.075,155.099882,0.000000,0.000000,0.000000,0.032439,-0.257586,-0.304943,-0.121533,-0.269194,-0.303214,-0.044547,-0.263390,-0.304078,-0.012728,-0.271203,-0.287352,-0.042493,-0.306282,-0.231904,-0.066906,-0.312407,-0.281057
2026-05-27 14:51:47.175,155.199882,0.000000,0.000000,0.000000,0.032439,-0.257586,-0.304943,-0.121661,-0.267071,-0.303454,-0.044611,-0.262329,-0.304198,-0.012728,-0.271203,-0.287352,-0.042280,-0.304210,-0.231843,-0.066797,-0.310307,-0.281216
2026-05-27 14:51:47.275,155.299882,0.000000,0.000000,0.000000,0.032439,-0.257586,-0.304943,-0.121661,-0.267071,-0.303454,-0.044611,-0.262329,-0.304198,-0.012728,-0.271203,-0.287352,-0.042066,-0.302138,-0.231781,-0.066797,-0.310307,-0.281216
2026-05-27 14:51:47.375,155.399882,0.000000,0.000000,0.000000,0.032439,-0.257586,-0.304943,-0.121533,-0.269194,-0.303214,-0.044547,-0.263390,-0.304078,-0.012728,-0.271203,-0.287352,-0.042066,-0.302138,-0.231781,-0.066906,-0.312407,-0.281057
2026-05-27 14:51:47.475,155.499882,0.000000,0.000000,0.000000,0.032934,-0.255502,-0.305180,-0.121533,-0.269194,-0.303214,-0.044300,-0.262348,-0.304197,-0.012728,-0.271203,-0.287352,-0.042066,-0.302138,-0.231781,-0.066797,-0.310307,-0.281216
2026-05-27 14:51:47.575,155.599881,0.000000,0.000000,0.000000,0.032934,-0.255502,-0.305180,-0.121544,-0.269138,-0.303758,-0.044305,-0.262320,-0.304469,-0.012728,-0.271203,-0.287352,-0.042280,-0.304210,-0.231843,-0.066906,-0.312407,-0.281057
2026-05-27 14:51:47.675,155.699881,0.000000,0.000000,0.000000,0.032439,-0.257586,-0.304943,-0.121533,-0.269194,-0.303214,-0.044547,-0.263390,-0.304078,-0.012728,-0.271203,-0.287352,-0.042280,-0.304210,-0.231843,-0.066851,-0.311357,-0.281137
2026-05-27 14:51:47.775,155.799881,0.000000,0.000000,0.000000,0.032439,-0.257586,-0.304943,-0.121533,-0.269194,-0.303214,-0.044547,-0.263390,-0.304078,-0.012728,-0.271203,-0.287352,-0.042493,-0.306282,-0.231904,-0.066688,-0.308207,-0.281376
2026-05-27 14:51:47.875,155.899881,0.000000,0.000000,0.000000,0.032934,-0.255502,-0.305180,-0.121533,-0.269194,-0.303214,-0.044300,-0.262348,-0.304197,-0.012728,-0.271203,-0.287352,-0.042066,-0.302138,-0.231781,-0.066797,-0.310307,-0.281216
2026-05-27 14:51:47.975,155.999881,0.000000,0.000000,0.000000,0.032934,-0.255502,-0.305180,-0.121533,-0.269194,-0.303214,-0.044300,-0.262348,-0.304197,-0.012728,-0.271203,-0.287352,-0.042066,-0.302138,-0.231781,-0.066906,-0.312407,-0.281057
2026-05-27 14:51:48.075,156.099881,0.000000,0.000000,0.000000,0.032934,-0.255502,-0.305180,-0.121533,-0.269194,-0.303214,-0.044300,-0.262348,-0.304197,-0.012728,-0.271203,-0.287352,-0.042280,-0.304210,-0.231843,-0.066797,-0.310307,-0.281216
2026-05-27 14:51:48.175,156.199881,0.000000,0.000000,0.000000,0.032439,-0.257586,-0.304943,-0.121533,-0.269194,-0.303214,-0.044547,-0.263390,-0.304078,-0.012728,-0.271203,-0.287352,-0.042280,-0.304210,-0.231843,-0.066797,-0.310307,-0.281216
2026-05-27 14:51:48.275,156.299881,0.000000,0.000000,0.000000,0.032439,-0.257586,-0.304943,-0.121533,-0.269194,-0.303214,-0.044547,-0.263390,-0.304078,-0.012728,-0.271203,-0.287352,-0.042280,-0.304210,-0.231843,-0.066797,-0.310307,-0.281216
2026-05-27 14:51:48.375,156.399881,0.000000,0.000000,0.000000,0.032934,-0.255502,-0.305180,-0.121533,-0.269194,-0.303214,-0.044300,-0.262348,-0.304197,-0.012728,-0.271203,-0.287352,-0.042280,-0.304210,-0.231843,-0.066906,-0.312407,-0.281057
2026-05-27 14:51:48.475,156.499881,0.000000,0.000000,0.000000,0.032439,-0.257586,-0.304943,-0.121533,-0.269194,-0.303214,-0.044547,-0.263390,-0.304078,-0.012728,-0.271203,-0.287352,-0.042493,-0.306282,-0.231904,-0.066797,-0.310307,-0.281216
2026-05-27 14:51:48.575,156.599880,0.000000,0.000000,0.000000,0.032934,-0.255502,-0.305180,-0.121661,-0.267071,-0.303454,-0.044364,-0.261286,-0.304317,-0.012728,-0.271203,-0.287352,-0.041853,-0.300067,-0.231720,-0.066906,-0.312407,-0.281057
2026-05-27 14:51:48.675,156.699880,0.000000,0.000000,0.000000,0.032934,-0.255502,-0.305180,-0.121533,-0.269194,-0.303214,-0.044300,-0.262348,-0.304197,-0.012728,-0.271203,-0.287352,-0.042066,-0.302138,-0.231781,-0.066906,-0.312407,-0.281057
2026-05-27 14:51:48.775,156.799880,0.000000,0.000000,0.000000,0.032439,-0.257586,-0.304943,-0.121661,-0.267071,-0.303454,-0.044611,-0.262329,-0.304198,-0.012728,-0.271203,-0.287352,-0.042066,-0.302138,-0.231781,-0.066906,-0.312407,-0.281057
2026-05-27 14:51:48.875,156.899880,0.000000,0.000000,0.000000,0.032439,-0.257586,-0.304943,-0.121661,-0.267071,-0.303454,-0.044611,-0.262329,-0.304198,-0.012728,-0.271203,-0.287352,-0.042280,-0.304210,-0.231843,-0.066906,-0.312407,-0.281057
2026-05-27 14:51:48.975,156.999880,0.000000,0.000000,0.000000,0.032934,-0.255502,-0.305180,-0.121661,-0.267071,-0.303454,-0.044364,-0.261286,-0.304317,-0.013051,-0.273291,-0.287180,-0.042706,-0.308353,-0.231965,-0.066797,-0.310307,-0.281216
2026-05-27 14:51:49.075,157.099880,0.000000,0.000000,0.000000,0.032934,-0.255502,-0.305180,-0.121661,-0.267071,-0.303454,-0.044364,-0.261286,-0.304317,-0.012728,-0.271203,-0.287352,-0.042280,-0.304210,-0.231843,-0.066797,-0.310307,-0.281216
2026-05-27 14:51:49.175,157.199880,0.000000,0.000000,0.000000,0.032934,-0.255502,-0.305180,-0.121661,-0.267071,-0.303454,-0.044364,-0.261286,-0.304317,-0.012728,-0.271203,-0.287352,-0.041853,-0.300067,-0.231720,-0.066906,-0.312407,-0.281057
2026-05-27 14:51:49.275,157.299880,0.000000,0.000000,0.000000,0.032934,-0.255502,-0.305180,-0.121406,-0.271316,-0.302974,-0.044236,-0.263409,-0.304077,-0.012728,-0.271203,-0.287352,-0.042280,-0.304210,-0.231843,-0.066797,-0.310307,-0.281216
2026-05-27 14:51:49.375,157.399880,0.000000,0.000000,0.000000,0.032439,-0.257586,-0.304943,-0.121661,-0.267071,-0.303454,-0.044611,-0.262329,-0.304198,-0.012728,-0.271203,-0.287352,-0.042066,-0.302138,-0.231781,-0.066797,-0.310307,-0.281216
2026-05-27 14:51:49.475,157.499880,0.000000,0.000000,0.000000,0.032439,-0.257586,-0.304943,-0.121661,-0.267071,-0.303454,-0.044611,-0.262329,-0.304198,-0.012728,-0.271203,-0.287352,-0.042066,-0.302138,-0.231781,-0.066797,-0.310307,-0.281216
2026-05-27 14:51:49.575,157.599880,0.000000,0.000000,0.000000,0.032934,-0.255502,-0.305180,-0.121533,-0.269194,-0.303214,-0.044300,-0.262348,-0.304197,-0.012728,-0.271203,-0.287352,-0.042066,-0.302138,-0.231781,-0.066906,-0.312407,-0.281057
2026-05-27 14:51:49.675,157.699879,0.000000,0.000000,0.000000,0.032934,-0.255502,-0.305180,-0.121789,-0.264948,-0.303694,-0.044428,-0.260225,-0.304437,-0.012728,-0.271203,-0.287352,-0.042589,-0.302107,-0.231768,-0.066906,-0.312407,-0.281057
2026-05-27 14:51:49.775,157.799879,0.000000,0.000000,0.000000,0.032934,-0.255502,-0.305180,-0.121661,-0.267071,-0.303454,-0.044364,-0.261286,-0.304317,-0.012728,-0.271203,-0.287352,-0.044566,-0.306159,-0.231852,-0.066906,-0.312407,-0.281057
2026-05-27 14:51:49.875,157.899879,0.000000,0.000000,0.000000,0.032934,-0.255502,-0.305180,-0.121533,-0.269194,-0.303214,-0.044300,-0.262348,-0.304197,-0.012728,-0.271203,-0.287352,-0.046130,-0.306015,-0.232331,-0.066797,-0.310307,-0.281216
2026-05-27 14:51:49.975,157.999879,0.000000,0.000000,0.000000,0.032934,-0.255502,-0.305180,-0.121661,-0.267071,-0.303454,-0.044364,-0.261286,-0.304317,-0.012728,-0.271203,-0.287352,-0.047875,-0.307996,-0.232351,-0.067410,-0.312377,-0.281044
2026-05-27 14:51:50.075,158.099879,0.000000,0.000000,0.000000,0.032439,-0.257586,-0.304943,-0.121661,-0.267071,-0.303454,-0.044611,-0.262329,-0.304198,-0.013051,-0.273291,-0.287180,-0.049239,-0.305831,-0.232253,-0.067304,-0.310277,-0.281204
2026-05-27 14:51:50.175,158.199879,0.000000,0.000000,0.000000,0.032934,-0.255502,-0.305180,-0.121533,-0.269194,-0.303214,-0.044300,-0.262348,-0.304197,-0.013051,-0.273291,-0.287180,-0.050285,-0.305718,-0.232744,-0.067410,-0.312377,-0.281044
2026-05-27 14:51:50.275,158.299879,0.000000,0.000000,0.000000,0.032439,-0.257586,-0.304943,-0.121661,-0.267071,-0.303454,-0.044611,-0.262329,-0.304198,-0.013051,-0.273291,-0.287180,-0.051343,-0.311858,-0.233414,-0.067197,-0.308177,-0.281363
2026-05-27 14:51:50.375,158.399879,0.000000,0.000000,0.000000,0.031944,-0.259670,-0.304706,-0.121544,-0.269138,-0.303758,-0.044800,-0.264404,-0.304232,-0.013051,-0.273291,-0.287180,-0.051516,-0.307627,-0.233806,-0.067915,-0.312348,-0.281032
2026-05-27 14:51:50.475,158.499879,0.000000,0.000000,0.000000,0.032934,-0.255502,-0.305180,-0.121533,-0.269194,-0.303214,-0.044300,-0.262348,-0.304197,-0.013051,-0.273291,-0.287180,-0.051869,-0.305469,-0.234257,-0.067304,-0.310277,-0.281204
2026-05-27 14:51:50.575,158.599879,0.000000,0.000000,0.000000,0.032934,-0.255502,-0.305180,-0.121533,-0.269194,-0.303214,-0.044300,-0.262348,-0.304197,-0.013051,-0.273291,-0.287180,-0.051697,-0.303394,-0.234206,-0.067811,-0.310247,-0.281191
2026-05-27 14:51:50.675,158.699878,0.000000,0.000000,0.000000,0.032439,-0.257586,-0.304943,-0.121661,-0.267071,-0.303454,-0.044611,-0.262329,-0.304198,-0.013051,-0.273291,-0.287180,-0.051869,-0.305469,-0.234257,-0.067915,-0.312348,-0.281032
2026-05-27 14:51:50.775,158.799878,0.000000,0.000000,0.000000,0.032934,-0.255502,-0.305180,-0.121661,-0.267071,-0.303454,-0.044364,-0.261286,-0.304317,-0.013051,-0.273291,-0.287180,-0.051869,-0.305469,-0.234257,-0.067304,-0.310277,-0.281204
2026-05-27 14:51:50.875,158.899878,0.000000,0.000000,0.000000,0.031944,-0.259670,-0.304706,-0.121533,-0.269194,-0.303214,-0.044795,-0.264432,-0.303960,-0.013051,-0.273291,-0.287180,-0.052213,-0.309620,-0.234359,-0.067915,-0.312348,-0.281032
2026-05-27 14:51:50.975,158.999878,0.000000,0.000000,0.000000,0.032439,-0.257586,-0.304943,-0.121661,-0.267071,-0.303454,-0.044611,-0.262329,-0.304198,-0.013051,-0.273291,-0.287180,-0.052213,-0.309620,-0.234359,-0.067304,-0.310277,-0.281204
2026-05-27 14:51:51.075,159.099878,0.000000,0.000000,0.000000,0.032439,-0.257586,-0.304943,-0.121661,-0.267071,-0.303454,-0.044611,-0.262329,-0.304198,-0.013051,-0.273291,-0.287180,-0.052127,-0.308582,-0.234333,-0.067410,-0.312377,-0.281044
2026-05-27 14:51:51.175,159.199878,0.000000,0.000000,0.000000,0.032439,-0.257586,-0.304943,-0.121113,-0.267103,-0.303468,-0.044337,-0.262345,-0.304205,-0.013051,-0.273291,-0.287180,-0.051700,-0.309650,-0.234371,-0.067420,-0.312326,-0.281548
2026-05-27 14:51:51.275,159.299878,0.000000,0.000000,0.000000,0.032934,-0.255502,-0.305180,-0.121533,-0.269194,-0.303214,-0.044300,-0.262348,-0.304197,-0.013051,-0.273291,-0.287180,-0.051526,-0.307575,-0.234321,-0.067304,-0.310277,-0.281204
2026-05-27 14:51:51.375,159.399878,0.000000,0.000000,0.000000,0.032934,-0.255502,-0.305180,-0.121533,-0.269194,-0.303214,-0.044300,-0.262348,-0.304197,-0.012728,-0.271203,-0.287352,-0.051700,-0.309650,-0.234371,-0.067410,-0.312377,-0.281044
2026-05-27 14:51:51.475,159.499878,0.000000,0.000000,0.000000,0.032934,-0.255502,-0.305180,-0.121406,-0.271316,-0.302974,-0.044236,-0.263409,-0.304077,-0.013051,-0.273291,-0.287180,-0.051690,-0.309702,-0.233859,-0.067304,-0.310277,-0.281204
2026-05-27 14:51:51.575,159.599878,0.000000,0.000000,0.000000,0.032439,-0.257586,-0.304943,-0.121533,-0.269194,-0.303214,-0.044547,-0.263390,-0.304078,-0.013051,-0.273291,-0.287180,-0.051874,-0.311725,-0.234422,-0.067410,-0.312377,-0.281044
2026-05-27 14:51:51.675,159.699878,0.000000,0.000000,0.000000,0.032439,-0.257586,-0.304943,-0.121661,-0.267071,-0.303454,-0.044611,-0.262329,-0.304198,-0.013051,-0.273291,-0.287180,-0.051351,-0.305500,-0.234270,-0.067420,-0.312326,-0.281548
2026-05-27 14:51:51.775,159.799877,0.000000,0.000000,0.000000,0.032439,-0.257586,-0.304943,-0.121533,-0.269194,-0.303214,-0.044547,-0.263390,-0.304078,-0.013051,-0.273291,-0.287180,-0.051526,-0.307575,-0.234321,-0.067304,-0.310277,-0.281204
2026-05-27 14:51:51.875,159.899877,0.000000,0.000000,0.000000,0.032439,-0.257586,-0.304943,-0.121533,-0.269194,-0.303214,-0.044547,-0.263390,-0.304078,-0.013051,-0.273291,-0.287180,-0.051526,-0.307575,-0.234321,-0.067420,-0.312326,-0.281548
2026-05-27 14:51:51.975,159.999877,0.000000,0.000000,0.000000,0.033429,-0.253418,-0.305418,-0.121661,-0.267071,-0.303454,-0.044116,-0.260244,-0.304436,-0.013051,-0.273291,-0.287180,-0.051526,-0.307575,-0.234321,-0.067410,-0.312377,-0.281044
2026-05-27 14:51:52.075,160.099877,0.000000,0.000000,0.000000,0.032934,-0.255502,-0.305180,-0.121661,-0.267071,-0.303454,-0.044364,-0.261286,-0.304317,-0.013051,-0.273291,-0.287180,-0.051526,-0.307575,-0.234321,-0.067420,-0.312326,-0.281548
2026-05-27 14:51:52.175,160.199877,0.000000,0.000000,0.000000,0.032439,-0.257586,-0.304943,-0.121661,-0.267071,-0.303454,-0.044611,-0.262329,-0.304198,-0.013051,-0.273291,-0.287180,-0.051516,-0.307627,-0.233806,-0.067420,-0.312326,-0.281548
2026-05-27 14:51:52.275,160.299877,0.000000,0.000000,0.000000,0.032934,-0.255502,-0.305180,-0.121661,-0.267071,-0.303454,-0.044364,-0.261286,-0.304317,-0.013051,-0.273291,-0.287180,-0.051700,-0.309650,-0.234371,-0.067304,-0.310277,-0.281204
2026-05-27 14:51:52.375,160.399877,0.000000,0.000000,0.000000,0.032439,-0.257586,-0.304943,-0.121533,-0.269194,-0.303214,-0.044547,-0.263390,-0.304078,-0.012728,-0.271203,-0.287352,-0.051351,-0.305500,-0.234270,-0.067420,-0.312326,-0.281548
2026-05-27 14:51:52.475,160.499877,0.000000,0.000000,0.000000,0.032439,-0.257586,-0.304943,-0.121533,-0.269194,-0.303214,-0.044547,-0.263390,-0.304078,-0.013051,-0.273291,-0.287180,-0.051874,-0.311725,-0.234422,-0.067420,-0.312326,-0.281548
2026-05-27 14:51:52.575,160.599877,0.000000,0.000000,0.000000,0.032934,-0.255502,-0.305180,-0.121661,-0.267071,-0.303454,-0.044364,-0.261286,-0.304317,-0.013051,-0.273291,-0.287180,-0.051526,-0.307575,-0.234321,-0.067410,-0.312377,-0.281044
2026-05-27 14:51:52.675,160.699877,0.000000,0.000000,0.000000,0.032439,-0.257586,-0.304943,-0.121661,-0.267071,-0.303454,-0.044611,-0.262329,-0.304198,-0.012728,-0.271203,-0.287352,-0.051700,-0.309650,-0.234371,-0.067304,-0.310277,-0.281204
2026-05-27 14:51:52.775,160.799876,0.000000,0.000000,0.000000,0.032934,-0.255502,-0.305180,-0.121406,-0.271316,-0.302974,-0.044236,-0.263409,-0.304077,-0.012728,-0.271203,-0.287352,-0.051351,-0.305500,-0.234270,-0.067420,-0.312326,-0.281548
2026-05-27 14:51:52.875,160.899876,0.000000,0.000000,0.000000,0.032439,-0.257586,-0.304943,-0.121661,-0.267071,-0.303454,-0.044611,-0.262329,-0.304198,-0.013051,-0.273291,-0.287180,-0.051700,-0.309650,-0.234371,-0.067420,-0.312326,-0.281548
2026-05-27 14:51:52.975,160.999876,0.000000,0.000000,0.000000,0.032934,-0.255502,-0.305180,-0.121661,-0.267071,-0.303454,-0.044364,-0.261286,-0.304317,-0.013061,-0.273236,-0.287729,-0.051351,-0.305500,-0.234270,-0.067304,-0.310277,-0.281204
2026-05-27 14:51:53.075,161.099876,0.000000,0.000000,0.000000,0.032934,-0.255502,-0.305180,-0.121661,-0.267071,-0.303454,-0.044364,-0.261286,-0.304317,-0.013051,-0.273291,-0.287180,-0.051341,-0.305552,-0.233753,-0.067410,-0.312377,-0.281044
2026-05-27 14:51:53.175,161.199876,0.000000,0.000000,0.000000,0.032934,-0.255502,-0.305180,-0.121661,-0.267071,-0.303454,-0.044364,-0.261286,-0.304317,-0.013051,-0.273291,-0.287180,-0.051526,-0.307575,-0.234321,-0.067410,-0.312377,-0.281044
2026-05-27 14:51:53.275,161.299876,0.000000,0.000000,0.000000,0.032934,-0.255502,-0.305180,-0.121661,-0.267071,-0.303454,-0.044364,-0.261286,-0.304317,-0.013051,-0.273291,-0.287180,-0.051700,-0.309650,-0.234371,-0.067410,-0.312377,-0.281044
2026-05-27 14:51:53.375,161.399876,0.000000,0.000000,0.000000,0.032934,-0.255502,-0.305180,-0.121661,-0.267071,-0.303454,-0.044364,-0.261286,-0.304317,-0.013051,-0.273291,-0.287180,-0.051526,-0.307575,-0.234321,-0.067304,-0.310277,-0.281204
2026-05-27 14:51:53.475,161.499876,0.000000,0.000000,0.000000,0.032439,-0.257586,-0.304943,-0.121661,-0.267071,-0.303454,-0.044611,-0.262329,-0.304198,-0.013051,-0.273291,-0.287180,-0.051874,-0.311725,-0.234422,-0.067313,-0.310226,-0.281710
2026-05-27 14:51:53.575,161.599876,0.000000,0.000000,0.000000,0.032934,-0.255502,-0.305180,-0.121789,-0.264948,-0.303694,-0.044428,-0.260225,-0.304437,-0.013051,-0.273291,-0.287180,-0.051186,-0.309680,-0.234384,-0.067304,-0.310277,-0.281204
2026-05-27 14:51:53.675,161.699876,0.000000,0.000000,0.000000,0.032934,-0.255502,-0.305180,-0.121661,-0.267071,-0.303454,-0.044364,-0.261286,-0.304317,-0.012728,-0.271203,-0.287352,-0.050833,-0.305530,-0.234283,-0.067420,-0.312326,-0.281548
2026-05-27 14:51:53.775,161.799875,0.000000,0.000000,0.000000,0.032439,-0.257586,-0.304943,-0.121661,-0.267071,-0.303454,-0.044611,-0.262329,-0.304198,-0.013051,-0.273291,-0.287180,-0.051186,-0.309680,-0.234384,-0.067420,-0.312326,-0.281548
2026-05-27 14:51:53.875,161.899875,0.000000,0.000000,0.000000,0.032439,-0.257586,-0.304943,-0.121661,-0.267071,-0.303454,-0.044611,-0.262329,-0.304198,-0.013051,-0.273291,-0.287180,-0.051186,-0.309680,-0.234384,-0.067420,-0.312326,-0.281548
2026-05-27 14:51:53.975,161.999875,0.000000,0.000000,0.000000,0.032934,-0.255502,-0.305180,-0.121661,-0.267071,-0.303454,-0.044364,-0.261286,-0.304317,-0.013051,-0.273291,-0.287180,-0.051186,-0.309680,-0.234384,-0.067420,-0.312326,-0.281548
2026-05-27 14:51:54.075,162.099875,0.000000,0.000000,0.000000,0.033429,-0.253418,-0.305418,-0.121533,-0.269194,-0.303214,-0.044052,-0.261306,-0.304316,-0.013051,-0.273291,-0.287180,-0.051363,-0.311755,-0.234435,-0.067420,-0.312326,-0.281548
2026-05-27 14:51:54.175,162.199875,0.000000,0.000000,0.000000,0.032934,-0.255502,-0.305180,-0.121661,-0.267071,-0.303454,-0.044364,-0.261286,-0.304317,-0.013051,-0.273291,-0.287180,-0.051363,-0.311755,-0.234435,-0.067526,-0.314427,-0.281386
2026-05-27 14:51:54.275,162.299875,0.000000,0.000000,0.000000,0.032934,-0.255502,-0.305180,-0.120988,-0.269226,-0.303227,-0.044027,-0.262364,-0.304204,-0.013051,-0.273291,-0.287180,-0.051186,-0.309680,-0.234384,-0.067313,-0.310226,-0.281710
2026-05-27 14:51:54.375,162.399875,0.000000,0.000000,0.000000,0.032439,-0.257586,-0.304943,-0.121533,-0.269194,-0.303214,-0.044547,-0.263390,-0.304078,-0.013051,-0.273291,-0.287180,-0.051010,-0.307605,-0.234334,-0.067420,-0.312326,-0.281548
2026-05-27 14:51:54.475,162.499875,0.000000,0.000000,0.000000,0.032439,-0.257586,-0.304943,-0.121661,-0.267071,-0.303454,-0.044611,-0.262329,-0.304198,-0.013051,-0.273291,-0.287180,-0.051010,-0.307605,-0.234334,-0.067313,-0.310226,-0.281710
2026-05-27 14:51:54.575,162.599875,0.000000,0.000000,0.000000,0.032439,-0.257586,-0.304943,-0.121661,-0.267071,-0.303454,-0.044611,-0.262329,-0.304198,-0.013051,-0.273291,-0.287180,-0.051010,-0.307605,-0.234334,-0.067420,-0.312326,-0.281548
2026-05-27 14:51:54.675,162.699875,0.000000,0.000000,0.000000,0.032934,-0.255502,-0.305180,-0.121533,-0.269194,-0.303214,-0.044300,-0.262348,-0.304197,-0.013051,-0.273291,-0.287180,-0.051010,-0.307605,-0.234334,-0.067410,-0.312377,-0.281044
2026-05-27 14:51:54.775,162.799875,0.000000,0.000000,0.000000,0.032439,-0.257586,-0.304943,-0.121661,-0.267071,-0.303454,-0.044611,-0.262329,-0.304198,-0.013051,-0.273291,-0.287180,-0.051363,-0.311755,-0.234435,-0.067197,-0.308177,-0.281363
2026-05-27 14:51:54.875,162.899874,0.000000,0.000000,0.000000,0.032439,-0.257586,-0.304943,-0.121533,-0.269194,-0.303214,-0.044547,-0.263390,-0.304078,-0.013051,-0.273291,-0.287180,-0.051186,-0.309680,-0.234384,-0.067304,-0.310277,-0.281204
2026-05-27 14:51:54.975,162.999874,0.000000,0.000000,0.000000,0.032439,-0.257586,-0.304943,-0.121661,-0.267071,-0.303454,-0.044611,-0.262329,-0.304198,-0.013051,-0.273291,-0.287180,-0.051186,-0.309680,-0.234384,-0.067420,-0.312326,-0.281548
2026-05-27 14:51:55.075,163.099874,0.000000,0.000000,0.000000,0.032439,-0.257586,-0.304943,-0.121661,-0.267071,-0.303454,-0.044611,-0.262329,-0.304198,-0.013374,-0.275379,-0.287009,-0.051363,-0.311755,-0.234435,-0.067304,-0.310277,-0.281204
2026-05-27 14:51:55.175,163.199874,0.000000,0.000000,0.000000,0.032934,-0.255502,-0.305180,-0.121661,-0.267071,-0.303454,-0.044364,-0.261286,-0.304317,-0.013051,-0.273291,-0.287180,-0.051010,-0.307605,-0.234334,-0.067420,-0.312326,-0.281548
2026-05-27 14:51:55.275,163.299874,0.000000,0.000000,0.000000,0.031944,-0.259670,-0.304706,-0.121661,-0.267071,-0.303454,-0.044859,-0.263371,-0.304080,-0.013051,-0.273291,-0.287180,-0.051010,-0.307605,-0.234334,-0.067420,-0.312326,-0.281548
2026-05-27 14:51:55.375,163.399874,0.000000,0.000000,0.000000,0.032934,-0.255502,-0.305180,-0.121533,-0.269194,-0.303214,-0.044300,-0.262348,-0.304197,-0.013051,-0.273291,-0.287180,-0.051186,-0.309680,-0.234384,-0.067420,-0.312326,-0.281548
2026-05-27 14:51:55.475,163.499874,0.000000,0.000000,0.000000,0.032439,-0.257586,-0.304943,-0.121533,-0.269194,-0.303214,-0.044547,-0.263390,-0.304078,-0.013051,-0.273291,-0.287180,-0.051186,-0.309680,-0.234384,-0.067410,-0.312377,-0.281044
2026-05-27 14:51:55.575,163.599874,0.000000,0.000000,0.000000,0.032439,-0.257586,-0.304943,-0.121544,-0.269138,-0.303758,-0.044553,-0.263362,-0.304351,-0.013051,-0.273291,-0.287180,-0.051010,-0.307605,-0.234334,-0.067420,-0.312326,-0.281548
2026-05-27 14:51:55.675,163.699874,0.000000,0.000000,0.000000,0.032439,-0.257586,-0.304943,-0.121661,-0.267071,-0.303454,-0.044611,-0.262329,-0.304198,-0.013051,-0.273291,-0.287180,-0.051186,-0.309680,-0.234384,-0.067410,-0.312377,-0.281044
2026-05-27 14:51:55.775,163.799874,0.000000,0.000000,0.000000,0.032439,-0.257586,-0.304943,-0.121533,-0.269194,-0.303214,-0.044547,-0.263390,-0.304078,-0.013051,-0.273291,-0.287180,-0.052048,-0.301288,-0.234142,-0.067410,-0.312377,-0.281044
2026-05-27 14:51:55.875,163.899873,0.000000,0.000000,0.000000,0.032934,-0.255502,-0.305180,-0.121661,-0.267071,-0.303454,-0.044364,-0.261286,-0.304317,-0.013612,-0.273203,-0.287715,-0.053779,-0.303271,-0.234154,-0.067420,-0.312326,-0.281548
2026-05-27 14:51:55.975,163.999873,0.000000,0.000000,0.000000,0.032934,-0.255502,-0.305180,-0.121533,-0.269194,-0.303214,-0.044300,-0.262348,-0.304197,-0.013932,-0.275292,-0.287542,-0.054482,-0.291760,-0.233834,-0.067820,-0.310196,-0.281697
2026-05-27 14:51:56.075,164.099873,0.000000,0.000000,0.000000,0.032439,-0.257586,-0.304943,-0.121533,-0.269194,-0.303214,-0.044547,-0.263390,-0.304078,-0.013922,-0.275347,-0.286995,-0.056614,-0.298881,-0.234498,-0.067915,-0.312348,-0.281032
2026-05-27 14:51:56.175,164.199873,0.000000,0.000000,0.000000,0.032439,-0.257586,-0.304943,-0.121661,-0.267071,-0.303454,-0.044611,-0.262329,-0.304198,-0.013932,-0.275292,-0.287542,-0.057674,-0.298766,-0.234995,-0.067811,-0.310247,-0.281191
2026-05-27 14:51:56.275,164.299873,0.000000,0.000000,0.000000,0.032934,-0.255502,-0.305180,-0.121661,-0.267071,-0.303454,-0.044364,-0.261286,-0.304317,-0.014253,-0.277380,-0.287368,-0.059004,-0.302859,-0.235063,-0.067811,-0.310247,-0.281191
2026-05-27 14:51:56.375,164.399873,0.000000,0.000000,0.000000,0.032439,-0.257586,-0.304943,-0.121533,-0.269194,-0.303214,-0.044547,-0.263390,-0.304078,-0.013932,-0.275292,-0.287542,-0.059638,-0.296564,-0.234896,-0.068317,-0.310217,-0.281179
2026-05-27 14:51:56.475,164.499873,0.000000,0.000000,0.000000,0.033429,-0.253418,-0.305418,-0.120988,-0.269226,-0.303227,-0.043779,-0.261322,-0.304323,-0.013932,-0.275292,-0.287542,-0.060431,-0.292345,-0.234775,-0.068216,-0.308117,-0.281338
2026-05-27 14:51:56.575,164.599873,0.000000,0.000000,0.000000,0.032934,-0.255502,-0.305180,-0.121661,-0.267071,-0.303454,-0.044364,-0.261286,-0.304317,-0.014574,-0.279469,-0.287194,-0.060963,-0.292314,-0.234762,-0.068216,-0.308117,-0.281338
2026-05-27 14:51:56.675,164.699873,0.000000,0.000000,0.000000,0.032934,-0.255502,-0.305180,-0.121661,-0.267071,-0.303454,-0.044364,-0.261286,-0.304317,-0.014563,-0.279523,-0.286652,-0.061505,-0.292229,-0.235279,-0.068216,-0.308117,-0.281338
2026-05-27 14:51:56.775,164.799873,0.000000,0.000000,0.000000,0.032934,-0.255502,-0.305180,-0.121533,-0.269194,-0.303214,-0.044300,-0.262348,-0.304197,-0.014574,-0.279469,-0.287194,-0.062047,-0.292144,-0.235797,-0.068114,-0.306016,-0.281497
2026-05-27 14:51:56.875,164.899873,0.000000,0.000000,0.000000,0.032439,-0.257586,-0.304943,-0.121661,-0.267071,-0.303454,-0.044611,-0.262329,-0.304198,-0.014894,-0.281557,-0.287020,-0.062047,-0.292144,-0.235797,-0.068216,-0.308117,-0.281338
2026-05-27 14:51:56.975,164.999872,0.000000,0.000000,0.000000,0.032934,-0.255502,-0.305180,-0.121661,-0.267071,-0.303454,-0.044364,-0.261286,-0.304317,-0.014574,-0.279469,-0.287194,-0.062171,-0.294223,-0.235840,-0.068216,-0.308117,-0.281338
2026-05-27 14:51:57.075,165.099872,0.000000,0.000000,0.000000,0.032934,-0.255502,-0.305180,-0.121661,-0.267071,-0.303454,-0.044364,-0.261286,-0.304317,-0.014574,-0.279469,-0.287194,-0.062171,-0.294223,-0.235840,-0.068114,-0.306016,-0.281497
2026-05-27 14:51:57.175,165.199872,0.000000,0.000000,0.000000,0.033429,-0.253418,-0.305418,-0.121661,-0.267071,-0.303454,-0.044116,-0.260244,-0.304436,-0.014574,-0.279469,-0.287194,-0.062171,-0.294223,-0.235840,-0.068114,-0.306016,-0.281497
2026-05-27 14:51:57.275,165.299872,0.000000,0.000000,0.000000,0.032439,-0.257586,-0.304943,-0.121661,-0.267071,-0.303454,-0.044611,-0.262329,-0.304198,-0.014574,-0.279469,-0.287194,-0.062171,-0.294223,-0.235840,-0.068216,-0.308117,-0.281338
2026-05-27 14:51:57.375,165.399872,0.000000,0.000000,0.000000,0.032934,-0.255502,-0.305180,-0.121533,-0.269194,-0.303214,-0.044300,-0.262348,-0.304197,-0.014563,-0.279523,-0.286652,-0.061641,-0.294254,-0.235853,-0.068216,-0.308117,-0.281338
2026-05-27 14:51:57.475,165.499872,0.000000,0.000000,0.000000,0.032934,-0.255502,-0.305180,-0.121661,-0.267071,-0.303454,-0.044364,-0.261286,-0.304317,-0.014563,-0.279523,-0.286652,-0.061515,-0.292175,-0.235810,-0.068216,-0.308117,-0.281338
2026-05-27 14:51:57.575,165.599872,0.000000,0.000000,0.000000,0.032934,-0.255502,-0.305180,-0.121661,-0.267071,-0.303454,-0.044364,-0.261286,-0.304317,-0.014253,-0.277380,-0.287368,-0.061641,-0.294254,-0.235853,-0.068114,-0.306016,-0.281497
2026-05-27 14:51:57.675,165.699872,0.000000,0.000000,0.000000,0.032934,-0.255502,-0.305180,-0.121661,-0.267071,-0.303454,-0.044364,-0.261286,-0.304317,-0.014563,-0.279523,-0.286652,-0.061515,-0.292175,-0.235810,-0.068216,-0.308117,-0.281338
2026-05-27 14:51:57.775,165.799872,0.000000,0.000000,0.000000,0.032934,-0.255502,-0.305180,-0.121661,-0.267071,-0.303454,-0.044364,-0.261286,-0.304317,-0.013697,-0.277467,-0.286837,-0.061641,-0.294254,-0.235853,-0.068216,-0.308117,-0.281338
2026-05-27 14:51:57.875,165.899872,0.000000,0.000000,0.000000,0.032934,-0.255502,-0.305180,-0.120988,-0.269226,-0.303227,-0.044027,-0.262364,-0.304204,-0.014574,-0.279469,-0.287194,-0.061641,-0.294254,-0.235853,-0.068317,-0.310217,-0.281179
2026-05-27 14:51:57.975,165.999871,0.000000,0.000000,0.000000,0.033429,-0.253418,-0.305418,-0.121533,-0.269194,-0.303214,-0.044052,-0.261306,-0.304316,-0.014574,-0.279469,-0.287194,-0.061515,-0.292175,-0.235810,-0.068216,-0.308117,-0.281338
2026-05-27 14:51:58.075,166.099871,0.000000,0.000000,0.000000,0.032934,-0.255502,-0.305180,-0.121789,-0.264948,-0.303694,-0.044428,-0.260225,-0.304437,-0.014574,-0.279469,-0.287194,-0.061641,-0.294254,-0.235853,-0.068216,-0.308117,-0.281338
2026-05-27 14:51:58.175,166.199871,0.000000,0.000000,0.000000,0.032934,-0.255502,-0.305180,-0.121661,-0.267071,-0.303454,-0.044364,-0.261286,-0.304317,-0.014574,-0.279469,-0.287194,-0.061641,-0.294254,-0.235853,-0.068216,-0.308117,-0.281338
2026-05-27 14:51:58.275,166.299871,0.000000,0.000000,0.000000,0.032934,-0.255502,-0.305180,-0.121533,-0.269194,-0.303214,-0.044300,-0.262348,-0.304197,-0.014243,-0.277435,-0.286823,-0.061641,-0.294254,-0.235853,-0.068216,-0.308117,-0.281338
2026-05-27 14:51:58.375,166.399871,0.000000,0.000000,0.000000,0.032934,-0.255502,-0.305180,-0.121533,-0.269194,-0.303214,-0.044300,-0.262348,-0.304197,-0.014563,-0.279523,-0.286652,-0.061515,-0.292175,-0.235810,-0.068225,-0.308065,-0.281846
2026-05-27 14:51:58.475,166.499871,0.000000,0.000000,0.000000,0.032934,-0.255502,-0.305180,-0.121533,-0.269194,-0.303214,-0.044300,-0.262348,-0.304197,-0.014243,-0.277435,-0.286823,-0.061641,-0.294254,-0.235853,-0.068216,-0.308117,-0.281338
2026-05-27 14:51:58.575,166.599871,0.000000,0.000000,0.000000,0.032934,-0.255502,-0.305180,-0.121661,-0.267071,-0.303454,-0.044364,-0.261286,-0.304317,-0.014253,-0.277380,-0.287368,-0.061641,-0.294254,-0.235853,-0.068216,-0.308117,-0.281338
2026-05-27 14:51:58.675,166.699871,0.000000,0.000000,0.000000,0.032439,-0.257586,-0.304943,-0.121661,-0.267071,-0.303454,-0.044611,-0.262329,-0.304198,-0.014574,-0.279469,-0.287194,-0.061641,-0.294254,-0.235853,-0.068114,-0.306016,-0.281497
2026-05-27 14:51:58.775,166.799871,0.000000,0.000000,0.000000,0.032934,-0.255502,-0.305180,-0.121672,-0.267016,-0.304001,-0.044369,-0.261259,-0.304590,-0.014253,-0.277380,-0.287368,-0.061641,-0.294254,-0.235853,-0.068216,-0.308117,-0.281338
2026-05-27 14:51:58.875,166.899871,0.000000,0.000000,0.000000,0.032439,-0.257586,-0.304943,-0.121533,-0.269194,-0.303214,-0.044547,-0.263390,-0.304078,-0.014563,-0.279523,-0.286652,-0.061641,-0.294254,-0.235853,-0.068216,-0.308117,-0.281338
2026-05-27 14:51:58.975,166.999871,0.000000,0.000000,0.000000,0.032439,-0.257586,-0.304943,-0.121661,-0.267071,-0.303454,-0.044611,-0.262329,-0.304198,-0.014574,-0.279469,-0.287194,-0.061767,-0.296333,-0.235896,-0.068216,-0.308117,-0.281338
2026-05-27 14:51:59.075,167.099870,0.000000,0.000000,0.000000,0.032934,-0.255502,-0.305180,-0.121661,-0.267071,-0.303454,-0.044364,-0.261286,-0.304317,-0.014574,-0.279469,-0.287194,-0.061641,-0.294254,-0.235853,-0.068216,-0.308117,-0.281338
2026-05-27 14:51:59.175,167.199870,0.000000,0.000000,0.000000,0.032439,-0.257586,-0.304943,-0.121533,-0.269194,-0.303214,-0.044547,-0.263390,-0.304078,-0.014253,-0.277380,-0.287368,-0.061112,-0.294285,-0.235866,-0.068216,-0.308117,-0.281338
2026-05-27 14:51:59.275,167.299870,0.000000,0.000000,0.000000,0.032439,-0.257586,-0.304943,-0.121661,-0.267071,-0.303454,-0.044611,-0.262329,-0.304198,-0.014574,-0.279469,-0.287194,-0.061515,-0.292175,-0.235810,-0.068216,-0.308117,-0.281338
2026-05-27 14:51:59.375,167.399870,0.000000,0.000000,0.000000,0.032439,-0.257586,-0.304943,-0.121533,-0.269194,-0.303214,-0.044547,-0.263390,-0.304078,-0.014253,-0.277380,-0.287368,-0.061641,-0.294254,-0.235853,-0.068216,-0.308117,-0.281338
2026-05-27 14:51:59.475,167.499870,0.000000,0.000000,0.000000,0.032934,-0.255502,-0.305180,-0.121113,-0.267103,-0.303468,-0.044090,-0.261303,-0.304324,-0.014243,-0.277435,-0.286823,-0.061641,-0.294254,-0.235853,-0.068114,-0.306016,-0.281497
2026-05-27 14:51:59.575,167.599870,0.000000,0.000000,0.000000,0.031944,-0.259670,-0.304706,-0.121661,-0.267071,-0.303454,-0.044859,-0.263371,-0.304080,-0.014253,-0.277380,-0.287368,-0.061641,-0.294254,-0.235853,-0.068216,-0.308117,-0.281338
2026-05-27 14:51:59.675,167.699870,0.000000,0.000000,0.000000,0.032934,-0.255502,-0.305180,-0.121533,-0.269194,-0.303214,-0.044300,-0.262348,-0.304197,-0.013922,-0.275347,-0.286995,-0.061112,-0.294285,-0.235866,-0.068216,-0.308117,-0.281338
2026-05-27 14:51:59.775,167.799870,0.000000,0.000000,0.000000,0.032439,-0.257586,-0.304943,-0.121661,-0.267071,-0.303454,-0.044611,-0.262329,-0.304198,-0.014574,-0.279469,-0.287194,-0.061112,-0.294285,-0.235866,-0.068216,-0.308117,-0.281338
2026-05-27 14:51:59.875,167.899870,0.000000,0.000000,0.000000,0.032934,-0.255502,-0.305180,-0.121661,-0.267071,-0.303454,-0.044364,-0.261286,-0.304317,-0.014253,-0.277380,-0.287368,-0.061641,-0.294254,-0.235853,-0.068114,-0.306016,-0.281497
2026-05-27 14:51:59.975,167.999870,0.000000,0.000000,0.000000,0.032934,-0.255502,-0.305180,-0.121661,-0.267071,-0.303454,-0.044364,-0.261286,-0.304317,-0.014574,-0.279469,-0.287194,-0.061641,-0.294254,-0.235853,-0.068225,-0.308065,-0.281846
2026-05-27 14:52:00.075,168.099869,0.000000,0.000000,0.000000,0.033429,-0.253418,-0.305418,-0.121533,-0.269194,-0.303214,-0.044052,-0.261306,-0.304316,-0.014253,-0.277380,-0.287368,-0.061641,-0.294254,-0.235853,-0.068165,-0.307066,-0.281417
2026-05-27 14:52:00.175,168.199869,0.000000,0.000000,0.000000,0.032934,-0.255502,-0.305180,-0.121661,-0.267071,-0.303454,-0.044364,-0.261286,-0.304317,-0.014253,-0.277380,-0.287368,-0.061641,-0.294254,-0.235853,-0.068216,-0.308117,-0.281338
2026-05-27 14:52:00.275,168.299869,0.000000,0.000000,0.000000,0.032439,-0.257586,-0.304943,-0.121661,-0.267071,-0.303454,-0.044611,-0.262329,-0.304198,-0.014253,-0.277380,-0.287368,-0.061641,-0.294254,-0.235853,-0.068216,-0.308117,-0.281338
2026-05-27 14:52:00.375,168.399869,0.000000,0.000000,0.000000,0.032934,-0.255502,-0.305180,-0.121533,-0.269194,-0.303214,-0.044300,-0.262348,-0.304197,-0.014253,-0.277380,-0.287368,-0.061112,-0.294285,-0.235866,-0.068216,-0.308117,-0.281338
2026-05-27 14:52:00.475,168.499869,0.000000,0.000000,0.000000,0.032934,-0.255502,-0.305180,-0.121661,-0.267071,-0.303454,-0.044364,-0.261286,-0.304317,-0.014253,-0.277380,-0.287368,-0.060983,-0.292206,-0.235823,-0.068225,-0.308065,-0.281846
2026-05-27 14:52:00.575,168.599869,0.000000,0.000000,0.000000,0.032934,-0.255502,-0.305180,-0.121533,-0.269194,-0.303214,-0.044300,-0.262348,-0.304197,-0.014253,-0.277380,-0.287368,-0.061112,-0.294285,-0.235866,-0.068317,-0.310217,-0.281179
2026-05-27 14:52:00.675,168.699869,0.000000,0.000000,0.000000,0.033429,-0.253418,-0.305418,-0.121533,-0.269194,-0.303214,-0.044052,-0.261306,-0.304316,-0.013932,-0.275292,-0.287542,-0.061112,-0.294285,-0.235866,-0.068225,-0.308065,-0.281846
2026-05-27 14:52:00.775,168.799869,0.000000,0.000000,0.000000,0.032439,-0.257586,-0.304943,-0.121661,-0.267071,-0.303454,-0.044611,-0.262329,-0.304198,-0.013697,-0.277467,-0.286837,-0.061240,-0.296364,-0.235909,-0.068216,-0.308117,-0.281338
2026-05-27 14:52:00.875,168.899869,0.000000,0.000000,0.000000,0.032934,-0.255502,-0.305180,-0.121661,-0.267071,-0.303454,-0.044364,-0.261286,-0.304317,-0.014253,-0.277380,-0.287368,0.015709,-0.046624,-0.229801,-0.068216,-0.308117,-0.281338
2026-05-27 14:52:00.975,168.999869,0.000000,0.000000,0.000000,0.032934,-0.255502,-0.305180,-0.121672,-0.267016,-0.304001,-0.044369,-0.261259,-0.304590,-0.014243,-0.277435,-0.286823,-0.061112,-0.294285,-0.235866,-0.068216,-0.308117,-0.281338
2026-05-27 14:52:01.075,169.099869,0.000000,0.000000,0.000000,0.032439,-0.257586,-0.304943,-0.121533,-0.269194,-0.303214,-0.044547,-0.263390,-0.304078,-0.014574,-0.279469,-0.287194,-0.061112,-0.294285,-0.235866,-0.068327,-0.310166,-0.281684
2026-05-27 14:52:01.175,169.199868,0.000000,0.000000,0.000000,0.032934,-0.255502,-0.305180,-0.121789,-0.264948,-0.303694,-0.044428,-0.260225,-0.304437,-0.014243,-0.277435,-0.286823,-0.061641,-0.294254,-0.235853,-0.068317,-0.310217,-0.281179
2026-05-27 14:52:01.275,169.299868,0.000000,0.000000,0.000000,0.032439,-0.257586,-0.304943,-0.121661,-0.267071,-0.303454,-0.044611,-0.262329,-0.304198,-0.014253,-0.277380,-0.287368,-0.061112,-0.294285,-0.235866,-0.068327,-0.310166,-0.281684
2026-05-27 14:52:01.375,169.399868,0.000000,0.000000,0.000000,0.032439,-0.257586,-0.304943,-0.121533,-0.269194,-0.303214,-0.044547,-0.263390,-0.304078,-0.014253,-0.277380,-0.287368,-0.060983,-0.292206,-0.235823,-0.068225,-0.308065,-0.281846
2026-05-27 14:52:01.475,169.499868,0.000000,0.000000,0.000000,0.032439,-0.257586,-0.304943,-0.121533,-0.269194,-0.303214,-0.044547,-0.263390,-0.304078,-0.014253,-0.277380,-0.287368,-0.061112,-0.294285,-0.235866,-0.068216,-0.308117,-0.281338
2026-05-27 14:52:01.575,169.599868,0.000000,0.000000,0.000000,0.032439,-0.257586,-0.304943,-0.121406,-0.271316,-0.302974,-0.044483,-0.264451,-0.303958,-0.014253,-0.277380,-0.287368,-0.061112,-0.294285,-0.235866,-0.068327,-0.310166,-0.281684
2026-05-27 14:52:01.675,169.699868,0.000000,0.000000,0.000000,0.032439,-0.257586,-0.304943,-0.121661,-0.267071,-0.303454,-0.044611,-0.262329,-0.304198,-0.013932,-0.275292,-0.287542,-0.061112,-0.294285,-0.235866,-0.068317,-0.310217,-0.281179
2026-05-27 14:52:01.775,169.799868,0.000000,0.000000,0.000000,0.032439,-0.257586,-0.304943,-0.121533,-0.269194,-0.303214,-0.044547,-0.263390,-0.304078,-0.014253,-0.277380,-0.287368,-0.061122,-0.294232,-0.236395,-0.068225,-0.308065,-0.281846
2026-05-27 14:52:01.875,169.899868,0.000000,0.000000,0.000000,0.032439,-0.257586,-0.304943,-0.121789,-0.264948,-0.303694,-0.044675,-0.261267,-0.304318,-0.014253,-0.277380,-0.287368,-0.061013,-0.292045,-0.237416,-0.068225,-0.308065,-0.281846
2026-05-27 14:52:01.975,169.999868,0.000000,0.000000,0.000000,0.031944,-0.259670,-0.304706,-0.121789,-0.264948,-0.303694,-0.044923,-0.262309,-0.304200,-0.013707,-0.277412,-0.287381,-0.061023,-0.291992,-0.237946,-0.068933,-0.312237,-0.281510
2026-05-27 14:52:02.075,170.099868,0.000000,0.000000,0.000000,0.032934,-0.255502,-0.305180,-0.121533,-0.269194,-0.303214,-0.044300,-0.262348,-0.304197,-0.014030,-0.279501,-0.287208,-0.061162,-0.294018,-0.238509,-0.068933,-0.312237,-0.281510
2026-05-27 14:52:02.175,170.199867,0.000000,0.000000,0.000000,0.032439,-0.257586,-0.304943,-0.121661,-0.267071,-0.303454,-0.044611,-0.262329,-0.304198,-0.013707,-0.277412,-0.287381,-0.061701,-0.293933,-0.239024,-0.068834,-0.310136,-0.281672
2026-05-27 14:52:02.275,170.299867,0.000000,0.000000,0.000000,0.032934,-0.255502,-0.305180,-0.121661,-0.267071,-0.303454,-0.044364,-0.261286,-0.304317,-0.013707,-0.277412,-0.287381,-0.062365,-0.295929,-0.239566,-0.069438,-0.312207,-0.281498
2026-05-27 14:52:02.375,170.399867,0.000000,0.000000,0.000000,0.032439,-0.257586,-0.304943,-0.121661,-0.267071,-0.303454,-0.044611,-0.262329,-0.304198,-0.014030,-0.279501,-0.287208,-0.062365,-0.295929,-0.239566,-0.069535,-0.314308,-0.281336
2026-05-27 14:52:02.475,170.499867,0.000000,0.000000,0.000000,0.032934,-0.255502,-0.305180,-0.121661,-0.267071,-0.303454,-0.044364,-0.261286,-0.304317,-0.014030,-0.279501,-0.287208,-0.062241,-0.293848,-0.239539,-0.069341,-0.310106,-0.281659
2026-05-27 14:52:02.575,170.599867,0.000000,0.000000,0.000000,0.032934,-0.255502,-0.305180,-0.121533,-0.269194,-0.303214,-0.044300,-0.262348,-0.304197,-0.013707,-0.277412,-0.287381,-0.062365,-0.295929,-0.239566,-0.069438,-0.312207,-0.281498
2026-05-27 14:52:02.675,170.699867,0.000000,0.000000,0.000000,0.032439,-0.257586,-0.304943,-0.121113,-0.267103,-0.303468,-0.044337,-0.262345,-0.304205,-0.014030,-0.279501,-0.287208,-0.062365,-0.295929,-0.239566,-0.069438,-0.312207,-0.281498
2026-05-27 14:52:02.775,170.799867,0.000000,0.000000,0.000000,0.032934,-0.255502,-0.305180,-0.121661,-0.267071,-0.303454,-0.044364,-0.261286,-0.304317,-0.014030,-0.279501,-0.287208,-0.062365,-0.295929,-0.239566,-0.069535,-0.314308,-0.281336
2026-05-27 14:52:02.875,170.899867,0.000000,0.000000,0.000000,0.032934,-0.255502,-0.305180,-0.121661,-0.267071,-0.303454,-0.044364,-0.261286,-0.304317,-0.014030,-0.279501,-0.287208,-0.062365,-0.295929,-0.239566,-0.069438,-0.312207,-0.281498
2026-05-27 14:52:02.975,170.999867,0.000000,0.000000,0.000000,0.031944,-0.259670,-0.304706,-0.121533,-0.269194,-0.303214,-0.044795,-0.264432,-0.303960,-0.014030,-0.279501,-0.287208,-0.062365,-0.295929,-0.239566,-0.069438,-0.312207,-0.281498
2026-05-27 14:52:03.075,171.099867,0.000000,0.000000,0.000000,0.032439,-0.257586,-0.304943,-0.121533,-0.269194,-0.303214,-0.044547,-0.263390,-0.304078,-0.014030,-0.279501,-0.287208,-0.062365,-0.295929,-0.239566,-0.069535,-0.314308,-0.281336
2026-05-27 14:52:03.175,171.199867,0.000000,0.000000,0.000000,0.032439,-0.257586,-0.304943,-0.121661,-0.267071,-0.303454,-0.044611,-0.262329,-0.304198,-0.014030,-0.279501,-0.287208,-0.062365,-0.295929,-0.239566,-0.069438,-0.312207,-0.281498
2026-05-27 14:52:03.275,171.299866,0.000000,0.000000,0.000000,0.033429,-0.253418,-0.305418,-0.121661,-0.267071,-0.303454,-0.044116,-0.260244,-0.304436,-0.013707,-0.277412,-0.287381,-0.062365,-0.295929,-0.239566,-0.069438,-0.312207,-0.281498
2026-05-27 14:52:03.375,171.399866,0.000000,0.000000,0.000000,0.032934,-0.255502,-0.305180,-0.121661,-0.267071,-0.303454,-0.044364,-0.261286,-0.304317,-0.014030,-0.279501,-0.287208,-0.062365,-0.295929,-0.239566,-0.069438,-0.312207,-0.281498
2026-05-27 14:52:03.475,171.499866,0.000000,0.000000,0.000000,0.032934,-0.255502,-0.305180,-0.121533,-0.269194,-0.303214,-0.044300,-0.262348,-0.304197,-0.014030,-0.279501,-0.287208,-0.062365,-0.295929,-0.239566,-0.069438,-0.312207,-0.281498
2026-05-27 14:52:03.575,171.599866,0.000000,0.000000,0.000000,0.032934,-0.255502,-0.305180,-0.121661,-0.267071,-0.303454,-0.044364,-0.261286,-0.304317,-0.014030,-0.279501,-0.287208,-0.062365,-0.295929,-0.239566,-0.069438,-0.312207,-0.281498
2026-05-27 14:52:03.675,171.699866,0.000000,0.000000,0.000000,0.031944,-0.259670,-0.304706,-0.121661,-0.267071,-0.303454,-0.044859,-0.263371,-0.304080,-0.014030,-0.279501,-0.287208,-0.062365,-0.295929,-0.239566,-0.069438,-0.312207,-0.281498
2026-05-27 14:52:03.775,171.799866,0.000000,0.000000,0.000000,0.032934,-0.255502,-0.305180,-0.121661,-0.267071,-0.303454,-0.044364,-0.261286,-0.304317,-0.014030,-0.279501,-0.287208,-0.062365,-0.295929,-0.239566,-0.069535,-0.314308,-0.281336
2026-05-27 14:52:03.875,171.899866,0.000000,0.000000,0.000000,0.033429,-0.253418,-0.305418,-0.121661,-0.267071,-0.303454,-0.044116,-0.260244,-0.304436,-0.014020,-0.279556,-0.286665,-0.062365,-0.295929,-0.239566,-0.069438,-0.312207,-0.281498
2026-05-27 14:52:03.975,171.999866,0.000000,0.000000,0.000000,0.032439,-0.257586,-0.304943,-0.121533,-0.269194,-0.303214,-0.044547,-0.263390,-0.304078,-0.014030,-0.279501,-0.287208,-0.062365,-0.295929,-0.239566,-0.069438,-0.312207,-0.281498
2026-05-27 14:52:04.075,172.099866,0.000000,0.000000,0.000000,0.032934,-0.255502,-0.305180,-0.121661,-0.267071,-0.303454,-0.044364,-0.261286,-0.304317,-0.014030,-0.279501,-0.287208,-0.062365,-0.295929,-0.239566,-0.069438,-0.312207,-0.281498
2026-05-27 14:52:04.175,172.199866,0.000000,0.000000,0.000000,0.031944,-0.259670,-0.304706,-0.121113,-0.267103,-0.303468,-0.044585,-0.263387,-0.304087,-0.013707,-0.277412,-0.287381,-0.062365,-0.295929,-0.239566,-0.069535,-0.314308,-0.281336
2026-05-27 14:52:04.275,172.299865,0.000000,0.000000,0.000000,0.032934,-0.255502,-0.305180,-0.121661,-0.267071,-0.303454,-0.044364,-0.261286,-0.304317,-0.014030,-0.279501,-0.287208,-0.062365,-0.295929,-0.239566,-0.069438,-0.312207,-0.281498
2026-05-27 14:52:04.375,172.399865,0.000000,0.000000,0.000000,0.032439,-0.257586,-0.304943,-0.121239,-0.264981,-0.303708,-0.044400,-0.261283,-0.304325,-0.014030,-0.279501,-0.287208,-0.062241,-0.293848,-0.239539,-0.069438,-0.312207,-0.281498
2026-05-27 14:52:04.475,172.499865,0.000000,0.000000,0.000000,0.031944,-0.259670,-0.304706,-0.121533,-0.269194,-0.303214,-0.044795,-0.264432,-0.303960,-0.013707,-0.277412,-0.287381,-0.062365,-0.295929,-0.239566,-0.069438,-0.312207,-0.281498
2026-05-27 14:52:04.575,172.599865,0.000000,0.000000,0.000000,0.032439,-0.257586,-0.304943,-0.121661,-0.267071,-0.303454,-0.044611,-0.262329,-0.304198,-0.014030,-0.279501,-0.287208,-0.062365,-0.295929,-0.239566,-0.069341,-0.310106,-0.281659
2026-05-27 14:52:04.675,172.699865,0.000000,0.000000,0.000000,0.033429,-0.253418,-0.305418,-0.121661,-0.267071,-0.303454,-0.044116,-0.260244,-0.304436,-0.013707,-0.277412,-0.287381,-0.062365,-0.295929,-0.239566,-0.069341,-0.310106,-0.281659
2026-05-27 14:52:04.775,172.799865,0.000000,0.000000,0.000000,0.032934,-0.255502,-0.305180,-0.121597,-0.268132,-0.303334,-0.044332,-0.261817,-0.304257,-0.014030,-0.279501,-0.287208,-0.062365,-0.295929,-0.239566,-0.069438,-0.312207,-0.281498
2026-05-27 14:52:04.875,172.899865,0.000000,0.000000,0.000000,0.032934,-0.255502,-0.305180,-0.121661,-0.267071,-0.303454,-0.044364,-0.261286,-0.304317,-0.013707,-0.277412,-0.287381,-0.062365,-0.295929,-0.239566,-0.069341,-0.310106,-0.281659
2026-05-27 14:52:04.975,172.999865,0.000000,0.000000,0.000000,0.032934,-0.255502,-0.305180,-0.121533,-0.269194,-0.303214,-0.044300,-0.262348,-0.304197,-0.014030,-0.279501,-0.287208,-0.061837,-0.295960,-0.239579,-0.069438,-0.312207,-0.281498
2026-05-27 14:52:05.075,173.099865,0.000000,0.000000,0.000000,0.032439,-0.257586,-0.304943,-0.121113,-0.267103,-0.303468,-0.044337,-0.262345,-0.304205,-0.013707,-0.277412,-0.287381,-0.062365,-0.295929,-0.239566,-0.069438,-0.312207,-0.281498
2026-05-27 14:52:05.175,173.199865,0.000000,0.000000,0.000000,0.032439,-0.257586,-0.304943,-0.121661,-0.267071,-0.303454,-0.044611,-0.262329,-0.304198,-0.014030,-0.279501,-0.287208,-0.061837,-0.295960,-0.239579,-0.069438,-0.312207,-0.281498
2026-05-27 14:52:05.275,173.299865,0.000000,0.000000,0.000000,0.033429,-0.253418,-0.305418,-0.121661,-0.267071,-0.303454,-0.044116,-0.260244,-0.304436,-0.014030,-0.279501,-0.287208,-0.062365,-0.295929,-0.239566,-0.069438,-0.312207,-0.281498
2026-05-27 14:52:05.375,173.399864,0.000000,0.000000,0.000000,0.032934,-0.255502,-0.305180,-0.121661,-0.267071,-0.303454,-0.044364,-0.261286,-0.304317,-0.014030,-0.279501,-0.287208,-0.062365,-0.295929,-0.239566,-0.069438,-0.312207,-0.281498
2026-05-27 14:52:05.475,173.499864,0.000000,0.000000,0.000000,0.032439,-0.257586,-0.304943,-0.120988,-0.269226,-0.303227,-0.044275,-0.263406,-0.304085,-0.014030,-0.279501,-0.287208,-0.062365,-0.295929,-0.239566,-0.069438,-0.312207,-0.281498
2026-05-27 14:52:05.575,173.599864,0.000000,0.000000,0.000000,0.032439,-0.257586,-0.304943,-0.121661,-0.267071,-0.303454,-0.044611,-0.262329,-0.304198,-0.014030,-0.279501,-0.287208,-0.062365,-0.295929,-0.239566,-0.069438,-0.312207,-0.281498
2026-05-27 14:52:05.675,173.699864,0.000000,0.000000,0.000000,0.032439,-0.257586,-0.304943,-0.121661,-0.267071,-0.303454,-0.044611,-0.262329,-0.304198,-0.014030,-0.279501,-0.287208,-0.062365,-0.295929,-0.239566,-0.069535,-0.314308,-0.281336
2026-05-27 14:52:05.775,173.799864,0.000000,0.000000,0.000000,0.032439,-0.257586,-0.304943,-0.121661,-0.267071,-0.303454,-0.044611,-0.262329,-0.304198,-0.013707,-0.277412,-0.287381,-0.062365,-0.295929,-0.239566,-0.069438,-0.312207,-0.281498
2026-05-27 14:52:05.875,173.899864,0.000000,0.000000,0.000000,0.032439,-0.257586,-0.304943,-0.121789,-0.264948,-0.303694,-0.044675,-0.261267,-0.304318,-0.014030,-0.279501,-0.287208,-0.062365,-0.295929,-0.239566,-0.069438,-0.312207,-0.281498
2026-05-27 14:52:05.975,173.999864,0.000000,0.000000,0.000000,0.032439,-0.257586,-0.304943,-0.121661,-0.267071,-0.303454,-0.044611,-0.262329,-0.304198,-0.014030,-0.279501,-0.287208,-0.061837,-0.295960,-0.239579,-0.069438,-0.312207,-0.281498
2026-05-27 14:52:06.075,174.099864,0.000000,0.000000,0.000000,0.032934,-0.255502,-0.305180,-0.121533,-0.269194,-0.303214,-0.044300,-0.262348,-0.304197,-0.013707,-0.277412,-0.287381,-0.061837,-0.295960,-0.239579,-0.069438,-0.312207,-0.281498
2026-05-27 14:52:06.175,174.199864,0.000000,0.000000,0.000000,0.032439,-0.257586,-0.304943,-0.121661,-0.267071,-0.303454,-0.044611,-0.262329,-0.304198,-0.013707,-0.277412,-0.287381,-0.062365,-0.295929,-0.239566,-0.069438,-0.312207,-0.281498
2026-05-27 14:52:06.275,174.299864,0.000000,0.000000,0.000000,0.032439,-0.257586,-0.304943,-0.121533,-0.269194,-0.303214,-0.044547,-0.263390,-0.304078,-0.013707,-0.277412,-0.287381,-0.062365,-0.295929,-0.239566,-0.069438,-0.312207,-0.281498
2026-05-27 14:52:06.375,174.399863,0.000000,0.000000,0.000000,0.032934,-0.255502,-0.305180,-0.121661,-0.267071,-0.303454,-0.044364,-0.261286,-0.304317,-0.014030,-0.279501,-0.287208,-0.062355,-0.295982,-0.239040,-0.069438,-0.312207,-0.281498
2026-05-27 14:52:06.475,174.499863,0.000000,0.000000,0.000000,0.032934,-0.255502,-0.305180,-0.121113,-0.267103,-0.303468,-0.044090,-0.261303,-0.304324,-0.014030,-0.279501,-0.287208,-0.061837,-0.295960,-0.239579,-0.069341,-0.310106,-0.281659
2026-05-27 14:52:06.575,174.599863,0.000000,0.000000,0.000000,0.032934,-0.255502,-0.305180,-0.121661,-0.267071,-0.303454,-0.044364,-0.261286,-0.304317,-0.014030,-0.279501,-0.287208,-0.062365,-0.295929,-0.239566,-0.069438,-0.312207,-0.281498
2026-05-27 14:52:06.675,174.699863,0.000000,0.000000,0.000000,0.032934,-0.255502,-0.305180,-0.121533,-0.269194,-0.303214,-0.044300,-0.262348,-0.304197,-0.014030,-0.279501,-0.287208,-0.062365,-0.295929,-0.239566,-0.069341,-0.310106,-0.281659
2026-05-27 14:52:06.775,174.799863,0.000000,0.000000,0.000000,0.032439,-0.257586,-0.304943,-0.121661,-0.267071,-0.303454,-0.044611,-0.262329,-0.304198,-0.014030,-0.279501,-0.287208,-0.062365,-0.295929,-0.239566,-0.069438,-0.312207,-0.281498
2026-05-27 14:52:06.875,174.899863,0.000000,0.000000,0.000000,0.032439,-0.257586,-0.304943,-0.121661,-0.267071,-0.303454,-0.044611,-0.262329,-0.304198,-0.014030,-0.279501,-0.287208,-0.061837,-0.295960,-0.239579,-0.069438,-0.312207,-0.281498
2026-05-27 14:52:06.975,174.999863,0.000000,0.000000,0.000000,0.032439,-0.257586,-0.304943,-0.121533,-0.269194,-0.303214,-0.044547,-0.263390,-0.304078,-0.014353,-0.281589,-0.287034,-0.061837,-0.295960,-0.239579,-0.069438,-0.312207,-0.281498
2026-05-27 14:52:07.075,175.099863,0.000000,0.000000,0.000000,0.032934,-0.255502,-0.305180,-0.121799,-0.264893,-0.304243,-0.044433,-0.260197,-0.304712,-0.013707,-0.277412,-0.287381,-0.061837,-0.295960,-0.239579,-0.069438,-0.312207,-0.281498
2026-05-27 14:52:07.175,175.199863,0.000000,0.000000,0.000000,0.032934,-0.255502,-0.305180,-0.121406,-0.271316,-0.302974,-0.044236,-0.263409,-0.304077,-0.014030,-0.279501,-0.287208,-0.062365,-0.295929,-0.239566,-0.069535,-0.314308,-0.281336
2026-05-27 14:52:07.275,175.299863,0.000000,0.000000,0.000000,0.032934,-0.255502,-0.305180,-0.121789,-0.264948,-0.303694,-0.044428,-0.260225,-0.304437,-0.014030,-0.279501,-0.287208,-0.061837,-0.295960,-0.239579,-0.069341,-0.310106,-0.281659
2026-05-27 14:52:07.375,175.399863,0.000000,0.000000,0.000000,0.032934,-0.255502,-0.305180,-0.121533,-0.269194,-0.303214,-0.044300,-0.262348,-0.304197,-0.013707,-0.277412,-0.287381,-0.061837,-0.295960,-0.239579,-0.069438,-0.312207,-0.281498
2026-05-27 14:52:07.475,175.499862,0.000000,0.000000,0.000000,0.032934,-0.255502,-0.305180,-0.121533,-0.269194,-0.303214,-0.044300,-0.262348,-0.304197,-0.013707,-0.277412,-0.287381,-0.062365,-0.295929,-0.239566,-0.069438,-0.312207,-0.281498
2026-05-27 14:52:07.575,175.599862,0.000000,0.000000,0.000000,0.033429,-0.253418,-0.305418,-0.121661,-0.267071,-0.303454,-0.044116,-0.260244,-0.304436,-0.014030,-0.279501,-0.287208,-0.062365,-0.295929,-0.239566,-0.069438,-0.312207,-0.281498
2026-05-27 14:52:07.675,175.699862,0.000000,0.000000,0.000000,0.032934,-0.255502,-0.305180,-0.121533,-0.269194,-0.303214,-0.044300,-0.262348,-0.304197,-0.013707,-0.277412,-0.287381,-0.061837,-0.295960,-0.239579,-0.069438,-0.312207,-0.281498
2026-05-27 14:52:07.775,175.799862,0.000000,0.000000,0.000000,0.032439,-0.257586,-0.304943,-0.121533,-0.269194,-0.303214,-0.044547,-0.263390,-0.304078,-0.014030,-0.279501,-0.287208,-0.061837,-0.295960,-0.239579,-0.069438,-0.312207,-0.281498
2026-05-27 14:52:07.875,175.899862,0.000000,0.000000,0.000000,0.032934,-0.255502,-0.305180,-0.121533,-0.269194,-0.303214,-0.044300,-0.262348,-0.304197,-0.014030,-0.279501,-0.287208,-0.048972,-0.341588,-0.313900,-0.069438,-0.312207,-0.281498
2026-05-27 14:52:07.975,175.999862,0.000000,0.000000,0.000000,0.032439,-0.257586,-0.304943,-0.121533,-0.269194,-0.303214,-0.044547,-0.263390,-0.304078,-0.013162,-0.277444,-0.287395,-0.061340,-0.295831,-0.241171,-0.069942,-0.312177,-0.281485
2026-05-27 14:52:08.075,176.099862,0.000000,0.000000,0.000000,0.032439,-0.257586,-0.304943,-0.121789,-0.264948,-0.303694,-0.044675,-0.261267,-0.304318,-0.013487,-0.279533,-0.287221,-0.060953,-0.297890,-0.241728,-0.069952,-0.312126,-0.281989
2026-05-27 14:52:08.175,176.199862,0.000000,0.000000,0.000000,0.033429,-0.253418,-0.305418,-0.121661,-0.267071,-0.303454,-0.044116,-0.260244,-0.304436,-0.013487,-0.279533,-0.287221,-0.060842,-0.295703,-0.242763,-0.069952,-0.312126,-0.281989
2026-05-27 14:52:08.275,176.299862,0.000000,0.000000,0.000000,0.032934,-0.255502,-0.305180,-0.121661,-0.267071,-0.303454,-0.044364,-0.261286,-0.304317,-0.013823,-0.281566,-0.287587,-0.060722,-0.301925,-0.243335,-0.070364,-0.309995,-0.282140
2026-05-27 14:52:08.375,176.399862,0.000000,0.000000,0.000000,0.032934,-0.255502,-0.305180,-0.121661,-0.267071,-0.303454,-0.044364,-0.261286,-0.304317,-0.013812,-0.281621,-0.287047,-0.060347,-0.303985,-0.243876,-0.070456,-0.312097,-0.281976
2026-05-27 14:52:08.475,176.499861,0.000000,0.000000,0.000000,0.032934,-0.255502,-0.305180,-0.121533,-0.269194,-0.303214,-0.044300,-0.262348,-0.304197,-0.013823,-0.281566,-0.287587,-0.059985,-0.305993,-0.244927,-0.070456,-0.312097,-0.281976
2026-05-27 14:52:08.575,176.599861,0.000000,0.000000,0.000000,0.032934,-0.255502,-0.305180,-0.121661,-0.267071,-0.303454,-0.044364,-0.261286,-0.304317,-0.013812,-0.281621,-0.287047,-0.059858,-0.303859,-0.245440,-0.070456,-0.312097,-0.281976
2026-05-27 14:52:08.675,176.699861,0.000000,0.000000,0.000000,0.032934,-0.255502,-0.305180,-0.121533,-0.269194,-0.303214,-0.044300,-0.262348,-0.304197,-0.013487,-0.279533,-0.287221,-0.059210,-0.301755,-0.245971,-0.070466,-0.312046,-0.282479
2026-05-27 14:52:08.775,176.799861,0.000000,0.000000,0.000000,0.032439,-0.257586,-0.304943,-0.121661,-0.267071,-0.303454,-0.044611,-0.262329,-0.304198,-0.013812,-0.281621,-0.287047,-0.058841,-0.303815,-0.246500,-0.070466,-0.312046,-0.282479
2026-05-27 14:52:08.875,176.899861,0.000000,0.000000,0.000000,0.032934,-0.255502,-0.305180,-0.121661,-0.267071,-0.303454,-0.044364,-0.261286,-0.304317,-0.013812,-0.281621,-0.287047,-0.058333,-0.303794,-0.247030,-0.070466,-0.312046,-0.282479
2026-05-27 14:52:08.975,176.999861,0.000000,0.000000,0.000000,0.032439,-0.257586,-0.304943,-0.121533,-0.269194,-0.303214,-0.044547,-0.263390,-0.304078,-0.013823,-0.281566,-0.287587,-0.057970,-0.305855,-0.247552,-0.070466,-0.312046,-0.282479
2026-05-27 14:52:09.075,177.099861,0.000000,0.000000,0.000000,0.033429,-0.253418,-0.305418,-0.121533,-0.269194,-0.303214,-0.044052,-0.261306,-0.304316,-0.013497,-0.279478,-0.287763,-0.057980,-0.305802,-0.248067,-0.070009,-0.313126,-0.282409
2026-05-27 14:52:09.175,177.199861,0.000000,0.000000,0.000000,0.032934,-0.255502,-0.305180,-0.121113,-0.267103,-0.303468,-0.044090,-0.261303,-0.304324,-0.013823,-0.281566,-0.287587,-0.057622,-0.307864,-0.248583,-0.069866,-0.309974,-0.282658
2026-05-27 14:52:09.275,177.299861,0.000000,0.000000,0.000000,0.032934,-0.255502,-0.305180,-0.121661,-0.267071,-0.303454,-0.044364,-0.261286,-0.304317,-0.013497,-0.279478,-0.287763,-0.057622,-0.307864,-0.248583,-0.069961,-0.312076,-0.282492
2026-05-27 14:52:09.375,177.399861,0.000000,0.000000,0.000000,0.032439,-0.257586,-0.304943,-0.121661,-0.267071,-0.303454,-0.044611,-0.262329,-0.304198,-0.013497,-0.279478,-0.287763,-0.057252,-0.302656,-0.248613,-0.069961,-0.312076,-0.282492
2026-05-27 14:52:09.475,177.499861,0.000000,0.000000,0.000000,0.032439,-0.257586,-0.304943,-0.121661,-0.267071,-0.303454,-0.044611,-0.262329,-0.304198,-0.013823,-0.281566,-0.287587,-0.056141,-0.287034,-0.248706,-0.069866,-0.309974,-0.282658
2026-05-27 14:52:09.575,177.599860,0.000000,0.000000,0.000000,0.032934,-0.255502,-0.305180,-0.121113,-0.267103,-0.303468,-0.044090,-0.261303,-0.304324,-0.013497,-0.279478,-0.287763,-0.057631,-0.307812,-0.249095,-0.069866,-0.309974,-0.282658
2026-05-27 14:52:09.675,177.699860,0.000000,0.000000,0.000000,0.032934,-0.255502,-0.305180,-0.121661,-0.267071,-0.303454,-0.044364,-0.261286,-0.304317,-0.013497,-0.279478,-0.287763,-0.057474,-0.305781,-0.248595,-0.069961,-0.312076,-0.282492
2026-05-27 14:52:09.775,177.799860,0.000000,0.000000,0.000000,0.032439,-0.257586,-0.304943,-0.121672,-0.267016,-0.304001,-0.044616,-0.262301,-0.304472,-0.013497,-0.279478,-0.287763,-0.057622,-0.307864,-0.248583,-0.069961,-0.312076,-0.282492
2026-05-27 14:52:09.875,177.899860,0.000000,0.000000,0.000000,0.032439,-0.257586,-0.304943,-0.121533,-0.269194,-0.303214,-0.044547,-0.263390,-0.304078,-0.013823,-0.281566,-0.287587,-0.057622,-0.307864,-0.248583,-0.069961,-0.312076,-0.282492
2026-05-27 14:52:09.975,177.999860,0.000000,0.000000,0.000000,0.033429,-0.253418,-0.305418,-0.121661,-0.267071,-0.303454,-0.044116,-0.260244,-0.304436,-0.013497,-0.279478,-0.287763,-0.057548,-0.306822,-0.248589,-0.069961,-0.312076,-0.282492
2026-05-27 14:52:10.075,178.099860,0.000000,0.000000,0.000000,0.032934,-0.255502,-0.305180,-0.121661,-0.267071,-0.303454,-0.044364,-0.261286,-0.304317,-0.013823,-0.281566,-0.287587,-0.057474,-0.305781,-0.248595,-0.069961,-0.312076,-0.282492
2026-05-27 14:52:10.175,178.199860,0.000000,0.000000,0.000000,0.033429,-0.253418,-0.305418,-0.121533,-0.269194,-0.303214,-0.044052,-0.261306,-0.304316,-0.013497,-0.279478,-0.287763,-0.057326,-0.303698,-0.248607,-0.069961,-0.312076,-0.282492
2026-05-27 14:52:10.275,178.299860,0.000000,0.000000,0.000000,0.032934,-0.255502,-0.305180,-0.121661,-0.267071,-0.303454,-0.044364,-0.261286,-0.304317,-0.013823,-0.281566,-0.287587,-0.057326,-0.303698,-0.248607,-0.069961,-0.312076,-0.282492
2026-05-27 14:52:10.375,178.399860,0.000000,0.000000,0.000000,0.032439,-0.257586,-0.304943,-0.121661,-0.267071,-0.303454,-0.044611,-0.262329,-0.304198,-0.013487,-0.279533,-0.287221,-0.057474,-0.305781,-0.248595,-0.069961,-0.312076,-0.282492
2026-05-27 14:52:10.475,178.499860,0.000000,0.000000,0.000000,0.032439,-0.257586,-0.304943,-0.121533,-0.269194,-0.303214,-0.044547,-0.263390,-0.304078,-0.013497,-0.279478,-0.287763,-0.057104,-0.300573,-0.248626,-0.069961,-0.312076,-0.282492
2026-05-27 14:52:10.575,178.599859,0.000000,0.000000,0.000000,0.032934,-0.255502,-0.305180,-0.121533,-0.269194,-0.303214,-0.044300,-0.262348,-0.304197,-0.013823,-0.281566,-0.287587,-0.057326,-0.303698,-0.248607,-0.069866,-0.309974,-0.282658
2026-05-27 14:52:10.675,178.699859,0.000000,0.000000,0.000000,0.032934,-0.255502,-0.305180,-0.121533,-0.269194,-0.303214,-0.044300,-0.262348,-0.304197,-0.013823,-0.281566,-0.287587,-0.057474,-0.305781,-0.248595,-0.069961,-0.312076,-0.282492
2026-05-27 14:52:10.775,178.799859,0.000000,0.000000,0.000000,0.032439,-0.257586,-0.304943,-0.121661,-0.267071,-0.303454,-0.044611,-0.262329,-0.304198,-0.013823,-0.281566,-0.287587,-0.057474,-0.305781,-0.248595,-0.069961,-0.312076,-0.282492
2026-05-27 14:52:10.875,178.899859,0.000000,0.000000,0.000000,0.032439,-0.257586,-0.304943,-0.121661,-0.267071,-0.303454,-0.044611,-0.262329,-0.304198,-0.013823,-0.281566,-0.287587,-0.057474,-0.305781,-0.248595,-0.069961,-0.312076,-0.282492
2026-05-27 14:52:10.975,178.999859,0.000000,0.000000,0.000000,0.032439,-0.257586,-0.304943,-0.121661,-0.267071,-0.303454,-0.044611,-0.262329,-0.304198,-0.013823,-0.281566,-0.287587,-0.057326,-0.303698,-0.248607,-0.069866,-0.309974,-0.282658
2026-05-27 14:52:11.075,179.099859,0.000000,0.000000,0.000000,0.032934,-0.255502,-0.305180,-0.121661,-0.267071,-0.303454,-0.044364,-0.261286,-0.304317,-0.013497,-0.279478,-0.287763,-0.057474,-0.305781,-0.248595,-0.069961,-0.312076,-0.282492
2026-05-27 14:52:11.175,179.199859,0.000000,0.000000,0.000000,0.031944,-0.259670,-0.304706,-0.121725,-0.266009,-0.303574,-0.044891,-0.262840,-0.304140,-0.013497,-0.279478,-0.287763,-0.057622,-0.307864,-0.248583,-0.069961,-0.312076,-0.282492
2026-05-27 14:52:11.275,179.299859,0.000000,0.000000,0.000000,0.032934,-0.255502,-0.305180,-0.121789,-0.264948,-0.303694,-0.044428,-0.260225,-0.304437,-0.013497,-0.279478,-0.287763,-0.057474,-0.305781,-0.248595,-0.069961,-0.312076,-0.282492
2026-05-27 14:52:11.375,179.399859,0.000000,0.000000,0.000000,0.032439,-0.257586,-0.304943,-0.121672,-0.267016,-0.304001,-0.044616,-0.262301,-0.304472,-0.013497,-0.279478,-0.287763,-0.057474,-0.305781,-0.248595,-0.069866,-0.309974,-0.282658
2026-05-27 14:52:11.475,179.499859,0.000000,0.000000,0.000000,0.032439,-0.257586,-0.304943,-0.121789,-0.264948,-0.303694,-0.044675,-0.261267,-0.304318,-0.013823,-0.281566,-0.287587,-0.057474,-0.305781,-0.248595,-0.069866,-0.309974,-0.282658
2026-05-27 14:52:11.575,179.599859,0.000000,0.000000,0.000000,0.032934,-0.255502,-0.305180,-0.121661,-0.267071,-0.303454,-0.044364,-0.261286,-0.304317,-0.013497,-0.279478,-0.287763,-0.057474,-0.305781,-0.248595,-0.069961,-0.312076,-0.282492
2026-05-27 14:52:11.675,179.699858,0.000000,0.000000,0.000000,0.032439,-0.257586,-0.304943,-0.121113,-0.267103,-0.303468,-0.044337,-0.262345,-0.304205,-0.013497,-0.279478,-0.287763,-0.057252,-0.302656,-0.248613,-0.069866,-0.309974,-0.282658
2026-05-27 14:52:11.775,179.799858,0.000000,0.000000,0.000000,0.032439,-0.257586,-0.304943,-0.121661,-0.267071,-0.303454,-0.044611,-0.262329,-0.304198,-0.013497,-0.279478,-0.287763,-0.057474,-0.305781,-0.248595,-0.069961,-0.312076,-0.282492
2026-05-27 14:52:11.875,179.899858,0.000000,0.000000,0.000000,0.032439,-0.257586,-0.304943,-0.121661,-0.267071,-0.303454,-0.044611,-0.262329,-0.304198,-0.013497,-0.279478,-0.287763,-0.057400,-0.304739,-0.248601,-0.069866,-0.309974,-0.282658
2026-05-27 14:52:11.975,179.999858,0.000000,0.000000,0.000000,0.032934,-0.255502,-0.305180,-0.121533,-0.269194,-0.303214,-0.044300,-0.262348,-0.304197,-0.013660,-0.280522,-0.287675,-0.057326,-0.303698,-0.248607,-0.069866,-0.309974,-0.282658
2026-05-27 14:52:12.075,180.099858,0.000000,0.000000,0.000000,0.032934,-0.255502,-0.305180,-0.121661,-0.267071,-0.303454,-0.044364,-0.261286,-0.304317,-0.013497,-0.279478,-0.287763,-0.057474,-0.305781,-0.248595,-0.069961,-0.312076,-0.282492
2026-05-27 14:52:12.175,180.199858,0.000000,0.000000,0.000000,0.032439,-0.257586,-0.304943,-0.121661,-0.267071,-0.303454,-0.044611,-0.262329,-0.304198,-0.013497,-0.279478,-0.287763,-0.057474,-0.305781,-0.248595,-0.069866,-0.309974,-0.282658
2026-05-27 14:52:12.275,180.299858,0.000000,0.000000,0.000000,0.032934,-0.255502,-0.305180,-0.121661,-0.267071,-0.303454,-0.044364,-0.261286,-0.304317,-0.013823,-0.281566,-0.287587,-0.057474,-0.305781,-0.248595,-0.069961,-0.312076,-0.282492
2026-05-27 14:52:12.375,180.399858,0.000000,0.000000,0.000000,0.032934,-0.255502,-0.305180,-0.121799,-0.264893,-0.304243,-0.044433,-0.260197,-0.304712,-0.013823,-0.281566,-0.287587,-0.057326,-0.303698,-0.248607,-0.069961,-0.312076,-0.282492
2026-05-27 14:52:12.475,180.499858,0.000000,0.000000,0.000000,0.032934,-0.255502,-0.305180,-0.121661,-0.267071,-0.303454,-0.044364,-0.261286,-0.304317,-0.013497,-0.279478,-0.287763,-0.057326,-0.303698,-0.248607,-0.069866,-0.309974,-0.282658
2026-05-27 14:52:12.575,180.599858,0.000000,0.000000,0.000000,0.033429,-0.253418,-0.305418,-0.121661,-0.267071,-0.303454,-0.044116,-0.260244,-0.304436,-0.013497,-0.279478,-0.287763,-0.057326,-0.303698,-0.248607,-0.069961,-0.312076,-0.282492
2026-05-27 14:52:12.675,180.699857,0.000000,0.000000,0.000000,0.032934,-0.255502,-0.305180,-0.121533,-0.269194,-0.303214,-0.044300,-0.262348,-0.304197,-0.013497,-0.279478,-0.287763,-0.057474,-0.305781,-0.248595,-0.069961,-0.312076,-0.282492
2026-05-27 14:52:12.775,180.799857,0.000000,0.000000,0.000000,0.032934,-0.255502,-0.305180,-0.121672,-0.267016,-0.304001,-0.044369,-0.261259,-0.304590,-0.013497,-0.279478,-0.287763,-0.057326,-0.303698,-0.248607,-0.069961,-0.312076,-0.282492
2026-05-27 14:52:12.875,180.899857,0.000000,0.000000,0.000000,0.032439,-0.257586,-0.304943,-0.121672,-0.267016,-0.304001,-0.044616,-0.262301,-0.304472,-0.013497,-0.279478,-0.287763,-0.057474,-0.305781,-0.248595,-0.069961,-0.312076,-0.282492
2026-05-27 14:52:12.975,180.999857,0.000000,0.000000,0.000000,0.032439,-0.257586,-0.304943,-0.121113,-0.267103,-0.303468,-0.044337,-0.262345,-0.304205,-0.013497,-0.279478,-0.287763,-0.057326,-0.303698,-0.248607,-0.069866,-0.309974,-0.282658
2026-05-27 14:52:13.075,181.099857,0.000000,0.000000,0.000000,0.032439,-0.257586,-0.304943,-0.120988,-0.269226,-0.303227,-0.044275,-0.263406,-0.304085,-0.013497,-0.279478,-0.287763,-0.057474,-0.305781,-0.248595,-0.069961,-0.312076,-0.282492
2026-05-27 14:52:13.175,181.199857,0.000000,0.000000,0.000000,0.032439,-0.257586,-0.304943,-0.121661,-0.267071,-0.303454,-0.044611,-0.262329,-0.304198,-0.013497,-0.279478,-0.287763,-0.057326,-0.303698,-0.248607,-0.069866,-0.309974,-0.282658
2026-05-27 14:52:13.275,181.299857,0.000000,0.000000,0.000000,0.032439,-0.257586,-0.304943,-0.120988,-0.269226,-0.303227,-0.044275,-0.263406,-0.304085,-0.013823,-0.281566,-0.287587,-0.057474,-0.305781,-0.248595,-0.069961,-0.312076,-0.282492
2026-05-27 14:52:13.375,181.399857,0.000000,0.000000,0.000000,0.033429,-0.253418,-0.305418,-0.121533,-0.269194,-0.303214,-0.044052,-0.261306,-0.304316,-0.013660,-0.280522,-0.287675,-0.057030,-0.299532,-0.248632,-0.069914,-0.311025,-0.282575
2026-05-27 14:52:13.475,181.499857,0.000000,0.000000,0.000000,0.032934,-0.255502,-0.305180,-0.121661,-0.267071,-0.303454,-0.044364,-0.261286,-0.304317,-0.013497,-0.279478,-0.287763,-0.057474,-0.305781,-0.248595,-0.069961,-0.312076,-0.282492
2026-05-27 14:52:13.575,181.599857,0.000000,0.000000,0.000000,0.032439,-0.257586,-0.304943,-0.121661,-0.267071,-0.303454,-0.044611,-0.262329,-0.304198,-0.013497,-0.279478,-0.287763,-0.057326,-0.303698,-0.248607,-0.069866,-0.309974,-0.282658
2026-05-27 14:52:13.675,181.699857,0.000000,0.000000,0.000000,0.032934,-0.255502,-0.305180,-0.121533,-0.269194,-0.303214,-0.044300,-0.262348,-0.304197,-0.013497,-0.279478,-0.287763,-0.057326,-0.303698,-0.248607,-0.069961,-0.312076,-0.282492
2026-05-27 14:52:13.775,181.799856,0.000000,0.000000,0.000000,0.032439,-0.257586,-0.304943,-0.121533,-0.269194,-0.303214,-0.044547,-0.263390,-0.304078,-0.013497,-0.279478,-0.287763,-0.057326,-0.303698,-0.248607,-0.069961,-0.312076,-0.282492
2026-05-27 14:52:13.875,181.899856,0.000000,0.000000,0.000000,0.032439,-0.257586,-0.304943,-0.121661,-0.267071,-0.303454,-0.044611,-0.262329,-0.304198,-0.013497,-0.279478,-0.287763,-0.057474,-0.305781,-0.248595,-0.069961,-0.312076,-0.282492
2026-05-27 14:52:13.975,181.999856,0.000000,0.000000,0.000000,0.032934,-0.255502,-0.305180,-0.121533,-0.269194,-0.303214,-0.044300,-0.262348,-0.304197,-0.013497,-0.279478,-0.287763,-0.057118,-0.307842,-0.249108,-0.070373,-0.309944,-0.282645
2026-05-27 14:52:14.075,182.099856,0.000000,0.000000,0.000000,0.032439,-0.257586,-0.304943,-0.121661,-0.267071,-0.303454,-0.044611,-0.262329,-0.304198,-0.013282,-0.281598,-0.287601,-0.056255,-0.309934,-0.249629,-0.070475,-0.311995,-0.282983
2026-05-27 14:52:14.175,182.199856,0.000000,0.000000,0.000000,0.031944,-0.259670,-0.304706,-0.121661,-0.267071,-0.303454,-0.044859,-0.263371,-0.304080,-0.013282,-0.281598,-0.287601,-0.055901,-0.312047,-0.249625,-0.070475,-0.311995,-0.282983
2026-05-27 14:52:14.275,182.299856,0.000000,0.000000,0.000000,0.032934,-0.255502,-0.305180,-0.121661,-0.267071,-0.303454,-0.044364,-0.261286,-0.304317,-0.013282,-0.281598,-0.287601,-0.055901,-0.312047,-0.249625,-0.070475,-0.311995,-0.282983
2026-05-27 14:52:14.375,182.399856,0.000000,0.000000,0.000000,0.032439,-0.257586,-0.304943,-0.121661,-0.267071,-0.303454,-0.044611,-0.262329,-0.304198,-0.013282,-0.281598,-0.287601,-0.055710,-0.316243,-0.249603,-0.070980,-0.311965,-0.282970
2026-05-27 14:52:14.475,182.499856,0.000000,0.000000,0.000000,0.032934,-0.255502,-0.305180,-0.121113,-0.267103,-0.303468,-0.044090,-0.261303,-0.304324,-0.013609,-0.283687,-0.287424,-0.055710,-0.316243,-0.249603,-0.071070,-0.314067,-0.282802
2026-05-27 14:52:14.575,182.599856,0.000000,0.000000,0.000000,0.033429,-0.253418,-0.305418,-0.121661,-0.267071,-0.303454,-0.044116,-0.260244,-0.304436,-0.012741,-0.281630,-0.287614,-0.055206,-0.316273,-0.249616,-0.070890,-0.309863,-0.283138
2026-05-27 14:52:14.675,182.699856,0.000000,0.000000,0.000000,0.032439,-0.257586,-0.304943,-0.121661,-0.267071,-0.303454,-0.044611,-0.262329,-0.304198,-0.012741,-0.281630,-0.287614,-0.055206,-0.316273,-0.249616,-0.070980,-0.311965,-0.282970
2026-05-27 14:52:14.775,182.799855,0.000000,0.000000,0.000000,0.032439,-0.257586,-0.304943,-0.121661,-0.267071,-0.303454,-0.044611,-0.262329,-0.304198,-0.012741,-0.281630,-0.287614,-0.055206,-0.316273,-0.249616,-0.070980,-0.311965,-0.282970
2026-05-27 14:52:14.875,182.899855,0.000000,0.000000,0.000000,0.032439,-0.257586,-0.304943,-0.121533,-0.269194,-0.303214,-0.044547,-0.263390,-0.304078,-0.013070,-0.283718,-0.287438,-0.055367,-0.318355,-0.249598,-0.070980,-0.311965,-0.282970
2026-05-27 14:52:14.975,182.999855,0.000000,0.000000,0.000000,0.032934,-0.255502,-0.305180,-0.121113,-0.267103,-0.303468,-0.044090,-0.261303,-0.304324,-0.012741,-0.281630,-0.287614,-0.055367,-0.318355,-0.249598,-0.070980,-0.311965,-0.282970
2026-05-27 14:52:15.075,183.099855,0.000000,0.000000,0.000000,0.032934,-0.255502,-0.305180,-0.121661,-0.267071,-0.303454,-0.044364,-0.261286,-0.304317,-0.013282,-0.281598,-0.287601,-0.055206,-0.316273,-0.249616,-0.070980,-0.311965,-0.282970
2026-05-27 14:52:15.175,183.199855,0.000000,0.000000,0.000000,0.032439,-0.257586,-0.304943,-0.121533,-0.269194,-0.303214,-0.044547,-0.263390,-0.304078,-0.012741,-0.281630,-0.287614,-0.055367,-0.318355,-0.249598,-0.070980,-0.311965,-0.282970
2026-05-27 14:52:15.275,183.299855,0.000000,0.000000,0.000000,0.032934,-0.255502,-0.305180,-0.121533,-0.269194,-0.303214,-0.044300,-0.262348,-0.304197,-0.013282,-0.281598,-0.287601,-0.055367,-0.318355,-0.249598,-0.070980,-0.311965,-0.282970
2026-05-27 14:52:15.375,183.399855,0.000000,0.000000,0.000000,0.032439,-0.257586,-0.304943,-0.121661,-0.267071,-0.303454,-0.044611,-0.262329,-0.304198,-0.012741,-0.281630,-0.287614,-0.055206,-0.316273,-0.249616,-0.070980,-0.311965,-0.282970
2026-05-27 14:52:15.475,183.499855,0.000000,0.000000,0.000000,0.031944,-0.259670,-0.304706,-0.121661,-0.267071,-0.303454,-0.044859,-0.263371,-0.304080,-0.013282,-0.281598,-0.287601,-0.055206,-0.316273,-0.249616,-0.070980,-0.311965,-0.282970
2026-05-27 14:52:15.575,183.599855,0.000000,0.000000,0.000000,0.032934,-0.255502,-0.305180,-0.121789,-0.264948,-0.303694,-0.044428,-0.260225,-0.304437,-0.012741,-0.281630,-0.287614,-0.055367,-0.318355,-0.249598,-0.070980,-0.311965,-0.282970
2026-05-27 14:52:15.675,183.699855,0.000000,0.000000,0.000000,0.031944,-0.259670,-0.304706,-0.121406,-0.271316,-0.302974,-0.044731,-0.265493,-0.303840,-0.012741,-0.281630,-0.287614,-0.055206,-0.316273,-0.249616,-0.070980,-0.311965,-0.282970
2026-05-27 14:52:15.775,183.799855,0.000000,0.000000,0.000000,0.032934,-0.255502,-0.305180,-0.121661,-0.267071,-0.303454,-0.044364,-0.261286,-0.304317,-0.013282,-0.281598,-0.287601,-0.055367,-0.318355,-0.249598,-0.070980,-0.311965,-0.282970
2026-05-27 14:52:15.875,183.899854,0.000000,0.000000,0.000000,0.032934,-0.255502,-0.305180,-0.121533,-0.269194,-0.303214,-0.044300,-0.262348,-0.304197,-0.013282,-0.281598,-0.287601,-0.055206,-0.316273,-0.249616,-0.070890,-0.309863,-0.283138
2026-05-27 14:52:15.975,183.999854,0.000000,0.000000,0.000000,0.032439,-0.257586,-0.304943,-0.120988,-0.269226,-0.303227,-0.044275,-0.263406,-0.304085,-0.013070,-0.283718,-0.287438,-0.055206,-0.316273,-0.249616,-0.070980,-0.311965,-0.282970
2026-05-27 14:52:16.075,184.099854,0.000000,0.000000,0.000000,0.032439,-0.257586,-0.304943,-0.121661,-0.267071,-0.303454,-0.044611,-0.262329,-0.304198,-0.012741,-0.281630,-0.287614,-0.055206,-0.316273,-0.249616,-0.070980,-0.311965,-0.282970
2026-05-27 14:52:16.175,184.199854,0.000000,0.000000,0.000000,0.031944,-0.259670,-0.304706,-0.121672,-0.267016,-0.304001,-0.044864,-0.263343,-0.304353,-0.013070,-0.283718,-0.287438,-0.055206,-0.316273,-0.249616,-0.070980,-0.311965,-0.282970
2026-05-27 14:52:16.275,184.299854,0.000000,0.000000,0.000000,0.032934,-0.255502,-0.305180,-0.121661,-0.267071,-0.303454,-0.044364,-0.261286,-0.304317,-0.012741,-0.281630,-0.287614,-0.055206,-0.316273,-0.249616,-0.070980,-0.311965,-0.282970
2026-05-27 14:52:16.375,184.399854,0.000000,0.000000,0.000000,0.032439,-0.257586,-0.304943,-0.121113,-0.267103,-0.303468,-0.044337,-0.262345,-0.304205,-0.012741,-0.281630,-0.287614,-0.055206,-0.316273,-0.249616,-0.070980,-0.311965,-0.282970
2026-05-27 14:52:16.475,184.499854,0.000000,0.000000,0.000000,0.032934,-0.255502,-0.305180,-0.121661,-0.267071,-0.303454,-0.044364,-0.261286,-0.304317,-0.013282,-0.281598,-0.287601,-0.055367,-0.318355,-0.249598,-0.070980,-0.311965,-0.282970
2026-05-27 14:52:16.575,184.599854,0.000000,0.000000,0.000000,0.032934,-0.255502,-0.305180,-0.121661,-0.267071,-0.303454,-0.044364,-0.261286,-0.304317,-0.012741,-0.281630,-0.287614,-0.055206,-0.316273,-0.249616,-0.070980,-0.311965,-0.282970
2026-05-27 14:52:16.675,184.699854,0.000000,0.000000,0.000000,0.032439,-0.257586,-0.304943,-0.121533,-0.269194,-0.303214,-0.044547,-0.263390,-0.304078,-0.012741,-0.281630,-0.287614,-0.055206,-0.316273,-0.249616,-0.070980,-0.311965,-0.282970
2026-05-27 14:52:16.775,184.799854,0.000000,0.000000,0.000000,0.032934,-0.255502,-0.305180,-0.121661,-0.267071,-0.303454,-0.044364,-0.261286,-0.304317,-0.013282,-0.281598,-0.287601,-0.055367,-0.318355,-0.249598,-0.070980,-0.311965,-0.282970
2026-05-27 14:52:16.875,184.899853,0.000000,0.000000,0.000000,0.032439,-0.257586,-0.304943,-0.121661,-0.267071,-0.303454,-0.044611,-0.262329,-0.304198,-0.012741,-0.281630,-0.287614,-0.055206,-0.316273,-0.249616,-0.070980,-0.311965,-0.282970
2026-05-27 14:52:16.975,184.999853,0.000000,0.000000,0.000000,0.032934,-0.255502,-0.305180,-0.121661,-0.267071,-0.303454,-0.044364,-0.261286,-0.304317,-0.012741,-0.281630,-0.287614,-0.055206,-0.316273,-0.249616,-0.070980,-0.311965,-0.282970
2026-05-27 14:52:17.075,185.099853,0.000000,0.000000,0.000000,0.032934,-0.255502,-0.305180,-0.120988,-0.269226,-0.303227,-0.044027,-0.262364,-0.304204,-0.013282,-0.281598,-0.287601,-0.055367,-0.318355,-0.249598,-0.070890,-0.309863,-0.283138
2026-05-27 14:52:17.175,185.199853,0.000000,0.000000,0.000000,0.032934,-0.255502,-0.305180,-0.121661,-0.267071,-0.303454,-0.044364,-0.261286,-0.304317,-0.013282,-0.281598,-0.287601,-0.055206,-0.316273,-0.249616,-0.070980,-0.311965,-0.282970
2026-05-27 14:52:17.275,185.299853,0.000000,0.000000,0.000000,0.032934,-0.255502,-0.305180,-0.121533,-0.269194,-0.303214,-0.044300,-0.262348,-0.304197,-0.012741,-0.281630,-0.287614,-0.056029,-0.320408,-0.249569,-0.070980,-0.311965,-0.282970
2026-05-27 14:52:17.375,185.399853,0.000000,0.000000,0.000000,0.032934,-0.255502,-0.305180,-0.121661,-0.267071,-0.303454,-0.044364,-0.261286,-0.304317,-0.013282,-0.281598,-0.287601,-0.055206,-0.316273,-0.249616,-0.070980,-0.311965,-0.282970
2026-05-27 14:52:17.475,185.499853,0.000000,0.000000,0.000000,0.032934,-0.255502,-0.305180,-0.121661,-0.267071,-0.303454,-0.044364,-0.261286,-0.304317,-0.013609,-0.283687,-0.287424,-0.055206,-0.316273,-0.249616,-0.070980,-0.311965,-0.282970
2026-05-27 14:52:17.575,185.599853,0.000000,0.000000,0.000000,0.032934,-0.255502,-0.305180,-0.121661,-0.267071,-0.303454,-0.044364,-0.261286,-0.304317,-0.013609,-0.283687,-0.287424,-0.055206,-0.316273,-0.249616,-0.070980,-0.311965,-0.282970
2026-05-27 14:52:17.675,185.699853,0.000000,0.000000,0.000000,0.032439,-0.257586,-0.304943,-0.121661,-0.267071,-0.303454,-0.044611,-0.262329,-0.304198,-0.013282,-0.281598,-0.287601,-0.055206,-0.316273,-0.249616,-0.070980,-0.311965,-0.282970
2026-05-27 14:52:17.775,185.799853,0.000000,0.000000,0.000000,0.032439,-0.257586,-0.304943,-0.121533,-0.269194,-0.303214,-0.044547,-0.263390,-0.304078,-0.013282,-0.281598,-0.287601,-0.055358,-0.318406,-0.249097,-0.070980,-0.311965,-0.282970
2026-05-27 14:52:17.875,185.899853,0.000000,0.000000,0.000000,0.032934,-0.255502,-0.305180,-0.121661,-0.267071,-0.303454,-0.044364,-0.261286,-0.304317,-0.013070,-0.283718,-0.287438,-0.055206,-0.316273,-0.249616,-0.070980,-0.311965,-0.282970
2026-05-27 14:52:17.975,185.999852,0.000000,0.000000,0.000000,0.031944,-0.259670,-0.304706,-0.121239,-0.264981,-0.303708,-0.044648,-0.262325,-0.304207,-0.012741,-0.281630,-0.287614,-0.055358,-0.318406,-0.249097,-0.070980,-0.311965,-0.282970
2026-05-27 14:52:18.075,186.099852,0.000000,0.000000,0.000000,0.032934,-0.255502,-0.305180,-0.121533,-0.269194,-0.303214,-0.044300,-0.262348,-0.304197,-0.013282,-0.281598,-0.287601,-0.055196,-0.316323,-0.249112,-0.070980,-0.311965,-0.282970
2026-05-27 14:52:18.175,186.199852,0.000000,0.000000,0.000000,0.032934,-0.255502,-0.305180,-0.121113,-0.267103,-0.303468,-0.044090,-0.261303,-0.304324,-0.013282,-0.281598,-0.287601,-0.055196,-0.316323,-0.249112,-0.070980,-0.311965,-0.282970
2026-05-27 14:52:18.275,186.299852,0.000000,0.000000,0.000000,0.032439,-0.257586,-0.304943,-0.121661,-0.267071,-0.303454,-0.044611,-0.262329,-0.304198,-0.013609,-0.283687,-0.287424,-0.056019,-0.320459,-0.249070,-0.070980,-0.311965,-0.282970
2026-05-27 14:52:18.375,186.399852,0.000000,0.000000,0.000000,0.032934,-0.255502,-0.305180,-0.121113,-0.267103,-0.303468,-0.044090,-0.261303,-0.304324,-0.013609,-0.283687,-0.287424,-0.055196,-0.316323,-0.249112,-0.070980,-0.311965,-0.282970
2026-05-27 14:52:18.475,186.499852,0.000000,0.000000,0.000000,0.032439,-0.257586,-0.304943,-0.121113,-0.267103,-0.303468,-0.044337,-0.262345,-0.304205,-0.012741,-0.281630,-0.287614,-0.055206,-0.316273,-0.249616,-0.070980,-0.311965,-0.282970
2026-05-27 14:52:18.575,186.599852,0.000000,0.000000,0.000000,0.032439,-0.257586,-0.304943,-0.121672,-0.267016,-0.304001,-0.044616,-0.262301,-0.304472,-0.013609,-0.283687,-0.287424,-0.055860,-0.318376,-0.249085,-0.070980,-0.311965,-0.282970
2026-05-27 14:52:18.675,186.699852,0.000000,0.000000,0.000000,0.032439,-0.257586,-0.304943,-0.120988,-0.269226,-0.303227,-0.044275,-0.263406,-0.304085,-0.013282,-0.281598,-0.287601,-0.055860,-0.318376,-0.249085,-0.070980,-0.311965,-0.282970
2026-05-27 14:52:18.775,186.799852,0.000000,0.000000,0.000000,0.032439,-0.257586,-0.304943,-0.121113,-0.267103,-0.303468,-0.044337,-0.262345,-0.304205,-0.013282,-0.281598,-0.287601,-0.055860,-0.318376,-0.249085,-0.070980,-0.311965,-0.282970
2026-05-27 14:52:18.875,186.899852,0.000000,0.000000,0.000000,0.032934,-0.255502,-0.305180,-0.121533,-0.269194,-0.303214,-0.044300,-0.262348,-0.304197,-0.012741,-0.281630,-0.287614,-0.055701,-0.316294,-0.249100,-0.070980,-0.311965,-0.282970
2026-05-27 14:52:18.975,186.999851,0.000000,0.000000,0.000000,0.031944,-0.259670,-0.304706,-0.121661,-0.267071,-0.303454,-0.044859,-0.263371,-0.304080,-0.013070,-0.283718,-0.287438,-0.055358,-0.318406,-0.249097,-0.070980,-0.311965,-0.282970
2026-05-27 14:52:19.075,187.099851,0.000000,0.000000,0.000000,0.032934,-0.255502,-0.305180,-0.121789,-0.264948,-0.303694,-0.044428,-0.260225,-0.304437,-0.013282,-0.281598,-0.287601,-0.055860,-0.318376,-0.249085,-0.070980,-0.311965,-0.282970
2026-05-27 14:52:19.175,187.199851,0.000000,0.000000,0.000000,0.032439,-0.257586,-0.304943,-0.121113,-0.267103,-0.303468,-0.044337,-0.262345,-0.304205,-0.012741,-0.281630,-0.287614,-0.055860,-0.318376,-0.249085,-0.070980,-0.311965,-0.282970
2026-05-27 14:52:19.275,187.299851,0.000000,0.000000,0.000000,0.032934,-0.255502,-0.305180,-0.121113,-0.267103,-0.303468,-0.044090,-0.261303,-0.304324,-0.013609,-0.283687,-0.287424,-0.055860,-0.318376,-0.249085,-0.070980,-0.311965,-0.282970
2026-05-27 14:52:19.375,187.399851,0.000000,0.000000,0.000000,0.032439,-0.257586,-0.304943,-0.121661,-0.267071,-0.303454,-0.044611,-0.262329,-0.304198,-0.012741,-0.281630,-0.287614,-0.055710,-0.316243,-0.249603,-0.070980,-0.311965,-0.282970
2026-05-27 14:52:19.475,187.499851,0.000000,0.000000,0.000000,0.032439,-0.257586,-0.304943,-0.121661,-0.267071,-0.303454,-0.044611,-0.262329,-0.304198,-0.013070,-0.283718,-0.287438,-0.055860,-0.318376,-0.249085,-0.070980,-0.311965,-0.282970
2026-05-27 14:52:19.575,187.599851,0.000000,0.000000,0.000000,0.032934,-0.255502,-0.305180,-0.121661,-0.267071,-0.303454,-0.044364,-0.261286,-0.304317,-0.013282,-0.281598,-0.287601,-0.055860,-0.318376,-0.249085,-0.070980,-0.311965,-0.282970
2026-05-27 14:52:19.675,187.699851,0.000000,0.000000,0.000000,0.032934,-0.255502,-0.305180,-0.121113,-0.267103,-0.303468,-0.044090,-0.261303,-0.304324,-0.013282,-0.281598,-0.287601,-0.055860,-0.318376,-0.249085,-0.070980,-0.311965,-0.282970
2026-05-27 14:52:19.775,187.799851,0.000000,0.000000,0.000000,0.032934,-0.255502,-0.305180,-0.121789,-0.264948,-0.303694,-0.044428,-0.260225,-0.304437,-0.012741,-0.281630,-0.287614,-0.055701,-0.316294,-0.249100,-0.070980,-0.311965,-0.282970
2026-05-27 14:52:19.875,187.899851,0.000000,0.000000,0.000000,0.032934,-0.255502,-0.305180,-0.121661,-0.267071,-0.303454,-0.044364,-0.261286,-0.304317,-0.013609,-0.283687,-0.287424,-0.055277,-0.317365,-0.249105,-0.070980,-0.311965,-0.282970
2026-05-27 14:52:19.975,187.999851,0.000000,0.000000,0.000000,0.032934,-0.255502,-0.305180,-0.121661,-0.267071,-0.303454,-0.044364,-0.261286,-0.304317,-0.013282,-0.281598,-0.287601,-0.055367,-0.318355,-0.249598,-0.070980,-0.311965,-0.282970
2026-05-27 14:52:20.075,188.099850,0.000000,0.000000,0.000000,0.032439,-0.257586,-0.304943,-0.121661,-0.267071,-0.303454,-0.044611,-0.262329,-0.304198,-0.013282,-0.281598,-0.287601,-0.054711,-0.316251,-0.250132,-0.070475,-0.311995,-0.282983
2026-05-27 14:52:20.175,188.199850,0.000000,0.000000,0.000000,0.032934,-0.255502,-0.305180,-0.121661,-0.267071,-0.303454,-0.044364,-0.261286,-0.304317,-0.013282,-0.281598,-0.287601,-0.054547,-0.314169,-0.250151,-0.070475,-0.311995,-0.282983
2026-05-27 14:52:20.275,188.299850,0.000000,0.000000,0.000000,0.033429,-0.253418,-0.305418,-0.121533,-0.269194,-0.303214,-0.044052,-0.261306,-0.304316,-0.013497,-0.279478,-0.287763,-0.054216,-0.316230,-0.250648,-0.070475,-0.311995,-0.282983
2026-05-27 14:52:20.375,188.399850,0.000000,0.000000,0.000000,0.032934,-0.255502,-0.305180,-0.121661,-0.267071,-0.303454,-0.044364,-0.261286,-0.304317,-0.013823,-0.281566,-0.287587,-0.053459,-0.313136,-0.250693,-0.069971,-0.312025,-0.282995
2026-05-27 14:52:20.475,188.499850,0.000000,0.000000,0.000000,0.032934,-0.255502,-0.305180,-0.121239,-0.264981,-0.303708,-0.044153,-0.260241,-0.304444,-0.013497,-0.279478,-0.287763,-0.053384,-0.312043,-0.251212,-0.069876,-0.309923,-0.283164
2026-05-27 14:52:20.575,188.599850,0.000000,0.000000,0.000000,0.032439,-0.257586,-0.304943,-0.121406,-0.271316,-0.302974,-0.044483,-0.264451,-0.303958,-0.013172,-0.277389,-0.287939,-0.052705,-0.309990,-0.251249,-0.069971,-0.312025,-0.282995
2026-05-27 14:52:20.675,188.699850,0.000000,0.000000,0.000000,0.032439,-0.257586,-0.304943,-0.121113,-0.267103,-0.303468,-0.044337,-0.262345,-0.304205,-0.013172,-0.277389,-0.287939,-0.052875,-0.312073,-0.251225,-0.069466,-0.312054,-0.283008
2026-05-27 14:52:20.775,188.799850,0.000000,0.000000,0.000000,0.032934,-0.255502,-0.305180,-0.121661,-0.267071,-0.303454,-0.044364,-0.261286,-0.304317,-0.013718,-0.277357,-0.287926,-0.052193,-0.310021,-0.251262,-0.069466,-0.312054,-0.283008
2026-05-27 14:52:20.875,188.899850,0.000000,0.000000,0.000000,0.031944,-0.259670,-0.304706,-0.121661,-0.267071,-0.303454,-0.044859,-0.263371,-0.304080,-0.013718,-0.277357,-0.287926,-0.052376,-0.312052,-0.251745,-0.069466,-0.312054,-0.283008
2026-05-27 14:52:20.975,188.999850,0.000000,0.000000,0.000000,0.032934,-0.255502,-0.305180,-0.121789,-0.264948,-0.303694,-0.044428,-0.260225,-0.304437,-0.013395,-0.275269,-0.288102,-0.051867,-0.312082,-0.251758,-0.068962,-0.312084,-0.283021
2026-05-27 14:52:21.075,189.099849,0.000000,0.000000,0.000000,0.032934,-0.255502,-0.305180,-0.121661,-0.267071,-0.303454,-0.044364,-0.261286,-0.304317,-0.013395,-0.275269,-0.288102,-0.051779,-0.311041,-0.251772,-0.068962,-0.312084,-0.283021
2026-05-27 14:52:21.175,189.199849,0.000000,0.000000,0.000000,0.032934,-0.255502,-0.305180,-0.121661,-0.267071,-0.303454,-0.044364,-0.261286,-0.304317,-0.013718,-0.277357,-0.287926,-0.051867,-0.312082,-0.251758,-0.068962,-0.312084,-0.283021
2026-05-27 14:52:21.275,189.299849,0.000000,0.000000,0.000000,0.032934,-0.255502,-0.305180,-0.121113,-0.267103,-0.303468,-0.044090,-0.261303,-0.304324,-0.013718,-0.277357,-0.287926,-0.051691,-0.309999,-0.251785,-0.069466,-0.312054,-0.283008
2026-05-27 14:52:21.375,189.399849,0.000000,0.000000,0.000000,0.033429,-0.253418,-0.305418,-0.121661,-0.267071,-0.303454,-0.044116,-0.260244,-0.304436,-0.013718,-0.277357,-0.287926,-0.051867,-0.312082,-0.251758,-0.069564,-0.314156,-0.282840
2026-05-27 14:52:21.475,189.499849,0.000000,0.000000,0.000000,0.032934,-0.255502,-0.305180,-0.121672,-0.267016,-0.304001,-0.044369,-0.261259,-0.304590,-0.013395,-0.275269,-0.288102,-0.051691,-0.309999,-0.251785,-0.068863,-0.309983,-0.283189
2026-05-27 14:52:21.575,189.599849,0.000000,0.000000,0.000000,0.032439,-0.257586,-0.304943,-0.121661,-0.267071,-0.303454,-0.044611,-0.262329,-0.304198,-0.013718,-0.277357,-0.287926,-0.051867,-0.312082,-0.251758,-0.069466,-0.312054,-0.283008
2026-05-27 14:52:21.675,189.699849,0.000000,0.000000,0.000000,0.033429,-0.253418,-0.305418,-0.121661,-0.267071,-0.303454,-0.044116,-0.260244,-0.304436,-0.013718,-0.277357,-0.287926,-0.051691,-0.309999,-0.251785,-0.069466,-0.312054,-0.283008
2026-05-27 14:52:21.775,189.799849,0.000000,0.000000,0.000000,0.032934,-0.255502,-0.305180,-0.121661,-0.267071,-0.303454,-0.044364,-0.261286,-0.304317,-0.013718,-0.277357,-0.287926,-0.051691,-0.309999,-0.251785,-0.069466,-0.312054,-0.283008
2026-05-27 14:52:21.875,189.899849,0.000000,0.000000,0.000000,0.033429,-0.253418,-0.305418,-0.121661,-0.267071,-0.303454,-0.044116,-0.260244,-0.304436,-0.013395,-0.275269,-0.288102,-0.051691,-0.309999,-0.251785,-0.068962,-0.312084,-0.283021
2026-05-27 14:52:21.975,189.999849,0.000000,0.000000,0.000000,0.032934,-0.255502,-0.305180,-0.120988,-0.269226,-0.303227,-0.044027,-0.262364,-0.304204,-0.013718,-0.277357,-0.287926,-0.051691,-0.309999,-0.251785,-0.069466,-0.312054,-0.283008
2026-05-27 14:52:22.075,190.099849,0.000000,0.000000,0.000000,0.032439,-0.257586,-0.304943,-0.121113,-0.267103,-0.303468,-0.044337,-0.262345,-0.304205,-0.013718,-0.277357,-0.287926,-0.051691,-0.309999,-0.251785,-0.069564,-0.314156,-0.282840
2026-05-27 14:52:22.175,190.199848,0.000000,0.000000,0.000000,0.032439,-0.257586,-0.304943,-0.121533,-0.269194,-0.303214,-0.044547,-0.263390,-0.304078,-0.013718,-0.277357,-0.287926,-0.051691,-0.309999,-0.251785,-0.069466,-0.312054,-0.283008
2026-05-27 14:52:22.275,190.299848,0.000000,0.000000,0.000000,0.032439,-0.257586,-0.304943,-0.121661,-0.267071,-0.303454,-0.044611,-0.262329,-0.304198,-0.013395,-0.275269,-0.288102,-0.051691,-0.309999,-0.251785,-0.069466,-0.312054,-0.283008
2026-05-27 14:52:22.375,190.399848,0.000000,0.000000,0.000000,0.032439,-0.257586,-0.304943,-0.121113,-0.267103,-0.303468,-0.044337,-0.262345,-0.304205,-0.013718,-0.277357,-0.287926,-0.051867,-0.312082,-0.251758,-0.069369,-0.309953,-0.283176
2026-05-27 14:52:22.475,190.499848,0.000000,0.000000,0.000000,0.032934,-0.255502,-0.305180,-0.121661,-0.267071,-0.303454,-0.044364,-0.261286,-0.304317,-0.013395,-0.275269,-0.288102,-0.051691,-0.309999,-0.251785,-0.069466,-0.312054,-0.283008
2026-05-27 14:52:22.575,190.599848,0.000000,0.000000,0.000000,0.032934,-0.255502,-0.305180,-0.121533,-0.269194,-0.303214,-0.044300,-0.262348,-0.304197,-0.013395,-0.275269,-0.288102,-0.051691,-0.309999,-0.251785,-0.069466,-0.312054,-0.283008
2026-05-27 14:52:22.675,190.699848,0.000000,0.000000,0.000000,0.032934,-0.255502,-0.305180,-0.121661,-0.267071,-0.303454,-0.044364,-0.261286,-0.304317,-0.012847,-0.275301,-0.288116,-0.051691,-0.309999,-0.251785,-0.069369,-0.309953,-0.283176
2026-05-27 14:52:22.775,190.799848,0.000000,0.000000,0.000000,0.032439,-0.257586,-0.304943,-0.121661,-0.267071,-0.303454,-0.044611,-0.262329,-0.304198,-0.013395,-0.275269,-0.288102,-0.051691,-0.309999,-0.251785,-0.069369,-0.309953,-0.283176
2026-05-27 14:52:22.875,190.899848,0.000000,0.000000,0.000000,0.032934,-0.255502,-0.305180,-0.121533,-0.269194,-0.303214,-0.044300,-0.262348,-0.304197,-0.013395,-0.275269,-0.288102,-0.051691,-0.309999,-0.251785,-0.069369,-0.309953,-0.283176
2026-05-27 14:52:22.975,190.999848,0.000000,0.000000,0.000000,0.033429,-0.253418,-0.305418,-0.121661,-0.267071,-0.303454,-0.044116,-0.260244,-0.304436,-0.013395,-0.275269,-0.288102,-0.051691,-0.309999,-0.251785,-0.069466,-0.312054,-0.283008
2026-05-27 14:52:23.075,191.099848,0.000000,0.000000,0.000000,0.032934,-0.255502,-0.305180,-0.120988,-0.269226,-0.303227,-0.044027,-0.262364,-0.304204,-0.013395,-0.275269,-0.288102,-0.051691,-0.309999,-0.251785,-0.069369,-0.309953,-0.283176
2026-05-27 14:52:23.175,191.199847,0.000000,0.000000,0.000000,0.032934,-0.255502,-0.305180,-0.121113,-0.267103,-0.303468,-0.044090,-0.261303,-0.304324,-0.013718,-0.277357,-0.287926,-0.051867,-0.312082,-0.251758,-0.069466,-0.312054,-0.283008
2026-05-27 14:52:23.275,191.299847,0.000000,0.000000,0.000000,0.032439,-0.257586,-0.304943,-0.121533,-0.269194,-0.303214,-0.044547,-0.263390,-0.304078,-0.013718,-0.277357,-0.287926,-0.051867,-0.312082,-0.251758,-0.069466,-0.312054,-0.283008
2026-05-27 14:52:23.375,191.399847,0.000000,0.000000,0.000000,0.032439,-0.257586,-0.304943,-0.121661,-0.267071,-0.303454,-0.044611,-0.262329,-0.304198,-0.013395,-0.275269,-0.288102,-0.051691,-0.309999,-0.251785,-0.069369,-0.309953,-0.283176
2026-05-27 14:52:23.475,191.499847,0.000000,0.000000,0.000000,0.032934,-0.255502,-0.305180,-0.121661,-0.267071,-0.303454,-0.044364,-0.261286,-0.304317,-0.013395,-0.275269,-0.288102,-0.051691,-0.309999,-0.251785,-0.069369,-0.309953,-0.283176
2026-05-27 14:52:23.575,191.599847,0.000000,0.000000,0.000000,0.032934,-0.255502,-0.305180,-0.121533,-0.269194,-0.303214,-0.044300,-0.262348,-0.304197,-0.013395,-0.275269,-0.288102,-0.051691,-0.309999,-0.251785,-0.069466,-0.312054,-0.283008
2026-05-27 14:52:23.675,191.699847,0.000000,0.000000,0.000000,0.033429,-0.253418,-0.305418,-0.121661,-0.267071,-0.303454,-0.044116,-0.260244,-0.304436,-0.013718,-0.277357,-0.287926,-0.051691,-0.309999,-0.251785,-0.069369,-0.309953,-0.283176
2026-05-27 14:52:23.775,191.799847,0.000000,0.000000,0.000000,0.032934,-0.255502,-0.305180,-0.121661,-0.267071,-0.303454,-0.044364,-0.261286,-0.304317,-0.013395,-0.275269,-0.288102,-0.051867,-0.312082,-0.251758,-0.069466,-0.312054,-0.283008
2026-05-27 14:52:23.875,191.899847,0.000000,0.000000,0.000000,0.032934,-0.255502,-0.305180,-0.120988,-0.269226,-0.303227,-0.044027,-0.262364,-0.304204,-0.013172,-0.277389,-0.287939,-0.051691,-0.309999,-0.251785,-0.069466,-0.312054,-0.283008
2026-05-27 14:52:23.975,191.999847,0.000000,0.000000,0.000000,0.032439,-0.257586,-0.304943,-0.121113,-0.267103,-0.303468,-0.044337,-0.262345,-0.304205,-0.013718,-0.277357,-0.287926,-0.051691,-0.309999,-0.251785,-0.069466,-0.312054,-0.283008
2026-05-27 14:52:24.075,192.099847,0.000000,0.000000,0.000000,0.032934,-0.255502,-0.305180,-0.121533,-0.269194,-0.303214,-0.044300,-0.262348,-0.304197,-0.013718,-0.277357,-0.287926,-0.051691,-0.309999,-0.251785,-0.069369,-0.309953,-0.283176
2026-05-27 14:52:24.175,192.199847,0.000000,0.000000,0.000000,0.033429,-0.253418,-0.305418,-0.121533,-0.269194,-0.303214,-0.044052,-0.261306,-0.304316,-0.013395,-0.275269,-0.288102,-0.051691,-0.309999,-0.251785,-0.069466,-0.312054,-0.283008
2026-05-27 14:52:24.275,192.299846,0.000000,0.000000,0.000000,0.032934,-0.255502,-0.305180,-0.121533,-0.269194,-0.303214,-0.044300,-0.262348,-0.304197,-0.013556,-0.276313,-0.288014,-0.051867,-0.312082,-0.251758,-0.069369,-0.309953,-0.283176
2026-05-27 14:52:24.375,192.399846,0.000000,0.000000,0.000000,0.032934,-0.255502,-0.305180,-0.121533,-0.269194,-0.303214,-0.044300,-0.262348,-0.304197,-0.013395,-0.275269,-0.288102,-0.051867,-0.312082,-0.251758,-0.069466,-0.312054,-0.283008
2026-05-27 14:52:24.475,192.499846,0.000000,0.000000,0.000000,0.032934,-0.255502,-0.305180,-0.121533,-0.269194,-0.303214,-0.044300,-0.262348,-0.304197,-0.013718,-0.277357,-0.287926,-0.051691,-0.309999,-0.251785,-0.069466,-0.312054,-0.283008
2026-05-27 14:52:24.575,192.599846,0.000000,0.000000,0.000000,0.032934,-0.255502,-0.305180,-0.121661,-0.267071,-0.303454,-0.044364,-0.261286,-0.304317,-0.013395,-0.275269,-0.288102,-0.051691,-0.309999,-0.251785,-0.069466,-0.312054,-0.283008
2026-05-27 14:52:24.675,192.699846,0.000000,0.000000,0.000000,0.032439,-0.257586,-0.304943,-0.121113,-0.267103,-0.303468,-0.044337,-0.262345,-0.304205,-0.013395,-0.275269,-0.288102,-0.052042,-0.314165,-0.251732,-0.069369,-0.309953,-0.283176
2026-05-27 14:52:24.775,192.799846,0.000000,0.000000,0.000000,0.032934,-0.255502,-0.305180,-0.121661,-0.267071,-0.303454,-0.044364,-0.261286,-0.304317,-0.013395,-0.275269,-0.288102,-0.051691,-0.309999,-0.251785,-0.069466,-0.312054,-0.283008
2026-05-27 14:52:24.875,192.899846,0.000000,0.000000,0.000000,0.032439,-0.257586,-0.304943,-0.121113,-0.267103,-0.303468,-0.044337,-0.262345,-0.304205,-0.013395,-0.275269,-0.288102,-0.051691,-0.309999,-0.251785,-0.069369,-0.309953,-0.283176
2026-05-27 14:52:24.975,192.999846,0.000000,0.000000,0.000000,0.032934,-0.255502,-0.305180,-0.121533,-0.269194,-0.303214,-0.044300,-0.262348,-0.304197,-0.013718,-0.277357,-0.287926,-0.051691,-0.309999,-0.251785,-0.069369,-0.309953,-0.283176
2026-05-27 14:52:25.075,193.099846,0.000000,0.000000,0.000000,0.033429,-0.253418,-0.305418,-0.121113,-0.267103,-0.303468,-0.043842,-0.260261,-0.304443,-0.013718,-0.277357,-0.287926,-0.051691,-0.309999,-0.251785,-0.069466,-0.312054,-0.283008
2026-05-27 14:52:25.175,193.199846,0.000000,0.000000,0.000000,0.032934,-0.255502,-0.305180,-0.121661,-0.267071,-0.303454,-0.044364,-0.261286,-0.304317,-0.013718,-0.277357,-0.287926,-0.051691,-0.309999,-0.251785,-0.069466,-0.312054,-0.283008
2026-05-27 14:52:25.275,193.299845,0.000000,0.000000,0.000000,0.032439,-0.257586,-0.304943,-0.121406,-0.271316,-0.302974,-0.044483,-0.264451,-0.303958,-0.013395,-0.275269,-0.288102,-0.051691,-0.309999,-0.251785,-0.069466,-0.312054,-0.283008
2026-05-27 14:52:25.375,193.399845,0.000000,0.000000,0.000000,0.032439,-0.257586,-0.304943,-0.121533,-0.269194,-0.303214,-0.044547,-0.263390,-0.304078,-0.013718,-0.277357,-0.287926,-0.051691,-0.309999,-0.251785,-0.069466,-0.312054,-0.283008
2026-05-27 14:52:25.475,193.499845,0.000000,0.000000,0.000000,0.032439,-0.257586,-0.304943,-0.121661,-0.267071,-0.303454,-0.044611,-0.262329,-0.304198,-0.013718,-0.277357,-0.287926,-0.051691,-0.309999,-0.251785,-0.069466,-0.312054,-0.283008
2026-05-27 14:52:25.575,193.599845,0.000000,0.000000,0.000000,0.032439,-0.257586,-0.304943,-0.121789,-0.264948,-0.303694,-0.044675,-0.261267,-0.304318,-0.013718,-0.277357,-0.287926,-0.051691,-0.309999,-0.251785,-0.069466,-0.312054,-0.283008
2026-05-27 14:52:25.675,193.699845,0.000000,0.000000,0.000000,0.033429,-0.253418,-0.305418,-0.121533,-0.269194,-0.303214,-0.044052,-0.261306,-0.304316,-0.012847,-0.275301,-0.288116,-0.051691,-0.309999,-0.251785,-0.069466,-0.312054,-0.283008
2026-05-27 14:52:25.775,193.799845,0.000000,0.000000,0.000000,0.032934,-0.255502,-0.305180,-0.121672,-0.267016,-0.304001,-0.044369,-0.261259,-0.304590,-0.013718,-0.277357,-0.287926,-0.051691,-0.309999,-0.251785,-0.069466,-0.312054,-0.283008
2026-05-27 14:52:25.875,193.899845,0.000000,0.000000,0.000000,0.032439,-0.257586,-0.304943,-0.121661,-0.267071,-0.303454,-0.044611,-0.262329,-0.304198,-0.013172,-0.277389,-0.287939,-0.051691,-0.309999,-0.251785,-0.069369,-0.309953,-0.283176
2026-05-27 14:52:25.975,193.999845,0.000000,0.000000,0.000000,0.032439,-0.257586,-0.304943,-0.121533,-0.269194,-0.303214,-0.044547,-0.263390,-0.304078,-0.013172,-0.277389,-0.287939,-0.051691,-0.309999,-0.251785,-0.069466,-0.312054,-0.283008
2026-05-27 14:52:26.075,194.099845,0.000000,0.000000,0.000000,0.032934,-0.255502,-0.305180,-0.121661,-0.267071,-0.303454,-0.044364,-0.261286,-0.304317,-0.012847,-0.275301,-0.288116,-0.051876,-0.312030,-0.252266,-0.069369,-0.309953,-0.283176
2026-05-27 14:52:26.175,194.199845,0.000000,0.000000,0.000000,0.033429,-0.253418,-0.305418,-0.121533,-0.269194,-0.303214,-0.044052,-0.261306,-0.304316,-0.013172,-0.277389,-0.287939,-0.052061,-0.314062,-0.252743,-0.069466,-0.312054,-0.283008
2026-05-27 14:52:26.275,194.299845,0.000000,0.000000,0.000000,0.032934,-0.255502,-0.305180,-0.121113,-0.267103,-0.303468,-0.044090,-0.261303,-0.304324,-0.013172,-0.277389,-0.287939,-0.051199,-0.309926,-0.252818,-0.069466,-0.312054,-0.283008
2026-05-27 14:52:26.375,194.399844,0.000000,0.000000,0.000000,0.032934,-0.255502,-0.305180,-0.121533,-0.269194,-0.303214,-0.044300,-0.262348,-0.304197,-0.013172,-0.277389,-0.287939,-0.051564,-0.314041,-0.253261,-0.070075,-0.314076,-0.283329
2026-05-27 14:52:26.475,194.499844,0.000000,0.000000,0.000000,0.032439,-0.257586,-0.304943,-0.121533,-0.269194,-0.303214,-0.044547,-0.263390,-0.304078,-0.013182,-0.277334,-0.288484,-0.051386,-0.311958,-0.253295,-0.069971,-0.312025,-0.282995
2026-05-27 14:52:26.575,194.599844,0.000000,0.000000,0.000000,0.032934,-0.255502,-0.305180,-0.121533,-0.269194,-0.303214,-0.044300,-0.262348,-0.304197,-0.013497,-0.279478,-0.287763,-0.051564,-0.314041,-0.253261,-0.069980,-0.311974,-0.283499
2026-05-27 14:52:26.675,194.699844,0.000000,0.000000,0.000000,0.032439,-0.257586,-0.304943,-0.121113,-0.267103,-0.303468,-0.044337,-0.262345,-0.304205,-0.013497,-0.279478,-0.287763,-0.051564,-0.314041,-0.253261,-0.069980,-0.311974,-0.283499
2026-05-27 14:52:26.775,194.799844,0.000000,0.000000,0.000000,0.032934,-0.255502,-0.305180,-0.121113,-0.267103,-0.303468,-0.044090,-0.261303,-0.304324,-0.013172,-0.277389,-0.287939,-0.051564,-0.314041,-0.253261,-0.070075,-0.314076,-0.283329
2026-05-27 14:52:26.875,194.899844,0.000000,0.000000,0.000000,0.032439,-0.257586,-0.304943,-0.121533,-0.269194,-0.303214,-0.044547,-0.263390,-0.304078,-0.013182,-0.277334,-0.288484,-0.051564,-0.314041,-0.253261,-0.069971,-0.312025,-0.282995
2026-05-27 14:52:26.975,194.999844,0.000000,0.000000,0.000000,0.032439,-0.257586,-0.304943,-0.121672,-0.267016,-0.304001,-0.044616,-0.262301,-0.304472,-0.013508,-0.279423,-0.288305,-0.051564,-0.314041,-0.253261,-0.069980,-0.311974,-0.283499
2026-05-27 14:52:27.075,195.099844,0.000000,0.000000,0.000000,0.033429,-0.253418,-0.305418,-0.121672,-0.267016,-0.304001,-0.044121,-0.260217,-0.304709,-0.013182,-0.277334,-0.288484,-0.051386,-0.311958,-0.253295,-0.069980,-0.311974,-0.283499
2026-05-27 14:52:27.175,195.199844,0.000000,0.000000,0.000000,0.032934,-0.255502,-0.305180,-0.121113,-0.267103,-0.303468,-0.044090,-0.261303,-0.304324,-0.013172,-0.277389,-0.287939,-0.051564,-0.314041,-0.253261,-0.069971,-0.312025,-0.282995
2026-05-27 14:52:27.275,195.299844,0.000000,0.000000,0.000000,0.031944,-0.259670,-0.304706,-0.121661,-0.267071,-0.303454,-0.044859,-0.263371,-0.304080,-0.013182,-0.277334,-0.288484,-0.051564,-0.314041,-0.253261,-0.069980,-0.311974,-0.283499
2026-05-27 14:52:27.375,195.399843,0.000000,0.000000,0.000000,0.032439,-0.257586,-0.304943,-0.121533,-0.269194,-0.303214,-0.044547,-0.263390,-0.304078,-0.013172,-0.277389,-0.287939,-0.051564,-0.314041,-0.253261,-0.069876,-0.309923,-0.283164
2026-05-27 14:52:27.475,195.499843,0.000000,0.000000,0.000000,0.032934,-0.255502,-0.305180,-0.121533,-0.269194,-0.303214,-0.044300,-0.262348,-0.304197,-0.013182,-0.277334,-0.288484,-0.051386,-0.311958,-0.253295,-0.069980,-0.311974,-0.283499
2026-05-27 14:52:27.575,195.599843,0.000000,0.000000,0.000000,0.032439,-0.257586,-0.304943,-0.121113,-0.267103,-0.303468,-0.044337,-0.262345,-0.304205,-0.013172,-0.277389,-0.287939,-0.051209,-0.309874,-0.253328,-0.069876,-0.309923,-0.283164
2026-05-27 14:52:27.675,195.699843,0.000000,0.000000,0.000000,0.032439,-0.257586,-0.304943,-0.121113,-0.267103,-0.303468,-0.044337,-0.262345,-0.304205,-0.013172,-0.277389,-0.287939,-0.051564,-0.314041,-0.253261,-0.070075,-0.314076,-0.283329
2026-05-27 14:52:27.775,195.799843,0.000000,0.000000,0.000000,0.033429,-0.253418,-0.305418,-0.121661,-0.267071,-0.303454,-0.044116,-0.260244,-0.304436,-0.013172,-0.277389,-0.287939,-0.051386,-0.311958,-0.253295,-0.070075,-0.314076,-0.283329
2026-05-27 14:52:27.875,195.899843,0.000000,0.000000,0.000000,0.032439,-0.257586,-0.304943,-0.120988,-0.269226,-0.303227,-0.044275,-0.263406,-0.304085,-0.013182,-0.277334,-0.288484,-0.051564,-0.314041,-0.253261,-0.070075,-0.314076,-0.283329
2026-05-27 14:52:27.975,195.999843,0.000000,0.000000,0.000000,0.032439,-0.257586,-0.304943,-0.121533,-0.269194,-0.303214,-0.044547,-0.263390,-0.304078,-0.013182,-0.277334,-0.288484,-0.051741,-0.316124,-0.253228,-0.069971,-0.312025,-0.282995
2026-05-27 14:52:28.075,196.099843,0.000000,0.000000,0.000000,0.032934,-0.255502,-0.305180,-0.121113,-0.267103,-0.303468,-0.044090,-0.261303,-0.304324,-0.013172,-0.277389,-0.287939,-0.051564,-0.314041,-0.253261,-0.069980,-0.311974,-0.283499
2026-05-27 14:52:28.175,196.199843,0.000000,0.000000,0.000000,0.032439,-0.257586,-0.304943,-0.120988,-0.269226,-0.303227,-0.044275,-0.263406,-0.304085,-0.013172,-0.277389,-0.287939,-0.051741,-0.316124,-0.253228,-0.069876,-0.309923,-0.283164
2026-05-27 14:52:28.275,196.299843,0.000000,0.000000,0.000000,0.032439,-0.257586,-0.304943,-0.121113,-0.267103,-0.303468,-0.044337,-0.262345,-0.304205,-0.013172,-0.277389,-0.287939,-0.051564,-0.314041,-0.253261,-0.070075,-0.314076,-0.283329
2026-05-27 14:52:28.375,196.399843,0.000000,0.000000,0.000000,0.032439,-0.257586,-0.304943,-0.121533,-0.269194,-0.303214,-0.044547,-0.263390,-0.304078,-0.013172,-0.277389,-0.287939,-0.051564,-0.314041,-0.253261,-0.069980,-0.311974,-0.283499
2026-05-27 14:52:28.475,196.499842,0.000000,0.000000,0.000000,0.032439,-0.257586,-0.304943,-0.121533,-0.269194,-0.303214,-0.044547,-0.263390,-0.304078,-0.013182,-0.277334,-0.288484,-0.051564,-0.314041,-0.253261,-0.069980,-0.311974,-0.283499
2026-05-27 14:52:28.575,196.599842,0.000000,0.000000,0.000000,0.032934,-0.255502,-0.305180,-0.121661,-0.267071,-0.303454,-0.044364,-0.261286,-0.304317,-0.013497,-0.279478,-0.287763,-0.051386,-0.311958,-0.253295,-0.069980,-0.311974,-0.283499
2026-05-27 14:52:28.675,196.699842,0.000000,0.000000,0.000000,0.032934,-0.255502,-0.305180,-0.120988,-0.269226,-0.303227,-0.044027,-0.262364,-0.304204,-0.013172,-0.277389,-0.287939,-0.051386,-0.311958,-0.253295,-0.070075,-0.314076,-0.283329
2026-05-27 14:52:28.775,196.799842,0.000000,0.000000,0.000000,0.032439,-0.257586,-0.304943,-0.121533,-0.269194,-0.303214,-0.044547,-0.263390,-0.304078,-0.013497,-0.279478,-0.287763,-0.051564,-0.314041,-0.253261,-0.069971,-0.312025,-0.282995
2026-05-27 14:52:28.875,196.899842,0.000000,0.000000,0.000000,0.032934,-0.255502,-0.305180,-0.120988,-0.269226,-0.303227,-0.044027,-0.262364,-0.304204,-0.013172,-0.277389,-0.287939,-0.051564,-0.314041,-0.253261,-0.069980,-0.311974,-0.283499
2026-05-27 14:52:28.975,196.999842,0.000000,0.000000,0.000000,0.032934,-0.255502,-0.305180,-0.120988,-0.269226,-0.303227,-0.044027,-0.262364,-0.304204,-0.013497,-0.279478,-0.287763,-0.051386,-0.311958,-0.253295,-0.069980,-0.311974,-0.283499
2026-05-27 14:52:29.075,197.099842,0.000000,0.000000,0.000000,0.031944,-0.259670,-0.304706,-0.120988,-0.269226,-0.303227,-0.044522,-0.264448,-0.303967,-0.013497,-0.279478,-0.287763,-0.051564,-0.314041,-0.253261,-0.070075,-0.314076,-0.283329
2026-05-27 14:52:29.175,197.199842,0.000000,0.000000,0.000000,0.031944,-0.259670,-0.304706,-0.121661,-0.267071,-0.303454,-0.044859,-0.263371,-0.304080,-0.013172,-0.277389,-0.287939,-0.051564,-0.314041,-0.253261,-0.069971,-0.312025,-0.282995
2026-05-27 14:52:29.275,197.299842,0.000000,0.000000,0.000000,0.032439,-0.257586,-0.304943,-0.121533,-0.269194,-0.303214,-0.044547,-0.263390,-0.304078,-0.013335,-0.278434,-0.287851,-0.051564,-0.314041,-0.253261,-0.070075,-0.314076,-0.283329
2026-05-27 14:52:29.375,197.399842,0.000000,0.000000,0.000000,0.032439,-0.257586,-0.304943,-0.121533,-0.269194,-0.303214,-0.044547,-0.263390,-0.304078,-0.013497,-0.279478,-0.287763,-0.051564,-0.314041,-0.253261,-0.069980,-0.311974,-0.283499
2026-05-27 14:52:29.475,197.499841,0.000000,0.000000,0.000000,0.032934,-0.255502,-0.305180,-0.121533,-0.269194,-0.303214,-0.044300,-0.262348,-0.304197,-0.013172,-0.277389,-0.287939,-0.051564,-0.314041,-0.253261,-0.069980,-0.311974,-0.283499
2026-05-27 14:52:29.575,197.599841,0.000000,0.000000,0.000000,0.031944,-0.259670,-0.304706,-0.121661,-0.267071,-0.303454,-0.044859,-0.263371,-0.304080,-0.013172,-0.277389,-0.287939,-0.051564,-0.314041,-0.253261,-0.069980,-0.311974,-0.283499
2026-05-27 14:52:29.675,197.699841,0.000000,0.000000,0.000000,0.032934,-0.255502,-0.305180,-0.121661,-0.267071,-0.303454,-0.044364,-0.261286,-0.304317,-0.013172,-0.277389,-0.287939,-0.051564,-0.314041,-0.253261,-0.070075,-0.314076,-0.283329
2026-05-27 14:52:29.775,197.799841,0.000000,0.000000,0.000000,0.032934,-0.255502,-0.305180,-0.121661,-0.267071,-0.303454,-0.044364,-0.261286,-0.304317,-0.013182,-0.277334,-0.288484,-0.051564,-0.314041,-0.253261,-0.070075,-0.314076,-0.283329
2026-05-27 14:52:29.875,197.899841,0.000000,0.000000,0.000000,0.032934,-0.255502,-0.305180,-0.121672,-0.267016,-0.304001,-0.044369,-0.261259,-0.304590,-0.013172,-0.277389,-0.287939,-0.051564,-0.314041,-0.253261,-0.070066,-0.314126,-0.282827
2026-05-27 14:52:29.975,197.999841,0.000000,0.000000,0.000000,0.032439,-0.257586,-0.304943,-0.121661,-0.267071,-0.303454,-0.044611,-0.262329,-0.304198,-0.013172,-0.277389,-0.287939,-0.051564,-0.314041,-0.253261,-0.070075,-0.314076,-0.283329
2026-05-27 14:52:30.075,198.099841,0.000000,0.000000,0.000000,0.032439,-0.257586,-0.304943,-0.120862,-0.271348,-0.302987,-0.044212,-0.264467,-0.303965,-0.013172,-0.277389,-0.287939,-0.051564,-0.314041,-0.253261,-0.070066,-0.314126,-0.282827
2026-05-27 14:52:30.175,198.199841,0.000000,0.000000,0.000000,0.032439,-0.257586,-0.304943,-0.121533,-0.269194,-0.303214,-0.044547,-0.263390,-0.304078,-0.013182,-0.277334,-0.288484,-0.051564,-0.314041,-0.253261,-0.069980,-0.311974,-0.283499
2026-05-27 14:52:30.275,198.299841,0.000000,0.000000,0.000000,0.032439,-0.257586,-0.304943,-0.121113,-0.267103,-0.303468,-0.044337,-0.262345,-0.304205,-0.013172,-0.277389,-0.287939,-0.051564,-0.314041,-0.253261,-0.069876,-0.309923,-0.283164
2026-05-27 14:52:30.375,198.399841,0.000000,0.000000,0.000000,0.032439,-0.257586,-0.304943,-0.121661,-0.267071,-0.303454,-0.044611,-0.262329,-0.304198,-0.013182,-0.277334,-0.288484,-0.051564,-0.314041,-0.253261,-0.070075,-0.314076,-0.283329
2026-05-27 14:52:30.475,198.499840,0.000000,0.000000,0.000000,0.033429,-0.253418,-0.305418,-0.120988,-0.269226,-0.303227,-0.043779,-0.261322,-0.304323,-0.013172,-0.277389,-0.287939,-0.051564,-0.314041,-0.253261,-0.070075,-0.314076,-0.283329
2026-05-27 14:52:30.575,198.599840,0.000000,0.000000,0.000000,0.032934,-0.255502,-0.305180,-0.121533,-0.269194,-0.303214,-0.044300,-0.262348,-0.304197,-0.013172,-0.277389,-0.287939,-0.051741,-0.316124,-0.253228,-0.070075,-0.314076,-0.283329
2026-05-27 14:52:30.675,198.699840,0.000000,0.000000,0.000000,0.032439,-0.257586,-0.304943,-0.121533,-0.269194,-0.303214,-0.044547,-0.263390,-0.304078,-0.013172,-0.277389,-0.287939,-0.051564,-0.314041,-0.253261,-0.069971,-0.312025,-0.282995
2026-05-27 14:52:30.775,198.799840,0.000000,0.000000,0.000000,0.032439,-0.257586,-0.304943,-0.121113,-0.267103,-0.303468,-0.044337,-0.262345,-0.304205,-0.013172,-0.277389,-0.287939,-0.051386,-0.311958,-0.253295,-0.070075,-0.314076,-0.283329
2026-05-27 14:52:30.875,198.899840,0.000000,0.000000,0.000000,0.032934,-0.255502,-0.305180,-0.121113,-0.267103,-0.303468,-0.044090,-0.261303,-0.304324,-0.013182,-0.277334,-0.288484,-0.051741,-0.316124,-0.253228,-0.069980,-0.311974,-0.283499
2026-05-27 14:52:30.975,198.999840,0.000000,0.000000,0.000000,0.032439,-0.257586,-0.304943,-0.121533,-0.269194,-0.303214,-0.044547,-0.263390,-0.304078,-0.013172,-0.277389,-0.287939,-0.051564,-0.314041,-0.253261,-0.069980,-0.311974,-0.283499
2026-05-27 14:52:31.075,199.099840,0.000000,0.000000,0.000000,0.032934,-0.255502,-0.305180,-0.121533,-0.269194,-0.303214,-0.044300,-0.262348,-0.304197,-0.013172,-0.277389,-0.287939,-0.051564,-0.314041,-0.253261,-0.069980,-0.311974,-0.283499
2026-05-27 14:52:31.175,199.199840,0.000000,0.000000,0.000000,0.032934,-0.255502,-0.305180,-0.121113,-0.267103,-0.303468,-0.044090,-0.261303,-0.304324,-0.013182,-0.277334,-0.288484,-0.051564,-0.314041,-0.253261,-0.070066,-0.314126,-0.282827
2026-05-27 14:52:31.275,199.299840,0.000000,0.000000,0.000000,0.032439,-0.257586,-0.304943,-0.121533,-0.269194,-0.303214,-0.044547,-0.263390,-0.304078,-0.013172,-0.277389,-0.287939,-0.051386,-0.311958,-0.253295,-0.069980,-0.311974,-0.283499
2026-05-27 14:52:31.375,199.399840,0.000000,0.000000,0.000000,0.032439,-0.257586,-0.304943,-0.121533,-0.269194,-0.303214,-0.044547,-0.263390,-0.304078,-0.013172,-0.277389,-0.287939,-0.051564,-0.314041,-0.253261,-0.069980,-0.311974,-0.283499
2026-05-27 14:52:31.475,199.499840,0.000000,0.000000,0.000000,0.032934,-0.255502,-0.305180,-0.121672,-0.267016,-0.304001,-0.044369,-0.261259,-0.304590,-0.013182,-0.277334,-0.288484,-0.051386,-0.311958,-0.253295,-0.070075,-0.314076,-0.283329
2026-05-27 14:52:31.575,199.599839,0.000000,0.000000,0.000000,0.032439,-0.257586,-0.304943,-0.121661,-0.267071,-0.303454,-0.044611,-0.262329,-0.304198,-0.013172,-0.277389,-0.287939,-0.051564,-0.314041,-0.253261,-0.070066,-0.314126,-0.282827
2026-05-27 14:52:31.675,199.699839,0.000000,0.000000,0.000000,0.032439,-0.257586,-0.304943,-0.120988,-0.269226,-0.303227,-0.044275,-0.263406,-0.304085,-0.013172,-0.277389,-0.287939,-0.051564,-0.314041,-0.253261,-0.070075,-0.314076,-0.283329
2026-05-27 14:52:31.775,199.799839,0.000000,0.000000,0.000000,0.032439,-0.257586,-0.304943,-0.121533,-0.269194,-0.303214,-0.044547,-0.263390,-0.304078,-0.013172,-0.277389,-0.287939,-0.051386,-0.311958,-0.253295,-0.069971,-0.312025,-0.282995
2026-05-27 14:52:31.875,199.899839,0.000000,0.000000,0.000000,0.032934,-0.255502,-0.305180,-0.121113,-0.267103,-0.303468,-0.044090,-0.261303,-0.304324,-0.013497,-0.279478,-0.287763,-0.051564,-0.314041,-0.253261,-0.069980,-0.311974,-0.283499
2026-05-27 14:52:31.975,199.999839,0.000000,0.000000,0.000000,0.032439,-0.257586,-0.304943,-0.121533,-0.269194,-0.303214,-0.044547,-0.263390,-0.304078,-0.013497,-0.279478,-0.287763,-0.051564,-0.314041,-0.253261,-0.070075,-0.314076,-0.283329
2026-05-27 14:52:32.075,200.099839,0.000000,0.000000,0.000000,0.032934,-0.255502,-0.305180,-0.121789,-0.264948,-0.303694,-0.044428,-0.260225,-0.304437,-0.013182,-0.277334,-0.288484,-0.051564,-0.314041,-0.253261,-0.069980,-0.311974,-0.283499
2026-05-27 14:52:32.175,200.199839,0.000000,0.000000,0.000000,0.032934,-0.255502,-0.305180,-0.121533,-0.269194,-0.303214,-0.044300,-0.262348,-0.304197,-0.012954,-0.279510,-0.287777,-0.051564,-0.314041,-0.253261,-0.069980,-0.311974,-0.283499
2026-05-27 14:52:32.275,200.299839,0.000000,0.000000,0.000000,0.032439,-0.257586,-0.304943,-0.121113,-0.267103,-0.303468,-0.044337,-0.262345,-0.304205,-0.012637,-0.277366,-0.288498,-0.051057,-0.314071,-0.253274,-0.070485,-0.311944,-0.283486
2026-05-27 14:52:32.375,200.399839,0.000000,0.000000,0.000000,0.032934,-0.255502,-0.305180,-0.121533,-0.269194,-0.303214,-0.044300,-0.262348,-0.304197,-0.012964,-0.279455,-0.288319,-0.050698,-0.309905,-0.253341,-0.070485,-0.311944,-0.283486
2026-05-27 14:52:32.475,200.499839,0.000000,0.000000,0.000000,0.032934,-0.255502,-0.305180,-0.121113,-0.267103,-0.303468,-0.044090,-0.261303,-0.304324,-0.012954,-0.279510,-0.287777,-0.050378,-0.311966,-0.253828,-0.070578,-0.314046,-0.283316
2026-05-27 14:52:32.575,200.599838,0.000000,0.000000,0.000000,0.032934,-0.255502,-0.305180,-0.121672,-0.267016,-0.304001,-0.044369,-0.261259,-0.304590,-0.013292,-0.281544,-0.288141,-0.050560,-0.314050,-0.253792,-0.070578,-0.314046,-0.283316
2026-05-27 14:52:32.675,200.699838,0.000000,0.000000,0.000000,0.032439,-0.257586,-0.304943,-0.120988,-0.269226,-0.303227,-0.044275,-0.263406,-0.304085,-0.012964,-0.279455,-0.288319,-0.050378,-0.311966,-0.253828,-0.071080,-0.314016,-0.283303
2026-05-27 14:52:32.775,200.799838,0.000000,0.000000,0.000000,0.032934,-0.255502,-0.305180,-0.121113,-0.267103,-0.303468,-0.044090,-0.261303,-0.304324,-0.013292,-0.281544,-0.288141,-0.050742,-0.316133,-0.253756,-0.070989,-0.311914,-0.283474
2026-05-27 14:52:32.875,200.899838,0.000000,0.000000,0.000000,0.032934,-0.255502,-0.305180,-0.121113,-0.267103,-0.303468,-0.044090,-0.261303,-0.304324,-0.012751,-0.281576,-0.288154,-0.050237,-0.316163,-0.253769,-0.070989,-0.311914,-0.283474
2026-05-27 14:52:32.975,200.999838,0.000000,0.000000,0.000000,0.032934,-0.255502,-0.305180,-0.121239,-0.264981,-0.303708,-0.044153,-0.260241,-0.304444,-0.012421,-0.279487,-0.288333,-0.050237,-0.316163,-0.253769,-0.070989,-0.311914,-0.283474
2026-05-27 14:52:33.075,201.099838,0.000000,0.000000,0.000000,0.032439,-0.257586,-0.304943,-0.121661,-0.267071,-0.303454,-0.044611,-0.262329,-0.304198,-0.012421,-0.279487,-0.288333,-0.050237,-0.316163,-0.253769,-0.071080,-0.314016,-0.283303
2026-05-27 14:52:33.175,201.199838,0.000000,0.000000,0.000000,0.032439,-0.257586,-0.304943,-0.121661,-0.267071,-0.303454,-0.044611,-0.262329,-0.304198,-0.012421,-0.279487,-0.288333,-0.050237,-0.316163,-0.253769,-0.071080,-0.314016,-0.283303
2026-05-27 14:52:33.275,201.299838,0.000000,0.000000,0.000000,0.033429,-0.253418,-0.305418,-0.121661,-0.267071,-0.303454,-0.044116,-0.260244,-0.304436,-0.012421,-0.279487,-0.288333,-0.050247,-0.316112,-0.254272,-0.070989,-0.311914,-0.283474
2026-05-27 14:52:33.375,201.399838,0.000000,0.000000,0.000000,0.032439,-0.257586,-0.304943,-0.121533,-0.269194,-0.303214,-0.044547,-0.263390,-0.304078,-0.012751,-0.281576,-0.288154,-0.050247,-0.316112,-0.254272,-0.070989,-0.311914,-0.283474
2026-05-27 14:52:33.475,201.499838,0.000000,0.000000,0.000000,0.032934,-0.255502,-0.305180,-0.121533,-0.269194,-0.303214,-0.044300,-0.262348,-0.304197,-0.012421,-0.279487,-0.288333,-0.050063,-0.314028,-0.254311,-0.070989,-0.311914,-0.283474
2026-05-27 14:52:33.575,201.599838,0.000000,0.000000,0.000000,0.032439,-0.257586,-0.304943,-0.121661,-0.267071,-0.303454,-0.044611,-0.262329,-0.304198,-0.012421,-0.279487,-0.288333,-0.050431,-0.318195,-0.254234,-0.070989,-0.311914,-0.283474
2026-05-27 14:52:33.675,201.699837,0.000000,0.000000,0.000000,0.032934,-0.255502,-0.305180,-0.121533,-0.269194,-0.303214,-0.044300,-0.262348,-0.304197,-0.012751,-0.281576,-0.288154,-0.050247,-0.316112,-0.254272,-0.070989,-0.311914,-0.283474
2026-05-27 14:52:33.775,201.799837,0.000000,0.000000,0.000000,0.032934,-0.255502,-0.305180,-0.121661,-0.267071,-0.303454,-0.044364,-0.261286,-0.304317,-0.012421,-0.279487,-0.288333,-0.050237,-0.316163,-0.253769,-0.071080,-0.314016,-0.283303
2026-05-27 14:52:33.875,201.899837,0.000000,0.000000,0.000000,0.031944,-0.259670,-0.304706,-0.121661,-0.267071,-0.303454,-0.044859,-0.263371,-0.304080,-0.012421,-0.279487,-0.288333,-0.050421,-0.318246,-0.253733,-0.070989,-0.311914,-0.283474
2026-05-27 14:52:33.975,201.999837,0.000000,0.000000,0.000000,0.032439,-0.257586,-0.304943,-0.120988,-0.269226,-0.303227,-0.044275,-0.263406,-0.304085,-0.012421,-0.279487,-0.288333,-0.050237,-0.316163,-0.253769,-0.071080,-0.314016,-0.283303
2026-05-27 14:52:34.075,202.099837,0.000000,0.000000,0.000000,0.032439,-0.257586,-0.304943,-0.121661,-0.267071,-0.303454,-0.044611,-0.262329,-0.304198,-0.012421,-0.279487,-0.288333,-0.050615,-0.320279,-0.254196,-0.070989,-0.311914,-0.283474
2026-05-27 14:52:34.175,202.199837,0.000000,0.000000,0.000000,0.032439,-0.257586,-0.304943,-0.120988,-0.269226,-0.303227,-0.044275,-0.263406,-0.304085,-0.012751,-0.281576,-0.288154,-0.050237,-0.316163,-0.253769,-0.070989,-0.311914,-0.283474
2026-05-27 14:52:34.275,202.299837,0.000000,0.000000,0.000000,0.032934,-0.255502,-0.305180,-0.121661,-0.267071,-0.303454,-0.044364,-0.261286,-0.304317,-0.012421,-0.279487,-0.288333,-0.050431,-0.318195,-0.254234,-0.070989,-0.311914,-0.283474
2026-05-27 14:52:34.375,202.399837,0.000000,0.000000,0.000000,0.032934,-0.255502,-0.305180,-0.121533,-0.269194,-0.303214,-0.044300,-0.262348,-0.304197,-0.012421,-0.279487,-0.288333,-0.050237,-0.316163,-0.253769,-0.071080,-0.314016,-0.283303
2026-05-27 14:52:34.475,202.499837,0.000000,0.000000,0.000000,0.032934,-0.255502,-0.305180,-0.121533,-0.269194,-0.303214,-0.044300,-0.262348,-0.304197,-0.012421,-0.279487,-0.288333,-0.050513,-0.319287,-0.253715,-0.071080,-0.314016,-0.283303
2026-05-27 14:52:34.575,202.599837,0.000000,0.000000,0.000000,0.032439,-0.257586,-0.304943,-0.121113,-0.267103,-0.303468,-0.044337,-0.262345,-0.304205,-0.012421,-0.279487,-0.288333,-0.050053,-0.314080,-0.253805,-0.070989,-0.311914,-0.283474
2026-05-27 14:52:34.675,202.699836,0.000000,0.000000,0.000000,0.031944,-0.259670,-0.304706,-0.121533,-0.269194,-0.303214,-0.044795,-0.264432,-0.303960,-0.012421,-0.279487,-0.288333,-0.050247,-0.316112,-0.254272,-0.071080,-0.314016,-0.283303
2026-05-27 14:52:34.775,202.799836,0.000000,0.000000,0.000000,0.032439,-0.257586,-0.304943,-0.121113,-0.267103,-0.303468,-0.044337,-0.262345,-0.304205,-0.012421,-0.279487,-0.288333,-0.050237,-0.316163,-0.253769,-0.071080,-0.314016,-0.283303
2026-05-27 14:52:34.875,202.899836,0.000000,0.000000,0.000000,0.032934,-0.255502,-0.305180,-0.121533,-0.269194,-0.303214,-0.044300,-0.262348,-0.304197,-0.012421,-0.279487,-0.288333,-0.050247,-0.316112,-0.254272,-0.071080,-0.314016,-0.283303
2026-05-27 14:52:34.974,202.999836,0.000000,0.000000,0.000000,0.032439,-0.257586,-0.304943,-0.121661,-0.267071,-0.303454,-0.044611,-0.262329,-0.304198,-0.012421,-0.279487,-0.288333,-0.050421,-0.318246,-0.253733,-0.070989,-0.311914,-0.283474
2026-05-27 14:52:35.074,203.099836,0.000000,0.000000,0.000000,0.031944,-0.259670,-0.304706,-0.121533,-0.269194,-0.303214,-0.044795,-0.264432,-0.303960,-0.012421,-0.279487,-0.288333,-0.050431,-0.318195,-0.254234,-0.071080,-0.314016,-0.283303
2026-05-27 14:52:35.174,203.199836,0.000000,0.000000,0.000000,0.032439,-0.257586,-0.304943,-0.121661,-0.267071,-0.303454,-0.044611,-0.262329,-0.304198,-0.012751,-0.281576,-0.288154,-0.050247,-0.316112,-0.254272,-0.071080,-0.314016,-0.283303
2026-05-27 14:52:35.274,203.299836,0.000000,0.000000,0.000000,0.032934,-0.255502,-0.305180,-0.121661,-0.267071,-0.303454,-0.044364,-0.261286,-0.304317,-0.012421,-0.279487,-0.288333,-0.050247,-0.316112,-0.254272,-0.070989,-0.311914,-0.283474
2026-05-27 14:52:35.374,203.399836,0.000000,0.000000,0.000000,0.032934,-0.255502,-0.305180,-0.121661,-0.267071,-0.303454,-0.044364,-0.261286,-0.304317,-0.012421,-0.279487,-0.288333,-0.050421,-0.318246,-0.253733,-0.070989,-0.311914,-0.283474
2026-05-27 14:52:35.474,203.499836,0.000000,0.000000,0.000000,0.033429,-0.253418,-0.305418,-0.121661,-0.267071,-0.303454,-0.044116,-0.260244,-0.304436,-0.012421,-0.279487,-0.288333,-0.050431,-0.318195,-0.254234,-0.070989,-0.311914,-0.283474
2026-05-27 14:52:35.574,203.599836,0.000000,0.000000,0.000000,0.031944,-0.259670,-0.304706,-0.121113,-0.267103,-0.303468,-0.044585,-0.263387,-0.304087,-0.012751,-0.281576,-0.288154,-0.050237,-0.316163,-0.253769,-0.071080,-0.314016,-0.283303
2026-05-27 14:52:35.674,203.699836,0.000000,0.000000,0.000000,0.032439,-0.257586,-0.304943,-0.121533,-0.269194,-0.303214,-0.044547,-0.263390,-0.304078,-0.012421,-0.279487,-0.288333,-0.050431,-0.318195,-0.254234,-0.070989,-0.311914,-0.283474
2026-05-27 14:52:35.774,203.799835,0.000000,0.000000,0.000000,0.032934,-0.255502,-0.305180,-0.121113,-0.267103,-0.303468,-0.044090,-0.261303,-0.304324,-0.012421,-0.279487,-0.288333,-0.050247,-0.316112,-0.254272,-0.070989,-0.311914,-0.283474
2026-05-27 14:52:35.874,203.899835,0.000000,0.000000,0.000000,0.032439,-0.257586,-0.304943,-0.120988,-0.269226,-0.303227,-0.044275,-0.263406,-0.304085,-0.012421,-0.279487,-0.288333,-0.050247,-0.316112,-0.254272,-0.071080,-0.314016,-0.283303
2026-05-27 14:52:35.974,203.999835,0.000000,0.000000,0.000000,0.032439,-0.257586,-0.304943,-0.121113,-0.267103,-0.303468,-0.044337,-0.262345,-0.304205,-0.012421,-0.279487,-0.288333,-0.050247,-0.316112,-0.254272,-0.071080,-0.314016,-0.283303
2026-05-27 14:52:36.074,204.099835,0.000000,0.000000,0.000000,0.032439,-0.257586,-0.304943,-0.121533,-0.269194,-0.303214,-0.044547,-0.263390,-0.304078,-0.012751,-0.281576,-0.288154,-0.050247,-0.316112,-0.254272,-0.071080,-0.314016,-0.283303
2026-05-27 14:52:36.174,204.199835,0.000000,0.000000,0.000000,0.032934,-0.255502,-0.305180,-0.121113,-0.267103,-0.303468,-0.044090,-0.261303,-0.304324,-0.012751,-0.281576,-0.288154,-0.050431,-0.318195,-0.254234,-0.070989,-0.311914,-0.283474
2026-05-27 14:52:36.274,204.299835,0.000000,0.000000,0.000000,0.032934,-0.255502,-0.305180,-0.121661,-0.267071,-0.303454,-0.044364,-0.261286,-0.304317,-0.012751,-0.281576,-0.288154,-0.050247,-0.316112,-0.254272,-0.070989,-0.311914,-0.283474
2026-05-27 14:52:36.374,204.399835,0.000000,0.000000,0.000000,0.032934,-0.255502,-0.305180,-0.121544,-0.269138,-0.303758,-0.044305,-0.262320,-0.304469,-0.012751,-0.281576,-0.288154,-0.050247,-0.316112,-0.254272,-0.070989,-0.311914,-0.283474
2026-05-27 14:52:36.474,204.499835,0.000000,0.000000,0.000000,0.032439,-0.257586,-0.304943,-0.121113,-0.267103,-0.303468,-0.044337,-0.262345,-0.304205,-0.012751,-0.281576,-0.288154,-0.050237,-0.316163,-0.253769,-0.070989,-0.311914,-0.283474
2026-05-27 14:52:36.574,204.599835,0.000000,0.000000,0.000000,0.032439,-0.257586,-0.304943,-0.121533,-0.269194,-0.303214,-0.044547,-0.263390,-0.304078,-0.012751,-0.281576,-0.288154,-0.050247,-0.316112,-0.254272,-0.070989,-0.311914,-0.283474
2026-05-27 14:52:36.674,204.699835,0.000000,0.000000,0.000000,0.032439,-0.257586,-0.304943,-0.121661,-0.267071,-0.303454,-0.044611,-0.262329,-0.304198,-0.012751,-0.281576,-0.288154,-0.050431,-0.318195,-0.254234,-0.071080,-0.314016,-0.283303
2026-05-27 14:52:36.774,204.799834,0.000000,0.000000,0.000000,0.032934,-0.255502,-0.305180,-0.121113,-0.267103,-0.303468,-0.044090,-0.261303,-0.304324,-0.012421,-0.279487,-0.288333,-0.050431,-0.318195,-0.254234,-0.070989,-0.311914,-0.283474
2026-05-27 14:52:36.874,204.899834,0.000000,0.000000,0.000000,0.032439,-0.257586,-0.304943,-0.121533,-0.269194,-0.303214,-0.044547,-0.263390,-0.304078,-0.012751,-0.281576,-0.288154,-0.050237,-0.316163,-0.253769,-0.070989,-0.311914,-0.283474
2026-05-27 14:52:36.974,204.999834,0.000000,0.000000,0.000000,0.032934,-0.255502,-0.305180,-0.121113,-0.267103,-0.303468,-0.044090,-0.261303,-0.304324,-0.012751,-0.281576,-0.288154,-0.050421,-0.318246,-0.253733,-0.070989,-0.311914,-0.283474
2026-05-27 14:52:37.074,205.099834,0.000000,0.000000,0.000000,0.033429,-0.253418,-0.305418,-0.121661,-0.267071,-0.303454,-0.044116,-0.260244,-0.304436,-0.012751,-0.281576,-0.288154,-0.050615,-0.320279,-0.254196,-0.070989,-0.311914,-0.283474
2026-05-27 14:52:37.174,205.199834,0.000000,0.000000,0.000000,0.032439,-0.257586,-0.304943,-0.121113,-0.267103,-0.303468,-0.044337,-0.262345,-0.304205,-0.012421,-0.279487,-0.288333,-0.050247,-0.316112,-0.254272,-0.070989,-0.311914,-0.283474
2026-05-27 14:52:37.274,205.299834,0.000000,0.000000,0.000000,0.032934,-0.255502,-0.305180,-0.121113,-0.267103,-0.303468,-0.044090,-0.261303,-0.304324,-0.012586,-0.280531,-0.288243,-0.050431,-0.318195,-0.254234,-0.070989,-0.311914,-0.283474
2026-05-27 14:52:37.374,205.399834,0.000000,0.000000,0.000000,0.032934,-0.255502,-0.305180,-0.121661,-0.267071,-0.303454,-0.044364,-0.261286,-0.304317,-0.012751,-0.281576,-0.288154,-0.050237,-0.316163,-0.253769,-0.070989,-0.311914,-0.283474
2026-05-27 14:52:37.474,205.499834,0.000000,0.000000,0.000000,0.032439,-0.257586,-0.304943,-0.121533,-0.269194,-0.303214,-0.044547,-0.263390,-0.304078,-0.012421,-0.279487,-0.288333,-0.050237,-0.316163,-0.253769,-0.070989,-0.311914,-0.283474
2026-05-27 14:52:37.574,205.599834,0.000000,0.000000,0.000000,0.032934,-0.255502,-0.305180,-0.121416,-0.271261,-0.303516,-0.044241,-0.263382,-0.304348,-0.012751,-0.281576,-0.288154,-0.050247,-0.316112,-0.254272,-0.070989,-0.311914,-0.283474
2026-05-27 14:52:37.674,205.699834,0.000000,0.000000,0.000000,0.032934,-0.255502,-0.305180,-0.121661,-0.267071,-0.303454,-0.044364,-0.261286,-0.304317,-0.012421,-0.279487,-0.288333,-0.050615,-0.320279,-0.254196,-0.071080,-0.314016,-0.283303
2026-05-27 14:52:37.774,205.799834,0.000000,0.000000,0.000000,0.032934,-0.255502,-0.305180,-0.121533,-0.269194,-0.303214,-0.044300,-0.262348,-0.304197,-0.012421,-0.279487,-0.288333,-0.050431,-0.318195,-0.254234,-0.071080,-0.314016,-0.283303
2026-05-27 14:52:37.874,205.899833,0.000000,0.000000,0.000000,0.032934,-0.255502,-0.305180,-0.121533,-0.269194,-0.303214,-0.044300,-0.262348,-0.304197,-0.012751,-0.281576,-0.288154,-0.050247,-0.316112,-0.254272,-0.070989,-0.311914,-0.283474
2026-05-27 14:52:37.974,205.999833,0.000000,0.000000,0.000000,0.032934,-0.255502,-0.305180,-0.121113,-0.267103,-0.303468,-0.044090,-0.261303,-0.304324,-0.012751,-0.281576,-0.288154,-0.050431,-0.318195,-0.254234,-0.070989,-0.311914,-0.283474
2026-05-27 14:52:38.074,206.099833,0.000000,0.000000,0.000000,0.032439,-0.257586,-0.304943,-0.121113,-0.267103,-0.303468,-0.044337,-0.262345,-0.304205,-0.012751,-0.281576,-0.288154,-0.050247,-0.316112,-0.254272,-0.070989,-0.311914,-0.283474
2026-05-27 14:52:38.174,206.199833,0.000000,0.000000,0.000000,0.032439,-0.257586,-0.304943,-0.121239,-0.264981,-0.303708,-0.044400,-0.261283,-0.304325,-0.012751,-0.281576,-0.288154,-0.050431,-0.318195,-0.254234,-0.071080,-0.314016,-0.283303
2026-05-27 14:52:38.274,206.299833,0.000000,0.000000,0.000000,0.032439,-0.257586,-0.304943,-0.121672,-0.267016,-0.304001,-0.044616,-0.262301,-0.304472,-0.012421,-0.279487,-0.288333,-0.050431,-0.318195,-0.254234,-0.071494,-0.311884,-0.283461
2026-05-27 14:52:38.374,206.399833,0.000000,0.000000,0.000000,0.032439,-0.257586,-0.304943,-0.121406,-0.271316,-0.302974,-0.044483,-0.264451,-0.303958,-0.012751,-0.281576,-0.288154,-0.050256,-0.316061,-0.254776,-0.071670,-0.316089,-0.283121
2026-05-27 14:52:38.474,206.499833,0.000000,0.000000,0.000000,0.031944,-0.259670,-0.304706,-0.121113,-0.267103,-0.303468,-0.044585,-0.263387,-0.304087,-0.012210,-0.281608,-0.288167,-0.050624,-0.320228,-0.254695,-0.071582,-0.313987,-0.283291
2026-05-27 14:52:38.574,206.599833,0.000000,0.000000,0.000000,0.032439,-0.257586,-0.304943,-0.121661,-0.267071,-0.303454,-0.044611,-0.262329,-0.304198,-0.012210,-0.281608,-0.288167,-0.050532,-0.319186,-0.254715,-0.071582,-0.313987,-0.283291
2026-05-27 14:52:38.674,206.699833,0.000000,0.000000,0.000000,0.032934,-0.255502,-0.305180,-0.121239,-0.264981,-0.303708,-0.044153,-0.260241,-0.304444,-0.012210,-0.281608,-0.288167,-0.050440,-0.318144,-0.254735,-0.071679,-0.316039,-0.283620
2026-05-27 14:52:38.774,206.799833,0.000000,0.000000,0.000000,0.032439,-0.257586,-0.304943,-0.121533,-0.269194,-0.303214,-0.044547,-0.263390,-0.304078,-0.012220,-0.281553,-0.288707,-0.050256,-0.316061,-0.254776,-0.071679,-0.316039,-0.283620
2026-05-27 14:52:38.874,206.899832,0.000000,0.000000,0.000000,0.032439,-0.257586,-0.304943,-0.121661,-0.267071,-0.303454,-0.044611,-0.262329,-0.304198,-0.012210,-0.281608,-0.288167,-0.050440,-0.318144,-0.254735,-0.071494,-0.311884,-0.283461
2026-05-27 14:52:38.974,206.999832,0.000000,0.000000,0.000000,0.032934,-0.255502,-0.305180,-0.120988,-0.269226,-0.303227,-0.044027,-0.262364,-0.304204,-0.012210,-0.281608,-0.288167,-0.050624,-0.320228,-0.254695,-0.072179,-0.316009,-0.283607
2026-05-27 14:52:39.074,207.099832,0.000000,0.000000,0.000000,0.032934,-0.255502,-0.305180,-0.121661,-0.267071,-0.303454,-0.044364,-0.261286,-0.304317,-0.012220,-0.281553,-0.288707,-0.050266,-0.316010,-0.255279,-0.072094,-0.313906,-0.283780
2026-05-27 14:52:39.174,207.199832,0.000000,0.000000,0.000000,0.032934,-0.255502,-0.305180,-0.121661,-0.267071,-0.303454,-0.044364,-0.261286,-0.304317,-0.012220,-0.281553,-0.288707,-0.050634,-0.320178,-0.255194,-0.072094,-0.313906,-0.283780
2026-05-27 14:52:39.274,207.299832,0.000000,0.000000,0.000000,0.032439,-0.257586,-0.304943,-0.121533,-0.269194,-0.303214,-0.044547,-0.263390,-0.304078,-0.012210,-0.281608,-0.288167,-0.050634,-0.320178,-0.255194,-0.072094,-0.313906,-0.283780
2026-05-27 14:52:39.374,207.399832,0.000000,0.000000,0.000000,0.031944,-0.259670,-0.304706,-0.121661,-0.267071,-0.303454,-0.044859,-0.263371,-0.304080,-0.011888,-0.279464,-0.288888,-0.050450,-0.318094,-0.255237,-0.072179,-0.316009,-0.283607
2026-05-27 14:52:39.474,207.499832,0.000000,0.000000,0.000000,0.032439,-0.257586,-0.304943,-0.121113,-0.267103,-0.303468,-0.044337,-0.262345,-0.304205,-0.011888,-0.279464,-0.288888,-0.050634,-0.320178,-0.255194,-0.072179,-0.316009,-0.283607
2026-05-27 14:52:39.574,207.599832,0.000000,0.000000,0.000000,0.032439,-0.257586,-0.304943,-0.121239,-0.264981,-0.303708,-0.044400,-0.261283,-0.304325,-0.011679,-0.281585,-0.288721,-0.050817,-0.322261,-0.255151,-0.072179,-0.316009,-0.283607
2026-05-27 14:52:39.674,207.699832,0.000000,0.000000,0.000000,0.032934,-0.255502,-0.305180,-0.121661,-0.267071,-0.303454,-0.044364,-0.261286,-0.304317,-0.012220,-0.281553,-0.288707,-0.050450,-0.318094,-0.255237,-0.072170,-0.316060,-0.283108
2026-05-27 14:52:39.774,207.799832,0.000000,0.000000,0.000000,0.032934,-0.255502,-0.305180,-0.121789,-0.264948,-0.303694,-0.044428,-0.260225,-0.304437,-0.012220,-0.281553,-0.288707,-0.050450,-0.318094,-0.255237,-0.072170,-0.316060,-0.283108
2026-05-27 14:52:39.874,207.899832,0.000000,0.000000,0.000000,0.032439,-0.257586,-0.304943,-0.121661,-0.267071,-0.303454,-0.044611,-0.262329,-0.304198,-0.011679,-0.281585,-0.288721,-0.050634,-0.320178,-0.255194,-0.072084,-0.313957,-0.283278
2026-05-27 14:52:39.974,207.999831,0.000000,0.000000,0.000000,0.032934,-0.255502,-0.305180,-0.121533,-0.269194,-0.303214,-0.044300,-0.262348,-0.304197,-0.011669,-0.281639,-0.288181,-0.050634,-0.320178,-0.255194,-0.072170,-0.316060,-0.283108
2026-05-27 14:52:40.074,208.099831,0.000000,0.000000,0.000000,0.032934,-0.255502,-0.305180,-0.121661,-0.267071,-0.303454,-0.044364,-0.261286,-0.304317,-0.011679,-0.281585,-0.288721,-0.050634,-0.320178,-0.255194,-0.072170,-0.316060,-0.283108
2026-05-27 14:52:40.174,208.199831,0.000000,0.000000,0.000000,0.032439,-0.257586,-0.304943,-0.121239,-0.264981,-0.303708,-0.044400,-0.261283,-0.304325,-0.011679,-0.281585,-0.288721,-0.050634,-0.320178,-0.255194,-0.072084,-0.313957,-0.283278
2026-05-27 14:52:40.274,208.299831,0.000000,0.000000,0.000000,0.032439,-0.257586,-0.304943,-0.120862,-0.271348,-0.302987,-0.044212,-0.264467,-0.303965,-0.012220,-0.281553,-0.288707,-0.050450,-0.318094,-0.255237,-0.072179,-0.316009,-0.283607
2026-05-27 14:52:40.374,208.399831,0.000000,0.000000,0.000000,0.032439,-0.257586,-0.304943,-0.121113,-0.267103,-0.303468,-0.044337,-0.262345,-0.304205,-0.011888,-0.279464,-0.288888,-0.050817,-0.322261,-0.255151,-0.072170,-0.316060,-0.283108
2026-05-27 14:52:40.474,208.499831,0.000000,0.000000,0.000000,0.032934,-0.255502,-0.305180,-0.121113,-0.267103,-0.303468,-0.044090,-0.261303,-0.304324,-0.012220,-0.281553,-0.288707,-0.050634,-0.320178,-0.255194,-0.072094,-0.313906,-0.283780
2026-05-27 14:52:40.574,208.599831,0.000000,0.000000,0.000000,0.032934,-0.255502,-0.305180,-0.121661,-0.267071,-0.303454,-0.044364,-0.261286,-0.304317,-0.012220,-0.281553,-0.288707,-0.050634,-0.320178,-0.255194,-0.072084,-0.313957,-0.283278
2026-05-27 14:52:40.674,208.699831,0.000000,0.000000,0.000000,0.031944,-0.259670,-0.304706,-0.121661,-0.267071,-0.303454,-0.044859,-0.263371,-0.304080,-0.011345,-0.279496,-0.288902,-0.050634,-0.320178,-0.255194,-0.072084,-0.313957,-0.283278
2026-05-27 14:52:40.774,208.799831,0.000000,0.000000,0.000000,0.032934,-0.255502,-0.305180,-0.121661,-0.267071,-0.303454,-0.044364,-0.261286,-0.304317,-0.011679,-0.281585,-0.288721,-0.050450,-0.318094,-0.255237,-0.072170,-0.316060,-0.283108
2026-05-27 14:52:40.874,208.899831,0.000000,0.000000,0.000000,0.032934,-0.255502,-0.305180,-0.120988,-0.269226,-0.303227,-0.044027,-0.262364,-0.304204,-0.011679,-0.281585,-0.288721,-0.050450,-0.318094,-0.255237,-0.072084,-0.313957,-0.283278
2026-05-27 14:52:40.974,208.999830,0.000000,0.000000,0.000000,0.032439,-0.257586,-0.304943,-0.121113,-0.267103,-0.303468,-0.044337,-0.262345,-0.304205,-0.011679,-0.281585,-0.288721,-0.050634,-0.320178,-0.255194,-0.072170,-0.316060,-0.283108
2026-05-27 14:52:41.074,209.099830,0.000000,0.000000,0.000000,0.032934,-0.255502,-0.305180,-0.121661,-0.267071,-0.303454,-0.044364,-0.261286,-0.304317,-0.012220,-0.281553,-0.288707,-0.050266,-0.316010,-0.255279,-0.072179,-0.316009,-0.283607
2026-05-27 14:52:41.174,209.199830,0.000000,0.000000,0.000000,0.032934,-0.255502,-0.305180,-0.121661,-0.267071,-0.303454,-0.044364,-0.261286,-0.304317,-0.011679,-0.281585,-0.288721,-0.050817,-0.322261,-0.255151,-0.072170,-0.316060,-0.283108
2026-05-27 14:52:41.274,209.299830,0.000000,0.000000,0.000000,0.031944,-0.259670,-0.304706,-0.121544,-0.269138,-0.303758,-0.044800,-0.264404,-0.304232,-0.011679,-0.281585,-0.288721,-0.050450,-0.318094,-0.255237,-0.072084,-0.313957,-0.283278
2026-05-27 14:52:41.374,209.399830,0.000000,0.000000,0.000000,0.032439,-0.257586,-0.304943,-0.121239,-0.264981,-0.303708,-0.044400,-0.261283,-0.304325,-0.012220,-0.281553,-0.288707,-0.050634,-0.320178,-0.255194,-0.072170,-0.316060,-0.283108
2026-05-27 14:52:41.474,209.499830,0.000000,0.000000,0.000000,0.032439,-0.257586,-0.304943,-0.120988,-0.269226,-0.303227,-0.044275,-0.263406,-0.304085,-0.011345,-0.279496,-0.288902,-0.050450,-0.318094,-0.255237,-0.072179,-0.316009,-0.283607
2026-05-27 14:52:41.574,209.599830,0.000000,0.000000,0.000000,0.032439,-0.257586,-0.304943,-0.121661,-0.267071,-0.303454,-0.044611,-0.262329,-0.304198,-0.012220,-0.281553,-0.288707,-0.050634,-0.320178,-0.255194,-0.072170,-0.316060,-0.283108
2026-05-27 14:52:41.674,209.699830,0.000000,0.000000,0.000000,0.032439,-0.257586,-0.304943,-0.121113,-0.267103,-0.303468,-0.044337,-0.262345,-0.304205,-0.011679,-0.281585,-0.288721,-0.050817,-0.322261,-0.255151,-0.072084,-0.313957,-0.283278
2026-05-27 14:52:41.774,209.799830,0.000000,0.000000,0.000000,0.033429,-0.253418,-0.305418,-0.121113,-0.267103,-0.303468,-0.043842,-0.260261,-0.304443,-0.011679,-0.281585,-0.288721,-0.050634,-0.320178,-0.255194,-0.072084,-0.313957,-0.283278
2026-05-27 14:52:41.874,209.899830,0.000000,0.000000,0.000000,0.032439,-0.257586,-0.304943,-0.121113,-0.267103,-0.303468,-0.044337,-0.262345,-0.304205,-0.012220,-0.281553,-0.288707,-0.050266,-0.316010,-0.255279,-0.072094,-0.313906,-0.283780
2026-05-27 14:52:41.974,209.999830,0.000000,0.000000,0.000000,0.032439,-0.257586,-0.304943,-0.121113,-0.267103,-0.303468,-0.044337,-0.262345,-0.304205,-0.011679,-0.281585,-0.288721,-0.050450,-0.318094,-0.255237,-0.072170,-0.316060,-0.283108
2026-05-27 14:52:42.074,210.099829,0.000000,0.000000,0.000000,0.031944,-0.259670,-0.304706,-0.121661,-0.267071,-0.303454,-0.044859,-0.263371,-0.304080,-0.012220,-0.281553,-0.288707,-0.050634,-0.320178,-0.255194,-0.072170,-0.316060,-0.283108
2026-05-27 14:52:42.174,210.199829,0.000000,0.000000,0.000000,0.032934,-0.255502,-0.305180,-0.121113,-0.267103,-0.303468,-0.044090,-0.261303,-0.304324,-0.011345,-0.279496,-0.288902,-0.050450,-0.318094,-0.255237,-0.072084,-0.313957,-0.283278
2026-05-27 14:52:42.274,210.299829,0.000000,0.000000,0.000000,0.032934,-0.255502,-0.305180,-0.121533,-0.269194,-0.303214,-0.044300,-0.262348,-0.304197,-0.011345,-0.279496,-0.288902,-0.050634,-0.320178,-0.255194,-0.072084,-0.313957,-0.283278
2026-05-27 14:52:42.374,210.399829,0.000000,0.000000,0.000000,0.032934,-0.255502,-0.305180,-0.121661,-0.267071,-0.303454,-0.044364,-0.261286,-0.304317,-0.011679,-0.281585,-0.288721,-0.050634,-0.320178,-0.255194,-0.072084,-0.313957,-0.283278
2026-05-27 14:52:42.474,210.499829,0.000000,0.000000,0.000000,0.032934,-0.255502,-0.305180,-0.121661,-0.267071,-0.303454,-0.044364,-0.261286,-0.304317,-0.011345,-0.279496,-0.288902,-0.050634,-0.320178,-0.255194,-0.072170,-0.316060,-0.283108
2026-05-27 14:52:42.574,210.599829,0.000000,0.000000,0.000000,0.032439,-0.257586,-0.304943,-0.121533,-0.269194,-0.303214,-0.044547,-0.263390,-0.304078,-0.011345,-0.279496,-0.288902,-0.050634,-0.320178,-0.255194,-0.072170,-0.316060,-0.283108
2026-05-27 14:52:42.674,210.699829,0.000000,0.000000,0.000000,0.032934,-0.255502,-0.305180,-0.121533,-0.269194,-0.303214,-0.044300,-0.262348,-0.304197,-0.011679,-0.281585,-0.288721,-0.050634,-0.320178,-0.255194,-0.072170,-0.316060,-0.283108
2026-05-27 14:52:42.774,210.799829,0.000000,0.000000,0.000000,0.032439,-0.257586,-0.304943,-0.121661,-0.267071,-0.303454,-0.044611,-0.262329,-0.304198,-0.011888,-0.279464,-0.288888,-0.050450,-0.318094,-0.255237,-0.072084,-0.313957,-0.283278
2026-05-27 14:52:42.874,210.899829,0.000000,0.000000,0.000000,0.032934,-0.255502,-0.305180,-0.121661,-0.267071,-0.303454,-0.044364,-0.261286,-0.304317,-0.011888,-0.279464,-0.288888,-0.050450,-0.318094,-0.255237,-0.072084,-0.313957,-0.283278
2026-05-27 14:52:42.974,210.999829,0.000000,0.000000,0.000000,0.032439,-0.257586,-0.304943,-0.121661,-0.267071,-0.303454,-0.044611,-0.262329,-0.304198,-0.011345,-0.279496,-0.288902,-0.050634,-0.320178,-0.255194,-0.072170,-0.316060,-0.283108
2026-05-27 14:52:43.074,211.099828,0.000000,0.000000,0.000000,0.032934,-0.255502,-0.305180,-0.121533,-0.269194,-0.303214,-0.044300,-0.262348,-0.304197,-0.011679,-0.281585,-0.288721,-0.050634,-0.320178,-0.255194,-0.072170,-0.316060,-0.283108
2026-05-27 14:52:43.174,211.199828,0.000000,0.000000,0.000000,0.032934,-0.255502,-0.305180,-0.121533,-0.269194,-0.303214,-0.044300,-0.262348,-0.304197,-0.011888,-0.279464,-0.288888,-0.050450,-0.318094,-0.255237,-0.072170,-0.316060,-0.283108
2026-05-27 14:52:43.274,211.299828,0.000000,0.000000,0.000000,0.032934,-0.255502,-0.305180,-0.121533,-0.269194,-0.303214,-0.044300,-0.262348,-0.304197,-0.012220,-0.281553,-0.288707,-0.050634,-0.320178,-0.255194,-0.072179,-0.316009,-0.283607
2026-05-27 14:52:43.374,211.399828,0.000000,0.000000,0.000000,0.031944,-0.259670,-0.304706,-0.121661,-0.267071,-0.303454,-0.044859,-0.263371,-0.304080,-0.011345,-0.279496,-0.288902,-0.050634,-0.320178,-0.255194,-0.072084,-0.313957,-0.283278
2026-05-27 14:52:43.474,211.499828,0.000000,0.000000,0.000000,0.032439,-0.257586,-0.304943,-0.121113,-0.267103,-0.303468,-0.044337,-0.262345,-0.304205,-0.011679,-0.281585,-0.288721,-0.050634,-0.320178,-0.255194,-0.072170,-0.316060,-0.283108
2026-05-27 14:52:43.574,211.599828,0.000000,0.000000,0.000000,0.031944,-0.259670,-0.304706,-0.121113,-0.267103,-0.303468,-0.044585,-0.263387,-0.304087,-0.011679,-0.281585,-0.288721,-0.050634,-0.320178,-0.255194,-0.072084,-0.313957,-0.283278
2026-05-27 14:52:43.674,211.699828,0.000000,0.000000,0.000000,0.032439,-0.257586,-0.304943,-0.121533,-0.269194,-0.303214,-0.044547,-0.263390,-0.304078,-0.011345,-0.279496,-0.288902,-0.050634,-0.320178,-0.255194,-0.072179,-0.316009,-0.283607
2026-05-27 14:52:43.774,211.799828,0.000000,0.000000,0.000000,0.033429,-0.253418,-0.305418,-0.121113,-0.267103,-0.303468,-0.043842,-0.260261,-0.304443,-0.012220,-0.281553,-0.288707,-0.050634,-0.320178,-0.255194,-0.072179,-0.316009,-0.283607
2026-05-27 14:52:43.874,211.899828,0.000000,0.000000,0.000000,0.032439,-0.257586,-0.304943,-0.121661,-0.267071,-0.303454,-0.044611,-0.262329,-0.304198,-0.011888,-0.279464,-0.288888,-0.050817,-0.322261,-0.255151,-0.072084,-0.313957,-0.283278
2026-05-27 14:52:43.974,211.999828,0.000000,0.000000,0.000000,0.032439,-0.257586,-0.304943,-0.121661,-0.267071,-0.303454,-0.044611,-0.262329,-0.304198,-0.011679,-0.281585,-0.288721,-0.050634,-0.320178,-0.255194,-0.072127,-0.315008,-0.283193
2026-05-27 14:52:44.074,212.099828,0.000000,0.000000,0.000000,0.032934,-0.255502,-0.305180,-0.121661,-0.267071,-0.303454,-0.044364,-0.261286,-0.304317,-0.011679,-0.281585,-0.288721,-0.050634,-0.320178,-0.255194,-0.072179,-0.316009,-0.283607
2026-05-27 14:52:44.174,212.199827,0.000000,0.000000,0.000000,0.033429,-0.253418,-0.305418,-0.121789,-0.264948,-0.303694,-0.044180,-0.259183,-0.304556,-0.011679,-0.281585,-0.288721,-0.050450,-0.318094,-0.255237,-0.072170,-0.316060,-0.283108
2026-05-27 14:52:44.274,212.299827,0.000000,0.000000,0.000000,0.032439,-0.257586,-0.304943,-0.121113,-0.267103,-0.303468,-0.044337,-0.262345,-0.304205,-0.012220,-0.281553,-0.288707,-0.050634,-0.320178,-0.255194,-0.072084,-0.313957,-0.283278
2026-05-27 14:52:44.374,212.399827,0.000000,0.000000,0.000000,0.032439,-0.257586,-0.304943,-0.121533,-0.269194,-0.303214,-0.044547,-0.263390,-0.304078,-0.012210,-0.281608,-0.288167,-0.050082,-0.313926,-0.255322,-0.072179,-0.316009,-0.283607
2026-05-27 14:52:44.474,212.499827,0.000000,0.000000,0.000000,0.032934,-0.255502,-0.305180,-0.121661,-0.267071,-0.303454,-0.044364,-0.261286,-0.304317,-0.012210,-0.281608,-0.288167,-0.050634,-0.320178,-0.255194,-0.072179,-0.316009,-0.283607
2026-05-27 14:52:44.574,212.599827,0.000000,0.000000,0.000000,0.032934,-0.255502,-0.305180,-0.121113,-0.267103,-0.303468,-0.044090,-0.261303,-0.304324,-0.012210,-0.281608,-0.288167,-0.050450,-0.318094,-0.255237,-0.072170,-0.316060,-0.283108
2026-05-27 14:52:44.674,212.699827,0.000000,0.000000,0.000000,0.032439,-0.257586,-0.304943,-0.121533,-0.269194,-0.303214,-0.044547,-0.263390,-0.304078,-0.011878,-0.279519,-0.288346,-0.050450,-0.318094,-0.255237,-0.072084,-0.313957,-0.283278
2026-05-27 14:52:44.774,212.799827,0.000000,0.000000,0.000000,0.032934,-0.255502,-0.305180,-0.121661,-0.267071,-0.303454,-0.044364,-0.261286,-0.304317,-0.012210,-0.281608,-0.288167,-0.050256,-0.316061,-0.254776,-0.072170,-0.316060,-0.283108
2026-05-27 14:52:44.874,212.899827,0.000000,0.000000,0.000000,0.032439,-0.257586,-0.304943,-0.120988,-0.269226,-0.303227,-0.044275,-0.263406,-0.304085,-0.012210,-0.281608,-0.288167,-0.050256,-0.316061,-0.254776,-0.072170,-0.316060,-0.283108
2026-05-27 14:52:44.974,212.999827,0.000000,0.000000,0.000000,0.032439,-0.257586,-0.304943,-0.121661,-0.267071,-0.303454,-0.044611,-0.262329,-0.304198,-0.012220,-0.281553,-0.288707,-0.050440,-0.318144,-0.254735,-0.071670,-0.316089,-0.283121
2026-05-27 14:52:45.074,213.099827,0.000000,0.000000,0.000000,0.032439,-0.257586,-0.304943,-0.121661,-0.267071,-0.303454,-0.044611,-0.262329,-0.304198,-0.012761,-0.281521,-0.288694,-0.050256,-0.316061,-0.254776,-0.071679,-0.316039,-0.283620
2026-05-27 14:52:45.174,213.199826,0.000000,0.000000,0.000000,0.032934,-0.255502,-0.305180,-0.121113,-0.267103,-0.303468,-0.044090,-0.261303,-0.304324,-0.012210,-0.281608,-0.288167,-0.050256,-0.316061,-0.254776,-0.071670,-0.316089,-0.283121
2026-05-27 14:52:45.274,213.299826,0.000000,0.000000,0.000000,0.032934,-0.255502,-0.305180,-0.121661,-0.267071,-0.303454,-0.044364,-0.261286,-0.304317,-0.012751,-0.281576,-0.288154,-0.050440,-0.318144,-0.254735,-0.071582,-0.313987,-0.283291
2026-05-27 14:52:45.374,213.399826,0.000000,0.000000,0.000000,0.032934,-0.255502,-0.305180,-0.121113,-0.267103,-0.303468,-0.044090,-0.261303,-0.304324,-0.012421,-0.279487,-0.288333,-0.050440,-0.318144,-0.254735,-0.071582,-0.313987,-0.283291
2026-05-27 14:52:45.474,213.499826,0.000000,0.000000,0.000000,0.033429,-0.253418,-0.305418,-0.121661,-0.267071,-0.303454,-0.044116,-0.260244,-0.304436,-0.012751,-0.281576,-0.288154,-0.050532,-0.319186,-0.254715,-0.071670,-0.316089,-0.283121
2026-05-27 14:52:45.574,213.599826,0.000000,0.000000,0.000000,0.032934,-0.255502,-0.305180,-0.121113,-0.267103,-0.303468,-0.044090,-0.261303,-0.304324,-0.012421,-0.279487,-0.288333,-0.050431,-0.318195,-0.254234,-0.071170,-0.316119,-0.283133
2026-05-27 14:52:45.674,213.699826,0.000000,0.000000,0.000000,0.032934,-0.255502,-0.305180,-0.121661,-0.267071,-0.303454,-0.044364,-0.261286,-0.304317,-0.012421,-0.279487,-0.288333,-0.050247,-0.316112,-0.254272,-0.071080,-0.314016,-0.283303
2026-05-27 14:52:45.774,213.799826,0.000000,0.000000,0.000000,0.032934,-0.255502,-0.305180,-0.121544,-0.269138,-0.303758,-0.044305,-0.262320,-0.304469,-0.012421,-0.279487,-0.288333,-0.050247,-0.316112,-0.254272,-0.071170,-0.316119,-0.283133
2026-05-27 14:52:45.874,213.899826,0.000000,0.000000,0.000000,0.032439,-0.257586,-0.304943,-0.120988,-0.269226,-0.303227,-0.044275,-0.263406,-0.304085,-0.012964,-0.279455,-0.288319,-0.050063,-0.314028,-0.254311,-0.071080,-0.314016,-0.283303
2026-05-27 14:52:45.974,213.999826,0.000000,0.000000,0.000000,0.032439,-0.257586,-0.304943,-0.121113,-0.267103,-0.303468,-0.044337,-0.262345,-0.304205,-0.012964,-0.279455,-0.288319,-0.050063,-0.314028,-0.254311,-0.070578,-0.314046,-0.283316
2026-05-27 14:52:46.074,214.099826,0.000000,0.000000,0.000000,0.032439,-0.257586,-0.304943,-0.121661,-0.267071,-0.303454,-0.044611,-0.262329,-0.304198,-0.012964,-0.279455,-0.288319,-0.050196,-0.309883,-0.253864,-0.070670,-0.316148,-0.283146
2026-05-27 14:52:46.174,214.199826,0.000000,0.000000,0.000000,0.032439,-0.257586,-0.304943,-0.121113,-0.267103,-0.303468,-0.044337,-0.262345,-0.304205,-0.013292,-0.281544,-0.288141,-0.050196,-0.309883,-0.253864,-0.070578,-0.314046,-0.283316
2026-05-27 14:52:46.274,214.299825,0.000000,0.000000,0.000000,0.032439,-0.257586,-0.304943,-0.121661,-0.267071,-0.303454,-0.044611,-0.262329,-0.304198,-0.013508,-0.279423,-0.288305,-0.050196,-0.309883,-0.253864,-0.070670,-0.316148,-0.283146
2026-05-27 14:52:46.374,214.399825,0.000000,0.000000,0.000000,0.032439,-0.257586,-0.304943,-0.121113,-0.267103,-0.303468,-0.044337,-0.262345,-0.304205,-0.012964,-0.279455,-0.288319,-0.050196,-0.309883,-0.253864,-0.070075,-0.314076,-0.283329
2026-05-27 14:52:46.474,214.499825,0.000000,0.000000,0.000000,0.032439,-0.257586,-0.304943,-0.121672,-0.267016,-0.304001,-0.044616,-0.262301,-0.304472,-0.013182,-0.277334,-0.288484,-0.050378,-0.311966,-0.253828,-0.070075,-0.314076,-0.283329
2026-05-27 14:52:46.574,214.599825,0.000000,0.000000,0.000000,0.032439,-0.257586,-0.304943,-0.121113,-0.267103,-0.303468,-0.044337,-0.262345,-0.304205,-0.013182,-0.277334,-0.288484,-0.050186,-0.309935,-0.253354,-0.070075,-0.314076,-0.283329
2026-05-27 14:52:46.674,214.699825,0.000000,0.000000,0.000000,0.032439,-0.257586,-0.304943,-0.121533,-0.269194,-0.303214,-0.044547,-0.263390,-0.304078,-0.013182,-0.277334,-0.288484,-0.050368,-0.312018,-0.253320,-0.070075,-0.314076,-0.283329
2026-05-27 14:52:46.774,214.799825,0.000000,0.000000,0.000000,0.033429,-0.253418,-0.305418,-0.121406,-0.271316,-0.302974,-0.043988,-0.262367,-0.304196,-0.012847,-0.275301,-0.288116,-0.050368,-0.312018,-0.253320,-0.069971,-0.312025,-0.282995
2026-05-27 14:52:46.874,214.899825,0.000000,0.000000,0.000000,0.032439,-0.257586,-0.304943,-0.121113,-0.267103,-0.303468,-0.044337,-0.262345,-0.304205,-0.014041,-0.279446,-0.287750,-0.050368,-0.312018,-0.253320,-0.069466,-0.312054,-0.283008
2026-05-27 14:52:46.974,214.999825,0.000000,0.000000,0.000000,0.032934,-0.255502,-0.305180,-0.121113,-0.267103,-0.303468,-0.044090,-0.261303,-0.304324,-0.013172,-0.277389,-0.287939,-0.050688,-0.309956,-0.252831,-0.069515,-0.313105,-0.282924
2026-05-27 14:52:47.074,215.099825,0.000000,0.000000,0.000000,0.032934,-0.255502,-0.305180,-0.121661,-0.267071,-0.303454,-0.044364,-0.261286,-0.304317,-0.012847,-0.275301,-0.288116,-0.050688,-0.309956,-0.252831,-0.069466,-0.312054,-0.283008
2026-05-27 14:52:47.174,215.199825,0.000000,0.000000,0.000000,0.032439,-0.257586,-0.304943,-0.121789,-0.264948,-0.303694,-0.044675,-0.261267,-0.304318,-0.013395,-0.275269,-0.288102,-0.050688,-0.309956,-0.252831,-0.069466,-0.312054,-0.283008
2026-05-27 14:52:47.274,215.299824,0.000000,0.000000,0.000000,0.032439,-0.257586,-0.304943,-0.121661,-0.267071,-0.303454,-0.044611,-0.262329,-0.304198,-0.013395,-0.275269,-0.288102,-0.050688,-0.309956,-0.252831,-0.068962,-0.312084,-0.283021
2026-05-27 14:52:47.374,215.399824,0.000000,0.000000,0.000000,0.032934,-0.255502,-0.305180,-0.121533,-0.269194,-0.303214,-0.044300,-0.262348,-0.304197,-0.013395,-0.275269,-0.288102,-0.050868,-0.312039,-0.252800,-0.068962,-0.312084,-0.283021
2026-05-27 14:52:47.474,215.499824,0.000000,0.000000,0.000000,0.032934,-0.255502,-0.305180,-0.121113,-0.267103,-0.303468,-0.044090,-0.261303,-0.304324,-0.013395,-0.275269,-0.288102,-0.050499,-0.307925,-0.252350,-0.068962,-0.312084,-0.283021
2026-05-27 14:52:47.574,215.599824,0.000000,0.000000,0.000000,0.032934,-0.255502,-0.305180,-0.121661,-0.267071,-0.303454,-0.044364,-0.261286,-0.304317,-0.013395,-0.275269,-0.288102,-0.050678,-0.310008,-0.252321,-0.068962,-0.312084,-0.283021
2026-05-27 14:52:47.674,215.699824,0.000000,0.000000,0.000000,0.032934,-0.255502,-0.305180,-0.121113,-0.267103,-0.303468,-0.044090,-0.261303,-0.304324,-0.013395,-0.275269,-0.288102,-0.050678,-0.310008,-0.252321,-0.069061,-0.314186,-0.282852
2026-05-27 14:52:47.774,215.799824,0.000000,0.000000,0.000000,0.032934,-0.255502,-0.305180,-0.121533,-0.269194,-0.303214,-0.044300,-0.262348,-0.304197,-0.013395,-0.275269,-0.288102,-0.050678,-0.310008,-0.252321,-0.068559,-0.314215,-0.282865
2026-05-27 14:52:47.874,215.899824,0.000000,0.000000,0.000000,0.032934,-0.255502,-0.305180,-0.121113,-0.267103,-0.303468,-0.044090,-0.261303,-0.304324,-0.013395,-0.275269,-0.288102,-0.050499,-0.307925,-0.252350,-0.068559,-0.314215,-0.282865
2026-05-27 14:52:47.974,215.999824,0.000000,0.000000,0.000000,0.033429,-0.253418,-0.305418,-0.121113,-0.267103,-0.303468,-0.043842,-0.260261,-0.304443,-0.013395,-0.275269,-0.288102,-0.050678,-0.310008,-0.252321,-0.068457,-0.312114,-0.283033
2026-05-27 14:52:48.074,216.099824,0.000000,0.000000,0.000000,0.033429,-0.253418,-0.305418,-0.121661,-0.267071,-0.303454,-0.044116,-0.260244,-0.304436,-0.013395,-0.275269,-0.288102,-0.050589,-0.308967,-0.252335,-0.068457,-0.312114,-0.283033
2026-05-27 14:52:48.174,216.199824,0.000000,0.000000,0.000000,0.032439,-0.257586,-0.304943,-0.121113,-0.267103,-0.303468,-0.044337,-0.262345,-0.304205,-0.013943,-0.275236,-0.288088,-0.050489,-0.307977,-0.251837,-0.068457,-0.312114,-0.283033
2026-05-27 14:52:48.274,216.299824,0.000000,0.000000,0.000000,0.032439,-0.257586,-0.304943,-0.121661,-0.267071,-0.303454,-0.044611,-0.262329,-0.304198,-0.013943,-0.275236,-0.288088,-0.050489,-0.307977,-0.251837,-0.068457,-0.312114,-0.283033
2026-05-27 14:52:48.374,216.399823,0.000000,0.000000,0.000000,0.033429,-0.253418,-0.305418,-0.121544,-0.269138,-0.303758,-0.044057,-0.261278,-0.304588,-0.013943,-0.275236,-0.288088,-0.050489,-0.307977,-0.251837,-0.068559,-0.314215,-0.282865
2026-05-27 14:52:48.474,216.499823,0.000000,0.000000,0.000000,0.033429,-0.253418,-0.305418,-0.120988,-0.269226,-0.303227,-0.043779,-0.261322,-0.304323,-0.013943,-0.275236,-0.288088,-0.050489,-0.307977,-0.251837,-0.068457,-0.312114,-0.283033
2026-05-27 14:52:48.574,216.599823,0.000000,0.000000,0.000000,0.033429,-0.253418,-0.305418,-0.121533,-0.269194,-0.303214,-0.044052,-0.261306,-0.304316,-0.013943,-0.275236,-0.288088,-0.050825,-0.305864,-0.251851,-0.068457,-0.312114,-0.283033
2026-05-27 14:52:48.674,216.699823,0.000000,0.000000,0.000000,0.032934,-0.255502,-0.305180,-0.121533,-0.269194,-0.303214,-0.044300,-0.262348,-0.304197,-0.013943,-0.275236,-0.288088,-0.050489,-0.307977,-0.251837,-0.068457,-0.312114,-0.283033
2026-05-27 14:52:48.774,216.799823,0.000000,0.000000,0.000000,0.032934,-0.255502,-0.305180,-0.121661,-0.267071,-0.303454,-0.044364,-0.261286,-0.304317,-0.013943,-0.275236,-0.288088,-0.050825,-0.305864,-0.251851,-0.068457,-0.312114,-0.283033
2026-05-27 14:52:48.874,216.899823,0.000000,0.000000,0.000000,0.033429,-0.253418,-0.305418,-0.121533,-0.269194,-0.303214,-0.044052,-0.261306,-0.304316,-0.013943,-0.275236,-0.288088,-0.050489,-0.307977,-0.251837,-0.068457,-0.312114,-0.283033
2026-05-27 14:52:48.974,216.999823,0.000000,0.000000,0.000000,0.032439,-0.257586,-0.304943,-0.121533,-0.269194,-0.303214,-0.044547,-0.263390,-0.304078,-0.013943,-0.275236,-0.288088,-0.050489,-0.307977,-0.251837,-0.068457,-0.312114,-0.283033
2026-05-27 14:52:49.074,217.099823,0.000000,0.000000,0.000000,0.032934,-0.255502,-0.305180,-0.121533,-0.269194,-0.303214,-0.044300,-0.262348,-0.304197,-0.013943,-0.275236,-0.288088,-0.050825,-0.305864,-0.251851,-0.068457,-0.312114,-0.283033
2026-05-27 14:52:49.174,217.199823,0.000000,0.000000,0.000000,0.032934,-0.255502,-0.305180,-0.121661,-0.267071,-0.303454,-0.044364,-0.261286,-0.304317,-0.013943,-0.275236,-0.288088,-0.050489,-0.307977,-0.251837,-0.068457,-0.312114,-0.283033
2026-05-27 14:52:49.274,217.299823,0.000000,0.000000,0.000000,0.032934,-0.255502,-0.305180,-0.121533,-0.269194,-0.303214,-0.044300,-0.262348,-0.304197,-0.013943,-0.275236,-0.288088,-0.050489,-0.307977,-0.251837,-0.068457,-0.312114,-0.283033
2026-05-27 14:52:49.374,217.399822,0.000000,0.000000,0.000000,0.032439,-0.257586,-0.304943,-0.121661,-0.267071,-0.303454,-0.044611,-0.262329,-0.304198,-0.013622,-0.273147,-0.288264,-0.051003,-0.307947,-0.251824,-0.068457,-0.312114,-0.283033
2026-05-27 14:52:49.474,217.499822,0.000000,0.000000,0.000000,0.032934,-0.255502,-0.305180,-0.121661,-0.267071,-0.303454,-0.044364,-0.261286,-0.304317,-0.013943,-0.275236,-0.288088,-0.050489,-0.307977,-0.251837,-0.068457,-0.312114,-0.283033
2026-05-27 14:52:49.574,217.599822,0.000000,0.000000,0.000000,0.032934,-0.255502,-0.305180,-0.121533,-0.269194,-0.303214,-0.044300,-0.262348,-0.304197,-0.013943,-0.275236,-0.288088,-0.050825,-0.305864,-0.251851,-0.068457,-0.312114,-0.283033
2026-05-27 14:52:49.674,217.699822,0.000000,0.000000,0.000000,0.032439,-0.257586,-0.304943,-0.121533,-0.269194,-0.303214,-0.044547,-0.263390,-0.304078,-0.013943,-0.275236,-0.288088,-0.050399,-0.306936,-0.251851,-0.068457,-0.312114,-0.283033
2026-05-27 14:52:49.774,217.799822,0.000000,0.000000,0.000000,0.032439,-0.257586,-0.304943,-0.121661,-0.267071,-0.303454,-0.044611,-0.262329,-0.304198,-0.013943,-0.275236,-0.288088,-0.050669,-0.310060,-0.251810,-0.068457,-0.312114,-0.283033
2026-05-27 14:52:49.874,217.899822,0.000000,0.000000,0.000000,0.032934,-0.255502,-0.305180,-0.121113,-0.267103,-0.303468,-0.044090,-0.261303,-0.304324,-0.013943,-0.275236,-0.288088,-0.050399,-0.306936,-0.251851,-0.068457,-0.312114,-0.283033
2026-05-27 14:52:49.974,217.999822,0.000000,0.000000,0.000000,0.032934,-0.255502,-0.305180,-0.121661,-0.267071,-0.303454,-0.044364,-0.261286,-0.304317,-0.013943,-0.275236,-0.288088,-0.050489,-0.307977,-0.251837,-0.068457,-0.312114,-0.283033
2026-05-27 14:52:50.074,218.099822,0.000000,0.000000,0.000000,0.032934,-0.255502,-0.305180,-0.121789,-0.264948,-0.303694,-0.044428,-0.260225,-0.304437,-0.013943,-0.275236,-0.288088,-0.050309,-0.305895,-0.251864,-0.068457,-0.312114,-0.283033
2026-05-27 14:52:50.174,218.199822,0.000000,0.000000,0.000000,0.032934,-0.255502,-0.305180,-0.121661,-0.267071,-0.303454,-0.044364,-0.261286,-0.304317,-0.013943,-0.275236,-0.288088,-0.050489,-0.307977,-0.251837,-0.068457,-0.312114,-0.283033
2026-05-27 14:52:50.274,218.299822,0.000000,0.000000,0.000000,0.032934,-0.255502,-0.305180,-0.121661,-0.267071,-0.303454,-0.044364,-0.261286,-0.304317,-0.013943,-0.275236,-0.288088,-0.051003,-0.307947,-0.251824,-0.068457,-0.312114,-0.283033
2026-05-27 14:52:50.374,218.399822,0.000000,0.000000,0.000000,0.032439,-0.257586,-0.304943,-0.121661,-0.267071,-0.303454,-0.044611,-0.262329,-0.304198,-0.013943,-0.275236,-0.288088,-0.050489,-0.307977,-0.251837,-0.068457,-0.312114,-0.283033
2026-05-27 14:52:50.474,218.499821,0.000000,0.000000,0.000000,0.032934,-0.255502,-0.305180,-0.121661,-0.267071,-0.303454,-0.044364,-0.261286,-0.304317,-0.013943,-0.275236,-0.288088,-0.050489,-0.307977,-0.251837,-0.068457,-0.312114,-0.283033
2026-05-27 14:52:50.574,218.599821,0.000000,0.000000,0.000000,0.032439,-0.257586,-0.304943,-0.121406,-0.271316,-0.302974,-0.044483,-0.264451,-0.303958,-0.014263,-0.277325,-0.287912,-0.050489,-0.307977,-0.251837,-0.068457,-0.312114,-0.283033
2026-05-27 14:52:50.674,218.699821,0.000000,0.000000,0.000000,0.032934,-0.255502,-0.305180,-0.121661,-0.267071,-0.303454,-0.044364,-0.261286,-0.304317,-0.013943,-0.275236,-0.288088,-0.051003,-0.307947,-0.251824,-0.068457,-0.312114,-0.283033
2026-05-27 14:52:50.774,218.799821,0.000000,0.000000,0.000000,0.032934,-0.255502,-0.305180,-0.121113,-0.267103,-0.303468,-0.044090,-0.261303,-0.304324,-0.013943,-0.275236,-0.288088,-0.050489,-0.307977,-0.251837,-0.068457,-0.312114,-0.283033
2026-05-27 14:52:50.874,218.899821,0.000000,0.000000,0.000000,0.032439,-0.257586,-0.304943,-0.121113,-0.267103,-0.303468,-0.044337,-0.262345,-0.304205,-0.013943,-0.275236,-0.288088,-0.051003,-0.307947,-0.251824,-0.068457,-0.312114,-0.283033
2026-05-27 14:52:50.974,218.999821,0.000000,0.000000,0.000000,0.032934,-0.255502,-0.305180,-0.121661,-0.267071,-0.303454,-0.044364,-0.261286,-0.304317,-0.013943,-0.275236,-0.288088,-0.050825,-0.305864,-0.251851,-0.068457,-0.312114,-0.283033
2026-05-27 14:52:51.074,219.099821,0.000000,0.000000,0.000000,0.032934,-0.255502,-0.305180,-0.121661,-0.267071,-0.303454,-0.044364,-0.261286,-0.304317,-0.013943,-0.275236,-0.288088,-0.050309,-0.305895,-0.251864,-0.068457,-0.312114,-0.283033
2026-05-27 14:52:51.174,219.199821,0.000000,0.000000,0.000000,0.031944,-0.259670,-0.304706,-0.121661,-0.267071,-0.303454,-0.044859,-0.263371,-0.304080,-0.013943,-0.275236,-0.288088,-0.050825,-0.305864,-0.251851,-0.068457,-0.312114,-0.283033
2026-05-27 14:52:51.274,219.299821,0.000000,0.000000,0.000000,0.032439,-0.257586,-0.304943,-0.121661,-0.267071,-0.303454,-0.044611,-0.262329,-0.304198,-0.013943,-0.275236,-0.288088,-0.050825,-0.305864,-0.251851,-0.068457,-0.312114,-0.283033
2026-05-27 14:52:51.374,219.399821,0.000000,0.000000,0.000000,0.032439,-0.257586,-0.304943,-0.121113,-0.267103,-0.303468,-0.044337,-0.262345,-0.304205,-0.013943,-0.275236,-0.288088,-0.050825,-0.305864,-0.251851,-0.068457,-0.312114,-0.283033
2026-05-27 14:52:51.474,219.499820,0.000000,0.000000,0.000000,0.032439,-0.257586,-0.304943,-0.121661,-0.267071,-0.303454,-0.044611,-0.262329,-0.304198,-0.013943,-0.275236,-0.288088,-0.050489,-0.307977,-0.251837,-0.068457,-0.312114,-0.283033
2026-05-27 14:52:51.574,219.599820,0.000000,0.000000,0.000000,0.032439,-0.257586,-0.304943,-0.121533,-0.269194,-0.303214,-0.044547,-0.263390,-0.304078,-0.013943,-0.275236,-0.288088,-0.051003,-0.307947,-0.251824,-0.068457,-0.312114,-0.283033
2026-05-27 14:52:51.674,219.699820,0.000000,0.000000,0.000000,0.032934,-0.255502,-0.305180,-0.121661,-0.267071,-0.303454,-0.044364,-0.261286,-0.304317,-0.013943,-0.275236,-0.288088,-0.050825,-0.305864,-0.251851,-0.068457,-0.312114,-0.283033
2026-05-27 14:52:51.774,219.799820,0.000000,0.000000,0.000000,0.032934,-0.255502,-0.305180,-0.121661,-0.267071,-0.303454,-0.044364,-0.261286,-0.304317,-0.013943,-0.275236,-0.288088,-0.050825,-0.305864,-0.251851,-0.068457,-0.312114,-0.283033
2026-05-27 14:52:51.874,219.899820,0.000000,0.000000,0.000000,0.032439,-0.257586,-0.304943,-0.121533,-0.269194,-0.303214,-0.044547,-0.263390,-0.304078,-0.013943,-0.275236,-0.288088,-0.050309,-0.305895,-0.251864,-0.068559,-0.314215,-0.282865
2026-05-27 14:52:51.974,219.999820,0.000000,0.000000,0.000000,0.032439,-0.257586,-0.304943,-0.121239,-0.264981,-0.303708,-0.044400,-0.261283,-0.304325,-0.013943,-0.275236,-0.288088,-0.050825,-0.305864,-0.251851,-0.068457,-0.312114,-0.283033
2026-05-27 14:52:52.074,220.099820,0.000000,0.000000,0.000000,0.032439,-0.257586,-0.304943,-0.121113,-0.267103,-0.303468,-0.044337,-0.262345,-0.304205,-0.013943,-0.275236,-0.288088,-0.050489,-0.307977,-0.251837,-0.068457,-0.312114,-0.283033
2026-05-27 14:52:52.174,220.199820,0.000000,0.000000,0.000000,0.032439,-0.257586,-0.304943,-0.121661,-0.267071,-0.303454,-0.044611,-0.262329,-0.304198,-0.013943,-0.275236,-0.288088,-0.050825,-0.305864,-0.251851,-0.068457,-0.312114,-0.283033
2026-05-27 14:52:52.274,220.299820,0.000000,0.000000,0.000000,0.032439,-0.257586,-0.304943,-0.121661,-0.267071,-0.303454,-0.044611,-0.262329,-0.304198,-0.013943,-0.275236,-0.288088,-0.051003,-0.307947,-0.251824,-0.068457,-0.312114,-0.283033
2026-05-27 14:52:52.374,220.399820,0.000000,0.000000,0.000000,0.032439,-0.257586,-0.304943,-0.121661,-0.267071,-0.303454,-0.044611,-0.262329,-0.304198,-0.013622,-0.273147,-0.288264,-0.051180,-0.310029,-0.251798,-0.068457,-0.312114,-0.283033
2026-05-27 14:52:52.474,220.499820,0.000000,0.000000,0.000000,0.032934,-0.255502,-0.305180,-0.121672,-0.267016,-0.304001,-0.044369,-0.261259,-0.304590,-0.014263,-0.277325,-0.287912,-0.051003,-0.307947,-0.251824,-0.068457,-0.312114,-0.283033
2026-05-27 14:52:52.574,220.599819,0.000000,0.000000,0.000000,0.031944,-0.259670,-0.304706,-0.121661,-0.267071,-0.303454,-0.044859,-0.263371,-0.304080,-0.013943,-0.275236,-0.288088,-0.050825,-0.305864,-0.251851,-0.068457,-0.312114,-0.283033
2026-05-27 14:52:52.674,220.699819,0.000000,0.000000,0.000000,0.032934,-0.255502,-0.305180,-0.121661,-0.267071,-0.303454,-0.044364,-0.261286,-0.304317,-0.013943,-0.275236,-0.288088,-0.050489,-0.307977,-0.251837,-0.068457,-0.312114,-0.283033
2026-05-27 14:52:52.774,220.799819,0.000000,0.000000,0.000000,0.032934,-0.255502,-0.305180,-0.121661,-0.267071,-0.303454,-0.044364,-0.261286,-0.304317,-0.013943,-0.275236,-0.288088,-0.050309,-0.305895,-0.251864,-0.068457,-0.312114,-0.283033
2026-05-27 14:52:52.874,220.899819,0.000000,0.000000,0.000000,0.032439,-0.257586,-0.304943,-0.121661,-0.267071,-0.303454,-0.044611,-0.262329,-0.304198,-0.013943,-0.275236,-0.288088,-0.050489,-0.307977,-0.251837,-0.068457,-0.312114,-0.283033
2026-05-27 14:52:52.974,220.999819,0.000000,0.000000,0.000000,0.032439,-0.257586,-0.304943,-0.120988,-0.269226,-0.303227,-0.044275,-0.263406,-0.304085,-0.013943,-0.275236,-0.288088,-0.050825,-0.305864,-0.251851,-0.068457,-0.312114,-0.283033
2026-05-27 14:52:53.074,221.099819,0.000000,0.000000,0.000000,0.032934,-0.255502,-0.305180,-0.121113,-0.267103,-0.303468,-0.044090,-0.261303,-0.304324,-0.013943,-0.275236,-0.288088,-0.051003,-0.307947,-0.251824,-0.068457,-0.312114,-0.283033
2026-05-27 14:52:53.174,221.199819,0.000000,0.000000,0.000000,0.032934,-0.255502,-0.305180,-0.121661,-0.267071,-0.303454,-0.044364,-0.261286,-0.304317,-0.013943,-0.275236,-0.288088,-0.051180,-0.310029,-0.251798,-0.068457,-0.312114,-0.283033
2026-05-27 14:52:53.274,221.299819,0.000000,0.000000,0.000000,0.032439,-0.257586,-0.304943,-0.121661,-0.267071,-0.303454,-0.044611,-0.262329,-0.304198,-0.013943,-0.275236,-0.288088,-0.051003,-0.307947,-0.251824,-0.068457,-0.312114,-0.283033
2026-05-27 14:52:53.374,221.399819,0.000000,0.000000,0.000000,0.032934,-0.255502,-0.305180,-0.121661,-0.267071,-0.303454,-0.044364,-0.261286,-0.304317,-0.013943,-0.275236,-0.288088,-0.050825,-0.305864,-0.251851,-0.068457,-0.312114,-0.283033
2026-05-27 14:52:53.474,221.499819,0.000000,0.000000,0.000000,0.032439,-0.257586,-0.304943,-0.121661,-0.267071,-0.303454,-0.044611,-0.262329,-0.304198,-0.013943,-0.275236,-0.288088,-0.050825,-0.305864,-0.251851,-0.068457,-0.312114,-0.283033
2026-05-27 14:52:53.574,221.599818,0.000000,0.000000,0.000000,0.032439,-0.257586,-0.304943,-0.121406,-0.271316,-0.302974,-0.044483,-0.264451,-0.303958,-0.013943,-0.275236,-0.288088,-0.050825,-0.305864,-0.251851,-0.068457,-0.312114,-0.283033
2026-05-27 14:52:53.674,221.699818,0.000000,0.000000,0.000000,0.033429,-0.253418,-0.305418,-0.121661,-0.267071,-0.303454,-0.044116,-0.260244,-0.304436,-0.013943,-0.275236,-0.288088,-0.051003,-0.307947,-0.251824,-0.068457,-0.312114,-0.283033
2026-05-27 14:52:53.774,221.799818,0.000000,0.000000,0.000000,0.032934,-0.255502,-0.305180,-0.121661,-0.267071,-0.303454,-0.044364,-0.261286,-0.304317,-0.013943,-0.275236,-0.288088,-0.050825,-0.305864,-0.251851,-0.068457,-0.312114,-0.283033
2026-05-27 14:52:53.874,221.899818,0.000000,0.000000,0.000000,0.032934,-0.255502,-0.305180,-0.121533,-0.269194,-0.303214,-0.044300,-0.262348,-0.304197,-0.013943,-0.275236,-0.288088,-0.051003,-0.307947,-0.251824,-0.068457,-0.312114,-0.283033
2026-05-27 14:52:53.974,221.999818,0.000000,0.000000,0.000000,0.033429,-0.253418,-0.305418,-0.121672,-0.267016,-0.304001,-0.044121,-0.260217,-0.304709,-0.013943,-0.275236,-0.288088,-0.050825,-0.305864,-0.251851,-0.068457,-0.312114,-0.283033
2026-05-27 14:52:54.074,222.099818,0.000000,0.000000,0.000000,0.032934,-0.255502,-0.305180,-0.121113,-0.267103,-0.303468,-0.044090,-0.261303,-0.304324,-0.013943,-0.275236,-0.288088,-0.051003,-0.307947,-0.251824,-0.068457,-0.312114,-0.283033
2026-05-27 14:52:54.174,222.199818,0.000000,0.000000,0.000000,0.032439,-0.257586,-0.304943,-0.121533,-0.269194,-0.303214,-0.044547,-0.263390,-0.304078,-0.013943,-0.275236,-0.288088,-0.051003,-0.307947,-0.251824,-0.068457,-0.312114,-0.283033
2026-05-27 14:52:54.274,222.299818,0.000000,0.000000,0.000000,0.032934,-0.255502,-0.305180,-0.121533,-0.269194,-0.303214,-0.044300,-0.262348,-0.304197,-0.013943,-0.275236,-0.288088,-0.050309,-0.305895,-0.251864,-0.068457,-0.312114,-0.283033
2026-05-27 14:52:54.374,222.399818,0.000000,0.000000,0.000000,0.033429,-0.253418,-0.305418,-0.121533,-0.269194,-0.303214,-0.044052,-0.261306,-0.304316,-0.013943,-0.275236,-0.288088,-0.051003,-0.307947,-0.251824,-0.068559,-0.314215,-0.282865
2026-05-27 14:52:54.474,222.499818,0.000000,0.000000,0.000000,0.032934,-0.255502,-0.305180,-0.120988,-0.269226,-0.303227,-0.044027,-0.262364,-0.304204,-0.013943,-0.275236,-0.288088,-0.050825,-0.305864,-0.251851,-0.068457,-0.312114,-0.283033
2026-05-27 14:52:54.574,222.599818,0.000000,0.000000,0.000000,0.032439,-0.257586,-0.304943,-0.121113,-0.267103,-0.303468,-0.044337,-0.262345,-0.304205,-0.013943,-0.275236,-0.288088,-0.050825,-0.305864,-0.251851,-0.068457,-0.312114,-0.283033
2026-05-27 14:52:54.674,222.699817,0.000000,0.000000,0.000000,0.032934,-0.255502,-0.305180,-0.121533,-0.269194,-0.303214,-0.044300,-0.262348,-0.304197,-0.013943,-0.275236,-0.288088,-0.051003,-0.307947,-0.251824,-0.068457,-0.312114,-0.283033
2026-05-27 14:52:54.774,222.799817,0.000000,0.000000,0.000000,0.032934,-0.255502,-0.305180,-0.121533,-0.269194,-0.303214,-0.044300,-0.262348,-0.304197,-0.013943,-0.275236,-0.288088,-0.050825,-0.305864,-0.251851,-0.068457,-0.312114,-0.283033
2026-05-27 14:52:54.874,222.899817,0.000000,0.000000,0.000000,0.032934,-0.255502,-0.305180,-0.121533,-0.269194,-0.303214,-0.044300,-0.262348,-0.304197,-0.013943,-0.275236,-0.288088,-0.050825,-0.305864,-0.251851,-0.068457,-0.312114,-0.283033
2026-05-27 14:52:54.974,222.999817,0.000000,0.000000,0.000000,0.032439,-0.257586,-0.304943,-0.121661,-0.267071,-0.303454,-0.044611,-0.262329,-0.304198,-0.013943,-0.275236,-0.288088,-0.050825,-0.305864,-0.251851,-0.068457,-0.312114,-0.283033
2026-05-27 14:52:55.074,223.099817,0.000000,0.000000,0.000000,0.032439,-0.257586,-0.304943,-0.121661,-0.267071,-0.303454,-0.044611,-0.262329,-0.304198,-0.013943,-0.275236,-0.288088,-0.050825,-0.305864,-0.251851,-0.068457,-0.312114,-0.283033
2026-05-27 14:52:55.174,223.199817,0.000000,0.000000,0.000000,0.032439,-0.257586,-0.304943,-0.121533,-0.269194,-0.303214,-0.044547,-0.263390,-0.304078,-0.013943,-0.275236,-0.288088,-0.050825,-0.305864,-0.251851,-0.068457,-0.312114,-0.283033
2026-05-27 14:52:55.274,223.299817,0.000000,0.000000,0.000000,0.032439,-0.257586,-0.304943,-0.121661,-0.267071,-0.303454,-0.044611,-0.262329,-0.304198,-0.013943,-0.275236,-0.288088,-0.050825,-0.305864,-0.251851,-0.068457,-0.312114,-0.283033
2026-05-27 14:52:55.374,223.399817,0.000000,0.000000,0.000000,0.032439,-0.257586,-0.304943,-0.121661,-0.267071,-0.303454,-0.044611,-0.262329,-0.304198,-0.013943,-0.275236,-0.288088,-0.051003,-0.307947,-0.251824,-0.068457,-0.312114,-0.283033
2026-05-27 14:52:55.474,223.499817,0.000000,0.000000,0.000000,0.032439,-0.257586,-0.304943,-0.121661,-0.267071,-0.303454,-0.044611,-0.262329,-0.304198,-0.013943,-0.275236,-0.288088,-0.050825,-0.305864,-0.251851,-0.068457,-0.312114,-0.283033
2026-05-27 14:52:55.574,223.599817,0.000000,0.000000,0.000000,0.033429,-0.253418,-0.305418,-0.121533,-0.269194,-0.303214,-0.044052,-0.261306,-0.304316,-0.013943,-0.275236,-0.288088,-0.050825,-0.305864,-0.251851,-0.068457,-0.312114,-0.283033
2026-05-27 14:52:55.674,223.699816,0.000000,0.000000,0.000000,0.032439,-0.257586,-0.304943,-0.121672,-0.267016,-0.304001,-0.044616,-0.262301,-0.304472,-0.013943,-0.275236,-0.288088,-0.051003,-0.307947,-0.251824,-0.068457,-0.312114,-0.283033
2026-05-27 14:52:55.774,223.799816,0.000000,0.000000,0.000000,0.033429,-0.253418,-0.305418,-0.121406,-0.271316,-0.302974,-0.043988,-0.262367,-0.304196,-0.013943,-0.275236,-0.288088,-0.050825,-0.305864,-0.251851,-0.068457,-0.312114,-0.283033
2026-05-27 14:52:55.874,223.899816,0.000000,0.000000,0.000000,0.032934,-0.255502,-0.305180,-0.121533,-0.269194,-0.303214,-0.044300,-0.262348,-0.304197,-0.013943,-0.275236,-0.288088,-0.050825,-0.305864,-0.251851,-0.068457,-0.312114,-0.283033
2026-05-27 14:52:55.974,223.999816,0.000000,0.000000,0.000000,0.032439,-0.257586,-0.304943,-0.121533,-0.269194,-0.303214,-0.044547,-0.263390,-0.304078,-0.013943,-0.275236,-0.288088,-0.050489,-0.307977,-0.251837,-0.068457,-0.312114,-0.283033
2026-05-27 14:52:56.074,224.099816,0.000000,0.000000,0.000000,0.032934,-0.255502,-0.305180,-0.121533,-0.269194,-0.303214,-0.044300,-0.262348,-0.304197,-0.013943,-0.275236,-0.288088,-0.051003,-0.307947,-0.251824,-0.068457,-0.312114,-0.283033
2026-05-27 14:52:56.174,224.199816,0.000000,0.000000,0.000000,0.032934,-0.255502,-0.305180,-0.121113,-0.267103,-0.303468,-0.044090,-0.261303,-0.304324,-0.013943,-0.275236,-0.288088,-0.051003,-0.307947,-0.251824,-0.068457,-0.312114,-0.283033
2026-05-27 14:52:56.274,224.299816,0.000000,0.000000,0.000000,0.032934,-0.255502,-0.305180,-0.121661,-0.267071,-0.303454,-0.044364,-0.261286,-0.304317,-0.013943,-0.275236,-0.288088,-0.050825,-0.305864,-0.251851,-0.068457,-0.312114,-0.283033
2026-05-27 14:52:56.374,224.399816,0.000000,0.000000,0.000000,0.032439,-0.257586,-0.304943,-0.121661,-0.267071,-0.303454,-0.044611,-0.262329,-0.304198,-0.013943,-0.275236,-0.288088,-0.050489,-0.307977,-0.251837,-0.068559,-0.314215,-0.282865
2026-05-27 14:52:56.474,224.499816,0.000000,0.000000,0.000000,0.032934,-0.255502,-0.305180,-0.121113,-0.267103,-0.303468,-0.044090,-0.261303,-0.304324,-0.013943,-0.275236,-0.288088,-0.050825,-0.305864,-0.251851,-0.068457,-0.312114,-0.283033
2026-05-27 14:52:56.574,224.599816,0.000000,0.000000,0.000000,0.032934,-0.255502,-0.305180,-0.121661,-0.267071,-0.303454,-0.044364,-0.261286,-0.304317,-0.013943,-0.275236,-0.288088,-0.050309,-0.305895,-0.251864,-0.068457,-0.312114,-0.283033
2026-05-27 14:52:56.674,224.699816,0.000000,0.000000,0.000000,0.032934,-0.255502,-0.305180,-0.120988,-0.269226,-0.303227,-0.044027,-0.262364,-0.304204,-0.013943,-0.275236,-0.288088,-0.050648,-0.303781,-0.251878,-0.068457,-0.312114,-0.283033
2026-05-27 14:52:56.774,224.799815,0.000000,0.000000,0.000000,0.033429,-0.253418,-0.305418,-0.121113,-0.267103,-0.303468,-0.043842,-0.260261,-0.304443,-0.013943,-0.275236,-0.288088,-0.050825,-0.305864,-0.251851,-0.068457,-0.312114,-0.283033
2026-05-27 14:52:56.874,224.899815,0.000000,0.000000,0.000000,0.032439,-0.257586,-0.304943,-0.121661,-0.267071,-0.303454,-0.044611,-0.262329,-0.304198,-0.013943,-0.275236,-0.288088,-0.051003,-0.307947,-0.251824,-0.068457,-0.312114,-0.283033
2026-05-27 14:52:56.974,224.999815,0.000000,0.000000,0.000000,0.032439,-0.257586,-0.304943,-0.121533,-0.269194,-0.303214,-0.044547,-0.263390,-0.304078,-0.013943,-0.275236,-0.288088,-0.050825,-0.305864,-0.251851,-0.068457,-0.312114,-0.283033
2026-05-27 14:52:57.074,225.099815,0.000000,0.000000,0.000000,0.032439,-0.257586,-0.304943,-0.121661,-0.267071,-0.303454,-0.044611,-0.262329,-0.304198,-0.013622,-0.273147,-0.288264,-0.050309,-0.305895,-0.251864,-0.068457,-0.312114,-0.283033
2026-05-27 14:52:57.174,225.199815,0.000000,0.000000,0.000000,0.032439,-0.257586,-0.304943,-0.121533,-0.269194,-0.303214,-0.044547,-0.263390,-0.304078,-0.013943,-0.275236,-0.288088,-0.050825,-0.305864,-0.251851,-0.068457,-0.312114,-0.283033
2026-05-27 14:52:57.274,225.299815,0.000000,0.000000,0.000000,0.032439,-0.257586,-0.304943,-0.120988,-0.269226,-0.303227,-0.044275,-0.263406,-0.304085,-0.013943,-0.275236,-0.288088,-0.050309,-0.305895,-0.251864,-0.068457,-0.312114,-0.283033
2026-05-27 14:52:57.374,225.399815,0.000000,0.000000,0.000000,0.032934,-0.255502,-0.305180,-0.121661,-0.267071,-0.303454,-0.044364,-0.261286,-0.304317,-0.013943,-0.275236,-0.288088,-0.050825,-0.305864,-0.251851,-0.068457,-0.312114,-0.283033
2026-05-27 14:52:57.474,225.499815,0.000000,0.000000,0.000000,0.032934,-0.255502,-0.305180,-0.121533,-0.269194,-0.303214,-0.044300,-0.262348,-0.304197,-0.013943,-0.275236,-0.288088,-0.050489,-0.307977,-0.251837,-0.068457,-0.312114,-0.283033
2026-05-27 14:52:57.574,225.599815,0.000000,0.000000,0.000000,0.032439,-0.257586,-0.304943,-0.120988,-0.269226,-0.303227,-0.044275,-0.263406,-0.304085,-0.013943,-0.275236,-0.288088,-0.050914,-0.306905,-0.251838,-0.068457,-0.312114,-0.283033
2026-05-27 14:52:57.674,225.699815,0.000000,0.000000,0.000000,0.032934,-0.255502,-0.305180,-0.121672,-0.267016,-0.304001,-0.044369,-0.261259,-0.304590,-0.013943,-0.275236,-0.288088,-0.051003,-0.307947,-0.251824,-0.068457,-0.312114,-0.283033
2026-05-27 14:52:57.774,225.799814,0.000000,0.000000,0.000000,0.032934,-0.255502,-0.305180,-0.121533,-0.269194,-0.303214,-0.044300,-0.262348,-0.304197,-0.014263,-0.277325,-0.287912,-0.050309,-0.305895,-0.251864,-0.068457,-0.312114,-0.283033
2026-05-27 14:52:57.874,225.899814,0.000000,0.000000,0.000000,0.032439,-0.257586,-0.304943,-0.121544,-0.269138,-0.303758,-0.044553,-0.263362,-0.304351,-0.013943,-0.275236,-0.288088,-0.050825,-0.305864,-0.251851,-0.068457,-0.312114,-0.283033
2026-05-27 14:52:57.974,225.999814,0.000000,0.000000,0.000000,0.032934,-0.255502,-0.305180,-0.121533,-0.269194,-0.303214,-0.044300,-0.262348,-0.304197,-0.013943,-0.275236,-0.288088,-0.050489,-0.307977,-0.251837,-0.068457,-0.312114,-0.283033
2026-05-27 14:52:58.074,226.099814,0.000000,0.000000,0.000000,0.032934,-0.255502,-0.305180,-0.121661,-0.267071,-0.303454,-0.044364,-0.261286,-0.304317,-0.013943,-0.275236,-0.288088,-0.050825,-0.305864,-0.251851,-0.068457,-0.312114,-0.283033
2026-05-27 14:52:58.174,226.199814,0.000000,0.000000,0.000000,0.033429,-0.253418,-0.305418,-0.121533,-0.269194,-0.303214,-0.044052,-0.261306,-0.304316,-0.013943,-0.275236,-0.288088,-0.050825,-0.305864,-0.251851,-0.068457,-0.312114,-0.283033
2026-05-27 14:52:58.274,226.299814,0.000000,0.000000,0.000000,0.032934,-0.255502,-0.305180,-0.121661,-0.267071,-0.303454,-0.044364,-0.261286,-0.304317,-0.013943,-0.275236,-0.288088,-0.050825,-0.305864,-0.251851,-0.068457,-0.312114,-0.283033
2026-05-27 14:52:58.374,226.399814,0.000000,0.000000,0.000000,0.032439,-0.257586,-0.304943,-0.121113,-0.267103,-0.303468,-0.044337,-0.262345,-0.304205,-0.013943,-0.275236,-0.288088,-0.050825,-0.305864,-0.251851,-0.068457,-0.312114,-0.283033
2026-05-27 14:52:58.474,226.499814,0.000000,0.000000,0.000000,0.032439,-0.257586,-0.304943,-0.121661,-0.267071,-0.303454,-0.044611,-0.262329,-0.304198,-0.013943,-0.275236,-0.288088,-0.050309,-0.305895,-0.251864,-0.068457,-0.312114,-0.283033
2026-05-27 14:52:58.574,226.599814,0.000000,0.000000,0.000000,0.032934,-0.255502,-0.305180,-0.121661,-0.267071,-0.303454,-0.044364,-0.261286,-0.304317,-0.013943,-0.275236,-0.288088,-0.050825,-0.305864,-0.251851,-0.068457,-0.312114,-0.283033
2026-05-27 14:52:58.674,226.699814,0.000000,0.000000,0.000000,0.032934,-0.255502,-0.305180,-0.121533,-0.269194,-0.303214,-0.044300,-0.262348,-0.304197,-0.013943,-0.275236,-0.288088,-0.050489,-0.307977,-0.251837,-0.068457,-0.312114,-0.283033
2026-05-27 14:52:58.774,226.799814,0.000000,0.000000,0.000000,0.033429,-0.253418,-0.305418,-0.121661,-0.267071,-0.303454,-0.044116,-0.260244,-0.304436,-0.013943,-0.275236,-0.288088,-0.050914,-0.306905,-0.251838,-0.068457,-0.312114,-0.283033
2026-05-27 14:52:58.874,226.899813,0.000000,0.000000,0.000000,0.032439,-0.257586,-0.304943,-0.121533,-0.269194,-0.303214,-0.044547,-0.263390,-0.304078,-0.013943,-0.275236,-0.288088,-0.050309,-0.305895,-0.251864,-0.068457,-0.312114,-0.283033
2026-05-27 14:52:58.974,226.999813,0.000000,0.000000,0.000000,0.032439,-0.257586,-0.304943,-0.121661,-0.267071,-0.303454,-0.044611,-0.262329,-0.304198,-0.013943,-0.275236,-0.288088,-0.050825,-0.305864,-0.251851,-0.068457,-0.312114,-0.283033
2026-05-27 14:52:59.074,227.099813,0.000000,0.000000,0.000000,0.032934,-0.255502,-0.305180,-0.121661,-0.267071,-0.303454,-0.044364,-0.261286,-0.304317,-0.013943,-0.275236,-0.288088,-0.050825,-0.305864,-0.251851,-0.068457,-0.312114,-0.283033
2026-05-27 14:52:59.174,227.199813,0.000000,0.000000,0.000000,0.033429,-0.253418,-0.305418,-0.121661,-0.267071,-0.303454,-0.044116,-0.260244,-0.304436,-0.013943,-0.275236,-0.288088,-0.050825,-0.305864,-0.251851,-0.068457,-0.312114,-0.283033
2026-05-27 14:52:59.274,227.299813,0.000000,0.000000,0.000000,0.032934,-0.255502,-0.305180,-0.121661,-0.267071,-0.303454,-0.044364,-0.261286,-0.304317,-0.013943,-0.275236,-0.288088,-0.050825,-0.305864,-0.251851,-0.068457,-0.312114,-0.283033
2026-05-27 14:52:59.374,227.399813,0.000000,0.000000,0.000000,0.032934,-0.255502,-0.305180,-0.121533,-0.269194,-0.303214,-0.044300,-0.262348,-0.304197,-0.013943,-0.275236,-0.288088,-0.051003,-0.307947,-0.251824,-0.068457,-0.312114,-0.283033
2026-05-27 14:52:59.474,227.499813,0.000000,0.000000,0.000000,0.032934,-0.255502,-0.305180,-0.121661,-0.267071,-0.303454,-0.044364,-0.261286,-0.304317,-0.013943,-0.275236,-0.288088,-0.050825,-0.305864,-0.251851,-0.068457,-0.312114,-0.283033
2026-05-27 14:52:59.574,227.599813,0.000000,0.000000,0.000000,0.032934,-0.255502,-0.305180,-0.121661,-0.267071,-0.303454,-0.044364,-0.261286,-0.304317,-0.013943,-0.275236,-0.288088,-0.050489,-0.307977,-0.251837,-0.068457,-0.312114,-0.283033
2026-05-27 14:52:59.674,227.699813,0.000000,0.000000,0.000000,0.032934,-0.255502,-0.305180,-0.121533,-0.269194,-0.303214,-0.044300,-0.262348,-0.304197,-0.013943,-0.275236,-0.288088,-0.050825,-0.305864,-0.251851,-0.068457,-0.312114,-0.283033
2026-05-27 14:52:59.774,227.799813,0.000000,0.000000,0.000000,0.032439,-0.257586,-0.304943,-0.121533,-0.269194,-0.303214,-0.044547,-0.263390,-0.304078,-0.013943,-0.275236,-0.288088,-0.050825,-0.305864,-0.251851,-0.068457,-0.312114,-0.283033
