Format Version,1.23,Take Name,MDC_data_1779783715,Take Notes,,Capture Frame Rate,10,Export Frame Rate,10,Capture Start Time,2026-05-26 06:22:24 PM,Total Frames in Take,,Total Exported Frames,,Rotation Type,XYZ,Length Units,Meters,Coordinate Space,Global

,Type,Rigid Body Marker,Rigid Body Marker,Rigid Body Marker,Rigid Body Marker,Rigid Body Marker,Rigid Body Marker,Rigid Body Marker,Rigid Body Marker,Rigid Body Marker,Rigid Body Marker,Rigid Body Marker,Rigid Body Marker,Marker,Marker,Marker,Marker,Marker,Marker,Marker,Marker,Marker
,Name,Tag0,Tag0,Tag0,Tag1,Tag1,Tag1,Tag2,Tag2,Tag2,Midpoint,Midpoint,Midpoint,Purple,Purple,Purple,Pink,Pink,Pink,Green,Green,Green
,ID,Tag0,Tag0,Tag0,Tag1,Tag1,Tag1,Tag2,Tag2,Tag2,Midpoint,Midpoint,Midpoint,Purple,Purple,Purple,Pink,Pink,Pink,Green,Green,Green
,,Position,Position,Position,Position,Position,Position,Position,Position,Position,Position,Position,Position,Position,Position,Position,Position,Position,Position,Position,Position,Position
Timestamp,Time (Seconds),X,Y,Z,X,Y,Z,X,Y,Z,X,Y,Z,X,Y,Z,X,Y,Z,X,Y,Z
2026-05-26 18:22:24.414,0.000000,0.000000,0.000000,0.000000,0.069744,-0.091744,-0.318927,-0.126657,-0.095229,-0.321492,-0.028457,-0.093486,-0.320210,0.013970,-0.100963,-0.297464,-0.032646,-0.111658,-0.250090,-0.069084,-0.048026,-0.297866
2026-05-26 18:22:24.514,0.100000,0.000000,0.000000,0.000000,0.069744,-0.091744,-0.318927,-0.126657,-0.095229,-0.321492,-0.028457,-0.093486,-0.320210,0.013959,-0.100876,-0.298192,-0.032646,-0.111658,-0.250090,-0.068804,-0.008340,-0.300011
2026-05-26 18:22:24.614,0.200000,0.000000,0.000000,0.000000,0.069955,-0.090744,-0.319016,-0.126804,-0.093290,-0.320953,-0.028424,-0.092017,-0.319985,0.013098,-0.101847,-0.298120,-0.032709,-0.112652,-0.250103,-0.068804,-0.008340,-0.300011
2026-05-26 18:22:24.714,0.300000,0.000000,0.000000,0.000000,0.069744,-0.091744,-0.318927,-0.126804,-0.093290,-0.320953,-0.028530,-0.092517,-0.319940,0.013828,-0.101876,-0.298134,-0.032646,-0.111658,-0.250090,-0.068804,-0.008340,-0.300011
2026-05-26 18:22:24.814,0.400000,0.000000,0.000000,0.000000,0.069744,-0.091744,-0.318927,-0.126725,-0.094303,-0.320860,-0.028491,-0.093023,-0.319894,0.013970,-0.100963,-0.297464,-0.032709,-0.112652,-0.250103,-0.068804,-0.008340,-0.300011
2026-05-26 18:22:24.914,0.500000,0.000000,0.000000,0.000000,0.069744,-0.091744,-0.318927,-0.126725,-0.094303,-0.320860,-0.028491,-0.093023,-0.319894,0.013828,-0.101876,-0.298134,-0.033309,-0.110635,-0.250064,-0.068804,-0.008340,-0.300011
2026-05-26 18:22:25.014,0.599999,0.000000,0.000000,0.000000,0.069955,-0.090744,-0.319016,-0.126804,-0.093290,-0.320953,-0.028424,-0.092017,-0.319985,0.014101,-0.099964,-0.297522,-0.032709,-0.112652,-0.250103,-0.068804,-0.008340,-0.300011
2026-05-26 18:22:25.114,0.699999,0.000000,0.000000,0.000000,0.069744,-0.091744,-0.318927,-0.126736,-0.094216,-0.321586,-0.028496,-0.092980,-0.320257,0.013959,-0.100876,-0.298192,-0.032678,-0.112155,-0.250097,-0.069349,-0.085701,-0.295829
2026-05-26 18:22:25.214,0.799999,0.000000,0.000000,0.000000,0.069744,-0.091744,-0.318927,-0.126736,-0.094216,-0.321586,-0.028496,-0.092980,-0.320257,0.012968,-0.102848,-0.298061,-0.032584,-0.110663,-0.250077,-0.068804,-0.008340,-0.300011
2026-05-26 18:22:25.314,0.899999,0.000000,0.000000,0.000000,0.069955,-0.090744,-0.319016,-0.127535,-0.093261,-0.320940,-0.028790,-0.092002,-0.319978,0.013828,-0.101876,-0.298134,-0.032709,-0.112652,-0.250103,-0.068804,-0.008340,-0.300011
2026-05-26 18:22:25.414,0.999999,0.000000,0.000000,0.000000,0.069744,-0.091744,-0.318927,-0.126736,-0.094216,-0.321586,-0.028496,-0.092980,-0.320257,0.013108,-0.101935,-0.297393,-0.032584,-0.110663,-0.250077,-0.069073,-0.046519,-0.297947
2026-05-26 18:22:25.514,1.099999,0.000000,0.000000,0.000000,0.069744,-0.091744,-0.318927,-0.126725,-0.094303,-0.320860,-0.028491,-0.093023,-0.319894,0.013108,-0.101935,-0.297393,-0.032646,-0.111658,-0.250090,-0.069073,-0.046519,-0.297947
2026-05-26 18:22:25.614,1.199999,0.000000,0.000000,0.000000,0.069744,-0.091744,-0.318927,-0.126814,-0.093203,-0.321680,-0.028535,-0.092473,-0.320304,0.013970,-0.100963,-0.297464,-0.032584,-0.110663,-0.250077,-0.068790,-0.006331,-0.300119
2026-05-26 18:22:25.714,1.299999,0.000000,0.000000,0.000000,0.069955,-0.090744,-0.319016,-0.126725,-0.094303,-0.320860,-0.028385,-0.092523,-0.319938,0.013959,-0.100876,-0.298192,-0.032584,-0.110663,-0.250077,-0.069356,-0.086706,-0.295775
2026-05-26 18:22:25.814,1.399999,0.000000,0.000000,0.000000,0.069955,-0.090744,-0.319016,-0.126814,-0.093203,-0.321680,-0.028429,-0.091973,-0.320348,0.013970,-0.100963,-0.297464,-0.032646,-0.111658,-0.250090,-0.069349,-0.085701,-0.295829
2026-05-26 18:22:25.914,1.499999,0.000000,0.000000,0.000000,0.069744,-0.091744,-0.318927,-0.126725,-0.094303,-0.320860,-0.028491,-0.093023,-0.319894,0.013970,-0.100963,-0.297464,-0.032646,-0.111658,-0.250090,-0.069349,-0.085701,-0.295829
2026-05-26 18:22:26.014,1.599998,0.000000,0.000000,0.000000,0.069744,-0.091744,-0.318927,-0.126736,-0.094216,-0.321586,-0.028496,-0.092980,-0.320257,0.013108,-0.101935,-0.297393,-0.032584,-0.110663,-0.250077,-0.069349,-0.085701,-0.295829
2026-05-26 18:22:26.114,1.699998,0.000000,0.000000,0.000000,0.069744,-0.091744,-0.318927,-0.126725,-0.094303,-0.320860,-0.028491,-0.093023,-0.319894,0.013098,-0.101847,-0.298120,-0.032646,-0.111658,-0.250090,-0.068812,-0.009345,-0.299956
2026-05-26 18:22:26.214,1.799998,0.000000,0.000000,0.000000,0.069744,-0.091744,-0.318927,-0.126804,-0.093290,-0.320953,-0.028530,-0.092517,-0.319940,0.014101,-0.099964,-0.297522,-0.032709,-0.112652,-0.250103,-0.069349,-0.085701,-0.295829
2026-05-26 18:22:26.314,1.899998,0.000000,0.000000,0.000000,0.069744,-0.091744,-0.318927,-0.126736,-0.094216,-0.321586,-0.028496,-0.092980,-0.320257,0.013828,-0.101876,-0.298134,-0.032709,-0.112652,-0.250103,-0.069349,-0.085701,-0.295829
2026-05-26 18:22:26.414,1.999998,0.000000,0.000000,0.000000,0.069744,-0.091744,-0.318927,-0.126736,-0.094216,-0.321586,-0.028496,-0.092980,-0.320257,0.013828,-0.101876,-0.298134,-0.033217,-0.109143,-0.250044,-0.069621,-0.006298,-0.300104
2026-05-26 18:22:26.514,2.099998,0.000000,0.000000,0.000000,0.069533,-0.092744,-0.318839,-0.126814,-0.093203,-0.321680,-0.028641,-0.092974,-0.320260,0.013838,-0.101963,-0.297407,-0.032584,-0.110663,-0.250077,-0.069356,-0.086706,-0.295775
2026-05-26 18:22:26.614,2.199998,0.000000,0.000000,0.000000,0.069744,-0.091744,-0.318927,-0.126736,-0.094216,-0.321586,-0.028496,-0.092980,-0.320257,0.013828,-0.101876,-0.298134,-0.032646,-0.111658,-0.250090,-0.068801,-0.007838,-0.300038
2026-05-26 18:22:26.714,2.299998,0.000000,0.000000,0.000000,0.069744,-0.091744,-0.318927,-0.126725,-0.094303,-0.320860,-0.028491,-0.093023,-0.319894,0.013098,-0.101847,-0.298120,-0.032646,-0.111658,-0.250090,-0.069349,-0.085701,-0.295829
2026-05-26 18:22:26.814,2.399998,0.000000,0.000000,0.000000,0.069744,-0.091744,-0.318927,-0.126814,-0.093203,-0.321680,-0.028535,-0.092473,-0.320304,0.014101,-0.099964,-0.297522,-0.032709,-0.112652,-0.250103,-0.068797,-0.007336,-0.300065
2026-05-26 18:22:26.914,2.499998,0.000000,0.000000,0.000000,0.069744,-0.091744,-0.318927,-0.126804,-0.093290,-0.320953,-0.028530,-0.092517,-0.319940,0.013828,-0.101876,-0.298134,-0.032584,-0.110663,-0.250077,-0.068790,-0.006331,-0.300119
2026-05-26 18:22:27.014,2.599998,0.000000,0.000000,0.000000,0.069744,-0.091744,-0.318927,-0.126725,-0.094303,-0.320860,-0.028491,-0.093023,-0.319894,0.013108,-0.101935,-0.297393,-0.032646,-0.111658,-0.250090,-0.069084,-0.048026,-0.297866
2026-05-26 18:22:27.114,2.699997,0.000000,0.000000,0.000000,0.069744,-0.091744,-0.318927,-0.126736,-0.094216,-0.321586,-0.028496,-0.092980,-0.320257,0.013970,-0.100963,-0.297464,-0.032646,-0.111658,-0.250090,-0.069349,-0.085701,-0.295829
2026-05-26 18:22:27.214,2.799997,0.000000,0.000000,0.000000,0.069533,-0.092744,-0.318839,-0.126804,-0.093290,-0.320953,-0.028636,-0.093017,-0.319896,0.014101,-0.099964,-0.297522,-0.032646,-0.111658,-0.250090,-0.069349,-0.085701,-0.295829
2026-05-26 18:22:27.314,2.899997,0.000000,0.000000,0.000000,0.069744,-0.091744,-0.318927,-0.126725,-0.094303,-0.320860,-0.028491,-0.093023,-0.319894,0.014101,-0.099964,-0.297522,-0.032709,-0.112652,-0.250103,-0.068819,-0.010350,-0.299902
2026-05-26 18:22:27.414,2.999997,0.000000,0.000000,0.000000,0.069744,-0.091744,-0.318927,-0.126725,-0.094303,-0.320860,-0.028491,-0.093023,-0.319894,0.013970,-0.100963,-0.297464,-0.032584,-0.110663,-0.250077,-0.069356,-0.086706,-0.295775
2026-05-26 18:22:27.514,3.099997,0.000000,0.000000,0.000000,0.069744,-0.091744,-0.318927,-0.126804,-0.093290,-0.320953,-0.028530,-0.092517,-0.319940,0.013108,-0.101935,-0.297393,-0.032646,-0.111658,-0.250090,-0.068804,-0.008340,-0.300011
2026-05-26 18:22:27.614,3.199997,0.000000,0.000000,0.000000,0.069744,-0.091744,-0.318927,-0.126736,-0.094216,-0.321586,-0.028496,-0.092980,-0.320257,0.013959,-0.100876,-0.298192,-0.032771,-0.113647,-0.250116,-0.069349,-0.085701,-0.295829
2026-05-26 18:22:27.714,3.299997,0.000000,0.000000,0.000000,0.069744,-0.091744,-0.318927,-0.126814,-0.093203,-0.321680,-0.028535,-0.092473,-0.320304,0.013970,-0.100963,-0.297464,-0.032646,-0.111658,-0.250090,-0.069356,-0.086706,-0.295775
2026-05-26 18:22:27.814,3.399997,0.000000,0.000000,0.000000,0.069744,-0.091744,-0.318927,-0.126725,-0.094303,-0.320860,-0.028491,-0.093023,-0.319894,0.013828,-0.101876,-0.298134,-0.032584,-0.110663,-0.250077,-0.069349,-0.085701,-0.295829
2026-05-26 18:22:27.914,3.499997,0.000000,0.000000,0.000000,0.069744,-0.091744,-0.318927,-0.126725,-0.094303,-0.320860,-0.028491,-0.093023,-0.319894,0.013838,-0.101963,-0.297407,-0.032678,-0.112155,-0.250097,-0.069342,-0.084697,-0.295884
2026-05-26 18:22:28.014,3.599997,0.000000,0.000000,0.000000,0.069955,-0.090744,-0.319016,-0.126725,-0.094303,-0.320860,-0.028385,-0.092523,-0.319938,0.013098,-0.101847,-0.298120,-0.032709,-0.112652,-0.250103,-0.069356,-0.086706,-0.295775
2026-05-26 18:22:28.114,3.699996,0.000000,0.000000,0.000000,0.069744,-0.091744,-0.318927,-0.126804,-0.093290,-0.320953,-0.028530,-0.092517,-0.319940,0.013838,-0.101963,-0.297407,-0.032646,-0.111658,-0.250090,-0.068804,-0.008340,-0.300011
2026-05-26 18:22:28.214,3.799996,0.000000,0.000000,0.000000,0.069744,-0.091744,-0.318927,-0.126725,-0.094303,-0.320860,-0.028491,-0.093023,-0.319894,0.013828,-0.101876,-0.298134,-0.032709,-0.112652,-0.250103,-0.068812,-0.009345,-0.299956
2026-05-26 18:22:28.314,3.899996,0.000000,0.000000,0.000000,0.069744,-0.091744,-0.318927,-0.126725,-0.094303,-0.320860,-0.028491,-0.093023,-0.319894,0.013828,-0.101876,-0.298134,-0.032709,-0.112652,-0.250103,-0.069349,-0.085701,-0.295829
2026-05-26 18:22:28.414,3.999996,0.000000,0.000000,0.000000,0.069744,-0.091744,-0.318927,-0.126725,-0.094303,-0.320860,-0.028491,-0.093023,-0.319894,0.013959,-0.100876,-0.298192,-0.032709,-0.112652,-0.250103,-0.069080,-0.047523,-0.297893
2026-05-26 18:22:28.514,4.099996,0.000000,0.000000,0.000000,0.069744,-0.091744,-0.318927,-0.127465,-0.094187,-0.321573,-0.028861,-0.092965,-0.320250,0.013970,-0.100963,-0.297464,-0.032646,-0.111658,-0.250090,-0.069349,-0.085701,-0.295829
2026-05-26 18:22:28.614,4.199996,0.000000,0.000000,0.000000,0.069744,-0.091744,-0.318927,-0.126725,-0.094303,-0.320860,-0.028491,-0.093023,-0.319894,0.013959,-0.100876,-0.298192,-0.032646,-0.111658,-0.250090,-0.069627,-0.007303,-0.300049
2026-05-26 18:22:28.714,4.299996,0.000000,0.000000,0.000000,0.069744,-0.091744,-0.318927,-0.126725,-0.094303,-0.320860,-0.028491,-0.093023,-0.319894,0.013108,-0.101935,-0.297393,-0.032709,-0.112652,-0.250103,-0.069349,-0.085701,-0.295829
2026-05-26 18:22:28.814,4.399996,0.000000,0.000000,0.000000,0.069744,-0.091744,-0.318927,-0.126814,-0.093203,-0.321680,-0.028535,-0.092473,-0.320304,0.013970,-0.100963,-0.297464,-0.032709,-0.112652,-0.250103,-0.069349,-0.085701,-0.295829
2026-05-26 18:22:28.914,4.499996,0.000000,0.000000,0.000000,0.069744,-0.091744,-0.318927,-0.126804,-0.093290,-0.320953,-0.028530,-0.092517,-0.319940,0.013098,-0.101847,-0.298120,-0.032709,-0.112652,-0.250103,-0.068804,-0.008340,-0.300011
2026-05-26 18:22:29.014,4.599996,0.000000,0.000000,0.000000,0.069744,-0.091744,-0.318927,-0.126736,-0.094216,-0.321586,-0.028496,-0.092980,-0.320257,0.013828,-0.101876,-0.298134,-0.032646,-0.111658,-0.250090,-0.068822,-0.010852,-0.299875
2026-05-26 18:22:29.114,4.699996,0.000000,0.000000,0.000000,0.069744,-0.091744,-0.318927,-0.126814,-0.093203,-0.321680,-0.028535,-0.092473,-0.320304,0.013959,-0.100876,-0.298192,-0.032584,-0.110663,-0.250077,-0.069349,-0.085701,-0.295829
2026-05-26 18:22:29.214,4.799995,0.000000,0.000000,0.000000,0.069955,-0.090744,-0.319016,-0.126657,-0.095229,-0.321492,-0.028351,-0.092986,-0.320254,0.013904,-0.101463,-0.297436,-0.032646,-0.111658,-0.250090,-0.069349,-0.085701,-0.295829
2026-05-26 18:22:29.314,4.899995,0.000000,0.000000,0.000000,0.069744,-0.091744,-0.318927,-0.126736,-0.094216,-0.321586,-0.028496,-0.092980,-0.320257,0.013959,-0.100876,-0.298192,-0.032584,-0.110663,-0.250077,-0.068819,-0.010350,-0.299902
2026-05-26 18:22:29.414,4.999995,0.000000,0.000000,0.000000,0.069744,-0.091744,-0.318927,-0.126725,-0.094303,-0.320860,-0.028491,-0.093023,-0.319894,0.013959,-0.100876,-0.298192,-0.032646,-0.111658,-0.250090,-0.069349,-0.085701,-0.295829
2026-05-26 18:22:29.514,5.099995,0.000000,0.000000,0.000000,0.069744,-0.091744,-0.318927,-0.126725,-0.094303,-0.320860,-0.028491,-0.093023,-0.319894,0.014101,-0.099964,-0.297522,-0.032646,-0.111658,-0.250090,-0.068790,-0.006331,-0.300119
2026-05-26 18:22:29.614,5.199995,0.000000,0.000000,0.000000,0.069533,-0.092744,-0.318839,-0.126736,-0.094216,-0.321586,-0.028602,-0.093480,-0.320213,0.013838,-0.101963,-0.297407,-0.032646,-0.111658,-0.250090,-0.069349,-0.085701,-0.295829
2026-05-26 18:22:29.714,5.299995,0.000000,0.000000,0.000000,0.069744,-0.091744,-0.318927,-0.126814,-0.093203,-0.321680,-0.028535,-0.092473,-0.320304,0.013098,-0.101847,-0.298120,-0.032584,-0.110663,-0.250077,-0.069349,-0.085701,-0.295829
2026-05-26 18:22:29.814,5.399995,0.000000,0.000000,0.000000,0.069744,-0.091744,-0.318927,-0.126736,-0.094216,-0.321586,-0.028496,-0.092980,-0.320257,0.013959,-0.100876,-0.298192,-0.032646,-0.111658,-0.250090,-0.068790,-0.006331,-0.300119
2026-05-26 18:22:29.914,5.499995,0.000000,0.000000,0.000000,0.069533,-0.092744,-0.318839,-0.126725,-0.094303,-0.320860,-0.028596,-0.093523,-0.319850,0.013970,-0.100963,-0.297464,-0.032584,-0.110663,-0.250077,-0.069349,-0.085701,-0.295829
2026-05-26 18:22:30.014,5.599995,0.000000,0.000000,0.000000,0.069744,-0.091744,-0.318927,-0.126736,-0.094216,-0.321586,-0.028496,-0.092980,-0.320257,0.013098,-0.101847,-0.298120,-0.032584,-0.110663,-0.250077,-0.068812,-0.009345,-0.299956
2026-05-26 18:22:30.114,5.699995,0.000000,0.000000,0.000000,0.069744,-0.091744,-0.318927,-0.126725,-0.094303,-0.320860,-0.028491,-0.093023,-0.319894,0.013970,-0.100963,-0.297464,-0.032646,-0.111658,-0.250090,-0.069353,-0.086204,-0.295802
2026-05-26 18:22:30.214,5.799994,0.000000,0.000000,0.000000,0.069744,-0.091744,-0.318927,-0.126725,-0.094303,-0.320860,-0.028491,-0.093023,-0.319894,0.013970,-0.100963,-0.297464,-0.032709,-0.112652,-0.250103,-0.068801,-0.007838,-0.300038
2026-05-26 18:22:30.314,5.899994,0.000000,0.000000,0.000000,0.069744,-0.091744,-0.318927,-0.126736,-0.094216,-0.321586,-0.028496,-0.092980,-0.320257,0.013970,-0.100963,-0.297464,-0.032709,-0.112652,-0.250103,-0.069349,-0.085701,-0.295829
2026-05-26 18:22:30.414,5.999994,0.000000,0.000000,0.000000,0.069744,-0.091744,-0.318927,-0.126736,-0.094216,-0.321586,-0.028496,-0.092980,-0.320257,0.013098,-0.101847,-0.298120,-0.032521,-0.109669,-0.250064,-0.069073,-0.046519,-0.297947
2026-05-26 18:22:30.514,6.099994,0.000000,0.000000,0.000000,0.069744,-0.091744,-0.318927,-0.126804,-0.093290,-0.320953,-0.028530,-0.092517,-0.319940,0.014091,-0.099876,-0.298251,-0.032521,-0.109669,-0.250064,-0.068804,-0.008340,-0.300011
2026-05-26 18:22:30.614,6.199994,0.000000,0.000000,0.000000,0.069744,-0.091744,-0.318927,-0.126814,-0.093203,-0.321680,-0.028535,-0.092473,-0.320304,0.013959,-0.100876,-0.298192,-0.032709,-0.112652,-0.250103,-0.068797,-0.007336,-0.300065
2026-05-26 18:22:30.714,6.299994,0.000000,0.000000,0.000000,0.069744,-0.091744,-0.318927,-0.126814,-0.093203,-0.321680,-0.028535,-0.092473,-0.320304,0.013098,-0.101847,-0.298120,-0.032584,-0.110663,-0.250077,-0.068804,-0.008340,-0.300011
2026-05-26 18:22:30.814,6.399994,0.000000,0.000000,0.000000,0.069955,-0.090744,-0.319016,-0.126725,-0.094303,-0.320860,-0.028385,-0.092523,-0.319938,0.013959,-0.100876,-0.298192,-0.032646,-0.111658,-0.250090,-0.068804,-0.008340,-0.300011
2026-05-26 18:22:30.914,6.499994,0.000000,0.000000,0.000000,0.069744,-0.091744,-0.318927,-0.126725,-0.094303,-0.320860,-0.028491,-0.093023,-0.319894,0.013970,-0.100963,-0.297464,-0.032709,-0.112652,-0.250103,-0.068797,-0.007336,-0.300065
2026-05-26 18:22:31.014,6.599994,0.000000,0.000000,0.000000,0.069744,-0.091744,-0.318927,-0.127465,-0.094187,-0.321573,-0.028861,-0.092965,-0.320250,0.013828,-0.101876,-0.298134,-0.032521,-0.109669,-0.250064,-0.069346,-0.085199,-0.295857
2026-05-26 18:22:31.114,6.699994,0.000000,0.000000,0.000000,0.069744,-0.091744,-0.318927,-0.127465,-0.094187,-0.321573,-0.028861,-0.092965,-0.320250,0.013098,-0.101847,-0.298120,-0.032646,-0.111658,-0.250090,-0.068790,-0.006331,-0.300119
2026-05-26 18:22:31.214,6.799994,0.000000,0.000000,0.000000,0.069744,-0.091744,-0.318927,-0.126725,-0.094303,-0.320860,-0.028491,-0.093023,-0.319894,0.013959,-0.100876,-0.298192,-0.032646,-0.111658,-0.250090,-0.068797,-0.007336,-0.300065
2026-05-26 18:22:31.314,6.899993,0.000000,0.000000,0.000000,0.069744,-0.091744,-0.318927,-0.126804,-0.093290,-0.320953,-0.028530,-0.092517,-0.319940,0.013959,-0.100876,-0.298192,-0.032584,-0.110663,-0.250077,-0.068783,-0.005326,-0.300174
2026-05-26 18:22:31.414,6.999993,0.000000,0.000000,0.000000,0.069744,-0.091744,-0.318927,-0.126725,-0.094303,-0.320860,-0.028491,-0.093023,-0.319894,0.013098,-0.101847,-0.298120,-0.032584,-0.110663,-0.250077,-0.069070,-0.046016,-0.297974
2026-05-26 18:22:31.513,7.099993,0.000000,0.000000,0.000000,0.069744,-0.091744,-0.318927,-0.126725,-0.094303,-0.320860,-0.028491,-0.093023,-0.319894,0.014101,-0.099964,-0.297522,-0.032709,-0.112652,-0.250103,-0.068797,-0.007336,-0.300065
2026-05-26 18:22:31.613,7.199993,0.000000,0.000000,0.000000,0.069744,-0.091744,-0.318927,-0.126736,-0.094216,-0.321586,-0.028496,-0.092980,-0.320257,0.013959,-0.100876,-0.298192,-0.032584,-0.110663,-0.250077,-0.069349,-0.085701,-0.295829
2026-05-26 18:22:31.713,7.299993,0.000000,0.000000,0.000000,0.069744,-0.091744,-0.318927,-0.126804,-0.093290,-0.320953,-0.028530,-0.092517,-0.319940,0.014101,-0.099964,-0.297522,-0.032709,-0.112652,-0.250103,-0.069349,-0.085701,-0.295829
2026-05-26 18:22:31.813,7.399993,0.000000,0.000000,0.000000,0.069533,-0.092744,-0.318839,-0.126804,-0.093290,-0.320953,-0.028636,-0.093017,-0.319896,0.013970,-0.100963,-0.297464,-0.033309,-0.110635,-0.250064,-0.068804,-0.008340,-0.300011
2026-05-26 18:22:31.913,7.499993,0.000000,0.000000,0.000000,0.069744,-0.091744,-0.318927,-0.126814,-0.093203,-0.321680,-0.028535,-0.092473,-0.320304,0.014101,-0.099964,-0.297522,-0.032584,-0.110663,-0.250077,-0.069349,-0.085701,-0.295829
2026-05-26 18:22:32.013,7.599993,0.000000,0.000000,0.000000,0.069744,-0.091744,-0.318927,-0.126736,-0.094216,-0.321586,-0.028496,-0.092980,-0.320257,0.013959,-0.100876,-0.298192,-0.032584,-0.110663,-0.250077,-0.069349,-0.085701,-0.295829
2026-05-26 18:22:32.113,7.699993,0.000000,0.000000,0.000000,0.069744,-0.091744,-0.318927,-0.126725,-0.094303,-0.320860,-0.028491,-0.093023,-0.319894,0.013238,-0.100935,-0.297451,-0.032584,-0.110663,-0.250077,-0.068797,-0.007336,-0.300065
2026-05-26 18:22:32.213,7.799993,0.000000,0.000000,0.000000,0.069744,-0.091744,-0.318927,-0.126804,-0.093290,-0.320953,-0.028530,-0.092517,-0.319940,0.013959,-0.100876,-0.298192,-0.032709,-0.112652,-0.250103,-0.068804,-0.008340,-0.300011
2026-05-26 18:22:32.313,7.899992,0.000000,0.000000,0.000000,0.069744,-0.091744,-0.318927,-0.126804,-0.093290,-0.320953,-0.028530,-0.092517,-0.319940,0.013970,-0.100963,-0.297464,-0.032584,-0.110663,-0.250077,-0.068812,-0.009345,-0.299956
2026-05-26 18:22:32.413,7.999992,0.000000,0.000000,0.000000,0.069744,-0.091744,-0.318927,-0.126725,-0.094303,-0.320860,-0.028491,-0.093023,-0.319894,0.014101,-0.099964,-0.297522,-0.032553,-0.110166,-0.250071,-0.068804,-0.008340,-0.300011
2026-05-26 18:22:32.513,8.099992,0.000000,0.000000,0.000000,0.069744,-0.091744,-0.318927,-0.127455,-0.094274,-0.320847,-0.028856,-0.093009,-0.319887,0.014101,-0.099964,-0.297522,-0.032709,-0.112652,-0.250103,-0.069073,-0.046519,-0.297947
2026-05-26 18:22:32.613,8.199992,0.000000,0.000000,0.000000,0.069744,-0.091744,-0.318927,-0.127465,-0.094187,-0.321573,-0.028861,-0.092965,-0.320250,0.013959,-0.100876,-0.298192,-0.032584,-0.110663,-0.250077,-0.068808,-0.008843,-0.299983
2026-05-26 18:22:32.713,8.299992,0.000000,0.000000,0.000000,0.069744,-0.091744,-0.318927,-0.126647,-0.095316,-0.320768,-0.028452,-0.093530,-0.319848,0.013959,-0.100876,-0.298192,-0.033278,-0.110138,-0.250057,-0.068804,-0.008340,-0.300011
2026-05-26 18:22:32.813,8.399992,0.000000,0.000000,0.000000,0.069744,-0.091744,-0.318927,-0.126725,-0.094303,-0.320860,-0.028491,-0.093023,-0.319894,0.014091,-0.099876,-0.298251,-0.032709,-0.112652,-0.250103,-0.068797,-0.007336,-0.300065
2026-05-26 18:22:32.913,8.499992,0.000000,0.000000,0.000000,0.069744,-0.091744,-0.318927,-0.126725,-0.094303,-0.320860,-0.028491,-0.093023,-0.319894,0.013098,-0.101847,-0.298120,-0.032646,-0.111658,-0.250090,-0.069349,-0.085701,-0.295829
2026-05-26 18:22:33.013,8.599992,0.000000,0.000000,0.000000,0.069533,-0.092744,-0.318839,-0.126736,-0.094216,-0.321586,-0.028602,-0.093480,-0.320213,0.013959,-0.100876,-0.298192,-0.032709,-0.112652,-0.250103,-0.069627,-0.007303,-0.300049
2026-05-26 18:22:33.113,8.699992,0.000000,0.000000,0.000000,0.069744,-0.091744,-0.318927,-0.126736,-0.094216,-0.321586,-0.028496,-0.092980,-0.320257,0.013959,-0.100876,-0.298192,-0.032584,-0.110663,-0.250077,-0.069349,-0.085701,-0.295829
2026-05-26 18:22:33.213,8.799992,0.000000,0.000000,0.000000,0.069744,-0.091744,-0.318927,-0.126736,-0.094216,-0.321586,-0.028496,-0.092980,-0.320257,0.013970,-0.100963,-0.297464,-0.032584,-0.110663,-0.250077,-0.069349,-0.085701,-0.295829
2026-05-26 18:22:33.313,8.899992,0.000000,0.000000,0.000000,0.069744,-0.091744,-0.318927,-0.126804,-0.093290,-0.320953,-0.028530,-0.092517,-0.319940,0.013098,-0.101847,-0.298120,-0.032646,-0.111658,-0.250090,-0.069077,-0.047021,-0.297920
2026-05-26 18:22:33.413,8.999991,0.000000,0.000000,0.000000,0.069744,-0.091744,-0.318927,-0.126804,-0.093290,-0.320953,-0.028530,-0.092517,-0.319940,0.013828,-0.101876,-0.298134,-0.032584,-0.110663,-0.250077,-0.068797,-0.007336,-0.300065
2026-05-26 18:22:33.513,9.099991,0.000000,0.000000,0.000000,0.069744,-0.091744,-0.318927,-0.126736,-0.094216,-0.321586,-0.028496,-0.092980,-0.320257,0.013970,-0.100963,-0.297464,-0.032646,-0.111658,-0.250090,-0.069633,-0.008308,-0.299995
2026-05-26 18:22:33.613,9.199991,0.000000,0.000000,0.000000,0.069744,-0.091744,-0.318927,-0.126657,-0.095229,-0.321492,-0.028457,-0.093486,-0.320210,0.013970,-0.100963,-0.297464,-0.032584,-0.110663,-0.250077,-0.068790,-0.006331,-0.300119
2026-05-26 18:22:33.713,9.299991,0.000000,0.000000,0.000000,0.069744,-0.091744,-0.318927,-0.126736,-0.094216,-0.321586,-0.028496,-0.092980,-0.320257,0.013959,-0.100876,-0.298192,-0.032646,-0.111658,-0.250090,-0.069349,-0.085701,-0.295829
2026-05-26 18:22:33.813,9.399991,0.000000,0.000000,0.000000,0.069744,-0.091744,-0.318927,-0.126736,-0.094216,-0.321586,-0.028496,-0.092980,-0.320257,0.013098,-0.101847,-0.298120,-0.032709,-0.112652,-0.250103,-0.068797,-0.007336,-0.300065
2026-05-26 18:22:33.913,9.499991,0.000000,0.000000,0.000000,0.069744,-0.091744,-0.318927,-0.126725,-0.094303,-0.320860,-0.028491,-0.093023,-0.319894,0.013098,-0.101847,-0.298120,-0.032521,-0.109669,-0.250064,-0.069349,-0.085701,-0.295829
2026-05-26 18:22:34.013,9.599991,0.000000,0.000000,0.000000,0.069533,-0.092744,-0.318839,-0.126736,-0.094216,-0.321586,-0.028602,-0.093480,-0.320213,0.013228,-0.100847,-0.298179,-0.032584,-0.110663,-0.250077,-0.068804,-0.008340,-0.300011
2026-05-26 18:22:34.113,9.699991,0.000000,0.000000,0.000000,0.069744,-0.091744,-0.318927,-0.126804,-0.093290,-0.320953,-0.028530,-0.092517,-0.319940,0.014101,-0.099964,-0.297522,-0.032646,-0.111658,-0.250090,-0.068797,-0.007336,-0.300065
2026-05-26 18:22:34.213,9.799991,0.000000,0.000000,0.000000,0.069744,-0.091744,-0.318927,-0.126814,-0.093203,-0.321680,-0.028535,-0.092473,-0.320304,0.013970,-0.100963,-0.297464,-0.032646,-0.111658,-0.250090,-0.069349,-0.085701,-0.295829
2026-05-26 18:22:34.313,9.899991,0.000000,0.000000,0.000000,0.069744,-0.091744,-0.318927,-0.126725,-0.094303,-0.320860,-0.028491,-0.093023,-0.319894,0.013970,-0.100963,-0.297464,-0.032646,-0.111658,-0.250090,-0.069349,-0.085701,-0.295829
2026-05-26 18:22:34.413,9.999990,0.000000,0.000000,0.000000,0.069744,-0.091744,-0.318927,-0.126736,-0.094216,-0.321586,-0.028496,-0.092980,-0.320257,0.013970,-0.100963,-0.297464,-0.032584,-0.110663,-0.250077,-0.069349,-0.085701,-0.295829
2026-05-26 18:22:34.513,10.099990,0.000000,0.000000,0.000000,0.069744,-0.091744,-0.318927,-0.126804,-0.093290,-0.320953,-0.028530,-0.092517,-0.319940,0.013828,-0.101876,-0.298134,-0.032771,-0.113647,-0.250116,-0.069349,-0.085701,-0.295829
2026-05-26 18:22:34.613,10.199990,0.000000,0.000000,0.000000,0.069955,-0.090744,-0.319016,-0.126647,-0.095316,-0.320768,-0.028346,-0.093030,-0.319892,0.013959,-0.100876,-0.298192,-0.032709,-0.112652,-0.250103,-0.069349,-0.085701,-0.295829
2026-05-26 18:22:34.713,10.299990,0.000000,0.000000,0.000000,0.069744,-0.091744,-0.318927,-0.126736,-0.094216,-0.321586,-0.028496,-0.092980,-0.320257,0.014101,-0.099964,-0.297522,-0.032646,-0.111658,-0.250090,-0.069349,-0.085701,-0.295829
2026-05-26 18:22:34.813,10.399990,0.000000,0.000000,0.000000,0.069744,-0.091744,-0.318927,-0.126736,-0.094216,-0.321586,-0.028496,-0.092980,-0.320257,0.013970,-0.100963,-0.297464,-0.032646,-0.111658,-0.250090,-0.068804,-0.008340,-0.300011
2026-05-26 18:22:34.913,10.499990,0.000000,0.000000,0.000000,0.069744,-0.091744,-0.318927,-0.126725,-0.094303,-0.320860,-0.028491,-0.093023,-0.319894,0.013108,-0.101935,-0.297393,-0.032646,-0.111658,-0.250090,-0.069349,-0.085701,-0.295829
2026-05-26 18:22:35.013,10.599990,0.000000,0.000000,0.000000,0.069744,-0.091744,-0.318927,-0.126736,-0.094216,-0.321586,-0.028496,-0.092980,-0.320257,0.014035,-0.100464,-0.297493,-0.032646,-0.111658,-0.250090,-0.068804,-0.008340,-0.300011
2026-05-26 18:22:35.113,10.699990,0.000000,0.000000,0.000000,0.069744,-0.091744,-0.318927,-0.126804,-0.093290,-0.320953,-0.028530,-0.092517,-0.319940,0.013970,-0.100963,-0.297464,-0.032646,-0.111658,-0.250090,-0.068790,-0.006331,-0.300119
2026-05-26 18:22:35.213,10.799990,0.000000,0.000000,0.000000,0.069744,-0.091744,-0.318927,-0.126725,-0.094303,-0.320860,-0.028491,-0.093023,-0.319894,0.014101,-0.099964,-0.297522,-0.032584,-0.110663,-0.250077,-0.069349,-0.085701,-0.295829
2026-05-26 18:22:35.313,10.899990,0.000000,0.000000,0.000000,0.069955,-0.090744,-0.319016,-0.127375,-0.095287,-0.320754,-0.028710,-0.093015,-0.319885,0.013098,-0.101847,-0.298120,-0.032646,-0.111658,-0.250090,-0.068797,-0.007336,-0.300065
2026-05-26 18:22:35.413,10.999990,0.000000,0.000000,0.000000,0.069744,-0.091744,-0.318927,-0.126725,-0.094303,-0.320860,-0.028491,-0.093023,-0.319894,0.013098,-0.101847,-0.298120,-0.032584,-0.110663,-0.250077,-0.068804,-0.008340,-0.300011
2026-05-26 18:22:35.513,11.099989,0.000000,0.000000,0.000000,0.069744,-0.091744,-0.318927,-0.126736,-0.094216,-0.321586,-0.028496,-0.092980,-0.320257,0.013959,-0.100876,-0.298192,-0.032646,-0.111658,-0.250090,-0.069077,-0.047021,-0.297920
2026-05-26 18:22:35.613,11.199989,0.000000,0.000000,0.000000,0.069744,-0.091744,-0.318927,-0.126736,-0.094216,-0.321586,-0.028496,-0.092980,-0.320257,0.013098,-0.101847,-0.298120,-0.032709,-0.112652,-0.250103,-0.069349,-0.085701,-0.295829
2026-05-26 18:22:35.713,11.299989,0.000000,0.000000,0.000000,0.069533,-0.092744,-0.318839,-0.126804,-0.093290,-0.320953,-0.028636,-0.093017,-0.319896,0.014101,-0.099964,-0.297522,-0.032584,-0.110663,-0.250077,-0.068797,-0.007336,-0.300065
2026-05-26 18:22:35.813,11.399989,0.000000,0.000000,0.000000,0.069533,-0.092744,-0.318839,-0.126814,-0.093203,-0.321680,-0.028641,-0.092974,-0.320260,0.014025,-0.100376,-0.298222,-0.032521,-0.109669,-0.250064,-0.068819,-0.010350,-0.299902
2026-05-26 18:22:35.913,11.499989,0.000000,0.000000,0.000000,0.069533,-0.092744,-0.318839,-0.126736,-0.094216,-0.321586,-0.028602,-0.093480,-0.320213,0.013828,-0.101876,-0.298134,-0.032709,-0.112652,-0.250103,-0.068815,-0.009847,-0.299929
2026-05-26 18:22:36.013,11.599989,0.000000,0.000000,0.000000,0.069744,-0.091744,-0.318927,-0.126657,-0.095229,-0.321492,-0.028457,-0.093486,-0.320210,0.013959,-0.100876,-0.298192,-0.032646,-0.111658,-0.250090,-0.068797,-0.007336,-0.300065
2026-05-26 18:22:36.113,11.699989,0.000000,0.000000,0.000000,0.069744,-0.091744,-0.318927,-0.126804,-0.093290,-0.320953,-0.028530,-0.092517,-0.319940,0.012968,-0.102848,-0.298061,-0.032646,-0.111658,-0.250090,-0.069349,-0.085701,-0.295829
2026-05-26 18:22:36.213,11.799989,0.000000,0.000000,0.000000,0.069744,-0.091744,-0.318927,-0.126647,-0.095316,-0.320768,-0.028452,-0.093530,-0.319848,0.013970,-0.100963,-0.297464,-0.032709,-0.112652,-0.250103,-0.069349,-0.085701,-0.295829
2026-05-26 18:22:36.313,11.899989,0.000000,0.000000,0.000000,0.069955,-0.090744,-0.319016,-0.126725,-0.094303,-0.320860,-0.028385,-0.092523,-0.319938,0.013959,-0.100876,-0.298192,-0.032646,-0.111658,-0.250090,-0.068819,-0.010350,-0.299902
2026-05-26 18:22:36.413,11.999989,0.000000,0.000000,0.000000,0.069744,-0.091744,-0.318927,-0.126736,-0.094216,-0.321586,-0.028496,-0.092980,-0.320257,0.013959,-0.100876,-0.298192,-0.032646,-0.111658,-0.250090,-0.068797,-0.007336,-0.300065
2026-05-26 18:22:36.513,12.099988,0.000000,0.000000,0.000000,0.069955,-0.090744,-0.319016,-0.126804,-0.093290,-0.320953,-0.028424,-0.092017,-0.319985,0.013959,-0.100876,-0.298192,-0.032584,-0.110663,-0.250077,-0.069356,-0.086706,-0.295775
2026-05-26 18:22:36.613,12.199988,0.000000,0.000000,0.000000,0.069744,-0.091744,-0.318927,-0.126814,-0.093203,-0.321680,-0.028535,-0.092473,-0.320304,0.013970,-0.100963,-0.297464,-0.032709,-0.112652,-0.250103,-0.068812,-0.009345,-0.299956
2026-05-26 18:22:36.713,12.299988,0.000000,0.000000,0.000000,0.069744,-0.091744,-0.318927,-0.126736,-0.094216,-0.321586,-0.028496,-0.092980,-0.320257,0.013959,-0.100876,-0.298192,-0.032709,-0.112652,-0.250103,-0.068804,-0.008340,-0.300011
2026-05-26 18:22:36.813,12.399988,0.000000,0.000000,0.000000,0.069744,-0.091744,-0.318927,-0.126736,-0.094216,-0.321586,-0.028496,-0.092980,-0.320257,0.013959,-0.100876,-0.298192,-0.032584,-0.110663,-0.250077,-0.069342,-0.084697,-0.295884
2026-05-26 18:22:36.913,12.499988,0.000000,0.000000,0.000000,0.069744,-0.091744,-0.318927,-0.127455,-0.094274,-0.320847,-0.028856,-0.093009,-0.319887,0.013959,-0.100876,-0.298192,-0.032709,-0.112652,-0.250103,-0.069349,-0.085701,-0.295829
2026-05-26 18:22:37.013,12.599988,0.000000,0.000000,0.000000,0.069955,-0.090744,-0.319016,-0.126725,-0.094303,-0.320860,-0.028385,-0.092523,-0.319938,0.013959,-0.100876,-0.298192,-0.032646,-0.111658,-0.250090,-0.069349,-0.085701,-0.295829
2026-05-26 18:22:37.113,12.699988,0.000000,0.000000,0.000000,0.069533,-0.092744,-0.318839,-0.126725,-0.094303,-0.320860,-0.028596,-0.093523,-0.319850,0.014101,-0.099964,-0.297522,-0.032709,-0.112652,-0.250103,-0.068797,-0.007336,-0.300065
2026-05-26 18:22:37.213,12.799988,0.000000,0.000000,0.000000,0.069744,-0.091744,-0.318927,-0.126736,-0.094216,-0.321586,-0.028496,-0.092980,-0.320257,0.013959,-0.100876,-0.298192,-0.032584,-0.110663,-0.250077,-0.069633,-0.008308,-0.299995
2026-05-26 18:22:37.313,12.899988,0.000000,0.000000,0.000000,0.069533,-0.092744,-0.318839,-0.126725,-0.094303,-0.320860,-0.028596,-0.093523,-0.319850,0.013959,-0.100876,-0.298192,-0.032646,-0.111658,-0.250090,-0.068797,-0.007336,-0.300065
2026-05-26 18:22:37.413,12.999988,0.000000,0.000000,0.000000,0.069744,-0.091744,-0.318927,-0.126804,-0.093290,-0.320953,-0.028530,-0.092517,-0.319940,0.013959,-0.100876,-0.298192,-0.032646,-0.111658,-0.250090,-0.069349,-0.085701,-0.295829
2026-05-26 18:22:37.513,13.099988,0.000000,0.000000,0.000000,0.069744,-0.091744,-0.318927,-0.126657,-0.095229,-0.321492,-0.028457,-0.093486,-0.320210,0.013970,-0.100963,-0.297464,-0.032584,-0.110663,-0.250077,-0.069349,-0.085701,-0.295829
2026-05-26 18:22:37.613,13.199987,0.000000,0.000000,0.000000,0.069744,-0.091744,-0.318927,-0.126736,-0.094216,-0.321586,-0.028496,-0.092980,-0.320257,0.013959,-0.100876,-0.298192,-0.032709,-0.112652,-0.250103,-0.069349,-0.085701,-0.295829
2026-05-26 18:22:37.713,13.299987,0.000000,0.000000,0.000000,0.069955,-0.090744,-0.319016,-0.126736,-0.094216,-0.321586,-0.028390,-0.092480,-0.320301,0.013959,-0.100876,-0.298192,-0.032646,-0.111658,-0.250090,-0.068812,-0.009345,-0.299956
2026-05-26 18:22:37.813,13.399987,0.000000,0.000000,0.000000,0.069744,-0.091744,-0.318927,-0.126736,-0.094216,-0.321586,-0.028496,-0.092980,-0.320257,0.013959,-0.100876,-0.298192,-0.032709,-0.112652,-0.250103,-0.069349,-0.085701,-0.295829
2026-05-26 18:22:37.913,13.499987,0.000000,0.000000,0.000000,0.069744,-0.091744,-0.318927,-0.126725,-0.094303,-0.320860,-0.028491,-0.093023,-0.319894,0.025912,-0.009971,-0.302716,-0.032646,-0.111658,-0.250090,-0.068812,-0.009345,-0.299956
2026-05-26 18:22:38.013,13.599987,0.000000,0.000000,0.000000,0.069744,-0.091744,-0.318927,-0.126804,-0.093290,-0.320953,-0.028530,-0.092517,-0.319940,0.013959,-0.100876,-0.298192,-0.032709,-0.112652,-0.250103,-0.068804,-0.008340,-0.300011
2026-05-26 18:22:38.113,13.699987,0.000000,0.000000,0.000000,0.069744,-0.091744,-0.318927,-0.127465,-0.094187,-0.321573,-0.028861,-0.092965,-0.320250,0.013970,-0.100963,-0.297464,-0.032584,-0.110663,-0.250077,-0.068812,-0.009345,-0.299956
2026-05-26 18:22:38.213,13.799987,0.000000,0.000000,0.000000,0.069744,-0.091744,-0.318927,-0.126736,-0.094216,-0.321586,-0.028496,-0.092980,-0.320257,0.013828,-0.101876,-0.298134,-0.032646,-0.111658,-0.250090,-0.069349,-0.085701,-0.295829
2026-05-26 18:22:38.313,13.899987,0.000000,0.000000,0.000000,0.069955,-0.090744,-0.319016,-0.126736,-0.094216,-0.321586,-0.028390,-0.092480,-0.320301,0.013098,-0.101847,-0.298120,-0.032646,-0.111658,-0.250090,-0.069342,-0.084697,-0.295884
2026-05-26 18:22:38.413,13.999987,0.000000,0.000000,0.000000,0.069744,-0.091744,-0.318927,-0.126736,-0.094216,-0.321586,-0.028496,-0.092980,-0.320257,0.014101,-0.099964,-0.297522,-0.032521,-0.109669,-0.250064,-0.069349,-0.085701,-0.295829
2026-05-26 18:22:38.513,14.099987,0.000000,0.000000,0.000000,0.069744,-0.091744,-0.318927,-0.126725,-0.094303,-0.320860,-0.028491,-0.093023,-0.319894,0.013959,-0.100876,-0.298192,-0.032771,-0.113647,-0.250116,-0.068804,-0.008340,-0.300011
2026-05-26 18:22:38.613,14.199986,0.000000,0.000000,0.000000,0.069955,-0.090744,-0.319016,-0.126804,-0.093290,-0.320953,-0.028424,-0.092017,-0.319985,0.013959,-0.100876,-0.298192,-0.032646,-0.111658,-0.250090,-0.069349,-0.085701,-0.295829
2026-05-26 18:22:38.713,14.299986,0.000000,0.000000,0.000000,0.069744,-0.091744,-0.318927,-0.126814,-0.093203,-0.321680,-0.028535,-0.092473,-0.320304,0.013970,-0.100963,-0.297464,-0.032646,-0.111658,-0.250090,-0.069349,-0.085701,-0.295829
2026-05-26 18:22:38.813,14.399986,0.000000,0.000000,0.000000,0.069522,-0.092656,-0.319576,-0.126736,-0.094216,-0.321586,-0.028607,-0.093436,-0.320581,0.013828,-0.101876,-0.298134,-0.032584,-0.110663,-0.250077,-0.068808,-0.008843,-0.299983
2026-05-26 18:22:38.913,14.499986,0.000000,0.000000,0.000000,0.069744,-0.091744,-0.318927,-0.126736,-0.094216,-0.321586,-0.028496,-0.092980,-0.320257,0.013959,-0.100876,-0.298192,-0.032709,-0.112652,-0.250103,-0.068790,-0.006331,-0.300119
2026-05-26 18:22:39.013,14.599986,0.000000,0.000000,0.000000,0.069744,-0.091744,-0.318927,-0.127545,-0.093174,-0.321666,-0.028900,-0.092459,-0.320297,0.013894,-0.101376,-0.298163,-0.032615,-0.111161,-0.250084,-0.069349,-0.085701,-0.295829
2026-05-26 18:22:39.113,14.699986,0.000000,0.000000,0.000000,0.069744,-0.091744,-0.318927,-0.126647,-0.095316,-0.320768,-0.028452,-0.093530,-0.319848,0.014101,-0.099964,-0.297522,-0.032709,-0.112652,-0.250103,-0.069349,-0.085701,-0.295829
2026-05-26 18:22:39.213,14.799986,0.000000,0.000000,0.000000,0.069744,-0.091744,-0.318927,-0.127455,-0.094274,-0.320847,-0.028856,-0.093009,-0.319887,0.013970,-0.100963,-0.297464,-0.032709,-0.112652,-0.250103,-0.069349,-0.085701,-0.295829
2026-05-26 18:22:39.313,14.899986,0.000000,0.000000,0.000000,0.069744,-0.091744,-0.318927,-0.126725,-0.094303,-0.320860,-0.028491,-0.093023,-0.319894,0.013959,-0.100876,-0.298192,-0.032709,-0.112652,-0.250103,-0.069645,-0.010317,-0.299887
2026-05-26 18:22:39.413,14.999986,0.000000,0.000000,0.000000,0.069744,-0.091744,-0.318927,-0.127455,-0.094274,-0.320847,-0.028856,-0.093009,-0.319887,0.013970,-0.100963,-0.297464,-0.032584,-0.110663,-0.250077,-0.069639,-0.009312,-0.299941
2026-05-26 18:22:39.513,15.099986,0.000000,0.000000,0.000000,0.069744,-0.091744,-0.318927,-0.126814,-0.093203,-0.321680,-0.028535,-0.092473,-0.320304,0.013970,-0.100963,-0.297464,-0.032781,-0.113561,-0.250834,-0.070100,-0.086677,-0.295761
2026-05-26 18:22:39.613,15.199986,0.000000,0.000000,0.000000,0.069744,-0.091744,-0.318927,-0.126736,-0.094216,-0.321586,-0.028496,-0.092980,-0.320257,0.013828,-0.101876,-0.298134,-0.032844,-0.114555,-0.250846,-0.070094,-0.085672,-0.295815
2026-05-26 18:22:39.713,15.299985,0.000000,0.000000,0.000000,0.069955,-0.090744,-0.319016,-0.126736,-0.094216,-0.321586,-0.028390,-0.092480,-0.320301,0.013959,-0.100876,-0.298192,-0.032781,-0.113561,-0.250834,-0.070094,-0.085672,-0.295815
2026-05-26 18:22:39.813,15.399985,0.000000,0.000000,0.000000,0.069744,-0.091744,-0.318927,-0.126725,-0.094303,-0.320860,-0.028491,-0.093023,-0.319894,0.013828,-0.101876,-0.298134,-0.032844,-0.114555,-0.250846,-0.070094,-0.085672,-0.295815
2026-05-26 18:22:39.913,15.499985,0.000000,0.000000,0.000000,0.069744,-0.091744,-0.318927,-0.126657,-0.095229,-0.321492,-0.028457,-0.093486,-0.320210,0.013828,-0.101876,-0.298134,-0.032844,-0.114555,-0.250846,-0.069621,-0.006298,-0.300104
2026-05-26 18:22:40.013,15.599985,0.000000,0.000000,0.000000,0.069955,-0.090744,-0.319016,-0.126814,-0.093203,-0.321680,-0.028429,-0.091973,-0.320348,0.013828,-0.101876,-0.298134,-0.032844,-0.114555,-0.250846,-0.069645,-0.010317,-0.299887
2026-05-26 18:22:40.113,15.699985,0.000000,0.000000,0.000000,0.069744,-0.091744,-0.318927,-0.127545,-0.093174,-0.321666,-0.028900,-0.092459,-0.320297,0.013828,-0.101876,-0.298134,-0.032781,-0.113561,-0.250834,-0.070094,-0.085672,-0.295815
2026-05-26 18:22:40.213,15.799985,0.000000,0.000000,0.000000,0.069744,-0.091744,-0.318927,-0.126804,-0.093290,-0.320953,-0.028530,-0.092517,-0.319940,0.013828,-0.101876,-0.298134,-0.032844,-0.114555,-0.250846,-0.070094,-0.085672,-0.295815
2026-05-26 18:22:40.313,15.899985,0.000000,0.000000,0.000000,0.069955,-0.090744,-0.319016,-0.126725,-0.094303,-0.320860,-0.028385,-0.092523,-0.319938,0.013697,-0.102876,-0.298075,-0.032844,-0.114555,-0.250846,-0.069866,-0.047492,-0.297878
2026-05-26 18:22:40.413,15.999985,0.000000,0.000000,0.000000,0.069744,-0.091744,-0.318927,-0.126736,-0.094216,-0.321586,-0.028496,-0.092980,-0.320257,0.013838,-0.101963,-0.297407,-0.032719,-0.112566,-0.250823,-0.069863,-0.046990,-0.297905
2026-05-26 18:22:40.513,16.099985,0.000000,0.000000,0.000000,0.069744,-0.091744,-0.318927,-0.126736,-0.094216,-0.321586,-0.028496,-0.092980,-0.320257,0.013697,-0.102876,-0.298075,-0.032781,-0.113561,-0.250834,-0.069639,-0.009312,-0.299941
2026-05-26 18:22:40.613,16.199985,0.000000,0.000000,0.000000,0.069533,-0.092744,-0.318839,-0.126647,-0.095316,-0.320768,-0.028557,-0.094030,-0.319803,0.013697,-0.102876,-0.298075,-0.032844,-0.114555,-0.250846,-0.070094,-0.085672,-0.295815
2026-05-26 18:22:40.713,16.299984,0.000000,0.000000,0.000000,0.069744,-0.091744,-0.318927,-0.126814,-0.093203,-0.321680,-0.028535,-0.092473,-0.320304,0.013828,-0.101876,-0.298134,-0.032844,-0.114555,-0.250846,-0.070088,-0.084667,-0.295870
2026-05-26 18:22:40.813,16.399984,0.000000,0.000000,0.000000,0.069955,-0.090744,-0.319016,-0.126725,-0.094303,-0.320860,-0.028385,-0.092523,-0.319938,0.013838,-0.101963,-0.297407,-0.032781,-0.113561,-0.250834,-0.070094,-0.085672,-0.295815
2026-05-26 18:22:40.913,16.499984,0.000000,0.000000,0.000000,0.069744,-0.091744,-0.318927,-0.126725,-0.094303,-0.320860,-0.028491,-0.093023,-0.319894,0.013828,-0.101876,-0.298134,-0.032844,-0.114555,-0.250846,-0.070088,-0.084667,-0.295870
2026-05-26 18:22:41.013,16.599984,0.000000,0.000000,0.000000,0.069744,-0.091744,-0.318927,-0.126725,-0.094303,-0.320860,-0.028491,-0.093023,-0.319894,0.013828,-0.101876,-0.298134,-0.032844,-0.114555,-0.250846,-0.070094,-0.085672,-0.295815
2026-05-26 18:22:41.113,16.699984,0.000000,0.000000,0.000000,0.069744,-0.091744,-0.318927,-0.126725,-0.094303,-0.320860,-0.028491,-0.093023,-0.319894,0.013828,-0.101876,-0.298134,-0.032906,-0.115549,-0.250858,-0.069860,-0.046487,-0.297932
2026-05-26 18:22:41.213,16.799984,0.000000,0.000000,0.000000,0.069744,-0.091744,-0.318927,-0.126736,-0.094216,-0.321586,-0.028496,-0.092980,-0.320257,0.013697,-0.102876,-0.298075,-0.032844,-0.114555,-0.250846,-0.069633,-0.008308,-0.299995
2026-05-26 18:22:41.313,16.899984,0.000000,0.000000,0.000000,0.069744,-0.091744,-0.318927,-0.126725,-0.094303,-0.320860,-0.028491,-0.093023,-0.319894,0.013828,-0.101876,-0.298134,-0.032781,-0.113561,-0.250834,-0.070094,-0.085672,-0.295815
2026-05-26 18:22:41.413,16.999984,0.000000,0.000000,0.000000,0.069744,-0.091744,-0.318927,-0.126736,-0.094216,-0.321586,-0.028496,-0.092980,-0.320257,0.013697,-0.102876,-0.298075,-0.032719,-0.112566,-0.250823,-0.070094,-0.085672,-0.295815
2026-05-26 18:22:41.513,17.099984,0.000000,0.000000,0.000000,0.069744,-0.091744,-0.318927,-0.126736,-0.094216,-0.321586,-0.028496,-0.092980,-0.320257,0.013697,-0.102876,-0.298075,-0.032781,-0.113561,-0.250834,-0.070094,-0.085672,-0.295815
2026-05-26 18:22:41.613,17.199984,0.000000,0.000000,0.000000,0.069744,-0.091744,-0.318927,-0.127465,-0.094187,-0.321573,-0.028861,-0.092965,-0.320250,0.013828,-0.101876,-0.298134,-0.032844,-0.114555,-0.250846,-0.070094,-0.085672,-0.295815
2026-05-26 18:22:41.713,17.299984,0.000000,0.000000,0.000000,0.069744,-0.091744,-0.318927,-0.126736,-0.094216,-0.321586,-0.028496,-0.092980,-0.320257,0.013838,-0.101963,-0.297407,-0.032844,-0.114555,-0.250846,-0.070088,-0.084667,-0.295870
2026-05-26 18:22:41.813,17.399983,0.000000,0.000000,0.000000,0.069744,-0.091744,-0.318927,-0.127465,-0.094187,-0.321573,-0.028861,-0.092965,-0.320250,0.013828,-0.101876,-0.298134,-0.032781,-0.113561,-0.250834,-0.070094,-0.085672,-0.295815
2026-05-26 18:22:41.913,17.499983,0.000000,0.000000,0.000000,0.069744,-0.091744,-0.318927,-0.126647,-0.095316,-0.320768,-0.028452,-0.093530,-0.319848,0.013697,-0.102876,-0.298075,-0.032656,-0.111571,-0.250811,-0.069869,-0.047995,-0.297851
2026-05-26 18:22:42.013,17.599983,0.000000,0.000000,0.000000,0.069955,-0.090744,-0.319016,-0.126725,-0.094303,-0.320860,-0.028385,-0.092523,-0.319938,0.013697,-0.102876,-0.298075,-0.032844,-0.114555,-0.250846,-0.070100,-0.086677,-0.295761
2026-05-26 18:22:42.113,17.699983,0.000000,0.000000,0.000000,0.069744,-0.091744,-0.318927,-0.126736,-0.094216,-0.321586,-0.028496,-0.092980,-0.320257,0.013828,-0.101876,-0.298134,-0.032781,-0.113561,-0.250834,-0.070094,-0.085672,-0.295815
2026-05-26 18:22:42.213,17.799983,0.000000,0.000000,0.000000,0.069744,-0.091744,-0.318927,-0.126579,-0.096242,-0.321398,-0.028417,-0.093993,-0.320163,0.013697,-0.102876,-0.298075,-0.032844,-0.114555,-0.250846,-0.070100,-0.086677,-0.295761
2026-05-26 18:22:42.313,17.899983,0.000000,0.000000,0.000000,0.069533,-0.092744,-0.318839,-0.126736,-0.094216,-0.321586,-0.028602,-0.093480,-0.320213,0.013838,-0.101963,-0.297407,-0.032844,-0.114555,-0.250846,-0.070094,-0.085672,-0.295815
2026-05-26 18:22:42.413,17.999983,0.000000,0.000000,0.000000,0.069744,-0.091744,-0.318927,-0.126814,-0.093203,-0.321680,-0.028535,-0.092473,-0.320304,0.013828,-0.101876,-0.298134,-0.032781,-0.113561,-0.250834,-0.070094,-0.085672,-0.295815
2026-05-26 18:22:42.513,18.099983,0.000000,0.000000,0.000000,0.069955,-0.090744,-0.319016,-0.126814,-0.093203,-0.321680,-0.028429,-0.091973,-0.320348,0.013828,-0.101876,-0.298134,-0.032781,-0.113561,-0.250834,-0.070100,-0.086677,-0.295761
2026-05-26 18:22:42.613,18.199983,0.000000,0.000000,0.000000,0.069744,-0.091744,-0.318927,-0.126736,-0.094216,-0.321586,-0.028496,-0.092980,-0.320257,0.013697,-0.102876,-0.298075,-0.032719,-0.112566,-0.250823,-0.069633,-0.008308,-0.299995
2026-05-26 18:22:42.713,18.299983,0.000000,0.000000,0.000000,0.069744,-0.091744,-0.318927,-0.126725,-0.094303,-0.320860,-0.028491,-0.093023,-0.319894,0.013838,-0.101963,-0.297407,-0.032844,-0.114555,-0.250846,-0.069869,-0.047995,-0.297851
2026-05-26 18:22:42.813,18.399982,0.000000,0.000000,0.000000,0.069744,-0.091744,-0.318927,-0.126736,-0.094216,-0.321586,-0.028496,-0.092980,-0.320257,0.013828,-0.101876,-0.298134,-0.032781,-0.113561,-0.250834,-0.070100,-0.086677,-0.295761
2026-05-26 18:22:42.913,18.499982,0.000000,0.000000,0.000000,0.069744,-0.091744,-0.318927,-0.126736,-0.094216,-0.321586,-0.028496,-0.092980,-0.320257,0.013828,-0.101876,-0.298134,-0.032781,-0.113561,-0.250834,-0.070106,-0.087681,-0.295707
2026-05-26 18:22:43.013,18.599982,0.000000,0.000000,0.000000,0.069533,-0.092744,-0.318839,-0.126736,-0.094216,-0.321586,-0.028602,-0.093480,-0.320213,0.013697,-0.102876,-0.298075,-0.032781,-0.113561,-0.250834,-0.069651,-0.011322,-0.299832
2026-05-26 18:22:43.113,18.699982,0.000000,0.000000,0.000000,0.069744,-0.091744,-0.318927,-0.127465,-0.094187,-0.321573,-0.028861,-0.092965,-0.320250,0.013828,-0.101876,-0.298134,-0.032719,-0.112566,-0.250823,-0.070100,-0.086677,-0.295761
2026-05-26 18:22:43.213,18.799982,0.000000,0.000000,0.000000,0.069744,-0.091744,-0.318927,-0.126736,-0.094216,-0.321586,-0.028496,-0.092980,-0.320257,0.013828,-0.101876,-0.298134,-0.032781,-0.113561,-0.250834,-0.070100,-0.086677,-0.295761
2026-05-26 18:22:43.313,18.899982,0.000000,0.000000,0.000000,0.069744,-0.091744,-0.318927,-0.126736,-0.094216,-0.321586,-0.028496,-0.092980,-0.320257,0.013828,-0.101876,-0.298134,-0.032719,-0.112566,-0.250823,-0.070100,-0.086677,-0.295761
2026-05-26 18:22:43.413,18.999982,0.000000,0.000000,0.000000,0.069955,-0.090744,-0.319016,-0.126736,-0.094216,-0.321586,-0.028390,-0.092480,-0.320301,0.013828,-0.101876,-0.298134,-0.032844,-0.114555,-0.250846,-0.069639,-0.009312,-0.299941
2026-05-26 18:22:43.513,19.099982,0.000000,0.000000,0.000000,0.069955,-0.090744,-0.319016,-0.127455,-0.094274,-0.320847,-0.028750,-0.092509,-0.319931,0.013828,-0.101876,-0.298134,-0.032781,-0.113561,-0.250834,-0.070100,-0.086677,-0.295761
2026-05-26 18:22:43.613,19.199982,0.000000,0.000000,0.000000,0.069744,-0.091744,-0.318927,-0.127545,-0.093174,-0.321666,-0.028900,-0.092459,-0.320297,0.013828,-0.101876,-0.298134,-0.032781,-0.113561,-0.250834,-0.070094,-0.085672,-0.295815
2026-05-26 18:22:43.713,19.299982,0.000000,0.000000,0.000000,0.069744,-0.091744,-0.318927,-0.126736,-0.094216,-0.321586,-0.028496,-0.092980,-0.320257,0.013828,-0.101876,-0.298134,-0.032781,-0.113561,-0.250834,-0.070100,-0.086677,-0.295761
2026-05-26 18:22:43.813,19.399981,0.000000,0.000000,0.000000,0.069744,-0.091744,-0.318927,-0.126736,-0.094216,-0.321586,-0.028496,-0.092980,-0.320257,0.013707,-0.102963,-0.297349,-0.032781,-0.113561,-0.250834,-0.070094,-0.085672,-0.295815
2026-05-26 18:22:43.913,19.499981,0.000000,0.000000,0.000000,0.069533,-0.092744,-0.318839,-0.126736,-0.094216,-0.321586,-0.028602,-0.093480,-0.320213,0.013828,-0.101876,-0.298134,-0.032719,-0.112566,-0.250823,-0.070094,-0.085672,-0.295815
2026-05-26 18:22:44.013,19.599981,0.000000,0.000000,0.000000,0.069955,-0.090744,-0.319016,-0.126736,-0.094216,-0.321586,-0.028390,-0.092480,-0.320301,0.013828,-0.101876,-0.298134,-0.032781,-0.113561,-0.250834,-0.070094,-0.085672,-0.295815
2026-05-26 18:22:44.113,19.699981,0.000000,0.000000,0.000000,0.069744,-0.091744,-0.318927,-0.126725,-0.094303,-0.320860,-0.028491,-0.093023,-0.319894,0.013697,-0.102876,-0.298075,-0.032781,-0.113561,-0.250834,-0.069639,-0.009312,-0.299941
2026-05-26 18:22:44.213,19.799981,0.000000,0.000000,0.000000,0.069533,-0.092744,-0.318839,-0.126736,-0.094216,-0.321586,-0.028602,-0.093480,-0.320213,0.013697,-0.102876,-0.298075,-0.032781,-0.113561,-0.250834,-0.070094,-0.085672,-0.295815
2026-05-26 18:22:44.313,19.899981,0.000000,0.000000,0.000000,0.069744,-0.091744,-0.318927,-0.126814,-0.093203,-0.321680,-0.028535,-0.092473,-0.320304,0.013697,-0.102876,-0.298075,-0.032844,-0.114555,-0.250846,-0.070094,-0.085672,-0.295815
2026-05-26 18:22:44.413,19.999981,0.000000,0.000000,0.000000,0.069744,-0.091744,-0.318927,-0.126736,-0.094216,-0.321586,-0.028496,-0.092980,-0.320257,0.013828,-0.101876,-0.298134,-0.032813,-0.114058,-0.250840,-0.070094,-0.085672,-0.295815
2026-05-26 18:22:44.513,20.099981,0.000000,0.000000,0.000000,0.069955,-0.090744,-0.319016,-0.126725,-0.094303,-0.320860,-0.028385,-0.092523,-0.319938,0.013697,-0.102876,-0.298075,-0.032781,-0.113561,-0.250834,-0.070100,-0.086677,-0.295761
2026-05-26 18:22:44.613,20.199981,0.000000,0.000000,0.000000,0.069744,-0.091744,-0.318927,-0.126736,-0.094216,-0.321586,-0.028496,-0.092980,-0.320257,0.013697,-0.102876,-0.298075,-0.032656,-0.111571,-0.250811,-0.070094,-0.085672,-0.295815
2026-05-26 18:22:44.713,20.299981,0.000000,0.000000,0.000000,0.069744,-0.091744,-0.318927,-0.126736,-0.094216,-0.321586,-0.028496,-0.092980,-0.320257,0.013697,-0.102876,-0.298075,-0.032719,-0.112566,-0.250823,-0.070094,-0.085672,-0.295815
2026-05-26 18:22:44.813,20.399981,0.000000,0.000000,0.000000,0.069744,-0.091744,-0.318927,-0.126804,-0.093290,-0.320953,-0.028530,-0.092517,-0.319940,0.013828,-0.101876,-0.298134,-0.032781,-0.113561,-0.250834,-0.070094,-0.085672,-0.295815
2026-05-26 18:22:44.913,20.499980,0.000000,0.000000,0.000000,0.069744,-0.091744,-0.318927,-0.126657,-0.095229,-0.321492,-0.028457,-0.093486,-0.320210,0.013828,-0.101876,-0.298134,-0.032781,-0.113561,-0.250834,-0.070094,-0.085672,-0.295815
2026-05-26 18:22:45.013,20.599980,0.000000,0.000000,0.000000,0.069744,-0.091744,-0.318927,-0.126736,-0.094216,-0.321586,-0.028496,-0.092980,-0.320257,0.013697,-0.102876,-0.298075,-0.032844,-0.114555,-0.250846,-0.070094,-0.085672,-0.295815
2026-05-26 18:22:45.113,20.699980,0.000000,0.000000,0.000000,0.069744,-0.091744,-0.318927,-0.126736,-0.094216,-0.321586,-0.028496,-0.092980,-0.320257,0.013828,-0.101876,-0.298134,-0.032781,-0.113561,-0.250834,-0.070094,-0.085672,-0.295815
2026-05-26 18:22:45.213,20.799980,0.000000,0.000000,0.000000,0.069744,-0.091744,-0.318927,-0.126814,-0.093203,-0.321680,-0.028535,-0.092473,-0.320304,0.013959,-0.100876,-0.298192,-0.033370,-0.111629,-0.250077,-0.069633,-0.008308,-0.299995
2026-05-26 18:22:45.313,20.899980,0.000000,0.000000,0.000000,0.069744,-0.091744,-0.318927,-0.126736,-0.094216,-0.321586,-0.028496,-0.092980,-0.320257,0.013959,-0.100876,-0.298192,-0.033309,-0.110635,-0.250064,-0.069627,-0.007303,-0.300049
2026-05-26 18:22:45.413,20.999980,0.000000,0.000000,0.000000,0.069533,-0.092744,-0.318839,-0.126647,-0.095316,-0.320768,-0.028557,-0.094030,-0.319803,0.013959,-0.100876,-0.298192,-0.033309,-0.110635,-0.250064,-0.069349,-0.085701,-0.295829
2026-05-26 18:22:45.513,21.099980,0.000000,0.000000,0.000000,0.069744,-0.091744,-0.318927,-0.126725,-0.094303,-0.320860,-0.028491,-0.093023,-0.319894,0.013959,-0.100876,-0.298192,-0.033974,-0.109612,-0.250037,-0.068797,-0.007336,-0.300065
2026-05-26 18:22:45.613,21.199980,0.000000,0.000000,0.000000,0.069744,-0.091744,-0.318927,-0.126736,-0.094216,-0.321586,-0.028496,-0.092980,-0.320257,0.013970,-0.100963,-0.297464,-0.033662,-0.104727,-0.249244,-0.069349,-0.085701,-0.295829
2026-05-26 18:22:45.713,21.299980,0.000000,0.000000,0.000000,0.069744,-0.091744,-0.318927,-0.126814,-0.093203,-0.321680,-0.028535,-0.092473,-0.320304,0.013959,-0.100876,-0.298192,-0.034394,-0.104698,-0.249231,-0.069356,-0.086706,-0.295775
2026-05-26 18:22:45.813,21.399980,0.000000,0.000000,0.000000,0.069955,-0.090744,-0.319016,-0.126725,-0.094303,-0.320860,-0.028385,-0.092523,-0.319938,0.014101,-0.099964,-0.297522,-0.035067,-0.103675,-0.249203,-0.068793,-0.008439,-0.299186
2026-05-26 18:22:45.913,21.499979,0.000000,0.000000,0.000000,0.069744,-0.091744,-0.318927,-0.127386,-0.095200,-0.321479,-0.028821,-0.093472,-0.320203,0.013959,-0.100876,-0.298192,-0.035115,-0.104756,-0.248489,-0.069356,-0.086706,-0.295775
2026-05-26 18:22:46.013,21.599979,0.000000,0.000000,0.000000,0.069955,-0.090744,-0.319016,-0.126814,-0.093203,-0.321680,-0.028429,-0.091973,-0.320348,0.013970,-0.100963,-0.297464,-0.035790,-0.103733,-0.248460,-0.069339,-0.085790,-0.295088
2026-05-26 18:22:46.113,21.699979,0.000000,0.000000,0.000000,0.069744,-0.091744,-0.318927,-0.126736,-0.094216,-0.321586,-0.028496,-0.092980,-0.320257,0.013970,-0.100963,-0.297464,-0.036625,-0.105780,-0.247750,-0.069353,-0.087799,-0.294982
2026-05-26 18:22:46.213,21.799979,0.000000,0.000000,0.000000,0.069744,-0.091744,-0.318927,-0.126804,-0.093290,-0.320953,-0.028530,-0.092517,-0.319940,0.013970,-0.100963,-0.297464,-0.036905,-0.110751,-0.247832,-0.069339,-0.085790,-0.295088
2026-05-26 18:22:46.313,21.899979,0.000000,0.000000,0.000000,0.069744,-0.091744,-0.318927,-0.126725,-0.094303,-0.320860,-0.028491,-0.093023,-0.319894,0.013970,-0.100963,-0.297464,-0.037575,-0.109728,-0.247802,-0.069346,-0.086795,-0.295035
2026-05-26 18:22:46.413,21.999979,0.000000,0.000000,0.000000,0.069744,-0.091744,-0.318927,-0.126736,-0.094216,-0.321586,-0.028496,-0.092980,-0.320257,0.013970,-0.100963,-0.297464,-0.038291,-0.109786,-0.247066,-0.069346,-0.086795,-0.295035
2026-05-26 18:22:46.513,22.099979,0.000000,0.000000,0.000000,0.069744,-0.091744,-0.318927,-0.126814,-0.093203,-0.321680,-0.028535,-0.092473,-0.320304,0.012978,-0.102935,-0.297335,-0.038965,-0.108763,-0.247035,-0.069346,-0.086795,-0.295035
2026-05-26 18:22:46.613,22.199979,0.000000,0.000000,0.000000,0.069522,-0.092656,-0.319576,-0.126814,-0.093203,-0.321680,-0.028646,-0.092929,-0.320628,0.014101,-0.099964,-0.297522,-0.039449,-0.104348,-0.246214,-0.069321,-0.084875,-0.294400
2026-05-26 18:22:46.713,22.299979,0.000000,0.000000,0.000000,0.069955,-0.090744,-0.319016,-0.126736,-0.094216,-0.321586,-0.028390,-0.092480,-0.320301,0.014101,-0.099964,-0.297522,-0.040131,-0.103324,-0.246182,-0.069328,-0.085879,-0.294347
2026-05-26 18:22:46.813,22.399979,0.000000,0.000000,0.000000,0.069744,-0.091744,-0.318927,-0.126736,-0.094216,-0.321586,-0.028496,-0.092980,-0.320257,0.013970,-0.100963,-0.297464,-0.040928,-0.104874,-0.245468,-0.069321,-0.084875,-0.294400
2026-05-26 18:22:46.913,22.499979,0.000000,0.000000,0.000000,0.069744,-0.091744,-0.318927,-0.126814,-0.093203,-0.321680,-0.028535,-0.092473,-0.320304,0.013970,-0.100963,-0.297464,-0.041698,-0.105926,-0.244747,-0.069321,-0.084875,-0.294400
2026-05-26 18:22:47.013,22.599978,0.000000,0.000000,0.000000,0.069734,-0.091655,-0.319665,-0.126736,-0.094216,-0.321586,-0.028501,-0.092936,-0.320626,0.013970,-0.100963,-0.297464,-0.042713,-0.111862,-0.244858,-0.069321,-0.084875,-0.294400
2026-05-26 18:22:47.113,22.699978,0.000000,0.000000,0.000000,0.069744,-0.091744,-0.318927,-0.126736,-0.094216,-0.321586,-0.028496,-0.092980,-0.320257,0.013970,-0.100963,-0.297464,-0.043242,-0.107944,-0.244037,-0.068784,-0.010645,-0.297435
2026-05-26 18:22:47.213,22.799978,0.000000,0.000000,0.000000,0.069533,-0.092744,-0.318839,-0.126814,-0.093203,-0.321680,-0.028641,-0.092974,-0.320260,0.013838,-0.101963,-0.297407,-0.043371,-0.111012,-0.243381,-0.069040,-0.046800,-0.295597
2026-05-26 18:22:47.313,22.899978,0.000000,0.000000,0.000000,0.069744,-0.091744,-0.318927,-0.127465,-0.094187,-0.321573,-0.028861,-0.092965,-0.320250,0.013838,-0.101963,-0.297407,-0.044096,-0.110983,-0.243367,-0.069304,-0.083959,-0.293709
2026-05-26 18:22:47.413,22.999978,0.000000,0.000000,0.000000,0.069734,-0.091655,-0.319665,-0.126736,-0.094216,-0.321586,-0.028501,-0.092936,-0.320626,0.013849,-0.102051,-0.296680,-0.045579,-0.112006,-0.242643,-0.069311,-0.084964,-0.293658
2026-05-26 18:22:47.513,23.099978,0.000000,0.000000,0.000000,0.069744,-0.091744,-0.318927,-0.126814,-0.093203,-0.321680,-0.028535,-0.092473,-0.320304,0.013838,-0.101963,-0.297407,-0.045493,-0.110019,-0.242595,-0.069304,-0.083959,-0.293709
2026-05-26 18:22:47.613,23.199978,0.000000,0.000000,0.000000,0.069744,-0.091744,-0.318927,-0.126657,-0.095229,-0.321492,-0.028457,-0.093486,-0.320210,0.013707,-0.102963,-0.297349,-0.046209,-0.110077,-0.241859,-0.068798,-0.012654,-0.297333
2026-05-26 18:22:47.713,23.299978,0.000000,0.000000,0.000000,0.069744,-0.091744,-0.318927,-0.126736,-0.094216,-0.321586,-0.028496,-0.092980,-0.320257,0.013717,-0.103050,-0.296623,-0.046936,-0.110048,-0.241845,-0.068780,-0.011748,-0.296563
2026-05-26 18:22:47.813,23.399978,0.000000,0.000000,0.000000,0.069744,-0.091744,-0.318927,-0.126736,-0.094216,-0.321586,-0.028496,-0.092980,-0.320257,0.013717,-0.103050,-0.296623,-0.047652,-0.110106,-0.241109,-0.068555,-0.085082,-0.292929
2026-05-26 18:22:47.913,23.499978,0.000000,0.000000,0.000000,0.069533,-0.092744,-0.318839,-0.126736,-0.094216,-0.321586,-0.028602,-0.093480,-0.320213,0.013707,-0.102963,-0.297349,-0.048378,-0.110077,-0.241095,-0.069293,-0.084048,-0.292965
2026-05-26 18:22:48.013,23.599977,0.000000,0.000000,0.000000,0.069744,-0.091744,-0.318927,-0.126736,-0.094216,-0.321586,-0.028496,-0.092980,-0.320257,0.012988,-0.103022,-0.296610,-0.049094,-0.110135,-0.240359,-0.068546,-0.084078,-0.292979
2026-05-26 18:22:48.113,23.699977,0.000000,0.000000,0.000000,0.069744,-0.091744,-0.318927,-0.126736,-0.094216,-0.321586,-0.028496,-0.092980,-0.320257,0.013707,-0.102963,-0.297349,-0.049820,-0.110107,-0.240346,-0.067930,-0.008768,-0.296728
2026-05-26 18:22:48.213,23.799977,0.000000,0.000000,0.000000,0.069744,-0.091744,-0.318927,-0.126657,-0.095229,-0.321492,-0.028457,-0.093486,-0.320210,0.013717,-0.103050,-0.296623,-0.050501,-0.109171,-0.239581,-0.068551,-0.084580,-0.292954
2026-05-26 18:22:48.313,23.899977,0.000000,0.000000,0.000000,0.069533,-0.092744,-0.318839,-0.126814,-0.093203,-0.321680,-0.028641,-0.092974,-0.320260,0.013586,-0.104050,-0.296567,-0.050466,-0.108177,-0.239552,-0.067946,-0.010776,-0.296628
2026-05-26 18:22:48.413,23.999977,0.000000,0.000000,0.000000,0.069744,-0.091744,-0.318927,-0.126657,-0.095229,-0.321492,-0.028457,-0.093486,-0.320210,0.013576,-0.103963,-0.297291,-0.051150,-0.107242,-0.238784,-0.067946,-0.010776,-0.296628
2026-05-26 18:22:48.513,24.099977,0.000000,0.000000,0.000000,0.069744,-0.091744,-0.318927,-0.126657,-0.095229,-0.321492,-0.028457,-0.093486,-0.320210,0.013455,-0.105050,-0.296510,-0.051836,-0.106306,-0.238014,-0.067930,-0.008768,-0.296728
2026-05-26 18:22:48.613,24.199977,0.000000,0.000000,0.000000,0.069744,-0.091744,-0.318927,-0.126736,-0.094216,-0.321586,-0.028496,-0.092980,-0.320257,0.013445,-0.104963,-0.297234,-0.052534,-0.105284,-0.237969,-0.067938,-0.009772,-0.296678
2026-05-26 18:22:48.713,24.299977,0.000000,0.000000,0.000000,0.069744,-0.091744,-0.318927,-0.126657,-0.095229,-0.321492,-0.028457,-0.093486,-0.320210,0.013455,-0.105050,-0.296510,-0.053266,-0.105255,-0.237956,-0.067938,-0.009772,-0.296678
2026-05-26 18:22:48.813,24.399977,0.000000,0.000000,0.000000,0.069744,-0.091744,-0.318927,-0.126814,-0.093203,-0.321680,-0.028535,-0.092473,-0.320304,0.013455,-0.105050,-0.296510,-0.053256,-0.105342,-0.237228,-0.067922,-0.007764,-0.296778
2026-05-26 18:22:48.913,24.499977,0.000000,0.000000,0.000000,0.069744,-0.091744,-0.318927,-0.126736,-0.094216,-0.321586,-0.028496,-0.092980,-0.320257,0.013445,-0.104963,-0.297234,-0.053957,-0.104320,-0.237182,-0.067922,-0.007764,-0.296778
2026-05-26 18:22:49.013,24.599977,0.000000,0.000000,0.000000,0.069744,-0.091744,-0.318927,-0.126657,-0.095229,-0.321492,-0.028457,-0.093486,-0.320210,0.013313,-0.105963,-0.297176,-0.053917,-0.103414,-0.236420,-0.067930,-0.008768,-0.296728
2026-05-26 18:22:49.113,24.699976,0.000000,0.000000,0.000000,0.069734,-0.091655,-0.319665,-0.127545,-0.093174,-0.321666,-0.028905,-0.092415,-0.320666,0.013313,-0.105963,-0.297176,-0.053887,-0.102421,-0.236387,-0.067922,-0.007764,-0.296778
2026-05-26 18:22:49.213,24.799976,0.000000,0.000000,0.000000,0.069533,-0.092744,-0.318839,-0.126736,-0.094216,-0.321586,-0.028602,-0.093480,-0.320213,0.013324,-0.106050,-0.296453,-0.054612,-0.102479,-0.235642,-0.067922,-0.007764,-0.296778
2026-05-26 18:22:49.313,24.899976,0.000000,0.000000,0.000000,0.069533,-0.092744,-0.318839,-0.126736,-0.094216,-0.321586,-0.028602,-0.093480,-0.320213,0.013313,-0.105963,-0.297176,-0.054583,-0.101486,-0.235608,-0.067922,-0.007764,-0.296778
2026-05-26 18:22:49.413,24.999976,0.000000,0.000000,0.000000,0.069744,-0.091744,-0.318927,-0.126736,-0.094216,-0.321586,-0.028496,-0.092980,-0.320257,0.013313,-0.105963,-0.297176,-0.055291,-0.100464,-0.235560,-0.067930,-0.008768,-0.296728
2026-05-26 18:22:49.513,25.099976,0.000000,0.000000,0.000000,0.069955,-0.090744,-0.319016,-0.126736,-0.094216,-0.321586,-0.028390,-0.092480,-0.320301,0.013455,-0.105050,-0.296510,-0.055263,-0.099471,-0.235526,-0.067922,-0.007764,-0.296778
2026-05-26 18:22:49.613,25.199976,0.000000,0.000000,0.000000,0.069744,-0.091744,-0.318927,-0.126736,-0.094216,-0.321586,-0.028496,-0.092980,-0.320257,0.013324,-0.106050,-0.296453,-0.055225,-0.098566,-0.234756,-0.067913,-0.006760,-0.296828
2026-05-26 18:22:49.713,25.299976,0.000000,0.000000,0.000000,0.069734,-0.091655,-0.319665,-0.126657,-0.095229,-0.321492,-0.028462,-0.093442,-0.320579,0.013445,-0.104963,-0.297234,-0.055964,-0.098536,-0.234742,-0.067929,-0.007163,-0.297629
2026-05-26 18:22:49.813,25.399976,0.000000,0.000000,0.000000,0.069744,-0.091744,-0.318927,-0.126657,-0.095229,-0.321492,-0.028457,-0.093486,-0.320210,0.013445,-0.104963,-0.297234,-0.055937,-0.097543,-0.234707,-0.067913,-0.006760,-0.296828
2026-05-26 18:22:49.913,25.499976,0.000000,0.000000,0.000000,0.069955,-0.090744,-0.319016,-0.126725,-0.094303,-0.320860,-0.028385,-0.092523,-0.319938,0.013258,-0.106550,-0.296425,-0.055937,-0.097543,-0.234707,-0.067922,-0.007764,-0.296778
2026-05-26 18:22:50.013,25.599976,0.000000,0.000000,0.000000,0.069744,-0.091744,-0.318927,-0.126736,-0.094216,-0.321586,-0.028496,-0.092980,-0.320257,0.013445,-0.104963,-0.297234,-0.055954,-0.098625,-0.234006,-0.067930,-0.008768,-0.296728
2026-05-26 18:22:50.113,25.699975,0.000000,0.000000,0.000000,0.069744,-0.091744,-0.318927,-0.126736,-0.094216,-0.321586,-0.028496,-0.092980,-0.320257,0.013455,-0.105050,-0.296510,-0.055964,-0.098536,-0.234742,-0.067913,-0.006760,-0.296828
2026-05-26 18:22:50.213,25.799975,0.000000,0.000000,0.000000,0.069744,-0.091744,-0.318927,-0.126736,-0.094216,-0.321586,-0.028496,-0.092980,-0.320257,0.013324,-0.106050,-0.296453,-0.055964,-0.098536,-0.234742,-0.067941,-0.008669,-0.297553
2026-05-26 18:22:50.313,25.899975,0.000000,0.000000,0.000000,0.069744,-0.091744,-0.318927,-0.126736,-0.094216,-0.321586,-0.028496,-0.092980,-0.320257,0.013313,-0.105963,-0.297176,-0.055937,-0.097543,-0.234707,-0.067922,-0.007764,-0.296778
2026-05-26 18:22:50.413,25.999975,0.000000,0.000000,0.000000,0.069955,-0.090744,-0.319016,-0.126657,-0.095229,-0.321492,-0.028351,-0.092986,-0.320254,0.013324,-0.106050,-0.296453,-0.055964,-0.098536,-0.234742,-0.067913,-0.006760,-0.296828
2026-05-26 18:22:50.513,26.099975,0.000000,0.000000,0.000000,0.069744,-0.091744,-0.318927,-0.126657,-0.095229,-0.321492,-0.028457,-0.093486,-0.320210,0.013324,-0.106050,-0.296453,-0.055964,-0.098536,-0.234742,-0.067922,-0.007764,-0.296778
2026-05-26 18:22:50.613,26.199975,0.000000,0.000000,0.000000,0.069744,-0.091744,-0.318927,-0.126736,-0.094216,-0.321586,-0.028496,-0.092980,-0.320257,0.013313,-0.105963,-0.297176,-0.055991,-0.099530,-0.234777,-0.067925,-0.006661,-0.297655
2026-05-26 18:22:50.713,26.299975,0.000000,0.000000,0.000000,0.069744,-0.091744,-0.318927,-0.126736,-0.094216,-0.321586,-0.028496,-0.092980,-0.320257,0.013324,-0.106050,-0.296453,-0.055225,-0.098566,-0.234756,-0.067922,-0.007764,-0.296778
2026-05-26 18:22:50.813,26.399975,0.000000,0.000000,0.000000,0.069744,-0.091744,-0.318927,-0.126657,-0.095229,-0.321492,-0.028457,-0.093486,-0.320210,0.013324,-0.106050,-0.296453,-0.055225,-0.098566,-0.234756,-0.067922,-0.007764,-0.296778
2026-05-26 18:22:50.913,26.499975,0.000000,0.000000,0.000000,0.069533,-0.092744,-0.318839,-0.126736,-0.094216,-0.321586,-0.028602,-0.093480,-0.320213,0.013313,-0.105963,-0.297176,-0.055964,-0.098536,-0.234742,-0.067941,-0.008669,-0.297553
2026-05-26 18:22:51.013,26.599975,0.000000,0.000000,0.000000,0.069744,-0.091744,-0.318927,-0.126657,-0.095229,-0.321492,-0.028457,-0.093486,-0.320210,0.013455,-0.105050,-0.296510,-0.055991,-0.099530,-0.234777,-0.067922,-0.007764,-0.296778
2026-05-26 18:22:51.113,26.699975,0.000000,0.000000,0.000000,0.069955,-0.090744,-0.319016,-0.126736,-0.094216,-0.321586,-0.028390,-0.092480,-0.320301,0.013455,-0.105050,-0.296510,-0.055964,-0.098536,-0.234742,-0.067922,-0.007764,-0.296778
2026-05-26 18:22:51.213,26.799974,0.000000,0.000000,0.000000,0.069744,-0.091744,-0.318927,-0.126736,-0.094216,-0.321586,-0.028496,-0.092980,-0.320257,0.013313,-0.105963,-0.297176,-0.055964,-0.098536,-0.234742,-0.067922,-0.007764,-0.296778
2026-05-26 18:22:51.313,26.899974,0.000000,0.000000,0.000000,0.069522,-0.092656,-0.319576,-0.126736,-0.094216,-0.321586,-0.028607,-0.093436,-0.320581,0.013313,-0.105963,-0.297176,-0.055964,-0.098536,-0.234742,-0.067922,-0.007764,-0.296778
2026-05-26 18:22:51.413,26.999974,0.000000,0.000000,0.000000,0.069744,-0.091744,-0.318927,-0.126814,-0.093203,-0.321680,-0.028535,-0.092473,-0.320304,0.013445,-0.104963,-0.297234,-0.055186,-0.097661,-0.233984,-0.067913,-0.006760,-0.296828
2026-05-26 18:22:51.513,27.099974,0.000000,0.000000,0.000000,0.069744,-0.091744,-0.318927,-0.126736,-0.094216,-0.321586,-0.028496,-0.092980,-0.320257,0.013445,-0.104963,-0.297234,-0.055242,-0.099647,-0.234057,-0.067922,-0.007764,-0.296778
2026-05-26 18:22:51.613,27.199974,0.000000,0.000000,0.000000,0.069744,-0.091744,-0.318927,-0.126736,-0.094216,-0.321586,-0.028496,-0.092980,-0.320257,0.013182,-0.106963,-0.297118,-0.055214,-0.098654,-0.234020,-0.067922,-0.007764,-0.296778
2026-05-26 18:22:51.713,27.299974,0.000000,0.000000,0.000000,0.069744,-0.091744,-0.318927,-0.126736,-0.094216,-0.321586,-0.028496,-0.092980,-0.320257,0.013445,-0.104963,-0.297234,-0.055204,-0.098742,-0.233285,-0.067922,-0.007764,-0.296778
2026-05-26 18:22:51.813,27.399974,0.000000,0.000000,0.000000,0.069744,-0.091744,-0.318927,-0.126736,-0.094216,-0.321586,-0.028496,-0.092980,-0.320257,0.013313,-0.105963,-0.297176,-0.055232,-0.099735,-0.233322,-0.067913,-0.006760,-0.296828
2026-05-26 18:22:51.913,27.499974,0.000000,0.000000,0.000000,0.069955,-0.090744,-0.319016,-0.126736,-0.094216,-0.321586,-0.028390,-0.092480,-0.320301,0.013313,-0.105963,-0.297176,-0.054484,-0.099852,-0.232602,-0.067922,-0.007764,-0.296778
2026-05-26 18:22:52.013,27.599974,0.000000,0.000000,0.000000,0.069744,-0.091744,-0.318927,-0.126657,-0.095229,-0.321492,-0.028457,-0.093486,-0.320210,0.013182,-0.106963,-0.297118,-0.054484,-0.099852,-0.232602,-0.067913,-0.006760,-0.296828
2026-05-26 18:22:52.113,27.699974,0.000000,0.000000,0.000000,0.069744,-0.091744,-0.318927,-0.126657,-0.095229,-0.321492,-0.028457,-0.093486,-0.320210,0.013313,-0.105963,-0.297176,-0.054473,-0.099940,-0.231867,-0.067902,-0.006859,-0.296002
2026-05-26 18:22:52.213,27.799973,0.000000,0.000000,0.000000,0.069744,-0.091744,-0.318927,-0.126736,-0.094216,-0.321586,-0.028496,-0.092980,-0.320257,0.013324,-0.106050,-0.296453,-0.054463,-0.100028,-0.231133,-0.067894,-0.005855,-0.296051
2026-05-26 18:22:52.313,27.899973,0.000000,0.000000,0.000000,0.069744,-0.091744,-0.318927,-0.126736,-0.094216,-0.321586,-0.028496,-0.092980,-0.320257,0.013324,-0.106050,-0.296453,-0.053715,-0.100145,-0.230412,-0.067910,-0.007863,-0.295953
2026-05-26 18:22:52.413,27.999973,0.000000,0.000000,0.000000,0.069522,-0.092656,-0.319576,-0.126657,-0.095229,-0.321492,-0.028567,-0.093942,-0.320534,0.013313,-0.105963,-0.297176,-0.053715,-0.100145,-0.230412,-0.067894,-0.005855,-0.296051
2026-05-26 18:22:52.513,28.099973,0.000000,0.000000,0.000000,0.069533,-0.092744,-0.318839,-0.126579,-0.096242,-0.321398,-0.028523,-0.094493,-0.320119,0.013313,-0.105963,-0.297176,-0.053704,-0.100233,-0.229677,-0.067910,-0.007863,-0.295953
2026-05-26 18:22:52.613,28.199973,0.000000,0.000000,0.000000,0.069955,-0.090744,-0.319016,-0.126736,-0.094216,-0.321586,-0.028390,-0.092480,-0.320301,0.013324,-0.106050,-0.296453,-0.053724,-0.101313,-0.228987,-0.067910,-0.007863,-0.295953
2026-05-26 18:22:52.713,28.299973,0.000000,0.000000,0.000000,0.069734,-0.091655,-0.319665,-0.126736,-0.094216,-0.321586,-0.028501,-0.092936,-0.320626,0.013324,-0.106050,-0.296453,-0.052977,-0.101430,-0.228267,-0.067902,-0.006859,-0.296002
2026-05-26 18:22:52.813,28.399973,0.000000,0.000000,0.000000,0.069744,-0.091744,-0.318927,-0.126657,-0.095229,-0.321492,-0.028457,-0.093486,-0.320210,0.013324,-0.106050,-0.296453,-0.052977,-0.101430,-0.228267,-0.067894,-0.005855,-0.296051
2026-05-26 18:22:52.913,28.499973,0.000000,0.000000,0.000000,0.069744,-0.091744,-0.318927,-0.126736,-0.094216,-0.321586,-0.028496,-0.092980,-0.320257,0.013455,-0.105050,-0.296510,-0.052998,-0.102510,-0.227580,-0.067894,-0.005855,-0.296051
2026-05-26 18:22:53.013,28.599973,0.000000,0.000000,0.000000,0.069955,-0.090744,-0.319016,-0.126736,-0.094216,-0.321586,-0.028390,-0.092480,-0.320301,0.013586,-0.104050,-0.296567,-0.052252,-0.102626,-0.226861,-0.067910,-0.007863,-0.295953
2026-05-26 18:22:53.113,28.699973,0.000000,0.000000,0.000000,0.069744,-0.091744,-0.318927,-0.126736,-0.094216,-0.321586,-0.028496,-0.092980,-0.320257,0.013455,-0.105050,-0.296510,-0.052274,-0.103706,-0.226177,-0.067882,-0.005954,-0.295223
2026-05-26 18:22:53.213,28.799973,0.000000,0.000000,0.000000,0.069744,-0.091744,-0.318927,-0.126657,-0.095229,-0.321492,-0.028457,-0.093486,-0.320210,0.013455,-0.105050,-0.296510,-0.051529,-0.103822,-0.225460,-0.067890,-0.006958,-0.295175
2026-05-26 18:22:53.313,28.899972,0.000000,0.000000,0.000000,0.069744,-0.091744,-0.318927,-0.126657,-0.095229,-0.321492,-0.028457,-0.093486,-0.320210,0.013455,-0.105050,-0.296510,-0.051586,-0.105892,-0.224829,-0.067907,-0.008966,-0.295080
2026-05-26 18:22:53.413,28.999972,0.000000,0.000000,0.000000,0.069734,-0.091655,-0.319665,-0.126657,-0.095229,-0.321492,-0.028462,-0.093442,-0.320579,0.013586,-0.104050,-0.296567,-0.050808,-0.105017,-0.224063,-0.067882,-0.005954,-0.295223
2026-05-26 18:22:53.513,29.099972,0.000000,0.000000,0.000000,0.069955,-0.090744,-0.319016,-0.126736,-0.094216,-0.321586,-0.028390,-0.092480,-0.320301,0.013586,-0.104050,-0.296567,-0.050763,-0.104114,-0.223280,-0.068220,-0.047113,-0.293262
2026-05-26 18:22:53.613,29.199972,0.000000,0.000000,0.000000,0.069955,-0.090744,-0.319016,-0.126657,-0.095229,-0.321492,-0.028351,-0.092986,-0.320254,0.013586,-0.104050,-0.296567,-0.050090,-0.106212,-0.222670,-0.067890,-0.006958,-0.295175
2026-05-26 18:22:53.713,29.299972,0.000000,0.000000,0.000000,0.069744,-0.091744,-0.318927,-0.126657,-0.095229,-0.321492,-0.028457,-0.093486,-0.320210,0.013717,-0.103050,-0.296623,-0.049310,-0.105338,-0.221900,-0.068542,-0.086264,-0.291398
2026-05-26 18:22:53.813,29.399972,0.000000,0.000000,0.000000,0.069955,-0.090744,-0.319016,-0.126657,-0.095229,-0.321492,-0.028351,-0.092986,-0.320254,0.013717,-0.103050,-0.296623,-0.049300,-0.105425,-0.221169,-0.067874,-0.004950,-0.295271
2026-05-26 18:22:53.913,29.499972,0.000000,0.000000,0.000000,0.069955,-0.090744,-0.319016,-0.126814,-0.093203,-0.321680,-0.028429,-0.091973,-0.320348,0.013717,-0.103050,-0.296623,-0.048556,-0.105542,-0.220453,-0.068559,-0.088271,-0.291302
2026-05-26 18:22:54.013,29.599972,0.000000,0.000000,0.000000,0.069744,-0.091744,-0.318927,-0.126814,-0.093203,-0.321680,-0.028535,-0.092473,-0.320304,0.013717,-0.103050,-0.296623,-0.047890,-0.107638,-0.219852,-0.068551,-0.087267,-0.291350
2026-05-26 18:22:54.113,29.699972,0.000000,0.000000,0.000000,0.069744,-0.091744,-0.318927,-0.126736,-0.094216,-0.321586,-0.028496,-0.092980,-0.320257,0.013849,-0.102051,-0.296680,-0.047188,-0.108744,-0.219197,-0.068551,-0.087267,-0.291350
2026-05-26 18:22:54.213,29.799972,0.000000,0.000000,0.000000,0.069955,-0.090744,-0.319016,-0.126736,-0.094216,-0.321586,-0.028390,-0.092480,-0.320301,0.024217,-0.023067,-0.301153,-0.046406,-0.107870,-0.218424,-0.068540,-0.087356,-0.290610
2026-05-26 18:22:54.313,29.899971,0.000000,0.000000,0.000000,0.069744,-0.091744,-0.318927,-0.126736,-0.094216,-0.321586,-0.028496,-0.092980,-0.320257,0.024217,-0.023067,-0.301153,-0.045664,-0.107986,-0.217709,-0.068548,-0.088360,-0.290563
2026-05-26 18:22:54.413,29.999971,0.000000,0.000000,0.000000,0.069744,-0.091744,-0.318927,-0.126736,-0.094216,-0.321586,-0.028496,-0.092980,-0.320257,0.024611,-0.020068,-0.301323,-0.044922,-0.108103,-0.216995,-0.068524,-0.085349,-0.290703
2026-05-26 18:22:54.513,30.099971,0.000000,0.000000,0.000000,0.069734,-0.091655,-0.319665,-0.126657,-0.095229,-0.321492,-0.028462,-0.093442,-0.320579,0.013838,-0.101963,-0.297407,-0.044181,-0.108219,-0.216281,-0.068557,-0.089364,-0.290516
2026-05-26 18:22:54.613,30.199971,0.000000,0.000000,0.000000,0.069744,-0.091744,-0.318927,-0.126657,-0.095229,-0.321492,-0.028457,-0.093486,-0.320210,0.024480,-0.021068,-0.301266,-0.043429,-0.108422,-0.214839,-0.068548,-0.088360,-0.290563
2026-05-26 18:22:54.713,30.299971,0.000000,0.000000,0.000000,0.069744,-0.091744,-0.318927,-0.126736,-0.094216,-0.321586,-0.028496,-0.092980,-0.320257,0.024480,-0.021068,-0.301266,-0.043464,-0.109498,-0.214177,-0.068532,-0.086352,-0.290657
2026-05-26 18:22:54.813,30.399971,0.000000,0.000000,0.000000,0.069744,-0.091744,-0.318927,-0.126657,-0.095229,-0.321492,-0.028457,-0.093486,-0.320210,0.024742,-0.019068,-0.301379,-0.042041,-0.110631,-0.213545,-0.068532,-0.086352,-0.290657
2026-05-26 18:22:54.913,30.499971,0.000000,0.000000,0.000000,0.069744,-0.091744,-0.318927,-0.126736,-0.094216,-0.321586,-0.028496,-0.092980,-0.320257,0.014111,-0.100051,-0.296793,-0.041326,-0.111241,-0.212867,-0.067787,-0.086382,-0.290670
2026-05-26 18:22:55.013,30.599971,0.000000,0.000000,0.000000,0.069744,-0.091744,-0.318927,-0.126725,-0.094303,-0.320860,-0.028491,-0.093023,-0.319894,0.024229,-0.023165,-0.300340,-0.040561,-0.110863,-0.212120,-0.068532,-0.086352,-0.290657
2026-05-26 18:22:55.113,30.699971,0.000000,0.000000,0.000000,0.069744,-0.091744,-0.318927,-0.126657,-0.095229,-0.321492,-0.028457,-0.093486,-0.320210,0.013980,-0.101051,-0.296736,-0.039822,-0.110979,-0.211408,-0.068524,-0.085349,-0.290703
2026-05-26 18:22:55.213,30.799971,0.000000,0.000000,0.000000,0.069955,-0.090744,-0.319016,-0.126736,-0.094216,-0.321586,-0.028390,-0.092480,-0.320301,0.013990,-0.101138,-0.296008,-0.038883,-0.107056,-0.211140,-0.068548,-0.088360,-0.290563
2026-05-26 18:22:55.313,30.899971,0.000000,0.000000,0.000000,0.069744,-0.091744,-0.318927,-0.126736,-0.094216,-0.321586,-0.028496,-0.092980,-0.320257,0.014121,-0.100138,-0.296064,-0.038085,-0.106184,-0.210352,-0.067806,-0.088389,-0.290577
2026-05-26 18:22:55.413,30.999970,0.000000,0.000000,0.000000,0.069522,-0.092656,-0.319576,-0.126814,-0.093203,-0.321680,-0.028646,-0.092929,-0.320628,0.014242,-0.099051,-0.296850,-0.036661,-0.107318,-0.209720,-0.067825,-0.090397,-0.290483
2026-05-26 18:22:55.513,31.099970,0.000000,0.000000,0.000000,0.069744,-0.091744,-0.318927,-0.126736,-0.094216,-0.321586,-0.028496,-0.092980,-0.320257,0.014121,-0.100138,-0.296064,-0.036030,-0.109409,-0.209152,-0.067806,-0.088389,-0.290577
2026-05-26 18:22:55.613,31.199970,0.000000,0.000000,0.000000,0.069955,-0.090744,-0.319016,-0.126736,-0.094216,-0.321586,-0.028390,-0.092480,-0.320301,0.014242,-0.099051,-0.296850,-0.035356,-0.110425,-0.209239,-0.068548,-0.088360,-0.290563
2026-05-26 18:22:55.713,31.299970,0.000000,0.000000,0.000000,0.069966,-0.090832,-0.318277,-0.126647,-0.095316,-0.320768,-0.028341,-0.093074,-0.319522,0.014242,-0.099051,-0.296850,-0.033635,-0.106709,-0.207509,-0.067815,-0.089393,-0.290530
2026-05-26 18:22:55.813,31.399970,0.000000,0.000000,0.000000,0.069734,-0.091655,-0.319665,-0.126736,-0.094216,-0.321586,-0.028501,-0.092936,-0.320626,0.014252,-0.099139,-0.296120,-0.032981,-0.108306,-0.206907,-0.067786,-0.087474,-0.289884
2026-05-26 18:22:55.913,31.499970,0.000000,0.000000,0.000000,0.069955,-0.090744,-0.319016,-0.126647,-0.095316,-0.320768,-0.028346,-0.093030,-0.319892,0.014121,-0.100138,-0.296064,-0.032269,-0.108915,-0.206230,-0.067796,-0.088478,-0.289838
2026-05-26 18:22:56.013,31.599970,0.000000,0.000000,0.000000,0.069955,-0.090744,-0.319016,-0.126736,-0.094216,-0.321586,-0.028390,-0.092480,-0.320301,0.014242,-0.099051,-0.296850,-0.032341,-0.109815,-0.207036,-0.067767,-0.085467,-0.289975
2026-05-26 18:22:56.113,31.699970,0.000000,0.000000,0.000000,0.069744,-0.091744,-0.318927,-0.126736,-0.094216,-0.321586,-0.028496,-0.092980,-0.320257,0.014121,-0.100138,-0.296064,-0.032279,-0.108828,-0.206959,-0.067777,-0.086471,-0.289929
2026-05-26 18:22:56.213,31.799970,0.000000,0.000000,0.000000,0.069744,-0.091744,-0.318927,-0.127465,-0.094187,-0.321573,-0.028861,-0.092965,-0.320250,0.014252,-0.099139,-0.296120,-0.032217,-0.107841,-0.206882,-0.067777,-0.086471,-0.289929
2026-05-26 18:22:56.313,31.899970,0.000000,0.000000,0.000000,0.069955,-0.090744,-0.319016,-0.126736,-0.094216,-0.321586,-0.028390,-0.092480,-0.320301,0.014252,-0.099139,-0.296120,-0.032279,-0.108828,-0.206959,-0.067777,-0.086471,-0.289929
2026-05-26 18:22:56.413,31.999969,0.000000,0.000000,0.000000,0.069744,-0.091744,-0.318927,-0.126814,-0.093203,-0.321680,-0.028535,-0.092473,-0.320304,0.014111,-0.100051,-0.296793,-0.032279,-0.108828,-0.206959,-0.067786,-0.087474,-0.289884
2026-05-26 18:22:56.513,32.099969,0.000000,0.000000,0.000000,0.069744,-0.091744,-0.318927,-0.126736,-0.094216,-0.321586,-0.028496,-0.092980,-0.320257,0.014242,-0.099051,-0.296850,-0.032279,-0.108828,-0.206959,-0.067796,-0.088478,-0.289838
2026-05-26 18:22:56.613,32.199969,0.000000,0.000000,0.000000,0.069744,-0.091744,-0.318927,-0.126736,-0.094216,-0.321586,-0.028496,-0.092980,-0.320257,0.014242,-0.099051,-0.296850,-0.033012,-0.108799,-0.206945,-0.068540,-0.087356,-0.290610
2026-05-26 18:22:56.713,32.299969,0.000000,0.000000,0.000000,0.069955,-0.090744,-0.319016,-0.126814,-0.093203,-0.321680,-0.028429,-0.091973,-0.320348,0.014252,-0.099139,-0.296120,-0.033012,-0.108799,-0.206945,-0.067781,-0.086972,-0.289907
2026-05-26 18:22:56.813,32.399969,0.000000,0.000000,0.000000,0.069955,-0.090744,-0.319016,-0.126804,-0.093290,-0.320953,-0.028424,-0.092017,-0.319985,0.014252,-0.099139,-0.296120,-0.032961,-0.107725,-0.207599,-0.067796,-0.088478,-0.289838
2026-05-26 18:22:56.913,32.499969,0.000000,0.000000,0.000000,0.069955,-0.090744,-0.319016,-0.126736,-0.094216,-0.321586,-0.028390,-0.092480,-0.320301,0.014252,-0.099139,-0.296120,-0.032961,-0.107725,-0.207599,-0.067777,-0.086471,-0.289929
2026-05-26 18:22:57.013,32.599969,0.000000,0.000000,0.000000,0.069955,-0.090744,-0.319016,-0.126657,-0.095229,-0.321492,-0.028351,-0.092986,-0.320254,0.014242,-0.099051,-0.296850,-0.032961,-0.107725,-0.207599,-0.067777,-0.086471,-0.289929
2026-05-26 18:22:57.113,32.699969,0.000000,0.000000,0.000000,0.069744,-0.091744,-0.318927,-0.126657,-0.095229,-0.321492,-0.028457,-0.093486,-0.320210,0.014252,-0.099139,-0.296120,-0.032961,-0.107725,-0.207599,-0.068540,-0.087356,-0.290610
2026-05-26 18:22:57.213,32.799969,0.000000,0.000000,0.000000,0.069955,-0.090744,-0.319016,-0.127455,-0.094274,-0.320847,-0.028750,-0.092509,-0.319931,0.014252,-0.099139,-0.296120,-0.033022,-0.108712,-0.207674,-0.067778,-0.085378,-0.290717
2026-05-26 18:22:57.313,32.899969,0.000000,0.000000,0.000000,0.069955,-0.090744,-0.319016,-0.126725,-0.094303,-0.320860,-0.028385,-0.092523,-0.319938,0.014242,-0.099051,-0.296850,-0.033022,-0.108712,-0.207674,-0.067786,-0.087474,-0.289884
2026-05-26 18:22:57.413,32.999969,0.000000,0.000000,0.000000,0.069744,-0.091744,-0.318927,-0.127535,-0.093261,-0.320940,-0.028895,-0.092502,-0.319934,0.014252,-0.099139,-0.296120,-0.033022,-0.108712,-0.207674,-0.068522,-0.086441,-0.289916
2026-05-26 18:22:57.513,33.099968,0.000000,0.000000,0.000000,0.069744,-0.091744,-0.318927,-0.126736,-0.094216,-0.321586,-0.028496,-0.092980,-0.320257,0.015251,-0.097168,-0.296244,-0.033022,-0.108712,-0.207674,-0.068530,-0.087445,-0.289870
2026-05-26 18:22:57.613,33.199968,0.000000,0.000000,0.000000,0.069744,-0.091744,-0.318927,-0.126736,-0.094216,-0.321586,-0.028496,-0.092980,-0.320257,0.014986,-0.099168,-0.296133,-0.033083,-0.109699,-0.207750,-0.068530,-0.087445,-0.289870
2026-05-26 18:22:57.713,33.299968,0.000000,0.000000,0.000000,0.069744,-0.091744,-0.318927,-0.126736,-0.094216,-0.321586,-0.028496,-0.092980,-0.320257,0.014986,-0.099168,-0.296133,-0.033022,-0.108712,-0.207674,-0.068546,-0.089452,-0.289779
2026-05-26 18:22:57.813,33.399968,0.000000,0.000000,0.000000,0.069734,-0.091655,-0.319665,-0.127465,-0.094187,-0.321573,-0.028866,-0.092921,-0.320619,0.026898,-0.009202,-0.301134,-0.033114,-0.110192,-0.207788,-0.068546,-0.089452,-0.289779
2026-05-26 18:22:57.913,33.499968,0.000000,0.000000,0.000000,0.069744,-0.091744,-0.318927,-0.127386,-0.095200,-0.321479,-0.028821,-0.093472,-0.320203,0.027730,-0.009235,-0.301149,-0.032404,-0.110802,-0.207113,-0.069281,-0.088419,-0.289810
2026-05-26 18:22:58.013,33.599968,0.000000,0.000000,0.000000,0.069744,-0.091744,-0.318927,-0.126736,-0.094216,-0.321586,-0.028496,-0.092980,-0.320257,0.014986,-0.099168,-0.296133,-0.032404,-0.110802,-0.207113,-0.069281,-0.088419,-0.289810
2026-05-26 18:22:58.113,33.699968,0.000000,0.000000,0.000000,0.069945,-0.090655,-0.319755,-0.126814,-0.093203,-0.321680,-0.028434,-0.091929,-0.320717,0.015654,-0.099696,-0.296119,-0.032404,-0.110802,-0.207113,-0.069281,-0.088419,-0.289810
2026-05-26 18:22:58.213,33.799968,0.000000,0.000000,0.000000,0.069744,-0.091744,-0.318927,-0.126657,-0.095229,-0.321492,-0.028457,-0.093486,-0.320210,0.015587,-0.100196,-0.296091,-0.032404,-0.110802,-0.207113,-0.069256,-0.086501,-0.289161
2026-05-26 18:22:58.313,33.899968,0.000000,0.000000,0.000000,0.069955,-0.090744,-0.319016,-0.126736,-0.094216,-0.321586,-0.028390,-0.092480,-0.320301,0.015453,-0.101196,-0.296036,-0.032466,-0.111788,-0.207190,-0.070007,-0.087475,-0.289102
2026-05-26 18:22:58.413,33.999968,0.000000,0.000000,0.000000,0.069744,-0.091744,-0.318927,-0.126814,-0.093203,-0.321680,-0.028535,-0.092473,-0.320304,0.015453,-0.101196,-0.296036,-0.032538,-0.112688,-0.207991,-0.069989,-0.084464,-0.289236
2026-05-26 18:22:58.513,34.099967,0.000000,0.000000,0.000000,0.069955,-0.090744,-0.319016,-0.126657,-0.095229,-0.321492,-0.028351,-0.092986,-0.320254,0.016051,-0.102224,-0.295994,-0.031810,-0.112717,-0.208005,-0.069989,-0.084464,-0.289236
2026-05-26 18:22:58.613,34.199967,0.000000,0.000000,0.000000,0.069945,-0.090655,-0.319755,-0.127545,-0.093174,-0.321666,-0.028800,-0.091915,-0.320711,0.016185,-0.101225,-0.296049,-0.031800,-0.112804,-0.207280,-0.070338,-0.005150,-0.292738
2026-05-26 18:22:58.713,34.299967,0.000000,0.000000,0.000000,0.069744,-0.091744,-0.318927,-0.126736,-0.094216,-0.321586,-0.028496,-0.092980,-0.320257,0.016051,-0.102224,-0.295994,-0.031863,-0.113791,-0.207357,-0.070720,-0.081424,-0.289355
2026-05-26 18:22:58.813,34.399967,0.000000,0.000000,0.000000,0.069744,-0.091744,-0.318927,-0.126657,-0.095229,-0.321492,-0.028457,-0.093486,-0.320210,0.016185,-0.101225,-0.296049,-0.031200,-0.114806,-0.207448,-0.071167,-0.004113,-0.292767
2026-05-26 18:22:58.913,34.499967,0.000000,0.000000,0.000000,0.069744,-0.091744,-0.318927,-0.126814,-0.093203,-0.321680,-0.028535,-0.092473,-0.320304,0.016917,-0.101253,-0.296063,-0.031200,-0.114806,-0.207448,-0.071475,-0.082398,-0.289297
2026-05-26 18:22:59.013,34.599967,0.000000,0.000000,0.000000,0.069734,-0.091655,-0.319665,-0.126736,-0.094216,-0.321586,-0.028501,-0.092936,-0.320626,0.016781,-0.102253,-0.296008,-0.031200,-0.114806,-0.207448,-0.071478,-0.083401,-0.289252
2026-05-26 18:22:59.113,34.699967,0.000000,0.000000,0.000000,0.069744,-0.091744,-0.318927,-0.126736,-0.094216,-0.321586,-0.028496,-0.092980,-0.320257,0.016917,-0.101253,-0.296063,-0.031265,-0.115793,-0.207525,-0.072007,-0.006088,-0.292662
2026-05-26 18:22:59.213,34.799967,0.000000,0.000000,0.000000,0.069955,-0.090744,-0.319016,-0.126736,-0.094216,-0.321586,-0.028390,-0.092480,-0.320301,0.016781,-0.102253,-0.296008,-0.030540,-0.115821,-0.207538,-0.072227,-0.083372,-0.289238
2026-05-26 18:22:59.313,34.899967,0.000000,0.000000,0.000000,0.069744,-0.091744,-0.318927,-0.126736,-0.094216,-0.321586,-0.028496,-0.092980,-0.320257,0.017648,-0.101282,-0.296077,-0.030540,-0.115821,-0.207538,-0.072227,-0.083372,-0.289238
2026-05-26 18:22:59.413,34.999967,0.000000,0.000000,0.000000,0.069744,-0.091744,-0.318927,-0.126736,-0.094216,-0.321586,-0.028496,-0.092980,-0.320257,0.017512,-0.102282,-0.296021,-0.029814,-0.115850,-0.207552,-0.072010,-0.007091,-0.292618
2026-05-26 18:22:59.513,35.099967,0.000000,0.000000,0.000000,0.069955,-0.090744,-0.319016,-0.126814,-0.093203,-0.321680,-0.028429,-0.091973,-0.320348,0.017512,-0.102282,-0.296021,-0.029814,-0.115850,-0.207552,-0.072988,-0.084759,-0.289900
2026-05-26 18:22:59.613,35.199966,0.000000,0.000000,0.000000,0.069744,-0.091744,-0.318927,-0.126814,-0.093203,-0.321680,-0.028535,-0.092473,-0.320304,0.018242,-0.102311,-0.296035,-0.029881,-0.116836,-0.207629,-0.072988,-0.085261,-0.289878
2026-05-26 18:22:59.713,35.299966,0.000000,0.000000,0.000000,0.069744,-0.091744,-0.318927,-0.126736,-0.094216,-0.321586,-0.028496,-0.092980,-0.320257,0.018105,-0.103310,-0.295979,-0.029881,-0.116836,-0.207629,-0.072990,-0.086265,-0.289832
2026-05-26 18:22:59.813,35.399966,0.000000,0.000000,0.000000,0.069955,-0.090744,-0.319016,-0.126736,-0.094216,-0.321586,-0.028390,-0.092480,-0.320301,0.018380,-0.101311,-0.296090,-0.029157,-0.116865,-0.207642,-0.073734,-0.085231,-0.289864
2026-05-26 18:22:59.913,35.499966,0.000000,0.000000,0.000000,0.069945,-0.090655,-0.319755,-0.126736,-0.094216,-0.321586,-0.028395,-0.092435,-0.320670,0.018105,-0.103310,-0.295979,-0.029235,-0.117765,-0.208438,-0.073734,-0.085231,-0.289864
2026-05-26 18:23:00.013,35.599966,0.000000,0.000000,0.000000,0.069955,-0.090744,-0.319016,-0.126814,-0.093203,-0.321680,-0.028429,-0.091973,-0.320348,0.018242,-0.102311,-0.296035,-0.029302,-0.118752,-0.208514,-0.074480,-0.085202,-0.289850
2026-05-26 18:23:00.113,35.699966,0.000000,0.000000,0.000000,0.069955,-0.090744,-0.319016,-0.126736,-0.094216,-0.321586,-0.028390,-0.092480,-0.320301,0.018094,-0.103223,-0.296705,-0.029235,-0.117765,-0.208438,-0.074480,-0.086206,-0.289804
2026-05-26 18:23:00.213,35.799966,0.000000,0.000000,0.000000,0.069955,-0.090744,-0.319016,-0.126736,-0.094216,-0.321586,-0.028390,-0.092480,-0.320301,0.018963,-0.102252,-0.296775,-0.029167,-0.116779,-0.208362,-0.074480,-0.085202,-0.289850
2026-05-26 18:23:00.313,35.899966,0.000000,0.000000,0.000000,0.069744,-0.091744,-0.318927,-0.126736,-0.094216,-0.321586,-0.028496,-0.092980,-0.320257,0.018973,-0.102340,-0.296048,-0.028581,-0.118780,-0.208527,-0.074481,-0.083194,-0.289941
2026-05-26 18:23:00.413,35.999966,0.000000,0.000000,0.000000,0.069744,-0.091744,-0.318927,-0.126736,-0.094216,-0.321586,-0.028496,-0.092980,-0.320257,0.018963,-0.102252,-0.296775,-0.028522,-0.117708,-0.209171,-0.075226,-0.085173,-0.289836
2026-05-26 18:23:00.513,36.099966,0.000000,0.000000,0.000000,0.069744,-0.091744,-0.318927,-0.126736,-0.094216,-0.321586,-0.028496,-0.092980,-0.320257,0.018824,-0.103252,-0.296719,-0.028659,-0.119681,-0.209320,-0.075238,-0.084079,-0.290624
2026-05-26 18:23:00.613,36.199965,0.000000,0.000000,0.000000,0.069744,-0.091744,-0.318927,-0.126736,-0.094216,-0.321586,-0.028496,-0.092980,-0.320257,0.019553,-0.103281,-0.296732,-0.028728,-0.120668,-0.209395,-0.075987,-0.083046,-0.290657
2026-05-26 18:23:00.713,36.299965,0.000000,0.000000,0.000000,0.069734,-0.091655,-0.319665,-0.126814,-0.093203,-0.321680,-0.028540,-0.092429,-0.320673,0.019483,-0.103780,-0.296704,-0.028738,-0.120582,-0.210111,-0.074522,-0.083842,-0.292868
2026-05-26 18:23:00.813,36.399965,0.000000,0.000000,0.000000,0.069955,-0.090744,-0.319016,-0.126657,-0.095229,-0.321492,-0.028351,-0.092986,-0.320254,0.019473,-0.103694,-0.297429,-0.028738,-0.120582,-0.210111,-0.075985,-0.084050,-0.290610
2026-05-26 18:23:00.913,36.499965,0.000000,0.000000,0.000000,0.069744,-0.091744,-0.318927,-0.126736,-0.094216,-0.321586,-0.028496,-0.092980,-0.320257,0.020273,-0.103223,-0.297472,-0.028817,-0.121483,-0.210899,-0.075989,-0.082544,-0.290680
2026-05-26 18:23:01.013,36.599965,0.000000,0.000000,0.000000,0.069744,-0.091744,-0.318927,-0.126736,-0.094216,-0.321586,-0.028496,-0.092980,-0.320257,0.020414,-0.102223,-0.297530,-0.028748,-0.120496,-0.210827,-0.075269,-0.083812,-0.292854
2026-05-26 18:23:01.113,36.699965,0.000000,0.000000,0.000000,0.069744,-0.091744,-0.318927,-0.126736,-0.094216,-0.321586,-0.028496,-0.092980,-0.320257,0.020424,-0.102310,-0.296803,-0.028758,-0.120410,-0.211543,-0.075271,-0.082808,-0.292904
2026-05-26 18:23:01.213,36.799965,0.000000,0.000000,0.000000,0.069744,-0.091744,-0.318927,-0.126736,-0.094216,-0.321586,-0.028496,-0.092980,-0.320257,0.020283,-0.103310,-0.296746,-0.028118,-0.121340,-0.212343,-0.076019,-0.082778,-0.292890
2026-05-26 18:23:01.313,36.899965,0.000000,0.000000,0.000000,0.069955,-0.090744,-0.319016,-0.126736,-0.094216,-0.321586,-0.028390,-0.092480,-0.320301,0.020273,-0.103223,-0.297472,-0.028837,-0.121312,-0.212329,-0.076032,-0.081684,-0.293685
2026-05-26 18:23:01.413,36.999965,0.000000,0.000000,0.000000,0.069533,-0.092744,-0.318839,-0.126736,-0.094216,-0.321586,-0.028602,-0.093480,-0.320213,0.021002,-0.103251,-0.297485,-0.028778,-0.120239,-0.212975,-0.076032,-0.081684,-0.293685
2026-05-26 18:23:01.513,37.099965,0.000000,0.000000,0.000000,0.069744,-0.091744,-0.318927,-0.126657,-0.095229,-0.321492,-0.028457,-0.093486,-0.320210,0.021002,-0.103251,-0.297485,-0.028788,-0.120153,-0.213691,-0.076032,-0.081684,-0.293685
2026-05-26 18:23:01.613,37.199965,0.000000,0.000000,0.000000,0.069744,-0.091744,-0.318927,-0.126736,-0.094216,-0.321586,-0.028496,-0.092980,-0.320257,0.020931,-0.103751,-0.297456,-0.028798,-0.120067,-0.214407,-0.076781,-0.081655,-0.293671
2026-05-26 18:23:01.713,37.299964,0.000000,0.000000,0.000000,0.069744,-0.091744,-0.318927,-0.126736,-0.094216,-0.321586,-0.028496,-0.092980,-0.320257,0.020708,-0.105164,-0.298093,-0.028798,-0.120067,-0.214407,-0.076791,-0.081566,-0.294416
2026-05-26 18:23:01.813,37.399964,0.000000,0.000000,0.000000,0.069744,-0.091744,-0.318927,-0.126657,-0.095229,-0.321492,-0.028457,-0.093486,-0.320210,0.020850,-0.104164,-0.298152,-0.029528,-0.119953,-0.215110,-0.076795,-0.080561,-0.294468
2026-05-26 18:23:01.913,37.499964,0.000000,0.000000,0.000000,0.069744,-0.091744,-0.318927,-0.126736,-0.094216,-0.321586,-0.028496,-0.092980,-0.320257,0.021589,-0.104280,-0.297441,-0.028729,-0.119080,-0.214340,-0.076781,-0.081655,-0.293671
2026-05-26 18:23:02.013,37.599964,0.000000,0.000000,0.000000,0.069955,-0.090744,-0.319016,-0.126657,-0.095229,-0.321492,-0.028351,-0.092986,-0.320254,0.021589,-0.104280,-0.297441,-0.029460,-0.118965,-0.215044,-0.076791,-0.081566,-0.294416
2026-05-26 18:23:02.113,37.699964,0.000000,0.000000,0.000000,0.071958,-0.091743,-0.319707,-0.126736,-0.094216,-0.321586,-0.027389,-0.092980,-0.320646,0.021445,-0.105279,-0.297383,-0.028808,-0.119981,-0.215123,-0.076785,-0.080650,-0.293722
2026-05-26 18:23:02.213,37.799964,0.000000,0.000000,0.000000,0.069734,-0.091655,-0.319665,-0.126736,-0.094216,-0.321586,-0.028501,-0.092936,-0.320626,0.021589,-0.104280,-0.297441,-0.029528,-0.119953,-0.215110,-0.076788,-0.079645,-0.293772
2026-05-26 18:23:02.313,37.899964,0.000000,0.000000,0.000000,0.069744,-0.091744,-0.318927,-0.126657,-0.095229,-0.321492,-0.028457,-0.093486,-0.320210,0.021732,-0.103280,-0.297499,-0.029528,-0.119953,-0.215110,-0.076781,-0.081655,-0.293671
2026-05-26 18:23:02.413,37.999964,0.000000,0.000000,0.000000,0.069744,-0.091744,-0.318927,-0.126657,-0.095229,-0.321492,-0.028457,-0.093486,-0.320210,0.020718,-0.105250,-0.297369,-0.028808,-0.119981,-0.215123,-0.076781,-0.081655,-0.293671
2026-05-26 18:23:02.513,38.099964,0.000000,0.000000,0.000000,0.069533,-0.092744,-0.318839,-0.126736,-0.094216,-0.321586,-0.028602,-0.093480,-0.320213,0.020708,-0.105164,-0.298093,-0.028808,-0.119981,-0.215123,-0.076785,-0.080650,-0.293722
2026-05-26 18:23:02.613,38.199964,0.000000,0.000000,0.000000,0.069744,-0.091744,-0.318927,-0.126736,-0.094216,-0.321586,-0.028496,-0.092980,-0.320257,0.020708,-0.105164,-0.298093,-0.029528,-0.119953,-0.215110,-0.076785,-0.080650,-0.293722
2026-05-26 18:23:02.713,38.299963,0.000000,0.000000,0.000000,0.069744,-0.091744,-0.318927,-0.126814,-0.093203,-0.321680,-0.028535,-0.092473,-0.320304,0.020850,-0.104164,-0.298152,-0.028808,-0.119981,-0.215123,-0.076788,-0.079645,-0.293772
2026-05-26 18:23:02.813,38.399963,0.000000,0.000000,0.000000,0.069744,-0.091744,-0.318927,-0.126736,-0.094216,-0.321586,-0.028496,-0.092980,-0.320257,0.020708,-0.105164,-0.298093,-0.029460,-0.118965,-0.215044,-0.076785,-0.080650,-0.293722
2026-05-26 18:23:02.913,38.499963,0.000000,0.000000,0.000000,0.069744,-0.091744,-0.318927,-0.126736,-0.094216,-0.321586,-0.028496,-0.092980,-0.320257,0.020708,-0.105164,-0.298093,-0.028739,-0.118994,-0.215057,-0.076791,-0.081566,-0.294416
2026-05-26 18:23:03.013,38.599963,0.000000,0.000000,0.000000,0.069744,-0.091744,-0.318927,-0.126736,-0.094216,-0.321586,-0.028496,-0.092980,-0.320257,0.020850,-0.104164,-0.298152,-0.028798,-0.120067,-0.214407,-0.076785,-0.080650,-0.293722
2026-05-26 18:23:03.113,38.699963,0.000000,0.000000,0.000000,0.069744,-0.091744,-0.318927,-0.126736,-0.094216,-0.321586,-0.028496,-0.092980,-0.320257,0.020992,-0.103164,-0.298211,-0.028798,-0.120067,-0.214407,-0.076781,-0.081655,-0.293671
2026-05-26 18:23:03.213,38.799963,0.000000,0.000000,0.000000,0.069744,-0.091744,-0.318927,-0.126736,-0.094216,-0.321586,-0.028496,-0.092980,-0.320257,0.020779,-0.104664,-0.298123,-0.028798,-0.120067,-0.214407,-0.076783,-0.081152,-0.293696
2026-05-26 18:23:03.313,38.899963,0.000000,0.000000,0.000000,0.069744,-0.091744,-0.318927,-0.126657,-0.095229,-0.321492,-0.028457,-0.093486,-0.320210,0.020850,-0.104164,-0.298152,-0.029538,-0.119867,-0.215826,-0.076032,-0.081684,-0.293685
2026-05-26 18:23:03.413,38.999963,0.000000,0.000000,0.000000,0.069744,-0.091744,-0.318927,-0.126736,-0.094216,-0.321586,-0.028496,-0.092980,-0.320257,0.021002,-0.103251,-0.297485,-0.028828,-0.119810,-0.216555,-0.076032,-0.081684,-0.293685
2026-05-26 18:23:03.513,39.099963,0.000000,0.000000,0.000000,0.069744,-0.091744,-0.318927,-0.126736,-0.094216,-0.321586,-0.028496,-0.092980,-0.320257,0.021144,-0.102252,-0.297543,-0.029693,-0.121672,-0.217383,-0.076024,-0.084699,-0.293532
2026-05-26 18:23:03.613,39.199963,0.000000,0.000000,0.000000,0.069744,-0.091744,-0.318927,-0.126657,-0.095229,-0.321492,-0.028457,-0.093486,-0.320210,0.020132,-0.104222,-0.297414,-0.030354,-0.120570,-0.218022,-0.076034,-0.080680,-0.293736
2026-05-26 18:23:03.713,39.299963,0.000000,0.000000,0.000000,0.069744,-0.091744,-0.318927,-0.126736,-0.094216,-0.321586,-0.028496,-0.092980,-0.320257,0.020860,-0.104251,-0.297427,-0.031083,-0.120456,-0.218724,-0.076026,-0.083694,-0.293583
2026-05-26 18:23:03.813,39.399962,0.000000,0.000000,0.000000,0.069955,-0.090744,-0.319016,-0.126736,-0.094216,-0.321586,-0.028390,-0.092480,-0.320301,0.020132,-0.104222,-0.297414,-0.032520,-0.120399,-0.218697,-0.076029,-0.082689,-0.293634
2026-05-26 18:23:03.913,39.499962,0.000000,0.000000,0.000000,0.069744,-0.091744,-0.318927,-0.126736,-0.094216,-0.321586,-0.028496,-0.092980,-0.320257,0.019991,-0.105222,-0.297356,-0.033196,-0.119210,-0.220055,-0.076029,-0.082689,-0.293634
2026-05-26 18:23:04.013,39.599962,0.000000,0.000000,0.000000,0.069744,-0.091744,-0.318927,-0.126736,-0.094216,-0.321586,-0.028496,-0.092980,-0.320257,0.019991,-0.105222,-0.297356,-0.033926,-0.119096,-0.220757,-0.076025,-0.084196,-0.293558
2026-05-26 18:23:04.113,39.699962,0.000000,0.000000,0.000000,0.069955,-0.090744,-0.319016,-0.126736,-0.094216,-0.321586,-0.028390,-0.092480,-0.320301,0.019991,-0.105222,-0.297356,-0.034596,-0.117993,-0.221404,-0.075285,-0.086649,-0.294184
2026-05-26 18:23:04.213,39.799962,0.000000,0.000000,0.000000,0.069744,-0.091744,-0.318927,-0.126736,-0.094216,-0.321586,-0.028496,-0.092980,-0.320257,0.019981,-0.105135,-0.298080,-0.035327,-0.117878,-0.222107,-0.076042,-0.081595,-0.294430
2026-05-26 18:23:04.313,39.899962,0.000000,0.000000,0.000000,0.069744,-0.091744,-0.318927,-0.126736,-0.094216,-0.321586,-0.028496,-0.092980,-0.320257,0.019991,-0.105222,-0.297356,-0.036115,-0.118754,-0.222865,-0.076029,-0.082689,-0.293634
2026-05-26 18:23:04.413,39.999962,0.000000,0.000000,0.000000,0.069744,-0.091744,-0.318927,-0.126814,-0.093203,-0.321680,-0.028535,-0.092473,-0.320304,0.019991,-0.105222,-0.297356,-0.036058,-0.117764,-0.222811,-0.076037,-0.083605,-0.294326
2026-05-26 18:23:04.513,40.099962,0.000000,0.000000,0.000000,0.069955,-0.090744,-0.319016,-0.126736,-0.094216,-0.321586,-0.028390,-0.092480,-0.320301,0.019981,-0.105135,-0.298080,-0.036048,-0.117850,-0.222094,-0.076245,-0.006234,-0.298326
2026-05-26 18:23:04.613,40.199962,0.000000,0.000000,0.000000,0.069744,-0.091744,-0.318927,-0.126736,-0.094216,-0.321586,-0.028496,-0.092980,-0.320257,0.019850,-0.106221,-0.297298,-0.035990,-0.116860,-0.222039,-0.076034,-0.084610,-0.294274
2026-05-26 18:23:04.713,40.299962,0.000000,0.000000,0.000000,0.069533,-0.092744,-0.318839,-0.126657,-0.095229,-0.321492,-0.028562,-0.093986,-0.320166,0.019840,-0.106135,-0.298021,-0.036048,-0.117850,-0.222094,-0.076236,-0.005328,-0.297551
2026-05-26 18:23:04.813,40.399961,0.000000,0.000000,0.000000,0.069533,-0.092744,-0.318839,-0.126736,-0.094216,-0.321586,-0.028602,-0.093480,-0.320213,0.019981,-0.105135,-0.298080,-0.035990,-0.116860,-0.222039,0.082357,-0.098371,-0.372434
2026-05-26 18:23:04.913,40.499961,0.000000,0.000000,0.000000,0.069744,-0.091744,-0.318927,-0.126736,-0.094216,-0.321586,-0.028496,-0.092980,-0.320257,0.019981,-0.105135,-0.298080,-0.036048,-0.117850,-0.222094,-0.076032,-0.081684,-0.293685
2026-05-26 18:23:05.013,40.599961,0.000000,0.000000,0.000000,0.069744,-0.091744,-0.318927,-0.126736,-0.094216,-0.321586,-0.028496,-0.092980,-0.320257,0.019991,-0.105222,-0.297356,-0.036048,-0.117850,-0.222094,-0.076037,-0.083605,-0.294326
2026-05-26 18:23:05.113,40.699961,0.000000,0.000000,0.000000,0.069734,-0.091655,-0.319665,-0.126814,-0.093203,-0.321680,-0.028540,-0.092429,-0.320673,0.019920,-0.105721,-0.297327,-0.036105,-0.118839,-0.222149,-0.076048,-0.079585,-0.294534
2026-05-26 18:23:05.213,40.799961,0.000000,0.000000,0.000000,0.069744,-0.091744,-0.318927,-0.126725,-0.094303,-0.320860,-0.028491,-0.093023,-0.319894,0.019769,-0.106634,-0.297991,-0.036048,-0.117850,-0.222094,-0.076026,-0.083694,-0.293583
2026-05-26 18:23:05.313,40.899961,0.000000,0.000000,0.000000,0.069744,-0.091744,-0.318927,-0.126736,-0.094216,-0.321586,-0.028496,-0.092980,-0.320257,0.019981,-0.105135,-0.298080,-0.035990,-0.116860,-0.222039,-0.076037,-0.083605,-0.294326
2026-05-26 18:23:05.413,40.999961,0.000000,0.000000,0.000000,0.069955,-0.090744,-0.319016,-0.126736,-0.094216,-0.321586,-0.028390,-0.092480,-0.320301,0.019981,-0.105135,-0.298080,-0.036048,-0.117850,-0.222094,-0.076037,-0.083605,-0.294326
2026-05-26 18:23:05.513,41.099961,0.000000,0.000000,0.000000,0.069744,-0.091744,-0.318927,-0.126736,-0.094216,-0.321586,-0.028496,-0.092980,-0.320257,0.019991,-0.105222,-0.297356,-0.036048,-0.117850,-0.222094,-0.076030,-0.086117,-0.294196
2026-05-26 18:23:05.613,41.199961,0.000000,0.000000,0.000000,0.069744,-0.091744,-0.318927,-0.126736,-0.094216,-0.321586,-0.028496,-0.092980,-0.320257,0.019850,-0.106221,-0.297298,-0.036048,-0.117850,-0.222094,-0.076034,-0.084610,-0.294274
2026-05-26 18:23:05.713,41.299961,0.000000,0.000000,0.000000,0.069744,-0.091744,-0.318927,-0.126736,-0.094216,-0.321586,-0.028496,-0.092980,-0.320257,0.019840,-0.106135,-0.298021,-0.035990,-0.116860,-0.222039,-0.076037,-0.083605,-0.294326
2026-05-26 18:23:05.813,41.399961,0.000000,0.000000,0.000000,0.069734,-0.091655,-0.319665,-0.126736,-0.094216,-0.321586,-0.028501,-0.092936,-0.320626,0.019991,-0.105222,-0.297356,-0.036019,-0.117355,-0.222066,-0.076026,-0.083694,-0.293583
2026-05-26 18:23:05.913,41.499960,0.000000,0.000000,0.000000,0.069734,-0.091655,-0.319665,-0.126736,-0.094216,-0.321586,-0.028501,-0.092936,-0.320626,0.019991,-0.105222,-0.297356,-0.036048,-0.117850,-0.222094,-0.076026,-0.083694,-0.293583
2026-05-26 18:23:06.013,41.599960,0.000000,0.000000,0.000000,0.069744,-0.091744,-0.318927,-0.126736,-0.094216,-0.321586,-0.028496,-0.092980,-0.320257,0.019840,-0.106135,-0.298021,-0.035990,-0.116860,-0.222039,-0.076024,-0.084699,-0.293532
2026-05-26 18:23:06.113,41.699960,0.000000,0.000000,0.000000,0.069744,-0.091744,-0.318927,-0.126647,-0.095316,-0.320768,-0.028452,-0.093530,-0.319848,0.019910,-0.105635,-0.298050,-0.036048,-0.117850,-0.222094,-0.076021,-0.085703,-0.293481
2026-05-26 18:23:06.213,41.799960,0.000000,0.000000,0.000000,0.069744,-0.091744,-0.318927,-0.126736,-0.094216,-0.321586,-0.028496,-0.092980,-0.320257,0.019981,-0.105135,-0.298080,-0.036048,-0.117850,-0.222094,-0.076021,-0.085703,-0.293481
2026-05-26 18:23:06.313,41.899960,0.000000,0.000000,0.000000,0.069744,-0.091744,-0.318927,-0.126657,-0.095229,-0.321492,-0.028457,-0.093486,-0.320210,0.019991,-0.105222,-0.297356,-0.035990,-0.116860,-0.222039,-0.076027,-0.087122,-0.294144
2026-05-26 18:23:06.413,41.999960,0.000000,0.000000,0.000000,0.069744,-0.091744,-0.318927,-0.126736,-0.094216,-0.321586,-0.028496,-0.092980,-0.320257,0.019850,-0.106221,-0.297298,-0.035327,-0.117878,-0.222107,-0.076037,-0.083605,-0.294326
2026-05-26 18:23:06.513,42.099960,0.000000,0.000000,0.000000,0.069744,-0.091744,-0.318927,-0.126736,-0.094216,-0.321586,-0.028496,-0.092980,-0.320257,0.020132,-0.104222,-0.297414,-0.036048,-0.117850,-0.222094,-0.076022,-0.085201,-0.293507
2026-05-26 18:23:06.613,42.199960,0.000000,0.000000,0.000000,0.069955,-0.090744,-0.319016,-0.126814,-0.093203,-0.321680,-0.028429,-0.091973,-0.320348,0.019840,-0.106135,-0.298021,-0.036105,-0.118839,-0.222149,-0.076034,-0.084610,-0.294274
2026-05-26 18:23:06.713,42.299960,0.000000,0.000000,0.000000,0.069744,-0.091744,-0.318927,-0.126657,-0.095229,-0.321492,-0.028457,-0.093486,-0.320210,0.019991,-0.105222,-0.297356,-0.036048,-0.117850,-0.222094,-0.076031,-0.085614,-0.294222
2026-05-26 18:23:06.813,42.399960,0.000000,0.000000,0.000000,0.069744,-0.091744,-0.318927,-0.126736,-0.094216,-0.321586,-0.028496,-0.092980,-0.320257,0.019991,-0.105222,-0.297356,-0.036048,-0.117850,-0.222094,-0.076018,-0.086708,-0.293430
2026-05-26 18:23:06.913,42.499959,0.000000,0.000000,0.000000,0.069955,-0.090744,-0.319016,-0.126647,-0.095316,-0.320768,-0.028346,-0.093030,-0.319892,0.019991,-0.105222,-0.297356,-0.036105,-0.118839,-0.222149,-0.076031,-0.085614,-0.294222
2026-05-26 18:23:07.013,42.599959,0.000000,0.000000,0.000000,0.069744,-0.091744,-0.318927,-0.126736,-0.094216,-0.321586,-0.028496,-0.092980,-0.320257,0.019981,-0.105135,-0.298080,-0.036048,-0.117850,-0.222094,-0.076042,-0.081595,-0.294430
2026-05-26 18:23:07.113,42.699959,0.000000,0.000000,0.000000,0.069744,-0.091744,-0.318927,-0.126657,-0.095229,-0.321492,-0.028457,-0.093486,-0.320210,0.019991,-0.105222,-0.297356,-0.036105,-0.118839,-0.222149,-0.076029,-0.086619,-0.294170
2026-05-26 18:23:07.213,42.799959,0.000000,0.000000,0.000000,0.069744,-0.091744,-0.318927,-0.126736,-0.094216,-0.321586,-0.028496,-0.092980,-0.320257,0.019840,-0.106135,-0.298021,-0.035327,-0.117878,-0.222107,-0.076037,-0.083605,-0.294326
2026-05-26 18:23:07.313,42.899959,0.000000,0.000000,0.000000,0.069744,-0.091744,-0.318927,-0.126736,-0.094216,-0.321586,-0.028496,-0.092980,-0.320257,0.019991,-0.105222,-0.297356,-0.035268,-0.116889,-0.222052,-0.076034,-0.084610,-0.294274
2026-05-26 18:23:07.413,42.999959,0.000000,0.000000,0.000000,0.069744,-0.091744,-0.318927,-0.126657,-0.095229,-0.321492,-0.028457,-0.093486,-0.320210,0.019991,-0.105222,-0.297356,-0.035990,-0.116860,-0.222039,-0.076037,-0.083605,-0.294326
2026-05-26 18:23:07.513,43.099959,0.000000,0.000000,0.000000,0.069955,-0.090744,-0.319016,-0.126736,-0.094216,-0.321586,-0.028390,-0.092480,-0.320301,0.019991,-0.105222,-0.297356,-0.035268,-0.116889,-0.222052,-0.075283,-0.087653,-0.294132
2026-05-26 18:23:07.613,43.199959,0.000000,0.000000,0.000000,0.069744,-0.091744,-0.318927,-0.126736,-0.094216,-0.321586,-0.028496,-0.092980,-0.320257,0.019981,-0.105135,-0.298080,-0.035268,-0.116889,-0.222052,-0.076026,-0.083694,-0.293583
2026-05-26 18:23:07.713,43.299959,0.000000,0.000000,0.000000,0.069744,-0.091744,-0.318927,-0.126736,-0.094216,-0.321586,-0.028496,-0.092980,-0.320257,0.019840,-0.106135,-0.298021,-0.036048,-0.117850,-0.222094,-0.075283,-0.087653,-0.294132
2026-05-26 18:23:07.813,43.399959,0.000000,0.000000,0.000000,0.069744,-0.091744,-0.318927,-0.126736,-0.094216,-0.321586,-0.028496,-0.092980,-0.320257,0.019840,-0.106135,-0.298021,-0.035327,-0.117878,-0.222107,-0.075274,-0.093682,-0.293820
2026-05-26 18:23:07.913,43.499959,0.000000,0.000000,0.000000,0.069955,-0.090744,-0.319016,-0.126657,-0.095229,-0.321492,-0.028351,-0.092986,-0.320254,0.019991,-0.105222,-0.297356,-0.035327,-0.117878,-0.222107,-0.076029,-0.082689,-0.293634
2026-05-26 18:23:08.013,43.599958,0.000000,0.000000,0.000000,0.069744,-0.091744,-0.318927,-0.126657,-0.095229,-0.321492,-0.028457,-0.093486,-0.320210,0.019981,-0.105135,-0.298080,-0.035327,-0.117878,-0.222107,0.837640,0.672902,0.184666
2026-05-26 18:23:08.113,43.699958,0.000000,0.000000,0.000000,0.069744,-0.091744,-0.318927,-0.126814,-0.093203,-0.321680,-0.028535,-0.092473,-0.320304,0.019991,-0.105222,-0.297356,-0.036048,-0.117850,-0.222094,-0.076034,-0.084610,-0.294274
2026-05-26 18:23:08.213,43.799958,0.000000,0.000000,0.000000,0.069744,-0.091744,-0.318927,-0.126814,-0.093203,-0.321680,-0.028535,-0.092473,-0.320304,0.019991,-0.105222,-0.297356,-0.035268,-0.116889,-0.222052,-0.076032,-0.081684,-0.293685
2026-05-26 18:23:08.313,43.899958,0.000000,0.000000,0.000000,0.069744,-0.091744,-0.318927,-0.126725,-0.094303,-0.320860,-0.028491,-0.093023,-0.319894,0.019981,-0.105135,-0.298080,-0.036019,-0.117355,-0.222066,-0.076034,-0.084610,-0.294274
2026-05-26 18:23:08.413,43.999958,0.000000,0.000000,0.000000,0.069744,-0.091744,-0.318927,-0.126814,-0.093203,-0.321680,-0.028535,-0.092473,-0.320304,0.019840,-0.106135,-0.298021,-0.036048,-0.117850,-0.222094,-0.076037,-0.083605,-0.294326
2026-05-26 18:23:08.513,44.099958,0.000000,0.000000,0.000000,0.069744,-0.091744,-0.318927,-0.126736,-0.094216,-0.321586,-0.028496,-0.092980,-0.320257,0.019850,-0.106221,-0.297298,-0.035327,-0.117878,-0.222107,-0.076031,-0.085614,-0.294222
2026-05-26 18:23:08.613,44.199958,0.000000,0.000000,0.000000,0.069744,-0.091744,-0.318927,-0.126736,-0.094216,-0.321586,-0.028496,-0.092980,-0.320257,0.019981,-0.105135,-0.298080,-0.035990,-0.116860,-0.222039,-0.076031,-0.085614,-0.294222
2026-05-26 18:23:08.713,44.299958,0.000000,0.000000,0.000000,0.069744,-0.091744,-0.318927,-0.126736,-0.094216,-0.321586,-0.028496,-0.092980,-0.320257,0.019991,-0.105222,-0.297356,-0.035327,-0.117878,-0.222107,-0.076028,-0.083191,-0.293608
2026-05-26 18:23:08.813,44.399958,0.000000,0.000000,0.000000,0.069744,-0.091744,-0.318927,-0.126736,-0.094216,-0.321586,-0.028496,-0.092980,-0.320257,0.019850,-0.106221,-0.297298,-0.035327,-0.117878,-0.222107,-0.075283,-0.087653,-0.294132
2026-05-26 18:23:08.913,44.499958,0.000000,0.000000,0.000000,0.069734,-0.091655,-0.319665,-0.126814,-0.093203,-0.321680,-0.028540,-0.092429,-0.320673,0.019840,-0.106135,-0.298021,-0.035268,-0.116889,-0.222052,-0.075287,-0.085644,-0.294236
2026-05-26 18:23:09.013,44.599957,0.000000,0.000000,0.000000,0.069744,-0.091744,-0.318927,-0.126736,-0.094216,-0.321586,-0.028496,-0.092980,-0.320257,0.019991,-0.105222,-0.297356,-0.035327,-0.117878,-0.222107,-0.076026,-0.083694,-0.293583
2026-05-26 18:23:09.113,44.699957,0.000000,0.000000,0.000000,0.069744,-0.091744,-0.318927,-0.126657,-0.095229,-0.321492,-0.028457,-0.093486,-0.320210,0.019850,-0.106221,-0.297298,-0.035385,-0.118868,-0.222163,0.082240,-0.098876,-0.372349
2026-05-26 18:23:09.213,44.799957,0.000000,0.000000,0.000000,0.069744,-0.091744,-0.318927,-0.126814,-0.093203,-0.321680,-0.028535,-0.092473,-0.320304,0.019840,-0.106135,-0.298021,-0.036048,-0.117850,-0.222094,-0.076026,-0.083694,-0.293583
2026-05-26 18:23:09.313,44.899957,0.000000,0.000000,0.000000,0.069955,-0.090744,-0.319016,-0.126725,-0.094303,-0.320860,-0.028385,-0.092523,-0.319938,0.019981,-0.105135,-0.298080,-0.035395,-0.118782,-0.222879,-0.075280,-0.089663,-0.294028
2026-05-26 18:23:09.413,44.999957,0.000000,0.000000,0.000000,0.069744,-0.091744,-0.318927,-0.126736,-0.094216,-0.321586,-0.028496,-0.092980,-0.320257,0.019263,-0.105193,-0.297342,-0.035523,-0.120676,-0.223701,-0.075272,-0.094687,-0.293768
2026-05-26 18:23:09.513,45.099957,0.000000,0.000000,0.000000,0.069955,-0.090744,-0.319016,-0.126736,-0.094216,-0.321586,-0.028390,-0.092480,-0.320301,0.019263,-0.105193,-0.297342,-0.036193,-0.119572,-0.224349,-0.075267,-0.097701,-0.293612
2026-05-26 18:23:09.613,45.199957,0.000000,0.000000,0.000000,0.069744,-0.091744,-0.318927,-0.126736,-0.094216,-0.321586,-0.028496,-0.092980,-0.320257,0.019403,-0.104193,-0.297400,-0.035494,-0.119429,-0.225793,-0.075277,-0.091672,-0.293924
2026-05-26 18:23:09.713,45.299957,0.000000,0.000000,0.000000,0.069744,-0.091744,-0.318927,-0.126814,-0.093203,-0.321680,-0.028535,-0.092473,-0.320304,0.019403,-0.104193,-0.297400,-0.036338,-0.121295,-0.226592,-0.074539,-0.090697,-0.293990
2026-05-26 18:23:09.813,45.399957,0.000000,0.000000,0.000000,0.069744,-0.091744,-0.318927,-0.126657,-0.095229,-0.321492,-0.028457,-0.093486,-0.320210,0.018675,-0.104165,-0.297387,-0.035602,-0.120743,-0.227294,-0.075280,-0.089663,-0.294028
2026-05-26 18:23:09.913,45.499957,0.000000,0.000000,0.000000,0.069744,-0.091744,-0.318927,-0.126736,-0.094216,-0.321586,-0.028496,-0.092980,-0.320257,0.018675,-0.104165,-0.297387,-0.035651,-0.121067,-0.228744,-0.074550,-0.089604,-0.294779
2026-05-26 18:23:10.013,45.599957,0.000000,0.000000,0.000000,0.069744,-0.091744,-0.318927,-0.126736,-0.094216,-0.321586,-0.028496,-0.092980,-0.320257,0.018536,-0.105164,-0.297329,-0.035613,-0.119906,-0.230126,-0.074547,-0.094628,-0.294513
2026-05-26 18:23:10.113,45.699956,0.000000,0.000000,0.000000,0.069744,-0.091744,-0.318927,-0.126736,-0.094216,-0.321586,-0.028496,-0.092980,-0.320257,0.019263,-0.105193,-0.297342,-0.036388,-0.120868,-0.230156,-0.074548,-0.093623,-0.294566
2026-05-26 18:23:10.213,45.799956,0.000000,0.000000,0.000000,0.069744,-0.091744,-0.318927,-0.126736,-0.094216,-0.321586,-0.028496,-0.092980,-0.320257,0.018536,-0.105164,-0.297329,-0.036445,-0.121859,-0.230199,-0.074551,-0.088599,-0.294832
2026-05-26 18:23:10.313,45.899956,0.000000,0.000000,0.000000,0.069744,-0.091744,-0.318927,-0.126736,-0.094216,-0.321586,-0.028496,-0.092980,-0.320257,0.018536,-0.105164,-0.297329,-0.036388,-0.120868,-0.230156,-0.074550,-0.089604,-0.294779
2026-05-26 18:23:10.413,45.999956,0.000000,0.000000,0.000000,0.069744,-0.091744,-0.318927,-0.126736,-0.094216,-0.321586,-0.028496,-0.092980,-0.320257,0.018536,-0.105164,-0.297329,-0.036388,-0.120868,-0.230156,0.839316,0.672836,0.184634
2026-05-26 18:23:10.513,46.099956,0.000000,0.000000,0.000000,0.069955,-0.090744,-0.319016,-0.126657,-0.095229,-0.321492,-0.028351,-0.092986,-0.320254,0.018536,-0.105164,-0.297329,-0.036388,-0.120868,-0.230156,-0.074546,-0.097643,-0.294354
2026-05-26 18:23:10.613,46.199956,0.000000,0.000000,0.000000,0.069744,-0.091744,-0.318927,-0.126814,-0.093203,-0.321680,-0.028535,-0.092473,-0.320304,0.018536,-0.105164,-0.297329,-0.035671,-0.120897,-0.230169,-0.074548,-0.092618,-0.294619
2026-05-26 18:23:10.713,46.299956,0.000000,0.000000,0.000000,0.069744,-0.091744,-0.318927,-0.126657,-0.095229,-0.321492,-0.028457,-0.093486,-0.320210,0.018526,-0.105077,-0.298052,-0.036388,-0.120868,-0.230156,-0.075281,-0.095604,-0.294447
2026-05-26 18:23:10.813,46.399956,0.000000,0.000000,0.000000,0.069744,-0.091744,-0.318927,-0.126657,-0.095229,-0.321492,-0.028457,-0.093486,-0.320210,0.018536,-0.105164,-0.297329,-0.036330,-0.119877,-0.230112,-0.074546,-0.097643,-0.294354
2026-05-26 18:23:10.913,46.499956,0.000000,0.000000,0.000000,0.069744,-0.091744,-0.318927,-0.126657,-0.095229,-0.321492,-0.028457,-0.093486,-0.320210,0.018397,-0.106164,-0.297271,-0.036330,-0.119877,-0.230112,-0.075284,-0.093594,-0.294553
2026-05-26 18:23:11.013,46.599956,0.000000,0.000000,0.000000,0.069744,-0.091744,-0.318927,-0.126736,-0.094216,-0.321586,-0.028496,-0.092980,-0.320257,0.018526,-0.105077,-0.298052,-0.036378,-0.120954,-0.229443,-0.074549,-0.091614,-0.294673
2026-05-26 18:23:11.113,46.699955,0.000000,0.000000,0.000000,0.069744,-0.091744,-0.318927,-0.126736,-0.094216,-0.321586,-0.028496,-0.092980,-0.320257,0.018536,-0.105164,-0.297329,-0.036388,-0.120868,-0.230156,-0.075292,-0.088570,-0.294818
2026-05-26 18:23:11.213,46.799955,0.000000,0.000000,0.000000,0.069744,-0.091744,-0.318927,-0.126814,-0.093203,-0.321680,-0.028535,-0.092473,-0.320304,0.018536,-0.105164,-0.297329,-0.036330,-0.119877,-0.230112,-0.074547,-0.095633,-0.294460
2026-05-26 18:23:11.313,46.899955,0.000000,0.000000,0.000000,0.069955,-0.090744,-0.319016,-0.126657,-0.095229,-0.321492,-0.028351,-0.092986,-0.320254,0.018536,-0.105164,-0.297329,-0.036320,-0.119963,-0.229399,-0.074548,-0.092618,-0.294619
2026-05-26 18:23:11.413,46.999955,0.000000,0.000000,0.000000,0.069744,-0.091744,-0.318927,-0.126725,-0.094303,-0.320860,-0.028491,-0.093023,-0.319894,0.018536,-0.105164,-0.297329,-0.036330,-0.119877,-0.230112,-0.074548,-0.092618,-0.294619
2026-05-26 18:23:11.513,47.099955,0.000000,0.000000,0.000000,0.069955,-0.090744,-0.319016,-0.126657,-0.095229,-0.321492,-0.028351,-0.092986,-0.320254,0.018536,-0.105164,-0.297329,-0.036330,-0.119877,-0.230112,-0.074549,-0.091614,-0.294673
2026-05-26 18:23:11.613,47.199955,0.000000,0.000000,0.000000,0.070496,-0.091861,-0.318204,-0.126736,-0.094216,-0.321586,-0.028120,-0.093039,-0.319895,0.018536,-0.105164,-0.297329,-0.036388,-0.120868,-0.230156,-0.075422,-0.008177,-0.299062
2026-05-26 18:23:11.713,47.299955,0.000000,0.000000,0.000000,0.069744,-0.091744,-0.318927,-0.126736,-0.094216,-0.321586,-0.028496,-0.092980,-0.320257,0.018536,-0.105164,-0.297329,-0.036388,-0.120868,-0.230156,-0.075292,-0.088570,-0.294818
2026-05-26 18:23:11.813,47.399955,0.000000,0.000000,0.000000,0.069955,-0.090744,-0.319016,-0.126657,-0.095229,-0.321492,-0.028351,-0.092986,-0.320254,0.018536,-0.105164,-0.297329,-0.036320,-0.119963,-0.229399,-0.074549,-0.090609,-0.294726
2026-05-26 18:23:11.913,47.499955,0.000000,0.000000,0.000000,0.069955,-0.090744,-0.319016,-0.126736,-0.094216,-0.321586,-0.028390,-0.092480,-0.320301,0.018536,-0.105164,-0.297329,-0.036320,-0.119963,-0.229399,-0.074547,-0.094628,-0.294513
2026-05-26 18:23:12.013,47.599955,0.000000,0.000000,0.000000,0.069744,-0.091744,-0.318927,-0.126736,-0.094216,-0.321586,-0.028496,-0.092980,-0.320257,0.018536,-0.105164,-0.297329,-0.036378,-0.120954,-0.229443,-0.075292,-0.088570,-0.294818
2026-05-26 18:23:12.113,47.699955,0.000000,0.000000,0.000000,0.069744,-0.091744,-0.318927,-0.126736,-0.094216,-0.321586,-0.028496,-0.092980,-0.320257,0.019263,-0.105193,-0.297342,-0.036273,-0.118887,-0.230069,-0.075289,-0.090580,-0.294712
2026-05-26 18:23:12.213,47.799954,0.000000,0.000000,0.000000,0.069744,-0.091744,-0.318927,-0.126736,-0.094216,-0.321586,-0.028496,-0.092980,-0.320257,0.018536,-0.105164,-0.297329,-0.036273,-0.118887,-0.230069,-0.074548,-0.093623,-0.294566
2026-05-26 18:23:12.313,47.899954,0.000000,0.000000,0.000000,0.069955,-0.090744,-0.319016,-0.126736,-0.094216,-0.321586,-0.028390,-0.092480,-0.320301,0.018536,-0.105164,-0.297329,-0.036320,-0.119963,-0.229399,-0.075294,-0.087062,-0.294898
2026-05-26 18:23:12.413,47.999954,0.000000,0.000000,0.000000,0.069955,-0.090744,-0.319016,-0.126736,-0.094216,-0.321586,-0.028390,-0.092480,-0.320301,0.019263,-0.105193,-0.297342,-0.035661,-0.120982,-0.229456,-0.075287,-0.091584,-0.294659
2026-05-26 18:23:12.513,48.099954,0.000000,0.000000,0.000000,0.069744,-0.091744,-0.318927,-0.126657,-0.095229,-0.321492,-0.028457,-0.093486,-0.320210,0.018536,-0.105164,-0.297329,-0.036320,-0.119963,-0.229399,-0.074548,-0.093623,-0.294566
2026-05-26 18:23:12.613,48.199954,0.000000,0.000000,0.000000,0.069744,-0.091744,-0.318927,-0.126736,-0.094216,-0.321586,-0.028496,-0.092980,-0.320257,0.018536,-0.105164,-0.297329,-0.036378,-0.120954,-0.229443,-0.074546,-0.096638,-0.294407
2026-05-26 18:23:12.713,48.299954,0.000000,0.000000,0.000000,0.069955,-0.090744,-0.319016,-0.126814,-0.093203,-0.321680,-0.028429,-0.091973,-0.320348,0.019253,-0.105106,-0.298066,-0.035661,-0.120982,-0.229456,-0.074548,-0.092618,-0.294619
2026-05-26 18:23:12.813,48.399954,0.000000,0.000000,0.000000,0.069955,-0.090744,-0.319016,-0.126736,-0.094216,-0.321586,-0.028390,-0.092480,-0.320301,0.018536,-0.105164,-0.297329,-0.036378,-0.120954,-0.229443,-0.074547,-0.094628,-0.294513
2026-05-26 18:23:12.913,48.499954,0.000000,0.000000,0.000000,0.069744,-0.091744,-0.318927,-0.126814,-0.093203,-0.321680,-0.028535,-0.092473,-0.320304,0.018526,-0.105077,-0.298052,-0.036349,-0.120458,-0.229421,-0.074547,-0.095633,-0.294460
2026-05-26 18:23:13.013,48.599954,0.000000,0.000000,0.000000,0.069744,-0.091744,-0.318927,-0.126736,-0.094216,-0.321586,-0.028496,-0.092980,-0.320257,0.018397,-0.106164,-0.297271,-0.035603,-0.119991,-0.229412,-0.074546,-0.096638,-0.294407
2026-05-26 18:23:13.113,48.699954,0.000000,0.000000,0.000000,0.069744,-0.091744,-0.318927,-0.126736,-0.094216,-0.321586,-0.028496,-0.092980,-0.320257,0.018526,-0.105077,-0.298052,-0.036378,-0.120954,-0.229443,-0.074548,-0.092618,-0.294619
2026-05-26 18:23:13.213,48.799953,0.000000,0.000000,0.000000,0.069744,-0.091744,-0.318927,-0.126736,-0.094216,-0.321586,-0.028496,-0.092980,-0.320257,0.018526,-0.105077,-0.298052,-0.036378,-0.120954,-0.229443,-0.074548,-0.092618,-0.294619
2026-05-26 18:23:13.313,48.899953,0.000000,0.000000,0.000000,0.069744,-0.091744,-0.318927,-0.126736,-0.094216,-0.321586,-0.028496,-0.092980,-0.320257,0.018536,-0.105164,-0.297329,-0.035603,-0.119991,-0.229412,-0.074548,-0.092618,-0.294619
2026-05-26 18:23:13.413,48.999953,0.000000,0.000000,0.000000,0.069744,-0.091744,-0.318927,-0.126736,-0.094216,-0.321586,-0.028496,-0.092980,-0.320257,0.018526,-0.105077,-0.298052,-0.036378,-0.120954,-0.229443,-0.074546,-0.096638,-0.294407
2026-05-26 18:23:13.513,49.099953,0.000000,0.000000,0.000000,0.069744,-0.091744,-0.318927,-0.126736,-0.094216,-0.321586,-0.028496,-0.092980,-0.320257,0.018536,-0.105164,-0.297329,-0.036330,-0.119877,-0.230112,-0.074547,-0.094628,-0.294513
2026-05-26 18:23:13.613,49.199953,0.000000,0.000000,0.000000,0.069744,-0.091744,-0.318927,-0.126736,-0.094216,-0.321586,-0.028496,-0.092980,-0.320257,0.018536,-0.105164,-0.297329,-0.036330,-0.119877,-0.230112,-0.074549,-0.090609,-0.294726
2026-05-26 18:23:13.713,49.299953,0.000000,0.000000,0.000000,0.069744,-0.091744,-0.318927,-0.126736,-0.094216,-0.321586,-0.028496,-0.092980,-0.320257,0.018536,-0.105164,-0.297329,-0.036320,-0.119963,-0.229399,-0.074548,-0.093623,-0.294566
2026-05-26 18:23:13.813,49.399953,0.000000,0.000000,0.000000,0.069955,-0.090744,-0.319016,-0.126736,-0.094216,-0.321586,-0.028390,-0.092480,-0.320301,0.018526,-0.105077,-0.298052,-0.035661,-0.120982,-0.229456,-0.074547,-0.094628,-0.294513
2026-05-26 18:23:13.913,49.499953,0.000000,0.000000,0.000000,0.069744,-0.091744,-0.318927,-0.126657,-0.095229,-0.321492,-0.028457,-0.093486,-0.320210,0.018536,-0.105164,-0.297329,-0.036378,-0.120954,-0.229443,-0.074547,-0.094628,-0.294513
2026-05-26 18:23:14.013,49.599953,0.000000,0.000000,0.000000,0.069955,-0.090744,-0.319016,-0.126736,-0.094216,-0.321586,-0.028390,-0.092480,-0.320301,0.018536,-0.105164,-0.297329,-0.035603,-0.119991,-0.229412,-0.075294,-0.087565,-0.294871
2026-05-26 18:23:14.113,49.699953,0.000000,0.000000,0.000000,0.069734,-0.091655,-0.319665,-0.126657,-0.095229,-0.321492,-0.028462,-0.093442,-0.320579,0.018536,-0.105164,-0.297329,-0.036378,-0.120954,-0.229443,-0.074547,-0.094628,-0.294513
2026-05-26 18:23:14.213,49.799953,0.000000,0.000000,0.000000,0.069955,-0.090744,-0.319016,-0.126736,-0.094216,-0.321586,-0.028390,-0.092480,-0.320301,0.019263,-0.105193,-0.297342,-0.036378,-0.120954,-0.229443,-0.075287,-0.091584,-0.294659
2026-05-26 18:23:14.313,49.899952,0.000000,0.000000,0.000000,0.069744,-0.091744,-0.318927,-0.126814,-0.093203,-0.321680,-0.028535,-0.092473,-0.320304,0.018536,-0.105164,-0.297329,-0.036320,-0.119963,-0.229399,-0.074546,-0.097643,-0.294354
2026-05-26 18:23:14.413,49.999952,0.000000,0.000000,0.000000,0.069955,-0.090744,-0.319016,-0.126657,-0.095229,-0.321492,-0.028351,-0.092986,-0.320254,0.018397,-0.106164,-0.297271,-0.035661,-0.120982,-0.229456,-0.075290,-0.089575,-0.294765
2026-05-26 18:23:14.513,50.099952,0.000000,0.000000,0.000000,0.069744,-0.091744,-0.318927,-0.126657,-0.095229,-0.321492,-0.028457,-0.093486,-0.320210,0.018536,-0.105164,-0.297329,-0.035661,-0.120982,-0.229456,-0.074547,-0.095633,-0.294460
2026-05-26 18:23:14.613,50.199952,0.000000,0.000000,0.000000,0.069744,-0.091744,-0.318927,-0.126736,-0.094216,-0.321586,-0.028496,-0.092980,-0.320257,0.018536,-0.105164,-0.297329,-0.036378,-0.120954,-0.229443,-0.074547,-0.095633,-0.294460
2026-05-26 18:23:14.713,50.299952,0.000000,0.000000,0.000000,0.069744,-0.091744,-0.318927,-0.126657,-0.095229,-0.321492,-0.028457,-0.093486,-0.320210,0.018536,-0.105164,-0.297329,-0.035661,-0.120982,-0.229456,-0.075289,-0.090580,-0.294712
2026-05-26 18:23:14.813,50.399952,0.000000,0.000000,0.000000,0.069744,-0.091744,-0.318927,-0.126657,-0.095229,-0.321492,-0.028457,-0.093486,-0.320210,0.018397,-0.106164,-0.297271,-0.035603,-0.119991,-0.229412,-0.074548,-0.092618,-0.294619
2026-05-26 18:23:14.913,50.499952,0.000000,0.000000,0.000000,0.069955,-0.090744,-0.319016,-0.126657,-0.095229,-0.321492,-0.028351,-0.092986,-0.320254,0.018397,-0.106164,-0.297271,-0.036378,-0.120954,-0.229443,-0.074548,-0.092618,-0.294619
2026-05-26 18:23:15.013,50.599952,0.000000,0.000000,0.000000,0.069744,-0.091744,-0.318927,-0.126736,-0.094216,-0.321586,-0.028496,-0.092980,-0.320257,0.019263,-0.105193,-0.297342,-0.036378,-0.120954,-0.229443,-0.074548,-0.092618,-0.294619
2026-05-26 18:23:15.113,50.699952,0.000000,0.000000,0.000000,0.069744,-0.091744,-0.318927,-0.126736,-0.094216,-0.321586,-0.028496,-0.092980,-0.320257,0.018397,-0.106164,-0.297271,-0.035661,-0.120982,-0.229456,-0.074547,-0.095633,-0.294460
2026-05-26 18:23:15.213,50.799952,0.000000,0.000000,0.000000,0.069744,-0.091744,-0.318927,-0.126736,-0.094216,-0.321586,-0.028496,-0.092980,-0.320257,0.018397,-0.106164,-0.297271,-0.035661,-0.120982,-0.229456,-0.075290,-0.089575,-0.294765
2026-05-26 18:23:15.313,50.899951,0.000000,0.000000,0.000000,0.069744,-0.091744,-0.318927,-0.126579,-0.096242,-0.321398,-0.028417,-0.093993,-0.320163,0.018536,-0.105164,-0.297329,-0.036378,-0.120954,-0.229443,-0.074547,-0.094628,-0.294513
2026-05-26 18:23:15.413,50.999951,0.000000,0.000000,0.000000,0.069955,-0.090744,-0.319016,-0.126736,-0.094216,-0.321586,-0.028390,-0.092480,-0.320301,0.018397,-0.106164,-0.297271,-0.037710,-0.118830,-0.230042,-0.075281,-0.095604,-0.294447
2026-05-26 18:23:15.513,51.099951,0.000000,0.000000,0.000000,0.069955,-0.090744,-0.319016,-0.126736,-0.094216,-0.321586,-0.028390,-0.092480,-0.320301,0.019263,-0.105193,-0.297342,-0.038384,-0.117725,-0.230701,-0.075279,-0.096609,-0.294394
2026-05-26 18:23:15.613,51.199951,0.000000,0.000000,0.000000,0.069744,-0.091744,-0.318927,-0.126736,-0.094216,-0.321586,-0.028496,-0.092980,-0.320257,0.019113,-0.106106,-0.298007,-0.039886,-0.118573,-0.231432,-0.075281,-0.095604,-0.294447
2026-05-26 18:23:15.713,51.299951,0.000000,0.000000,0.000000,0.069744,-0.091744,-0.318927,-0.126657,-0.095229,-0.321492,-0.028457,-0.093486,-0.320210,0.019113,-0.106106,-0.298007,-0.040726,-0.120357,-0.232927,-0.075286,-0.098532,-0.295014
2026-05-26 18:23:15.813,51.399951,0.000000,0.000000,0.000000,0.069533,-0.092744,-0.318839,-0.126736,-0.094216,-0.321586,-0.028602,-0.093480,-0.320213,0.018973,-0.107106,-0.297948,-0.041403,-0.119251,-0.233588,0.081279,-0.099856,-0.372165
2026-05-26 18:23:15.913,51.499951,0.000000,0.000000,0.000000,0.069744,-0.091744,-0.318927,-0.126657,-0.095229,-0.321492,-0.028457,-0.093486,-0.320210,0.019113,-0.106106,-0.298007,-0.041363,-0.118174,-0.234265,-0.076019,-0.097498,-0.295055
2026-05-26 18:23:16.013,51.599951,0.000000,0.000000,0.000000,0.069744,-0.091744,-0.318927,-0.126736,-0.094216,-0.321586,-0.028496,-0.092980,-0.320257,0.018973,-0.107106,-0.297948,-0.041423,-0.119080,-0.235016,-0.076254,-0.011061,-0.299709
2026-05-26 18:23:16.113,51.699951,0.000000,0.000000,0.000000,0.069744,-0.091744,-0.318927,-0.126736,-0.094216,-0.321586,-0.028496,-0.092980,-0.320257,0.018823,-0.108019,-0.298609,-0.041482,-0.119987,-0.235764,-0.076024,-0.099421,-0.295672
2026-05-26 18:23:16.213,51.799951,0.000000,0.000000,0.000000,0.069955,-0.090744,-0.319016,-0.126736,-0.094216,-0.321586,-0.028390,-0.092480,-0.320301,0.018963,-0.107019,-0.298669,-0.041472,-0.120073,-0.235052,-0.076271,-0.008952,-0.300640
2026-05-26 18:23:16.313,51.899951,0.000000,0.000000,0.000000,0.069744,-0.091744,-0.318927,-0.126657,-0.095229,-0.321492,-0.028457,-0.093486,-0.320210,0.018973,-0.107106,-0.297948,-0.040756,-0.120101,-0.235065,-0.076022,-0.096493,-0.295109
2026-05-26 18:23:16.413,51.999950,0.000000,0.000000,0.000000,0.069533,-0.092744,-0.318839,-0.126657,-0.095229,-0.321492,-0.028562,-0.093986,-0.320166,0.019830,-0.106048,-0.298743,-0.040654,-0.118117,-0.234993,-0.076266,-0.010963,-0.300530
2026-05-26 18:23:16.513,52.099950,0.000000,0.000000,0.000000,0.069744,-0.091744,-0.318927,-0.126725,-0.094303,-0.320860,-0.028491,-0.093023,-0.319894,0.019699,-0.107134,-0.297962,-0.040715,-0.119023,-0.235743,0.850595,0.690684,0.190109
2026-05-26 18:23:16.613,52.199950,0.000000,0.000000,0.000000,0.069744,-0.091744,-0.318927,-0.126657,-0.095229,-0.321492,-0.028457,-0.093486,-0.320210,0.019103,-0.106019,-0.298730,-0.040730,-0.119605,-0.235047,-0.076015,-0.099005,-0.294974
2026-05-26 18:23:16.713,52.299950,0.000000,0.000000,0.000000,0.069744,-0.091744,-0.318927,-0.126657,-0.095229,-0.321492,-0.028457,-0.093486,-0.320210,0.019689,-0.107048,-0.298683,-0.040756,-0.120101,-0.235065,0.847714,0.688873,0.189564
2026-05-26 18:23:16.813,52.399950,0.000000,0.000000,0.000000,0.069744,-0.091744,-0.318927,-0.126736,-0.094216,-0.321586,-0.028496,-0.092980,-0.320257,0.019689,-0.107048,-0.298683,-0.040705,-0.119109,-0.235029,-0.076266,-0.010963,-0.300530
2026-05-26 18:23:16.913,52.499950,0.000000,0.000000,0.000000,0.069744,-0.091744,-0.318927,-0.126736,-0.094216,-0.321586,-0.028496,-0.092980,-0.320257,0.018823,-0.108019,-0.298609,-0.041472,-0.120073,-0.235052,-0.077091,-0.010930,-0.300515
2026-05-26 18:23:17.013,52.599950,0.000000,0.000000,0.000000,0.069533,-0.092744,-0.318839,-0.126736,-0.094216,-0.321586,-0.028602,-0.093480,-0.320213,0.018973,-0.107106,-0.297948,-0.040654,-0.118117,-0.234993,-0.076268,-0.009958,-0.300585
2026-05-26 18:23:17.113,52.699950,0.000000,0.000000,0.000000,0.069955,-0.090744,-0.319016,-0.126736,-0.094216,-0.321586,-0.028390,-0.092480,-0.320301,0.018973,-0.107106,-0.297948,-0.040664,-0.118031,-0.235708,-0.076027,-0.098416,-0.295728
2026-05-26 18:23:17.213,52.799950,0.000000,0.000000,0.000000,0.069744,-0.091744,-0.318927,-0.126736,-0.094216,-0.321586,-0.028496,-0.092980,-0.320257,0.018823,-0.108019,-0.298609,-0.040705,-0.119109,-0.235029,-0.076260,-0.012973,-0.300420
2026-05-26 18:23:17.313,52.899950,0.000000,0.000000,0.000000,0.069744,-0.091744,-0.318927,-0.126736,-0.094216,-0.321586,-0.028496,-0.092980,-0.320257,0.019840,-0.106135,-0.298021,-0.040756,-0.120101,-0.235065,-0.076266,-0.010963,-0.300530
2026-05-26 18:23:17.413,52.999949,0.000000,0.000000,0.000000,0.069744,-0.091744,-0.318927,-0.126736,-0.094216,-0.321586,-0.028496,-0.092980,-0.320257,0.019689,-0.107048,-0.298683,-0.040756,-0.120101,-0.235065,0.082240,-0.098876,-0.372349
2026-05-26 18:23:17.513,53.099949,0.000000,0.000000,0.000000,0.069744,-0.091744,-0.318927,-0.126736,-0.094216,-0.321586,-0.028496,-0.092980,-0.320257,0.018963,-0.107019,-0.298669,-0.041423,-0.119080,-0.235016,-0.077091,-0.010930,-0.300515
2026-05-26 18:23:17.613,53.199949,0.000000,0.000000,0.000000,0.069744,-0.091744,-0.318927,-0.126657,-0.095229,-0.321492,-0.028457,-0.093486,-0.320210,0.018963,-0.107019,-0.298669,-0.040705,-0.119109,-0.235029,-0.076019,-0.097498,-0.295055
2026-05-26 18:23:17.713,53.299949,0.000000,0.000000,0.000000,0.069533,-0.092744,-0.318839,-0.126657,-0.095229,-0.321492,-0.028562,-0.093986,-0.320166,0.018823,-0.108019,-0.298609,-0.041423,-0.119080,-0.235016,-0.076263,-0.011968,-0.300475
2026-05-26 18:23:17.813,53.399949,0.000000,0.000000,0.000000,0.069744,-0.091744,-0.318927,-0.126736,-0.094216,-0.321586,-0.028496,-0.092980,-0.320257,0.018904,-0.107605,-0.297919,-0.040705,-0.119109,-0.235029,-0.076254,-0.011061,-0.299709
2026-05-26 18:23:17.913,53.499949,0.000000,0.000000,0.000000,0.069744,-0.091744,-0.318927,-0.126657,-0.095229,-0.321492,-0.028457,-0.093486,-0.320210,0.018963,-0.107019,-0.298669,-0.040654,-0.118117,-0.234993,-0.076017,-0.098503,-0.295001
2026-05-26 18:23:18.013,53.599949,0.000000,0.000000,0.000000,0.069744,-0.091744,-0.318927,-0.126736,-0.094216,-0.321586,-0.028496,-0.092980,-0.320257,0.019103,-0.106019,-0.298730,-0.040705,-0.119109,-0.235029,-0.076134,-0.055285,-0.297328
2026-05-26 18:23:18.113,53.699949,0.000000,0.000000,0.000000,0.069744,-0.091744,-0.318927,-0.126736,-0.094216,-0.321586,-0.028496,-0.092980,-0.320257,0.018963,-0.107019,-0.298669,-0.040705,-0.119109,-0.235029,-0.076032,-0.096405,-0.295838
2026-05-26 18:23:18.213,53.799949,0.000000,0.000000,0.000000,0.069734,-0.091655,-0.319665,-0.126736,-0.094216,-0.321586,-0.028501,-0.092936,-0.320626,0.018963,-0.107019,-0.298669,-0.040705,-0.119109,-0.235029,-0.076019,-0.097498,-0.295055
2026-05-26 18:23:18.313,53.899949,0.000000,0.000000,0.000000,0.069744,-0.091744,-0.318927,-0.126725,-0.094303,-0.320860,-0.028491,-0.093023,-0.319894,0.019830,-0.106048,-0.298743,-0.040705,-0.119109,-0.235029,-0.076022,-0.096493,-0.295109
2026-05-26 18:23:18.413,53.999949,0.000000,0.000000,0.000000,0.069744,-0.091744,-0.318927,-0.126736,-0.094216,-0.321586,-0.028496,-0.092980,-0.320257,0.019103,-0.106019,-0.298730,-0.040654,-0.118117,-0.234993,-0.076257,-0.010056,-0.299763
2026-05-26 18:23:18.513,54.099948,0.000000,0.000000,0.000000,0.069744,-0.091744,-0.318927,-0.126736,-0.094216,-0.321586,-0.028496,-0.092980,-0.320257,0.018963,-0.107019,-0.298669,-0.040654,-0.118117,-0.234993,-0.076017,-0.098503,-0.295001
2026-05-26 18:23:18.613,54.199948,0.000000,0.000000,0.000000,0.069744,-0.091744,-0.318927,-0.126725,-0.094303,-0.320860,-0.028491,-0.093023,-0.319894,0.018973,-0.107106,-0.297948,-0.040705,-0.119109,-0.235029,-0.076254,-0.011061,-0.299709
2026-05-26 18:23:18.713,54.299948,0.000000,0.000000,0.000000,0.069744,-0.091744,-0.318927,-0.126736,-0.094216,-0.321586,-0.028496,-0.092980,-0.320257,0.018963,-0.107019,-0.298669,-0.040705,-0.119109,-0.235029,-0.076254,-0.011061,-0.299709
2026-05-26 18:23:18.813,54.399948,0.000000,0.000000,0.000000,0.069744,-0.091744,-0.318927,-0.126736,-0.094216,-0.321586,-0.028496,-0.092980,-0.320257,0.018963,-0.107019,-0.298669,-0.040756,-0.120101,-0.235065,-0.076024,-0.099421,-0.295672
2026-05-26 18:23:18.913,54.499948,0.000000,0.000000,0.000000,0.069744,-0.091744,-0.318927,-0.126736,-0.094216,-0.321586,-0.028496,-0.092980,-0.320257,0.018963,-0.107019,-0.298669,-0.040705,-0.119109,-0.235029,0.081036,-0.100779,-0.372716
2026-05-26 18:23:19.013,54.599948,0.000000,0.000000,0.000000,0.069744,-0.091744,-0.318927,-0.126736,-0.094216,-0.321586,-0.028496,-0.092980,-0.320257,0.018963,-0.107019,-0.298669,-0.040756,-0.120101,-0.235065,-0.076011,-0.100513,-0.294892
2026-05-26 18:23:19.113,54.699948,0.000000,0.000000,0.000000,0.069955,-0.090744,-0.319016,-0.126736,-0.094216,-0.321586,-0.028390,-0.092480,-0.320301,0.018823,-0.108019,-0.298609,-0.040705,-0.119109,-0.235029,-0.076021,-0.100426,-0.295617
2026-05-26 18:23:19.213,54.799948,0.000000,0.000000,0.000000,0.069744,-0.091744,-0.318927,-0.126736,-0.094216,-0.321586,-0.028496,-0.092980,-0.320257,0.018963,-0.107019,-0.298669,-0.040705,-0.119109,-0.235029,-0.076008,-0.101518,-0.294838
2026-05-26 18:23:19.313,54.899948,0.000000,0.000000,0.000000,0.069744,-0.091744,-0.318927,-0.126657,-0.095229,-0.321492,-0.028457,-0.093486,-0.320210,0.018963,-0.107019,-0.298669,-0.040705,-0.119109,-0.235029,-0.076263,-0.011968,-0.300475
2026-05-26 18:23:19.413,54.999948,0.000000,0.000000,0.000000,0.069744,-0.091744,-0.318927,-0.126736,-0.094216,-0.321586,-0.028496,-0.092980,-0.320257,0.019103,-0.106019,-0.298730,-0.040705,-0.119109,-0.235029,-0.076014,-0.099508,-0.294947
2026-05-26 18:23:19.513,55.099947,0.000000,0.000000,0.000000,0.069744,-0.091744,-0.318927,-0.126657,-0.095229,-0.321492,-0.028457,-0.093486,-0.320210,0.018963,-0.107019,-0.298669,-0.040705,-0.119109,-0.235029,-0.076024,-0.099421,-0.295672
2026-05-26 18:23:19.613,55.199947,0.000000,0.000000,0.000000,0.069744,-0.091744,-0.318927,-0.126736,-0.094216,-0.321586,-0.028496,-0.092980,-0.320257,0.018973,-0.107106,-0.297948,-0.040756,-0.120101,-0.235065,-0.076263,-0.011968,-0.300475
2026-05-26 18:23:19.713,55.299947,0.000000,0.000000,0.000000,0.069744,-0.091744,-0.318927,-0.126657,-0.095229,-0.321492,-0.028457,-0.093486,-0.320210,0.018823,-0.108019,-0.298609,-0.040756,-0.120101,-0.235065,-0.076014,-0.099508,-0.294947
2026-05-26 18:23:19.813,55.399947,0.000000,0.000000,0.000000,0.069955,-0.090744,-0.319016,-0.126657,-0.095229,-0.321492,-0.028351,-0.092986,-0.320254,0.018823,-0.108019,-0.298609,-0.040705,-0.119109,-0.235029,-0.076260,-0.009051,-0.299817
2026-05-26 18:23:19.913,55.499947,0.000000,0.000000,0.000000,0.069744,-0.091744,-0.318927,-0.126657,-0.095229,-0.321492,-0.028457,-0.093486,-0.320210,0.018823,-0.108019,-0.298609,-0.040705,-0.119109,-0.235029,-0.076015,-0.099005,-0.294974
2026-05-26 18:23:20.013,55.599947,0.000000,0.000000,0.000000,0.069955,-0.090744,-0.319016,-0.126657,-0.095229,-0.321492,-0.028351,-0.092986,-0.320254,0.018963,-0.107019,-0.298669,-0.040705,-0.119109,-0.235029,-0.076024,-0.099421,-0.295672
2026-05-26 18:23:20.113,55.699947,0.000000,0.000000,0.000000,0.069744,-0.091744,-0.318927,-0.126736,-0.094216,-0.321586,-0.028496,-0.092980,-0.320257,0.018963,-0.107019,-0.298669,-0.040705,-0.119109,-0.235029,-0.076017,-0.098503,-0.295001
2026-05-26 18:23:20.213,55.799947,0.000000,0.000000,0.000000,0.069744,-0.091744,-0.318927,-0.126657,-0.095229,-0.321492,-0.028457,-0.093486,-0.320210,0.018973,-0.107106,-0.297948,-0.040756,-0.120101,-0.235065,-0.076014,-0.099508,-0.294947
2026-05-26 18:23:20.313,55.899947,0.000000,0.000000,0.000000,0.069744,-0.091744,-0.318927,-0.126736,-0.094216,-0.321586,-0.028496,-0.092980,-0.320257,0.018973,-0.107106,-0.297948,-0.040705,-0.119109,-0.235029,-0.076024,-0.099421,-0.295672
2026-05-26 18:23:20.413,55.999947,0.000000,0.000000,0.000000,0.069744,-0.091744,-0.318927,-0.126736,-0.094216,-0.321586,-0.028496,-0.092980,-0.320257,0.018963,-0.107019,-0.298669,-0.040705,-0.119109,-0.235029,-0.076254,-0.011061,-0.299709
2026-05-26 18:23:20.513,56.099946,0.000000,0.000000,0.000000,0.069744,-0.091744,-0.318927,-0.126657,-0.095229,-0.321492,-0.028457,-0.093486,-0.320210,0.019113,-0.106106,-0.298007,-0.040705,-0.119109,-0.235029,-0.076257,-0.010056,-0.299763
2026-05-26 18:23:20.613,56.199946,0.000000,0.000000,0.000000,0.069744,-0.091744,-0.318927,-0.126736,-0.094216,-0.321586,-0.028496,-0.092980,-0.320257,0.019840,-0.106135,-0.298021,-0.040705,-0.119109,-0.235029,0.850025,0.689543,0.191507
2026-05-26 18:23:20.713,56.299946,0.000000,0.000000,0.000000,0.069744,-0.091744,-0.318927,-0.126657,-0.095229,-0.321492,-0.028457,-0.093486,-0.320210,0.019103,-0.106019,-0.298730,-0.040756,-0.120101,-0.235065,-0.076251,-0.012066,-0.299655
2026-05-26 18:23:20.813,56.399946,0.000000,0.000000,0.000000,0.069533,-0.092744,-0.318839,-0.126657,-0.095229,-0.321492,-0.028562,-0.093986,-0.320166,0.018963,-0.107019,-0.298669,-0.039987,-0.119137,-0.235043,-0.076257,-0.010056,-0.299763
2026-05-26 18:23:20.913,56.499946,0.000000,0.000000,0.000000,0.069744,-0.091744,-0.318927,-0.126736,-0.094216,-0.321586,-0.028496,-0.092980,-0.320257,0.019103,-0.106019,-0.298730,-0.040039,-0.120129,-0.235078,-0.076266,-0.010963,-0.300530
2026-05-26 18:23:21.013,56.599946,0.000000,0.000000,0.000000,0.069744,-0.091744,-0.318927,-0.126736,-0.094216,-0.321586,-0.028496,-0.092980,-0.320257,0.019103,-0.106019,-0.298730,-0.039987,-0.119137,-0.235043,-0.076019,-0.097498,-0.295055
2026-05-26 18:23:21.113,56.699946,0.000000,0.000000,0.000000,0.069744,-0.091744,-0.318927,-0.126725,-0.094303,-0.320860,-0.028491,-0.093023,-0.319894,0.018963,-0.107019,-0.298669,-0.040705,-0.119109,-0.235029,-0.076260,-0.009051,-0.299817
2026-05-26 18:23:21.213,56.799946,0.000000,0.000000,0.000000,0.069945,-0.090655,-0.319755,-0.126657,-0.095229,-0.321492,-0.028356,-0.092942,-0.320624,0.018823,-0.108019,-0.298609,-0.039987,-0.119137,-0.235043,-0.076261,-0.008548,-0.299844
2026-05-26 18:23:21.313,56.899946,0.000000,0.000000,0.000000,0.069955,-0.090744,-0.319016,-0.126657,-0.095229,-0.321492,-0.028351,-0.092986,-0.320254,0.018963,-0.107019,-0.298669,-0.039936,-0.118145,-0.235007,-0.076024,-0.099421,-0.295672
2026-05-26 18:23:21.413,56.999946,0.000000,0.000000,0.000000,0.069744,-0.091744,-0.318927,-0.126736,-0.094216,-0.321586,-0.028496,-0.092980,-0.320257,0.018963,-0.107019,-0.298669,-0.041423,-0.119080,-0.235016,-0.076267,-0.010460,-0.300558
2026-05-26 18:23:21.513,57.099946,0.000000,0.000000,0.000000,0.069744,-0.091744,-0.318927,-0.126657,-0.095229,-0.321492,-0.028457,-0.093486,-0.320210,0.018963,-0.107019,-0.298669,-0.042043,-0.117068,-0.234930,-0.076262,-0.008046,-0.299871
2026-05-26 18:23:21.613,57.199945,0.000000,0.000000,0.000000,0.069744,-0.091744,-0.318927,-0.126736,-0.094216,-0.321586,-0.028496,-0.092980,-0.320257,0.019830,-0.106048,-0.298743,-0.043529,-0.118003,-0.234939,-0.076021,-0.096995,-0.295082
2026-05-26 18:23:21.713,57.299945,0.000000,0.000000,0.000000,0.069533,-0.092744,-0.318839,-0.126657,-0.095229,-0.321492,-0.028562,-0.093986,-0.320166,0.018963,-0.107019,-0.298669,-0.044922,-0.116954,-0.234877,-0.076258,-0.009554,-0.299790
2026-05-26 18:23:21.813,57.399945,0.000000,0.000000,0.000000,0.069744,-0.091744,-0.318927,-0.126736,-0.094216,-0.321586,-0.028496,-0.092980,-0.320257,0.018963,-0.107019,-0.298669,-0.045512,-0.113948,-0.234755,-0.827407,0.688270,-0.224352
2026-05-26 18:23:21.913,57.499945,0.000000,0.000000,0.000000,0.069955,-0.090744,-0.319016,-0.126736,-0.094216,-0.321586,-0.028390,-0.092480,-0.320301,0.018823,-0.108019,-0.298609,-0.046927,-0.112812,-0.235412,-0.076254,-0.011061,-0.299709
2026-05-26 18:23:22.013,57.599945,0.000000,0.000000,0.000000,0.069744,-0.091744,-0.318927,-0.126647,-0.095316,-0.320768,-0.028452,-0.093530,-0.319848,0.018099,-0.107990,-0.298596,-0.047651,-0.112784,-0.235399,-0.075296,-0.098445,-0.295741
2026-05-26 18:23:22.113,57.699945,0.000000,0.000000,0.000000,0.069744,-0.091744,-0.318927,-0.126736,-0.094216,-0.321586,-0.028496,-0.092980,-0.320257,0.018963,-0.107019,-0.298669,-0.044193,-0.005443,-0.232434,-1.065399,1.012251,-0.287356
2026-05-26 18:23:22.213,57.799945,0.000000,0.000000,0.000000,0.069955,-0.090744,-0.319016,-0.126657,-0.095229,-0.321492,-0.028351,-0.092986,-0.320254,0.018099,-0.107990,-0.298596,-0.048395,-0.112583,-0.236826,-1.160426,1.166861,0.040296
2026-05-26 18:23:22.313,57.899945,0.000000,0.000000,0.000000,0.069533,-0.092744,-0.318839,-0.126814,-0.093203,-0.321680,-0.028641,-0.092974,-0.320260,0.018813,-0.107933,-0.299330,-0.045047,-0.005309,-0.233256,-1.272677,1.244356,-0.310752
2026-05-26 18:23:22.413,57.999945,0.000000,0.000000,0.000000,0.069955,-0.090744,-0.319016,-0.126736,-0.094216,-0.321586,-0.028390,-0.092480,-0.320301,0.018813,-0.107933,-0.299330,-0.045058,-0.005209,-0.234093,-0.075440,-0.010995,-0.300546
2026-05-26 18:23:22.513,58.099945,0.000000,0.000000,0.000000,0.069955,-0.090744,-0.319016,-0.126736,-0.094216,-0.321586,-0.028390,-0.092480,-0.320301,0.018813,-0.107933,-0.299330,-0.045145,-0.007095,-0.234992,-1.527581,1.516489,-0.301476
2026-05-26 18:23:22.613,58.199944,0.000000,0.000000,0.000000,0.069955,-0.090744,-0.319016,-0.126579,-0.096242,-0.321398,-0.028312,-0.093493,-0.320207,0.018823,-0.108019,-0.298609,-0.045948,-0.006068,-0.234946,-1.646014,1.672505,-0.237018
2026-05-26 18:23:22.713,58.299944,0.000000,0.000000,0.000000,0.069744,-0.091744,-0.318927,-0.126647,-0.095316,-0.320768,-0.028452,-0.093530,-0.319848,0.018823,-0.108019,-0.298609,-0.045960,-0.005968,-0.235782,-1.554624,1.772367,-0.327694
2026-05-26 18:23:22.813,58.399944,0.000000,0.000000,0.000000,0.069955,-0.090744,-0.319016,-0.126657,-0.095229,-0.321492,-0.028351,-0.092986,-0.320254,0.018089,-0.107904,-0.299316,-0.045960,-0.005968,-0.235782,-0.075296,-0.098445,-0.295741
2026-05-26 18:23:22.913,58.499944,0.000000,0.000000,0.000000,0.069744,-0.091744,-0.318927,-0.126657,-0.095229,-0.321492,-0.028457,-0.093486,-0.320210,0.018813,-0.107933,-0.299330,-0.046812,-0.005835,-0.236603,-0.074566,-0.097468,-0.295810
2026-05-26 18:23:23.013,58.599944,0.000000,0.000000,0.000000,0.069955,-0.090744,-0.319016,-0.126657,-0.095229,-0.321492,-0.028351,-0.092986,-0.320254,0.018823,-0.108019,-0.298609,-0.046848,-0.006828,-0.236632,-0.074565,-0.098473,-0.295755
2026-05-26 18:23:23.113,58.699944,0.000000,0.000000,0.000000,0.069744,-0.091744,-0.318927,-0.126657,-0.095229,-0.321492,-0.028457,-0.093486,-0.320210,0.018089,-0.107904,-0.299316,-0.046812,-0.005835,-0.236603,0.082229,-0.098789,-0.373072
2026-05-26 18:23:23.213,58.799944,0.000000,0.000000,0.000000,0.069955,-0.090744,-0.319016,-0.126657,-0.095229,-0.321492,-0.028351,-0.092986,-0.320254,0.018813,-0.107933,-0.299330,-0.046895,-0.007722,-0.237494,-0.074566,-0.097468,-0.295810
2026-05-26 18:23:23.313,58.899944,0.000000,0.000000,0.000000,0.069744,-0.091744,-0.318927,-0.126736,-0.094216,-0.321586,-0.028496,-0.092980,-0.320257,0.018813,-0.107933,-0.299330,-0.046824,-0.005735,-0.237439,-1.753274,2.416172,-1.009905
2026-05-26 18:23:23.413,58.999944,0.000000,0.000000,0.000000,0.069734,-0.091655,-0.319665,-0.126725,-0.094303,-0.320860,-0.028496,-0.092979,-0.320263,0.018823,-0.108019,-0.298609,-0.046824,-0.005735,-0.237439,0.082240,-0.098876,-0.372349
2026-05-26 18:23:23.513,59.099944,0.000000,0.000000,0.000000,0.069744,-0.091744,-0.318927,-0.126657,-0.095229,-0.321492,-0.028457,-0.093486,-0.320210,0.017951,-0.108904,-0.299255,-0.046789,-0.004741,-0.237412,0.082825,-0.096353,-0.372774
2026-05-26 18:23:23.613,59.199944,0.000000,0.000000,0.000000,0.069955,-0.090744,-0.319016,-0.126657,-0.095229,-0.321492,-0.028351,-0.092986,-0.320254,0.018089,-0.107904,-0.299316,-0.047665,-0.005701,-0.237423,0.082474,-0.097867,-0.372519
2026-05-26 18:23:23.713,59.299943,0.000000,0.000000,0.000000,0.069955,-0.090744,-0.319016,-0.126657,-0.095229,-0.321492,-0.028351,-0.092986,-0.320254,0.018684,-0.109019,-0.298549,-0.046789,-0.004741,-0.237412,-0.074565,-0.098473,-0.295755
2026-05-26 18:23:23.813,59.399943,0.000000,0.000000,0.000000,0.069955,-0.090744,-0.319016,-0.126736,-0.094216,-0.321586,-0.028390,-0.092480,-0.320301,0.018823,-0.108019,-0.298609,-0.047630,-0.004708,-0.237396,0.082474,-0.097867,-0.372519
2026-05-26 18:23:23.913,59.499943,0.000000,0.000000,0.000000,0.069744,-0.091744,-0.318927,-0.126657,-0.095229,-0.321492,-0.028457,-0.093486,-0.320210,0.018823,-0.108019,-0.298609,-0.047665,-0.005701,-0.237423,-0.074566,-0.097468,-0.295810
2026-05-26 18:23:24.013,59.599943,0.000000,0.000000,0.000000,0.069744,-0.091744,-0.318927,-0.126657,-0.095229,-0.321492,-0.028457,-0.093486,-0.320210,0.017951,-0.108904,-0.299255,-0.047699,-0.006695,-0.237451,0.081512,-0.098847,-0.372335
2026-05-26 18:23:24.113,59.699943,0.000000,0.000000,0.000000,0.069955,-0.090744,-0.319016,-0.126725,-0.094303,-0.320860,-0.028385,-0.092523,-0.319938,0.018813,-0.107933,-0.299330,-0.047665,-0.005701,-0.237423,-0.074565,-0.099479,-0.295700
2026-05-26 18:23:24.213,59.799943,0.000000,0.000000,0.000000,0.069744,-0.091744,-0.318927,-0.126736,-0.094216,-0.321586,-0.028496,-0.092980,-0.320257,0.018089,-0.107904,-0.299316,-0.047630,-0.004708,-0.237396,-0.074565,-0.098473,-0.295755
2026-05-26 18:23:24.313,59.899943,0.000000,0.000000,0.000000,0.069955,-0.090744,-0.319016,-0.126657,-0.095229,-0.321492,-0.028351,-0.092986,-0.320254,0.018813,-0.107933,-0.299330,-0.047630,-0.004708,-0.237396,-0.074565,-0.098473,-0.295755
2026-05-26 18:23:24.413,59.999943,0.000000,0.000000,0.000000,0.069955,-0.090744,-0.319016,-0.126657,-0.095229,-0.321492,-0.028351,-0.092986,-0.320254,0.018099,-0.107990,-0.298596,-0.046824,-0.005735,-0.237439,-0.074565,-0.098473,-0.295755
2026-05-26 18:23:24.513,60.099943,0.000000,0.000000,0.000000,0.069734,-0.091655,-0.319665,-0.126657,-0.095229,-0.321492,-0.028462,-0.093442,-0.320579,0.018099,-0.107990,-0.298596,-0.047630,-0.004708,-0.237396,-0.074565,-0.099479,-0.295700
2026-05-26 18:23:24.613,60.199943,0.000000,0.000000,0.000000,0.069955,-0.090744,-0.319016,-0.126657,-0.095229,-0.321492,-0.028351,-0.092986,-0.320254,0.018089,-0.107904,-0.299316,-0.046789,-0.004741,-0.237412,-0.074565,-0.098473,-0.295755
2026-05-26 18:23:24.713,60.299942,0.000000,0.000000,0.000000,0.069744,-0.091744,-0.318927,-0.126736,-0.094216,-0.321586,-0.028496,-0.092980,-0.320257,0.017951,-0.108904,-0.299255,-0.046789,-0.004741,-0.237412,0.082229,-0.098789,-0.373072
2026-05-26 18:23:24.813,60.399942,0.000000,0.000000,0.000000,0.069744,-0.091744,-0.318927,-0.126736,-0.094216,-0.321586,-0.028496,-0.092980,-0.320257,0.018813,-0.107933,-0.299330,-0.047665,-0.005701,-0.237423,-0.074565,-0.099479,-0.295700
2026-05-26 18:23:24.913,60.499942,0.000000,0.000000,0.000000,0.069744,-0.091744,-0.318927,-0.126736,-0.094216,-0.321586,-0.028496,-0.092980,-0.320257,0.018813,-0.107933,-0.299330,-0.046824,-0.005735,-0.237439,0.082229,-0.098789,-0.373072
2026-05-26 18:23:25.013,60.599942,0.000000,0.000000,0.000000,0.069744,-0.091744,-0.318927,-0.126579,-0.096242,-0.321398,-0.028417,-0.093993,-0.320163,0.018953,-0.106933,-0.299391,-0.047630,-0.004708,-0.237396,-0.074565,-0.098473,-0.295755
2026-05-26 18:23:25.113,60.699942,0.000000,0.000000,0.000000,0.069744,-0.091744,-0.318927,-0.126647,-0.095316,-0.320768,-0.028452,-0.093530,-0.319848,0.018823,-0.108019,-0.298609,-0.047630,-0.004708,-0.237396,-1.850867,2.275718,-0.392416
2026-05-26 18:23:25.213,60.799942,0.000000,0.000000,0.000000,0.069744,-0.091744,-0.318927,-0.126736,-0.094216,-0.321586,-0.028496,-0.092980,-0.320257,0.018823,-0.108019,-0.298609,-0.047699,-0.006695,-0.237451,-1.918943,2.139130,-0.328475
2026-05-26 18:23:25.313,60.899942,0.000000,0.000000,0.000000,0.069744,-0.091744,-0.318927,-0.126725,-0.094303,-0.320860,-0.028491,-0.093023,-0.319894,0.018099,-0.107990,-0.298596,-0.047665,-0.005701,-0.237423,-1.823570,2.058510,-0.431000
2026-05-26 18:23:25.413,60.999942,0.000000,0.000000,0.000000,0.069744,-0.091744,-0.318927,-0.126657,-0.095229,-0.321492,-0.028457,-0.093486,-0.320210,0.017961,-0.108990,-0.298536,-0.047665,-0.005701,-0.237423,-1.640579,1.953459,-0.066198
2026-05-26 18:23:25.513,61.099942,0.000000,0.000000,0.000000,0.069744,-0.091744,-0.318927,-0.126736,-0.094216,-0.321586,-0.028496,-0.092980,-0.320257,0.017951,-0.108904,-0.299255,-0.047665,-0.005701,-0.237423,-1.567964,1.849515,-0.459216
2026-05-26 18:23:25.613,61.199942,0.000000,0.000000,0.000000,0.069955,-0.090744,-0.319016,-0.126736,-0.094216,-0.321586,-0.028390,-0.092480,-0.320301,0.018823,-0.108019,-0.298609,-0.047665,-0.005701,-0.237423,-1.618241,1.846528,0.085852
2026-05-26 18:23:25.713,61.299942,0.000000,0.000000,0.000000,0.069744,-0.091744,-0.318927,-0.126647,-0.095316,-0.320768,-0.028452,-0.093530,-0.319848,0.017951,-0.108904,-0.299255,-0.046824,-0.005735,-0.237439,-1.249513,1.888073,-0.358026
2026-05-26 18:23:25.813,61.399941,0.000000,0.000000,0.000000,0.069945,-0.090655,-0.319755,-0.126736,-0.094216,-0.321586,-0.028395,-0.092435,-0.320670,0.018823,-0.108019,-0.298609,-0.046842,-0.006231,-0.237453,-1.114466,1.838809,-0.059107
2026-05-26 18:23:25.913,61.499941,0.000000,0.000000,0.000000,0.069744,-0.091744,-0.318927,-0.126657,-0.095229,-0.321492,-0.028457,-0.093486,-0.320210,0.018813,-0.107933,-0.299330,-0.047699,-0.006695,-0.237451,0.082464,-0.097780,-0.373243
2026-05-26 18:23:26.013,61.599941,0.000000,0.000000,0.000000,0.069955,-0.090744,-0.319016,-0.126657,-0.095229,-0.321492,-0.028351,-0.092986,-0.320254,0.018823,-0.108019,-0.298609,-0.047665,-0.005701,-0.237423,-1.103088,1.470270,-0.213073
2026-05-26 18:23:26.113,61.699941,0.000000,0.000000,0.000000,0.069955,-0.090744,-0.319016,-0.126736,-0.094216,-0.321586,-0.028390,-0.092480,-0.320301,0.017951,-0.108904,-0.299255,-0.047665,-0.005701,-0.237423,-1.008848,1.462486,0.020217
2026-05-26 18:23:26.213,61.799941,0.000000,0.000000,0.000000,0.069744,-0.091744,-0.318927,-0.126736,-0.094216,-0.321586,-0.028496,-0.092980,-0.320257,0.018813,-0.107933,-0.299330,-0.046859,-0.006728,-0.237467,-0.858848,1.327051,-0.395361
2026-05-26 18:23:26.313,61.899941,0.000000,0.000000,0.000000,0.069955,-0.090744,-0.319016,-0.126657,-0.095229,-0.321492,-0.028351,-0.092986,-0.320254,0.018674,-0.108933,-0.299269,-0.046859,-0.006728,-0.237467,-0.821117,1.210738,-0.337489
2026-05-26 18:23:26.413,61.999941,0.000000,0.000000,0.000000,0.069945,-0.090655,-0.319755,-0.126736,-0.094216,-0.321586,-0.028395,-0.092435,-0.320670,0.018684,-0.109019,-0.298549,-0.047665,-0.005701,-0.237423,-0.687589,1.157568,-0.398849
2026-05-26 18:23:26.513,62.099941,0.000000,0.000000,0.000000,0.069744,-0.091744,-0.318927,-0.126736,-0.094216,-0.321586,-0.028496,-0.092980,-0.320257,0.018089,-0.107904,-0.299316,-0.046859,-0.006728,-0.237467,0.082240,-0.098876,-0.372349
2026-05-26 18:23:26.613,62.199941,0.000000,0.000000,0.000000,0.069744,-0.091744,-0.318927,-0.126657,-0.095229,-0.321492,-0.028457,-0.093486,-0.320210,0.018813,-0.107933,-0.299330,-0.046859,-0.006728,-0.237467,-0.639360,0.979937,-0.048139
2026-05-26 18:23:26.713,62.299941,0.000000,0.000000,0.000000,0.069955,-0.090744,-0.319016,-0.126736,-0.094216,-0.321586,-0.028390,-0.092480,-0.320301,0.018099,-0.107990,-0.298596,-0.046930,-0.008716,-0.237522,0.082464,-0.097780,-0.373243
2026-05-26 18:23:26.813,62.399940,0.000000,0.000000,0.000000,0.069744,-0.091744,-0.318927,-0.126736,-0.094216,-0.321586,-0.028496,-0.092980,-0.320257,0.018089,-0.107904,-0.299316,-0.047699,-0.006695,-0.237451,-0.553464,0.753550,-0.063738
2026-05-26 18:23:26.913,62.499940,0.000000,0.000000,0.000000,0.069955,-0.090744,-0.319016,-0.126657,-0.095229,-0.321492,-0.028351,-0.092986,-0.320254,0.017961,-0.108990,-0.298536,-0.047733,-0.007689,-0.237479,0.082474,-0.097867,-0.372519
2026-05-26 18:23:27.013,62.599940,0.000000,0.000000,0.000000,0.069955,-0.090744,-0.319016,-0.126657,-0.095229,-0.321492,-0.028351,-0.092986,-0.320254,0.018099,-0.107990,-0.298596,-0.046895,-0.007722,-0.237494,-0.485359,0.491041,-0.339604
2026-05-26 18:23:27.113,62.699940,0.000000,0.000000,0.000000,0.069744,-0.091744,-0.318927,-0.126657,-0.095229,-0.321492,-0.028457,-0.093486,-0.320210,0.018813,-0.107933,-0.299330,-0.047699,-0.006695,-0.237451,-0.585371,0.368399,-0.180476
2026-05-26 18:23:27.213,62.799940,0.000000,0.000000,0.000000,0.069744,-0.091744,-0.318927,-0.126657,-0.095229,-0.321492,-0.028457,-0.093486,-0.320210,0.018823,-0.108019,-0.298609,-0.047665,-0.005701,-0.237423,-0.554596,0.342834,-0.378796
2026-05-26 18:23:27.313,62.899940,0.000000,0.000000,0.000000,0.069744,-0.091744,-0.318927,-0.126736,-0.094216,-0.321586,-0.028496,-0.092980,-0.320257,0.018684,-0.109019,-0.298549,-0.046789,-0.004741,-0.237412,-0.548529,0.298933,-0.414688
2026-05-26 18:23:27.413,62.999940,0.000000,0.000000,0.000000,0.069955,-0.090744,-0.319016,-0.126736,-0.094216,-0.321586,-0.028390,-0.092480,-0.320301,0.018089,-0.107904,-0.299316,-0.047630,-0.004708,-0.237396,-0.606228,0.312080,0.031162
2026-05-26 18:23:27.513,63.099940,0.000000,0.000000,0.000000,0.069955,-0.090744,-0.319016,-0.126736,-0.094216,-0.321586,-0.028390,-0.092480,-0.320301,0.017951,-0.108904,-0.299255,-0.045983,-0.005768,-0.237455,-0.597964,0.318888,-0.338653
2026-05-26 18:23:27.613,63.199940,0.000000,0.000000,0.000000,0.069533,-0.092744,-0.318839,-0.126657,-0.095229,-0.321492,-0.028562,-0.093986,-0.320166,0.018099,-0.107990,-0.298596,-0.046068,-0.007655,-0.238344,-0.475133,0.306337,-0.025142
2026-05-26 18:23:27.713,63.299940,0.000000,0.000000,0.000000,0.069744,-0.091744,-0.318927,-0.126736,-0.094216,-0.321586,-0.028496,-0.092980,-0.320257,0.018238,-0.106990,-0.298656,-0.045279,-0.008582,-0.239219,-0.627876,0.317105,-0.187630
2026-05-26 18:23:27.813,63.399940,0.000000,0.000000,0.000000,0.069744,-0.091744,-0.318927,-0.126657,-0.095229,-0.321492,-0.028457,-0.093486,-0.320210,0.018099,-0.107990,-0.298596,-0.044480,-0.009609,-0.239260,0.081995,-0.099798,-0.372901
2026-05-26 18:23:27.913,63.499939,0.000000,0.000000,0.000000,0.069955,-0.090744,-0.319016,-0.126736,-0.094216,-0.321586,-0.028390,-0.092480,-0.320301,0.018099,-0.107990,-0.298596,-0.044414,-0.007522,-0.240044,-0.447619,0.325384,-0.110767
2026-05-26 18:23:28.013,63.599939,0.000000,0.000000,0.000000,0.069744,-0.091744,-0.318927,-0.126657,-0.095229,-0.321492,-0.028457,-0.093486,-0.320210,0.018238,-0.106990,-0.298656,-0.047920,-0.115811,-0.243415,-0.437076,0.415081,-0.213521
2026-05-26 18:23:28.113,63.699939,0.000000,0.000000,0.000000,0.069744,-0.091744,-0.318927,-0.126647,-0.095316,-0.320768,-0.028452,-0.093530,-0.319848,0.018238,-0.106990,-0.298656,-0.047282,-0.117827,-0.243475,-0.437374,0.357364,-0.122955
2026-05-26 18:23:28.213,63.799939,0.000000,0.000000,0.000000,0.069744,-0.091744,-0.318927,-0.126579,-0.096242,-0.321398,-0.028417,-0.093993,-0.320163,0.018367,-0.105904,-0.299438,-0.046659,-0.119758,-0.244246,-0.263171,-0.000049,-0.167582
2026-05-26 18:23:28.313,63.899939,0.000000,0.000000,0.000000,0.069955,-0.090744,-0.319016,-0.126736,-0.094216,-0.321586,-0.028390,-0.092480,-0.320301,0.018238,-0.106990,-0.298656,-0.045996,-0.120696,-0.244992,-0.074567,-0.096463,-0.295865
2026-05-26 18:23:28.413,63.999939,0.000000,0.000000,0.000000,0.069744,-0.091744,-0.318927,-0.126736,-0.094216,-0.321586,-0.028496,-0.092980,-0.320257,0.018238,-0.106990,-0.298656,-0.045996,-0.120696,-0.244992,-0.074566,-0.097468,-0.295810
2026-05-26 18:23:28.513,64.099939,0.000000,0.000000,0.000000,0.069744,-0.091744,-0.318927,-0.126657,-0.095229,-0.321492,-0.028457,-0.093486,-0.320210,0.018238,-0.106990,-0.298656,-0.045292,-0.120639,-0.245716,-0.074565,-0.098473,-0.295755
2026-05-26 18:23:28.613,64.199939,0.000000,0.000000,0.000000,0.069744,-0.091744,-0.318927,-0.126657,-0.095229,-0.321492,-0.028457,-0.093486,-0.320210,0.018238,-0.106990,-0.298656,-0.044633,-0.121576,-0.246459,-0.074576,-0.098386,-0.296482
2026-05-26 18:23:28.713,64.299939,0.000000,0.000000,0.000000,0.069533,-0.092744,-0.318839,-0.126657,-0.095229,-0.321492,-0.028562,-0.093986,-0.320166,0.018238,-0.106990,-0.298656,-0.044678,-0.122570,-0.246478,-0.273815,-0.001082,-0.264055
2026-05-26 18:23:28.813,64.399939,0.000000,0.000000,0.000000,0.069744,-0.091744,-0.318927,-0.126647,-0.095316,-0.320768,-0.028452,-0.093530,-0.319848,0.018238,-0.106990,-0.298656,-0.043929,-0.121519,-0.247182,-0.074638,-0.010831,-0.302203
2026-05-26 18:23:28.913,64.499938,0.000000,0.000000,0.000000,0.069955,-0.090744,-0.319016,-0.126736,-0.094216,-0.321586,-0.028390,-0.092480,-0.320301,0.018238,-0.106990,-0.298656,-0.043226,-0.121462,-0.247905,-0.074586,-0.097797,-0.297237
2026-05-26 18:23:29.013,64.599938,0.000000,0.000000,0.000000,0.069744,-0.091744,-0.318927,-0.126736,-0.094216,-0.321586,-0.028496,-0.092980,-0.320257,0.017651,-0.105962,-0.298702,-0.042620,-0.123395,-0.248658,-0.074586,-0.098299,-0.297209
2026-05-26 18:23:29.113,64.699938,0.000000,0.000000,0.000000,0.069744,-0.091744,-0.318927,-0.126736,-0.094216,-0.321586,-0.028496,-0.092980,-0.320257,0.018367,-0.105904,-0.299438,-0.042620,-0.123395,-0.248658,0.082240,-0.098876,-0.372349
2026-05-26 18:23:29.213,64.799938,0.000000,0.000000,0.000000,0.069955,-0.090744,-0.319016,-0.126657,-0.095229,-0.321492,-0.028351,-0.092986,-0.320254,0.018377,-0.105991,-0.298716,-0.041918,-0.123338,-0.249379,-0.074585,-0.099807,-0.297122
2026-05-26 18:23:29.313,64.899938,0.000000,0.000000,0.000000,0.069955,-0.090744,-0.319016,-0.126657,-0.095229,-0.321492,-0.028351,-0.092986,-0.320254,0.018377,-0.105991,-0.298716,-0.040455,-0.122315,-0.250100,-0.074639,-0.007815,-0.302375
2026-05-26 18:23:29.413,64.999938,0.000000,0.000000,0.000000,0.069744,-0.091744,-0.318927,-0.126657,-0.095229,-0.321492,-0.028457,-0.093486,-0.320210,0.017651,-0.105962,-0.298702,-0.040455,-0.122315,-0.250100,-0.074638,-0.010831,-0.302203
2026-05-26 18:23:29.513,65.099938,0.000000,0.000000,0.000000,0.069744,-0.091744,-0.318927,-0.126736,-0.094216,-0.321586,-0.028496,-0.092980,-0.320257,0.017651,-0.105962,-0.298702,-0.039795,-0.123338,-0.250126,0.844042,0.680552,0.185263
2026-05-26 18:23:29.613,65.199938,0.000000,0.000000,0.000000,0.069744,-0.091744,-0.318927,-0.126657,-0.095229,-0.321492,-0.028457,-0.093486,-0.320210,0.018377,-0.105991,-0.298716,-0.039858,-0.124248,-0.250846,-0.074584,-0.101315,-0.297036
2026-05-26 18:23:29.713,65.299938,0.000000,0.000000,0.000000,0.069744,-0.091744,-0.318927,-0.126736,-0.094216,-0.321586,-0.028496,-0.092980,-0.320257,0.017651,-0.105962,-0.298702,-0.039805,-0.123253,-0.250834,0.558718,0.568265,0.029275
2026-05-26 18:23:29.813,65.399938,0.000000,0.000000,0.000000,0.069744,-0.091744,-0.318927,-0.126579,-0.096242,-0.321398,-0.028417,-0.093993,-0.320163,0.017789,-0.104962,-0.298762,-0.039805,-0.123253,-0.250834,-0.074650,-0.008722,-0.303141
2026-05-26 18:23:29.913,65.499938,0.000000,0.000000,0.000000,0.069955,-0.090744,-0.319016,-0.126657,-0.095229,-0.321492,-0.028351,-0.092986,-0.320254,0.018377,-0.105991,-0.298716,-0.039858,-0.124248,-0.250846,0.486651,0.536129,-0.036087
2026-05-26 18:23:30.013,65.599937,0.000000,0.000000,0.000000,0.069744,-0.091744,-0.318927,-0.126657,-0.095229,-0.321492,-0.028457,-0.093486,-0.320210,0.017789,-0.104962,-0.298762,-0.039805,-0.123253,-0.250834,0.842380,0.680418,0.186971
2026-05-26 18:23:30.113,65.699937,0.000000,0.000000,0.000000,0.069955,-0.090744,-0.319016,-0.126657,-0.095229,-0.321492,-0.028351,-0.092986,-0.320254,0.017651,-0.105962,-0.298702,-0.039858,-0.124248,-0.250846,0.081995,-0.099798,-0.372901
2026-05-26 18:23:30.213,65.799937,0.000000,0.000000,0.000000,0.069744,-0.091744,-0.318927,-0.126736,-0.094216,-0.321586,-0.028496,-0.092980,-0.320257,0.017651,-0.105962,-0.298702,-0.039858,-0.124248,-0.250846,-0.074584,-0.101315,-0.297036
2026-05-26 18:23:30.313,65.899937,0.000000,0.000000,0.000000,0.069744,-0.091744,-0.318927,-0.126725,-0.094303,-0.320860,-0.028491,-0.093023,-0.319894,0.017651,-0.105962,-0.298702,-0.039752,-0.122258,-0.250821,0.082229,-0.098789,-0.373072
2026-05-26 18:23:30.413,65.999937,0.000000,0.000000,0.000000,0.069744,-0.091744,-0.318927,-0.126657,-0.095229,-0.321492,-0.028457,-0.093486,-0.320210,0.017789,-0.104962,-0.298762,-0.039805,-0.123253,-0.250834,0.552962,0.523060,-0.058545
2026-05-26 18:23:30.513,66.099937,0.000000,0.000000,0.000000,0.069744,-0.091744,-0.318927,-0.126657,-0.095229,-0.321492,-0.028457,-0.093486,-0.320210,0.017789,-0.104962,-0.298762,-0.039752,-0.122258,-0.250821,0.850676,0.693570,0.191005
2026-05-26 18:23:30.613,66.199937,0.000000,0.000000,0.000000,0.069744,-0.091744,-0.318927,-0.126657,-0.095229,-0.321492,-0.028457,-0.093486,-0.320210,0.018367,-0.105904,-0.299438,-0.039805,-0.123253,-0.250834,0.523134,0.515015,-0.047628
2026-05-26 18:23:30.713,66.299937,0.000000,0.000000,0.000000,0.069744,-0.091744,-0.318927,-0.126657,-0.095229,-0.321492,-0.028457,-0.093486,-0.320210,0.018506,-0.104904,-0.299500,-0.039805,-0.123253,-0.250834,-0.074623,-0.053467,-0.300538
2026-05-26 18:23:30.813,66.399937,0.000000,0.000000,0.000000,0.069744,-0.091744,-0.318927,-0.126657,-0.095229,-0.321492,-0.028457,-0.093486,-0.320210,0.018516,-0.104991,-0.298776,-0.039805,-0.123253,-0.250834,-0.074649,-0.011738,-0.302966
2026-05-26 18:23:30.913,66.499937,0.000000,0.000000,0.000000,0.069744,-0.091744,-0.318927,-0.126657,-0.095229,-0.321492,-0.028457,-0.093486,-0.320210,0.018377,-0.105991,-0.298716,-0.039805,-0.123253,-0.250834,0.609036,0.498084,0.001512
2026-05-26 18:23:31.013,66.599936,0.000000,0.000000,0.000000,0.069955,-0.090744,-0.319016,-0.126736,-0.094216,-0.321586,-0.028390,-0.092480,-0.320301,0.018367,-0.105904,-0.299438,-0.039805,-0.123253,-0.250834,-0.074622,-0.055981,-0.300392
2026-05-26 18:23:31.113,66.699936,0.000000,0.000000,0.000000,0.069533,-0.092744,-0.318839,-0.126657,-0.095229,-0.321492,-0.028562,-0.093986,-0.320166,0.017651,-0.105962,-0.298702,-0.039743,-0.122343,-0.250113,0.509099,0.507455,-0.029566
2026-05-26 18:23:31.213,66.799936,0.000000,0.000000,0.000000,0.069955,-0.090744,-0.319016,-0.126657,-0.095229,-0.321492,-0.028351,-0.092986,-0.320254,0.017641,-0.105875,-0.299425,-0.039795,-0.123338,-0.250126,-0.074650,-0.009727,-0.303083
2026-05-26 18:23:31.313,66.899936,0.000000,0.000000,0.000000,0.069744,-0.091744,-0.318927,-0.126657,-0.095229,-0.321492,-0.028457,-0.093486,-0.320210,0.019233,-0.104933,-0.299513,-0.039772,-0.122088,-0.252238,0.082347,-0.098284,-0.373158
2026-05-26 18:23:31.413,66.999936,0.000000,0.000000,0.000000,0.069955,-0.090744,-0.319016,-0.126657,-0.095229,-0.321492,-0.028351,-0.092986,-0.320254,0.019263,-0.105193,-0.297342,-0.039782,-0.122003,-0.252947,0.844659,0.681291,0.187227
2026-05-26 18:23:31.513,67.099936,0.000000,0.000000,0.000000,0.069955,-0.090744,-0.319016,-0.126736,-0.094216,-0.321586,-0.028390,-0.092480,-0.320301,0.019243,-0.105019,-0.298790,-0.039782,-0.122003,-0.252947,0.850727,0.696658,0.190206
2026-05-26 18:23:31.613,67.199936,0.000000,0.000000,0.000000,0.072183,-0.090831,-0.319058,-0.126736,-0.094216,-0.321586,-0.027276,-0.092524,-0.320322,0.019233,-0.104933,-0.299513,-0.039782,-0.122003,-0.252947,0.859627,0.713845,0.193692
2026-05-26 18:23:31.713,67.299936,0.000000,0.000000,0.000000,0.070708,-0.090861,-0.318291,-0.127386,-0.095200,-0.321479,-0.028339,-0.093031,-0.319885,0.019103,-0.106019,-0.298730,-0.039772,-0.122088,-0.252238,0.554619,0.501521,0.004282
2026-05-26 18:23:31.813,67.399936,0.000000,0.000000,0.000000,0.072183,-0.090831,-0.319058,-0.127465,-0.094187,-0.321573,-0.027641,-0.092509,-0.320315,-0.030853,-0.116286,-0.253770,-0.040484,-0.122060,-0.252225,0.563579,0.499461,0.060289
2026-05-26 18:23:31.913,67.499936,0.000000,0.000000,0.000000,0.069744,-0.091744,-0.318927,-0.126657,-0.095229,-0.321492,-0.028457,-0.093486,-0.320210,0.019243,-0.105019,-0.298790,-0.040484,-0.122060,-0.252225,0.477298,0.494919,0.086688
2026-05-26 18:23:32.013,67.599936,0.000000,0.000000,0.000000,0.069744,-0.091744,-0.318927,-0.126736,-0.094216,-0.321586,-0.028496,-0.092980,-0.320257,-0.052567,-0.098647,-0.251749,-0.040474,-0.122145,-0.251517,-0.400779,0.462753,0.060643
2026-05-26 18:23:32.113,67.699935,0.000000,0.000000,0.000000,0.070708,-0.090861,-0.318291,-0.126736,-0.094216,-0.321586,-0.028014,-0.092539,-0.319939,-0.053304,-0.098618,-0.251736,-0.040526,-0.123140,-0.251528,-0.269534,0.000247,-0.192963
2026-05-26 18:23:32.213,67.799935,0.000000,0.000000,0.000000,0.071968,-0.091832,-0.318969,-0.127465,-0.094187,-0.321573,-0.027748,-0.093009,-0.320271,-0.052599,-0.099643,-0.251760,-0.040474,-0.122145,-0.251517,-0.075343,-0.088128,-0.298507
2026-05-26 18:23:32.313,67.899935,0.000000,0.000000,0.000000,0.070496,-0.091861,-0.318204,-0.127386,-0.095200,-0.321479,-0.028445,-0.093531,-0.319841,0.018506,-0.104904,-0.299500,-0.040474,-0.122145,-0.251517,-0.501436,0.415967,0.036026
2026-05-26 18:23:32.413,67.999935,0.000000,0.000000,0.000000,0.070496,-0.091861,-0.318204,-0.127306,-0.096213,-0.321385,-0.028405,-0.094037,-0.319794,0.018506,-0.104904,-0.299500,-0.040500,-0.122642,-0.251522,-0.075471,-0.005771,-0.302475
2026-05-26 18:23:32.513,68.099935,0.000000,0.000000,0.000000,0.069955,-0.090744,-0.319016,-0.127465,-0.094187,-0.321573,-0.028755,-0.092465,-0.320294,0.018367,-0.105904,-0.299438,-0.040474,-0.122145,-0.251517,-0.075470,-0.006777,-0.302417
2026-05-26 18:23:32.613,68.199935,0.000000,0.000000,0.000000,0.070708,-0.090861,-0.318291,-0.127386,-0.095200,-0.321479,-0.028339,-0.093031,-0.319885,0.019073,-0.105760,-0.300897,-0.040474,-0.122145,-0.251517,-0.075470,-0.006777,-0.302417
2026-05-26 18:23:32.713,68.299935,0.000000,0.000000,0.000000,0.070496,-0.091861,-0.318204,-0.126736,-0.094216,-0.321586,-0.028120,-0.093039,-0.319895,0.019083,-0.105846,-0.300175,-0.040474,-0.122145,-0.251517,-0.075471,-0.006274,-0.302446
2026-05-26 18:23:32.813,68.399935,0.000000,0.000000,0.000000,0.069744,-0.091744,-0.318927,-0.126657,-0.095229,-0.321492,-0.028457,-0.093486,-0.320210,0.018506,-0.104904,-0.299500,-0.040474,-0.122145,-0.251517,-0.075471,-0.005771,-0.302475
2026-05-26 18:23:32.913,68.499935,0.000000,0.000000,0.000000,0.070708,-0.090861,-0.318291,-0.126657,-0.095229,-0.321492,-0.027974,-0.093045,-0.319892,0.019223,-0.104846,-0.300237,-0.040474,-0.122145,-0.251517,-0.075338,-0.085200,-0.297941
2026-05-26 18:23:33.013,68.599935,0.000000,0.000000,0.000000,0.069744,-0.091744,-0.318927,-0.127386,-0.095200,-0.321479,-0.028821,-0.093472,-0.320203,0.018367,-0.105904,-0.299438,-0.040474,-0.122145,-0.251517,-0.075321,-0.095254,-0.297367
2026-05-26 18:23:33.113,68.699934,0.000000,0.000000,0.000000,0.072183,-0.090831,-0.319058,-0.127465,-0.094187,-0.321573,-0.027641,-0.092509,-0.320315,0.018367,-0.105904,-0.299438,-0.040474,-0.122145,-0.251517,-0.075326,-0.092741,-0.297511
2026-05-26 18:23:33.213,68.799934,0.000000,0.000000,0.000000,0.070496,-0.091861,-0.318204,-0.127386,-0.095200,-0.321479,-0.028445,-0.093531,-0.319841,0.018506,-0.104904,-0.299500,-0.040474,-0.122145,-0.251517,-0.075330,-0.084283,-0.297256
2026-05-26 18:23:33.313,68.899934,0.000000,0.000000,0.000000,0.071968,-0.091832,-0.318969,-0.126657,-0.095229,-0.321492,-0.027344,-0.093530,-0.320231,0.018506,-0.104904,-0.299500,-0.040474,-0.122145,-0.251517,-0.075460,-0.005871,-0.301648
2026-05-26 18:23:33.413,68.999934,0.000000,0.000000,0.000000,0.070496,-0.091861,-0.318204,-0.127465,-0.094187,-0.321573,-0.028485,-0.093024,-0.319888,0.018367,-0.105904,-0.299438,-0.040474,-0.122145,-0.251517,-0.075458,-0.006876,-0.301592
2026-05-26 18:23:33.513,69.099934,0.000000,0.000000,0.000000,0.069744,-0.091744,-0.318927,-0.127465,-0.094187,-0.321573,-0.028861,-0.092965,-0.320250,0.017641,-0.105875,-0.299425,-0.040474,-0.122145,-0.251517,-0.074595,-0.083219,-0.298070
2026-05-26 18:23:33.613,69.199934,0.000000,0.000000,0.000000,0.071968,-0.091832,-0.318969,-0.127386,-0.095200,-0.321479,-0.027709,-0.093516,-0.320224,0.018506,-0.104904,-0.299500,-0.039762,-0.122173,-0.251530,-0.075460,-0.005871,-0.301648
2026-05-26 18:23:33.713,69.299934,0.000000,0.000000,0.000000,0.071003,-0.092714,-0.319603,-0.126579,-0.096242,-0.321398,-0.027788,-0.094478,-0.320501,0.018645,-0.103904,-0.299561,-0.039104,-0.123196,-0.251554,-0.074582,-0.087329,-0.297101
2026-05-26 18:23:33.813,69.399934,0.000000,0.000000,0.000000,0.071237,-0.091891,-0.318217,-0.126657,-0.095229,-0.321492,-0.027710,-0.093560,-0.319855,0.019363,-0.103846,-0.300299,-0.038403,-0.123139,-0.252275,-0.075342,-0.083189,-0.298056
2026-05-26 18:23:33.913,69.499934,0.000000,0.000000,0.000000,0.070496,-0.091861,-0.318204,-0.126579,-0.096242,-0.321398,-0.028041,-0.094052,-0.319801,0.018506,-0.104904,-0.299500,-0.037748,-0.124162,-0.252298,-0.075343,-0.082184,-0.298113
2026-05-26 18:23:34.013,69.599934,0.000000,0.000000,0.000000,0.069744,-0.091744,-0.318927,-0.126736,-0.094216,-0.321586,-0.028496,-0.092980,-0.320257,0.018506,-0.104904,-0.299500,-0.037038,-0.124190,-0.252311,-0.075340,-0.084194,-0.297998
2026-05-26 18:23:34.113,69.699934,0.000000,0.000000,0.000000,0.070496,-0.091861,-0.318204,-0.127306,-0.096213,-0.321385,-0.028405,-0.094037,-0.319794,0.018506,-0.104904,-0.299500,-0.037038,-0.124190,-0.252311,-0.075342,-0.083189,-0.298056
2026-05-26 18:23:34.213,69.799933,0.000000,0.000000,0.000000,0.071968,-0.091832,-0.318969,-0.127465,-0.094187,-0.321573,-0.027748,-0.093009,-0.320271,0.018506,-0.104904,-0.299500,-0.036202,-0.122314,-0.251596,-0.075345,-0.081178,-0.298171
2026-05-26 18:23:34.313,69.899933,0.000000,0.000000,0.000000,0.071958,-0.091743,-0.319707,-0.127465,-0.094187,-0.321573,-0.027753,-0.092965,-0.320640,0.018645,-0.103904,-0.299561,-0.036202,-0.122314,-0.251596,-0.075343,-0.082184,-0.298113
2026-05-26 18:23:34.413,69.999933,0.000000,0.000000,0.000000,0.070708,-0.090861,-0.318291,-0.127386,-0.095200,-0.321479,-0.028339,-0.093031,-0.319885,0.018506,-0.104904,-0.299500,-0.036086,-0.120324,-0.251575,-0.075345,-0.081178,-0.298171
2026-05-26 18:23:34.513,70.099933,0.000000,0.000000,0.000000,0.070496,-0.091861,-0.318204,-0.127545,-0.093174,-0.321666,-0.028524,-0.092518,-0.319935,0.018575,-0.104404,-0.299530,-0.035431,-0.121347,-0.251599,-0.075337,-0.086205,-0.297884
2026-05-26 18:23:34.613,70.199933,0.000000,0.000000,0.000000,0.070496,-0.091861,-0.318204,-0.126657,-0.095229,-0.321492,-0.028081,-0.093545,-0.319848,0.018367,-0.105904,-0.299438,-0.035431,-0.121347,-0.251599,-0.075342,-0.083189,-0.298056
2026-05-26 18:23:34.713,70.299933,0.000000,0.000000,0.000000,0.070283,-0.092862,-0.318116,-0.127386,-0.095200,-0.321479,-0.028551,-0.094031,-0.319797,0.018506,-0.104904,-0.299500,-0.036028,-0.119329,-0.251564,-0.075340,-0.084194,-0.297998
2026-05-26 18:23:34.813,70.399933,0.000000,0.000000,0.000000,0.071968,-0.091832,-0.318969,-0.126736,-0.094216,-0.321586,-0.027384,-0.093024,-0.320278,0.018506,-0.104904,-0.299500,-0.036202,-0.122314,-0.251596,-0.075342,-0.083189,-0.298056
2026-05-26 18:23:34.913,70.499933,0.000000,0.000000,0.000000,0.069744,-0.091744,-0.318927,-0.127465,-0.094187,-0.321573,-0.028861,-0.092965,-0.320250,0.018506,-0.104904,-0.299500,-0.036144,-0.121319,-0.251586,-0.075333,-0.088216,-0.297769
2026-05-26 18:23:35.013,70.599933,0.000000,0.000000,0.000000,0.070708,-0.090861,-0.318291,-0.127465,-0.094187,-0.321573,-0.028378,-0.092524,-0.319932,0.018506,-0.104904,-0.299500,-0.036144,-0.121319,-0.251586,-0.075343,-0.082184,-0.298113
2026-05-26 18:23:35.113,70.699933,0.000000,0.000000,0.000000,0.071217,-0.091714,-0.319693,-0.126657,-0.095229,-0.321492,-0.027720,-0.093471,-0.320593,0.018645,-0.103904,-0.299561,-0.036202,-0.122314,-0.251596,-0.075343,-0.082184,-0.298113
2026-05-26 18:23:35.213,70.799932,0.000000,0.000000,0.000000,0.070496,-0.091861,-0.318204,-0.127386,-0.095200,-0.321479,-0.028445,-0.093531,-0.319841,0.018506,-0.104904,-0.299500,-0.036202,-0.122314,-0.251596,-0.075345,-0.081178,-0.298171
2026-05-26 18:23:35.313,70.899932,0.000000,0.000000,0.000000,0.070496,-0.091861,-0.318204,-0.127465,-0.094187,-0.321573,-0.028485,-0.093024,-0.319888,0.018506,-0.104904,-0.299500,-0.036173,-0.121816,-0.251591,-0.075342,-0.083189,-0.298056
2026-05-26 18:23:35.413,70.999932,0.000000,0.000000,0.000000,0.069744,-0.091744,-0.318927,-0.126657,-0.095229,-0.321492,-0.028457,-0.093486,-0.320210,0.018367,-0.105904,-0.299438,-0.036144,-0.121319,-0.251586,-0.075343,-0.082184,-0.298113
2026-05-26 18:23:35.513,71.099932,0.000000,0.000000,0.000000,0.071968,-0.091832,-0.318969,-0.126736,-0.094216,-0.321586,-0.027384,-0.093024,-0.320278,0.018506,-0.104904,-0.299500,-0.036144,-0.121319,-0.251586,-0.075345,-0.081178,-0.298171
2026-05-26 18:23:35.613,71.199932,0.000000,0.000000,0.000000,0.070496,-0.091861,-0.318204,-0.126657,-0.095229,-0.321492,-0.028081,-0.093545,-0.319848,0.018645,-0.103904,-0.299561,-0.036144,-0.121319,-0.251586,-0.075343,-0.082184,-0.298113
2026-05-26 18:23:35.713,71.299932,0.000000,0.000000,0.000000,0.069744,-0.091744,-0.318927,-0.127465,-0.094187,-0.321573,-0.028861,-0.092965,-0.320250,0.018645,-0.103904,-0.299561,-0.036086,-0.120324,-0.251575,-0.075343,-0.082184,-0.298113
2026-05-26 18:23:35.813,71.399932,0.000000,0.000000,0.000000,0.071968,-0.091832,-0.318969,-0.127386,-0.095200,-0.321479,-0.027709,-0.093516,-0.320224,0.018506,-0.104904,-0.299500,-0.036144,-0.121319,-0.251586,-0.075345,-0.081178,-0.298171
2026-05-26 18:23:35.913,71.499932,0.000000,0.000000,0.000000,0.069744,-0.091744,-0.318927,-0.126736,-0.094216,-0.321586,-0.028496,-0.092980,-0.320257,0.018506,-0.104904,-0.299500,-0.036086,-0.120324,-0.251575,-0.075343,-0.082184,-0.298113
2026-05-26 18:23:36.013,71.599932,0.000000,0.000000,0.000000,0.070496,-0.091861,-0.318204,-0.127465,-0.094187,-0.321573,-0.028485,-0.093024,-0.319888,0.019233,-0.104933,-0.299513,-0.036202,-0.122314,-0.251596,-0.075471,-0.005771,-0.302475
2026-05-26 18:23:36.113,71.699932,0.000000,0.000000,0.000000,0.071968,-0.091832,-0.318969,-0.126657,-0.095229,-0.321492,-0.027344,-0.093530,-0.320231,0.018645,-0.103904,-0.299561,-0.036144,-0.121319,-0.251586,-0.075342,-0.083189,-0.298056
2026-05-26 18:23:36.213,71.799932,0.000000,0.000000,0.000000,0.070283,-0.092862,-0.318116,-0.127386,-0.095200,-0.321479,-0.028551,-0.094031,-0.319797,0.018506,-0.104904,-0.299500,-0.036260,-0.123308,-0.251607,-0.075342,-0.083189,-0.298056
2026-05-26 18:23:36.313,71.899931,0.000000,0.000000,0.000000,0.069744,-0.091744,-0.318927,-0.127465,-0.094187,-0.321573,-0.028861,-0.092965,-0.320250,0.018506,-0.104904,-0.299500,-0.036202,-0.122314,-0.251596,-0.075347,-0.080173,-0.298228
2026-05-26 18:23:36.413,71.999931,0.000000,0.000000,0.000000,0.069744,-0.091744,-0.318927,-0.127465,-0.094187,-0.321573,-0.028861,-0.092965,-0.320250,0.018506,-0.104904,-0.299500,-0.036202,-0.122314,-0.251596,-0.075342,-0.083189,-0.298056
2026-05-26 18:23:36.513,72.099931,0.000000,0.000000,0.000000,0.070496,-0.091861,-0.318204,-0.127386,-0.095200,-0.321479,-0.028445,-0.093531,-0.319841,0.018506,-0.104904,-0.299500,-0.036144,-0.121319,-0.251586,-0.075410,-0.042469,-0.300380
2026-05-26 18:23:36.613,72.199931,0.000000,0.000000,0.000000,0.070708,-0.090861,-0.318291,-0.126657,-0.095229,-0.321492,-0.027974,-0.093045,-0.319892,0.018506,-0.104904,-0.299500,-0.036144,-0.121319,-0.251586,-0.075342,-0.083189,-0.298056
2026-05-26 18:23:36.713,72.299931,0.000000,0.000000,0.000000,0.069744,-0.091744,-0.318927,-0.127386,-0.095200,-0.321479,-0.028821,-0.093472,-0.320203,0.018506,-0.104904,-0.299500,-0.036202,-0.122314,-0.251596,-0.075342,-0.083189,-0.298056
2026-05-26 18:23:36.813,72.399931,0.000000,0.000000,0.000000,0.071968,-0.091832,-0.318969,-0.127386,-0.095200,-0.321479,-0.027709,-0.093516,-0.320224,0.018506,-0.104904,-0.299500,-0.036202,-0.122314,-0.251596,-0.075342,-0.083189,-0.298056
2026-05-26 18:23:36.913,72.499931,0.000000,0.000000,0.000000,0.069744,-0.091744,-0.318927,-0.127386,-0.095200,-0.321479,-0.028821,-0.093472,-0.320203,0.018506,-0.104904,-0.299500,-0.036086,-0.120324,-0.251575,-0.075342,-0.083189,-0.298056
2026-05-26 18:23:37.013,72.599931,0.000000,0.000000,0.000000,0.070496,-0.091861,-0.318204,-0.127386,-0.095200,-0.321479,-0.028445,-0.093531,-0.319841,0.018506,-0.104904,-0.299500,-0.036202,-0.122314,-0.251596,-0.075340,-0.084194,-0.297998
2026-05-26 18:23:37.113,72.699931,0.000000,0.000000,0.000000,0.070485,-0.091773,-0.318941,-0.127386,-0.095200,-0.321479,-0.028450,-0.093487,-0.320210,0.018506,-0.104904,-0.299500,-0.036144,-0.121319,-0.251586,-0.075338,-0.085200,-0.297941
2026-05-26 18:23:37.213,72.799931,0.000000,0.000000,0.000000,0.070496,-0.091861,-0.318204,-0.126736,-0.094216,-0.321586,-0.028120,-0.093039,-0.319895,0.019223,-0.104846,-0.300237,-0.036202,-0.122314,-0.251596,-0.075343,-0.082184,-0.298113
2026-05-26 18:23:37.313,72.899930,0.000000,0.000000,0.000000,0.072183,-0.090831,-0.319058,-0.127386,-0.095200,-0.321479,-0.027601,-0.093016,-0.320268,0.018506,-0.104904,-0.299500,-0.036202,-0.122314,-0.251596,-0.075343,-0.082184,-0.298113
2026-05-26 18:23:37.413,72.999930,0.000000,0.000000,0.000000,0.071968,-0.091832,-0.318969,-0.126736,-0.094216,-0.321586,-0.027384,-0.093024,-0.320278,0.018506,-0.104904,-0.299500,-0.036144,-0.121319,-0.251586,-0.075343,-0.082184,-0.298113
2026-05-26 18:23:37.513,73.099930,0.000000,0.000000,0.000000,0.072183,-0.090831,-0.319058,-0.127465,-0.094187,-0.321573,-0.027641,-0.092509,-0.320315,0.018645,-0.103904,-0.299561,-0.036144,-0.121319,-0.251586,-0.075342,-0.083189,-0.298056
2026-05-26 18:23:37.613,73.199930,0.000000,0.000000,0.000000,0.069955,-0.090744,-0.319016,-0.127465,-0.094187,-0.321573,-0.028755,-0.092465,-0.320294,0.018506,-0.104904,-0.299500,-0.036202,-0.122314,-0.251596,-0.075342,-0.083189,-0.298056
2026-05-26 18:23:37.713,73.299930,0.000000,0.000000,0.000000,0.070708,-0.090861,-0.318291,-0.126736,-0.094216,-0.321586,-0.028014,-0.092539,-0.319939,0.018506,-0.104904,-0.299500,-0.036260,-0.123308,-0.251607,-0.075342,-0.083189,-0.298056
2026-05-26 18:23:37.813,73.399930,0.000000,0.000000,0.000000,0.069744,-0.091744,-0.318927,-0.127306,-0.096213,-0.321385,-0.028781,-0.093978,-0.320156,0.018506,-0.104904,-0.299500,-0.036202,-0.122314,-0.251596,-0.075345,-0.081178,-0.298171
2026-05-26 18:23:37.913,73.499930,0.000000,0.000000,0.000000,0.070708,-0.090861,-0.318291,-0.127386,-0.095200,-0.321479,-0.028339,-0.093031,-0.319885,0.018506,-0.104904,-0.299500,-0.036202,-0.122314,-0.251596,-0.075345,-0.081178,-0.298171
2026-05-26 18:23:38.013,73.599930,0.000000,0.000000,0.000000,0.070708,-0.090861,-0.318291,-0.127386,-0.095200,-0.321479,-0.028339,-0.093031,-0.319885,0.018516,-0.104991,-0.298776,-0.036202,-0.122314,-0.251596,-0.075470,-0.006777,-0.302417
2026-05-26 18:23:38.113,73.699930,0.000000,0.000000,0.000000,0.069744,-0.091744,-0.318927,-0.127465,-0.094187,-0.321573,-0.028861,-0.092965,-0.320250,0.018506,-0.104904,-0.299500,-0.036202,-0.122314,-0.251596,-0.075342,-0.083189,-0.298056
2026-05-26 18:23:38.213,73.799930,0.000000,0.000000,0.000000,0.069533,-0.092744,-0.318839,-0.126657,-0.095229,-0.321492,-0.028562,-0.093986,-0.320166,0.018645,-0.103904,-0.299561,-0.036086,-0.120324,-0.251575,-0.075347,-0.080173,-0.298228
2026-05-26 18:23:38.313,73.899930,0.000000,0.000000,0.000000,0.070496,-0.091861,-0.318204,-0.126736,-0.094216,-0.321586,-0.028120,-0.093039,-0.319895,0.018645,-0.103904,-0.299561,-0.036202,-0.122314,-0.251596,-0.075345,-0.081178,-0.298171
2026-05-26 18:23:38.413,73.999929,0.000000,0.000000,0.000000,0.069533,-0.092744,-0.318839,-0.127465,-0.094187,-0.321573,-0.028966,-0.093466,-0.320206,0.018516,-0.104991,-0.298776,-0.036202,-0.122314,-0.251596,-0.075342,-0.083189,-0.298056
2026-05-26 18:23:38.513,74.099929,0.000000,0.000000,0.000000,0.071754,-0.092832,-0.318880,-0.127386,-0.095200,-0.321479,-0.027816,-0.094016,-0.320180,0.018506,-0.104904,-0.299500,-0.036202,-0.122314,-0.251596,-0.075345,-0.081178,-0.298171
2026-05-26 18:23:38.613,74.199929,0.000000,0.000000,0.000000,0.070708,-0.090861,-0.318291,-0.126657,-0.095229,-0.321492,-0.027974,-0.093045,-0.319892,0.018506,-0.104904,-0.299500,-0.036144,-0.121319,-0.251586,-0.075345,-0.081178,-0.298171
2026-05-26 18:23:38.713,74.299929,0.000000,0.000000,0.000000,0.071968,-0.091832,-0.318969,-0.127465,-0.094187,-0.321573,-0.027748,-0.093009,-0.320271,0.018506,-0.104904,-0.299500,-0.036202,-0.122314,-0.251596,-0.075345,-0.081178,-0.298171
2026-05-26 18:23:38.813,74.399929,0.000000,0.000000,0.000000,0.071968,-0.091832,-0.318969,-0.127465,-0.094187,-0.321573,-0.027748,-0.093009,-0.320271,0.018506,-0.104904,-0.299500,-0.036202,-0.122314,-0.251596,-0.075345,-0.081178,-0.298171
2026-05-26 18:23:38.913,74.499929,0.000000,0.000000,0.000000,0.069744,-0.091744,-0.318927,-0.127465,-0.094187,-0.321573,-0.028861,-0.092965,-0.320250,0.018506,-0.104904,-0.299500,-0.036144,-0.121319,-0.251586,-0.075473,-0.004766,-0.302532
2026-05-26 18:23:39.013,74.599929,0.000000,0.000000,0.000000,0.071968,-0.091832,-0.318969,-0.126657,-0.095229,-0.321492,-0.027344,-0.093530,-0.320231,0.018506,-0.104904,-0.299500,-0.036202,-0.122314,-0.251596,-0.075345,-0.081178,-0.298171
2026-05-26 18:23:39.113,74.699929,0.000000,0.000000,0.000000,0.070496,-0.091861,-0.318204,-0.127386,-0.095200,-0.321479,-0.028445,-0.093531,-0.319841,0.018506,-0.104904,-0.299500,-0.036144,-0.121319,-0.251586,-0.075345,-0.081178,-0.298171
2026-05-26 18:23:39.213,74.799929,0.000000,0.000000,0.000000,0.069533,-0.092744,-0.318839,-0.126736,-0.094216,-0.321586,-0.028602,-0.093480,-0.320213,0.018506,-0.104904,-0.299500,-0.036202,-0.122314,-0.251596,-0.075345,-0.081178,-0.298171
2026-05-26 18:23:39.313,74.899929,0.000000,0.000000,0.000000,0.072183,-0.090831,-0.319058,-0.126736,-0.094216,-0.321586,-0.027276,-0.092524,-0.320322,0.018506,-0.104904,-0.299500,-0.036202,-0.122314,-0.251596,-0.075345,-0.081178,-0.298171
2026-05-26 18:23:39.413,74.999928,0.000000,0.000000,0.000000,0.071968,-0.091832,-0.318969,-0.126736,-0.094216,-0.321586,-0.027384,-0.093024,-0.320278,0.019223,-0.104846,-0.300237,-0.036202,-0.122314,-0.251596,-0.075473,-0.004766,-0.302532
2026-05-26 18:23:39.513,75.099928,0.000000,0.000000,0.000000,0.070273,-0.092773,-0.318853,-0.126657,-0.095229,-0.321492,-0.028192,-0.094001,-0.320173,0.018506,-0.104904,-0.299500,-0.035421,-0.121432,-0.250889,-0.075345,-0.081178,-0.298171
2026-05-26 18:23:39.613,75.199928,0.000000,0.000000,0.000000,0.069744,-0.091744,-0.318927,-0.127386,-0.095200,-0.321479,-0.028821,-0.093472,-0.320203,0.018506,-0.104904,-0.299500,-0.034708,-0.121460,-0.250903,-0.075340,-0.084194,-0.297998
2026-05-26 18:23:39.713,75.299928,0.000000,0.000000,0.000000,0.070496,-0.091861,-0.318204,-0.126736,-0.094216,-0.321586,-0.028120,-0.093039,-0.319895,0.018645,-0.103904,-0.299561,-0.033810,-0.118505,-0.250880,-0.075339,-0.084697,-0.297970
2026-05-26 18:23:39.813,75.399928,0.000000,0.000000,0.000000,0.070496,-0.091861,-0.318204,-0.126657,-0.095229,-0.321492,-0.028081,-0.093545,-0.319848,0.017926,-0.103962,-0.298822,-0.031835,-0.121743,-0.249537,-0.075340,-0.084194,-0.297998
2026-05-26 18:23:39.913,75.499928,0.000000,0.000000,0.000000,0.069744,-0.091744,-0.318927,-0.127465,-0.094187,-0.321573,-0.028861,-0.092965,-0.320250,0.017778,-0.104875,-0.299486,-0.031112,-0.121856,-0.248841,-0.075338,-0.085200,-0.297941
2026-05-26 18:23:40.013,75.599928,0.000000,0.000000,0.000000,0.070496,-0.091861,-0.318204,-0.126579,-0.096242,-0.321398,-0.028041,-0.094052,-0.319801,0.017926,-0.103962,-0.298822,-0.030389,-0.121969,-0.248145,-0.075342,-0.083189,-0.298056
2026-05-26 18:23:40.113,75.699928,0.000000,0.000000,0.000000,0.069744,-0.091744,-0.318927,-0.126657,-0.095229,-0.321492,-0.028457,-0.093486,-0.320210,0.017926,-0.103962,-0.298822,-0.030446,-0.123048,-0.247452,-0.074594,-0.084224,-0.298012
2026-05-26 18:23:40.213,75.799928,0.000000,0.000000,0.000000,0.070496,-0.091861,-0.318204,-0.127386,-0.095200,-0.321479,-0.028445,-0.093531,-0.319841,0.017926,-0.103962,-0.298822,-0.029646,-0.122252,-0.246029,-0.074584,-0.084313,-0.297270
2026-05-26 18:23:40.313,75.899928,0.000000,0.000000,0.000000,0.071754,-0.092832,-0.318880,-0.127386,-0.095200,-0.321479,-0.027816,-0.094016,-0.320180,0.017926,-0.103962,-0.298822,-0.028785,-0.120379,-0.245292,-0.074583,-0.085318,-0.297214
2026-05-26 18:23:40.413,75.999928,0.000000,0.000000,0.000000,0.071968,-0.091832,-0.318969,-0.127386,-0.095200,-0.321479,-0.027709,-0.093516,-0.320224,0.017335,-0.102933,-0.298869,-0.028834,-0.121543,-0.243891,-0.074584,-0.084313,-0.297270
2026-05-26 18:23:40.513,76.099927,0.000000,0.000000,0.000000,0.070708,-0.090861,-0.318291,-0.127465,-0.094187,-0.321573,-0.028378,-0.092524,-0.319932,0.017335,-0.102933,-0.298869,-0.028120,-0.121571,-0.243905,-0.074584,-0.084313,-0.297270
2026-05-26 18:23:40.613,76.199927,0.000000,0.000000,0.000000,0.071968,-0.091832,-0.318969,-0.127386,-0.095200,-0.321479,-0.027709,-0.093516,-0.320224,0.017198,-0.103933,-0.298809,-0.027253,-0.119699,-0.243160,-0.074584,-0.084313,-0.297270
2026-05-26 18:23:40.713,76.299927,0.000000,0.000000,0.000000,0.070496,-0.091861,-0.318204,-0.126657,-0.095229,-0.321492,-0.028081,-0.093545,-0.319848,0.017208,-0.104020,-0.298084,-0.026526,-0.119812,-0.242461,-0.074584,-0.083308,-0.297327
2026-05-26 18:23:40.813,76.399927,0.000000,0.000000,0.000000,0.071958,-0.091743,-0.319707,-0.127465,-0.094187,-0.321573,-0.027753,-0.092965,-0.320640,0.017335,-0.102933,-0.298869,-0.024787,-0.095991,-0.241868,-0.074584,-0.084313,-0.297270
2026-05-26 18:23:40.913,76.499927,0.000000,0.000000,0.000000,0.070496,-0.091861,-0.318204,-0.126657,-0.095229,-0.321492,-0.028081,-0.093545,-0.319848,0.018074,-0.103049,-0.298157,-0.026599,-0.120805,-0.242485,-0.074583,-0.085318,-0.297214
2026-05-26 18:23:41.013,76.599927,0.000000,0.000000,0.000000,0.070496,-0.091861,-0.318204,-0.127386,-0.095200,-0.321479,-0.028445,-0.093531,-0.319841,0.017198,-0.103933,-0.298809,-0.026526,-0.119812,-0.242461,-0.074584,-0.083308,-0.297327
2026-05-26 18:23:41.113,76.699927,0.000000,0.000000,0.000000,0.071968,-0.091832,-0.318969,-0.126736,-0.094216,-0.321586,-0.027384,-0.093024,-0.320278,0.017345,-0.103020,-0.298143,-0.026526,-0.119812,-0.242461,-0.074584,-0.084313,-0.297270
2026-05-26 18:23:41.213,76.799927,0.000000,0.000000,0.000000,0.071968,-0.091832,-0.318969,-0.127465,-0.094187,-0.321573,-0.027748,-0.093009,-0.320271,0.017335,-0.102933,-0.298869,-0.026609,-0.120720,-0.243197,-0.074583,-0.085318,-0.297214
2026-05-26 18:23:41.313,76.899927,0.000000,0.000000,0.000000,0.072183,-0.090831,-0.319058,-0.127386,-0.095200,-0.321479,-0.027601,-0.093016,-0.320268,0.017335,-0.102933,-0.298869,-0.024353,-0.090036,-0.241720,-0.074583,-0.085318,-0.297214
2026-05-26 18:23:41.413,76.999927,0.000000,0.000000,0.000000,0.070708,-0.090861,-0.318291,-0.126657,-0.095229,-0.321492,-0.027974,-0.093045,-0.319892,0.017471,-0.101933,-0.298929,-0.026609,-0.120720,-0.243197,-0.074584,-0.084313,-0.297270
2026-05-26 18:23:41.513,77.099926,0.000000,0.000000,0.000000,0.070708,-0.090861,-0.318291,-0.126736,-0.094216,-0.321586,-0.028014,-0.092539,-0.319939,0.017198,-0.103933,-0.298809,-0.026244,-0.105888,-0.242101,-0.074584,-0.084313,-0.297270
2026-05-26 18:23:41.613,77.199926,0.000000,0.000000,0.000000,0.070496,-0.091861,-0.318204,-0.127386,-0.095200,-0.321479,-0.028445,-0.093531,-0.319841,0.017345,-0.103020,-0.298143,-0.026536,-0.119727,-0.243174,-0.074583,-0.085318,-0.297214
2026-05-26 18:23:41.713,77.299926,0.000000,0.000000,0.000000,0.071237,-0.091891,-0.318217,-0.127386,-0.095200,-0.321479,-0.028074,-0.093545,-0.319848,0.017335,-0.102933,-0.298869,-0.027253,-0.119699,-0.243160,-0.074584,-0.084313,-0.297270
2026-05-26 18:23:41.813,77.399926,0.000000,0.000000,0.000000,0.070708,-0.090861,-0.318291,-0.127306,-0.096213,-0.321385,-0.028299,-0.093537,-0.319838,0.017345,-0.103020,-0.298143,-0.026609,-0.120720,-0.243197,-0.074584,-0.083308,-0.297327
2026-05-26 18:23:41.913,77.499926,0.000000,0.000000,0.000000,0.070496,-0.091861,-0.318204,-0.126736,-0.094216,-0.321586,-0.028120,-0.093039,-0.319895,0.017335,-0.102933,-0.298869,-0.027253,-0.119699,-0.243160,-0.074585,-0.082302,-0.297383
2026-05-26 18:23:42.013,77.599926,0.000000,0.000000,0.000000,0.072183,-0.090831,-0.319058,-0.127465,-0.094187,-0.321573,-0.027641,-0.092509,-0.320315,0.017345,-0.103020,-0.298143,-0.026536,-0.119727,-0.243174,-0.074584,-0.084313,-0.297270
2026-05-26 18:23:42.113,77.699926,0.000000,0.000000,0.000000,0.069744,-0.091744,-0.318927,-0.127386,-0.095200,-0.321479,-0.028821,-0.093472,-0.320203,0.017198,-0.103933,-0.298809,-0.027324,-0.120691,-0.243184,-0.074584,-0.084313,-0.297270
2026-05-26 18:23:42.213,77.799926,0.000000,0.000000,0.000000,0.071968,-0.091832,-0.318969,-0.127386,-0.095200,-0.321479,-0.027709,-0.093516,-0.320224,0.017936,-0.104049,-0.298098,-0.027467,-0.122677,-0.243231,-0.074584,-0.083308,-0.297327
2026-05-26 18:23:42.313,77.899926,0.000000,0.000000,0.000000,0.071968,-0.091832,-0.318969,-0.127465,-0.094187,-0.321573,-0.027748,-0.093009,-0.320271,0.017335,-0.102933,-0.298869,-0.027324,-0.120691,-0.243184,-0.074584,-0.083308,-0.297327
2026-05-26 18:23:42.413,77.999926,0.000000,0.000000,0.000000,0.070708,-0.090861,-0.318291,-0.126657,-0.095229,-0.321492,-0.027974,-0.093045,-0.319892,0.017198,-0.103933,-0.298809,-0.027110,-0.117713,-0.243113,-0.074584,-0.084313,-0.297270
2026-05-26 18:23:42.513,78.099926,0.000000,0.000000,0.000000,0.071968,-0.091832,-0.318969,-0.126736,-0.094216,-0.321586,-0.027384,-0.093024,-0.320278,0.017198,-0.103933,-0.298809,-0.027181,-0.118706,-0.243137,-0.074584,-0.084313,-0.297270
2026-05-26 18:23:42.613,78.199925,0.000000,0.000000,0.000000,0.069744,-0.091744,-0.318927,-0.127465,-0.094187,-0.321573,-0.028861,-0.092965,-0.320250,0.017198,-0.103933,-0.298809,-0.027253,-0.119699,-0.243160,-0.074584,-0.083308,-0.297327
2026-05-26 18:23:42.713,78.299925,0.000000,0.000000,0.000000,0.070708,-0.090861,-0.318291,-0.126736,-0.094216,-0.321586,-0.028014,-0.092539,-0.319939,0.018212,-0.102049,-0.298215,-0.027324,-0.120691,-0.243184,-0.074584,-0.084313,-0.297270
2026-05-26 18:23:42.813,78.399925,0.000000,0.000000,0.000000,0.070496,-0.091861,-0.318204,-0.127306,-0.096213,-0.321385,-0.028405,-0.094037,-0.319794,0.017198,-0.103933,-0.298809,-0.027360,-0.121188,-0.243196,-0.074584,-0.084313,-0.297270
2026-05-26 18:23:42.913,78.499925,0.000000,0.000000,0.000000,0.070708,-0.090861,-0.318291,-0.126657,-0.095229,-0.321492,-0.027974,-0.093045,-0.319892,0.017335,-0.102933,-0.298869,-0.027324,-0.120691,-0.243184,-0.074584,-0.083810,-0.297298
2026-05-26 18:23:43.013,78.599925,0.000000,0.000000,0.000000,0.070496,-0.091861,-0.318204,-0.126579,-0.096242,-0.321398,-0.028041,-0.094052,-0.319801,0.017926,-0.103962,-0.298822,-0.027181,-0.118706,-0.243137,-0.074583,-0.085318,-0.297214
2026-05-26 18:23:43.113,78.699925,0.000000,0.000000,0.000000,0.070708,-0.090861,-0.318291,-0.126736,-0.094216,-0.321586,-0.028014,-0.092539,-0.319939,0.017198,-0.103933,-0.298809,-0.027395,-0.121684,-0.243207,-0.074584,-0.084313,-0.297270
2026-05-26 18:23:43.213,78.799925,0.000000,0.000000,0.000000,0.069744,-0.091744,-0.318927,-0.126657,-0.095229,-0.321492,-0.028457,-0.093486,-0.320210,0.017345,-0.103020,-0.298143,-0.027395,-0.121684,-0.243207,-0.074583,-0.085318,-0.297214
2026-05-26 18:23:43.313,78.899925,0.000000,0.000000,0.000000,0.070708,-0.090861,-0.318291,-0.127386,-0.095200,-0.321479,-0.028339,-0.093031,-0.319885,0.017936,-0.104049,-0.298098,-0.027253,-0.119699,-0.243160,-0.074584,-0.084313,-0.297270
2026-05-26 18:23:43.413,78.999925,0.000000,0.000000,0.000000,0.070708,-0.090861,-0.318291,-0.127386,-0.095200,-0.321479,-0.028339,-0.093031,-0.319885,0.017345,-0.103020,-0.298143,-0.027253,-0.119699,-0.243160,-0.074584,-0.084313,-0.297270
2026-05-26 18:23:43.513,79.099925,0.000000,0.000000,0.000000,0.070496,-0.091861,-0.318204,-0.127386,-0.095200,-0.321479,-0.028445,-0.093531,-0.319841,0.018074,-0.103049,-0.298157,-0.027253,-0.119699,-0.243160,-0.074584,-0.084313,-0.297270
2026-05-26 18:23:43.613,79.199924,0.000000,0.000000,0.000000,0.069744,-0.091744,-0.318927,-0.127386,-0.095200,-0.321479,-0.028821,-0.093472,-0.320203,0.017198,-0.103933,-0.298809,-0.027395,-0.121684,-0.243207,-0.074584,-0.084313,-0.297270
2026-05-26 18:23:43.713,79.299924,0.000000,0.000000,0.000000,0.072183,-0.090831,-0.319058,-0.126736,-0.094216,-0.321586,-0.027276,-0.092524,-0.320322,0.017198,-0.103933,-0.298809,-0.027253,-0.119699,-0.243160,-0.074584,-0.084313,-0.297270
2026-05-26 18:23:43.813,79.399924,0.000000,0.000000,0.000000,0.070708,-0.090861,-0.318291,-0.127465,-0.094187,-0.321573,-0.028378,-0.092524,-0.319932,0.017335,-0.102933,-0.298869,-0.027253,-0.119699,-0.243160,-0.074584,-0.084313,-0.297270
2026-05-26 18:23:43.913,79.499924,0.000000,0.000000,0.000000,0.071968,-0.091832,-0.318969,-0.126657,-0.095229,-0.321492,-0.027344,-0.093530,-0.320231,0.017335,-0.102933,-0.298869,-0.027324,-0.120691,-0.243184,-0.074630,-0.003893,-0.301776
2026-05-26 18:23:44.013,79.599924,0.000000,0.000000,0.000000,0.069744,-0.091744,-0.318927,-0.126657,-0.095229,-0.321492,-0.028457,-0.093486,-0.320210,0.017335,-0.102933,-0.298869,-0.027253,-0.119699,-0.243160,-0.074584,-0.084313,-0.297270
2026-05-26 18:23:44.113,79.699924,0.000000,0.000000,0.000000,0.070708,-0.090861,-0.318291,-0.126736,-0.094216,-0.321586,-0.028014,-0.092539,-0.319939,0.018202,-0.101962,-0.298942,-0.027253,-0.119699,-0.243160,-0.074584,-0.084313,-0.297270
2026-05-26 18:23:44.213,79.799924,0.000000,0.000000,0.000000,0.070496,-0.091861,-0.318204,-0.127465,-0.094187,-0.321573,-0.028485,-0.093024,-0.319888,0.018074,-0.103049,-0.298157,-0.027467,-0.122677,-0.243231,-0.074584,-0.084313,-0.297270
2026-05-26 18:23:44.313,79.899924,0.000000,0.000000,0.000000,0.069955,-0.090744,-0.319016,-0.126736,-0.094216,-0.321586,-0.028390,-0.092480,-0.320301,0.018064,-0.102962,-0.298882,-0.027324,-0.120691,-0.243184,-0.074584,-0.084313,-0.297270
2026-05-26 18:23:44.413,79.999924,0.000000,0.000000,0.000000,0.070496,-0.091861,-0.318204,-0.126657,-0.095229,-0.321492,-0.028081,-0.093545,-0.319848,0.018074,-0.103049,-0.298157,-0.027324,-0.120691,-0.243184,-0.074584,-0.083308,-0.297327
2026-05-26 18:23:44.513,80.099924,0.000000,0.000000,0.000000,0.070496,-0.091861,-0.318204,-0.127465,-0.094187,-0.321573,-0.028485,-0.093024,-0.319888,0.018074,-0.103049,-0.298157,-0.027253,-0.119699,-0.243160,-0.074584,-0.083308,-0.297327
2026-05-26 18:23:44.613,80.199924,0.000000,0.000000,0.000000,0.070698,-0.090773,-0.319030,-0.127465,-0.094187,-0.321573,-0.028384,-0.092480,-0.320301,0.017198,-0.103933,-0.298809,-0.027395,-0.121684,-0.243207,-0.074584,-0.084313,-0.297270
2026-05-26 18:23:44.713,80.299923,0.000000,0.000000,0.000000,0.072183,-0.090831,-0.319058,-0.127386,-0.095200,-0.321479,-0.027601,-0.093016,-0.320268,0.018074,-0.103049,-0.298157,-0.027253,-0.119699,-0.243160,-0.074584,-0.083308,-0.297327
2026-05-26 18:23:44.813,80.399923,0.000000,0.000000,0.000000,0.069744,-0.091744,-0.318927,-0.127465,-0.094187,-0.321573,-0.028861,-0.092965,-0.320250,0.017335,-0.102933,-0.298869,-0.027253,-0.119699,-0.243160,-0.074584,-0.083308,-0.297327
2026-05-26 18:23:44.913,80.499923,0.000000,0.000000,0.000000,0.070708,-0.090861,-0.318291,-0.127465,-0.094187,-0.321573,-0.028378,-0.092524,-0.319932,0.017335,-0.102933,-0.298869,-0.027253,-0.119699,-0.243160,-0.074584,-0.084313,-0.297270
2026-05-26 18:23:45.013,80.599923,0.000000,0.000000,0.000000,0.070496,-0.091861,-0.318204,-0.127465,-0.094187,-0.321573,-0.028485,-0.093024,-0.319888,0.017198,-0.103933,-0.298809,-0.027324,-0.120691,-0.243184,-0.074584,-0.084313,-0.297270
2026-05-26 18:23:45.113,80.699923,0.000000,0.000000,0.000000,0.072183,-0.090831,-0.319058,-0.126657,-0.095229,-0.321492,-0.027237,-0.093030,-0.320275,0.018074,-0.103049,-0.298157,-0.027181,-0.118706,-0.243137,-0.074585,-0.082302,-0.297383
2026-05-26 18:23:45.213,80.799923,0.000000,0.000000,0.000000,0.071968,-0.091832,-0.318969,-0.127465,-0.094187,-0.321573,-0.027748,-0.093009,-0.320271,0.017208,-0.104020,-0.298084,-0.027181,-0.118706,-0.243137,-0.074584,-0.084313,-0.297270
2026-05-26 18:23:45.313,80.899923,0.000000,0.000000,0.000000,0.069744,-0.091744,-0.318927,-0.126736,-0.094216,-0.321586,-0.028496,-0.092980,-0.320257,0.017345,-0.103020,-0.298143,-0.027253,-0.119699,-0.243160,-0.074584,-0.084313,-0.297270
2026-05-26 18:23:45.413,80.999923,0.000000,0.000000,0.000000,0.069744,-0.091744,-0.318927,-0.127386,-0.095200,-0.321479,-0.028821,-0.093472,-0.320203,0.017198,-0.103933,-0.298809,-0.027395,-0.121684,-0.243207,-0.074584,-0.084313,-0.297270
2026-05-26 18:23:45.513,81.099923,0.000000,0.000000,0.000000,0.070496,-0.091861,-0.318204,-0.127386,-0.095200,-0.321479,-0.028445,-0.093531,-0.319841,0.017335,-0.102933,-0.298869,-0.027074,-0.117217,-0.243101,-0.074584,-0.084313,-0.297270
2026-05-26 18:23:45.613,81.199923,0.000000,0.000000,0.000000,0.069955,-0.090744,-0.319016,-0.126736,-0.094216,-0.321586,-0.028390,-0.092480,-0.320301,0.018074,-0.103049,-0.298157,-0.027171,-0.118792,-0.242423,-0.075330,-0.084283,-0.297256
2026-05-26 18:23:45.713,81.299922,0.000000,0.000000,0.000000,0.070485,-0.091773,-0.318941,-0.126579,-0.096242,-0.321398,-0.028047,-0.094007,-0.320170,0.017936,-0.104049,-0.298098,-0.026019,-0.102998,-0.241296,-0.075331,-0.083278,-0.297313
2026-05-26 18:23:45.813,81.399922,0.000000,0.000000,0.000000,0.070708,-0.090861,-0.318291,-0.127465,-0.094187,-0.321573,-0.028378,-0.092524,-0.319932,0.017936,-0.104049,-0.298098,-0.025285,-0.093251,-0.239554,-0.075328,-0.085289,-0.297200
2026-05-26 18:23:45.913,81.499922,0.000000,0.000000,0.000000,0.070496,-0.091861,-0.318204,-0.127545,-0.093174,-0.321666,-0.028524,-0.092518,-0.319935,0.017936,-0.104049,-0.298098,-0.027193,-0.120211,-0.238883,-0.075330,-0.084283,-0.297256
2026-05-26 18:23:46.013,81.599922,0.000000,0.000000,0.000000,0.071968,-0.091832,-0.318969,-0.126657,-0.095229,-0.321492,-0.027344,-0.093530,-0.320231,0.017936,-0.104049,-0.298098,-0.026467,-0.120325,-0.238184,-0.075328,-0.085289,-0.297200
2026-05-26 18:23:46.113,81.699922,0.000000,0.000000,0.000000,0.071968,-0.091832,-0.318969,-0.127465,-0.094187,-0.321573,-0.027748,-0.093009,-0.320271,0.018665,-0.104078,-0.298111,-0.025667,-0.119447,-0.237452,-0.075318,-0.085377,-0.296459
2026-05-26 18:23:46.213,81.799922,0.000000,0.000000,0.000000,0.071968,-0.091832,-0.318969,-0.127465,-0.094187,-0.321573,-0.027748,-0.093009,-0.320271,0.018074,-0.103049,-0.298157,-0.025089,-0.121544,-0.236818,-0.075319,-0.084372,-0.296514
2026-05-26 18:23:46.313,81.899922,0.000000,0.000000,0.000000,0.069744,-0.091744,-0.318927,-0.127386,-0.095200,-0.321479,-0.028821,-0.093472,-0.320203,0.018943,-0.102078,-0.298229,-0.024287,-0.120666,-0.236086,-0.075318,-0.085377,-0.296459
2026-05-26 18:23:46.413,81.999922,0.000000,0.000000,0.000000,0.069744,-0.091744,-0.318927,-0.126736,-0.094216,-0.321586,-0.028496,-0.092980,-0.320257,0.018074,-0.103049,-0.298157,-0.023253,-0.116815,-0.235245,-0.075318,-0.085377,-0.296459
2026-05-26 18:23:46.513,82.099922,0.000000,0.000000,0.000000,0.070708,-0.090861,-0.318291,-0.126736,-0.094216,-0.321586,-0.028014,-0.092539,-0.319939,0.018804,-0.103078,-0.298170,-0.022039,-0.119931,-0.234664,-0.075318,-0.085377,-0.296459
2026-05-26 18:23:46.613,82.199922,0.000000,0.000000,0.000000,0.070496,-0.091861,-0.318204,-0.126657,-0.095229,-0.321492,-0.028081,-0.093545,-0.319848,0.018804,-0.103078,-0.298170,-0.021392,-0.121035,-0.234001,-0.074573,-0.085407,-0.296473
2026-05-26 18:23:46.713,82.299922,0.000000,0.000000,0.000000,0.070496,-0.091861,-0.318204,-0.127465,-0.094187,-0.321573,-0.028485,-0.093024,-0.319888,0.018804,-0.103078,-0.298170,-0.020665,-0.121149,-0.233302,-0.075328,-0.085289,-0.297200
2026-05-26 18:23:46.813,82.399921,0.000000,0.000000,0.000000,0.072183,-0.090831,-0.319058,-0.127465,-0.094187,-0.321573,-0.027641,-0.092509,-0.320315,0.018932,-0.101991,-0.298956,-0.019939,-0.121263,-0.232602,-0.074573,-0.085407,-0.296473
2026-05-26 18:23:46.913,82.499921,0.000000,0.000000,0.000000,0.069533,-0.092744,-0.318839,-0.127545,-0.093174,-0.321666,-0.029006,-0.092959,-0.320253,0.018804,-0.103078,-0.298170,-0.019045,-0.119396,-0.231821,-0.074572,-0.086412,-0.296418
2026-05-26 18:23:47.013,82.599921,0.000000,0.000000,0.000000,0.072183,-0.090831,-0.319058,-0.127386,-0.095200,-0.321479,-0.027601,-0.093016,-0.320268,0.018212,-0.102049,-0.298215,-0.018402,-0.120500,-0.231162,-0.074573,-0.085407,-0.296473
2026-05-26 18:23:47.113,82.699921,0.000000,0.000000,0.000000,0.072183,-0.090831,-0.319058,-0.127465,-0.094187,-0.321573,-0.027641,-0.092509,-0.320315,0.018943,-0.102078,-0.298229,-0.016783,-0.118663,-0.230389,-0.074572,-0.087417,-0.296362
2026-05-26 18:23:47.213,82.799921,0.000000,0.000000,0.000000,0.069955,-0.090744,-0.319016,-0.126657,-0.095229,-0.321492,-0.028351,-0.092986,-0.320254,0.018212,-0.102049,-0.298215,-0.015887,-0.116712,-0.230317,-0.074572,-0.087417,-0.296362
2026-05-26 18:23:47.313,82.899921,0.000000,0.000000,0.000000,0.069744,-0.091744,-0.318927,-0.126736,-0.094216,-0.321586,-0.028496,-0.092980,-0.320257,0.018804,-0.103078,-0.298170,-0.015155,-0.116826,-0.229612,-0.074572,-0.086412,-0.296418
2026-05-26 18:23:47.413,82.999921,0.000000,0.000000,0.000000,0.070708,-0.090861,-0.318291,-0.127465,-0.094187,-0.321573,-0.028378,-0.092524,-0.319932,0.018943,-0.102078,-0.298229,-0.014423,-0.116941,-0.228907,-0.074571,-0.087920,-0.296335
2026-05-26 18:23:47.513,83.099921,0.000000,0.000000,0.000000,0.070708,-0.090861,-0.318291,-0.127386,-0.095200,-0.321479,-0.028339,-0.093031,-0.319885,0.018804,-0.103078,-0.298170,-0.014333,-0.115951,-0.228862,-0.074571,-0.088422,-0.296307
2026-05-26 18:23:47.613,83.199921,0.000000,0.000000,0.000000,0.072183,-0.090831,-0.319058,-0.126736,-0.094216,-0.321586,-0.027276,-0.092524,-0.320322,0.018064,-0.102962,-0.298882,-0.014333,-0.115951,-0.228862,-0.074572,-0.087417,-0.296362
2026-05-26 18:23:47.713,83.299921,0.000000,0.000000,0.000000,0.071968,-0.091832,-0.318969,-0.127465,-0.094187,-0.321573,-0.027748,-0.093009,-0.320271,0.018804,-0.103078,-0.298170,-0.014333,-0.115951,-0.228862,-0.074572,-0.087417,-0.296362
2026-05-26 18:23:47.813,83.399920,0.000000,0.000000,0.000000,0.070496,-0.091861,-0.318204,-0.126657,-0.095229,-0.321492,-0.028081,-0.093545,-0.319848,0.018212,-0.102049,-0.298215,-0.014333,-0.115951,-0.228862,-0.074572,-0.086412,-0.296418
2026-05-26 18:23:47.913,83.499920,0.000000,0.000000,0.000000,0.071968,-0.091832,-0.318969,-0.126814,-0.093203,-0.321680,-0.027423,-0.092517,-0.320325,0.018074,-0.103049,-0.298157,-0.014423,-0.116941,-0.228907,-0.074572,-0.087417,-0.296362
2026-05-26 18:23:48.013,83.599920,0.000000,0.000000,0.000000,0.070708,-0.090861,-0.318291,-0.127545,-0.093174,-0.321666,-0.028418,-0.092018,-0.319979,0.018074,-0.103049,-0.298157,-0.014423,-0.116941,-0.228907,-0.074572,-0.087417,-0.296362
2026-05-26 18:23:48.113,83.699920,0.000000,0.000000,0.000000,0.070708,-0.090861,-0.318291,-0.127386,-0.095200,-0.321479,-0.028339,-0.093031,-0.319885,0.018074,-0.103049,-0.298157,-0.015012,-0.115428,-0.228826,-0.074572,-0.087417,-0.296362
2026-05-26 18:23:48.213,83.799920,0.000000,0.000000,0.000000,0.070496,-0.091861,-0.318204,-0.126657,-0.095229,-0.321492,-0.028081,-0.093545,-0.319848,0.018943,-0.102078,-0.298229,-0.014243,-0.114962,-0.228817,-0.074571,-0.088422,-0.296307
2026-05-26 18:23:48.313,83.899920,0.000000,0.000000,0.000000,0.069744,-0.091744,-0.318927,-0.126814,-0.093203,-0.321680,-0.028535,-0.092473,-0.320304,0.018212,-0.102049,-0.298215,-0.014423,-0.116941,-0.228907,-0.074572,-0.087417,-0.296362
2026-05-26 18:23:48.413,83.999920,0.000000,0.000000,0.000000,0.070708,-0.090861,-0.318291,-0.126579,-0.096242,-0.321398,-0.027935,-0.093552,-0.319845,0.018074,-0.103049,-0.298157,-0.015056,-0.115923,-0.228849,-0.074572,-0.087417,-0.296362
2026-05-26 18:23:48.513,84.099920,0.000000,0.000000,0.000000,0.069955,-0.090744,-0.319016,-0.127465,-0.094187,-0.321573,-0.028755,-0.092465,-0.320294,0.018804,-0.103078,-0.298170,-0.015056,-0.115923,-0.228849,-0.074572,-0.087417,-0.296362
2026-05-26 18:23:48.613,84.199920,0.000000,0.000000,0.000000,0.070708,-0.090861,-0.318291,-0.126814,-0.093203,-0.321680,-0.028053,-0.092032,-0.319986,0.018943,-0.102078,-0.298229,-0.014967,-0.114933,-0.228804,-0.074571,-0.088422,-0.296307
2026-05-26 18:23:48.713,84.299920,0.000000,0.000000,0.000000,0.069744,-0.091744,-0.318927,-0.126657,-0.095229,-0.321492,-0.028457,-0.093486,-0.320210,0.018943,-0.102078,-0.298229,-0.015056,-0.115923,-0.228849,-0.074572,-0.087417,-0.296362
2026-05-26 18:23:48.813,84.399920,0.000000,0.000000,0.000000,0.070708,-0.090861,-0.318291,-0.126814,-0.093203,-0.321680,-0.028053,-0.092032,-0.319986,0.018804,-0.103078,-0.298170,-0.015155,-0.116826,-0.229612,-0.074572,-0.087417,-0.296362
2026-05-26 18:23:48.913,84.499919,0.000000,0.000000,0.000000,0.069744,-0.091744,-0.318927,-0.126736,-0.094216,-0.321586,-0.028496,-0.092980,-0.320257,0.018943,-0.102078,-0.298229,-0.015145,-0.116912,-0.228894,-0.074571,-0.088422,-0.296307
2026-05-26 18:23:49.013,84.599919,0.000000,0.000000,0.000000,0.069955,-0.090744,-0.319016,-0.127465,-0.094187,-0.321573,-0.028755,-0.092465,-0.320294,0.018943,-0.102078,-0.298229,-0.015056,-0.115923,-0.228849,-0.074572,-0.086412,-0.296418
2026-05-26 18:23:49.113,84.699919,0.000000,0.000000,0.000000,0.070496,-0.091861,-0.318204,-0.127465,-0.094187,-0.321573,-0.028485,-0.093024,-0.319888,0.018212,-0.102049,-0.298215,-0.015066,-0.115837,-0.229568,-0.074572,-0.087417,-0.296362
2026-05-26 18:23:49.213,84.799919,0.000000,0.000000,0.000000,0.070708,-0.090861,-0.318291,-0.127465,-0.094187,-0.321573,-0.028378,-0.092524,-0.319932,0.018804,-0.103078,-0.298170,-0.015155,-0.116826,-0.229612,-0.074572,-0.087417,-0.296362
2026-05-26 18:23:49.313,84.899919,0.000000,0.000000,0.000000,0.070708,-0.090861,-0.318291,-0.126736,-0.094216,-0.321586,-0.028014,-0.092539,-0.319939,0.018943,-0.102078,-0.298229,-0.015066,-0.115837,-0.229568,-0.074571,-0.088422,-0.296307
2026-05-26 18:23:49.413,84.999919,0.000000,0.000000,0.000000,0.071968,-0.091832,-0.318969,-0.127386,-0.095200,-0.321479,-0.027709,-0.093516,-0.320224,0.018873,-0.102578,-0.298200,-0.015155,-0.116826,-0.229612,-0.074572,-0.086412,-0.296418
2026-05-26 18:23:49.513,85.099919,0.000000,0.000000,0.000000,0.070708,-0.090861,-0.318291,-0.126736,-0.094216,-0.321586,-0.028014,-0.092539,-0.319939,0.018943,-0.102078,-0.298229,-0.015155,-0.116826,-0.229612,-0.074572,-0.087417,-0.296362
2026-05-26 18:23:49.613,85.199919,0.000000,0.000000,0.000000,0.070708,-0.090861,-0.318291,-0.127465,-0.094187,-0.321573,-0.028378,-0.092524,-0.319932,0.018943,-0.102078,-0.298229,-0.015066,-0.115837,-0.229568,-0.074572,-0.087417,-0.296362
2026-05-26 18:23:49.713,85.299919,0.000000,0.000000,0.000000,0.070921,-0.089861,-0.318378,-0.127465,-0.094187,-0.321573,-0.028272,-0.092024,-0.319975,0.018350,-0.101050,-0.298274,-0.015066,-0.115837,-0.229568,-0.074571,-0.088422,-0.296307
2026-05-26 18:23:49.813,85.399919,0.000000,0.000000,0.000000,0.069955,-0.090744,-0.319016,-0.127465,-0.094187,-0.321573,-0.028755,-0.092465,-0.320294,0.018804,-0.103078,-0.298170,-0.015155,-0.116826,-0.229612,-0.074572,-0.087417,-0.296362
2026-05-26 18:23:49.913,85.499918,0.000000,0.000000,0.000000,0.070708,-0.090861,-0.318291,-0.127465,-0.094187,-0.321573,-0.028378,-0.092524,-0.319932,0.018943,-0.102078,-0.298229,-0.015155,-0.116826,-0.229612,-0.074572,-0.087417,-0.296362
2026-05-26 18:23:50.013,85.599918,0.000000,0.000000,0.000000,0.072183,-0.090831,-0.319058,-0.126814,-0.093203,-0.321680,-0.027315,-0.092017,-0.320369,0.018804,-0.103078,-0.298170,-0.015155,-0.116826,-0.229612,-0.074572,-0.087417,-0.296362
2026-05-26 18:23:50.113,85.699918,0.000000,0.000000,0.000000,0.070496,-0.091861,-0.318204,-0.126736,-0.094216,-0.321586,-0.028120,-0.093039,-0.319895,0.018804,-0.103078,-0.298170,-0.015155,-0.116826,-0.229612,-0.074572,-0.087417,-0.296362
2026-05-26 18:23:50.213,85.799918,0.000000,0.000000,0.000000,0.071958,-0.091743,-0.319707,-0.127545,-0.093174,-0.321666,-0.027793,-0.092459,-0.320687,0.018074,-0.103049,-0.298157,-0.015066,-0.115837,-0.229568,-0.074571,-0.088422,-0.296307
2026-05-26 18:23:50.313,85.899918,0.000000,0.000000,0.000000,0.070921,-0.089861,-0.318378,-0.126657,-0.095229,-0.321492,-0.027868,-0.092545,-0.319935,0.018943,-0.102078,-0.298229,-0.015066,-0.115837,-0.229568,-0.074572,-0.087417,-0.296362
2026-05-26 18:23:50.413,85.999918,0.000000,0.000000,0.000000,0.069744,-0.091744,-0.318927,-0.126657,-0.095229,-0.321492,-0.028457,-0.093486,-0.320210,0.018212,-0.102049,-0.298215,-0.015155,-0.116826,-0.229612,-0.074572,-0.087417,-0.296362
2026-05-26 18:23:50.513,86.099918,0.000000,0.000000,0.000000,0.071968,-0.091832,-0.318969,-0.126736,-0.094216,-0.321586,-0.027384,-0.093024,-0.320278,0.018665,-0.104078,-0.298111,-0.015066,-0.115837,-0.229568,-0.074572,-0.086412,-0.296418
2026-05-26 18:23:50.613,86.199918,0.000000,0.000000,0.000000,0.070708,-0.090861,-0.318291,-0.127545,-0.093174,-0.321666,-0.028418,-0.092018,-0.319979,0.018212,-0.102049,-0.298215,-0.015066,-0.115837,-0.229568,-0.074572,-0.087417,-0.296362
2026-05-26 18:23:50.713,86.299918,0.000000,0.000000,0.000000,0.071968,-0.091832,-0.318969,-0.127386,-0.095200,-0.321479,-0.027709,-0.093516,-0.320224,0.018804,-0.103078,-0.298170,-0.015877,-0.116798,-0.229598,-0.074571,-0.088422,-0.296307
2026-05-26 18:23:50.813,86.399918,0.000000,0.000000,0.000000,0.070708,-0.090861,-0.318291,-0.126736,-0.094216,-0.321586,-0.028014,-0.092539,-0.319939,0.018074,-0.103049,-0.298157,-0.015877,-0.116798,-0.229598,-0.074572,-0.086412,-0.296418
2026-05-26 18:23:50.913,86.499918,0.000000,0.000000,0.000000,0.070708,-0.090861,-0.318291,-0.127465,-0.094187,-0.321573,-0.028378,-0.092524,-0.319932,0.018943,-0.102078,-0.298229,-0.015066,-0.115837,-0.229568,-0.074571,-0.088422,-0.296307
2026-05-26 18:23:51.013,86.599917,0.000000,0.000000,0.000000,0.071968,-0.091832,-0.318969,-0.127465,-0.094187,-0.321573,-0.027748,-0.093009,-0.320271,0.018804,-0.103078,-0.298170,-0.015525,-0.112839,-0.229423,-0.074572,-0.087417,-0.296362
2026-05-26 18:23:51.113,86.699917,0.000000,0.000000,0.000000,0.070708,-0.090861,-0.318291,-0.127386,-0.095200,-0.321479,-0.028339,-0.093031,-0.319885,0.018074,-0.103049,-0.298157,-0.015877,-0.116798,-0.229598,-0.074572,-0.087417,-0.296362
2026-05-26 18:23:51.213,86.799917,0.000000,0.000000,0.000000,0.069955,-0.090744,-0.319016,-0.126657,-0.095229,-0.321492,-0.028351,-0.092986,-0.320254,0.018212,-0.102049,-0.298215,-0.015877,-0.116798,-0.229598,-0.074572,-0.087417,-0.296362
2026-05-26 18:23:51.313,86.899917,0.000000,0.000000,0.000000,0.071968,-0.091832,-0.318969,-0.127545,-0.093174,-0.321666,-0.027788,-0.092503,-0.320318,0.018943,-0.102078,-0.298229,-0.015877,-0.116798,-0.229598,-0.074571,-0.088422,-0.296307
2026-05-26 18:23:51.413,86.999917,0.000000,0.000000,0.000000,0.070708,-0.090861,-0.318291,-0.127386,-0.095200,-0.321479,-0.028339,-0.093031,-0.319885,0.018074,-0.103049,-0.298157,-0.015877,-0.116798,-0.229598,-0.074571,-0.088422,-0.296307
2026-05-26 18:23:51.513,87.099917,0.000000,0.000000,0.000000,0.070708,-0.090861,-0.318291,-0.127465,-0.094187,-0.321573,-0.028378,-0.092524,-0.319932,0.018943,-0.102078,-0.298229,-0.015789,-0.115808,-0.229554,-0.074572,-0.087417,-0.296362
2026-05-26 18:23:51.613,87.199917,0.000000,0.000000,0.000000,0.070708,-0.090861,-0.318291,-0.127465,-0.094187,-0.321573,-0.028378,-0.092524,-0.319932,0.018804,-0.103078,-0.298170,-0.014443,-0.116769,-0.230344,-0.075314,-0.087388,-0.296349
2026-05-26 18:23:51.713,87.299917,0.000000,0.000000,0.000000,0.070708,-0.090861,-0.318291,-0.127465,-0.094187,-0.321573,-0.028378,-0.092524,-0.319932,0.018665,-0.104078,-0.298111,-0.012538,-0.111878,-0.230157,-0.075452,-0.003959,-0.300932
2026-05-26 18:23:51.813,87.399917,0.000000,0.000000,0.000000,0.072183,-0.090831,-0.319058,-0.126736,-0.094216,-0.321586,-0.027276,-0.092524,-0.320322,0.018794,-0.102991,-0.298896,-0.010129,-0.094095,-0.229401,-0.075316,-0.086383,-0.296404
2026-05-26 18:23:51.913,87.499917,0.000000,0.000000,0.000000,0.071206,-0.091625,-0.320431,-0.126657,-0.095229,-0.321492,-0.027725,-0.093427,-0.320961,0.019523,-0.103020,-0.298910,-0.011755,-0.118776,-0.231199,-0.075326,-0.086294,-0.297144
2026-05-26 18:23:52.013,87.599916,0.000000,0.000000,0.000000,0.071451,-0.090891,-0.318305,-0.126657,-0.095229,-0.321492,-0.027603,-0.093060,-0.319899,0.018794,-0.102991,-0.298896,-0.010939,-0.117815,-0.231171,-0.075328,-0.085289,-0.297200
2026-05-26 18:23:52.113,87.699916,0.000000,0.000000,0.000000,0.069955,-0.090744,-0.319016,-0.126736,-0.094216,-0.321586,-0.028390,-0.092480,-0.320301,0.019383,-0.104020,-0.298850,-0.010325,-0.118747,-0.231942,-0.075328,-0.085289,-0.297200
2026-05-26 18:23:52.213,87.799916,0.000000,0.000000,0.000000,0.071968,-0.091832,-0.318969,-0.126736,-0.094216,-0.321586,-0.027384,-0.093024,-0.320278,0.019523,-0.103020,-0.298910,0.001732,-0.003981,-0.227260,-0.076073,-0.085259,-0.297186
2026-05-26 18:23:52.313,87.899916,0.000000,0.000000,0.000000,0.071968,-0.091832,-0.318969,-0.127386,-0.095200,-0.321479,-0.027709,-0.093516,-0.320224,0.019383,-0.104020,-0.298850,-0.009029,-0.112751,-0.232435,-0.076070,-0.086265,-0.297130
2026-05-26 18:23:52.413,87.999916,0.000000,0.000000,0.000000,0.070708,-0.090861,-0.318291,-0.127386,-0.095200,-0.321479,-0.028339,-0.093031,-0.319885,0.020253,-0.103049,-0.298923,-0.003676,-0.058128,-0.231833,-0.076077,-0.087181,-0.297812
2026-05-26 18:23:52.513,88.099916,0.000000,0.000000,0.000000,0.069955,-0.090744,-0.319016,-0.126736,-0.094216,-0.321586,-0.028390,-0.092480,-0.320301,0.020253,-0.103049,-0.298923,0.001343,-0.007043,-0.230753,-0.076077,-0.087181,-0.297812
2026-05-26 18:23:52.613,88.199916,0.000000,0.000000,0.000000,0.070496,-0.091861,-0.318204,-0.126736,-0.094216,-0.321586,-0.028120,-0.093039,-0.319895,0.019971,-0.105048,-0.298803,0.001478,-0.005457,-0.231539,-0.076077,-0.087181,-0.297812
2026-05-26 18:23:52.713,88.299916,0.000000,0.000000,0.000000,0.070698,-0.090773,-0.319030,-0.126657,-0.095229,-0.321492,-0.027980,-0.093001,-0.320261,0.020982,-0.103077,-0.298937,0.000526,-0.006314,-0.232396,-0.076828,-0.085141,-0.297913
2026-05-26 18:23:52.813,88.399916,0.000000,0.000000,0.000000,0.069955,-0.090744,-0.319016,-0.127465,-0.094187,-0.321573,-0.028755,-0.092465,-0.320294,0.020253,-0.103049,-0.298923,0.000526,-0.006314,-0.232396,-0.076080,-0.086176,-0.297870
2026-05-26 18:23:52.913,88.499916,0.000000,0.000000,0.000000,0.072183,-0.090831,-0.319058,-0.127465,-0.094187,-0.321573,-0.027641,-0.092509,-0.320315,0.020253,-0.103049,-0.298923,0.001455,-0.005256,-0.233218,-0.076820,-0.087152,-0.297798
2026-05-26 18:23:53.013,88.599916,0.000000,0.000000,0.000000,0.071958,-0.091743,-0.319707,-0.127386,-0.095200,-0.321479,-0.027714,-0.093472,-0.320593,0.020253,-0.103049,-0.298923,0.001357,-0.006246,-0.233251,-0.076080,-0.086176,-0.297870
2026-05-26 18:23:53.113,88.699915,0.000000,0.000000,0.000000,0.069744,-0.091744,-0.318927,-0.126657,-0.095229,-0.321492,-0.028457,-0.093486,-0.320210,0.020112,-0.104048,-0.298863,0.001259,-0.007237,-0.233284,-0.076077,-0.087181,-0.297812
2026-05-26 18:23:53.213,88.799915,0.000000,0.000000,0.000000,0.071968,-0.091832,-0.318969,-0.126736,-0.094216,-0.321586,-0.027384,-0.093024,-0.320278,0.020253,-0.103049,-0.298923,0.001357,-0.006246,-0.233251,-0.076080,-0.086176,-0.297870
2026-05-26 18:23:53.313,88.899915,0.000000,0.000000,0.000000,0.070708,-0.090861,-0.318291,-0.127386,-0.095200,-0.321479,-0.028339,-0.093031,-0.319885,0.020394,-0.102049,-0.298983,0.001357,-0.006246,-0.233251,-0.076082,-0.085673,-0.297898
2026-05-26 18:23:53.413,88.999915,0.000000,0.000000,0.000000,0.070496,-0.091861,-0.318204,-0.126657,-0.095229,-0.321492,-0.028081,-0.093545,-0.319848,0.021124,-0.102078,-0.298997,0.001357,-0.006246,-0.233251,-0.076083,-0.085170,-0.297927
2026-05-26 18:23:53.513,89.099915,0.000000,0.000000,0.000000,0.071968,-0.091832,-0.318969,-0.127386,-0.095200,-0.321479,-0.027709,-0.093516,-0.320224,0.020253,-0.103049,-0.298923,-0.008797,-0.109260,-0.236672,-0.076080,-0.086176,-0.297870
2026-05-26 18:23:53.613,89.199915,0.000000,0.000000,0.000000,0.071968,-0.091832,-0.318969,-0.127465,-0.094187,-0.321573,-0.027748,-0.093009,-0.320271,0.020253,-0.103049,-0.298923,-0.008124,-0.102239,-0.237175,-0.076080,-0.086176,-0.297870
2026-05-26 18:23:53.713,89.299915,0.000000,0.000000,0.000000,0.070708,-0.090861,-0.318291,-0.127465,-0.094187,-0.321573,-0.028378,-0.092524,-0.319932,0.021124,-0.102078,-0.298997,0.001443,-0.005155,-0.234057,-0.076080,-0.086176,-0.297870
2026-05-26 18:23:53.813,89.399915,0.000000,0.000000,0.000000,0.071968,-0.091832,-0.318969,-0.126736,-0.094216,-0.321586,-0.027384,-0.093024,-0.320278,0.020394,-0.102049,-0.298983,0.001248,-0.007137,-0.234121,-0.076083,-0.085170,-0.297927
2026-05-26 18:23:53.913,89.499915,0.000000,0.000000,0.000000,0.071968,-0.091832,-0.318969,-0.127465,-0.094187,-0.321573,-0.027748,-0.093009,-0.320271,0.020253,-0.103049,-0.298923,-0.009197,-0.113136,-0.237525,-0.076080,-0.086176,-0.297870
2026-05-26 18:23:54.013,89.599915,0.000000,0.000000,0.000000,0.071968,-0.091832,-0.318969,-0.126736,-0.094216,-0.321586,-0.027384,-0.093024,-0.320278,0.020394,-0.102049,-0.298983,-0.009295,-0.114126,-0.237556,-0.076080,-0.086176,-0.297870
2026-05-26 18:23:54.113,89.699914,0.000000,0.000000,0.000000,0.070708,-0.090861,-0.318291,-0.127386,-0.095200,-0.321479,-0.028339,-0.093031,-0.319885,0.020253,-0.103049,-0.298923,0.001443,-0.005155,-0.234057,-0.076080,-0.086176,-0.297870
2026-05-26 18:23:54.213,89.799914,0.000000,0.000000,0.000000,0.071968,-0.091832,-0.318969,-0.127465,-0.094187,-0.321573,-0.027748,-0.093009,-0.320271,0.020112,-0.104048,-0.298863,0.001345,-0.006146,-0.234089,-0.076080,-0.086176,-0.297870
2026-05-26 18:23:54.313,89.899914,0.000000,0.000000,0.000000,0.069744,-0.091744,-0.318927,-0.126657,-0.095229,-0.321492,-0.028457,-0.093486,-0.320210,0.020253,-0.103049,-0.298923,0.001296,-0.006641,-0.234105,-0.076080,-0.086176,-0.297870
2026-05-26 18:23:54.413,89.999914,0.000000,0.000000,0.000000,0.070921,-0.089861,-0.318378,-0.126657,-0.095229,-0.321492,-0.027868,-0.092545,-0.319935,0.020394,-0.102049,-0.298983,0.001345,-0.006146,-0.234089,-0.076080,-0.086176,-0.297870
2026-05-26 18:23:54.513,90.099914,0.000000,0.000000,0.000000,0.071217,-0.091714,-0.319693,-0.126814,-0.093203,-0.321680,-0.027799,-0.092458,-0.320686,0.021124,-0.102078,-0.298997,0.001345,-0.006146,-0.234089,-0.076080,-0.086176,-0.297870
2026-05-26 18:23:54.613,90.199914,0.000000,0.000000,0.000000,0.070496,-0.091861,-0.318204,-0.126736,-0.094216,-0.321586,-0.028120,-0.093039,-0.319895,0.020394,-0.102049,-0.298983,-0.008905,-0.110164,-0.237429,-0.076080,-0.086176,-0.297870
2026-05-26 18:23:54.713,90.299914,0.000000,0.000000,0.000000,0.070496,-0.091861,-0.318204,-0.126736,-0.094216,-0.321586,-0.028120,-0.093039,-0.319895,0.020253,-0.103049,-0.298923,0.001345,-0.006146,-0.234089,-0.076080,-0.086176,-0.297870
2026-05-26 18:23:54.813,90.399914,0.000000,0.000000,0.000000,0.071968,-0.091832,-0.318969,-0.126736,-0.094216,-0.321586,-0.027384,-0.093024,-0.320278,0.020253,-0.103049,-0.298923,0.001345,-0.006146,-0.234089,-0.076077,-0.087181,-0.297812
2026-05-26 18:23:54.913,90.499914,0.000000,0.000000,0.000000,0.069955,-0.090744,-0.319016,-0.127465,-0.094187,-0.321573,-0.028755,-0.092465,-0.320294,0.020982,-0.103077,-0.298937,0.001248,-0.007137,-0.234121,-0.076080,-0.086176,-0.297870
2026-05-26 18:23:55.013,90.599914,0.000000,0.000000,0.000000,0.071968,-0.091832,-0.318969,-0.126657,-0.095229,-0.321492,-0.027344,-0.093530,-0.320231,0.020394,-0.102049,-0.298983,0.001150,-0.008127,-0.234153,-0.076080,-0.086176,-0.297870
2026-05-26 18:23:55.113,90.699914,0.000000,0.000000,0.000000,0.070496,-0.091861,-0.318204,-0.127386,-0.095200,-0.321479,-0.028445,-0.093531,-0.319841,0.020394,-0.102049,-0.298983,0.001345,-0.006146,-0.234089,-0.076080,-0.086176,-0.297870
2026-05-26 18:23:55.213,90.799913,0.000000,0.000000,0.000000,0.070485,-0.091773,-0.318941,-0.127386,-0.095200,-0.321479,-0.028450,-0.093487,-0.320210,0.020242,-0.102962,-0.299649,0.001443,-0.005155,-0.234057,-0.076083,-0.085170,-0.297927
2026-05-26 18:23:55.313,90.899913,0.000000,0.000000,0.000000,0.071968,-0.091832,-0.318969,-0.126736,-0.094216,-0.321586,-0.027384,-0.093024,-0.320278,0.020253,-0.103049,-0.298923,0.001443,-0.005155,-0.234057,-0.076080,-0.086176,-0.297870
2026-05-26 18:23:55.413,90.999913,0.000000,0.000000,0.000000,0.071206,-0.091625,-0.320431,-0.126736,-0.094216,-0.321586,-0.027765,-0.092921,-0.321008,0.020394,-0.102049,-0.298983,0.001443,-0.005155,-0.234057,-0.076082,-0.085673,-0.297898
2026-05-26 18:23:55.513,91.099913,0.000000,0.000000,0.000000,0.071003,-0.092714,-0.319603,-0.126657,-0.095229,-0.321492,-0.027827,-0.093972,-0.320548,0.020253,-0.103049,-0.298923,0.001345,-0.006146,-0.234089,-0.076082,-0.085673,-0.297898
2026-05-26 18:23:55.613,91.199913,0.000000,0.000000,0.000000,0.070708,-0.090861,-0.318291,-0.127465,-0.094187,-0.321573,-0.028378,-0.092524,-0.319932,0.020535,-0.101049,-0.299043,0.001443,-0.005155,-0.234057,-0.076083,-0.085170,-0.297927
2026-05-26 18:23:55.713,91.299913,0.000000,0.000000,0.000000,0.070708,-0.090861,-0.318291,-0.127386,-0.095200,-0.321479,-0.028339,-0.093031,-0.319885,0.020394,-0.102049,-0.298983,0.001345,-0.006146,-0.234089,-0.076080,-0.086176,-0.297870
2026-05-26 18:23:55.813,91.399913,0.000000,0.000000,0.000000,0.069744,-0.091744,-0.318927,-0.127465,-0.094187,-0.321573,-0.028861,-0.092965,-0.320250,0.020253,-0.103049,-0.298923,0.001443,-0.005155,-0.234057,-0.076083,-0.085170,-0.297927
2026-05-26 18:23:55.913,91.499913,0.000000,0.000000,0.000000,0.071237,-0.091891,-0.318217,-0.127465,-0.094187,-0.321573,-0.028114,-0.093039,-0.319895,0.020394,-0.102049,-0.298983,0.001443,-0.005155,-0.234057,-0.076083,-0.085170,-0.297927
2026-05-26 18:23:56.013,91.599913,0.000000,0.000000,0.000000,0.070708,-0.090861,-0.318291,-0.126736,-0.094216,-0.321586,-0.028014,-0.092539,-0.319939,0.020535,-0.101049,-0.299043,0.001443,-0.005155,-0.234057,-0.076080,-0.086176,-0.297870
2026-05-26 18:23:56.113,91.699913,0.000000,0.000000,0.000000,0.069533,-0.092744,-0.318839,-0.127465,-0.094187,-0.321573,-0.028966,-0.093466,-0.320206,0.020253,-0.103049,-0.298923,0.001248,-0.007137,-0.234121,-0.076083,-0.085170,-0.297927
2026-05-26 18:23:56.213,91.799912,0.000000,0.000000,0.000000,0.071968,-0.091832,-0.318969,-0.127465,-0.094187,-0.321573,-0.027748,-0.093009,-0.320271,0.020383,-0.101962,-0.299710,0.001345,-0.006146,-0.234089,-0.076080,-0.086176,-0.297870
2026-05-26 18:23:56.313,91.899912,0.000000,0.000000,0.000000,0.069744,-0.091744,-0.318927,-0.126736,-0.094216,-0.321586,-0.028496,-0.092980,-0.320257,0.021124,-0.102078,-0.298997,0.001345,-0.006146,-0.234089,-0.076080,-0.086176,-0.297870
2026-05-26 18:23:56.413,91.999912,0.000000,0.000000,0.000000,0.070708,-0.090861,-0.318291,-0.127386,-0.095200,-0.321479,-0.028339,-0.093031,-0.319885,0.020253,-0.103049,-0.298923,0.001345,-0.006146,-0.234089,-0.076080,-0.086176,-0.297870
2026-05-26 18:23:56.513,92.099912,0.000000,0.000000,0.000000,0.069744,-0.091744,-0.318927,-0.126657,-0.095229,-0.321492,-0.028457,-0.093486,-0.320210,0.020982,-0.103077,-0.298937,0.001443,-0.005155,-0.234057,-0.076083,-0.085170,-0.297927
2026-05-26 18:23:56.613,92.199912,0.000000,0.000000,0.000000,0.069744,-0.091744,-0.318927,-0.127465,-0.094187,-0.321573,-0.028861,-0.092965,-0.320250,0.020253,-0.103049,-0.298923,0.001443,-0.005155,-0.234057,-0.076083,-0.085170,-0.297927
2026-05-26 18:23:56.713,92.299912,0.000000,0.000000,0.000000,0.070708,-0.090861,-0.318291,-0.126657,-0.095229,-0.321492,-0.027974,-0.093045,-0.319892,0.021124,-0.102078,-0.298997,0.001345,-0.006146,-0.234089,-0.076080,-0.086176,-0.297870
2026-05-26 18:23:56.813,92.399912,0.000000,0.000000,0.000000,0.072183,-0.090831,-0.319058,-0.126736,-0.094216,-0.321586,-0.027276,-0.092524,-0.320322,0.020464,-0.101549,-0.299013,0.001345,-0.006146,-0.234089,-0.076080,-0.086176,-0.297870
2026-05-26 18:23:56.913,92.499912,0.000000,0.000000,0.000000,0.070496,-0.091861,-0.318204,-0.127386,-0.095200,-0.321479,-0.028445,-0.093531,-0.319841,0.021124,-0.102078,-0.298997,0.001443,-0.005155,-0.234057,-0.076083,-0.085170,-0.297927
2026-05-26 18:23:57.013,92.599912,0.000000,0.000000,0.000000,0.070708,-0.090861,-0.318291,-0.126657,-0.095229,-0.321492,-0.027974,-0.093045,-0.319892,0.020253,-0.103049,-0.298923,0.001443,-0.005155,-0.234057,-0.076083,-0.085170,-0.297927
2026-05-26 18:23:57.113,92.699912,0.000000,0.000000,0.000000,0.072183,-0.090831,-0.319058,-0.127545,-0.093174,-0.321666,-0.027681,-0.092003,-0.320362,0.020394,-0.102049,-0.298983,0.001345,-0.006146,-0.234089,-0.076079,-0.086679,-0.297841
2026-05-26 18:23:57.213,92.799911,0.000000,0.000000,0.000000,0.071206,-0.091625,-0.320431,-0.127465,-0.094187,-0.321573,-0.028129,-0.092906,-0.321002,0.020253,-0.103049,-0.298923,0.001345,-0.006146,-0.234089,-0.076077,-0.087181,-0.297812
2026-05-26 18:23:57.313,92.899911,0.000000,0.000000,0.000000,0.069744,-0.091744,-0.318927,-0.127386,-0.095200,-0.321479,-0.028821,-0.093472,-0.320203,0.020394,-0.102049,-0.298983,0.001443,-0.005155,-0.234057,-0.076080,-0.086176,-0.297870
2026-05-26 18:23:57.413,92.999911,0.000000,0.000000,0.000000,0.070708,-0.090861,-0.318291,-0.127386,-0.095200,-0.321479,-0.028339,-0.093031,-0.319885,0.020253,-0.103049,-0.298923,0.001345,-0.006146,-0.234089,-0.076083,-0.085170,-0.297927
2026-05-26 18:23:57.513,93.099911,0.000000,0.000000,0.000000,0.071003,-0.092714,-0.319603,-0.126736,-0.094216,-0.321586,-0.027866,-0.093465,-0.320595,0.020394,-0.102049,-0.298983,0.001345,-0.006146,-0.234089,-0.076080,-0.086176,-0.297870
2026-05-26 18:23:57.613,93.199911,0.000000,0.000000,0.000000,0.070496,-0.091861,-0.318204,-0.126736,-0.094216,-0.321586,-0.028120,-0.093039,-0.319895,0.020394,-0.102049,-0.298983,0.001443,-0.005155,-0.234057,-0.076080,-0.086176,-0.297870
2026-05-26 18:23:57.713,93.299911,0.000000,0.000000,0.000000,0.072183,-0.090831,-0.319058,-0.127465,-0.094187,-0.321573,-0.027641,-0.092509,-0.320315,0.020253,-0.103049,-0.298923,0.001345,-0.006146,-0.234089,-0.076080,-0.086176,-0.297870
2026-05-26 18:23:57.813,93.399911,0.000000,0.000000,0.000000,0.071206,-0.091625,-0.320431,-0.127465,-0.094187,-0.321573,-0.028129,-0.092906,-0.321002,0.020112,-0.104048,-0.298863,0.001443,-0.005155,-0.234057,-0.076083,-0.085170,-0.297927
2026-05-26 18:23:57.913,93.499911,0.000000,0.000000,0.000000,0.070708,-0.090861,-0.318291,-0.127386,-0.095200,-0.321479,-0.028339,-0.093031,-0.319885,0.020253,-0.103049,-0.298923,0.000611,-0.005223,-0.233202,-0.076077,-0.087181,-0.297812
2026-05-26 18:23:58.013,93.599911,0.000000,0.000000,0.000000,0.069955,-0.090744,-0.319016,-0.127386,-0.095200,-0.321479,-0.028715,-0.092972,-0.320247,0.019383,-0.104020,-0.298850,0.001455,-0.005256,-0.233218,-0.075335,-0.087211,-0.297826
2026-05-26 18:23:58.113,93.699911,0.000000,0.000000,0.000000,0.072183,-0.090831,-0.319058,-0.127545,-0.093174,-0.321666,-0.027681,-0.092003,-0.320362,0.019523,-0.103020,-0.298910,0.001369,-0.006347,-0.232412,-0.075337,-0.086205,-0.297884
2026-05-26 18:23:58.213,93.799911,0.000000,0.000000,0.000000,0.072183,-0.090831,-0.319058,-0.126657,-0.095229,-0.321492,-0.027237,-0.093030,-0.320275,0.019663,-0.102020,-0.298970,-0.008982,-0.111328,-0.236014,-0.075326,-0.086294,-0.297144
2026-05-26 18:23:58.313,93.899910,0.000000,0.000000,0.000000,0.069744,-0.091744,-0.318927,-0.127386,-0.095200,-0.321479,-0.028821,-0.093472,-0.320203,0.019663,-0.102020,-0.298970,0.002223,-0.006481,-0.231589,-0.074582,-0.087329,-0.297101
2026-05-26 18:23:58.413,93.999910,0.000000,0.000000,0.000000,0.072173,-0.090743,-0.319796,-0.127465,-0.094187,-0.321573,-0.027646,-0.092465,-0.320684,0.019523,-0.103020,-0.298910,-0.008343,-0.112433,-0.235339,-0.074583,-0.086323,-0.297158
2026-05-26 18:23:58.513,94.099910,0.000000,0.000000,0.000000,0.071003,-0.092714,-0.319603,-0.126736,-0.094216,-0.321586,-0.027866,-0.093465,-0.320595,0.019663,-0.102020,-0.298970,-0.009167,-0.113395,-0.235360,-0.074583,-0.085318,-0.297214
2026-05-26 18:23:58.613,94.199910,0.000000,0.000000,0.000000,0.070496,-0.091861,-0.318204,-0.127386,-0.095200,-0.321479,-0.028445,-0.093531,-0.319841,0.019663,-0.102020,-0.298970,-0.008146,-0.110453,-0.235269,-0.074593,-0.086235,-0.297897
2026-05-26 18:23:58.713,94.299910,0.000000,0.000000,0.000000,0.070496,-0.091861,-0.318204,-0.127386,-0.095200,-0.321479,-0.028445,-0.093531,-0.319841,0.019523,-0.103020,-0.298910,-0.009070,-0.112405,-0.235325,-0.074583,-0.086323,-0.297158
2026-05-26 18:23:58.813,94.399910,0.000000,0.000000,0.000000,0.071217,-0.091714,-0.319693,-0.126736,-0.094216,-0.321586,-0.027759,-0.092965,-0.320640,0.019663,-0.102020,-0.298970,-0.009167,-0.113395,-0.235360,-0.074582,-0.086826,-0.297129
2026-05-26 18:23:58.913,94.499910,0.000000,0.000000,0.000000,0.069955,-0.090744,-0.319016,-0.126736,-0.094216,-0.321586,-0.028390,-0.092480,-0.320301,0.018794,-0.102991,-0.298896,-0.008874,-0.110424,-0.235255,-0.074583,-0.086323,-0.297158
2026-05-26 18:23:59.013,94.599910,0.000000,0.000000,0.000000,0.072183,-0.090831,-0.319058,-0.126736,-0.094216,-0.321586,-0.027276,-0.092524,-0.320322,0.019663,-0.102020,-0.298970,-0.008442,-0.113424,-0.235374,-0.074583,-0.086323,-0.297158
2026-05-26 18:23:59.113,94.699910,0.000000,0.000000,0.000000,0.072183,-0.090831,-0.319058,-0.127465,-0.094187,-0.321573,-0.027641,-0.092509,-0.320315,0.018794,-0.102991,-0.298896,-0.009265,-0.114385,-0.235395,-0.074583,-0.086323,-0.297158
2026-05-26 18:23:59.213,94.799910,0.000000,0.000000,0.000000,0.070708,-0.090861,-0.318291,-0.126736,-0.094216,-0.321586,-0.028014,-0.092539,-0.319939,0.019523,-0.103020,-0.298910,-0.008245,-0.111443,-0.235304,-0.074582,-0.087329,-0.297101
2026-05-26 18:23:59.313,94.899909,0.000000,0.000000,0.000000,0.070496,-0.091861,-0.318204,-0.126736,-0.094216,-0.321586,-0.028120,-0.093039,-0.319895,0.019523,-0.103020,-0.298910,0.002223,-0.006481,-0.231589,-0.074593,-0.086737,-0.297869
2026-05-26 18:23:59.413,94.999909,0.000000,0.000000,0.000000,0.070708,-0.090861,-0.318291,-0.127386,-0.095200,-0.321479,-0.028339,-0.093031,-0.319885,0.019663,-0.102020,-0.298970,-0.008146,-0.110453,-0.235269,-0.074583,-0.086323,-0.297158
2026-05-26 18:23:59.513,95.099909,0.000000,0.000000,0.000000,0.070496,-0.091861,-0.318204,-0.126736,-0.094216,-0.321586,-0.028120,-0.093039,-0.319895,0.019523,-0.103020,-0.298910,-0.008972,-0.111414,-0.235290,-0.074583,-0.086323,-0.297158
2026-05-26 18:23:59.613,95.199909,0.000000,0.000000,0.000000,0.070708,-0.090861,-0.318291,-0.127465,-0.094187,-0.321573,-0.028378,-0.092524,-0.319932,0.019523,-0.103020,-0.298910,-0.009070,-0.112405,-0.235325,-0.075337,-0.086205,-0.297884
2026-05-26 18:23:59.713,95.299909,0.000000,0.000000,0.000000,0.071958,-0.091743,-0.319707,-0.127386,-0.095200,-0.321479,-0.027714,-0.093472,-0.320593,0.019673,-0.102107,-0.298243,-0.009070,-0.112405,-0.235325,-0.074583,-0.085318,-0.297214
2026-05-26 18:23:59.813,95.399909,0.000000,0.000000,0.000000,0.070708,-0.090861,-0.318291,-0.127386,-0.095200,-0.321479,-0.028339,-0.093031,-0.319885,0.019383,-0.104020,-0.298850,-0.008047,-0.109463,-0.235234,-0.075337,-0.086205,-0.297884
2026-05-26 18:23:59.913,95.499909,0.000000,0.000000,0.000000,0.070496,-0.091861,-0.318204,-0.126736,-0.094216,-0.321586,-0.028120,-0.093039,-0.319895,0.019663,-0.102020,-0.298970,-0.008047,-0.109463,-0.235234,-0.074583,-0.086323,-0.297158
2026-05-26 18:24:00.013,95.599909,0.000000,0.000000,0.000000,0.071958,-0.091743,-0.319707,-0.126657,-0.095229,-0.321492,-0.027349,-0.093486,-0.320600,0.019663,-0.102020,-0.298970,-0.008442,-0.113424,-0.235374,-0.074593,-0.086235,-0.297897
2026-05-26 18:24:00.113,95.699909,0.000000,0.000000,0.000000,0.069955,-0.090744,-0.319016,-0.126657,-0.095229,-0.321492,-0.028351,-0.092986,-0.320254,0.019523,-0.103020,-0.298910,-0.008343,-0.112433,-0.235339,-0.075326,-0.086294,-0.297144
2026-05-26 18:24:00.213,95.799909,0.000000,0.000000,0.000000,0.070485,-0.091773,-0.318941,-0.127386,-0.095200,-0.321479,-0.028450,-0.093487,-0.320210,0.019663,-0.102020,-0.298970,-0.009070,-0.112405,-0.235325,-0.074592,-0.087240,-0.297840
2026-05-26 18:24:00.313,95.899909,0.000000,0.000000,0.000000,0.071217,-0.091714,-0.319693,-0.126736,-0.094216,-0.321586,-0.027759,-0.092965,-0.320640,0.019663,-0.102020,-0.298970,-0.008874,-0.110424,-0.235255,-0.074583,-0.086323,-0.297158
2026-05-26 18:24:00.413,95.999908,0.000000,0.000000,0.000000,0.070708,-0.090861,-0.318291,-0.126657,-0.095229,-0.321492,-0.027974,-0.093045,-0.319892,0.019663,-0.102020,-0.298970,-0.008047,-0.109463,-0.235234,-0.074583,-0.086323,-0.297158
2026-05-26 18:24:00.513,96.099908,0.000000,0.000000,0.000000,0.072173,-0.090743,-0.319796,-0.126657,-0.095229,-0.321492,-0.027242,-0.092986,-0.320644,0.019071,-0.100991,-0.299016,-0.007948,-0.108473,-0.235199,-0.074592,-0.087240,-0.297840
2026-05-26 18:24:00.613,96.199908,0.000000,0.000000,0.000000,0.071968,-0.091832,-0.318969,-0.127465,-0.094187,-0.321573,-0.027748,-0.093009,-0.320271,0.019663,-0.102020,-0.298970,-0.009167,-0.113395,-0.235360,-0.074583,-0.086323,-0.297158
2026-05-26 18:24:00.713,96.299908,0.000000,0.000000,0.000000,0.071968,-0.091832,-0.318969,-0.126814,-0.093203,-0.321680,-0.027423,-0.092517,-0.320325,0.019663,-0.102020,-0.298970,-0.008874,-0.110424,-0.235255,-0.074593,-0.086235,-0.297897
2026-05-26 18:24:00.813,96.399908,0.000000,0.000000,0.000000,0.070496,-0.091861,-0.318204,-0.126736,-0.094216,-0.321586,-0.028120,-0.093039,-0.319895,0.019663,-0.102020,-0.298970,-0.008777,-0.109434,-0.235220,-0.074582,-0.087329,-0.297101
2026-05-26 18:24:00.913,96.499908,0.000000,0.000000,0.000000,0.071968,-0.091832,-0.318969,-0.126736,-0.094216,-0.321586,-0.027384,-0.093024,-0.320278,0.019663,-0.102020,-0.298970,0.002223,-0.006481,-0.231589,-0.074592,-0.087240,-0.297840
2026-05-26 18:24:01.013,96.599908,0.000000,0.000000,0.000000,0.070708,-0.090861,-0.318291,-0.127465,-0.094187,-0.321573,-0.028378,-0.092524,-0.319932,0.019673,-0.102107,-0.298243,-0.008972,-0.111414,-0.235290,-0.075335,-0.087211,-0.297826
2026-05-26 18:24:01.113,96.699908,0.000000,0.000000,0.000000,0.070485,-0.091773,-0.318941,-0.126657,-0.095229,-0.321492,-0.028086,-0.093501,-0.320217,0.019663,-0.102020,-0.298970,-0.008245,-0.111443,-0.235304,-0.074593,-0.086235,-0.297897
2026-05-26 18:24:01.213,96.799908,0.000000,0.000000,0.000000,0.070708,-0.090861,-0.318291,-0.127386,-0.095200,-0.321479,-0.028339,-0.093031,-0.319885,0.019663,-0.102020,-0.298970,-0.008245,-0.111443,-0.235304,-0.074592,-0.087240,-0.297840
2026-05-26 18:24:01.313,96.899908,0.000000,0.000000,0.000000,0.069744,-0.091744,-0.318927,-0.126736,-0.094216,-0.321586,-0.028496,-0.092980,-0.320257,0.018794,-0.102991,-0.298896,-0.008874,-0.110424,-0.235255,-0.074583,-0.086323,-0.297158
2026-05-26 18:24:01.413,96.999907,0.000000,0.000000,0.000000,0.069744,-0.091744,-0.318927,-0.127465,-0.094187,-0.321573,-0.028861,-0.092965,-0.320250,0.018932,-0.101991,-0.298956,-0.008825,-0.109929,-0.235238,-0.074592,-0.087240,-0.297840
2026-05-26 18:24:01.513,97.099907,0.000000,0.000000,0.000000,0.071217,-0.091714,-0.319693,-0.126736,-0.094216,-0.321586,-0.027759,-0.092965,-0.320640,0.019663,-0.102020,-0.298970,-0.007850,-0.107482,-0.235164,-0.074593,-0.086235,-0.297897
2026-05-26 18:24:01.613,97.199907,0.000000,0.000000,0.000000,0.072183,-0.090831,-0.319058,-0.127465,-0.094187,-0.321573,-0.027641,-0.092509,-0.320315,0.019663,-0.102020,-0.298970,-0.008972,-0.111414,-0.235290,-0.075326,-0.086294,-0.297144
2026-05-26 18:24:01.713,97.299907,0.000000,0.000000,0.000000,0.069955,-0.090744,-0.319016,-0.127386,-0.095200,-0.321479,-0.028715,-0.092972,-0.320247,0.019663,-0.102020,-0.298970,-0.009265,-0.114385,-0.235395,-0.074592,-0.087240,-0.297840
2026-05-26 18:24:01.813,97.399907,0.000000,0.000000,0.000000,0.069744,-0.091744,-0.318927,-0.127386,-0.095200,-0.321479,-0.028821,-0.093472,-0.320203,0.018932,-0.101991,-0.298956,-0.008972,-0.111414,-0.235290,-0.074592,-0.087240,-0.297840
2026-05-26 18:24:01.913,97.499907,0.000000,0.000000,0.000000,0.070496,-0.091861,-0.318204,-0.126657,-0.095229,-0.321492,-0.028081,-0.093545,-0.319848,0.019663,-0.102020,-0.298970,-0.008972,-0.111414,-0.235290,-0.075333,-0.088216,-0.297769
2026-05-26 18:24:02.013,97.599907,0.000000,0.000000,0.000000,0.070698,-0.090773,-0.319030,-0.126736,-0.094216,-0.321586,-0.028019,-0.092494,-0.320308,0.019663,-0.102020,-0.298970,-0.009167,-0.113395,-0.235360,-0.075335,-0.087211,-0.297826
2026-05-26 18:24:02.113,97.699907,0.000000,0.000000,0.000000,0.071206,-0.091625,-0.320431,-0.127306,-0.096213,-0.321385,-0.028050,-0.093919,-0.320908,0.018794,-0.102991,-0.298896,-0.008874,-0.110424,-0.235255,-0.075337,-0.086205,-0.297884
2026-05-26 18:24:02.213,97.799907,0.000000,0.000000,0.000000,0.072173,-0.090743,-0.319796,-0.127465,-0.094187,-0.321573,-0.027646,-0.092465,-0.320684,0.018932,-0.101991,-0.298956,-0.009265,-0.114385,-0.235395,-0.074583,-0.086323,-0.297158
2026-05-26 18:24:02.313,97.899907,0.000000,0.000000,0.000000,0.071217,-0.091714,-0.319693,-0.126736,-0.094216,-0.321586,-0.027759,-0.092965,-0.320640,0.019523,-0.103020,-0.298910,-0.008825,-0.109929,-0.235238,-0.074592,-0.087240,-0.297840
2026-05-26 18:24:02.413,97.999907,0.000000,0.000000,0.000000,0.070496,-0.091861,-0.318204,-0.126736,-0.094216,-0.321586,-0.028120,-0.093039,-0.319895,0.019663,-0.102020,-0.298970,-0.008874,-0.110424,-0.235255,-0.075337,-0.086205,-0.297884
2026-05-26 18:24:02.513,98.099906,0.000000,0.000000,0.000000,0.069744,-0.091744,-0.318927,-0.126736,-0.094216,-0.321586,-0.028496,-0.092980,-0.320257,0.018794,-0.102991,-0.298896,-0.008777,-0.109434,-0.235220,-0.074583,-0.086323,-0.297158
2026-05-26 18:24:02.613,98.199906,0.000000,0.000000,0.000000,0.069955,-0.090744,-0.319016,-0.127465,-0.094187,-0.321573,-0.028755,-0.092465,-0.320294,0.019523,-0.103020,-0.298910,-0.009167,-0.113395,-0.235360,-0.074592,-0.087240,-0.297840
2026-05-26 18:24:02.713,98.299906,0.000000,0.000000,0.000000,0.070496,-0.091861,-0.318204,-0.127386,-0.095200,-0.321479,-0.028445,-0.093531,-0.319841,0.019663,-0.102020,-0.298970,-0.008972,-0.111414,-0.235290,-0.074583,-0.086323,-0.297158
2026-05-26 18:24:02.813,98.399906,0.000000,0.000000,0.000000,0.069955,-0.090744,-0.319016,-0.126736,-0.094216,-0.321586,-0.028390,-0.092480,-0.320301,0.019663,-0.102020,-0.298970,0.001478,-0.005457,-0.231539,-0.074582,-0.087329,-0.297101
2026-05-26 18:24:02.913,98.499906,0.000000,0.000000,0.000000,0.069955,-0.090744,-0.319016,-0.126657,-0.095229,-0.321492,-0.028351,-0.092986,-0.320254,0.019533,-0.103107,-0.298184,-0.008874,-0.110424,-0.235255,-0.075326,-0.086294,-0.297144
2026-05-26 18:24:03.013,98.599906,0.000000,0.000000,0.000000,0.070708,-0.090861,-0.318291,-0.126657,-0.095229,-0.321492,-0.027974,-0.093045,-0.319892,0.019523,-0.103020,-0.298910,0.001478,-0.005457,-0.231539,-0.074583,-0.086323,-0.297158
2026-05-26 18:24:03.113,98.699906,0.000000,0.000000,0.000000,0.072183,-0.090831,-0.319058,-0.127465,-0.094187,-0.321573,-0.027641,-0.092509,-0.320315,0.019523,-0.103020,-0.298910,0.001478,-0.005457,-0.231539,-0.074592,-0.087240,-0.297840
2026-05-26 18:24:03.213,98.799906,0.000000,0.000000,0.000000,0.072183,-0.090831,-0.319058,-0.126657,-0.095229,-0.321492,-0.027237,-0.093030,-0.320275,0.019523,-0.103020,-0.298910,-0.008874,-0.110424,-0.235255,-0.074583,-0.086323,-0.297158
2026-05-26 18:24:03.313,98.899906,0.000000,0.000000,0.000000,0.069533,-0.092744,-0.318839,-0.126657,-0.095229,-0.321492,-0.028562,-0.093986,-0.320166,0.019663,-0.102020,-0.298970,0.001380,-0.006447,-0.231574,-0.074592,-0.087240,-0.297840
2026-05-26 18:24:03.413,98.999906,0.000000,0.000000,0.000000,0.072183,-0.090831,-0.319058,-0.126657,-0.095229,-0.321492,-0.027237,-0.093030,-0.320275,0.019523,-0.103020,-0.298910,0.001380,-0.006447,-0.231574,-0.074583,-0.086323,-0.297158
2026-05-26 18:24:03.513,99.099905,0.000000,0.000000,0.000000,0.072173,-0.090743,-0.319796,-0.127465,-0.094187,-0.321573,-0.027646,-0.092465,-0.320684,0.019663,-0.102020,-0.298970,-0.008777,-0.109434,-0.235220,-0.074583,-0.086323,-0.297158
2026-05-26 18:24:03.613,99.199905,0.000000,0.000000,0.000000,0.071958,-0.091743,-0.319707,-0.127386,-0.095200,-0.321479,-0.027714,-0.093472,-0.320593,0.019663,-0.102020,-0.298970,-0.009021,-0.111910,-0.235308,-0.074582,-0.087329,-0.297101
2026-05-26 18:24:03.713,99.299905,0.000000,0.000000,0.000000,0.070708,-0.090861,-0.318291,-0.126736,-0.094216,-0.321586,-0.028014,-0.092539,-0.319939,0.018932,-0.101991,-0.298956,-0.009167,-0.113395,-0.235360,-0.074593,-0.086235,-0.297897
2026-05-26 18:24:03.813,99.399905,0.000000,0.000000,0.000000,0.070708,-0.090861,-0.318291,-0.126657,-0.095229,-0.321492,-0.027974,-0.093045,-0.319892,0.019663,-0.102020,-0.298970,-0.007707,-0.113539,-0.234666,-0.074592,-0.087240,-0.297840
2026-05-26 18:24:03.913,99.499905,0.000000,0.000000,0.000000,0.070496,-0.091861,-0.318204,-0.127465,-0.094187,-0.321573,-0.028485,-0.093024,-0.319888,0.019663,-0.102020,-0.298970,-0.007597,-0.112635,-0.233907,-0.074583,-0.086323,-0.297158
2026-05-26 18:24:04.013,99.599905,0.000000,0.000000,0.000000,0.070708,-0.090861,-0.318291,-0.127465,-0.094187,-0.321573,-0.028378,-0.092524,-0.319932,0.018794,-0.102991,-0.298896,-0.007747,-0.114120,-0.233963,-0.074583,-0.085318,-0.297214
2026-05-26 18:24:04.113,99.699905,0.000000,0.000000,0.000000,0.069744,-0.091744,-0.318927,-0.126657,-0.095229,-0.321492,-0.028457,-0.093486,-0.320210,0.019071,-0.100991,-0.299016,-0.007073,-0.114644,-0.233995,-0.073839,-0.087358,-0.297115
2026-05-26 18:24:04.213,99.799905,0.000000,0.000000,0.000000,0.070708,-0.090861,-0.318291,-0.126736,-0.094216,-0.321586,-0.028014,-0.092539,-0.319939,0.018932,-0.101991,-0.298956,-0.007062,-0.114730,-0.233275,-0.073838,-0.084342,-0.297284
2026-05-26 18:24:04.313,99.899905,0.000000,0.000000,0.000000,0.070496,-0.091861,-0.318204,-0.127545,-0.093174,-0.321666,-0.028524,-0.092518,-0.319935,0.018271,-0.101462,-0.298972,-0.007163,-0.115720,-0.233313,-0.073838,-0.084342,-0.297284
2026-05-26 18:24:04.413,99.999905,0.000000,0.000000,0.000000,0.070708,-0.090861,-0.318291,-0.126657,-0.095229,-0.321492,-0.027974,-0.093045,-0.319892,0.018340,-0.100962,-0.299002,-0.006338,-0.114759,-0.233288,-0.073798,-0.004931,-0.301736
2026-05-26 18:24:04.513,100.099905,0.000000,0.000000,0.000000,0.069955,-0.090744,-0.319016,-0.127465,-0.094187,-0.321573,-0.028755,-0.092465,-0.320294,0.018202,-0.101962,-0.298942,-0.006328,-0.114845,-0.232568,-0.073094,-0.085377,-0.297242
2026-05-26 18:24:04.613,100.199904,0.000000,0.000000,0.000000,0.069744,-0.091744,-0.318927,-0.126657,-0.095229,-0.321492,-0.028457,-0.093486,-0.320210,0.018487,-0.100050,-0.298333,-0.006042,-0.111703,-0.233897,-0.073092,-0.084372,-0.297298
2026-05-26 18:24:04.713,100.299904,0.000000,0.000000,0.000000,0.069533,-0.092744,-0.318839,-0.126736,-0.094216,-0.321586,-0.028602,-0.093480,-0.320213,0.018487,-0.100050,-0.298333,-0.005418,-0.112721,-0.233948,-0.073094,-0.085377,-0.297242
2026-05-26 18:24:04.813,100.399904,0.000000,0.000000,0.000000,0.070167,-0.089743,-0.319104,-0.127386,-0.095200,-0.321479,-0.028609,-0.092472,-0.320292,0.017755,-0.100021,-0.298320,-0.005305,-0.111818,-0.233187,-0.072964,-0.003959,-0.301808
2026-05-26 18:24:04.913,100.499904,0.000000,0.000000,0.000000,0.069213,-0.090714,-0.319002,-0.127465,-0.094187,-0.321573,-0.029126,-0.092451,-0.320287,0.017755,-0.100021,-0.298320,-0.005088,-0.109926,-0.232385,-0.072954,-0.005063,-0.300923
2026-05-26 18:24:05.013,100.599904,0.000000,0.000000,0.000000,0.069955,-0.090744,-0.319016,-0.126736,-0.094216,-0.321586,-0.028390,-0.092480,-0.320301,0.017755,-0.100021,-0.298320,-0.004359,-0.109955,-0.232399,-0.072941,-0.004157,-0.300150
2026-05-26 18:24:05.113,100.699904,0.000000,0.000000,0.000000,0.069955,-0.090744,-0.319016,-0.126657,-0.095229,-0.321492,-0.028351,-0.092986,-0.320254,0.016991,-0.099730,-0.300493,-0.004140,-0.108063,-0.231592,0.549114,0.073322,-0.288235
2026-05-26 18:24:05.213,100.799904,0.000000,0.000000,0.000000,0.069744,-0.091744,-0.318927,-0.127465,-0.094187,-0.321573,-0.028861,-0.092965,-0.320250,0.016856,-0.100730,-0.300431,-0.004349,-0.110042,-0.231673,0.797681,0.552116,0.164868
2026-05-26 18:24:05.313,100.899904,0.000000,0.000000,0.000000,0.069955,-0.090744,-0.319016,-0.126579,-0.096242,-0.321398,-0.028312,-0.093493,-0.320207,0.016991,-0.099730,-0.300493,-0.004349,-0.110042,-0.231673,-0.072102,-0.006299,-0.299231
2026-05-26 18:24:05.413,100.999904,0.000000,0.000000,0.000000,0.070167,-0.089743,-0.319104,-0.127386,-0.095200,-0.321479,-0.028609,-0.092472,-0.320292,0.016259,-0.099701,-0.300479,-0.004245,-0.109052,-0.231632,-0.072105,-0.007304,-0.299177
2026-05-26 18:24:05.513,101.099904,0.000000,0.000000,0.000000,0.069955,-0.090744,-0.319016,-0.126657,-0.095229,-0.321492,-0.028351,-0.092986,-0.320254,0.016269,-0.099788,-0.299750,-0.003409,-0.108092,-0.231606,-0.072222,-0.050507,-0.296893
2026-05-26 18:24:05.613,101.199903,0.000000,0.000000,0.000000,0.069955,-0.090744,-0.319016,-0.126736,-0.094216,-0.321586,-0.028390,-0.092480,-0.320301,0.016259,-0.099701,-0.300479,-0.003293,-0.107190,-0.230836,-0.072222,-0.050507,-0.296893
2026-05-26 18:24:05.713,101.299903,0.000000,0.000000,0.000000,0.069744,-0.091744,-0.318927,-0.126657,-0.095229,-0.321492,-0.028457,-0.093486,-0.320210,0.016269,-0.099788,-0.299750,-0.003188,-0.106201,-0.230795,-0.071439,-0.050538,-0.296907
2026-05-26 18:24:05.813,101.399903,0.000000,0.000000,0.000000,0.069955,-0.090744,-0.319016,-0.127465,-0.094187,-0.321573,-0.028755,-0.092465,-0.320294,0.016259,-0.099701,-0.300479,-0.003082,-0.105211,-0.230754,-0.071443,-0.051543,-0.296854
2026-05-26 18:24:05.913,101.499903,0.000000,0.000000,0.000000,0.069955,-0.090744,-0.319016,-0.126657,-0.095229,-0.321492,-0.028351,-0.092986,-0.320254,0.015403,-0.100760,-0.299676,-0.003188,-0.106201,-0.230795,-0.071443,-0.051543,-0.296854
2026-05-26 18:24:06.013,101.599903,0.000000,0.000000,0.000000,0.069744,-0.091744,-0.318927,-0.127386,-0.095200,-0.321479,-0.028821,-0.093472,-0.320203,0.015469,-0.100259,-0.299706,-0.002347,-0.105240,-0.230767,-0.071447,-0.052547,-0.296801
2026-05-26 18:24:06.113,101.699903,0.000000,0.000000,0.000000,0.069955,-0.090744,-0.319016,-0.126657,-0.095229,-0.321492,-0.028351,-0.092986,-0.320254,0.015536,-0.099759,-0.299737,-0.002454,-0.106230,-0.230809,-0.070661,-0.051573,-0.296869
2026-05-26 18:24:06.213,101.799903,0.000000,0.000000,0.000000,0.069955,-0.090744,-0.319016,-0.126657,-0.095229,-0.321492,-0.028351,-0.092986,-0.320254,0.015526,-0.099672,-0.300466,-0.002454,-0.106230,-0.230809,-0.070672,-0.051480,-0.297646
2026-05-26 18:24:06.313,101.899903,0.000000,0.000000,0.000000,0.069955,-0.090744,-0.319016,-0.127465,-0.094187,-0.321573,-0.028755,-0.092465,-0.320294,0.015536,-0.099759,-0.299737,-0.002347,-0.105240,-0.230767,-0.070661,-0.051573,-0.296869
2026-05-26 18:24:06.413,101.999903,0.000000,0.000000,0.000000,0.069744,-0.091744,-0.318927,-0.126736,-0.094216,-0.321586,-0.028496,-0.092980,-0.320257,0.016299,-0.100050,-0.297563,-0.002454,-0.106230,-0.230809,-0.070666,-0.052578,-0.296815
2026-05-26 18:24:06.513,102.099903,0.000000,0.000000,0.000000,0.069533,-0.092744,-0.318839,-0.127465,-0.094187,-0.321573,-0.028966,-0.093466,-0.320206,0.014803,-0.099730,-0.299723,-0.001612,-0.105270,-0.230781,-0.070666,-0.052578,-0.296815
2026-05-26 18:24:06.613,102.199903,0.000000,0.000000,0.000000,0.070263,-0.092685,-0.319589,-0.126736,-0.094216,-0.321586,-0.028236,-0.093450,-0.320588,0.014803,-0.099730,-0.299723,-0.001505,-0.104280,-0.230740,-0.070661,-0.051573,-0.296869
2026-05-26 18:24:06.713,102.299902,0.000000,0.000000,0.000000,0.069744,-0.091744,-0.318927,-0.126657,-0.095229,-0.321492,-0.028457,-0.093486,-0.320210,0.014070,-0.099701,-0.299709,-0.001720,-0.106259,-0.230822,-0.069874,-0.050600,-0.296936
2026-05-26 18:24:06.813,102.399902,0.000000,0.000000,0.000000,0.069955,-0.090744,-0.319016,-0.126657,-0.095229,-0.321492,-0.028351,-0.092986,-0.320254,0.014966,-0.098993,-0.297594,-0.001612,-0.105270,-0.230781,-0.069886,-0.052609,-0.296830
2026-05-26 18:24:06.913,102.499902,0.000000,0.000000,0.000000,0.069744,-0.091744,-0.318927,-0.127465,-0.094187,-0.321573,-0.028861,-0.092965,-0.320250,0.014935,-0.098730,-0.299784,-0.001612,-0.105270,-0.230781,-0.069880,-0.051604,-0.296883
2026-05-26 18:24:07.013,102.599902,0.000000,0.000000,0.000000,0.069744,-0.091744,-0.318927,-0.126657,-0.095229,-0.321492,-0.028457,-0.093486,-0.320210,0.014935,-0.098730,-0.299784,-0.001720,-0.106259,-0.230822,-0.069880,-0.051604,-0.296883
2026-05-26 18:24:07.113,102.699902,0.000000,0.000000,0.000000,0.069744,-0.091744,-0.318927,-0.127465,-0.094187,-0.321573,-0.028861,-0.092965,-0.320250,0.014935,-0.098730,-0.299784,-0.001612,-0.105270,-0.230781,-0.069880,-0.051604,-0.296883
2026-05-26 18:24:07.213,102.799902,0.000000,0.000000,0.000000,0.069955,-0.090744,-0.319016,-0.127465,-0.094187,-0.321573,-0.028755,-0.092465,-0.320294,0.014803,-0.099730,-0.299723,-0.001612,-0.105270,-0.230781,-0.069877,-0.051102,-0.296910
2026-05-26 18:24:07.313,102.899902,0.000000,0.000000,0.000000,0.069744,-0.091744,-0.318927,-0.126736,-0.094216,-0.321586,-0.028496,-0.092980,-0.320257,0.014834,-0.099992,-0.297536,-0.001612,-0.105270,-0.230781,-0.069880,-0.051604,-0.296883
2026-05-26 18:24:07.413,102.999902,0.000000,0.000000,0.000000,0.069744,-0.091744,-0.318927,-0.127465,-0.094187,-0.321573,-0.028861,-0.092965,-0.320250,0.014966,-0.098993,-0.297594,-0.001720,-0.106259,-0.230822,-0.069880,-0.051604,-0.296883
2026-05-26 18:24:07.513,103.099902,0.000000,0.000000,0.000000,0.069744,-0.091744,-0.318927,-0.127386,-0.095200,-0.321479,-0.028821,-0.093472,-0.320203,0.014070,-0.099701,-0.299709,-0.001612,-0.105270,-0.230781,-0.069880,-0.051604,-0.296883
2026-05-26 18:24:07.613,103.199902,0.000000,0.000000,0.000000,0.069744,-0.091744,-0.318927,-0.127386,-0.095200,-0.321479,-0.028821,-0.093472,-0.320203,0.014202,-0.098701,-0.299770,-0.001505,-0.104280,-0.230740,-0.069880,-0.051604,-0.296883
2026-05-26 18:24:07.713,103.299901,0.000000,0.000000,0.000000,0.069955,-0.090744,-0.319016,-0.127386,-0.095200,-0.321479,-0.028715,-0.092972,-0.320247,0.014966,-0.098993,-0.297594,-0.001720,-0.106259,-0.230822,-0.069880,-0.051604,-0.296883
2026-05-26 18:24:07.813,103.399901,0.000000,0.000000,0.000000,0.069955,-0.090744,-0.319016,-0.126736,-0.094216,-0.321586,-0.028390,-0.092480,-0.320301,0.014202,-0.098701,-0.299770,-0.001612,-0.105270,-0.230781,-0.069874,-0.050600,-0.296936
2026-05-26 18:24:07.913,103.499901,0.000000,0.000000,0.000000,0.069955,-0.090744,-0.319016,-0.127465,-0.094187,-0.321573,-0.028755,-0.092465,-0.320294,0.014935,-0.098730,-0.299784,-0.001612,-0.105270,-0.230781,-0.069880,-0.051604,-0.296883
2026-05-26 18:24:08.013,103.599901,0.000000,0.000000,0.000000,0.069744,-0.091744,-0.318927,-0.127465,-0.094187,-0.321573,-0.028861,-0.092965,-0.320250,0.014966,-0.098993,-0.297594,-0.001612,-0.105270,-0.230781,-0.069880,-0.051604,-0.296883
2026-05-26 18:24:08.113,103.699901,0.000000,0.000000,0.000000,0.069955,-0.090744,-0.319016,-0.127465,-0.094187,-0.321573,-0.028755,-0.092465,-0.320294,0.014202,-0.098701,-0.299770,-0.001612,-0.105270,-0.230781,-0.069880,-0.051604,-0.296883
2026-05-26 18:24:08.213,103.799901,0.000000,0.000000,0.000000,0.069744,-0.091744,-0.318927,-0.127465,-0.094187,-0.321573,-0.028861,-0.092965,-0.320250,0.014935,-0.098730,-0.299784,-0.001612,-0.105270,-0.230781,-0.069874,-0.050600,-0.296936
2026-05-26 18:24:08.313,103.899901,0.000000,0.000000,0.000000,0.069955,-0.090744,-0.319016,-0.127465,-0.094187,-0.321573,-0.028755,-0.092465,-0.320294,0.014202,-0.098701,-0.299770,-0.001612,-0.105270,-0.230781,-0.069874,-0.050600,-0.296936
2026-05-26 18:24:08.413,103.999901,0.000000,0.000000,0.000000,0.069955,-0.090744,-0.319016,-0.126736,-0.094216,-0.321586,-0.028390,-0.092480,-0.320301,0.014935,-0.098730,-0.299784,-0.001612,-0.105270,-0.230781,-0.069880,-0.051604,-0.296883
2026-05-26 18:24:08.513,104.099901,0.000000,0.000000,0.000000,0.069744,-0.091744,-0.318927,-0.126657,-0.095229,-0.321492,-0.028457,-0.093486,-0.320210,0.014202,-0.098701,-0.299770,-0.001612,-0.105270,-0.230781,-0.069880,-0.051604,-0.296883
2026-05-26 18:24:08.613,104.199901,0.000000,0.000000,0.000000,0.069744,-0.091744,-0.318927,-0.127465,-0.094187,-0.321573,-0.028861,-0.092965,-0.320250,0.014935,-0.098730,-0.299784,-0.001730,-0.106171,-0.231553,-0.069880,-0.051604,-0.296883
2026-05-26 18:24:08.713,104.299901,0.000000,0.000000,0.000000,0.069955,-0.090744,-0.319016,-0.126657,-0.095229,-0.321492,-0.028351,-0.092986,-0.320254,0.014935,-0.098730,-0.299784,-0.001720,-0.106259,-0.230822,-0.069880,-0.051604,-0.296883
2026-05-26 18:24:08.813,104.399900,0.000000,0.000000,0.000000,0.070167,-0.089743,-0.319104,-0.126736,-0.094216,-0.321586,-0.028284,-0.091980,-0.320345,0.014966,-0.098993,-0.297594,-0.001623,-0.105182,-0.231512,-0.069880,-0.051604,-0.296883
2026-05-26 18:24:08.913,104.499900,0.000000,0.000000,0.000000,0.069955,-0.090744,-0.319016,-0.127465,-0.094187,-0.321573,-0.028755,-0.092465,-0.320294,0.014966,-0.098993,-0.297594,-0.001666,-0.105764,-0.230802,-0.069880,-0.051604,-0.296883
2026-05-26 18:24:09.013,104.599900,0.000000,0.000000,0.000000,0.069734,-0.091655,-0.319665,-0.127465,-0.094187,-0.321573,-0.028866,-0.092921,-0.320619,0.014966,-0.098993,-0.297594,-0.001612,-0.105270,-0.230781,-0.069880,-0.051604,-0.296883
2026-05-26 18:24:09.113,104.699900,0.000000,0.000000,0.000000,0.069744,-0.091744,-0.318927,-0.127465,-0.094187,-0.321573,-0.028861,-0.092965,-0.320250,0.014966,-0.098993,-0.297594,-0.001623,-0.105182,-0.231512,-0.069880,-0.051604,-0.296883
2026-05-26 18:24:09.213,104.799900,0.000000,0.000000,0.000000,0.069955,-0.090744,-0.319016,-0.127465,-0.094187,-0.321573,-0.028755,-0.092465,-0.320294,0.014202,-0.098701,-0.299770,-0.001720,-0.106259,-0.230822,-0.069880,-0.051604,-0.296883
2026-05-26 18:24:09.313,104.899900,0.000000,0.000000,0.000000,0.069744,-0.091744,-0.318927,-0.127306,-0.096213,-0.321385,-0.028781,-0.093978,-0.320156,0.014202,-0.098701,-0.299770,-0.001720,-0.106259,-0.230822,-0.069616,-0.007402,-0.299224
2026-05-26 18:24:09.413,104.999900,0.000000,0.000000,0.000000,0.069744,-0.091744,-0.318927,-0.126657,-0.095229,-0.321492,-0.028457,-0.093486,-0.320210,0.014935,-0.098730,-0.299784,-0.001730,-0.106171,-0.231553,-0.069874,-0.050600,-0.296936
2026-05-26 18:24:09.513,105.099900,0.000000,0.000000,0.000000,0.069955,-0.090744,-0.319016,-0.127545,-0.093174,-0.321666,-0.028795,-0.091959,-0.320341,0.014202,-0.098701,-0.299770,-0.001720,-0.106259,-0.230822,-0.069880,-0.051604,-0.296883
2026-05-26 18:24:09.613,105.199900,0.000000,0.000000,0.000000,0.069744,-0.091744,-0.318927,-0.127386,-0.095200,-0.321479,-0.028821,-0.093472,-0.320203,0.014966,-0.098993,-0.297594,-0.001612,-0.105270,-0.230781,-0.069874,-0.050600,-0.296936
2026-05-26 18:24:09.713,105.299900,0.000000,0.000000,0.000000,0.069955,-0.090744,-0.319016,-0.127386,-0.095200,-0.321479,-0.028715,-0.092972,-0.320247,0.014935,-0.098730,-0.299784,-0.001720,-0.106259,-0.230822,-0.069880,-0.051604,-0.296883
2026-05-26 18:24:09.813,105.399899,0.000000,0.000000,0.000000,0.069744,-0.091744,-0.318927,-0.127465,-0.094187,-0.321573,-0.028861,-0.092965,-0.320250,0.014935,-0.098730,-0.299784,-0.002357,-0.105153,-0.231498,-0.069880,-0.051604,-0.296883
2026-05-26 18:24:09.913,105.499899,0.000000,0.000000,0.000000,0.069955,-0.090744,-0.319016,-0.126657,-0.095229,-0.321492,-0.028351,-0.092986,-0.320254,0.014935,-0.098730,-0.299784,-0.003198,-0.106113,-0.231525,-0.069857,-0.049689,-0.296210
2026-05-26 18:24:10.013,105.599899,0.000000,0.000000,0.000000,0.069955,-0.090744,-0.319016,-0.127386,-0.095200,-0.321479,-0.028715,-0.092972,-0.320247,0.014935,-0.098730,-0.299784,-0.004046,-0.106986,-0.232281,-0.069868,-0.049595,-0.296990
2026-05-26 18:24:10.113,105.699899,0.000000,0.000000,0.000000,0.069744,-0.091744,-0.318927,-0.126657,-0.095229,-0.321492,-0.028457,-0.093486,-0.320210,0.014935,-0.098730,-0.299784,-0.004882,-0.107947,-0.232306,-0.069856,-0.047586,-0.297096
2026-05-26 18:24:10.213,105.799899,0.000000,0.000000,0.000000,0.069734,-0.091655,-0.319665,-0.127386,-0.095200,-0.321479,-0.028826,-0.093428,-0.320572,0.014935,-0.098730,-0.299784,-0.005818,-0.109897,-0.232371,-0.069844,-0.045577,-0.297202
2026-05-26 18:24:10.313,105.899899,0.000000,0.000000,0.000000,0.069744,-0.091744,-0.318927,-0.126657,-0.095229,-0.321492,-0.028457,-0.093486,-0.320210,0.014935,-0.098730,-0.299784,-0.005808,-0.109984,-0.231646,-0.069844,-0.045577,-0.297202
2026-05-26 18:24:10.413,105.999899,0.000000,0.000000,0.000000,0.069955,-0.090744,-0.319016,-0.127465,-0.094187,-0.321573,-0.028755,-0.092465,-0.320294,0.014966,-0.098993,-0.297594,-0.006436,-0.108966,-0.231591,-0.069850,-0.046581,-0.297149
2026-05-26 18:24:10.513,106.099899,0.000000,0.000000,0.000000,0.069955,-0.090744,-0.319016,-0.127465,-0.094187,-0.321573,-0.028755,-0.092465,-0.320294,0.014935,-0.098730,-0.299784,-0.006537,-0.109955,-0.231632,-0.069826,-0.042563,-0.297362
2026-05-26 18:24:10.613,106.199899,0.000000,0.000000,0.000000,0.069744,-0.091744,-0.318927,-0.127386,-0.095200,-0.321479,-0.028821,-0.093472,-0.320203,0.014834,-0.099992,-0.297536,-0.007157,-0.109024,-0.230851,-0.069832,-0.043568,-0.297309
2026-05-26 18:24:10.713,106.299899,0.000000,0.000000,0.000000,0.069955,-0.090744,-0.319016,-0.126736,-0.094216,-0.321586,-0.028390,-0.092480,-0.320301,0.014803,-0.099730,-0.299723,-0.007357,-0.111003,-0.230934,-0.070622,-0.043536,-0.297294
2026-05-26 18:24:10.813,106.399899,0.000000,0.000000,0.000000,0.069955,-0.090744,-0.319016,-0.126657,-0.095229,-0.321492,-0.028351,-0.092986,-0.320254,0.015669,-0.098759,-0.299798,-0.008075,-0.111061,-0.230196,-0.070622,-0.043536,-0.297294
2026-05-26 18:24:10.913,106.499898,0.000000,0.000000,0.000000,0.069955,-0.090744,-0.319016,-0.127465,-0.094187,-0.321573,-0.028755,-0.092465,-0.320294,0.014803,-0.099730,-0.299723,-0.008706,-0.110043,-0.230139,-0.070828,-0.085731,-0.295061
2026-05-26 18:24:11.013,106.599898,0.000000,0.000000,0.000000,0.069744,-0.091744,-0.318927,-0.127386,-0.095200,-0.321479,-0.028821,-0.093472,-0.320203,0.015536,-0.099759,-0.299737,-0.008716,-0.109956,-0.230865,-0.070611,-0.043631,-0.296508
2026-05-26 18:24:11.113,106.699898,0.000000,0.000000,0.000000,0.069744,-0.091744,-0.318927,-0.126736,-0.094216,-0.321586,-0.028496,-0.092980,-0.320257,0.015536,-0.099759,-0.299737,-0.008716,-0.109956,-0.230865,-0.071413,-0.043505,-0.297279
2026-05-26 18:24:11.213,106.799898,0.000000,0.000000,0.000000,0.069744,-0.091744,-0.318927,-0.127306,-0.096213,-0.321385,-0.028781,-0.093978,-0.320156,0.015536,-0.099759,-0.299737,-0.008814,-0.110945,-0.230907,-0.071404,-0.044102,-0.296467
2026-05-26 18:24:11.313,106.899898,0.000000,0.000000,0.000000,0.069744,-0.091744,-0.318927,-0.127386,-0.095200,-0.321479,-0.028821,-0.093472,-0.320203,0.015536,-0.099759,-0.299737,-0.008814,-0.110945,-0.230907,-0.071260,-0.006431,-0.298420
2026-05-26 18:24:11.413,106.999898,0.000000,0.000000,0.000000,0.069744,-0.091744,-0.318927,-0.127306,-0.096213,-0.321385,-0.028781,-0.093978,-0.320156,0.016269,-0.099788,-0.299750,-0.008814,-0.110945,-0.230907,-0.071256,-0.005426,-0.298472
2026-05-26 18:24:11.513,107.099898,0.000000,0.000000,0.000000,0.069744,-0.091744,-0.318927,-0.126736,-0.094216,-0.321586,-0.028496,-0.092980,-0.320257,0.015536,-0.099759,-0.299737,-0.008911,-0.111935,-0.230948,-0.071405,-0.044604,-0.296441
2026-05-26 18:24:11.613,107.199898,0.000000,0.000000,0.000000,0.069955,-0.090744,-0.319016,-0.126736,-0.094216,-0.321586,-0.028390,-0.092480,-0.320301,0.015536,-0.099759,-0.299737,-0.008814,-0.110945,-0.230907,-0.071271,-0.006332,-0.299246
2026-05-26 18:24:11.713,107.299898,0.000000,0.000000,0.000000,0.069955,-0.090744,-0.319016,-0.126736,-0.094216,-0.321586,-0.028390,-0.092480,-0.320301,0.015403,-0.100760,-0.299676,-0.008814,-0.110945,-0.230907,-0.071563,-0.085791,-0.294306
2026-05-26 18:24:11.813,107.399898,0.000000,0.000000,0.000000,0.069744,-0.091744,-0.318927,-0.127465,-0.094187,-0.321573,-0.028861,-0.092965,-0.320250,0.015536,-0.099759,-0.299737,-0.008716,-0.109956,-0.230865,-0.071402,-0.043599,-0.296493
2026-05-26 18:24:11.913,107.499897,0.000000,0.000000,0.000000,0.070167,-0.089743,-0.319104,-0.126736,-0.094216,-0.321586,-0.028284,-0.091980,-0.320345,0.015566,-0.100021,-0.297549,-0.008814,-0.110945,-0.230907,-0.071402,-0.043599,-0.296493
2026-05-26 18:24:12.013,107.599897,0.000000,0.000000,0.000000,0.069955,-0.090744,-0.319016,-0.126657,-0.095229,-0.321492,-0.028351,-0.092986,-0.320254,0.015536,-0.099759,-0.299737,-0.008716,-0.109956,-0.230865,-0.071413,-0.043505,-0.297279
2026-05-26 18:24:12.113,107.699897,0.000000,0.000000,0.000000,0.069955,-0.090744,-0.319016,-0.127386,-0.095200,-0.321479,-0.028715,-0.092972,-0.320247,0.015536,-0.099759,-0.299737,-0.008814,-0.110945,-0.230907,-0.071413,-0.043505,-0.297279
2026-05-26 18:24:12.213,107.799897,0.000000,0.000000,0.000000,0.069744,-0.091744,-0.318927,-0.127386,-0.095200,-0.321479,-0.028821,-0.093472,-0.320203,0.015536,-0.099759,-0.299737,-0.008716,-0.109956,-0.230865,-0.071275,-0.007336,-0.299193
2026-05-26 18:24:12.313,107.899897,0.000000,0.000000,0.000000,0.069955,-0.090744,-0.319016,-0.127386,-0.095200,-0.321479,-0.028715,-0.092972,-0.320247,0.015536,-0.099759,-0.299737,-0.008814,-0.110945,-0.230907,-0.071413,-0.043505,-0.297279
2026-05-26 18:24:12.413,107.999897,0.000000,0.000000,0.000000,0.069744,-0.091744,-0.318927,-0.127386,-0.095200,-0.321479,-0.028821,-0.093472,-0.320203,0.015566,-0.100021,-0.297549,-0.008814,-0.110945,-0.230907,-0.071402,-0.043599,-0.296493
2026-05-26 18:24:12.513,108.099897,0.000000,0.000000,0.000000,0.069955,-0.090744,-0.319016,-0.127386,-0.095200,-0.321479,-0.028715,-0.092972,-0.320247,0.016269,-0.099788,-0.299750,-0.008814,-0.110945,-0.230907,-0.071256,-0.005426,-0.298472
2026-05-26 18:24:12.613,108.199897,0.000000,0.000000,0.000000,0.069744,-0.091744,-0.318927,-0.127465,-0.094187,-0.321573,-0.028861,-0.092965,-0.320250,0.015566,-0.100021,-0.297549,-0.008814,-0.110945,-0.230907,-0.071413,-0.043505,-0.297279
2026-05-26 18:24:12.713,108.299897,0.000000,0.000000,0.000000,0.069744,-0.091744,-0.318927,-0.127465,-0.094187,-0.321573,-0.028861,-0.092965,-0.320250,0.015566,-0.100021,-0.297549,-0.008814,-0.110945,-0.230907,-0.071252,-0.004422,-0.298524
2026-05-26 18:24:12.813,108.399897,0.000000,0.000000,0.000000,0.069744,-0.091744,-0.318927,-0.127386,-0.095200,-0.321479,-0.028821,-0.093472,-0.320203,0.015536,-0.099759,-0.299737,-0.008814,-0.110945,-0.230907,-0.071283,-0.009346,-0.299087
2026-05-26 18:24:12.913,108.499897,0.000000,0.000000,0.000000,0.069955,-0.090744,-0.319016,-0.127545,-0.093174,-0.321666,-0.028795,-0.091959,-0.320341,0.015536,-0.099759,-0.299737,-0.008814,-0.110945,-0.230907,-0.071413,-0.043505,-0.297279
2026-05-26 18:24:13.013,108.599896,0.000000,0.000000,0.000000,0.069955,-0.090744,-0.319016,-0.127465,-0.094187,-0.321573,-0.028755,-0.092465,-0.320294,0.015403,-0.100760,-0.299676,-0.008814,-0.110945,-0.230907,-0.071402,-0.043599,-0.296493
2026-05-26 18:24:13.113,108.699896,0.000000,0.000000,0.000000,0.069744,-0.091744,-0.318927,-0.127465,-0.094187,-0.321573,-0.028861,-0.092965,-0.320250,0.015536,-0.099759,-0.299737,-0.008814,-0.110945,-0.230907,-0.071275,-0.007336,-0.299193
2026-05-26 18:24:13.213,108.799896,0.000000,0.000000,0.000000,0.069744,-0.091744,-0.318927,-0.127306,-0.096213,-0.321385,-0.028781,-0.093978,-0.320156,0.015536,-0.099759,-0.299737,-0.008716,-0.109956,-0.230865,-0.071413,-0.043505,-0.297279
2026-05-26 18:24:13.313,108.899896,0.000000,0.000000,0.000000,0.069955,-0.090744,-0.319016,-0.127465,-0.094187,-0.321573,-0.028755,-0.092465,-0.320294,0.015566,-0.100021,-0.297549,-0.008814,-0.110945,-0.230907,-0.071279,-0.008341,-0.299140
2026-05-26 18:24:13.413,108.999896,0.000000,0.000000,0.000000,0.069744,-0.091744,-0.318927,-0.127465,-0.094187,-0.321573,-0.028861,-0.092965,-0.320250,0.015536,-0.099759,-0.299737,-0.008814,-0.110945,-0.230907,-0.071271,-0.006332,-0.299246
2026-05-26 18:24:13.513,109.099896,0.000000,0.000000,0.000000,0.069955,-0.090744,-0.319016,-0.127545,-0.093174,-0.321666,-0.028795,-0.091959,-0.320341,0.015536,-0.099759,-0.299737,-0.007986,-0.109985,-0.230879,-0.071413,-0.043505,-0.297279
2026-05-26 18:24:13.613,109.199896,0.000000,0.000000,0.000000,0.069744,-0.091744,-0.318927,-0.127386,-0.095200,-0.321479,-0.028821,-0.093472,-0.320203,0.015536,-0.099759,-0.299737,-0.007976,-0.110072,-0.230153,-0.071402,-0.043599,-0.296493
2026-05-26 18:24:13.713,109.299896,0.000000,0.000000,0.000000,0.069955,-0.090744,-0.319016,-0.126657,-0.095229,-0.321492,-0.028351,-0.092986,-0.320254,0.015566,-0.100021,-0.297549,-0.008716,-0.109956,-0.230865,-0.071413,-0.043505,-0.297279
2026-05-26 18:24:13.813,109.399896,0.000000,0.000000,0.000000,0.069744,-0.091744,-0.318927,-0.127306,-0.096213,-0.321385,-0.028781,-0.093978,-0.320156,0.015669,-0.098759,-0.299798,-0.008716,-0.109956,-0.230865,-0.071275,-0.007336,-0.299193
2026-05-26 18:24:13.913,109.499896,0.000000,0.000000,0.000000,0.069955,-0.090744,-0.319016,-0.126736,-0.094216,-0.321586,-0.028390,-0.092480,-0.320301,0.015536,-0.099759,-0.299737,-0.008085,-0.110974,-0.230920,-0.071413,-0.043505,-0.297279
2026-05-26 18:24:14.013,109.599895,0.000000,0.000000,0.000000,0.069744,-0.091744,-0.318927,-0.127465,-0.094187,-0.321573,-0.028861,-0.092965,-0.320250,0.015536,-0.099759,-0.299737,-0.008716,-0.109956,-0.230865,-0.071413,-0.043505,-0.297279
2026-05-26 18:24:14.113,109.699895,0.000000,0.000000,0.000000,0.069955,-0.090744,-0.319016,-0.127465,-0.094187,-0.321573,-0.028755,-0.092465,-0.320294,0.015536,-0.099759,-0.299737,-0.008716,-0.109956,-0.230865,-0.071416,-0.044510,-0.297226
2026-05-26 18:24:14.213,109.799895,0.000000,0.000000,0.000000,0.069744,-0.091744,-0.318927,-0.126736,-0.094216,-0.321586,-0.028496,-0.092980,-0.320257,0.015536,-0.099759,-0.299737,-0.008716,-0.109956,-0.230865,-0.071413,-0.043505,-0.297279
2026-05-26 18:24:14.313,109.899895,0.000000,0.000000,0.000000,0.069955,-0.090744,-0.319016,-0.127465,-0.094187,-0.321573,-0.028755,-0.092465,-0.320294,0.015536,-0.099759,-0.299737,-0.008085,-0.110974,-0.230920,-0.071416,-0.044510,-0.297226
2026-05-26 18:24:14.413,109.999895,0.000000,0.000000,0.000000,0.069744,-0.091744,-0.318927,-0.127465,-0.094187,-0.321573,-0.028861,-0.092965,-0.320250,0.015536,-0.099759,-0.299737,-0.008716,-0.109956,-0.230865,-0.071275,-0.007336,-0.299193
2026-05-26 18:24:14.513,110.099895,0.000000,0.000000,0.000000,0.069744,-0.091744,-0.318927,-0.127386,-0.095200,-0.321479,-0.028821,-0.093472,-0.320203,0.015536,-0.099759,-0.299737,-0.008716,-0.109956,-0.230865,-0.071405,-0.044604,-0.296441
2026-05-26 18:24:14.613,110.199895,0.000000,0.000000,0.000000,0.069744,-0.091744,-0.318927,-0.127465,-0.094187,-0.321573,-0.028861,-0.092965,-0.320250,0.015536,-0.099759,-0.299737,-0.008716,-0.109956,-0.230865,-0.071416,-0.044510,-0.297226
2026-05-26 18:24:14.713,110.299895,0.000000,0.000000,0.000000,0.069744,-0.091744,-0.318927,-0.126736,-0.094216,-0.321586,-0.028496,-0.092980,-0.320257,0.015536,-0.099759,-0.299737,-0.008814,-0.110945,-0.230907,-0.071256,-0.005426,-0.298472
2026-05-26 18:24:14.813,110.399895,0.000000,0.000000,0.000000,0.069744,-0.091744,-0.318927,-0.126736,-0.094216,-0.321586,-0.028496,-0.092980,-0.320257,0.016269,-0.099788,-0.299750,-0.008716,-0.109956,-0.230865,-0.071271,-0.006332,-0.299246
2026-05-26 18:24:14.913,110.499895,0.000000,0.000000,0.000000,0.069744,-0.091744,-0.318927,-0.127386,-0.095200,-0.321479,-0.028821,-0.093472,-0.320203,0.015536,-0.099759,-0.299737,-0.008716,-0.109956,-0.230865,-0.071402,-0.043599,-0.296493
2026-05-26 18:24:15.013,110.599895,0.000000,0.000000,0.000000,0.069955,-0.090744,-0.319016,-0.127386,-0.095200,-0.321479,-0.028715,-0.092972,-0.320247,0.016299,-0.100050,-0.297563,-0.008814,-0.110945,-0.230907,-0.071573,-0.085702,-0.295047
2026-05-26 18:24:15.113,110.699894,0.000000,0.000000,0.000000,0.069744,-0.091744,-0.318927,-0.127465,-0.094187,-0.321573,-0.028861,-0.092965,-0.320250,0.015403,-0.100760,-0.299676,-0.008814,-0.110945,-0.230907,-0.071275,-0.007336,-0.299193
2026-05-26 18:24:15.213,110.799894,0.000000,0.000000,0.000000,0.069744,-0.091744,-0.318927,-0.127465,-0.094187,-0.321573,-0.028861,-0.092965,-0.320250,0.015536,-0.099759,-0.299737,-0.008814,-0.110945,-0.230907,-0.071416,-0.044510,-0.297226
2026-05-26 18:24:15.313,110.899894,0.000000,0.000000,0.000000,0.069744,-0.091744,-0.318927,-0.126736,-0.094216,-0.321586,-0.028496,-0.092980,-0.320257,0.015536,-0.099759,-0.299737,-0.008716,-0.109956,-0.230865,-0.071413,-0.043505,-0.297279
2026-05-26 18:24:15.413,110.999894,0.000000,0.000000,0.000000,0.069744,-0.091744,-0.318927,-0.126657,-0.095229,-0.321492,-0.028457,-0.093486,-0.320210,0.015536,-0.099759,-0.299737,-0.008716,-0.109956,-0.230865,-0.071416,-0.044510,-0.297226
2026-05-26 18:24:15.513,111.099894,0.000000,0.000000,0.000000,0.069744,-0.091744,-0.318927,-0.127386,-0.095200,-0.321479,-0.028821,-0.093472,-0.320203,0.016269,-0.099788,-0.299750,-0.007986,-0.109985,-0.230879,-0.071413,-0.043505,-0.297279
2026-05-26 18:24:15.613,111.199894,0.000000,0.000000,0.000000,0.069744,-0.091744,-0.318927,-0.127386,-0.095200,-0.321479,-0.028821,-0.093472,-0.320203,0.016403,-0.098788,-0.299811,-0.008716,-0.109956,-0.230865,-0.071413,-0.043505,-0.297279
2026-05-26 18:24:15.713,111.299894,0.000000,0.000000,0.000000,0.069533,-0.092744,-0.318839,-0.127545,-0.093174,-0.321666,-0.029006,-0.092959,-0.320253,0.015536,-0.099759,-0.299737,-0.008814,-0.110945,-0.230907,-0.071416,-0.044510,-0.297226
2026-05-26 18:24:15.813,111.399894,0.000000,0.000000,0.000000,0.069744,-0.091744,-0.318927,-0.127386,-0.095200,-0.321479,-0.028821,-0.093472,-0.320203,0.015536,-0.099759,-0.299737,-0.007976,-0.110072,-0.230153,-0.071279,-0.008341,-0.299140
2026-05-26 18:24:15.913,111.499894,0.000000,0.000000,0.000000,0.069533,-0.092744,-0.318839,-0.127465,-0.094187,-0.321573,-0.028966,-0.093466,-0.320206,0.015536,-0.099759,-0.299737,-0.008065,-0.111148,-0.229471,-0.071563,-0.085791,-0.294306
2026-05-26 18:24:16.013,111.599894,0.000000,0.000000,0.000000,0.069955,-0.090744,-0.319016,-0.126736,-0.094216,-0.321586,-0.028390,-0.092480,-0.320301,0.015566,-0.100021,-0.297549,-0.007956,-0.110245,-0.228701,-0.071563,-0.085791,-0.294306
2026-05-26 18:24:16.113,111.699893,0.000000,0.000000,0.000000,0.069734,-0.091655,-0.319665,-0.127465,-0.094187,-0.321573,-0.028866,-0.092921,-0.320619,0.016269,-0.099788,-0.299750,-0.008685,-0.110217,-0.228688,-0.071244,-0.002412,-0.298628
2026-05-26 18:24:16.213,111.799893,0.000000,0.000000,0.000000,0.069734,-0.091655,-0.319665,-0.126736,-0.094216,-0.321586,-0.028501,-0.092936,-0.320626,0.016299,-0.100050,-0.297563,-0.009405,-0.110275,-0.227948,-0.071260,-0.006431,-0.298420
2026-05-26 18:24:16.313,111.899893,0.000000,0.000000,0.000000,0.069955,-0.090744,-0.319016,-0.126736,-0.094216,-0.321586,-0.028390,-0.092480,-0.320301,0.015536,-0.099759,-0.299737,-0.009491,-0.111351,-0.227270,-0.071264,-0.007435,-0.298367
2026-05-26 18:24:16.413,111.999893,0.000000,0.000000,0.000000,0.069744,-0.091744,-0.318927,-0.127465,-0.094187,-0.321573,-0.028861,-0.092965,-0.320250,0.016134,-0.100788,-0.299689,-0.010220,-0.111322,-0.227256,-0.071256,-0.005426,-0.298472
2026-05-26 18:24:16.513,112.099893,0.000000,0.000000,0.000000,0.070167,-0.089743,-0.319104,-0.127465,-0.094187,-0.321573,-0.028649,-0.091965,-0.320338,0.016299,-0.100050,-0.297563,-0.010938,-0.111380,-0.226518,-0.071256,-0.005426,-0.298472
2026-05-26 18:24:16.613,112.199893,0.000000,0.000000,0.000000,0.069744,-0.091744,-0.318927,-0.127465,-0.094187,-0.321573,-0.028861,-0.092965,-0.320250,0.016269,-0.099788,-0.299750,-0.010938,-0.111380,-0.226518,-0.071252,-0.004422,-0.298524
2026-05-26 18:24:16.713,112.299893,0.000000,0.000000,0.000000,0.069744,-0.091744,-0.318927,-0.127465,-0.094187,-0.321573,-0.028861,-0.092965,-0.320250,0.016299,-0.100050,-0.297563,-0.010938,-0.111380,-0.226518,-0.071252,-0.004422,-0.298524
2026-05-26 18:24:16.813,112.399893,0.000000,0.000000,0.000000,0.069744,-0.091744,-0.318927,-0.126579,-0.096242,-0.321398,-0.028417,-0.093993,-0.320163,0.016299,-0.100050,-0.297563,-0.010305,-0.112398,-0.226579,-0.071248,-0.003417,-0.298576
2026-05-26 18:24:16.913,112.499893,0.000000,0.000000,0.000000,0.069533,-0.092744,-0.318839,-0.127386,-0.095200,-0.321479,-0.028927,-0.093972,-0.320159,0.016269,-0.099788,-0.299750,-0.010844,-0.110391,-0.226470,-0.071256,-0.005426,-0.298472
2026-05-26 18:24:17.013,112.599893,0.000000,0.000000,0.000000,0.069744,-0.091744,-0.318927,-0.126736,-0.094216,-0.321586,-0.028496,-0.092980,-0.320257,0.017001,-0.099817,-0.299764,-0.011033,-0.112369,-0.226566,-0.071256,-0.005426,-0.298472
2026-05-26 18:24:17.113,112.699893,0.000000,0.000000,0.000000,0.069955,-0.090744,-0.319016,-0.127386,-0.095200,-0.321479,-0.028715,-0.092972,-0.320247,0.015536,-0.099759,-0.299737,-0.011033,-0.112369,-0.226566,-0.071252,-0.004422,-0.298524
2026-05-26 18:24:17.213,112.799892,0.000000,0.000000,0.000000,0.069744,-0.091744,-0.318927,-0.126736,-0.094216,-0.321586,-0.028496,-0.092980,-0.320257,0.016269,-0.099788,-0.299750,-0.011043,-0.112282,-0.227289,-0.070414,-0.003450,-0.298591
2026-05-26 18:24:17.313,112.899892,0.000000,0.000000,0.000000,0.069955,-0.090744,-0.319016,-0.127465,-0.094187,-0.321573,-0.028755,-0.092465,-0.320294,0.016269,-0.099788,-0.299750,-0.010891,-0.110886,-0.226494,-0.071250,-0.007032,-0.297567
2026-05-26 18:24:17.413,112.999892,0.000000,0.000000,0.000000,0.069955,-0.090744,-0.319016,-0.127545,-0.093174,-0.321666,-0.028795,-0.091959,-0.320341,0.016269,-0.099788,-0.299750,-0.010985,-0.111874,-0.226542,-0.071248,-0.003417,-0.298576
2026-05-26 18:24:17.513,113.099892,0.000000,0.000000,0.000000,0.069955,-0.090744,-0.319016,-0.127386,-0.095200,-0.321479,-0.028715,-0.092972,-0.320247,0.016269,-0.099788,-0.299750,-0.010938,-0.111380,-0.226518,-0.071256,-0.005426,-0.298472
2026-05-26 18:24:17.613,113.199892,0.000000,0.000000,0.000000,0.069744,-0.091744,-0.318927,-0.127465,-0.094187,-0.321573,-0.028861,-0.092965,-0.320250,0.016299,-0.100050,-0.297563,-0.010938,-0.111380,-0.226518,-0.071248,-0.006530,-0.297593
2026-05-26 18:24:17.713,113.299892,0.000000,0.000000,0.000000,0.069744,-0.091744,-0.318927,-0.126736,-0.094216,-0.321586,-0.028496,-0.092980,-0.320257,0.016269,-0.099788,-0.299750,-0.010948,-0.111293,-0.227242,-0.071260,-0.006431,-0.298420
2026-05-26 18:24:17.813,113.399892,0.000000,0.000000,0.000000,0.069744,-0.091744,-0.318927,-0.127465,-0.094187,-0.321573,-0.028861,-0.092965,-0.320250,0.016269,-0.099788,-0.299750,-0.010938,-0.111380,-0.226518,-0.070407,-0.004554,-0.297710
2026-05-26 18:24:17.913,113.499892,0.000000,0.000000,0.000000,0.069955,-0.090744,-0.319016,-0.127465,-0.094187,-0.321573,-0.028755,-0.092465,-0.320294,0.016299,-0.100050,-0.297563,-0.011043,-0.112282,-0.227289,-0.071252,-0.004422,-0.298524
2026-05-26 18:24:18.013,113.599892,0.000000,0.000000,0.000000,0.069955,-0.090744,-0.319016,-0.127306,-0.096213,-0.321385,-0.028675,-0.093478,-0.320200,0.016269,-0.099788,-0.299750,-0.010948,-0.111293,-0.227242,-0.070419,-0.004454,-0.298539
2026-05-26 18:24:18.113,113.699892,0.000000,0.000000,0.000000,0.069955,-0.090744,-0.319016,-0.127465,-0.094187,-0.321573,-0.028755,-0.092465,-0.320294,0.016269,-0.099788,-0.299750,-0.010948,-0.111293,-0.227242,-0.071244,-0.002412,-0.298628
2026-05-26 18:24:18.213,113.799891,0.000000,0.000000,0.000000,0.069533,-0.092744,-0.318839,-0.127386,-0.095200,-0.321479,-0.028927,-0.093972,-0.320159,0.016299,-0.100050,-0.297563,-0.011043,-0.112282,-0.227289,-0.071252,-0.004422,-0.298524
2026-05-26 18:24:18.313,113.899891,0.000000,0.000000,0.000000,0.069744,-0.091744,-0.318927,-0.126657,-0.095229,-0.321492,-0.028457,-0.093486,-0.320210,0.016299,-0.100050,-0.297563,-0.010996,-0.111788,-0.227266,-0.071244,-0.005525,-0.297644
2026-05-26 18:24:18.413,113.999891,0.000000,0.000000,0.000000,0.069744,-0.091744,-0.318927,-0.127545,-0.093174,-0.321666,-0.028900,-0.092459,-0.320297,0.016299,-0.100050,-0.297563,-0.010948,-0.111293,-0.227242,-0.071250,-0.003919,-0.298550
2026-05-26 18:24:18.513,114.099891,0.000000,0.000000,0.000000,0.069533,-0.092744,-0.318839,-0.126657,-0.095229,-0.321492,-0.028562,-0.093986,-0.320166,0.016269,-0.099788,-0.299750,-0.010315,-0.112311,-0.227303,-0.070407,-0.004554,-0.297710
2026-05-26 18:24:18.613,114.199891,0.000000,0.000000,0.000000,0.069955,-0.090744,-0.319016,-0.127386,-0.095200,-0.321479,-0.028715,-0.092972,-0.320247,0.016269,-0.099788,-0.299750,-0.010315,-0.112311,-0.227303,-0.070407,-0.004554,-0.297710
2026-05-26 18:24:18.713,114.299891,0.000000,0.000000,0.000000,0.069744,-0.091744,-0.318927,-0.127465,-0.094187,-0.321573,-0.028861,-0.092965,-0.320250,0.016299,-0.100050,-0.297563,-0.010948,-0.111293,-0.227242,-0.070424,-0.005459,-0.298487
2026-05-26 18:24:18.813,114.399891,0.000000,0.000000,0.000000,0.069744,-0.091744,-0.318927,-0.127386,-0.095200,-0.321479,-0.028821,-0.093472,-0.320203,0.016269,-0.099788,-0.299750,-0.010948,-0.111293,-0.227242,-0.070429,-0.006464,-0.298435
2026-05-26 18:24:18.913,114.499891,0.000000,0.000000,0.000000,0.069744,-0.091744,-0.318927,-0.127465,-0.094187,-0.321573,-0.028861,-0.092965,-0.320250,0.016299,-0.100050,-0.297563,-0.010315,-0.112311,-0.227303,-0.071252,-0.004422,-0.298524
2026-05-26 18:24:19.013,114.599891,0.000000,0.000000,0.000000,0.069955,-0.090744,-0.319016,-0.127465,-0.094187,-0.321573,-0.028755,-0.092465,-0.320294,0.015536,-0.099759,-0.299737,-0.010220,-0.111322,-0.227256,-0.071240,-0.004521,-0.297695
2026-05-26 18:24:19.113,114.699891,0.000000,0.000000,0.000000,0.069744,-0.091744,-0.318927,-0.126814,-0.093203,-0.321680,-0.028535,-0.092473,-0.320304,0.016299,-0.100050,-0.297563,-0.010220,-0.111322,-0.227256,-0.071237,-0.003516,-0.297746
2026-05-26 18:24:19.213,114.799891,0.000000,0.000000,0.000000,0.069744,-0.091744,-0.318927,-0.127386,-0.095200,-0.321479,-0.028821,-0.093472,-0.320203,0.016269,-0.099788,-0.299750,-0.010315,-0.112311,-0.227303,-0.070412,-0.005558,-0.297659
2026-05-26 18:24:19.313,114.899890,0.000000,0.000000,0.000000,0.069744,-0.091744,-0.318927,-0.127386,-0.095200,-0.321479,-0.028821,-0.093472,-0.320203,0.016309,-0.100138,-0.296834,-0.010220,-0.111322,-0.227256,-0.071256,-0.005426,-0.298472
2026-05-26 18:24:19.413,114.999890,0.000000,0.000000,0.000000,0.069744,-0.091744,-0.318927,-0.127386,-0.095200,-0.321479,-0.028821,-0.093472,-0.320203,0.016299,-0.100050,-0.297563,-0.011043,-0.112282,-0.227289,-0.071248,-0.003417,-0.298576
2026-05-26 18:24:19.513,115.099890,0.000000,0.000000,0.000000,0.069955,-0.090744,-0.319016,-0.126657,-0.095229,-0.321492,-0.028351,-0.092986,-0.320254,0.016299,-0.100050,-0.297563,-0.010220,-0.111322,-0.227256,-0.071256,-0.005426,-0.298472
2026-05-26 18:24:19.613,115.199890,0.000000,0.000000,0.000000,0.069955,-0.090744,-0.319016,-0.127465,-0.094187,-0.321573,-0.028755,-0.092465,-0.320294,0.016299,-0.100050,-0.297563,-0.010315,-0.112311,-0.227303,-0.070417,-0.006563,-0.297608
2026-05-26 18:24:19.713,115.299890,0.000000,0.000000,0.000000,0.069744,-0.091744,-0.318927,-0.127465,-0.094187,-0.321573,-0.028861,-0.092965,-0.320250,0.016299,-0.100050,-0.297563,-0.010220,-0.111322,-0.227256,-0.071256,-0.005426,-0.298472
2026-05-26 18:24:19.813,115.399890,0.000000,0.000000,0.000000,0.069744,-0.091744,-0.318927,-0.126736,-0.094216,-0.321586,-0.028496,-0.092980,-0.320257,0.016299,-0.100050,-0.297563,-0.011043,-0.112282,-0.227289,-0.071252,-0.004422,-0.298524
2026-05-26 18:24:19.913,115.499890,0.000000,0.000000,0.000000,0.069734,-0.091655,-0.319665,-0.127465,-0.094187,-0.321573,-0.028866,-0.092921,-0.320619,0.016299,-0.100050,-0.297563,-0.010315,-0.112311,-0.227303,-0.070419,-0.004454,-0.298539
2026-05-26 18:24:20.013,115.599890,0.000000,0.000000,0.000000,0.069955,-0.090744,-0.319016,-0.127386,-0.095200,-0.321479,-0.028715,-0.092972,-0.320247,0.016299,-0.100050,-0.297563,-0.010220,-0.111322,-0.227256,-0.071252,-0.004422,-0.298524
2026-05-26 18:24:20.113,115.699890,0.000000,0.000000,0.000000,0.069744,-0.091744,-0.318927,-0.127386,-0.095200,-0.321479,-0.028821,-0.093472,-0.320203,0.015536,-0.099759,-0.299737,-0.010948,-0.111293,-0.227242,-0.071252,-0.004422,-0.298524
2026-05-26 18:24:20.213,115.799890,0.000000,0.000000,0.000000,0.069955,-0.090744,-0.319016,-0.127465,-0.094187,-0.321573,-0.028755,-0.092465,-0.320294,0.016299,-0.100050,-0.297563,-0.010948,-0.111293,-0.227242,-0.071252,-0.004422,-0.298524
2026-05-26 18:24:20.313,115.899889,0.000000,0.000000,0.000000,0.069955,-0.090744,-0.319016,-0.127465,-0.094187,-0.321573,-0.028755,-0.092465,-0.320294,0.016299,-0.100050,-0.297563,-0.010315,-0.112311,-0.227303,-0.071256,-0.005426,-0.298472
2026-05-26 18:24:20.413,115.999889,0.000000,0.000000,0.000000,0.069955,-0.090744,-0.319016,-0.126657,-0.095229,-0.321492,-0.028351,-0.092986,-0.320254,0.016299,-0.100050,-0.297563,-0.011043,-0.112282,-0.227289,-0.071256,-0.005426,-0.298472
2026-05-26 18:24:20.513,116.099889,0.000000,0.000000,0.000000,0.069744,-0.091744,-0.318927,-0.127386,-0.095200,-0.321479,-0.028821,-0.093472,-0.320203,0.016269,-0.099788,-0.299750,-0.010220,-0.111322,-0.227256,-0.071264,-0.007435,-0.298367
2026-05-26 18:24:20.613,116.199889,0.000000,0.000000,0.000000,0.069744,-0.091744,-0.318927,-0.127465,-0.094187,-0.321573,-0.028861,-0.092965,-0.320250,0.015536,-0.099759,-0.299737,-0.010268,-0.111816,-0.227279,-0.070417,-0.006563,-0.297608
2026-05-26 18:24:20.713,116.299889,0.000000,0.000000,0.000000,0.069744,-0.091744,-0.318927,-0.127306,-0.096213,-0.321385,-0.028781,-0.093978,-0.320156,0.015536,-0.099759,-0.299737,-0.010315,-0.112311,-0.227303,-0.071252,-0.004422,-0.298524
2026-05-26 18:24:20.813,116.399889,0.000000,0.000000,0.000000,0.069744,-0.091744,-0.318927,-0.127465,-0.094187,-0.321573,-0.028861,-0.092965,-0.320250,0.016269,-0.099788,-0.299750,-0.010948,-0.111293,-0.227242,-0.071252,-0.004422,-0.298524
2026-05-26 18:24:20.913,116.499889,0.000000,0.000000,0.000000,0.069744,-0.091744,-0.318927,-0.127465,-0.094187,-0.321573,-0.028861,-0.092965,-0.320250,0.016299,-0.100050,-0.297563,-0.010220,-0.111322,-0.227256,-0.071256,-0.005426,-0.298472
2026-05-26 18:24:21.013,116.599889,0.000000,0.000000,0.000000,0.069744,-0.091744,-0.318927,-0.127465,-0.094187,-0.321573,-0.028861,-0.092965,-0.320250,0.015536,-0.099759,-0.299737,-0.010220,-0.111322,-0.227256,-0.071252,-0.004422,-0.298524
2026-05-26 18:24:21.113,116.699889,0.000000,0.000000,0.000000,0.069533,-0.092744,-0.318839,-0.127465,-0.094187,-0.321573,-0.028966,-0.093466,-0.320206,0.016299,-0.100050,-0.297563,-0.010948,-0.111293,-0.227242,-0.071260,-0.006431,-0.298420
2026-05-26 18:24:21.213,116.799889,0.000000,0.000000,0.000000,0.069955,-0.090744,-0.319016,-0.127386,-0.095200,-0.321479,-0.028715,-0.092972,-0.320247,0.016269,-0.099788,-0.299750,-0.010315,-0.112311,-0.227303,-0.070412,-0.005558,-0.297659
2026-05-26 18:24:21.313,116.899889,0.000000,0.000000,0.000000,0.069955,-0.090744,-0.319016,-0.127465,-0.094187,-0.321573,-0.028755,-0.092465,-0.320294,0.016269,-0.099788,-0.299750,-0.010948,-0.111293,-0.227242,-0.071252,-0.004422,-0.298524
2026-05-26 18:24:21.413,116.999888,0.000000,0.000000,0.000000,0.069955,-0.090744,-0.319016,-0.127545,-0.093174,-0.321666,-0.028795,-0.091959,-0.320341,0.015536,-0.099759,-0.299737,-0.010124,-0.110333,-0.227209,-0.070419,-0.004454,-0.298539
2026-05-26 18:24:21.513,117.099888,0.000000,0.000000,0.000000,0.069744,-0.091744,-0.318927,-0.127465,-0.094187,-0.321573,-0.028861,-0.092965,-0.320250,0.016299,-0.100050,-0.297563,-0.010124,-0.110333,-0.227209,-0.071256,-0.005426,-0.298472
2026-05-26 18:24:21.613,117.199888,0.000000,0.000000,0.000000,0.069744,-0.091744,-0.318927,-0.127545,-0.093174,-0.321666,-0.028900,-0.092459,-0.320297,0.016299,-0.100050,-0.297563,-0.010220,-0.111322,-0.227256,-0.071248,-0.003417,-0.298576
2026-05-26 18:24:21.713,117.299888,0.000000,0.000000,0.000000,0.069955,-0.090744,-0.319016,-0.127465,-0.094187,-0.321573,-0.028755,-0.092465,-0.320294,0.016299,-0.100050,-0.297563,-0.010220,-0.111322,-0.227256,-0.071252,-0.004422,-0.298524
2026-05-26 18:24:21.813,117.399888,0.000000,0.000000,0.000000,0.069955,-0.090744,-0.319016,-0.127386,-0.095200,-0.321479,-0.028715,-0.092972,-0.320247,0.016299,-0.100050,-0.297563,-0.010220,-0.111322,-0.227256,-0.071244,-0.005525,-0.297644
2026-05-26 18:24:21.913,117.499888,0.000000,0.000000,0.000000,0.069955,-0.090744,-0.319016,-0.127465,-0.094187,-0.321573,-0.028755,-0.092465,-0.320294,0.016299,-0.100050,-0.297563,-0.012682,-0.114203,-0.227356,-0.070417,-0.006563,-0.297608
2026-05-26 18:24:22.013,117.599888,0.000000,0.000000,0.000000,0.069744,-0.091744,-0.318927,-0.126736,-0.094216,-0.321586,-0.028496,-0.092980,-0.320257,0.015566,-0.100021,-0.297549,-0.014042,-0.113156,-0.227282,-0.070407,-0.004554,-0.297710
2026-05-26 18:24:22.113,117.699888,0.000000,0.000000,0.000000,0.069744,-0.091744,-0.318927,-0.127386,-0.095200,-0.321479,-0.028821,-0.093472,-0.320203,0.015536,-0.099759,-0.299737,-0.014042,-0.113156,-0.227282,-0.070407,-0.004554,-0.297710
2026-05-26 18:24:22.213,117.799888,0.000000,0.000000,0.000000,0.069744,-0.091744,-0.318927,-0.126814,-0.093203,-0.321680,-0.028535,-0.092473,-0.320304,0.015669,-0.098759,-0.299798,-0.014759,-0.113214,-0.226546,-0.070828,-0.087829,-0.294215
2026-05-26 18:24:22.313,117.899888,0.000000,0.000000,0.000000,0.069744,-0.091744,-0.318927,-0.127386,-0.095200,-0.321479,-0.028821,-0.093472,-0.320203,0.015700,-0.099022,-0.297607,-0.014838,-0.114290,-0.225873,-0.070069,-0.086943,-0.293542
2026-05-26 18:24:22.413,117.999887,0.000000,0.000000,0.000000,0.069744,-0.091744,-0.318927,-0.127386,-0.095200,-0.321479,-0.028821,-0.093472,-0.320203,0.015536,-0.099759,-0.299737,-0.016375,-0.115221,-0.225895,-0.070075,-0.087947,-0.293491
2026-05-26 18:24:22.513,118.099887,0.000000,0.000000,0.000000,0.069744,-0.091744,-0.318927,-0.126814,-0.093203,-0.321680,-0.028535,-0.092473,-0.320304,0.014966,-0.098993,-0.297594,-0.017175,-0.116268,-0.225212,-0.070069,-0.086943,-0.293542
2026-05-26 18:24:22.613,118.199887,0.000000,0.000000,0.000000,0.069744,-0.091744,-0.318927,-0.127386,-0.095200,-0.321479,-0.028821,-0.093472,-0.320203,0.015700,-0.099022,-0.297607,-0.017803,-0.115337,-0.224427,-0.070063,-0.085938,-0.293593
2026-05-26 18:24:22.713,118.299887,0.000000,0.000000,0.000000,0.069955,-0.090744,-0.319016,-0.127545,-0.093174,-0.321666,-0.028795,-0.091959,-0.320341,0.015566,-0.100021,-0.297549,-0.018517,-0.115395,-0.223693,-0.070065,-0.088036,-0.292752
2026-05-26 18:24:22.813,118.399887,0.000000,0.000000,0.000000,0.069744,-0.091744,-0.318927,-0.126657,-0.095229,-0.321492,-0.028457,-0.093486,-0.320210,0.015700,-0.099022,-0.297607,-0.019884,-0.114349,-0.223614,-0.070065,-0.088036,-0.292752
2026-05-26 18:24:22.913,118.499887,0.000000,0.000000,0.000000,0.069744,-0.091744,-0.318927,-0.127465,-0.094187,-0.321573,-0.028861,-0.092965,-0.320250,0.015700,-0.099022,-0.297607,-0.021165,-0.112400,-0.222757,-0.070065,-0.088036,-0.292752
2026-05-26 18:24:23.013,118.599887,0.000000,0.000000,0.000000,0.069744,-0.091744,-0.318927,-0.127386,-0.095200,-0.321479,-0.028821,-0.093472,-0.320203,0.014834,-0.099992,-0.297536,-0.021804,-0.111470,-0.221965,-0.070059,-0.087031,-0.292802
2026-05-26 18:24:23.113,118.699887,0.000000,0.000000,0.000000,0.069744,-0.091744,-0.318927,-0.126736,-0.094216,-0.321586,-0.028496,-0.092980,-0.320257,0.014834,-0.099992,-0.297536,-0.022445,-0.110539,-0.221171,-0.070048,-0.087120,-0.292062
2026-05-26 18:24:23.213,118.799887,0.000000,0.000000,0.000000,0.069744,-0.091744,-0.318927,-0.126657,-0.095229,-0.321492,-0.028457,-0.093486,-0.320210,0.015710,-0.099109,-0.296877,-0.022522,-0.111528,-0.221227,-0.070048,-0.087120,-0.292062
2026-05-26 18:24:23.313,118.899887,0.000000,0.000000,0.000000,0.069744,-0.091744,-0.318927,-0.127465,-0.094187,-0.321573,-0.028861,-0.092965,-0.320250,0.014844,-0.100080,-0.296807,-0.022610,-0.112430,-0.222007,-0.070048,-0.087120,-0.292062
2026-05-26 18:24:23.413,118.999887,0.000000,0.000000,0.000000,0.069744,-0.091744,-0.318927,-0.127226,-0.097226,-0.321291,-0.028741,-0.094485,-0.320109,0.015536,-0.099759,-0.299737,-0.022532,-0.111441,-0.221952,-0.070048,-0.087120,-0.292062
2026-05-26 18:24:23.513,119.099886,0.000000,0.000000,0.000000,0.069744,-0.091744,-0.318927,-0.127465,-0.094187,-0.321573,-0.028861,-0.092965,-0.320250,0.015566,-0.100021,-0.297549,-0.022378,-0.109463,-0.221842,-0.070048,-0.087120,-0.292062
2026-05-26 18:24:23.613,119.199886,0.000000,0.000000,0.000000,0.069955,-0.090744,-0.319016,-0.126814,-0.093203,-0.321680,-0.028429,-0.091973,-0.320348,0.015577,-0.100109,-0.296820,-0.021794,-0.111557,-0.221240,-0.070048,-0.087120,-0.292062
2026-05-26 18:24:23.713,119.299886,0.000000,0.000000,0.000000,0.069744,-0.091744,-0.318927,-0.126579,-0.096242,-0.321398,-0.028417,-0.093993,-0.320163,0.015577,-0.100109,-0.296820,-0.021882,-0.112458,-0.222020,-0.070054,-0.088124,-0.292013
2026-05-26 18:24:23.813,119.399886,0.000000,0.000000,0.000000,0.069744,-0.091744,-0.318927,-0.127465,-0.094187,-0.321573,-0.028861,-0.092965,-0.320250,0.015710,-0.099109,-0.296877,-0.021804,-0.111470,-0.221965,-0.070048,-0.087120,-0.292062
2026-05-26 18:24:23.913,119.499886,0.000000,0.000000,0.000000,0.069955,-0.090744,-0.319016,-0.127545,-0.093174,-0.321666,-0.028795,-0.091959,-0.320341,0.015566,-0.100021,-0.297549,-0.021882,-0.112458,-0.222020,-0.070048,-0.087120,-0.292062
2026-05-26 18:24:24.013,119.599886,0.000000,0.000000,0.000000,0.069522,-0.092656,-0.319576,-0.127386,-0.095200,-0.321479,-0.028932,-0.093928,-0.320527,0.015566,-0.100021,-0.297549,-0.021882,-0.112458,-0.222020,-0.070042,-0.086116,-0.292111
2026-05-26 18:24:24.113,119.699886,0.000000,0.000000,0.000000,0.069744,-0.091744,-0.318927,-0.127465,-0.094187,-0.321573,-0.028861,-0.092965,-0.320250,0.015700,-0.099022,-0.297607,-0.021882,-0.112458,-0.222020,-0.070048,-0.087120,-0.292062
2026-05-26 18:24:24.213,119.799886,0.000000,0.000000,0.000000,0.069744,-0.091744,-0.318927,-0.127386,-0.095200,-0.321479,-0.028821,-0.093472,-0.320203,0.014813,-0.099818,-0.298994,-0.021843,-0.111964,-0.221993,-0.070042,-0.086116,-0.292111
2026-05-26 18:24:24.313,119.899886,0.000000,0.000000,0.000000,0.069734,-0.091655,-0.319665,-0.127386,-0.095200,-0.321479,-0.028826,-0.093428,-0.320572,0.014823,-0.099905,-0.298265,-0.021804,-0.111470,-0.221965,-0.070048,-0.087120,-0.292062
2026-05-26 18:24:24.413,119.999886,0.000000,0.000000,0.000000,0.069955,-0.090744,-0.319016,-0.126814,-0.093203,-0.321680,-0.028429,-0.091973,-0.320348,0.014834,-0.099992,-0.297536,-0.021882,-0.112458,-0.222020,-0.070051,-0.087622,-0.292037
2026-05-26 18:24:24.513,120.099885,0.000000,0.000000,0.000000,0.069744,-0.091744,-0.318927,-0.126814,-0.093203,-0.321680,-0.028535,-0.092473,-0.320304,0.015566,-0.100021,-0.297549,-0.021882,-0.112458,-0.222020,-0.070048,-0.087120,-0.292062
2026-05-26 18:24:24.613,120.199885,0.000000,0.000000,0.000000,0.069533,-0.092744,-0.318839,-0.126736,-0.094216,-0.321586,-0.028602,-0.093480,-0.320213,0.015577,-0.100109,-0.296820,-0.021804,-0.111470,-0.221965,-0.070048,-0.087120,-0.292062
2026-05-26 18:24:24.713,120.299885,0.000000,0.000000,0.000000,0.069744,-0.091744,-0.318927,-0.127386,-0.095200,-0.321479,-0.028821,-0.093472,-0.320203,0.015577,-0.100109,-0.296820,-0.021961,-0.113447,-0.222075,-0.070048,-0.087120,-0.292062
2026-05-26 18:24:24.813,120.399885,0.000000,0.000000,0.000000,0.069955,-0.090744,-0.319016,-0.127465,-0.094187,-0.321573,-0.028755,-0.092465,-0.320294,0.014844,-0.100080,-0.296807,-0.021961,-0.113447,-0.222075,-0.070048,-0.087120,-0.292062
2026-05-26 18:24:24.913,120.499885,0.000000,0.000000,0.000000,0.069533,-0.092744,-0.318839,-0.127465,-0.094187,-0.321573,-0.028966,-0.093466,-0.320206,0.015566,-0.100021,-0.297549,-0.021882,-0.112458,-0.222020,-0.070054,-0.088124,-0.292013
2026-05-26 18:24:25.013,120.599885,0.000000,0.000000,0.000000,0.069955,-0.090744,-0.319016,-0.127386,-0.095200,-0.321479,-0.028715,-0.092972,-0.320247,0.014834,-0.099992,-0.297536,-0.021921,-0.112953,-0.222048,-0.070048,-0.087120,-0.292062
2026-05-26 18:24:25.113,120.699885,0.000000,0.000000,0.000000,0.069744,-0.091744,-0.318927,-0.127386,-0.095200,-0.321479,-0.028821,-0.093472,-0.320203,0.015710,-0.099109,-0.296877,-0.021882,-0.112458,-0.222020,-0.070048,-0.087120,-0.292062
2026-05-26 18:24:25.213,120.799885,0.000000,0.000000,0.000000,0.069744,-0.091744,-0.318927,-0.127465,-0.094187,-0.321573,-0.028861,-0.092965,-0.320250,0.015577,-0.100109,-0.296820,-0.021882,-0.112458,-0.222020,-0.070048,-0.087120,-0.292062
2026-05-26 18:24:25.313,120.899885,0.000000,0.000000,0.000000,0.069955,-0.090744,-0.319016,-0.126736,-0.094216,-0.321586,-0.028390,-0.092480,-0.320301,0.014834,-0.099992,-0.297536,-0.021961,-0.113447,-0.222075,-0.070048,-0.087120,-0.292062
2026-05-26 18:24:25.413,120.999885,0.000000,0.000000,0.000000,0.069945,-0.090655,-0.319755,-0.126736,-0.094216,-0.321586,-0.028395,-0.092435,-0.320670,0.015710,-0.099109,-0.296877,-0.021882,-0.112458,-0.222020,-0.070045,-0.086618,-0.292086
2026-05-26 18:24:25.513,121.099885,0.000000,0.000000,0.000000,0.069744,-0.091744,-0.318927,-0.126814,-0.093203,-0.321680,-0.028535,-0.092473,-0.320304,0.015710,-0.099109,-0.296877,-0.021882,-0.112458,-0.222020,-0.070048,-0.087120,-0.292062
2026-05-26 18:24:25.613,121.199884,0.000000,0.000000,0.000000,0.069744,-0.091744,-0.318927,-0.127545,-0.093174,-0.321666,-0.028900,-0.092459,-0.320297,0.015710,-0.099109,-0.296877,-0.022039,-0.114436,-0.222130,-0.070048,-0.087120,-0.292062
2026-05-26 18:24:25.713,121.299884,0.000000,0.000000,0.000000,0.069744,-0.091744,-0.318927,-0.127386,-0.095200,-0.321479,-0.028821,-0.093472,-0.320203,0.015566,-0.100021,-0.297549,-0.021961,-0.113447,-0.222075,-0.070048,-0.087120,-0.292062
2026-05-26 18:24:25.813,121.399884,0.000000,0.000000,0.000000,0.069744,-0.091744,-0.318927,-0.126814,-0.093203,-0.321680,-0.028535,-0.092473,-0.320304,0.015710,-0.099109,-0.296877,-0.021882,-0.112458,-0.222020,-0.070048,-0.087120,-0.292062
2026-05-26 18:24:25.913,121.499884,0.000000,0.000000,0.000000,0.069744,-0.091744,-0.318927,-0.127545,-0.093174,-0.321666,-0.028900,-0.092459,-0.320297,0.015710,-0.099109,-0.296877,-0.021961,-0.113447,-0.222075,-0.070048,-0.087120,-0.292062
2026-05-26 18:24:26.013,121.599884,0.000000,0.000000,0.000000,0.069744,-0.091744,-0.318927,-0.127386,-0.095200,-0.321479,-0.028821,-0.093472,-0.320203,0.014803,-0.099730,-0.299723,-0.021961,-0.113447,-0.222075,-0.070048,-0.087120,-0.292062
2026-05-26 18:24:26.113,121.699884,0.000000,0.000000,0.000000,0.069955,-0.090744,-0.319016,-0.127386,-0.095200,-0.321479,-0.028715,-0.092972,-0.320247,0.015577,-0.100109,-0.296820,-0.021961,-0.113447,-0.222075,-0.070042,-0.086116,-0.292111
2026-05-26 18:24:26.213,121.799884,0.000000,0.000000,0.000000,0.069744,-0.091744,-0.318927,-0.127465,-0.094187,-0.321573,-0.028861,-0.092965,-0.320250,0.015577,-0.100109,-0.296820,-0.022117,-0.115424,-0.222185,-0.070048,-0.087120,-0.292062
2026-05-26 18:24:26.313,121.899884,0.000000,0.000000,0.000000,0.069744,-0.091744,-0.318927,-0.127465,-0.094187,-0.321573,-0.028861,-0.092965,-0.320250,0.015577,-0.100109,-0.296820,-0.021882,-0.112458,-0.222020,-0.070048,-0.087120,-0.292062
2026-05-26 18:24:26.413,121.999884,0.000000,0.000000,0.000000,0.069744,-0.091744,-0.318927,-0.127465,-0.094187,-0.321573,-0.028861,-0.092965,-0.320250,0.015577,-0.100109,-0.296820,-0.021804,-0.111470,-0.221965,-0.070048,-0.087120,-0.292062
2026-05-26 18:24:26.513,122.099884,0.000000,0.000000,0.000000,0.069955,-0.090744,-0.319016,-0.127465,-0.094187,-0.321573,-0.028755,-0.092465,-0.320294,0.014813,-0.099818,-0.298994,-0.021882,-0.112458,-0.222020,-0.070042,-0.086116,-0.292111
2026-05-26 18:24:26.613,122.199883,0.000000,0.000000,0.000000,0.069955,-0.090744,-0.319016,-0.127545,-0.093174,-0.321666,-0.028795,-0.091959,-0.320341,0.015577,-0.100109,-0.296820,-0.021882,-0.112458,-0.222020,-0.070048,-0.087120,-0.292062
2026-05-26 18:24:26.713,122.299883,0.000000,0.000000,0.000000,0.069955,-0.090744,-0.319016,-0.127465,-0.094187,-0.321573,-0.028755,-0.092465,-0.320294,0.015577,-0.100109,-0.296820,-0.021882,-0.112458,-0.222020,-0.070048,-0.087120,-0.292062
2026-05-26 18:24:26.813,122.399883,0.000000,0.000000,0.000000,0.069744,-0.091744,-0.318927,-0.127306,-0.096213,-0.321385,-0.028781,-0.093978,-0.320156,0.015566,-0.100021,-0.297549,-0.021882,-0.112458,-0.222020,-0.070048,-0.087120,-0.292062
2026-05-26 18:24:26.913,122.499883,0.000000,0.000000,0.000000,0.069955,-0.090744,-0.319016,-0.127465,-0.094187,-0.321573,-0.028755,-0.092465,-0.320294,0.015566,-0.100021,-0.297549,-0.021961,-0.113447,-0.222075,-0.070048,-0.087120,-0.292062
2026-05-26 18:24:27.013,122.599883,0.000000,0.000000,0.000000,0.069955,-0.090744,-0.319016,-0.126657,-0.095229,-0.321492,-0.028351,-0.092986,-0.320254,0.015546,-0.099847,-0.299008,-0.021882,-0.112458,-0.222020,-0.070042,-0.086116,-0.292111
2026-05-26 18:24:27.113,122.699883,0.000000,0.000000,0.000000,0.069744,-0.091744,-0.318927,-0.126736,-0.094216,-0.321586,-0.028496,-0.092980,-0.320257,0.015577,-0.100109,-0.296820,-0.022039,-0.114436,-0.222130,-0.070048,-0.087120,-0.292062
2026-05-26 18:24:27.213,122.799883,0.000000,0.000000,0.000000,0.069744,-0.091744,-0.318927,-0.127465,-0.094187,-0.321573,-0.028861,-0.092965,-0.320250,0.015577,-0.100109,-0.296820,-0.022117,-0.115424,-0.222185,-0.070054,-0.088124,-0.292013
2026-05-26 18:24:27.313,122.899883,0.000000,0.000000,0.000000,0.069955,-0.090744,-0.319016,-0.126657,-0.095229,-0.321492,-0.028351,-0.092986,-0.320254,0.015577,-0.100109,-0.296820,-0.021314,-0.114464,-0.222144,-0.070054,-0.088124,-0.292013
2026-05-26 18:24:27.413,122.999883,0.000000,0.000000,0.000000,0.069744,-0.091744,-0.318927,-0.127465,-0.094187,-0.321573,-0.028861,-0.092965,-0.320250,0.014834,-0.099992,-0.297536,-0.021314,-0.114464,-0.222144,-0.070042,-0.086116,-0.292111
2026-05-26 18:24:27.513,123.099883,0.000000,0.000000,0.000000,0.069744,-0.091744,-0.318927,-0.127465,-0.094187,-0.321573,-0.028861,-0.092965,-0.320250,0.015577,-0.100109,-0.296820,-0.021314,-0.114464,-0.222144,-0.070048,-0.087120,-0.292062
2026-05-26 18:24:27.613,123.199883,0.000000,0.000000,0.000000,0.069533,-0.092744,-0.318839,-0.126736,-0.094216,-0.321586,-0.028602,-0.093480,-0.320213,0.015700,-0.099022,-0.297607,-0.021393,-0.115453,-0.222198,-0.070048,-0.087120,-0.292062
2026-05-26 18:24:27.713,123.299882,0.000000,0.000000,0.000000,0.069955,-0.090744,-0.319016,-0.127545,-0.093174,-0.321666,-0.028795,-0.091959,-0.320341,0.015700,-0.099022,-0.297607,-0.021314,-0.114464,-0.222144,-0.070048,-0.087120,-0.292062
2026-05-26 18:24:27.813,123.399882,0.000000,0.000000,0.000000,0.069955,-0.090744,-0.319016,-0.127465,-0.094187,-0.321573,-0.028755,-0.092465,-0.320294,0.015546,-0.099847,-0.299008,-0.021314,-0.114464,-0.222144,-0.070048,-0.087120,-0.292062
2026-05-26 18:24:27.913,123.499882,0.000000,0.000000,0.000000,0.069744,-0.091744,-0.318927,-0.127465,-0.094187,-0.321573,-0.028861,-0.092965,-0.320250,0.014966,-0.098993,-0.297594,-0.022532,-0.111441,-0.221952,-0.070048,-0.087120,-0.292062
2026-05-26 18:24:28.013,123.599882,0.000000,0.000000,0.000000,0.069744,-0.091744,-0.318927,-0.127386,-0.095200,-0.321479,-0.028821,-0.093472,-0.320203,0.014966,-0.098993,-0.297594,-0.024792,-0.112343,-0.221966,-0.070048,-0.087120,-0.292062
2026-05-26 18:24:28.113,123.699882,0.000000,0.000000,0.000000,0.069744,-0.091744,-0.318927,-0.127465,-0.094187,-0.321573,-0.028861,-0.092965,-0.320250,0.014966,-0.098993,-0.297594,-0.027054,-0.113160,-0.222703,-0.070054,-0.088124,-0.292013
2026-05-26 18:24:28.213,123.799882,0.000000,0.000000,0.000000,0.069533,-0.092744,-0.318839,-0.127465,-0.094187,-0.321573,-0.028966,-0.093466,-0.320206,0.014834,-0.099992,-0.297536,-0.029243,-0.112987,-0.223384,-0.070054,-0.088124,-0.292013
2026-05-26 18:24:28.313,123.899882,0.000000,0.000000,0.000000,0.069955,-0.090744,-0.319016,-0.126746,-0.094129,-0.322312,-0.028395,-0.092436,-0.320664,0.014844,-0.100080,-0.296807,-0.031358,-0.111912,-0.223291,-0.070038,-0.087209,-0.291322
2026-05-26 18:24:28.413,123.999882,0.000000,0.000000,0.000000,0.069744,-0.091744,-0.318927,-0.127465,-0.094187,-0.321573,-0.028861,-0.092965,-0.320250,0.014976,-0.099080,-0.296863,-0.032095,-0.111796,-0.224001,-0.070044,-0.088213,-0.291274
2026-05-26 18:24:28.513,124.099882,0.000000,0.000000,0.000000,0.069744,-0.091744,-0.318927,-0.127386,-0.095200,-0.321479,-0.028821,-0.093472,-0.320203,0.014976,-0.099080,-0.296863,-0.032833,-0.111681,-0.224711,-0.070038,-0.087209,-0.291322
2026-05-26 18:24:28.613,124.199882,0.000000,0.000000,0.000000,0.069744,-0.091744,-0.318927,-0.127465,-0.094187,-0.321573,-0.028861,-0.092965,-0.320250,0.014844,-0.100080,-0.296807,-0.034178,-0.109557,-0.225308,-0.070044,-0.088213,-0.291274
2026-05-26 18:24:28.713,124.299881,0.000000,0.000000,0.000000,0.069955,-0.090744,-0.319016,-0.127386,-0.095200,-0.321479,-0.028715,-0.092972,-0.320247,0.014834,-0.099992,-0.297536,-0.034059,-0.107576,-0.225208,-0.070038,-0.087209,-0.291322
2026-05-26 18:24:28.813,124.399881,0.000000,0.000000,0.000000,0.069744,-0.091744,-0.318927,-0.127386,-0.095200,-0.321479,-0.028821,-0.093472,-0.320203,0.014834,-0.099992,-0.297536,-0.034178,-0.109557,-0.225308,-0.070044,-0.088213,-0.291274
2026-05-26 18:24:28.913,124.499881,0.000000,0.000000,0.000000,0.069744,-0.091744,-0.318927,-0.127465,-0.094187,-0.321573,-0.028861,-0.092965,-0.320250,0.014834,-0.099992,-0.297536,-0.033999,-0.106586,-0.225158,-0.070044,-0.088213,-0.291274
2026-05-26 18:24:29.013,124.599881,0.000000,0.000000,0.000000,0.069744,-0.091744,-0.318927,-0.127465,-0.094187,-0.321573,-0.028861,-0.092965,-0.320250,0.014834,-0.099992,-0.297536,-0.034118,-0.108566,-0.225258,-0.070044,-0.088213,-0.291274
2026-05-26 18:24:29.113,124.699881,0.000000,0.000000,0.000000,0.069744,-0.091744,-0.318927,-0.127465,-0.094187,-0.321573,-0.028861,-0.092965,-0.320250,0.014834,-0.099992,-0.297536,-0.034118,-0.108566,-0.225258,-0.070044,-0.088213,-0.291274
2026-05-26 18:24:29.213,124.799881,0.000000,0.000000,0.000000,0.069744,-0.091744,-0.318927,-0.127465,-0.094187,-0.321573,-0.028861,-0.092965,-0.320250,0.014834,-0.099992,-0.297536,-0.034029,-0.107081,-0.225183,-0.070044,-0.088213,-0.291274
2026-05-26 18:24:29.313,124.899881,0.000000,0.000000,0.000000,0.069744,-0.091744,-0.318927,-0.126736,-0.094216,-0.321586,-0.028496,-0.092980,-0.320257,0.014701,-0.100992,-0.297478,-0.034118,-0.108566,-0.225258,-0.070044,-0.088213,-0.291274
2026-05-26 18:24:29.413,124.999881,0.000000,0.000000,0.000000,0.069744,-0.091744,-0.318927,-0.127465,-0.094187,-0.321573,-0.028861,-0.092965,-0.320250,0.014711,-0.101080,-0.296750,-0.034118,-0.108566,-0.225258,-0.070044,-0.088213,-0.291274
2026-05-26 18:24:29.513,125.099881,0.000000,0.000000,0.000000,0.069002,-0.091714,-0.318914,-0.126736,-0.094216,-0.321586,-0.028867,-0.092965,-0.320250,0.014834,-0.099992,-0.297536,-0.034118,-0.108566,-0.225258,-0.070044,-0.088213,-0.291274
2026-05-26 18:24:29.613,125.199881,0.000000,0.000000,0.000000,0.069955,-0.090744,-0.319016,-0.127465,-0.094187,-0.321573,-0.028755,-0.092465,-0.320294,0.014834,-0.099992,-0.297536,-0.034059,-0.107576,-0.225208,-0.070044,-0.088213,-0.291274
2026-05-26 18:24:29.713,125.299881,0.000000,0.000000,0.000000,0.069744,-0.091744,-0.318927,-0.126736,-0.094216,-0.321586,-0.028496,-0.092980,-0.320257,0.014844,-0.100080,-0.296807,-0.034178,-0.109557,-0.225308,-0.070044,-0.088213,-0.291274
2026-05-26 18:24:29.813,125.399880,0.000000,0.000000,0.000000,0.071217,-0.091714,-0.319693,-0.126736,-0.094216,-0.321586,-0.027759,-0.092965,-0.320640,0.014966,-0.098993,-0.297594,-0.034118,-0.108566,-0.225258,-0.070044,-0.088213,-0.291274
2026-05-26 18:24:29.913,125.499880,0.000000,0.000000,0.000000,0.069955,-0.090744,-0.319016,-0.126736,-0.094216,-0.321586,-0.028390,-0.092480,-0.320301,0.014803,-0.099730,-0.299723,-0.033449,-0.109585,-0.225321,-0.070044,-0.088213,-0.291274
2026-05-26 18:24:30.013,125.599880,0.000000,0.000000,0.000000,0.069955,-0.090744,-0.319016,-0.126736,-0.094216,-0.321586,-0.028390,-0.092480,-0.320301,0.013228,-0.100847,-0.298179,-0.033509,-0.110575,-0.225371,-0.070032,-0.086205,-0.291370
2026-05-26 18:24:30.113,125.699880,0.000000,0.000000,0.000000,0.069744,-0.091744,-0.318927,-0.127465,-0.094187,-0.321573,-0.028861,-0.092965,-0.320250,0.014834,-0.099992,-0.297536,-0.033449,-0.109585,-0.225321,-0.070044,-0.088213,-0.291274
2026-05-26 18:24:30.213,125.799880,0.000000,0.000000,0.000000,0.069744,-0.091744,-0.318927,-0.127306,-0.096213,-0.321385,-0.028781,-0.093978,-0.320156,0.014834,-0.099992,-0.297536,-0.033509,-0.110575,-0.225371,-0.070044,-0.088213,-0.291274
2026-05-26 18:24:30.313,125.899880,0.000000,0.000000,0.000000,0.069744,-0.091744,-0.318927,-0.127465,-0.094187,-0.321573,-0.028861,-0.092965,-0.320250,0.014834,-0.099992,-0.297536,-0.033388,-0.108595,-0.225271,-0.070038,-0.087209,-0.291322
2026-05-26 18:24:30.413,125.999880,0.000000,0.000000,0.000000,0.069744,-0.091744,-0.318927,-0.126736,-0.094216,-0.321586,-0.028496,-0.092980,-0.320257,0.014834,-0.099992,-0.297536,-0.033449,-0.109585,-0.225321,-0.070044,-0.088213,-0.291274
2026-05-26 18:24:30.513,126.099880,0.000000,0.000000,0.000000,0.070167,-0.089743,-0.319104,-0.126736,-0.094216,-0.321586,-0.028284,-0.091980,-0.320345,0.014844,-0.100080,-0.296807,-0.033449,-0.109585,-0.225321,-0.070044,-0.088213,-0.291274
2026-05-26 18:24:30.613,126.199880,0.000000,0.000000,0.000000,0.069955,-0.090744,-0.319016,-0.127465,-0.094187,-0.321573,-0.028755,-0.092465,-0.320294,0.014834,-0.099992,-0.297536,-0.033449,-0.109585,-0.225321,-0.070044,-0.088213,-0.291274
2026-05-26 18:24:30.713,126.299880,0.000000,0.000000,0.000000,0.069744,-0.091744,-0.318927,-0.127465,-0.094187,-0.321573,-0.028861,-0.092965,-0.320250,0.014834,-0.099992,-0.297536,-0.033388,-0.108595,-0.225271,-0.070038,-0.087209,-0.291322
2026-05-26 18:24:30.813,126.399879,0.000000,0.000000,0.000000,0.069744,-0.091744,-0.318927,-0.127465,-0.094187,-0.321573,-0.028861,-0.092965,-0.320250,0.014834,-0.099992,-0.297536,-0.033449,-0.109585,-0.225321,-0.070038,-0.087209,-0.291322
2026-05-26 18:24:30.913,126.499879,0.000000,0.000000,0.000000,0.069955,-0.090744,-0.319016,-0.127465,-0.094187,-0.321573,-0.028755,-0.092465,-0.320294,0.014834,-0.099992,-0.297536,-0.033449,-0.109585,-0.225321,-0.070044,-0.088213,-0.291274
2026-05-26 18:24:31.013,126.599879,0.000000,0.000000,0.000000,0.069955,-0.090744,-0.319016,-0.126736,-0.094216,-0.321586,-0.028390,-0.092480,-0.320301,0.014834,-0.099992,-0.297536,-0.033449,-0.109585,-0.225321,-0.070044,-0.088213,-0.291274
2026-05-26 18:24:31.113,126.699879,0.000000,0.000000,0.000000,0.069744,-0.091744,-0.318927,-0.126657,-0.095229,-0.321492,-0.028457,-0.093486,-0.320210,0.014834,-0.099992,-0.297536,-0.033449,-0.109585,-0.225321,-0.070044,-0.088213,-0.291274
2026-05-26 18:24:31.213,126.799879,0.000000,0.000000,0.000000,0.069955,-0.090744,-0.319016,-0.127465,-0.094187,-0.321573,-0.028755,-0.092465,-0.320294,0.014966,-0.098993,-0.297594,-0.033509,-0.110575,-0.225371,-0.070038,-0.087209,-0.291322
2026-05-26 18:24:31.313,126.899879,0.000000,0.000000,0.000000,0.069744,-0.091744,-0.318927,-0.127465,-0.094187,-0.321573,-0.028861,-0.092965,-0.320250,0.014793,-0.099643,-0.300452,-0.033479,-0.110080,-0.225346,-0.070044,-0.088213,-0.291274
2026-05-26 18:24:31.413,126.999879,0.000000,0.000000,0.000000,0.069955,-0.090744,-0.319016,-0.127465,-0.094187,-0.321573,-0.028755,-0.092465,-0.320294,0.014966,-0.098993,-0.297594,-0.033449,-0.109585,-0.225321,-0.070038,-0.087209,-0.291322
2026-05-26 18:24:31.513,127.099879,0.000000,0.000000,0.000000,0.069533,-0.092744,-0.318839,-0.127386,-0.095200,-0.321479,-0.028927,-0.093972,-0.320159,0.014834,-0.099992,-0.297536,-0.033449,-0.109585,-0.225321,-0.070044,-0.088213,-0.291274
2026-05-26 18:24:31.613,127.199879,0.000000,0.000000,0.000000,0.069744,-0.091744,-0.318927,-0.126657,-0.095229,-0.321492,-0.028457,-0.093486,-0.320210,0.014834,-0.099992,-0.297536,-0.033388,-0.108595,-0.225271,-0.070044,-0.088213,-0.291274
2026-05-26 18:24:31.713,127.299879,0.000000,0.000000,0.000000,0.070167,-0.089743,-0.319104,-0.126657,-0.095229,-0.321492,-0.028245,-0.092486,-0.320298,0.014966,-0.098993,-0.297594,-0.033449,-0.109585,-0.225321,-0.070044,-0.088213,-0.291274
2026-05-26 18:24:31.813,127.399879,0.000000,0.000000,0.000000,0.069744,-0.091744,-0.318927,-0.127386,-0.095200,-0.321479,-0.028821,-0.093472,-0.320203,0.014834,-0.099992,-0.297536,-0.033388,-0.108595,-0.225271,-0.070044,-0.088213,-0.291274
2026-05-26 18:24:31.913,127.499878,0.000000,0.000000,0.000000,0.069955,-0.090744,-0.319016,-0.127545,-0.093174,-0.321666,-0.028795,-0.091959,-0.320341,0.014976,-0.099080,-0.296863,-0.033449,-0.109585,-0.225321,-0.070047,-0.088715,-0.291250
2026-05-26 18:24:32.013,127.599878,0.000000,0.000000,0.000000,0.069955,-0.090744,-0.319016,-0.127545,-0.093174,-0.321666,-0.028795,-0.091959,-0.320341,0.014803,-0.099730,-0.299723,-0.033449,-0.109585,-0.225321,-0.069294,-0.087238,-0.291336
2026-05-26 18:24:32.113,127.699878,0.000000,0.000000,0.000000,0.069955,-0.090744,-0.319016,-0.127465,-0.094187,-0.321573,-0.028755,-0.092465,-0.320294,0.014834,-0.099992,-0.297536,-0.033388,-0.108595,-0.225271,-0.070044,-0.088213,-0.291274
2026-05-26 18:24:32.213,127.799878,0.000000,0.000000,0.000000,0.069744,-0.091744,-0.318927,-0.126814,-0.093203,-0.321680,-0.028535,-0.092473,-0.320304,0.014834,-0.099992,-0.297536,-0.032781,-0.110604,-0.225385,-0.070044,-0.088213,-0.291274
2026-05-26 18:24:32.313,127.899878,0.000000,0.000000,0.000000,0.069955,-0.090744,-0.319016,-0.127465,-0.094187,-0.321573,-0.028755,-0.092465,-0.320294,0.014834,-0.099992,-0.297536,-0.033449,-0.109585,-0.225321,-0.070038,-0.087209,-0.291322
2026-05-26 18:24:32.413,127.999878,0.000000,0.000000,0.000000,0.069744,-0.091744,-0.318927,-0.126657,-0.095229,-0.321492,-0.028457,-0.093486,-0.320210,0.014834,-0.099992,-0.297536,-0.032781,-0.110604,-0.225385,-0.070038,-0.087209,-0.291322
2026-05-26 18:24:32.513,128.099878,0.000000,0.000000,0.000000,0.069744,-0.091744,-0.318927,-0.126814,-0.093203,-0.321680,-0.028535,-0.092473,-0.320304,0.014834,-0.099992,-0.297536,-0.032781,-0.110604,-0.225385,-0.070038,-0.087209,-0.291322
2026-05-26 18:24:32.613,128.199878,0.000000,0.000000,0.000000,0.069955,-0.090744,-0.319016,-0.127545,-0.093174,-0.321666,-0.028795,-0.091959,-0.320341,0.014966,-0.098993,-0.297594,-0.032843,-0.111594,-0.225434,-0.070044,-0.088213,-0.291274
2026-05-26 18:24:32.713,128.299878,0.000000,0.000000,0.000000,0.069955,-0.090744,-0.319016,-0.126657,-0.095229,-0.321492,-0.028351,-0.092986,-0.320254,0.014966,-0.098993,-0.297594,-0.032719,-0.109614,-0.225335,-0.070044,-0.088213,-0.291274
2026-05-26 18:24:32.813,128.399878,0.000000,0.000000,0.000000,0.069734,-0.091655,-0.319665,-0.127465,-0.094187,-0.321573,-0.028866,-0.092921,-0.320619,0.014834,-0.099992,-0.297536,-0.032781,-0.110604,-0.225385,-0.070044,-0.088213,-0.291274
2026-05-26 18:24:32.913,128.499877,0.000000,0.000000,0.000000,0.069744,-0.091744,-0.318927,-0.127465,-0.094187,-0.321573,-0.028861,-0.092965,-0.320250,0.014966,-0.098993,-0.297594,-0.032843,-0.111594,-0.225434,-0.070044,-0.088213,-0.291274
2026-05-26 18:24:33.013,128.599877,0.000000,0.000000,0.000000,0.069955,-0.090744,-0.319016,-0.127465,-0.094187,-0.321573,-0.028755,-0.092465,-0.320294,0.014966,-0.098993,-0.297594,-0.032843,-0.111594,-0.225434,-0.070044,-0.088213,-0.291274
2026-05-26 18:24:33.113,128.699877,0.000000,0.000000,0.000000,0.069744,-0.091744,-0.318927,-0.127465,-0.094187,-0.321573,-0.028861,-0.092965,-0.320250,0.014834,-0.099992,-0.297536,-0.032781,-0.110604,-0.225385,-0.070044,-0.088213,-0.291274
2026-05-26 18:24:33.213,128.799877,0.000000,0.000000,0.000000,0.069744,-0.091744,-0.318927,-0.126657,-0.095229,-0.321492,-0.028457,-0.093486,-0.320210,0.014976,-0.099080,-0.296863,-0.032843,-0.111594,-0.225434,-0.070044,-0.088213,-0.291274
2026-05-26 18:24:33.313,128.899877,0.000000,0.000000,0.000000,0.069744,-0.091744,-0.318927,-0.126736,-0.094216,-0.321586,-0.028496,-0.092980,-0.320257,0.014966,-0.098993,-0.297594,-0.032781,-0.110604,-0.225385,-0.070038,-0.087209,-0.291322
2026-05-26 18:24:33.413,128.999877,0.000000,0.000000,0.000000,0.069744,-0.091744,-0.318927,-0.127465,-0.094187,-0.321573,-0.028861,-0.092965,-0.320250,0.014834,-0.099992,-0.297536,-0.032781,-0.110604,-0.225385,-0.070044,-0.088213,-0.291274
2026-05-26 18:24:33.513,129.099877,0.000000,0.000000,0.000000,0.069744,-0.091744,-0.318927,-0.126736,-0.094216,-0.321586,-0.028496,-0.092980,-0.320257,0.014834,-0.099992,-0.297536,-0.032781,-0.110604,-0.225385,-0.070038,-0.087209,-0.291322
2026-05-26 18:24:33.613,129.199877,0.000000,0.000000,0.000000,0.069744,-0.091744,-0.318927,-0.127386,-0.095200,-0.321479,-0.028821,-0.093472,-0.320203,0.014966,-0.098993,-0.297594,-0.032719,-0.109614,-0.225335,-0.070044,-0.088213,-0.291274
2026-05-26 18:24:33.713,129.299877,0.000000,0.000000,0.000000,0.069744,-0.091744,-0.318927,-0.127465,-0.094187,-0.321573,-0.028861,-0.092965,-0.320250,0.014966,-0.098993,-0.297594,-0.032719,-0.109614,-0.225335,-0.070044,-0.088213,-0.291274
2026-05-26 18:24:33.813,129.399877,0.000000,0.000000,0.000000,0.069744,-0.091744,-0.318927,-0.126736,-0.094216,-0.321586,-0.028496,-0.092980,-0.320257,0.014834,-0.099992,-0.297536,-0.032719,-0.109614,-0.225335,-0.070032,-0.086205,-0.291370
2026-05-26 18:24:33.913,129.499876,0.000000,0.000000,0.000000,0.069955,-0.090744,-0.319016,-0.127306,-0.096213,-0.321385,-0.028675,-0.093478,-0.320200,0.014966,-0.098993,-0.297594,-0.032781,-0.110604,-0.225385,-0.070044,-0.088213,-0.291274
2026-05-26 18:24:34.013,129.599876,0.000000,0.000000,0.000000,0.069533,-0.092744,-0.318839,-0.127465,-0.094187,-0.321573,-0.028966,-0.093466,-0.320206,0.014834,-0.099992,-0.297536,-0.034908,-0.109528,-0.225294,-0.070038,-0.087209,-0.291322
2026-05-26 18:24:34.113,129.699876,0.000000,0.000000,0.000000,0.069744,-0.091744,-0.318927,-0.127386,-0.095200,-0.321479,-0.028821,-0.093472,-0.320203,0.014101,-0.099964,-0.297522,-0.037152,-0.110432,-0.225303,-0.069301,-0.088242,-0.291288
2026-05-26 18:24:34.213,129.799876,0.000000,0.000000,0.000000,0.069744,-0.091744,-0.318927,-0.126736,-0.094216,-0.321586,-0.028496,-0.092980,-0.320257,0.014101,-0.099964,-0.297522,-0.038565,-0.109297,-0.225952,-0.069291,-0.088330,-0.290549
2026-05-26 18:24:34.313,129.899876,0.000000,0.000000,0.000000,0.069522,-0.092656,-0.319576,-0.126814,-0.093203,-0.321680,-0.028646,-0.092929,-0.320628,0.013970,-0.100963,-0.297464,-0.040654,-0.107229,-0.225813,-0.069291,-0.088330,-0.290549
2026-05-26 18:24:34.413,129.999876,0.000000,0.000000,0.000000,0.069013,-0.091803,-0.318176,-0.126736,-0.094216,-0.321586,-0.028861,-0.093009,-0.319881,0.013970,-0.100963,-0.297464,-0.042175,-0.108075,-0.226561,-0.069284,-0.087327,-0.290596
2026-05-26 18:24:34.513,130.099876,0.000000,0.000000,0.000000,0.069955,-0.090744,-0.319016,-0.127386,-0.095200,-0.321479,-0.028715,-0.092972,-0.320247,0.013838,-0.101963,-0.297407,-0.044422,-0.108892,-0.227294,-0.069291,-0.088330,-0.290549
2026-05-26 18:24:34.613,130.199876,0.000000,0.000000,0.000000,0.069744,-0.091744,-0.318927,-0.127386,-0.095200,-0.321479,-0.028821,-0.093472,-0.320203,0.013707,-0.102963,-0.297349,-0.045108,-0.107873,-0.227234,-0.069291,-0.088330,-0.290549
2026-05-26 18:24:34.713,130.299876,0.000000,0.000000,0.000000,0.069744,-0.091744,-0.318927,-0.127465,-0.094187,-0.321573,-0.028861,-0.092965,-0.320250,0.013707,-0.102963,-0.297349,-0.046610,-0.108806,-0.227253,-0.069284,-0.087327,-0.290596
2026-05-26 18:24:34.813,130.399876,0.000000,0.000000,0.000000,0.069955,-0.090744,-0.319016,-0.127306,-0.096213,-0.321385,-0.028675,-0.093478,-0.320200,0.013576,-0.103963,-0.297291,-0.048041,-0.107670,-0.227906,-0.069277,-0.086323,-0.290643
2026-05-26 18:24:34.913,130.499876,0.000000,0.000000,0.000000,0.069744,-0.091744,-0.318927,-0.127465,-0.094187,-0.321573,-0.028861,-0.092965,-0.320250,0.013576,-0.103963,-0.297291,-0.048743,-0.106562,-0.228574,-0.069284,-0.087327,-0.290596
2026-05-26 18:24:35.013,130.599875,0.000000,0.000000,0.000000,0.069744,-0.091744,-0.318927,-0.127545,-0.093174,-0.321666,-0.028900,-0.092459,-0.320297,0.013576,-0.103963,-0.297291,-0.048791,-0.107467,-0.229346,-0.069284,-0.087327,-0.290596
2026-05-26 18:24:35.113,130.699875,0.000000,0.000000,0.000000,0.069744,-0.091744,-0.318927,-0.126736,-0.094216,-0.321586,-0.028496,-0.092980,-0.320257,0.013445,-0.104963,-0.297234,-0.049485,-0.106446,-0.229288,-0.069277,-0.086323,-0.290643
2026-05-26 18:24:35.213,130.799875,0.000000,0.000000,0.000000,0.069013,-0.091803,-0.318176,-0.127465,-0.094187,-0.321573,-0.029226,-0.092995,-0.319874,0.013445,-0.104963,-0.297234,-0.049522,-0.107438,-0.229332,-0.068548,-0.088360,-0.290563
2026-05-26 18:24:35.313,130.899875,0.000000,0.000000,0.000000,0.069744,-0.091744,-0.318927,-0.127386,-0.095200,-0.321479,-0.028821,-0.093472,-0.320203,0.013576,-0.103963,-0.297291,-0.049522,-0.107438,-0.229332,-0.069284,-0.087327,-0.290596
2026-05-26 18:24:35.413,130.999875,0.000000,0.000000,0.000000,0.069955,-0.090744,-0.319016,-0.126736,-0.094216,-0.321586,-0.028390,-0.092480,-0.320301,0.013576,-0.103963,-0.297291,-0.048754,-0.106475,-0.229302,-0.069287,-0.087829,-0.290573
2026-05-26 18:24:35.513,131.099875,0.000000,0.000000,0.000000,0.069744,-0.091744,-0.318927,-0.126657,-0.095229,-0.321492,-0.028457,-0.093486,-0.320210,0.013445,-0.104963,-0.297234,-0.048754,-0.106475,-0.229302,-0.069277,-0.086323,-0.290643
2026-05-26 18:24:35.613,131.199875,0.000000,0.000000,0.000000,0.069744,-0.091744,-0.318927,-0.127465,-0.094187,-0.321573,-0.028861,-0.092965,-0.320250,0.013576,-0.103963,-0.297291,-0.048754,-0.106475,-0.229302,-0.069277,-0.086323,-0.290643
2026-05-26 18:24:35.713,131.299875,0.000000,0.000000,0.000000,0.069744,-0.091744,-0.318927,-0.126657,-0.095229,-0.321492,-0.028457,-0.093486,-0.320210,0.013445,-0.104963,-0.297234,-0.048791,-0.107467,-0.229346,-0.069291,-0.088330,-0.290549
2026-05-26 18:24:35.813,131.399875,0.000000,0.000000,0.000000,0.069955,-0.090744,-0.319016,-0.127306,-0.096213,-0.321385,-0.028675,-0.093478,-0.320200,0.013576,-0.103963,-0.297291,-0.048754,-0.106475,-0.229302,-0.069284,-0.087327,-0.290596
2026-05-26 18:24:35.913,131.499875,0.000000,0.000000,0.000000,0.069955,-0.090744,-0.319016,-0.126736,-0.094216,-0.321586,-0.028390,-0.092480,-0.320301,0.013576,-0.103963,-0.297291,-0.048791,-0.107467,-0.229346,-0.068540,-0.087356,-0.290610
2026-05-26 18:24:36.013,131.599874,0.000000,0.000000,0.000000,0.069955,-0.090744,-0.319016,-0.127386,-0.095200,-0.321479,-0.028715,-0.092972,-0.320247,0.014447,-0.103079,-0.296637,-0.048791,-0.107467,-0.229346,-0.069291,-0.088330,-0.290549
2026-05-26 18:24:36.113,131.699874,0.000000,0.000000,0.000000,0.069955,-0.090744,-0.319016,-0.127465,-0.094187,-0.321573,-0.028755,-0.092465,-0.320294,0.013445,-0.104963,-0.297234,-0.048791,-0.107467,-0.229346,-0.069284,-0.087327,-0.290596
2026-05-26 18:24:36.213,131.799874,0.000000,0.000000,0.000000,0.069744,-0.091744,-0.318927,-0.127465,-0.094187,-0.321573,-0.028861,-0.092965,-0.320250,0.013576,-0.103963,-0.297291,-0.048754,-0.106475,-0.229302,-0.068540,-0.087356,-0.290610
2026-05-26 18:24:36.313,131.899874,0.000000,0.000000,0.000000,0.069955,-0.090744,-0.319016,-0.127465,-0.094187,-0.321573,-0.028755,-0.092465,-0.320294,0.013707,-0.102963,-0.297349,-0.048754,-0.106475,-0.229302,-0.069284,-0.087327,-0.290596
2026-05-26 18:24:36.413,131.999874,0.000000,0.000000,0.000000,0.069744,-0.091744,-0.318927,-0.127386,-0.095200,-0.321479,-0.028821,-0.093472,-0.320203,0.013576,-0.103963,-0.297291,-0.048791,-0.107467,-0.229346,-0.068548,-0.088360,-0.290563
2026-05-26 18:24:36.513,132.099874,0.000000,0.000000,0.000000,0.069533,-0.092744,-0.318839,-0.127465,-0.094187,-0.321573,-0.028966,-0.093466,-0.320206,0.013576,-0.103963,-0.297291,-0.048791,-0.107467,-0.229346,-0.069277,-0.086323,-0.290643
2026-05-26 18:24:36.613,132.199874,0.000000,0.000000,0.000000,0.069955,-0.090744,-0.319016,-0.127545,-0.093174,-0.321666,-0.028795,-0.091959,-0.320341,0.013576,-0.103963,-0.297291,-0.048791,-0.107467,-0.229346,-0.068548,-0.088360,-0.290563
2026-05-26 18:24:36.713,132.299874,0.000000,0.000000,0.000000,0.069955,-0.090744,-0.319016,-0.126657,-0.095229,-0.321492,-0.028351,-0.092986,-0.320254,0.013707,-0.102963,-0.297349,-0.048791,-0.107467,-0.229346,-0.069284,-0.087327,-0.290596
2026-05-26 18:24:36.813,132.399874,0.000000,0.000000,0.000000,0.069955,-0.090744,-0.319016,-0.127465,-0.094187,-0.321573,-0.028755,-0.092465,-0.320294,0.013576,-0.103963,-0.297291,-0.048791,-0.107467,-0.229346,-0.068548,-0.088360,-0.290563
2026-05-26 18:24:36.913,132.499874,0.000000,0.000000,0.000000,0.069955,-0.090744,-0.319016,-0.127465,-0.094187,-0.321573,-0.028755,-0.092465,-0.320294,0.013576,-0.103963,-0.297291,-0.048791,-0.107467,-0.229346,-0.068540,-0.087356,-0.290610
2026-05-26 18:24:37.013,132.599874,0.000000,0.000000,0.000000,0.069955,-0.090744,-0.319016,-0.127465,-0.094187,-0.321573,-0.028755,-0.092465,-0.320294,0.013576,-0.103963,-0.297291,-0.048791,-0.107467,-0.229346,-0.069291,-0.088330,-0.290549
2026-05-26 18:24:37.113,132.699873,0.000000,0.000000,0.000000,0.069744,-0.091744,-0.318927,-0.127386,-0.095200,-0.321479,-0.028821,-0.093472,-0.320203,0.013576,-0.103963,-0.297291,-0.048791,-0.107467,-0.229346,-0.068532,-0.086352,-0.290657
2026-05-26 18:24:37.213,132.799873,0.000000,0.000000,0.000000,0.069955,-0.090744,-0.319016,-0.127465,-0.094187,-0.321573,-0.028755,-0.092465,-0.320294,0.013445,-0.104963,-0.297234,-0.048829,-0.108459,-0.229390,-0.068540,-0.087356,-0.290610
2026-05-26 18:24:37.313,132.899873,0.000000,0.000000,0.000000,0.069955,-0.090744,-0.319016,-0.127465,-0.094187,-0.321573,-0.028755,-0.092465,-0.320294,0.013576,-0.103963,-0.297291,-0.048791,-0.107467,-0.229346,-0.069291,-0.088330,-0.290549
2026-05-26 18:24:37.413,132.999873,0.000000,0.000000,0.000000,0.069744,-0.091744,-0.318927,-0.127465,-0.094187,-0.321573,-0.028861,-0.092965,-0.320250,0.013576,-0.103963,-0.297291,-0.048061,-0.107496,-0.229360,-0.068540,-0.087356,-0.290610
2026-05-26 18:24:37.513,133.099873,0.000000,0.000000,0.000000,0.069744,-0.091744,-0.318927,-0.127465,-0.094187,-0.321573,-0.028861,-0.092965,-0.320250,0.013576,-0.103963,-0.297291,-0.048754,-0.106475,-0.229302,-0.068540,-0.087356,-0.290610
2026-05-26 18:24:37.613,133.199873,0.000000,0.000000,0.000000,0.069744,-0.091744,-0.318927,-0.127545,-0.093174,-0.321666,-0.028900,-0.092459,-0.320297,0.013576,-0.103963,-0.297291,-0.048791,-0.107467,-0.229346,-0.068540,-0.087356,-0.290610
2026-05-26 18:24:37.713,133.299873,0.000000,0.000000,0.000000,0.069744,-0.091744,-0.318927,-0.127465,-0.094187,-0.321573,-0.028861,-0.092965,-0.320250,0.013576,-0.103963,-0.297291,-0.048061,-0.107496,-0.229360,-0.068557,-0.089364,-0.290516
2026-05-26 18:24:37.813,133.399873,0.000000,0.000000,0.000000,0.069744,-0.091744,-0.318927,-0.127545,-0.093174,-0.321666,-0.028900,-0.092459,-0.320297,0.013576,-0.103963,-0.297291,-0.048061,-0.107496,-0.229360,-0.069291,-0.088330,-0.290549
2026-05-26 18:24:37.913,133.499873,0.000000,0.000000,0.000000,0.069744,-0.091744,-0.318927,-0.127386,-0.095200,-0.321479,-0.028821,-0.093472,-0.320203,0.013445,-0.104963,-0.297234,-0.048061,-0.107496,-0.229360,-0.069291,-0.088330,-0.290549
2026-05-26 18:24:38.013,133.599873,0.000000,0.000000,0.000000,0.069744,-0.091744,-0.318927,-0.127386,-0.095200,-0.321479,-0.028821,-0.093472,-0.320203,0.013576,-0.103963,-0.297291,-0.048022,-0.106504,-0.229316,-0.069277,-0.086323,-0.290643
2026-05-26 18:24:38.113,133.699872,0.000000,0.000000,0.000000,0.069744,-0.091744,-0.318927,-0.126736,-0.094216,-0.321586,-0.028496,-0.092980,-0.320257,0.013707,-0.102963,-0.297349,-0.048051,-0.107583,-0.228633,-0.069291,-0.088330,-0.290549
2026-05-26 18:24:38.213,133.799872,0.000000,0.000000,0.000000,0.069744,-0.091744,-0.318927,-0.127386,-0.095200,-0.321479,-0.028821,-0.093472,-0.320203,0.013707,-0.102963,-0.297349,-0.048061,-0.107496,-0.229360,-0.068540,-0.087356,-0.290610
2026-05-26 18:24:38.313,133.899872,0.000000,0.000000,0.000000,0.069744,-0.091744,-0.318927,-0.127465,-0.094187,-0.321573,-0.028861,-0.092965,-0.320250,0.013707,-0.102963,-0.297349,-0.048061,-0.107496,-0.229360,-0.069284,-0.087327,-0.290596
2026-05-26 18:24:38.413,133.999872,0.000000,0.000000,0.000000,0.069744,-0.091744,-0.318927,-0.127306,-0.096213,-0.321385,-0.028781,-0.093978,-0.320156,0.013576,-0.103963,-0.297291,-0.048061,-0.107496,-0.229360,-0.068540,-0.087356,-0.290610
2026-05-26 18:24:38.513,134.099872,0.000000,0.000000,0.000000,0.069744,-0.091744,-0.318927,-0.127465,-0.094187,-0.321573,-0.028861,-0.092965,-0.320250,0.013510,-0.104463,-0.297262,-0.048061,-0.107496,-0.229360,-0.069284,-0.087327,-0.290596
2026-05-26 18:24:38.613,134.199872,0.000000,0.000000,0.000000,0.071217,-0.091714,-0.319693,-0.127465,-0.094187,-0.321573,-0.028124,-0.092951,-0.320633,0.013707,-0.102963,-0.297349,-0.048061,-0.107496,-0.229360,-0.068540,-0.087356,-0.290610
2026-05-26 18:24:38.713,134.299872,0.000000,0.000000,0.000000,0.069955,-0.090744,-0.319016,-0.127386,-0.095200,-0.321479,-0.028715,-0.092972,-0.320247,0.013707,-0.102963,-0.297349,-0.048061,-0.107496,-0.229360,-0.068548,-0.088360,-0.290563
2026-05-26 18:24:38.813,134.399872,0.000000,0.000000,0.000000,0.069744,-0.091744,-0.318927,-0.127465,-0.094187,-0.321573,-0.028861,-0.092965,-0.320250,0.013707,-0.102963,-0.297349,-0.048061,-0.107496,-0.229360,-0.069277,-0.086323,-0.290643
2026-05-26 18:24:38.913,134.499872,0.000000,0.000000,0.000000,0.069744,-0.091744,-0.318927,-0.127386,-0.095200,-0.321479,-0.028821,-0.093472,-0.320203,0.013576,-0.103963,-0.297291,-0.048061,-0.107496,-0.229360,-0.069298,-0.089334,-0.290502
2026-05-26 18:24:39.013,134.599872,0.000000,0.000000,0.000000,0.069744,-0.091744,-0.318927,-0.127386,-0.095200,-0.321479,-0.028821,-0.093472,-0.320203,0.013576,-0.103963,-0.297291,-0.048061,-0.107496,-0.229360,-0.069291,-0.088330,-0.290549
2026-05-26 18:24:39.113,134.699872,0.000000,0.000000,0.000000,0.069533,-0.092744,-0.318839,-0.127465,-0.094187,-0.321573,-0.028966,-0.093466,-0.320206,0.013576,-0.103963,-0.297291,-0.048061,-0.107496,-0.229360,-0.069284,-0.087327,-0.290596
2026-05-26 18:24:39.213,134.799871,0.000000,0.000000,0.000000,0.069744,-0.091744,-0.318927,-0.127465,-0.094187,-0.321573,-0.028861,-0.092965,-0.320250,0.013707,-0.102963,-0.297349,-0.048061,-0.107496,-0.229360,-0.069284,-0.087327,-0.290596
2026-05-26 18:24:39.313,134.899871,0.000000,0.000000,0.000000,0.071003,-0.092714,-0.319603,-0.127386,-0.095200,-0.321479,-0.028191,-0.093957,-0.320541,0.013576,-0.103963,-0.297291,-0.048061,-0.107496,-0.229360,-0.069284,-0.087327,-0.290596
2026-05-26 18:24:39.413,134.999871,0.000000,0.000000,0.000000,0.069744,-0.091744,-0.318927,-0.127386,-0.095200,-0.321479,-0.028821,-0.093472,-0.320203,0.013576,-0.103963,-0.297291,-0.048061,-0.107496,-0.229360,-0.068540,-0.087356,-0.290610
2026-05-26 18:24:39.513,135.099871,0.000000,0.000000,0.000000,0.069955,-0.090744,-0.319016,-0.127465,-0.094187,-0.321573,-0.028755,-0.092465,-0.320294,0.013576,-0.103963,-0.297291,-0.048061,-0.107496,-0.229360,-0.069284,-0.087327,-0.290596
2026-05-26 18:24:39.613,135.199871,0.000000,0.000000,0.000000,0.069744,-0.091744,-0.318927,-0.126736,-0.094216,-0.321586,-0.028496,-0.092980,-0.320257,0.013576,-0.103963,-0.297291,-0.048061,-0.107496,-0.229360,-0.069277,-0.086323,-0.290643
2026-05-26 18:24:39.713,135.299871,0.000000,0.000000,0.000000,0.069744,-0.091744,-0.318927,-0.126657,-0.095229,-0.321492,-0.028457,-0.093486,-0.320210,0.013576,-0.103963,-0.297291,-0.048061,-0.107496,-0.229360,-0.068548,-0.088360,-0.290563
2026-05-26 18:24:39.813,135.399871,0.000000,0.000000,0.000000,0.069744,-0.091744,-0.318927,-0.127465,-0.094187,-0.321573,-0.028861,-0.092965,-0.320250,0.014437,-0.102992,-0.297363,-0.048061,-0.107496,-0.229360,-0.069277,-0.086323,-0.290643
2026-05-26 18:24:39.913,135.499871,0.000000,0.000000,0.000000,0.069744,-0.091744,-0.318927,-0.127465,-0.094187,-0.321573,-0.028861,-0.092965,-0.320250,0.013707,-0.102963,-0.297349,-0.048061,-0.107496,-0.229360,-0.068548,-0.088360,-0.290563
2026-05-26 18:24:40.013,135.599871,0.000000,0.000000,0.000000,0.069744,-0.091744,-0.318927,-0.127386,-0.095200,-0.321479,-0.028821,-0.093472,-0.320203,0.013707,-0.102963,-0.297349,-0.048100,-0.108488,-0.229403,-0.069287,-0.086234,-0.291384
2026-05-26 18:24:40.113,135.699871,0.000000,0.000000,0.000000,0.069955,-0.090744,-0.319016,-0.127386,-0.095200,-0.321479,-0.028715,-0.092972,-0.320247,0.013707,-0.102963,-0.297349,-0.047391,-0.108342,-0.230869,-0.069277,-0.086323,-0.290643
2026-05-26 18:24:40.213,135.799870,0.000000,0.000000,0.000000,0.069955,-0.090744,-0.319016,-0.126736,-0.094216,-0.321586,-0.028390,-0.092480,-0.320301,0.014437,-0.102992,-0.297363,-0.047401,-0.108255,-0.231594,-0.069277,-0.086323,-0.290643
2026-05-26 18:24:40.313,135.899870,0.000000,0.000000,0.000000,0.069744,-0.091744,-0.318927,-0.127465,-0.094187,-0.321573,-0.028861,-0.092965,-0.320250,0.014437,-0.102992,-0.297363,-0.048179,-0.109132,-0.232346,-0.069277,-0.086323,-0.290643
2026-05-26 18:24:40.413,135.999870,0.000000,0.000000,0.000000,0.069955,-0.090744,-0.319016,-0.126736,-0.094216,-0.321586,-0.028390,-0.092480,-0.320301,0.014437,-0.102992,-0.297363,-0.048956,-0.110009,-0.233095,-0.070021,-0.086294,-0.290629
2026-05-26 18:24:40.513,136.099870,0.000000,0.000000,0.000000,0.069734,-0.091655,-0.319665,-0.127465,-0.094187,-0.321573,-0.028866,-0.092921,-0.320619,0.014437,-0.102992,-0.297363,-0.049683,-0.109980,-0.233082,-0.069277,-0.086323,-0.290643
2026-05-26 18:24:40.613,136.199870,0.000000,0.000000,0.000000,0.069955,-0.090744,-0.319016,-0.127386,-0.095200,-0.321479,-0.028715,-0.092972,-0.320247,0.014304,-0.103992,-0.297305,-0.049693,-0.109893,-0.233805,-0.070032,-0.086205,-0.291370
2026-05-26 18:24:40.713,136.299870,0.000000,0.000000,0.000000,0.069744,-0.091744,-0.318927,-0.127386,-0.095200,-0.321479,-0.028821,-0.093472,-0.320203,0.014304,-0.103992,-0.297305,-0.049656,-0.108901,-0.233768,-0.070015,-0.085290,-0.290675
2026-05-26 18:24:40.813,136.399870,0.000000,0.000000,0.000000,0.069744,-0.091744,-0.318927,-0.126736,-0.094216,-0.321586,-0.028496,-0.092980,-0.320257,0.014314,-0.104079,-0.296580,-0.049693,-0.109893,-0.233805,-0.070015,-0.085290,-0.290675
2026-05-26 18:24:40.913,136.499870,0.000000,0.000000,0.000000,0.069744,-0.091744,-0.318927,-0.127386,-0.095200,-0.321479,-0.028821,-0.093472,-0.320203,0.014304,-0.103992,-0.297305,-0.049693,-0.109893,-0.233805,-0.070015,-0.085290,-0.290675
2026-05-26 18:24:41.013,136.599870,0.000000,0.000000,0.000000,0.069744,-0.091744,-0.318927,-0.127465,-0.094187,-0.321573,-0.028861,-0.092965,-0.320250,0.014304,-0.103992,-0.297305,-0.049693,-0.109893,-0.233805,-0.070015,-0.085290,-0.290675
2026-05-26 18:24:41.113,136.699870,0.000000,0.000000,0.000000,0.069744,-0.091744,-0.318927,-0.127306,-0.096213,-0.321385,-0.028781,-0.093978,-0.320156,0.014304,-0.103992,-0.297305,-0.049693,-0.109893,-0.233805,-0.070015,-0.085290,-0.290675
2026-05-26 18:24:41.213,136.799870,0.000000,0.000000,0.000000,0.069744,-0.091744,-0.318927,-0.127226,-0.097226,-0.321291,-0.028741,-0.094485,-0.320109,0.014304,-0.103992,-0.297305,-0.049693,-0.109893,-0.233805,-0.070015,-0.085290,-0.290675
2026-05-26 18:24:41.313,136.899869,0.000000,0.000000,0.000000,0.069744,-0.091744,-0.318927,-0.127386,-0.095200,-0.321479,-0.028821,-0.093472,-0.320203,0.014437,-0.102992,-0.297363,-0.048966,-0.109922,-0.233819,-0.070009,-0.084286,-0.290722
2026-05-26 18:24:41.413,136.999869,0.000000,0.000000,0.000000,0.069955,-0.090744,-0.319016,-0.127386,-0.095200,-0.321479,-0.028715,-0.092972,-0.320247,0.014437,-0.102992,-0.297363,-0.049693,-0.109893,-0.233805,-0.070021,-0.086294,-0.290629
2026-05-26 18:24:41.513,137.099869,0.000000,0.000000,0.000000,0.069744,-0.091744,-0.318927,-0.127465,-0.094187,-0.321573,-0.028861,-0.092965,-0.320250,0.014304,-0.103992,-0.297305,-0.049693,-0.109893,-0.233805,-0.070026,-0.085201,-0.291417
2026-05-26 18:24:41.613,137.199869,0.000000,0.000000,0.000000,0.069744,-0.091744,-0.318927,-0.127306,-0.096213,-0.321385,-0.028781,-0.093978,-0.320156,0.014304,-0.103992,-0.297305,-0.049656,-0.108901,-0.233768,-0.070021,-0.086294,-0.290629
2026-05-26 18:24:41.713,137.299869,0.000000,0.000000,0.000000,0.069744,-0.091744,-0.318927,-0.127306,-0.096213,-0.321385,-0.028781,-0.093978,-0.320156,0.014304,-0.103992,-0.297305,-0.048966,-0.109922,-0.233819,-0.070021,-0.086294,-0.290629
2026-05-26 18:24:41.813,137.399869,0.000000,0.000000,0.000000,0.069744,-0.091744,-0.318927,-0.127465,-0.094187,-0.321573,-0.028861,-0.092965,-0.320250,0.014304,-0.103992,-0.297305,-0.048966,-0.109922,-0.233819,-0.070015,-0.085290,-0.290675
2026-05-26 18:24:41.913,137.499869,0.000000,0.000000,0.000000,0.069744,-0.091744,-0.318927,-0.127465,-0.094187,-0.321573,-0.028861,-0.092965,-0.320250,0.014304,-0.103992,-0.297305,-0.049693,-0.109893,-0.233805,-0.070015,-0.085290,-0.290675
2026-05-26 18:24:42.013,137.599869,0.000000,0.000000,0.000000,0.069955,-0.090744,-0.319016,-0.127386,-0.095200,-0.321479,-0.028715,-0.092972,-0.320247,0.014304,-0.103992,-0.297305,-0.048966,-0.109922,-0.233819,-0.070026,-0.085201,-0.291417
2026-05-26 18:24:42.113,137.699869,0.000000,0.000000,0.000000,0.069744,-0.091744,-0.318927,-0.127386,-0.095200,-0.321479,-0.028821,-0.093472,-0.320203,0.014304,-0.103992,-0.297305,-0.049656,-0.108901,-0.233768,-0.070026,-0.085201,-0.291417
2026-05-26 18:24:42.213,137.799869,0.000000,0.000000,0.000000,0.069955,-0.090744,-0.319016,-0.126736,-0.094216,-0.321586,-0.028390,-0.092480,-0.320301,0.014437,-0.102992,-0.297363,-0.048966,-0.109922,-0.233819,-0.070021,-0.086294,-0.290629
2026-05-26 18:24:42.313,137.899868,0.000000,0.000000,0.000000,0.069744,-0.091744,-0.318927,-0.127465,-0.094187,-0.321573,-0.028861,-0.092965,-0.320250,0.015166,-0.103021,-0.297376,-0.048966,-0.109922,-0.233819,-0.070009,-0.084286,-0.290722
2026-05-26 18:24:42.413,137.999868,0.000000,0.000000,0.000000,0.069744,-0.091744,-0.318927,-0.126657,-0.095229,-0.321492,-0.028457,-0.093486,-0.320210,0.014304,-0.103992,-0.297305,-0.049693,-0.109893,-0.233805,-0.070026,-0.085201,-0.291417
2026-05-26 18:24:42.513,138.099868,0.000000,0.000000,0.000000,0.069955,-0.090744,-0.319016,-0.126736,-0.094216,-0.321586,-0.028390,-0.092480,-0.320301,0.014437,-0.102992,-0.297363,-0.049693,-0.109893,-0.233805,-0.070021,-0.086294,-0.290629
2026-05-26 18:24:42.613,138.199868,0.000000,0.000000,0.000000,0.069955,-0.090744,-0.319016,-0.127465,-0.094187,-0.321573,-0.028755,-0.092465,-0.320294,0.014304,-0.103992,-0.297305,-0.048966,-0.109922,-0.233819,-0.070021,-0.086294,-0.290629
2026-05-26 18:24:42.713,138.299868,0.000000,0.000000,0.000000,0.069744,-0.091744,-0.318927,-0.127386,-0.095200,-0.321479,-0.028821,-0.093472,-0.320203,0.014437,-0.102992,-0.297363,-0.049693,-0.109893,-0.233805,-0.070015,-0.085290,-0.290675
2026-05-26 18:24:42.813,138.399868,0.000000,0.000000,0.000000,0.069955,-0.090744,-0.319016,-0.126657,-0.095229,-0.321492,-0.028351,-0.092986,-0.320254,0.014437,-0.102992,-0.297363,-0.048928,-0.108929,-0.233782,-0.070015,-0.085290,-0.290675
2026-05-26 18:24:42.913,138.499868,0.000000,0.000000,0.000000,0.069955,-0.090744,-0.319016,-0.127545,-0.093174,-0.321666,-0.028795,-0.091959,-0.320341,0.015166,-0.103021,-0.297376,-0.049693,-0.109893,-0.233805,-0.070015,-0.085290,-0.290675
2026-05-26 18:24:43.013,138.599868,0.000000,0.000000,0.000000,0.069955,-0.090744,-0.319016,-0.127386,-0.095200,-0.321479,-0.028715,-0.092972,-0.320247,0.014304,-0.103992,-0.297305,-0.049656,-0.108901,-0.233768,-0.070026,-0.085201,-0.291417
2026-05-26 18:24:43.113,138.699868,0.000000,0.000000,0.000000,0.069734,-0.091655,-0.319665,-0.127465,-0.094187,-0.321573,-0.028866,-0.092921,-0.320619,0.014304,-0.103992,-0.297305,-0.049656,-0.108901,-0.233768,-0.070032,-0.086205,-0.291370
2026-05-26 18:24:43.213,138.799868,0.000000,0.000000,0.000000,0.069955,-0.090744,-0.319016,-0.127386,-0.095200,-0.321479,-0.028715,-0.092972,-0.320247,0.014304,-0.103992,-0.297305,-0.048928,-0.108929,-0.233782,-0.070003,-0.083282,-0.290769
2026-05-26 18:24:43.313,138.899868,0.000000,0.000000,0.000000,0.069744,-0.091744,-0.318927,-0.126736,-0.094216,-0.321586,-0.028496,-0.092980,-0.320257,0.014304,-0.103992,-0.297305,-0.049693,-0.109893,-0.233805,-0.070032,-0.086205,-0.291370
2026-05-26 18:24:43.413,138.999867,0.000000,0.000000,0.000000,0.069533,-0.092744,-0.318839,-0.127386,-0.095200,-0.321479,-0.028927,-0.093972,-0.320159,0.014437,-0.102992,-0.297363,-0.048928,-0.108929,-0.233782,-0.070021,-0.086294,-0.290629
2026-05-26 18:24:43.513,139.099867,0.000000,0.000000,0.000000,0.069744,-0.091744,-0.318927,-0.127465,-0.094187,-0.321573,-0.028861,-0.092965,-0.320250,0.014304,-0.103992,-0.297305,-0.048928,-0.108929,-0.233782,-0.070021,-0.086294,-0.290629
2026-05-26 18:24:43.613,139.199867,0.000000,0.000000,0.000000,0.069955,-0.090744,-0.319016,-0.127386,-0.095200,-0.321479,-0.028715,-0.092972,-0.320247,0.014437,-0.102992,-0.297363,-0.048928,-0.108929,-0.233782,-0.070032,-0.086205,-0.291370
2026-05-26 18:24:43.713,139.299867,0.000000,0.000000,0.000000,0.069744,-0.091744,-0.318927,-0.127386,-0.095200,-0.321479,-0.028821,-0.093472,-0.320203,0.014437,-0.102992,-0.297363,-0.048966,-0.109922,-0.233819,-0.070021,-0.086294,-0.290629
2026-05-26 18:24:43.813,139.399867,0.000000,0.000000,0.000000,0.069744,-0.091744,-0.318927,-0.127465,-0.094187,-0.321573,-0.028861,-0.092965,-0.320250,0.014304,-0.103992,-0.297305,-0.048928,-0.108929,-0.233782,-0.070015,-0.085290,-0.290675
2026-05-26 18:24:43.913,139.499867,0.000000,0.000000,0.000000,0.069744,-0.091744,-0.318927,-0.126657,-0.095229,-0.321492,-0.028457,-0.093486,-0.320210,0.014437,-0.102992,-0.297363,-0.048928,-0.108929,-0.233782,-0.070015,-0.085290,-0.290675
2026-05-26 18:24:44.013,139.599867,0.000000,0.000000,0.000000,0.069744,-0.091744,-0.318927,-0.127386,-0.095200,-0.321479,-0.028821,-0.093472,-0.320203,0.014304,-0.103992,-0.297305,-0.048966,-0.109922,-0.233819,-0.070021,-0.086294,-0.290629
2026-05-26 18:24:44.113,139.699867,0.000000,0.000000,0.000000,0.069955,-0.090744,-0.319016,-0.127386,-0.095200,-0.321479,-0.028715,-0.092972,-0.320247,0.014437,-0.102992,-0.297363,-0.048928,-0.108929,-0.233782,-0.070026,-0.085201,-0.291417
2026-05-26 18:24:44.213,139.799867,0.000000,0.000000,0.000000,0.069744,-0.091744,-0.318927,-0.126736,-0.094216,-0.321586,-0.028496,-0.092980,-0.320257,0.014437,-0.102992,-0.297363,-0.048928,-0.108929,-0.233782,-0.070015,-0.085290,-0.290675
2026-05-26 18:24:44.313,139.899867,0.000000,0.000000,0.000000,0.069955,-0.090744,-0.319016,-0.127306,-0.096213,-0.321385,-0.028675,-0.093478,-0.320200,0.014437,-0.102992,-0.297363,-0.048928,-0.108929,-0.233782,-0.070015,-0.085290,-0.290675
2026-05-26 18:24:44.413,139.999866,0.000000,0.000000,0.000000,0.069744,-0.091744,-0.318927,-0.126736,-0.094216,-0.321586,-0.028496,-0.092980,-0.320257,0.014304,-0.103992,-0.297305,-0.048928,-0.108929,-0.233782,-0.070026,-0.085201,-0.291417
2026-05-26 18:24:44.513,140.099866,0.000000,0.000000,0.000000,0.069955,-0.090744,-0.319016,-0.126736,-0.094216,-0.321586,-0.028390,-0.092480,-0.320301,0.014437,-0.102992,-0.297363,-0.048928,-0.108929,-0.233782,-0.070009,-0.084286,-0.290722
2026-05-26 18:24:44.613,140.199866,0.000000,0.000000,0.000000,0.069744,-0.091744,-0.318927,-0.127386,-0.095200,-0.321479,-0.028821,-0.093472,-0.320203,0.014437,-0.102992,-0.297363,-0.048966,-0.109922,-0.233819,-0.070021,-0.086294,-0.290629
2026-05-26 18:24:44.713,140.299866,0.000000,0.000000,0.000000,0.069744,-0.091744,-0.318927,-0.127465,-0.094187,-0.321573,-0.028861,-0.092965,-0.320250,0.015166,-0.103021,-0.297376,-0.048928,-0.108929,-0.233782,-0.070021,-0.086294,-0.290629
2026-05-26 18:24:44.813,140.399866,0.000000,0.000000,0.000000,0.069955,-0.090744,-0.319016,-0.126736,-0.094216,-0.321586,-0.028390,-0.092480,-0.320301,0.014437,-0.102992,-0.297363,-0.048928,-0.108929,-0.233782,-0.070012,-0.084788,-0.290699
2026-05-26 18:24:44.913,140.499866,0.000000,0.000000,0.000000,0.069744,-0.091744,-0.318927,-0.126657,-0.095229,-0.321492,-0.028457,-0.093486,-0.320210,0.014437,-0.102992,-0.297363,-0.048966,-0.109922,-0.233819,-0.070015,-0.085290,-0.290675
2026-05-26 18:24:45.013,140.599866,0.000000,0.000000,0.000000,0.069744,-0.091744,-0.318927,-0.127306,-0.096213,-0.321385,-0.028781,-0.093978,-0.320156,0.014304,-0.103992,-0.297305,-0.048928,-0.108929,-0.233782,-0.070032,-0.086205,-0.291370
2026-05-26 18:24:45.113,140.699866,0.000000,0.000000,0.000000,0.069744,-0.091744,-0.318927,-0.126657,-0.095229,-0.321492,-0.028457,-0.093486,-0.320210,0.014304,-0.103992,-0.297305,-0.048928,-0.108929,-0.233782,-0.070032,-0.086205,-0.291370
2026-05-26 18:24:45.213,140.799866,0.000000,0.000000,0.000000,0.069533,-0.092744,-0.318839,-0.126657,-0.095229,-0.321492,-0.028562,-0.093986,-0.320166,0.014437,-0.102992,-0.297363,-0.048966,-0.109922,-0.233819,-0.070015,-0.085290,-0.290675
2026-05-26 18:24:45.313,140.899866,0.000000,0.000000,0.000000,0.069744,-0.091744,-0.318927,-0.127465,-0.094187,-0.321573,-0.028861,-0.092965,-0.320250,0.014437,-0.102992,-0.297363,-0.048966,-0.109922,-0.233819,-0.070021,-0.086294,-0.290629
2026-05-26 18:24:45.413,140.999866,0.000000,0.000000,0.000000,0.069744,-0.091744,-0.318927,-0.127386,-0.095200,-0.321479,-0.028821,-0.093472,-0.320203,0.015166,-0.103021,-0.297376,-0.048966,-0.109922,-0.233819,-0.070028,-0.087297,-0.290582
2026-05-26 18:24:45.513,141.099865,0.000000,0.000000,0.000000,0.069955,-0.090744,-0.319016,-0.127386,-0.095200,-0.321479,-0.028715,-0.092972,-0.320247,0.014304,-0.103992,-0.297305,-0.048966,-0.109922,-0.233819,-0.070021,-0.086294,-0.290629
2026-05-26 18:24:45.613,141.199865,0.000000,0.000000,0.000000,0.069955,-0.090744,-0.319016,-0.126736,-0.094216,-0.321586,-0.028390,-0.092480,-0.320301,0.014304,-0.103992,-0.297305,-0.048966,-0.109922,-0.233819,-0.070021,-0.086294,-0.290629
2026-05-26 18:24:45.713,141.299865,0.000000,0.000000,0.000000,0.069533,-0.092744,-0.318839,-0.127386,-0.095200,-0.321479,-0.028927,-0.093972,-0.320159,0.014304,-0.103992,-0.297305,-0.048928,-0.108929,-0.233782,-0.070021,-0.086294,-0.290629
2026-05-26 18:24:45.813,141.399865,0.000000,0.000000,0.000000,0.069744,-0.091744,-0.318927,-0.127386,-0.095200,-0.321479,-0.028821,-0.093472,-0.320203,0.014304,-0.103992,-0.297305,-0.048928,-0.108929,-0.233782,-0.070028,-0.087297,-0.290582
2026-05-26 18:24:45.913,141.499865,0.000000,0.000000,0.000000,0.069955,-0.090744,-0.319016,-0.126657,-0.095229,-0.321492,-0.028351,-0.092986,-0.320254,0.014304,-0.103992,-0.297305,-0.048928,-0.108929,-0.233782,-0.070021,-0.086294,-0.290629
2026-05-26 18:24:46.013,141.599865,0.000000,0.000000,0.000000,0.069744,-0.091744,-0.318927,-0.127465,-0.094187,-0.321573,-0.028861,-0.092965,-0.320250,0.014437,-0.102992,-0.297363,-0.048966,-0.109922,-0.233819,-0.070021,-0.086294,-0.290629
2026-05-26 18:24:46.113,141.699865,0.000000,0.000000,0.000000,0.069744,-0.091744,-0.318927,-0.127465,-0.094187,-0.321573,-0.028861,-0.092965,-0.320250,0.014304,-0.103992,-0.297305,-0.048976,-0.109835,-0.234543,-0.070015,-0.085290,-0.290675
2026-05-26 18:24:46.213,141.799865,0.000000,0.000000,0.000000,0.069533,-0.092744,-0.318839,-0.126657,-0.095229,-0.321492,-0.028562,-0.093986,-0.320166,0.015033,-0.104021,-0.297318,-0.048258,-0.109777,-0.235280,-0.070761,-0.085260,-0.290661
2026-05-26 18:24:46.313,141.899865,0.000000,0.000000,0.000000,0.069955,-0.090744,-0.319016,-0.126736,-0.094216,-0.321586,-0.028390,-0.092480,-0.320301,0.015033,-0.104021,-0.297318,-0.047591,-0.110625,-0.236774,-0.070777,-0.086175,-0.291356
2026-05-26 18:24:46.413,141.999865,0.000000,0.000000,0.000000,0.069533,-0.092744,-0.318839,-0.126736,-0.094216,-0.321586,-0.028602,-0.093480,-0.320213,0.015033,-0.104021,-0.297318,-0.046957,-0.112554,-0.237573,-0.070767,-0.084167,-0.291451
2026-05-26 18:24:46.513,142.099864,0.000000,0.000000,0.000000,0.069955,-0.090744,-0.319016,-0.127386,-0.095200,-0.321479,-0.028715,-0.092972,-0.320247,0.015033,-0.104021,-0.297318,-0.046285,-0.113489,-0.238338,-0.071217,-0.004719,-0.296037
2026-05-26 18:24:46.613,142.199864,0.000000,0.000000,0.000000,0.069744,-0.091744,-0.318927,-0.127465,-0.094187,-0.321573,-0.028861,-0.092965,-0.320250,0.015627,-0.105049,-0.297274,-0.046221,-0.111330,-0.239719,-0.071506,-0.082130,-0.291533
2026-05-26 18:24:46.713,142.299864,0.000000,0.000000,0.000000,0.069744,-0.091744,-0.318927,-0.127386,-0.095200,-0.321479,-0.028821,-0.093472,-0.320203,0.015033,-0.104021,-0.297318,-0.045463,-0.110279,-0.240427,-0.071516,-0.082041,-0.292278
2026-05-26 18:24:46.813,142.399864,0.000000,0.000000,0.000000,0.069744,-0.091744,-0.318927,-0.127386,-0.095200,-0.321479,-0.028821,-0.093472,-0.320203,0.015023,-0.103934,-0.298043,-0.045559,-0.112179,-0.241202,-0.071520,-0.083045,-0.292229
2026-05-26 18:24:46.913,142.499864,0.000000,0.000000,0.000000,0.069744,-0.091744,-0.318927,-0.127465,-0.094187,-0.321573,-0.028861,-0.092965,-0.320250,0.015761,-0.104050,-0.297332,-0.044933,-0.114109,-0.241987,-0.071520,-0.083045,-0.292229
2026-05-26 18:24:47.013,142.599864,0.000000,0.000000,0.000000,0.069955,-0.090744,-0.319016,-0.127306,-0.096213,-0.321385,-0.028675,-0.093478,-0.320200,0.015033,-0.104021,-0.297318,-0.044267,-0.115045,-0.242742,-0.071233,-0.005625,-0.296816
2026-05-26 18:24:47.113,142.699864,0.000000,0.000000,0.000000,0.069955,-0.090744,-0.319016,-0.127465,-0.094187,-0.321573,-0.028755,-0.092465,-0.320294,0.015023,-0.103934,-0.298043,-0.043556,-0.114987,-0.243473,-0.071527,-0.081951,-0.293023
2026-05-26 18:24:47.213,142.799864,0.000000,0.000000,0.000000,0.069744,-0.091744,-0.318927,-0.127465,-0.094187,-0.321573,-0.028861,-0.092965,-0.320250,0.015156,-0.102934,-0.298102,-0.042845,-0.114930,-0.244204,-0.071523,-0.080947,-0.293073
2026-05-26 18:24:47.313,142.899864,0.000000,0.000000,0.000000,0.069744,-0.091744,-0.318927,-0.127386,-0.095200,-0.321479,-0.028821,-0.093472,-0.320203,0.015156,-0.102934,-0.298102,-0.042902,-0.115838,-0.244942,-0.071527,-0.081951,-0.293023
2026-05-26 18:24:47.413,142.999864,0.000000,0.000000,0.000000,0.069744,-0.091744,-0.318927,-0.127386,-0.095200,-0.321479,-0.028821,-0.093472,-0.320203,0.015023,-0.103934,-0.298043,-0.042193,-0.115781,-0.245671,-0.071233,-0.005625,-0.296816
2026-05-26 18:24:47.513,143.099864,0.000000,0.000000,0.000000,0.069744,-0.091744,-0.318927,-0.127386,-0.095200,-0.321479,-0.028821,-0.093472,-0.320203,0.015023,-0.103934,-0.298043,-0.041374,-0.113821,-0.245645,-0.071537,-0.081862,-0.293769
2026-05-26 18:24:47.613,143.199863,0.000000,0.000000,0.000000,0.069744,-0.091744,-0.318927,-0.127465,-0.094187,-0.321573,-0.028861,-0.092965,-0.320250,0.015023,-0.103934,-0.298043,-0.041384,-0.113735,-0.246363,-0.071244,-0.005525,-0.297644
2026-05-26 18:24:47.713,143.299863,0.000000,0.000000,0.000000,0.069955,-0.090744,-0.319016,-0.127386,-0.095200,-0.321479,-0.028715,-0.092972,-0.320247,0.015156,-0.102934,-0.298102,-0.041384,-0.113735,-0.246363,-0.071240,-0.004521,-0.297695
2026-05-26 18:24:47.813,143.399863,0.000000,0.000000,0.000000,0.069955,-0.090744,-0.319016,-0.127386,-0.095200,-0.321479,-0.028715,-0.092972,-0.320247,0.015023,-0.103934,-0.298043,-0.041433,-0.114729,-0.246382,-0.071529,-0.079853,-0.293871
2026-05-26 18:24:47.913,143.499863,0.000000,0.000000,0.000000,0.069955,-0.090744,-0.319016,-0.127386,-0.095200,-0.321479,-0.028715,-0.092972,-0.320247,0.015023,-0.103934,-0.298043,-0.041458,-0.115226,-0.246391,-0.071391,-0.043694,-0.295706
2026-05-26 18:24:48.013,143.599863,0.000000,0.000000,0.000000,0.069955,-0.090744,-0.319016,-0.126657,-0.095229,-0.321492,-0.028351,-0.092986,-0.320254,0.015751,-0.103963,-0.298057,-0.042106,-0.113706,-0.246350,-0.071537,-0.081862,-0.293769
2026-05-26 18:24:48.113,143.699863,0.000000,0.000000,0.000000,0.069744,-0.091744,-0.318927,-0.127465,-0.094187,-0.321573,-0.028861,-0.092965,-0.320250,0.015023,-0.103934,-0.298043,-0.042154,-0.114701,-0.246368,-0.071240,-0.004521,-0.297695
2026-05-26 18:24:48.213,143.799863,0.000000,0.000000,0.000000,0.069955,-0.090744,-0.319016,-0.127386,-0.095200,-0.321479,-0.028715,-0.092972,-0.320247,0.015023,-0.103934,-0.298043,-0.042154,-0.114701,-0.246368,-0.071529,-0.079853,-0.293871
2026-05-26 18:24:48.313,143.899863,0.000000,0.000000,0.000000,0.069744,-0.091744,-0.318927,-0.127306,-0.096213,-0.321385,-0.028781,-0.093978,-0.320156,0.015156,-0.102934,-0.298102,-0.042203,-0.115695,-0.246387,-0.070799,-0.079704,-0.295380
2026-05-26 18:24:48.413,143.999863,0.000000,0.000000,0.000000,0.069955,-0.090744,-0.319016,-0.127386,-0.095200,-0.321479,-0.028715,-0.092972,-0.320247,0.015023,-0.103934,-0.298043,-0.042203,-0.115695,-0.246387,-0.071244,-0.005525,-0.297644
2026-05-26 18:24:48.513,144.099863,0.000000,0.000000,0.000000,0.069955,-0.090744,-0.319016,-0.127465,-0.094187,-0.321573,-0.028755,-0.092465,-0.320294,0.015023,-0.103934,-0.298043,-0.042154,-0.114701,-0.246368,-0.071244,-0.005525,-0.297644
2026-05-26 18:24:48.613,144.199862,0.000000,0.000000,0.000000,0.069955,-0.090744,-0.319016,-0.126736,-0.094216,-0.321586,-0.028390,-0.092480,-0.320301,0.015023,-0.103934,-0.298043,-0.042144,-0.114787,-0.245651,-0.071529,-0.079853,-0.293871
2026-05-26 18:24:48.713,144.299862,0.000000,0.000000,0.000000,0.069744,-0.091744,-0.318927,-0.127465,-0.094187,-0.321573,-0.028861,-0.092965,-0.320250,0.015886,-0.102963,-0.298116,-0.042203,-0.115695,-0.246387,-0.071244,-0.005525,-0.297644
2026-05-26 18:24:48.813,144.399862,0.000000,0.000000,0.000000,0.069955,-0.090744,-0.319016,-0.127465,-0.094187,-0.321573,-0.028755,-0.092465,-0.320294,0.015156,-0.102934,-0.298102,-0.042144,-0.114787,-0.245651,-0.071240,-0.004521,-0.297695
2026-05-26 18:24:48.913,144.499862,0.000000,0.000000,0.000000,0.069955,-0.090744,-0.319016,-0.127465,-0.094187,-0.321573,-0.028755,-0.092465,-0.320294,0.015023,-0.103934,-0.298043,-0.042154,-0.114701,-0.246368,-0.071250,-0.007032,-0.297567
2026-05-26 18:24:49.013,144.599862,0.000000,0.000000,0.000000,0.069744,-0.091744,-0.318927,-0.127465,-0.094187,-0.321573,-0.028861,-0.092965,-0.320250,0.015886,-0.102963,-0.298116,-0.042193,-0.115781,-0.245671,-0.071233,-0.005625,-0.296816
2026-05-26 18:24:49.113,144.699862,0.000000,0.000000,0.000000,0.069744,-0.091744,-0.318927,-0.127306,-0.096213,-0.321385,-0.028781,-0.093978,-0.320156,0.015156,-0.102934,-0.298102,-0.042144,-0.114787,-0.245651,-0.071529,-0.079853,-0.293871
2026-05-26 18:24:49.213,144.799862,0.000000,0.000000,0.000000,0.069744,-0.091744,-0.318927,-0.127386,-0.095200,-0.321479,-0.028821,-0.093472,-0.320203,0.015023,-0.103934,-0.298043,-0.042144,-0.114787,-0.245651,-0.071528,-0.082453,-0.292998
2026-05-26 18:24:49.313,144.899862,0.000000,0.000000,0.000000,0.069955,-0.090744,-0.319016,-0.127386,-0.095200,-0.321479,-0.028715,-0.092972,-0.320247,0.015156,-0.102934,-0.298102,-0.042193,-0.115781,-0.245671,-0.071525,-0.078849,-0.293922
2026-05-26 18:24:49.413,144.999862,0.000000,0.000000,0.000000,0.069955,-0.090744,-0.319016,-0.126657,-0.095229,-0.321492,-0.028351,-0.092986,-0.320254,0.015156,-0.102934,-0.298102,-0.042144,-0.114787,-0.245651,-0.071248,-0.006530,-0.297593
2026-05-26 18:24:49.513,145.099862,0.000000,0.000000,0.000000,0.069955,-0.090744,-0.319016,-0.127306,-0.096213,-0.321385,-0.028675,-0.093478,-0.320200,0.015023,-0.103934,-0.298043,-0.042144,-0.114787,-0.245651,-0.071533,-0.080857,-0.293820
2026-05-26 18:24:49.613,145.199862,0.000000,0.000000,0.000000,0.069744,-0.091744,-0.318927,-0.127545,-0.093174,-0.321666,-0.028900,-0.092459,-0.320297,0.015023,-0.103934,-0.298043,-0.042144,-0.114787,-0.245651,-0.071533,-0.080857,-0.293820
2026-05-26 18:24:49.713,145.299861,0.000000,0.000000,0.000000,0.069744,-0.091744,-0.318927,-0.126736,-0.094216,-0.321586,-0.028496,-0.092980,-0.320257,0.015156,-0.102934,-0.298102,-0.042193,-0.115781,-0.245671,-0.071244,-0.005525,-0.297644
2026-05-26 18:24:49.813,145.399861,0.000000,0.000000,0.000000,0.069744,-0.091744,-0.318927,-0.127465,-0.094187,-0.321573,-0.028861,-0.092965,-0.320250,0.015023,-0.103934,-0.298043,-0.042193,-0.115781,-0.245671,-0.071527,-0.081951,-0.293023
2026-05-26 18:24:49.913,145.499861,0.000000,0.000000,0.000000,0.069744,-0.091744,-0.318927,-0.127465,-0.094187,-0.321573,-0.028861,-0.092965,-0.320250,0.015156,-0.102934,-0.298102,-0.042193,-0.115781,-0.245671,-0.071244,-0.005525,-0.297644
2026-05-26 18:24:50.013,145.599861,0.000000,0.000000,0.000000,0.069744,-0.091744,-0.318927,-0.127465,-0.094187,-0.321573,-0.028861,-0.092965,-0.320250,0.015023,-0.103934,-0.298043,-0.042193,-0.115781,-0.245671,-0.071527,-0.081951,-0.293023
2026-05-26 18:24:50.113,145.699861,0.000000,0.000000,0.000000,0.069744,-0.091744,-0.318927,-0.126657,-0.095229,-0.321492,-0.028457,-0.093486,-0.320210,0.015156,-0.102934,-0.298102,-0.042144,-0.114787,-0.245651,-0.070804,-0.080708,-0.295326
2026-05-26 18:24:50.213,145.799861,0.000000,0.000000,0.000000,0.069744,-0.091744,-0.318927,-0.127465,-0.094187,-0.321573,-0.028861,-0.092965,-0.320250,0.015023,-0.103934,-0.298043,-0.042241,-0.116775,-0.245691,-0.071244,-0.005525,-0.297644
2026-05-26 18:24:50.313,145.899861,0.000000,0.000000,0.000000,0.069955,-0.090744,-0.319016,-0.127386,-0.095200,-0.321479,-0.028715,-0.092972,-0.320247,0.015156,-0.102934,-0.298102,-0.042144,-0.114787,-0.245651,-0.071229,-0.004620,-0.296866
2026-05-26 18:24:50.413,145.999861,0.000000,0.000000,0.000000,0.069744,-0.091744,-0.318927,-0.127386,-0.095200,-0.321479,-0.028821,-0.093472,-0.320203,0.015156,-0.102934,-0.298102,-0.042193,-0.115781,-0.245671,-0.071240,-0.004521,-0.297695
2026-05-26 18:24:50.513,146.099861,0.000000,0.000000,0.000000,0.069955,-0.090744,-0.319016,-0.127306,-0.096213,-0.321385,-0.028675,-0.093478,-0.320200,0.015023,-0.103934,-0.298043,-0.042144,-0.114787,-0.245651,-0.071233,-0.002512,-0.297797
2026-05-26 18:24:50.613,146.199861,0.000000,0.000000,0.000000,0.069955,-0.090744,-0.319016,-0.126736,-0.094216,-0.321586,-0.028390,-0.092480,-0.320301,0.015023,-0.103934,-0.298043,-0.042144,-0.114787,-0.245651,-0.071533,-0.080857,-0.293820
2026-05-26 18:24:50.713,146.299860,0.000000,0.000000,0.000000,0.069744,-0.091744,-0.318927,-0.127465,-0.094187,-0.321573,-0.028861,-0.092965,-0.320250,0.015023,-0.103934,-0.298043,-0.042193,-0.115781,-0.245671,-0.071248,-0.006530,-0.297593
2026-05-26 18:24:50.813,146.399860,0.000000,0.000000,0.000000,0.069744,-0.091744,-0.318927,-0.127465,-0.094187,-0.321573,-0.028861,-0.092965,-0.320250,0.015023,-0.103934,-0.298043,-0.042193,-0.115781,-0.245671,-0.071515,-0.078938,-0.293173
2026-05-26 18:24:50.913,146.499860,0.000000,0.000000,0.000000,0.069744,-0.091744,-0.318927,-0.127306,-0.096213,-0.321385,-0.028781,-0.093978,-0.320156,0.015023,-0.103934,-0.298043,-0.042144,-0.114787,-0.245651,-0.071533,-0.080857,-0.293820
2026-05-26 18:24:51.013,146.599860,0.000000,0.000000,0.000000,0.069744,-0.091744,-0.318927,-0.126657,-0.095229,-0.321492,-0.028457,-0.093486,-0.320210,0.015023,-0.103934,-0.298043,-0.042144,-0.114787,-0.245651,-0.070065,-0.082747,-0.295234
2026-05-26 18:24:51.113,146.699860,0.000000,0.000000,0.000000,0.069744,-0.091744,-0.318927,-0.127386,-0.095200,-0.321479,-0.028821,-0.093472,-0.320203,0.015156,-0.102934,-0.298102,-0.042193,-0.115781,-0.245671,-0.071533,-0.080857,-0.293820
2026-05-26 18:24:51.213,146.799860,0.000000,0.000000,0.000000,0.069955,-0.090744,-0.319016,-0.127386,-0.095200,-0.321479,-0.028715,-0.092972,-0.320247,0.015156,-0.102934,-0.298102,-0.042144,-0.114787,-0.245651,-0.071537,-0.081862,-0.293769
2026-05-26 18:24:51.313,146.899860,0.000000,0.000000,0.000000,0.069533,-0.092744,-0.318839,-0.126736,-0.094216,-0.321586,-0.028602,-0.093480,-0.320213,0.015023,-0.103934,-0.298043,-0.042144,-0.114787,-0.245651,-0.071244,-0.005525,-0.297644
2026-05-26 18:24:51.413,146.999860,0.000000,0.000000,0.000000,0.069533,-0.092744,-0.318839,-0.127465,-0.094187,-0.321573,-0.028966,-0.093466,-0.320206,0.015156,-0.102934,-0.298102,-0.042193,-0.115781,-0.245671,-0.071523,-0.080947,-0.293073
2026-05-26 18:24:51.513,147.099860,0.000000,0.000000,0.000000,0.069744,-0.091744,-0.318927,-0.126657,-0.095229,-0.321492,-0.028457,-0.093486,-0.320210,0.015156,-0.102934,-0.298102,-0.042193,-0.115781,-0.245671,-0.071240,-0.004521,-0.297695
2026-05-26 18:24:51.613,147.199860,0.000000,0.000000,0.000000,0.069955,-0.090744,-0.319016,-0.126657,-0.095229,-0.321492,-0.028351,-0.092986,-0.320254,0.015896,-0.103050,-0.297390,-0.042193,-0.115781,-0.245671,-0.071519,-0.079943,-0.293123
2026-05-26 18:24:51.713,147.299860,0.000000,0.000000,0.000000,0.069744,-0.091744,-0.318927,-0.127386,-0.095200,-0.321479,-0.028821,-0.093472,-0.320203,0.015156,-0.102934,-0.298102,-0.042193,-0.115781,-0.245671,-0.071531,-0.080355,-0.293845
2026-05-26 18:24:51.813,147.399859,0.000000,0.000000,0.000000,0.069955,-0.090744,-0.319016,-0.127465,-0.094187,-0.321573,-0.028755,-0.092465,-0.320294,0.015089,-0.103434,-0.298073,-0.042960,-0.116746,-0.245677,-0.071527,-0.081951,-0.293023
2026-05-26 18:24:51.913,147.499859,0.000000,0.000000,0.000000,0.069744,-0.091744,-0.318927,-0.127386,-0.095200,-0.321479,-0.028821,-0.093472,-0.320203,0.015023,-0.103934,-0.298043,-0.042193,-0.115781,-0.245671,-0.071244,-0.005525,-0.297644
2026-05-26 18:24:52.013,147.599859,0.000000,0.000000,0.000000,0.069955,-0.090744,-0.319016,-0.127465,-0.094187,-0.321573,-0.028755,-0.092465,-0.320294,0.015156,-0.102934,-0.298102,-0.042193,-0.115781,-0.245671,-0.071519,-0.079943,-0.293123
2026-05-26 18:24:52.113,147.699859,0.000000,0.000000,0.000000,0.069744,-0.091744,-0.318927,-0.127386,-0.095200,-0.321479,-0.028821,-0.093472,-0.320203,0.015023,-0.103934,-0.298043,-0.042203,-0.115695,-0.246387,-0.071246,-0.006028,-0.297618
2026-05-26 18:24:52.213,147.799859,0.000000,0.000000,0.000000,0.069744,-0.091744,-0.318927,-0.126736,-0.094216,-0.321586,-0.028496,-0.092980,-0.320257,0.015156,-0.102934,-0.298102,-0.040612,-0.112769,-0.246358,0.470024,0.270367,-0.338780
2026-05-26 18:24:52.313,147.899859,0.000000,0.000000,0.000000,0.069744,-0.091744,-0.318927,-0.127386,-0.095200,-0.321479,-0.028821,-0.093472,-0.320203,0.015751,-0.103963,-0.298057,-0.040054,-0.115694,-0.247143,-0.070892,-0.096695,-0.295205
2026-05-26 18:24:52.413,147.999859,0.000000,0.000000,0.000000,0.069744,-0.091744,-0.318927,-0.127386,-0.095200,-0.321479,-0.028821,-0.093472,-0.320203,0.015751,-0.103963,-0.298057,-0.038570,-0.114671,-0.247870,-0.072073,-0.004488,-0.297679
2026-05-26 18:24:52.513,148.099859,0.000000,0.000000,0.000000,0.069744,-0.091744,-0.318927,-0.127386,-0.095200,-0.321479,-0.028821,-0.093472,-0.320203,0.015751,-0.103963,-0.298057,-0.038668,-0.116745,-0.247188,1.367451,1.246904,-0.066448
2026-05-26 18:24:52.613,148.199859,0.000000,0.000000,0.000000,0.069955,-0.090744,-0.319016,-0.127465,-0.094187,-0.321573,-0.028755,-0.092465,-0.320294,0.015751,-0.103963,-0.298057,-0.038059,-0.118762,-0.247236,-0.071635,-0.096579,-0.295920
2026-05-26 18:24:52.713,148.299859,0.000000,0.000000,0.000000,0.069955,-0.090744,-0.319016,-0.127386,-0.095200,-0.321479,-0.028715,-0.092972,-0.320247,0.015751,-0.103963,-0.298057,-0.038004,-0.117768,-0.247219,-0.072918,-0.004356,-0.298493
2026-05-26 18:24:52.813,148.399858,0.000000,0.000000,0.000000,0.069744,-0.091744,-0.318927,-0.127465,-0.094187,-0.321573,-0.028861,-0.092965,-0.320250,0.016480,-0.103991,-0.298070,-0.038059,-0.118762,-0.247236,-0.072988,-0.046551,-0.296307
2026-05-26 18:24:52.913,148.499858,0.000000,0.000000,0.000000,0.069744,-0.091744,-0.318927,-0.127465,-0.094187,-0.321573,-0.028861,-0.092965,-0.320250,0.015751,-0.103963,-0.298057,-0.038059,-0.118762,-0.247236,-0.073061,-0.091258,-0.293992
2026-05-26 18:24:53.013,148.599858,0.000000,0.000000,0.000000,0.069744,-0.091744,-0.318927,-0.126657,-0.095229,-0.321492,-0.028457,-0.093486,-0.320210,0.016344,-0.104991,-0.298012,-0.038114,-0.119756,-0.247254,0.927195,1.109675,0.015802
2026-05-26 18:24:53.113,148.699858,0.000000,0.000000,0.000000,0.069734,-0.091655,-0.319665,-0.126657,-0.095229,-0.321492,-0.028462,-0.093442,-0.320579,0.016480,-0.103991,-0.298070,-0.038059,-0.118762,-0.247236,0.801714,0.555619,0.167574
2026-05-26 18:24:53.213,148.799858,0.000000,0.000000,0.000000,0.069744,-0.091744,-0.318927,-0.126657,-0.095229,-0.321492,-0.028457,-0.093486,-0.320210,0.016480,-0.103991,-0.298070,-0.038114,-0.119756,-0.247254,-0.072920,-0.005360,-0.298440
2026-05-26 18:24:53.313,148.899858,0.000000,0.000000,0.000000,0.069955,-0.090744,-0.319016,-0.126657,-0.095229,-0.321492,-0.028351,-0.092986,-0.320254,0.016480,-0.103991,-0.298070,-0.038169,-0.120750,-0.247271,-0.072920,-0.005360,-0.298440
2026-05-26 18:24:53.413,148.999858,0.000000,0.000000,0.000000,0.069955,-0.090744,-0.319016,-0.127386,-0.095200,-0.321479,-0.028715,-0.092972,-0.320247,0.016480,-0.103991,-0.298070,-0.038059,-0.118762,-0.247236,-0.072120,-0.004091,-0.300994
2026-05-26 18:24:53.513,149.099858,0.000000,0.000000,0.000000,0.069533,-0.092744,-0.318839,-0.126657,-0.095229,-0.321492,-0.028562,-0.093986,-0.320166,0.016480,-0.103991,-0.298070,-0.038059,-0.118762,-0.247236,-0.072355,-0.091525,-0.296183
2026-05-26 18:24:53.613,149.199858,0.000000,0.000000,0.000000,0.069955,-0.090744,-0.319016,-0.127465,-0.094187,-0.321573,-0.028755,-0.092465,-0.320294,0.015617,-0.104963,-0.297998,-0.038059,-0.118762,-0.247236,-0.072124,-0.005598,-0.300911
2026-05-26 18:24:53.713,149.299858,0.000000,0.000000,0.000000,0.069744,-0.091744,-0.318927,-0.127465,-0.094187,-0.321573,-0.028861,-0.092965,-0.320250,0.016412,-0.104491,-0.298041,-0.038059,-0.118762,-0.247236,-0.072918,-0.004356,-0.298493
2026-05-26 18:24:53.813,149.399858,0.000000,0.000000,0.000000,0.069955,-0.090744,-0.319016,-0.127386,-0.095200,-0.321479,-0.028715,-0.092972,-0.320247,0.016412,-0.104491,-0.298041,-0.038059,-0.118762,-0.247236,0.878863,0.781905,0.420080
2026-05-26 18:24:53.913,149.499857,0.000000,0.000000,0.000000,0.069955,-0.090744,-0.319016,-0.127386,-0.095200,-0.321479,-0.028715,-0.092972,-0.320247,0.016480,-0.103991,-0.298070,-0.038104,-0.119841,-0.246542,-0.072357,-0.092530,-0.296128
2026-05-26 18:24:54.013,149.599857,0.000000,0.000000,0.000000,0.069744,-0.091744,-0.318927,-0.127465,-0.094187,-0.321573,-0.028861,-0.092965,-0.320250,0.015751,-0.103963,-0.298057,-0.038159,-0.120835,-0.246560,1.010748,1.262303,0.038031
2026-05-26 18:24:54.113,149.699857,0.000000,0.000000,0.000000,0.069955,-0.090744,-0.319016,-0.126736,-0.094216,-0.321586,-0.028390,-0.092480,-0.320301,0.016480,-0.103991,-0.298070,-0.037994,-0.117853,-0.246505,0.809415,0.567516,0.169783
2026-05-26 18:24:54.213,149.799857,0.000000,0.000000,0.000000,0.069744,-0.091744,-0.318927,-0.127386,-0.095200,-0.321479,-0.028821,-0.093472,-0.320203,0.016480,-0.103991,-0.298070,-0.038114,-0.119756,-0.247254,-0.072918,-0.004356,-0.298493
2026-05-26 18:24:54.313,149.899857,0.000000,0.000000,0.000000,0.069744,-0.091744,-0.318927,-0.126657,-0.095229,-0.321492,-0.028457,-0.093486,-0.320210,0.015617,-0.104963,-0.297998,-0.038104,-0.119841,-0.246542,0.480002,0.047968,-0.034683
2026-05-26 18:24:54.413,149.999857,0.000000,0.000000,0.000000,0.069955,-0.090744,-0.319016,-0.127386,-0.095200,-0.321479,-0.028715,-0.092972,-0.320247,0.016480,-0.103991,-0.298070,-0.038004,-0.117768,-0.247219,0.719257,0.791771,0.033083
2026-05-26 18:24:54.513,150.099857,0.000000,0.000000,0.000000,0.070167,-0.089743,-0.319104,-0.126736,-0.094216,-0.321586,-0.028284,-0.091980,-0.320345,0.016480,-0.103991,-0.298070,-0.038104,-0.119841,-0.246542,-0.072352,-0.090520,-0.296238
2026-05-26 18:24:54.613,150.199857,0.000000,0.000000,0.000000,0.069734,-0.091655,-0.319665,-0.126657,-0.095229,-0.321492,-0.028462,-0.093442,-0.320579,0.015886,-0.102963,-0.298116,-0.038104,-0.119841,-0.246542,-0.072916,-0.003351,-0.298545
2026-05-26 18:24:54.713,150.299857,0.000000,0.000000,0.000000,0.069955,-0.090744,-0.319016,-0.127386,-0.095200,-0.321479,-0.028715,-0.092972,-0.320247,0.015751,-0.103963,-0.298057,-0.038004,-0.117768,-0.247219,-0.072117,-0.003086,-0.301050
2026-05-26 18:24:54.813,150.399857,0.000000,0.000000,0.000000,0.069955,-0.090744,-0.319016,-0.127386,-0.095200,-0.321479,-0.028715,-0.092972,-0.320247,0.015741,-0.103876,-0.298782,-0.038059,-0.118762,-0.247236,0.819442,0.526207,0.173566
2026-05-26 18:24:54.913,150.499856,0.000000,0.000000,0.000000,0.069744,-0.091744,-0.318927,-0.127386,-0.095200,-0.321479,-0.028821,-0.093472,-0.320203,0.016480,-0.103991,-0.298070,-0.038214,-0.121829,-0.246579,0.464268,-0.005762,-0.231742
2026-05-26 18:24:55.013,150.599856,0.000000,0.000000,0.000000,0.069955,-0.090744,-0.319016,-0.127306,-0.096213,-0.321385,-0.028675,-0.093478,-0.320200,0.015751,-0.103963,-0.298057,-0.038059,-0.118762,-0.247236,-0.072916,-0.003351,-0.298545
2026-05-26 18:24:55.113,150.699856,0.000000,0.000000,0.000000,0.069955,-0.090744,-0.319016,-0.127465,-0.094187,-0.321573,-0.028755,-0.092465,-0.320294,0.015751,-0.103963,-0.298057,-0.038059,-0.118762,-0.247236,-0.072915,-0.002346,-0.298597
2026-05-26 18:24:55.213,150.799856,0.000000,0.000000,0.000000,0.069744,-0.091744,-0.318927,-0.127465,-0.094187,-0.321573,-0.028861,-0.092965,-0.320250,0.016480,-0.103991,-0.298070,-0.038059,-0.118762,-0.247236,-0.072920,-0.005360,-0.298440
2026-05-26 18:24:55.313,150.899856,0.000000,0.000000,0.000000,0.069955,-0.090744,-0.319016,-0.127465,-0.094187,-0.321573,-0.028755,-0.092465,-0.320294,0.015751,-0.103963,-0.298057,-0.038049,-0.118847,-0.246523,-0.302386,-0.045544,-0.366873
2026-05-26 18:24:55.413,150.999856,0.000000,0.000000,0.000000,0.069955,-0.090744,-0.319016,-0.127306,-0.096213,-0.321385,-0.028675,-0.093478,-0.320200,0.016480,-0.103991,-0.298070,-0.038104,-0.119841,-0.246542,-0.265384,0.007309,-0.195017
2026-05-26 18:24:55.513,151.099856,0.000000,0.000000,0.000000,0.069744,-0.091744,-0.318927,-0.127465,-0.094187,-0.321573,-0.028861,-0.092965,-0.320250,0.016480,-0.103991,-0.298070,-0.038049,-0.118847,-0.246523,-0.072918,-0.004356,-0.298493
2026-05-26 18:24:55.613,151.199856,0.000000,0.000000,0.000000,0.070167,-0.089743,-0.319104,-0.126657,-0.095229,-0.321492,-0.028245,-0.092486,-0.320298,0.016480,-0.103991,-0.298070,-0.038059,-0.118762,-0.247236,-0.072356,-0.092028,-0.296155
2026-05-26 18:24:55.713,151.299856,0.000000,0.000000,0.000000,0.069533,-0.092744,-0.318839,-0.127386,-0.095200,-0.321479,-0.028927,-0.093972,-0.320159,0.016480,-0.103991,-0.298070,-0.038059,-0.118762,-0.247236,-0.072918,-0.004356,-0.298493
2026-05-26 18:24:55.813,151.399856,0.000000,0.000000,0.000000,0.069744,-0.091744,-0.318927,-0.127386,-0.095200,-0.321479,-0.028821,-0.093472,-0.320203,0.015751,-0.103963,-0.298057,-0.037994,-0.117853,-0.246505,-0.072915,-0.002346,-0.298597
2026-05-26 18:24:55.913,151.499856,0.000000,0.000000,0.000000,0.069955,-0.090744,-0.319016,-0.127386,-0.095200,-0.321479,-0.028715,-0.092972,-0.320247,0.016480,-0.103991,-0.298070,-0.038049,-0.118847,-0.246523,0.996303,1.279738,-0.115692
2026-05-26 18:24:56.013,151.599855,0.000000,0.000000,0.000000,0.069955,-0.090744,-0.319016,-0.127386,-0.095200,-0.321479,-0.028715,-0.092972,-0.320247,0.016480,-0.103991,-0.298070,-0.038049,-0.118847,-0.246523,-0.072125,-0.006101,-0.300884
2026-05-26 18:24:56.113,151.699855,0.000000,0.000000,0.000000,0.069744,-0.091744,-0.318927,-0.127306,-0.096213,-0.321385,-0.028781,-0.093978,-0.320156,0.016480,-0.103991,-0.298070,-0.037994,-0.117853,-0.246505,-0.072920,-0.005360,-0.298440
2026-05-26 18:24:56.213,151.799855,0.000000,0.000000,0.000000,0.069744,-0.091744,-0.318927,-0.126736,-0.094216,-0.321586,-0.028496,-0.092980,-0.320257,0.016480,-0.103991,-0.298070,-0.038049,-0.118847,-0.246523,-0.072918,-0.004356,-0.298493
2026-05-26 18:24:56.313,151.899855,0.000000,0.000000,0.000000,0.069744,-0.091744,-0.318927,-0.126736,-0.094216,-0.321586,-0.028496,-0.092980,-0.320257,0.015617,-0.104963,-0.297998,-0.038114,-0.119756,-0.247254,-0.072920,-0.005360,-0.298440
2026-05-26 18:24:56.413,151.999855,0.000000,0.000000,0.000000,0.069533,-0.092744,-0.318839,-0.127386,-0.095200,-0.321479,-0.028927,-0.093972,-0.320159,0.016480,-0.103991,-0.298070,-0.038104,-0.119841,-0.246542,-0.072918,-0.004356,-0.298493
2026-05-26 18:24:56.513,152.099855,0.000000,0.000000,0.000000,0.069744,-0.091744,-0.318927,-0.126657,-0.095229,-0.321492,-0.028457,-0.093486,-0.320210,0.016480,-0.103991,-0.298070,-0.038114,-0.119756,-0.247254,-0.072986,-0.045546,-0.296359
2026-05-26 18:24:56.613,152.199855,0.000000,0.000000,0.000000,0.069744,-0.091744,-0.318927,-0.126657,-0.095229,-0.321492,-0.028457,-0.093486,-0.320210,0.015751,-0.103963,-0.298057,-0.038059,-0.118762,-0.247236,-0.073052,-0.085732,-0.294278
2026-05-26 18:24:56.713,152.299855,0.000000,0.000000,0.000000,0.069955,-0.090744,-0.319016,-0.127465,-0.094187,-0.321573,-0.028755,-0.092465,-0.320294,0.015751,-0.103963,-0.298057,-0.038049,-0.118847,-0.246523,0.804142,0.559736,0.165696
2026-05-26 18:24:56.813,152.399855,0.000000,0.000000,0.000000,0.069955,-0.090744,-0.319016,-0.127386,-0.095200,-0.321479,-0.028715,-0.092972,-0.320247,0.015751,-0.103963,-0.298057,-0.038049,-0.118847,-0.246523,-0.072915,-0.002346,-0.298597
2026-05-26 18:24:56.913,152.499855,0.000000,0.000000,0.000000,0.069744,-0.091744,-0.318927,-0.126657,-0.095229,-0.321492,-0.028457,-0.093486,-0.320210,0.015751,-0.103963,-0.298057,-0.038104,-0.119841,-0.246542,-0.072918,-0.004356,-0.298493
2026-05-26 18:24:57.013,152.599854,0.000000,0.000000,0.000000,0.069744,-0.091744,-0.318927,-0.127386,-0.095200,-0.321479,-0.028821,-0.093472,-0.320203,0.016480,-0.103991,-0.298070,-0.038059,-0.118762,-0.247236,-0.072913,-0.001342,-0.298649
2026-05-26 18:24:57.113,152.699854,0.000000,0.000000,0.000000,0.069744,-0.091744,-0.318927,-0.127465,-0.094187,-0.321573,-0.028861,-0.092965,-0.320250,0.016615,-0.102992,-0.298129,-0.038049,-0.118847,-0.246523,-0.072920,-0.005360,-0.298440
2026-05-26 18:24:57.213,152.799854,0.000000,0.000000,0.000000,0.069744,-0.091744,-0.318927,-0.126657,-0.095229,-0.321492,-0.028457,-0.093486,-0.320210,0.016480,-0.103991,-0.298070,-0.038049,-0.118847,-0.246523,-0.072920,-0.005360,-0.298440
2026-05-26 18:24:57.313,152.899854,0.000000,0.000000,0.000000,0.069955,-0.090744,-0.319016,-0.127386,-0.095200,-0.321479,-0.028715,-0.092972,-0.320247,0.016480,-0.103991,-0.298070,-0.038049,-0.118847,-0.246523,0.873740,0.462946,0.107310
2026-05-26 18:24:57.413,152.999854,0.000000,0.000000,0.000000,0.069955,-0.090744,-0.319016,-0.127465,-0.094187,-0.321573,-0.028755,-0.092465,-0.320294,0.015751,-0.103963,-0.298057,-0.038049,-0.118847,-0.246523,-0.072921,-0.006365,-0.298388
2026-05-26 18:24:57.513,153.099854,0.000000,0.000000,0.000000,0.069955,-0.090744,-0.319016,-0.127386,-0.095200,-0.321479,-0.028715,-0.092972,-0.320247,0.015751,-0.103963,-0.298057,-0.038104,-0.119841,-0.246542,-0.072355,-0.091525,-0.296183
2026-05-26 18:24:57.613,153.199854,0.000000,0.000000,0.000000,0.069744,-0.091744,-0.318927,-0.127465,-0.094187,-0.321573,-0.028861,-0.092965,-0.320250,0.016480,-0.103991,-0.298070,-0.038059,-0.118762,-0.247236,-0.072363,-0.094540,-0.296017
2026-05-26 18:24:57.713,153.299854,0.000000,0.000000,0.000000,0.069744,-0.091744,-0.318927,-0.126736,-0.094216,-0.321586,-0.028496,-0.092980,-0.320257,0.016480,-0.103991,-0.298070,-0.038104,-0.119841,-0.246542,-0.072365,-0.095545,-0.295962
2026-05-26 18:24:57.813,153.399854,0.000000,0.000000,0.000000,0.069955,-0.090744,-0.319016,-0.127465,-0.094187,-0.321573,-0.028755,-0.092465,-0.320294,0.015751,-0.103963,-0.298057,-0.038104,-0.119841,-0.246542,0.832659,1.279574,-0.031963
2026-05-26 18:24:57.913,153.499854,0.000000,0.000000,0.000000,0.069955,-0.090744,-0.319016,-0.127386,-0.095200,-0.321479,-0.028715,-0.092972,-0.320247,0.015751,-0.103963,-0.298057,-0.038077,-0.119344,-0.246533,-0.072918,-0.004356,-0.298493
2026-05-26 18:24:58.013,153.599854,0.000000,0.000000,0.000000,0.069744,-0.091744,-0.318927,-0.127386,-0.095200,-0.321479,-0.028821,-0.093472,-0.320203,0.015751,-0.103963,-0.298057,-0.038049,-0.118847,-0.246523,-0.072916,-0.003351,-0.298545
2026-05-26 18:24:58.113,153.699853,0.000000,0.000000,0.000000,0.069955,-0.090744,-0.319016,-0.126657,-0.095229,-0.321492,-0.028351,-0.092986,-0.320254,0.016480,-0.103991,-0.298070,-0.038049,-0.118847,-0.246523,-0.072918,-0.004356,-0.298493
2026-05-26 18:24:58.213,153.799853,0.000000,0.000000,0.000000,0.069744,-0.091744,-0.318927,-0.126736,-0.094216,-0.321586,-0.028496,-0.092980,-0.320257,0.016480,-0.103991,-0.298070,-0.037343,-0.118790,-0.247249,1.003344,1.266703,0.003719
2026-05-26 18:24:58.313,153.899853,0.000000,0.000000,0.000000,0.069744,-0.091744,-0.318927,-0.126657,-0.095229,-0.321492,-0.028457,-0.093486,-0.320210,0.015751,-0.103963,-0.298057,-0.037287,-0.117796,-0.247232,-0.072916,-0.003351,-0.298545
2026-05-26 18:24:58.413,153.999853,0.000000,0.000000,0.000000,0.069955,-0.090744,-0.319016,-0.127386,-0.095200,-0.321479,-0.028715,-0.092972,-0.320247,0.015751,-0.103963,-0.298057,-0.036579,-0.117739,-0.247959,-0.072088,-0.005393,-0.298456
2026-05-26 18:24:58.513,154.099853,0.000000,0.000000,0.000000,0.069744,-0.091744,-0.318927,-0.127386,-0.095200,-0.321479,-0.028821,-0.093472,-0.320203,0.015023,-0.103934,-0.298043,-0.035862,-0.117767,-0.247973,-0.072080,-0.002379,-0.298612
2026-05-26 18:24:58.613,154.199853,0.000000,0.000000,0.000000,0.069744,-0.091744,-0.318927,-0.127386,-0.095200,-0.321479,-0.028821,-0.093472,-0.320203,0.015146,-0.102847,-0.298828,-0.035813,-0.116687,-0.248671,0.959344,1.009654,0.449799
2026-05-26 18:24:58.713,154.299853,0.000000,0.000000,0.000000,0.069522,-0.092656,-0.319576,-0.127465,-0.094187,-0.321573,-0.028971,-0.093421,-0.320574,0.015156,-0.102934,-0.298102,-0.035036,-0.115722,-0.248670,-0.072099,-0.005294,-0.299284
2026-05-26 18:24:58.813,154.399853,0.000000,0.000000,0.000000,0.069744,-0.091744,-0.318927,-0.127306,-0.096213,-0.321385,-0.028781,-0.093978,-0.320156,0.015156,-0.102934,-0.298102,-0.034976,-0.114727,-0.248655,-0.072094,-0.003285,-0.299390
2026-05-26 18:24:58.913,154.499853,0.000000,0.000000,0.000000,0.069744,-0.091744,-0.318927,-0.126736,-0.094216,-0.321586,-0.028496,-0.092980,-0.320257,0.015289,-0.101934,-0.298161,-0.034386,-0.116659,-0.249413,-0.071267,-0.005327,-0.299299
2026-05-26 18:24:59.013,154.599853,0.000000,0.000000,0.000000,0.069744,-0.091744,-0.318927,-0.127386,-0.095200,-0.321479,-0.028821,-0.093472,-0.320203,0.015289,-0.101934,-0.298161,-0.034265,-0.114670,-0.249385,-0.071562,-0.082688,-0.295206
2026-05-26 18:24:59.113,154.699852,0.000000,0.000000,0.000000,0.069744,-0.091744,-0.318927,-0.127465,-0.094187,-0.321573,-0.028861,-0.092965,-0.320250,0.015423,-0.100934,-0.298220,-0.033606,-0.115693,-0.249413,-0.071565,-0.083693,-0.295153
2026-05-26 18:24:59.213,154.799852,0.000000,0.000000,0.000000,0.069744,-0.091744,-0.318927,-0.126579,-0.096242,-0.321398,-0.028417,-0.093993,-0.320163,0.014559,-0.101905,-0.298147,-0.032886,-0.115721,-0.249426,-0.071565,-0.083693,-0.295153
2026-05-26 18:24:59.313,154.899852,0.000000,0.000000,0.000000,0.069955,-0.090744,-0.319016,-0.127386,-0.095200,-0.321479,-0.028715,-0.092972,-0.320247,0.014691,-0.100905,-0.298206,-0.032865,-0.115138,-0.250136,-0.071418,-0.045012,-0.297200
2026-05-26 18:24:59.413,154.999852,0.000000,0.000000,0.000000,0.069955,-0.090744,-0.319016,-0.127306,-0.096213,-0.321385,-0.028675,-0.093478,-0.320200,0.014681,-0.100818,-0.298934,-0.032699,-0.112738,-0.249384,-0.071565,-0.083693,-0.295153
2026-05-26 18:24:59.513,155.099852,0.000000,0.000000,0.000000,0.069744,-0.091744,-0.318927,-0.126736,-0.094216,-0.321586,-0.028496,-0.092980,-0.320257,0.014681,-0.100818,-0.298934,-0.032636,-0.111744,-0.249370,-0.071572,-0.082599,-0.295950
2026-05-26 18:24:59.613,155.199852,0.000000,0.000000,0.000000,0.069955,-0.090744,-0.319016,-0.127306,-0.096213,-0.321385,-0.028675,-0.093478,-0.320200,0.015423,-0.100934,-0.298220,-0.032699,-0.112738,-0.249384,-0.071569,-0.084697,-0.295100
2026-05-26 18:24:59.713,155.299852,0.000000,0.000000,0.000000,0.069744,-0.091744,-0.318927,-0.126657,-0.095229,-0.321492,-0.028457,-0.093486,-0.320210,0.015289,-0.101934,-0.298161,-0.032824,-0.114727,-0.249412,-0.071565,-0.083693,-0.295153
2026-05-26 18:24:59.813,155.399852,0.000000,0.000000,0.000000,0.069955,-0.090744,-0.319016,-0.127386,-0.095200,-0.321479,-0.028715,-0.092972,-0.320247,0.014691,-0.100905,-0.298206,-0.032771,-0.113647,-0.250116,-0.071267,-0.005327,-0.299299
2026-05-26 18:24:59.913,155.499852,0.000000,0.000000,0.000000,0.069955,-0.090744,-0.319016,-0.127465,-0.094187,-0.321573,-0.028755,-0.092465,-0.320294,0.014681,-0.100818,-0.298934,-0.032824,-0.114727,-0.249412,-0.071569,-0.084697,-0.295100
2026-05-26 18:25:00.013,155.599852,0.000000,0.000000,0.000000,0.069955,-0.090744,-0.319016,-0.126657,-0.095229,-0.321492,-0.028351,-0.092986,-0.320254,0.015556,-0.099934,-0.298279,-0.032824,-0.114727,-0.249412,-0.071565,-0.083693,-0.295153
2026-05-26 18:25:00.113,155.699852,0.000000,0.000000,0.000000,0.069744,-0.091744,-0.318927,-0.127465,-0.094187,-0.321573,-0.028861,-0.092965,-0.320250,0.014549,-0.101818,-0.298874,-0.032824,-0.114727,-0.249412,-0.071576,-0.083604,-0.295896
2026-05-26 18:25:00.213,155.799851,0.000000,0.000000,0.000000,0.069744,-0.091744,-0.318927,-0.127465,-0.094187,-0.321573,-0.028861,-0.092965,-0.320250,0.014691,-0.100905,-0.298206,-0.032761,-0.113733,-0.249398,-0.071565,-0.083693,-0.295153
2026-05-26 18:25:00.313,155.899851,0.000000,0.000000,0.000000,0.069955,-0.090744,-0.319016,-0.127386,-0.095200,-0.321479,-0.028715,-0.092972,-0.320247,0.014681,-0.100818,-0.298934,-0.032824,-0.114727,-0.249412,-0.071267,-0.005327,-0.299299
2026-05-26 18:25:00.413,155.999851,0.000000,0.000000,0.000000,0.069013,-0.091803,-0.318176,-0.127386,-0.095200,-0.321479,-0.029186,-0.093502,-0.319827,0.014681,-0.100818,-0.298934,-0.033483,-0.113704,-0.249385,-0.071260,-0.003318,-0.299406
2026-05-26 18:25:00.513,156.099851,0.000000,0.000000,0.000000,0.069955,-0.090744,-0.319016,-0.127465,-0.094187,-0.321573,-0.028755,-0.092465,-0.320294,0.015423,-0.100934,-0.298220,-0.032793,-0.114230,-0.249405,-0.071565,-0.083693,-0.295153
2026-05-26 18:25:00.613,156.199851,0.000000,0.000000,0.000000,0.069734,-0.091655,-0.319665,-0.127386,-0.095200,-0.321479,-0.028826,-0.093428,-0.320572,0.015423,-0.100934,-0.298220,-0.032824,-0.114727,-0.249412,-0.071572,-0.082599,-0.295950
2026-05-26 18:25:00.713,156.299851,0.000000,0.000000,0.000000,0.069955,-0.090744,-0.319016,-0.127465,-0.094187,-0.321573,-0.028755,-0.092465,-0.320294,0.014549,-0.101818,-0.298874,-0.032761,-0.113733,-0.249398,-0.071565,-0.083693,-0.295153
2026-05-26 18:25:00.813,156.399851,0.000000,0.000000,0.000000,0.069744,-0.091744,-0.318927,-0.126736,-0.094216,-0.321586,-0.028496,-0.092980,-0.320257,0.015423,-0.100934,-0.298220,-0.032824,-0.114727,-0.249412,-0.071569,-0.084697,-0.295100
2026-05-26 18:25:00.913,156.499851,0.000000,0.000000,0.000000,0.069744,-0.091744,-0.318927,-0.126736,-0.094216,-0.321586,-0.028496,-0.092980,-0.320257,0.015279,-0.101847,-0.298888,-0.032761,-0.113733,-0.249398,-0.071565,-0.083693,-0.295153
2026-05-26 18:25:01.013,156.599851,0.000000,0.000000,0.000000,0.069744,-0.091744,-0.318927,-0.126736,-0.094216,-0.321586,-0.028496,-0.092980,-0.320257,0.015289,-0.101934,-0.298161,-0.032824,-0.114727,-0.249412,-0.071558,-0.081683,-0.295259
2026-05-26 18:25:01.113,156.699851,0.000000,0.000000,0.000000,0.069744,-0.091744,-0.318927,-0.127386,-0.095200,-0.321479,-0.028821,-0.093472,-0.320203,0.014681,-0.100818,-0.298934,-0.032855,-0.115224,-0.249419,-0.071562,-0.082688,-0.295206
2026-05-26 18:25:01.213,156.799850,0.000000,0.000000,0.000000,0.069955,-0.090744,-0.319016,-0.126657,-0.095229,-0.321492,-0.028351,-0.092986,-0.320254,0.014559,-0.101905,-0.298147,-0.032824,-0.114727,-0.249412,-0.071565,-0.083693,-0.295153
2026-05-26 18:25:01.313,156.899850,0.000000,0.000000,0.000000,0.069744,-0.091744,-0.318927,-0.127386,-0.095200,-0.321479,-0.028821,-0.093472,-0.320203,0.014681,-0.100818,-0.298934,-0.032949,-0.116715,-0.249440,-0.071562,-0.082688,-0.295206
2026-05-26 18:25:01.413,156.999850,0.000000,0.000000,0.000000,0.070167,-0.089743,-0.319104,-0.126657,-0.095229,-0.321492,-0.028245,-0.092486,-0.320298,0.014549,-0.101818,-0.298874,-0.032824,-0.114727,-0.249412,-0.071565,-0.083693,-0.295153
2026-05-26 18:25:01.513,157.099850,0.000000,0.000000,0.000000,0.069955,-0.090744,-0.319016,-0.127465,-0.094187,-0.321573,-0.028755,-0.092465,-0.320294,0.014681,-0.100818,-0.298934,-0.033606,-0.115693,-0.249413,-0.071565,-0.083693,-0.295153
2026-05-26 18:25:01.613,157.199850,0.000000,0.000000,0.000000,0.069955,-0.090744,-0.319016,-0.127465,-0.094187,-0.321573,-0.028755,-0.092465,-0.320294,0.014549,-0.101818,-0.298874,-0.033606,-0.115693,-0.249413,-0.071565,-0.083693,-0.295153
2026-05-26 18:25:01.713,157.299850,0.000000,0.000000,0.000000,0.069955,-0.090744,-0.319016,-0.127386,-0.095200,-0.321479,-0.028715,-0.092972,-0.320247,0.014681,-0.100818,-0.298934,-0.033545,-0.114698,-0.249399,-0.071565,-0.083693,-0.295153
2026-05-26 18:25:01.813,157.399850,0.000000,0.000000,0.000000,0.069955,-0.090744,-0.319016,-0.127465,-0.094187,-0.321573,-0.028755,-0.092465,-0.320294,0.015413,-0.100847,-0.298948,-0.033545,-0.114698,-0.249399,-0.071565,-0.083693,-0.295153
2026-05-26 18:25:01.913,157.499850,0.000000,0.000000,0.000000,0.069744,-0.091744,-0.318927,-0.126657,-0.095229,-0.321492,-0.028457,-0.093486,-0.320210,0.015423,-0.100934,-0.298220,-0.033483,-0.113704,-0.249385,-0.071569,-0.084697,-0.295100
2026-05-26 18:25:02.013,157.599850,0.000000,0.000000,0.000000,0.069955,-0.090744,-0.319016,-0.127386,-0.095200,-0.321479,-0.028715,-0.092972,-0.320247,0.015556,-0.099934,-0.298279,-0.033606,-0.115693,-0.249413,-0.071562,-0.082688,-0.295206
2026-05-26 18:25:02.113,157.699850,0.000000,0.000000,0.000000,0.069955,-0.090744,-0.319016,-0.126814,-0.093203,-0.321680,-0.028429,-0.091973,-0.320348,0.015556,-0.099934,-0.298279,-0.033483,-0.113704,-0.249385,-0.071565,-0.083693,-0.295153
2026-05-26 18:25:02.213,157.799850,0.000000,0.000000,0.000000,0.069744,-0.091744,-0.318927,-0.126736,-0.094216,-0.321586,-0.028496,-0.092980,-0.320257,0.015423,-0.100934,-0.298220,-0.033606,-0.115693,-0.249413,-0.071562,-0.082688,-0.295206
2026-05-26 18:25:02.313,157.899849,0.000000,0.000000,0.000000,0.069945,-0.090655,-0.319755,-0.127545,-0.093174,-0.321666,-0.028800,-0.091915,-0.320711,0.014691,-0.100905,-0.298206,-0.033483,-0.113704,-0.249385,-0.071565,-0.083693,-0.295153
2026-05-26 18:25:02.413,157.999849,0.000000,0.000000,0.000000,0.069744,-0.091744,-0.318927,-0.127386,-0.095200,-0.321479,-0.028821,-0.093472,-0.320203,0.014681,-0.100818,-0.298934,-0.033606,-0.115693,-0.249413,-0.071567,-0.084195,-0.295126
2026-05-26 18:25:02.513,158.099849,0.000000,0.000000,0.000000,0.069955,-0.090744,-0.319016,-0.127465,-0.094187,-0.321573,-0.028755,-0.092465,-0.320294,0.015423,-0.100934,-0.298220,-0.033606,-0.115693,-0.249413,-0.071576,-0.083604,-0.295896
2026-05-26 18:25:02.613,158.199849,0.000000,0.000000,0.000000,0.069744,-0.091744,-0.318927,-0.127465,-0.094187,-0.321573,-0.028861,-0.092965,-0.320250,0.015423,-0.100934,-0.298220,-0.033667,-0.116687,-0.249427,-0.071565,-0.083693,-0.295153
2026-05-26 18:25:02.713,158.299849,0.000000,0.000000,0.000000,0.069744,-0.091744,-0.318927,-0.126657,-0.095229,-0.321492,-0.028457,-0.093486,-0.320210,0.015546,-0.099847,-0.299008,-0.032824,-0.114727,-0.249412,-0.071562,-0.082688,-0.295206
2026-05-26 18:25:02.813,158.399849,0.000000,0.000000,0.000000,0.069955,-0.090744,-0.319016,-0.126736,-0.094216,-0.321586,-0.028390,-0.092480,-0.320301,0.014559,-0.101905,-0.298147,-0.033606,-0.115693,-0.249413,-0.071565,-0.083693,-0.295153
2026-05-26 18:25:02.913,158.499849,0.000000,0.000000,0.000000,0.069955,-0.090744,-0.319016,-0.126736,-0.094216,-0.321586,-0.028390,-0.092480,-0.320301,0.014681,-0.100818,-0.298934,-0.033483,-0.113704,-0.249385,-0.071267,-0.005327,-0.299299
2026-05-26 18:25:03.013,158.599849,0.000000,0.000000,0.000000,0.069744,-0.091744,-0.318927,-0.127386,-0.095200,-0.321479,-0.028821,-0.093472,-0.320203,0.014559,-0.101905,-0.298147,-0.033545,-0.114698,-0.249399,-0.071565,-0.083693,-0.295153
2026-05-26 18:25:03.113,158.699849,0.000000,0.000000,0.000000,0.069744,-0.091744,-0.318927,-0.127465,-0.094187,-0.321573,-0.028861,-0.092965,-0.320250,0.015413,-0.100847,-0.298948,-0.033545,-0.114698,-0.249399,-0.071565,-0.083693,-0.295153
2026-05-26 18:25:03.213,158.799849,0.000000,0.000000,0.000000,0.069744,-0.091744,-0.318927,-0.127386,-0.095200,-0.321479,-0.028821,-0.093472,-0.320203,0.014681,-0.100818,-0.298934,-0.033545,-0.114698,-0.249399,-0.071260,-0.003318,-0.299406
2026-05-26 18:25:03.313,158.899848,0.000000,0.000000,0.000000,0.069744,-0.091744,-0.318927,-0.126657,-0.095229,-0.321492,-0.028457,-0.093486,-0.320210,0.014549,-0.101818,-0.298874,-0.033422,-0.112710,-0.249370,-0.071572,-0.082599,-0.295950
2026-05-26 18:25:03.413,158.999848,0.000000,0.000000,0.000000,0.069744,-0.091744,-0.318927,-0.126657,-0.095229,-0.321492,-0.028457,-0.093486,-0.320210,0.014559,-0.101905,-0.298147,-0.033545,-0.114698,-0.249399,-0.071271,-0.006332,-0.299246
2026-05-26 18:25:03.513,159.099848,0.000000,0.000000,0.000000,0.069955,-0.090744,-0.319016,-0.127386,-0.095200,-0.321479,-0.028715,-0.092972,-0.320247,0.015423,-0.100934,-0.298220,-0.032793,-0.114230,-0.249405,-0.071279,-0.005228,-0.300127
2026-05-26 18:25:03.613,159.199848,0.000000,0.000000,0.000000,0.069744,-0.091744,-0.318927,-0.127465,-0.094187,-0.321573,-0.028861,-0.092965,-0.320250,0.015556,-0.099934,-0.298279,-0.033606,-0.115693,-0.249413,-0.071576,-0.083604,-0.295896
2026-05-26 18:25:03.713,159.299848,0.000000,0.000000,0.000000,0.069744,-0.091744,-0.318927,-0.126657,-0.095229,-0.321492,-0.028457,-0.093486,-0.320210,0.014549,-0.101818,-0.298874,-0.033575,-0.115196,-0.249406,-0.071565,-0.083693,-0.295153
2026-05-26 18:25:03.813,159.399848,0.000000,0.000000,0.000000,0.069744,-0.091744,-0.318927,-0.127386,-0.095200,-0.321479,-0.028821,-0.093472,-0.320203,0.014691,-0.100905,-0.298206,-0.033422,-0.112710,-0.249370,-0.071267,-0.005327,-0.299299
2026-05-26 18:25:03.913,159.499848,0.000000,0.000000,0.000000,0.069744,-0.091744,-0.318927,-0.127465,-0.094187,-0.321573,-0.028861,-0.092965,-0.320250,0.014681,-0.100818,-0.298934,-0.033545,-0.114698,-0.249399,-0.071264,-0.004322,-0.299352
2026-05-26 18:25:04.013,159.599848,0.000000,0.000000,0.000000,0.069744,-0.091744,-0.318927,-0.127545,-0.093174,-0.321666,-0.028900,-0.092459,-0.320297,0.015413,-0.100847,-0.298948,-0.033606,-0.115693,-0.249413,-0.071565,-0.083693,-0.295153
2026-05-26 18:25:04.113,159.699848,0.000000,0.000000,0.000000,0.069744,-0.091744,-0.318927,-0.127386,-0.095200,-0.321479,-0.028821,-0.093472,-0.320203,0.015413,-0.100847,-0.298948,-0.033606,-0.115693,-0.249413,-0.071267,-0.005327,-0.299299
2026-05-26 18:25:04.213,159.799848,0.000000,0.000000,0.000000,0.069744,-0.091744,-0.318927,-0.127386,-0.095200,-0.321479,-0.028821,-0.093472,-0.320203,0.015413,-0.100847,-0.298948,-0.032834,-0.114641,-0.250129,-0.071562,-0.082688,-0.295206
2026-05-26 18:25:04.313,159.899848,0.000000,0.000000,0.000000,0.069744,-0.091744,-0.318927,-0.127306,-0.096213,-0.321385,-0.028781,-0.093978,-0.320156,0.015413,-0.100847,-0.298948,-0.032906,-0.115549,-0.250858,-0.071271,-0.003218,-0.300235
2026-05-26 18:25:04.413,159.999847,0.000000,0.000000,0.000000,0.069744,-0.091744,-0.318927,-0.126736,-0.094216,-0.321586,-0.028496,-0.092980,-0.320257,0.015279,-0.101847,-0.298888,-0.032875,-0.115052,-0.250852,-0.071275,-0.004223,-0.300181
2026-05-26 18:25:04.513,160.099847,0.000000,0.000000,0.000000,0.069955,-0.090744,-0.319016,-0.127386,-0.095200,-0.321479,-0.028715,-0.092972,-0.320247,0.015156,-0.102934,-0.298102,-0.032133,-0.114498,-0.251577,-0.071279,-0.005228,-0.300127
2026-05-26 18:25:04.613,160.199847,0.000000,0.000000,0.000000,0.069744,-0.091744,-0.318927,-0.127465,-0.094187,-0.321573,-0.028861,-0.092965,-0.320250,0.015279,-0.101847,-0.298888,-0.032270,-0.116401,-0.252313,-0.072108,-0.004190,-0.300166
2026-05-26 18:25:04.713,160.299847,0.000000,0.000000,0.000000,0.069955,-0.090744,-0.319016,-0.127386,-0.095200,-0.321479,-0.028715,-0.092972,-0.320247,0.015146,-0.102847,-0.298828,-0.032270,-0.116401,-0.252313,-0.072114,-0.006200,-0.300057
2026-05-26 18:25:04.813,160.399847,0.000000,0.000000,0.000000,0.069955,-0.090744,-0.319016,-0.127465,-0.094187,-0.321573,-0.028755,-0.092465,-0.320294,0.015146,-0.102847,-0.298828,-0.032207,-0.115406,-0.252304,-0.072111,-0.005195,-0.300111
2026-05-26 18:25:04.913,160.499847,0.000000,0.000000,0.000000,0.069955,-0.090744,-0.319016,-0.127465,-0.094187,-0.321573,-0.028755,-0.092465,-0.320294,0.015279,-0.101847,-0.298888,-0.032334,-0.117396,-0.252323,-0.072116,-0.007205,-0.300003
2026-05-26 18:25:05.013,160.599847,0.000000,0.000000,0.000000,0.069955,-0.090744,-0.319016,-0.127465,-0.094187,-0.321573,-0.028755,-0.092465,-0.320294,0.015146,-0.102847,-0.298828,-0.032207,-0.115406,-0.252304,-0.072116,-0.007205,-0.300003
2026-05-26 18:25:05.113,160.699847,0.000000,0.000000,0.000000,0.069744,-0.091744,-0.318927,-0.127386,-0.095200,-0.321479,-0.028821,-0.093472,-0.320203,0.015279,-0.101847,-0.298888,-0.032270,-0.116401,-0.252313,-0.072114,-0.006200,-0.300057
2026-05-26 18:25:05.213,160.799847,0.000000,0.000000,0.000000,0.069945,-0.090655,-0.319755,-0.127465,-0.094187,-0.321573,-0.028760,-0.092421,-0.320664,0.015413,-0.100847,-0.298948,-0.032989,-0.116373,-0.252300,-0.072125,-0.006101,-0.300884
2026-05-26 18:25:05.313,160.899847,0.000000,0.000000,0.000000,0.069955,-0.090744,-0.319016,-0.127465,-0.094187,-0.321573,-0.028755,-0.092465,-0.320294,0.015279,-0.101847,-0.298888,-0.032989,-0.116373,-0.252300,-0.072124,-0.005598,-0.300911
2026-05-26 18:25:05.413,160.999846,0.000000,0.000000,0.000000,0.069744,-0.091744,-0.318927,-0.127465,-0.094187,-0.321573,-0.028861,-0.092965,-0.320250,0.015279,-0.101847,-0.298888,-0.032334,-0.117396,-0.252323,-0.072125,-0.006101,-0.300884
2026-05-26 18:25:05.513,161.099846,0.000000,0.000000,0.000000,0.069744,-0.091744,-0.318927,-0.126657,-0.095229,-0.321492,-0.028457,-0.093486,-0.320210,0.015146,-0.102847,-0.298828,-0.033051,-0.117367,-0.252310,-0.072116,-0.007205,-0.300003
2026-05-26 18:25:05.613,161.199846,0.000000,0.000000,0.000000,0.069945,-0.090655,-0.319755,-0.126736,-0.094216,-0.321586,-0.028395,-0.092435,-0.320670,0.015279,-0.101847,-0.298888,-0.032926,-0.115378,-0.252290,1.007501,1.266744,0.027041
2026-05-26 18:25:05.713,161.299846,0.000000,0.000000,0.000000,0.069744,-0.091744,-0.318927,-0.127545,-0.093174,-0.321666,-0.028900,-0.092459,-0.320297,0.015279,-0.101847,-0.298888,-0.032989,-0.116373,-0.252300,-0.072111,-0.005195,-0.300111
2026-05-26 18:25:05.813,161.399846,0.000000,0.000000,0.000000,0.069744,-0.091744,-0.318927,-0.126736,-0.094216,-0.321586,-0.028496,-0.092980,-0.320257,0.015146,-0.102847,-0.298828,-0.032989,-0.116373,-0.252300,-0.072122,-0.005096,-0.300939
2026-05-26 18:25:05.913,161.499846,0.000000,0.000000,0.000000,0.069955,-0.090744,-0.319016,-0.126736,-0.094216,-0.321586,-0.028390,-0.092480,-0.320301,0.015146,-0.102847,-0.298828,-0.032926,-0.115378,-0.252290,-0.072116,-0.007205,-0.300003
2026-05-26 18:25:06.013,161.599846,0.000000,0.000000,0.000000,0.069955,-0.090744,-0.319016,-0.127465,-0.094187,-0.321573,-0.028755,-0.092465,-0.320294,0.015279,-0.101847,-0.298888,-0.032270,-0.116401,-0.252313,-0.072111,-0.005195,-0.300111
2026-05-26 18:25:06.113,161.699846,0.000000,0.000000,0.000000,0.069744,-0.091744,-0.318927,-0.127306,-0.096213,-0.321385,-0.028781,-0.093978,-0.320156,0.015289,-0.101934,-0.298161,-0.032270,-0.116401,-0.252313,-0.072111,-0.005195,-0.300111
2026-05-26 18:25:06.213,161.799846,0.000000,0.000000,0.000000,0.069744,-0.091744,-0.318927,-0.127465,-0.094187,-0.321573,-0.028861,-0.092965,-0.320250,0.015279,-0.101847,-0.298888,-0.032207,-0.115406,-0.252304,-0.072125,-0.006101,-0.300884
2026-05-26 18:25:06.313,161.899846,0.000000,0.000000,0.000000,0.069744,-0.091744,-0.318927,-0.126736,-0.094216,-0.321586,-0.028496,-0.092980,-0.320257,0.015146,-0.102847,-0.298828,-0.033114,-0.118362,-0.252319,-0.072114,-0.006200,-0.300057
2026-05-26 18:25:06.413,161.999846,0.000000,0.000000,0.000000,0.069955,-0.090744,-0.319016,-0.127386,-0.095200,-0.321479,-0.028715,-0.092972,-0.320247,0.015279,-0.101847,-0.298888,-0.032270,-0.116401,-0.252313,-0.072122,-0.005096,-0.300939
2026-05-26 18:25:06.513,162.099845,0.000000,0.000000,0.000000,0.069744,-0.091744,-0.318927,-0.127465,-0.094187,-0.321573,-0.028861,-0.092965,-0.320250,0.015146,-0.102847,-0.298828,-0.032989,-0.116373,-0.252300,-0.072120,-0.004091,-0.300994
2026-05-26 18:25:06.613,162.199845,0.000000,0.000000,0.000000,0.069955,-0.090744,-0.319016,-0.126736,-0.094216,-0.321586,-0.028390,-0.092480,-0.320301,0.015279,-0.101847,-0.298888,-0.032926,-0.115378,-0.252290,-0.072114,-0.006200,-0.300057
2026-05-26 18:25:06.713,162.299845,0.000000,0.000000,0.000000,0.069955,-0.090744,-0.319016,-0.127465,-0.094187,-0.321573,-0.028755,-0.092465,-0.320294,0.015146,-0.102847,-0.298828,-0.032270,-0.116401,-0.252313,-0.072116,-0.007205,-0.300003
2026-05-26 18:25:06.813,162.399845,0.000000,0.000000,0.000000,0.069955,-0.090744,-0.319016,-0.127386,-0.095200,-0.321479,-0.028715,-0.092972,-0.320247,0.015146,-0.102847,-0.298828,-0.032989,-0.116373,-0.252300,-0.072124,-0.005598,-0.300911
2026-05-26 18:25:06.913,162.499845,0.000000,0.000000,0.000000,0.069744,-0.091744,-0.318927,-0.127386,-0.095200,-0.321479,-0.028821,-0.093472,-0.320203,0.015279,-0.101847,-0.298888,-0.032926,-0.115378,-0.252290,-0.072120,-0.004091,-0.300994
2026-05-26 18:25:07.013,162.599845,0.000000,0.000000,0.000000,0.069744,-0.091744,-0.318927,-0.127306,-0.096213,-0.321385,-0.028781,-0.093978,-0.320156,0.015413,-0.100847,-0.298948,-0.032989,-0.116373,-0.252300,-0.071317,-0.005935,-0.302552
2026-05-26 18:25:07.113,162.699845,0.000000,0.000000,0.000000,0.069744,-0.091744,-0.318927,-0.127386,-0.095200,-0.321479,-0.028821,-0.093472,-0.320203,0.015279,-0.101847,-0.298888,-0.033051,-0.117367,-0.252310,-0.072116,-0.007205,-0.300003
2026-05-26 18:25:07.213,162.799845,0.000000,0.000000,0.000000,0.069744,-0.091744,-0.318927,-0.127465,-0.094187,-0.321573,-0.028861,-0.092965,-0.320250,0.015146,-0.102847,-0.298828,-0.032989,-0.116373,-0.252300,-0.072116,-0.007205,-0.300003
2026-05-26 18:25:07.313,162.899845,0.000000,0.000000,0.000000,0.069744,-0.091744,-0.318927,-0.126657,-0.095229,-0.321492,-0.028457,-0.093486,-0.320210,0.015146,-0.102847,-0.298828,-0.032989,-0.116373,-0.252300,-0.072125,-0.006101,-0.300884
2026-05-26 18:25:07.413,162.999845,0.000000,0.000000,0.000000,0.069744,-0.091744,-0.318927,-0.127386,-0.095200,-0.321479,-0.028821,-0.093472,-0.320203,0.015279,-0.101847,-0.298888,-0.032926,-0.115378,-0.252290,-0.072116,-0.007205,-0.300003
2026-05-26 18:25:07.513,163.099844,0.000000,0.000000,0.000000,0.069955,-0.090744,-0.319016,-0.127386,-0.095200,-0.321479,-0.028715,-0.092972,-0.320247,0.015279,-0.101847,-0.298888,-0.032989,-0.116373,-0.252300,-0.072111,-0.005195,-0.300111
2026-05-26 18:25:07.613,163.199844,0.000000,0.000000,0.000000,0.069955,-0.090744,-0.319016,-0.127465,-0.094187,-0.321573,-0.028755,-0.092465,-0.320294,0.015279,-0.101847,-0.298888,-0.032989,-0.116373,-0.252300,-0.072116,-0.007205,-0.300003
2026-05-26 18:25:07.713,163.299844,0.000000,0.000000,0.000000,0.069744,-0.091744,-0.318927,-0.127386,-0.095200,-0.321479,-0.028821,-0.093472,-0.320203,0.015146,-0.102847,-0.298828,-0.032989,-0.116373,-0.252300,-0.072116,-0.007205,-0.300003
2026-05-26 18:25:07.813,163.399844,0.000000,0.000000,0.000000,0.069744,-0.091744,-0.318927,-0.127306,-0.096213,-0.321385,-0.028781,-0.093978,-0.320156,0.015146,-0.102847,-0.298828,-0.032926,-0.115378,-0.252290,-0.072111,-0.005195,-0.300111
2026-05-26 18:25:07.913,163.499844,0.000000,0.000000,0.000000,0.069744,-0.091744,-0.318927,-0.126736,-0.094216,-0.321586,-0.028496,-0.092980,-0.320257,0.015279,-0.101847,-0.298888,-0.032926,-0.115378,-0.252290,-0.072125,-0.006101,-0.300884
2026-05-26 18:25:08.013,163.599844,0.000000,0.000000,0.000000,0.069734,-0.091655,-0.319665,-0.127465,-0.094187,-0.321573,-0.028866,-0.092921,-0.320619,0.015279,-0.101847,-0.298888,-0.032926,-0.115378,-0.252290,-0.072125,-0.006101,-0.300884
2026-05-26 18:25:08.113,163.699844,0.000000,0.000000,0.000000,0.070167,-0.089743,-0.319104,-0.126736,-0.094216,-0.321586,-0.028284,-0.091980,-0.320345,0.015279,-0.101847,-0.298888,-0.032989,-0.116373,-0.252300,-0.072111,-0.005195,-0.300111
2026-05-26 18:25:08.213,163.799844,0.000000,0.000000,0.000000,0.069744,-0.091744,-0.318927,-0.126736,-0.094216,-0.321586,-0.028496,-0.092980,-0.320257,0.015279,-0.101847,-0.298888,-0.032989,-0.116373,-0.252300,-0.072125,-0.006101,-0.300884
2026-05-26 18:25:08.313,163.899844,0.000000,0.000000,0.000000,0.069734,-0.091655,-0.319665,-0.127386,-0.095200,-0.321479,-0.028826,-0.093428,-0.320572,0.015279,-0.101847,-0.298888,-0.032864,-0.114383,-0.252281,-0.072122,-0.005096,-0.300939
2026-05-26 18:25:08.413,163.999844,0.000000,0.000000,0.000000,0.069734,-0.091655,-0.319665,-0.127386,-0.095200,-0.321479,-0.028826,-0.093428,-0.320572,0.015279,-0.101847,-0.298888,-0.032989,-0.116373,-0.252300,-0.072114,-0.006200,-0.300057
2026-05-26 18:25:08.513,164.099844,0.000000,0.000000,0.000000,0.069734,-0.091655,-0.319665,-0.126657,-0.095229,-0.321492,-0.028462,-0.093442,-0.320579,0.015146,-0.102847,-0.298828,-0.032926,-0.115378,-0.252290,-0.072122,-0.005096,-0.300939
2026-05-26 18:25:08.613,164.199843,0.000000,0.000000,0.000000,0.069744,-0.091744,-0.318927,-0.127465,-0.094187,-0.321573,-0.028861,-0.092965,-0.320250,0.015279,-0.101847,-0.298888,-0.032989,-0.116373,-0.252300,-0.072108,-0.004190,-0.300166
2026-05-26 18:25:08.713,164.299843,0.000000,0.000000,0.000000,0.071430,-0.090714,-0.319782,-0.127386,-0.095200,-0.321479,-0.027978,-0.092957,-0.320631,0.015146,-0.102847,-0.298828,-0.032926,-0.115378,-0.252290,-0.072114,-0.006200,-0.300057
2026-05-26 18:25:08.813,164.399843,0.000000,0.000000,0.000000,0.069744,-0.091744,-0.318927,-0.127465,-0.094187,-0.321573,-0.028861,-0.092965,-0.320250,0.015279,-0.101847,-0.298888,-0.032989,-0.116373,-0.252300,-0.072122,-0.005096,-0.300939
2026-05-26 18:25:08.913,164.499843,0.000000,0.000000,0.000000,0.069744,-0.091744,-0.318927,-0.126814,-0.093203,-0.321680,-0.028535,-0.092473,-0.320304,0.015156,-0.102934,-0.298102,-0.032926,-0.115378,-0.252290,-0.072125,-0.006101,-0.300884
2026-05-26 18:25:09.013,164.599843,0.000000,0.000000,0.000000,0.069744,-0.091744,-0.318927,-0.126736,-0.094216,-0.321586,-0.028496,-0.092980,-0.320257,0.015279,-0.101847,-0.298888,-0.032926,-0.115378,-0.252290,-0.072125,-0.006101,-0.300884
2026-05-26 18:25:09.113,164.699843,0.000000,0.000000,0.000000,0.069955,-0.090744,-0.319016,-0.127386,-0.095200,-0.321479,-0.028715,-0.092972,-0.320247,0.015279,-0.101847,-0.298888,-0.032989,-0.116373,-0.252300,-0.072114,-0.006200,-0.300057
2026-05-26 18:25:09.213,164.799843,0.000000,0.000000,0.000000,0.069744,-0.091744,-0.318927,-0.126657,-0.095229,-0.321492,-0.028457,-0.093486,-0.320210,0.015279,-0.101847,-0.298888,-0.032926,-0.115378,-0.252290,-0.072114,-0.006200,-0.300057
2026-05-26 18:25:09.313,164.899843,0.000000,0.000000,0.000000,0.069955,-0.090744,-0.319016,-0.127386,-0.095200,-0.321479,-0.028715,-0.092972,-0.320247,0.015279,-0.101847,-0.298888,-0.032926,-0.115378,-0.252290,-0.070487,-0.005968,-0.302568
2026-05-26 18:25:09.413,164.999843,0.000000,0.000000,0.000000,0.069955,-0.090744,-0.319016,-0.126657,-0.095229,-0.321492,-0.028351,-0.092986,-0.320254,0.015279,-0.101847,-0.298888,-0.032926,-0.115378,-0.252290,-0.070855,-0.082361,-0.298197
2026-05-26 18:25:09.513,165.099843,0.000000,0.000000,0.000000,0.069955,-0.090744,-0.319016,-0.127386,-0.095200,-0.321479,-0.028715,-0.092972,-0.320247,0.015146,-0.102847,-0.298828,-0.032989,-0.116373,-0.252300,-0.264254,0.003120,-0.202151
2026-05-26 18:25:09.613,165.199842,0.000000,0.000000,0.000000,0.069955,-0.090744,-0.319016,-0.127465,-0.094187,-0.321573,-0.028755,-0.092465,-0.320294,0.015279,-0.101847,-0.298888,-0.032989,-0.116373,-0.252300,-0.072120,-0.004091,-0.300994
2026-05-26 18:25:09.713,165.299842,0.000000,0.000000,0.000000,0.069744,-0.091744,-0.318927,-0.126657,-0.095229,-0.321492,-0.028457,-0.093486,-0.320210,0.015279,-0.101847,-0.298888,-0.032989,-0.116373,-0.252300,-0.072125,-0.006101,-0.300884
2026-05-26 18:25:09.813,165.399842,0.000000,0.000000,0.000000,0.069955,-0.090744,-0.319016,-0.127465,-0.094187,-0.321573,-0.028755,-0.092465,-0.320294,0.015279,-0.101847,-0.298888,-0.032989,-0.116373,-0.252300,-0.072114,-0.006200,-0.300057
2026-05-26 18:25:09.913,165.499842,0.000000,0.000000,0.000000,0.069955,-0.090744,-0.319016,-0.127306,-0.096213,-0.321385,-0.028675,-0.093478,-0.320200,0.015146,-0.102847,-0.298828,-0.032989,-0.116373,-0.252300,-0.072114,-0.006200,-0.300057
2026-05-26 18:25:10.013,165.599842,0.000000,0.000000,0.000000,0.069744,-0.091744,-0.318927,-0.127465,-0.094187,-0.321573,-0.028861,-0.092965,-0.320250,0.015413,-0.100847,-0.298948,-0.032989,-0.116373,-0.252300,-0.071317,-0.005935,-0.302552
2026-05-26 18:25:10.113,165.699842,0.000000,0.000000,0.000000,0.069955,-0.090744,-0.319016,-0.127465,-0.094187,-0.321573,-0.028755,-0.092465,-0.320294,0.015279,-0.101847,-0.298888,-0.032989,-0.116373,-0.252300,-0.072125,-0.006101,-0.300884
2026-05-26 18:25:10.213,165.799842,0.000000,0.000000,0.000000,0.069955,-0.090744,-0.319016,-0.127465,-0.094187,-0.321573,-0.028755,-0.092465,-0.320294,0.015146,-0.102847,-0.298828,-0.033051,-0.117367,-0.252310,-0.072125,-0.006101,-0.300884
2026-05-26 18:25:10.313,165.899842,0.000000,0.000000,0.000000,0.069955,-0.090744,-0.319016,-0.127465,-0.094187,-0.321573,-0.028755,-0.092465,-0.320294,0.015279,-0.101847,-0.298888,-0.032207,-0.115406,-0.252304,-0.072114,-0.006200,-0.300057
2026-05-26 18:25:10.413,165.999842,0.000000,0.000000,0.000000,0.069734,-0.091655,-0.319665,-0.127465,-0.094187,-0.321573,-0.028866,-0.092921,-0.320619,0.015146,-0.102847,-0.298828,-0.031616,-0.117424,-0.252336,-0.072122,-0.005096,-0.300939
2026-05-26 18:25:10.513,166.099842,0.000000,0.000000,0.000000,0.069744,-0.091744,-0.318927,-0.127386,-0.095200,-0.321479,-0.028821,-0.093472,-0.320203,0.015875,-0.102876,-0.298841,-0.031552,-0.116429,-0.252327,0.867061,0.657535,0.198574
2026-05-26 18:25:10.613,166.199841,0.000000,0.000000,0.000000,0.069744,-0.091744,-0.318927,-0.127465,-0.094187,-0.321573,-0.028861,-0.092965,-0.320250,0.015741,-0.103876,-0.298782,-0.030899,-0.117452,-0.252350,-0.072956,-0.006068,-0.300868
2026-05-26 18:25:10.713,166.299841,0.000000,0.000000,0.000000,0.069744,-0.091744,-0.318927,-0.127386,-0.095200,-0.321479,-0.028821,-0.093472,-0.320203,0.015875,-0.102876,-0.298841,-0.030974,-0.118362,-0.253072,-0.073068,-0.082540,-0.295922
2026-05-26 18:25:10.813,166.399841,0.000000,0.000000,0.000000,0.069744,-0.091744,-0.318927,-0.127386,-0.095200,-0.321479,-0.028821,-0.093472,-0.320203,0.016605,-0.102905,-0.298855,-0.030909,-0.117367,-0.253064,-0.073078,-0.082451,-0.296667
2026-05-26 18:25:10.913,166.499841,0.000000,0.000000,0.000000,0.069955,-0.090744,-0.319016,-0.126736,-0.094216,-0.321586,-0.028390,-0.092480,-0.320301,0.016459,-0.103818,-0.299520,-0.030191,-0.117395,-0.253077,0.821188,0.580697,0.172353
2026-05-26 18:25:11.013,166.599841,0.000000,0.000000,0.000000,0.069955,-0.090744,-0.319016,-0.127465,-0.094187,-0.321573,-0.028755,-0.092465,-0.320294,0.016469,-0.103905,-0.298795,-0.030268,-0.118304,-0.253798,-0.072364,-0.083218,-0.298855
2026-05-26 18:25:11.113,166.699841,0.000000,0.000000,0.000000,0.069955,-0.090744,-0.319016,-0.127386,-0.095200,-0.321479,-0.028715,-0.092972,-0.320247,0.016459,-0.103818,-0.299520,-0.030268,-0.118304,-0.253798,0.848549,0.724070,0.413271
2026-05-26 18:25:11.213,166.799841,0.000000,0.000000,0.000000,0.069744,-0.091744,-0.318927,-0.127386,-0.095200,-0.321479,-0.028821,-0.093472,-0.320203,0.016469,-0.103905,-0.298795,-0.030268,-0.118304,-0.253798,0.450573,0.053963,-0.166781
2026-05-26 18:25:11.313,166.899841,0.000000,0.000000,0.000000,0.069744,-0.091744,-0.318927,-0.126657,-0.095229,-0.321492,-0.028457,-0.093486,-0.320210,0.016469,-0.103905,-0.298795,-0.030268,-0.118304,-0.253798,0.468109,-0.024314,-0.211483
2026-05-26 18:25:11.413,166.999841,0.000000,0.000000,0.000000,0.069744,-0.091744,-0.318927,-0.127386,-0.095200,-0.321479,-0.028821,-0.093472,-0.320203,0.016334,-0.104905,-0.298735,-0.030268,-0.118304,-0.253798,-0.073826,-0.082421,-0.296653
2026-05-26 18:25:11.513,167.099841,0.000000,0.000000,0.000000,0.069744,-0.091744,-0.318927,-0.127386,-0.095200,-0.321479,-0.028821,-0.093472,-0.320203,0.016324,-0.104818,-0.299459,-0.030335,-0.119299,-0.253806,-0.073111,-0.083188,-0.298841
2026-05-26 18:25:11.613,167.199841,0.000000,0.000000,0.000000,0.069955,-0.090744,-0.319016,-0.127386,-0.095200,-0.321479,-0.028715,-0.092972,-0.320247,0.016469,-0.103905,-0.298795,-0.030268,-0.118304,-0.253798,0.845965,0.727743,0.400125
2026-05-26 18:25:11.713,167.299840,0.000000,0.000000,0.000000,0.069734,-0.091655,-0.319665,-0.126736,-0.094216,-0.321586,-0.028501,-0.092936,-0.320626,0.016469,-0.103905,-0.298795,-0.030201,-0.117310,-0.253791,-0.073828,-0.084431,-0.296542
2026-05-26 18:25:11.813,167.399840,0.000000,0.000000,0.000000,0.069744,-0.091744,-0.318927,-0.127465,-0.094187,-0.321573,-0.028861,-0.092965,-0.320250,0.017198,-0.103933,-0.298809,-0.030335,-0.119299,-0.253806,-0.073113,-0.084194,-0.298782
2026-05-26 18:25:11.913,167.499840,0.000000,0.000000,0.000000,0.069744,-0.091744,-0.318927,-0.126657,-0.095229,-0.321492,-0.028457,-0.093486,-0.320210,0.016459,-0.103818,-0.299520,-0.030335,-0.119299,-0.253806,0.480381,0.046423,-0.030239
2026-05-26 18:25:12.013,167.599840,0.000000,0.000000,0.000000,0.069744,-0.091744,-0.318927,-0.127465,-0.094187,-0.321573,-0.028861,-0.092965,-0.320250,0.016595,-0.102818,-0.299581,-0.030134,-0.116315,-0.253784,-0.073111,-0.083188,-0.298841
2026-05-26 18:25:12.113,167.699840,0.000000,0.000000,0.000000,0.069955,-0.090744,-0.319016,-0.127386,-0.095200,-0.321479,-0.028715,-0.092972,-0.320247,0.016459,-0.103818,-0.299520,-0.030268,-0.118304,-0.253798,-0.073111,-0.083188,-0.298841
2026-05-26 18:25:12.213,167.799840,0.000000,0.000000,0.000000,0.069955,-0.090744,-0.319016,-0.127465,-0.094187,-0.321573,-0.028755,-0.092465,-0.320294,0.016459,-0.103818,-0.299520,-0.030101,-0.115817,-0.253780,-0.073113,-0.084194,-0.298782
2026-05-26 18:25:12.313,167.899840,0.000000,0.000000,0.000000,0.069744,-0.091744,-0.318927,-0.127386,-0.095200,-0.321479,-0.028821,-0.093472,-0.320203,0.016469,-0.103905,-0.298795,-0.030268,-0.118304,-0.253798,-0.073111,-0.083188,-0.298841
2026-05-26 18:25:12.413,167.999840,0.000000,0.000000,0.000000,0.069744,-0.091744,-0.318927,-0.127386,-0.095200,-0.321479,-0.028821,-0.093472,-0.320203,0.016595,-0.102818,-0.299581,-0.030268,-0.118304,-0.253798,0.937143,0.603444,-0.063152
2026-05-26 18:25:12.513,168.099840,0.000000,0.000000,0.000000,0.069744,-0.091744,-0.318927,-0.127465,-0.094187,-0.321573,-0.028861,-0.092965,-0.320250,0.016605,-0.102905,-0.298855,-0.030201,-0.117310,-0.253791,0.835197,0.461906,0.129505
2026-05-26 18:25:12.613,168.199840,0.000000,0.000000,0.000000,0.069744,-0.091744,-0.318927,-0.127465,-0.094187,-0.321573,-0.028861,-0.092965,-0.320250,0.016605,-0.102905,-0.298855,-0.030268,-0.118304,-0.253798,0.873699,0.754134,0.244466
2026-05-26 18:25:12.713,168.299839,0.000000,0.000000,0.000000,0.069744,-0.091744,-0.318927,-0.127306,-0.096213,-0.321385,-0.028781,-0.093978,-0.320156,0.016459,-0.103818,-0.299520,-0.030268,-0.118304,-0.253798,0.904009,0.847839,0.452880
2026-05-26 18:25:12.813,168.399839,0.000000,0.000000,0.000000,0.069955,-0.090744,-0.319016,-0.127386,-0.095200,-0.321479,-0.028715,-0.092972,-0.320247,0.016459,-0.103818,-0.299520,-0.030335,-0.119299,-0.253806,-0.073132,-0.096259,-0.298080
2026-05-26 18:25:12.913,168.499839,0.000000,0.000000,0.000000,0.069533,-0.092744,-0.318839,-0.127306,-0.096213,-0.321385,-0.028887,-0.094479,-0.320112,0.016459,-0.103818,-0.299520,-0.030401,-0.120294,-0.253813,-0.073111,-0.083188,-0.298841
2026-05-26 18:25:13.013,168.599839,0.000000,0.000000,0.000000,0.069744,-0.091744,-0.318927,-0.127545,-0.093174,-0.321666,-0.028900,-0.092459,-0.320297,0.016459,-0.103818,-0.299520,-0.030268,-0.118304,-0.253798,-0.073110,-0.082183,-0.298899
2026-05-26 18:25:13.113,168.699839,0.000000,0.000000,0.000000,0.069955,-0.090744,-0.319016,-0.127386,-0.095200,-0.321479,-0.028715,-0.092972,-0.320247,0.016469,-0.103905,-0.298795,-0.030168,-0.116812,-0.253787,-0.073113,-0.084194,-0.298782
2026-05-26 18:25:13.213,168.799839,0.000000,0.000000,0.000000,0.069744,-0.091744,-0.318927,-0.127306,-0.096213,-0.321385,-0.028781,-0.093978,-0.320156,0.016459,-0.103818,-0.299520,-0.030468,-0.121289,-0.253821,0.540270,0.069996,-0.340985
2026-05-26 18:25:13.313,168.899839,0.000000,0.000000,0.000000,0.069955,-0.090744,-0.319016,-0.126736,-0.094216,-0.321586,-0.028390,-0.092480,-0.320301,0.016459,-0.103818,-0.299520,-0.030268,-0.118304,-0.253798,-0.073113,-0.084194,-0.298782
2026-05-26 18:25:13.413,168.999839,0.000000,0.000000,0.000000,0.069955,-0.090744,-0.319016,-0.127386,-0.095200,-0.321479,-0.028715,-0.092972,-0.320247,0.016469,-0.103905,-0.298795,-0.030468,-0.121289,-0.253821,-0.073111,-0.083188,-0.298841
2026-05-26 18:25:13.513,169.099839,0.000000,0.000000,0.000000,0.069955,-0.090744,-0.319016,-0.127465,-0.094187,-0.321573,-0.028755,-0.092465,-0.320294,0.016605,-0.102905,-0.298855,-0.030335,-0.119299,-0.253806,-0.073111,-0.083188,-0.298841
2026-05-26 18:25:13.613,169.199839,0.000000,0.000000,0.000000,0.069955,-0.090744,-0.319016,-0.126736,-0.094216,-0.321586,-0.028390,-0.092480,-0.320301,0.016459,-0.103818,-0.299520,-0.030268,-0.118304,-0.253798,-0.073827,-0.083426,-0.296597
2026-05-26 18:25:13.713,169.299839,0.000000,0.000000,0.000000,0.069522,-0.092656,-0.319576,-0.127386,-0.095200,-0.321479,-0.028932,-0.093928,-0.320527,0.016469,-0.103905,-0.298795,-0.030468,-0.121289,-0.253821,-0.073111,-0.083188,-0.298841
2026-05-26 18:25:13.813,169.399838,0.000000,0.000000,0.000000,0.069734,-0.091655,-0.319665,-0.126657,-0.095229,-0.321492,-0.028462,-0.093442,-0.320579,0.016469,-0.103905,-0.298795,-0.030268,-0.118304,-0.253798,-0.073111,-0.083188,-0.298841
2026-05-26 18:25:13.913,169.499838,0.000000,0.000000,0.000000,0.069744,-0.091744,-0.318927,-0.127386,-0.095200,-0.321479,-0.028821,-0.093472,-0.320203,0.016469,-0.103905,-0.298795,-0.030268,-0.118304,-0.253798,-0.073113,-0.084194,-0.298782
2026-05-26 18:25:14.013,169.599838,0.000000,0.000000,0.000000,0.069744,-0.091744,-0.318927,-0.127386,-0.095200,-0.321479,-0.028821,-0.093472,-0.320203,0.016459,-0.103818,-0.299520,-0.030268,-0.118304,-0.253798,-0.073828,-0.084431,-0.296542
2026-05-26 18:25:14.113,169.699838,0.000000,0.000000,0.000000,0.069744,-0.091744,-0.318927,-0.127465,-0.094187,-0.321573,-0.028861,-0.092965,-0.320250,0.016469,-0.103905,-0.298795,-0.030401,-0.120294,-0.253813,0.549522,0.082053,-0.328104
2026-05-26 18:25:14.213,169.799838,0.000000,0.000000,0.000000,0.069955,-0.090744,-0.319016,-0.126657,-0.095229,-0.321492,-0.028351,-0.092986,-0.320254,0.016469,-0.103905,-0.298795,-0.030268,-0.118304,-0.253798,-0.073113,-0.084194,-0.298782
2026-05-26 18:25:14.313,169.899838,0.000000,0.000000,0.000000,0.069744,-0.091744,-0.318927,-0.127306,-0.096213,-0.321385,-0.028781,-0.093978,-0.320156,0.016469,-0.103905,-0.298795,-0.030335,-0.119299,-0.253806,0.920536,1.287739,0.057243
2026-05-26 18:25:14.413,169.999838,0.000000,0.000000,0.000000,0.069744,-0.091744,-0.318927,-0.127465,-0.094187,-0.321573,-0.028861,-0.092965,-0.320250,0.016469,-0.103905,-0.298795,-0.030335,-0.119299,-0.253806,-0.073110,-0.082183,-0.298899
2026-05-26 18:25:14.513,170.099838,0.000000,0.000000,0.000000,0.069955,-0.090744,-0.319016,-0.126657,-0.095229,-0.321492,-0.028351,-0.092986,-0.320254,0.016459,-0.103818,-0.299520,-0.030268,-0.118304,-0.253798,-0.073113,-0.084194,-0.298782
2026-05-26 18:25:14.613,170.199838,0.000000,0.000000,0.000000,0.069744,-0.091744,-0.318927,-0.127386,-0.095200,-0.321479,-0.028821,-0.093472,-0.320203,0.016469,-0.103905,-0.298795,-0.030335,-0.119299,-0.253806,-0.073111,-0.083188,-0.298841
2026-05-26 18:25:14.713,170.299838,0.000000,0.000000,0.000000,0.069734,-0.091655,-0.319665,-0.127386,-0.095200,-0.321479,-0.028826,-0.093428,-0.320572,0.016595,-0.102818,-0.299581,-0.030268,-0.118304,-0.253798,-0.073113,-0.084194,-0.298782
2026-05-26 18:25:14.813,170.399837,0.000000,0.000000,0.000000,0.069955,-0.090744,-0.319016,-0.126579,-0.096242,-0.321398,-0.028312,-0.093493,-0.320207,0.016469,-0.103905,-0.298795,-0.030335,-0.119299,-0.253806,0.797064,0.551179,0.164569
2026-05-26 18:25:14.913,170.499837,0.000000,0.000000,0.000000,0.069744,-0.091744,-0.318927,-0.126657,-0.095229,-0.321492,-0.028457,-0.093486,-0.320210,0.016469,-0.103905,-0.298795,-0.030201,-0.117310,-0.253791,-0.073111,-0.083188,-0.298841
2026-05-26 18:25:15.013,170.599837,0.000000,0.000000,0.000000,0.069744,-0.091744,-0.318927,-0.127386,-0.095200,-0.321479,-0.028821,-0.093472,-0.320203,0.016459,-0.103818,-0.299520,-0.030268,-0.118304,-0.253798,-0.073110,-0.082183,-0.298899
2026-05-26 18:25:15.113,170.699837,0.000000,0.000000,0.000000,0.069744,-0.091744,-0.318927,-0.127386,-0.095200,-0.321479,-0.028821,-0.093472,-0.320203,0.016469,-0.103905,-0.298795,-0.030335,-0.119299,-0.253806,0.819300,0.617095,0.152485
2026-05-26 18:25:15.213,170.799837,0.000000,0.000000,0.000000,0.069955,-0.090744,-0.319016,-0.126657,-0.095229,-0.321492,-0.028351,-0.092986,-0.320254,0.016469,-0.103905,-0.298795,-0.030268,-0.118304,-0.253798,0.907920,0.887920,0.441954
2026-05-26 18:25:15.313,170.899837,0.000000,0.000000,0.000000,0.069744,-0.091744,-0.318927,-0.127386,-0.095200,-0.321479,-0.028821,-0.093472,-0.320203,0.016469,-0.103905,-0.298795,-0.030134,-0.116315,-0.253784,0.952918,0.988643,0.460774
2026-05-26 18:25:15.413,170.999837,0.000000,0.000000,0.000000,0.069744,-0.091744,-0.318927,-0.126657,-0.095229,-0.321492,-0.028457,-0.093486,-0.320210,0.016469,-0.103905,-0.298795,-0.030268,-0.118304,-0.253798,0.830446,1.277691,-0.053080
2026-05-26 18:25:15.513,171.099837,0.000000,0.000000,0.000000,0.069955,-0.090744,-0.319016,-0.127306,-0.096213,-0.321385,-0.028675,-0.093478,-0.320200,0.016605,-0.102905,-0.298855,-0.030268,-0.118304,-0.253798,0.935225,0.758131,0.273160
2026-05-26 18:25:15.613,171.199837,0.000000,0.000000,0.000000,0.069744,-0.091744,-0.318927,-0.126657,-0.095229,-0.321492,-0.028457,-0.093486,-0.320210,0.016605,-0.102905,-0.298855,-0.030268,-0.118304,-0.253798,-0.073111,-0.083188,-0.298841
2026-05-26 18:25:15.713,171.299837,0.000000,0.000000,0.000000,0.069744,-0.091744,-0.318927,-0.127386,-0.095200,-0.321479,-0.028821,-0.093472,-0.320203,0.016469,-0.103905,-0.298795,-0.030268,-0.118304,-0.253798,0.983556,1.265535,0.062308
2026-05-26 18:25:15.813,171.399837,0.000000,0.000000,0.000000,0.069955,-0.090744,-0.319016,-0.127386,-0.095200,-0.321479,-0.028715,-0.092972,-0.320247,0.016469,-0.103905,-0.298795,-0.030401,-0.120294,-0.253813,-0.073113,-0.084194,-0.298782
2026-05-26 18:25:15.913,171.499836,0.000000,0.000000,0.000000,0.069744,-0.091744,-0.318927,-0.127386,-0.095200,-0.321479,-0.028821,-0.093472,-0.320203,0.016459,-0.103818,-0.299520,-0.030468,-0.121289,-0.253821,-0.073111,-0.083188,-0.298841
2026-05-26 18:25:16.013,171.599836,0.000000,0.000000,0.000000,0.069955,-0.090744,-0.319016,-0.127465,-0.094187,-0.321573,-0.028755,-0.092465,-0.320294,0.016459,-0.103818,-0.299520,-0.030268,-0.118304,-0.253798,-0.073826,-0.081416,-0.296708
2026-05-26 18:25:16.113,171.699836,0.000000,0.000000,0.000000,0.069744,-0.091744,-0.318927,-0.126736,-0.094216,-0.321586,-0.028496,-0.092980,-0.320257,0.016595,-0.102818,-0.299581,-0.030268,-0.118304,-0.253798,-0.073110,-0.082686,-0.298870
2026-05-26 18:25:16.213,171.799836,0.000000,0.000000,0.000000,0.069744,-0.091744,-0.318927,-0.127465,-0.094187,-0.321573,-0.028861,-0.092965,-0.320250,0.016402,-0.104405,-0.298765,-0.030335,-0.119299,-0.253806,-0.073113,-0.084194,-0.298782
2026-05-26 18:25:16.313,171.899836,0.000000,0.000000,0.000000,0.069744,-0.091744,-0.318927,-0.126657,-0.095229,-0.321492,-0.028457,-0.093486,-0.320210,0.016469,-0.103905,-0.298795,-0.030401,-0.120294,-0.253813,-0.073827,-0.083426,-0.296597
2026-05-26 18:25:16.413,171.999836,0.000000,0.000000,0.000000,0.069744,-0.091744,-0.318927,-0.127386,-0.095200,-0.321479,-0.028821,-0.093472,-0.320203,0.016469,-0.103905,-0.298795,-0.030301,-0.118802,-0.253802,0.955257,0.602121,-0.066767
2026-05-26 18:25:16.513,172.099836,0.000000,0.000000,0.000000,0.069744,-0.091744,-0.318927,-0.127306,-0.096213,-0.321385,-0.028781,-0.093978,-0.320156,0.016334,-0.104905,-0.298735,-0.030919,-0.117281,-0.253778,-0.073113,-0.084194,-0.298782
2026-05-26 18:25:16.613,172.199836,0.000000,0.000000,0.000000,0.069955,-0.090744,-0.319016,-0.127386,-0.095200,-0.321479,-0.028715,-0.092972,-0.320247,0.016459,-0.103818,-0.299520,-0.031191,-0.121176,-0.254517,-0.073111,-0.083188,-0.298841
2026-05-26 18:25:16.713,172.299836,0.000000,0.000000,0.000000,0.069734,-0.091655,-0.319665,-0.127465,-0.094187,-0.321573,-0.028866,-0.092921,-0.320619,0.016324,-0.104818,-0.299459,-0.030863,-0.116201,-0.254485,-0.073111,-0.083188,-0.298841
2026-05-26 18:25:16.813,172.399836,0.000000,0.000000,0.000000,0.069744,-0.091744,-0.318927,-0.127386,-0.095200,-0.321479,-0.028821,-0.093472,-0.320203,0.017051,-0.104847,-0.299472,-0.030994,-0.118191,-0.254498,1.037258,1.270084,-0.128613
2026-05-26 18:25:16.913,172.499835,0.000000,0.000000,0.000000,0.069955,-0.090744,-0.319016,-0.126579,-0.096242,-0.321398,-0.028312,-0.093493,-0.320207,0.017051,-0.104847,-0.299472,-0.030994,-0.118191,-0.254498,-0.276161,-0.003682,-0.325170
2026-05-26 18:25:17.013,172.599835,0.000000,0.000000,0.000000,0.069744,-0.091744,-0.318927,-0.126736,-0.094216,-0.321586,-0.028496,-0.092980,-0.320257,0.017188,-0.103847,-0.299533,-0.031135,-0.120096,-0.255221,0.951385,0.806537,0.456104
2026-05-26 18:25:17.113,172.699835,0.000000,0.000000,0.000000,0.069744,-0.091744,-0.318927,-0.127386,-0.095200,-0.321479,-0.028821,-0.093472,-0.320203,0.017188,-0.103847,-0.299533,-0.031201,-0.121091,-0.255227,0.929416,0.912007,0.441782
2026-05-26 18:25:17.213,172.799835,0.000000,0.000000,0.000000,0.069744,-0.091744,-0.318927,-0.127386,-0.095200,-0.321479,-0.028821,-0.093472,-0.320203,0.017188,-0.103847,-0.299533,-0.031267,-0.122086,-0.255232,-0.073858,-0.083159,-0.298827
2026-05-26 18:25:17.313,172.899835,0.000000,0.000000,0.000000,0.069522,-0.092656,-0.319576,-0.127386,-0.095200,-0.321479,-0.028932,-0.093928,-0.320527,0.017188,-0.103847,-0.299533,-0.031267,-0.122086,-0.255232,-0.073863,-0.093716,-0.298212
2026-05-26 18:25:17.413,172.999835,0.000000,0.000000,0.000000,0.069744,-0.091744,-0.318927,-0.126736,-0.094216,-0.321586,-0.028496,-0.092980,-0.320257,0.017119,-0.104347,-0.299503,-0.031267,-0.122086,-0.255232,0.534381,0.074600,-0.327292
2026-05-26 18:25:17.513,173.099835,0.000000,0.000000,0.000000,0.069955,-0.090744,-0.319016,-0.127465,-0.094187,-0.321573,-0.028755,-0.092465,-0.320294,0.017051,-0.104847,-0.299472,-0.031332,-0.123081,-0.255237,-0.073864,-0.096230,-0.298066
2026-05-26 18:25:17.613,173.199835,0.000000,0.000000,0.000000,0.069744,-0.091744,-0.318927,-0.127386,-0.095200,-0.321479,-0.028821,-0.093472,-0.320203,0.017051,-0.104847,-0.299472,-0.031267,-0.122086,-0.255232,1.009620,1.268306,0.013201
2026-05-26 18:25:17.713,173.299835,0.000000,0.000000,0.000000,0.069955,-0.090744,-0.319016,-0.127386,-0.095200,-0.321479,-0.028715,-0.092972,-0.320247,0.017051,-0.104847,-0.299472,-0.031267,-0.122086,-0.255232,-0.276936,-0.004041,-0.321888
2026-05-26 18:25:17.813,173.399835,0.000000,0.000000,0.000000,0.069955,-0.090744,-0.319016,-0.127465,-0.094187,-0.321573,-0.028755,-0.092465,-0.320294,0.017778,-0.104875,-0.299486,-0.031332,-0.123081,-0.255237,0.545007,0.077199,-0.327689
2026-05-26 18:25:17.913,173.499835,0.000000,0.000000,0.000000,0.069744,-0.091744,-0.318927,-0.127386,-0.095200,-0.321479,-0.028821,-0.093472,-0.320203,0.016914,-0.105847,-0.299411,-0.031267,-0.122086,-0.255232,0.735503,0.795480,0.540600
2026-05-26 18:25:18.013,173.599834,0.000000,0.000000,0.000000,0.069744,-0.091744,-0.318927,-0.127306,-0.096213,-0.321385,-0.028781,-0.093978,-0.320156,0.017051,-0.104847,-0.299472,-0.030488,-0.121119,-0.255240,0.967074,0.895167,0.477728
2026-05-26 18:25:18.113,173.699834,0.000000,0.000000,0.000000,0.069744,-0.091744,-0.318927,-0.127386,-0.095200,-0.321479,-0.028821,-0.093472,-0.320203,0.017778,-0.104875,-0.299486,-0.030555,-0.122114,-0.255245,0.716944,0.828293,0.112807
2026-05-26 18:25:18.213,173.799834,0.000000,0.000000,0.000000,0.069734,-0.091655,-0.319665,-0.127306,-0.096213,-0.321385,-0.028786,-0.093934,-0.320525,0.017051,-0.104847,-0.299472,-0.031332,-0.123081,-0.255237,1.309770,1.215216,-0.023366
2026-05-26 18:25:18.313,173.899834,0.000000,0.000000,0.000000,0.069955,-0.090744,-0.319016,-0.127306,-0.096213,-0.321385,-0.028675,-0.093478,-0.320200,0.017051,-0.104847,-0.299472,-0.031332,-0.123081,-0.255237,0.454715,0.119008,-0.194539
2026-05-26 18:25:18.413,173.999834,0.000000,0.000000,0.000000,0.069744,-0.091744,-0.318927,-0.127465,-0.094187,-0.321573,-0.028861,-0.092965,-0.320250,0.017778,-0.104875,-0.299486,-0.031267,-0.122086,-0.255232,1.363115,1.291512,-0.011963
2026-05-26 18:25:18.513,174.099834,0.000000,0.000000,0.000000,0.069744,-0.091744,-0.318927,-0.126736,-0.094216,-0.321586,-0.028496,-0.092980,-0.320257,0.017051,-0.104847,-0.299472,-0.031267,-0.122086,-0.255232,1.339958,1.270479,-0.028446
2026-05-26 18:25:18.613,174.199834,0.000000,0.000000,0.000000,0.069955,-0.090744,-0.319016,-0.127386,-0.095200,-0.321479,-0.028715,-0.092972,-0.320247,0.017778,-0.104875,-0.299486,-0.030555,-0.122114,-0.255245,0.967827,1.271601,0.000183
2026-05-26 18:25:18.713,174.299834,0.000000,0.000000,0.000000,0.069533,-0.092744,-0.318839,-0.127465,-0.094187,-0.321573,-0.028966,-0.093466,-0.320206,0.017041,-0.104760,-0.300196,-0.030087,-0.115148,-0.255208,0.724776,0.790248,0.069048
2026-05-26 18:25:18.813,174.399834,0.000000,0.000000,0.000000,0.069744,-0.091744,-0.318927,-0.127226,-0.097226,-0.321291,-0.028741,-0.094485,-0.320109,0.017778,-0.104875,-0.299486,-0.030555,-0.122114,-0.255245,1.350392,1.273691,-0.042285
2026-05-26 18:25:18.913,174.499834,0.000000,0.000000,0.000000,0.069744,-0.091744,-0.318927,-0.127386,-0.095200,-0.321479,-0.028821,-0.093472,-0.320203,0.017778,-0.104875,-0.299486,-0.031332,-0.123081,-0.255237,0.871294,0.758819,0.247881
2026-05-26 18:25:19.013,174.599833,0.000000,0.000000,0.000000,0.069744,-0.091744,-0.318927,-0.126579,-0.096242,-0.321398,-0.028417,-0.093993,-0.320163,0.017778,-0.104875,-0.299486,-0.031267,-0.122086,-0.255232,1.330803,1.255966,-0.020773
2026-05-26 18:25:19.113,174.699833,0.000000,0.000000,0.000000,0.069744,-0.091744,-0.318927,-0.126657,-0.095229,-0.321492,-0.028457,-0.093486,-0.320210,0.017778,-0.104875,-0.299486,-0.030621,-0.123109,-0.255251,0.544040,0.073212,-0.327407
2026-05-26 18:25:19.213,174.799833,0.000000,0.000000,0.000000,0.069533,-0.092744,-0.318839,-0.127386,-0.095200,-0.321479,-0.028927,-0.093972,-0.320159,0.017778,-0.104875,-0.299486,-0.031332,-0.123081,-0.255237,0.714720,0.792741,0.064219
2026-05-26 18:25:19.313,174.899833,0.000000,0.000000,0.000000,0.069533,-0.092744,-0.318839,-0.127306,-0.096213,-0.321385,-0.028887,-0.094479,-0.320112,0.017051,-0.104847,-0.299472,-0.031332,-0.123081,-0.255237,0.847509,0.622542,0.189042
2026-05-26 18:25:19.413,174.999833,0.000000,0.000000,0.000000,0.069955,-0.090744,-0.319016,-0.127465,-0.094187,-0.321573,-0.028755,-0.092465,-0.320294,0.017778,-0.104875,-0.299486,-0.031201,-0.121091,-0.255227,0.947168,0.858770,0.471717
2026-05-26 18:25:19.513,175.099833,0.000000,0.000000,0.000000,0.069955,-0.090744,-0.319016,-0.127386,-0.095200,-0.321479,-0.028715,-0.092972,-0.320247,0.017768,-0.104789,-0.300210,-0.031267,-0.122086,-0.255232,0.547858,0.081112,-0.328007
2026-05-26 18:25:19.613,175.199833,0.000000,0.000000,0.000000,0.069734,-0.091655,-0.319665,-0.127306,-0.096213,-0.321385,-0.028786,-0.093934,-0.320525,0.017778,-0.104875,-0.299486,-0.031267,-0.122086,-0.255232,0.804760,0.565296,0.169092
2026-05-26 18:25:19.713,175.299833,0.000000,0.000000,0.000000,0.069533,-0.092744,-0.318839,-0.127386,-0.095200,-0.321479,-0.028927,-0.093972,-0.320159,0.017051,-0.104847,-0.299472,-0.031267,-0.122086,-0.255232,1.299694,1.199742,-0.065930
2026-05-26 18:25:19.813,175.399833,0.000000,0.000000,0.000000,0.069955,-0.090744,-0.319016,-0.126657,-0.095229,-0.321492,-0.028351,-0.092986,-0.320254,0.017916,-0.103875,-0.299547,-0.031332,-0.123081,-0.255237,0.872647,0.745864,0.247197
2026-05-26 18:25:19.913,175.499833,0.000000,0.000000,0.000000,0.069955,-0.090744,-0.319016,-0.126736,-0.094216,-0.321586,-0.028390,-0.092480,-0.320301,0.017916,-0.103875,-0.299547,-0.031332,-0.123081,-0.255237,0.818303,0.585912,0.175684
2026-05-26 18:25:20.013,175.599833,0.000000,0.000000,0.000000,0.069744,-0.091744,-0.318927,-0.127386,-0.095200,-0.321479,-0.028821,-0.093472,-0.320203,0.017768,-0.104789,-0.300210,-0.031267,-0.122086,-0.255232,0.866194,0.732886,0.241054
2026-05-26 18:25:20.113,175.699832,0.000000,0.000000,0.000000,0.069744,-0.091744,-0.318927,-0.127306,-0.096213,-0.321385,-0.028781,-0.093978,-0.320156,0.017916,-0.103875,-0.299547,-0.031135,-0.120096,-0.255221,-0.073867,-0.101257,-0.297774
2026-05-26 18:25:20.213,175.799832,0.000000,0.000000,0.000000,0.069744,-0.091744,-0.318927,-0.126657,-0.095229,-0.321492,-0.028457,-0.093486,-0.320210,0.017778,-0.104875,-0.299486,-0.031267,-0.122086,-0.255232,1.010203,1.266980,-0.001003
2026-05-26 18:25:20.313,175.899832,0.000000,0.000000,0.000000,0.069533,-0.092744,-0.318839,-0.126657,-0.095229,-0.321492,-0.028562,-0.093986,-0.320166,0.017041,-0.104760,-0.300196,-0.031267,-0.122086,-0.255232,-0.074652,-0.005705,-0.303317
2026-05-26 18:25:20.413,175.999832,0.000000,0.000000,0.000000,0.069744,-0.091744,-0.318927,-0.127386,-0.095200,-0.321479,-0.028821,-0.093472,-0.320203,0.017188,-0.103847,-0.299533,-0.031267,-0.122086,-0.255232,0.971833,0.783141,0.486053
2026-05-26 18:25:20.513,176.099832,0.000000,0.000000,0.000000,0.069734,-0.091655,-0.319665,-0.127386,-0.095200,-0.321479,-0.028826,-0.093428,-0.320572,0.017051,-0.104847,-0.299472,-0.031267,-0.122086,-0.255232,0.852823,0.725671,0.197383
2026-05-26 18:25:20.613,176.199832,0.000000,0.000000,0.000000,0.069744,-0.091744,-0.318927,-0.126579,-0.096242,-0.321398,-0.028417,-0.093993,-0.320163,0.017916,-0.103875,-0.299547,-0.031267,-0.122086,-0.255232,0.827225,1.276393,-0.057812
2026-05-26 18:25:20.713,176.299832,0.000000,0.000000,0.000000,0.069955,-0.090744,-0.319016,-0.127386,-0.095200,-0.321479,-0.028715,-0.092972,-0.320247,0.017778,-0.104875,-0.299486,-0.031267,-0.122086,-0.255232,0.712222,0.786216,0.073758
2026-05-26 18:25:20.813,176.399832,0.000000,0.000000,0.000000,0.069744,-0.091744,-0.318927,-0.127226,-0.097226,-0.321291,-0.028741,-0.094485,-0.320109,0.017916,-0.103875,-0.299547,-0.031267,-0.122086,-0.255232,-0.073866,-0.100252,-0.297832
2026-05-26 18:25:20.913,176.499832,0.000000,0.000000,0.000000,0.069734,-0.091655,-0.319665,-0.126579,-0.096242,-0.321398,-0.028422,-0.093949,-0.320532,0.017916,-0.103875,-0.299547,-0.031267,-0.122086,-0.255232,0.902143,0.904737,0.428553
2026-05-26 18:25:21.013,176.599832,0.000000,0.000000,0.000000,0.069744,-0.091744,-0.318927,-0.126657,-0.095229,-0.321492,-0.028457,-0.093486,-0.320210,0.017778,-0.104875,-0.299486,-0.031332,-0.123081,-0.255237,-0.073866,-0.099246,-0.297891
2026-05-26 18:25:21.113,176.699831,0.000000,0.000000,0.000000,0.069533,-0.092744,-0.318839,-0.127386,-0.095200,-0.321479,-0.028927,-0.093972,-0.320159,0.017041,-0.104760,-0.300196,-0.031332,-0.123081,-0.255237,0.984464,0.666599,0.161048
2026-05-26 18:25:21.213,176.799831,0.000000,0.000000,0.000000,0.069744,-0.091744,-0.318927,-0.127386,-0.095200,-0.321479,-0.028821,-0.093472,-0.320203,0.017916,-0.103875,-0.299547,-0.031300,-0.122583,-0.255235,-0.074604,-0.085140,-0.298696
2026-05-26 18:25:21.313,176.899831,0.000000,0.000000,0.000000,0.069734,-0.091655,-0.319665,-0.127386,-0.095200,-0.321479,-0.028826,-0.093428,-0.320572,0.017768,-0.104789,-0.300210,-0.031267,-0.122086,-0.255232,0.931068,0.624659,-0.063095
2026-05-26 18:25:21.413,176.999831,0.000000,0.000000,0.000000,0.069744,-0.091744,-0.318927,-0.127386,-0.095200,-0.321479,-0.028821,-0.093472,-0.320203,0.017051,-0.104847,-0.299472,-0.031267,-0.122086,-0.255232,0.525426,0.047997,-0.327159
2026-05-26 18:25:21.513,177.099831,0.000000,0.000000,0.000000,0.069744,-0.091744,-0.318927,-0.127386,-0.095200,-0.321479,-0.028821,-0.093472,-0.320203,0.017041,-0.104760,-0.300196,-0.031332,-0.123081,-0.255237,0.835941,0.619812,0.153187
2026-05-26 18:25:21.613,177.199831,0.000000,0.000000,0.000000,0.069744,-0.091744,-0.318927,-0.127465,-0.094187,-0.321573,-0.028861,-0.092965,-0.320250,0.017051,-0.104847,-0.299472,-0.031267,-0.122086,-0.255232,-0.073867,-0.101257,-0.297774
2026-05-26 18:25:21.713,177.299831,0.000000,0.000000,0.000000,0.069955,-0.090744,-0.319016,-0.126736,-0.094216,-0.321586,-0.028390,-0.092480,-0.320301,0.017778,-0.104875,-0.299486,-0.031267,-0.122086,-0.255232,-0.074596,-0.098212,-0.297935
2026-05-26 18:25:21.813,177.399831,0.000000,0.000000,0.000000,0.069533,-0.092744,-0.318839,-0.127386,-0.095200,-0.321479,-0.028927,-0.093972,-0.320159,0.017041,-0.104760,-0.300196,-0.031267,-0.122086,-0.255232,0.961097,1.274396,-0.046019
2026-05-26 18:25:21.913,177.499831,0.000000,0.000000,0.000000,0.069955,-0.090744,-0.319016,-0.127386,-0.095200,-0.321479,-0.028715,-0.092972,-0.320247,0.017051,-0.104847,-0.299472,-0.031267,-0.122086,-0.255232,-0.074596,-0.098212,-0.297935
2026-05-26 18:25:22.013,177.599831,0.000000,0.000000,0.000000,0.069744,-0.091744,-0.318927,-0.127386,-0.095200,-0.321479,-0.028821,-0.093472,-0.320203,0.017041,-0.104760,-0.300196,-0.031201,-0.121091,-0.255227,0.824389,0.617758,0.149328
2026-05-26 18:25:22.113,177.699831,0.000000,0.000000,0.000000,0.069744,-0.091744,-0.318927,-0.126657,-0.095229,-0.321492,-0.028457,-0.093486,-0.320210,0.017051,-0.104847,-0.299472,-0.031267,-0.122086,-0.255232,-0.074596,-0.097207,-0.297994
2026-05-26 18:25:22.213,177.799830,0.000000,0.000000,0.000000,0.069744,-0.091744,-0.318927,-0.126657,-0.095229,-0.321492,-0.028457,-0.093486,-0.320210,0.017051,-0.104847,-0.299472,-0.031332,-0.123081,-0.255237,-0.074595,-0.099218,-0.297877
2026-05-26 18:25:22.313,177.899830,0.000000,0.000000,0.000000,0.069522,-0.092656,-0.319576,-0.127306,-0.096213,-0.321385,-0.028892,-0.094434,-0.320480,0.017778,-0.104875,-0.299486,-0.031342,-0.122996,-0.255945,0.987681,0.688293,0.162219
2026-05-26 18:25:22.413,177.999830,0.000000,0.000000,0.000000,0.069744,-0.091744,-0.318927,-0.127386,-0.095200,-0.321479,-0.028821,-0.093472,-0.320203,0.017778,-0.104875,-0.299486,-0.031267,-0.122086,-0.255232,0.850249,0.434752,0.109125
2026-05-26 18:25:22.513,178.099830,0.000000,0.000000,0.000000,0.069744,-0.091744,-0.318927,-0.126657,-0.095229,-0.321492,-0.028457,-0.093486,-0.320210,0.017778,-0.104875,-0.299486,-0.031201,-0.121091,-0.255227,-0.294641,0.003207,-0.351354
2026-05-26 18:25:22.613,178.199830,0.000000,0.000000,0.000000,0.069744,-0.091744,-0.318927,-0.127306,-0.096213,-0.321385,-0.028781,-0.093978,-0.320156,0.017778,-0.104875,-0.299486,-0.031070,-0.119100,-0.255216,0.545961,0.078062,-0.343631
2026-05-26 18:25:22.713,178.299830,0.000000,0.000000,0.000000,0.069744,-0.091744,-0.318927,-0.126736,-0.094216,-0.321586,-0.028496,-0.092980,-0.320257,0.016283,-0.104471,-0.302353,-0.031332,-0.123081,-0.255237,-0.073858,-0.083159,-0.298827
2026-05-26 18:25:22.813,178.399830,0.000000,0.000000,0.000000,0.069744,-0.091744,-0.318927,-0.127306,-0.096213,-0.321385,-0.028781,-0.093978,-0.320156,0.017051,-0.104847,-0.299472,-0.031332,-0.123081,-0.255237,0.717058,0.790425,0.061886
2026-05-26 18:25:22.913,178.499830,0.000000,0.000000,0.000000,0.069744,-0.091744,-0.318927,-0.126657,-0.095229,-0.321492,-0.028457,-0.093486,-0.320210,0.017188,-0.103847,-0.299533,-0.031267,-0.122086,-0.255232,0.988069,0.670544,0.151831
2026-05-26 18:25:23.013,178.599830,0.000000,0.000000,0.000000,0.069744,-0.091744,-0.318927,-0.127465,-0.094187,-0.321573,-0.028861,-0.092965,-0.320250,0.017188,-0.103847,-0.299533,-0.030610,-0.112134,-0.255179,-0.073858,-0.083159,-0.298827
2026-05-26 18:25:23.113,178.699830,0.000000,0.000000,0.000000,0.069955,-0.090744,-0.319016,-0.127386,-0.095200,-0.321479,-0.028715,-0.092972,-0.320247,0.017051,-0.104847,-0.299472,-0.031267,-0.122086,-0.255232,0.471568,0.273326,-0.339007
2026-05-26 18:25:23.213,178.799829,0.000000,0.000000,0.000000,0.069744,-0.091744,-0.318927,-0.126657,-0.095229,-0.321492,-0.028457,-0.093486,-0.320210,0.017188,-0.103847,-0.299533,-0.031267,-0.122086,-0.255232,-0.073859,-0.084164,-0.298768
2026-05-26 18:25:23.313,178.899829,0.000000,0.000000,0.000000,0.069955,-0.090744,-0.319016,-0.126579,-0.096242,-0.321398,-0.028312,-0.093493,-0.320207,0.017198,-0.103933,-0.298809,-0.031267,-0.122086,-0.255232,-0.073859,-0.084164,-0.298768
2026-05-26 18:25:23.413,178.999829,0.000000,0.000000,0.000000,0.069744,-0.091744,-0.318927,-0.127386,-0.095200,-0.321479,-0.028821,-0.093472,-0.320203,0.017188,-0.103847,-0.299533,-0.031201,-0.121091,-0.255227,1.012027,1.267388,0.020056
2026-05-26 18:25:23.513,179.099829,0.000000,0.000000,0.000000,0.069955,-0.090744,-0.319016,-0.127465,-0.094187,-0.321573,-0.028755,-0.092465,-0.320294,0.017198,-0.103933,-0.298809,-0.030600,-0.112221,-0.254460,0.817244,0.525693,0.170273
2026-05-26 18:25:23.613,179.199829,0.000000,0.000000,0.000000,0.069744,-0.091744,-0.318927,-0.127465,-0.094187,-0.321573,-0.028861,-0.092965,-0.320250,0.016469,-0.103905,-0.298795,-0.031060,-0.119186,-0.254504,0.990862,1.273875,0.040048
2026-05-26 18:25:23.713,179.299829,0.000000,0.000000,0.000000,0.069744,-0.091744,-0.318927,-0.126657,-0.095229,-0.321492,-0.028457,-0.093486,-0.320210,0.016334,-0.104905,-0.298735,-0.030666,-0.113216,-0.254466,-0.073826,-0.082421,-0.296653
2026-05-26 18:25:23.813,179.399829,0.000000,0.000000,0.000000,0.069744,-0.091744,-0.318927,-0.126736,-0.094216,-0.321586,-0.028496,-0.092980,-0.320257,0.016459,-0.103818,-0.299520,-0.030928,-0.117196,-0.254492,-0.073826,-0.082421,-0.296653
2026-05-26 18:25:23.913,179.499829,0.000000,0.000000,0.000000,0.069744,-0.091744,-0.318927,-0.126657,-0.095229,-0.321492,-0.028457,-0.093486,-0.320210,0.016459,-0.103818,-0.299520,-0.030994,-0.118191,-0.254498,-0.073111,-0.083188,-0.298841
2026-05-26 18:25:24.013,179.599829,0.000000,0.000000,0.000000,0.069955,-0.090744,-0.319016,-0.127465,-0.094187,-0.321573,-0.028755,-0.092465,-0.320294,0.016469,-0.103905,-0.298795,-0.030623,-0.112804,-0.253744,-0.073113,-0.084194,-0.298782
2026-05-26 18:25:24.113,179.699829,0.000000,0.000000,0.000000,0.069744,-0.091744,-0.318927,-0.127465,-0.094187,-0.321573,-0.028861,-0.092965,-0.320250,0.016469,-0.103905,-0.298795,-0.030984,-0.118276,-0.253785,-0.072364,-0.083218,-0.298855
2026-05-26 18:25:24.213,179.799829,0.000000,0.000000,0.000000,0.069533,-0.092744,-0.318839,-0.126657,-0.095229,-0.321492,-0.028562,-0.093986,-0.320166,0.016605,-0.102905,-0.298855,-0.030919,-0.117281,-0.253778,-0.073080,-0.083456,-0.296611
2026-05-26 18:25:24.313,179.899828,0.000000,0.000000,0.000000,0.069744,-0.091744,-0.318927,-0.127386,-0.095200,-0.321479,-0.028821,-0.093472,-0.320203,0.015875,-0.102876,-0.298841,-0.030919,-0.117281,-0.253778,-0.073080,-0.083456,-0.296611
2026-05-26 18:25:24.413,179.999828,0.000000,0.000000,0.000000,0.069955,-0.090744,-0.319016,-0.127306,-0.096213,-0.321385,-0.028675,-0.093478,-0.320200,0.015943,-0.102376,-0.298871,-0.030984,-0.118276,-0.253785,-0.073078,-0.082451,-0.296667
2026-05-26 18:25:24.513,180.099828,0.000000,0.000000,0.000000,0.069533,-0.092744,-0.318839,-0.127386,-0.095200,-0.321479,-0.028927,-0.093972,-0.320159,0.015875,-0.102876,-0.298841,-0.030843,-0.116372,-0.253055,-0.073078,-0.082451,-0.296667
2026-05-26 18:25:24.613,180.199828,0.000000,0.000000,0.000000,0.069744,-0.091744,-0.318927,-0.127386,-0.095200,-0.321479,-0.028821,-0.093472,-0.320203,0.016010,-0.101876,-0.298901,-0.030909,-0.117367,-0.253064,-0.072958,-0.007073,-0.300813
2026-05-26 18:25:24.713,180.299828,0.000000,0.000000,0.000000,0.069744,-0.091744,-0.318927,-0.127465,-0.094187,-0.321573,-0.028861,-0.092965,-0.320250,0.015875,-0.102876,-0.298841,-0.031040,-0.119356,-0.253081,-0.072125,-0.006101,-0.300884
2026-05-26 18:25:24.813,180.399828,0.000000,0.000000,0.000000,0.069955,-0.090744,-0.319016,-0.126814,-0.093203,-0.321680,-0.028429,-0.091973,-0.320348,0.015146,-0.102847,-0.298828,-0.030974,-0.118362,-0.253072,-0.072125,-0.006101,-0.300884
2026-05-26 18:25:24.913,180.499828,0.000000,0.000000,0.000000,0.069744,-0.091744,-0.318927,-0.127386,-0.095200,-0.321479,-0.028821,-0.093472,-0.320203,0.015146,-0.102847,-0.298828,-0.031681,-0.118419,-0.252346,-0.072114,-0.006200,-0.300057
2026-05-26 18:25:25.013,180.599828,0.000000,0.000000,0.000000,0.069744,-0.091744,-0.318927,-0.126657,-0.095229,-0.321492,-0.028457,-0.093486,-0.320210,0.015279,-0.101847,-0.298888,-0.031616,-0.117424,-0.252336,-0.072116,-0.007205,-0.300003
2026-05-26 18:25:25.113,180.699828,0.000000,0.000000,0.000000,0.069533,-0.092744,-0.318839,-0.126736,-0.094216,-0.321586,-0.028602,-0.093480,-0.320213,0.015279,-0.101847,-0.298888,-0.031616,-0.117424,-0.252336,-0.072114,-0.006200,-0.300057
2026-05-26 18:25:25.213,180.799828,0.000000,0.000000,0.000000,0.069734,-0.091655,-0.319665,-0.126657,-0.095229,-0.321492,-0.028462,-0.093442,-0.320579,0.015289,-0.101934,-0.298161,-0.031552,-0.116429,-0.252327,-0.071275,-0.004223,-0.300181
2026-05-26 18:25:25.313,180.899827,0.000000,0.000000,0.000000,0.069955,-0.090744,-0.319016,-0.127386,-0.095200,-0.321479,-0.028715,-0.092972,-0.320247,0.015413,-0.100847,-0.298948,-0.031616,-0.117424,-0.252336,-0.071283,-0.006233,-0.300073
2026-05-26 18:25:25.413,180.999827,0.000000,0.000000,0.000000,0.069744,-0.091744,-0.318927,-0.127465,-0.094187,-0.321573,-0.028861,-0.092965,-0.320250,0.014681,-0.100818,-0.298934,-0.031616,-0.117424,-0.252336,-0.071572,-0.082599,-0.295950
2026-05-26 18:25:25.513,181.099827,0.000000,0.000000,0.000000,0.069955,-0.090744,-0.319016,-0.127465,-0.094187,-0.321573,-0.028755,-0.092465,-0.320294,0.015546,-0.099847,-0.299008,-0.031552,-0.116429,-0.252327,-0.071576,-0.083604,-0.295896
2026-05-26 18:25:25.613,181.199827,0.000000,0.000000,0.000000,0.069744,-0.091744,-0.318927,-0.127306,-0.096213,-0.321385,-0.028781,-0.093978,-0.320156,0.014691,-0.100905,-0.298206,-0.031542,-0.116515,-0.251612,-0.071287,-0.007237,-0.300018
2026-05-26 18:25:25.713,181.299827,0.000000,0.000000,0.000000,0.069744,-0.091744,-0.318927,-0.127386,-0.095200,-0.321479,-0.028821,-0.093472,-0.320203,0.014691,-0.100905,-0.298206,-0.031542,-0.116515,-0.251612,-0.070829,-0.083633,-0.295910
2026-05-26 18:25:25.813,181.399827,0.000000,0.000000,0.000000,0.069734,-0.091655,-0.319665,-0.127465,-0.094187,-0.321573,-0.028866,-0.092921,-0.320619,0.014691,-0.100905,-0.298206,-0.031542,-0.116515,-0.251612,-0.070834,-0.084638,-0.295856
2026-05-26 18:25:25.913,181.499827,0.000000,0.000000,0.000000,0.069533,-0.092744,-0.318839,-0.127306,-0.096213,-0.321385,-0.028887,-0.094479,-0.320112,0.014691,-0.100905,-0.298206,-0.031606,-0.117510,-0.251623,-0.070829,-0.083633,-0.295910
2026-05-26 18:25:26.013,181.599827,0.000000,0.000000,0.000000,0.069533,-0.092744,-0.318839,-0.127465,-0.094187,-0.321573,-0.028966,-0.093466,-0.320206,0.014691,-0.100905,-0.298206,-0.032324,-0.117481,-0.251609,-0.070834,-0.084638,-0.295856
2026-05-26 18:25:26.113,181.699827,0.000000,0.000000,0.000000,0.069744,-0.091744,-0.318927,-0.126657,-0.095229,-0.321492,-0.028457,-0.093486,-0.320210,0.014691,-0.100905,-0.298206,-0.032187,-0.115578,-0.250872,-0.070834,-0.084638,-0.295856
2026-05-26 18:25:26.213,181.799827,0.000000,0.000000,0.000000,0.069744,-0.091744,-0.318927,-0.127306,-0.096213,-0.321385,-0.028781,-0.093978,-0.320156,0.014823,-0.099905,-0.298265,-0.032250,-0.116572,-0.250883,-0.070839,-0.085643,-0.295802
2026-05-26 18:25:26.313,181.899827,0.000000,0.000000,0.000000,0.069955,-0.090744,-0.319016,-0.127386,-0.095200,-0.321479,-0.028715,-0.092972,-0.320247,0.014091,-0.099876,-0.298251,-0.032250,-0.116572,-0.250883,-0.070094,-0.085672,-0.295815
2026-05-26 18:25:26.413,181.999826,0.000000,0.000000,0.000000,0.069744,-0.091744,-0.318927,-0.126657,-0.095229,-0.321492,-0.028457,-0.093486,-0.320210,0.013959,-0.100876,-0.298192,-0.032187,-0.115578,-0.250872,-0.070088,-0.084667,-0.295870
2026-05-26 18:25:26.513,182.099826,0.000000,0.000000,0.000000,0.069744,-0.091744,-0.318927,-0.126736,-0.094216,-0.321586,-0.028496,-0.092980,-0.320257,0.013828,-0.101876,-0.298134,-0.032187,-0.115578,-0.250872,-0.070088,-0.084667,-0.295870
2026-05-26 18:25:26.613,182.199826,0.000000,0.000000,0.000000,0.069744,-0.091744,-0.318927,-0.127465,-0.094187,-0.321573,-0.028861,-0.092965,-0.320250,0.013828,-0.101876,-0.298134,-0.032187,-0.115578,-0.250872,-0.070088,-0.084667,-0.295870
2026-05-26 18:25:26.713,182.299826,0.000000,0.000000,0.000000,0.069533,-0.092744,-0.318839,-0.127386,-0.095200,-0.321479,-0.028927,-0.093972,-0.320159,0.013828,-0.101876,-0.298134,-0.032187,-0.115578,-0.250872,-0.070094,-0.085672,-0.295815
2026-05-26 18:25:26.813,182.399826,0.000000,0.000000,0.000000,0.069734,-0.091655,-0.319665,-0.127465,-0.094187,-0.321573,-0.028866,-0.092921,-0.320619,0.013959,-0.100876,-0.298192,-0.032250,-0.116572,-0.250883,-0.070094,-0.085672,-0.295815
2026-05-26 18:25:26.913,182.499826,0.000000,0.000000,0.000000,0.069744,-0.091744,-0.318927,-0.127386,-0.095200,-0.321479,-0.028821,-0.093472,-0.320203,0.013828,-0.101876,-0.298134,-0.032250,-0.116572,-0.250883,-0.070088,-0.084667,-0.295870
2026-05-26 18:25:27.013,182.599826,0.000000,0.000000,0.000000,0.069734,-0.091655,-0.319665,-0.127386,-0.095200,-0.321479,-0.028826,-0.093428,-0.320572,0.013959,-0.100876,-0.298192,-0.032187,-0.115578,-0.250872,-0.070082,-0.083663,-0.295924
2026-05-26 18:25:27.113,182.699826,0.000000,0.000000,0.000000,0.069744,-0.091744,-0.318927,-0.127386,-0.095200,-0.321479,-0.028821,-0.093472,-0.320203,0.013959,-0.100876,-0.298192,-0.032187,-0.115578,-0.250872,-0.070077,-0.084756,-0.295128
2026-05-26 18:25:27.213,182.799826,0.000000,0.000000,0.000000,0.069955,-0.090744,-0.319016,-0.127386,-0.095200,-0.321479,-0.028715,-0.092972,-0.320247,0.013959,-0.100876,-0.298192,-0.032187,-0.115578,-0.250872,-0.069633,-0.008308,-0.299995
2026-05-26 18:25:27.313,182.899826,0.000000,0.000000,0.000000,0.069945,-0.090655,-0.319755,-0.127386,-0.095200,-0.321479,-0.028720,-0.092928,-0.320617,0.013959,-0.100876,-0.298192,-0.032218,-0.116075,-0.250878,-0.070094,-0.085672,-0.295815
2026-05-26 18:25:27.413,182.999825,0.000000,0.000000,0.000000,0.069744,-0.091744,-0.318927,-0.127386,-0.095200,-0.321479,-0.028821,-0.093472,-0.320203,0.013959,-0.100876,-0.298192,-0.032187,-0.115578,-0.250872,-0.070082,-0.083663,-0.295924
2026-05-26 18:25:27.513,183.099825,0.000000,0.000000,0.000000,0.069955,-0.090744,-0.319016,-0.127465,-0.094187,-0.321573,-0.028755,-0.092465,-0.320294,0.013959,-0.100876,-0.298192,-0.032187,-0.115578,-0.250872,-0.070088,-0.084667,-0.295870
2026-05-26 18:25:27.613,183.199825,0.000000,0.000000,0.000000,0.069744,-0.091744,-0.318927,-0.127465,-0.094187,-0.321573,-0.028861,-0.092965,-0.320250,0.013959,-0.100876,-0.298192,-0.032187,-0.115578,-0.250872,-0.070088,-0.084667,-0.295870
2026-05-26 18:25:27.713,183.299825,0.000000,0.000000,0.000000,0.069744,-0.091744,-0.318927,-0.127386,-0.095200,-0.321479,-0.028821,-0.093472,-0.320203,0.013959,-0.100876,-0.298192,-0.032187,-0.115578,-0.250872,-0.070082,-0.083663,-0.295924
2026-05-26 18:25:27.813,183.399825,0.000000,0.000000,0.000000,0.069744,-0.091744,-0.318927,-0.127465,-0.094187,-0.321573,-0.028861,-0.092965,-0.320250,0.013959,-0.100876,-0.298192,-0.032187,-0.115578,-0.250872,-0.070088,-0.084667,-0.295870
2026-05-26 18:25:27.913,183.499825,0.000000,0.000000,0.000000,0.069955,-0.090744,-0.319016,-0.127386,-0.095200,-0.321479,-0.028715,-0.092972,-0.320247,0.013959,-0.100876,-0.298192,-0.032123,-0.114583,-0.250860,-0.070088,-0.084667,-0.295870
2026-05-26 18:25:28.013,183.599825,0.000000,0.000000,0.000000,0.069744,-0.091744,-0.318927,-0.127386,-0.095200,-0.321479,-0.028821,-0.093472,-0.320203,0.013959,-0.100876,-0.298192,-0.032250,-0.116572,-0.250883,-0.070088,-0.084667,-0.295870
2026-05-26 18:25:28.113,183.699825,0.000000,0.000000,0.000000,0.069955,-0.090744,-0.319016,-0.126657,-0.095229,-0.321492,-0.028351,-0.092986,-0.320254,0.013959,-0.100876,-0.298192,-0.032187,-0.115578,-0.250872,-0.070088,-0.084667,-0.295870
2026-05-26 18:25:28.213,183.799825,0.000000,0.000000,0.000000,0.069955,-0.090744,-0.319016,-0.127386,-0.095200,-0.321479,-0.028715,-0.092972,-0.320247,0.013959,-0.100876,-0.298192,-0.032250,-0.116572,-0.250883,-0.070088,-0.084667,-0.295870
2026-05-26 18:25:28.313,183.899825,0.000000,0.000000,0.000000,0.069734,-0.091655,-0.319665,-0.127465,-0.094187,-0.321573,-0.028866,-0.092921,-0.320619,0.013959,-0.100876,-0.298192,-0.032123,-0.114583,-0.250860,-0.070088,-0.084667,-0.295870
2026-05-26 18:25:28.413,183.999825,0.000000,0.000000,0.000000,0.069522,-0.092656,-0.319576,-0.127386,-0.095200,-0.321479,-0.028932,-0.093928,-0.320527,0.013959,-0.100876,-0.298192,-0.032250,-0.116572,-0.250883,-0.070088,-0.084667,-0.295870
2026-05-26 18:25:28.513,184.099824,0.000000,0.000000,0.000000,0.069744,-0.091744,-0.318927,-0.127386,-0.095200,-0.321479,-0.028821,-0.093472,-0.320203,0.013959,-0.100876,-0.298192,-0.032155,-0.115081,-0.250866,-0.070082,-0.083663,-0.295924
2026-05-26 18:25:28.613,184.199824,0.000000,0.000000,0.000000,0.069955,-0.090744,-0.319016,-0.126579,-0.096242,-0.321398,-0.028312,-0.093493,-0.320207,0.013959,-0.100876,-0.298192,-0.032187,-0.115578,-0.250872,-0.070088,-0.084667,-0.295870
2026-05-26 18:25:28.713,184.299824,0.000000,0.000000,0.000000,0.069955,-0.090744,-0.319016,-0.127465,-0.094187,-0.321573,-0.028755,-0.092465,-0.320294,0.013828,-0.101876,-0.298134,-0.032187,-0.115578,-0.250872,-0.070088,-0.084667,-0.295870
2026-05-26 18:25:28.813,184.399824,0.000000,0.000000,0.000000,0.069955,-0.090744,-0.319016,-0.126736,-0.094216,-0.321586,-0.028390,-0.092480,-0.320301,0.013959,-0.100876,-0.298192,-0.032250,-0.116572,-0.250883,-0.070088,-0.084667,-0.295870
2026-05-26 18:25:28.913,184.499824,0.000000,0.000000,0.000000,0.069744,-0.091744,-0.318927,-0.127465,-0.094187,-0.321573,-0.028861,-0.092965,-0.320250,0.013828,-0.101876,-0.298134,-0.032123,-0.114583,-0.250860,-0.070088,-0.084667,-0.295870
2026-05-26 18:25:29.013,184.599824,0.000000,0.000000,0.000000,0.069734,-0.091655,-0.319665,-0.127386,-0.095200,-0.321479,-0.028826,-0.093428,-0.320572,0.013959,-0.100876,-0.298192,-0.032187,-0.115578,-0.250872,-0.070088,-0.084667,-0.295870
2026-05-26 18:25:29.113,184.699824,0.000000,0.000000,0.000000,0.069734,-0.091655,-0.319665,-0.127386,-0.095200,-0.321479,-0.028826,-0.093428,-0.320572,0.013959,-0.100876,-0.298192,-0.032187,-0.115578,-0.250872,-0.070088,-0.084667,-0.295870
2026-05-26 18:25:29.213,184.799824,0.000000,0.000000,0.000000,0.069744,-0.091744,-0.318927,-0.126657,-0.095229,-0.321492,-0.028457,-0.093486,-0.320210,0.013959,-0.100876,-0.298192,-0.032123,-0.114583,-0.250860,-0.070088,-0.084667,-0.295870
2026-05-26 18:25:29.313,184.899824,0.000000,0.000000,0.000000,0.069744,-0.091744,-0.318927,-0.126736,-0.094216,-0.321586,-0.028496,-0.092980,-0.320257,0.013959,-0.100876,-0.298192,-0.032250,-0.116572,-0.250883,-0.070088,-0.084667,-0.295870
2026-05-26 18:25:29.413,184.999824,0.000000,0.000000,0.000000,0.069734,-0.091655,-0.319665,-0.127386,-0.095200,-0.321479,-0.028826,-0.093428,-0.320572,0.013959,-0.100876,-0.298192,-0.032250,-0.116572,-0.250883,-0.070088,-0.084667,-0.295870
2026-05-26 18:25:29.513,185.099823,0.000000,0.000000,0.000000,0.069533,-0.092744,-0.318839,-0.126814,-0.093203,-0.321680,-0.028641,-0.092974,-0.320260,0.013828,-0.101876,-0.298134,-0.032218,-0.116075,-0.250878,-0.070088,-0.084667,-0.295870
2026-05-26 18:25:29.613,185.199823,0.000000,0.000000,0.000000,0.069744,-0.091744,-0.318927,-0.126579,-0.096242,-0.321398,-0.028417,-0.093993,-0.320163,0.013959,-0.100876,-0.298192,-0.032123,-0.114583,-0.250860,-0.070088,-0.084667,-0.295870
2026-05-26 18:25:29.713,185.299823,0.000000,0.000000,0.000000,0.069533,-0.092744,-0.318839,-0.127386,-0.095200,-0.321479,-0.028927,-0.093972,-0.320159,0.013828,-0.101876,-0.298134,-0.032218,-0.116075,-0.250878,-0.070088,-0.084667,-0.295870
2026-05-26 18:25:29.813,185.399823,0.000000,0.000000,0.000000,0.069522,-0.092656,-0.319576,-0.126736,-0.094216,-0.321586,-0.028607,-0.093436,-0.320581,0.013959,-0.100876,-0.298192,-0.032187,-0.115578,-0.250872,-0.070088,-0.084667,-0.295870
2026-05-26 18:25:29.913,185.499823,0.000000,0.000000,0.000000,0.069744,-0.091744,-0.318927,-0.127465,-0.094187,-0.321573,-0.028861,-0.092965,-0.320250,0.013959,-0.100876,-0.298192,-0.032123,-0.114583,-0.250860,-0.070088,-0.084667,-0.295870
2026-05-26 18:25:30.013,185.599823,0.000000,0.000000,0.000000,0.069744,-0.091744,-0.318927,-0.126657,-0.095229,-0.321492,-0.028457,-0.093486,-0.320210,0.013959,-0.100876,-0.298192,-0.032187,-0.115578,-0.250872,-0.070088,-0.084667,-0.295870
2026-05-26 18:25:30.113,185.699823,0.000000,0.000000,0.000000,0.069734,-0.091655,-0.319665,-0.126657,-0.095229,-0.321492,-0.028462,-0.093442,-0.320579,0.013959,-0.100876,-0.298192,-0.032187,-0.115578,-0.250872,-0.070094,-0.085672,-0.295815
2026-05-26 18:25:30.213,185.799823,0.000000,0.000000,0.000000,0.069744,-0.091744,-0.318927,-0.127386,-0.095200,-0.321479,-0.028821,-0.093472,-0.320203,0.013959,-0.100876,-0.298192,-0.032187,-0.115578,-0.250872,-0.070088,-0.084667,-0.295870
2026-05-26 18:25:30.313,185.899823,0.000000,0.000000,0.000000,0.069955,-0.090744,-0.319016,-0.127465,-0.094187,-0.321573,-0.028755,-0.092465,-0.320294,0.013959,-0.100876,-0.298192,-0.032123,-0.114583,-0.250860,-0.070088,-0.084667,-0.295870
2026-05-26 18:25:30.413,185.999823,0.000000,0.000000,0.000000,0.069744,-0.091744,-0.318927,-0.127465,-0.094187,-0.321573,-0.028861,-0.092965,-0.320250,0.013959,-0.100876,-0.298192,-0.032250,-0.116572,-0.250883,-0.070088,-0.084667,-0.295870
2026-05-26 18:25:30.513,186.099823,0.000000,0.000000,0.000000,0.069744,-0.091744,-0.318927,-0.127386,-0.095200,-0.321479,-0.028821,-0.093472,-0.320203,0.013828,-0.101876,-0.298134,-0.032250,-0.116572,-0.250883,-0.070094,-0.085672,-0.295815
2026-05-26 18:25:30.613,186.199822,0.000000,0.000000,0.000000,0.069744,-0.091744,-0.318927,-0.126657,-0.095229,-0.321492,-0.028457,-0.093486,-0.320210,0.013959,-0.100876,-0.298192,-0.032187,-0.115578,-0.250872,-0.070077,-0.084756,-0.295128
2026-05-26 18:25:30.713,186.299822,0.000000,0.000000,0.000000,0.069955,-0.090744,-0.319016,-0.127386,-0.095200,-0.321479,-0.028715,-0.092972,-0.320247,0.013959,-0.100876,-0.298192,-0.032187,-0.115578,-0.250872,-0.070094,-0.085672,-0.295815
2026-05-26 18:25:30.813,186.399822,0.000000,0.000000,0.000000,0.069744,-0.091744,-0.318927,-0.126736,-0.094216,-0.321586,-0.028496,-0.092980,-0.320257,0.013959,-0.100876,-0.298192,-0.032250,-0.116572,-0.250883,-0.070094,-0.085672,-0.295815
2026-05-26 18:25:30.913,186.499822,0.000000,0.000000,0.000000,0.069744,-0.091744,-0.318927,-0.126736,-0.094216,-0.321586,-0.028496,-0.092980,-0.320257,0.013959,-0.100876,-0.298192,-0.032187,-0.115578,-0.250872,-0.069860,-0.046487,-0.297932
2026-05-26 18:25:31.013,186.599822,0.000000,0.000000,0.000000,0.069744,-0.091744,-0.318927,-0.127465,-0.094187,-0.321573,-0.028861,-0.092965,-0.320250,0.013959,-0.100876,-0.298192,-0.032123,-0.114583,-0.250860,-0.070082,-0.083663,-0.295924
2026-05-26 18:25:31.113,186.699822,0.000000,0.000000,0.000000,0.069744,-0.091744,-0.318927,-0.127465,-0.094187,-0.321573,-0.028861,-0.092965,-0.320250,0.013959,-0.100876,-0.298192,-0.032250,-0.116572,-0.250883,-0.070088,-0.084667,-0.295870
2026-05-26 18:25:31.213,186.799822,0.000000,0.000000,0.000000,0.069734,-0.091655,-0.319665,-0.127386,-0.095200,-0.321479,-0.028826,-0.093428,-0.320572,0.013959,-0.100876,-0.298192,-0.032250,-0.116572,-0.250883,-0.070094,-0.085672,-0.295815
2026-05-26 18:25:31.313,186.899822,0.000000,0.000000,0.000000,0.069744,-0.091744,-0.318927,-0.127306,-0.096213,-0.321385,-0.028781,-0.093978,-0.320156,0.013959,-0.100876,-0.298192,-0.032187,-0.115578,-0.250872,-0.070094,-0.085672,-0.295815
2026-05-26 18:25:31.413,186.999822,0.000000,0.000000,0.000000,0.069744,-0.091744,-0.318927,-0.126736,-0.094216,-0.321586,-0.028496,-0.092980,-0.320257,0.013828,-0.101876,-0.298134,-0.032218,-0.116075,-0.250878,-0.070088,-0.084667,-0.295870
2026-05-26 18:25:31.513,187.099822,0.000000,0.000000,0.000000,0.069533,-0.092744,-0.318839,-0.126736,-0.094216,-0.321586,-0.028602,-0.093480,-0.320213,0.013959,-0.100876,-0.298192,-0.032250,-0.116572,-0.250883,-0.070082,-0.083663,-0.295924
2026-05-26 18:25:31.613,187.199821,0.000000,0.000000,0.000000,0.069533,-0.092744,-0.318839,-0.127386,-0.095200,-0.321479,-0.028927,-0.093972,-0.320159,0.013959,-0.100876,-0.298192,-0.032250,-0.116572,-0.250883,-0.070088,-0.084667,-0.295870
2026-05-26 18:25:31.713,187.299821,0.000000,0.000000,0.000000,0.069744,-0.091744,-0.318927,-0.127386,-0.095200,-0.321479,-0.028821,-0.093472,-0.320203,0.013959,-0.100876,-0.298192,-0.032123,-0.114583,-0.250860,-0.070094,-0.085672,-0.295815
2026-05-26 18:25:31.813,187.399821,0.000000,0.000000,0.000000,0.069744,-0.091744,-0.318927,-0.126736,-0.094216,-0.321586,-0.028496,-0.092980,-0.320257,0.013959,-0.100876,-0.298192,-0.032250,-0.116572,-0.250883,-0.070088,-0.084667,-0.295870
2026-05-26 18:25:31.913,187.499821,0.000000,0.000000,0.000000,0.069955,-0.090744,-0.319016,-0.127465,-0.094187,-0.321573,-0.028755,-0.092465,-0.320294,0.013959,-0.100876,-0.298192,-0.032250,-0.116572,-0.250883,-0.070094,-0.085672,-0.295815
2026-05-26 18:25:32.013,187.599821,0.000000,0.000000,0.000000,0.069744,-0.091744,-0.318927,-0.127306,-0.096213,-0.321385,-0.028781,-0.093978,-0.320156,0.013959,-0.100876,-0.298192,-0.032187,-0.115578,-0.250872,-0.070094,-0.085672,-0.295815
2026-05-26 18:25:32.113,187.699821,0.000000,0.000000,0.000000,0.069744,-0.091744,-0.318927,-0.127386,-0.095200,-0.321479,-0.028821,-0.093472,-0.320203,0.013959,-0.100876,-0.298192,-0.032123,-0.114583,-0.250860,-0.070088,-0.084667,-0.295870
2026-05-26 18:25:32.213,187.799821,0.000000,0.000000,0.000000,0.069744,-0.091744,-0.318927,-0.127386,-0.095200,-0.321479,-0.028821,-0.093472,-0.320203,0.013959,-0.100876,-0.298192,-0.032187,-0.115578,-0.250872,-0.070077,-0.084756,-0.295128
2026-05-26 18:25:32.313,187.899821,0.000000,0.000000,0.000000,0.069744,-0.091744,-0.318927,-0.126657,-0.095229,-0.321492,-0.028457,-0.093486,-0.320210,0.013959,-0.100876,-0.298192,-0.032250,-0.116572,-0.250883,-0.070094,-0.085672,-0.295815
2026-05-26 18:25:32.413,187.999821,0.000000,0.000000,0.000000,0.069734,-0.091655,-0.319665,-0.127386,-0.095200,-0.321479,-0.028826,-0.093428,-0.320572,0.013828,-0.101876,-0.298134,-0.032250,-0.116572,-0.250883,-0.070088,-0.084667,-0.295870
2026-05-26 18:25:32.513,188.099821,0.000000,0.000000,0.000000,0.069734,-0.091655,-0.319665,-0.126736,-0.094216,-0.321586,-0.028501,-0.092936,-0.320626,0.013959,-0.100876,-0.298192,-0.032187,-0.115578,-0.250872,-0.070088,-0.084667,-0.295870
2026-05-26 18:25:32.613,188.199821,0.000000,0.000000,0.000000,0.069533,-0.092744,-0.318839,-0.126657,-0.095229,-0.321492,-0.028562,-0.093986,-0.320166,0.013959,-0.100876,-0.298192,-0.032187,-0.115578,-0.250872,-0.069622,-0.008406,-0.299171
2026-05-26 18:25:32.713,188.299820,0.000000,0.000000,0.000000,0.069744,-0.091744,-0.318927,-0.127306,-0.096213,-0.321385,-0.028781,-0.093978,-0.320156,0.013959,-0.100876,-0.298192,-0.032187,-0.115578,-0.250872,-0.070088,-0.084667,-0.295870
2026-05-26 18:25:32.813,188.399820,0.000000,0.000000,0.000000,0.069522,-0.092656,-0.319576,-0.127465,-0.094187,-0.321573,-0.028971,-0.093421,-0.320574,0.013828,-0.101876,-0.298134,-0.032187,-0.115578,-0.250872,-0.070088,-0.084667,-0.295870
2026-05-26 18:25:32.913,188.499820,0.000000,0.000000,0.000000,0.069955,-0.090744,-0.319016,-0.127386,-0.095200,-0.321479,-0.028715,-0.092972,-0.320247,0.013959,-0.100876,-0.298192,-0.032187,-0.115578,-0.250872,-0.070088,-0.084667,-0.295870
2026-05-26 18:25:33.013,188.599820,0.000000,0.000000,0.000000,0.069744,-0.091744,-0.318927,-0.127386,-0.095200,-0.321479,-0.028821,-0.093472,-0.320203,0.013959,-0.100876,-0.298192,-0.032187,-0.115578,-0.250872,-0.070094,-0.085672,-0.295815
2026-05-26 18:25:33.113,188.699820,0.000000,0.000000,0.000000,0.069744,-0.091744,-0.318927,-0.127386,-0.095200,-0.321479,-0.028821,-0.093472,-0.320203,0.013828,-0.101876,-0.298134,-0.032123,-0.114583,-0.250860,-0.070088,-0.084667,-0.295870
2026-05-26 18:25:33.213,188.799820,0.000000,0.000000,0.000000,0.069744,-0.091744,-0.318927,-0.126736,-0.094216,-0.321586,-0.028496,-0.092980,-0.320257,0.013959,-0.100876,-0.298192,-0.032218,-0.116075,-0.250878,-0.070094,-0.085672,-0.295815
2026-05-26 18:25:33.313,188.899820,0.000000,0.000000,0.000000,0.069744,-0.091744,-0.318927,-0.127306,-0.096213,-0.321385,-0.028781,-0.093978,-0.320156,0.013959,-0.100876,-0.298192,-0.032250,-0.116572,-0.250883,-0.070077,-0.084756,-0.295128
2026-05-26 18:25:33.413,188.999820,0.000000,0.000000,0.000000,0.069013,-0.091803,-0.318176,-0.126736,-0.094216,-0.321586,-0.028861,-0.093009,-0.319881,0.013959,-0.100876,-0.298192,-0.032187,-0.115578,-0.250872,-0.069627,-0.007303,-0.300049
2026-05-26 18:25:33.513,189.099820,0.000000,0.000000,0.000000,0.069734,-0.091655,-0.319665,-0.127465,-0.094187,-0.321573,-0.028866,-0.092921,-0.320619,0.013894,-0.101376,-0.298163,-0.032187,-0.115578,-0.250872,-0.070088,-0.084667,-0.295870
2026-05-26 18:25:33.613,189.199820,0.000000,0.000000,0.000000,0.069744,-0.091744,-0.318927,-0.127465,-0.094187,-0.321573,-0.028861,-0.092965,-0.320250,0.014091,-0.099876,-0.298251,-0.032123,-0.114583,-0.250860,-0.070088,-0.084667,-0.295870
2026-05-26 18:25:33.713,189.299819,0.000000,0.000000,0.000000,0.069522,-0.092656,-0.319576,-0.127465,-0.094187,-0.321573,-0.028971,-0.093421,-0.320574,0.013959,-0.100876,-0.298192,-0.032250,-0.116572,-0.250883,-0.070088,-0.084667,-0.295870
