Format Version,1.23,Take Name,MDC_data_1784522476,Take Notes,,Capture Frame Rate,10,Export Frame Rate,10,Capture Start Time,2026-07-20 02:41:27 PM,Total Frames in Take,,Total Exported Frames,,Rotation Type,XYZ,Length Units,Meters,Coordinate Space,Global

,Type,Rigid Body Marker,Rigid Body Marker,Rigid Body Marker,Rigid Body Marker,Rigid Body Marker,Rigid Body Marker,Rigid Body Marker,Rigid Body Marker,Rigid Body Marker,Rigid Body Marker,Rigid Body Marker,Rigid Body Marker,Marker,Marker,Marker,Marker,Marker,Marker,Marker,Marker,Marker
,Name,Tag0,Tag0,Tag0,Tag1,Tag1,Tag1,Tag2,Tag2,Tag2,Midpoint,Midpoint,Midpoint,Purple,Purple,Purple,Pink,Pink,Pink,Green,Green,Green
,ID,Tag0,Tag0,Tag0,Tag1,Tag1,Tag1,Tag2,Tag2,Tag2,Midpoint,Midpoint,Midpoint,Purple,Purple,Purple,Pink,Pink,Pink,Green,Green,Green
,,Position,Position,Position,Position,Position,Position,Position,Position,Position,Position,Position,Position,Position,Position,Position,Position,Position,Position,Position,Position,Position
Timestamp,Time (Seconds),X,Y,Z,X,Y,Z,X,Y,Z,X,Y,Z,X,Y,Z,X,Y,Z,X,Y,Z
2026-07-20 14:41:27.011,0.000000,0.000000,0.000000,0.000000,0.310783,-0.395472,-0.281176,0.115199,-0.355946,-0.278570,0.212991,-0.375709,-0.279873,0.186899,-0.402010,-0.255417,0.203370,-0.415437,-0.212738,0.233645,-0.408831,-0.252620
2026-07-20 14:41:27.111,0.100000,0.000000,0.000000,0.000000,0.320844,-0.391991,-0.279959,0.125538,-0.356270,-0.278845,0.223191,-0.374130,-0.279402,0.197380,-0.400526,-0.254557,0.213834,-0.414552,-0.211968,0.243809,-0.408174,-0.251782
2026-07-20 14:41:27.211,0.200000,0.000000,0.000000,0.000000,0.324218,-0.376757,-0.292903,0.127107,-0.344930,-0.289164,0.225663,-0.360843,-0.291033,0.200344,-0.389259,-0.267479,0.217294,-0.403481,-0.225247,0.246228,-0.395351,-0.264958
2026-07-20 14:41:27.311,0.300000,0.000000,0.000000,0.000000,0.324345,-0.378769,-0.293519,0.127366,-0.344927,-0.289615,0.225856,-0.361848,-0.291567,0.200471,-0.391272,-0.268094,0.217405,-0.405368,-0.226717,0.246138,-0.398331,-0.265688
2026-07-20 14:41:27.411,0.400000,0.000000,0.000000,0.000000,0.324028,-0.373738,-0.291980,0.127049,-0.339896,-0.288076,0.225538,-0.356817,-0.290028,0.200153,-0.386240,-0.266555,0.217103,-0.400462,-0.224323,0.246887,-0.392528,-0.264079
2026-07-20 14:41:27.511,0.500000,0.000000,0.000000,0.000000,0.324106,-0.380728,-0.293903,0.127231,-0.348957,-0.290169,0.225668,-0.364842,-0.292036,0.200534,-0.392278,-0.268402,0.217484,-0.406500,-0.226170,0.246419,-0.398370,-0.265882
2026-07-20 14:41:27.611,0.599999,0.000000,0.000000,0.000000,0.324091,-0.374744,-0.292287,0.127112,-0.340902,-0.288384,0.225602,-0.357823,-0.290335,0.200217,-0.387247,-0.266863,0.217151,-0.401343,-0.225485,0.246935,-0.393407,-0.265251
2026-07-20 14:41:27.711,0.699999,0.000000,0.000000,0.000000,0.324472,-0.380782,-0.294134,0.127493,-0.346940,-0.290230,0.225983,-0.363861,-0.292182,0.200598,-0.393285,-0.268710,0.217548,-0.407507,-0.226478,0.247331,-0.399572,-0.266234
2026-07-20 14:41:27.811,0.799999,0.000000,0.000000,0.000000,0.324042,-0.379721,-0.293595,0.127300,-0.345935,-0.289697,0.225671,-0.362828,-0.291646,0.200471,-0.391272,-0.268094,0.217405,-0.405368,-0.226717,0.246355,-0.397364,-0.265574
2026-07-20 14:41:27.911,0.899999,0.000000,0.000000,0.000000,0.321157,-0.391040,-0.279912,0.124747,-0.355050,-0.278760,0.222952,-0.373045,-0.279336,0.197380,-0.400526,-0.254557,0.214015,-0.413482,-0.212689,0.244037,-0.407207,-0.251697
2026-07-20 14:41:28.011,0.999999,0.000000,0.000000,0.000000,0.310815,-0.382586,-0.299104,0.115005,-0.344313,-0.294111,0.212910,-0.363449,-0.296608,0.187197,-0.390986,-0.272618,0.204112,-0.406079,-0.230675,0.233759,-0.398578,-0.270617
2026-07-20 14:41:28.111,1.099999,0.000000,0.000000,0.000000,0.311119,-0.394529,-0.281130,0.115287,-0.354836,-0.279409,0.213203,-0.374682,-0.280269,0.186899,-0.402010,-0.255417,0.203358,-0.415338,-0.213596,0.233394,-0.409793,-0.252704
2026-07-20 14:41:28.211,1.199999,0.000000,0.000000,0.000000,0.323598,-0.372677,-0.291440,0.127642,-0.339968,-0.288554,0.225620,-0.356323,-0.289997,0.200026,-0.384228,-0.265939,0.216976,-0.398450,-0.223708,0.246760,-0.390515,-0.263464
2026-07-20 14:41:28.311,1.299999,0.000000,0.000000,0.000000,0.310783,-0.395472,-0.281176,0.115287,-0.354836,-0.279409,0.213035,-0.375154,-0.280292,0.186899,-0.402010,-0.255417,0.203358,-0.415338,-0.213596,0.233382,-0.409693,-0.253571
2026-07-20 14:41:28.411,1.399999,0.000000,0.000000,0.000000,0.324282,-0.377763,-0.293211,0.127220,-0.344798,-0.290274,0.225751,-0.361280,-0.291742,0.200407,-0.390266,-0.267786,0.217357,-0.404488,-0.225555,0.247141,-0.396553,-0.265311
2026-07-20 14:41:28.511,1.499999,0.000000,0.000000,0.000000,0.310783,-0.395472,-0.281176,0.115287,-0.354836,-0.279409,0.213035,-0.375154,-0.280292,0.186899,-0.402010,-0.255417,0.203358,-0.415338,-0.213596,0.232540,-0.409468,-0.253534
2026-07-20 14:41:28.611,1.599998,0.000000,0.000000,0.000000,0.324204,-0.370773,-0.291288,0.126839,-0.338760,-0.288427,0.225522,-0.354766,-0.289857,0.200026,-0.384228,-0.265939,0.216976,-0.398450,-0.223708,0.246760,-0.390515,-0.263464
2026-07-20 14:41:28.711,1.699998,0.000000,0.000000,0.000000,0.311089,-0.393511,-0.280854,0.115269,-0.353921,-0.278244,0.213179,-0.373716,-0.279549,0.186870,-0.400993,-0.255141,0.203329,-0.414321,-0.213319,0.232511,-0.408450,-0.253257
2026-07-20 14:41:28.811,1.799998,0.000000,0.000000,0.000000,0.323915,-0.377709,-0.292979,0.127239,-0.342915,-0.288999,0.225577,-0.360312,-0.290989,0.200344,-0.389259,-0.267479,0.217294,-0.403481,-0.225247,0.247077,-0.395547,-0.265003
2026-07-20 14:41:28.911,1.899998,0.000000,0.000000,0.000000,0.311148,-0.395546,-0.281407,0.115316,-0.355853,-0.279685,0.213232,-0.375699,-0.280546,0.186928,-0.403027,-0.255694,0.203399,-0.416454,-0.213014,0.233172,-0.411773,-0.253064
2026-07-20 14:41:29.011,1.999998,0.000000,0.000000,0.000000,0.323915,-0.377709,-0.292979,0.127173,-0.343922,-0.289081,0.225544,-0.360816,-0.291030,0.200344,-0.389259,-0.267479,0.217278,-0.403355,-0.226101,0.247077,-0.395547,-0.265003
2026-07-20 14:41:29.111,2.099998,0.000000,0.000000,0.000000,0.310947,-0.375616,-0.297114,0.114921,-0.337419,-0.291230,0.212934,-0.356517,-0.294172,0.186998,-0.384958,-0.270710,0.203913,-0.400051,-0.228768,0.233560,-0.392551,-0.268709
2026-07-20 14:41:29.211,2.199998,0.000000,0.000000,0.000000,0.324282,-0.377763,-0.293211,0.128023,-0.346006,-0.290401,0.226152,-0.361884,-0.291806,0.200407,-0.390266,-0.267786,0.217357,-0.404488,-0.225555,0.246292,-0.396358,-0.265266
2026-07-20 14:41:29.311,2.299998,0.000000,0.000000,0.000000,0.311119,-0.394529,-0.281130,0.115287,-0.354836,-0.279409,0.213203,-0.374682,-0.280269,0.186899,-0.402010,-0.255417,0.203358,-0.415338,-0.213596,0.232427,-0.410049,-0.252708
2026-07-20 14:41:29.411,2.399998,0.000000,0.000000,0.000000,0.310842,-0.397506,-0.281729,0.115345,-0.356870,-0.279962,0.213093,-0.377188,-0.280845,0.186957,-0.404044,-0.255970,0.203417,-0.417372,-0.214149,0.233201,-0.412790,-0.253340
2026-07-20 14:41:29.511,2.499998,0.000000,0.000000,0.000000,0.324091,-0.374744,-0.292287,0.127030,-0.341779,-0.289350,0.225561,-0.358262,-0.290819,0.200217,-0.387247,-0.266863,0.217167,-0.401469,-0.224631,0.246101,-0.393339,-0.264343
2026-07-20 14:41:29.611,2.599998,0.000000,0.000000,0.000000,0.323788,-0.375696,-0.292364,0.127046,-0.341910,-0.288466,0.225417,-0.358803,-0.290415,0.200217,-0.387247,-0.266863,0.217151,-0.401343,-0.225485,0.246950,-0.393534,-0.264387
2026-07-20 14:41:29.711,2.699997,0.000000,0.000000,0.000000,0.323598,-0.372677,-0.291440,0.126723,-0.340906,-0.287707,0.225160,-0.356792,-0.289574,0.200026,-0.384228,-0.265939,0.216976,-0.398450,-0.223708,0.246760,-0.390515,-0.263464
2026-07-20 14:41:29.811,2.799997,0.000000,0.000000,0.000000,0.323964,-0.372731,-0.291672,0.126919,-0.339897,-0.287850,0.225442,-0.356314,-0.289761,0.200090,-0.385234,-0.266247,0.216857,-0.400424,-0.224182,0.245757,-0.392293,-0.263842
2026-07-20 14:41:29.911,2.899997,0.000000,0.000000,0.000000,0.311211,-0.383652,-0.299657,0.115091,-0.346461,-0.293865,0.213151,-0.365057,-0.296761,0.187263,-0.392995,-0.273254,0.204158,-0.407953,-0.232164,0.233805,-0.400451,-0.272115
2026-07-20 14:41:30.011,2.999997,0.000000,0.000000,0.000000,0.324155,-0.375750,-0.292595,0.127027,-0.343793,-0.289739,0.225591,-0.359772,-0.291167,0.200280,-0.388253,-0.267171,0.217230,-0.402475,-0.224939,0.247014,-0.394541,-0.264695
2026-07-20 14:41:30.111,3.099997,0.000000,0.000000,0.000000,0.323725,-0.374690,-0.292056,0.126983,-0.340903,-0.288158,0.225354,-0.357797,-0.290107,0.200153,-0.386240,-0.266555,0.217103,-0.400462,-0.224323,0.245820,-0.393300,-0.264149
2026-07-20 14:41:30.211,3.199997,0.000000,0.000000,0.000000,0.310782,-0.381581,-0.298786,0.115066,-0.342303,-0.293703,0.212924,-0.361942,-0.296245,0.187164,-0.389981,-0.272300,0.204059,-0.404940,-0.231210,0.232863,-0.397219,-0.271108
2026-07-20 14:41:30.311,3.299997,0.000000,0.000000,0.000000,0.310881,-0.384595,-0.299740,0.115186,-0.345456,-0.293774,0.213034,-0.365026,-0.296757,0.187263,-0.392995,-0.273254,0.204178,-0.408088,-0.231311,0.232737,-0.401329,-0.271321
2026-07-20 14:41:30.411,3.399997,0.000000,0.000000,0.000000,0.323852,-0.376702,-0.292672,0.127043,-0.343924,-0.288856,0.225448,-0.360313,-0.290764,0.200280,-0.388253,-0.267171,0.217230,-0.402475,-0.224939,0.246056,-0.394829,-0.264708
2026-07-20 14:41:30.511,3.499997,0.000000,0.000000,0.000000,0.311454,-0.393585,-0.281084,0.115287,-0.354836,-0.279409,0.213370,-0.374210,-0.280246,0.186899,-0.402010,-0.255417,0.203370,-0.415437,-0.212738,0.233394,-0.409793,-0.252704
2026-07-20 14:41:30.611,3.599997,0.000000,0.000000,0.000000,0.311119,-0.394529,-0.281130,0.115199,-0.355946,-0.278570,0.213159,-0.375237,-0.279850,0.186899,-0.402010,-0.255417,0.203370,-0.415437,-0.212738,0.233394,-0.409793,-0.252704
2026-07-20 14:41:30.711,3.699996,0.000000,0.000000,0.000000,0.310980,-0.376620,-0.297432,0.114954,-0.338424,-0.291548,0.212967,-0.357522,-0.294490,0.187031,-0.385963,-0.271028,0.203946,-0.401056,-0.229086,0.232751,-0.393337,-0.268973
2026-07-20 14:41:30.811,3.799996,0.000000,0.000000,0.000000,0.323852,-0.376702,-0.292672,0.127225,-0.340769,-0.289496,0.225538,-0.358736,-0.291084,0.200280,-0.388253,-0.267171,0.217214,-0.402349,-0.225793,0.246165,-0.394345,-0.264650
2026-07-20 14:41:30.911,3.899996,0.000000,0.000000,0.000000,0.323964,-0.372731,-0.291672,0.126903,-0.339766,-0.288735,0.225434,-0.356249,-0.290203,0.200090,-0.385234,-0.266247,0.217024,-0.399330,-0.224870,0.245974,-0.391326,-0.263727
2026-07-20 14:41:31.011,3.999996,0.000000,0.000000,0.000000,0.311211,-0.383652,-0.299657,0.115091,-0.346461,-0.293865,0.213151,-0.365057,-0.296761,0.187263,-0.392995,-0.273254,0.204158,-0.407953,-0.232164,0.233825,-0.400588,-0.271253
2026-07-20 14:41:31.111,4.099996,0.000000,0.000000,0.000000,0.323725,-0.374690,-0.292056,0.126966,-0.340773,-0.289043,0.225345,-0.357731,-0.290549,0.200153,-0.386240,-0.266555,0.217103,-0.400462,-0.224323,0.246887,-0.392528,-0.264079
2026-07-20 14:41:31.211,4.199996,0.000000,0.000000,0.000000,0.310815,-0.382586,-0.299104,0.115099,-0.343308,-0.294021,0.212957,-0.362947,-0.296563,0.187197,-0.390986,-0.272618,0.204112,-0.406079,-0.230675,0.232916,-0.398360,-0.270563
2026-07-20 14:41:31.311,4.299996,0.000000,0.000000,0.000000,0.324091,-0.374744,-0.292287,0.127030,-0.341779,-0.289350,0.225561,-0.358262,-0.290819,0.200217,-0.387247,-0.266863,0.217151,-0.401343,-0.225485,0.246101,-0.393339,-0.264343
2026-07-20 14:41:31.411,4.399996,0.000000,0.000000,0.000000,0.324585,-0.376811,-0.293134,0.127303,-0.343921,-0.289307,0.225944,-0.360366,-0.291221,0.200407,-0.390266,-0.267786,0.217341,-0.404362,-0.226409,0.246074,-0.397325,-0.265381
2026-07-20 14:41:31.511,4.499996,0.000000,0.000000,0.000000,0.310749,-0.380577,-0.298468,0.115128,-0.340293,-0.293295,0.212938,-0.360435,-0.295882,0.187130,-0.388976,-0.271982,0.204045,-0.404070,-0.230039,0.232605,-0.397311,-0.270049
2026-07-20 14:41:31.611,4.599996,0.000000,0.000000,0.000000,0.310749,-0.380577,-0.298468,0.114959,-0.342443,-0.292593,0.212854,-0.361510,-0.295531,0.187130,-0.388976,-0.271982,0.204045,-0.404070,-0.230039,0.232850,-0.396351,-0.269927
2026-07-20 14:41:31.711,4.699996,0.000000,0.000000,0.000000,0.323915,-0.377709,-0.292979,0.127107,-0.344930,-0.289164,0.225511,-0.361319,-0.291072,0.200504,-0.388278,-0.267366,0.217278,-0.403355,-0.226101,0.247077,-0.395547,-0.265003
2026-07-20 14:41:31.811,4.799995,0.000000,0.000000,0.000000,0.324028,-0.373738,-0.291980,0.126983,-0.340903,-0.288158,0.225505,-0.357320,-0.290069,0.200153,-0.386240,-0.266555,0.217012,-0.400946,-0.224407,0.245820,-0.393300,-0.264149
2026-07-20 14:41:31.911,4.899995,0.000000,0.000000,0.000000,0.310815,-0.382586,-0.299104,0.115120,-0.343447,-0.293138,0.212967,-0.363017,-0.296121,0.187197,-0.390986,-0.272618,0.204112,-0.406079,-0.230675,0.233759,-0.398578,-0.270617
2026-07-20 14:41:32.011,4.999995,0.000000,0.000000,0.000000,0.323661,-0.373684,-0.291748,0.126919,-0.339897,-0.287850,0.225290,-0.356790,-0.289799,0.200090,-0.385234,-0.266247,0.217040,-0.399456,-0.224016,0.245757,-0.392293,-0.263842
2026-07-20 14:41:32.111,5.099995,0.000000,0.000000,0.000000,0.311177,-0.396563,-0.281683,0.115257,-0.357980,-0.279123,0.213217,-0.377271,-0.280403,0.186957,-0.404044,-0.255970,0.203428,-0.417471,-0.213291,0.232610,-0.411602,-0.253219
2026-07-20 14:41:32.211,5.199995,0.000000,0.000000,0.000000,0.324106,-0.380728,-0.293903,0.127364,-0.346941,-0.290005,0.225735,-0.363834,-0.291954,0.200534,-0.392278,-0.268402,0.217484,-0.406500,-0.226170,0.247268,-0.398566,-0.265926
2026-07-20 14:41:32.311,5.299995,0.000000,0.000000,0.000000,0.323393,-0.363675,-0.288901,0.126348,-0.330840,-0.285080,0.224870,-0.347257,-0.286991,0.199518,-0.376177,-0.263477,0.216468,-0.390399,-0.221245,0.246252,-0.382465,-0.261001
2026-07-20 14:41:32.411,5.399995,0.000000,0.000000,0.000000,0.310749,-0.380577,-0.298468,0.115033,-0.341298,-0.293385,0.212891,-0.360938,-0.295927,0.187319,-0.388001,-0.271862,0.204045,-0.404070,-0.230039,0.233447,-0.397529,-0.270103
2026-07-20 14:41:32.511,5.499995,0.000000,0.000000,0.000000,0.324282,-0.377763,-0.293211,0.127237,-0.344929,-0.289389,0.225759,-0.361346,-0.291300,0.200407,-0.390266,-0.267786,0.217357,-0.404488,-0.225555,0.246922,-0.397520,-0.265425
2026-07-20 14:41:32.611,5.599995,0.000000,0.000000,0.000000,0.311177,-0.396563,-0.281683,0.115345,-0.356870,-0.279962,0.213261,-0.376716,-0.280822,0.186957,-0.404044,-0.255970,0.203428,-0.417471,-0.213291,0.232598,-0.411502,-0.254087
2026-07-20 14:41:32.711,5.699995,0.000000,0.000000,0.000000,0.323485,-0.376648,-0.292440,0.126980,-0.342918,-0.288548,0.225232,-0.359783,-0.290494,0.200217,-0.387247,-0.266863,0.217167,-0.401469,-0.224631,0.246085,-0.393211,-0.265207
2026-07-20 14:41:32.811,5.799994,0.000000,0.000000,0.000000,0.311324,-0.401648,-0.283065,0.115404,-0.363065,-0.280506,0.213364,-0.382357,-0.281785,0.187104,-0.409130,-0.257352,0.203563,-0.422457,-0.215531,0.232745,-0.416587,-0.255469
2026-07-20 14:41:32.911,5.899994,0.000000,0.000000,0.000000,0.310485,-0.383529,-0.299187,0.114256,-0.343224,-0.293083,0.212371,-0.363376,-0.296135,0.187197,-0.390986,-0.272618,0.204112,-0.406079,-0.230675,0.232916,-0.398360,-0.270563
2026-07-20 14:41:33.011,5.999994,0.000000,0.000000,0.000000,0.324395,-0.373792,-0.292211,0.127030,-0.341779,-0.289350,0.225712,-0.357785,-0.290781,0.200217,-0.387247,-0.266863,0.217167,-0.401469,-0.224631,0.245884,-0.394306,-0.264457
2026-07-20 14:41:33.111,6.099994,0.000000,0.000000,0.000000,0.311542,-0.396636,-0.281913,0.115375,-0.357887,-0.280238,0.213458,-0.377262,-0.281076,0.186987,-0.405062,-0.256247,0.203458,-0.418488,-0.213567,0.232640,-0.412619,-0.253496
2026-07-20 14:41:33.211,6.199994,0.000000,0.000000,0.000000,0.324106,-0.380728,-0.293903,0.127430,-0.345933,-0.289923,0.225768,-0.363331,-0.291913,0.200534,-0.392278,-0.268402,0.217484,-0.406500,-0.226170,0.247268,-0.398566,-0.265926
2026-07-20 14:41:33.311,6.299994,0.000000,0.000000,0.000000,0.311013,-0.377625,-0.297750,0.114987,-0.339429,-0.291866,0.213000,-0.358527,-0.294808,0.187064,-0.386967,-0.271346,0.203960,-0.401926,-0.230256,0.233627,-0.394560,-0.269345
2026-07-20 14:41:33.411,6.399994,0.000000,0.000000,0.000000,0.311641,-0.385724,-0.300528,0.115191,-0.349475,-0.294819,0.213416,-0.367599,-0.297674,0.187362,-0.396009,-0.274207,0.204277,-0.411102,-0.232265,0.233081,-0.403383,-0.272153
2026-07-20 14:41:33.511,6.499994,0.000000,0.000000,0.000000,0.311311,-0.386666,-0.300611,0.115285,-0.348470,-0.294728,0.213298,-0.367568,-0.297669,0.187362,-0.396009,-0.274207,0.204257,-0.410967,-0.233118,0.232836,-0.404343,-0.272275
2026-07-20 14:41:33.611,6.599994,0.000000,0.000000,0.000000,0.324585,-0.376811,-0.293134,0.127237,-0.344929,-0.289389,0.225911,-0.360870,-0.291262,0.200407,-0.390266,-0.267786,0.217341,-0.404362,-0.226409,0.246292,-0.396358,-0.265266
2026-07-20 14:41:33.711,6.699994,0.000000,0.000000,0.000000,0.324282,-0.377763,-0.293211,0.127237,-0.344929,-0.289389,0.225759,-0.361346,-0.291300,0.200407,-0.390266,-0.267786,0.217341,-0.404362,-0.226409,0.246292,-0.396358,-0.265266
2026-07-20 14:41:33.811,6.799994,0.000000,0.000000,0.000000,0.311475,-0.380700,-0.298938,0.115214,-0.342442,-0.293047,0.213345,-0.361571,-0.295993,0.187385,-0.390011,-0.272498,0.204112,-0.406079,-0.230675,0.232916,-0.398360,-0.270563
2026-07-20 14:41:33.911,6.899993,0.000000,0.000000,0.000000,0.324282,-0.377763,-0.293211,0.127104,-0.346944,-0.289554,0.225693,-0.362354,-0.291382,0.200568,-0.389285,-0.267674,0.217341,-0.404362,-0.226409,0.246292,-0.396358,-0.265266
2026-07-20 14:41:34.011,6.999993,0.000000,0.000000,0.000000,0.310848,-0.383591,-0.299422,0.115153,-0.344452,-0.293456,0.213000,-0.364021,-0.296439,0.187418,-0.391015,-0.272816,0.204145,-0.407084,-0.230993,0.232704,-0.400325,-0.271003
2026-07-20 14:41:34.111,7.099993,0.000000,0.000000,0.000000,0.311443,-0.390685,-0.301883,0.115323,-0.353494,-0.296091,0.213383,-0.372089,-0.298987,0.187683,-0.399052,-0.275359,0.204409,-0.415121,-0.233537,0.232969,-0.408362,-0.273546
2026-07-20 14:41:34.211,7.199993,0.000000,0.000000,0.000000,0.323901,-0.371725,-0.291364,0.126839,-0.338760,-0.288427,0.225370,-0.355243,-0.289895,0.200026,-0.384228,-0.265939,0.216960,-0.398324,-0.224562,0.245911,-0.390320,-0.263419
2026-07-20 14:41:34.311,7.299993,0.000000,0.000000,0.000000,0.311079,-0.379634,-0.298385,0.115053,-0.341438,-0.292502,0.213066,-0.360536,-0.295444,0.187319,-0.388001,-0.271862,0.204045,-0.404070,-0.230039,0.233693,-0.396569,-0.269981
2026-07-20 14:41:34.411,7.399993,0.000000,0.000000,0.000000,0.311265,-0.399614,-0.282512,0.115545,-0.359017,-0.279853,0.213405,-0.379315,-0.281183,0.187239,-0.406118,-0.256719,0.203504,-0.420423,-0.214978,0.233277,-0.415741,-0.255036
2026-07-20 14:41:34.511,7.499993,0.000000,0.000000,0.000000,0.311211,-0.383652,-0.299657,0.115165,-0.345317,-0.294657,0.213188,-0.364485,-0.297157,0.187263,-0.392995,-0.273254,0.204178,-0.408088,-0.231311,0.232737,-0.401329,-0.271321
2026-07-20 14:41:34.611,7.599993,0.000000,0.000000,0.000000,0.311145,-0.381643,-0.299021,0.115214,-0.342442,-0.293047,0.213180,-0.362043,-0.296034,0.187385,-0.390011,-0.272498,0.204092,-0.405944,-0.231528,0.232916,-0.398360,-0.270563
2026-07-20 14:41:34.711,7.699993,0.000000,0.000000,0.000000,0.311112,-0.380639,-0.298703,0.114992,-0.343447,-0.292911,0.213052,-0.362043,-0.295807,0.187164,-0.389981,-0.272300,0.204078,-0.405074,-0.230357,0.232638,-0.398315,-0.270367
2026-07-20 14:41:34.811,7.799993,0.000000,0.000000,0.000000,0.310782,-0.381581,-0.298786,0.115276,-0.340433,-0.292638,0.213029,-0.361007,-0.295712,0.187164,-0.389981,-0.272300,0.204059,-0.404940,-0.231210,0.232883,-0.397356,-0.270245
2026-07-20 14:41:34.911,7.899992,0.000000,0.000000,0.000000,0.323788,-0.375696,-0.292364,0.126964,-0.342787,-0.289432,0.225376,-0.359242,-0.290898,0.200377,-0.386266,-0.266751,0.217350,-0.400501,-0.224465,0.246950,-0.393534,-0.264387
2026-07-20 14:41:35.011,7.999992,0.000000,0.000000,0.000000,0.311409,-0.378691,-0.298303,0.114959,-0.342443,-0.292593,0.213184,-0.360567,-0.295448,0.187130,-0.388976,-0.271982,0.204045,-0.404070,-0.230039,0.232605,-0.397311,-0.270049
2026-07-20 14:41:35.111,8.099992,0.000000,0.000000,0.000000,0.323979,-0.378715,-0.293287,0.127170,-0.345936,-0.289472,0.225575,-0.362326,-0.291379,0.200568,-0.389285,-0.267674,0.217357,-0.404488,-0.225555,0.246292,-0.396358,-0.265266
2026-07-20 14:41:35.211,8.199992,0.000000,0.000000,0.000000,0.311079,-0.379634,-0.298385,0.115053,-0.341438,-0.292502,0.213066,-0.360536,-0.295444,0.187319,-0.388001,-0.271862,0.204045,-0.404070,-0.230039,0.233693,-0.396569,-0.269981
2026-07-20 14:41:35.311,8.299992,0.000000,0.000000,0.000000,0.311079,-0.379634,-0.298385,0.115053,-0.341438,-0.292502,0.213066,-0.360536,-0.295444,0.187319,-0.388001,-0.271862,0.204045,-0.404070,-0.230039,0.232850,-0.396351,-0.269927
2026-07-20 14:41:35.411,8.399992,0.000000,0.000000,0.000000,0.311211,-0.383652,-0.299657,0.115186,-0.345456,-0.293774,0.213199,-0.364554,-0.296715,0.187263,-0.392995,-0.273254,0.204178,-0.408088,-0.231311,0.232982,-0.400369,-0.271199
2026-07-20 14:41:35.511,8.499992,0.000000,0.000000,0.000000,0.311311,-0.386666,-0.300611,0.115170,-0.349336,-0.295701,0.213240,-0.368001,-0.298156,0.187551,-0.395034,-0.274087,0.204277,-0.411102,-0.232265,0.232836,-0.404343,-0.272275
2026-07-20 14:41:35.611,8.599992,0.000000,0.000000,0.000000,0.311311,-0.386666,-0.300611,0.115474,-0.346461,-0.294545,0.213392,-0.366564,-0.297578,0.187551,-0.395034,-0.274087,0.204257,-0.410967,-0.233118,0.233081,-0.403383,-0.272153
2026-07-20 14:41:35.711,8.699992,0.000000,0.000000,0.000000,0.311483,-0.394602,-0.281361,0.115228,-0.356963,-0.278847,0.213356,-0.375782,-0.280104,0.186928,-0.403027,-0.255694,0.203387,-0.416355,-0.213872,0.232319,-0.411447,-0.253893
2026-07-20 14:41:35.811,8.799992,0.000000,0.000000,0.000000,0.310616,-0.376558,-0.297196,0.114827,-0.338424,-0.291322,0.212722,-0.357491,-0.294259,0.186998,-0.384958,-0.270710,0.203893,-0.399916,-0.229620,0.232698,-0.392196,-0.269518
2026-07-20 14:41:35.911,8.899992,0.000000,0.000000,0.000000,0.324712,-0.378823,-0.293750,0.127297,-0.347949,-0.290087,0.226005,-0.363386,-0.291919,0.200534,-0.392278,-0.268402,0.217484,-0.406500,-0.226170,0.246419,-0.398370,-0.265882
2026-07-20 14:41:36.011,8.999991,0.000000,0.000000,0.000000,0.324585,-0.376811,-0.293134,0.127170,-0.345936,-0.289472,0.225878,-0.361373,-0.291303,0.200407,-0.390266,-0.267786,0.217357,-0.404488,-0.225555,0.246922,-0.397520,-0.265425
2026-07-20 14:41:36.111,9.099991,0.000000,0.000000,0.000000,0.311211,-0.383652,-0.299657,0.115280,-0.344452,-0.293683,0.213246,-0.364052,-0.296670,0.187452,-0.392020,-0.273134,0.204158,-0.407953,-0.232164,0.232982,-0.400369,-0.271199
2026-07-20 14:41:36.211,9.199991,0.000000,0.000000,0.000000,0.310881,-0.384595,-0.299740,0.115186,-0.345456,-0.293774,0.213034,-0.365026,-0.296757,0.187452,-0.392020,-0.273134,0.204178,-0.408088,-0.231311,0.232982,-0.400369,-0.271199
2026-07-20 14:41:36.311,9.299991,0.000000,0.000000,0.000000,0.323964,-0.372731,-0.291672,0.126919,-0.339897,-0.287850,0.225442,-0.356314,-0.289761,0.200090,-0.385234,-0.266247,0.217024,-0.399330,-0.224870,0.245974,-0.391326,-0.263727
2026-07-20 14:41:36.411,9.399991,0.000000,0.000000,0.000000,0.323979,-0.378715,-0.293287,0.127237,-0.344929,-0.289389,0.225608,-0.361822,-0.291338,0.200568,-0.389285,-0.267674,0.217357,-0.404488,-0.225555,0.246292,-0.396358,-0.265266
2026-07-20 14:41:36.511,9.499991,0.000000,0.000000,0.000000,0.311178,-0.382648,-0.299339,0.115153,-0.344452,-0.293456,0.213165,-0.363550,-0.296398,0.187230,-0.391990,-0.272936,0.204125,-0.406949,-0.231846,0.233526,-0.400406,-0.271918
2026-07-20 14:41:36.611,9.599991,0.000000,0.000000,0.000000,0.310683,-0.378568,-0.297832,0.114987,-0.339429,-0.291866,0.212835,-0.358998,-0.294849,0.187253,-0.385992,-0.271226,0.203960,-0.401926,-0.230256,0.233627,-0.394560,-0.269345
2026-07-20 14:41:36.711,9.699991,0.000000,0.000000,0.000000,0.311442,-0.379696,-0.298621,0.115087,-0.342443,-0.292820,0.213264,-0.361069,-0.295720,0.187164,-0.389981,-0.272300,0.204078,-0.405074,-0.230357,0.232883,-0.397356,-0.270245
2026-07-20 14:41:36.811,9.799991,0.000000,0.000000,0.000000,0.311211,-0.383652,-0.299657,0.115186,-0.345456,-0.293774,0.213199,-0.364554,-0.296715,0.187452,-0.392020,-0.273134,0.204178,-0.408088,-0.231311,0.232982,-0.400369,-0.271199
2026-07-20 14:41:36.911,9.899991,0.000000,0.000000,0.000000,0.324091,-0.374744,-0.292287,0.127046,-0.341910,-0.288466,0.225569,-0.358327,-0.290377,0.200217,-0.387247,-0.266863,0.217151,-0.401343,-0.225485,0.246101,-0.393339,-0.264343
2026-07-20 14:41:37.011,9.999990,0.000000,0.000000,0.000000,0.311178,-0.382648,-0.299339,0.115153,-0.344452,-0.293456,0.213165,-0.363550,-0.296398,0.187418,-0.391015,-0.272816,0.204145,-0.407084,-0.230993,0.232827,-0.399845,-0.270942
2026-07-20 14:41:37.111,10.099990,0.000000,0.000000,0.000000,0.323788,-0.375696,-0.292364,0.127112,-0.340902,-0.288384,0.225450,-0.358299,-0.290374,0.200217,-0.387247,-0.266863,0.217151,-0.401343,-0.225485,0.245868,-0.394179,-0.265320
2026-07-20 14:41:37.211,10.199990,0.000000,0.000000,0.000000,0.310683,-0.378568,-0.297832,0.114893,-0.340434,-0.291958,0.212788,-0.359501,-0.294895,0.187253,-0.385992,-0.271226,0.203979,-0.402060,-0.229404,0.232764,-0.394205,-0.270154
2026-07-20 14:41:37.311,10.299990,0.000000,0.000000,0.000000,0.310815,-0.382586,-0.299104,0.115120,-0.343447,-0.293138,0.212967,-0.363017,-0.296121,0.187197,-0.390986,-0.272618,0.204112,-0.406079,-0.230675,0.233759,-0.398578,-0.270617
2026-07-20 14:41:37.411,10.399990,0.000000,0.000000,0.000000,0.310782,-0.381581,-0.298786,0.115087,-0.342443,-0.292820,0.212934,-0.362012,-0.295803,0.187352,-0.389006,-0.272180,0.204078,-0.405074,-0.230357,0.232883,-0.397356,-0.270245
2026-07-20 14:41:37.511,10.499990,0.000000,0.000000,0.000000,0.311178,-0.382648,-0.299339,0.115153,-0.344452,-0.293456,0.213165,-0.363550,-0.296398,0.187230,-0.391990,-0.272936,0.204125,-0.406949,-0.231846,0.232949,-0.399365,-0.270881
2026-07-20 14:41:37.611,10.599990,0.000000,0.000000,0.000000,0.311178,-0.382648,-0.299339,0.115153,-0.344452,-0.293456,0.213165,-0.363550,-0.296398,0.187230,-0.391990,-0.272936,0.204145,-0.407084,-0.230993,0.232704,-0.400325,-0.271003
2026-07-20 14:41:37.711,10.699990,0.000000,0.000000,0.000000,0.311177,-0.396563,-0.281683,0.115458,-0.355965,-0.279023,0.213317,-0.376264,-0.280353,0.187151,-0.403066,-0.255889,0.203428,-0.417471,-0.213291,0.233189,-0.412690,-0.254207
2026-07-20 14:41:37.811,10.799990,0.000000,0.000000,0.000000,0.311575,-0.383714,-0.299892,0.115124,-0.347466,-0.294183,0.213350,-0.365590,-0.297038,0.187485,-0.393024,-0.273451,0.204211,-0.409093,-0.231629,0.233015,-0.401374,-0.271517
2026-07-20 14:41:37.911,10.899990,0.000000,0.000000,0.000000,0.311148,-0.395546,-0.281407,0.115228,-0.356963,-0.278847,0.213188,-0.376254,-0.280127,0.186928,-0.403027,-0.255694,0.203507,-0.415971,-0.212947,0.232319,-0.411447,-0.253893
2026-07-20 14:41:38.011,10.999990,0.000000,0.000000,0.000000,0.310815,-0.382586,-0.299104,0.115099,-0.343308,-0.294021,0.212957,-0.362947,-0.296563,0.187385,-0.390011,-0.272498,0.204112,-0.406079,-0.230675,0.234005,-0.397619,-0.270495
2026-07-20 14:41:38.111,11.099989,0.000000,0.000000,0.000000,0.323979,-0.378715,-0.293287,0.127237,-0.344929,-0.289389,0.225608,-0.361822,-0.291338,0.200407,-0.390266,-0.267786,0.217357,-0.404488,-0.225555,0.246292,-0.396358,-0.265266
2026-07-20 14:41:38.211,11.199989,0.000000,0.000000,0.000000,0.324409,-0.379775,-0.293826,0.127297,-0.347949,-0.290087,0.225853,-0.363862,-0.291957,0.200695,-0.391297,-0.268290,0.217468,-0.406374,-0.227024,0.246201,-0.399338,-0.265996
2026-07-20 14:41:38.311,11.299989,0.000000,0.000000,0.000000,0.311542,-0.382710,-0.299574,0.115186,-0.345456,-0.293774,0.213364,-0.364083,-0.296674,0.187263,-0.392995,-0.273254,0.204178,-0.408088,-0.231311,0.232737,-0.401329,-0.271321
2026-07-20 14:41:38.411,11.399989,0.000000,0.000000,0.000000,0.323725,-0.374690,-0.292056,0.126916,-0.341911,-0.288240,0.225320,-0.358301,-0.290148,0.200153,-0.386240,-0.266555,0.217103,-0.400462,-0.224323,0.246038,-0.392333,-0.264035
2026-07-20 14:41:38.511,11.499989,0.000000,0.000000,0.000000,0.311508,-0.381705,-0.299256,0.115058,-0.345457,-0.293547,0.213283,-0.363581,-0.296402,0.187230,-0.391990,-0.272936,0.204145,-0.407084,-0.230993,0.232949,-0.399365,-0.270881
2026-07-20 14:41:38.611,11.599989,0.000000,0.000000,0.000000,0.311145,-0.381643,-0.299021,0.115025,-0.344452,-0.293229,0.213085,-0.363048,-0.296125,0.187197,-0.390986,-0.272618,0.204092,-0.405944,-0.231528,0.233759,-0.398578,-0.270617
2026-07-20 14:41:38.711,11.699989,0.000000,0.000000,0.000000,0.310842,-0.397506,-0.281729,0.115257,-0.357980,-0.279123,0.213049,-0.377743,-0.280426,0.186957,-0.404044,-0.255970,0.203417,-0.417372,-0.214149,0.233189,-0.412690,-0.254207
2026-07-20 14:41:38.811,11.799989,0.000000,0.000000,0.000000,0.311112,-0.380639,-0.298703,0.115087,-0.342443,-0.292820,0.213099,-0.361541,-0.295762,0.187352,-0.389006,-0.272180,0.204059,-0.404940,-0.231210,0.233726,-0.397574,-0.270299
2026-07-20 14:41:38.911,11.899989,0.000000,0.000000,0.000000,0.311079,-0.379634,-0.298385,0.115053,-0.341438,-0.292502,0.213066,-0.360536,-0.295444,0.187319,-0.388001,-0.271862,0.204045,-0.404070,-0.230039,0.232850,-0.396351,-0.269927
2026-07-20 14:41:39.011,11.999989,0.000000,0.000000,0.000000,0.311542,-0.396636,-0.281913,0.115387,-0.357990,-0.279350,0.213464,-0.377313,-0.280632,0.186987,-0.405062,-0.256247,0.203458,-0.418488,-0.213567,0.233470,-0.412744,-0.254401
2026-07-20 14:41:39.111,12.099988,0.000000,0.000000,0.000000,0.310815,-0.382586,-0.299104,0.115120,-0.343447,-0.293138,0.212967,-0.363017,-0.296121,0.187385,-0.390011,-0.272498,0.204112,-0.406079,-0.230675,0.232896,-0.398224,-0.271426
2026-07-20 14:41:39.211,12.199988,0.000000,0.000000,0.000000,0.311244,-0.384657,-0.299975,0.115219,-0.346461,-0.294092,0.213232,-0.365559,-0.297033,0.187296,-0.394000,-0.273571,0.204211,-0.409093,-0.231629,0.233015,-0.401374,-0.271517
2026-07-20 14:41:39.311,12.299988,0.000000,0.000000,0.000000,0.311657,-0.386226,-0.300687,0.115207,-0.349977,-0.294978,0.213432,-0.368102,-0.297832,0.187379,-0.396511,-0.274366,0.204274,-0.411470,-0.233277,0.233941,-0.404104,-0.272366
2026-07-20 14:41:39.411,12.399988,0.000000,0.000000,0.000000,0.324458,-0.374798,-0.292519,0.127176,-0.341908,-0.288691,0.225817,-0.358353,-0.290605,0.200441,-0.387272,-0.267059,0.217214,-0.402349,-0.225793,0.247014,-0.394541,-0.264695
2026-07-20 14:41:39.511,12.499988,0.000000,0.000000,0.000000,0.310871,-0.398523,-0.282006,0.115387,-0.357990,-0.279350,0.213129,-0.378256,-0.280678,0.186987,-0.405062,-0.256247,0.203230,-0.419355,-0.214559,0.233482,-0.412845,-0.253533
2026-07-20 14:41:39.611,12.599988,0.000000,0.000000,0.000000,0.311178,-0.382648,-0.299339,0.115058,-0.345457,-0.293547,0.213118,-0.364052,-0.296443,0.187418,-0.391015,-0.272816,0.204145,-0.407084,-0.230993,0.232684,-0.400188,-0.271864
2026-07-20 14:41:39.711,12.699988,0.000000,0.000000,0.000000,0.311475,-0.380700,-0.298938,0.115025,-0.344452,-0.293229,0.213250,-0.362576,-0.296084,0.187197,-0.390986,-0.272618,0.204112,-0.406079,-0.230675,0.232651,-0.399184,-0.271546
2026-07-20 14:41:39.811,12.799988,0.000000,0.000000,0.000000,0.311145,-0.381643,-0.299021,0.115120,-0.343447,-0.293138,0.213132,-0.362545,-0.296080,0.187197,-0.390986,-0.272618,0.204092,-0.405944,-0.231528,0.232916,-0.398360,-0.270563
2026-07-20 14:41:39.911,12.899988,0.000000,0.000000,0.000000,0.311244,-0.384657,-0.299975,0.115124,-0.347466,-0.294183,0.213184,-0.366062,-0.297079,0.187296,-0.394000,-0.273571,0.204211,-0.409093,-0.231629,0.232995,-0.401238,-0.272379
2026-07-20 14:41:40.011,12.999988,0.000000,0.000000,0.000000,0.311575,-0.383714,-0.299892,0.115124,-0.347466,-0.294183,0.213350,-0.365590,-0.297038,0.187296,-0.394000,-0.273571,0.204211,-0.409093,-0.231629,0.232750,-0.402198,-0.272500
2026-07-20 14:41:40.111,13.099988,0.000000,0.000000,0.000000,0.310881,-0.384595,-0.299740,0.115186,-0.345456,-0.293774,0.213034,-0.365026,-0.296757,0.187263,-0.392995,-0.273254,0.204158,-0.407953,-0.232164,0.232737,-0.401329,-0.271321
2026-07-20 14:41:40.211,13.199987,0.000000,0.000000,0.000000,0.311046,-0.378629,-0.298067,0.114926,-0.341438,-0.292276,0.212986,-0.360034,-0.295171,0.187286,-0.386997,-0.271544,0.203993,-0.402930,-0.230574,0.232797,-0.395210,-0.270472
2026-07-20 14:41:40.311,13.299987,0.000000,0.000000,0.000000,0.324585,-0.376811,-0.293134,0.127303,-0.343921,-0.289307,0.225944,-0.360366,-0.291221,0.200407,-0.390266,-0.267786,0.217357,-0.404488,-0.225555,0.246292,-0.396358,-0.265266
2026-07-20 14:41:40.411,13.399987,0.000000,0.000000,0.000000,0.311079,-0.379634,-0.298385,0.114959,-0.342443,-0.292593,0.213019,-0.361038,-0.295489,0.187130,-0.388976,-0.271982,0.204026,-0.403935,-0.230892,0.232830,-0.396215,-0.270790
2026-07-20 14:41:40.511,13.499987,0.000000,0.000000,0.000000,0.311265,-0.399614,-0.282512,0.115345,-0.361031,-0.279953,0.213305,-0.380322,-0.281233,0.187239,-0.406118,-0.256719,0.203516,-0.420522,-0.214120,0.232698,-0.414653,-0.254049
2026-07-20 14:41:40.611,13.599987,0.000000,0.000000,0.000000,0.311641,-0.385724,-0.300528,0.115191,-0.349475,-0.294819,0.213416,-0.367599,-0.297674,0.187362,-0.396009,-0.274207,0.204257,-0.410967,-0.233118,0.233924,-0.403602,-0.272207
2026-07-20 14:41:40.711,13.699987,0.000000,0.000000,0.000000,0.310980,-0.387609,-0.300694,0.115380,-0.347466,-0.294636,0.213180,-0.367537,-0.297665,0.187362,-0.396009,-0.274207,0.204257,-0.410967,-0.233118,0.234171,-0.402642,-0.272085
2026-07-20 14:41:40.811,13.799987,0.000000,0.000000,0.000000,0.311112,-0.380639,-0.298703,0.115181,-0.341438,-0.292729,0.213147,-0.361038,-0.295716,0.187352,-0.389006,-0.272180,0.204078,-0.405074,-0.230357,0.232883,-0.397356,-0.270245
2026-07-20 14:41:40.911,13.899987,0.000000,0.000000,0.000000,0.311145,-0.381643,-0.299021,0.115214,-0.342442,-0.293047,0.213180,-0.362043,-0.296034,0.187197,-0.390986,-0.272618,0.204092,-0.405944,-0.231528,0.232916,-0.398360,-0.270563
2026-07-20 14:41:41.011,13.999987,0.000000,0.000000,0.000000,0.311278,-0.385662,-0.300293,0.115252,-0.347466,-0.294410,0.213265,-0.366564,-0.297351,0.187329,-0.395004,-0.273889,0.204244,-0.410097,-0.231947,0.233891,-0.402597,-0.271889
2026-07-20 14:41:41.111,14.099987,0.000000,0.000000,0.000000,0.311442,-0.379696,-0.298621,0.114992,-0.343447,-0.292911,0.213217,-0.361572,-0.295766,0.187164,-0.389981,-0.272300,0.204059,-0.404940,-0.231210,0.232863,-0.397219,-0.271108
2026-07-20 14:41:41.211,14.199986,0.000000,0.000000,0.000000,0.323979,-0.378715,-0.293287,0.127303,-0.343921,-0.289307,0.225641,-0.361318,-0.291297,0.200568,-0.389285,-0.267674,0.217357,-0.404488,-0.225555,0.246276,-0.396230,-0.266130
2026-07-20 14:41:41.311,14.299986,0.000000,0.000000,0.000000,0.311162,-0.382146,-0.299180,0.115231,-0.342945,-0.293206,0.213196,-0.362545,-0.296193,0.187213,-0.391488,-0.272777,0.204128,-0.406581,-0.230834,0.233776,-0.399081,-0.270776
2026-07-20 14:41:41.411,14.399986,0.000000,0.000000,0.000000,0.311211,-0.383652,-0.299657,0.115186,-0.345456,-0.293774,0.213199,-0.364554,-0.296715,0.187263,-0.392995,-0.273254,0.204178,-0.408088,-0.231311,0.232982,-0.400369,-0.271199
2026-07-20 14:41:41.511,14.499986,0.000000,0.000000,0.000000,0.311641,-0.385724,-0.300528,0.115285,-0.348470,-0.294728,0.213463,-0.367097,-0.297628,0.187362,-0.396009,-0.274207,0.204277,-0.411102,-0.232265,0.233905,-0.403465,-0.273069
2026-07-20 14:41:41.611,14.599986,0.000000,0.000000,0.000000,0.310782,-0.381581,-0.298786,0.114992,-0.343447,-0.292911,0.212887,-0.362514,-0.295849,0.187352,-0.389006,-0.272180,0.204078,-0.405074,-0.230357,0.232883,-0.397356,-0.270245
2026-07-20 14:41:41.711,14.699986,0.000000,0.000000,0.000000,0.311641,-0.385724,-0.300528,0.115285,-0.348470,-0.294728,0.213463,-0.367097,-0.297628,0.187362,-0.396009,-0.274207,0.204277,-0.411102,-0.232265,0.233062,-0.403247,-0.273015
2026-07-20 14:41:41.811,14.799986,0.000000,0.000000,0.000000,0.322387,-0.400079,-0.267329,0.126081,-0.363046,-0.266528,0.224234,-0.381563,-0.266929,0.198588,-0.408709,-0.241772,0.215201,-0.420424,-0.198646,0.244166,-0.416081,-0.238699
2026-07-20 14:41:41.911,14.899986,0.000000,0.000000,0.000000,0.311244,-0.384657,-0.299975,0.114449,-0.345233,-0.293945,0.212847,-0.364945,-0.296960,0.187485,-0.393024,-0.273451,0.204211,-0.409093,-0.231629,0.233015,-0.401374,-0.271517
2026-07-20 14:41:42.011,14.999986,0.000000,0.000000,0.000000,0.311608,-0.384719,-0.300210,0.115346,-0.346461,-0.294318,0.213477,-0.365590,-0.297264,0.187329,-0.395004,-0.273889,0.204244,-0.410097,-0.231947,0.233048,-0.402379,-0.271835
2026-07-20 14:41:42.111,15.099986,0.000000,0.000000,0.000000,0.311178,-0.382648,-0.299339,0.115153,-0.344452,-0.293456,0.213165,-0.363550,-0.296398,0.187418,-0.391015,-0.272816,0.204145,-0.407084,-0.230993,0.232949,-0.399365,-0.270881
2026-07-20 14:41:42.211,15.199986,0.000000,0.000000,0.000000,0.311145,-0.381643,-0.299021,0.115214,-0.342442,-0.293047,0.213180,-0.362043,-0.296034,0.187197,-0.390986,-0.272618,0.204112,-0.406079,-0.230675,0.232896,-0.398224,-0.271426
2026-07-20 14:41:42.311,15.299985,0.000000,0.000000,0.000000,0.311145,-0.381643,-0.299021,0.115214,-0.342442,-0.293047,0.213180,-0.362043,-0.296034,0.187197,-0.390986,-0.272618,0.204112,-0.406079,-0.230675,0.232896,-0.398224,-0.271426
2026-07-20 14:41:42.411,15.399985,0.000000,0.000000,0.000000,0.311575,-0.383714,-0.299892,0.115313,-0.345456,-0.294001,0.213444,-0.364585,-0.296946,0.187296,-0.394000,-0.273571,0.204211,-0.409093,-0.231629,0.233015,-0.401374,-0.271517
2026-07-20 14:41:42.511,15.499985,0.000000,0.000000,0.000000,0.311311,-0.386666,-0.300611,0.115285,-0.348470,-0.294728,0.213298,-0.367568,-0.297669,0.187362,-0.396009,-0.274207,0.204257,-0.410967,-0.233118,0.233081,-0.403383,-0.272153
2026-07-20 14:41:42.611,15.599985,0.000000,0.000000,0.000000,0.311079,-0.379634,-0.298385,0.115148,-0.340433,-0.292411,0.213113,-0.360034,-0.295398,0.187130,-0.388976,-0.271982,0.204045,-0.404070,-0.230039,0.233939,-0.395610,-0.269859
2026-07-20 14:41:42.711,15.699985,0.000000,0.000000,0.000000,0.310914,-0.385600,-0.300058,0.115219,-0.346461,-0.294092,0.213067,-0.366031,-0.297075,0.187296,-0.394000,-0.273571,0.204211,-0.409093,-0.231629,0.233015,-0.401374,-0.271517
2026-07-20 14:41:42.811,15.799985,0.000000,0.000000,0.000000,0.311079,-0.379634,-0.298385,0.115148,-0.340433,-0.292411,0.213113,-0.360034,-0.295398,0.187130,-0.388976,-0.271982,0.204026,-0.403935,-0.230892,0.232850,-0.396351,-0.269927
2026-07-20 14:41:42.911,15.899985,0.000000,0.000000,0.000000,0.311013,-0.377625,-0.297750,0.114987,-0.339429,-0.291866,0.213000,-0.358527,-0.294808,0.187253,-0.385992,-0.271226,0.203979,-0.402060,-0.229404,0.232539,-0.395301,-0.269413
2026-07-20 14:41:43.011,15.999985,0.000000,0.000000,0.000000,0.310732,-0.380074,-0.298309,0.114942,-0.341940,-0.292434,0.212837,-0.361007,-0.295372,0.187114,-0.388474,-0.271823,0.204029,-0.403567,-0.229880,0.232833,-0.395849,-0.269768
2026-07-20 14:41:43.111,16.099985,0.000000,0.000000,0.000000,0.311641,-0.385724,-0.300528,0.115191,-0.349475,-0.294819,0.213416,-0.367599,-0.297674,0.187362,-0.396009,-0.274207,0.204277,-0.411102,-0.232265,0.233081,-0.403383,-0.272153
2026-07-20 14:41:43.211,16.199985,0.000000,0.000000,0.000000,0.310881,-0.384595,-0.299740,0.115186,-0.345456,-0.293774,0.213034,-0.365026,-0.296757,0.187263,-0.392995,-0.273254,0.204158,-0.407953,-0.232164,0.232737,-0.401329,-0.271321
2026-07-20 14:41:43.311,16.299984,0.000000,0.000000,0.000000,0.310782,-0.381581,-0.298786,0.115087,-0.342443,-0.292820,0.212934,-0.362012,-0.295803,0.187164,-0.389981,-0.272300,0.204059,-0.404940,-0.231210,0.232883,-0.397356,-0.270245
2026-07-20 14:41:43.411,16.399984,0.000000,0.000000,0.000000,0.311508,-0.381705,-0.299256,0.115153,-0.344452,-0.293456,0.213331,-0.363079,-0.296356,0.187230,-0.391990,-0.272936,0.204145,-0.407084,-0.230993,0.232929,-0.399228,-0.271743
2026-07-20 14:41:43.511,16.499984,0.000000,0.000000,0.000000,0.311542,-0.382710,-0.299574,0.115186,-0.345456,-0.293774,0.213364,-0.364083,-0.296674,0.187263,-0.392995,-0.273254,0.204178,-0.408088,-0.231311,0.232962,-0.400233,-0.272061
2026-07-20 14:41:43.611,16.599984,0.000000,0.000000,0.000000,0.311442,-0.379696,-0.298621,0.115181,-0.341438,-0.292729,0.213312,-0.360567,-0.295675,0.187352,-0.389006,-0.272180,0.204059,-0.404940,-0.231210,0.232883,-0.397356,-0.270245
2026-07-20 14:41:43.711,16.699984,0.000000,0.000000,0.000000,0.311211,-0.383652,-0.299657,0.115091,-0.346461,-0.293865,0.213151,-0.365057,-0.296761,0.187263,-0.392995,-0.273254,0.204158,-0.407953,-0.232164,0.232962,-0.400233,-0.272061
2026-07-20 14:41:43.811,16.799984,0.000000,0.000000,0.000000,0.311046,-0.378629,-0.298067,0.115020,-0.340433,-0.292184,0.213033,-0.359531,-0.295126,0.187097,-0.387972,-0.271664,0.204012,-0.403065,-0.229722,0.233660,-0.395565,-0.269663
2026-07-20 14:41:43.911,16.899984,0.000000,0.000000,0.000000,0.311442,-0.379696,-0.298621,0.114992,-0.343447,-0.292911,0.213217,-0.361572,-0.295766,0.187164,-0.389981,-0.272300,0.204078,-0.405074,-0.230357,0.232883,-0.397356,-0.270245
2026-07-20 14:41:44.011,16.999984,0.000000,0.000000,0.000000,0.310959,-0.401575,-0.282835,0.115374,-0.362048,-0.280229,0.213167,-0.381811,-0.281532,0.187075,-0.408113,-0.257076,0.203534,-0.421440,-0.215254,0.232727,-0.415671,-0.254325
2026-07-20 14:41:44.111,17.099984,0.000000,0.000000,0.000000,0.311211,-0.383652,-0.299657,0.115186,-0.345456,-0.293774,0.213199,-0.364554,-0.296715,0.187263,-0.392995,-0.273254,0.204178,-0.408088,-0.231311,0.232962,-0.400233,-0.272061
2026-07-20 14:41:44.211,17.199984,0.000000,0.000000,0.000000,0.311046,-0.378629,-0.298067,0.115115,-0.339429,-0.292093,0.213080,-0.359029,-0.295080,0.187097,-0.387972,-0.271664,0.204012,-0.403065,-0.229722,0.232817,-0.395346,-0.269609
2026-07-20 14:41:44.311,17.299984,0.000000,0.000000,0.000000,0.311442,-0.379696,-0.298621,0.115087,-0.342443,-0.292820,0.213264,-0.361069,-0.295720,0.187352,-0.389006,-0.272180,0.204078,-0.405074,-0.230357,0.232883,-0.397356,-0.270245
2026-07-20 14:41:44.411,17.399983,0.000000,0.000000,0.000000,0.311112,-0.380639,-0.298703,0.115181,-0.341438,-0.292729,0.213147,-0.361038,-0.295716,0.187164,-0.389981,-0.272300,0.204078,-0.405074,-0.230357,0.232618,-0.398179,-0.271228
2026-07-20 14:41:44.511,17.499983,0.000000,0.000000,0.000000,0.310881,-0.384595,-0.299740,0.114323,-0.345233,-0.293719,0.212602,-0.364914,-0.296729,0.187263,-0.392995,-0.273254,0.204178,-0.408088,-0.231311,0.233825,-0.400588,-0.271253
2026-07-20 14:41:44.611,17.599983,0.000000,0.000000,0.000000,0.311112,-0.380639,-0.298703,0.115181,-0.341438,-0.292729,0.213147,-0.361038,-0.295716,0.187164,-0.389981,-0.272300,0.204059,-0.404940,-0.231210,0.232863,-0.397219,-0.271108
2026-07-20 14:41:44.711,17.699983,0.000000,0.000000,0.000000,0.311608,-0.384719,-0.300210,0.115346,-0.346461,-0.294318,0.213477,-0.365590,-0.297264,0.187329,-0.395004,-0.273889,0.204244,-0.410097,-0.231947,0.233048,-0.402379,-0.271835
2026-07-20 14:41:44.811,17.799983,0.000000,0.000000,0.000000,0.311475,-0.380700,-0.298938,0.115120,-0.343447,-0.293138,0.213297,-0.362074,-0.296038,0.187197,-0.390986,-0.272618,0.204112,-0.406079,-0.230675,0.232916,-0.398360,-0.270563
2026-07-20 14:41:44.911,17.899983,0.000000,0.000000,0.000000,0.311244,-0.384657,-0.299975,0.115030,-0.348471,-0.294274,0.213137,-0.366564,-0.297125,0.187296,-0.394000,-0.273571,0.204211,-0.409093,-0.231629,0.232995,-0.401238,-0.272379
2026-07-20 14:41:45.011,17.999983,0.000000,0.000000,0.000000,0.324472,-0.380782,-0.294134,0.127427,-0.347948,-0.290313,0.225950,-0.364365,-0.292224,0.200598,-0.393285,-0.268710,0.217548,-0.407507,-0.226478,0.246482,-0.399377,-0.266190
2026-07-20 14:41:45.111,18.099983,0.000000,0.000000,0.000000,0.311244,-0.384657,-0.299975,0.115219,-0.346461,-0.294092,0.213232,-0.365559,-0.297033,0.187485,-0.393024,-0.273451,0.204211,-0.409093,-0.231629,0.233015,-0.401374,-0.271517
2026-07-20 14:41:45.211,18.199983,0.000000,0.000000,0.000000,0.311112,-0.380639,-0.298703,0.114992,-0.343447,-0.292911,0.213052,-0.362043,-0.295807,0.187164,-0.389981,-0.272300,0.204078,-0.405074,-0.230357,0.233128,-0.396396,-0.270123
2026-07-20 14:41:45.311,18.299983,0.000000,0.000000,0.000000,0.311211,-0.383652,-0.299657,0.115186,-0.345456,-0.293774,0.213199,-0.364554,-0.296715,0.187263,-0.392995,-0.273254,0.204178,-0.408088,-0.231311,0.232982,-0.400369,-0.271199
2026-07-20 14:41:45.411,18.399982,0.000000,0.000000,0.000000,0.324282,-0.377763,-0.293211,0.127237,-0.344929,-0.289389,0.225759,-0.361346,-0.291300,0.200407,-0.390266,-0.267786,0.217357,-0.404488,-0.225555,0.246292,-0.396358,-0.265266
2026-07-20 14:41:45.511,18.499982,0.000000,0.000000,0.000000,0.311211,-0.383652,-0.299657,0.115091,-0.346461,-0.293865,0.213151,-0.365057,-0.296761,0.187452,-0.392020,-0.273134,0.204178,-0.408088,-0.231311,0.232982,-0.400369,-0.271199
2026-07-20 14:41:45.611,18.599982,0.000000,0.000000,0.000000,0.311575,-0.383714,-0.299892,0.115219,-0.346461,-0.294092,0.213397,-0.365088,-0.296992,0.187296,-0.394000,-0.273571,0.204211,-0.409093,-0.231629,0.232750,-0.402198,-0.272500
2026-07-20 14:41:45.711,18.699982,0.000000,0.000000,0.000000,0.311641,-0.385724,-0.300528,0.115285,-0.348470,-0.294728,0.213463,-0.367097,-0.297628,0.187551,-0.395034,-0.274087,0.204257,-0.410967,-0.233118,0.233081,-0.403383,-0.272153
2026-07-20 14:41:45.811,18.799982,0.000000,0.000000,0.000000,0.311475,-0.380700,-0.298938,0.114256,-0.343224,-0.293083,0.212866,-0.361962,-0.296011,0.187385,-0.390011,-0.272498,0.204112,-0.406079,-0.230675,0.233759,-0.398578,-0.270617
2026-07-20 14:41:45.911,18.899982,0.000000,0.000000,0.000000,0.311278,-0.385662,-0.300293,0.115157,-0.348470,-0.294501,0.213218,-0.367066,-0.297397,0.187518,-0.394029,-0.273769,0.204244,-0.410097,-0.231947,0.233891,-0.402597,-0.271889
2026-07-20 14:41:46.011,18.999982,0.000000,0.000000,0.000000,0.311178,-0.371659,-0.296077,0.114822,-0.334406,-0.290277,0.213000,-0.353032,-0.293177,0.187088,-0.380969,-0.269636,0.203814,-0.397037,-0.227814,0.233441,-0.389401,-0.268618
2026-07-20 14:41:46.111,19.099982,0.000000,0.000000,0.000000,0.311311,-0.386666,-0.300611,0.115285,-0.348470,-0.294728,0.213298,-0.367568,-0.297669,0.187551,-0.395034,-0.274087,0.204277,-0.411102,-0.232265,0.233081,-0.403383,-0.272153
2026-07-20 14:41:46.211,19.199982,0.000000,0.000000,0.000000,0.310881,-0.384595,-0.299740,0.115280,-0.344452,-0.293683,0.213081,-0.364523,-0.296711,0.187452,-0.392020,-0.273134,0.204178,-0.408088,-0.231311,0.232982,-0.400369,-0.271199
2026-07-20 14:41:46.311,19.299982,0.000000,0.000000,0.000000,0.311145,-0.381643,-0.299021,0.115214,-0.342442,-0.293047,0.213180,-0.362043,-0.296034,0.187197,-0.390986,-0.272618,0.204112,-0.406079,-0.230675,0.232916,-0.398360,-0.270563
2026-07-20 14:41:46.411,19.399981,0.000000,0.000000,0.000000,0.311112,-0.380639,-0.298703,0.115087,-0.342443,-0.292820,0.213099,-0.361541,-0.295762,0.187352,-0.389006,-0.272180,0.204059,-0.404940,-0.231210,0.232863,-0.397219,-0.271108
2026-07-20 14:41:46.511,19.499981,0.000000,0.000000,0.000000,0.310782,-0.381581,-0.298786,0.115087,-0.342443,-0.292820,0.212934,-0.362012,-0.295803,0.187164,-0.389981,-0.272300,0.204078,-0.405074,-0.230357,0.232883,-0.397356,-0.270245
2026-07-20 14:41:46.611,19.599981,0.000000,0.000000,0.000000,0.311112,-0.380639,-0.298703,0.115181,-0.341438,-0.292729,0.213147,-0.361038,-0.295716,0.187164,-0.389981,-0.272300,0.204059,-0.404940,-0.231210,0.233726,-0.397574,-0.270299
2026-07-20 14:41:46.711,19.699981,0.000000,0.000000,0.000000,0.322755,-0.400152,-0.267555,0.125983,-0.366091,-0.266810,0.224369,-0.383121,-0.267183,0.198644,-0.409734,-0.242016,0.215256,-0.421449,-0.198890,0.244438,-0.416062,-0.239759
2026-07-20 14:41:46.811,19.799981,0.000000,0.000000,0.000000,0.311311,-0.386666,-0.300611,0.115285,-0.348470,-0.294728,0.213298,-0.367568,-0.297669,0.187362,-0.396009,-0.274207,0.204277,-0.411102,-0.232265,0.233924,-0.403602,-0.272207
2026-07-20 14:41:46.911,19.899981,0.000000,0.000000,0.000000,0.311575,-0.383714,-0.299892,0.114262,-0.347243,-0.294128,0.212918,-0.365479,-0.297010,0.187296,-0.394000,-0.273571,0.204211,-0.409093,-0.231629,0.233015,-0.401374,-0.271517
2026-07-20 14:41:47.011,19.999981,0.000000,0.000000,0.000000,0.311211,-0.383652,-0.299657,0.115375,-0.343447,-0.293591,0.213293,-0.363550,-0.296624,0.187263,-0.392995,-0.273254,0.204178,-0.408088,-0.231311,0.232962,-0.400233,-0.272061
2026-07-20 14:41:47.111,20.099981,0.000000,0.000000,0.000000,0.311324,-0.401648,-0.283065,0.115604,-0.361051,-0.280406,0.213464,-0.381350,-0.281735,0.187298,-0.408152,-0.257272,0.203563,-0.422457,-0.215531,0.232507,-0.417650,-0.254685
2026-07-20 14:41:47.211,20.199981,0.000000,0.000000,0.000000,0.310881,-0.384595,-0.299740,0.115091,-0.346461,-0.293865,0.212986,-0.365528,-0.296802,0.187263,-0.392995,-0.273254,0.204178,-0.408088,-0.231311,0.232982,-0.400369,-0.271199
2026-07-20 14:41:47.311,20.299981,0.000000,0.000000,0.000000,0.311046,-0.378629,-0.298067,0.114926,-0.341438,-0.292276,0.212986,-0.360034,-0.295171,0.187097,-0.387972,-0.271664,0.203993,-0.402930,-0.230574,0.233640,-0.395428,-0.270526
2026-07-20 14:41:47.411,20.399981,0.000000,0.000000,0.000000,0.311178,-0.382648,-0.299339,0.115153,-0.344452,-0.293456,0.213165,-0.363550,-0.296398,0.187230,-0.391990,-0.272936,0.204125,-0.406949,-0.231846,0.233792,-0.399583,-0.270935
2026-07-20 14:41:47.511,20.499980,0.000000,0.000000,0.000000,0.311278,-0.385662,-0.300293,0.114482,-0.346237,-0.294263,0.212880,-0.365949,-0.297278,0.187329,-0.395004,-0.273889,0.204244,-0.410097,-0.231947,0.233048,-0.402379,-0.271835
2026-07-20 14:41:47.611,20.599980,0.000000,0.000000,0.000000,0.311409,-0.378691,-0.298303,0.115053,-0.341438,-0.292502,0.213231,-0.360065,-0.295402,0.187130,-0.388976,-0.271982,0.204045,-0.404070,-0.230039,0.232830,-0.396215,-0.270790
2026-07-20 14:41:47.711,20.699980,0.000000,0.000000,0.000000,0.311013,-0.377625,-0.297750,0.114987,-0.339429,-0.291866,0.213000,-0.358527,-0.294808,0.187253,-0.385992,-0.271226,0.203979,-0.402060,-0.229404,0.232784,-0.394342,-0.269291
2026-07-20 14:41:47.811,20.799980,0.000000,0.000000,0.000000,0.311145,-0.381643,-0.299021,0.115025,-0.344452,-0.293229,0.213085,-0.363048,-0.296125,0.187385,-0.390011,-0.272498,0.204112,-0.406079,-0.230675,0.232916,-0.398360,-0.270563
2026-07-20 14:41:47.911,20.899980,0.000000,0.000000,0.000000,0.310881,-0.384595,-0.299740,0.115280,-0.344452,-0.293683,0.213081,-0.364523,-0.296711,0.187263,-0.392995,-0.273254,0.204178,-0.408088,-0.231311,0.232962,-0.400233,-0.272061
2026-07-20 14:41:48.011,20.999980,0.000000,0.000000,0.000000,0.310782,-0.381581,-0.298786,0.114223,-0.342219,-0.292765,0.212503,-0.361900,-0.295775,0.187164,-0.389981,-0.272300,0.204078,-0.405074,-0.230357,0.232883,-0.397356,-0.270245
2026-07-20 14:41:48.111,21.099980,0.000000,0.000000,0.000000,0.311442,-0.379696,-0.298621,0.114130,-0.343224,-0.292856,0.212786,-0.361460,-0.295738,0.187164,-0.389981,-0.272300,0.204078,-0.405074,-0.230357,0.232883,-0.397356,-0.270245
2026-07-20 14:41:48.211,21.199980,0.000000,0.000000,0.000000,0.310980,-0.387609,-0.300694,0.114422,-0.348247,-0.294672,0.212701,-0.367928,-0.297683,0.187362,-0.396009,-0.274207,0.204277,-0.411102,-0.232265,0.233081,-0.403383,-0.272153
2026-07-20 14:41:48.311,21.299980,0.000000,0.000000,0.000000,0.311211,-0.383652,-0.299657,0.115280,-0.344452,-0.293683,0.213246,-0.364052,-0.296670,0.187263,-0.392995,-0.273254,0.204178,-0.408088,-0.231311,0.232982,-0.400369,-0.271199
2026-07-20 14:41:48.411,21.399980,0.000000,0.000000,0.000000,0.311244,-0.384657,-0.299975,0.115219,-0.346461,-0.294092,0.213232,-0.365559,-0.297033,0.187485,-0.393024,-0.273451,0.204211,-0.409093,-0.231629,0.233015,-0.401374,-0.271517
2026-07-20 14:41:48.511,21.499979,0.000000,0.000000,0.000000,0.311013,-0.377625,-0.297750,0.115082,-0.338424,-0.291775,0.213047,-0.358024,-0.294762,0.187064,-0.386967,-0.271346,0.203960,-0.401926,-0.230256,0.232784,-0.394342,-0.269291
2026-07-20 14:41:48.611,21.599979,0.000000,0.000000,0.000000,0.322683,-0.392028,-0.265831,0.125598,-0.358919,-0.265104,0.224140,-0.375474,-0.265468,0.198258,-0.402562,-0.240310,0.214870,-0.414277,-0.197184,0.244063,-0.408964,-0.237182
2026-07-20 14:41:48.711,21.699979,0.000000,0.000000,0.000000,0.310980,-0.387609,-0.300694,0.115285,-0.348470,-0.294728,0.213133,-0.368040,-0.297711,0.187551,-0.395034,-0.274087,0.204257,-0.410967,-0.233118,0.233081,-0.403383,-0.272153
2026-07-20 14:41:48.811,21.799979,0.000000,0.000000,0.000000,0.310881,-0.384595,-0.299740,0.115186,-0.345456,-0.293774,0.213034,-0.365026,-0.296757,0.187263,-0.392995,-0.273254,0.204178,-0.408088,-0.231311,0.232962,-0.400233,-0.272061
2026-07-20 14:41:48.911,21.899979,0.000000,0.000000,0.000000,0.311079,-0.379634,-0.298385,0.114864,-0.343448,-0.292685,0.212972,-0.361541,-0.295535,0.187130,-0.388976,-0.271982,0.204026,-0.403935,-0.230892,0.232850,-0.396351,-0.269927
2026-07-20 14:41:49.011,21.999979,0.000000,0.000000,0.000000,0.311311,-0.386666,-0.300611,0.114422,-0.348247,-0.294672,0.212866,-0.367457,-0.297642,0.187362,-0.396009,-0.274207,0.204257,-0.410967,-0.233118,0.233062,-0.403247,-0.273015
2026-07-20 14:41:49.111,22.099979,0.000000,0.000000,0.000000,0.311244,-0.384657,-0.299975,0.115219,-0.346461,-0.294092,0.213232,-0.365559,-0.297033,0.187296,-0.394000,-0.273571,0.204211,-0.409093,-0.231629,0.233015,-0.401374,-0.271517
2026-07-20 14:41:49.211,22.199979,0.000000,0.000000,0.000000,0.311211,-0.383652,-0.299657,0.115186,-0.345456,-0.293774,0.213199,-0.364554,-0.296715,0.187263,-0.392995,-0.273254,0.204178,-0.408088,-0.231311,0.232982,-0.400369,-0.271199
2026-07-20 14:41:49.311,22.299979,0.000000,0.000000,0.000000,0.310914,-0.385600,-0.300058,0.115313,-0.345456,-0.294001,0.213114,-0.365528,-0.297029,0.187485,-0.393024,-0.273451,0.204211,-0.409093,-0.231629,0.232995,-0.401238,-0.272379
2026-07-20 14:41:49.411,22.399979,0.000000,0.000000,0.000000,0.311442,-0.379696,-0.298621,0.115087,-0.342443,-0.292820,0.213264,-0.361069,-0.295720,0.187164,-0.389981,-0.272300,0.204078,-0.405074,-0.230357,0.233726,-0.397574,-0.270299
2026-07-20 14:41:49.511,22.499979,0.000000,0.000000,0.000000,0.311475,-0.380700,-0.298938,0.115214,-0.342442,-0.293047,0.213345,-0.361571,-0.295993,0.187197,-0.390986,-0.272618,0.204092,-0.405944,-0.231528,0.232896,-0.398224,-0.271426
2026-07-20 14:41:49.611,22.599978,0.000000,0.000000,0.000000,0.311542,-0.382710,-0.299574,0.115186,-0.345456,-0.293774,0.213364,-0.364083,-0.296674,0.187263,-0.392995,-0.273254,0.204158,-0.407953,-0.232164,0.232982,-0.400369,-0.271199
2026-07-20 14:41:49.711,22.699978,0.000000,0.000000,0.000000,0.311442,-0.379696,-0.298621,0.115181,-0.341438,-0.292729,0.213312,-0.360567,-0.295675,0.187164,-0.389981,-0.272300,0.204078,-0.405074,-0.230357,0.232883,-0.397356,-0.270245
2026-07-20 14:41:49.811,22.799978,0.000000,0.000000,0.000000,0.310782,-0.381581,-0.298786,0.115181,-0.341438,-0.292729,0.212981,-0.361510,-0.295757,0.187352,-0.389006,-0.272180,0.204078,-0.405074,-0.230357,0.232883,-0.397356,-0.270245
2026-07-20 14:41:49.911,22.899978,0.000000,0.000000,0.000000,0.311278,-0.385662,-0.300293,0.115346,-0.346461,-0.294318,0.213312,-0.366061,-0.297306,0.187329,-0.395004,-0.273889,0.204224,-0.409963,-0.232800,0.233048,-0.402379,-0.271835
2026-07-20 14:41:50.011,22.999978,0.000000,0.000000,0.000000,0.311195,-0.383150,-0.299498,0.115169,-0.344954,-0.293615,0.213182,-0.364052,-0.296556,0.187246,-0.392493,-0.273095,0.204161,-0.407586,-0.231152,0.232966,-0.399867,-0.271040
2026-07-20 14:41:50.111,23.099978,0.000000,0.000000,0.000000,0.311310,-0.375677,-0.297349,0.114954,-0.338424,-0.291548,0.213132,-0.357051,-0.294449,0.187031,-0.385963,-0.271028,0.203946,-0.401056,-0.229086,0.233594,-0.393555,-0.269027
2026-07-20 14:41:50.211,23.199978,0.000000,0.000000,0.000000,0.311542,-0.382710,-0.299574,0.115280,-0.344452,-0.293683,0.213411,-0.363581,-0.296628,0.187263,-0.392995,-0.273254,0.204178,-0.408088,-0.231311,0.232982,-0.400369,-0.271199
2026-07-20 14:41:50.311,23.299978,0.000000,0.000000,0.000000,0.311112,-0.380639,-0.298703,0.115087,-0.342443,-0.292820,0.213099,-0.361541,-0.295762,0.187352,-0.389006,-0.272180,0.204078,-0.405074,-0.230357,0.232883,-0.397356,-0.270245
2026-07-20 14:41:50.411,23.399978,0.000000,0.000000,0.000000,0.310716,-0.379572,-0.298150,0.115020,-0.340433,-0.292184,0.212868,-0.360003,-0.295167,0.187097,-0.387972,-0.271664,0.204012,-0.403065,-0.229722,0.233640,-0.395428,-0.270526
2026-07-20 14:41:50.511,23.499978,0.000000,0.000000,0.000000,0.311211,-0.383652,-0.299657,0.115091,-0.346461,-0.293865,0.213151,-0.365057,-0.296761,0.187263,-0.392995,-0.273254,0.204178,-0.408088,-0.231311,0.232982,-0.400369,-0.271199
2026-07-20 14:41:50.611,23.599977,0.000000,0.000000,0.000000,0.311079,-0.379634,-0.298385,0.115053,-0.341438,-0.292502,0.213066,-0.360536,-0.295444,0.187130,-0.388976,-0.271982,0.204026,-0.403935,-0.230892,0.233939,-0.395610,-0.269859
2026-07-20 14:41:50.711,23.699977,0.000000,0.000000,0.000000,0.311211,-0.383652,-0.299657,0.115280,-0.344452,-0.293683,0.213246,-0.364052,-0.296670,0.187263,-0.392995,-0.273254,0.204178,-0.408088,-0.231311,0.232982,-0.400369,-0.271199
2026-07-20 14:41:50.811,23.799977,0.000000,0.000000,0.000000,0.311410,-0.389680,-0.301565,0.115384,-0.351484,-0.295681,0.213397,-0.370582,-0.298623,0.187461,-0.399023,-0.275161,0.204376,-0.414116,-0.233219,0.233181,-0.406397,-0.273106
2026-07-20 14:41:50.911,23.899977,0.000000,0.000000,0.000000,0.311211,-0.383652,-0.299657,0.115280,-0.344452,-0.293683,0.213246,-0.364052,-0.296670,0.187263,-0.392995,-0.273254,0.204178,-0.408088,-0.231311,0.232982,-0.400369,-0.271199
2026-07-20 14:41:51.011,23.999977,0.000000,0.000000,0.000000,0.311442,-0.379696,-0.298621,0.115087,-0.342443,-0.292820,0.213264,-0.361069,-0.295720,0.187164,-0.389981,-0.272300,0.204078,-0.405074,-0.230357,0.232618,-0.398179,-0.271228
2026-07-20 14:41:51.111,24.099977,0.000000,0.000000,0.000000,0.311310,-0.375677,-0.297349,0.114954,-0.338424,-0.291548,0.213132,-0.357051,-0.294449,0.187220,-0.384987,-0.270908,0.203946,-0.401056,-0.229086,0.232751,-0.393337,-0.268973
2026-07-20 14:41:51.211,24.199977,0.000000,0.000000,0.000000,0.311178,-0.382648,-0.299339,0.115058,-0.345457,-0.293547,0.213118,-0.364052,-0.296443,0.187230,-0.391990,-0.272936,0.204145,-0.407084,-0.230993,0.232949,-0.399365,-0.270881
2026-07-20 14:41:51.311,24.299977,0.000000,0.000000,0.000000,0.311211,-0.383652,-0.299657,0.115186,-0.345456,-0.293774,0.213199,-0.364554,-0.296715,0.187263,-0.392995,-0.273254,0.204178,-0.408088,-0.231311,0.232982,-0.400369,-0.271199
2026-07-20 14:41:51.411,24.399977,0.000000,0.000000,0.000000,0.311311,-0.386666,-0.300611,0.115191,-0.349475,-0.294819,0.213251,-0.368071,-0.297715,0.187362,-0.396009,-0.274207,0.204257,-0.410967,-0.233118,0.233081,-0.403383,-0.272153
2026-07-20 14:41:51.511,24.499977,0.000000,0.000000,0.000000,0.310980,-0.376620,-0.297432,0.115143,-0.336415,-0.291366,0.213061,-0.356517,-0.294399,0.187031,-0.385963,-0.271028,0.203946,-0.401056,-0.229086,0.233594,-0.393555,-0.269027
2026-07-20 14:41:51.611,24.599977,0.000000,0.000000,0.000000,0.311575,-0.383714,-0.299892,0.114449,-0.345233,-0.293945,0.213012,-0.364473,-0.296919,0.187296,-0.394000,-0.273571,0.204211,-0.409093,-0.231629,0.233015,-0.401374,-0.271517
2026-07-20 14:41:51.711,24.699976,0.000000,0.000000,0.000000,0.311244,-0.384657,-0.299975,0.115124,-0.347466,-0.294183,0.213184,-0.366062,-0.297079,0.187296,-0.394000,-0.273571,0.204191,-0.408958,-0.232482,0.233015,-0.401374,-0.271517
2026-07-20 14:41:51.811,24.799976,0.000000,0.000000,0.000000,0.311674,-0.386728,-0.300846,0.115413,-0.348470,-0.294954,0.213543,-0.367599,-0.297900,0.187584,-0.396038,-0.274405,0.204290,-0.411972,-0.233436,0.233692,-0.405429,-0.273508
2026-07-20 14:41:51.911,24.899976,0.000000,0.000000,0.000000,0.311244,-0.384657,-0.299975,0.114262,-0.347243,-0.294128,0.212753,-0.365950,-0.297051,0.187296,-0.394000,-0.273571,0.204211,-0.409093,-0.231629,0.233015,-0.401374,-0.271517
2026-07-20 14:41:52.011,24.999976,0.000000,0.000000,0.000000,0.311508,-0.381705,-0.299256,0.114290,-0.344228,-0.293401,0.212899,-0.362967,-0.296329,0.187418,-0.391015,-0.272816,0.204145,-0.407084,-0.230993,0.232949,-0.399365,-0.270881
2026-07-20 14:41:52.111,25.099976,0.000000,0.000000,0.000000,0.310683,-0.378568,-0.297832,0.114124,-0.339205,-0.291811,0.212403,-0.358886,-0.294822,0.187064,-0.386967,-0.271346,0.203979,-0.402060,-0.229404,0.232784,-0.394342,-0.269291
2026-07-20 14:41:52.211,25.199976,0.000000,0.000000,0.000000,0.311079,-0.379634,-0.298385,0.114959,-0.342443,-0.292593,0.213019,-0.361038,-0.295489,0.187130,-0.388976,-0.271982,0.204026,-0.403935,-0.230892,0.232830,-0.396215,-0.270790
2026-07-20 14:41:52.311,25.299976,0.000000,0.000000,0.000000,0.310881,-0.384595,-0.299740,0.115091,-0.346461,-0.293865,0.212986,-0.365528,-0.296802,0.187452,-0.392020,-0.273134,0.204178,-0.408088,-0.231311,0.232982,-0.400369,-0.271199
2026-07-20 14:41:52.411,25.399976,0.000000,0.000000,0.000000,0.311079,-0.379634,-0.298385,0.114284,-0.340209,-0.292356,0.212681,-0.359922,-0.295370,0.187319,-0.388001,-0.271862,0.204026,-0.403935,-0.230892,0.232850,-0.396351,-0.269927
2026-07-20 14:41:52.511,25.499976,0.000000,0.000000,0.000000,0.311112,-0.380639,-0.298703,0.114223,-0.342219,-0.292765,0.212668,-0.361429,-0.295734,0.187352,-0.389006,-0.272180,0.204078,-0.405074,-0.230357,0.232883,-0.397356,-0.270245
2026-07-20 14:41:52.611,25.599976,0.000000,0.000000,0.000000,0.311343,-0.376682,-0.297667,0.115082,-0.338424,-0.291775,0.213212,-0.357553,-0.294721,0.187064,-0.386967,-0.271346,0.203979,-0.402060,-0.229404,0.232784,-0.394342,-0.269291
2026-07-20 14:41:52.711,25.699975,0.000000,0.000000,0.000000,0.310980,-0.376620,-0.297432,0.115049,-0.337419,-0.291457,0.213014,-0.357020,-0.294444,0.187031,-0.385963,-0.271028,0.203946,-0.401056,-0.229086,0.232751,-0.393337,-0.268973
2026-07-20 14:41:52.811,25.799975,0.000000,0.000000,0.000000,0.311508,-0.381705,-0.299256,0.115153,-0.344452,-0.293456,0.213331,-0.363079,-0.296356,0.187041,-0.392965,-0.273056,0.204145,-0.407084,-0.230993,0.233792,-0.399583,-0.270935
2026-07-20 14:41:52.911,25.899975,0.000000,0.000000,0.000000,0.311376,-0.377687,-0.297985,0.115020,-0.340433,-0.292184,0.213198,-0.359060,-0.295084,0.187097,-0.387972,-0.271664,0.204012,-0.403065,-0.229722,0.232817,-0.395346,-0.269609
2026-07-20 14:41:53.011,25.999975,0.000000,0.000000,0.000000,0.311178,-0.382648,-0.299339,0.114196,-0.345233,-0.293492,0.212687,-0.363941,-0.296416,0.187230,-0.391990,-0.272936,0.204145,-0.407084,-0.230993,0.232949,-0.399365,-0.270881
2026-07-20 14:41:53.111,26.099975,0.000000,0.000000,0.000000,0.311112,-0.380639,-0.298703,0.115087,-0.342443,-0.292820,0.213099,-0.361541,-0.295762,0.187352,-0.389006,-0.272180,0.204078,-0.405074,-0.230357,0.232883,-0.397356,-0.270245
2026-07-20 14:41:53.211,26.199975,0.000000,0.000000,0.000000,0.311014,-0.388614,-0.301011,0.115318,-0.349475,-0.295046,0.213166,-0.369044,-0.298028,0.187395,-0.397013,-0.274525,0.204310,-0.412107,-0.232583,0.233115,-0.404388,-0.272471
2026-07-20 14:41:53.311,26.299975,0.000000,0.000000,0.000000,0.310881,-0.384595,-0.299740,0.114323,-0.345233,-0.293719,0.212602,-0.364914,-0.296729,0.187263,-0.392995,-0.273254,0.204158,-0.407953,-0.232164,0.232982,-0.400369,-0.271199
2026-07-20 14:41:53.411,26.399975,0.000000,0.000000,0.000000,0.311508,-0.381705,-0.299256,0.115153,-0.344452,-0.293456,0.213331,-0.363079,-0.296356,0.187230,-0.391990,-0.272936,0.204145,-0.407084,-0.230993,0.232929,-0.399228,-0.271743
2026-07-20 14:41:53.511,26.499975,0.000000,0.000000,0.000000,0.311145,-0.381643,-0.299021,0.115120,-0.343447,-0.293138,0.213132,-0.362545,-0.296080,0.187197,-0.390986,-0.272618,0.204112,-0.406079,-0.230675,0.232916,-0.398360,-0.270563
2026-07-20 14:41:53.611,26.599975,0.000000,0.000000,0.000000,0.311145,-0.381643,-0.299021,0.115120,-0.343447,-0.293138,0.213132,-0.362545,-0.296080,0.187385,-0.390011,-0.272498,0.204112,-0.406079,-0.230675,0.232794,-0.398840,-0.270624
2026-07-20 14:41:53.711,26.699975,0.000000,0.000000,0.000000,0.310782,-0.381581,-0.298786,0.115181,-0.341438,-0.292729,0.212981,-0.361510,-0.295757,0.187164,-0.389981,-0.272300,0.204078,-0.405074,-0.230357,0.233726,-0.397574,-0.270299
2026-07-20 14:41:53.811,26.799974,0.000000,0.000000,0.000000,0.310980,-0.387609,-0.300694,0.114515,-0.347242,-0.294581,0.212748,-0.367425,-0.297637,0.187362,-0.396009,-0.274207,0.204257,-0.410967,-0.233118,0.233081,-0.403383,-0.272153
2026-07-20 14:41:53.911,26.899974,0.000000,0.000000,0.000000,0.311344,-0.387671,-0.300929,0.115318,-0.349475,-0.295046,0.213331,-0.368573,-0.297987,0.187395,-0.397013,-0.274525,0.204310,-0.412107,-0.232583,0.233115,-0.404388,-0.272471
2026-07-20 14:41:54.011,26.999974,0.000000,0.000000,0.000000,0.311211,-0.383652,-0.299657,0.115280,-0.344452,-0.293683,0.213246,-0.364052,-0.296670,0.187263,-0.392995,-0.273254,0.204178,-0.408088,-0.231311,0.232982,-0.400369,-0.271199
2026-07-20 14:41:54.111,27.099974,0.000000,0.000000,0.000000,0.311211,-0.383652,-0.299657,0.115186,-0.345456,-0.293774,0.213199,-0.364554,-0.296715,0.187263,-0.392995,-0.273254,0.204178,-0.408088,-0.231311,0.232982,-0.400369,-0.271199
2026-07-20 14:41:54.211,27.199974,0.000000,0.000000,0.000000,0.310782,-0.381581,-0.298786,0.114223,-0.342219,-0.292765,0.212503,-0.361900,-0.295775,0.187164,-0.389981,-0.272300,0.204078,-0.405074,-0.230357,0.232863,-0.397219,-0.271108
2026-07-20 14:41:54.311,27.299974,0.000000,0.000000,0.000000,0.311211,-0.383652,-0.299657,0.115186,-0.345456,-0.293774,0.213199,-0.364554,-0.296715,0.187452,-0.392020,-0.273134,0.204178,-0.408088,-0.231311,0.233825,-0.400588,-0.271253
2026-07-20 14:41:54.411,27.399974,0.000000,0.000000,0.000000,0.311608,-0.384719,-0.300210,0.114482,-0.346237,-0.294263,0.213045,-0.365478,-0.297237,0.187329,-0.395004,-0.273889,0.204244,-0.410097,-0.231947,0.233048,-0.402379,-0.271835
2026-07-20 14:41:54.511,27.499974,0.000000,0.000000,0.000000,0.311442,-0.379696,-0.298621,0.115181,-0.341438,-0.292729,0.213312,-0.360567,-0.295675,0.187164,-0.389981,-0.272300,0.204078,-0.405074,-0.230357,0.232883,-0.397356,-0.270245
2026-07-20 14:41:54.611,27.599974,0.000000,0.000000,0.000000,0.311674,-0.386728,-0.300846,0.115318,-0.349475,-0.295046,0.213496,-0.368102,-0.297946,0.187395,-0.397013,-0.274525,0.204310,-0.412107,-0.232583,0.233115,-0.404388,-0.272471
2026-07-20 14:41:54.711,27.699974,0.000000,0.000000,0.000000,0.311112,-0.380639,-0.298703,0.115087,-0.342443,-0.292820,0.213099,-0.361541,-0.295762,0.187352,-0.389006,-0.272180,0.204078,-0.405074,-0.230357,0.232883,-0.397356,-0.270245
2026-07-20 14:41:54.811,27.799973,0.000000,0.000000,0.000000,0.311442,-0.379696,-0.298621,0.114223,-0.342219,-0.292765,0.212833,-0.360958,-0.295693,0.187164,-0.389981,-0.272300,0.204078,-0.405074,-0.230357,0.232883,-0.397356,-0.270245
2026-07-20 14:41:54.911,27.899973,0.000000,0.000000,0.000000,0.311211,-0.383652,-0.299657,0.115186,-0.345456,-0.293774,0.213199,-0.364554,-0.296715,0.187452,-0.392020,-0.273134,0.204178,-0.408088,-0.231311,0.232962,-0.400233,-0.272061
2026-07-20 14:41:55.011,27.999973,0.000000,0.000000,0.000000,0.310683,-0.378568,-0.297832,0.114124,-0.339205,-0.291811,0.212403,-0.358886,-0.294822,0.187253,-0.385992,-0.271226,0.203979,-0.402060,-0.229404,0.232784,-0.394342,-0.269291
2026-07-20 14:41:55.111,28.099973,0.000000,0.000000,0.000000,0.311244,-0.384657,-0.299975,0.115313,-0.345456,-0.294001,0.213279,-0.365057,-0.296988,0.187296,-0.394000,-0.273571,0.204211,-0.409093,-0.231629,0.233015,-0.401374,-0.271517
2026-07-20 14:41:55.211,28.199973,0.000000,0.000000,0.000000,0.311046,-0.378629,-0.298067,0.114157,-0.340210,-0.292129,0.212602,-0.359420,-0.295098,0.187097,-0.387972,-0.271664,0.203993,-0.402930,-0.230574,0.232817,-0.395346,-0.269609
2026-07-20 14:41:55.311,28.299973,0.000000,0.000000,0.000000,0.311178,-0.382648,-0.299339,0.114290,-0.344228,-0.293401,0.212734,-0.363438,-0.296370,0.187230,-0.391990,-0.272936,0.204145,-0.407084,-0.230993,0.233792,-0.399583,-0.270935
2026-07-20 14:41:55.411,28.399973,0.000000,0.000000,0.000000,0.311112,-0.380639,-0.298703,0.115087,-0.342443,-0.292820,0.213099,-0.361541,-0.295762,0.187352,-0.389006,-0.272180,0.204078,-0.405074,-0.230357,0.232883,-0.397356,-0.270245
2026-07-20 14:41:55.511,28.499973,0.000000,0.000000,0.000000,0.311442,-0.379696,-0.298621,0.115087,-0.342443,-0.292820,0.213264,-0.361069,-0.295720,0.187352,-0.389006,-0.272180,0.204059,-0.404940,-0.231210,0.232863,-0.397219,-0.271108
2026-07-20 14:41:55.611,28.599973,0.000000,0.000000,0.000000,0.311145,-0.381643,-0.299021,0.115120,-0.343447,-0.293138,0.213132,-0.362545,-0.296080,0.187385,-0.390011,-0.272498,0.204112,-0.406079,-0.230675,0.232896,-0.398224,-0.271426
2026-07-20 14:41:55.711,28.699973,0.000000,0.000000,0.000000,0.311211,-0.383652,-0.299657,0.114229,-0.346238,-0.293810,0.212720,-0.364945,-0.296734,0.187263,-0.392995,-0.273254,0.204178,-0.408088,-0.231311,0.232982,-0.400369,-0.271199
2026-07-20 14:41:55.811,28.799973,0.000000,0.000000,0.000000,0.311211,-0.383652,-0.299657,0.114323,-0.345233,-0.293719,0.212767,-0.364443,-0.296688,0.187452,-0.392020,-0.273134,0.203967,-0.409049,-0.231485,0.232962,-0.400233,-0.272061
2026-07-20 14:41:55.911,28.899972,0.000000,0.000000,0.000000,0.311244,-0.384657,-0.299975,0.114169,-0.348248,-0.294219,0.212707,-0.366452,-0.297097,0.187296,-0.394000,-0.273571,0.204211,-0.409093,-0.231629,0.232750,-0.402198,-0.272500
2026-07-20 14:41:56.011,28.999972,0.000000,0.000000,0.000000,0.311442,-0.379696,-0.298621,0.114130,-0.343224,-0.292856,0.212786,-0.361460,-0.295738,0.187164,-0.389981,-0.272300,0.204078,-0.405074,-0.230357,0.232863,-0.397219,-0.271108
2026-07-20 14:41:56.111,29.099972,0.000000,0.000000,0.000000,0.311079,-0.379634,-0.298385,0.114284,-0.340209,-0.292356,0.212681,-0.359922,-0.295370,0.187130,-0.388976,-0.271982,0.204045,-0.404070,-0.230039,0.232605,-0.397311,-0.270049
2026-07-20 14:41:56.211,29.199972,0.000000,0.000000,0.000000,0.311542,-0.382710,-0.299574,0.115186,-0.345456,-0.293774,0.213364,-0.364083,-0.296674,0.187263,-0.392995,-0.273254,0.204178,-0.408088,-0.231311,0.232982,-0.400369,-0.271199
2026-07-20 14:41:56.311,29.299972,0.000000,0.000000,0.000000,0.311211,-0.383652,-0.299657,0.115091,-0.346461,-0.293865,0.213151,-0.365057,-0.296761,0.187452,-0.392020,-0.273134,0.204178,-0.408088,-0.231311,0.232982,-0.400369,-0.271199
2026-07-20 14:41:56.411,29.399972,0.000000,0.000000,0.000000,0.311112,-0.380639,-0.298703,0.114130,-0.343224,-0.292856,0.212621,-0.361931,-0.295780,0.187352,-0.389006,-0.272180,0.204078,-0.405074,-0.230357,0.232883,-0.397356,-0.270245
2026-07-20 14:41:56.511,29.499972,0.000000,0.000000,0.000000,0.311409,-0.378691,-0.298303,0.114959,-0.342443,-0.292593,0.213184,-0.360567,-0.295448,0.187319,-0.388001,-0.271862,0.204045,-0.404070,-0.230039,0.232850,-0.396351,-0.269927
2026-07-20 14:41:56.611,29.599972,0.000000,0.000000,0.000000,0.311608,-0.384719,-0.300210,0.115346,-0.346461,-0.294318,0.213477,-0.365590,-0.297264,0.187329,-0.395004,-0.273889,0.204244,-0.410097,-0.231947,0.233048,-0.402379,-0.271835
2026-07-20 14:41:56.711,29.699972,0.000000,0.000000,0.000000,0.310881,-0.384595,-0.299740,0.115091,-0.346461,-0.293865,0.212986,-0.365528,-0.296802,0.187263,-0.392995,-0.273254,0.204178,-0.408088,-0.231311,0.232982,-0.400369,-0.271199
2026-07-20 14:41:56.811,29.799972,0.000000,0.000000,0.000000,0.310815,-0.382586,-0.299104,0.115120,-0.343447,-0.293138,0.212967,-0.363017,-0.296121,0.187197,-0.390986,-0.272618,0.204112,-0.406079,-0.230675,0.232896,-0.398224,-0.271426
2026-07-20 14:41:56.911,29.899971,0.000000,0.000000,0.000000,0.310782,-0.381581,-0.298786,0.115181,-0.341438,-0.292729,0.212981,-0.361510,-0.295757,0.187164,-0.389981,-0.272300,0.204078,-0.405074,-0.230357,0.233726,-0.397574,-0.270299
2026-07-20 14:41:57.011,29.999971,0.000000,0.000000,0.000000,0.311211,-0.383652,-0.299657,0.115091,-0.346461,-0.293865,0.213151,-0.365057,-0.296761,0.187263,-0.392995,-0.273254,0.204178,-0.408088,-0.231311,0.232982,-0.400369,-0.271199
2026-07-20 14:41:57.111,30.099971,0.000000,0.000000,0.000000,0.310683,-0.378568,-0.297832,0.114987,-0.339429,-0.291866,0.212835,-0.358998,-0.294849,0.187064,-0.386967,-0.271346,0.203979,-0.402060,-0.229404,0.233627,-0.394560,-0.269345
2026-07-20 14:41:57.211,30.199971,0.000000,0.000000,0.000000,0.311013,-0.377625,-0.297750,0.114987,-0.339429,-0.291866,0.213000,-0.358527,-0.294808,0.187253,-0.385992,-0.271226,0.203979,-0.402060,-0.229404,0.233627,-0.394560,-0.269345
2026-07-20 14:41:57.311,30.299971,0.000000,0.000000,0.000000,0.311145,-0.381643,-0.299021,0.114256,-0.343224,-0.293083,0.212701,-0.362433,-0.296052,0.187385,-0.390011,-0.272498,0.204112,-0.406079,-0.230675,0.232651,-0.399184,-0.271546
2026-07-20 14:41:57.411,30.399971,0.000000,0.000000,0.000000,0.311442,-0.379696,-0.298621,0.114992,-0.343447,-0.292911,0.213217,-0.361572,-0.295766,0.187352,-0.389006,-0.272180,0.204078,-0.405074,-0.230357,0.232883,-0.397356,-0.270245
2026-07-20 14:41:57.511,30.499971,0.000000,0.000000,0.000000,0.310848,-0.383591,-0.299422,0.115153,-0.344452,-0.293456,0.213000,-0.364021,-0.296439,0.187418,-0.391015,-0.272816,0.204145,-0.407084,-0.230993,0.232949,-0.399365,-0.270881
2026-07-20 14:41:57.611,30.599971,0.000000,0.000000,0.000000,0.310782,-0.381581,-0.298786,0.115181,-0.341438,-0.292729,0.212981,-0.361510,-0.295757,0.187352,-0.389006,-0.272180,0.204078,-0.405074,-0.230357,0.232638,-0.398315,-0.270367
2026-07-20 14:41:57.711,30.699971,0.000000,0.000000,0.000000,0.311278,-0.385662,-0.300293,0.115346,-0.346461,-0.294318,0.213312,-0.366061,-0.297306,0.187518,-0.394029,-0.273769,0.204244,-0.410097,-0.231947,0.233048,-0.402379,-0.271835
2026-07-20 14:41:57.811,30.799971,0.000000,0.000000,0.000000,0.311178,-0.382648,-0.299339,0.114290,-0.344228,-0.293401,0.212734,-0.363438,-0.296370,0.187230,-0.391990,-0.272936,0.203933,-0.408045,-0.231167,0.232929,-0.399228,-0.271743
2026-07-20 14:41:57.911,30.899971,0.000000,0.000000,0.000000,0.311079,-0.379634,-0.298385,0.115053,-0.341438,-0.292502,0.213066,-0.360536,-0.295444,0.187130,-0.388976,-0.271982,0.204045,-0.404070,-0.230039,0.232830,-0.396215,-0.270790
2026-07-20 14:41:58.011,30.999970,0.000000,0.000000,0.000000,0.311013,-0.377625,-0.297750,0.114031,-0.340210,-0.291902,0.212522,-0.358918,-0.294826,0.187253,-0.385992,-0.271226,0.203979,-0.402060,-0.229404,0.232784,-0.394342,-0.269291
2026-07-20 14:41:58.111,31.099970,0.000000,0.000000,0.000000,0.310848,-0.383591,-0.299422,0.114290,-0.344228,-0.293401,0.212569,-0.363910,-0.296411,0.187418,-0.391015,-0.272816,0.204145,-0.407084,-0.230993,0.232949,-0.399365,-0.270881
2026-07-20 14:41:58.211,31.199970,0.000000,0.000000,0.000000,0.311575,-0.383714,-0.299892,0.114262,-0.347243,-0.294128,0.212918,-0.365479,-0.297010,0.187296,-0.394000,-0.273571,0.204211,-0.409093,-0.231629,0.232995,-0.401238,-0.272379
2026-07-20 14:41:58.311,31.299970,0.000000,0.000000,0.000000,0.311442,-0.379696,-0.298621,0.114992,-0.343447,-0.292911,0.213217,-0.361572,-0.295766,0.187164,-0.389981,-0.272300,0.204078,-0.405074,-0.230357,0.232883,-0.397356,-0.270245
2026-07-20 14:41:58.411,31.399970,0.000000,0.000000,0.000000,0.311079,-0.379634,-0.298385,0.115148,-0.340433,-0.292411,0.213113,-0.360034,-0.295398,0.187130,-0.388976,-0.271982,0.204045,-0.404070,-0.230039,0.232605,-0.397311,-0.270049
2026-07-20 14:41:58.511,31.499970,0.000000,0.000000,0.000000,0.311608,-0.384719,-0.300210,0.115252,-0.347466,-0.294410,0.213430,-0.366092,-0.297310,0.187329,-0.395004,-0.273889,0.204244,-0.410097,-0.231947,0.233871,-0.402461,-0.272751
2026-07-20 14:41:58.611,31.599970,0.000000,0.000000,0.000000,0.310716,-0.379572,-0.298150,0.115020,-0.340433,-0.292184,0.212868,-0.360003,-0.295167,0.187097,-0.387972,-0.271664,0.204012,-0.403065,-0.229722,0.232817,-0.395346,-0.269609
2026-07-20 14:41:58.711,31.699970,0.000000,0.000000,0.000000,0.311145,-0.381643,-0.299021,0.115120,-0.343447,-0.293138,0.213132,-0.362545,-0.296080,0.187197,-0.390986,-0.272618,0.204112,-0.406079,-0.230675,0.232916,-0.398360,-0.270563
2026-07-20 14:41:58.811,31.799970,0.000000,0.000000,0.000000,0.311211,-0.383652,-0.299657,0.114323,-0.345233,-0.293719,0.212767,-0.364443,-0.296688,0.187263,-0.392995,-0.273254,0.204178,-0.408088,-0.231311,0.232737,-0.401329,-0.271321
2026-07-20 14:41:58.911,31.899970,0.000000,0.000000,0.000000,0.311376,-0.377687,-0.297985,0.114157,-0.340210,-0.292129,0.212767,-0.358948,-0.295057,0.187286,-0.386997,-0.271544,0.204012,-0.403065,-0.229722,0.233660,-0.395565,-0.269663
2026-07-20 14:41:59.011,31.999969,0.000000,0.000000,0.000000,0.322425,-0.394005,-0.266093,0.125729,-0.358933,-0.265329,0.224077,-0.376469,-0.265711,0.198484,-0.402602,-0.240503,0.214925,-0.415302,-0.197428,0.244118,-0.409988,-0.237426
2026-07-20 14:41:59.111,32.099969,0.000000,0.000000,0.000000,0.322552,-0.403153,-0.268060,0.126246,-0.366119,-0.267259,0.224399,-0.384636,-0.267660,0.198924,-0.410798,-0.242452,0.215366,-0.423498,-0.199377,0.244559,-0.418184,-0.239376
2026-07-20 14:41:59.211,32.199969,0.000000,0.000000,0.000000,0.322276,-0.398030,-0.266842,0.125027,-0.361795,-0.266031,0.223652,-0.379913,-0.266436,0.198649,-0.405675,-0.241234,0.215091,-0.418375,-0.198159,0.244283,-0.413062,-0.238157
2026-07-20 14:41:59.311,32.299969,0.000000,0.000000,0.000000,0.322590,-0.397078,-0.266824,0.125027,-0.361795,-0.266031,0.223808,-0.379437,-0.266428,0.198478,-0.406660,-0.241285,0.215091,-0.418375,-0.198159,0.244283,-0.413062,-0.238157
2026-07-20 14:41:59.411,32.399969,0.000000,0.000000,0.000000,0.310782,-0.381581,-0.298786,0.114223,-0.342219,-0.292765,0.212503,-0.361900,-0.295775,0.187164,-0.389981,-0.272300,0.204078,-0.405074,-0.230357,0.232883,-0.397356,-0.270245
2026-07-20 14:41:59.511,32.499969,0.000000,0.000000,0.000000,0.322755,-0.400152,-0.267555,0.125983,-0.366091,-0.266810,0.224369,-0.383121,-0.267183,0.198814,-0.408749,-0.241965,0.215256,-0.421449,-0.198890,0.244449,-0.416135,-0.238888
2026-07-20 14:41:59.611,32.599969,0.000000,0.000000,0.000000,0.323464,-0.411256,-0.243944,0.125667,-0.376587,-0.246812,0.224566,-0.393922,-0.245378,0.198776,-0.420290,-0.219145,0.214945,-0.429870,-0.175329,0.244534,-0.426607,-0.215255
2026-07-20 14:41:59.711,32.699969,0.000000,0.000000,0.000000,0.310914,-0.385600,-0.300058,0.114262,-0.347243,-0.294128,0.212588,-0.366421,-0.297093,0.187485,-0.393024,-0.273451,0.204211,-0.409093,-0.231629,0.233015,-0.401374,-0.271517
2026-07-20 14:41:59.811,32.799969,0.000000,0.000000,0.000000,0.322700,-0.399127,-0.267311,0.125213,-0.362834,-0.266500,0.223956,-0.380981,-0.266905,0.198588,-0.408709,-0.241772,0.215201,-0.420424,-0.198646,0.244393,-0.415111,-0.238645
2026-07-20 14:41:59.911,32.899969,0.000000,0.000000,0.000000,0.322221,-0.397006,-0.266598,0.125048,-0.359760,-0.265768,0.223634,-0.378383,-0.266183,0.198594,-0.404651,-0.240990,0.215036,-0.417351,-0.197915,0.244228,-0.412037,-0.237913
2026-07-20 14:42:00.011,32.999969,0.000000,0.000000,0.000000,0.323344,-0.404323,-0.268755,0.125543,-0.368981,-0.267962,0.224443,-0.386652,-0.268359,0.198919,-0.414856,-0.243235,0.215531,-0.426572,-0.200108,0.244724,-0.421258,-0.240107
2026-07-20 14:42:00.111,33.099968,0.000000,0.000000,0.000000,0.323013,-0.398175,-0.267293,0.125137,-0.363844,-0.266519,0.224075,-0.381010,-0.266906,0.198588,-0.408709,-0.241772,0.215201,-0.420424,-0.198646,0.244393,-0.415111,-0.238645
2026-07-20 14:42:00.211,33.199968,0.000000,0.000000,0.000000,0.322810,-0.401176,-0.267799,0.125096,-0.367914,-0.267044,0.223953,-0.384545,-0.267422,0.198869,-0.409774,-0.242209,0.215322,-0.422546,-0.198273,0.244504,-0.417160,-0.239132
2026-07-20 14:42:00.311,33.299968,0.000000,0.000000,0.000000,0.322078,-0.403599,-0.267473,0.125310,-0.369465,-0.267635,0.223694,-0.386532,-0.267554,0.198836,-0.413319,-0.242869,0.215459,-0.425107,-0.198883,0.244641,-0.419721,-0.239741
2026-07-20 14:42:00.411,33.399968,0.000000,0.000000,0.000000,0.322480,-0.395029,-0.266336,0.124993,-0.358736,-0.265525,0.223736,-0.376882,-0.265931,0.198368,-0.404611,-0.240798,0.214991,-0.416399,-0.196811,0.244173,-0.411013,-0.237670
2026-07-20 14:42:00.511,33.499968,0.000000,0.000000,0.000000,0.323013,-0.398175,-0.267293,0.125137,-0.363844,-0.266519,0.224075,-0.381010,-0.266906,0.198588,-0.408709,-0.241772,0.215211,-0.420497,-0.197786,0.245241,-0.415317,-0.238672
2026-07-20 14:42:00.611,33.599968,0.000000,0.000000,0.000000,0.311112,-0.380639,-0.298703,0.114130,-0.343224,-0.292856,0.212621,-0.361931,-0.295780,0.187164,-0.389981,-0.272300,0.203055,-0.405954,-0.229626,0.233005,-0.396876,-0.270184
2026-07-20 14:42:00.711,33.699968,0.000000,0.000000,0.000000,0.322535,-0.396054,-0.266580,0.125048,-0.359760,-0.265768,0.223791,-0.377907,-0.266174,0.198423,-0.405635,-0.241041,0.214209,-0.417219,-0.197027,0.244228,-0.412037,-0.237913
2026-07-20 14:42:00.811,33.799968,0.000000,0.000000,0.000000,0.322865,-0.402201,-0.268042,0.125302,-0.366918,-0.267250,0.224084,-0.384560,-0.267646,0.198924,-0.410798,-0.242452,0.214347,-0.424341,-0.198597,0.245406,-0.418391,-0.239404
2026-07-20 14:42:00.911,33.899968,0.000000,0.000000,0.000000,0.311409,-0.378691,-0.298303,0.114190,-0.341214,-0.292447,0.212800,-0.359953,-0.295375,0.187130,-0.388976,-0.271982,0.203232,-0.403989,-0.229133,0.233939,-0.395610,-0.269859
2026-07-20 14:42:01.011,33.999968,0.000000,0.000000,0.000000,0.311508,-0.381705,-0.299256,0.114196,-0.345233,-0.293492,0.212852,-0.363469,-0.296374,0.187230,-0.391990,-0.272936,0.203331,-0.407003,-0.230087,0.233792,-0.399583,-0.270935
2026-07-20 14:42:01.111,34.099967,0.000000,0.000000,0.000000,0.322276,-0.398030,-0.266842,0.125178,-0.359774,-0.265993,0.223727,-0.378902,-0.266417,0.198649,-0.405675,-0.241234,0.214275,-0.418316,-0.196410,0.244283,-0.413062,-0.238157
2026-07-20 14:42:01.211,34.199967,0.000000,0.000000,0.000000,0.311641,-0.385724,-0.300528,0.114422,-0.348247,-0.294672,0.213031,-0.366985,-0.297600,0.187362,-0.396009,-0.274207,0.203483,-0.411156,-0.230506,0.233924,-0.403602,-0.272207
2026-07-20 14:42:01.311,34.299967,0.000000,0.000000,0.000000,0.311508,-0.381705,-0.299256,0.114383,-0.343223,-0.293309,0.212946,-0.362464,-0.296283,0.187230,-0.391990,-0.272936,0.203350,-0.407138,-0.229234,0.233792,-0.399583,-0.270935
2026-07-20 14:42:01.411,34.399967,0.000000,0.000000,0.000000,0.322276,-0.398030,-0.266842,0.125818,-0.363017,-0.266079,0.224047,-0.380524,-0.266460,0.198649,-0.405675,-0.241234,0.214275,-0.418316,-0.196410,0.244902,-0.414238,-0.238240
2026-07-20 14:42:01.511,34.499967,0.000000,0.000000,0.000000,0.322683,-0.392028,-0.265831,0.124882,-0.356687,-0.265037,0.223783,-0.374357,-0.265434,0.198258,-0.402562,-0.240310,0.214054,-0.414217,-0.195436,0.244910,-0.409170,-0.237210
2026-07-20 14:42:01.611,34.599967,0.000000,0.000000,0.000000,0.311542,-0.382710,-0.299574,0.114229,-0.346238,-0.293810,0.212885,-0.364474,-0.296692,0.187263,-0.392995,-0.273254,0.203384,-0.408142,-0.229552,0.233825,-0.400588,-0.271253
2026-07-20 14:42:01.711,34.699967,0.000000,0.000000,0.000000,0.322727,-0.399640,-0.267433,0.125240,-0.363346,-0.266621,0.223984,-0.381493,-0.267027,0.198616,-0.409221,-0.241894,0.214220,-0.421852,-0.197128,0.245040,-0.416800,-0.238849
2026-07-20 14:42:01.811,34.799967,0.000000,0.000000,0.000000,0.322865,-0.402201,-0.268042,0.125227,-0.367928,-0.267269,0.224046,-0.385065,-0.267656,0.198754,-0.411783,-0.242504,0.214358,-0.424413,-0.197737,0.245634,-0.417421,-0.239349
2026-07-20 14:42:01.911,34.899967,0.000000,0.000000,0.000000,0.322552,-0.403153,-0.268060,0.125302,-0.366918,-0.267250,0.223927,-0.385035,-0.267655,0.198754,-0.411783,-0.242504,0.214550,-0.423438,-0.197629,0.245406,-0.418391,-0.239404
2026-07-20 14:42:02.011,34.999967,0.000000,0.000000,0.000000,0.322369,-0.392980,-0.265849,0.124731,-0.358708,-0.265076,0.223550,-0.375844,-0.265462,0.198258,-0.402562,-0.240310,0.214065,-0.414290,-0.194575,0.244910,-0.409170,-0.237210
2026-07-20 14:42:02.111,35.099967,0.000000,0.000000,0.000000,0.322645,-0.398103,-0.267067,0.125082,-0.362820,-0.266275,0.223864,-0.380461,-0.266671,0.198533,-0.407684,-0.241529,0.214340,-0.419412,-0.195794,0.245186,-0.414293,-0.238429
2026-07-20 14:42:02.211,35.199966,0.000000,0.000000,0.000000,0.311244,-0.384657,-0.299975,0.114262,-0.347243,-0.294128,0.212753,-0.365950,-0.297051,0.187296,-0.394000,-0.273571,0.203436,-0.409282,-0.229018,0.234104,-0.400633,-0.271449
2026-07-20 14:42:02.311,35.299966,0.000000,0.000000,0.000000,0.311311,-0.386666,-0.300611,0.114515,-0.347242,-0.294581,0.212913,-0.366954,-0.297596,0.187362,-0.396009,-0.274207,0.203397,-0.411771,-0.229742,0.233924,-0.403602,-0.272207
2026-07-20 14:42:02.411,35.399966,0.000000,0.000000,0.000000,0.311211,-0.383652,-0.299657,0.114323,-0.345233,-0.293719,0.212767,-0.364443,-0.296688,0.187263,-0.392995,-0.273254,0.203403,-0.408277,-0.228700,0.233825,-0.400588,-0.271253
2026-07-20 14:42:02.511,35.499966,0.000000,0.000000,0.000000,0.323013,-0.398175,-0.267293,0.125137,-0.363844,-0.266519,0.224075,-0.381010,-0.266906,0.197916,-0.407519,-0.241694,0.214214,-0.421484,-0.195288,0.245241,-0.415317,-0.238672
2026-07-20 14:42:02.611,35.599966,0.000000,0.000000,0.000000,0.322535,-0.396054,-0.266580,0.124897,-0.361781,-0.265807,0.223716,-0.378918,-0.266193,0.197581,-0.405430,-0.241014,0.213213,-0.418206,-0.194529,0.245075,-0.412244,-0.237941
2026-07-20 14:42:02.711,35.699966,0.000000,0.000000,0.000000,0.322590,-0.397078,-0.266824,0.125027,-0.361795,-0.266031,0.223808,-0.379437,-0.266428,0.197467,-0.407439,-0.241308,0.213268,-0.419230,-0.194773,0.245130,-0.413268,-0.238185
2026-07-20 14:42:02.811,35.799966,0.000000,0.000000,0.000000,0.323381,-0.398248,-0.267519,0.125192,-0.364869,-0.266762,0.224287,-0.381558,-0.267141,0.197802,-0.409528,-0.241988,0.213433,-0.422304,-0.195504,0.245296,-0.416342,-0.238916
2026-07-20 14:42:02.911,35.899966,0.000000,0.000000,0.000000,0.311601,-0.398671,-0.282466,0.114583,-0.359793,-0.279864,0.213092,-0.379232,-0.281165,0.186209,-0.406872,-0.256762,0.201684,-0.421439,-0.210755,0.233540,-0.414879,-0.254086
2026-07-20 14:42:03.011,35.999966,0.000000,0.000000,0.000000,0.322810,-0.401176,-0.267799,0.125247,-0.365893,-0.267006,0.224029,-0.383535,-0.267402,0.197857,-0.410553,-0.242232,0.213488,-0.423329,-0.195747,0.245351,-0.417367,-0.239160
2026-07-20 14:42:03.111,36.099966,0.000000,0.000000,0.000000,0.310902,-0.384737,-0.298844,0.114323,-0.345233,-0.293719,0.212612,-0.364985,-0.296281,0.186425,-0.392778,-0.273200,0.202400,-0.409291,-0.227120,0.233825,-0.400588,-0.271253
2026-07-20 14:42:03.211,36.199965,0.000000,0.000000,0.000000,0.311311,-0.386666,-0.300611,0.114515,-0.347242,-0.294581,0.212913,-0.366954,-0.297596,0.186524,-0.395792,-0.274154,0.202499,-0.412305,-0.228074,0.233924,-0.403602,-0.272207
2026-07-20 14:42:03.311,36.299965,0.000000,0.000000,0.000000,0.322552,-0.403153,-0.268060,0.125302,-0.366918,-0.267250,0.223927,-0.385035,-0.267655,0.197912,-0.411577,-0.242476,0.213554,-0.424425,-0.195132,0.245406,-0.418391,-0.239404
2026-07-20 14:42:03.411,36.399965,0.000000,0.000000,0.000000,0.323178,-0.401249,-0.268024,0.125378,-0.365907,-0.267231,0.224278,-0.383578,-0.267628,0.197912,-0.411577,-0.242476,0.213363,-0.425400,-0.195244,0.245406,-0.418391,-0.239404
2026-07-20 14:42:03.511,36.499965,0.000000,0.000000,0.000000,0.311178,-0.382648,-0.299339,0.114290,-0.344228,-0.293401,0.212734,-0.363438,-0.296370,0.186392,-0.391773,-0.272882,0.202386,-0.408421,-0.225951,0.233792,-0.399583,-0.270935
2026-07-20 14:42:03.611,36.599965,0.000000,0.000000,0.000000,0.311872,-0.381767,-0.299492,0.114323,-0.345233,-0.293719,0.213097,-0.363500,-0.296605,0.186425,-0.392778,-0.273200,0.202420,-0.409426,-0.226269,0.233825,-0.400588,-0.271253
2026-07-20 14:42:03.711,36.699965,0.000000,0.000000,0.000000,0.311475,-0.380700,-0.298938,0.114350,-0.342219,-0.292991,0.212913,-0.361460,-0.295965,0.186359,-0.390769,-0.272564,0.202144,-0.408377,-0.225814,0.234849,-0.397838,-0.270549
2026-07-20 14:42:03.811,36.799965,0.000000,0.000000,0.000000,0.322958,-0.397151,-0.267050,0.125082,-0.362820,-0.266275,0.224020,-0.379985,-0.266662,0.197692,-0.407479,-0.241501,0.213153,-0.421374,-0.193411,0.246262,-0.413530,-0.238402
2026-07-20 14:42:03.911,36.899965,0.000000,0.000000,0.000000,0.322700,-0.399127,-0.267311,0.125928,-0.365066,-0.266566,0.224314,-0.382097,-0.266939,0.196736,-0.409283,-0.241768,0.213208,-0.422399,-0.193654,0.246088,-0.415524,-0.238700
2026-07-20 14:42:04.011,36.999965,0.000000,0.000000,0.000000,0.322607,-0.404178,-0.268304,0.125358,-0.367942,-0.267494,0.223982,-0.386060,-0.267899,0.197125,-0.412396,-0.242692,0.213439,-0.426569,-0.193771,0.246537,-0.418653,-0.239621
2026-07-20 14:42:04.111,37.099965,0.000000,0.000000,0.000000,0.310980,-0.387609,-0.300694,0.114329,-0.349252,-0.294764,0.212655,-0.368431,-0.297729,0.185687,-0.395575,-0.274100,0.202329,-0.413535,-0.226553,0.234767,-0.403820,-0.272261
2026-07-20 14:42:04.211,37.199965,0.000000,0.000000,0.000000,0.311119,-0.394529,-0.281130,0.114536,-0.353700,-0.278432,0.212827,-0.374114,-0.279781,0.185237,-0.401662,-0.254480,0.201359,-0.417617,-0.206946,0.234488,-0.409057,-0.252658
2026-07-20 14:42:04.311,37.299964,0.000000,0.000000,0.000000,0.322331,-0.399055,-0.267085,0.125158,-0.361809,-0.266256,0.223745,-0.380432,-0.266671,0.196850,-0.407274,-0.241473,0.213164,-0.421446,-0.192552,0.246033,-0.414500,-0.238457
2026-07-20 14:42:04.411,37.399964,0.000000,0.000000,0.000000,0.322920,-0.403226,-0.268286,0.125433,-0.366932,-0.267474,0.224177,-0.385079,-0.267880,0.196967,-0.413454,-0.241879,0.213450,-0.426641,-0.192913,0.246308,-0.419622,-0.239675
2026-07-20 14:42:04.511,37.499964,0.000000,0.000000,0.000000,0.322535,-0.396054,-0.266580,0.124897,-0.361781,-0.265807,0.223716,-0.378918,-0.266193,0.196571,-0.406209,-0.241037,0.213065,-0.419469,-0.191207,0.246037,-0.411966,-0.237942
2026-07-20 14:42:04.611,37.599964,0.000000,0.000000,0.000000,0.311195,-0.383150,-0.299498,0.114213,-0.345736,-0.293651,0.212704,-0.364443,-0.296575,0.185404,-0.393170,-0.272252,0.202233,-0.410153,-0.224589,0.234899,-0.399345,-0.271026
2026-07-20 14:42:04.711,37.699964,0.000000,0.000000,0.000000,0.322645,-0.398103,-0.267067,0.125082,-0.362820,-0.266275,0.223864,-0.380461,-0.266671,0.196692,-0.408331,-0.240661,0.213175,-0.421518,-0.191694,0.246273,-0.413603,-0.237531
2026-07-20 14:42:04.811,37.799964,0.000000,0.000000,0.000000,0.322480,-0.395029,-0.266336,0.124842,-0.360757,-0.265563,0.223661,-0.377893,-0.265950,0.196527,-0.405257,-0.239930,0.213020,-0.418517,-0.190105,0.246097,-0.410456,-0.237671
2026-07-20 14:42:04.911,37.899964,0.000000,0.000000,0.000000,0.310930,-0.400557,-0.282558,0.114682,-0.358786,-0.279814,0.212806,-0.379671,-0.281186,0.185192,-0.407726,-0.255945,0.201529,-0.422900,-0.206617,0.234646,-0.414243,-0.253171
2026-07-20 14:42:05.011,37.999964,0.000000,0.000000,0.000000,0.323013,-0.398175,-0.267293,0.125137,-0.363844,-0.266519,0.224075,-0.381010,-0.266906,0.196747,-0.409356,-0.240904,0.213050,-0.423589,-0.191196,0.246328,-0.414628,-0.237774
2026-07-20 14:42:05.111,38.099964,0.000000,0.000000,0.000000,0.322810,-0.401176,-0.267799,0.125172,-0.366904,-0.267025,0.223991,-0.384040,-0.267412,0.196857,-0.411405,-0.241392,0.213350,-0.424664,-0.191567,0.246438,-0.416677,-0.238262
2026-07-20 14:42:05.211,38.199964,0.000000,0.000000,0.000000,0.322700,-0.399127,-0.267311,0.125213,-0.362834,-0.266500,0.223956,-0.380981,-0.266905,0.196747,-0.409356,-0.240904,0.213060,-0.423661,-0.190338,0.246328,-0.414628,-0.237774
2026-07-20 14:42:05.311,38.299963,0.000000,0.000000,0.000000,0.322552,-0.403153,-0.268060,0.125302,-0.366918,-0.267250,0.223927,-0.385035,-0.267655,0.196071,-0.412224,-0.241608,0.212581,-0.425557,-0.190925,0.246264,-0.418671,-0.238561
2026-07-20 14:42:05.411,38.399963,0.000000,0.000000,0.000000,0.322672,-0.398615,-0.267189,0.125185,-0.362321,-0.266378,0.223929,-0.380468,-0.266784,0.196551,-0.409828,-0.240835,0.212198,-0.422945,-0.190189,0.246300,-0.414116,-0.237652
2026-07-20 14:42:05.511,38.499963,0.000000,0.000000,0.000000,0.311331,-0.386808,-0.299714,0.114422,-0.348247,-0.294672,0.212877,-0.367528,-0.297193,0.184683,-0.396469,-0.273311,0.201576,-0.413858,-0.223097,0.235034,-0.402997,-0.271275
2026-07-20 14:42:05.611,38.599963,0.000000,0.000000,0.000000,0.311475,-0.380700,-0.298938,0.114256,-0.343224,-0.293083,0.212866,-0.361962,-0.296011,0.184518,-0.391446,-0.271721,0.201411,-0.408834,-0.221508,0.234869,-0.397974,-0.269686
2026-07-20 14:42:05.711,38.699963,0.000000,0.000000,0.000000,0.322645,-0.398103,-0.267067,0.125950,-0.363031,-0.266304,0.224297,-0.380567,-0.266686,0.195851,-0.408126,-0.240633,0.212371,-0.421531,-0.189092,0.246043,-0.414573,-0.237586
2026-07-20 14:42:05.811,38.799963,0.000000,0.000000,0.000000,0.323068,-0.399200,-0.267537,0.125192,-0.364869,-0.266762,0.224130,-0.382034,-0.267150,0.195794,-0.411160,-0.241173,0.212481,-0.423580,-0.189579,0.247231,-0.415859,-0.238046
2026-07-20 14:42:05.911,38.899963,0.000000,0.000000,0.000000,0.322552,-0.403153,-0.268060,0.125227,-0.367928,-0.267269,0.223889,-0.385541,-0.267665,0.196071,-0.412224,-0.241608,0.212591,-0.425629,-0.190067,0.247341,-0.417909,-0.238533
2026-07-20 14:42:06.011,38.999963,0.000000,0.000000,0.000000,0.323013,-0.398175,-0.267293,0.126005,-0.364056,-0.266547,0.224509,-0.381116,-0.266920,0.195906,-0.409150,-0.240877,0.212437,-0.422628,-0.188477,0.247176,-0.414835,-0.237802
2026-07-20 14:42:06.111,39.099963,0.000000,0.000000,0.000000,0.322552,-0.403153,-0.268060,0.125378,-0.365907,-0.267231,0.223965,-0.384530,-0.267645,0.196071,-0.412224,-0.241608,0.212412,-0.426675,-0.189328,0.247341,-0.417909,-0.238533
2026-07-20 14:42:06.211,39.199963,0.000000,0.000000,0.000000,0.322865,-0.402201,-0.268042,0.125302,-0.366918,-0.267250,0.224084,-0.384560,-0.267646,0.195904,-0.413209,-0.241660,0.212412,-0.426675,-0.189328,0.247341,-0.417909,-0.238533
2026-07-20 14:42:06.311,39.299963,0.000000,0.000000,0.000000,0.311542,-0.382710,-0.299574,0.114136,-0.347243,-0.293901,0.212839,-0.364976,-0.296738,0.184399,-0.394431,-0.272478,0.201288,-0.411938,-0.221480,0.235779,-0.400202,-0.270375
2026-07-20 14:42:06.411,39.399962,0.000000,0.000000,0.000000,0.322425,-0.394005,-0.266093,0.124787,-0.359732,-0.265319,0.223606,-0.376868,-0.265706,0.195631,-0.404028,-0.239658,0.212172,-0.417577,-0.186400,0.246670,-0.410682,-0.236639
2026-07-20 14:42:06.511,39.499962,0.000000,0.000000,0.000000,0.322700,-0.399127,-0.267311,0.125137,-0.363844,-0.266519,0.223919,-0.381486,-0.266915,0.195066,-0.408945,-0.240849,0.212448,-0.422700,-0.187619,0.247176,-0.414835,-0.237802
2026-07-20 14:42:06.611,39.599962,0.000000,0.000000,0.000000,0.322700,-0.399127,-0.267311,0.125062,-0.364855,-0.266538,0.223881,-0.381991,-0.266925,0.195066,-0.408945,-0.240849,0.211424,-0.423470,-0.187712,0.246946,-0.415804,-0.237858
2026-07-20 14:42:06.711,39.699962,0.000000,0.000000,0.000000,0.311294,-0.386164,-0.300452,0.114405,-0.347745,-0.294513,0.212850,-0.366954,-0.297483,0.183830,-0.395751,-0.273098,0.200560,-0.414369,-0.221373,0.235614,-0.403672,-0.271293
2026-07-20 14:42:06.811,39.799962,0.000000,0.000000,0.000000,0.311294,-0.400631,-0.282789,0.114612,-0.360810,-0.280141,0.212953,-0.380721,-0.281465,0.183550,-0.408296,-0.256147,0.199533,-0.425898,-0.202844,0.235012,-0.417409,-0.253655
2026-07-20 14:42:06.911,39.899962,0.000000,0.000000,0.000000,0.311112,-0.380639,-0.298703,0.114223,-0.342219,-0.292765,0.212668,-0.361429,-0.295734,0.183464,-0.391201,-0.271471,0.200398,-0.408978,-0.218774,0.236275,-0.398365,-0.269598
2026-07-20 14:42:07.011,39.999962,0.000000,0.000000,0.000000,0.322442,-0.401104,-0.267573,0.125192,-0.364869,-0.266762,0.223817,-0.382986,-0.267168,0.194954,-0.410955,-0.241145,0.211300,-0.425541,-0.187220,0.247848,-0.417036,-0.238130
2026-07-20 14:42:07.111,40.099962,0.000000,0.000000,0.000000,0.311542,-0.382710,-0.299574,0.114229,-0.346238,-0.293810,0.212885,-0.364474,-0.296692,0.183563,-0.394215,-0.272425,0.200290,-0.412951,-0.219918,0.236374,-0.401379,-0.270552
2026-07-20 14:42:07.211,40.199962,0.000000,0.000000,0.000000,0.311079,-0.379634,-0.298385,0.114284,-0.340209,-0.292356,0.212681,-0.359922,-0.295370,0.183246,-0.391173,-0.271275,0.200158,-0.408933,-0.218646,0.236242,-0.397360,-0.269280
2026-07-20 14:42:07.311,40.299962,0.000000,0.000000,0.000000,0.310881,-0.384595,-0.299740,0.114416,-0.344228,-0.293627,0.212649,-0.364412,-0.296684,0.183563,-0.394215,-0.272425,0.200517,-0.412126,-0.218879,0.236374,-0.401379,-0.270552
2026-07-20 14:42:07.411,40.399961,0.000000,0.000000,0.000000,0.311571,-0.397654,-0.282190,0.114554,-0.358776,-0.279588,0.213063,-0.378215,-0.280889,0.183112,-0.408220,-0.255758,0.199592,-0.423480,-0.201361,0.235794,-0.415599,-0.253139
2026-07-20 14:42:07.511,40.499961,0.000000,0.000000,0.000000,0.323149,-0.412208,-0.243917,0.125589,-0.377597,-0.246782,0.224369,-0.394902,-0.245349,0.194907,-0.422446,-0.218255,0.210037,-0.433191,-0.162641,0.247924,-0.427474,-0.214420
2026-07-20 14:42:07.611,40.599961,0.000000,0.000000,0.000000,0.323068,-0.399200,-0.267537,0.125117,-0.365879,-0.266782,0.224093,-0.382540,-0.267159,0.194788,-0.411941,-0.241197,0.210478,-0.425410,-0.186337,0.247616,-0.418005,-0.238185
2026-07-20 14:42:07.711,40.699961,0.000000,0.000000,0.000000,0.323399,-0.405347,-0.268999,0.125523,-0.371016,-0.268225,0.224461,-0.388182,-0.268612,0.194279,-0.417883,-0.242632,0.210808,-0.431557,-0.187799,0.248178,-0.423183,-0.239592
2026-07-20 14:42:07.811,40.799961,0.000000,0.000000,0.000000,0.323068,-0.399200,-0.267537,0.125192,-0.364869,-0.266762,0.224130,-0.382034,-0.267150,0.194788,-0.411941,-0.241197,0.210489,-0.425482,-0.185481,0.247616,-0.418005,-0.238185
2026-07-20 14:42:07.911,40.899961,0.000000,0.000000,0.000000,0.311112,-0.380639,-0.298703,0.114130,-0.343224,-0.292856,0.212621,-0.361931,-0.295780,0.182445,-0.391961,-0.271539,0.199194,-0.410950,-0.217406,0.236025,-0.399324,-0.269721
2026-07-20 14:42:08.011,40.999961,0.000000,0.000000,0.000000,0.322700,-0.399127,-0.267311,0.125137,-0.363844,-0.266519,0.223919,-0.381486,-0.266915,0.193894,-0.410711,-0.240926,0.210246,-0.425431,-0.185361,0.247329,-0.417949,-0.237997
2026-07-20 14:42:08.111,41.099961,0.000000,0.000000,0.000000,0.323013,-0.398175,-0.267293,0.125213,-0.362834,-0.266500,0.224113,-0.380505,-0.266896,0.193728,-0.411697,-0.240978,0.210246,-0.425431,-0.185361,0.247329,-0.417949,-0.237997
2026-07-20 14:42:08.211,41.199961,0.000000,0.000000,0.000000,0.311344,-0.387671,-0.300929,0.114455,-0.349251,-0.294990,0.212899,-0.368461,-0.297960,0.182493,-0.399970,-0.273886,0.199445,-0.418117,-0.218784,0.236028,-0.407450,-0.271209
2026-07-20 14:42:08.311,41.299961,0.000000,0.000000,0.000000,0.322700,-0.399127,-0.267311,0.125137,-0.363844,-0.266519,0.223919,-0.381486,-0.266915,0.193894,-0.410711,-0.240926,0.209424,-0.425300,-0.184479,0.247329,-0.417949,-0.237997
2026-07-20 14:42:08.411,41.399961,0.000000,0.000000,0.000000,0.310554,-0.389595,-0.300611,0.114521,-0.351261,-0.295626,0.212537,-0.370428,-0.298119,0.182559,-0.401979,-0.274522,0.198684,-0.419911,-0.219367,0.235844,-0.410418,-0.271968
2026-07-20 14:42:08.511,41.499960,0.000000,0.000000,0.000000,0.322142,-0.398036,-0.266358,0.125137,-0.363844,-0.266519,0.223640,-0.380940,-0.266438,0.193894,-0.410711,-0.240926,0.209424,-0.425300,-0.184479,0.247953,-0.419197,-0.237214
2026-07-20 14:42:08.611,41.599960,0.000000,0.000000,0.000000,0.322480,-0.395029,-0.266336,0.124917,-0.359746,-0.265544,0.223698,-0.377388,-0.265940,0.193674,-0.406613,-0.239951,0.209215,-0.421274,-0.182649,0.247732,-0.415099,-0.236239
2026-07-20 14:42:08.711,41.699960,0.000000,0.000000,0.000000,0.322810,-0.401176,-0.267799,0.125172,-0.366904,-0.267025,0.223991,-0.384040,-0.267412,0.193839,-0.413746,-0.241466,0.209732,-0.426447,-0.183985,0.248063,-0.421246,-0.237701
2026-07-20 14:42:08.811,41.799960,0.000000,0.000000,0.000000,0.322645,-0.398103,-0.267067,0.125082,-0.362820,-0.266275,0.223864,-0.380461,-0.266671,0.193673,-0.410672,-0.240735,0.209380,-0.424348,-0.183380,0.247897,-0.418172,-0.236970
2026-07-20 14:42:08.911,41.899960,0.000000,0.000000,0.000000,0.322645,-0.398103,-0.267067,0.125007,-0.363830,-0.266294,0.223826,-0.380967,-0.266681,0.193673,-0.410672,-0.240735,0.209577,-0.423445,-0.182398,0.247665,-0.419141,-0.237027
2026-07-20 14:42:09.011,41.999960,0.000000,0.000000,0.000000,0.323178,-0.401249,-0.268024,0.125302,-0.366918,-0.267250,0.224240,-0.384084,-0.267637,0.193894,-0.414771,-0.241710,0.209797,-0.427543,-0.183373,0.248118,-0.422271,-0.237945
2026-07-20 14:42:09.111,42.099960,0.000000,0.000000,0.000000,0.323789,-0.417468,-0.245094,0.125914,-0.383809,-0.247932,0.224851,-0.400638,-0.246513,0.193389,-0.429230,-0.219392,0.209537,-0.439314,-0.160348,0.248160,-0.437804,-0.214750
2026-07-20 14:42:09.211,42.199960,0.000000,0.000000,0.000000,0.322387,-0.400079,-0.267329,0.125062,-0.364855,-0.266538,0.223724,-0.382467,-0.266933,0.192902,-0.411565,-0.240090,0.209632,-0.424470,-0.182641,0.247953,-0.419197,-0.237214
2026-07-20 14:42:09.311,42.299960,0.000000,0.000000,0.000000,0.309927,-0.381496,-0.297834,0.114130,-0.343224,-0.292856,0.212028,-0.362360,-0.295345,0.181246,-0.393698,-0.271729,0.198650,-0.410313,-0.213768,0.236136,-0.402552,-0.269284
2026-07-20 14:42:09.411,42.399960,0.000000,0.000000,0.000000,0.310782,-0.381581,-0.298786,0.114992,-0.343447,-0.292911,0.212887,-0.362514,-0.295849,0.181428,-0.392722,-0.271607,0.198855,-0.409354,-0.213571,0.235886,-0.403510,-0.269408
2026-07-20 14:42:09.511,42.499959,0.000000,0.000000,0.000000,0.311442,-0.379696,-0.298621,0.115066,-0.342303,-0.293703,0.213254,-0.360999,-0.296162,0.181428,-0.392722,-0.271607,0.198650,-0.410313,-0.213768,0.235886,-0.403510,-0.269408
2026-07-20 14:42:09.611,42.599959,0.000000,0.000000,0.000000,0.311442,-0.379696,-0.298621,0.114877,-0.344313,-0.293884,0.213160,-0.362004,-0.296252,0.181428,-0.392722,-0.271607,0.198650,-0.410313,-0.213768,0.235886,-0.403510,-0.269408
2026-07-20 14:42:09.711,42.699959,0.000000,0.000000,0.000000,0.311311,-0.386666,-0.300611,0.115285,-0.348470,-0.294728,0.213298,-0.367568,-0.297669,0.181627,-0.398749,-0.273515,0.198970,-0.415995,-0.214728,0.236335,-0.408579,-0.271192
2026-07-20 14:42:09.811,42.799959,0.000000,0.000000,0.000000,0.311244,-0.384657,-0.299975,0.115219,-0.346461,-0.294092,0.213232,-0.365559,-0.297033,0.181561,-0.396740,-0.272879,0.199007,-0.413507,-0.213994,0.235768,-0.408486,-0.270804
2026-07-20 14:42:09.911,42.899959,0.000000,0.000000,0.000000,0.322535,-0.396054,-0.266580,0.125839,-0.360982,-0.265816,0.224187,-0.378518,-0.266198,0.192726,-0.408419,-0.240220,0.209675,-0.420566,-0.180069,0.247555,-0.417092,-0.236539
2026-07-20 14:42:10.011,42.999959,0.000000,0.000000,0.000000,0.311443,-0.390685,-0.301883,0.115323,-0.353494,-0.296091,0.213383,-0.372089,-0.298987,0.181759,-0.402768,-0.274787,0.199000,-0.420493,-0.216098,0.236217,-0.413556,-0.272587
2026-07-20 14:42:10.111,43.099959,0.000000,0.000000,0.000000,0.310881,-0.384595,-0.299740,0.115186,-0.345456,-0.293774,0.213034,-0.365026,-0.296757,0.181527,-0.395735,-0.272561,0.197959,-0.413380,-0.212972,0.236823,-0.406740,-0.270416
2026-07-20 14:42:10.211,43.199959,0.000000,0.000000,0.000000,0.322810,-0.401176,-0.267799,0.126104,-0.366030,-0.267926,0.224457,-0.383603,-0.267862,0.192837,-0.414527,-0.241491,0.208941,-0.426531,-0.180533,0.248439,-0.423389,-0.237842
2026-07-20 14:42:10.311,43.299959,0.000000,0.000000,0.000000,0.311244,-0.384657,-0.299975,0.115124,-0.347466,-0.294183,0.213184,-0.366062,-0.297079,0.181378,-0.397717,-0.273001,0.197788,-0.415344,-0.213488,0.236856,-0.407745,-0.270733
2026-07-20 14:42:10.411,43.399959,0.000000,0.000000,0.000000,0.311542,-0.382710,-0.299574,0.115071,-0.346322,-0.294747,0.213306,-0.364516,-0.297161,0.181527,-0.395735,-0.272561,0.198061,-0.412901,-0.212872,0.237074,-0.405783,-0.270292
2026-07-20 14:42:10.511,43.499959,0.000000,0.000000,0.000000,0.311475,-0.380700,-0.298938,0.115005,-0.344313,-0.294111,0.213240,-0.362506,-0.296525,0.181461,-0.393726,-0.271925,0.197893,-0.411371,-0.212336,0.237008,-0.403773,-0.269656
2026-07-20 14:42:10.611,43.599958,0.000000,0.000000,0.000000,0.311707,-0.387733,-0.301164,0.115425,-0.349335,-0.296156,0.213566,-0.368534,-0.298660,0.181693,-0.400759,-0.274151,0.198144,-0.418538,-0.213713,0.236988,-0.411764,-0.272005
2026-07-20 14:42:10.711,43.699958,0.000000,0.000000,0.000000,0.311112,-0.380639,-0.298703,0.115834,-0.343531,-0.293849,0.213473,-0.362085,-0.296276,0.181246,-0.393698,-0.271729,0.197675,-0.411459,-0.211369,0.237226,-0.401811,-0.269215
2026-07-20 14:42:10.811,43.799958,0.000000,0.000000,0.000000,0.311211,-0.383652,-0.299657,0.115165,-0.345317,-0.294657,0.213188,-0.364485,-0.297157,0.180694,-0.395520,-0.272508,0.197774,-0.414473,-0.212323,0.236823,-0.406740,-0.270416
2026-07-20 14:42:10.911,43.899958,0.000000,0.000000,0.000000,0.311343,-0.376682,-0.297667,0.114872,-0.340294,-0.292840,0.213108,-0.358488,-0.295253,0.180495,-0.389492,-0.270600,0.197575,-0.408445,-0.210415,0.236875,-0.399755,-0.268384
2026-07-20 14:42:11.011,43.999958,0.000000,0.000000,0.000000,0.310881,-0.384595,-0.299740,0.115165,-0.345317,-0.294657,0.213023,-0.364956,-0.297198,0.180694,-0.395520,-0.272508,0.197978,-0.413514,-0.212123,0.237074,-0.405783,-0.270292
2026-07-20 14:42:11.111,44.099958,0.000000,0.000000,0.000000,0.311211,-0.383652,-0.299657,0.115071,-0.346322,-0.294747,0.213141,-0.364987,-0.297202,0.180694,-0.395520,-0.272508,0.197793,-0.414607,-0.211475,0.237074,-0.405783,-0.270292
2026-07-20 14:42:11.211,44.199958,0.000000,0.000000,0.000000,0.324585,-0.376811,-0.293134,0.127088,-0.346814,-0.290436,0.225837,-0.361812,-0.291785,0.193904,-0.392963,-0.267073,0.211155,-0.410025,-0.205519,0.250523,-0.401647,-0.264271
2026-07-20 14:42:11.311,44.299958,0.000000,0.000000,0.000000,0.311211,-0.383652,-0.299657,0.115071,-0.346322,-0.294747,0.213141,-0.364987,-0.297202,0.180694,-0.395520,-0.272508,0.197793,-0.414607,-0.211475,0.236823,-0.406740,-0.270416
2026-07-20 14:42:11.411,44.399958,0.000000,0.000000,0.000000,0.311244,-0.384657,-0.299975,0.115199,-0.346321,-0.294975,0.213222,-0.365489,-0.297475,0.180546,-0.397501,-0.272947,0.197827,-0.415612,-0.211793,0.236856,-0.407745,-0.270733
2026-07-20 14:42:11.511,44.499958,0.000000,0.000000,0.000000,0.311211,-0.383652,-0.299657,0.115091,-0.346461,-0.293865,0.213151,-0.365057,-0.296761,0.180513,-0.396497,-0.272629,0.197589,-0.415566,-0.211676,0.237074,-0.405783,-0.270292
2026-07-20 14:42:11.611,44.599957,0.000000,0.000000,0.000000,0.323356,-0.409186,-0.243560,0.126426,-0.374731,-0.246438,0.224891,-0.391958,-0.244999,0.191954,-0.421729,-0.217854,0.207266,-0.431775,-0.153731,0.248570,-0.429730,-0.213224
2026-07-20 14:42:11.711,44.699957,0.000000,0.000000,0.000000,0.321867,-0.392914,-0.265139,0.124851,-0.358647,-0.266191,0.223359,-0.375780,-0.265665,0.191615,-0.407152,-0.239757,0.207569,-0.420346,-0.176366,0.248287,-0.415249,-0.236080
2026-07-20 14:42:11.811,44.799957,0.000000,0.000000,0.000000,0.306139,-0.419629,-0.247766,0.110407,-0.379748,-0.249702,0.208273,-0.399688,-0.248734,0.174608,-0.427392,-0.221126,0.190852,-0.438624,-0.158070,0.231737,-0.437752,-0.217881
2026-07-20 14:42:11.911,44.899957,0.000000,0.000000,0.000000,0.306227,-0.425842,-0.248958,0.110725,-0.383948,-0.250944,0.208476,-0.404895,-0.249951,0.175725,-0.432864,-0.222324,0.190717,-0.445808,-0.159353,0.231552,-0.444926,-0.219088
2026-07-20 14:42:12.011,44.999957,0.000000,0.000000,0.000000,0.306154,-0.420665,-0.247965,0.110529,-0.379741,-0.250818,0.208341,-0.400203,-0.249391,0.174824,-0.427448,-0.221314,0.190867,-0.439659,-0.158269,0.231751,-0.438788,-0.218080
2026-07-20 14:42:12.111,45.099957,0.000000,0.000000,0.000000,0.321352,-0.396867,-0.265665,0.124810,-0.362717,-0.266715,0.223081,-0.379792,-0.266190,0.190888,-0.408996,-0.240217,0.207506,-0.423442,-0.176133,0.248164,-0.418266,-0.236624
2026-07-20 14:42:12.211,45.199957,0.000000,0.000000,0.000000,0.322683,-0.392028,-0.265831,0.124731,-0.358708,-0.265076,0.223707,-0.375368,-0.265453,0.190734,-0.405995,-0.238627,0.207330,-0.420296,-0.176256,0.248232,-0.414224,-0.235836
2026-07-20 14:42:12.311,45.299957,0.000000,0.000000,0.000000,0.321683,-0.403014,-0.267127,0.125291,-0.366843,-0.268141,0.223487,-0.384929,-0.267634,0.191219,-0.415144,-0.241679,0.207836,-0.429589,-0.177595,0.248494,-0.424413,-0.238086
2026-07-20 14:42:12.411,45.399957,0.000000,0.000000,0.000000,0.322903,-0.396126,-0.266806,0.125818,-0.363017,-0.266079,0.224360,-0.379572,-0.266442,0.191780,-0.410225,-0.240488,0.207561,-0.424466,-0.176377,0.248452,-0.418322,-0.236811
2026-07-20 14:42:12.511,45.499957,0.000000,0.000000,0.000000,0.322535,-0.396054,-0.266580,0.124821,-0.362792,-0.265826,0.223678,-0.379423,-0.266203,0.190888,-0.408996,-0.240217,0.207506,-0.423442,-0.176133,0.248397,-0.417298,-0.236567
2026-07-20 14:42:12.611,45.599957,0.000000,0.000000,0.000000,0.322810,-0.401176,-0.267799,0.125172,-0.366904,-0.267025,0.223991,-0.384040,-0.267412,0.191164,-0.414119,-0.241436,0.207781,-0.428564,-0.177352,0.248439,-0.423389,-0.237842
2026-07-20 14:42:12.711,45.699956,0.000000,0.000000,0.000000,0.322700,-0.399127,-0.267311,0.125062,-0.364855,-0.266538,0.223881,-0.381991,-0.266925,0.191890,-0.412274,-0.240976,0.207671,-0.426515,-0.176864,0.248329,-0.421340,-0.237355
2026-07-20 14:42:12.811,45.799956,0.000000,0.000000,0.000000,0.322645,-0.398103,-0.267067,0.125082,-0.362820,-0.266275,0.223864,-0.380461,-0.266671,0.191009,-0.411118,-0.239845,0.207616,-0.425491,-0.176620,0.248274,-0.420315,-0.237111
2026-07-20 14:42:12.911,45.899956,0.000000,0.000000,0.000000,0.323344,-0.404323,-0.268755,0.125392,-0.371002,-0.268000,0.224368,-0.387662,-0.268378,0.191395,-0.418290,-0.241551,0.208001,-0.432662,-0.178326,0.248659,-0.427487,-0.238817
2026-07-20 14:42:13.011,45.999956,0.000000,0.000000,0.000000,0.321720,-0.396939,-0.265889,0.124952,-0.362806,-0.266050,0.223336,-0.379873,-0.265970,0.190954,-0.410093,-0.239601,0.207376,-0.425440,-0.176512,0.248219,-0.419291,-0.236867
2026-07-20 14:42:13.111,46.099956,0.000000,0.000000,0.000000,0.323068,-0.399200,-0.267537,0.125041,-0.366890,-0.266801,0.224055,-0.383045,-0.267169,0.190946,-0.414081,-0.241244,0.206905,-0.427409,-0.176227,0.248384,-0.422364,-0.237599
2026-07-20 14:42:13.211,46.199956,0.000000,0.000000,0.000000,0.321775,-0.397964,-0.266133,0.125147,-0.361734,-0.267148,0.223461,-0.379849,-0.266641,0.190999,-0.411046,-0.240704,0.206795,-0.425360,-0.175739,0.248274,-0.420315,-0.237111
2026-07-20 14:42:13.311,46.299956,0.000000,0.000000,0.000000,0.322087,-0.397012,-0.266114,0.124931,-0.364841,-0.266313,0.223509,-0.380926,-0.266214,0.191009,-0.411118,-0.239845,0.206795,-0.425360,-0.175739,0.248274,-0.420315,-0.237111
2026-07-20 14:42:13.411,46.399956,0.000000,0.000000,0.000000,0.322535,-0.396054,-0.266580,0.125036,-0.359685,-0.266661,0.223786,-0.377870,-0.266620,0.190899,-0.409069,-0.239358,0.206685,-0.423311,-0.175252,0.248164,-0.418266,-0.236624
2026-07-20 14:42:13.511,46.499956,0.000000,0.000000,0.000000,0.321518,-0.399941,-0.266396,0.125137,-0.363844,-0.266519,0.223327,-0.381892,-0.266457,0.190891,-0.413056,-0.241001,0.206850,-0.426384,-0.175983,0.248329,-0.421340,-0.237355
2026-07-20 14:42:13.611,46.599956,0.000000,0.000000,0.000000,0.321297,-0.395842,-0.265421,0.124766,-0.361767,-0.265582,0.223032,-0.378805,-0.265502,0.190671,-0.408958,-0.240026,0.206630,-0.422286,-0.175008,0.248109,-0.417242,-0.236380
2026-07-20 14:42:13.711,46.699955,0.000000,0.000000,0.000000,0.322535,-0.396054,-0.266580,0.124897,-0.361781,-0.265807,0.223716,-0.378918,-0.266193,0.190888,-0.408996,-0.240217,0.206685,-0.423311,-0.175252,0.248397,-0.417298,-0.236567
2026-07-20 14:42:13.811,46.799955,0.000000,0.000000,0.000000,0.322958,-0.397151,-0.267050,0.125082,-0.362820,-0.266275,0.224020,-0.379985,-0.266662,0.190999,-0.411046,-0.240704,0.206795,-0.425360,-0.175739,0.248508,-0.419347,-0.237054
2026-07-20 14:42:13.911,46.899955,0.000000,0.000000,0.000000,0.322307,-0.401110,-0.267089,0.125302,-0.366918,-0.267250,0.223805,-0.384014,-0.267169,0.191057,-0.416130,-0.241732,0.207015,-0.429458,-0.176714,0.248494,-0.424413,-0.238086
2026-07-20 14:42:14.011,46.999955,0.000000,0.000000,0.000000,0.321665,-0.395915,-0.265646,0.125048,-0.359760,-0.265768,0.223356,-0.377838,-0.265707,0.190726,-0.409983,-0.240269,0.206685,-0.423311,-0.175252,0.248164,-0.418266,-0.236624
2026-07-20 14:42:14.111,47.099955,0.000000,0.000000,0.000000,0.322810,-0.401176,-0.267799,0.125312,-0.364808,-0.267879,0.224061,-0.382992,-0.267839,0.191164,-0.414119,-0.241436,0.206971,-0.428505,-0.175616,0.248439,-0.423389,-0.237842
2026-07-20 14:42:14.211,47.199955,0.000000,0.000000,0.000000,0.322700,-0.399127,-0.267311,0.125051,-0.364780,-0.267428,0.223875,-0.381954,-0.267370,0.190891,-0.413056,-0.241001,0.206850,-0.426384,-0.175983,0.248329,-0.421340,-0.237355
2026-07-20 14:42:14.311,47.299955,0.000000,0.000000,0.000000,0.321022,-0.390720,-0.264202,0.124555,-0.355559,-0.265235,0.222789,-0.373139,-0.264719,0.190396,-0.403836,-0.238807,0.206365,-0.417235,-0.172936,0.247833,-0.412119,-0.235161
2026-07-20 14:42:14.411,47.399955,0.000000,0.000000,0.000000,0.321628,-0.401990,-0.266883,0.125247,-0.365893,-0.267006,0.223438,-0.383941,-0.266945,0.191001,-0.415106,-0.241488,0.206971,-0.428505,-0.175616,0.248428,-0.423316,-0.238707
2026-07-20 14:42:14.511,47.499955,0.000000,0.000000,0.000000,0.322876,-0.402277,-0.267137,0.125367,-0.365832,-0.268123,0.224122,-0.384055,-0.267630,0.191057,-0.416130,-0.241732,0.207026,-0.429530,-0.175860,0.249325,-0.424546,-0.238978
2026-07-20 14:42:14.611,47.599955,0.000000,0.000000,0.000000,0.321940,-0.401038,-0.266864,0.125247,-0.365893,-0.267006,0.223594,-0.383465,-0.266935,0.191001,-0.415106,-0.241488,0.206777,-0.429408,-0.176606,0.248194,-0.424285,-0.238763
2026-07-20 14:42:14.711,47.699955,0.000000,0.000000,0.000000,0.322848,-0.395102,-0.266562,0.124897,-0.361781,-0.265807,0.223872,-0.378442,-0.266184,0.190726,-0.409983,-0.240269,0.206696,-0.423382,-0.174398,0.249230,-0.417431,-0.237461
2026-07-20 14:42:14.811,47.799954,0.000000,0.000000,0.000000,0.322142,-0.398036,-0.266358,0.125137,-0.363844,-0.266519,0.223640,-0.380940,-0.266438,0.190891,-0.413056,-0.241001,0.206677,-0.427430,-0.175266,0.249160,-0.421472,-0.238247
2026-07-20 14:42:14.911,47.899954,0.000000,0.000000,0.000000,0.321995,-0.402062,-0.267108,0.125227,-0.367928,-0.267269,0.223611,-0.384995,-0.267188,0.191219,-0.415144,-0.241679,0.206842,-0.430504,-0.175997,0.249325,-0.424546,-0.238978
2026-07-20 14:42:15.011,47.999954,0.000000,0.000000,0.000000,0.322865,-0.402201,-0.268042,0.125227,-0.367928,-0.267269,0.224046,-0.385065,-0.267656,0.190382,-0.414940,-0.241652,0.206842,-0.430504,-0.175997,0.249325,-0.424546,-0.238978
2026-07-20 14:42:15.111,48.099954,0.000000,0.000000,0.000000,0.322755,-0.400152,-0.267555,0.125041,-0.366890,-0.266801,0.223898,-0.383521,-0.267178,0.191109,-0.413095,-0.241192,0.206732,-0.428455,-0.175510,0.248373,-0.422292,-0.238463
2026-07-20 14:42:15.211,48.199954,0.000000,0.000000,0.000000,0.321922,-0.393938,-0.265383,0.124906,-0.359671,-0.266435,0.223414,-0.376805,-0.265909,0.190671,-0.408958,-0.240026,0.206641,-0.422358,-0.174154,0.248940,-0.417374,-0.237273
2026-07-20 14:42:15.311,48.299954,0.000000,0.000000,0.000000,0.322535,-0.396054,-0.266580,0.124886,-0.361706,-0.266697,0.223710,-0.378880,-0.266638,0.190052,-0.408792,-0.240189,0.206512,-0.424357,-0.174535,0.248995,-0.418399,-0.237516
2026-07-20 14:42:15.411,48.399954,0.000000,0.000000,0.000000,0.321995,-0.402062,-0.267108,0.125216,-0.367854,-0.268159,0.223605,-0.384958,-0.267633,0.191057,-0.416130,-0.241732,0.206842,-0.430504,-0.175997,0.249560,-0.423578,-0.238923
2026-07-20 14:42:15.511,48.499954,0.000000,0.000000,0.000000,0.322793,-0.394077,-0.266318,0.124842,-0.360757,-0.265563,0.223817,-0.377417,-0.265941,0.190671,-0.408958,-0.240026,0.206457,-0.423332,-0.174291,0.248940,-0.417374,-0.237273
2026-07-20 14:42:15.611,48.599954,0.000000,0.000000,0.000000,0.322848,-0.395102,-0.266562,0.124897,-0.361781,-0.265807,0.223872,-0.378442,-0.266184,0.190052,-0.408792,-0.240189,0.206512,-0.424357,-0.174535,0.248995,-0.418399,-0.237516
2026-07-20 14:42:15.711,48.699954,0.000000,0.000000,0.000000,0.321995,-0.402062,-0.267108,0.125227,-0.367928,-0.267269,0.223611,-0.384995,-0.267188,0.190382,-0.414940,-0.241652,0.207026,-0.429530,-0.175860,0.249325,-0.424546,-0.238978
2026-07-20 14:42:15.811,48.799953,0.000000,0.000000,0.000000,0.306361,-0.425863,-0.249441,0.110696,-0.381877,-0.250547,0.208528,-0.403870,-0.249994,0.174658,-0.431500,-0.222782,0.189667,-0.444576,-0.156465,0.232348,-0.443059,-0.219575
2026-07-20 14:42:15.911,48.899953,0.000000,0.000000,0.000000,0.322755,-0.400152,-0.267555,0.125192,-0.364869,-0.266762,0.223974,-0.382510,-0.267159,0.190111,-0.413877,-0.241217,0.206916,-0.427480,-0.175373,0.249215,-0.422497,-0.238491
2026-07-20 14:42:16.011,48.999953,0.000000,0.000000,0.000000,0.322387,-0.400079,-0.267329,0.124986,-0.365865,-0.266557,0.223686,-0.382972,-0.266943,0.190891,-0.413056,-0.241001,0.206677,-0.427430,-0.175266,0.249160,-0.421472,-0.238247
2026-07-20 14:42:16.111,49.099953,0.000000,0.000000,0.000000,0.322387,-0.400079,-0.267329,0.125051,-0.364780,-0.267428,0.223719,-0.382430,-0.267378,0.190891,-0.413056,-0.241001,0.206861,-0.426456,-0.175129,0.249160,-0.421472,-0.238247
2026-07-20 14:42:16.211,49.199953,0.000000,0.000000,0.000000,0.321444,-0.391817,-0.264671,0.124665,-0.357608,-0.265722,0.223055,-0.374712,-0.265196,0.189671,-0.405681,-0.239267,0.206475,-0.419284,-0.173423,0.247933,-0.414095,-0.236514
2026-07-20 14:42:16.311,49.299953,0.000000,0.000000,0.000000,0.321830,-0.398988,-0.266377,0.125051,-0.364780,-0.267428,0.223440,-0.381884,-0.266902,0.190891,-0.413056,-0.241001,0.206677,-0.427430,-0.175266,0.249160,-0.421472,-0.238247
2026-07-20 14:42:16.411,49.399953,0.000000,0.000000,0.000000,0.322197,-0.399061,-0.266601,0.125041,-0.366890,-0.266801,0.223619,-0.382975,-0.266701,0.190111,-0.413877,-0.241217,0.205902,-0.428252,-0.175483,0.249215,-0.422497,-0.238491
2026-07-20 14:42:16.511,49.499953,0.000000,0.000000,0.000000,0.321380,-0.397379,-0.265787,0.124924,-0.362293,-0.265929,0.223152,-0.379836,-0.265858,0.189918,-0.410291,-0.240364,0.205892,-0.423692,-0.174492,0.249022,-0.418911,-0.237638
2026-07-20 14:42:16.611,49.599953,0.000000,0.000000,0.000000,0.322142,-0.398036,-0.266358,0.125062,-0.364855,-0.266538,0.223602,-0.381446,-0.266448,0.190056,-0.412853,-0.240973,0.205209,-0.426122,-0.174220,0.249160,-0.421472,-0.238247
2026-07-20 14:42:16.711,49.699953,0.000000,0.000000,0.000000,0.322590,-0.397078,-0.266824,0.124941,-0.362731,-0.266940,0.223765,-0.379905,-0.266882,0.189946,-0.410803,-0.240486,0.205099,-0.424073,-0.173733,0.248815,-0.420392,-0.237815
2026-07-20 14:42:16.811,49.799953,0.000000,0.000000,0.000000,0.322535,-0.396054,-0.266580,0.124886,-0.361706,-0.266697,0.223710,-0.378880,-0.266638,0.189891,-0.409779,-0.240242,0.205044,-0.423048,-0.173489,0.247919,-0.419162,-0.237544
2026-07-20 14:42:16.911,49.899952,0.000000,0.000000,0.000000,0.322032,-0.395987,-0.265870,0.124941,-0.362731,-0.266940,0.223486,-0.379359,-0.266405,0.190943,-0.410021,-0.240461,0.205099,-0.424073,-0.173733,0.247985,-0.420259,-0.236924
2026-07-20 14:42:17.011,49.999952,0.000000,0.000000,0.000000,0.321610,-0.394890,-0.265402,0.124842,-0.360757,-0.265563,0.223226,-0.377823,-0.265483,0.190008,-0.407840,-0.239086,0.204989,-0.422024,-0.173246,0.247875,-0.418210,-0.236437
2026-07-20 14:42:17.111,50.099952,0.000000,0.000000,0.000000,0.322417,-0.403159,-0.267576,0.125402,-0.368892,-0.268628,0.223909,-0.386026,-0.268102,0.191340,-0.417265,-0.241307,0.205655,-0.430198,-0.176156,0.248360,-0.427358,-0.239494
2026-07-20 14:42:17.211,50.199952,0.000000,0.000000,0.000000,0.322810,-0.401176,-0.267799,0.125172,-0.366904,-0.267025,0.223991,-0.384040,-0.267412,0.191001,-0.415106,-0.241488,0.205309,-0.428099,-0.175562,0.248194,-0.424285,-0.238763
2026-07-20 14:42:17.311,50.299952,0.000000,0.000000,0.000000,0.322975,-0.404250,-0.268530,0.125326,-0.369903,-0.268646,0.224151,-0.387076,-0.268588,0.191167,-0.418179,-0.242219,0.205474,-0.431173,-0.176293,0.248360,-0.427358,-0.239494
2026-07-20 14:42:17.411,50.399952,0.000000,0.000000,0.000000,0.322700,-0.399127,-0.267311,0.125062,-0.364855,-0.266538,0.223881,-0.381991,-0.266925,0.190891,-0.413056,-0.241001,0.205369,-0.425003,-0.175792,0.248084,-0.422236,-0.238275
2026-07-20 14:42:17.511,50.499952,0.000000,0.000000,0.000000,0.321885,-0.400013,-0.266621,0.125181,-0.364794,-0.267654,0.223533,-0.382403,-0.267137,0.190946,-0.414081,-0.241244,0.206064,-0.427134,-0.177053,0.248373,-0.422292,-0.238463
2026-07-20 14:42:17.611,50.599952,0.000000,0.000000,0.000000,0.321518,-0.399941,-0.266396,0.125126,-0.363769,-0.267410,0.223322,-0.381855,-0.266903,0.190891,-0.413056,-0.241001,0.206009,-0.426109,-0.176809,0.247851,-0.423204,-0.238331
2026-07-20 14:42:17.711,50.699952,0.000000,0.000000,0.000000,0.322645,-0.398103,-0.267067,0.124996,-0.363755,-0.267184,0.223820,-0.380929,-0.267126,0.190836,-0.412032,-0.240757,0.206590,-0.426191,-0.177581,0.248029,-0.421211,-0.238032
2026-07-20 14:42:17.811,50.799952,0.000000,0.000000,0.000000,0.322472,-0.404184,-0.267820,0.125381,-0.370927,-0.268890,0.223927,-0.387555,-0.268355,0.191222,-0.419204,-0.242463,0.206965,-0.433291,-0.180140,0.248415,-0.428383,-0.239737
2026-07-20 14:42:17.911,50.899951,0.000000,0.000000,0.000000,0.322700,-0.399127,-0.267311,0.125062,-0.364855,-0.266538,0.223881,-0.381991,-0.266925,0.190891,-0.413056,-0.241001,0.207454,-0.427274,-0.179557,0.247851,-0.423204,-0.238331
2026-07-20 14:42:18.011,50.999951,0.000000,0.000000,0.000000,0.321555,-0.393866,-0.265158,0.124787,-0.359732,-0.265319,0.223171,-0.376799,-0.265239,0.190778,-0.406947,-0.239730,0.207168,-0.422080,-0.179192,0.247809,-0.417113,-0.237057
2026-07-20 14:42:18.111,51.099951,0.000000,0.000000,0.000000,0.322645,-0.398103,-0.267067,0.125007,-0.363830,-0.266294,0.223826,-0.380967,-0.266681,0.190999,-0.411046,-0.240704,0.207573,-0.425203,-0.180036,0.248029,-0.421211,-0.238032
2026-07-20 14:42:18.211,51.199951,0.000000,0.000000,0.000000,0.321665,-0.395915,-0.265646,0.124961,-0.360696,-0.266679,0.223313,-0.378305,-0.266162,0.190726,-0.409983,-0.240269,0.208109,-0.424332,-0.179706,0.247919,-0.419162,-0.237544
2026-07-20 14:42:18.311,51.299951,0.000000,0.000000,0.000000,0.322387,-0.400079,-0.267329,0.125062,-0.364855,-0.266538,0.223724,-0.382467,-0.266933,0.190891,-0.413056,-0.241001,0.208449,-0.426359,-0.181161,0.248084,-0.422236,-0.238275
2026-07-20 14:42:18.411,51.399951,0.000000,0.000000,0.000000,0.322903,-0.396126,-0.266806,0.124952,-0.362806,-0.266050,0.223927,-0.379466,-0.266428,0.190943,-0.410021,-0.240461,0.208339,-0.424310,-0.180673,0.247974,-0.420186,-0.237788
2026-07-20 14:42:18.511,51.499951,0.000000,0.000000,0.000000,0.321775,-0.397964,-0.266133,0.125082,-0.362820,-0.266275,0.223429,-0.380392,-0.266204,0.190999,-0.411046,-0.240704,0.209214,-0.425466,-0.181798,0.248029,-0.421211,-0.238032
2026-07-20 14:42:18.611,51.599951,0.000000,0.000000,0.000000,0.322442,-0.401104,-0.267573,0.125106,-0.365805,-0.267672,0.223774,-0.383454,-0.267622,0.191109,-0.413095,-0.241192,0.209324,-0.427515,-0.182286,0.248373,-0.422292,-0.238463
2026-07-20 14:42:18.711,51.699951,0.000000,0.000000,0.000000,0.321775,-0.397964,-0.266133,0.125082,-0.362820,-0.266275,0.223429,-0.380392,-0.266204,0.190836,-0.412032,-0.240757,0.209214,-0.425466,-0.181798,0.248029,-0.421211,-0.238032
2026-07-20 14:42:18.811,51.799951,0.000000,0.000000,0.000000,0.321573,-0.400965,-0.266640,0.125257,-0.363783,-0.267635,0.223415,-0.382374,-0.267138,0.190946,-0.414081,-0.241244,0.209324,-0.427515,-0.182286,0.248139,-0.423260,-0.238519
2026-07-20 14:42:18.911,51.899951,0.000000,0.000000,0.000000,0.322810,-0.401176,-0.267799,0.125323,-0.364883,-0.266987,0.224066,-0.383030,-0.267393,0.191164,-0.414119,-0.241436,0.210388,-0.427696,-0.183284,0.248194,-0.424285,-0.238763
2026-07-20 14:42:19.011,51.999950,0.000000,0.000000,0.000000,0.322480,-0.395029,-0.266336,0.124842,-0.360757,-0.265563,0.223661,-0.377893,-0.265950,0.191670,-0.408176,-0.240001,0.209870,-0.422523,-0.181949,0.247023,-0.417932,-0.237273
2026-07-20 14:42:19.111,52.099950,0.000000,0.000000,0.000000,0.321885,-0.400013,-0.266621,0.125106,-0.365805,-0.267672,0.223495,-0.382909,-0.267146,0.191945,-0.413299,-0.241219,0.210976,-0.427849,-0.183194,0.247299,-0.423055,-0.238491
2026-07-20 14:42:19.211,52.199950,0.000000,0.000000,0.000000,0.322497,-0.402128,-0.267816,0.125312,-0.364808,-0.267879,0.223904,-0.383468,-0.267848,0.192000,-0.414323,-0.241463,0.211031,-0.428873,-0.183438,0.248194,-0.424285,-0.238763
2026-07-20 14:42:19.311,52.299950,0.000000,0.000000,0.000000,0.321665,-0.395915,-0.265646,0.124821,-0.362792,-0.265826,0.223243,-0.379353,-0.265736,0.191725,-0.409201,-0.240245,0.211576,-0.423882,-0.183101,0.246846,-0.419926,-0.237572
2026-07-20 14:42:19.411,52.399950,0.000000,0.000000,0.000000,0.322087,-0.397012,-0.266114,0.124996,-0.363755,-0.267184,0.223541,-0.380384,-0.266649,0.191835,-0.411250,-0.240732,0.211686,-0.425931,-0.183588,0.247189,-0.421006,-0.238004
2026-07-20 14:42:19.511,52.499950,0.000000,0.000000,0.000000,0.321352,-0.396867,-0.265665,0.124961,-0.360696,-0.266679,0.223157,-0.378781,-0.266172,0.191725,-0.409201,-0.240245,0.212407,-0.424084,-0.183128,0.247078,-0.418957,-0.237516
2026-07-20 14:42:19.611,52.599950,0.000000,0.000000,0.000000,0.322197,-0.399061,-0.266601,0.125192,-0.364869,-0.266762,0.223695,-0.381965,-0.266682,0.192782,-0.413503,-0.241247,0.212426,-0.429084,-0.185082,0.247299,-0.423055,-0.238491
2026-07-20 14:42:19.711,52.699950,0.000000,0.000000,0.000000,0.322535,-0.396054,-0.266580,0.124961,-0.360696,-0.266679,0.223748,-0.378375,-0.266629,0.192561,-0.409405,-0.240272,0.213036,-0.425189,-0.184134,0.247078,-0.418957,-0.237516
2026-07-20 14:42:19.811,52.799950,0.000000,0.000000,0.000000,0.321940,-0.401038,-0.266864,0.125161,-0.366829,-0.267915,0.223550,-0.383933,-0.267390,0.192837,-0.414527,-0.241491,0.213938,-0.431415,-0.186357,0.247354,-0.424079,-0.238735
2026-07-20 14:42:19.911,52.899950,0.000000,0.000000,0.000000,0.322700,-0.399127,-0.267311,0.125126,-0.363769,-0.267410,0.223913,-0.381448,-0.267361,0.192727,-0.412478,-0.241003,0.214021,-0.428393,-0.185746,0.247244,-0.422030,-0.238247
2026-07-20 14:42:20.011,52.999949,0.000000,0.000000,0.000000,0.323013,-0.398175,-0.267293,0.125062,-0.364855,-0.266538,0.224037,-0.381515,-0.266916,0.192727,-0.412478,-0.241003,0.214840,-0.428524,-0.186626,0.247476,-0.421062,-0.238192
2026-07-20 14:42:20.111,53.099949,0.000000,0.000000,0.000000,0.305848,-0.424710,-0.248538,0.110572,-0.382847,-0.251414,0.208210,-0.403779,-0.249976,0.176517,-0.430996,-0.222807,0.197780,-0.446487,-0.167752,0.230412,-0.443540,-0.219554
2026-07-20 14:42:20.211,53.199949,0.000000,0.000000,0.000000,0.322958,-0.397151,-0.267050,0.125071,-0.362745,-0.267166,0.224015,-0.379948,-0.267108,0.192836,-0.410468,-0.240707,0.215605,-0.427630,-0.187262,0.247421,-0.420037,-0.237948
2026-07-20 14:42:20.311,53.299949,0.000000,0.000000,0.000000,0.321463,-0.398916,-0.266152,0.125007,-0.363830,-0.266294,0.223235,-0.381373,-0.266223,0.192836,-0.410468,-0.240707,0.215605,-0.427630,-0.187262,0.247421,-0.420037,-0.237948
2026-07-20 14:42:20.411,53.399949,0.000000,0.000000,0.000000,0.321940,-0.401038,-0.266864,0.125161,-0.366829,-0.267915,0.223550,-0.383933,-0.267390,0.193673,-0.414732,-0.241518,0.216600,-0.430907,-0.188021,0.247354,-0.424079,-0.238735
2026-07-20 14:42:20.511,53.499949,0.000000,0.000000,0.000000,0.323013,-0.398175,-0.267293,0.125051,-0.364780,-0.267428,0.224032,-0.381478,-0.267361,0.193563,-0.412682,-0.241031,0.216479,-0.428786,-0.188386,0.247476,-0.421062,-0.238192
2026-07-20 14:42:20.611,53.599949,0.000000,0.000000,0.000000,0.321352,-0.396867,-0.265665,0.124886,-0.361706,-0.266697,0.223119,-0.379287,-0.266181,0.193563,-0.408623,-0.240247,0.217341,-0.424943,-0.187562,0.246469,-0.417783,-0.237433
2026-07-20 14:42:20.711,53.699949,0.000000,0.000000,0.000000,0.321610,-0.394890,-0.265402,0.124755,-0.361692,-0.266471,0.223182,-0.378291,-0.265937,0.193508,-0.407599,-0.240004,0.217286,-0.423918,-0.187318,0.246646,-0.415789,-0.237134
2026-07-20 14:42:20.811,53.799949,0.000000,0.000000,0.000000,0.321830,-0.398988,-0.266377,0.125126,-0.363769,-0.267410,0.223478,-0.381379,-0.266893,0.193894,-0.410711,-0.240926,0.218327,-0.428147,-0.189174,0.246866,-0.419887,-0.238108
2026-07-20 14:42:20.911,53.899949,0.000000,0.000000,0.000000,0.321435,-0.398404,-0.266030,0.124968,-0.363243,-0.267062,0.223202,-0.380824,-0.266546,0.194483,-0.410365,-0.240640,0.218443,-0.425638,-0.188689,0.246784,-0.418350,-0.237743
2026-07-20 14:42:21.011,53.999949,0.000000,0.000000,0.000000,0.321885,-0.400013,-0.266621,0.125181,-0.364794,-0.267654,0.223533,-0.382403,-0.267137,0.194788,-0.411941,-0.241197,0.219402,-0.428331,-0.190181,0.246921,-0.420912,-0.238352
2026-07-20 14:42:21.111,54.099948,0.000000,0.000000,0.000000,0.321352,-0.396867,-0.265665,0.124961,-0.360696,-0.266679,0.223157,-0.378781,-0.266172,0.194567,-0.407842,-0.240223,0.219182,-0.424233,-0.189206,0.246469,-0.417783,-0.237433
2026-07-20 14:42:21.211,54.199948,0.000000,0.000000,0.000000,0.322656,-0.398179,-0.266162,0.125071,-0.362745,-0.267166,0.223864,-0.380462,-0.266664,0.195505,-0.410024,-0.241599,0.220113,-0.426413,-0.190576,0.246800,-0.418790,-0.238731
2026-07-20 14:42:21.311,54.299948,0.000000,0.000000,0.000000,0.322607,-0.404178,-0.268304,0.125346,-0.367867,-0.268385,0.223977,-0.386022,-0.268344,0.195781,-0.415146,-0.242818,0.220389,-0.431536,-0.191795,0.247076,-0.423912,-0.239949
2026-07-20 14:42:21.411,54.399948,0.000000,0.000000,0.000000,0.321352,-0.396867,-0.265665,0.124961,-0.360696,-0.266679,0.223157,-0.378781,-0.266172,0.195395,-0.407975,-0.241112,0.221026,-0.423524,-0.190855,0.246922,-0.415772,-0.238189
2026-07-20 14:42:21.511,54.499948,0.000000,0.000000,0.000000,0.322442,-0.401104,-0.267573,0.125181,-0.364794,-0.267654,0.223811,-0.382949,-0.267613,0.195615,-0.412073,-0.242087,0.221236,-0.427550,-0.192686,0.247142,-0.419870,-0.239164
2026-07-20 14:42:21.611,54.599948,0.000000,0.000000,0.000000,0.322590,-0.397078,-0.266824,0.124941,-0.362731,-0.266940,0.223765,-0.379905,-0.266882,0.195450,-0.408999,-0.241355,0.220869,-0.425448,-0.192070,0.246745,-0.417765,-0.238487
2026-07-20 14:42:21.711,54.699948,0.000000,0.000000,0.000000,0.321940,-0.401038,-0.266864,0.125236,-0.365818,-0.267897,0.223588,-0.383428,-0.267381,0.195838,-0.412112,-0.242279,0.221911,-0.429677,-0.193927,0.247197,-0.420894,-0.239407
2026-07-20 14:42:21.811,54.799948,0.000000,0.000000,0.000000,0.322276,-0.398030,-0.266842,0.125016,-0.361720,-0.266922,0.223646,-0.379875,-0.266882,0.195450,-0.408999,-0.241355,0.221691,-0.425579,-0.192952,0.246977,-0.416796,-0.238432
2026-07-20 14:42:21.911,54.899948,0.000000,0.000000,0.000000,0.322700,-0.399127,-0.267311,0.125051,-0.364780,-0.267428,0.223875,-0.381954,-0.267370,0.195560,-0.411048,-0.241843,0.222003,-0.426657,-0.193326,0.247087,-0.418845,-0.238920
2026-07-20 14:42:22.011,54.999948,0.000000,0.000000,0.000000,0.321885,-0.400013,-0.266621,0.125181,-0.364794,-0.267654,0.223533,-0.382403,-0.267137,0.195615,-0.412073,-0.242087,0.222048,-0.427609,-0.194426,0.247142,-0.419870,-0.239164
2026-07-20 14:42:22.111,55.099947,0.000000,0.000000,0.000000,0.322442,-0.401104,-0.267573,0.125181,-0.364794,-0.267654,0.223811,-0.382949,-0.267613,0.195615,-0.412073,-0.242087,0.222048,-0.427609,-0.194426,0.247374,-0.418901,-0.239109
2026-07-20 14:42:22.211,55.199947,0.000000,0.000000,0.000000,0.306639,-0.419746,-0.248471,0.110508,-0.377706,-0.249529,0.208573,-0.398726,-0.249000,0.179129,-0.425519,-0.222720,0.204930,-0.439986,-0.174381,0.230443,-0.434726,-0.219366
2026-07-20 14:42:22.311,55.299947,0.000000,0.000000,0.000000,0.322535,-0.396054,-0.266580,0.125036,-0.359685,-0.266661,0.223786,-0.377870,-0.266620,0.196234,-0.408179,-0.241139,0.221827,-0.423511,-0.193451,0.247153,-0.414802,-0.238134
2026-07-20 14:42:22.411,55.399947,0.000000,0.000000,0.000000,0.306183,-0.422736,-0.248362,0.110558,-0.381812,-0.251216,0.208370,-0.402274,-0.249789,0.179394,-0.428682,-0.223506,0.204988,-0.444128,-0.175175,0.230636,-0.438388,-0.220154
2026-07-20 14:42:22.511,55.499947,0.000000,0.000000,0.000000,0.322197,-0.399061,-0.266601,0.125106,-0.365805,-0.267672,0.223651,-0.382433,-0.267137,0.196454,-0.412277,-0.242114,0.221845,-0.428581,-0.194538,0.247374,-0.418901,-0.239109
2026-07-20 14:42:22.611,55.599947,0.000000,0.000000,0.000000,0.321830,-0.398988,-0.266377,0.125051,-0.364780,-0.267428,0.223440,-0.381884,-0.266902,0.196399,-0.411253,-0.241870,0.221993,-0.426585,-0.194182,0.247203,-0.418361,-0.238893
2026-07-20 14:42:22.711,55.699947,0.000000,0.000000,0.000000,0.323233,-0.402274,-0.268268,0.125207,-0.369963,-0.267532,0.224220,-0.386119,-0.267900,0.196619,-0.415351,-0.242845,0.222000,-0.431582,-0.196124,0.247307,-0.422943,-0.239895
2026-07-20 14:42:22.811,55.799947,0.000000,0.000000,0.000000,0.321665,-0.395915,-0.265646,0.124961,-0.360696,-0.266679,0.223313,-0.378305,-0.266162,0.196234,-0.408179,-0.241139,0.221827,-0.423511,-0.193451,0.246922,-0.415772,-0.238189
2026-07-20 14:42:22.911,55.899947,0.000000,0.000000,0.000000,0.322507,-0.395542,-0.266458,0.124858,-0.361194,-0.266575,0.223683,-0.378368,-0.266517,0.196206,-0.407667,-0.241017,0.221597,-0.423970,-0.193441,0.246894,-0.415259,-0.238067
2026-07-20 14:42:23.011,55.999947,0.000000,0.000000,0.000000,0.322111,-0.394957,-0.266111,0.124926,-0.357636,-0.266173,0.223519,-0.376296,-0.266142,0.196124,-0.406130,-0.240652,0.221717,-0.421462,-0.192963,0.247043,-0.412753,-0.237647
2026-07-20 14:42:23.111,56.099946,0.000000,0.000000,0.000000,0.322958,-0.397151,-0.267050,0.124996,-0.363755,-0.267184,0.223977,-0.380453,-0.267117,0.196344,-0.410228,-0.241627,0.221938,-0.425560,-0.193938,0.247032,-0.417821,-0.238676
2026-07-20 14:42:23.211,56.199946,0.000000,0.000000,0.000000,0.321573,-0.400965,-0.266640,0.125192,-0.364869,-0.266762,0.223383,-0.382917,-0.266701,0.196454,-0.412277,-0.242114,0.222048,-0.427609,-0.194426,0.247142,-0.419870,-0.239164
2026-07-20 14:42:23.311,56.299946,0.000000,0.000000,0.000000,0.323013,-0.398175,-0.267293,0.125062,-0.364855,-0.266538,0.224037,-0.381515,-0.266916,0.196399,-0.411253,-0.241870,0.221993,-0.426585,-0.194182,0.247319,-0.417876,-0.238865
2026-07-20 14:42:23.411,56.399946,0.000000,0.000000,0.000000,0.321720,-0.396939,-0.265889,0.124952,-0.362806,-0.266050,0.223336,-0.379873,-0.265970,0.196289,-0.409204,-0.241383,0.221883,-0.424536,-0.193695,0.246977,-0.416796,-0.238432
2026-07-20 14:42:23.511,56.499946,0.000000,0.000000,0.000000,0.322683,-0.392028,-0.265831,0.124796,-0.357622,-0.265948,0.223739,-0.374825,-0.265889,0.195900,-0.406091,-0.240459,0.221662,-0.420437,-0.192720,0.246988,-0.411729,-0.237403
2026-07-20 14:42:23.611,56.599946,0.000000,0.000000,0.000000,0.321683,-0.403014,-0.267127,0.125291,-0.366843,-0.268141,0.223487,-0.384929,-0.267634,0.196564,-0.414327,-0.242602,0.222158,-0.429658,-0.194913,0.247252,-0.421919,-0.239651
2026-07-20 14:42:23.711,56.699946,0.000000,0.000000,0.000000,0.321665,-0.395915,-0.265646,0.124961,-0.360696,-0.266679,0.223313,-0.378305,-0.266162,0.196234,-0.408179,-0.241139,0.221827,-0.423511,-0.193451,0.246922,-0.415772,-0.238189
2026-07-20 14:42:23.811,56.799946,0.000000,0.000000,0.000000,0.321555,-0.393866,-0.265158,0.124775,-0.359657,-0.266209,0.223165,-0.376762,-0.265684,0.196124,-0.406130,-0.240652,0.221717,-0.421462,-0.192963,0.246812,-0.413722,-0.237701
2026-07-20 14:42:23.911,56.899946,0.000000,0.000000,0.000000,0.321775,-0.397964,-0.266133,0.124996,-0.363755,-0.267184,0.223385,-0.380860,-0.266659,0.196344,-0.410228,-0.241627,0.221938,-0.425560,-0.193938,0.247264,-0.416852,-0.238622
2026-07-20 14:42:24.011,56.999946,0.000000,0.000000,0.000000,0.322590,-0.397078,-0.266824,0.125016,-0.361720,-0.266922,0.223803,-0.379399,-0.266873,0.196120,-0.410189,-0.241434,0.221872,-0.424464,-0.194551,0.246977,-0.416796,-0.238432
2026-07-20 14:42:24.111,57.099946,0.000000,0.000000,0.000000,0.321573,-0.400965,-0.266640,0.125192,-0.364869,-0.266762,0.223383,-0.382917,-0.266701,0.196454,-0.412277,-0.242114,0.222048,-0.427609,-0.194426,0.247142,-0.419870,-0.239164
2026-07-20 14:42:24.211,57.199945,0.000000,0.000000,0.000000,0.321573,-0.400965,-0.266640,0.125181,-0.364794,-0.267654,0.223377,-0.382880,-0.267147,0.196454,-0.412277,-0.242114,0.222048,-0.427609,-0.194426,0.247374,-0.418901,-0.239109
2026-07-20 14:42:24.311,57.299945,0.000000,0.000000,0.000000,0.322480,-0.395029,-0.266336,0.124906,-0.359671,-0.266435,0.223693,-0.377350,-0.266386,0.196179,-0.407155,-0.240896,0.221762,-0.422414,-0.194063,0.246867,-0.414747,-0.237945
2026-07-20 14:42:24.411,57.399945,0.000000,0.000000,0.000000,0.321518,-0.399941,-0.266396,0.125126,-0.363769,-0.267410,0.223322,-0.381855,-0.266903,0.196399,-0.411253,-0.241870,0.221993,-0.426585,-0.194182,0.247319,-0.417876,-0.238865
2026-07-20 14:42:24.511,57.499945,0.000000,0.000000,0.000000,0.322535,-0.396054,-0.266580,0.124886,-0.361706,-0.266697,0.223710,-0.378880,-0.266638,0.196234,-0.408179,-0.241139,0.221827,-0.423511,-0.193451,0.247153,-0.414802,-0.238134
2026-07-20 14:42:24.611,57.599945,0.000000,0.000000,0.000000,0.321407,-0.397891,-0.265908,0.125027,-0.361795,-0.266031,0.223217,-0.379843,-0.265970,0.196289,-0.409204,-0.241383,0.221872,-0.424464,-0.194551,0.247209,-0.415827,-0.238378
2026-07-20 14:42:24.711,57.699945,0.000000,0.000000,0.000000,0.321665,-0.395915,-0.265646,0.124886,-0.361706,-0.266697,0.223275,-0.378811,-0.266171,0.196234,-0.408179,-0.241139,0.221625,-0.424483,-0.193563,0.246922,-0.415772,-0.238189
2026-07-20 14:42:24.811,57.799945,0.000000,0.000000,0.000000,0.321885,-0.400013,-0.266621,0.125181,-0.364794,-0.267654,0.223533,-0.382403,-0.267137,0.196454,-0.412277,-0.242114,0.221845,-0.428581,-0.194538,0.246298,-0.419664,-0.239136
2026-07-20 14:42:24.911,57.899945,0.000000,0.000000,0.000000,0.321775,-0.397964,-0.266133,0.124996,-0.363755,-0.267184,0.223385,-0.380860,-0.266659,0.196344,-0.410228,-0.241627,0.221927,-0.425488,-0.194794,0.247264,-0.416852,-0.238622
2026-07-20 14:42:25.011,57.999945,0.000000,0.000000,0.000000,0.321885,-0.400013,-0.266621,0.125106,-0.365805,-0.267672,0.223495,-0.382909,-0.267146,0.196454,-0.412277,-0.242114,0.221835,-0.428509,-0.195393,0.247142,-0.419870,-0.239164
2026-07-20 14:42:25.111,58.099945,0.000000,0.000000,0.000000,0.322197,-0.399061,-0.266601,0.125181,-0.364794,-0.267654,0.223689,-0.381927,-0.267128,0.196454,-0.412277,-0.242114,0.221845,-0.428581,-0.194538,0.247374,-0.418901,-0.239109
2026-07-20 14:42:25.211,58.199944,0.000000,0.000000,0.000000,0.321830,-0.398988,-0.266377,0.125051,-0.364780,-0.267428,0.223440,-0.381884,-0.266902,0.196399,-0.411253,-0.241870,0.221881,-0.426998,-0.195094,0.247319,-0.417876,-0.238865
2026-07-20 14:42:25.311,58.299944,0.000000,0.000000,0.000000,0.321573,-0.400965,-0.266640,0.125106,-0.365805,-0.267672,0.223339,-0.383385,-0.267156,0.196454,-0.412277,-0.242114,0.221835,-0.428509,-0.195393,0.247142,-0.419870,-0.239164
2026-07-20 14:42:25.411,58.399944,0.000000,0.000000,0.000000,0.321628,-0.401990,-0.266883,0.125236,-0.365818,-0.267897,0.223432,-0.383904,-0.267390,0.196509,-0.413302,-0.242358,0.222092,-0.428562,-0.195525,0.247429,-0.419925,-0.239353
2026-07-20 14:42:25.511,58.499944,0.000000,0.000000,0.000000,0.322590,-0.397078,-0.266824,0.124952,-0.362806,-0.266050,0.223771,-0.379942,-0.266437,0.196120,-0.410189,-0.241434,0.221872,-0.424464,-0.194551,0.246977,-0.416796,-0.238432
2026-07-20 14:42:25.611,58.599944,0.000000,0.000000,0.000000,0.321352,-0.396867,-0.265665,0.124886,-0.361706,-0.266697,0.223119,-0.379287,-0.266181,0.196234,-0.408179,-0.241139,0.221817,-0.423439,-0.194307,0.246922,-0.415772,-0.238189
2026-07-20 14:42:25.711,58.699944,0.000000,0.000000,0.000000,0.323068,-0.399200,-0.267537,0.125268,-0.363858,-0.266743,0.224168,-0.381529,-0.267140,0.196454,-0.412277,-0.242114,0.222037,-0.427537,-0.195282,0.247374,-0.418901,-0.239109
2026-07-20 14:42:25.811,58.799944,0.000000,0.000000,0.000000,0.321499,-0.392841,-0.264915,0.124796,-0.357622,-0.265948,0.223148,-0.375232,-0.265431,0.196069,-0.405106,-0.240408,0.221652,-0.420365,-0.193576,0.246988,-0.411729,-0.237403
2026-07-20 14:42:25.911,58.899944,0.000000,0.000000,0.000000,0.322590,-0.397078,-0.266824,0.124941,-0.362731,-0.266940,0.223765,-0.379905,-0.266882,0.196120,-0.410189,-0.241434,0.221872,-0.424464,-0.194551,0.247209,-0.415827,-0.238378
2026-07-20 14:42:26.011,58.999944,0.000000,0.000000,0.000000,0.321352,-0.396867,-0.265665,0.124886,-0.361706,-0.266697,0.223119,-0.379287,-0.266181,0.196234,-0.408179,-0.241139,0.221817,-0.423439,-0.194307,0.246922,-0.415772,-0.238189
2026-07-20 14:42:26.111,59.099944,0.000000,0.000000,0.000000,0.321518,-0.399941,-0.266396,0.125062,-0.364855,-0.266538,0.223290,-0.382398,-0.266467,0.196230,-0.412238,-0.241922,0.221993,-0.426585,-0.194182,0.247087,-0.418845,-0.238920
2026-07-20 14:42:26.211,59.199944,0.000000,0.000000,0.000000,0.322425,-0.394005,-0.266093,0.124926,-0.357636,-0.266173,0.223675,-0.375820,-0.266133,0.196124,-0.406130,-0.240652,0.221707,-0.421390,-0.193819,0.246812,-0.413722,-0.237701
2026-07-20 14:42:26.311,59.299943,0.000000,0.000000,0.000000,0.322535,-0.396054,-0.266580,0.124972,-0.360771,-0.265788,0.223753,-0.378412,-0.266184,0.196234,-0.408179,-0.241139,0.221817,-0.423439,-0.194307,0.247153,-0.414802,-0.238134
2026-07-20 14:42:26.411,59.399943,0.000000,0.000000,0.000000,0.322958,-0.397151,-0.267050,0.125071,-0.362745,-0.267166,0.224015,-0.379948,-0.267108,0.196344,-0.410228,-0.241627,0.221927,-0.425488,-0.194794,0.247032,-0.417821,-0.238676
2026-07-20 14:42:26.511,59.499943,0.000000,0.000000,0.000000,0.322848,-0.395102,-0.266562,0.124886,-0.361706,-0.266697,0.223867,-0.378404,-0.266629,0.196234,-0.408179,-0.241139,0.221817,-0.423439,-0.194307,0.246922,-0.415772,-0.238189
2026-07-20 14:42:26.611,59.599943,0.000000,0.000000,0.000000,0.321518,-0.399941,-0.266396,0.125126,-0.363769,-0.267410,0.223322,-0.381855,-0.266903,0.196399,-0.411253,-0.241870,0.221993,-0.426585,-0.194182,0.246243,-0.418639,-0.238892
2026-07-20 14:42:26.711,59.699943,0.000000,0.000000,0.000000,0.323344,-0.404323,-0.268755,0.125468,-0.369991,-0.267981,0.224406,-0.387157,-0.268368,0.196898,-0.416415,-0.243282,0.221500,-0.432600,-0.194761,0.246804,-0.423817,-0.240300
2026-07-20 14:42:26.811,59.799943,0.000000,0.000000,0.000000,0.322617,-0.397591,-0.266946,0.124968,-0.363243,-0.267062,0.223793,-0.380417,-0.267004,0.197166,-0.409993,-0.240671,0.221289,-0.423945,-0.192819,0.246622,-0.415164,-0.238417
2026-07-20 14:42:26.911,59.899943,0.000000,0.000000,0.000000,0.321720,-0.396939,-0.265889,0.124941,-0.362731,-0.266940,0.223330,-0.379835,-0.266415,0.196468,-0.408291,-0.240469,0.218935,-0.421705,-0.194218,0.246594,-0.414651,-0.238295
2026-07-20 14:42:27.011,59.999943,0.000000,0.000000,0.000000,0.321885,-0.400013,-0.266621,0.125181,-0.364794,-0.267654,0.223533,-0.382403,-0.267137,0.196802,-0.410380,-0.241148,0.218254,-0.424502,-0.195780,0.245684,-0.418488,-0.239053
2026-07-20 14:42:27.111,60.099943,0.000000,0.000000,0.000000,0.321665,-0.395915,-0.265646,0.125036,-0.359685,-0.266661,0.223351,-0.377800,-0.266153,0.197253,-0.407472,-0.240253,0.217188,-0.420128,-0.195635,0.245464,-0.414390,-0.238079
2026-07-20 14:42:27.211,60.199943,0.000000,0.000000,0.000000,0.321830,-0.398988,-0.266377,0.125051,-0.364780,-0.267428,0.223440,-0.381884,-0.266902,0.197418,-0.410545,-0.240984,0.216507,-0.422925,-0.197197,0.245629,-0.417464,-0.238810
2026-07-20 14:42:27.311,60.299942,0.000000,0.000000,0.000000,0.323123,-0.400225,-0.267781,0.125161,-0.366829,-0.267915,0.224142,-0.383527,-0.267848,0.197698,-0.411610,-0.241420,0.216617,-0.424975,-0.197685,0.245968,-0.418543,-0.239242
2026-07-20 14:42:27.411,60.399942,0.000000,0.000000,0.000000,0.321995,-0.402062,-0.267108,0.125216,-0.367854,-0.268159,0.223605,-0.384958,-0.267633,0.197753,-0.412634,-0.241663,0.215826,-0.425723,-0.198759,0.246023,-0.419568,-0.239486
2026-07-20 14:42:27.511,60.499942,0.000000,0.000000,0.000000,0.321830,-0.398988,-0.266377,0.125126,-0.363769,-0.267410,0.223478,-0.381379,-0.266893,0.197588,-0.409561,-0.240932,0.215661,-0.422649,-0.198028,0.245858,-0.416494,-0.238755
2026-07-20 14:42:27.611,60.599942,0.000000,0.000000,0.000000,0.321463,-0.398916,-0.266152,0.125071,-0.362745,-0.267166,0.223267,-0.380830,-0.266659,0.197533,-0.408536,-0.240688,0.215800,-0.420651,-0.197677,0.245803,-0.415469,-0.238511
2026-07-20 14:42:27.711,60.699942,0.000000,0.000000,0.000000,0.321977,-0.394963,-0.265627,0.124961,-0.360696,-0.266679,0.223469,-0.377829,-0.266153,0.197423,-0.406487,-0.240201,0.215496,-0.419576,-0.197297,0.245693,-0.413420,-0.238024
2026-07-20 14:42:27.811,60.799942,0.000000,0.000000,0.000000,0.321665,-0.395915,-0.265646,0.124961,-0.360696,-0.266679,0.223313,-0.378305,-0.266162,0.197423,-0.406487,-0.240201,0.215496,-0.419576,-0.197297,0.245693,-0.413420,-0.238024
2026-07-20 14:42:27.911,60.899942,0.000000,0.000000,0.000000,0.322645,-0.398103,-0.267067,0.125071,-0.362745,-0.267166,0.223858,-0.380424,-0.267117,0.197522,-0.408464,-0.241552,0.215606,-0.421625,-0.197784,0.245803,-0.415469,-0.238511
2026-07-20 14:42:28.011,60.999942,0.000000,0.000000,0.000000,0.321665,-0.395915,-0.265646,0.124886,-0.361706,-0.266697,0.223275,-0.378811,-0.266171,0.197423,-0.406487,-0.240201,0.215496,-0.419576,-0.197297,0.245693,-0.413420,-0.238024
2026-07-20 14:42:28.111,61.099942,0.000000,0.000000,0.000000,0.321628,-0.401990,-0.266883,0.125085,-0.367840,-0.267933,0.223357,-0.384915,-0.267408,0.197687,-0.411537,-0.242283,0.215771,-0.424698,-0.198515,0.245739,-0.419513,-0.239297
2026-07-20 14:42:28.211,61.199942,0.000000,0.000000,0.000000,0.321518,-0.399941,-0.266396,0.125051,-0.364780,-0.267428,0.223284,-0.382360,-0.266912,0.197588,-0.409561,-0.240932,0.215855,-0.421675,-0.197921,0.245858,-0.416494,-0.238755
2026-07-20 14:42:28.311,61.299942,0.000000,0.000000,0.000000,0.321242,-0.394818,-0.265177,0.124775,-0.359657,-0.266209,0.223009,-0.377238,-0.265693,0.197302,-0.404366,-0.240577,0.215386,-0.417527,-0.196809,0.245583,-0.411371,-0.237536
2026-07-20 14:42:28.411,61.399941,0.000000,0.000000,0.000000,0.322865,-0.402201,-0.268042,0.125216,-0.367854,-0.268159,0.224040,-0.385027,-0.268101,0.197923,-0.411650,-0.241611,0.215826,-0.425723,-0.198759,0.246023,-0.419568,-0.239486
2026-07-20 14:42:28.511,61.499941,0.000000,0.000000,0.000000,0.321885,-0.400013,-0.266621,0.125106,-0.365805,-0.267672,0.223495,-0.382909,-0.267146,0.197632,-0.410513,-0.242040,0.215910,-0.422700,-0.198164,0.245913,-0.417518,-0.238999
2026-07-20 14:42:28.611,61.599941,0.000000,0.000000,0.000000,0.321352,-0.396867,-0.265665,0.124886,-0.361706,-0.266697,0.223119,-0.379287,-0.266181,0.197423,-0.406487,-0.240201,0.215496,-0.419576,-0.197297,0.245693,-0.413420,-0.238024
2026-07-20 14:42:28.711,61.699941,0.000000,0.000000,0.000000,0.321995,-0.402062,-0.267108,0.125216,-0.367854,-0.268159,0.223605,-0.384958,-0.267633,0.197753,-0.412634,-0.241663,0.215826,-0.425723,-0.198759,0.246023,-0.419568,-0.239486
2026-07-20 14:42:28.811,61.799941,0.000000,0.000000,0.000000,0.322032,-0.395987,-0.265870,0.124941,-0.362731,-0.266940,0.223486,-0.379359,-0.266405,0.197467,-0.407439,-0.241308,0.215551,-0.420600,-0.197541,0.245748,-0.414445,-0.238268
2026-07-20 14:42:28.911,61.899941,0.000000,0.000000,0.000000,0.321812,-0.391889,-0.264896,0.124720,-0.358633,-0.265966,0.223266,-0.375261,-0.265431,0.197257,-0.403414,-0.239470,0.215525,-0.415528,-0.196458,0.245528,-0.410347,-0.237293
2026-07-20 14:42:29.011,61.999941,0.000000,0.000000,0.000000,0.321885,-0.400013,-0.266621,0.125106,-0.365805,-0.267672,0.223495,-0.382909,-0.267146,0.197643,-0.410585,-0.241176,0.215716,-0.423674,-0.198272,0.245684,-0.418488,-0.239053
2026-07-20 14:42:29.111,62.099941,0.000000,0.000000,0.000000,0.322087,-0.397012,-0.266114,0.125007,-0.363830,-0.266294,0.223547,-0.380421,-0.266204,0.197533,-0.408536,-0.240688,0.215606,-0.421625,-0.197784,0.245803,-0.415469,-0.238511
2026-07-20 14:42:29.211,62.199941,0.000000,0.000000,0.000000,0.321463,-0.398916,-0.266152,0.125071,-0.362745,-0.267166,0.223267,-0.380830,-0.266659,0.197533,-0.408536,-0.240688,0.215606,-0.421625,-0.197784,0.245803,-0.415469,-0.238511
2026-07-20 14:42:29.311,62.299941,0.000000,0.000000,0.000000,0.322920,-0.403226,-0.268286,0.125346,-0.367867,-0.268385,0.224133,-0.385547,-0.268335,0.197808,-0.413659,-0.241907,0.215881,-0.426748,-0.199003,0.246078,-0.420592,-0.239730
2026-07-20 14:42:29.411,62.399940,0.000000,0.000000,0.000000,0.322197,-0.399061,-0.266601,0.125030,-0.366815,-0.267690,0.223614,-0.382938,-0.267146,0.197643,-0.410585,-0.241176,0.215716,-0.423674,-0.198272,0.245913,-0.417518,-0.238999
2026-07-20 14:42:29.511,62.499940,0.000000,0.000000,0.000000,0.321885,-0.400013,-0.266621,0.125106,-0.365805,-0.267672,0.223495,-0.382909,-0.267146,0.197643,-0.410585,-0.241176,0.215716,-0.423674,-0.198272,0.245913,-0.417518,-0.238999
2026-07-20 14:42:29.611,62.599940,0.000000,0.000000,0.000000,0.321903,-0.407112,-0.268102,0.125512,-0.370941,-0.269116,0.223707,-0.389027,-0.268609,0.197973,-0.416733,-0.242638,0.216047,-0.429821,-0.199734,0.246244,-0.423666,-0.240461
2026-07-20 14:42:29.711,62.699940,0.000000,0.000000,0.000000,0.305425,-0.420471,-0.247523,0.110499,-0.377670,-0.250421,0.207962,-0.399070,-0.248972,0.181214,-0.424074,-0.221871,0.198991,-0.435006,-0.178341,0.229173,-0.432803,-0.219312
2026-07-20 14:42:29.811,62.799940,0.000000,0.000000,0.000000,0.321518,-0.399941,-0.266396,0.125051,-0.364780,-0.267428,0.223284,-0.382360,-0.266912,0.197588,-0.409561,-0.240932,0.215661,-0.422649,-0.198028,0.245858,-0.416494,-0.238755
2026-07-20 14:42:29.911,62.899940,0.000000,0.000000,0.000000,0.322865,-0.402201,-0.268042,0.125291,-0.366843,-0.268141,0.224078,-0.384522,-0.268092,0.197583,-0.413619,-0.241715,0.216020,-0.424749,-0.198652,0.246253,-0.418598,-0.239431
2026-07-20 14:42:30.011,62.999940,0.000000,0.000000,0.000000,0.323326,-0.397224,-0.267275,0.125126,-0.363769,-0.267410,0.224226,-0.380496,-0.267343,0.197588,-0.409561,-0.240932,0.215855,-0.421675,-0.197921,0.245858,-0.416494,-0.238755
2026-07-20 14:42:30.111,63.099940,0.000000,0.000000,0.000000,0.321325,-0.396355,-0.265543,0.124858,-0.361194,-0.266575,0.223091,-0.378774,-0.266059,0.197395,-0.405975,-0.240079,0.215662,-0.418089,-0.197068,0.245665,-0.412908,-0.237902
2026-07-20 14:42:30.211,63.199940,0.000000,0.000000,0.000000,0.321573,-0.400965,-0.266640,0.125181,-0.364794,-0.267654,0.223377,-0.382880,-0.267147,0.197643,-0.410585,-0.241176,0.215716,-0.423674,-0.198272,0.246143,-0.416549,-0.238944
2026-07-20 14:42:30.311,63.299940,0.000000,0.000000,0.000000,0.321132,-0.392769,-0.264690,0.124741,-0.356598,-0.265704,0.222937,-0.374683,-0.265197,0.197202,-0.402389,-0.239226,0.215276,-0.415478,-0.196322,0.245473,-0.409322,-0.237049
2026-07-20 14:42:30.411,63.399940,0.000000,0.000000,0.000000,0.322865,-0.402201,-0.268042,0.125291,-0.366843,-0.268141,0.224078,-0.384522,-0.268092,0.197742,-0.412562,-0.242527,0.215826,-0.425723,-0.198759,0.246253,-0.418598,-0.239431
2026-07-20 14:42:30.511,63.499939,0.000000,0.000000,0.000000,0.321940,-0.401038,-0.266864,0.125236,-0.365818,-0.267897,0.223588,-0.383428,-0.267381,0.197698,-0.411610,-0.241420,0.215771,-0.424698,-0.198515,0.245968,-0.418543,-0.239242
2026-07-20 14:42:30.611,63.599939,0.000000,0.000000,0.000000,0.321407,-0.397891,-0.265908,0.125092,-0.360710,-0.266904,0.223250,-0.379301,-0.266406,0.197647,-0.406527,-0.240392,0.215551,-0.420600,-0.197541,0.245748,-0.414445,-0.238268
2026-07-20 14:42:30.711,63.699939,0.000000,0.000000,0.000000,0.322032,-0.395987,-0.265870,0.124941,-0.362731,-0.266940,0.223486,-0.379359,-0.266405,0.197467,-0.407439,-0.241308,0.215551,-0.420600,-0.197541,0.245748,-0.414445,-0.238268
2026-07-20 14:42:30.811,63.799939,0.000000,0.000000,0.000000,0.322142,-0.398036,-0.266358,0.125126,-0.363769,-0.267410,0.223634,-0.380903,-0.266884,0.197577,-0.409488,-0.241796,0.215661,-0.422649,-0.198028,0.246088,-0.415524,-0.238700
2026-07-20 14:42:30.911,63.899939,0.000000,0.000000,0.000000,0.321665,-0.395915,-0.265646,0.124961,-0.360696,-0.266679,0.223313,-0.378305,-0.266162,0.197412,-0.406415,-0.241065,0.215496,-0.419576,-0.197297,0.245693,-0.413420,-0.238024
2026-07-20 14:42:31.011,63.999939,0.000000,0.000000,0.000000,0.321628,-0.401990,-0.266883,0.125161,-0.366829,-0.267915,0.223394,-0.384409,-0.267399,0.197687,-0.411537,-0.242283,0.215965,-0.423724,-0.198408,0.245968,-0.418543,-0.239242
2026-07-20 14:42:31.111,64.099939,0.000000,0.000000,0.000000,0.321775,-0.397964,-0.266133,0.124996,-0.363755,-0.267184,0.223385,-0.380860,-0.266659,0.197522,-0.408464,-0.241552,0.215800,-0.420651,-0.197677,0.245803,-0.415469,-0.238511
2026-07-20 14:42:31.211,64.199939,0.000000,0.000000,0.000000,0.322050,-0.403087,-0.267352,0.125422,-0.366857,-0.268367,0.223736,-0.384972,-0.267859,0.197808,-0.413659,-0.241907,0.215881,-0.426748,-0.199003,0.246078,-0.420592,-0.239730
2026-07-20 14:42:31.311,64.299939,0.000000,0.000000,0.000000,0.321995,-0.402062,-0.267108,0.125140,-0.368864,-0.268177,0.223568,-0.385463,-0.267643,0.197753,-0.412634,-0.241663,0.216020,-0.424749,-0.198652,0.246253,-0.418598,-0.239431
2026-07-20 14:42:31.411,64.399939,0.000000,0.000000,0.000000,0.321297,-0.395842,-0.265421,0.124831,-0.360682,-0.266453,0.223064,-0.378262,-0.265937,0.197537,-0.404478,-0.239905,0.215441,-0.418551,-0.197053,0.245867,-0.411426,-0.237726
2026-07-20 14:42:31.511,64.499938,0.000000,0.000000,0.000000,0.321720,-0.396939,-0.265889,0.124941,-0.362731,-0.266940,0.223330,-0.379835,-0.266415,0.197467,-0.407439,-0.241308,0.215551,-0.420600,-0.197541,0.245978,-0.413475,-0.238213
2026-07-20 14:42:31.611,64.599938,0.000000,0.000000,0.000000,0.321187,-0.393793,-0.264934,0.124796,-0.357622,-0.265948,0.222992,-0.375708,-0.265441,0.197257,-0.403414,-0.239470,0.215331,-0.416502,-0.196566,0.245528,-0.410347,-0.237293
2026-07-20 14:42:31.711,64.699938,0.000000,0.000000,0.000000,0.323178,-0.401249,-0.268024,0.125216,-0.367854,-0.268159,0.224197,-0.384551,-0.268092,0.197753,-0.412634,-0.241663,0.216020,-0.424749,-0.198652,0.246253,-0.418598,-0.239431
2026-07-20 14:42:31.811,64.799938,0.000000,0.000000,0.000000,0.321463,-0.398916,-0.266152,0.124996,-0.363755,-0.267184,0.223229,-0.381336,-0.266668,0.197522,-0.408464,-0.241552,0.215606,-0.421625,-0.197784,0.245803,-0.415469,-0.238511
2026-07-20 14:42:31.911,64.899938,0.000000,0.000000,0.000000,0.322142,-0.398036,-0.266358,0.125202,-0.362759,-0.267392,0.223672,-0.380398,-0.266875,0.197588,-0.409561,-0.240932,0.215661,-0.422649,-0.198028,0.245858,-0.416494,-0.238755
2026-07-20 14:42:32.011,64.999938,0.000000,0.000000,0.000000,0.323123,-0.400225,-0.267781,0.125161,-0.366829,-0.267915,0.224142,-0.383527,-0.267848,0.197698,-0.411610,-0.241420,0.215965,-0.423724,-0.198408,0.246198,-0.417573,-0.239188
2026-07-20 14:42:32.111,65.099938,0.000000,0.000000,0.000000,0.322105,-0.404111,-0.267595,0.125402,-0.368892,-0.268628,0.223753,-0.386502,-0.268112,0.197863,-0.414684,-0.242151,0.216130,-0.426798,-0.199139,0.246133,-0.421617,-0.239974
2026-07-20 14:42:32.211,65.199938,0.000000,0.000000,0.000000,0.321352,-0.396867,-0.265665,0.124886,-0.361706,-0.266697,0.223119,-0.379287,-0.266181,0.197412,-0.406415,-0.241065,0.215496,-0.419576,-0.197297,0.245693,-0.413420,-0.238024
2026-07-20 14:42:32.311,65.299938,0.000000,0.000000,0.000000,0.322848,-0.395102,-0.266562,0.124886,-0.361706,-0.266697,0.223867,-0.378404,-0.266629,0.197423,-0.406487,-0.240201,0.215690,-0.418602,-0.197190,0.245922,-0.412451,-0.237969
2026-07-20 14:42:32.411,65.399938,0.000000,0.000000,0.000000,0.321830,-0.398988,-0.266377,0.125051,-0.364780,-0.267428,0.223440,-0.381884,-0.266902,0.197577,-0.409488,-0.241796,0.215855,-0.421675,-0.197921,0.245858,-0.416494,-0.238755
2026-07-20 14:42:32.511,65.499938,0.000000,0.000000,0.000000,0.321830,-0.398988,-0.266377,0.125126,-0.363769,-0.267410,0.223478,-0.381379,-0.266893,0.197588,-0.409561,-0.240932,0.215661,-0.422649,-0.198028,0.245858,-0.416494,-0.238755
2026-07-20 14:42:32.611,65.599937,0.000000,0.000000,0.000000,0.321885,-0.400013,-0.266621,0.125117,-0.365879,-0.266782,0.223501,-0.382946,-0.266701,0.197643,-0.410585,-0.241176,0.215716,-0.423674,-0.198272,0.245913,-0.417518,-0.238999
2026-07-20 14:42:32.711,65.699937,0.000000,0.000000,0.000000,0.305775,-0.419532,-0.247545,0.110615,-0.376663,-0.250447,0.208195,-0.398098,-0.248996,0.181206,-0.424039,-0.222738,0.198991,-0.435006,-0.178341,0.229441,-0.431842,-0.219300
2026-07-20 14:42:32.811,65.799937,0.000000,0.000000,0.000000,0.305491,-0.425131,-0.248417,0.110680,-0.381323,-0.251341,0.208086,-0.403227,-0.249879,0.181271,-0.428699,-0.223631,0.198824,-0.440636,-0.179300,0.229238,-0.437463,-0.220206
2026-07-20 14:42:32.911,65.899937,0.000000,0.000000,0.000000,0.321885,-0.400013,-0.266621,0.125257,-0.363783,-0.267635,0.223571,-0.381898,-0.267128,0.197632,-0.410513,-0.242040,0.215716,-0.423674,-0.198272,0.246028,-0.417034,-0.238971
2026-07-20 14:42:33.011,65.999937,0.000000,0.000000,0.000000,0.322050,-0.403087,-0.267352,0.125271,-0.368878,-0.268403,0.223661,-0.385982,-0.267877,0.197797,-0.413586,-0.242771,0.216075,-0.425773,-0.198896,0.246078,-0.420592,-0.239730
2026-07-20 14:42:33.111,66.099937,0.000000,0.000000,0.000000,0.321830,-0.398988,-0.266377,0.125051,-0.364780,-0.267428,0.223440,-0.381884,-0.266902,0.197588,-0.409561,-0.240932,0.215661,-0.422649,-0.198028,0.246088,-0.415524,-0.238700
2026-07-20 14:42:33.211,66.199937,0.000000,0.000000,0.000000,0.323233,-0.402274,-0.268268,0.125271,-0.368878,-0.268403,0.224252,-0.385576,-0.268335,0.197797,-0.413586,-0.242771,0.215881,-0.426748,-0.199003,0.246078,-0.420592,-0.239730
2026-07-20 14:42:33.311,66.299937,0.000000,0.000000,0.000000,0.321885,-0.400013,-0.266621,0.125106,-0.365805,-0.267672,0.223495,-0.382909,-0.267146,0.197473,-0.411570,-0.241228,0.215813,-0.423187,-0.198218,0.245913,-0.417518,-0.238999
2026-07-20 14:42:33.411,66.399937,0.000000,0.000000,0.000000,0.322032,-0.395987,-0.265870,0.125016,-0.361720,-0.266922,0.223524,-0.378854,-0.266396,0.197478,-0.407512,-0.240445,0.215648,-0.420113,-0.197487,0.245748,-0.414445,-0.238268
2026-07-20 14:42:33.511,66.499937,0.000000,0.000000,0.000000,0.322535,-0.396054,-0.266580,0.124886,-0.361706,-0.266697,0.223710,-0.378880,-0.266638,0.197412,-0.406415,-0.241065,0.215496,-0.419576,-0.197297,0.245922,-0.412451,-0.237969
2026-07-20 14:42:33.611,66.599936,0.000000,0.000000,0.000000,0.323178,-0.401249,-0.268024,0.125367,-0.365832,-0.268123,0.224273,-0.383541,-0.268074,0.197742,-0.412562,-0.242527,0.216020,-0.424749,-0.198652,0.246023,-0.419568,-0.239486
2026-07-20 14:42:33.711,66.699936,0.000000,0.000000,0.000000,0.322142,-0.398036,-0.266358,0.125126,-0.363769,-0.267410,0.223634,-0.380903,-0.266884,0.197588,-0.409561,-0.240932,0.215661,-0.422649,-0.198028,0.245858,-0.416494,-0.238755
2026-07-20 14:42:33.811,66.799936,0.000000,0.000000,0.000000,0.322958,-0.397151,-0.267050,0.124920,-0.364766,-0.267202,0.223939,-0.380959,-0.267126,0.197522,-0.408464,-0.241552,0.215800,-0.420651,-0.197677,0.245803,-0.415469,-0.238511
2026-07-20 14:42:33.911,66.899936,0.000000,0.000000,0.000000,0.322307,-0.401110,-0.267089,0.125216,-0.367854,-0.268159,0.223762,-0.384482,-0.267624,0.197742,-0.412562,-0.242527,0.215826,-0.425723,-0.198759,0.246023,-0.419568,-0.239486
2026-07-20 14:42:34.011,66.999936,0.000000,0.000000,0.000000,0.321518,-0.399941,-0.266396,0.125051,-0.364780,-0.267428,0.223284,-0.382360,-0.266912,0.197588,-0.409561,-0.240932,0.215661,-0.422649,-0.198028,0.245858,-0.416494,-0.238755
2026-07-20 14:42:34.111,67.099936,0.000000,0.000000,0.000000,0.322142,-0.398036,-0.266358,0.125051,-0.364780,-0.267428,0.223596,-0.381408,-0.266893,0.197588,-0.409561,-0.240932,0.215661,-0.422649,-0.198028,0.245858,-0.416494,-0.238755
2026-07-20 14:42:34.211,67.199936,0.000000,0.000000,0.000000,0.323233,-0.402274,-0.268268,0.125346,-0.367867,-0.268385,0.224290,-0.385071,-0.268326,0.197797,-0.413586,-0.242771,0.215881,-0.426748,-0.199003,0.246078,-0.420592,-0.239730
2026-07-20 14:42:34.311,67.299936,0.000000,0.000000,0.000000,0.321940,-0.401038,-0.266864,0.125161,-0.366829,-0.267915,0.223550,-0.383933,-0.267390,0.197687,-0.411537,-0.242283,0.215771,-0.424698,-0.198515,0.245968,-0.418543,-0.239242
2026-07-20 14:42:34.411,67.399936,0.000000,0.000000,0.000000,0.321885,-0.400013,-0.266621,0.125106,-0.365805,-0.267672,0.223495,-0.382909,-0.267146,0.197462,-0.411497,-0.242091,0.215716,-0.423674,-0.198272,0.246143,-0.416549,-0.238944
2026-07-20 14:42:34.511,67.499936,0.000000,0.000000,0.000000,0.322535,-0.396054,-0.266580,0.124886,-0.361706,-0.266697,0.223710,-0.378880,-0.266638,0.197412,-0.406415,-0.241065,0.215690,-0.418602,-0.197190,0.245922,-0.412451,-0.237969
2026-07-20 14:42:34.611,67.599936,0.000000,0.000000,0.000000,0.305819,-0.422639,-0.248141,0.110658,-0.379770,-0.251043,0.208239,-0.401204,-0.249592,0.181249,-0.427146,-0.223333,0.198802,-0.439083,-0.179002,0.229484,-0.434949,-0.219896
2026-07-20 14:42:34.711,67.699935,0.000000,0.000000,0.000000,0.321610,-0.394890,-0.265402,0.124906,-0.359671,-0.266435,0.223258,-0.377281,-0.265918,0.197367,-0.405463,-0.239957,0.215441,-0.418551,-0.197053,0.245638,-0.412396,-0.237780
2026-07-20 14:42:34.811,67.799935,0.000000,0.000000,0.000000,0.321463,-0.398916,-0.266152,0.124845,-0.365777,-0.267220,0.223154,-0.382346,-0.266686,0.197522,-0.408464,-0.241552,0.215606,-0.421625,-0.197784,0.245803,-0.415469,-0.238511
2026-07-20 14:42:34.911,67.899935,0.000000,0.000000,0.000000,0.322331,-0.399055,-0.267085,0.125147,-0.361734,-0.267148,0.223739,-0.380395,-0.267117,0.197522,-0.408464,-0.241552,0.215606,-0.421625,-0.197784,0.245803,-0.415469,-0.238511
2026-07-20 14:42:35.011,67.999935,0.000000,0.000000,0.000000,0.323013,-0.398175,-0.267293,0.125202,-0.362759,-0.267392,0.224107,-0.380467,-0.267343,0.197588,-0.409561,-0.240932,0.215855,-0.421675,-0.197921,0.246088,-0.415524,-0.238700
2026-07-20 14:42:35.111,68.099935,0.000000,0.000000,0.000000,0.321683,-0.403014,-0.267127,0.125291,-0.366843,-0.268141,0.223487,-0.384929,-0.267634,0.197742,-0.412562,-0.242527,0.216020,-0.424749,-0.198652,0.246023,-0.419568,-0.239486
2026-07-20 14:42:35.211,68.199935,0.000000,0.000000,0.000000,0.322700,-0.399127,-0.267311,0.125051,-0.364780,-0.267428,0.223875,-0.381954,-0.267370,0.197588,-0.409561,-0.240932,0.215661,-0.422649,-0.198028,0.245858,-0.416494,-0.238755
2026-07-20 14:42:35.311,68.299935,0.000000,0.000000,0.000000,0.321830,-0.398988,-0.266377,0.125126,-0.363769,-0.267410,0.223478,-0.381379,-0.266893,0.197577,-0.409488,-0.241796,0.215855,-0.421675,-0.197921,0.245858,-0.416494,-0.238755
2026-07-20 14:42:35.411,68.399935,0.000000,0.000000,0.000000,0.322535,-0.396054,-0.266580,0.124886,-0.361706,-0.266697,0.223710,-0.378880,-0.266638,0.197412,-0.406415,-0.241065,0.215690,-0.418602,-0.197190,0.245693,-0.413420,-0.238024
2026-07-20 14:42:35.511,68.499935,0.000000,0.000000,0.000000,0.321940,-0.401038,-0.266864,0.125236,-0.365818,-0.267897,0.223588,-0.383428,-0.267381,0.197687,-0.411537,-0.242283,0.215965,-0.423724,-0.198408,0.245968,-0.418543,-0.239242
2026-07-20 14:42:35.611,68.599935,0.000000,0.000000,0.000000,0.321352,-0.396867,-0.265665,0.125036,-0.359685,-0.266661,0.223194,-0.378276,-0.266163,0.197423,-0.406487,-0.240201,0.215690,-0.418602,-0.197190,0.245693,-0.413420,-0.238024
2026-07-20 14:42:35.711,68.699934,0.000000,0.000000,0.000000,0.321830,-0.398988,-0.266377,0.125126,-0.363769,-0.267410,0.223478,-0.381379,-0.266893,0.197577,-0.409488,-0.241796,0.215855,-0.421675,-0.197921,0.245012,-0.416287,-0.238727
2026-07-20 14:42:35.811,68.799934,0.000000,0.000000,0.000000,0.321885,-0.400013,-0.266621,0.125181,-0.364794,-0.267654,0.223533,-0.382403,-0.267137,0.197632,-0.410513,-0.242040,0.215716,-0.423674,-0.198272,0.246143,-0.416549,-0.238944
2026-07-20 14:42:35.911,68.899934,0.000000,0.000000,0.000000,0.323013,-0.398175,-0.267293,0.125051,-0.364780,-0.267428,0.224032,-0.381478,-0.267361,0.197588,-0.409561,-0.240932,0.215661,-0.422649,-0.198028,0.245858,-0.416494,-0.238755
2026-07-20 14:42:36.011,68.999934,0.000000,0.000000,0.000000,0.322865,-0.402201,-0.268042,0.125291,-0.366843,-0.268141,0.224078,-0.384522,-0.268092,0.197753,-0.412634,-0.241663,0.215826,-0.425723,-0.198759,0.246253,-0.418598,-0.239431
2026-07-20 14:42:36.111,69.099934,0.000000,0.000000,0.000000,0.321610,-0.394890,-0.265402,0.124831,-0.360682,-0.266453,0.223220,-0.377786,-0.265928,0.197367,-0.405463,-0.239957,0.215635,-0.417577,-0.196946,0.245408,-0.413365,-0.237835
2026-07-20 14:42:36.211,69.199934,0.000000,0.000000,0.000000,0.322903,-0.396126,-0.266806,0.125016,-0.361720,-0.266922,0.223960,-0.378923,-0.266864,0.197467,-0.407439,-0.241308,0.215745,-0.419626,-0.197433,0.245519,-0.415414,-0.238322
2026-07-20 14:42:36.311,69.299934,0.000000,0.000000,0.000000,0.321995,-0.402062,-0.267108,0.125367,-0.365832,-0.268123,0.223681,-0.383947,-0.267615,0.197742,-0.412562,-0.242527,0.216020,-0.424749,-0.198652,0.246023,-0.419568,-0.239486
2026-07-20 14:42:36.411,69.399934,0.000000,0.000000,0.000000,0.321610,-0.394890,-0.265402,0.124906,-0.359671,-0.266435,0.223258,-0.377281,-0.265918,0.197367,-0.405463,-0.239957,0.215635,-0.417577,-0.196946,0.245638,-0.412396,-0.237780
2026-07-20 14:42:36.511,69.499934,0.000000,0.000000,0.000000,0.321518,-0.399941,-0.266396,0.125126,-0.363769,-0.267410,0.223322,-0.381855,-0.266903,0.197577,-0.409488,-0.241796,0.215855,-0.421675,-0.197921,0.245858,-0.416494,-0.238755
2026-07-20 14:42:36.611,69.599934,0.000000,0.000000,0.000000,0.322848,-0.395102,-0.266562,0.125036,-0.359685,-0.266661,0.223942,-0.377394,-0.266611,0.198082,-0.407604,-0.241144,0.215690,-0.418602,-0.197190,0.245693,-0.413420,-0.238024
2026-07-20 14:42:36.711,69.699934,0.000000,0.000000,0.000000,0.321922,-0.393938,-0.265383,0.124831,-0.360682,-0.266453,0.223376,-0.377310,-0.265918,0.197357,-0.405390,-0.240821,0.215635,-0.417577,-0.196946,0.245638,-0.412396,-0.237780
2026-07-20 14:42:36.811,69.799933,0.000000,0.000000,0.000000,0.322810,-0.401176,-0.267799,0.125236,-0.365818,-0.267897,0.224023,-0.383497,-0.267848,0.197698,-0.411610,-0.241420,0.215965,-0.423724,-0.198408,0.245739,-0.419513,-0.239297
2026-07-20 14:42:36.911,69.899933,0.000000,0.000000,0.000000,0.321775,-0.397964,-0.266133,0.124996,-0.363755,-0.267184,0.223385,-0.380860,-0.266659,0.197533,-0.408536,-0.240688,0.215800,-0.420651,-0.197677,0.246033,-0.414500,-0.238457
2026-07-20 14:42:37.011,69.999933,0.000000,0.000000,0.000000,0.321665,-0.395915,-0.265646,0.124961,-0.360696,-0.266679,0.223313,-0.378305,-0.266162,0.197412,-0.406415,-0.241065,0.215690,-0.418602,-0.197190,0.245922,-0.412451,-0.237969
2026-07-20 14:42:37.111,70.099933,0.000000,0.000000,0.000000,0.321830,-0.398988,-0.266377,0.125126,-0.363769,-0.267410,0.223478,-0.381379,-0.266893,0.197577,-0.409488,-0.241796,0.215855,-0.421675,-0.197921,0.245858,-0.416494,-0.238755
2026-07-20 14:42:37.211,70.199933,0.000000,0.000000,0.000000,0.321665,-0.395915,-0.265646,0.124886,-0.361706,-0.266697,0.223275,-0.378811,-0.266171,0.198252,-0.406620,-0.241092,0.215690,-0.418602,-0.197190,0.245693,-0.413420,-0.238024
2026-07-20 14:42:37.311,70.299933,0.000000,0.000000,0.000000,0.321885,-0.400013,-0.266621,0.125181,-0.364794,-0.267654,0.223533,-0.382403,-0.267137,0.197632,-0.410513,-0.242040,0.215910,-0.422700,-0.198164,0.245684,-0.418488,-0.239053
2026-07-20 14:42:37.411,70.399933,0.000000,0.000000,0.000000,0.321885,-0.400013,-0.266621,0.125106,-0.365805,-0.267672,0.223495,-0.382909,-0.267146,0.197632,-0.410513,-0.242040,0.215910,-0.422700,-0.198164,0.245913,-0.417518,-0.238999
2026-07-20 14:42:37.511,70.499933,0.000000,0.000000,0.000000,0.322865,-0.402201,-0.268042,0.125216,-0.367854,-0.268159,0.224040,-0.385027,-0.268101,0.198412,-0.413751,-0.242606,0.215826,-0.425723,-0.198759,0.246253,-0.418598,-0.239431
2026-07-20 14:42:37.611,70.599933,0.000000,0.000000,0.000000,0.322700,-0.399127,-0.267311,0.125126,-0.363769,-0.267410,0.223913,-0.381448,-0.267361,0.197577,-0.409488,-0.241796,0.215855,-0.421675,-0.197921,0.246088,-0.415524,-0.238700
2026-07-20 14:42:37.711,70.699933,0.000000,0.000000,0.000000,0.323030,-0.405275,-0.268773,0.125392,-0.371002,-0.268000,0.224211,-0.388138,-0.268387,0.198577,-0.416825,-0.243337,0.216185,-0.427822,-0.199383,0.246189,-0.422641,-0.240217
2026-07-20 14:42:37.811,70.799932,0.000000,0.000000,0.000000,0.306668,-0.421817,-0.248868,0.110759,-0.377727,-0.250870,0.208714,-0.399772,-0.249869,0.181235,-0.426110,-0.223135,0.199020,-0.437077,-0.178738,0.229470,-0.433913,-0.219697
2026-07-20 14:42:37.911,70.899932,0.000000,0.000000,0.000000,0.322221,-0.397006,-0.266598,0.124886,-0.361706,-0.266697,0.223553,-0.379356,-0.266647,0.198082,-0.407604,-0.241144,0.215690,-0.418602,-0.197190,0.245693,-0.413420,-0.238024
2026-07-20 14:42:38.011,70.999932,0.000000,0.000000,0.000000,0.322865,-0.402201,-0.268042,0.125216,-0.367854,-0.268159,0.224040,-0.385027,-0.268101,0.198412,-0.413751,-0.242606,0.216020,-0.424749,-0.198652,0.246253,-0.418598,-0.239431
2026-07-20 14:42:38.111,71.099932,0.000000,0.000000,0.000000,0.322700,-0.399127,-0.267311,0.125062,-0.364855,-0.266538,0.223881,-0.381991,-0.266925,0.198418,-0.409693,-0.241824,0.215844,-0.421603,-0.198780,0.245858,-0.416494,-0.238755
2026-07-20 14:42:38.211,71.199932,0.000000,0.000000,0.000000,0.322700,-0.399127,-0.267311,0.125051,-0.364780,-0.267428,0.223875,-0.381954,-0.267370,0.197577,-0.409488,-0.241796,0.215855,-0.421675,-0.197921,0.246088,-0.415524,-0.238700
2026-07-20 14:42:38.311,71.299932,0.000000,0.000000,0.000000,0.322480,-0.395029,-0.266336,0.124906,-0.359671,-0.266435,0.223693,-0.377350,-0.266386,0.197357,-0.405390,-0.240821,0.215635,-0.417577,-0.196946,0.245867,-0.411426,-0.237726
2026-07-20 14:42:38.411,71.399932,0.000000,0.000000,0.000000,0.323068,-0.399200,-0.267537,0.125106,-0.365805,-0.267672,0.224087,-0.382502,-0.267604,0.197632,-0.410513,-0.242040,0.215900,-0.422628,-0.199024,0.245684,-0.418488,-0.239053
2026-07-20 14:42:38.511,71.499932,0.000000,0.000000,0.000000,0.311079,-0.379634,-0.298385,0.114077,-0.342080,-0.293420,0.212578,-0.360857,-0.295903,0.186105,-0.389735,-0.272048,0.204686,-0.405381,-0.229415,0.234289,-0.397747,-0.270157
2026-07-20 14:42:38.611,71.599932,0.000000,0.000000,0.000000,0.311608,-0.384719,-0.300210,0.115232,-0.347326,-0.295293,0.213420,-0.366022,-0.297752,0.186952,-0.396954,-0.274129,0.204885,-0.411409,-0.231323,0.234487,-0.403774,-0.272064
2026-07-20 14:42:38.711,71.699932,0.000000,0.000000,0.000000,0.322700,-0.399127,-0.267311,0.125051,-0.364780,-0.267428,0.223875,-0.381954,-0.267370,0.198418,-0.409693,-0.241824,0.215844,-0.421603,-0.198780,0.245858,-0.416494,-0.238755
2026-07-20 14:42:38.811,71.799932,0.000000,0.000000,0.000000,0.322755,-0.400152,-0.267555,0.125106,-0.365805,-0.267672,0.223930,-0.382978,-0.267613,0.198473,-0.410718,-0.242067,0.215900,-0.422628,-0.199024,0.245913,-0.417518,-0.238999
2026-07-20 14:42:38.911,71.899931,0.000000,0.000000,0.000000,0.322221,-0.397006,-0.266598,0.124961,-0.360696,-0.266679,0.223591,-0.378851,-0.266638,0.198252,-0.406620,-0.241092,0.215679,-0.418529,-0.198049,0.245693,-0.413420,-0.238024
2026-07-20 14:42:39.011,71.999931,0.000000,0.000000,0.000000,0.311311,-0.386666,-0.300611,0.114308,-0.349112,-0.295646,0.212809,-0.367889,-0.298128,0.187173,-0.396984,-0.274327,0.204898,-0.412279,-0.232492,0.234520,-0.404779,-0.272382
2026-07-20 14:42:39.111,72.099931,0.000000,0.000000,0.000000,0.322387,-0.400079,-0.267329,0.125051,-0.364780,-0.267428,0.223719,-0.382430,-0.267378,0.198418,-0.409693,-0.241824,0.215844,-0.421603,-0.198780,0.246088,-0.415524,-0.238700
2026-07-20 14:42:39.211,72.199931,0.000000,0.000000,0.000000,0.311542,-0.382710,-0.299574,0.115071,-0.346322,-0.294747,0.213306,-0.364516,-0.297161,0.186886,-0.394945,-0.273494,0.204799,-0.409265,-0.231538,0.234421,-0.401765,-0.271428
2026-07-20 14:42:39.311,72.299931,0.000000,0.000000,0.000000,0.323068,-0.399200,-0.267537,0.125181,-0.364794,-0.267654,0.224125,-0.381997,-0.267595,0.198473,-0.410718,-0.242067,0.215900,-0.422628,-0.199024,0.246028,-0.417034,-0.238971
2026-07-20 14:42:39.411,72.399931,0.000000,0.000000,0.000000,0.322480,-0.395029,-0.266336,0.124831,-0.360682,-0.266453,0.223655,-0.377856,-0.266395,0.197357,-0.405390,-0.240821,0.215430,-0.418479,-0.197911,0.245020,-0.411219,-0.237698
2026-07-20 14:42:39.511,72.499931,0.000000,0.000000,0.000000,0.322535,-0.396054,-0.266580,0.124961,-0.360696,-0.266679,0.223748,-0.378375,-0.266629,0.198082,-0.407604,-0.241144,0.215679,-0.418529,-0.198049,0.245693,-0.413420,-0.238024
2026-07-20 14:42:39.611,72.599931,0.000000,0.000000,0.000000,0.322700,-0.399127,-0.267311,0.125994,-0.363981,-0.267438,0.224347,-0.381554,-0.267375,0.197577,-0.409488,-0.241796,0.215844,-0.421603,-0.198780,0.246088,-0.415524,-0.238700
2026-07-20 14:42:39.711,72.699931,0.000000,0.000000,0.000000,0.322331,-0.399055,-0.267085,0.124996,-0.363755,-0.267184,0.223664,-0.381405,-0.267135,0.198363,-0.408669,-0.241580,0.215789,-0.420579,-0.198536,0.245803,-0.415469,-0.238511
2026-07-20 14:42:39.811,72.799931,0.000000,0.000000,0.000000,0.310683,-0.378568,-0.297832,0.113824,-0.342081,-0.292965,0.212253,-0.360324,-0.295399,0.186687,-0.388917,-0.271586,0.204600,-0.403237,-0.229631,0.234222,-0.395737,-0.269521
2026-07-20 14:42:39.911,72.899930,0.000000,0.000000,0.000000,0.311178,-0.382648,-0.299339,0.114269,-0.344089,-0.294284,0.212724,-0.363368,-0.296811,0.187041,-0.392965,-0.273056,0.204554,-0.409221,-0.231394,0.234388,-0.400761,-0.271111
2026-07-20 14:42:40.011,72.999930,0.000000,0.000000,0.000000,0.311575,-0.383714,-0.299892,0.114335,-0.346098,-0.294920,0.212955,-0.364906,-0.297406,0.187107,-0.394975,-0.273692,0.204832,-0.410269,-0.231856,0.234701,-0.401811,-0.271625
2026-07-20 14:42:40.111,73.099930,0.000000,0.000000,0.000000,0.322700,-0.399127,-0.267311,0.125126,-0.363769,-0.267410,0.223913,-0.381448,-0.267361,0.198418,-0.409693,-0.241824,0.215844,-0.421603,-0.198780,0.246088,-0.415524,-0.238700
2026-07-20 14:42:40.211,73.199930,0.000000,0.000000,0.000000,0.322700,-0.399127,-0.267311,0.124975,-0.365791,-0.267446,0.223838,-0.382459,-0.267379,0.198418,-0.409693,-0.241824,0.215844,-0.421603,-0.198780,0.245858,-0.416494,-0.238755
2026-07-20 14:42:40.311,73.299930,0.000000,0.000000,0.000000,0.323013,-0.398175,-0.267293,0.125051,-0.364780,-0.267428,0.224032,-0.381478,-0.267361,0.198418,-0.409693,-0.241824,0.215844,-0.421603,-0.198780,0.246088,-0.415524,-0.238700
2026-07-20 14:42:40.411,73.399930,0.000000,0.000000,0.000000,0.310782,-0.381581,-0.298786,0.114110,-0.343085,-0.293738,0.212446,-0.362333,-0.296262,0.186786,-0.391931,-0.272540,0.204700,-0.406251,-0.230585,0.234569,-0.397792,-0.270353
2026-07-20 14:42:40.511,73.499930,0.000000,0.000000,0.000000,0.311278,-0.385662,-0.300293,0.114369,-0.347103,-0.295238,0.212823,-0.366382,-0.297765,0.187140,-0.395979,-0.274009,0.204865,-0.411274,-0.232174,0.234734,-0.402815,-0.271943
2026-07-20 14:42:40.611,73.599930,0.000000,0.000000,0.000000,0.322480,-0.395029,-0.266336,0.125773,-0.359883,-0.266464,0.224126,-0.377456,-0.266400,0.198027,-0.406580,-0.240900,0.215624,-0.417505,-0.197805,0.245867,-0.411426,-0.237726
2026-07-20 14:42:40.711,73.699930,0.000000,0.000000,0.000000,0.311112,-0.380639,-0.298703,0.114972,-0.343308,-0.293793,0.213042,-0.361973,-0.296248,0.186786,-0.391931,-0.272540,0.204700,-0.406251,-0.230585,0.234322,-0.398751,-0.270475
2026-07-20 14:42:40.811,73.799930,0.000000,0.000000,0.000000,0.310583,-0.375554,-0.296878,0.114868,-0.336275,-0.291796,0.212726,-0.355914,-0.294337,0.186588,-0.385904,-0.270632,0.204501,-0.400223,-0.228677,0.234123,-0.392724,-0.268567
2026-07-20 14:42:40.911,73.899930,0.000000,0.000000,0.000000,0.322331,-0.399055,-0.267085,0.124920,-0.364766,-0.267202,0.223626,-0.381910,-0.267144,0.198192,-0.409653,-0.241631,0.215789,-0.420579,-0.198536,0.245918,-0.414985,-0.238484
2026-07-20 14:42:41.011,73.999929,0.000000,0.000000,0.000000,0.322331,-0.399055,-0.267085,0.125862,-0.363967,-0.267213,0.224097,-0.381511,-0.267149,0.198363,-0.408669,-0.241580,0.215789,-0.420579,-0.198536,0.246033,-0.414500,-0.238457
2026-07-20 14:42:41.111,74.099929,0.000000,0.000000,0.000000,0.311112,-0.380639,-0.298703,0.114972,-0.343308,-0.293793,0.213042,-0.361973,-0.296248,0.186786,-0.391931,-0.272540,0.204700,-0.406251,-0.230585,0.234322,-0.398751,-0.270475
2026-07-20 14:42:41.211,74.199929,0.000000,0.000000,0.000000,0.322552,-0.403153,-0.268060,0.125291,-0.366843,-0.268141,0.223922,-0.384998,-0.268101,0.198412,-0.413751,-0.242606,0.216010,-0.424677,-0.199511,0.246253,-0.418598,-0.239431
2026-07-20 14:42:41.311,74.299929,0.000000,0.000000,0.000000,0.322700,-0.399127,-0.267311,0.125051,-0.364780,-0.267428,0.223875,-0.381954,-0.267370,0.198418,-0.409693,-0.241824,0.215651,-0.422577,-0.198886,0.246088,-0.415524,-0.238700
2026-07-20 14:42:41.411,74.399929,0.000000,0.000000,0.000000,0.311542,-0.382710,-0.299574,0.114209,-0.346099,-0.294692,0.212875,-0.364404,-0.297133,0.186886,-0.394945,-0.273494,0.204799,-0.409265,-0.231538,0.234668,-0.400806,-0.271307
2026-07-20 14:42:41.511,74.499929,0.000000,0.000000,0.000000,0.311278,-0.385662,-0.300293,0.114389,-0.347242,-0.294354,0.212833,-0.366452,-0.297324,0.186952,-0.396954,-0.274129,0.204885,-0.411409,-0.231323,0.234734,-0.402815,-0.271943
2026-07-20 14:42:41.611,74.599929,0.000000,0.000000,0.000000,0.322755,-0.400152,-0.267555,0.125106,-0.365805,-0.267672,0.223930,-0.382978,-0.267613,0.198302,-0.411702,-0.242118,0.215910,-0.422700,-0.198164,0.246143,-0.416549,-0.238944
2026-07-20 14:42:41.711,74.699929,0.000000,0.000000,0.000000,0.322442,-0.401104,-0.267573,0.125117,-0.365879,-0.266782,0.223779,-0.383492,-0.267177,0.198302,-0.411702,-0.242118,0.215900,-0.422628,-0.199024,0.246143,-0.416549,-0.238944
2026-07-20 14:42:41.811,74.799929,0.000000,0.000000,0.000000,0.322810,-0.401176,-0.267799,0.125172,-0.366904,-0.267025,0.223991,-0.384040,-0.267412,0.198357,-0.412727,-0.242362,0.215955,-0.423652,-0.199267,0.246198,-0.417573,-0.239188
2026-07-20 14:42:41.911,74.899929,0.000000,0.000000,0.000000,0.322425,-0.394005,-0.266093,0.124787,-0.359732,-0.265319,0.223606,-0.376868,-0.265706,0.197972,-0.405555,-0.240656,0.215580,-0.416553,-0.196702,0.245583,-0.411371,-0.237536
2026-07-20 14:42:42.011,74.999928,0.000000,0.000000,0.000000,0.323178,-0.401249,-0.268024,0.125291,-0.366843,-0.268141,0.224235,-0.384046,-0.268083,0.197742,-0.412562,-0.242527,0.216020,-0.424749,-0.198652,0.246253,-0.418598,-0.239431
2026-07-20 14:42:42.111,75.099928,0.000000,0.000000,0.000000,0.322865,-0.402201,-0.268042,0.125216,-0.367854,-0.268159,0.224040,-0.385027,-0.268101,0.198412,-0.413751,-0.242606,0.216010,-0.424677,-0.199511,0.246253,-0.418598,-0.239431
2026-07-20 14:42:42.211,75.199928,0.000000,0.000000,0.000000,0.322810,-0.401176,-0.267799,0.125247,-0.365893,-0.267006,0.224029,-0.383535,-0.267402,0.198528,-0.411742,-0.242311,0.215955,-0.423652,-0.199267,0.246198,-0.417573,-0.239188
2026-07-20 14:42:42.311,75.299928,0.000000,0.000000,0.000000,0.322050,-0.403087,-0.267352,0.125271,-0.368878,-0.268403,0.223661,-0.385982,-0.267877,0.198467,-0.414776,-0.242849,0.216065,-0.425701,-0.199755,0.246078,-0.420592,-0.239730
2026-07-20 14:42:42.411,75.399928,0.000000,0.000000,0.000000,0.322442,-0.401104,-0.267573,0.125106,-0.365805,-0.267672,0.223774,-0.383454,-0.267622,0.198473,-0.410718,-0.242067,0.215910,-0.422700,-0.198164,0.245913,-0.417518,-0.238999
2026-07-20 14:42:42.511,75.499928,0.000000,0.000000,0.000000,0.322442,-0.401104,-0.267573,0.125181,-0.364794,-0.267654,0.223811,-0.382949,-0.267613,0.198473,-0.410718,-0.242067,0.215910,-0.422700,-0.198164,0.245913,-0.417518,-0.238999
2026-07-20 14:42:42.611,75.599928,0.000000,0.000000,0.000000,0.322958,-0.397151,-0.267050,0.125082,-0.362820,-0.266275,0.224020,-0.379985,-0.266662,0.198363,-0.408669,-0.241580,0.215789,-0.420579,-0.198536,0.245803,-0.415469,-0.238511
2026-07-20 14:42:42.711,75.699928,0.000000,0.000000,0.000000,0.322221,-0.397006,-0.266598,0.124961,-0.360696,-0.266679,0.223591,-0.378851,-0.266638,0.198252,-0.406620,-0.241092,0.215690,-0.418602,-0.197190,0.245693,-0.413420,-0.238024
2026-07-20 14:42:42.811,75.799928,0.000000,0.000000,0.000000,0.322314,-0.391956,-0.265605,0.124752,-0.356673,-0.264813,0.223533,-0.374314,-0.265209,0.197861,-0.403506,-0.240169,0.215459,-0.414431,-0.197074,0.245702,-0.408353,-0.236994
2026-07-20 14:42:42.911,75.899928,0.000000,0.000000,0.000000,0.322276,-0.398030,-0.266842,0.125016,-0.361720,-0.266922,0.223646,-0.379875,-0.266882,0.198308,-0.407644,-0.241336,0.215734,-0.419554,-0.198293,0.245748,-0.414445,-0.238268
2026-07-20 14:42:43.011,75.999928,0.000000,0.000000,0.000000,0.322204,-0.389907,-0.265118,0.124631,-0.354549,-0.265217,0.223417,-0.372228,-0.265167,0.197922,-0.400473,-0.239630,0.215360,-0.412454,-0.195727,0.245363,-0.407273,-0.236562
2026-07-20 14:42:43.111,76.099927,0.000000,0.000000,0.000000,0.323013,-0.398175,-0.267293,0.125051,-0.364780,-0.267428,0.224032,-0.381478,-0.267361,0.198247,-0.410678,-0.241875,0.215855,-0.421675,-0.197921,0.245858,-0.416494,-0.238755
2026-07-20 14:42:43.211,76.199927,0.000000,0.000000,0.000000,0.322645,-0.398103,-0.267067,0.124996,-0.363755,-0.267184,0.223820,-0.380929,-0.267126,0.198192,-0.409653,-0.241631,0.215789,-0.420579,-0.198536,0.245803,-0.415469,-0.238511
2026-07-20 14:42:43.311,76.299927,0.000000,0.000000,0.000000,0.322958,-0.397151,-0.267050,0.124920,-0.364766,-0.267202,0.223939,-0.380959,-0.267126,0.198192,-0.409653,-0.241631,0.215789,-0.420579,-0.198536,0.246033,-0.414500,-0.238457
2026-07-20 14:42:43.411,76.399927,0.000000,0.000000,0.000000,0.323013,-0.398175,-0.267293,0.125126,-0.363769,-0.267410,0.224070,-0.380972,-0.267352,0.198247,-0.410678,-0.241875,0.215844,-0.421603,-0.198780,0.246088,-0.415524,-0.238700
2026-07-20 14:42:43.511,76.499927,0.000000,0.000000,0.000000,0.321775,-0.397964,-0.266133,0.125007,-0.363830,-0.266294,0.223391,-0.380897,-0.266214,0.198192,-0.409653,-0.241631,0.215789,-0.420579,-0.198536,0.245803,-0.415469,-0.238511
2026-07-20 14:42:43.611,76.599927,0.000000,0.000000,0.000000,0.322628,-0.391004,-0.265587,0.124665,-0.357608,-0.265722,0.223647,-0.374306,-0.265655,0.197861,-0.403506,-0.240169,0.215459,-0.414431,-0.197074,0.245473,-0.409322,-0.237049
2026-07-20 14:42:43.711,76.699927,0.000000,0.000000,0.000000,0.322755,-0.400152,-0.267555,0.125106,-0.365805,-0.267672,0.223930,-0.382978,-0.267613,0.198302,-0.411702,-0.242118,0.215900,-0.422628,-0.199024,0.246143,-0.416549,-0.238944
2026-07-20 14:42:43.811,76.799927,0.000000,0.000000,0.000000,0.322387,-0.400079,-0.267329,0.125062,-0.364855,-0.266538,0.223724,-0.382467,-0.266933,0.198247,-0.410678,-0.241875,0.215844,-0.421603,-0.198780,0.246088,-0.415524,-0.238700
2026-07-20 14:42:43.911,76.899927,0.000000,0.000000,0.000000,0.322590,-0.397078,-0.266824,0.125016,-0.361720,-0.266922,0.223803,-0.379399,-0.266873,0.198137,-0.408629,-0.241387,0.215637,-0.420041,-0.198346,0.245978,-0.413475,-0.238213
2026-07-20 14:42:44.011,76.999927,0.000000,0.000000,0.000000,0.322050,-0.403087,-0.267352,0.125346,-0.367867,-0.268385,0.223698,-0.385477,-0.267868,0.198467,-0.414776,-0.242849,0.216065,-0.425701,-0.199755,0.246308,-0.419622,-0.239675
2026-07-20 14:42:44.111,77.099926,0.000000,0.000000,0.000000,0.323013,-0.398175,-0.267293,0.125126,-0.363769,-0.267410,0.224070,-0.380972,-0.267352,0.197577,-0.409488,-0.241796,0.215844,-0.421603,-0.198780,0.246088,-0.415524,-0.238700
2026-07-20 14:42:44.211,77.199926,0.000000,0.000000,0.000000,0.322552,-0.403153,-0.268060,0.125216,-0.367854,-0.268159,0.223884,-0.385503,-0.268110,0.198583,-0.412767,-0.242555,0.216010,-0.424677,-0.199511,0.245177,-0.419361,-0.239458
2026-07-20 14:42:44.311,77.299926,0.000000,0.000000,0.000000,0.322645,-0.398103,-0.267067,0.124996,-0.363755,-0.267184,0.223820,-0.380929,-0.267126,0.197522,-0.408464,-0.241552,0.215596,-0.421553,-0.198643,0.244957,-0.415263,-0.238483
2026-07-20 14:42:44.411,77.399926,0.000000,0.000000,0.000000,0.321830,-0.398988,-0.266377,0.125051,-0.364780,-0.267428,0.223440,-0.381884,-0.266902,0.197577,-0.409488,-0.241796,0.215651,-0.422577,-0.198886,0.245858,-0.416494,-0.238755
2026-07-20 14:42:44.511,77.499926,0.000000,0.000000,0.000000,0.322755,-0.400152,-0.267555,0.125106,-0.365805,-0.267672,0.223930,-0.382978,-0.267613,0.198302,-0.411702,-0.242118,0.215706,-0.423602,-0.199130,0.246143,-0.416549,-0.238944
2026-07-20 14:42:44.611,77.599926,0.000000,0.000000,0.000000,0.322535,-0.396054,-0.266580,0.124961,-0.360696,-0.266679,0.223748,-0.378375,-0.266629,0.198252,-0.406620,-0.241092,0.215679,-0.418529,-0.198049,0.244847,-0.413214,-0.237996
2026-07-20 14:42:44.711,77.699926,0.000000,0.000000,0.000000,0.322276,-0.398030,-0.266842,0.124865,-0.363741,-0.266959,0.223571,-0.380886,-0.266900,0.198137,-0.408629,-0.241387,0.215734,-0.419554,-0.198293,0.245748,-0.414445,-0.238268
2026-07-20 14:42:44.811,77.799926,0.000000,0.000000,0.000000,0.322480,-0.395029,-0.266336,0.124842,-0.360757,-0.265563,0.223661,-0.377893,-0.265950,0.198197,-0.405595,-0.240849,0.215624,-0.417505,-0.197805,0.245638,-0.412396,-0.237780
2026-07-20 14:42:44.911,77.899926,0.000000,0.000000,0.000000,0.322552,-0.403153,-0.268060,0.125227,-0.367928,-0.267269,0.223889,-0.385541,-0.267665,0.198583,-0.412767,-0.242555,0.216010,-0.424677,-0.199511,0.245177,-0.419361,-0.239458
2026-07-20 14:42:45.011,77.999926,0.000000,0.000000,0.000000,0.322387,-0.400079,-0.267329,0.125051,-0.364780,-0.267428,0.223719,-0.382430,-0.267378,0.198418,-0.409693,-0.241824,0.215844,-0.421603,-0.198780,0.245012,-0.416287,-0.238727
2026-07-20 14:42:45.111,78.099926,0.000000,0.000000,0.000000,0.322645,-0.398103,-0.267067,0.125147,-0.361734,-0.267148,0.223896,-0.379919,-0.267108,0.198192,-0.409653,-0.241631,0.215800,-0.420651,-0.197677,0.244957,-0.415263,-0.238483
2026-07-20 14:42:45.211,78.199925,0.000000,0.000000,0.000000,0.322480,-0.395029,-0.266336,0.124906,-0.359671,-0.266435,0.223693,-0.377350,-0.266386,0.197357,-0.405390,-0.240821,0.215624,-0.417505,-0.197805,0.245867,-0.411426,-0.237726
