{
  "K1": [
    [
      607.1244506835938,
      0.0,
      427.2193603515625
    ],
    [
      0.0,
      606.6586303710938,
      233.17059326171875
    ],
    [
      0.0,
      0.0,
      1.0
    ]
  ],
  "D1": [
    0.0,
    0.0,
    0.0,
    0.0,
    0.0
  ],
  "K2": [
    [
      605.7276000976562,
      0.0,
      433.95513916015625
    ],
    [
      0.0,
      605.0292358398438,
      239.4715118408203
    ],
    [
      0.0,
      0.0,
      1.0
    ]
  ],
  "D2": [
    0.0,
    0.0,
    0.0,
    0.0,
    0.0
  ],
  "R": [
    [
      0.9988805635458607,
      0.016719940653799854,
      -0.044250009659174694
    ],
    [
      -0.02191706670971322,
      0.992567802861029,
      -0.11970296115999622
    ],
    [
      0.04191970845730708,
      0.12053879171521088,
      0.9918231383339932
    ]
  ],
  "T": [
    0.10087249087311209,
    0.012024790994473705,
    0.02216428833285189
  ]
}