{
  "K1": [
    [
      607.1244506835938,
      0.0,
      427.2193603515625
    ],
    [
      0.0,
      606.6586303710938,
      233.17059326171875
    ],
    [
      0.0,
      0.0,
      1.0
    ]
  ],
  "D1": [
    0.0,
    0.0,
    0.0,
    0.0,
    0.0
  ],
  "K2": [
    [
      605.7276000976562,
      0.0,
      433.95513916015625
    ],
    [
      0.0,
      605.0292358398438,
      239.4715118408203
    ],
    [
      0.0,
      0.0,
      1.0
    ]
  ],
  "D2": [
    0.0,
    0.0,
    0.0,
    0.0,
    0.0
  ],
  "R": [
    [
      0.9627476445315466,
      -0.06756077579379297,
      -0.2618253511849067
    ],
    [
      0.04610661334274423,
      0.9951196463322871,
      -0.08724144479297923
    ],
    [
      0.2664416505635363,
      0.07191961524955899,
      0.9611640941001354
    ]
  ],
  "T": [
    0.12020794495598759,
    0.013185253139417062,
    -0.009284382887589426
  ]
}