{
  "K1": [
    [
      607.1244506835938,
      0.0,
      427.2193603515625
    ],
    [
      0.0,
      606.6586303710938,
      233.17059326171875
    ],
    [
      0.0,
      0.0,
      1.0
    ]
  ],
  "D1": [
    0.0,
    0.0,
    0.0,
    0.0,
    0.0
  ],
  "K2": [
    [
      605.7276000976562,
      0.0,
      433.95513916015625
    ],
    [
      0.0,
      605.0292358398438,
      239.4715118408203
    ],
    [
      0.0,
      0.0,
      1.0
    ]
  ],
  "D2": [
    0.0,
    0.0,
    0.0,
    0.0,
    0.0
  ],
  "R": [
    [
      0.9168647088654532,
      -0.05101260141815257,
      -0.3959252708954309
    ],
    [
      0.056503725017659295,
      0.9983999407193178,
      0.00221075344427632
    ],
    [
      0.3951789907069914,
      -0.02439821444727739,
      0.9182800729818699
    ]
  ],
  "T": [
    0.4208888333016958,
    0.029605730697157398,
    0.15960503095162282
  ]
}