{
  "K1": [
    [
      607.1244506835938,
      0.0,
      427.2193603515625
    ],
    [
      0.0,
      606.6586303710938,
      233.17059326171875
    ],
    [
      0.0,
      0.0,
      1.0
    ]
  ],
  "D1": [
    0.0,
    0.0,
    0.0,
    0.0,
    0.0
  ],
  "K2": [
    [
      605.7276000976562,
      0.0,
      433.95513916015625
    ],
    [
      0.0,
      605.0292358398438,
      239.4715118408203
    ],
    [
      0.0,
      0.0,
      1.0
    ]
  ],
  "D2": [
    0.0,
    0.0,
    0.0,
    0.0,
    0.0
  ],
  "R": [
    [
      0.8477236400599214,
      -0.08650415591449842,
      -0.5233370434940344
    ],
    [
      0.0907043169963937,
      0.9957212819451093,
      -0.017659432601463604
    ],
    [
      0.522625446148362,
      -0.03249861060273279,
      0.8519427699952136
    ]
  ],
  "T": [
    0.34834648206440333,
    -0.004929341215184013,
    0.07769325660182624
  ]
}