{
  "K1": [
    [
      607.1244506835938,
      0.0,
      427.2193603515625
    ],
    [
      0.0,
      606.6586303710938,
      233.17059326171875
    ],
    [
      0.0,
      0.0,
      1.0
    ]
  ],
  "D1": [
    0.0,
    0.0,
    0.0,
    0.0,
    0.0
  ],
  "K2": [
    [
      605.7276000976562,
      0.0,
      433.95513916015625
    ],
    [
      0.0,
      605.0292358398438,
      239.4715118408203
    ],
    [
      0.0,
      0.0,
      1.0
    ]
  ],
  "D2": [
    0.0,
    0.0,
    0.0,
    0.0,
    0.0
  ],
  "R": [
    [
      0.7651943846259113,
      -0.09009585851115424,
      -0.6374639519346258
    ],
    [
      0.1194504226454683,
      0.9928354424190337,
      0.0030628102162236354
    ],
    [
      0.6326208582293124,
      -0.07848898365847075,
      0.7704740937743906
    ]
  ],
  "T": [
    0.3610825195135319,
    -0.005217997997842706,
    0.0697054086143776
  ]
}