{
  "K1": [
    [
      607.1244506835938,
      0.0,
      427.2193603515625
    ],
    [
      0.0,
      606.6586303710938,
      233.17059326171875
    ],
    [
      0.0,
      0.0,
      1.0
    ]
  ],
  "D1": [
    0.0,
    0.0,
    0.0,
    0.0,
    0.0
  ],
  "K2": [
    [
      605.7276000976562,
      0.0,
      433.95513916015625
    ],
    [
      0.0,
      605.0292358398438,
      239.4715118408203
    ],
    [
      0.0,
      0.0,
      1.0
    ]
  ],
  "D2": [
    0.0,
    0.0,
    0.0,
    0.0,
    0.0
  ],
  "R": [
    [
      0.9959708874380414,
      -0.0022725209311884355,
      -0.08964835204563107
    ],
    [
      0.0013053353639163533,
      0.9999403304339425,
      -0.010845813535441994
    ],
    [
      0.08966765010564179,
      0.010685093367639698,
      0.9959144246893188
    ]
  ],
  "T": [
    0.18976883146042628,
    -0.00454850305084771,
    -0.004801372119252134
  ]
}