Format Version,1.23,Take Name,calibration_10mm_1779687996,Take Notes,,Capture Frame Rate,10,Export Frame Rate,10,Capture Start Time,2026-05-25 03:46:55 PM,Total Frames in Take,,Total Exported Frames,,Rotation Type,XYZ,Length Units,Meters,Coordinate Space,Global

,Type,Rigid Body Marker,Rigid Body Marker,Rigid Body Marker,Rigid Body Marker,Rigid Body Marker,Rigid Body Marker,Rigid Body Marker,Rigid Body Marker,Rigid Body Marker,Rigid Body Marker,Rigid Body Marker,Rigid Body Marker,Marker,Marker,Marker,Marker,Marker,Marker
,Name,Tag0,Tag0,Tag0,Tag1,Tag1,Tag1,Tag2,Tag2,Tag2,Midpoint,Midpoint,Midpoint,Pink,Pink,Pink,Green,Green,Green
,ID,Tag0,Tag0,Tag0,Tag1,Tag1,Tag1,Tag2,Tag2,Tag2,Midpoint,Midpoint,Midpoint,Pink,Pink,Pink,Green,Green,Green
,,Position,Position,Position,Position,Position,Position,Position,Position,Position,Position,Position,Position,Position,Position,Position,Position,Position,Position
Timestamp,Time (Seconds),X,Y,Z,X,Y,Z,X,Y,Z,X,Y,Z,X,Y,Z,X,Y,Z
2026-05-25 15:47:05.086,0.000000,0.000000,0.000000,0.000000,-0.100784,-0.095073,-0.251354,0.057731,-0.087947,-0.251535,-0.021527,-0.091510,-0.251445,-0.007577,-0.117602,-0.189095,-0.008210,-0.122024,-0.235419
2026-05-25 15:47:05.186,0.100000,0.000000,0.000000,0.000000,-0.100784,-0.095073,-0.251354,0.057731,-0.087947,-0.251535,-0.021527,-0.091510,-0.251445,-0.007577,-0.117602,-0.189095,-0.008210,-0.122024,-0.235419
2026-05-25 15:47:05.286,0.200000,0.000000,0.000000,0.000000,-0.100784,-0.095073,-0.251354,0.057860,-0.086851,-0.251587,-0.021462,-0.090962,-0.251471,-0.007577,-0.117602,-0.189095,-0.008210,-0.122024,-0.235419
2026-05-25 15:47:05.386,0.300000,0.000000,0.000000,0.000000,-0.100789,-0.094956,-0.252082,0.057731,-0.087947,-0.251535,-0.021529,-0.091451,-0.251809,-0.007577,-0.117602,-0.189095,-0.008235,-0.123108,-0.235392
2026-05-25 15:47:05.486,0.400000,0.000000,0.000000,0.000000,-0.100784,-0.095073,-0.251354,0.057860,-0.086851,-0.251587,-0.021462,-0.090962,-0.251471,-0.007577,-0.117602,-0.189095,-0.008210,-0.122024,-0.235419
2026-05-25 15:47:05.586,0.500000,0.000000,0.000000,0.000000,-0.100906,-0.093999,-0.251405,0.057860,-0.086851,-0.251587,-0.021523,-0.090425,-0.251496,-0.007577,-0.117602,-0.189095,-0.008235,-0.123108,-0.235392
2026-05-25 15:47:05.686,0.599999,0.000000,0.000000,0.000000,-0.100789,-0.094956,-0.252082,0.057731,-0.087947,-0.251535,-0.021529,-0.091451,-0.251809,-0.007551,-0.116531,-0.189045,-0.008235,-0.123108,-0.235392
2026-05-25 15:47:05.786,0.699999,0.000000,0.000000,0.000000,-0.100906,-0.093999,-0.251405,0.057860,-0.086851,-0.251587,-0.021523,-0.090425,-0.251496,-0.007551,-0.116531,-0.189045,-0.008235,-0.123108,-0.235392
2026-05-25 15:47:05.886,0.799999,0.000000,0.000000,0.000000,-0.100784,-0.095073,-0.251354,0.057731,-0.087947,-0.251535,-0.021527,-0.091510,-0.251445,-0.007577,-0.117602,-0.189095,-0.008210,-0.122024,-0.235419
2026-05-25 15:47:05.986,0.899999,0.000000,0.000000,0.000000,-0.100784,-0.095073,-0.251354,0.057731,-0.087947,-0.251535,-0.021527,-0.091510,-0.251445,-0.007551,-0.116531,-0.189045,-0.008235,-0.123108,-0.235392
2026-05-25 15:47:06.086,0.999999,0.000000,0.000000,0.000000,-0.100906,-0.093999,-0.251405,0.057860,-0.086851,-0.251587,-0.021523,-0.090425,-0.251496,-0.007577,-0.117602,-0.189095,-0.008235,-0.123108,-0.235392
2026-05-25 15:47:06.186,1.099999,0.000000,0.000000,0.000000,-0.100784,-0.095073,-0.251354,0.057860,-0.086851,-0.251587,-0.021462,-0.090962,-0.251471,-0.007551,-0.116531,-0.189045,-0.008235,-0.123108,-0.235392
2026-05-25 15:47:06.286,1.199999,0.000000,0.000000,0.000000,-0.100784,-0.095073,-0.251354,0.057860,-0.086851,-0.251587,-0.021462,-0.090962,-0.251471,-0.007551,-0.116531,-0.189045,-0.008235,-0.123108,-0.235392
2026-05-25 15:47:06.386,1.299999,0.000000,0.000000,0.000000,-0.100784,-0.095073,-0.251354,0.057860,-0.086851,-0.251587,-0.021462,-0.090962,-0.251471,-0.007551,-0.116531,-0.189045,-0.008235,-0.123108,-0.235392
2026-05-25 15:47:06.486,1.399999,0.000000,0.000000,0.000000,-0.100784,-0.095073,-0.251354,0.057860,-0.086851,-0.251587,-0.021462,-0.090962,-0.251471,-0.007551,-0.116531,-0.189045,-0.008210,-0.122024,-0.235419
2026-05-25 15:47:06.586,1.499999,0.000000,0.000000,0.000000,-0.100784,-0.095073,-0.251354,0.057731,-0.087947,-0.251535,-0.021527,-0.091510,-0.251445,-0.007551,-0.116531,-0.189045,-0.008235,-0.123108,-0.235392
2026-05-25 15:47:06.686,1.599998,0.000000,0.000000,0.000000,-0.100784,-0.095073,-0.251354,0.057731,-0.087947,-0.251535,-0.021527,-0.091510,-0.251445,-0.007577,-0.117602,-0.189095,-0.008235,-0.123108,-0.235392
2026-05-25 15:47:06.786,1.699998,0.000000,0.000000,0.000000,-0.100906,-0.093999,-0.251405,0.057731,-0.087947,-0.251535,-0.021588,-0.090973,-0.251470,-0.007551,-0.116531,-0.189045,-0.008210,-0.122024,-0.235419
2026-05-25 15:47:06.886,1.799998,0.000000,0.000000,0.000000,-0.100784,-0.095073,-0.251354,0.057991,-0.085755,-0.251638,-0.021397,-0.090414,-0.251496,-0.007551,-0.116531,-0.189045,-0.008235,-0.123108,-0.235392
2026-05-25 15:47:06.986,1.899998,0.000000,0.000000,0.000000,-0.100906,-0.093999,-0.251405,0.057731,-0.087947,-0.251535,-0.021588,-0.090973,-0.251470,-0.007551,-0.116531,-0.189045,-0.008235,-0.123108,-0.235392
2026-05-25 15:47:07.086,1.999998,0.000000,0.000000,0.000000,-0.100784,-0.095073,-0.251354,0.057860,-0.086851,-0.251587,-0.021462,-0.090962,-0.251471,-0.007577,-0.117602,-0.189095,-0.008210,-0.122024,-0.235419
2026-05-25 15:47:07.186,2.099998,0.000000,0.000000,0.000000,-0.100906,-0.093999,-0.251405,0.057731,-0.087947,-0.251535,-0.021588,-0.090973,-0.251470,-0.007577,-0.117602,-0.189095,-0.008210,-0.122024,-0.235419
2026-05-25 15:47:07.286,2.199998,0.000000,0.000000,0.000000,-0.100784,-0.095073,-0.251354,0.057860,-0.086851,-0.251587,-0.021462,-0.090962,-0.251471,-0.007577,-0.117602,-0.189095,-0.008210,-0.122024,-0.235419
2026-05-25 15:47:07.386,2.299998,0.000000,0.000000,0.000000,-0.100906,-0.093999,-0.251405,0.057860,-0.086851,-0.251587,-0.021523,-0.090425,-0.251496,-0.007577,-0.117602,-0.189095,-0.008235,-0.123108,-0.235392
2026-05-25 15:47:07.486,2.399998,0.000000,0.000000,0.000000,-0.100906,-0.093999,-0.251405,0.057731,-0.087947,-0.251535,-0.021588,-0.090973,-0.251470,-0.007577,-0.117602,-0.189095,-0.008235,-0.123108,-0.235392
2026-05-25 15:47:07.586,2.499998,0.000000,0.000000,0.000000,-0.100784,-0.095073,-0.251354,0.057731,-0.087947,-0.251535,-0.021527,-0.091510,-0.251445,-0.007551,-0.116531,-0.189045,-0.008235,-0.123108,-0.235392
2026-05-25 15:47:07.686,2.599998,0.000000,0.000000,0.000000,-0.101033,-0.092807,-0.252186,0.057731,-0.087947,-0.251535,-0.021651,-0.090377,-0.251861,-0.007577,-0.117602,-0.189095,-0.008235,-0.123108,-0.235392
2026-05-25 15:47:07.786,2.699997,0.000000,0.000000,0.000000,-0.100784,-0.095073,-0.251354,0.057731,-0.087947,-0.251535,-0.021527,-0.091510,-0.251445,-0.007577,-0.117602,-0.189095,-0.008235,-0.123108,-0.235392
2026-05-25 15:47:07.886,2.799997,0.000000,0.000000,0.000000,-0.100784,-0.095073,-0.251354,0.057860,-0.086851,-0.251587,-0.021462,-0.090962,-0.251471,-0.007577,-0.117602,-0.189095,-0.008210,-0.122024,-0.235419
2026-05-25 15:47:07.986,2.899997,0.000000,0.000000,0.000000,-0.100784,-0.095073,-0.251354,0.057731,-0.087947,-0.251535,-0.021527,-0.091510,-0.251445,-0.007577,-0.117602,-0.189095,-0.008210,-0.122024,-0.235419
2026-05-25 15:47:08.086,2.999997,0.000000,0.000000,0.000000,-0.100784,-0.095073,-0.251354,0.057860,-0.086851,-0.251587,-0.021462,-0.090962,-0.251471,-0.007577,-0.117602,-0.189095,-0.008235,-0.123108,-0.235392
2026-05-25 15:47:08.186,3.099997,0.000000,0.000000,0.000000,-0.100789,-0.094956,-0.252082,0.057860,-0.086851,-0.251587,-0.021464,-0.090903,-0.251835,-0.007551,-0.116531,-0.189045,-0.008235,-0.123108,-0.235392
2026-05-25 15:47:08.286,3.199997,0.000000,0.000000,0.000000,-0.100784,-0.095073,-0.251354,0.057860,-0.086851,-0.251587,-0.021462,-0.090962,-0.251471,-0.007551,-0.116531,-0.189045,-0.008235,-0.123108,-0.235392
2026-05-25 15:47:08.386,3.299997,0.000000,0.000000,0.000000,-0.100784,-0.095073,-0.251354,0.057731,-0.087947,-0.251535,-0.021527,-0.091510,-0.251445,-0.007577,-0.117602,-0.189095,-0.008223,-0.122566,-0.235405
2026-05-25 15:47:08.486,3.399997,0.000000,0.000000,0.000000,-0.100667,-0.096031,-0.252030,0.057860,-0.086851,-0.251587,-0.021403,-0.091441,-0.251809,-0.007577,-0.117602,-0.189095,-0.008235,-0.123108,-0.235392
2026-05-25 15:47:08.586,3.499997,0.000000,0.000000,0.000000,-0.100906,-0.093999,-0.251405,0.057731,-0.087947,-0.251535,-0.021588,-0.090973,-0.251470,-0.007577,-0.117602,-0.189095,-0.008235,-0.123108,-0.235392
2026-05-25 15:47:08.686,3.599997,0.000000,0.000000,0.000000,-0.100784,-0.095073,-0.251354,0.057991,-0.085755,-0.251638,-0.021397,-0.090414,-0.251496,-0.007577,-0.117602,-0.189095,-0.008223,-0.122566,-0.235405
2026-05-25 15:47:08.786,3.699996,0.000000,0.000000,0.000000,-0.100789,-0.094956,-0.252082,0.057731,-0.087947,-0.251535,-0.021529,-0.091451,-0.251809,-0.007551,-0.116531,-0.189045,-0.008235,-0.123108,-0.235392
2026-05-25 15:47:08.886,3.799996,0.000000,0.000000,0.000000,-0.100784,-0.095073,-0.251354,0.057860,-0.086851,-0.251587,-0.021462,-0.090962,-0.251471,-0.007551,-0.116531,-0.189045,-0.008210,-0.122024,-0.235419
2026-05-25 15:47:08.986,3.899996,0.000000,0.000000,0.000000,-0.100789,-0.094956,-0.252082,0.057860,-0.086851,-0.251587,-0.021464,-0.090903,-0.251835,-0.007577,-0.117602,-0.189095,-0.008210,-0.122024,-0.235419
2026-05-25 15:47:09.086,3.999996,0.000000,0.000000,0.000000,-0.100784,-0.095073,-0.251354,0.057731,-0.087947,-0.251535,-0.021527,-0.091510,-0.251445,-0.007551,-0.116531,-0.189045,-0.008210,-0.122024,-0.235419
2026-05-25 15:47:09.186,4.099996,0.000000,0.000000,0.000000,-0.100784,-0.095073,-0.251354,0.057991,-0.085755,-0.251638,-0.021397,-0.090414,-0.251496,-0.007577,-0.117602,-0.189095,-0.008235,-0.123108,-0.235392
2026-05-25 15:47:09.286,4.199996,0.000000,0.000000,0.000000,-0.100789,-0.094956,-0.252082,0.057731,-0.087947,-0.251535,-0.021529,-0.091451,-0.251809,-0.007577,-0.117602,-0.189095,-0.008210,-0.122024,-0.235419
2026-05-25 15:47:09.386,4.299996,0.000000,0.000000,0.000000,-0.100906,-0.093999,-0.251405,0.057860,-0.086851,-0.251587,-0.021523,-0.090425,-0.251496,-0.007577,-0.117602,-0.189095,-0.008235,-0.123108,-0.235392
2026-05-25 15:47:09.486,4.399996,0.000000,0.000000,0.000000,-0.100667,-0.096031,-0.252030,0.057731,-0.087947,-0.251535,-0.021468,-0.091989,-0.251783,-0.007551,-0.116531,-0.189045,-0.008235,-0.123108,-0.235392
2026-05-25 15:47:09.586,4.499996,0.000000,0.000000,0.000000,-0.100906,-0.093999,-0.251405,0.057860,-0.086851,-0.251587,-0.021523,-0.090425,-0.251496,-0.007577,-0.117602,-0.189095,-0.008210,-0.122024,-0.235419
2026-05-25 15:47:09.686,4.599996,0.000000,0.000000,0.000000,-0.100911,-0.093881,-0.252134,0.057731,-0.087947,-0.251535,-0.021590,-0.090914,-0.251835,-0.007577,-0.117602,-0.189095,-0.008210,-0.122024,-0.235419
2026-05-25 15:47:09.786,4.699996,0.000000,0.000000,0.000000,-0.100906,-0.093999,-0.251405,0.057860,-0.086851,-0.251587,-0.021523,-0.090425,-0.251496,-0.007577,-0.117602,-0.189095,-0.008210,-0.122024,-0.235419
2026-05-25 15:47:09.886,4.799995,0.000000,0.000000,0.000000,-0.100911,-0.093881,-0.252134,0.057731,-0.087947,-0.251535,-0.021590,-0.090914,-0.251835,-0.007577,-0.117602,-0.189095,-0.008210,-0.122024,-0.235419
2026-05-25 15:47:09.986,4.899995,0.000000,0.000000,0.000000,-0.100784,-0.095073,-0.251354,0.057731,-0.087947,-0.251535,-0.021527,-0.091510,-0.251445,-0.007577,-0.117602,-0.189095,-0.008223,-0.122566,-0.235405
2026-05-25 15:47:10.086,4.999995,0.000000,0.000000,0.000000,-0.100906,-0.093999,-0.251405,0.057731,-0.087947,-0.251535,-0.021588,-0.090973,-0.251470,-0.007577,-0.117602,-0.189095,-0.008210,-0.122024,-0.235419
2026-05-25 15:47:10.186,5.099995,0.000000,0.000000,0.000000,-0.100789,-0.094956,-0.252082,0.057731,-0.087947,-0.251535,-0.021529,-0.091451,-0.251809,-0.007577,-0.117602,-0.189095,-0.008210,-0.122024,-0.235419
2026-05-25 15:47:10.286,5.199995,0.000000,0.000000,0.000000,-0.100911,-0.093881,-0.252134,0.057731,-0.087947,-0.251535,-0.021590,-0.090914,-0.251835,-0.007577,-0.117602,-0.189095,-0.008235,-0.123108,-0.235392
2026-05-25 15:47:10.386,5.299995,0.000000,0.000000,0.000000,-0.100784,-0.095073,-0.251354,0.057860,-0.086851,-0.251587,-0.021462,-0.090962,-0.251471,-0.007577,-0.117602,-0.189095,-0.008235,-0.123108,-0.235392
2026-05-25 15:47:10.486,5.399995,0.000000,0.000000,0.000000,-0.100784,-0.095073,-0.251354,0.057731,-0.087947,-0.251535,-0.021527,-0.091510,-0.251445,-0.007551,-0.116531,-0.189045,-0.008210,-0.122024,-0.235419
2026-05-25 15:47:10.586,5.499995,0.000000,0.000000,0.000000,-0.100906,-0.093999,-0.251405,0.057731,-0.087947,-0.251535,-0.021588,-0.090973,-0.251470,-0.007551,-0.116531,-0.189045,-0.008235,-0.123108,-0.235392
2026-05-25 15:47:10.686,5.599995,0.000000,0.000000,0.000000,-0.100906,-0.093999,-0.251405,0.057731,-0.087947,-0.251535,-0.021588,-0.090973,-0.251470,-0.007577,-0.117602,-0.189095,-0.008210,-0.122024,-0.235419
2026-05-25 15:47:10.786,5.699995,0.000000,0.000000,0.000000,-0.100906,-0.093999,-0.251405,0.057860,-0.086851,-0.251587,-0.021523,-0.090425,-0.251496,-0.007551,-0.116531,-0.189045,-0.008235,-0.123108,-0.235392
2026-05-25 15:47:10.886,5.799994,0.000000,0.000000,0.000000,-0.100789,-0.094956,-0.252082,0.057731,-0.087947,-0.251535,-0.021529,-0.091451,-0.251809,-0.007577,-0.117602,-0.189095,-0.008235,-0.123108,-0.235392
2026-05-25 15:47:10.986,5.899994,0.000000,0.000000,0.000000,-0.100784,-0.095073,-0.251354,0.057860,-0.086851,-0.251587,-0.021462,-0.090962,-0.251471,-0.007577,-0.117602,-0.189095,-0.008210,-0.122024,-0.235419
2026-05-25 15:47:11.086,5.999994,0.000000,0.000000,0.000000,-0.100906,-0.093999,-0.251405,0.057731,-0.087947,-0.251535,-0.021588,-0.090973,-0.251470,-0.007551,-0.116531,-0.189045,-0.008235,-0.123108,-0.235392
2026-05-25 15:47:11.186,6.099994,0.000000,0.000000,0.000000,-0.100784,-0.095073,-0.251354,0.057860,-0.086851,-0.251587,-0.021462,-0.090962,-0.251471,-0.007577,-0.117602,-0.189095,-0.008235,-0.123108,-0.235392
2026-05-25 15:47:11.286,6.199994,0.000000,0.000000,0.000000,-0.100789,-0.094956,-0.252082,0.057731,-0.087947,-0.251535,-0.021529,-0.091451,-0.251809,-0.007577,-0.117602,-0.189095,-0.008210,-0.122024,-0.235419
2026-05-25 15:47:11.386,6.299994,0.000000,0.000000,0.000000,-0.100789,-0.094956,-0.252082,0.057731,-0.087947,-0.251535,-0.021529,-0.091451,-0.251809,-0.007577,-0.117602,-0.189095,-0.008235,-0.123108,-0.235392
2026-05-25 15:47:11.486,6.399994,0.000000,0.000000,0.000000,-0.100784,-0.095073,-0.251354,0.057731,-0.087947,-0.251535,-0.021527,-0.091510,-0.251445,-0.007577,-0.117602,-0.189095,-0.008223,-0.122566,-0.235405
2026-05-25 15:47:11.586,6.499994,0.000000,0.000000,0.000000,-0.100789,-0.094956,-0.252082,0.057731,-0.087947,-0.251535,-0.021529,-0.091451,-0.251809,-0.007551,-0.116531,-0.189045,-0.008210,-0.122024,-0.235419
2026-05-25 15:47:11.686,6.599994,0.000000,0.000000,0.000000,-0.100784,-0.095073,-0.251354,0.057731,-0.087947,-0.251535,-0.021527,-0.091510,-0.251445,-0.007551,-0.116531,-0.189045,-0.008210,-0.122024,-0.235419
2026-05-25 15:47:11.786,6.699994,0.000000,0.000000,0.000000,-0.100784,-0.095073,-0.251354,0.057731,-0.087947,-0.251535,-0.021527,-0.091510,-0.251445,-0.007564,-0.117066,-0.189070,-0.008235,-0.123108,-0.235392
2026-05-25 15:47:11.886,6.799994,0.000000,0.000000,0.000000,-0.100906,-0.093999,-0.251405,0.057731,-0.087947,-0.251535,-0.021588,-0.090973,-0.251470,-0.007551,-0.116531,-0.189045,-0.008210,-0.122024,-0.235419
2026-05-25 15:47:11.986,6.899993,0.000000,0.000000,0.000000,-0.100906,-0.093999,-0.251405,0.057731,-0.087947,-0.251535,-0.021588,-0.090973,-0.251470,-0.007564,-0.117066,-0.189070,-0.008210,-0.122024,-0.235419
2026-05-25 15:47:12.086,6.999993,0.000000,0.000000,0.000000,-0.100784,-0.095073,-0.251354,0.057860,-0.086851,-0.251587,-0.021462,-0.090962,-0.251471,-0.007577,-0.117602,-0.189095,-0.008210,-0.122024,-0.235419
2026-05-25 15:47:12.186,7.099993,0.000000,0.000000,0.000000,-0.100662,-0.096147,-0.251303,0.057860,-0.086851,-0.251587,-0.021401,-0.091499,-0.251445,-0.007551,-0.116531,-0.189045,-0.008235,-0.123108,-0.235392
2026-05-25 15:47:12.286,7.199993,0.000000,0.000000,0.000000,-0.100789,-0.094956,-0.252082,0.057731,-0.087947,-0.251535,-0.021529,-0.091451,-0.251809,-0.007577,-0.117602,-0.189095,-0.008235,-0.123108,-0.235392
2026-05-25 15:47:12.386,7.299993,0.000000,0.000000,0.000000,-0.100906,-0.093999,-0.251405,0.057860,-0.086851,-0.251587,-0.021523,-0.090425,-0.251496,-0.007564,-0.117066,-0.189070,-0.008210,-0.122024,-0.235419
2026-05-25 15:47:12.486,7.399993,0.000000,0.000000,0.000000,-0.100789,-0.094956,-0.252082,0.057731,-0.087947,-0.251535,-0.021529,-0.091451,-0.251809,-0.007577,-0.117602,-0.189095,-0.008235,-0.123108,-0.235392
2026-05-25 15:47:12.586,7.499993,0.000000,0.000000,0.000000,-0.100784,-0.095073,-0.251354,0.057860,-0.086851,-0.251587,-0.021462,-0.090962,-0.251471,-0.007577,-0.117602,-0.189095,-0.008210,-0.122024,-0.235419
2026-05-25 15:47:12.686,7.599993,0.000000,0.000000,0.000000,-0.100911,-0.093881,-0.252134,0.057731,-0.087947,-0.251535,-0.021590,-0.090914,-0.251835,-0.007577,-0.117602,-0.189095,-0.008235,-0.123108,-0.235392
2026-05-25 15:47:12.786,7.699993,0.000000,0.000000,0.000000,-0.100789,-0.094956,-0.252082,0.057731,-0.087947,-0.251535,-0.021529,-0.091451,-0.251809,-0.007551,-0.116531,-0.189045,-0.008210,-0.122024,-0.235419
2026-05-25 15:47:12.886,7.799993,0.000000,0.000000,0.000000,-0.100911,-0.093881,-0.252134,0.057731,-0.087947,-0.251535,-0.021590,-0.090914,-0.251835,-0.007577,-0.117602,-0.189095,-0.008235,-0.123108,-0.235392
2026-05-25 15:47:12.986,7.899992,0.000000,0.000000,0.000000,-0.100789,-0.094956,-0.252082,0.057731,-0.087947,-0.251535,-0.021529,-0.091451,-0.251809,-0.007551,-0.116531,-0.189045,-0.008235,-0.123108,-0.235392
2026-05-25 15:47:13.086,7.999992,0.000000,0.000000,0.000000,-0.100789,-0.094956,-0.252082,0.057860,-0.086851,-0.251587,-0.021464,-0.090903,-0.251835,-0.007551,-0.116531,-0.189045,-0.008210,-0.122024,-0.235419
2026-05-25 15:47:13.186,8.099992,0.000000,0.000000,0.000000,-0.100906,-0.093999,-0.251405,0.057860,-0.086851,-0.251587,-0.021523,-0.090425,-0.251496,-0.007577,-0.117602,-0.189095,-0.008235,-0.123108,-0.235392
2026-05-25 15:47:13.286,8.199992,0.000000,0.000000,0.000000,-0.100784,-0.095073,-0.251354,0.057731,-0.087947,-0.251535,-0.021527,-0.091510,-0.251445,-0.007577,-0.117602,-0.189095,-0.008210,-0.122024,-0.235419
2026-05-25 15:47:13.386,8.299992,0.000000,0.000000,0.000000,-0.100789,-0.094956,-0.252082,0.057860,-0.086851,-0.251587,-0.021464,-0.090903,-0.251835,-0.007551,-0.116531,-0.189045,-0.008210,-0.122024,-0.235419
2026-05-25 15:47:13.486,8.399992,0.000000,0.000000,0.000000,-0.100784,-0.095073,-0.251354,0.057731,-0.087947,-0.251535,-0.021527,-0.091510,-0.251445,-0.007551,-0.116531,-0.189045,-0.008210,-0.122024,-0.235419
2026-05-25 15:47:13.586,8.499992,0.000000,0.000000,0.000000,-0.100911,-0.093881,-0.252134,0.057860,-0.086851,-0.251587,-0.021525,-0.090366,-0.251861,-0.007577,-0.117602,-0.189095,-0.008210,-0.122024,-0.235419
2026-05-25 15:47:13.686,8.599992,0.000000,0.000000,0.000000,-0.100906,-0.093999,-0.251405,0.057731,-0.087947,-0.251535,-0.021588,-0.090973,-0.251470,-0.007577,-0.117602,-0.189095,-0.008235,-0.123108,-0.235392
2026-05-25 15:47:13.786,8.699992,0.000000,0.000000,0.000000,-0.100789,-0.094956,-0.252082,0.057860,-0.086851,-0.251587,-0.021464,-0.090903,-0.251835,-0.007551,-0.116531,-0.189045,-0.008235,-0.123108,-0.235392
2026-05-25 15:47:13.886,8.799992,0.000000,0.000000,0.000000,-0.100784,-0.095073,-0.251354,0.057731,-0.087947,-0.251535,-0.021527,-0.091510,-0.251445,-0.008264,-0.116591,-0.189050,-0.008235,-0.123108,-0.235392
2026-05-25 15:47:13.986,8.899992,0.000000,0.000000,0.000000,-0.100906,-0.093999,-0.251405,0.057866,-0.086967,-0.250864,-0.021520,-0.090483,-0.251135,-0.008269,-0.116477,-0.189757,-0.008210,-0.122024,-0.235419
2026-05-25 15:47:14.086,8.999991,0.000000,0.000000,0.000000,-0.100789,-0.094956,-0.252082,0.057736,-0.088063,-0.250814,-0.021527,-0.091509,-0.251448,-0.008269,-0.116477,-0.189757,-0.008235,-0.123108,-0.235392
2026-05-25 15:47:14.186,9.099991,0.000000,0.000000,0.000000,-0.100784,-0.095073,-0.251354,0.057866,-0.086967,-0.250864,-0.021459,-0.091020,-0.251109,-0.008264,-0.116591,-0.189050,-0.008235,-0.123108,-0.235392
2026-05-25 15:47:14.286,9.199991,0.000000,0.000000,0.000000,-0.100906,-0.093999,-0.251405,0.057736,-0.088063,-0.250814,-0.021585,-0.091031,-0.251109,-0.008289,-0.117662,-0.189099,-0.008210,-0.122024,-0.235419
2026-05-25 15:47:14.386,9.299991,0.000000,0.000000,0.000000,-0.100911,-0.093881,-0.252134,0.057736,-0.088063,-0.250814,-0.021588,-0.090972,-0.251474,-0.008264,-0.116591,-0.189050,-0.008210,-0.122024,-0.235419
2026-05-25 15:47:14.486,9.399991,0.000000,0.000000,0.000000,-0.100784,-0.095073,-0.251354,0.057736,-0.088063,-0.250814,-0.021524,-0.091568,-0.251084,-0.008289,-0.117662,-0.189099,-0.008235,-0.123108,-0.235392
2026-05-25 15:47:14.586,9.499991,0.000000,0.000000,0.000000,-0.100906,-0.093999,-0.251405,0.057731,-0.087947,-0.251535,-0.021588,-0.090973,-0.251470,-0.007551,-0.116531,-0.189045,-0.008235,-0.123108,-0.235392
2026-05-25 15:47:14.686,9.599991,0.000000,0.000000,0.000000,-0.100911,-0.093881,-0.252134,0.057731,-0.087947,-0.251535,-0.021590,-0.090914,-0.251835,-0.008264,-0.116591,-0.189050,-0.008235,-0.123108,-0.235392
2026-05-25 15:47:14.786,9.699991,0.000000,0.000000,0.000000,-0.100789,-0.094956,-0.252082,0.057866,-0.086967,-0.250864,-0.021462,-0.090962,-0.251473,-0.008264,-0.116591,-0.189050,-0.008210,-0.122024,-0.235419
2026-05-25 15:47:14.886,9.799991,0.000000,0.000000,0.000000,-0.100789,-0.094956,-0.252082,0.057866,-0.086967,-0.250864,-0.021462,-0.090962,-0.251473,-0.008264,-0.116591,-0.189050,-0.008210,-0.122024,-0.235419
2026-05-25 15:47:14.986,9.899991,0.000000,0.000000,0.000000,-0.100911,-0.093881,-0.252134,0.057736,-0.088063,-0.250814,-0.021588,-0.090972,-0.251474,-0.008239,-0.115520,-0.189001,-0.008210,-0.122024,-0.235419
2026-05-25 15:47:15.086,9.999990,0.000000,0.000000,0.000000,-0.100906,-0.093999,-0.251405,0.057736,-0.088063,-0.250814,-0.021585,-0.091031,-0.251109,-0.008239,-0.115520,-0.189001,-0.008210,-0.122024,-0.235419
2026-05-25 15:47:15.186,10.099990,0.000000,0.000000,0.000000,-0.100906,-0.093999,-0.251405,0.057866,-0.086967,-0.250864,-0.021520,-0.090483,-0.251135,-0.008264,-0.116591,-0.189050,-0.008210,-0.122024,-0.235419
2026-05-25 15:47:15.286,10.199990,0.000000,0.000000,0.000000,-0.100906,-0.093999,-0.251405,0.057866,-0.086967,-0.250864,-0.021520,-0.090483,-0.251135,-0.008264,-0.116591,-0.189050,-0.008235,-0.123108,-0.235392
2026-05-25 15:47:15.386,10.299990,0.000000,0.000000,0.000000,-0.100784,-0.095073,-0.251354,0.057860,-0.086851,-0.251587,-0.021462,-0.090962,-0.251471,-0.008264,-0.116591,-0.189050,-0.008210,-0.122024,-0.235419
2026-05-25 15:47:15.486,10.399990,0.000000,0.000000,0.000000,-0.100911,-0.093881,-0.252134,0.057860,-0.086851,-0.251587,-0.021525,-0.090366,-0.251861,-0.008264,-0.116591,-0.189050,-0.008210,-0.122024,-0.235419
2026-05-25 15:47:15.586,10.499990,0.000000,0.000000,0.000000,-0.100784,-0.095073,-0.251354,0.057860,-0.086851,-0.251587,-0.021462,-0.090962,-0.251471,-0.007551,-0.116531,-0.189045,-0.008235,-0.123108,-0.235392
2026-05-25 15:47:15.686,10.599990,0.000000,0.000000,0.000000,-0.100784,-0.095073,-0.251354,0.057731,-0.087947,-0.251535,-0.021527,-0.091510,-0.251445,-0.008264,-0.116591,-0.189050,-0.008210,-0.122024,-0.235419
2026-05-25 15:47:15.786,10.699990,0.000000,0.000000,0.000000,-0.100911,-0.093881,-0.252134,0.057736,-0.088063,-0.250814,-0.021588,-0.090972,-0.251474,-0.008264,-0.116591,-0.189050,-0.008210,-0.122024,-0.235419
2026-05-25 15:47:15.886,10.799990,0.000000,0.000000,0.000000,-0.100789,-0.094956,-0.252082,0.057736,-0.088063,-0.250814,-0.021527,-0.091509,-0.251448,-0.008264,-0.116591,-0.189050,-0.008210,-0.122024,-0.235419
2026-05-25 15:47:15.986,10.899990,0.000000,0.000000,0.000000,-0.100789,-0.094956,-0.252082,0.057866,-0.086967,-0.250864,-0.021462,-0.090962,-0.251473,-0.008239,-0.115520,-0.189001,-0.008210,-0.122024,-0.235419
2026-05-25 15:47:16.086,10.999990,0.000000,0.000000,0.000000,-0.100784,-0.095073,-0.251354,0.057866,-0.086967,-0.250864,-0.021459,-0.091020,-0.251109,-0.008239,-0.115520,-0.189001,-0.008210,-0.122024,-0.235419
2026-05-25 15:47:16.186,11.099989,0.000000,0.000000,0.000000,-0.100789,-0.094956,-0.252082,0.057736,-0.088063,-0.250814,-0.021527,-0.091509,-0.251448,-0.008264,-0.116591,-0.189050,-0.008210,-0.122024,-0.235419
2026-05-25 15:47:16.286,11.199989,0.000000,0.000000,0.000000,-0.100784,-0.095073,-0.251354,0.057860,-0.086851,-0.251587,-0.021462,-0.090962,-0.251471,-0.008264,-0.116591,-0.189050,-0.008210,-0.122024,-0.235419
2026-05-25 15:47:16.386,11.299989,0.000000,0.000000,0.000000,-0.100789,-0.094956,-0.252082,0.057866,-0.086967,-0.250864,-0.021462,-0.090962,-0.251473,-0.008264,-0.116591,-0.189050,-0.008235,-0.123108,-0.235392
2026-05-25 15:47:16.486,11.399989,0.000000,0.000000,0.000000,-0.100784,-0.095073,-0.251354,0.057736,-0.088063,-0.250814,-0.021524,-0.091568,-0.251084,-0.008264,-0.116591,-0.189050,-0.008235,-0.123108,-0.235392
2026-05-25 15:47:16.586,11.499989,0.000000,0.000000,0.000000,-0.100784,-0.095073,-0.251354,0.057736,-0.088063,-0.250814,-0.021524,-0.091568,-0.251084,-0.008264,-0.116591,-0.189050,-0.008210,-0.122024,-0.235419
2026-05-25 15:47:16.686,11.599989,0.000000,0.000000,0.000000,-0.100911,-0.093881,-0.252134,0.057866,-0.086967,-0.250864,-0.021523,-0.090424,-0.251499,-0.008264,-0.116591,-0.189050,-0.008210,-0.122024,-0.235419
2026-05-25 15:47:16.786,11.699989,0.000000,0.000000,0.000000,-0.100784,-0.095073,-0.251354,0.057736,-0.088063,-0.250814,-0.021524,-0.091568,-0.251084,-0.008264,-0.116591,-0.189050,-0.008210,-0.122024,-0.235419
2026-05-25 15:47:16.886,11.799989,0.000000,0.000000,0.000000,-0.100911,-0.093881,-0.252134,0.057736,-0.088063,-0.250814,-0.021588,-0.090972,-0.251474,-0.008264,-0.116591,-0.189050,-0.008235,-0.123108,-0.235392
2026-05-25 15:47:16.986,11.899989,0.000000,0.000000,0.000000,-0.100906,-0.093999,-0.251405,0.057736,-0.088063,-0.250814,-0.021585,-0.091031,-0.251109,-0.008264,-0.116591,-0.189050,-0.008210,-0.122024,-0.235419
2026-05-25 15:47:17.086,11.999989,0.000000,0.000000,0.000000,-0.100906,-0.093999,-0.251405,0.057866,-0.086967,-0.250864,-0.021520,-0.090483,-0.251135,-0.008264,-0.116591,-0.189050,-0.008210,-0.122024,-0.235419
2026-05-25 15:47:17.186,12.099988,0.000000,0.000000,0.000000,-0.100789,-0.094956,-0.252082,0.057601,-0.089043,-0.251484,-0.021594,-0.091999,-0.251783,-0.008264,-0.116591,-0.189050,-0.008235,-0.123108,-0.235392
2026-05-25 15:47:17.286,12.199988,0.000000,0.000000,0.000000,-0.100906,-0.093999,-0.251405,0.057866,-0.086967,-0.250864,-0.021520,-0.090483,-0.251135,-0.008239,-0.115520,-0.189001,-0.008235,-0.123108,-0.235392
2026-05-25 15:47:17.386,12.299988,0.000000,0.000000,0.000000,-0.100906,-0.093999,-0.251405,0.057866,-0.086967,-0.250864,-0.021520,-0.090483,-0.251135,-0.008239,-0.115520,-0.189001,-0.008210,-0.122024,-0.235419
2026-05-25 15:47:17.486,12.399988,0.000000,0.000000,0.000000,-0.100789,-0.094956,-0.252082,0.057866,-0.086967,-0.250864,-0.021462,-0.090962,-0.251473,-0.008264,-0.116591,-0.189050,-0.008235,-0.123108,-0.235392
2026-05-25 15:47:17.586,12.499988,0.000000,0.000000,0.000000,-0.100789,-0.094956,-0.252082,0.057736,-0.088063,-0.250814,-0.021527,-0.091509,-0.251448,-0.008264,-0.116591,-0.189050,-0.008210,-0.122024,-0.235419
2026-05-25 15:47:17.686,12.599988,0.000000,0.000000,0.000000,-0.100906,-0.093999,-0.251405,0.057866,-0.086967,-0.250864,-0.021520,-0.090483,-0.251135,-0.008264,-0.116591,-0.189050,-0.008210,-0.122024,-0.235419
2026-05-25 15:47:17.786,12.699988,0.000000,0.000000,0.000000,-0.100906,-0.093999,-0.251405,0.057866,-0.086967,-0.250864,-0.021520,-0.090483,-0.251135,-0.008264,-0.116591,-0.189050,-0.008235,-0.123108,-0.235392
2026-05-25 15:47:17.886,12.799988,0.000000,0.000000,0.000000,-0.100784,-0.095073,-0.251354,0.057736,-0.088063,-0.250814,-0.021524,-0.091568,-0.251084,-0.008264,-0.116591,-0.189050,-0.008210,-0.122024,-0.235419
2026-05-25 15:47:17.986,12.899988,0.000000,0.000000,0.000000,-0.100784,-0.095073,-0.251354,0.057866,-0.086967,-0.250864,-0.021459,-0.091020,-0.251109,-0.008264,-0.116591,-0.189050,-0.008210,-0.122024,-0.235419
2026-05-25 15:47:18.086,12.999988,0.000000,0.000000,0.000000,-0.100784,-0.095073,-0.251354,0.057866,-0.086967,-0.250864,-0.021459,-0.091020,-0.251109,-0.008264,-0.116591,-0.189050,-0.008210,-0.122024,-0.235419
2026-05-25 15:47:18.186,13.099988,0.000000,0.000000,0.000000,-0.100789,-0.094956,-0.252082,0.057736,-0.088063,-0.250814,-0.021527,-0.091509,-0.251448,-0.007551,-0.116531,-0.189045,-0.008210,-0.122024,-0.235419
2026-05-25 15:47:18.286,13.199987,0.000000,0.000000,0.000000,-0.100906,-0.093999,-0.251405,0.057731,-0.087947,-0.251535,-0.021588,-0.090973,-0.251470,-0.008264,-0.116591,-0.189050,-0.008210,-0.122024,-0.235419
2026-05-25 15:47:18.386,13.299987,0.000000,0.000000,0.000000,-0.100906,-0.093999,-0.251405,0.057866,-0.086967,-0.250864,-0.021520,-0.090483,-0.251135,-0.008264,-0.116591,-0.189050,-0.008210,-0.122024,-0.235419
2026-05-25 15:47:18.486,13.399987,0.000000,0.000000,0.000000,-0.100789,-0.094956,-0.252082,0.057731,-0.087947,-0.251535,-0.021529,-0.091451,-0.251809,-0.008289,-0.117662,-0.189099,-0.008210,-0.122024,-0.235419
2026-05-25 15:47:18.586,13.499987,0.000000,0.000000,0.000000,-0.100911,-0.093881,-0.252134,0.057866,-0.086967,-0.250864,-0.021523,-0.090424,-0.251499,-0.008264,-0.116591,-0.189050,-0.008235,-0.123108,-0.235392
2026-05-25 15:47:18.686,13.599987,0.000000,0.000000,0.000000,-0.100911,-0.093881,-0.252134,0.057736,-0.088063,-0.250814,-0.021588,-0.090972,-0.251474,-0.008264,-0.116591,-0.189050,-0.008210,-0.122024,-0.235419
2026-05-25 15:47:18.786,13.699987,0.000000,0.000000,0.000000,-0.100906,-0.093999,-0.251405,0.057866,-0.086967,-0.250864,-0.021520,-0.090483,-0.251135,-0.008264,-0.116591,-0.189050,-0.008210,-0.122024,-0.235419
2026-05-25 15:47:18.886,13.799987,0.000000,0.000000,0.000000,-0.100906,-0.093999,-0.251405,0.057866,-0.086967,-0.250864,-0.021520,-0.090483,-0.251135,-0.008239,-0.115520,-0.189001,-0.008210,-0.122024,-0.235419
2026-05-25 15:47:18.986,13.899987,0.000000,0.000000,0.000000,-0.100906,-0.093999,-0.251405,0.057736,-0.088063,-0.250814,-0.021585,-0.091031,-0.251109,-0.008264,-0.116591,-0.189050,-0.008210,-0.122024,-0.235419
2026-05-25 15:47:19.086,13.999987,0.000000,0.000000,0.000000,-0.100784,-0.095073,-0.251354,0.057866,-0.086967,-0.250864,-0.021459,-0.091020,-0.251109,-0.007551,-0.116531,-0.189045,-0.008210,-0.122024,-0.235419
2026-05-25 15:47:19.186,14.099987,0.000000,0.000000,0.000000,-0.100789,-0.094956,-0.252082,0.057860,-0.086851,-0.251587,-0.021464,-0.090903,-0.251835,-0.007525,-0.115460,-0.188996,-0.008210,-0.122024,-0.235419
2026-05-25 15:47:19.286,14.199986,0.000000,0.000000,0.000000,-0.100911,-0.093881,-0.252134,0.057736,-0.088063,-0.250814,-0.021588,-0.090972,-0.251474,-0.008264,-0.116591,-0.189050,-0.008210,-0.122024,-0.235419
2026-05-25 15:47:19.386,14.299986,0.000000,0.000000,0.000000,-0.100789,-0.094956,-0.252082,0.057866,-0.086967,-0.250864,-0.021462,-0.090962,-0.251473,-0.008239,-0.115520,-0.189001,-0.008210,-0.122024,-0.235419
2026-05-25 15:47:19.486,14.399986,0.000000,0.000000,0.000000,-0.100789,-0.094956,-0.252082,0.057866,-0.086967,-0.250864,-0.021462,-0.090962,-0.251473,-0.008239,-0.115520,-0.189001,-0.008210,-0.122024,-0.235419
2026-05-25 15:47:19.586,14.499986,0.000000,0.000000,0.000000,-0.100789,-0.094956,-0.252082,0.057860,-0.086851,-0.251587,-0.021464,-0.090903,-0.251835,-0.008264,-0.116591,-0.189050,-0.008210,-0.122024,-0.235419
2026-05-25 15:47:19.686,14.599986,0.000000,0.000000,0.000000,-0.100789,-0.094956,-0.252082,0.057866,-0.086967,-0.250864,-0.021462,-0.090962,-0.251473,-0.008239,-0.115520,-0.189001,-0.008210,-0.122024,-0.235419
2026-05-25 15:47:19.786,14.699986,0.000000,0.000000,0.000000,-0.100789,-0.094956,-0.252082,0.057866,-0.086967,-0.250864,-0.021462,-0.090962,-0.251473,-0.008264,-0.116591,-0.189050,-0.008235,-0.123108,-0.235392
2026-05-25 15:47:19.886,14.799986,0.000000,0.000000,0.000000,-0.100784,-0.095073,-0.251354,0.057996,-0.085871,-0.250915,-0.021394,-0.090472,-0.251134,-0.008264,-0.116591,-0.189050,-0.008235,-0.123108,-0.235392
2026-05-25 15:47:19.986,14.899986,0.000000,0.000000,0.000000,-0.100789,-0.094956,-0.252082,0.057736,-0.088063,-0.250814,-0.021527,-0.091509,-0.251448,-0.008264,-0.116591,-0.189050,-0.008210,-0.122024,-0.235419
2026-05-25 15:47:20.086,14.999986,0.000000,0.000000,0.000000,-0.100906,-0.093999,-0.251405,0.057736,-0.088063,-0.250814,-0.021585,-0.091031,-0.251109,-0.008264,-0.116591,-0.189050,-0.008210,-0.122024,-0.235419
2026-05-25 15:47:20.186,15.099986,0.000000,0.000000,0.000000,-0.100789,-0.094956,-0.252082,0.057736,-0.088063,-0.250814,-0.021527,-0.091509,-0.251448,-0.008264,-0.116591,-0.189050,-0.008210,-0.122024,-0.235419
2026-05-25 15:47:20.286,15.199986,0.000000,0.000000,0.000000,-0.100784,-0.095073,-0.251354,0.057736,-0.088063,-0.250814,-0.021524,-0.091568,-0.251084,-0.008264,-0.116591,-0.189050,-0.008210,-0.122024,-0.235419
2026-05-25 15:47:20.386,15.299985,0.000000,0.000000,0.000000,-0.100784,-0.095073,-0.251354,0.057866,-0.086967,-0.250864,-0.021459,-0.091020,-0.251109,-0.008264,-0.116591,-0.189050,-0.008235,-0.123108,-0.235392
2026-05-25 15:47:20.486,15.399985,0.000000,0.000000,0.000000,-0.100789,-0.094956,-0.252082,0.057736,-0.088063,-0.250814,-0.021527,-0.091509,-0.251448,-0.007551,-0.116531,-0.189045,-0.008210,-0.122024,-0.235419
2026-05-25 15:47:20.586,15.499985,0.000000,0.000000,0.000000,-0.100784,-0.095073,-0.251354,0.057860,-0.086851,-0.251587,-0.021462,-0.090962,-0.251471,-0.008264,-0.116591,-0.189050,-0.008210,-0.122024,-0.235419
2026-05-25 15:47:20.686,15.599985,0.000000,0.000000,0.000000,-0.100906,-0.093999,-0.251405,0.057736,-0.088063,-0.250814,-0.021585,-0.091031,-0.251109,-0.008239,-0.115520,-0.189001,-0.008210,-0.122024,-0.235419
2026-05-25 15:47:20.786,15.699985,0.000000,0.000000,0.000000,-0.100784,-0.095073,-0.251354,0.057866,-0.086967,-0.250864,-0.021459,-0.091020,-0.251109,-0.008264,-0.116591,-0.189050,-0.008210,-0.122024,-0.235419
2026-05-25 15:47:20.886,15.799985,0.000000,0.000000,0.000000,-0.100789,-0.094956,-0.252082,0.057866,-0.086967,-0.250864,-0.021462,-0.090962,-0.251473,-0.008264,-0.116591,-0.189050,-0.008210,-0.122024,-0.235419
2026-05-25 15:47:20.986,15.899985,0.000000,0.000000,0.000000,-0.100911,-0.093881,-0.252134,0.057866,-0.086967,-0.250864,-0.021523,-0.090424,-0.251499,-0.008264,-0.116591,-0.189050,-0.008210,-0.122024,-0.235419
2026-05-25 15:47:21.086,15.999985,0.000000,0.000000,0.000000,-0.100911,-0.093881,-0.252134,0.057736,-0.088063,-0.250814,-0.021588,-0.090972,-0.251474,-0.008264,-0.116591,-0.189050,-0.008210,-0.122024,-0.235419
2026-05-25 15:47:21.186,16.099985,0.000000,0.000000,0.000000,-0.100789,-0.094956,-0.252082,0.057736,-0.088063,-0.250814,-0.021527,-0.091509,-0.251448,-0.008264,-0.116591,-0.189050,-0.008210,-0.122024,-0.235419
2026-05-25 15:47:21.286,16.199985,0.000000,0.000000,0.000000,-0.100784,-0.095073,-0.251354,0.057866,-0.086967,-0.250864,-0.021459,-0.091020,-0.251109,-0.008239,-0.115520,-0.189001,-0.008210,-0.122024,-0.235419
2026-05-25 15:47:21.386,16.299984,0.000000,0.000000,0.000000,-0.100789,-0.094956,-0.252082,0.057736,-0.088063,-0.250814,-0.021527,-0.091509,-0.251448,-0.008239,-0.115520,-0.189001,-0.008210,-0.122024,-0.235419
2026-05-25 15:47:21.486,16.399984,0.000000,0.000000,0.000000,-0.100789,-0.094956,-0.252082,0.057736,-0.088063,-0.250814,-0.021527,-0.091509,-0.251448,-0.008264,-0.116591,-0.189050,-0.008210,-0.122024,-0.235419
2026-05-25 15:47:21.586,16.499984,0.000000,0.000000,0.000000,-0.100906,-0.093999,-0.251405,0.057736,-0.088063,-0.250814,-0.021585,-0.091031,-0.251109,-0.008264,-0.116591,-0.189050,-0.008210,-0.122024,-0.235419
2026-05-25 15:47:21.686,16.599984,0.000000,0.000000,0.000000,-0.100911,-0.093881,-0.252134,0.057866,-0.086967,-0.250864,-0.021523,-0.090424,-0.251499,-0.008264,-0.116591,-0.189050,-0.008210,-0.122024,-0.235419
2026-05-25 15:47:21.786,16.699984,0.000000,0.000000,0.000000,-0.100784,-0.095073,-0.251354,0.057866,-0.086967,-0.250864,-0.021459,-0.091020,-0.251109,-0.008264,-0.116591,-0.189050,-0.008210,-0.122024,-0.235419
2026-05-25 15:47:21.886,16.799984,0.000000,0.000000,0.000000,-0.100911,-0.093881,-0.252134,0.057866,-0.086967,-0.250864,-0.021523,-0.090424,-0.251499,-0.008264,-0.116591,-0.189050,-0.008235,-0.123108,-0.235392
2026-05-25 15:47:21.986,16.899984,0.000000,0.000000,0.000000,-0.100906,-0.093999,-0.251405,0.057736,-0.088063,-0.250814,-0.021585,-0.091031,-0.251109,-0.007551,-0.116531,-0.189045,-0.008210,-0.122024,-0.235419
2026-05-25 15:47:22.086,16.999984,0.000000,0.000000,0.000000,-0.100789,-0.094956,-0.252082,0.057601,-0.089043,-0.251484,-0.021594,-0.091999,-0.251783,-0.008264,-0.116591,-0.189050,-0.008235,-0.123108,-0.235392
2026-05-25 15:47:22.186,17.099984,0.000000,0.000000,0.000000,-0.100789,-0.094956,-0.252082,0.057736,-0.088063,-0.250814,-0.021527,-0.091509,-0.251448,-0.008264,-0.116591,-0.189050,-0.008210,-0.122024,-0.235419
2026-05-25 15:47:22.286,17.199984,0.000000,0.000000,0.000000,-0.100789,-0.094956,-0.252082,0.057736,-0.088063,-0.250814,-0.021527,-0.091509,-0.251448,-0.008239,-0.115520,-0.189001,-0.008210,-0.122024,-0.235419
2026-05-25 15:47:22.386,17.299984,0.000000,0.000000,0.000000,-0.100784,-0.095073,-0.251354,0.057866,-0.086967,-0.250864,-0.021459,-0.091020,-0.251109,-0.008264,-0.116591,-0.189050,-0.008210,-0.122024,-0.235419
2026-05-25 15:47:22.486,17.399983,0.000000,0.000000,0.000000,-0.100906,-0.093999,-0.251405,0.057736,-0.088063,-0.250814,-0.021585,-0.091031,-0.251109,-0.008264,-0.116591,-0.189050,-0.008235,-0.123108,-0.235392
2026-05-25 15:47:22.586,17.499983,0.000000,0.000000,0.000000,-0.100789,-0.094956,-0.252082,0.057866,-0.086967,-0.250864,-0.021462,-0.090962,-0.251473,-0.008264,-0.116591,-0.189050,-0.008210,-0.122024,-0.235419
2026-05-25 15:47:22.686,17.599983,0.000000,0.000000,0.000000,-0.100911,-0.093881,-0.252134,0.057736,-0.088063,-0.250814,-0.021588,-0.090972,-0.251474,-0.008264,-0.116591,-0.189050,-0.008210,-0.122024,-0.235419
2026-05-25 15:47:22.786,17.699983,0.000000,0.000000,0.000000,-0.100906,-0.093999,-0.251405,0.057860,-0.086851,-0.251587,-0.021523,-0.090425,-0.251496,-0.008264,-0.116591,-0.189050,-0.008210,-0.122024,-0.235419
2026-05-25 15:47:22.886,17.799983,0.000000,0.000000,0.000000,-0.100911,-0.093881,-0.252134,0.057736,-0.088063,-0.250814,-0.021588,-0.090972,-0.251474,-0.008264,-0.116591,-0.189050,-0.008235,-0.123108,-0.235392
2026-05-25 15:47:22.986,17.899983,0.000000,0.000000,0.000000,-0.100789,-0.094956,-0.252082,0.057866,-0.086967,-0.250864,-0.021462,-0.090962,-0.251473,-0.008264,-0.116591,-0.189050,-0.008210,-0.122024,-0.235419
2026-05-25 15:47:23.086,17.999983,0.000000,0.000000,0.000000,-0.100789,-0.094956,-0.252082,0.057866,-0.086967,-0.250864,-0.021462,-0.090962,-0.251473,-0.008264,-0.116591,-0.189050,-0.008235,-0.123108,-0.235392
2026-05-25 15:47:23.186,18.099983,0.000000,0.000000,0.000000,-0.100906,-0.093999,-0.251405,0.057731,-0.087947,-0.251535,-0.021588,-0.090973,-0.251470,-0.007551,-0.116531,-0.189045,-0.008210,-0.122024,-0.235419
2026-05-25 15:47:23.286,18.199983,0.000000,0.000000,0.000000,-0.100789,-0.094956,-0.252082,0.057866,-0.086967,-0.250864,-0.021462,-0.090962,-0.251473,-0.008264,-0.116591,-0.189050,-0.008210,-0.122024,-0.235419
2026-05-25 15:47:23.386,18.299983,0.000000,0.000000,0.000000,-0.100906,-0.093999,-0.251405,0.057736,-0.088063,-0.250814,-0.021585,-0.091031,-0.251109,-0.008264,-0.116591,-0.189050,-0.008235,-0.123108,-0.235392
2026-05-25 15:47:23.486,18.399982,0.000000,0.000000,0.000000,-0.100784,-0.095073,-0.251354,0.057860,-0.086851,-0.251587,-0.021462,-0.090962,-0.251471,-0.008239,-0.115520,-0.189001,-0.008210,-0.122024,-0.235419
2026-05-25 15:47:23.586,18.499982,0.000000,0.000000,0.000000,-0.100784,-0.095073,-0.251354,0.057731,-0.087947,-0.251535,-0.021527,-0.091510,-0.251445,-0.008264,-0.116591,-0.189050,-0.008235,-0.123108,-0.235392
2026-05-25 15:47:23.686,18.599982,0.000000,0.000000,0.000000,-0.100789,-0.094956,-0.252082,0.057736,-0.088063,-0.250814,-0.021527,-0.091509,-0.251448,-0.008264,-0.116591,-0.189050,-0.008210,-0.122024,-0.235419
2026-05-25 15:47:23.786,18.699982,0.000000,0.000000,0.000000,-0.100906,-0.093999,-0.251405,0.057860,-0.086851,-0.251587,-0.021523,-0.090425,-0.251496,-0.008264,-0.116591,-0.189050,-0.008210,-0.122024,-0.235419
2026-05-25 15:47:23.886,18.799982,0.000000,0.000000,0.000000,-0.100789,-0.094956,-0.252082,0.057736,-0.088063,-0.250814,-0.021527,-0.091509,-0.251448,-0.008264,-0.116591,-0.189050,-0.008210,-0.122024,-0.235419
2026-05-25 15:47:23.986,18.899982,0.000000,0.000000,0.000000,-0.100906,-0.093999,-0.251405,0.057736,-0.088063,-0.250814,-0.021585,-0.091031,-0.251109,-0.008264,-0.116591,-0.189050,-0.008210,-0.122024,-0.235419
2026-05-25 15:47:24.086,18.999982,0.000000,0.000000,0.000000,-0.100789,-0.094956,-0.252082,0.057731,-0.087947,-0.251535,-0.021529,-0.091451,-0.251809,-0.008264,-0.116591,-0.189050,-0.008210,-0.122024,-0.235419
2026-05-25 15:47:24.186,19.099982,0.000000,0.000000,0.000000,-0.100911,-0.093881,-0.252134,0.057731,-0.087947,-0.251535,-0.021590,-0.090914,-0.251835,-0.008264,-0.116591,-0.189050,-0.008210,-0.122024,-0.235419
2026-05-25 15:47:24.286,19.199982,0.000000,0.000000,0.000000,-0.100784,-0.095073,-0.251354,0.057731,-0.087947,-0.251535,-0.021527,-0.091510,-0.251445,-0.008264,-0.116591,-0.189050,-0.008210,-0.122024,-0.235419
2026-05-25 15:47:24.386,19.299982,0.000000,0.000000,0.000000,-0.100789,-0.094956,-0.252082,0.057736,-0.088063,-0.250814,-0.021527,-0.091509,-0.251448,-0.008264,-0.116591,-0.189050,-0.008184,-0.120941,-0.235446
2026-05-25 15:47:24.486,19.399981,0.000000,0.000000,0.000000,-0.100784,-0.095073,-0.251354,0.057860,-0.086851,-0.251587,-0.021462,-0.090962,-0.251471,-0.008264,-0.116591,-0.189050,-0.008235,-0.123108,-0.235392
2026-05-25 15:47:24.586,19.499981,0.000000,0.000000,0.000000,-0.100784,-0.095073,-0.251354,0.057860,-0.086851,-0.251587,-0.021462,-0.090962,-0.251471,-0.008264,-0.116591,-0.189050,-0.008210,-0.122024,-0.235419
2026-05-25 15:47:24.686,19.599981,0.000000,0.000000,0.000000,-0.100784,-0.095073,-0.251354,0.057731,-0.087947,-0.251535,-0.021527,-0.091510,-0.251445,-0.008289,-0.117662,-0.189099,-0.008210,-0.122024,-0.235419
2026-05-25 15:47:24.786,19.699981,0.000000,0.000000,0.000000,-0.100784,-0.095073,-0.251354,0.057731,-0.087947,-0.251535,-0.021527,-0.091510,-0.251445,-0.008264,-0.116591,-0.189050,-0.008235,-0.123108,-0.235392
2026-05-25 15:47:24.886,19.799981,0.000000,0.000000,0.000000,-0.100789,-0.094956,-0.252082,0.057860,-0.086851,-0.251587,-0.021464,-0.090903,-0.251835,-0.008264,-0.116591,-0.189050,-0.008184,-0.120941,-0.235446
2026-05-25 15:47:24.986,19.899981,0.000000,0.000000,0.000000,-0.100789,-0.094956,-0.252082,0.057731,-0.087947,-0.251535,-0.021529,-0.091451,-0.251809,-0.008264,-0.116591,-0.189050,-0.008210,-0.122024,-0.235419
2026-05-25 15:47:25.086,19.999981,0.000000,0.000000,0.000000,-0.100789,-0.094956,-0.252082,0.057731,-0.087947,-0.251535,-0.021529,-0.091451,-0.251809,-0.008264,-0.116591,-0.189050,-0.008210,-0.122024,-0.235419
2026-05-25 15:47:25.186,20.099981,0.000000,0.000000,0.000000,-0.100911,-0.093881,-0.252134,0.057866,-0.086967,-0.250864,-0.021523,-0.090424,-0.251499,-0.008264,-0.116591,-0.189050,-0.008210,-0.122024,-0.235419
2026-05-25 15:47:25.286,20.199981,0.000000,0.000000,0.000000,-0.100789,-0.094956,-0.252082,0.057731,-0.087947,-0.251535,-0.021529,-0.091451,-0.251809,-0.008264,-0.116591,-0.189050,-0.008210,-0.122024,-0.235419
2026-05-25 15:47:25.386,20.299981,0.000000,0.000000,0.000000,-0.100789,-0.094956,-0.252082,0.057736,-0.088063,-0.250814,-0.021527,-0.091509,-0.251448,-0.008277,-0.117126,-0.189074,-0.008235,-0.123108,-0.235392
2026-05-25 15:47:25.486,20.399981,0.000000,0.000000,0.000000,-0.100789,-0.094956,-0.252082,0.057731,-0.087947,-0.251535,-0.021529,-0.091451,-0.251809,-0.008289,-0.117662,-0.189099,-0.008235,-0.123108,-0.235392
2026-05-25 15:47:25.586,20.499980,0.000000,0.000000,0.000000,-0.100789,-0.094956,-0.252082,0.057736,-0.088063,-0.250814,-0.021527,-0.091509,-0.251448,-0.008239,-0.115520,-0.189001,-0.008210,-0.122024,-0.235419
2026-05-25 15:47:25.686,20.599980,0.000000,0.000000,0.000000,-0.100789,-0.094956,-0.252082,0.057731,-0.087947,-0.251535,-0.021529,-0.091451,-0.251809,-0.008264,-0.116591,-0.189050,-0.008210,-0.122024,-0.235419
2026-05-25 15:47:25.786,20.699980,0.000000,0.000000,0.000000,-0.100789,-0.094956,-0.252082,0.057866,-0.086967,-0.250864,-0.021462,-0.090962,-0.251473,-0.008264,-0.116591,-0.189050,-0.008210,-0.122024,-0.235419
2026-05-25 15:47:25.886,20.799980,0.000000,0.000000,0.000000,-0.100911,-0.093881,-0.252134,0.057736,-0.088063,-0.250814,-0.021588,-0.090972,-0.251474,-0.008289,-0.117662,-0.189099,-0.008210,-0.122024,-0.235419
2026-05-25 15:47:25.986,20.899980,0.000000,0.000000,0.000000,-0.100906,-0.093999,-0.251405,0.057866,-0.086967,-0.250864,-0.021520,-0.090483,-0.251135,-0.008264,-0.116591,-0.189050,-0.008210,-0.122024,-0.235419
2026-05-25 15:47:26.086,20.999980,0.000000,0.000000,0.000000,-0.100911,-0.093881,-0.252134,0.057731,-0.087947,-0.251535,-0.021590,-0.090914,-0.251835,-0.008264,-0.116591,-0.189050,-0.008197,-0.121483,-0.235432
2026-05-25 15:47:26.186,21.099980,0.000000,0.000000,0.000000,-0.100789,-0.094956,-0.252082,0.057731,-0.087947,-0.251535,-0.021529,-0.091451,-0.251809,-0.008264,-0.116591,-0.189050,-0.008210,-0.122024,-0.235419
2026-05-25 15:47:26.286,21.199980,0.000000,0.000000,0.000000,-0.100911,-0.093881,-0.252134,0.057731,-0.087947,-0.251535,-0.021590,-0.090914,-0.251835,-0.008264,-0.116591,-0.189050,-0.008210,-0.122024,-0.235419
2026-05-25 15:47:26.386,21.299980,0.000000,0.000000,0.000000,-0.100789,-0.094956,-0.252082,0.057736,-0.088063,-0.250814,-0.021527,-0.091509,-0.251448,-0.008264,-0.116591,-0.189050,-0.008223,-0.122566,-0.235405
2026-05-25 15:47:26.486,21.399980,0.000000,0.000000,0.000000,-0.100906,-0.093999,-0.251405,0.057736,-0.088063,-0.250814,-0.021585,-0.091031,-0.251109,-0.008264,-0.116591,-0.189050,-0.008210,-0.122024,-0.235419
2026-05-25 15:47:26.586,21.499979,0.000000,0.000000,0.000000,-0.100789,-0.094956,-0.252082,0.057866,-0.086967,-0.250864,-0.021462,-0.090962,-0.251473,-0.008264,-0.116591,-0.189050,-0.008210,-0.122024,-0.235419
2026-05-25 15:47:26.686,21.599979,0.000000,0.000000,0.000000,-0.100789,-0.094956,-0.252082,0.057866,-0.086967,-0.250864,-0.021462,-0.090962,-0.251473,-0.008264,-0.116591,-0.189050,-0.008235,-0.123108,-0.235392
2026-05-25 15:47:26.786,21.699979,0.000000,0.000000,0.000000,-0.100789,-0.094956,-0.252082,0.057866,-0.086967,-0.250864,-0.021462,-0.090962,-0.251473,-0.008264,-0.116591,-0.189050,-0.008210,-0.122024,-0.235419
2026-05-25 15:47:26.886,21.799979,0.000000,0.000000,0.000000,-0.100789,-0.094956,-0.252082,0.057866,-0.086967,-0.250864,-0.021462,-0.090962,-0.251473,-0.008264,-0.116591,-0.189050,-0.008210,-0.122024,-0.235419
2026-05-25 15:47:26.986,21.899979,0.000000,0.000000,0.000000,-0.100784,-0.095073,-0.251354,0.057736,-0.088063,-0.250814,-0.021524,-0.091568,-0.251084,-0.008264,-0.116591,-0.189050,-0.008235,-0.123108,-0.235392
2026-05-25 15:47:27.086,21.999979,0.000000,0.000000,0.000000,-0.100911,-0.093881,-0.252134,0.057860,-0.086851,-0.251587,-0.021525,-0.090366,-0.251861,-0.008289,-0.117662,-0.189099,-0.008210,-0.122024,-0.235419
2026-05-25 15:47:27.186,22.099979,0.000000,0.000000,0.000000,-0.100911,-0.093881,-0.252134,0.057860,-0.086851,-0.251587,-0.021525,-0.090366,-0.251861,-0.008264,-0.116591,-0.189050,-0.008235,-0.123108,-0.235392
2026-05-25 15:47:27.286,22.199979,0.000000,0.000000,0.000000,-0.100789,-0.094956,-0.252082,0.057736,-0.088063,-0.250814,-0.021527,-0.091509,-0.251448,-0.008264,-0.116591,-0.189050,-0.008210,-0.122024,-0.235419
2026-05-25 15:47:27.386,22.299979,0.000000,0.000000,0.000000,-0.100789,-0.094956,-0.252082,0.057866,-0.086967,-0.250864,-0.021462,-0.090962,-0.251473,-0.008289,-0.117662,-0.189099,-0.008210,-0.122024,-0.235419
2026-05-25 15:47:27.486,22.399979,0.000000,0.000000,0.000000,-0.100906,-0.093999,-0.251405,0.057731,-0.087947,-0.251535,-0.021588,-0.090973,-0.251470,-0.008264,-0.116591,-0.189050,-0.008235,-0.123108,-0.235392
2026-05-25 15:47:27.586,22.499979,0.000000,0.000000,0.000000,-0.100789,-0.094956,-0.252082,0.057731,-0.087947,-0.251535,-0.021529,-0.091451,-0.251809,-0.008239,-0.115520,-0.189001,-0.008235,-0.123108,-0.235392
2026-05-25 15:47:27.686,22.599978,0.000000,0.000000,0.000000,-0.100911,-0.093881,-0.252134,0.057731,-0.087947,-0.251535,-0.021590,-0.090914,-0.251835,-0.008264,-0.116591,-0.189050,-0.008210,-0.122024,-0.235419
2026-05-25 15:47:27.786,22.699978,0.000000,0.000000,0.000000,-0.100911,-0.093881,-0.252134,0.057736,-0.088063,-0.250814,-0.021588,-0.090972,-0.251474,-0.008264,-0.116591,-0.189050,-0.008235,-0.123108,-0.235392
2026-05-25 15:47:27.886,22.799978,0.000000,0.000000,0.000000,-0.100906,-0.093999,-0.251405,0.057860,-0.086851,-0.251587,-0.021523,-0.090425,-0.251496,-0.007525,-0.115460,-0.188996,-0.008210,-0.122024,-0.235419
2026-05-25 15:47:27.986,22.899978,0.000000,0.000000,0.000000,-0.100789,-0.094956,-0.252082,0.057860,-0.086851,-0.251587,-0.021464,-0.090903,-0.251835,-0.008289,-0.117662,-0.189099,-0.008210,-0.122024,-0.235419
2026-05-25 15:47:28.086,22.999978,0.000000,0.000000,0.000000,-0.100911,-0.093881,-0.252134,0.057736,-0.088063,-0.250814,-0.021588,-0.090972,-0.251474,-0.008264,-0.116591,-0.189050,-0.008235,-0.123108,-0.235392
2026-05-25 15:47:28.186,23.099978,0.000000,0.000000,0.000000,-0.100784,-0.095073,-0.251354,0.057731,-0.087947,-0.251535,-0.021527,-0.091510,-0.251445,-0.008264,-0.116591,-0.189050,-0.008210,-0.122024,-0.235419
2026-05-25 15:47:28.286,23.199978,0.000000,0.000000,0.000000,-0.100784,-0.095073,-0.251354,0.057731,-0.087947,-0.251535,-0.021527,-0.091510,-0.251445,-0.008264,-0.116591,-0.189050,-0.008210,-0.122024,-0.235419
2026-05-25 15:47:28.386,23.299978,0.000000,0.000000,0.000000,-0.100789,-0.094956,-0.252082,0.057736,-0.088063,-0.250814,-0.021527,-0.091509,-0.251448,-0.008264,-0.116591,-0.189050,-0.008210,-0.122024,-0.235419
2026-05-25 15:47:28.486,23.399978,0.000000,0.000000,0.000000,-0.100911,-0.093881,-0.252134,0.057860,-0.086851,-0.251587,-0.021525,-0.090366,-0.251861,-0.008264,-0.116591,-0.189050,-0.008210,-0.122024,-0.235419
2026-05-25 15:47:28.586,23.499978,0.000000,0.000000,0.000000,-0.100789,-0.094956,-0.252082,0.057731,-0.087947,-0.251535,-0.021529,-0.091451,-0.251809,-0.008264,-0.116591,-0.189050,-0.008210,-0.122024,-0.235419
2026-05-25 15:47:28.686,23.599977,0.000000,0.000000,0.000000,-0.100911,-0.093881,-0.252134,0.057736,-0.088063,-0.250814,-0.021588,-0.090972,-0.251474,-0.008264,-0.116591,-0.189050,-0.008210,-0.122024,-0.235419
2026-05-25 15:47:28.786,23.699977,0.000000,0.000000,0.000000,-0.100906,-0.093999,-0.251405,0.057866,-0.086967,-0.250864,-0.021520,-0.090483,-0.251135,-0.008264,-0.116591,-0.189050,-0.008235,-0.123108,-0.235392
2026-05-25 15:47:28.886,23.799977,0.000000,0.000000,0.000000,-0.100911,-0.093881,-0.252134,0.057866,-0.086967,-0.250864,-0.021523,-0.090424,-0.251499,-0.008289,-0.117662,-0.189099,-0.008210,-0.122024,-0.235419
2026-05-25 15:47:28.986,23.899977,0.000000,0.000000,0.000000,-0.100911,-0.093881,-0.252134,0.057860,-0.086851,-0.251587,-0.021525,-0.090366,-0.251861,-0.008289,-0.117662,-0.189099,-0.008235,-0.123108,-0.235392
2026-05-25 15:47:29.086,23.999977,0.000000,0.000000,0.000000,-0.100906,-0.093999,-0.251405,0.057866,-0.086967,-0.250864,-0.021520,-0.090483,-0.251135,-0.008264,-0.116591,-0.189050,-0.008210,-0.122024,-0.235419
2026-05-25 15:47:29.186,24.099977,0.000000,0.000000,0.000000,-0.100789,-0.094956,-0.252082,0.057866,-0.086967,-0.250864,-0.021462,-0.090962,-0.251473,-0.008264,-0.116591,-0.189050,-0.008210,-0.122024,-0.235419
2026-05-25 15:47:29.286,24.199977,0.000000,0.000000,0.000000,-0.100789,-0.094956,-0.252082,0.057731,-0.087947,-0.251535,-0.021529,-0.091451,-0.251809,-0.008239,-0.115520,-0.189001,-0.008210,-0.122024,-0.235419
2026-05-25 15:47:29.386,24.299977,0.000000,0.000000,0.000000,-0.100789,-0.094956,-0.252082,0.057866,-0.086967,-0.250864,-0.021462,-0.090962,-0.251473,-0.008239,-0.115520,-0.189001,-0.008210,-0.122024,-0.235419
2026-05-25 15:47:29.486,24.399977,0.000000,0.000000,0.000000,-0.100784,-0.095073,-0.251354,0.057736,-0.088063,-0.250814,-0.021524,-0.091568,-0.251084,-0.008264,-0.116591,-0.189050,-0.008235,-0.123108,-0.235392
2026-05-25 15:47:29.586,24.499977,0.000000,0.000000,0.000000,-0.100911,-0.093881,-0.252134,0.057736,-0.088063,-0.250814,-0.021588,-0.090972,-0.251474,-0.008264,-0.116591,-0.189050,-0.008235,-0.123108,-0.235392
2026-05-25 15:47:29.686,24.599977,0.000000,0.000000,0.000000,-0.100911,-0.093881,-0.252134,0.057860,-0.086851,-0.251587,-0.021525,-0.090366,-0.251861,-0.008289,-0.117662,-0.189099,-0.008210,-0.122024,-0.235419
2026-05-25 15:47:29.786,24.699976,0.000000,0.000000,0.000000,-0.100906,-0.093999,-0.251405,0.057731,-0.087947,-0.251535,-0.021588,-0.090973,-0.251470,-0.008264,-0.116591,-0.189050,-0.008223,-0.122566,-0.235405
2026-05-25 15:47:29.886,24.799976,0.000000,0.000000,0.000000,-0.100789,-0.094956,-0.252082,0.057731,-0.087947,-0.251535,-0.021529,-0.091451,-0.251809,-0.008264,-0.116591,-0.189050,-0.008210,-0.122024,-0.235419
2026-05-25 15:47:29.986,24.899976,0.000000,0.000000,0.000000,-0.100911,-0.093881,-0.252134,0.057866,-0.086967,-0.250864,-0.021523,-0.090424,-0.251499,-0.007525,-0.115460,-0.188996,-0.008210,-0.122024,-0.235419
2026-05-25 15:47:30.086,24.999976,0.000000,0.000000,0.000000,-0.100667,-0.096031,-0.252030,0.057866,-0.086967,-0.250864,-0.021401,-0.091499,-0.251447,-0.008264,-0.116591,-0.189050,-0.008210,-0.122024,-0.235419
2026-05-25 15:47:30.186,25.099976,0.000000,0.000000,0.000000,-0.100789,-0.094956,-0.252082,0.057860,-0.086851,-0.251587,-0.021464,-0.090903,-0.251835,-0.008264,-0.116591,-0.189050,-0.008210,-0.122024,-0.235419
2026-05-25 15:47:30.286,25.199976,0.000000,0.000000,0.000000,-0.100911,-0.093881,-0.252134,0.057866,-0.086967,-0.250864,-0.021523,-0.090424,-0.251499,-0.008264,-0.116591,-0.189050,-0.008235,-0.123108,-0.235392
2026-05-25 15:47:30.386,25.299976,0.000000,0.000000,0.000000,-0.100789,-0.094956,-0.252082,0.057736,-0.088063,-0.250814,-0.021527,-0.091509,-0.251448,-0.008264,-0.116591,-0.189050,-0.008210,-0.122024,-0.235419
2026-05-25 15:47:30.486,25.399976,0.000000,0.000000,0.000000,-0.100784,-0.095073,-0.251354,0.057736,-0.088063,-0.250814,-0.021524,-0.091568,-0.251084,-0.008264,-0.116591,-0.189050,-0.008210,-0.122024,-0.235419
2026-05-25 15:47:30.586,25.499976,0.000000,0.000000,0.000000,-0.101033,-0.092807,-0.252186,0.057731,-0.087947,-0.251535,-0.021651,-0.090377,-0.251861,-0.008264,-0.116591,-0.189050,-0.008210,-0.122024,-0.235419
2026-05-25 15:47:30.686,25.599976,0.000000,0.000000,0.000000,-0.100911,-0.093881,-0.252134,0.057866,-0.086967,-0.250864,-0.021523,-0.090424,-0.251499,-0.008264,-0.116591,-0.189050,-0.008210,-0.122024,-0.235419
2026-05-25 15:47:30.786,25.699975,0.000000,0.000000,0.000000,-0.100911,-0.093881,-0.252134,0.057736,-0.088063,-0.250814,-0.021588,-0.090972,-0.251474,-0.008264,-0.116591,-0.189050,-0.008210,-0.122024,-0.235419
2026-05-25 15:47:30.886,25.799975,0.000000,0.000000,0.000000,-0.100789,-0.094956,-0.252082,0.057860,-0.086851,-0.251587,-0.021464,-0.090903,-0.251835,-0.008264,-0.116591,-0.189050,-0.008210,-0.122024,-0.235419
2026-05-25 15:47:30.986,25.899975,0.000000,0.000000,0.000000,-0.100789,-0.094956,-0.252082,0.057731,-0.087947,-0.251535,-0.021529,-0.091451,-0.251809,-0.008239,-0.115520,-0.189001,-0.008210,-0.122024,-0.235419
2026-05-25 15:47:31.086,25.999975,0.000000,0.000000,0.000000,-0.100789,-0.094956,-0.252082,0.057731,-0.087947,-0.251535,-0.021529,-0.091451,-0.251809,-0.008264,-0.116591,-0.189050,-0.008235,-0.123108,-0.235392
2026-05-25 15:47:31.186,26.099975,0.000000,0.000000,0.000000,-0.100911,-0.093881,-0.252134,0.057736,-0.088063,-0.250814,-0.021588,-0.090972,-0.251474,-0.008239,-0.115520,-0.189001,-0.008235,-0.123108,-0.235392
2026-05-25 15:47:31.286,26.199975,0.000000,0.000000,0.000000,-0.100911,-0.093881,-0.252134,0.057996,-0.085871,-0.250915,-0.021458,-0.089876,-0.251525,-0.008289,-0.117662,-0.189099,-0.008210,-0.122024,-0.235419
2026-05-25 15:47:31.386,26.299975,0.000000,0.000000,0.000000,-0.100789,-0.094956,-0.252082,0.057866,-0.086967,-0.250864,-0.021462,-0.090962,-0.251473,-0.008264,-0.116591,-0.189050,-0.008210,-0.122024,-0.235419
2026-05-25 15:47:31.486,26.399975,0.000000,0.000000,0.000000,-0.100789,-0.094956,-0.252082,0.057731,-0.087947,-0.251535,-0.021529,-0.091451,-0.251809,-0.008264,-0.116591,-0.189050,-0.008210,-0.122024,-0.235419
2026-05-25 15:47:31.586,26.499975,0.000000,0.000000,0.000000,-0.100789,-0.094956,-0.252082,0.057731,-0.087947,-0.251535,-0.021529,-0.091451,-0.251809,-0.008264,-0.116591,-0.189050,-0.008235,-0.123108,-0.235392
2026-05-25 15:47:31.686,26.599975,0.000000,0.000000,0.000000,-0.100911,-0.093881,-0.252134,0.057731,-0.087947,-0.251535,-0.021590,-0.090914,-0.251835,-0.008264,-0.116591,-0.189050,-0.008210,-0.122024,-0.235419
2026-05-25 15:47:31.786,26.699975,0.000000,0.000000,0.000000,-0.100911,-0.093881,-0.252134,0.057860,-0.086851,-0.251587,-0.021525,-0.090366,-0.251861,-0.008264,-0.116591,-0.189050,-0.008223,-0.122566,-0.235405
2026-05-25 15:47:31.886,26.799974,0.000000,0.000000,0.000000,-0.100911,-0.093881,-0.252134,0.057731,-0.087947,-0.251535,-0.021590,-0.090914,-0.251835,-0.008264,-0.116591,-0.189050,-0.008210,-0.122024,-0.235419
2026-05-25 15:47:31.986,26.899974,0.000000,0.000000,0.000000,-0.100789,-0.094956,-0.252082,0.057731,-0.087947,-0.251535,-0.021529,-0.091451,-0.251809,-0.008264,-0.116591,-0.189050,-0.008210,-0.122024,-0.235419
2026-05-25 15:47:32.086,26.999974,0.000000,0.000000,0.000000,-0.100789,-0.094956,-0.252082,0.057866,-0.086967,-0.250864,-0.021462,-0.090962,-0.251473,-0.008264,-0.116591,-0.189050,-0.008210,-0.122024,-0.235419
2026-05-25 15:47:32.186,27.099974,0.000000,0.000000,0.000000,-0.100911,-0.093881,-0.252134,0.057736,-0.088063,-0.250814,-0.021588,-0.090972,-0.251474,-0.008264,-0.116591,-0.189050,-0.008210,-0.122024,-0.235419
2026-05-25 15:47:32.286,27.199974,0.000000,0.000000,0.000000,-0.100789,-0.094956,-0.252082,0.057866,-0.086967,-0.250864,-0.021462,-0.090962,-0.251473,-0.008264,-0.116591,-0.189050,-0.008210,-0.122024,-0.235419
2026-05-25 15:47:32.386,27.299974,0.000000,0.000000,0.000000,-0.100789,-0.094956,-0.252082,0.057731,-0.087947,-0.251535,-0.021529,-0.091451,-0.251809,-0.008264,-0.116591,-0.189050,-0.008210,-0.122024,-0.235419
2026-05-25 15:47:32.486,27.399974,0.000000,0.000000,0.000000,-0.100911,-0.093881,-0.252134,0.057866,-0.086967,-0.250864,-0.021523,-0.090424,-0.251499,-0.008264,-0.116591,-0.189050,-0.008210,-0.122024,-0.235419
2026-05-25 15:47:32.586,27.499974,0.000000,0.000000,0.000000,-0.100789,-0.094956,-0.252082,0.057736,-0.088063,-0.250814,-0.021527,-0.091509,-0.251448,-0.008264,-0.116591,-0.189050,-0.008210,-0.122024,-0.235419
2026-05-25 15:47:32.686,27.599974,0.000000,0.000000,0.000000,-0.100911,-0.093881,-0.252134,0.057736,-0.088063,-0.250814,-0.021588,-0.090972,-0.251474,-0.008264,-0.116591,-0.189050,-0.008210,-0.122024,-0.235419
2026-05-25 15:47:32.786,27.699974,0.000000,0.000000,0.000000,-0.100789,-0.094956,-0.252082,0.057860,-0.086851,-0.251587,-0.021464,-0.090903,-0.251835,-0.008264,-0.116591,-0.189050,-0.008210,-0.122024,-0.235419
2026-05-25 15:47:32.886,27.799973,0.000000,0.000000,0.000000,-0.100911,-0.093881,-0.252134,0.057731,-0.087947,-0.251535,-0.021590,-0.090914,-0.251835,-0.008264,-0.116591,-0.189050,-0.008210,-0.122024,-0.235419
2026-05-25 15:47:32.986,27.899973,0.000000,0.000000,0.000000,-0.100789,-0.094956,-0.252082,0.057736,-0.088063,-0.250814,-0.021527,-0.091509,-0.251448,-0.008239,-0.115520,-0.189001,-0.008235,-0.123108,-0.235392
2026-05-25 15:47:33.086,27.999973,0.000000,0.000000,0.000000,-0.100789,-0.094956,-0.252082,0.057860,-0.086851,-0.251587,-0.021464,-0.090903,-0.251835,-0.008289,-0.117662,-0.189099,-0.008210,-0.122024,-0.235419
2026-05-25 15:47:33.186,28.099973,0.000000,0.000000,0.000000,-0.100911,-0.093881,-0.252134,0.057860,-0.086851,-0.251587,-0.021525,-0.090366,-0.251861,-0.008264,-0.116591,-0.189050,-0.008210,-0.122024,-0.235419
2026-05-25 15:47:33.286,28.199973,0.000000,0.000000,0.000000,-0.100911,-0.093881,-0.252134,0.057860,-0.086851,-0.251587,-0.021525,-0.090366,-0.251861,-0.008264,-0.116591,-0.189050,-0.008210,-0.122024,-0.235419
2026-05-25 15:47:33.386,28.299973,0.000000,0.000000,0.000000,-0.100911,-0.093881,-0.252134,0.057731,-0.087947,-0.251535,-0.021590,-0.090914,-0.251835,-0.008264,-0.116591,-0.189050,-0.008210,-0.122024,-0.235419
2026-05-25 15:47:33.486,28.399973,0.000000,0.000000,0.000000,-0.100911,-0.093881,-0.252134,0.057736,-0.088063,-0.250814,-0.021588,-0.090972,-0.251474,-0.008264,-0.116591,-0.189050,-0.008235,-0.123108,-0.235392
2026-05-25 15:47:33.586,28.499973,0.000000,0.000000,0.000000,-0.100784,-0.095073,-0.251354,0.057731,-0.087947,-0.251535,-0.021527,-0.091510,-0.251445,-0.008264,-0.116591,-0.189050,-0.008210,-0.122024,-0.235419
2026-05-25 15:47:33.686,28.599973,0.000000,0.000000,0.000000,-0.100911,-0.093881,-0.252134,0.057736,-0.088063,-0.250814,-0.021588,-0.090972,-0.251474,-0.008264,-0.116591,-0.189050,-0.008210,-0.122024,-0.235419
2026-05-25 15:47:33.786,28.699973,0.000000,0.000000,0.000000,-0.100789,-0.094956,-0.252082,0.057731,-0.087947,-0.251535,-0.021529,-0.091451,-0.251809,-0.008264,-0.116591,-0.189050,-0.008210,-0.122024,-0.235419
2026-05-25 15:47:33.886,28.799973,0.000000,0.000000,0.000000,-0.100911,-0.093881,-0.252134,0.057731,-0.087947,-0.251535,-0.021590,-0.090914,-0.251835,-0.008239,-0.115520,-0.189001,-0.008210,-0.122024,-0.235419
2026-05-25 15:47:33.986,28.899972,0.000000,0.000000,0.000000,-0.100789,-0.094956,-0.252082,0.057736,-0.088063,-0.250814,-0.021527,-0.091509,-0.251448,-0.008264,-0.116591,-0.189050,-0.008235,-0.123108,-0.235392
2026-05-25 15:47:34.086,28.999972,0.000000,0.000000,0.000000,-0.100789,-0.094956,-0.252082,0.057736,-0.088063,-0.250814,-0.021527,-0.091509,-0.251448,-0.008264,-0.116591,-0.189050,-0.008210,-0.122024,-0.235419
2026-05-25 15:47:34.186,29.099972,0.000000,0.000000,0.000000,-0.100911,-0.093881,-0.252134,0.057731,-0.087947,-0.251535,-0.021590,-0.090914,-0.251835,-0.008264,-0.116591,-0.189050,-0.008235,-0.123108,-0.235392
2026-05-25 15:47:34.286,29.199972,0.000000,0.000000,0.000000,-0.100789,-0.094956,-0.252082,0.057860,-0.086851,-0.251587,-0.021464,-0.090903,-0.251835,-0.008264,-0.116591,-0.189050,-0.008210,-0.122024,-0.235419
2026-05-25 15:47:34.386,29.299972,0.000000,0.000000,0.000000,-0.100789,-0.094956,-0.252082,0.057736,-0.088063,-0.250814,-0.021527,-0.091509,-0.251448,-0.008264,-0.116591,-0.189050,-0.008235,-0.123108,-0.235392
2026-05-25 15:47:34.486,29.399972,0.000000,0.000000,0.000000,-0.100789,-0.094956,-0.252082,0.057860,-0.086851,-0.251587,-0.021464,-0.090903,-0.251835,-0.008264,-0.116591,-0.189050,-0.008210,-0.122024,-0.235419
2026-05-25 15:47:34.586,29.499972,0.000000,0.000000,0.000000,-0.100906,-0.093999,-0.251405,0.057860,-0.086851,-0.251587,-0.021523,-0.090425,-0.251496,-0.008239,-0.115520,-0.189001,-0.008210,-0.122024,-0.235419
2026-05-25 15:47:34.686,29.599972,0.000000,0.000000,0.000000,-0.100789,-0.094956,-0.252082,0.057731,-0.087947,-0.251535,-0.021529,-0.091451,-0.251809,-0.008264,-0.116591,-0.189050,-0.008210,-0.122024,-0.235419
2026-05-25 15:47:34.786,29.699972,0.000000,0.000000,0.000000,-0.100911,-0.093881,-0.252134,0.057860,-0.086851,-0.251587,-0.021525,-0.090366,-0.251861,-0.008264,-0.116591,-0.189050,-0.008210,-0.122024,-0.235419
2026-05-25 15:47:34.886,29.799972,0.000000,0.000000,0.000000,-0.100789,-0.094956,-0.252082,0.057731,-0.087947,-0.251535,-0.021529,-0.091451,-0.251809,-0.008264,-0.116591,-0.189050,-0.008235,-0.123108,-0.235392
2026-05-25 15:47:34.986,29.899971,0.000000,0.000000,0.000000,-0.100789,-0.094956,-0.252082,0.057860,-0.086851,-0.251587,-0.021464,-0.090903,-0.251835,-0.008264,-0.116591,-0.189050,-0.008235,-0.123108,-0.235392
2026-05-25 15:47:35.086,29.999971,0.000000,0.000000,0.000000,-0.100789,-0.094956,-0.252082,0.057736,-0.088063,-0.250814,-0.021527,-0.091509,-0.251448,-0.008264,-0.116591,-0.189050,-0.008210,-0.122024,-0.235419
2026-05-25 15:47:35.186,30.099971,0.000000,0.000000,0.000000,-0.100789,-0.094956,-0.252082,0.057860,-0.086851,-0.251587,-0.021464,-0.090903,-0.251835,-0.008289,-0.117662,-0.189099,-0.008210,-0.122024,-0.235419
2026-05-25 15:47:35.286,30.199971,0.000000,0.000000,0.000000,-0.100789,-0.094956,-0.252082,0.057731,-0.087947,-0.251535,-0.021529,-0.091451,-0.251809,-0.008264,-0.116591,-0.189050,-0.008210,-0.122024,-0.235419
2026-05-25 15:47:35.386,30.299971,0.000000,0.000000,0.000000,-0.100789,-0.094956,-0.252082,0.057731,-0.087947,-0.251535,-0.021529,-0.091451,-0.251809,-0.007525,-0.115460,-0.188996,-0.008210,-0.122024,-0.235419
2026-05-25 15:47:35.486,30.399971,0.000000,0.000000,0.000000,-0.100789,-0.094956,-0.252082,0.057866,-0.086967,-0.250864,-0.021462,-0.090962,-0.251473,-0.008264,-0.116591,-0.189050,-0.008210,-0.122024,-0.235419
2026-05-25 15:47:35.586,30.499971,0.000000,0.000000,0.000000,-0.100911,-0.093881,-0.252134,0.057731,-0.087947,-0.251535,-0.021590,-0.090914,-0.251835,-0.008239,-0.115520,-0.189001,-0.008210,-0.122024,-0.235419
2026-05-25 15:47:35.686,30.599971,0.000000,0.000000,0.000000,-0.100789,-0.094956,-0.252082,0.057731,-0.087947,-0.251535,-0.021529,-0.091451,-0.251809,-0.008239,-0.115520,-0.189001,-0.008210,-0.122024,-0.235419
2026-05-25 15:47:35.786,30.699971,0.000000,0.000000,0.000000,-0.100789,-0.094956,-0.252082,0.057736,-0.088063,-0.250814,-0.021527,-0.091509,-0.251448,-0.008289,-0.117662,-0.189099,-0.008223,-0.122566,-0.235405
2026-05-25 15:47:35.886,30.799971,0.000000,0.000000,0.000000,-0.100667,-0.096031,-0.252030,0.057736,-0.088063,-0.250814,-0.021466,-0.092047,-0.251422,-0.008264,-0.116591,-0.189050,-0.008210,-0.122024,-0.235419
2026-05-25 15:47:35.986,30.899971,0.000000,0.000000,0.000000,-0.100784,-0.095073,-0.251354,0.057736,-0.088063,-0.250814,-0.021524,-0.091568,-0.251084,-0.008264,-0.116591,-0.189050,-0.008235,-0.123108,-0.235392
2026-05-25 15:47:36.086,30.999970,0.000000,0.000000,0.000000,-0.100789,-0.094956,-0.252082,0.057866,-0.086967,-0.250864,-0.021462,-0.090962,-0.251473,-0.008264,-0.116591,-0.189050,-0.008235,-0.123108,-0.235392
2026-05-25 15:47:36.186,31.099970,0.000000,0.000000,0.000000,-0.100911,-0.093881,-0.252134,0.057866,-0.086967,-0.250864,-0.021523,-0.090424,-0.251499,-0.008264,-0.116591,-0.189050,-0.008210,-0.122024,-0.235419
2026-05-25 15:47:36.286,31.199970,0.000000,0.000000,0.000000,-0.100911,-0.093881,-0.252134,0.057731,-0.087947,-0.251535,-0.021590,-0.090914,-0.251835,-0.008264,-0.116591,-0.189050,-0.008210,-0.122024,-0.235419
2026-05-25 15:47:36.386,31.299970,0.000000,0.000000,0.000000,-0.100911,-0.093881,-0.252134,0.057736,-0.088063,-0.250814,-0.021588,-0.090972,-0.251474,-0.008264,-0.116591,-0.189050,-0.008210,-0.122024,-0.235419
2026-05-25 15:47:36.486,31.399970,0.000000,0.000000,0.000000,-0.100911,-0.093881,-0.252134,0.057731,-0.087947,-0.251535,-0.021590,-0.090914,-0.251835,-0.008264,-0.116591,-0.189050,-0.008210,-0.122024,-0.235419
2026-05-25 15:47:36.586,31.499970,0.000000,0.000000,0.000000,-0.100789,-0.094956,-0.252082,0.057860,-0.086851,-0.251587,-0.021464,-0.090903,-0.251835,-0.008264,-0.116591,-0.189050,-0.008235,-0.123108,-0.235392
2026-05-25 15:47:36.686,31.599970,0.000000,0.000000,0.000000,-0.100789,-0.094956,-0.252082,0.057731,-0.087947,-0.251535,-0.021529,-0.091451,-0.251809,-0.008239,-0.115520,-0.189001,-0.008210,-0.122024,-0.235419
2026-05-25 15:47:36.786,31.699970,0.000000,0.000000,0.000000,-0.100911,-0.093881,-0.252134,0.057731,-0.087947,-0.251535,-0.021590,-0.090914,-0.251835,-0.008264,-0.116591,-0.189050,-0.008235,-0.123108,-0.235392
2026-05-25 15:47:36.886,31.799970,0.000000,0.000000,0.000000,-0.100789,-0.094956,-0.252082,0.057866,-0.086967,-0.250864,-0.021462,-0.090962,-0.251473,-0.008264,-0.116591,-0.189050,-0.008210,-0.122024,-0.235419
2026-05-25 15:47:36.986,31.899970,0.000000,0.000000,0.000000,-0.100789,-0.094956,-0.252082,0.057731,-0.087947,-0.251535,-0.021529,-0.091451,-0.251809,-0.008239,-0.115520,-0.189001,-0.008184,-0.120941,-0.235446
2026-05-25 15:47:37.086,31.999969,0.000000,0.000000,0.000000,-0.100789,-0.094956,-0.252082,0.057866,-0.086967,-0.250864,-0.021462,-0.090962,-0.251473,-0.008264,-0.116591,-0.189050,-0.008210,-0.122024,-0.235419
2026-05-25 15:47:37.186,32.099969,0.000000,0.000000,0.000000,-0.100789,-0.094956,-0.252082,0.057736,-0.088063,-0.250814,-0.021527,-0.091509,-0.251448,-0.008264,-0.116591,-0.189050,-0.008210,-0.122024,-0.235419
2026-05-25 15:47:37.286,32.199969,0.000000,0.000000,0.000000,-0.100789,-0.094956,-0.252082,0.057736,-0.088063,-0.250814,-0.021527,-0.091509,-0.251448,-0.008264,-0.116591,-0.189050,-0.008210,-0.122024,-0.235419
2026-05-25 15:47:37.386,32.299969,0.000000,0.000000,0.000000,-0.100789,-0.094956,-0.252082,0.057736,-0.088063,-0.250814,-0.021527,-0.091509,-0.251448,-0.008264,-0.116591,-0.189050,-0.008210,-0.122024,-0.235419
2026-05-25 15:47:37.486,32.399969,0.000000,0.000000,0.000000,-0.100789,-0.094956,-0.252082,0.057731,-0.087947,-0.251535,-0.021529,-0.091451,-0.251809,-0.008264,-0.116591,-0.189050,-0.008235,-0.123108,-0.235392
2026-05-25 15:47:37.586,32.499969,0.000000,0.000000,0.000000,-0.100789,-0.094956,-0.252082,0.057860,-0.086851,-0.251587,-0.021464,-0.090903,-0.251835,-0.008264,-0.116591,-0.189050,-0.008210,-0.122024,-0.235419
2026-05-25 15:47:37.686,32.599969,0.000000,0.000000,0.000000,-0.100911,-0.093881,-0.252134,0.057736,-0.088063,-0.250814,-0.021588,-0.090972,-0.251474,-0.008264,-0.116591,-0.189050,-0.008210,-0.122024,-0.235419
2026-05-25 15:47:37.786,32.699969,0.000000,0.000000,0.000000,-0.100789,-0.094956,-0.252082,0.057736,-0.088063,-0.250814,-0.021527,-0.091509,-0.251448,-0.008264,-0.116591,-0.189050,-0.008210,-0.122024,-0.235419
2026-05-25 15:47:37.886,32.799969,0.000000,0.000000,0.000000,-0.100911,-0.093881,-0.252134,0.057731,-0.087947,-0.251535,-0.021590,-0.090914,-0.251835,-0.008239,-0.115520,-0.189001,-0.008210,-0.122024,-0.235419
2026-05-25 15:47:37.986,32.899969,0.000000,0.000000,0.000000,-0.100911,-0.093881,-0.252134,0.057731,-0.087947,-0.251535,-0.021590,-0.090914,-0.251835,-0.008264,-0.116591,-0.189050,-0.008210,-0.122024,-0.235419
2026-05-25 15:47:38.086,32.999969,0.000000,0.000000,0.000000,-0.100911,-0.093881,-0.252134,0.057736,-0.088063,-0.250814,-0.021588,-0.090972,-0.251474,-0.008264,-0.116591,-0.189050,-0.008210,-0.122024,-0.235419
2026-05-25 15:47:38.186,33.099968,0.000000,0.000000,0.000000,-0.100911,-0.093881,-0.252134,0.057736,-0.088063,-0.250814,-0.021588,-0.090972,-0.251474,-0.008264,-0.116591,-0.189050,-0.008210,-0.122024,-0.235419
2026-05-25 15:47:38.286,33.199968,0.000000,0.000000,0.000000,-0.100789,-0.094956,-0.252082,0.057731,-0.087947,-0.251535,-0.021529,-0.091451,-0.251809,-0.008264,-0.116591,-0.189050,-0.008235,-0.123108,-0.235392
2026-05-25 15:47:38.386,33.299968,0.000000,0.000000,0.000000,-0.100911,-0.093881,-0.252134,0.057731,-0.087947,-0.251535,-0.021590,-0.090914,-0.251835,-0.008239,-0.115520,-0.189001,-0.008210,-0.122024,-0.235419
2026-05-25 15:47:38.486,33.399968,0.000000,0.000000,0.000000,-0.100911,-0.093881,-0.252134,0.057731,-0.087947,-0.251535,-0.021590,-0.090914,-0.251835,-0.008264,-0.116591,-0.189050,-0.008210,-0.122024,-0.235419
2026-05-25 15:47:38.586,33.499968,0.000000,0.000000,0.000000,-0.100911,-0.093881,-0.252134,0.057736,-0.088063,-0.250814,-0.021588,-0.090972,-0.251474,-0.008264,-0.116591,-0.189050,-0.008235,-0.123108,-0.235392
2026-05-25 15:47:38.686,33.599968,0.000000,0.000000,0.000000,-0.100911,-0.093881,-0.252134,0.057736,-0.088063,-0.250814,-0.021588,-0.090972,-0.251474,-0.008264,-0.116591,-0.189050,-0.008210,-0.122024,-0.235419
2026-05-25 15:47:38.786,33.699968,0.000000,0.000000,0.000000,-0.100789,-0.094956,-0.252082,0.057731,-0.087947,-0.251535,-0.021529,-0.091451,-0.251809,-0.008289,-0.117662,-0.189099,-0.008210,-0.122024,-0.235419
2026-05-25 15:47:38.886,33.799968,0.000000,0.000000,0.000000,-0.100911,-0.093881,-0.252134,0.057731,-0.087947,-0.251535,-0.021590,-0.090914,-0.251835,-0.008264,-0.116591,-0.189050,-0.008235,-0.123108,-0.235392
2026-05-25 15:47:38.986,33.899968,0.000000,0.000000,0.000000,-0.100789,-0.094956,-0.252082,0.057606,-0.089159,-0.250764,-0.021592,-0.092057,-0.251423,-0.008264,-0.116591,-0.189050,-0.008210,-0.122024,-0.235419
2026-05-25 15:47:39.086,33.999968,0.000000,0.000000,0.000000,-0.100906,-0.093999,-0.251405,0.057860,-0.086851,-0.251587,-0.021523,-0.090425,-0.251496,-0.008264,-0.116591,-0.189050,-0.008210,-0.122024,-0.235419
2026-05-25 15:47:39.186,34.099967,0.000000,0.000000,0.000000,-0.100906,-0.093999,-0.251405,0.057731,-0.087947,-0.251535,-0.021588,-0.090973,-0.251470,-0.008264,-0.116591,-0.189050,-0.008210,-0.122024,-0.235419
2026-05-25 15:47:39.286,34.199967,0.000000,0.000000,0.000000,-0.100911,-0.093881,-0.252134,0.057866,-0.086967,-0.250864,-0.021523,-0.090424,-0.251499,-0.008264,-0.116591,-0.189050,-0.008210,-0.122024,-0.235419
2026-05-25 15:47:39.386,34.299967,0.000000,0.000000,0.000000,-0.100906,-0.093999,-0.251405,0.057866,-0.086967,-0.250864,-0.021520,-0.090483,-0.251135,-0.008264,-0.116591,-0.189050,-0.008223,-0.122566,-0.235405
2026-05-25 15:47:39.486,34.399967,0.000000,0.000000,0.000000,-0.100789,-0.094956,-0.252082,0.057866,-0.086967,-0.250864,-0.021462,-0.090962,-0.251473,-0.008264,-0.116591,-0.189050,-0.008210,-0.122024,-0.235419
2026-05-25 15:47:39.586,34.499967,0.000000,0.000000,0.000000,-0.100789,-0.094956,-0.252082,0.057731,-0.087947,-0.251535,-0.021529,-0.091451,-0.251809,-0.008264,-0.116591,-0.189050,-0.008210,-0.122024,-0.235419
2026-05-25 15:47:39.686,34.599967,0.000000,0.000000,0.000000,-0.100667,-0.096031,-0.252030,0.057736,-0.088063,-0.250814,-0.021466,-0.092047,-0.251422,-0.008264,-0.116591,-0.189050,-0.008210,-0.122024,-0.235419
2026-05-25 15:47:39.786,34.699967,0.000000,0.000000,0.000000,-0.100911,-0.093881,-0.252134,0.057866,-0.086967,-0.250864,-0.021523,-0.090424,-0.251499,-0.008264,-0.116591,-0.189050,-0.008235,-0.123108,-0.235392
2026-05-25 15:47:39.886,34.799967,0.000000,0.000000,0.000000,-0.100789,-0.094956,-0.252082,0.057736,-0.088063,-0.250814,-0.021527,-0.091509,-0.251448,-0.008239,-0.115520,-0.189001,-0.008235,-0.123108,-0.235392
2026-05-25 15:47:39.986,34.899967,0.000000,0.000000,0.000000,-0.100789,-0.094956,-0.252082,0.057736,-0.088063,-0.250814,-0.021527,-0.091509,-0.251448,-0.008264,-0.116591,-0.189050,-0.008235,-0.123108,-0.235392
2026-05-25 15:47:40.086,34.999967,0.000000,0.000000,0.000000,-0.100911,-0.093881,-0.252134,0.057860,-0.086851,-0.251587,-0.021525,-0.090366,-0.251861,-0.008239,-0.115520,-0.189001,-0.008235,-0.123108,-0.235392
2026-05-25 15:47:40.186,35.099967,0.000000,0.000000,0.000000,-0.100789,-0.094956,-0.252082,0.057731,-0.087947,-0.251535,-0.021529,-0.091451,-0.251809,-0.008239,-0.115520,-0.189001,-0.008210,-0.122024,-0.235419
2026-05-25 15:47:40.286,35.199966,0.000000,0.000000,0.000000,-0.100784,-0.095073,-0.251354,0.057736,-0.088063,-0.250814,-0.021524,-0.091568,-0.251084,-0.008264,-0.116591,-0.189050,-0.008210,-0.122024,-0.235419
2026-05-25 15:47:40.386,35.299966,0.000000,0.000000,0.000000,-0.100911,-0.093881,-0.252134,0.057736,-0.088063,-0.250814,-0.021588,-0.090972,-0.251474,-0.008264,-0.116591,-0.189050,-0.008210,-0.122024,-0.235419
2026-05-25 15:47:40.486,35.399966,0.000000,0.000000,0.000000,-0.100789,-0.094956,-0.252082,0.057860,-0.086851,-0.251587,-0.021464,-0.090903,-0.251835,-0.008264,-0.116591,-0.189050,-0.008210,-0.122024,-0.235419
2026-05-25 15:47:40.586,35.499966,0.000000,0.000000,0.000000,-0.100789,-0.094956,-0.252082,0.057860,-0.086851,-0.251587,-0.021464,-0.090903,-0.251835,-0.008264,-0.116591,-0.189050,-0.008205,-0.122136,-0.234725
2026-05-25 15:47:40.686,35.599966,0.000000,0.000000,0.000000,-0.100789,-0.094956,-0.252082,0.057731,-0.087947,-0.251535,-0.021529,-0.091451,-0.251809,-0.008264,-0.116591,-0.189050,-0.008235,-0.123108,-0.235392
2026-05-25 15:47:40.786,35.699966,0.000000,0.000000,0.000000,-0.100789,-0.094956,-0.252082,0.057866,-0.086967,-0.250864,-0.021462,-0.090962,-0.251473,-0.008264,-0.116591,-0.189050,-0.008235,-0.123108,-0.235392
2026-05-25 15:47:40.886,35.799966,0.000000,0.000000,0.000000,-0.100789,-0.094956,-0.252082,0.057731,-0.087947,-0.251535,-0.021529,-0.091451,-0.251809,-0.008264,-0.116591,-0.189050,-0.008235,-0.123108,-0.235392
2026-05-25 15:47:40.986,35.899966,0.000000,0.000000,0.000000,-0.100789,-0.094956,-0.252082,0.057731,-0.087947,-0.251535,-0.021529,-0.091451,-0.251809,-0.008264,-0.116591,-0.189050,-0.008210,-0.122024,-0.235419
2026-05-25 15:47:41.086,35.999966,0.000000,0.000000,0.000000,-0.100789,-0.094956,-0.252082,0.057736,-0.088063,-0.250814,-0.021527,-0.091509,-0.251448,-0.008264,-0.116591,-0.189050,-0.008210,-0.122024,-0.235419
2026-05-25 15:47:41.186,36.099966,0.000000,0.000000,0.000000,-0.100911,-0.093881,-0.252134,0.057736,-0.088063,-0.250814,-0.021588,-0.090972,-0.251474,-0.008289,-0.117662,-0.189099,-0.008235,-0.123108,-0.235392
2026-05-25 15:47:41.286,36.199965,0.000000,0.000000,0.000000,-0.100911,-0.093881,-0.252134,0.057731,-0.087947,-0.251535,-0.021590,-0.090914,-0.251835,-0.008264,-0.116591,-0.189050,-0.008210,-0.122024,-0.235419
2026-05-25 15:47:41.386,36.299965,0.000000,0.000000,0.000000,-0.100911,-0.093881,-0.252134,0.057860,-0.086851,-0.251587,-0.021525,-0.090366,-0.251861,-0.008264,-0.116591,-0.189050,-0.008210,-0.122024,-0.235419
2026-05-25 15:47:41.486,36.399965,0.000000,0.000000,0.000000,-0.100789,-0.094956,-0.252082,0.057736,-0.088063,-0.250814,-0.021527,-0.091509,-0.251448,-0.008264,-0.116591,-0.189050,-0.008210,-0.122024,-0.235419
2026-05-25 15:47:41.586,36.499965,0.000000,0.000000,0.000000,-0.100789,-0.094956,-0.252082,0.057731,-0.087947,-0.251535,-0.021529,-0.091451,-0.251809,-0.008264,-0.116591,-0.189050,-0.008235,-0.123108,-0.235392
2026-05-25 15:47:41.686,36.599965,0.000000,0.000000,0.000000,-0.100911,-0.093881,-0.252134,0.057736,-0.088063,-0.250814,-0.021588,-0.090972,-0.251474,-0.008264,-0.116591,-0.189050,-0.008210,-0.122024,-0.235419
2026-05-25 15:47:41.786,36.699965,0.000000,0.000000,0.000000,-0.100789,-0.094956,-0.252082,0.057731,-0.087947,-0.251535,-0.021529,-0.091451,-0.251809,-0.008239,-0.115520,-0.189001,-0.008210,-0.122024,-0.235419
2026-05-25 15:47:41.886,36.799965,0.000000,0.000000,0.000000,-0.100789,-0.094956,-0.252082,0.057860,-0.086851,-0.251587,-0.021464,-0.090903,-0.251835,-0.008264,-0.116591,-0.189050,-0.008235,-0.123108,-0.235392
2026-05-25 15:47:41.986,36.899965,0.000000,0.000000,0.000000,-0.100911,-0.093881,-0.252134,0.057731,-0.087947,-0.251535,-0.021590,-0.090914,-0.251835,-0.008264,-0.116591,-0.189050,-0.008210,-0.122024,-0.235419
2026-05-25 15:47:42.086,36.999965,0.000000,0.000000,0.000000,-0.100789,-0.094956,-0.252082,0.057731,-0.087947,-0.251535,-0.021529,-0.091451,-0.251809,-0.008264,-0.116591,-0.189050,-0.008210,-0.122024,-0.235419
2026-05-25 15:47:42.186,37.099965,0.000000,0.000000,0.000000,-0.100911,-0.093881,-0.252134,0.057731,-0.087947,-0.251535,-0.021590,-0.090914,-0.251835,-0.008264,-0.116591,-0.189050,-0.008210,-0.122024,-0.235419
2026-05-25 15:47:42.286,37.199965,0.000000,0.000000,0.000000,-0.100911,-0.093881,-0.252134,0.057731,-0.087947,-0.251535,-0.021590,-0.090914,-0.251835,-0.008264,-0.116591,-0.189050,-0.008235,-0.123108,-0.235392
2026-05-25 15:47:42.386,37.299964,0.000000,0.000000,0.000000,-0.100789,-0.094956,-0.252082,0.057736,-0.088063,-0.250814,-0.021527,-0.091509,-0.251448,-0.008264,-0.116591,-0.189050,-0.008235,-0.123108,-0.235392
2026-05-25 15:47:42.486,37.399964,0.000000,0.000000,0.000000,-0.100789,-0.094956,-0.252082,0.057866,-0.086967,-0.250864,-0.021462,-0.090962,-0.251473,-0.008264,-0.116591,-0.189050,-0.008210,-0.122024,-0.235419
2026-05-25 15:47:42.586,37.499964,0.000000,0.000000,0.000000,-0.100911,-0.093881,-0.252134,0.057736,-0.088063,-0.250814,-0.021588,-0.090972,-0.251474,-0.008264,-0.116591,-0.189050,-0.008210,-0.122024,-0.235419
2026-05-25 15:47:42.686,37.599964,0.000000,0.000000,0.000000,-0.100911,-0.093881,-0.252134,0.057731,-0.087947,-0.251535,-0.021590,-0.090914,-0.251835,-0.008264,-0.116591,-0.189050,-0.008210,-0.122024,-0.235419
2026-05-25 15:47:42.786,37.699964,0.000000,0.000000,0.000000,-0.100789,-0.094956,-0.252082,0.057860,-0.086851,-0.251587,-0.021464,-0.090903,-0.251835,-0.008239,-0.115520,-0.189001,-0.008210,-0.122024,-0.235419
2026-05-25 15:47:42.886,37.799964,0.000000,0.000000,0.000000,-0.100789,-0.094956,-0.252082,0.057731,-0.087947,-0.251535,-0.021529,-0.091451,-0.251809,-0.008264,-0.116591,-0.189050,-0.008210,-0.122024,-0.235419
2026-05-25 15:47:42.986,37.899964,0.000000,0.000000,0.000000,-0.100789,-0.094956,-0.252082,0.057736,-0.088063,-0.250814,-0.021527,-0.091509,-0.251448,-0.008264,-0.116591,-0.189050,-0.008235,-0.123108,-0.235392
2026-05-25 15:47:43.086,37.999964,0.000000,0.000000,0.000000,-0.100667,-0.096031,-0.252030,0.057866,-0.086967,-0.250864,-0.021401,-0.091499,-0.251447,-0.008264,-0.116591,-0.189050,-0.008210,-0.122024,-0.235419
2026-05-25 15:47:43.186,38.099964,0.000000,0.000000,0.000000,-0.100789,-0.094956,-0.252082,0.057731,-0.087947,-0.251535,-0.021529,-0.091451,-0.251809,-0.008264,-0.116591,-0.189050,-0.008210,-0.122024,-0.235419
2026-05-25 15:47:43.286,38.199964,0.000000,0.000000,0.000000,-0.100789,-0.094956,-0.252082,0.057731,-0.087947,-0.251535,-0.021529,-0.091451,-0.251809,-0.008264,-0.116591,-0.189050,-0.008210,-0.122024,-0.235419
2026-05-25 15:47:43.386,38.299963,0.000000,0.000000,0.000000,-0.100911,-0.093881,-0.252134,0.057731,-0.087947,-0.251535,-0.021590,-0.090914,-0.251835,-0.007577,-0.117602,-0.189095,-0.008235,-0.123108,-0.235392
2026-05-25 15:47:43.486,38.399963,0.000000,0.000000,0.000000,-0.100911,-0.093881,-0.252134,0.057860,-0.086851,-0.251587,-0.021525,-0.090366,-0.251861,-0.007551,-0.116531,-0.189045,-0.008235,-0.123108,-0.235392
2026-05-25 15:47:43.586,38.499963,0.000000,0.000000,0.000000,-0.100911,-0.093881,-0.252134,0.057736,-0.088063,-0.250814,-0.021588,-0.090972,-0.251474,-0.008239,-0.115520,-0.189001,-0.008235,-0.123108,-0.235392
2026-05-25 15:47:43.686,38.599963,0.000000,0.000000,0.000000,-0.100789,-0.094956,-0.252082,0.057866,-0.086967,-0.250864,-0.021462,-0.090962,-0.251473,-0.008264,-0.116591,-0.189050,-0.008210,-0.122024,-0.235419
2026-05-25 15:47:43.786,38.699963,0.000000,0.000000,0.000000,-0.100789,-0.094956,-0.252082,0.057866,-0.086967,-0.250864,-0.021462,-0.090962,-0.251473,-0.008239,-0.115520,-0.189001,-0.008210,-0.122024,-0.235419
2026-05-25 15:47:43.886,38.799963,0.000000,0.000000,0.000000,-0.100911,-0.093881,-0.252134,0.057736,-0.088063,-0.250814,-0.021588,-0.090972,-0.251474,-0.008264,-0.116591,-0.189050,-0.008235,-0.123108,-0.235392
2026-05-25 15:47:43.986,38.899963,0.000000,0.000000,0.000000,-0.100911,-0.093881,-0.252134,0.057731,-0.087947,-0.251535,-0.021590,-0.090914,-0.251835,-0.008264,-0.116591,-0.189050,-0.008210,-0.122024,-0.235419
2026-05-25 15:47:44.086,38.999963,0.000000,0.000000,0.000000,-0.100911,-0.093881,-0.252134,0.057731,-0.087947,-0.251535,-0.021590,-0.090914,-0.251835,-0.008264,-0.116591,-0.189050,-0.008210,-0.122024,-0.235419
2026-05-25 15:47:44.186,39.099963,0.000000,0.000000,0.000000,-0.100789,-0.094956,-0.252082,0.057731,-0.087947,-0.251535,-0.021529,-0.091451,-0.251809,-0.007551,-0.116531,-0.189045,-0.008235,-0.123108,-0.235392
2026-05-25 15:47:44.286,39.199963,0.000000,0.000000,0.000000,-0.100789,-0.094956,-0.252082,0.057736,-0.088063,-0.250814,-0.021527,-0.091509,-0.251448,-0.008264,-0.116591,-0.189050,-0.008235,-0.123108,-0.235392
2026-05-25 15:47:44.386,39.299963,0.000000,0.000000,0.000000,-0.100789,-0.094956,-0.252082,0.057860,-0.086851,-0.251587,-0.021464,-0.090903,-0.251835,-0.008239,-0.115520,-0.189001,-0.008235,-0.123108,-0.235392
2026-05-25 15:47:44.486,39.399962,0.000000,0.000000,0.000000,-0.100911,-0.093881,-0.252134,0.057736,-0.088063,-0.250814,-0.021588,-0.090972,-0.251474,-0.008264,-0.116591,-0.189050,-0.008210,-0.122024,-0.235419
2026-05-25 15:47:44.586,39.499962,0.000000,0.000000,0.000000,-0.100784,-0.095073,-0.251354,0.057731,-0.087947,-0.251535,-0.021527,-0.091510,-0.251445,-0.008264,-0.116591,-0.189050,-0.008235,-0.123108,-0.235392
2026-05-25 15:47:44.686,39.599962,0.000000,0.000000,0.000000,-0.100789,-0.094956,-0.252082,0.057866,-0.086967,-0.250864,-0.021462,-0.090962,-0.251473,-0.008264,-0.116591,-0.189050,-0.008210,-0.122024,-0.235419
2026-05-25 15:47:44.786,39.699962,0.000000,0.000000,0.000000,-0.100911,-0.093881,-0.252134,0.057731,-0.087947,-0.251535,-0.021590,-0.090914,-0.251835,-0.008239,-0.115520,-0.189001,-0.008210,-0.122024,-0.235419
2026-05-25 15:47:44.886,39.799962,0.000000,0.000000,0.000000,-0.100911,-0.093881,-0.252134,0.057736,-0.088063,-0.250814,-0.021588,-0.090972,-0.251474,-0.008289,-0.117662,-0.189099,-0.008210,-0.122024,-0.235419
2026-05-25 15:47:44.986,39.899962,0.000000,0.000000,0.000000,-0.100784,-0.095073,-0.251354,0.057731,-0.087947,-0.251535,-0.021527,-0.091510,-0.251445,-0.008264,-0.116591,-0.189050,-0.008210,-0.122024,-0.235419
2026-05-25 15:47:45.086,39.999962,0.000000,0.000000,0.000000,-0.100911,-0.093881,-0.252134,0.057866,-0.086967,-0.250864,-0.021523,-0.090424,-0.251499,-0.008264,-0.116591,-0.189050,-0.008210,-0.122024,-0.235419
2026-05-25 15:47:45.186,40.099962,0.000000,0.000000,0.000000,-0.100789,-0.094956,-0.252082,0.057866,-0.086967,-0.250864,-0.021462,-0.090962,-0.251473,-0.008264,-0.116591,-0.189050,-0.008210,-0.122024,-0.235419
2026-05-25 15:47:45.286,40.199962,0.000000,0.000000,0.000000,-0.100906,-0.093999,-0.251405,0.057736,-0.088063,-0.250814,-0.021585,-0.091031,-0.251109,-0.008264,-0.116591,-0.189050,-0.008210,-0.122024,-0.235419
2026-05-25 15:47:45.386,40.299962,0.000000,0.000000,0.000000,-0.100789,-0.094956,-0.252082,0.057736,-0.088063,-0.250814,-0.021527,-0.091509,-0.251448,-0.008264,-0.116591,-0.189050,-0.008235,-0.123108,-0.235392
2026-05-25 15:47:45.486,40.399961,0.000000,0.000000,0.000000,-0.100789,-0.094956,-0.252082,0.057736,-0.088063,-0.250814,-0.021527,-0.091509,-0.251448,-0.008264,-0.116591,-0.189050,-0.008235,-0.123108,-0.235392
2026-05-25 15:47:45.586,40.499961,0.000000,0.000000,0.000000,-0.100789,-0.094956,-0.252082,0.057736,-0.088063,-0.250814,-0.021527,-0.091509,-0.251448,-0.008264,-0.116591,-0.189050,-0.008210,-0.122024,-0.235419
2026-05-25 15:47:45.686,40.599961,0.000000,0.000000,0.000000,-0.100789,-0.094956,-0.252082,0.057736,-0.088063,-0.250814,-0.021527,-0.091509,-0.251448,-0.008239,-0.115520,-0.189001,-0.008235,-0.123108,-0.235392
2026-05-25 15:47:45.786,40.699961,0.000000,0.000000,0.000000,-0.100911,-0.093881,-0.252134,0.057736,-0.088063,-0.250814,-0.021588,-0.090972,-0.251474,-0.008264,-0.116591,-0.189050,-0.008210,-0.122024,-0.235419
2026-05-25 15:47:45.886,40.799961,0.000000,0.000000,0.000000,-0.100789,-0.094956,-0.252082,0.057731,-0.087947,-0.251535,-0.021529,-0.091451,-0.251809,-0.008239,-0.115520,-0.189001,-0.008235,-0.123108,-0.235392
2026-05-25 15:47:45.986,40.899961,0.000000,0.000000,0.000000,-0.100789,-0.094956,-0.252082,0.057731,-0.087947,-0.251535,-0.021529,-0.091451,-0.251809,-0.008264,-0.116591,-0.189050,-0.008210,-0.122024,-0.235419
2026-05-25 15:47:46.086,40.999961,0.000000,0.000000,0.000000,-0.100789,-0.094956,-0.252082,0.057866,-0.086967,-0.250864,-0.021462,-0.090962,-0.251473,-0.008264,-0.116591,-0.189050,-0.008235,-0.123108,-0.235392
2026-05-25 15:47:46.186,41.099961,0.000000,0.000000,0.000000,-0.100789,-0.094956,-0.252082,0.057866,-0.086967,-0.250864,-0.021462,-0.090962,-0.251473,-0.008264,-0.116591,-0.189050,-0.008210,-0.122024,-0.235419
2026-05-25 15:47:46.286,41.199961,0.000000,0.000000,0.000000,-0.100789,-0.094956,-0.252082,0.057736,-0.088063,-0.250814,-0.021527,-0.091509,-0.251448,-0.008264,-0.116591,-0.189050,-0.008210,-0.122024,-0.235419
2026-05-25 15:47:46.386,41.299961,0.000000,0.000000,0.000000,-0.100789,-0.094956,-0.252082,0.057731,-0.087947,-0.251535,-0.021529,-0.091451,-0.251809,-0.008264,-0.116591,-0.189050,-0.008235,-0.123108,-0.235392
2026-05-25 15:47:46.486,41.399961,0.000000,0.000000,0.000000,-0.100789,-0.094956,-0.252082,0.057731,-0.087947,-0.251535,-0.021529,-0.091451,-0.251809,-0.008264,-0.116591,-0.189050,-0.008235,-0.123108,-0.235392
2026-05-25 15:47:46.586,41.499960,0.000000,0.000000,0.000000,-0.100789,-0.094956,-0.252082,0.057736,-0.088063,-0.250814,-0.021527,-0.091509,-0.251448,-0.008264,-0.116591,-0.189050,-0.008235,-0.123108,-0.235392
2026-05-25 15:47:46.686,41.599960,0.000000,0.000000,0.000000,-0.100911,-0.093881,-0.252134,0.057736,-0.088063,-0.250814,-0.021588,-0.090972,-0.251474,-0.008239,-0.115520,-0.189001,-0.008235,-0.123108,-0.235392
2026-05-25 15:47:46.786,41.699960,0.000000,0.000000,0.000000,-0.100789,-0.094956,-0.252082,0.057736,-0.088063,-0.250814,-0.021527,-0.091509,-0.251448,-0.008264,-0.116591,-0.189050,-0.008235,-0.123108,-0.235392
2026-05-25 15:47:46.886,41.799960,0.000000,0.000000,0.000000,-0.100789,-0.094956,-0.252082,0.057601,-0.089043,-0.251484,-0.021594,-0.091999,-0.251783,-0.008264,-0.116591,-0.189050,-0.008235,-0.123108,-0.235392
2026-05-25 15:47:46.986,41.899960,0.000000,0.000000,0.000000,-0.100789,-0.094956,-0.252082,0.057866,-0.086967,-0.250864,-0.021462,-0.090962,-0.251473,-0.008264,-0.116591,-0.189050,-0.008210,-0.122024,-0.235419
2026-05-25 15:47:47.086,41.999960,0.000000,0.000000,0.000000,-0.100911,-0.093881,-0.252134,0.057866,-0.086967,-0.250864,-0.021523,-0.090424,-0.251499,-0.008264,-0.116591,-0.189050,-0.008210,-0.122024,-0.235419
2026-05-25 15:47:47.186,42.099960,0.000000,0.000000,0.000000,-0.100789,-0.094956,-0.252082,0.057866,-0.086967,-0.250864,-0.021462,-0.090962,-0.251473,-0.008264,-0.116591,-0.189050,-0.008210,-0.122024,-0.235419
2026-05-25 15:47:47.286,42.199960,0.000000,0.000000,0.000000,-0.100789,-0.094956,-0.252082,0.057736,-0.088063,-0.250814,-0.021527,-0.091509,-0.251448,-0.008264,-0.116591,-0.189050,-0.008223,-0.122566,-0.235405
2026-05-25 15:47:47.386,42.299960,0.000000,0.000000,0.000000,-0.100789,-0.094956,-0.252082,0.057736,-0.088063,-0.250814,-0.021527,-0.091509,-0.251448,-0.008289,-0.117662,-0.189099,-0.008210,-0.122024,-0.235419
2026-05-25 15:47:47.486,42.399960,0.000000,0.000000,0.000000,-0.100789,-0.094956,-0.252082,0.057736,-0.088063,-0.250814,-0.021527,-0.091509,-0.251448,-0.008264,-0.116591,-0.189050,-0.008235,-0.123108,-0.235392
2026-05-25 15:47:47.586,42.499959,0.000000,0.000000,0.000000,-0.100789,-0.094956,-0.252082,0.057736,-0.088063,-0.250814,-0.021527,-0.091509,-0.251448,-0.008264,-0.116591,-0.189050,-0.008210,-0.122024,-0.235419
2026-05-25 15:47:47.686,42.599959,0.000000,0.000000,0.000000,-0.100789,-0.094956,-0.252082,0.057736,-0.088063,-0.250814,-0.021527,-0.091509,-0.251448,-0.008264,-0.116591,-0.189050,-0.008235,-0.123108,-0.235392
2026-05-25 15:47:47.786,42.699959,0.000000,0.000000,0.000000,-0.100789,-0.094956,-0.252082,0.057736,-0.088063,-0.250814,-0.021527,-0.091509,-0.251448,-0.008264,-0.116591,-0.189050,-0.008210,-0.122024,-0.235419
2026-05-25 15:47:47.886,42.799959,0.000000,0.000000,0.000000,-0.100789,-0.094956,-0.252082,0.057731,-0.087947,-0.251535,-0.021529,-0.091451,-0.251809,-0.007551,-0.116531,-0.189045,-0.008210,-0.122024,-0.235419
2026-05-25 15:47:47.986,42.899959,0.000000,0.000000,0.000000,-0.100789,-0.094956,-0.252082,0.057736,-0.088063,-0.250814,-0.021527,-0.091509,-0.251448,-0.008239,-0.115520,-0.189001,-0.008210,-0.122024,-0.235419
2026-05-25 15:47:48.086,42.999959,0.000000,0.000000,0.000000,-0.100789,-0.094956,-0.252082,0.057731,-0.087947,-0.251535,-0.021529,-0.091451,-0.251809,-0.008264,-0.116591,-0.189050,-0.008235,-0.123108,-0.235392
2026-05-25 15:47:48.186,43.099959,0.000000,0.000000,0.000000,-0.100789,-0.094956,-0.252082,0.057731,-0.087947,-0.251535,-0.021529,-0.091451,-0.251809,-0.007577,-0.117602,-0.189095,-0.008210,-0.122024,-0.235419
2026-05-25 15:47:48.286,43.199959,0.000000,0.000000,0.000000,-0.100911,-0.093881,-0.252134,0.057866,-0.086967,-0.250864,-0.021523,-0.090424,-0.251499,-0.007551,-0.116531,-0.189045,-0.008210,-0.122024,-0.235419
2026-05-25 15:47:48.386,43.299959,0.000000,0.000000,0.000000,-0.100789,-0.094956,-0.252082,0.057736,-0.088063,-0.250814,-0.021527,-0.091509,-0.251448,-0.007551,-0.116531,-0.189045,-0.008210,-0.122024,-0.235419
2026-05-25 15:47:48.486,43.399959,0.000000,0.000000,0.000000,-0.100911,-0.093881,-0.252134,0.057736,-0.088063,-0.250814,-0.021588,-0.090972,-0.251474,-0.007577,-0.117602,-0.189095,-0.008210,-0.122024,-0.235419
2026-05-25 15:47:48.586,43.499959,0.000000,0.000000,0.000000,-0.100789,-0.094956,-0.252082,0.057736,-0.088063,-0.250814,-0.021527,-0.091509,-0.251448,-0.007551,-0.116531,-0.189045,-0.008210,-0.122024,-0.235419
2026-05-25 15:47:48.686,43.599958,0.000000,0.000000,0.000000,-0.100789,-0.094956,-0.252082,0.057736,-0.088063,-0.250814,-0.021527,-0.091509,-0.251448,-0.007551,-0.116531,-0.189045,-0.008210,-0.122024,-0.235419
2026-05-25 15:47:48.786,43.699958,0.000000,0.000000,0.000000,-0.100789,-0.094956,-0.252082,0.057736,-0.088063,-0.250814,-0.021527,-0.091509,-0.251448,-0.007551,-0.116531,-0.189045,-0.008210,-0.122024,-0.235419
2026-05-25 15:47:48.886,43.799958,0.000000,0.000000,0.000000,-0.100789,-0.094956,-0.252082,0.057736,-0.088063,-0.250814,-0.021527,-0.091509,-0.251448,-0.007551,-0.116531,-0.189045,-0.008210,-0.122024,-0.235419
2026-05-25 15:47:48.986,43.899958,0.000000,0.000000,0.000000,-0.100667,-0.096031,-0.252030,0.057736,-0.088063,-0.250814,-0.021466,-0.092047,-0.251422,-0.007545,-0.116644,-0.188338,-0.008210,-0.122024,-0.235419
2026-05-25 15:47:49.086,43.999958,0.000000,0.000000,0.000000,-0.100789,-0.094956,-0.252082,0.057736,-0.088063,-0.250814,-0.021527,-0.091509,-0.251448,-0.007545,-0.116644,-0.188338,-0.008210,-0.122024,-0.235419
2026-05-25 15:47:49.186,44.099958,0.000000,0.000000,0.000000,-0.100667,-0.096031,-0.252030,0.057736,-0.088063,-0.250814,-0.021466,-0.092047,-0.251422,-0.007545,-0.116644,-0.188338,-0.008210,-0.122024,-0.235419
2026-05-25 15:47:49.286,44.199958,0.000000,0.000000,0.000000,-0.100789,-0.094956,-0.252082,0.057736,-0.088063,-0.250814,-0.021527,-0.091509,-0.251448,-0.006832,-0.116584,-0.188334,-0.008210,-0.122024,-0.235419
2026-05-25 15:47:49.386,44.299958,0.000000,0.000000,0.000000,-0.100789,-0.094956,-0.252082,0.057736,-0.088063,-0.250814,-0.021527,-0.091509,-0.251448,-0.006805,-0.115513,-0.188283,-0.008210,-0.122024,-0.235419
2026-05-25 15:47:49.486,44.399958,0.000000,0.000000,0.000000,-0.100789,-0.094956,-0.252082,0.057736,-0.088063,-0.250814,-0.021527,-0.091509,-0.251448,-0.006827,-0.116698,-0.187626,-0.008235,-0.123108,-0.235392
2026-05-25 15:47:49.586,44.499958,0.000000,0.000000,0.000000,-0.100911,-0.093881,-0.252134,0.057736,-0.088063,-0.250814,-0.021588,-0.090972,-0.251474,-0.006085,-0.115567,-0.187570,-0.008210,-0.122024,-0.235419
2026-05-25 15:47:49.686,44.599957,0.000000,0.000000,0.000000,-0.100911,-0.093881,-0.252134,0.057866,-0.086967,-0.250864,-0.021523,-0.090424,-0.251499,-0.006085,-0.115567,-0.187570,-0.008210,-0.122024,-0.235419
2026-05-25 15:47:49.786,44.699957,0.000000,0.000000,0.000000,-0.100789,-0.094956,-0.252082,0.057736,-0.088063,-0.250814,-0.021527,-0.091509,-0.251448,-0.006114,-0.116637,-0.187622,-0.008210,-0.122024,-0.235419
2026-05-25 15:47:49.886,44.799957,0.000000,0.000000,0.000000,-0.100789,-0.094956,-0.252082,0.057736,-0.088063,-0.250814,-0.021527,-0.091509,-0.251448,-0.005395,-0.116691,-0.186910,-0.008210,-0.122024,-0.235419
2026-05-25 15:47:49.986,44.899957,0.000000,0.000000,0.000000,-0.100789,-0.094956,-0.252082,0.057736,-0.088063,-0.250814,-0.021527,-0.091509,-0.251448,-0.005365,-0.115620,-0.186857,-0.008210,-0.122024,-0.235419
2026-05-25 15:47:50.086,44.999957,0.000000,0.000000,0.000000,-0.100789,-0.094956,-0.252082,0.057736,-0.088063,-0.250814,-0.021527,-0.091509,-0.251448,-0.004651,-0.115560,-0.186853,-0.008210,-0.122024,-0.235419
2026-05-25 15:47:50.186,45.099957,0.000000,0.000000,0.000000,-0.100789,-0.094956,-0.252082,0.057736,-0.088063,-0.250814,-0.021527,-0.091509,-0.251448,-0.004615,-0.114603,-0.186090,-0.008184,-0.120941,-0.235446
2026-05-25 15:47:50.286,45.199957,0.000000,0.000000,0.000000,-0.100789,-0.094956,-0.252082,0.057866,-0.086967,-0.250864,-0.021462,-0.090962,-0.251473,-0.003926,-0.115727,-0.185431,-0.008210,-0.122024,-0.235419
2026-05-25 15:47:50.386,45.299957,0.000000,0.000000,0.000000,-0.100911,-0.093881,-0.252134,0.057736,-0.088063,-0.250814,-0.021588,-0.090972,-0.251474,-0.003178,-0.114596,-0.185372,-0.008210,-0.122024,-0.235419
2026-05-25 15:47:50.486,45.399957,0.000000,0.000000,0.000000,-0.100789,-0.094956,-0.252082,0.057736,-0.088063,-0.250814,-0.021527,-0.091509,-0.251448,-0.003173,-0.114710,-0.184662,-0.008184,-0.120941,-0.235446
2026-05-25 15:47:50.586,45.499957,0.000000,0.000000,0.000000,-0.100789,-0.094956,-0.252082,0.057736,-0.088063,-0.250814,-0.021527,-0.091509,-0.251448,-0.002487,-0.115834,-0.184005,-0.008184,-0.120941,-0.235446
2026-05-25 15:47:50.686,45.599957,0.000000,0.000000,0.000000,-0.100911,-0.093881,-0.252134,0.057606,-0.089159,-0.250764,-0.021653,-0.091520,-0.251449,-0.001767,-0.115888,-0.183292,-0.007484,-0.120882,-0.235441
2026-05-25 15:47:50.786,45.699956,0.000000,0.000000,0.000000,-0.100789,-0.094956,-0.252082,0.057736,-0.088063,-0.250814,-0.021527,-0.091509,-0.251448,-0.001731,-0.114817,-0.183234,-0.007484,-0.120882,-0.235441
2026-05-25 15:47:50.886,45.799956,0.000000,0.000000,0.000000,-0.100789,-0.094956,-0.252082,0.057736,-0.088063,-0.250814,-0.021527,-0.091509,-0.251448,-0.000974,-0.113801,-0.182460,-0.007484,-0.120882,-0.235441
2026-05-25 15:47:50.986,45.899956,0.000000,0.000000,0.000000,-0.100789,-0.094956,-0.252082,0.057736,-0.088063,-0.250814,-0.021527,-0.091509,-0.251448,-0.000257,-0.113740,-0.182456,-0.007511,-0.121965,-0.235415
2026-05-25 15:47:51.086,45.999956,0.000000,0.000000,0.000000,-0.100789,-0.094956,-0.252082,0.057736,-0.088063,-0.250814,-0.021527,-0.091509,-0.251448,-0.000252,-0.113855,-0.181745,-0.007484,-0.120882,-0.235441
2026-05-25 15:47:51.186,46.099956,0.000000,0.000000,0.000000,-0.100911,-0.093881,-0.252134,0.057866,-0.086967,-0.250864,-0.021523,-0.090424,-0.251499,0.000504,-0.112724,-0.181680,-0.007497,-0.121424,-0.235428
2026-05-25 15:47:51.286,46.199956,0.000000,0.000000,0.000000,-0.100789,-0.094956,-0.252082,0.057866,-0.086967,-0.250864,-0.021462,-0.090962,-0.251473,0.001227,-0.112778,-0.180963,-0.007484,-0.120882,-0.235441
2026-05-25 15:47:51.386,46.299956,0.000000,0.000000,0.000000,-0.100911,-0.093881,-0.252134,0.057736,-0.088063,-0.250814,-0.021588,-0.090972,-0.251474,0.001987,-0.111647,-0.180897,-0.007479,-0.120994,-0.234747
2026-05-25 15:47:51.486,46.399956,0.000000,0.000000,0.000000,-0.100789,-0.094956,-0.252082,0.057736,-0.088063,-0.250814,-0.021527,-0.091509,-0.251448,0.002711,-0.111701,-0.180179,-0.007479,-0.120994,-0.234747
2026-05-25 15:47:51.586,46.499956,0.000000,0.000000,0.000000,-0.100911,-0.093881,-0.252134,0.057736,-0.088063,-0.250814,-0.021588,-0.090972,-0.251474,0.003392,-0.112824,-0.179526,-0.007479,-0.120994,-0.234747
2026-05-25 15:47:51.686,46.599956,0.000000,0.000000,0.000000,-0.100789,-0.094956,-0.252082,0.057736,-0.088063,-0.250814,-0.021527,-0.091509,-0.251448,0.004155,-0.111694,-0.179457,-0.007479,-0.120994,-0.234747
2026-05-25 15:47:51.786,46.699955,0.000000,0.000000,0.000000,-0.100911,-0.093881,-0.252134,0.057736,-0.088063,-0.250814,-0.021588,-0.090972,-0.251474,0.004160,-0.111808,-0.178744,-0.007505,-0.122077,-0.234721
2026-05-25 15:47:51.886,46.799955,0.000000,0.000000,0.000000,-0.100789,-0.094956,-0.252082,0.057736,-0.088063,-0.250814,-0.021527,-0.091509,-0.251448,0.004971,-0.109608,-0.178609,-0.007479,-0.120994,-0.234747
2026-05-25 15:47:51.986,46.899955,0.000000,0.000000,0.000000,-0.100911,-0.093881,-0.252134,0.057736,-0.088063,-0.250814,-0.021588,-0.090972,-0.251474,0.004976,-0.109723,-0.177893,-0.006806,-0.122018,-0.234717
2026-05-25 15:47:52.086,46.999955,0.000000,0.000000,0.000000,-0.100911,-0.093881,-0.252134,0.057736,-0.088063,-0.250814,-0.021588,-0.090972,-0.251474,0.005698,-0.109662,-0.177889,-0.006806,-0.122018,-0.234717
2026-05-25 15:47:52.186,47.099955,0.000000,0.000000,0.000000,-0.100789,-0.094956,-0.252082,0.057736,-0.088063,-0.250814,-0.021527,-0.091509,-0.251448,0.006473,-0.108646,-0.177101,-0.006806,-0.122018,-0.234717
2026-05-25 15:47:52.286,47.199955,0.000000,0.000000,0.000000,-0.100789,-0.094956,-0.252082,0.057736,-0.088063,-0.250814,-0.021527,-0.091509,-0.251448,0.006575,-0.106622,-0.176246,-0.006806,-0.122018,-0.234717
2026-05-25 15:47:52.386,47.299955,0.000000,0.000000,0.000000,-0.100911,-0.093881,-0.252134,0.057736,-0.088063,-0.250814,-0.021588,-0.090972,-0.251474,0.007350,-0.105491,-0.176173,-0.006806,-0.122018,-0.234717
2026-05-25 15:47:52.486,47.399955,0.000000,0.000000,0.000000,-0.100667,-0.096031,-0.252030,0.057606,-0.089159,-0.250764,-0.021531,-0.092595,-0.251397,0.007350,-0.105491,-0.176173,-0.006806,-0.122018,-0.234717
2026-05-25 15:47:52.586,47.499955,0.000000,0.000000,0.000000,-0.100789,-0.094956,-0.252082,0.057606,-0.089159,-0.250764,-0.021592,-0.092057,-0.251423,0.007350,-0.105491,-0.176173,-0.006778,-0.120935,-0.234742
2026-05-25 15:47:52.686,47.599955,0.000000,0.000000,0.000000,-0.100911,-0.093881,-0.252134,0.057736,-0.088063,-0.250814,-0.021588,-0.090972,-0.251474,0.007300,-0.106560,-0.176242,-0.006806,-0.122018,-0.234717
2026-05-25 15:47:52.786,47.699955,0.000000,0.000000,0.000000,-0.100911,-0.093881,-0.252134,0.057736,-0.088063,-0.250814,-0.021588,-0.090972,-0.251474,0.007350,-0.105491,-0.176173,-0.006806,-0.122018,-0.234717
2026-05-25 15:47:52.886,47.799954,0.000000,0.000000,0.000000,-0.100911,-0.093881,-0.252134,0.057736,-0.088063,-0.250814,-0.021588,-0.090972,-0.251474,0.007300,-0.106560,-0.176242,-0.006778,-0.120935,-0.234742
2026-05-25 15:47:52.986,47.899954,0.000000,0.000000,0.000000,-0.100906,-0.093999,-0.251405,0.057606,-0.089159,-0.250764,-0.021650,-0.091579,-0.251084,0.007350,-0.105491,-0.176173,-0.006806,-0.122018,-0.234717
2026-05-25 15:47:53.086,47.999954,0.000000,0.000000,0.000000,-0.100789,-0.094956,-0.252082,0.057736,-0.088063,-0.250814,-0.021527,-0.091509,-0.251448,0.007300,-0.106560,-0.176242,-0.006806,-0.122018,-0.234717
2026-05-25 15:47:53.186,48.099954,0.000000,0.000000,0.000000,-0.100789,-0.094956,-0.252082,0.057606,-0.089159,-0.250764,-0.021592,-0.092057,-0.251423,0.006624,-0.105552,-0.176177,-0.006806,-0.122018,-0.234717
2026-05-25 15:47:53.286,48.199954,0.000000,0.000000,0.000000,-0.100789,-0.094956,-0.252082,0.057736,-0.088063,-0.250814,-0.021527,-0.091509,-0.251448,0.006575,-0.106622,-0.176246,-0.006806,-0.122018,-0.234717
2026-05-25 15:47:53.386,48.299954,0.000000,0.000000,0.000000,-0.100789,-0.094956,-0.252082,0.057736,-0.088063,-0.250814,-0.021527,-0.091509,-0.251448,0.006624,-0.105552,-0.176177,-0.006806,-0.122018,-0.234717
2026-05-25 15:47:53.486,48.399954,0.000000,0.000000,0.000000,-0.100789,-0.094956,-0.252082,0.057736,-0.088063,-0.250814,-0.021527,-0.091509,-0.251448,0.006624,-0.105552,-0.176177,-0.006806,-0.122018,-0.234717
2026-05-25 15:47:53.586,48.499954,0.000000,0.000000,0.000000,-0.100789,-0.094956,-0.252082,0.057866,-0.086967,-0.250864,-0.021462,-0.090962,-0.251473,0.006624,-0.105552,-0.176177,-0.006806,-0.122018,-0.234717
2026-05-25 15:47:53.686,48.599954,0.000000,0.000000,0.000000,-0.100789,-0.094956,-0.252082,0.057606,-0.089159,-0.250764,-0.021592,-0.092057,-0.251423,0.006624,-0.105552,-0.176177,-0.006778,-0.120935,-0.234742
2026-05-25 15:47:53.786,48.699954,0.000000,0.000000,0.000000,-0.100789,-0.094956,-0.252082,0.057606,-0.089159,-0.250764,-0.021592,-0.092057,-0.251423,0.006575,-0.106622,-0.176246,-0.006806,-0.122018,-0.234717
2026-05-25 15:47:53.886,48.799953,0.000000,0.000000,0.000000,-0.100789,-0.094956,-0.252082,0.057736,-0.088063,-0.250814,-0.021527,-0.091509,-0.251448,0.006624,-0.105552,-0.176177,-0.006806,-0.122018,-0.234717
2026-05-25 15:47:53.986,48.899953,0.000000,0.000000,0.000000,-0.100789,-0.094956,-0.252082,0.057736,-0.088063,-0.250814,-0.021527,-0.091509,-0.251448,0.006624,-0.105552,-0.176177,-0.006806,-0.122018,-0.234717
2026-05-25 15:47:54.086,48.999953,0.000000,0.000000,0.000000,-0.100911,-0.093881,-0.252134,0.057606,-0.089159,-0.250764,-0.021653,-0.091520,-0.251449,0.006575,-0.106622,-0.176246,-0.006778,-0.120935,-0.234742
2026-05-25 15:47:54.186,49.099953,0.000000,0.000000,0.000000,-0.100911,-0.093881,-0.252134,0.057736,-0.088063,-0.250814,-0.021588,-0.090972,-0.251474,0.006575,-0.106622,-0.176246,-0.006806,-0.122018,-0.234717
2026-05-25 15:47:54.286,49.199953,0.000000,0.000000,0.000000,-0.100789,-0.094956,-0.252082,0.057736,-0.088063,-0.250814,-0.021527,-0.091509,-0.251448,0.006527,-0.107691,-0.176315,-0.006778,-0.120935,-0.234742
2026-05-25 15:47:54.386,49.299953,0.000000,0.000000,0.000000,-0.100911,-0.093881,-0.252134,0.057606,-0.089159,-0.250764,-0.021653,-0.091520,-0.251449,0.006527,-0.107691,-0.176315,-0.006778,-0.120935,-0.234742
2026-05-25 15:47:54.486,49.399953,0.000000,0.000000,0.000000,-0.100789,-0.094956,-0.252082,0.057736,-0.088063,-0.250814,-0.021527,-0.091509,-0.251448,0.006527,-0.107691,-0.176315,-0.006778,-0.120935,-0.234742
2026-05-25 15:47:54.586,49.499953,0.000000,0.000000,0.000000,-0.100789,-0.094956,-0.252082,0.057736,-0.088063,-0.250814,-0.021527,-0.091509,-0.251448,0.006527,-0.107691,-0.176315,-0.006792,-0.121476,-0.234729
2026-05-25 15:47:54.686,49.599953,0.000000,0.000000,0.000000,-0.100911,-0.093881,-0.252134,0.057606,-0.089159,-0.250764,-0.021653,-0.091520,-0.251449,0.006527,-0.107691,-0.176315,-0.006806,-0.122018,-0.234717
2026-05-25 15:47:54.786,49.699953,0.000000,0.000000,0.000000,-0.100789,-0.094956,-0.252082,0.057736,-0.088063,-0.250814,-0.021527,-0.091509,-0.251448,0.006478,-0.108761,-0.176384,-0.006806,-0.122018,-0.234717
2026-05-25 15:47:54.886,49.799953,0.000000,0.000000,0.000000,-0.100789,-0.094956,-0.252082,0.057736,-0.088063,-0.250814,-0.021527,-0.091509,-0.251448,0.006478,-0.108761,-0.176384,-0.006806,-0.122018,-0.234717
2026-05-25 15:47:54.986,49.899952,0.000000,0.000000,0.000000,-0.100784,-0.095073,-0.251354,0.057736,-0.088063,-0.250814,-0.021524,-0.091568,-0.251084,0.006527,-0.107691,-0.176315,-0.006778,-0.120935,-0.234742
2026-05-25 15:47:55.086,49.999952,0.000000,0.000000,0.000000,-0.100911,-0.093881,-0.252134,0.057736,-0.088063,-0.250814,-0.021588,-0.090972,-0.251474,0.005756,-0.108822,-0.176389,-0.006778,-0.120935,-0.234742
2026-05-25 15:47:55.186,50.099952,0.000000,0.000000,0.000000,-0.100789,-0.094956,-0.252082,0.057736,-0.088063,-0.250814,-0.021527,-0.091509,-0.251448,0.005756,-0.108822,-0.176389,-0.006806,-0.122018,-0.234717
2026-05-25 15:47:55.286,50.199952,0.000000,0.000000,0.000000,-0.100911,-0.093881,-0.252134,0.057606,-0.089159,-0.250764,-0.021653,-0.091520,-0.251449,0.005756,-0.108822,-0.176389,-0.006806,-0.122018,-0.234717
2026-05-25 15:47:55.386,50.299952,0.000000,0.000000,0.000000,-0.100911,-0.093881,-0.252134,0.057736,-0.088063,-0.250814,-0.021588,-0.090972,-0.251474,0.005756,-0.108822,-0.176389,-0.006778,-0.120935,-0.234742
2026-05-25 15:47:55.486,50.399952,0.000000,0.000000,0.000000,-0.100789,-0.094956,-0.252082,0.057736,-0.088063,-0.250814,-0.021527,-0.091509,-0.251448,0.005714,-0.110007,-0.175742,-0.006806,-0.122018,-0.234717
2026-05-25 15:47:55.586,50.499952,0.000000,0.000000,0.000000,-0.100789,-0.094956,-0.252082,0.057736,-0.088063,-0.250814,-0.021527,-0.091509,-0.251448,0.005761,-0.108937,-0.175672,-0.006778,-0.120935,-0.234742
2026-05-25 15:47:55.686,50.599952,0.000000,0.000000,0.000000,-0.100789,-0.094956,-0.252082,0.057736,-0.088063,-0.250814,-0.021527,-0.091509,-0.251448,0.005714,-0.110007,-0.175742,-0.006778,-0.120935,-0.234742
2026-05-25 15:47:55.786,50.699952,0.000000,0.000000,0.000000,-0.100789,-0.094956,-0.252082,0.057736,-0.088063,-0.250814,-0.021527,-0.091509,-0.251448,0.004993,-0.110068,-0.175746,-0.006806,-0.122018,-0.234717
2026-05-25 15:47:55.886,50.799952,0.000000,0.000000,0.000000,-0.100789,-0.094956,-0.252082,0.057606,-0.089159,-0.250764,-0.021592,-0.092057,-0.251423,0.004998,-0.110182,-0.175031,-0.006806,-0.122018,-0.234717
2026-05-25 15:47:55.986,50.899951,0.000000,0.000000,0.000000,-0.100911,-0.093881,-0.252134,0.057736,-0.088063,-0.250814,-0.021588,-0.090972,-0.251474,0.005044,-0.109113,-0.174960,-0.006792,-0.121476,-0.234729
2026-05-25 15:47:56.086,50.999951,0.000000,0.000000,0.000000,-0.100789,-0.094956,-0.252082,0.057736,-0.088063,-0.250814,-0.021527,-0.091509,-0.251448,0.004322,-0.109175,-0.174964,-0.006778,-0.120935,-0.234742
2026-05-25 15:47:56.186,51.099951,0.000000,0.000000,0.000000,-0.100789,-0.094956,-0.252082,0.057736,-0.088063,-0.250814,-0.021527,-0.091509,-0.251448,0.004372,-0.108221,-0.174175,-0.006806,-0.122018,-0.234717
2026-05-25 15:47:56.286,51.199951,0.000000,0.000000,0.000000,-0.100789,-0.094956,-0.252082,0.057736,-0.088063,-0.250814,-0.021527,-0.091509,-0.251448,0.004372,-0.108221,-0.174175,-0.006778,-0.120935,-0.234742
2026-05-25 15:47:56.386,51.299951,0.000000,0.000000,0.000000,-0.100789,-0.094956,-0.252082,0.057606,-0.089159,-0.250764,-0.021592,-0.092057,-0.251423,0.003648,-0.108282,-0.174179,-0.006778,-0.120935,-0.234742
2026-05-25 15:47:56.486,51.399951,0.000000,0.000000,0.000000,-0.100789,-0.094956,-0.252082,0.057736,-0.088063,-0.250814,-0.021527,-0.091509,-0.251448,0.003610,-0.109466,-0.173535,-0.006806,-0.122018,-0.234717
2026-05-25 15:47:56.586,51.499951,0.000000,0.000000,0.000000,-0.100789,-0.094956,-0.252082,0.057736,-0.088063,-0.250814,-0.021527,-0.091509,-0.251448,0.003571,-0.110649,-0.172893,-0.006778,-0.120935,-0.234742
2026-05-25 15:47:56.686,51.599951,0.000000,0.000000,0.000000,-0.100789,-0.094956,-0.252082,0.057736,-0.088063,-0.250814,-0.021527,-0.091509,-0.251448,0.002850,-0.110710,-0.172897,-0.006806,-0.122018,-0.234717
2026-05-25 15:47:56.786,51.699951,0.000000,0.000000,0.000000,-0.100789,-0.094956,-0.252082,0.057736,-0.088063,-0.250814,-0.021527,-0.091509,-0.251448,0.002770,-0.112961,-0.172333,-0.006778,-0.120935,-0.234742
2026-05-25 15:47:56.886,51.799951,0.000000,0.000000,0.000000,-0.100789,-0.094956,-0.252082,0.057736,-0.088063,-0.250814,-0.021527,-0.091509,-0.251448,0.002051,-0.113022,-0.172338,-0.006778,-0.120935,-0.234742
2026-05-25 15:47:56.986,51.899951,0.000000,0.000000,0.000000,-0.100789,-0.094956,-0.252082,0.057736,-0.088063,-0.250814,-0.021527,-0.091509,-0.251448,0.001297,-0.114265,-0.171706,-0.006778,-0.120935,-0.234742
2026-05-25 15:47:57.086,51.999950,0.000000,0.000000,0.000000,-0.100911,-0.093881,-0.252134,0.057736,-0.088063,-0.250814,-0.021588,-0.090972,-0.251474,0.000560,-0.114860,-0.171748,-0.006778,-0.120935,-0.234742
2026-05-25 15:47:57.186,52.099950,0.000000,0.000000,0.000000,-0.100911,-0.093881,-0.252134,0.057736,-0.088063,-0.250814,-0.021588,-0.090972,-0.251474,0.000545,-0.115508,-0.171076,-0.006773,-0.121046,-0.234047
2026-05-25 15:47:57.286,52.199950,0.000000,0.000000,0.000000,-0.100911,-0.093881,-0.252134,0.057736,-0.088063,-0.250814,-0.021588,-0.090972,-0.251474,-0.000090,-0.113548,-0.170211,-0.006773,-0.121046,-0.234047
2026-05-25 15:47:57.386,52.299950,0.000000,0.000000,0.000000,-0.100911,-0.093881,-0.252134,0.057736,-0.088063,-0.250814,-0.021588,-0.090972,-0.251474,-0.000883,-0.115743,-0.170374,-0.006773,-0.121046,-0.234047
2026-05-25 15:47:57.486,52.399950,0.000000,0.000000,0.000000,-0.100789,-0.094956,-0.252082,0.057606,-0.089159,-0.250764,-0.021592,-0.092057,-0.251423,-0.001630,-0.116985,-0.169747,-0.006773,-0.121046,-0.234047
2026-05-25 15:47:57.586,52.499950,0.000000,0.000000,0.000000,-0.100789,-0.094956,-0.252082,0.057866,-0.086967,-0.250864,-0.021462,-0.090962,-0.251473,-0.002311,-0.115979,-0.169671,-0.006801,-0.122129,-0.234023
2026-05-25 15:47:57.686,52.599950,0.000000,0.000000,0.000000,-0.100789,-0.094956,-0.252082,0.057736,-0.088063,-0.250814,-0.021527,-0.091509,-0.251448,-0.003022,-0.116153,-0.168965,-0.006773,-0.121046,-0.234047
2026-05-25 15:47:57.786,52.699950,0.000000,0.000000,0.000000,-0.100784,-0.095073,-0.251354,0.057736,-0.088063,-0.250814,-0.021524,-0.091568,-0.251084,-0.003701,-0.115262,-0.168176,-0.007473,-0.121105,-0.234052
2026-05-25 15:47:57.886,52.799950,0.000000,0.000000,0.000000,-0.100911,-0.093881,-0.252134,0.057866,-0.086967,-0.250864,-0.021523,-0.090424,-0.251499,-0.004450,-0.116389,-0.168263,-0.007473,-0.121105,-0.234052
2026-05-25 15:47:57.986,52.899950,0.000000,0.000000,0.000000,-0.100789,-0.094956,-0.252082,0.057866,-0.086967,-0.250864,-0.021462,-0.090962,-0.251473,-0.005132,-0.115498,-0.167472,-0.007473,-0.121105,-0.234052
2026-05-25 15:47:58.086,52.999949,0.000000,0.000000,0.000000,-0.100911,-0.093881,-0.252134,0.057736,-0.088063,-0.250814,-0.021588,-0.090972,-0.251474,-0.005878,-0.116624,-0.167560,-0.006773,-0.121046,-0.234047
2026-05-25 15:47:58.186,53.099949,0.000000,0.000000,0.000000,-0.100911,-0.093881,-0.252134,0.057736,-0.088063,-0.250814,-0.021588,-0.090972,-0.251474,-0.006562,-0.115734,-0.166769,-0.007473,-0.121105,-0.234052
2026-05-25 15:47:58.286,53.199949,0.000000,0.000000,0.000000,-0.100911,-0.093881,-0.252134,0.057736,-0.088063,-0.250814,-0.021588,-0.090972,-0.251474,-0.007301,-0.116974,-0.166147,-0.007473,-0.121105,-0.234052
2026-05-25 15:47:58.386,53.299949,0.000000,0.000000,0.000000,-0.100667,-0.096031,-0.252030,0.057736,-0.088063,-0.250814,-0.021466,-0.092047,-0.251422,-0.008759,-0.118160,-0.166242,-0.007473,-0.121105,-0.234052
2026-05-25 15:47:58.486,53.399949,0.000000,0.000000,0.000000,-0.100789,-0.094956,-0.252082,0.057736,-0.088063,-0.250814,-0.021527,-0.091509,-0.251448,-0.009446,-0.117270,-0.165449,-0.007473,-0.121105,-0.234052
2026-05-25 15:47:58.586,53.499949,0.000000,0.000000,0.000000,-0.100789,-0.094956,-0.252082,0.057736,-0.088063,-0.250814,-0.021527,-0.091509,-0.251448,-0.009469,-0.118334,-0.165536,-0.007473,-0.121105,-0.234052
2026-05-25 15:47:58.686,53.599949,0.000000,0.000000,0.000000,-0.100911,-0.093881,-0.252134,0.057736,-0.088063,-0.250814,-0.021588,-0.090972,-0.251474,-0.009446,-0.117270,-0.165449,-0.007473,-0.121105,-0.234052
2026-05-25 15:47:58.786,53.699949,0.000000,0.000000,0.000000,-0.100789,-0.094956,-0.252082,0.057736,-0.088063,-0.250814,-0.021527,-0.091509,-0.251448,-0.008753,-0.118274,-0.165532,-0.007473,-0.121105,-0.234052
2026-05-25 15:47:58.886,53.799949,0.000000,0.000000,0.000000,-0.100789,-0.094956,-0.252082,0.057866,-0.086967,-0.250864,-0.021462,-0.090962,-0.251473,-0.008729,-0.117209,-0.165445,-0.007473,-0.121105,-0.234052
2026-05-25 15:47:58.986,53.899949,0.000000,0.000000,0.000000,-0.100789,-0.094956,-0.252082,0.057606,-0.089159,-0.250764,-0.021592,-0.092057,-0.251423,-0.008729,-0.117209,-0.165445,-0.007473,-0.121105,-0.234052
2026-05-25 15:47:59.086,53.999949,0.000000,0.000000,0.000000,-0.100789,-0.094956,-0.252082,0.057736,-0.088063,-0.250814,-0.021527,-0.091509,-0.251448,-0.008729,-0.117209,-0.165445,-0.007473,-0.121105,-0.234052
2026-05-25 15:47:59.186,54.099948,0.000000,0.000000,0.000000,-0.100789,-0.094956,-0.252082,0.057736,-0.088063,-0.250814,-0.021527,-0.091509,-0.251448,-0.008734,-0.117095,-0.166156,-0.007473,-0.121105,-0.234052
2026-05-25 15:47:59.286,54.199948,0.000000,0.000000,0.000000,-0.100789,-0.094956,-0.252082,0.057736,-0.088063,-0.250814,-0.021527,-0.091509,-0.251448,-0.008729,-0.117209,-0.165445,-0.007473,-0.121105,-0.234052
2026-05-25 15:47:59.386,54.299948,0.000000,0.000000,0.000000,-0.100789,-0.094956,-0.252082,0.057736,-0.088063,-0.250814,-0.021527,-0.091509,-0.251448,-0.008734,-0.117095,-0.166156,-0.007473,-0.121105,-0.234052
2026-05-25 15:47:59.486,54.399948,0.000000,0.000000,0.000000,-0.100911,-0.093881,-0.252134,0.057736,-0.088063,-0.250814,-0.021588,-0.090972,-0.251474,-0.008734,-0.117095,-0.166156,-0.007473,-0.121105,-0.234052
2026-05-25 15:47:59.586,54.499948,0.000000,0.000000,0.000000,-0.100789,-0.094956,-0.252082,0.057736,-0.088063,-0.250814,-0.021527,-0.091509,-0.251448,-0.008734,-0.117095,-0.166156,-0.007473,-0.121105,-0.234052
2026-05-25 15:47:59.686,54.599948,0.000000,0.000000,0.000000,-0.100789,-0.094956,-0.252082,0.057736,-0.088063,-0.250814,-0.021527,-0.091509,-0.251448,-0.008734,-0.117095,-0.166156,-0.007473,-0.121105,-0.234052
2026-05-25 15:47:59.786,54.699948,0.000000,0.000000,0.000000,-0.100789,-0.094956,-0.252082,0.057736,-0.088063,-0.250814,-0.021527,-0.091509,-0.251448,-0.008734,-0.117095,-0.166156,-0.007473,-0.121105,-0.234052
2026-05-25 15:47:59.886,54.799948,0.000000,0.000000,0.000000,-0.100911,-0.093881,-0.252134,0.057736,-0.088063,-0.250814,-0.021588,-0.090972,-0.251474,-0.008734,-0.117095,-0.166156,-0.007473,-0.121105,-0.234052
2026-05-25 15:47:59.986,54.899948,0.000000,0.000000,0.000000,-0.100789,-0.094956,-0.252082,0.057736,-0.088063,-0.250814,-0.021527,-0.091509,-0.251448,-0.008734,-0.117095,-0.166156,-0.007473,-0.121105,-0.234052
2026-05-25 15:48:00.086,54.999948,0.000000,0.000000,0.000000,-0.100911,-0.093881,-0.252134,0.057736,-0.088063,-0.250814,-0.021588,-0.090972,-0.251474,-0.008734,-0.117095,-0.166156,-0.007473,-0.121105,-0.234052
2026-05-25 15:48:00.186,55.099947,0.000000,0.000000,0.000000,-0.100911,-0.093881,-0.252134,0.057866,-0.086967,-0.250864,-0.021523,-0.090424,-0.251499,-0.008734,-0.117095,-0.166156,-0.007473,-0.121105,-0.234052
2026-05-25 15:48:00.286,55.199947,0.000000,0.000000,0.000000,-0.100789,-0.094956,-0.252082,0.057736,-0.088063,-0.250814,-0.021527,-0.091509,-0.251448,-0.008734,-0.117095,-0.166156,-0.007473,-0.121105,-0.234052
2026-05-25 15:48:00.386,55.299947,0.000000,0.000000,0.000000,-0.100789,-0.094956,-0.252082,0.057736,-0.088063,-0.250814,-0.021527,-0.091509,-0.251448,-0.008734,-0.117095,-0.166156,-0.007473,-0.121105,-0.234052
2026-05-25 15:48:00.486,55.399947,0.000000,0.000000,0.000000,-0.100911,-0.093881,-0.252134,0.057736,-0.088063,-0.250814,-0.021588,-0.090972,-0.251474,-0.008018,-0.117034,-0.166151,-0.007473,-0.121105,-0.234052
2026-05-25 15:48:00.586,55.499947,0.000000,0.000000,0.000000,-0.100789,-0.094956,-0.252082,0.057736,-0.088063,-0.250814,-0.021527,-0.091509,-0.251448,-0.008018,-0.117034,-0.166151,-0.007500,-0.122188,-0.234027
2026-05-25 15:48:00.686,55.599947,0.000000,0.000000,0.000000,-0.100789,-0.094956,-0.252082,0.057606,-0.089159,-0.250764,-0.021592,-0.092057,-0.251423,-0.008734,-0.117095,-0.166156,-0.007473,-0.121105,-0.234052
2026-05-25 15:48:00.786,55.699947,0.000000,0.000000,0.000000,-0.100789,-0.094956,-0.252082,0.057736,-0.088063,-0.250814,-0.021527,-0.091509,-0.251448,-0.008018,-0.117034,-0.166151,-0.007473,-0.121105,-0.234052
2026-05-25 15:48:00.886,55.799947,0.000000,0.000000,0.000000,-0.100789,-0.094956,-0.252082,0.057736,-0.088063,-0.250814,-0.021527,-0.091509,-0.251448,-0.008734,-0.117095,-0.166156,-0.007500,-0.122188,-0.234027
2026-05-25 15:48:00.986,55.899947,0.000000,0.000000,0.000000,-0.100789,-0.094956,-0.252082,0.057606,-0.089159,-0.250764,-0.021592,-0.092057,-0.251423,-0.008734,-0.117095,-0.166156,-0.007500,-0.122188,-0.234027
2026-05-25 15:48:01.086,55.999947,0.000000,0.000000,0.000000,-0.100789,-0.094956,-0.252082,0.057736,-0.088063,-0.250814,-0.021527,-0.091509,-0.251448,-0.008734,-0.117095,-0.166156,-0.006801,-0.122129,-0.234023
2026-05-25 15:48:01.186,56.099946,0.000000,0.000000,0.000000,-0.100789,-0.094956,-0.252082,0.057866,-0.086967,-0.250864,-0.021462,-0.090962,-0.251473,-0.008734,-0.117095,-0.166156,-0.006801,-0.122129,-0.234023
2026-05-25 15:48:01.286,56.199946,0.000000,0.000000,0.000000,-0.100789,-0.094956,-0.252082,0.057736,-0.088063,-0.250814,-0.021527,-0.091509,-0.251448,-0.008734,-0.117095,-0.166156,-0.006801,-0.122129,-0.234023
2026-05-25 15:48:01.386,56.299946,0.000000,0.000000,0.000000,-0.100789,-0.094956,-0.252082,0.057736,-0.088063,-0.250814,-0.021527,-0.091509,-0.251448,-0.008018,-0.117034,-0.166151,-0.006829,-0.123212,-0.233998
2026-05-25 15:48:01.486,56.399946,0.000000,0.000000,0.000000,-0.100667,-0.096031,-0.252030,0.057736,-0.088063,-0.250814,-0.021466,-0.092047,-0.251422,-0.008018,-0.117034,-0.166151,-0.006829,-0.123212,-0.233998
2026-05-25 15:48:01.586,56.499946,0.000000,0.000000,0.000000,-0.100911,-0.093881,-0.252134,0.057736,-0.088063,-0.250814,-0.021588,-0.090972,-0.251474,-0.008043,-0.118099,-0.166237,-0.006801,-0.122129,-0.234023
2026-05-25 15:48:01.686,56.599946,0.000000,0.000000,0.000000,-0.100789,-0.094956,-0.252082,0.057606,-0.089159,-0.250764,-0.021592,-0.092057,-0.251423,-0.008018,-0.117034,-0.166151,-0.006801,-0.122129,-0.234023
2026-05-25 15:48:01.786,56.699946,0.000000,0.000000,0.000000,-0.100911,-0.093881,-0.252134,0.057736,-0.088063,-0.250814,-0.021588,-0.090972,-0.251474,-0.008030,-0.117567,-0.166194,-0.006801,-0.122129,-0.234023
2026-05-25 15:48:01.886,56.799946,0.000000,0.000000,0.000000,-0.100911,-0.093881,-0.252134,0.057736,-0.088063,-0.250814,-0.021588,-0.090972,-0.251474,-0.008018,-0.117034,-0.166151,-0.006801,-0.122129,-0.234023
2026-05-25 15:48:01.986,56.899946,0.000000,0.000000,0.000000,-0.100789,-0.094956,-0.252082,0.057736,-0.088063,-0.250814,-0.021527,-0.091509,-0.251448,-0.008048,-0.117985,-0.166947,-0.006829,-0.123212,-0.233998
2026-05-25 15:48:02.086,56.999946,0.000000,0.000000,0.000000,-0.100789,-0.094956,-0.252082,0.057736,-0.088063,-0.250814,-0.021527,-0.091509,-0.251448,-0.008030,-0.117567,-0.166194,-0.006768,-0.121158,-0.233353
2026-05-25 15:48:02.186,57.099946,0.000000,0.000000,0.000000,-0.100789,-0.094956,-0.252082,0.057736,-0.088063,-0.250814,-0.021527,-0.091509,-0.251448,-0.007333,-0.117925,-0.166943,-0.006829,-0.123212,-0.233998
2026-05-25 15:48:02.286,57.199945,0.000000,0.000000,0.000000,-0.100789,-0.094956,-0.252082,0.057736,-0.088063,-0.250814,-0.021527,-0.091509,-0.251448,-0.007333,-0.117925,-0.166943,-0.006829,-0.123212,-0.233998
2026-05-25 15:48:02.386,57.299945,0.000000,0.000000,0.000000,-0.100911,-0.093881,-0.252134,0.057606,-0.089159,-0.250764,-0.021653,-0.091520,-0.251449,-0.007333,-0.117925,-0.166943,-0.006829,-0.123212,-0.233998
2026-05-25 15:48:02.486,57.399945,0.000000,0.000000,0.000000,-0.100789,-0.094956,-0.252082,0.057736,-0.088063,-0.250814,-0.021527,-0.091509,-0.251448,-0.007333,-0.117925,-0.166943,-0.006829,-0.123212,-0.233998
2026-05-25 15:48:02.586,57.499945,0.000000,0.000000,0.000000,-0.100789,-0.094956,-0.252082,0.057736,-0.088063,-0.250814,-0.021527,-0.091509,-0.251448,-0.007333,-0.117925,-0.166943,-0.006829,-0.123212,-0.233998
2026-05-25 15:48:02.686,57.599945,0.000000,0.000000,0.000000,-0.100911,-0.093881,-0.252134,0.057736,-0.088063,-0.250814,-0.021588,-0.090972,-0.251474,-0.007333,-0.117925,-0.166943,-0.006857,-0.124295,-0.233974
2026-05-25 15:48:02.786,57.699945,0.000000,0.000000,0.000000,-0.100789,-0.094956,-0.252082,0.057606,-0.089159,-0.250764,-0.021592,-0.092057,-0.251423,-0.006617,-0.117864,-0.166939,-0.006857,-0.124295,-0.233974
2026-05-25 15:48:02.886,57.799945,0.000000,0.000000,0.000000,-0.100789,-0.094956,-0.252082,0.057736,-0.088063,-0.250814,-0.021527,-0.091509,-0.251448,-0.006617,-0.117864,-0.166939,-0.006857,-0.124295,-0.233974
2026-05-25 15:48:02.986,57.899945,0.000000,0.000000,0.000000,-0.100911,-0.093881,-0.252134,0.057736,-0.088063,-0.250814,-0.021588,-0.090972,-0.251474,-0.006617,-0.117864,-0.166939,-0.006857,-0.124295,-0.233974
2026-05-25 15:48:03.086,57.999945,0.000000,0.000000,0.000000,-0.100911,-0.093881,-0.252134,0.057736,-0.088063,-0.250814,-0.021588,-0.090972,-0.251474,-0.005931,-0.118869,-0.167019,-0.006857,-0.124295,-0.233974
2026-05-25 15:48:03.186,58.099945,0.000000,0.000000,0.000000,-0.100789,-0.094956,-0.252082,0.057736,-0.088063,-0.250814,-0.021527,-0.091509,-0.251448,-0.005936,-0.118755,-0.167728,-0.006885,-0.125378,-0.233949
2026-05-25 15:48:03.286,58.199944,0.000000,0.000000,0.000000,-0.100789,-0.094956,-0.252082,0.057736,-0.088063,-0.250814,-0.021527,-0.091509,-0.251448,-0.005907,-0.117690,-0.167644,-0.006885,-0.125378,-0.233949
2026-05-25 15:48:03.386,58.299944,0.000000,0.000000,0.000000,-0.100789,-0.094956,-0.252082,0.057736,-0.088063,-0.250814,-0.021527,-0.091509,-0.251448,-0.005936,-0.118755,-0.167728,-0.006885,-0.125378,-0.233949
2026-05-25 15:48:03.486,58.399944,0.000000,0.000000,0.000000,-0.100911,-0.093881,-0.252134,0.057736,-0.088063,-0.250814,-0.021588,-0.090972,-0.251474,-0.005936,-0.118755,-0.167728,-0.006913,-0.126461,-0.233925
2026-05-25 15:48:03.586,58.499944,0.000000,0.000000,0.000000,-0.100789,-0.094956,-0.252082,0.057736,-0.088063,-0.250814,-0.021527,-0.091509,-0.251448,-0.005999,-0.120773,-0.168602,-0.006913,-0.126461,-0.233925
2026-05-25 15:48:03.686,58.599944,0.000000,0.000000,0.000000,-0.100789,-0.094956,-0.252082,0.057736,-0.088063,-0.250814,-0.021527,-0.091509,-0.251448,-0.005970,-0.119707,-0.168519,-0.006913,-0.126461,-0.233925
2026-05-25 15:48:03.786,58.699944,0.000000,0.000000,0.000000,-0.100911,-0.093881,-0.252134,0.057606,-0.089159,-0.250764,-0.021653,-0.091520,-0.251449,-0.005257,-0.119647,-0.168515,-0.006913,-0.126461,-0.233925
2026-05-25 15:48:03.886,58.799944,0.000000,0.000000,0.000000,-0.100789,-0.094956,-0.252082,0.057736,-0.088063,-0.250814,-0.021527,-0.091509,-0.251448,-0.005292,-0.120599,-0.169304,-0.006913,-0.126461,-0.233925
2026-05-25 15:48:03.986,58.899944,0.000000,0.000000,0.000000,-0.100789,-0.094956,-0.252082,0.057736,-0.088063,-0.250814,-0.021527,-0.091509,-0.251448,-0.005292,-0.120599,-0.169304,-0.006946,-0.127433,-0.234588
2026-05-25 15:48:04.086,58.999944,0.000000,0.000000,0.000000,-0.100789,-0.094956,-0.252082,0.057736,-0.088063,-0.250814,-0.021527,-0.091509,-0.251448,-0.005322,-0.121665,-0.169385,-0.006946,-0.127433,-0.234588
2026-05-25 15:48:04.186,59.099944,0.000000,0.000000,0.000000,-0.100789,-0.094956,-0.252082,0.057606,-0.089159,-0.250764,-0.021592,-0.092057,-0.251423,-0.005297,-0.120486,-0.170010,-0.006974,-0.128516,-0.234563
2026-05-25 15:48:04.286,59.199944,0.000000,0.000000,0.000000,-0.100789,-0.094956,-0.252082,0.057736,-0.088063,-0.250814,-0.021527,-0.091509,-0.251448,-0.005327,-0.121552,-0.170090,-0.006974,-0.128516,-0.234563
2026-05-25 15:48:04.386,59.299943,0.000000,0.000000,0.000000,-0.100789,-0.094956,-0.252082,0.057736,-0.088063,-0.250814,-0.021527,-0.091509,-0.251448,-0.005297,-0.120486,-0.170010,-0.006946,-0.127433,-0.234588
2026-05-25 15:48:04.486,59.399943,0.000000,0.000000,0.000000,-0.100789,-0.094956,-0.252082,0.057736,-0.088063,-0.250814,-0.021527,-0.091509,-0.251448,-0.005297,-0.120486,-0.170010,-0.006946,-0.127433,-0.234588
2026-05-25 15:48:04.586,59.499943,0.000000,0.000000,0.000000,-0.100789,-0.094956,-0.252082,0.057606,-0.089159,-0.250764,-0.021592,-0.092057,-0.251423,-0.005297,-0.120486,-0.170010,-0.006960,-0.127975,-0.234575
2026-05-25 15:48:04.686,59.599943,0.000000,0.000000,0.000000,-0.100911,-0.093881,-0.252134,0.057606,-0.089159,-0.250764,-0.021653,-0.091520,-0.251449,-0.005297,-0.120486,-0.170010,-0.006946,-0.127433,-0.234588
2026-05-25 15:48:04.786,59.699943,0.000000,0.000000,0.000000,-0.100789,-0.094956,-0.252082,0.057736,-0.088063,-0.250814,-0.021527,-0.091509,-0.251448,-0.005297,-0.120486,-0.170010,-0.006946,-0.127433,-0.234588
2026-05-25 15:48:04.886,59.799943,0.000000,0.000000,0.000000,-0.100911,-0.093881,-0.252134,0.057736,-0.088063,-0.250814,-0.021588,-0.090972,-0.251474,-0.005297,-0.120486,-0.170010,-0.006946,-0.127433,-0.234588
2026-05-25 15:48:04.986,59.899943,0.000000,0.000000,0.000000,-0.100789,-0.094956,-0.252082,0.057606,-0.089159,-0.250764,-0.021592,-0.092057,-0.251423,-0.005327,-0.121552,-0.170090,-0.006946,-0.127433,-0.234588
2026-05-25 15:48:05.086,59.999943,0.000000,0.000000,0.000000,-0.100789,-0.094956,-0.252082,0.057736,-0.088063,-0.250814,-0.021527,-0.091509,-0.251448,-0.005297,-0.120486,-0.170010,-0.006974,-0.128516,-0.234563
2026-05-25 15:48:05.186,60.099943,0.000000,0.000000,0.000000,-0.100911,-0.093881,-0.252134,0.057736,-0.088063,-0.250814,-0.021588,-0.090972,-0.251474,-0.005297,-0.120486,-0.170010,-0.006946,-0.127433,-0.234588
2026-05-25 15:48:05.286,60.199943,0.000000,0.000000,0.000000,-0.100789,-0.094956,-0.252082,0.057866,-0.086967,-0.250864,-0.021462,-0.090962,-0.251473,-0.005297,-0.120486,-0.170010,-0.006946,-0.127433,-0.234588
2026-05-25 15:48:05.386,60.299942,0.000000,0.000000,0.000000,-0.100789,-0.094956,-0.252082,0.057736,-0.088063,-0.250814,-0.021527,-0.091509,-0.251448,-0.005297,-0.120486,-0.170010,-0.006960,-0.127975,-0.234575
2026-05-25 15:48:05.486,60.399942,0.000000,0.000000,0.000000,-0.100789,-0.094956,-0.252082,0.057736,-0.088063,-0.250814,-0.021527,-0.091509,-0.251448,-0.005297,-0.120486,-0.170010,-0.006946,-0.127433,-0.234588
2026-05-25 15:48:05.586,60.499942,0.000000,0.000000,0.000000,-0.100789,-0.094956,-0.252082,0.057736,-0.088063,-0.250814,-0.021527,-0.091509,-0.251448,-0.005297,-0.120486,-0.170010,-0.006974,-0.128516,-0.234563
2026-05-25 15:48:05.686,60.599942,0.000000,0.000000,0.000000,-0.100789,-0.094956,-0.252082,0.057606,-0.089159,-0.250764,-0.021592,-0.092057,-0.251423,-0.005297,-0.120486,-0.170010,-0.006946,-0.127433,-0.234588
2026-05-25 15:48:05.786,60.699942,0.000000,0.000000,0.000000,-0.100789,-0.094956,-0.252082,0.057736,-0.088063,-0.250814,-0.021527,-0.091509,-0.251448,-0.005297,-0.120486,-0.170010,-0.006946,-0.127433,-0.234588
2026-05-25 15:48:05.886,60.799942,0.000000,0.000000,0.000000,-0.100789,-0.094956,-0.252082,0.057736,-0.088063,-0.250814,-0.021527,-0.091509,-0.251448,-0.005278,-0.119192,-0.171345,-0.006946,-0.127433,-0.234588
2026-05-25 15:48:05.986,60.899942,0.000000,0.000000,0.000000,-0.100789,-0.094956,-0.252082,0.057736,-0.088063,-0.250814,-0.021527,-0.091509,-0.251448,-0.005313,-0.120145,-0.172129,-0.006946,-0.127433,-0.234588
2026-05-25 15:48:06.086,60.999942,0.000000,0.000000,0.000000,-0.100789,-0.094956,-0.252082,0.057736,-0.088063,-0.250814,-0.021527,-0.091509,-0.251448,-0.005319,-0.120032,-0.172836,-0.006946,-0.127433,-0.234588
2026-05-25 15:48:06.186,61.099942,0.000000,0.000000,0.000000,-0.100911,-0.093881,-0.252134,0.057866,-0.086967,-0.250864,-0.021523,-0.090424,-0.251499,-0.004612,-0.119858,-0.173538,-0.006918,-0.126350,-0.234614
2026-05-25 15:48:06.286,61.199942,0.000000,0.000000,0.000000,-0.100911,-0.093881,-0.252134,0.057606,-0.089159,-0.250764,-0.021653,-0.091520,-0.251449,-0.003900,-0.119798,-0.173533,-0.006918,-0.126350,-0.234614
2026-05-25 15:48:06.386,61.299942,0.000000,0.000000,0.000000,-0.100911,-0.093881,-0.252134,0.057606,-0.089159,-0.250764,-0.021653,-0.091520,-0.251449,-0.003193,-0.119624,-0.174235,-0.006918,-0.126350,-0.234614
2026-05-25 15:48:06.486,61.399941,0.000000,0.000000,0.000000,-0.100911,-0.093881,-0.252134,0.057606,-0.089159,-0.250764,-0.021653,-0.091520,-0.251449,-0.002486,-0.119450,-0.174937,-0.006946,-0.127433,-0.234588
2026-05-25 15:48:06.586,61.499941,0.000000,0.000000,0.000000,-0.100911,-0.093881,-0.252134,0.057736,-0.088063,-0.250814,-0.021588,-0.090972,-0.251474,-0.002457,-0.118269,-0.175573,-0.006946,-0.127433,-0.234588
2026-05-25 15:48:06.686,61.599941,0.000000,0.000000,0.000000,-0.100789,-0.094956,-0.252082,0.057736,-0.088063,-0.250814,-0.021527,-0.091509,-0.251448,-0.001744,-0.118208,-0.175568,-0.006918,-0.126350,-0.234614
2026-05-25 15:48:06.786,61.699941,0.000000,0.000000,0.000000,-0.100789,-0.094956,-0.252082,0.057736,-0.088063,-0.250814,-0.021527,-0.091509,-0.251448,-0.001073,-0.119103,-0.176341,-0.006932,-0.126892,-0.234601
2026-05-25 15:48:06.886,61.799941,0.000000,0.000000,0.000000,-0.100911,-0.093881,-0.252134,0.057606,-0.089159,-0.250764,-0.021653,-0.091520,-0.251449,-0.001073,-0.119103,-0.176341,-0.006946,-0.127433,-0.234588
2026-05-25 15:48:06.986,61.899941,0.000000,0.000000,0.000000,-0.100789,-0.094956,-0.252082,0.057736,-0.088063,-0.250814,-0.021527,-0.091509,-0.251448,-0.001073,-0.119103,-0.176341,-0.006918,-0.126350,-0.234614
2026-05-25 15:48:07.086,61.999941,0.000000,0.000000,0.000000,-0.100911,-0.093881,-0.252134,0.057736,-0.088063,-0.250814,-0.021588,-0.090972,-0.251474,-0.001073,-0.119103,-0.176341,-0.006918,-0.126350,-0.234614
2026-05-25 15:48:07.186,62.099941,0.000000,0.000000,0.000000,-0.100789,-0.094956,-0.252082,0.057736,-0.088063,-0.250814,-0.021527,-0.091509,-0.251448,-0.001073,-0.119103,-0.176341,-0.006918,-0.126350,-0.234614
2026-05-25 15:48:07.286,62.199941,0.000000,0.000000,0.000000,-0.100911,-0.093881,-0.252134,0.057736,-0.088063,-0.250814,-0.021588,-0.090972,-0.251474,-0.001073,-0.119103,-0.176341,-0.006946,-0.127433,-0.234588
2026-05-25 15:48:07.386,62.299941,0.000000,0.000000,0.000000,-0.100911,-0.093881,-0.252134,0.057606,-0.089159,-0.250764,-0.021653,-0.091520,-0.251449,-0.001073,-0.119103,-0.176341,-0.006946,-0.127433,-0.234588
2026-05-25 15:48:07.486,62.399940,0.000000,0.000000,0.000000,-0.100789,-0.094956,-0.252082,0.057736,-0.088063,-0.250814,-0.021527,-0.091509,-0.251448,-0.001073,-0.119103,-0.176341,-0.006946,-0.127433,-0.234588
2026-05-25 15:48:07.586,62.499940,0.000000,0.000000,0.000000,-0.100789,-0.094956,-0.252082,0.057736,-0.088063,-0.250814,-0.021527,-0.091509,-0.251448,-0.001073,-0.119103,-0.176341,-0.006946,-0.127433,-0.234588
2026-05-25 15:48:07.686,62.599940,0.000000,0.000000,0.000000,-0.100789,-0.094956,-0.252082,0.057606,-0.089159,-0.250764,-0.021592,-0.092057,-0.251423,-0.001073,-0.119103,-0.176341,-0.006918,-0.126350,-0.234614
2026-05-25 15:48:07.786,62.699940,0.000000,0.000000,0.000000,-0.100911,-0.093881,-0.252134,0.057736,-0.088063,-0.250814,-0.021588,-0.090972,-0.251474,-0.001073,-0.119103,-0.176341,-0.006918,-0.126350,-0.234614
2026-05-25 15:48:07.886,62.799940,0.000000,0.000000,0.000000,-0.100789,-0.094956,-0.252082,0.057736,-0.088063,-0.250814,-0.021527,-0.091509,-0.251448,-0.001073,-0.119103,-0.176341,-0.006946,-0.127433,-0.234588
2026-05-25 15:48:07.986,62.899940,0.000000,0.000000,0.000000,-0.100789,-0.094956,-0.252082,0.057606,-0.089159,-0.250764,-0.021592,-0.092057,-0.251423,-0.001073,-0.119103,-0.176341,-0.006918,-0.126350,-0.234614
2026-05-25 15:48:08.086,62.999940,0.000000,0.000000,0.000000,-0.100789,-0.094956,-0.252082,0.057736,-0.088063,-0.250814,-0.021527,-0.091509,-0.251448,-0.001073,-0.119103,-0.176341,-0.006918,-0.126350,-0.234614
2026-05-25 15:48:08.186,63.099940,0.000000,0.000000,0.000000,-0.100789,-0.094956,-0.252082,0.057606,-0.089159,-0.250764,-0.021592,-0.092057,-0.251423,-0.001073,-0.119103,-0.176341,-0.006946,-0.127433,-0.234588
2026-05-25 15:48:08.286,63.199940,0.000000,0.000000,0.000000,-0.100789,-0.094956,-0.252082,0.057606,-0.089159,-0.250764,-0.021592,-0.092057,-0.251423,-0.001073,-0.119103,-0.176341,-0.006946,-0.127433,-0.234588
2026-05-25 15:48:08.386,63.299940,0.000000,0.000000,0.000000,-0.100911,-0.093881,-0.252134,0.057736,-0.088063,-0.250814,-0.021588,-0.090972,-0.251474,-0.001073,-0.119103,-0.176341,-0.006918,-0.126350,-0.234614
2026-05-25 15:48:08.486,63.399940,0.000000,0.000000,0.000000,-0.100911,-0.093881,-0.252134,0.057736,-0.088063,-0.250814,-0.021588,-0.090972,-0.251474,-0.001036,-0.118034,-0.176271,-0.006918,-0.126350,-0.234614
2026-05-25 15:48:08.586,63.499939,0.000000,0.000000,0.000000,-0.100911,-0.093881,-0.252134,0.057606,-0.089159,-0.250764,-0.021653,-0.091520,-0.251449,-0.001036,-0.118034,-0.176271,-0.006932,-0.126892,-0.234601
2026-05-25 15:48:08.686,63.599939,0.000000,0.000000,0.000000,-0.100789,-0.094956,-0.252082,0.057606,-0.089159,-0.250764,-0.021592,-0.092057,-0.251423,-0.001073,-0.119103,-0.176341,-0.006946,-0.127433,-0.234588
2026-05-25 15:48:08.786,63.699939,0.000000,0.000000,0.000000,-0.100789,-0.094956,-0.252082,0.057606,-0.089159,-0.250764,-0.021592,-0.092057,-0.251423,-0.001073,-0.119103,-0.176341,-0.006946,-0.127433,-0.234588
2026-05-25 15:48:08.886,63.799939,0.000000,0.000000,0.000000,-0.100789,-0.094956,-0.252082,0.057736,-0.088063,-0.250814,-0.021527,-0.091509,-0.251448,-0.001073,-0.119103,-0.176341,-0.006918,-0.126350,-0.234614
2026-05-25 15:48:08.986,63.899939,0.000000,0.000000,0.000000,-0.100911,-0.093881,-0.252134,0.057736,-0.088063,-0.250814,-0.021588,-0.090972,-0.251474,-0.001073,-0.119103,-0.176341,-0.006946,-0.127433,-0.234588
2026-05-25 15:48:09.086,63.999939,0.000000,0.000000,0.000000,-0.100789,-0.094956,-0.252082,0.057606,-0.089159,-0.250764,-0.021592,-0.092057,-0.251423,-0.001036,-0.118034,-0.176271,-0.006918,-0.126350,-0.234614
2026-05-25 15:48:09.186,64.099939,0.000000,0.000000,0.000000,-0.100789,-0.094956,-0.252082,0.057606,-0.089159,-0.250764,-0.021592,-0.092057,-0.251423,-0.001036,-0.118034,-0.176271,-0.006918,-0.126350,-0.234614
2026-05-25 15:48:09.286,64.199939,0.000000,0.000000,0.000000,-0.100789,-0.094956,-0.252082,0.057736,-0.088063,-0.250814,-0.021527,-0.091509,-0.251448,-0.001073,-0.119103,-0.176341,-0.006918,-0.126350,-0.234614
2026-05-25 15:48:09.386,64.299939,0.000000,0.000000,0.000000,-0.100789,-0.094956,-0.252082,0.057736,-0.088063,-0.250814,-0.021527,-0.091509,-0.251448,-0.001073,-0.119103,-0.176341,-0.006890,-0.125267,-0.234640
2026-05-25 15:48:09.486,64.399939,0.000000,0.000000,0.000000,-0.100789,-0.094956,-0.252082,0.057736,-0.088063,-0.250814,-0.021527,-0.091509,-0.251448,-0.001036,-0.118034,-0.176271,-0.006918,-0.126350,-0.234614
2026-05-25 15:48:09.586,64.499938,0.000000,0.000000,0.000000,-0.100911,-0.093881,-0.252134,0.057736,-0.088063,-0.250814,-0.021588,-0.090972,-0.251474,-0.001073,-0.119103,-0.176341,-0.006890,-0.125267,-0.234640
2026-05-25 15:48:09.686,64.599938,0.000000,0.000000,0.000000,-0.100911,-0.093881,-0.252134,0.057736,-0.088063,-0.250814,-0.021588,-0.090972,-0.251474,-0.001073,-0.119103,-0.176341,-0.006918,-0.126350,-0.234614
2026-05-25 15:48:09.786,64.699938,0.000000,0.000000,0.000000,-0.100911,-0.093881,-0.252134,0.057606,-0.089159,-0.250764,-0.021653,-0.091520,-0.251449,-0.001073,-0.119103,-0.176341,-0.006918,-0.126350,-0.234614
2026-05-25 15:48:09.886,64.799938,0.000000,0.000000,0.000000,-0.100911,-0.093881,-0.252134,0.057736,-0.088063,-0.250814,-0.021588,-0.090972,-0.251474,-0.001073,-0.119103,-0.176341,-0.006946,-0.127433,-0.234588
2026-05-25 15:48:09.986,64.899938,0.000000,0.000000,0.000000,-0.100789,-0.094956,-0.252082,0.057736,-0.088063,-0.250814,-0.021527,-0.091509,-0.251448,-0.001073,-0.119103,-0.176341,-0.006946,-0.127433,-0.234588
2026-05-25 15:48:10.086,64.999938,0.000000,0.000000,0.000000,-0.100789,-0.094956,-0.252082,0.057736,-0.088063,-0.250814,-0.021527,-0.091509,-0.251448,-0.001036,-0.118034,-0.176271,-0.006946,-0.127433,-0.234588
2026-05-25 15:48:10.186,65.099938,0.000000,0.000000,0.000000,-0.100789,-0.094956,-0.252082,0.057736,-0.088063,-0.250814,-0.021527,-0.091509,-0.251448,-0.001073,-0.119103,-0.176341,-0.006918,-0.126350,-0.234614
2026-05-25 15:48:10.286,65.199938,0.000000,0.000000,0.000000,-0.100789,-0.094956,-0.252082,0.057736,-0.088063,-0.250814,-0.021527,-0.091509,-0.251448,-0.001036,-0.118034,-0.176271,-0.006918,-0.126350,-0.234614
2026-05-25 15:48:10.386,65.299938,0.000000,0.000000,0.000000,-0.100911,-0.093881,-0.252134,0.057606,-0.089159,-0.250764,-0.021653,-0.091520,-0.251449,-0.001073,-0.119103,-0.176341,-0.006946,-0.127433,-0.234588
2026-05-25 15:48:10.486,65.399938,0.000000,0.000000,0.000000,-0.100789,-0.094956,-0.252082,0.057736,-0.088063,-0.250814,-0.021527,-0.091509,-0.251448,-0.001073,-0.119103,-0.176341,-0.006946,-0.127433,-0.234588
2026-05-25 15:48:10.586,65.499938,0.000000,0.000000,0.000000,-0.100789,-0.094956,-0.252082,0.057736,-0.088063,-0.250814,-0.021527,-0.091509,-0.251448,-0.001073,-0.119103,-0.176341,-0.006918,-0.126350,-0.234614
2026-05-25 15:48:10.686,65.599937,0.000000,0.000000,0.000000,-0.100789,-0.094956,-0.252082,0.057736,-0.088063,-0.250814,-0.021527,-0.091509,-0.251448,-0.001036,-0.118034,-0.176271,-0.006918,-0.126350,-0.234614
2026-05-25 15:48:10.786,65.699937,0.000000,0.000000,0.000000,-0.100789,-0.094956,-0.252082,0.057606,-0.089159,-0.250764,-0.021592,-0.092057,-0.251423,-0.001073,-0.119103,-0.176341,-0.006918,-0.126350,-0.234614
2026-05-25 15:48:10.886,65.799937,0.000000,0.000000,0.000000,-0.100789,-0.094956,-0.252082,0.057606,-0.089159,-0.250764,-0.021592,-0.092057,-0.251423,-0.001073,-0.119103,-0.176341,-0.006918,-0.126350,-0.234614
2026-05-25 15:48:10.986,65.899937,0.000000,0.000000,0.000000,-0.100911,-0.093881,-0.252134,0.057736,-0.088063,-0.250814,-0.021588,-0.090972,-0.251474,-0.001073,-0.119103,-0.176341,-0.006918,-0.126350,-0.234614
2026-05-25 15:48:11.086,65.999937,0.000000,0.000000,0.000000,-0.100789,-0.094956,-0.252082,0.057606,-0.089159,-0.250764,-0.021592,-0.092057,-0.251423,-0.001073,-0.119103,-0.176341,-0.006918,-0.126350,-0.234614
2026-05-25 15:48:11.186,66.099937,0.000000,0.000000,0.000000,-0.100911,-0.093881,-0.252134,0.057736,-0.088063,-0.250814,-0.021588,-0.090972,-0.251474,-0.001073,-0.119103,-0.176341,-0.006918,-0.126350,-0.234614
2026-05-25 15:48:11.286,66.199937,0.000000,0.000000,0.000000,-0.100911,-0.093881,-0.252134,0.057736,-0.088063,-0.250814,-0.021588,-0.090972,-0.251474,-0.001036,-0.118034,-0.176271,-0.006918,-0.126350,-0.234614
2026-05-25 15:48:11.386,66.299937,0.000000,0.000000,0.000000,-0.100789,-0.094956,-0.252082,0.057736,-0.088063,-0.250814,-0.021527,-0.091509,-0.251448,-0.001036,-0.118034,-0.176271,-0.006946,-0.127433,-0.234588
2026-05-25 15:48:11.486,66.399937,0.000000,0.000000,0.000000,-0.100789,-0.094956,-0.252082,0.057606,-0.089159,-0.250764,-0.021592,-0.092057,-0.251423,-0.001054,-0.118569,-0.176306,-0.006918,-0.126350,-0.234614
2026-05-25 15:48:11.586,66.499937,0.000000,0.000000,0.000000,-0.100789,-0.094956,-0.252082,0.057606,-0.089159,-0.250764,-0.021592,-0.092057,-0.251423,-0.001073,-0.119103,-0.176341,-0.006918,-0.126350,-0.234614
2026-05-25 15:48:11.686,66.599936,0.000000,0.000000,0.000000,-0.100789,-0.094956,-0.252082,0.057736,-0.088063,-0.250814,-0.021527,-0.091509,-0.251448,-0.001073,-0.119103,-0.176341,-0.006918,-0.126350,-0.234614
2026-05-25 15:48:11.786,66.699936,0.000000,0.000000,0.000000,-0.100789,-0.094956,-0.252082,0.057736,-0.088063,-0.250814,-0.021527,-0.091509,-0.251448,-0.001073,-0.119103,-0.176341,-0.006918,-0.126350,-0.234614
2026-05-25 15:48:11.886,66.799936,0.000000,0.000000,0.000000,-0.100789,-0.094956,-0.252082,0.057736,-0.088063,-0.250814,-0.021527,-0.091509,-0.251448,-0.001790,-0.119050,-0.177052,-0.006946,-0.127433,-0.234588
2026-05-25 15:48:11.986,66.899936,0.000000,0.000000,0.000000,-0.100789,-0.094956,-0.252082,0.057736,-0.088063,-0.250814,-0.021527,-0.091509,-0.251448,-0.001796,-0.118936,-0.177758,-0.006918,-0.126350,-0.234614
2026-05-25 15:48:12.086,66.999936,0.000000,0.000000,0.000000,-0.100667,-0.096031,-0.252030,0.057736,-0.088063,-0.250814,-0.021466,-0.092047,-0.251422,-0.001836,-0.119891,-0.178531,-0.006890,-0.125267,-0.234640
2026-05-25 15:48:12.186,67.099936,0.000000,0.000000,0.000000,-0.100789,-0.094956,-0.252082,0.057736,-0.088063,-0.250814,-0.021527,-0.091509,-0.251448,-0.002587,-0.120907,-0.179306,-0.006890,-0.125267,-0.234640
2026-05-25 15:48:12.286,67.199936,0.000000,0.000000,0.000000,-0.100789,-0.094956,-0.252082,0.057736,-0.088063,-0.250814,-0.021527,-0.091509,-0.251448,-0.002592,-0.120794,-0.180010,-0.006890,-0.125267,-0.234640
2026-05-25 15:48:12.386,67.299936,0.000000,0.000000,0.000000,-0.100789,-0.094956,-0.252082,0.057606,-0.089159,-0.250764,-0.021592,-0.092057,-0.251423,-0.002603,-0.120568,-0.181418,-0.007586,-0.125326,-0.234644
2026-05-25 15:48:12.486,67.399936,0.000000,0.000000,0.000000,-0.100911,-0.093881,-0.252134,0.057736,-0.088063,-0.250814,-0.021588,-0.090972,-0.251474,-0.002574,-0.119385,-0.182062,-0.007586,-0.125326,-0.234644
2026-05-25 15:48:12.586,67.499936,0.000000,0.000000,0.000000,-0.100911,-0.093881,-0.252134,0.057736,-0.088063,-0.250814,-0.021588,-0.090972,-0.251474,-0.002614,-0.120342,-0.182826,-0.007586,-0.125326,-0.234644
2026-05-25 15:48:12.686,67.599936,0.000000,0.000000,0.000000,-0.100911,-0.093881,-0.252134,0.057606,-0.089159,-0.250764,-0.021653,-0.091520,-0.251449,-0.002614,-0.120342,-0.182826,-0.007586,-0.125326,-0.234644
2026-05-25 15:48:12.786,67.699935,0.000000,0.000000,0.000000,-0.100789,-0.094956,-0.252082,0.057606,-0.089159,-0.250764,-0.021592,-0.092057,-0.251423,-0.002614,-0.120342,-0.182826,-0.007586,-0.125326,-0.234644
2026-05-25 15:48:12.886,67.799935,0.000000,0.000000,0.000000,-0.100789,-0.094956,-0.252082,0.057736,-0.088063,-0.250814,-0.021527,-0.091509,-0.251448,-0.002614,-0.120342,-0.182826,-0.007586,-0.125326,-0.234644
2026-05-25 15:48:12.986,67.899935,0.000000,0.000000,0.000000,-0.100789,-0.094956,-0.252082,0.057736,-0.088063,-0.250814,-0.021527,-0.091509,-0.251448,-0.002614,-0.120342,-0.182826,-0.007586,-0.125326,-0.234644
2026-05-25 15:48:13.086,67.999935,0.000000,0.000000,0.000000,-0.100911,-0.093881,-0.252134,0.057736,-0.088063,-0.250814,-0.021588,-0.090972,-0.251474,-0.002579,-0.119272,-0.182767,-0.007586,-0.125326,-0.234644
2026-05-25 15:48:13.186,68.099935,0.000000,0.000000,0.000000,-0.100911,-0.093881,-0.252134,0.057736,-0.088063,-0.250814,-0.021588,-0.090972,-0.251474,-0.002579,-0.119272,-0.182767,-0.007586,-0.125326,-0.234644
2026-05-25 15:48:13.286,68.199935,0.000000,0.000000,0.000000,-0.100789,-0.094956,-0.252082,0.057736,-0.088063,-0.250814,-0.021527,-0.091509,-0.251448,-0.002608,-0.120455,-0.182122,-0.007586,-0.125326,-0.234644
2026-05-25 15:48:13.386,68.299935,0.000000,0.000000,0.000000,-0.100911,-0.093881,-0.252134,0.057736,-0.088063,-0.250814,-0.021588,-0.090972,-0.251474,-0.002614,-0.120342,-0.182826,-0.007586,-0.125326,-0.234644
2026-05-25 15:48:13.486,68.399935,0.000000,0.000000,0.000000,-0.100911,-0.093881,-0.252134,0.057736,-0.088063,-0.250814,-0.021588,-0.090972,-0.251474,-0.002574,-0.119385,-0.182062,-0.007586,-0.125326,-0.234644
2026-05-25 15:48:13.586,68.499935,0.000000,0.000000,0.000000,-0.100789,-0.094956,-0.252082,0.057736,-0.088063,-0.250814,-0.021527,-0.091509,-0.251448,-0.002608,-0.120455,-0.182122,-0.007586,-0.125326,-0.234644
2026-05-25 15:48:13.686,68.599935,0.000000,0.000000,0.000000,-0.100789,-0.094956,-0.252082,0.057736,-0.088063,-0.250814,-0.021527,-0.091509,-0.251448,-0.002574,-0.119385,-0.182062,-0.007586,-0.125326,-0.234644
2026-05-25 15:48:13.786,68.699934,0.000000,0.000000,0.000000,-0.100789,-0.094956,-0.252082,0.057606,-0.089159,-0.250764,-0.021592,-0.092057,-0.251423,-0.002574,-0.119385,-0.182062,-0.007613,-0.126409,-0.234618
2026-05-25 15:48:13.886,68.799934,0.000000,0.000000,0.000000,-0.100789,-0.094956,-0.252082,0.057606,-0.089159,-0.250764,-0.021592,-0.092057,-0.251423,-0.002574,-0.119385,-0.182062,-0.007559,-0.124243,-0.234670
2026-05-25 15:48:13.986,68.899934,0.000000,0.000000,0.000000,-0.100789,-0.094956,-0.252082,0.057736,-0.088063,-0.250814,-0.021527,-0.091509,-0.251448,-0.002574,-0.119385,-0.182062,-0.007586,-0.125326,-0.234644
2026-05-25 15:48:14.086,68.999934,0.000000,0.000000,0.000000,-0.100789,-0.094956,-0.252082,0.057736,-0.088063,-0.250814,-0.021527,-0.091509,-0.251448,-0.002608,-0.120455,-0.182122,-0.007586,-0.125326,-0.234644
2026-05-25 15:48:14.186,69.099934,0.000000,0.000000,0.000000,-0.100911,-0.093881,-0.252134,0.057736,-0.088063,-0.250814,-0.021588,-0.090972,-0.251474,-0.002574,-0.119385,-0.182062,-0.007586,-0.125326,-0.234644
2026-05-25 15:48:14.286,69.199934,0.000000,0.000000,0.000000,-0.100911,-0.093881,-0.252134,0.057866,-0.086967,-0.250864,-0.021523,-0.090424,-0.251499,-0.002574,-0.119385,-0.182062,-0.007586,-0.125326,-0.234644
2026-05-25 15:48:14.386,69.299934,0.000000,0.000000,0.000000,-0.100789,-0.094956,-0.252082,0.057736,-0.088063,-0.250814,-0.021527,-0.091509,-0.251448,-0.002608,-0.120455,-0.182122,-0.007586,-0.125326,-0.234644
2026-05-25 15:48:14.486,69.399934,0.000000,0.000000,0.000000,-0.100789,-0.094956,-0.252082,0.057736,-0.088063,-0.250814,-0.021527,-0.091509,-0.251448,-0.002574,-0.119385,-0.182062,-0.007586,-0.125326,-0.234644
2026-05-25 15:48:14.586,69.499934,0.000000,0.000000,0.000000,-0.100911,-0.093881,-0.252134,0.057736,-0.088063,-0.250814,-0.021588,-0.090972,-0.251474,-0.002608,-0.120455,-0.182122,-0.007586,-0.125326,-0.234644
2026-05-25 15:48:14.686,69.599934,0.000000,0.000000,0.000000,-0.100789,-0.094956,-0.252082,0.057606,-0.089159,-0.250764,-0.021592,-0.092057,-0.251423,-0.002574,-0.119385,-0.182062,-0.007586,-0.125326,-0.234644
2026-05-25 15:48:14.786,69.699934,0.000000,0.000000,0.000000,-0.100789,-0.094956,-0.252082,0.057736,-0.088063,-0.250814,-0.021527,-0.091509,-0.251448,-0.002579,-0.119272,-0.182767,-0.007586,-0.125326,-0.234644
2026-05-25 15:48:14.886,69.799933,0.000000,0.000000,0.000000,-0.100911,-0.093881,-0.252134,0.057736,-0.088063,-0.250814,-0.021588,-0.090972,-0.251474,-0.002574,-0.119385,-0.182062,-0.007586,-0.125326,-0.234644
2026-05-25 15:48:14.986,69.899933,0.000000,0.000000,0.000000,-0.100789,-0.094956,-0.252082,0.057736,-0.088063,-0.250814,-0.021527,-0.091509,-0.251448,-0.002574,-0.119385,-0.182062,-0.007586,-0.125326,-0.234644
2026-05-25 15:48:15.086,69.999933,0.000000,0.000000,0.000000,-0.100789,-0.094956,-0.252082,0.057736,-0.088063,-0.250814,-0.021527,-0.091509,-0.251448,-0.002608,-0.120455,-0.182122,-0.007586,-0.125326,-0.234644
2026-05-25 15:48:15.186,70.099933,0.000000,0.000000,0.000000,-0.100911,-0.093881,-0.252134,0.057736,-0.088063,-0.250814,-0.021588,-0.090972,-0.251474,-0.002608,-0.120455,-0.182122,-0.007586,-0.125326,-0.234644
2026-05-25 15:48:15.286,70.199933,0.000000,0.000000,0.000000,-0.100911,-0.093881,-0.252134,0.057736,-0.088063,-0.250814,-0.021588,-0.090972,-0.251474,-0.002574,-0.119385,-0.182062,-0.007586,-0.125326,-0.234644
2026-05-25 15:48:15.386,70.299933,0.000000,0.000000,0.000000,-0.100789,-0.094956,-0.252082,0.057736,-0.088063,-0.250814,-0.021527,-0.091509,-0.251448,-0.002608,-0.120455,-0.182122,-0.007586,-0.125326,-0.234644
2026-05-25 15:48:15.486,70.399933,0.000000,0.000000,0.000000,-0.100789,-0.094956,-0.252082,0.057736,-0.088063,-0.250814,-0.021527,-0.091509,-0.251448,-0.002608,-0.120455,-0.182122,-0.007586,-0.125326,-0.234644
2026-05-25 15:48:15.586,70.499933,0.000000,0.000000,0.000000,-0.100789,-0.094956,-0.252082,0.057736,-0.088063,-0.250814,-0.021527,-0.091509,-0.251448,-0.002608,-0.120455,-0.182122,-0.007586,-0.125326,-0.234644
2026-05-25 15:48:15.686,70.599933,0.000000,0.000000,0.000000,-0.100789,-0.094956,-0.252082,0.057736,-0.088063,-0.250814,-0.021527,-0.091509,-0.251448,-0.002574,-0.119385,-0.182062,-0.007613,-0.126409,-0.234618
2026-05-25 15:48:15.786,70.699933,0.000000,0.000000,0.000000,-0.100789,-0.094956,-0.252082,0.057866,-0.086967,-0.250864,-0.021462,-0.090962,-0.251473,-0.002608,-0.120455,-0.182122,-0.007586,-0.125326,-0.234644
2026-05-25 15:48:15.886,70.799932,0.000000,0.000000,0.000000,-0.100789,-0.094956,-0.252082,0.057606,-0.089159,-0.250764,-0.021592,-0.092057,-0.251423,-0.002608,-0.120455,-0.182122,-0.007586,-0.125326,-0.234644
2026-05-25 15:48:15.986,70.899932,0.000000,0.000000,0.000000,-0.100911,-0.093881,-0.252134,0.057736,-0.088063,-0.250814,-0.021588,-0.090972,-0.251474,-0.002608,-0.120455,-0.182122,-0.007586,-0.125326,-0.234644
2026-05-25 15:48:16.086,70.999932,0.000000,0.000000,0.000000,-0.100789,-0.094956,-0.252082,0.057866,-0.086967,-0.250864,-0.021462,-0.090962,-0.251473,-0.002574,-0.119385,-0.182062,-0.007586,-0.125326,-0.234644
2026-05-25 15:48:16.186,71.099932,0.000000,0.000000,0.000000,-0.100911,-0.093881,-0.252134,0.057736,-0.088063,-0.250814,-0.021588,-0.090972,-0.251474,-0.002608,-0.120455,-0.182122,-0.007586,-0.125326,-0.234644
2026-05-25 15:48:16.286,71.199932,0.000000,0.000000,0.000000,-0.100789,-0.094956,-0.252082,0.057736,-0.088063,-0.250814,-0.021527,-0.091509,-0.251448,-0.002574,-0.119385,-0.182062,-0.007586,-0.125326,-0.234644
2026-05-25 15:48:16.386,71.299932,0.000000,0.000000,0.000000,-0.100789,-0.094956,-0.252082,0.057736,-0.088063,-0.250814,-0.021527,-0.091509,-0.251448,-0.002574,-0.119385,-0.182062,-0.007586,-0.125326,-0.234644
2026-05-25 15:48:16.486,71.399932,0.000000,0.000000,0.000000,-0.100789,-0.094956,-0.252082,0.057736,-0.088063,-0.250814,-0.021527,-0.091509,-0.251448,-0.002574,-0.119385,-0.182062,-0.007613,-0.126409,-0.234618
2026-05-25 15:48:16.586,71.499932,0.000000,0.000000,0.000000,-0.100911,-0.093881,-0.252134,0.057736,-0.088063,-0.250814,-0.021588,-0.090972,-0.251474,-0.002574,-0.119385,-0.182062,-0.007586,-0.125326,-0.234644
2026-05-25 15:48:16.686,71.599932,0.000000,0.000000,0.000000,-0.100911,-0.093881,-0.252134,0.057736,-0.088063,-0.250814,-0.021588,-0.090972,-0.251474,-0.002574,-0.119385,-0.182062,-0.007613,-0.126409,-0.234618
2026-05-25 15:48:16.786,71.699932,0.000000,0.000000,0.000000,-0.100789,-0.094956,-0.252082,0.057736,-0.088063,-0.250814,-0.021527,-0.091509,-0.251448,-0.002608,-0.120455,-0.182122,-0.007586,-0.125326,-0.234644
2026-05-25 15:48:16.886,71.799932,0.000000,0.000000,0.000000,-0.100789,-0.094956,-0.252082,0.057606,-0.089159,-0.250764,-0.021592,-0.092057,-0.251423,-0.002574,-0.119385,-0.182062,-0.007586,-0.125326,-0.234644
2026-05-25 15:48:16.986,71.899931,0.000000,0.000000,0.000000,-0.100911,-0.093881,-0.252134,0.057736,-0.088063,-0.250814,-0.021588,-0.090972,-0.251474,-0.002574,-0.119385,-0.182062,-0.007586,-0.125326,-0.234644
2026-05-25 15:48:17.086,71.999931,0.000000,0.000000,0.000000,-0.100789,-0.094956,-0.252082,0.057736,-0.088063,-0.250814,-0.021527,-0.091509,-0.251448,-0.002608,-0.120455,-0.182122,-0.007586,-0.125326,-0.234644
2026-05-25 15:48:17.186,72.099931,0.000000,0.000000,0.000000,-0.100789,-0.094956,-0.252082,0.057736,-0.088063,-0.250814,-0.021527,-0.091509,-0.251448,-0.002574,-0.119385,-0.182062,-0.007586,-0.125326,-0.234644
2026-05-25 15:48:17.286,72.199931,0.000000,0.000000,0.000000,-0.100789,-0.094956,-0.252082,0.057736,-0.088063,-0.250814,-0.021527,-0.091509,-0.251448,-0.002574,-0.119385,-0.182062,-0.007586,-0.125326,-0.234644
2026-05-25 15:48:17.386,72.299931,0.000000,0.000000,0.000000,-0.100789,-0.094956,-0.252082,0.057736,-0.088063,-0.250814,-0.021527,-0.091509,-0.251448,-0.002574,-0.119385,-0.182062,-0.007586,-0.125326,-0.234644
2026-05-25 15:48:17.486,72.399931,0.000000,0.000000,0.000000,-0.100789,-0.094956,-0.252082,0.057736,-0.088063,-0.250814,-0.021527,-0.091509,-0.251448,-0.002574,-0.119385,-0.182062,-0.007586,-0.125326,-0.234644
2026-05-25 15:48:17.586,72.499931,0.000000,0.000000,0.000000,-0.100789,-0.094956,-0.252082,0.057736,-0.088063,-0.250814,-0.021527,-0.091509,-0.251448,-0.002574,-0.119385,-0.182062,-0.007586,-0.125326,-0.234644
2026-05-25 15:48:17.686,72.599931,0.000000,0.000000,0.000000,-0.100911,-0.093881,-0.252134,0.057736,-0.088063,-0.250814,-0.021588,-0.090972,-0.251474,-0.002574,-0.119385,-0.182062,-0.007586,-0.125326,-0.234644
2026-05-25 15:48:17.786,72.699931,0.000000,0.000000,0.000000,-0.100911,-0.093881,-0.252134,0.057736,-0.088063,-0.250814,-0.021588,-0.090972,-0.251474,-0.002574,-0.119385,-0.182062,-0.007586,-0.125326,-0.234644
2026-05-25 15:48:17.886,72.799931,0.000000,0.000000,0.000000,-0.100911,-0.093881,-0.252134,0.057736,-0.088063,-0.250814,-0.021588,-0.090972,-0.251474,-0.002574,-0.119385,-0.182062,-0.007586,-0.125326,-0.234644
2026-05-25 15:48:17.986,72.899930,0.000000,0.000000,0.000000,-0.100789,-0.094956,-0.252082,0.057736,-0.088063,-0.250814,-0.021527,-0.091509,-0.251448,-0.001827,-0.118255,-0.181997,-0.007586,-0.125326,-0.234644
2026-05-25 15:48:18.086,72.999930,0.000000,0.000000,0.000000,-0.100911,-0.093881,-0.252134,0.057606,-0.089159,-0.250764,-0.021653,-0.091520,-0.251449,-0.000403,-0.118135,-0.181988,-0.006918,-0.126350,-0.234614
2026-05-25 15:48:18.186,73.099930,0.000000,0.000000,0.000000,-0.100911,-0.093881,-0.252134,0.057736,-0.088063,-0.250814,-0.021588,-0.090972,-0.251474,-0.000327,-0.115995,-0.181866,-0.006918,-0.126350,-0.234614
2026-05-25 15:48:18.286,73.199930,0.000000,0.000000,0.000000,-0.100789,-0.094956,-0.252082,0.057736,-0.088063,-0.250814,-0.021527,-0.091509,-0.251448,0.000387,-0.115934,-0.181862,-0.006923,-0.126239,-0.235303
2026-05-25 15:48:18.386,73.299930,0.000000,0.000000,0.000000,-0.100789,-0.094956,-0.252082,0.057606,-0.089159,-0.250764,-0.021592,-0.092057,-0.251423,0.000343,-0.116891,-0.182630,-0.006923,-0.126239,-0.235303
2026-05-25 15:48:18.486,73.399930,0.000000,0.000000,0.000000,-0.100911,-0.093881,-0.252134,0.057736,-0.088063,-0.250814,-0.021588,-0.090972,-0.251474,0.000382,-0.115820,-0.182571,-0.006951,-0.127323,-0.235276
2026-05-25 15:48:18.586,73.499930,0.000000,0.000000,0.000000,-0.100789,-0.094956,-0.252082,0.057736,-0.088063,-0.250814,-0.021527,-0.091509,-0.251448,0.000337,-0.116777,-0.183338,-0.006951,-0.127323,-0.235276
2026-05-25 15:48:18.686,73.599930,0.000000,0.000000,0.000000,-0.100789,-0.094956,-0.252082,0.057736,-0.088063,-0.250814,-0.021527,-0.091509,-0.251448,0.000337,-0.116777,-0.183338,-0.006951,-0.127323,-0.235276
2026-05-25 15:48:18.786,73.699930,0.000000,0.000000,0.000000,-0.100789,-0.094956,-0.252082,0.057736,-0.088063,-0.250814,-0.021527,-0.091509,-0.251448,0.000371,-0.115593,-0.183988,-0.006951,-0.127323,-0.235276
2026-05-25 15:48:18.886,73.799930,0.000000,0.000000,0.000000,-0.100789,-0.094956,-0.252082,0.057736,-0.088063,-0.250814,-0.021527,-0.091509,-0.251448,0.000337,-0.116777,-0.183338,-0.006951,-0.127323,-0.235276
2026-05-25 15:48:18.986,73.899930,0.000000,0.000000,0.000000,-0.100789,-0.094956,-0.252082,0.057736,-0.088063,-0.250814,-0.021527,-0.091509,-0.251448,0.000376,-0.115706,-0.183279,-0.006951,-0.127323,-0.235276
2026-05-25 15:48:19.086,73.999929,0.000000,0.000000,0.000000,-0.100789,-0.094956,-0.252082,0.057606,-0.089159,-0.250764,-0.021592,-0.092057,-0.251423,-0.000376,-0.116837,-0.183342,-0.006979,-0.128406,-0.235249
2026-05-25 15:48:19.186,74.099929,0.000000,0.000000,0.000000,-0.100789,-0.094956,-0.252082,0.057736,-0.088063,-0.250814,-0.021527,-0.091509,-0.251448,0.000337,-0.116777,-0.183338,-0.006951,-0.127323,-0.235276
2026-05-25 15:48:19.286,74.199929,0.000000,0.000000,0.000000,-0.100789,-0.094956,-0.252082,0.057606,-0.089159,-0.250764,-0.021592,-0.092057,-0.251423,0.000337,-0.116777,-0.183338,-0.006951,-0.127323,-0.235276
2026-05-25 15:48:19.386,74.299929,0.000000,0.000000,0.000000,-0.100789,-0.094956,-0.252082,0.057736,-0.088063,-0.250814,-0.021527,-0.091509,-0.251448,0.000337,-0.116777,-0.183338,-0.006951,-0.127323,-0.235276
2026-05-25 15:48:19.486,74.399929,0.000000,0.000000,0.000000,-0.100911,-0.093881,-0.252134,0.057736,-0.088063,-0.250814,-0.021588,-0.090972,-0.251474,0.000337,-0.116777,-0.183338,-0.006951,-0.127323,-0.235276
2026-05-25 15:48:19.586,74.499929,0.000000,0.000000,0.000000,-0.100789,-0.094956,-0.252082,0.057736,-0.088063,-0.250814,-0.021527,-0.091509,-0.251448,-0.000376,-0.116837,-0.183342,-0.006951,-0.127323,-0.235276
2026-05-25 15:48:19.686,74.599929,0.000000,0.000000,0.000000,-0.100789,-0.094956,-0.252082,0.057736,-0.088063,-0.250814,-0.021527,-0.091509,-0.251448,-0.000376,-0.116837,-0.183342,-0.006951,-0.127323,-0.235276
2026-05-25 15:48:19.786,74.699929,0.000000,0.000000,0.000000,-0.100789,-0.094956,-0.252082,0.057606,-0.089159,-0.250764,-0.021592,-0.092057,-0.251423,-0.000376,-0.116837,-0.183342,-0.006979,-0.128406,-0.235249
2026-05-25 15:48:19.886,74.799929,0.000000,0.000000,0.000000,-0.100789,-0.094956,-0.252082,0.057606,-0.089159,-0.250764,-0.021592,-0.092057,-0.251423,0.000376,-0.115706,-0.183279,-0.006951,-0.127323,-0.235276
2026-05-25 15:48:19.986,74.899929,0.000000,0.000000,0.000000,-0.100789,-0.094956,-0.252082,0.057866,-0.086967,-0.250864,-0.021462,-0.090962,-0.251473,-0.000376,-0.116837,-0.183342,-0.006937,-0.126781,-0.235290
2026-05-25 15:48:20.086,74.999928,0.000000,0.000000,0.000000,-0.100789,-0.094956,-0.252082,0.057736,-0.088063,-0.250814,-0.021527,-0.091509,-0.251448,-0.000376,-0.116837,-0.183342,-0.006951,-0.127323,-0.235276
2026-05-25 15:48:20.186,75.099928,0.000000,0.000000,0.000000,-0.100789,-0.094956,-0.252082,0.057736,-0.088063,-0.250814,-0.021527,-0.091509,-0.251448,-0.000376,-0.116837,-0.183342,-0.006951,-0.127323,-0.235276
2026-05-25 15:48:20.286,75.199928,0.000000,0.000000,0.000000,-0.100789,-0.094956,-0.252082,0.057606,-0.089159,-0.250764,-0.021592,-0.092057,-0.251423,-0.000376,-0.116837,-0.183342,-0.006951,-0.127323,-0.235276
2026-05-25 15:48:20.386,75.299928,0.000000,0.000000,0.000000,-0.100789,-0.094956,-0.252082,0.057736,-0.088063,-0.250814,-0.021527,-0.091509,-0.251448,-0.000376,-0.116837,-0.183342,-0.006951,-0.127323,-0.235276
2026-05-25 15:48:20.486,75.399928,0.000000,0.000000,0.000000,-0.100667,-0.096031,-0.252030,0.057606,-0.089159,-0.250764,-0.021531,-0.092595,-0.251397,-0.000376,-0.116837,-0.183342,-0.006951,-0.127323,-0.235276
2026-05-25 15:48:20.586,75.499928,0.000000,0.000000,0.000000,-0.100911,-0.093881,-0.252134,0.057736,-0.088063,-0.250814,-0.021588,-0.090972,-0.251474,-0.000376,-0.116837,-0.183342,-0.006951,-0.127323,-0.235276
2026-05-25 15:48:20.686,75.599928,0.000000,0.000000,0.000000,-0.100911,-0.093881,-0.252134,0.057606,-0.089159,-0.250764,-0.021653,-0.091520,-0.251449,-0.000414,-0.117908,-0.183401,-0.006951,-0.127323,-0.235276
2026-05-25 15:48:20.786,75.699928,0.000000,0.000000,0.000000,-0.100789,-0.094956,-0.252082,0.057866,-0.086967,-0.250864,-0.021462,-0.090962,-0.251473,-0.000414,-0.117908,-0.183401,-0.006951,-0.127323,-0.235276
2026-05-25 15:48:20.886,75.799928,0.000000,0.000000,0.000000,-0.100911,-0.093881,-0.252134,0.057736,-0.088063,-0.250814,-0.021588,-0.090972,-0.251474,-0.000376,-0.116837,-0.183342,-0.006951,-0.127323,-0.235276
2026-05-25 15:48:20.986,75.899928,0.000000,0.000000,0.000000,-0.100789,-0.094956,-0.252082,0.057866,-0.086967,-0.250864,-0.021462,-0.090962,-0.251473,-0.000376,-0.116837,-0.183342,-0.006951,-0.127323,-0.235276
2026-05-25 15:48:21.086,75.999928,0.000000,0.000000,0.000000,-0.100789,-0.094956,-0.252082,0.057606,-0.089159,-0.250764,-0.021592,-0.092057,-0.251423,-0.000376,-0.116837,-0.183342,-0.006951,-0.127323,-0.235276
2026-05-25 15:48:21.186,76.099927,0.000000,0.000000,0.000000,-0.100789,-0.094956,-0.252082,0.057606,-0.089159,-0.250764,-0.021592,-0.092057,-0.251423,-0.000376,-0.116837,-0.183342,-0.006951,-0.127323,-0.235276
2026-05-25 15:48:21.286,76.199927,0.000000,0.000000,0.000000,-0.100789,-0.094956,-0.252082,0.057736,-0.088063,-0.250814,-0.021527,-0.091509,-0.251448,-0.000376,-0.116837,-0.183342,-0.006951,-0.127323,-0.235276
2026-05-25 15:48:21.386,76.299927,0.000000,0.000000,0.000000,-0.100789,-0.094956,-0.252082,0.057736,-0.088063,-0.250814,-0.021527,-0.091509,-0.251448,-0.000376,-0.116837,-0.183342,-0.006979,-0.128406,-0.235249
2026-05-25 15:48:21.486,76.399927,0.000000,0.000000,0.000000,-0.100789,-0.094956,-0.252082,0.057736,-0.088063,-0.250814,-0.021527,-0.091509,-0.251448,-0.000376,-0.116837,-0.183342,-0.006951,-0.127323,-0.235276
2026-05-25 15:48:21.586,76.499927,0.000000,0.000000,0.000000,-0.100789,-0.094956,-0.252082,0.057736,-0.088063,-0.250814,-0.021527,-0.091509,-0.251448,-0.000376,-0.116837,-0.183342,-0.006951,-0.127323,-0.235276
2026-05-25 15:48:21.686,76.599927,0.000000,0.000000,0.000000,-0.100911,-0.093881,-0.252134,0.057606,-0.089159,-0.250764,-0.021653,-0.091520,-0.251449,0.000337,-0.116777,-0.183338,-0.006951,-0.127323,-0.235276
2026-05-25 15:48:21.786,76.699927,0.000000,0.000000,0.000000,-0.100911,-0.093881,-0.252134,0.057736,-0.088063,-0.250814,-0.021588,-0.090972,-0.251474,-0.000376,-0.116837,-0.183342,-0.006965,-0.127864,-0.235263
2026-05-25 15:48:21.886,76.799927,0.000000,0.000000,0.000000,-0.100789,-0.094956,-0.252082,0.057606,-0.089159,-0.250764,-0.021592,-0.092057,-0.251423,-0.000376,-0.116837,-0.183342,-0.006951,-0.127323,-0.235276
2026-05-25 15:48:21.986,76.899927,0.000000,0.000000,0.000000,-0.100789,-0.094956,-0.252082,0.057736,-0.088063,-0.250814,-0.021527,-0.091509,-0.251448,0.000376,-0.115706,-0.183279,-0.006951,-0.127323,-0.235276
2026-05-25 15:48:22.086,76.999927,0.000000,0.000000,0.000000,-0.100789,-0.094956,-0.252082,0.057606,-0.089159,-0.250764,-0.021592,-0.092057,-0.251423,-0.000376,-0.116837,-0.183342,-0.006951,-0.127323,-0.235276
2026-05-25 15:48:22.186,77.099926,0.000000,0.000000,0.000000,-0.100911,-0.093881,-0.252134,0.057606,-0.089159,-0.250764,-0.021653,-0.091520,-0.251449,-0.000376,-0.116837,-0.183342,-0.006923,-0.126239,-0.235303
2026-05-25 15:48:22.286,77.199926,0.000000,0.000000,0.000000,-0.100789,-0.094956,-0.252082,0.057606,-0.089159,-0.250764,-0.021592,-0.092057,-0.251423,0.000337,-0.116777,-0.183338,-0.006951,-0.127323,-0.235276
2026-05-25 15:48:22.386,77.299926,0.000000,0.000000,0.000000,-0.100789,-0.094956,-0.252082,0.057606,-0.089159,-0.250764,-0.021592,-0.092057,-0.251423,-0.000376,-0.116837,-0.183342,-0.006951,-0.127323,-0.235276
2026-05-25 15:48:22.486,77.399926,0.000000,0.000000,0.000000,-0.100789,-0.094956,-0.252082,0.057736,-0.088063,-0.250814,-0.021527,-0.091509,-0.251448,-0.000376,-0.116837,-0.183342,-0.006951,-0.127323,-0.235276
2026-05-25 15:48:22.586,77.499926,0.000000,0.000000,0.000000,-0.100911,-0.093881,-0.252134,0.057606,-0.089159,-0.250764,-0.021653,-0.091520,-0.251449,-0.000414,-0.117908,-0.183401,-0.006951,-0.127323,-0.235276
2026-05-25 15:48:22.686,77.599926,0.000000,0.000000,0.000000,-0.100911,-0.093881,-0.252134,0.057736,-0.088063,-0.250814,-0.021588,-0.090972,-0.251474,-0.000414,-0.117908,-0.183401,-0.006979,-0.128406,-0.235249
2026-05-25 15:48:22.786,77.699926,0.000000,0.000000,0.000000,-0.100789,-0.094956,-0.252082,0.057606,-0.089159,-0.250764,-0.021592,-0.092057,-0.251423,-0.000376,-0.116837,-0.183342,-0.006951,-0.127323,-0.235276
2026-05-25 15:48:22.886,77.799926,0.000000,0.000000,0.000000,-0.100789,-0.094956,-0.252082,0.057736,-0.088063,-0.250814,-0.021527,-0.091509,-0.251448,-0.000376,-0.116837,-0.183342,-0.006951,-0.127323,-0.235276
2026-05-25 15:48:22.986,77.899926,0.000000,0.000000,0.000000,-0.100789,-0.094956,-0.252082,0.057606,-0.089159,-0.250764,-0.021592,-0.092057,-0.251423,-0.000414,-0.117908,-0.183401,-0.006979,-0.128406,-0.235249
2026-05-25 15:48:23.086,77.999926,0.000000,0.000000,0.000000,-0.100789,-0.094956,-0.252082,0.057736,-0.088063,-0.250814,-0.021527,-0.091509,-0.251448,0.000337,-0.116777,-0.183338,-0.006951,-0.127323,-0.235276
2026-05-25 15:48:23.186,78.099926,0.000000,0.000000,0.000000,-0.100789,-0.094956,-0.252082,0.057736,-0.088063,-0.250814,-0.021527,-0.091509,-0.251448,-0.000414,-0.117908,-0.183401,-0.006979,-0.128406,-0.235249
2026-05-25 15:48:23.286,78.199925,0.000000,0.000000,0.000000,-0.100789,-0.094956,-0.252082,0.057736,-0.088063,-0.250814,-0.021527,-0.091509,-0.251448,-0.000376,-0.116837,-0.183342,-0.006951,-0.127323,-0.235276
2026-05-25 15:48:23.386,78.299925,0.000000,0.000000,0.000000,-0.100911,-0.093881,-0.252134,0.057606,-0.089159,-0.250764,-0.021653,-0.091520,-0.251449,-0.000376,-0.116837,-0.183342,-0.006951,-0.127323,-0.235276
2026-05-25 15:48:23.486,78.399925,0.000000,0.000000,0.000000,-0.100789,-0.094956,-0.252082,0.057736,-0.088063,-0.250814,-0.021527,-0.091509,-0.251448,-0.000414,-0.117908,-0.183401,-0.006951,-0.127323,-0.235276
2026-05-25 15:48:23.586,78.499925,0.000000,0.000000,0.000000,-0.100789,-0.094956,-0.252082,0.057736,-0.088063,-0.250814,-0.021527,-0.091509,-0.251448,-0.000414,-0.117908,-0.183401,-0.006951,-0.127323,-0.235276
2026-05-25 15:48:23.686,78.599925,0.000000,0.000000,0.000000,-0.100789,-0.094956,-0.252082,0.057736,-0.088063,-0.250814,-0.021527,-0.091509,-0.251448,-0.000395,-0.117372,-0.183371,-0.006951,-0.127323,-0.235276
2026-05-25 15:48:23.786,78.699925,0.000000,0.000000,0.000000,-0.100911,-0.093881,-0.252134,0.057736,-0.088063,-0.250814,-0.021588,-0.090972,-0.251474,-0.000376,-0.116837,-0.183342,-0.006979,-0.128406,-0.235249
2026-05-25 15:48:23.886,78.799925,0.000000,0.000000,0.000000,-0.100911,-0.093881,-0.252134,0.057736,-0.088063,-0.250814,-0.021588,-0.090972,-0.251474,-0.000376,-0.116837,-0.183342,-0.006951,-0.127323,-0.235276
2026-05-25 15:48:23.986,78.899925,0.000000,0.000000,0.000000,-0.100911,-0.093881,-0.252134,0.057606,-0.089159,-0.250764,-0.021653,-0.091520,-0.251449,0.000337,-0.116777,-0.183338,-0.006951,-0.127323,-0.235276
2026-05-25 15:48:24.086,78.999925,0.000000,0.000000,0.000000,-0.100911,-0.093881,-0.252134,0.057736,-0.088063,-0.250814,-0.021588,-0.090972,-0.251474,0.001096,-0.115760,-0.182566,-0.006923,-0.126239,-0.235303
2026-05-25 15:48:24.186,79.099925,0.000000,0.000000,0.000000,-0.100911,-0.093881,-0.252134,0.057736,-0.088063,-0.250814,-0.021588,-0.090972,-0.251474,0.001810,-0.115700,-0.182562,-0.006951,-0.127323,-0.235276
2026-05-25 15:48:24.286,79.199924,0.000000,0.000000,0.000000,-0.100789,-0.094956,-0.252082,0.057736,-0.088063,-0.250814,-0.021527,-0.091509,-0.251448,0.002573,-0.114683,-0.181788,-0.006951,-0.127323,-0.235276
2026-05-25 15:48:24.386,79.299924,0.000000,0.000000,0.000000,-0.100789,-0.094956,-0.252082,0.057736,-0.088063,-0.250814,-0.021527,-0.091509,-0.251448,0.003244,-0.115693,-0.181845,-0.006951,-0.127323,-0.235276
2026-05-25 15:48:24.486,79.399924,0.000000,0.000000,0.000000,-0.100911,-0.093881,-0.252134,0.057736,-0.088063,-0.250814,-0.021588,-0.090972,-0.251474,0.004054,-0.113605,-0.181008,-0.006951,-0.127323,-0.235276
2026-05-25 15:48:24.586,79.499924,0.000000,0.000000,0.000000,-0.100789,-0.094956,-0.252082,0.057606,-0.089159,-0.250764,-0.021592,-0.092057,-0.251423,0.004725,-0.114615,-0.181065,-0.006229,-0.126181,-0.235299
2026-05-25 15:48:24.686,79.599924,0.000000,0.000000,0.000000,-0.100789,-0.094956,-0.252082,0.057736,-0.088063,-0.250814,-0.021527,-0.091509,-0.251448,0.004725,-0.114615,-0.181065,-0.006258,-0.127264,-0.235272
2026-05-25 15:48:24.786,79.699924,0.000000,0.000000,0.000000,-0.100789,-0.094956,-0.252082,0.057736,-0.088063,-0.250814,-0.021527,-0.091509,-0.251448,0.004725,-0.114615,-0.181065,-0.006258,-0.127264,-0.235272
2026-05-25 15:48:24.886,79.799924,0.000000,0.000000,0.000000,-0.100911,-0.093881,-0.252134,0.057736,-0.088063,-0.250814,-0.021588,-0.090972,-0.251474,0.004725,-0.114615,-0.181065,-0.006258,-0.127264,-0.235272
2026-05-25 15:48:24.986,79.899924,0.000000,0.000000,0.000000,-0.100789,-0.094956,-0.252082,0.057606,-0.089159,-0.250764,-0.021592,-0.092057,-0.251423,0.004765,-0.113430,-0.181714,-0.006258,-0.127264,-0.235272
2026-05-25 15:48:25.086,79.999924,0.000000,0.000000,0.000000,-0.100789,-0.094956,-0.252082,0.057736,-0.088063,-0.250814,-0.021527,-0.091509,-0.251448,0.004719,-0.114501,-0.181775,-0.006258,-0.127264,-0.235272
2026-05-25 15:48:25.186,80.099924,0.000000,0.000000,0.000000,-0.100911,-0.093881,-0.252134,0.057736,-0.088063,-0.250814,-0.021588,-0.090972,-0.251474,0.004765,-0.113430,-0.181714,-0.006258,-0.127264,-0.235272
2026-05-25 15:48:25.286,80.199924,0.000000,0.000000,0.000000,-0.100789,-0.094956,-0.252082,0.057736,-0.088063,-0.250814,-0.021527,-0.091509,-0.251448,0.004719,-0.114501,-0.181775,-0.006258,-0.127264,-0.235272
2026-05-25 15:48:25.386,80.299923,0.000000,0.000000,0.000000,-0.100789,-0.094956,-0.252082,0.057736,-0.088063,-0.250814,-0.021527,-0.091509,-0.251448,0.004719,-0.114501,-0.181775,-0.006258,-0.127264,-0.235272
2026-05-25 15:48:25.486,80.399923,0.000000,0.000000,0.000000,-0.100789,-0.094956,-0.252082,0.057736,-0.088063,-0.250814,-0.021527,-0.091509,-0.251448,0.004765,-0.113430,-0.181714,-0.006258,-0.127264,-0.235272
2026-05-25 15:48:25.586,80.499923,0.000000,0.000000,0.000000,-0.100789,-0.094956,-0.252082,0.057736,-0.088063,-0.250814,-0.021527,-0.091509,-0.251448,0.004765,-0.113430,-0.181714,-0.006258,-0.127264,-0.235272
2026-05-25 15:48:25.686,80.599923,0.000000,0.000000,0.000000,-0.100789,-0.094956,-0.252082,0.057736,-0.088063,-0.250814,-0.021527,-0.091509,-0.251448,0.004719,-0.114501,-0.181775,-0.006287,-0.128347,-0.235245
2026-05-25 15:48:25.786,80.699923,0.000000,0.000000,0.000000,-0.100911,-0.093881,-0.252134,0.057736,-0.088063,-0.250814,-0.021588,-0.090972,-0.251474,0.004673,-0.115572,-0.181836,-0.006258,-0.127264,-0.235272
2026-05-25 15:48:25.886,80.799923,0.000000,0.000000,0.000000,-0.100789,-0.094956,-0.252082,0.057736,-0.088063,-0.250814,-0.021527,-0.091509,-0.251448,0.004719,-0.114501,-0.181775,-0.006951,-0.127323,-0.235276
2026-05-25 15:48:25.986,80.899923,0.000000,0.000000,0.000000,-0.100789,-0.094956,-0.252082,0.057736,-0.088063,-0.250814,-0.021527,-0.091509,-0.251448,0.004719,-0.114501,-0.181775,-0.006229,-0.126181,-0.235299
2026-05-25 15:48:26.086,80.999923,0.000000,0.000000,0.000000,-0.100789,-0.094956,-0.252082,0.057736,-0.088063,-0.250814,-0.021527,-0.091509,-0.251448,0.004765,-0.113430,-0.181714,-0.006229,-0.126181,-0.235299
2026-05-25 15:48:26.186,81.099923,0.000000,0.000000,0.000000,-0.100911,-0.093881,-0.252134,0.057606,-0.089159,-0.250764,-0.021653,-0.091520,-0.251449,0.004719,-0.114501,-0.181775,-0.006258,-0.127264,-0.235272
2026-05-25 15:48:26.286,81.199923,0.000000,0.000000,0.000000,-0.100789,-0.094956,-0.252082,0.057736,-0.088063,-0.250814,-0.021527,-0.091509,-0.251448,0.004765,-0.113430,-0.181714,-0.006258,-0.127264,-0.235272
2026-05-25 15:48:26.386,81.299922,0.000000,0.000000,0.000000,-0.100911,-0.093881,-0.252134,0.057606,-0.089159,-0.250764,-0.021653,-0.091520,-0.251449,0.004765,-0.113430,-0.181714,-0.006287,-0.128347,-0.235245
2026-05-25 15:48:26.486,81.399922,0.000000,0.000000,0.000000,-0.100789,-0.094956,-0.252082,0.057736,-0.088063,-0.250814,-0.021527,-0.091509,-0.251448,0.004765,-0.113430,-0.181714,-0.006258,-0.127264,-0.235272
2026-05-25 15:48:26.586,81.499922,0.000000,0.000000,0.000000,-0.100789,-0.094956,-0.252082,0.057606,-0.089159,-0.250764,-0.021592,-0.092057,-0.251423,0.004714,-0.114387,-0.182485,-0.006258,-0.127264,-0.235272
2026-05-25 15:48:26.686,81.599922,0.000000,0.000000,0.000000,-0.100789,-0.094956,-0.252082,0.057736,-0.088063,-0.250814,-0.021527,-0.091509,-0.251448,0.004765,-0.113430,-0.181714,-0.006258,-0.127264,-0.235272
2026-05-25 15:48:26.786,81.699922,0.000000,0.000000,0.000000,-0.100789,-0.094956,-0.252082,0.057606,-0.089159,-0.250764,-0.021592,-0.092057,-0.251423,0.004719,-0.114501,-0.181775,-0.006258,-0.127264,-0.235272
2026-05-25 15:48:26.886,81.799922,0.000000,0.000000,0.000000,-0.100911,-0.093881,-0.252134,0.057606,-0.089159,-0.250764,-0.021653,-0.091520,-0.251449,0.004765,-0.113430,-0.181714,-0.006258,-0.127264,-0.235272
2026-05-25 15:48:26.986,81.899922,0.000000,0.000000,0.000000,-0.100789,-0.094956,-0.252082,0.057606,-0.089159,-0.250764,-0.021592,-0.092057,-0.251423,0.004719,-0.114501,-0.181775,-0.006258,-0.127264,-0.235272
2026-05-25 15:48:27.086,81.999922,0.000000,0.000000,0.000000,-0.100789,-0.094956,-0.252082,0.057606,-0.089159,-0.250764,-0.021592,-0.092057,-0.251423,0.004765,-0.113430,-0.181714,-0.006258,-0.127264,-0.235272
2026-05-25 15:48:27.186,82.099922,0.000000,0.000000,0.000000,-0.100911,-0.093881,-0.252134,0.057736,-0.088063,-0.250814,-0.021588,-0.090972,-0.251474,0.004765,-0.113430,-0.181714,-0.006258,-0.127264,-0.235272
2026-05-25 15:48:27.286,82.199922,0.000000,0.000000,0.000000,-0.100911,-0.093881,-0.252134,0.057736,-0.088063,-0.250814,-0.021588,-0.090972,-0.251474,0.004765,-0.113430,-0.181714,-0.006258,-0.127264,-0.235272
2026-05-25 15:48:27.386,82.299922,0.000000,0.000000,0.000000,-0.100789,-0.094956,-0.252082,0.057606,-0.089159,-0.250764,-0.021592,-0.092057,-0.251423,0.004760,-0.113316,-0.182425,-0.006258,-0.127264,-0.235272
2026-05-25 15:48:27.486,82.399921,0.000000,0.000000,0.000000,-0.100789,-0.094956,-0.252082,0.057736,-0.088063,-0.250814,-0.021527,-0.091509,-0.251448,0.004765,-0.113430,-0.181714,-0.006258,-0.127264,-0.235272
2026-05-25 15:48:27.586,82.499921,0.000000,0.000000,0.000000,-0.100789,-0.094956,-0.252082,0.057606,-0.089159,-0.250764,-0.021592,-0.092057,-0.251423,0.004765,-0.113430,-0.181714,-0.006258,-0.127264,-0.235272
2026-05-25 15:48:27.686,82.599921,0.000000,0.000000,0.000000,-0.100789,-0.094956,-0.252082,0.057606,-0.089159,-0.250764,-0.021592,-0.092057,-0.251423,0.004719,-0.114501,-0.181775,-0.006258,-0.127264,-0.235272
2026-05-25 15:48:27.786,82.699921,0.000000,0.000000,0.000000,-0.100789,-0.094956,-0.252082,0.057606,-0.089159,-0.250764,-0.021592,-0.092057,-0.251423,0.004760,-0.113316,-0.182425,-0.006258,-0.127264,-0.235272
2026-05-25 15:48:27.886,82.799921,0.000000,0.000000,0.000000,-0.100789,-0.094956,-0.252082,0.057606,-0.089159,-0.250764,-0.021592,-0.092057,-0.251423,0.004760,-0.113316,-0.182425,-0.006258,-0.127264,-0.235272
2026-05-25 15:48:27.986,82.899921,0.000000,0.000000,0.000000,-0.100789,-0.094956,-0.252082,0.057606,-0.089159,-0.250764,-0.021592,-0.092057,-0.251423,0.004765,-0.113430,-0.181714,-0.006229,-0.126181,-0.235299
2026-05-25 15:48:28.086,82.999921,0.000000,0.000000,0.000000,-0.100911,-0.093881,-0.252134,0.057606,-0.089159,-0.250764,-0.021653,-0.091520,-0.251449,0.004760,-0.113316,-0.182425,-0.006258,-0.127264,-0.235272
2026-05-25 15:48:28.186,83.099921,0.000000,0.000000,0.000000,-0.100789,-0.094956,-0.252082,0.057606,-0.089159,-0.250764,-0.021592,-0.092057,-0.251423,0.004760,-0.113316,-0.182425,-0.006229,-0.126181,-0.235299
2026-05-25 15:48:28.286,83.199921,0.000000,0.000000,0.000000,-0.100789,-0.094956,-0.252082,0.057606,-0.089159,-0.250764,-0.021592,-0.092057,-0.251423,0.004760,-0.113316,-0.182425,-0.006258,-0.127264,-0.235272
2026-05-25 15:48:28.386,83.299921,0.000000,0.000000,0.000000,-0.100789,-0.094956,-0.252082,0.057606,-0.089159,-0.250764,-0.021592,-0.092057,-0.251423,0.004760,-0.113316,-0.182425,-0.006229,-0.126181,-0.235299
2026-05-25 15:48:28.486,83.399920,0.000000,0.000000,0.000000,-0.100789,-0.094956,-0.252082,0.057736,-0.088063,-0.250814,-0.021527,-0.091509,-0.251448,0.004760,-0.113316,-0.182425,-0.006229,-0.126181,-0.235299
2026-05-25 15:48:28.586,83.499920,0.000000,0.000000,0.000000,-0.100789,-0.094956,-0.252082,0.057606,-0.089159,-0.250764,-0.021592,-0.092057,-0.251423,0.004760,-0.113316,-0.182425,-0.006229,-0.126181,-0.235299
2026-05-25 15:48:28.686,83.599920,0.000000,0.000000,0.000000,-0.100789,-0.094956,-0.252082,0.057606,-0.089159,-0.250764,-0.021592,-0.092057,-0.251423,0.004714,-0.114387,-0.182485,-0.006258,-0.127264,-0.235272
2026-05-25 15:48:28.786,83.699920,0.000000,0.000000,0.000000,-0.100911,-0.093881,-0.252134,0.057736,-0.088063,-0.250814,-0.021588,-0.090972,-0.251474,0.004760,-0.113316,-0.182425,-0.006229,-0.126181,-0.235299
2026-05-25 15:48:28.886,83.799920,0.000000,0.000000,0.000000,-0.100789,-0.094956,-0.252082,0.057736,-0.088063,-0.250814,-0.021527,-0.091509,-0.251448,0.004760,-0.113316,-0.182425,-0.006229,-0.126181,-0.235299
2026-05-25 15:48:28.986,83.899920,0.000000,0.000000,0.000000,-0.100789,-0.094956,-0.252082,0.057606,-0.089159,-0.250764,-0.021592,-0.092057,-0.251423,0.004714,-0.114387,-0.182485,-0.006229,-0.126181,-0.235299
2026-05-25 15:48:29.086,83.999920,0.000000,0.000000,0.000000,-0.100789,-0.094956,-0.252082,0.057606,-0.089159,-0.250764,-0.021592,-0.092057,-0.251423,0.004760,-0.113316,-0.182425,-0.006229,-0.126181,-0.235299
2026-05-25 15:48:29.186,84.099920,0.000000,0.000000,0.000000,-0.100789,-0.094956,-0.252082,0.057736,-0.088063,-0.250814,-0.021527,-0.091509,-0.251448,0.004714,-0.114387,-0.182485,-0.006923,-0.126239,-0.235303
2026-05-25 15:48:29.286,84.199920,0.000000,0.000000,0.000000,-0.100667,-0.096031,-0.252030,0.057606,-0.089159,-0.250764,-0.021531,-0.092595,-0.251397,0.004760,-0.113316,-0.182425,-0.006229,-0.126181,-0.235299
2026-05-25 15:48:29.386,84.299920,0.000000,0.000000,0.000000,-0.100789,-0.094956,-0.252082,0.057606,-0.089159,-0.250764,-0.021592,-0.092057,-0.251423,0.004714,-0.114387,-0.182485,-0.006258,-0.127264,-0.235272
2026-05-25 15:48:29.486,84.399920,0.000000,0.000000,0.000000,-0.100789,-0.094956,-0.252082,0.057606,-0.089159,-0.250764,-0.021592,-0.092057,-0.251423,0.004760,-0.113316,-0.182425,-0.006258,-0.127264,-0.235272
2026-05-25 15:48:29.586,84.499919,0.000000,0.000000,0.000000,-0.100789,-0.094956,-0.252082,0.057736,-0.088063,-0.250814,-0.021527,-0.091509,-0.251448,0.004760,-0.113316,-0.182425,-0.006258,-0.127264,-0.235272
2026-05-25 15:48:29.686,84.599919,0.000000,0.000000,0.000000,-0.100911,-0.093881,-0.252134,0.057606,-0.089159,-0.250764,-0.021653,-0.091520,-0.251449,0.004760,-0.113316,-0.182425,-0.006258,-0.127264,-0.235272
2026-05-25 15:48:29.786,84.699919,0.000000,0.000000,0.000000,-0.100789,-0.094956,-0.252082,0.057606,-0.089159,-0.250764,-0.021592,-0.092057,-0.251423,0.004760,-0.113316,-0.182425,-0.006229,-0.126181,-0.235299
2026-05-25 15:48:29.886,84.799919,0.000000,0.000000,0.000000,-0.100789,-0.094956,-0.252082,0.057736,-0.088063,-0.250814,-0.021527,-0.091509,-0.251448,0.004760,-0.113316,-0.182425,-0.006258,-0.127264,-0.235272
2026-05-25 15:48:29.986,84.899919,0.000000,0.000000,0.000000,-0.100789,-0.094956,-0.252082,0.057606,-0.089159,-0.250764,-0.021592,-0.092057,-0.251423,0.004760,-0.113316,-0.182425,-0.006258,-0.127264,-0.235272
2026-05-25 15:48:30.086,84.999919,0.000000,0.000000,0.000000,-0.100667,-0.096031,-0.252030,0.057736,-0.088063,-0.250814,-0.021466,-0.092047,-0.251422,0.003998,-0.114448,-0.182489,-0.006258,-0.127264,-0.235272
2026-05-25 15:48:30.186,85.099919,0.000000,0.000000,0.000000,-0.100789,-0.094956,-0.252082,0.057606,-0.089159,-0.250764,-0.021592,-0.092057,-0.251423,0.003998,-0.114448,-0.182489,-0.006951,-0.127323,-0.235276
2026-05-25 15:48:30.286,85.199919,0.000000,0.000000,0.000000,-0.100789,-0.094956,-0.252082,0.057606,-0.089159,-0.250764,-0.021592,-0.092057,-0.251423,0.002562,-0.114455,-0.183208,-0.006951,-0.127323,-0.235276
2026-05-25 15:48:30.386,85.299919,0.000000,0.000000,0.000000,-0.100789,-0.094956,-0.252082,0.057606,-0.089159,-0.250764,-0.021592,-0.092057,-0.251423,0.002557,-0.114340,-0.183918,-0.006951,-0.127323,-0.235276
2026-05-25 15:48:30.486,85.399919,0.000000,0.000000,0.000000,-0.100911,-0.093881,-0.252134,0.057606,-0.089159,-0.250764,-0.021653,-0.091520,-0.251449,0.001800,-0.115472,-0.183979,-0.006923,-0.126239,-0.235303
2026-05-25 15:48:30.586,85.499918,0.000000,0.000000,0.000000,-0.100789,-0.094956,-0.252082,0.057736,-0.088063,-0.250814,-0.021527,-0.091509,-0.251448,0.001753,-0.116429,-0.184744,-0.006923,-0.126239,-0.235303
2026-05-25 15:48:30.686,85.599918,0.000000,0.000000,0.000000,-0.100789,-0.094956,-0.252082,0.057736,-0.088063,-0.250814,-0.021527,-0.091509,-0.251448,0.001034,-0.116376,-0.185456,-0.006951,-0.127323,-0.235276
2026-05-25 15:48:30.786,85.699918,0.000000,0.000000,0.000000,-0.100789,-0.094956,-0.252082,0.057736,-0.088063,-0.250814,-0.021527,-0.091509,-0.251448,0.000282,-0.117507,-0.185515,-0.006951,-0.127323,-0.235276
2026-05-25 15:48:30.886,85.799918,0.000000,0.000000,0.000000,-0.100789,-0.094956,-0.252082,0.057736,-0.088063,-0.250814,-0.021527,-0.091509,-0.251448,-0.000435,-0.117454,-0.186226,-0.006951,-0.127323,-0.235276
2026-05-25 15:48:30.986,85.899918,0.000000,0.000000,0.000000,-0.100789,-0.094956,-0.252082,0.057736,-0.088063,-0.250814,-0.021527,-0.091509,-0.251448,-0.000440,-0.117340,-0.186932,-0.006923,-0.126239,-0.235303
2026-05-25 15:48:31.086,85.999918,0.000000,0.000000,0.000000,-0.100789,-0.094956,-0.252082,0.057866,-0.086967,-0.250864,-0.021462,-0.090962,-0.251473,-0.001189,-0.118472,-0.186989,-0.006923,-0.126239,-0.235303
2026-05-25 15:48:31.186,86.099918,0.000000,0.000000,0.000000,-0.100667,-0.096031,-0.252030,0.057736,-0.088063,-0.250814,-0.021466,-0.092047,-0.251422,-0.001189,-0.118472,-0.186989,-0.007645,-0.127381,-0.235280
2026-05-25 15:48:31.286,86.199918,0.000000,0.000000,0.000000,-0.100911,-0.093881,-0.252134,0.057736,-0.088063,-0.250814,-0.021588,-0.090972,-0.251474,-0.001905,-0.118418,-0.187699,-0.007618,-0.126298,-0.235307
2026-05-25 15:48:31.386,86.299918,0.000000,0.000000,0.000000,-0.100789,-0.094956,-0.252082,0.057606,-0.089159,-0.250764,-0.021592,-0.092057,-0.251423,-0.002651,-0.119550,-0.187755,-0.007645,-0.127381,-0.235280
2026-05-25 15:48:31.486,86.399918,0.000000,0.000000,0.000000,-0.100789,-0.094956,-0.252082,0.057736,-0.088063,-0.250814,-0.021527,-0.091509,-0.251448,-0.002656,-0.119436,-0.188459,-0.007618,-0.126298,-0.235307
2026-05-25 15:48:31.586,86.499918,0.000000,0.000000,0.000000,-0.100667,-0.096031,-0.252030,0.057866,-0.086967,-0.250864,-0.021401,-0.091499,-0.251447,-0.003371,-0.119383,-0.189167,-0.007618,-0.126298,-0.235307
2026-05-25 15:48:31.686,86.599917,0.000000,0.000000,0.000000,-0.100789,-0.094956,-0.252082,0.057736,-0.088063,-0.250814,-0.021527,-0.091509,-0.251448,-0.003371,-0.119383,-0.189167,-0.007631,-0.126840,-0.235294
2026-05-25 15:48:31.786,86.699917,0.000000,0.000000,0.000000,-0.100789,-0.094956,-0.252082,0.057736,-0.088063,-0.250814,-0.021527,-0.091509,-0.251448,-0.004065,-0.118908,-0.189147,-0.007645,-0.127381,-0.235280
2026-05-25 15:48:31.886,86.799917,0.000000,0.000000,0.000000,-0.100789,-0.094956,-0.252082,0.057736,-0.088063,-0.250814,-0.021527,-0.091509,-0.251448,-0.004118,-0.120402,-0.189924,-0.007645,-0.127381,-0.235280
2026-05-25 15:48:31.986,86.899917,0.000000,0.000000,0.000000,-0.100667,-0.096031,-0.252030,0.057736,-0.088063,-0.250814,-0.021466,-0.092047,-0.251422,-0.004118,-0.120402,-0.189924,-0.007645,-0.127381,-0.235280
2026-05-25 15:48:32.086,86.999917,0.000000,0.000000,0.000000,-0.100789,-0.094956,-0.252082,0.057736,-0.088063,-0.250814,-0.021527,-0.091509,-0.251448,-0.004832,-0.120349,-0.190631,-0.007645,-0.127381,-0.235280
2026-05-25 15:48:32.186,87.099917,0.000000,0.000000,0.000000,-0.100789,-0.094956,-0.252082,0.057606,-0.089159,-0.250764,-0.021592,-0.092057,-0.251423,-0.004832,-0.120349,-0.190631,-0.007671,-0.128465,-0.235254
2026-05-25 15:48:32.286,87.199917,0.000000,0.000000,0.000000,-0.100789,-0.094956,-0.252082,0.057736,-0.088063,-0.250814,-0.021527,-0.091509,-0.251448,-0.004832,-0.120349,-0.190631,-0.007618,-0.126298,-0.235307
2026-05-25 15:48:32.386,87.299917,0.000000,0.000000,0.000000,-0.100789,-0.094956,-0.252082,0.057736,-0.088063,-0.250814,-0.021527,-0.091509,-0.251448,-0.004832,-0.120349,-0.190631,-0.007671,-0.128465,-0.235254
2026-05-25 15:48:32.486,87.399917,0.000000,0.000000,0.000000,-0.100789,-0.094956,-0.252082,0.057606,-0.089159,-0.250764,-0.021592,-0.092057,-0.251423,-0.004863,-0.121420,-0.190678,-0.007645,-0.127381,-0.235280
2026-05-25 15:48:32.586,87.499917,0.000000,0.000000,0.000000,-0.100789,-0.094956,-0.252082,0.057736,-0.088063,-0.250814,-0.021527,-0.091509,-0.251448,-0.004832,-0.120349,-0.190631,-0.007645,-0.127381,-0.235280
2026-05-25 15:48:32.686,87.599916,0.000000,0.000000,0.000000,-0.100789,-0.094956,-0.252082,0.057736,-0.088063,-0.250814,-0.021527,-0.091509,-0.251448,-0.004863,-0.121420,-0.190678,-0.007645,-0.127381,-0.235280
2026-05-25 15:48:32.786,87.699916,0.000000,0.000000,0.000000,-0.100789,-0.094956,-0.252082,0.057866,-0.086967,-0.250864,-0.021462,-0.090962,-0.251473,-0.004863,-0.121420,-0.190678,-0.007645,-0.127381,-0.235280
2026-05-25 15:48:32.886,87.799916,0.000000,0.000000,0.000000,-0.100789,-0.094956,-0.252082,0.057736,-0.088063,-0.250814,-0.021527,-0.091509,-0.251448,-0.004863,-0.121420,-0.190678,-0.007645,-0.127381,-0.235280
2026-05-25 15:48:32.986,87.899916,0.000000,0.000000,0.000000,-0.100911,-0.093881,-0.252134,0.057736,-0.088063,-0.250814,-0.021588,-0.090972,-0.251474,-0.004832,-0.120349,-0.190631,-0.007645,-0.127381,-0.235280
2026-05-25 15:48:33.086,87.999916,0.000000,0.000000,0.000000,-0.100789,-0.094956,-0.252082,0.057606,-0.089159,-0.250764,-0.021592,-0.092057,-0.251423,-0.004863,-0.121420,-0.190678,-0.007645,-0.127381,-0.235280
2026-05-25 15:48:33.186,88.099916,0.000000,0.000000,0.000000,-0.100789,-0.094956,-0.252082,0.057736,-0.088063,-0.250814,-0.021527,-0.091509,-0.251448,-0.004832,-0.120349,-0.190631,-0.007645,-0.127381,-0.235280
2026-05-25 15:48:33.286,88.199916,0.000000,0.000000,0.000000,-0.100789,-0.094956,-0.252082,0.057736,-0.088063,-0.250814,-0.021527,-0.091509,-0.251448,-0.004832,-0.120349,-0.190631,-0.007645,-0.127381,-0.235280
2026-05-25 15:48:33.386,88.299916,0.000000,0.000000,0.000000,-0.100789,-0.094956,-0.252082,0.057736,-0.088063,-0.250814,-0.021527,-0.091509,-0.251448,-0.004832,-0.120349,-0.190631,-0.007645,-0.127381,-0.235280
2026-05-25 15:48:33.486,88.399916,0.000000,0.000000,0.000000,-0.100789,-0.094956,-0.252082,0.057736,-0.088063,-0.250814,-0.021527,-0.091509,-0.251448,-0.004832,-0.120349,-0.190631,-0.007671,-0.128465,-0.235254
2026-05-25 15:48:33.586,88.499916,0.000000,0.000000,0.000000,-0.100911,-0.093881,-0.252134,0.057736,-0.088063,-0.250814,-0.021588,-0.090972,-0.251474,-0.004832,-0.120349,-0.190631,-0.007645,-0.127381,-0.235280
2026-05-25 15:48:33.686,88.599916,0.000000,0.000000,0.000000,-0.100789,-0.094956,-0.252082,0.057736,-0.088063,-0.250814,-0.021527,-0.091509,-0.251448,-0.004863,-0.121420,-0.190678,-0.007645,-0.127381,-0.235280
2026-05-25 15:48:33.786,88.699915,0.000000,0.000000,0.000000,-0.100789,-0.094956,-0.252082,0.057606,-0.089159,-0.250764,-0.021592,-0.092057,-0.251423,-0.004832,-0.120349,-0.190631,-0.007618,-0.126298,-0.235307
2026-05-25 15:48:33.886,88.799915,0.000000,0.000000,0.000000,-0.100911,-0.093881,-0.252134,0.057736,-0.088063,-0.250814,-0.021588,-0.090972,-0.251474,-0.004832,-0.120349,-0.190631,-0.007645,-0.127381,-0.235280
2026-05-25 15:48:33.986,88.899915,0.000000,0.000000,0.000000,-0.100911,-0.093881,-0.252134,0.057736,-0.088063,-0.250814,-0.021588,-0.090972,-0.251474,-0.004832,-0.120349,-0.190631,-0.007645,-0.127381,-0.235280
2026-05-25 15:48:34.086,88.999915,0.000000,0.000000,0.000000,-0.100911,-0.093881,-0.252134,0.057736,-0.088063,-0.250814,-0.021588,-0.090972,-0.251474,-0.004832,-0.120349,-0.190631,-0.007645,-0.127381,-0.235280
2026-05-25 15:48:34.186,89.099915,0.000000,0.000000,0.000000,-0.100789,-0.094956,-0.252082,0.057736,-0.088063,-0.250814,-0.021527,-0.091509,-0.251448,-0.004863,-0.121420,-0.190678,-0.007618,-0.126298,-0.235307
2026-05-25 15:48:34.286,89.199915,0.000000,0.000000,0.000000,-0.100789,-0.094956,-0.252082,0.057606,-0.089159,-0.250764,-0.021592,-0.092057,-0.251423,-0.004863,-0.121420,-0.190678,-0.007645,-0.127381,-0.235280
2026-05-25 15:48:34.386,89.299915,0.000000,0.000000,0.000000,-0.100789,-0.094956,-0.252082,0.057736,-0.088063,-0.250814,-0.021527,-0.091509,-0.251448,-0.004832,-0.120349,-0.190631,-0.007645,-0.127381,-0.235280
2026-05-25 15:48:34.486,89.399915,0.000000,0.000000,0.000000,-0.100911,-0.093881,-0.252134,0.057736,-0.088063,-0.250814,-0.021588,-0.090972,-0.251474,-0.004863,-0.121420,-0.190678,-0.007645,-0.127381,-0.235280
2026-05-25 15:48:34.586,89.499915,0.000000,0.000000,0.000000,-0.100789,-0.094956,-0.252082,0.057866,-0.086967,-0.250864,-0.021462,-0.090962,-0.251473,-0.004832,-0.120349,-0.190631,-0.007645,-0.127381,-0.235280
2026-05-25 15:48:34.686,89.599915,0.000000,0.000000,0.000000,-0.100789,-0.094956,-0.252082,0.057736,-0.088063,-0.250814,-0.021527,-0.091509,-0.251448,-0.004863,-0.121420,-0.190678,-0.007645,-0.127381,-0.235280
2026-05-25 15:48:34.786,89.699914,0.000000,0.000000,0.000000,-0.100789,-0.094956,-0.252082,0.057736,-0.088063,-0.250814,-0.021527,-0.091509,-0.251448,-0.004832,-0.120349,-0.190631,-0.007645,-0.127381,-0.235280
2026-05-25 15:48:34.886,89.799914,0.000000,0.000000,0.000000,-0.100789,-0.094956,-0.252082,0.057866,-0.086967,-0.250864,-0.021462,-0.090962,-0.251473,-0.004863,-0.121420,-0.190678,-0.007645,-0.127381,-0.235280
2026-05-25 15:48:34.986,89.899914,0.000000,0.000000,0.000000,-0.100789,-0.094956,-0.252082,0.057736,-0.088063,-0.250814,-0.021527,-0.091509,-0.251448,-0.004863,-0.121420,-0.190678,-0.007645,-0.127381,-0.235280
2026-05-25 15:48:35.086,89.999914,0.000000,0.000000,0.000000,-0.100789,-0.094956,-0.252082,0.057736,-0.088063,-0.250814,-0.021527,-0.091509,-0.251448,-0.004832,-0.120349,-0.190631,-0.007645,-0.127381,-0.235280
2026-05-25 15:48:35.186,90.099914,0.000000,0.000000,0.000000,-0.100911,-0.093881,-0.252134,0.057736,-0.088063,-0.250814,-0.021588,-0.090972,-0.251474,-0.004832,-0.120349,-0.190631,-0.007645,-0.127381,-0.235280
2026-05-25 15:48:35.286,90.199914,0.000000,0.000000,0.000000,-0.100911,-0.093881,-0.252134,0.057606,-0.089159,-0.250764,-0.021653,-0.091520,-0.251449,-0.004832,-0.120349,-0.190631,-0.007645,-0.127381,-0.235280
2026-05-25 15:48:35.386,90.299914,0.000000,0.000000,0.000000,-0.100911,-0.093881,-0.252134,0.057606,-0.089159,-0.250764,-0.021653,-0.091520,-0.251449,-0.004832,-0.120349,-0.190631,-0.007645,-0.127381,-0.235280
2026-05-25 15:48:35.486,90.399914,0.000000,0.000000,0.000000,-0.100789,-0.094956,-0.252082,0.057736,-0.088063,-0.250814,-0.021527,-0.091509,-0.251448,-0.004832,-0.120349,-0.190631,-0.007645,-0.127381,-0.235280
2026-05-25 15:48:35.586,90.499914,0.000000,0.000000,0.000000,-0.100789,-0.094956,-0.252082,0.057866,-0.086967,-0.250864,-0.021462,-0.090962,-0.251473,-0.004832,-0.120349,-0.190631,-0.007645,-0.127381,-0.235280
2026-05-25 15:48:35.686,90.599914,0.000000,0.000000,0.000000,-0.100789,-0.094956,-0.252082,0.057736,-0.088063,-0.250814,-0.021527,-0.091509,-0.251448,-0.004863,-0.121420,-0.190678,-0.007645,-0.127381,-0.235280
2026-05-25 15:48:35.786,90.699914,0.000000,0.000000,0.000000,-0.100789,-0.094956,-0.252082,0.057736,-0.088063,-0.250814,-0.021527,-0.091509,-0.251448,-0.004863,-0.121420,-0.190678,-0.007645,-0.127381,-0.235280
2026-05-25 15:48:35.886,90.799913,0.000000,0.000000,0.000000,-0.100789,-0.094956,-0.252082,0.057736,-0.088063,-0.250814,-0.021527,-0.091509,-0.251448,-0.004832,-0.120349,-0.190631,-0.007645,-0.127381,-0.235280
2026-05-25 15:48:35.986,90.899913,0.000000,0.000000,0.000000,-0.100789,-0.094956,-0.252082,0.057736,-0.088063,-0.250814,-0.021527,-0.091509,-0.251448,-0.004801,-0.119277,-0.190584,-0.007658,-0.127923,-0.235267
2026-05-25 15:48:36.086,90.999913,0.000000,0.000000,0.000000,-0.100911,-0.093881,-0.252134,0.057736,-0.088063,-0.250814,-0.021588,-0.090972,-0.251474,-0.004832,-0.120349,-0.190631,-0.007645,-0.127381,-0.235280
2026-05-25 15:48:36.186,91.099913,0.000000,0.000000,0.000000,-0.100789,-0.094956,-0.252082,0.057606,-0.089159,-0.250764,-0.021592,-0.092057,-0.251423,-0.004863,-0.121420,-0.190678,-0.007645,-0.127381,-0.235280
2026-05-25 15:48:36.286,91.199913,0.000000,0.000000,0.000000,-0.100789,-0.094956,-0.252082,0.057736,-0.088063,-0.250814,-0.021527,-0.091509,-0.251448,-0.005570,-0.121480,-0.190682,-0.008312,-0.126357,-0.235311
2026-05-25 15:48:36.386,91.299913,0.000000,0.000000,0.000000,-0.100911,-0.093881,-0.252134,0.057736,-0.088063,-0.250814,-0.021588,-0.090972,-0.251474,-0.005541,-0.120409,-0.190635,-0.008312,-0.126357,-0.235311
2026-05-25 15:48:36.486,91.399913,0.000000,0.000000,0.000000,-0.100789,-0.094956,-0.252082,0.057736,-0.088063,-0.250814,-0.021527,-0.091509,-0.251448,-0.005570,-0.121480,-0.190682,-0.008312,-0.126357,-0.235311
2026-05-25 15:48:36.586,91.499913,0.000000,0.000000,0.000000,-0.100911,-0.093881,-0.252134,0.057736,-0.088063,-0.250814,-0.021588,-0.090972,-0.251474,-0.005570,-0.121480,-0.190682,-0.008338,-0.127440,-0.235285
2026-05-25 15:48:36.686,91.599913,0.000000,0.000000,0.000000,-0.100789,-0.094956,-0.252082,0.057736,-0.088063,-0.250814,-0.021527,-0.091509,-0.251448,-0.005570,-0.121480,-0.190682,-0.008338,-0.127440,-0.235285
2026-05-25 15:48:36.786,91.699913,0.000000,0.000000,0.000000,-0.100911,-0.093881,-0.252134,0.057606,-0.089159,-0.250764,-0.021653,-0.091520,-0.251449,-0.005541,-0.120409,-0.190635,-0.008338,-0.127440,-0.235285
2026-05-25 15:48:36.886,91.799912,0.000000,0.000000,0.000000,-0.100911,-0.093881,-0.252134,0.057736,-0.088063,-0.250814,-0.021588,-0.090972,-0.251474,-0.005570,-0.121480,-0.190682,-0.008338,-0.127440,-0.235285
2026-05-25 15:48:36.986,91.899912,0.000000,0.000000,0.000000,-0.100789,-0.094956,-0.252082,0.057736,-0.088063,-0.250814,-0.021527,-0.091509,-0.251448,-0.005570,-0.121480,-0.190682,-0.008338,-0.127440,-0.235285
2026-05-25 15:48:37.086,91.999912,0.000000,0.000000,0.000000,-0.100789,-0.094956,-0.252082,0.057866,-0.086967,-0.250864,-0.021462,-0.090962,-0.251473,-0.005570,-0.121480,-0.190682,-0.008312,-0.126357,-0.235311
2026-05-25 15:48:37.186,92.099912,0.000000,0.000000,0.000000,-0.100789,-0.094956,-0.252082,0.057736,-0.088063,-0.250814,-0.021527,-0.091509,-0.251448,-0.005541,-0.120409,-0.190635,-0.008312,-0.126357,-0.235311
2026-05-25 15:48:37.286,92.199912,0.000000,0.000000,0.000000,-0.100789,-0.094956,-0.252082,0.057736,-0.088063,-0.250814,-0.021527,-0.091509,-0.251448,-0.005541,-0.120409,-0.190635,-0.008338,-0.127440,-0.235285
2026-05-25 15:48:37.386,92.299912,0.000000,0.000000,0.000000,-0.100789,-0.094956,-0.252082,0.057736,-0.088063,-0.250814,-0.021527,-0.091509,-0.251448,-0.005570,-0.121480,-0.190682,-0.008338,-0.127440,-0.235285
2026-05-25 15:48:37.486,92.399912,0.000000,0.000000,0.000000,-0.100789,-0.094956,-0.252082,0.057736,-0.088063,-0.250814,-0.021527,-0.091509,-0.251448,-0.005555,-0.120944,-0.190659,-0.008312,-0.126357,-0.235311
2026-05-25 15:48:37.586,92.499912,0.000000,0.000000,0.000000,-0.100789,-0.094956,-0.252082,0.057866,-0.086967,-0.250864,-0.021462,-0.090962,-0.251473,-0.005570,-0.121480,-0.190682,-0.008338,-0.127440,-0.235285
2026-05-25 15:48:37.686,92.599912,0.000000,0.000000,0.000000,-0.100789,-0.094956,-0.252082,0.057736,-0.088063,-0.250814,-0.021527,-0.091509,-0.251448,-0.005570,-0.121480,-0.190682,-0.008312,-0.126357,-0.235311
2026-05-25 15:48:37.786,92.699912,0.000000,0.000000,0.000000,-0.100911,-0.093881,-0.252134,0.057736,-0.088063,-0.250814,-0.021588,-0.090972,-0.251474,-0.005570,-0.121480,-0.190682,-0.008338,-0.127440,-0.235285
2026-05-25 15:48:37.886,92.799911,0.000000,0.000000,0.000000,-0.100911,-0.093881,-0.252134,0.057736,-0.088063,-0.250814,-0.021588,-0.090972,-0.251474,-0.005570,-0.121480,-0.190682,-0.008338,-0.127440,-0.235285
2026-05-25 15:48:37.986,92.899911,0.000000,0.000000,0.000000,-0.100789,-0.094956,-0.252082,0.057606,-0.089159,-0.250764,-0.021592,-0.092057,-0.251423,-0.005570,-0.121480,-0.190682,-0.008312,-0.126357,-0.235311
2026-05-25 15:48:38.086,92.999911,0.000000,0.000000,0.000000,-0.100789,-0.094956,-0.252082,0.057736,-0.088063,-0.250814,-0.021527,-0.091509,-0.251448,-0.005570,-0.121480,-0.190682,-0.008312,-0.126357,-0.235311
2026-05-25 15:48:38.186,93.099911,0.000000,0.000000,0.000000,-0.100911,-0.093881,-0.252134,0.057736,-0.088063,-0.250814,-0.021588,-0.090972,-0.251474,-0.005570,-0.121480,-0.190682,-0.008338,-0.127440,-0.235285
2026-05-25 15:48:38.286,93.199911,0.000000,0.000000,0.000000,-0.100789,-0.094956,-0.252082,0.057866,-0.086967,-0.250864,-0.021462,-0.090962,-0.251473,-0.005570,-0.121480,-0.190682,-0.008338,-0.127440,-0.235285
2026-05-25 15:48:38.386,93.299911,0.000000,0.000000,0.000000,-0.100789,-0.094956,-0.252082,0.057736,-0.088063,-0.250814,-0.021527,-0.091509,-0.251448,-0.005570,-0.121480,-0.190682,-0.008338,-0.127440,-0.235285
2026-05-25 15:48:38.486,93.399911,0.000000,0.000000,0.000000,-0.100789,-0.094956,-0.252082,0.057736,-0.088063,-0.250814,-0.021527,-0.091509,-0.251448,-0.005541,-0.120409,-0.190635,-0.008312,-0.126357,-0.235311
2026-05-25 15:48:38.586,93.499911,0.000000,0.000000,0.000000,-0.100667,-0.096031,-0.252030,0.057736,-0.088063,-0.250814,-0.021466,-0.092047,-0.251422,-0.005541,-0.120409,-0.190635,-0.008312,-0.126357,-0.235311
2026-05-25 15:48:38.686,93.599911,0.000000,0.000000,0.000000,-0.100911,-0.093881,-0.252134,0.057736,-0.088063,-0.250814,-0.021588,-0.090972,-0.251474,-0.005541,-0.120409,-0.190635,-0.008338,-0.127440,-0.235285
2026-05-25 15:48:38.786,93.699911,0.000000,0.000000,0.000000,-0.100911,-0.093881,-0.252134,0.057606,-0.089159,-0.250764,-0.021653,-0.091520,-0.251449,-0.005541,-0.120409,-0.190635,-0.008338,-0.127440,-0.235285
2026-05-25 15:48:38.886,93.799911,0.000000,0.000000,0.000000,-0.100789,-0.094956,-0.252082,0.057736,-0.088063,-0.250814,-0.021527,-0.091509,-0.251448,-0.005541,-0.120409,-0.190635,-0.008338,-0.127440,-0.235285
2026-05-25 15:48:38.986,93.899910,0.000000,0.000000,0.000000,-0.100789,-0.094956,-0.252082,0.057736,-0.088063,-0.250814,-0.021527,-0.091509,-0.251448,-0.005541,-0.120409,-0.190635,-0.008338,-0.127440,-0.235285
2026-05-25 15:48:39.086,93.999910,0.000000,0.000000,0.000000,-0.100789,-0.094956,-0.252082,0.057736,-0.088063,-0.250814,-0.021527,-0.091509,-0.251448,-0.005541,-0.120409,-0.190635,-0.008338,-0.127440,-0.235285
2026-05-25 15:48:39.186,94.099910,0.000000,0.000000,0.000000,-0.100911,-0.093881,-0.252134,0.057866,-0.086967,-0.250864,-0.021523,-0.090424,-0.251499,-0.005541,-0.120409,-0.190635,-0.008312,-0.126357,-0.235311
2026-05-25 15:48:39.286,94.199910,0.000000,0.000000,0.000000,-0.100789,-0.094956,-0.252082,0.057736,-0.088063,-0.250814,-0.021527,-0.091509,-0.251448,-0.005541,-0.120409,-0.190635,-0.008338,-0.127440,-0.235285
2026-05-25 15:48:39.386,94.299910,0.000000,0.000000,0.000000,-0.100789,-0.094956,-0.252082,0.057736,-0.088063,-0.250814,-0.021527,-0.091509,-0.251448,-0.005541,-0.120409,-0.190635,-0.008312,-0.126357,-0.235311
2026-05-25 15:48:39.486,94.399910,0.000000,0.000000,0.000000,-0.100789,-0.094956,-0.252082,0.057736,-0.088063,-0.250814,-0.021527,-0.091509,-0.251448,-0.005541,-0.120409,-0.190635,-0.008312,-0.126357,-0.235311
2026-05-25 15:48:39.586,94.499910,0.000000,0.000000,0.000000,-0.100789,-0.094956,-0.252082,0.057606,-0.089159,-0.250764,-0.021592,-0.092057,-0.251423,-0.005570,-0.121480,-0.190682,-0.008338,-0.127440,-0.235285
2026-05-25 15:48:39.686,94.599910,0.000000,0.000000,0.000000,-0.100911,-0.093881,-0.252134,0.057866,-0.086967,-0.250864,-0.021523,-0.090424,-0.251499,-0.005541,-0.120409,-0.190635,-0.008338,-0.127440,-0.235285
2026-05-25 15:48:39.786,94.699910,0.000000,0.000000,0.000000,-0.100789,-0.094956,-0.252082,0.057866,-0.086967,-0.250864,-0.021462,-0.090962,-0.251473,-0.005541,-0.120409,-0.190635,-0.008338,-0.127440,-0.235285
2026-05-25 15:48:39.886,94.799910,0.000000,0.000000,0.000000,-0.100911,-0.093881,-0.252134,0.057866,-0.086967,-0.250864,-0.021523,-0.090424,-0.251499,-0.005541,-0.120409,-0.190635,-0.008312,-0.126357,-0.235311
2026-05-25 15:48:39.986,94.899909,0.000000,0.000000,0.000000,-0.100789,-0.094956,-0.252082,0.057606,-0.089159,-0.250764,-0.021592,-0.092057,-0.251423,-0.005570,-0.121480,-0.190682,-0.008312,-0.126357,-0.235311
2026-05-25 15:48:40.086,94.999909,0.000000,0.000000,0.000000,-0.100789,-0.094956,-0.252082,0.057736,-0.088063,-0.250814,-0.021527,-0.091509,-0.251448,-0.005570,-0.121480,-0.190682,-0.008338,-0.127440,-0.235285
2026-05-25 15:48:40.186,95.099909,0.000000,0.000000,0.000000,-0.100789,-0.094956,-0.252082,0.057736,-0.088063,-0.250814,-0.021527,-0.091509,-0.251448,-0.005575,-0.121367,-0.191384,-0.008312,-0.126357,-0.235311
2026-05-25 15:48:40.286,95.199909,0.000000,0.000000,0.000000,-0.100789,-0.094956,-0.252082,0.057736,-0.088063,-0.250814,-0.021527,-0.091509,-0.251448,-0.005541,-0.120409,-0.190635,-0.008312,-0.126357,-0.235311
2026-05-25 15:48:40.386,95.299909,0.000000,0.000000,0.000000,-0.100789,-0.094956,-0.252082,0.057736,-0.088063,-0.250814,-0.021527,-0.091509,-0.251448,-0.005570,-0.121480,-0.190682,-0.008338,-0.127440,-0.235285
2026-05-25 15:48:40.486,95.399909,0.000000,0.000000,0.000000,-0.100789,-0.094956,-0.252082,0.057866,-0.086967,-0.250864,-0.021462,-0.090962,-0.251473,-0.005570,-0.121480,-0.190682,-0.008338,-0.127440,-0.235285
2026-05-25 15:48:40.586,95.499909,0.000000,0.000000,0.000000,-0.100911,-0.093881,-0.252134,0.057736,-0.088063,-0.250814,-0.021588,-0.090972,-0.251474,-0.005570,-0.121480,-0.190682,-0.008338,-0.127440,-0.235285
2026-05-25 15:48:40.686,95.599909,0.000000,0.000000,0.000000,-0.100911,-0.093881,-0.252134,0.057736,-0.088063,-0.250814,-0.021588,-0.090972,-0.251474,-0.005570,-0.121480,-0.190682,-0.008338,-0.127440,-0.235285
2026-05-25 15:48:40.786,95.699909,0.000000,0.000000,0.000000,-0.100789,-0.094956,-0.252082,0.057606,-0.089159,-0.250764,-0.021592,-0.092057,-0.251423,-0.005570,-0.121480,-0.190682,-0.008338,-0.127440,-0.235285
2026-05-25 15:48:40.886,95.799909,0.000000,0.000000,0.000000,-0.100789,-0.094956,-0.252082,0.057866,-0.086967,-0.250864,-0.021462,-0.090962,-0.251473,-0.005541,-0.120409,-0.190635,-0.008338,-0.127440,-0.235285
2026-05-25 15:48:40.986,95.899909,0.000000,0.000000,0.000000,-0.100789,-0.094956,-0.252082,0.057736,-0.088063,-0.250814,-0.021527,-0.091509,-0.251448,-0.005600,-0.122552,-0.190729,-0.008338,-0.127440,-0.235285
2026-05-25 15:48:41.086,95.999908,0.000000,0.000000,0.000000,-0.100911,-0.093881,-0.252134,0.057736,-0.088063,-0.250814,-0.021588,-0.090972,-0.251474,-0.005541,-0.120409,-0.190635,-0.008312,-0.126357,-0.235311
2026-05-25 15:48:41.186,96.099908,0.000000,0.000000,0.000000,-0.100789,-0.094956,-0.252082,0.057736,-0.088063,-0.250814,-0.021527,-0.091509,-0.251448,-0.005541,-0.120409,-0.190635,-0.008338,-0.127440,-0.235285
2026-05-25 15:48:41.286,96.199908,0.000000,0.000000,0.000000,-0.100667,-0.096031,-0.252030,0.057736,-0.088063,-0.250814,-0.021466,-0.092047,-0.251422,-0.005541,-0.120409,-0.190635,-0.008312,-0.126357,-0.235311
2026-05-25 15:48:41.386,96.299908,0.000000,0.000000,0.000000,-0.100789,-0.094956,-0.252082,0.057736,-0.088063,-0.250814,-0.021527,-0.091509,-0.251448,-0.005541,-0.120409,-0.190635,-0.008338,-0.127440,-0.235285
2026-05-25 15:48:41.486,96.399908,0.000000,0.000000,0.000000,-0.100789,-0.094956,-0.252082,0.057736,-0.088063,-0.250814,-0.021527,-0.091509,-0.251448,-0.005570,-0.121480,-0.190682,-0.008338,-0.127440,-0.235285
2026-05-25 15:48:41.586,96.499908,0.000000,0.000000,0.000000,-0.100911,-0.093881,-0.252134,0.057736,-0.088063,-0.250814,-0.021588,-0.090972,-0.251474,-0.005516,-0.119224,-0.191292,-0.008312,-0.126357,-0.235311
2026-05-25 15:48:41.686,96.599908,0.000000,0.000000,0.000000,-0.100911,-0.093881,-0.252134,0.057736,-0.088063,-0.250814,-0.021588,-0.090972,-0.251474,-0.005541,-0.120409,-0.190635,-0.008338,-0.127440,-0.235285
2026-05-25 15:48:41.786,96.699908,0.000000,0.000000,0.000000,-0.100789,-0.094956,-0.252082,0.057866,-0.086967,-0.250864,-0.021462,-0.090962,-0.251473,-0.005570,-0.121480,-0.190682,-0.008312,-0.126357,-0.235311
2026-05-25 15:48:41.886,96.799908,0.000000,0.000000,0.000000,-0.100789,-0.094956,-0.252082,0.057736,-0.088063,-0.250814,-0.021527,-0.091509,-0.251448,-0.005570,-0.121480,-0.190682,-0.008338,-0.127440,-0.235285
2026-05-25 15:48:41.986,96.899908,0.000000,0.000000,0.000000,-0.100789,-0.094956,-0.252082,0.057736,-0.088063,-0.250814,-0.021527,-0.091509,-0.251448,-0.005570,-0.121480,-0.190682,-0.008312,-0.126357,-0.235311
2026-05-25 15:48:42.086,96.999907,0.000000,0.000000,0.000000,-0.100789,-0.094956,-0.252082,0.057866,-0.086967,-0.250864,-0.021462,-0.090962,-0.251473,-0.005541,-0.120409,-0.190635,-0.008312,-0.126357,-0.235311
2026-05-25 15:48:42.186,97.099907,0.000000,0.000000,0.000000,-0.100911,-0.093881,-0.252134,0.057606,-0.089159,-0.250764,-0.021653,-0.091520,-0.251449,-0.006278,-0.121540,-0.190686,-0.008312,-0.126357,-0.235311
2026-05-25 15:48:42.286,97.199907,0.000000,0.000000,0.000000,-0.100789,-0.094956,-0.252082,0.057606,-0.089159,-0.250764,-0.021592,-0.092057,-0.251423,-0.006306,-0.122611,-0.190733,-0.008312,-0.126357,-0.235311
2026-05-25 15:48:42.386,97.299907,0.000000,0.000000,0.000000,-0.100911,-0.093881,-0.252134,0.057736,-0.088063,-0.250814,-0.021588,-0.090972,-0.251474,-0.006278,-0.121540,-0.190686,-0.008312,-0.126357,-0.235311
2026-05-25 15:48:42.486,97.399907,0.000000,0.000000,0.000000,-0.100911,-0.093881,-0.252134,0.057606,-0.089159,-0.250764,-0.021653,-0.091520,-0.251449,-0.006278,-0.121540,-0.190686,-0.008312,-0.126357,-0.235311
2026-05-25 15:48:42.586,97.499907,0.000000,0.000000,0.000000,-0.100789,-0.094956,-0.252082,0.057736,-0.088063,-0.250814,-0.021527,-0.091509,-0.251448,-0.006306,-0.122611,-0.190733,-0.008287,-0.125274,-0.235338
2026-05-25 15:48:42.686,97.599907,0.000000,0.000000,0.000000,-0.100789,-0.094956,-0.252082,0.057736,-0.088063,-0.250814,-0.021527,-0.091509,-0.251448,-0.006985,-0.121600,-0.190691,-0.008287,-0.125274,-0.235338
2026-05-25 15:48:42.786,97.699907,0.000000,0.000000,0.000000,-0.100911,-0.093881,-0.252134,0.057736,-0.088063,-0.250814,-0.021588,-0.090972,-0.251474,-0.007012,-0.122671,-0.190738,-0.008287,-0.125274,-0.235338
2026-05-25 15:48:42.886,97.799907,0.000000,0.000000,0.000000,-0.100911,-0.093881,-0.252134,0.057866,-0.086967,-0.250864,-0.021523,-0.090424,-0.251499,-0.006985,-0.121600,-0.190691,-0.008287,-0.125274,-0.235338
2026-05-25 15:48:42.986,97.899907,0.000000,0.000000,0.000000,-0.100789,-0.094956,-0.252082,0.057736,-0.088063,-0.250814,-0.021527,-0.091509,-0.251448,-0.007661,-0.120701,-0.189945,-0.008261,-0.124191,-0.235365
2026-05-25 15:48:43.086,97.999907,0.000000,0.000000,0.000000,-0.100911,-0.093881,-0.252134,0.057736,-0.088063,-0.250814,-0.021588,-0.090972,-0.251474,-0.007661,-0.120701,-0.189945,-0.008287,-0.125274,-0.235338
2026-05-25 15:48:43.186,98.099906,0.000000,0.000000,0.000000,-0.100789,-0.094956,-0.252082,0.057736,-0.088063,-0.250814,-0.021527,-0.091509,-0.251448,-0.007635,-0.119630,-0.189897,-0.008287,-0.125274,-0.235338
2026-05-25 15:48:43.286,98.199906,0.000000,0.000000,0.000000,-0.100789,-0.094956,-0.252082,0.057736,-0.088063,-0.250814,-0.021527,-0.091509,-0.251448,-0.007609,-0.118559,-0.189849,-0.008287,-0.125274,-0.235338
2026-05-25 15:48:43.386,98.299906,0.000000,0.000000,0.000000,-0.100911,-0.093881,-0.252134,0.057736,-0.088063,-0.250814,-0.021588,-0.090972,-0.251474,-0.008344,-0.119690,-0.189901,-0.008261,-0.124191,-0.235365
2026-05-25 15:48:43.486,98.399906,0.000000,0.000000,0.000000,-0.100789,-0.094956,-0.252082,0.057736,-0.088063,-0.250814,-0.021527,-0.091509,-0.251448,-0.008344,-0.119690,-0.189901,-0.008287,-0.125274,-0.235338
2026-05-25 15:48:43.586,98.499906,0.000000,0.000000,0.000000,-0.100789,-0.094956,-0.252082,0.057736,-0.088063,-0.250814,-0.021527,-0.091509,-0.251448,-0.007635,-0.119630,-0.189897,-0.008261,-0.124191,-0.235365
2026-05-25 15:48:43.686,98.599906,0.000000,0.000000,0.000000,-0.100667,-0.096031,-0.252030,0.057606,-0.089159,-0.250764,-0.021531,-0.092595,-0.251397,-0.007635,-0.119630,-0.189897,-0.008274,-0.124732,-0.235352
2026-05-25 15:48:43.786,98.699906,0.000000,0.000000,0.000000,-0.100911,-0.093881,-0.252134,0.057736,-0.088063,-0.250814,-0.021588,-0.090972,-0.251474,-0.007661,-0.120701,-0.189945,-0.008287,-0.125274,-0.235338
2026-05-25 15:48:43.886,98.799906,0.000000,0.000000,0.000000,-0.100789,-0.094956,-0.252082,0.057736,-0.088063,-0.250814,-0.021527,-0.091509,-0.251448,-0.007661,-0.120701,-0.189945,-0.008287,-0.125274,-0.235338
2026-05-25 15:48:43.986,98.899906,0.000000,0.000000,0.000000,-0.100789,-0.094956,-0.252082,0.057736,-0.088063,-0.250814,-0.021527,-0.091509,-0.251448,-0.007635,-0.119630,-0.189897,-0.008287,-0.125274,-0.235338
2026-05-25 15:48:44.086,98.999906,0.000000,0.000000,0.000000,-0.100789,-0.094956,-0.252082,0.057736,-0.088063,-0.250814,-0.021527,-0.091509,-0.251448,-0.007609,-0.118559,-0.189849,-0.008287,-0.125274,-0.235338
2026-05-25 15:48:44.186,99.099905,0.000000,0.000000,0.000000,-0.100789,-0.094956,-0.252082,0.057736,-0.088063,-0.250814,-0.021527,-0.091509,-0.251448,-0.007661,-0.120701,-0.189945,-0.008287,-0.125274,-0.235338
2026-05-25 15:48:44.286,99.199905,0.000000,0.000000,0.000000,-0.100789,-0.094956,-0.252082,0.057736,-0.088063,-0.250814,-0.021527,-0.091509,-0.251448,-0.007661,-0.120701,-0.189945,-0.008287,-0.125274,-0.235338
2026-05-25 15:48:44.386,99.299905,0.000000,0.000000,0.000000,-0.100667,-0.096031,-0.252030,0.057606,-0.089159,-0.250764,-0.021531,-0.092595,-0.251397,-0.007635,-0.119630,-0.189897,-0.008287,-0.125274,-0.235338
2026-05-25 15:48:44.486,99.399905,0.000000,0.000000,0.000000,-0.100789,-0.094956,-0.252082,0.057736,-0.088063,-0.250814,-0.021527,-0.091509,-0.251448,-0.007635,-0.119630,-0.189897,-0.008287,-0.125274,-0.235338
2026-05-25 15:48:44.586,99.499905,0.000000,0.000000,0.000000,-0.100789,-0.094956,-0.252082,0.057736,-0.088063,-0.250814,-0.021527,-0.091509,-0.251448,-0.008344,-0.119690,-0.189901,-0.008287,-0.125274,-0.235338
2026-05-25 15:48:44.686,99.599905,0.000000,0.000000,0.000000,-0.100911,-0.093881,-0.252134,0.057736,-0.088063,-0.250814,-0.021588,-0.090972,-0.251474,-0.007635,-0.119630,-0.189897,-0.008287,-0.125274,-0.235338
2026-05-25 15:48:44.786,99.699905,0.000000,0.000000,0.000000,-0.100789,-0.094956,-0.252082,0.057736,-0.088063,-0.250814,-0.021527,-0.091509,-0.251448,-0.007661,-0.120701,-0.189945,-0.008287,-0.125274,-0.235338
2026-05-25 15:48:44.886,99.799905,0.000000,0.000000,0.000000,-0.100911,-0.093881,-0.252134,0.057736,-0.088063,-0.250814,-0.021588,-0.090972,-0.251474,-0.007635,-0.119630,-0.189897,-0.008287,-0.125274,-0.235338
2026-05-25 15:48:44.986,99.899905,0.000000,0.000000,0.000000,-0.100789,-0.094956,-0.252082,0.057736,-0.088063,-0.250814,-0.021527,-0.091509,-0.251448,-0.007661,-0.120701,-0.189945,-0.008287,-0.125274,-0.235338
2026-05-25 15:48:45.086,99.999905,0.000000,0.000000,0.000000,-0.100789,-0.094956,-0.252082,0.057736,-0.088063,-0.250814,-0.021527,-0.091509,-0.251448,-0.007661,-0.120701,-0.189945,-0.008287,-0.125274,-0.235338
2026-05-25 15:48:45.186,100.099905,0.000000,0.000000,0.000000,-0.100789,-0.094956,-0.252082,0.057736,-0.088063,-0.250814,-0.021527,-0.091509,-0.251448,-0.007661,-0.120701,-0.189945,-0.008261,-0.124191,-0.235365
2026-05-25 15:48:45.286,100.199904,0.000000,0.000000,0.000000,-0.100789,-0.094956,-0.252082,0.057736,-0.088063,-0.250814,-0.021527,-0.091509,-0.251448,-0.008344,-0.119690,-0.189901,-0.008261,-0.124191,-0.235365
2026-05-25 15:48:45.386,100.299904,0.000000,0.000000,0.000000,-0.100789,-0.094956,-0.252082,0.057736,-0.088063,-0.250814,-0.021527,-0.091509,-0.251448,-0.008344,-0.119690,-0.189901,-0.008287,-0.125274,-0.235338
2026-05-25 15:48:45.486,100.399904,0.000000,0.000000,0.000000,-0.100789,-0.094956,-0.252082,0.057736,-0.088063,-0.250814,-0.021527,-0.091509,-0.251448,-0.007635,-0.119630,-0.189897,-0.008287,-0.125274,-0.235338
2026-05-25 15:48:45.586,100.499904,0.000000,0.000000,0.000000,-0.100789,-0.094956,-0.252082,0.057736,-0.088063,-0.250814,-0.021527,-0.091509,-0.251448,-0.007661,-0.120701,-0.189945,-0.008287,-0.125274,-0.235338
2026-05-25 15:48:45.686,100.599904,0.000000,0.000000,0.000000,-0.100789,-0.094956,-0.252082,0.057736,-0.088063,-0.250814,-0.021527,-0.091509,-0.251448,-0.007635,-0.119630,-0.189897,-0.008287,-0.125274,-0.235338
2026-05-25 15:48:45.786,100.699904,0.000000,0.000000,0.000000,-0.100911,-0.093881,-0.252134,0.057736,-0.088063,-0.250814,-0.021588,-0.090972,-0.251474,-0.007635,-0.119630,-0.189897,-0.008287,-0.125274,-0.235338
2026-05-25 15:48:45.886,100.799904,0.000000,0.000000,0.000000,-0.100789,-0.094956,-0.252082,0.057736,-0.088063,-0.250814,-0.021527,-0.091509,-0.251448,-0.007661,-0.120701,-0.189945,-0.008287,-0.125274,-0.235338
2026-05-25 15:48:45.986,100.899904,0.000000,0.000000,0.000000,-0.100911,-0.093881,-0.252134,0.057736,-0.088063,-0.250814,-0.021588,-0.090972,-0.251474,-0.008370,-0.120761,-0.189949,-0.008261,-0.124191,-0.235365
2026-05-25 15:48:46.086,100.999904,0.000000,0.000000,0.000000,-0.100789,-0.094956,-0.252082,0.057736,-0.088063,-0.250814,-0.021527,-0.091509,-0.251448,-0.007661,-0.120701,-0.189945,-0.008261,-0.124191,-0.235365
2026-05-25 15:48:46.186,101.099904,0.000000,0.000000,0.000000,-0.100911,-0.093881,-0.252134,0.057736,-0.088063,-0.250814,-0.021588,-0.090972,-0.251474,-0.007635,-0.119630,-0.189897,-0.008287,-0.125274,-0.235338
2026-05-25 15:48:46.286,101.199903,0.000000,0.000000,0.000000,-0.100789,-0.094956,-0.252082,0.057736,-0.088063,-0.250814,-0.021527,-0.091509,-0.251448,-0.007661,-0.120701,-0.189945,-0.008261,-0.124191,-0.235365
2026-05-25 15:48:46.386,101.299903,0.000000,0.000000,0.000000,-0.100789,-0.094956,-0.252082,0.057736,-0.088063,-0.250814,-0.021527,-0.091509,-0.251448,-0.008344,-0.119690,-0.189901,-0.008287,-0.125274,-0.235338
2026-05-25 15:48:46.486,101.399903,0.000000,0.000000,0.000000,-0.100789,-0.094956,-0.252082,0.057606,-0.089159,-0.250764,-0.021592,-0.092057,-0.251423,-0.008344,-0.119690,-0.189901,-0.008287,-0.125274,-0.235338
2026-05-25 15:48:46.586,101.499903,0.000000,0.000000,0.000000,-0.100789,-0.094956,-0.252082,0.057736,-0.088063,-0.250814,-0.021527,-0.091509,-0.251448,-0.007648,-0.120166,-0.189921,-0.008287,-0.125274,-0.235338
2026-05-25 15:48:46.686,101.599903,0.000000,0.000000,0.000000,-0.100789,-0.094956,-0.252082,0.057736,-0.088063,-0.250814,-0.021527,-0.091509,-0.251448,-0.008344,-0.119690,-0.189901,-0.008287,-0.125274,-0.235338
2026-05-25 15:48:46.786,101.699903,0.000000,0.000000,0.000000,-0.100789,-0.094956,-0.252082,0.057736,-0.088063,-0.250814,-0.021527,-0.091509,-0.251448,-0.008344,-0.119690,-0.189901,-0.008287,-0.125274,-0.235338
2026-05-25 15:48:46.886,101.799903,0.000000,0.000000,0.000000,-0.100789,-0.094956,-0.252082,0.057736,-0.088063,-0.250814,-0.021527,-0.091509,-0.251448,-0.007635,-0.119630,-0.189897,-0.008287,-0.125274,-0.235338
2026-05-25 15:48:46.986,101.899903,0.000000,0.000000,0.000000,-0.100789,-0.094956,-0.252082,0.057606,-0.089159,-0.250764,-0.021592,-0.092057,-0.251423,-0.007635,-0.119630,-0.189897,-0.008287,-0.125274,-0.235338
2026-05-25 15:48:47.086,101.999903,0.000000,0.000000,0.000000,-0.100789,-0.094956,-0.252082,0.057736,-0.088063,-0.250814,-0.021527,-0.091509,-0.251448,-0.007661,-0.120701,-0.189945,-0.008287,-0.125274,-0.235338
2026-05-25 15:48:47.186,102.099903,0.000000,0.000000,0.000000,-0.100911,-0.093881,-0.252134,0.057606,-0.089159,-0.250764,-0.021653,-0.091520,-0.251449,-0.007661,-0.120701,-0.189945,-0.008287,-0.125274,-0.235338
2026-05-25 15:48:47.286,102.199903,0.000000,0.000000,0.000000,-0.100789,-0.094956,-0.252082,0.057736,-0.088063,-0.250814,-0.021527,-0.091509,-0.251448,-0.007661,-0.120701,-0.189945,-0.008287,-0.125274,-0.235338
2026-05-25 15:48:47.386,102.299902,0.000000,0.000000,0.000000,-0.100911,-0.093881,-0.252134,0.057736,-0.088063,-0.250814,-0.021588,-0.090972,-0.251474,-0.007661,-0.120701,-0.189945,-0.008287,-0.125274,-0.235338
2026-05-25 15:48:47.486,102.399902,0.000000,0.000000,0.000000,-0.100789,-0.094956,-0.252082,0.057736,-0.088063,-0.250814,-0.021527,-0.091509,-0.251448,-0.007635,-0.119630,-0.189897,-0.008287,-0.125274,-0.235338
2026-05-25 15:48:47.586,102.499902,0.000000,0.000000,0.000000,-0.100789,-0.094956,-0.252082,0.057606,-0.089159,-0.250764,-0.021592,-0.092057,-0.251423,-0.007661,-0.120701,-0.189945,-0.008287,-0.125274,-0.235338
2026-05-25 15:48:47.686,102.599902,0.000000,0.000000,0.000000,-0.100789,-0.094956,-0.252082,0.057736,-0.088063,-0.250814,-0.021527,-0.091509,-0.251448,-0.007661,-0.120701,-0.189945,-0.008287,-0.125274,-0.235338
2026-05-25 15:48:47.786,102.699902,0.000000,0.000000,0.000000,-0.100789,-0.094956,-0.252082,0.057736,-0.088063,-0.250814,-0.021527,-0.091509,-0.251448,-0.007661,-0.120701,-0.189945,-0.008312,-0.126357,-0.235311
2026-05-25 15:48:47.886,102.799902,0.000000,0.000000,0.000000,-0.100789,-0.094956,-0.252082,0.057736,-0.088063,-0.250814,-0.021527,-0.091509,-0.251448,-0.007661,-0.120701,-0.189945,-0.008287,-0.125274,-0.235338
2026-05-25 15:48:47.986,102.899902,0.000000,0.000000,0.000000,-0.100911,-0.093881,-0.252134,0.057866,-0.086967,-0.250864,-0.021523,-0.090424,-0.251499,-0.008344,-0.119690,-0.189901,-0.008287,-0.125274,-0.235338
2026-05-25 15:48:48.086,102.999902,0.000000,0.000000,0.000000,-0.100667,-0.096031,-0.252030,0.057736,-0.088063,-0.250814,-0.021466,-0.092047,-0.251422,-0.007648,-0.120166,-0.189921,-0.008261,-0.124191,-0.235365
2026-05-25 15:48:48.186,103.099902,0.000000,0.000000,0.000000,-0.100911,-0.093881,-0.252134,0.057606,-0.089159,-0.250764,-0.021653,-0.091520,-0.251449,-0.008344,-0.119690,-0.189901,-0.008287,-0.125274,-0.235338
2026-05-25 15:48:48.286,103.199902,0.000000,0.000000,0.000000,-0.100789,-0.094956,-0.252082,0.057736,-0.088063,-0.250814,-0.021527,-0.091509,-0.251448,-0.008364,-0.120874,-0.189247,-0.008261,-0.124191,-0.235365
2026-05-25 15:48:48.386,103.299901,0.000000,0.000000,0.000000,-0.100789,-0.094956,-0.252082,0.057736,-0.088063,-0.250814,-0.021527,-0.091509,-0.251448,-0.008339,-0.119803,-0.189197,-0.008287,-0.125274,-0.235338
2026-05-25 15:48:48.486,103.399901,0.000000,0.000000,0.000000,-0.100789,-0.094956,-0.252082,0.057736,-0.088063,-0.250814,-0.021527,-0.091509,-0.251448,-0.008359,-0.120987,-0.188544,-0.008287,-0.125274,-0.235338
2026-05-25 15:48:48.586,103.499901,0.000000,0.000000,0.000000,-0.100911,-0.093881,-0.252134,0.057736,-0.088063,-0.250814,-0.021588,-0.090972,-0.251474,-0.008334,-0.119917,-0.188493,-0.008287,-0.125274,-0.235338
2026-05-25 15:48:48.686,103.599901,0.000000,0.000000,0.000000,-0.100911,-0.093881,-0.252134,0.057736,-0.088063,-0.250814,-0.021588,-0.090972,-0.251474,-0.008354,-0.121100,-0.187841,-0.008287,-0.125274,-0.235338
2026-05-25 15:48:48.786,103.699901,0.000000,0.000000,0.000000,-0.100911,-0.093881,-0.252134,0.057866,-0.086967,-0.250864,-0.021523,-0.090424,-0.251499,-0.009038,-0.120090,-0.187794,-0.008287,-0.125274,-0.235338
2026-05-25 15:48:48.886,103.799901,0.000000,0.000000,0.000000,-0.100789,-0.094956,-0.252082,0.057736,-0.088063,-0.250814,-0.021527,-0.091509,-0.251448,-0.009725,-0.119079,-0.187746,-0.008287,-0.125274,-0.235338
2026-05-25 15:48:48.986,103.899901,0.000000,0.000000,0.000000,-0.100789,-0.094956,-0.252082,0.057736,-0.088063,-0.250814,-0.021527,-0.091509,-0.251448,-0.009766,-0.121333,-0.187146,-0.008287,-0.125274,-0.235338
2026-05-25 15:48:49.086,103.999901,0.000000,0.000000,0.000000,-0.100911,-0.093881,-0.252134,0.057866,-0.086967,-0.250864,-0.021523,-0.090424,-0.251499,-0.010496,-0.122463,-0.187203,-0.008287,-0.125274,-0.235338
2026-05-25 15:48:49.186,104.099901,0.000000,0.000000,0.000000,-0.100911,-0.093881,-0.252134,0.057736,-0.088063,-0.250814,-0.021588,-0.090972,-0.251474,-0.011183,-0.121453,-0.187155,-0.008287,-0.125274,-0.235338
2026-05-25 15:48:49.286,104.199901,0.000000,0.000000,0.000000,-0.100789,-0.094956,-0.252082,0.057736,-0.088063,-0.250814,-0.021527,-0.091509,-0.251448,-0.011177,-0.121566,-0.186452,-0.008287,-0.125274,-0.235338
2026-05-25 15:48:49.386,104.299901,0.000000,0.000000,0.000000,-0.100789,-0.094956,-0.252082,0.057736,-0.088063,-0.250814,-0.021527,-0.091509,-0.251448,-0.011905,-0.122695,-0.186510,-0.008287,-0.125274,-0.235338
2026-05-25 15:48:49.486,104.399900,0.000000,0.000000,0.000000,-0.100789,-0.094956,-0.252082,0.057736,-0.088063,-0.250814,-0.021527,-0.091509,-0.251448,-0.012607,-0.122868,-0.185813,-0.008287,-0.125274,-0.235338
2026-05-25 15:48:49.586,104.499900,0.000000,0.000000,0.000000,-0.100911,-0.093881,-0.252134,0.057736,-0.088063,-0.250814,-0.021588,-0.090972,-0.251474,-0.013298,-0.121858,-0.185762,-0.008287,-0.125274,-0.235338
2026-05-25 15:48:49.686,104.599900,0.000000,0.000000,0.000000,-0.100911,-0.093881,-0.252134,0.057736,-0.088063,-0.250814,-0.021588,-0.090972,-0.251474,-0.013276,-0.120902,-0.185003,-0.008261,-0.124191,-0.235365
2026-05-25 15:48:49.786,104.699900,0.000000,0.000000,0.000000,-0.100789,-0.094956,-0.252082,0.057736,-0.088063,-0.250814,-0.021527,-0.091509,-0.251448,-0.014001,-0.122031,-0.185064,-0.008261,-0.124191,-0.235365
2026-05-25 15:48:49.886,104.799900,0.000000,0.000000,0.000000,-0.100911,-0.093881,-0.252134,0.057736,-0.088063,-0.250814,-0.021588,-0.090972,-0.251474,-0.014690,-0.121135,-0.184308,-0.008287,-0.125274,-0.235338
2026-05-25 15:48:49.986,104.899900,0.000000,0.000000,0.000000,-0.100789,-0.094956,-0.252082,0.057606,-0.089159,-0.250764,-0.021592,-0.092057,-0.251423,-0.015399,-0.121195,-0.184312,-0.008977,-0.125443,-0.234652
2026-05-25 15:48:50.086,104.999900,0.000000,0.000000,0.000000,-0.100789,-0.094956,-0.252082,0.057736,-0.088063,-0.250814,-0.021527,-0.091509,-0.251448,-0.016104,-0.121368,-0.183612,-0.008953,-0.124361,-0.234678
2026-05-25 15:48:50.186,105.099900,0.000000,0.000000,0.000000,-0.100789,-0.094956,-0.252082,0.057736,-0.088063,-0.250814,-0.021527,-0.091509,-0.251448,-0.016104,-0.121368,-0.183612,-0.008256,-0.124302,-0.234674
2026-05-25 15:48:50.286,105.199900,0.000000,0.000000,0.000000,-0.100789,-0.094956,-0.252082,0.057736,-0.088063,-0.250814,-0.021527,-0.091509,-0.251448,-0.016104,-0.121368,-0.183612,-0.008256,-0.124302,-0.234674
2026-05-25 15:48:50.386,105.299900,0.000000,0.000000,0.000000,-0.100911,-0.093881,-0.252134,0.057736,-0.088063,-0.250814,-0.021588,-0.090972,-0.251474,-0.016104,-0.121368,-0.183612,-0.008256,-0.124302,-0.234674
2026-05-25 15:48:50.486,105.399899,0.000000,0.000000,0.000000,-0.100789,-0.094956,-0.252082,0.057736,-0.088063,-0.250814,-0.021527,-0.091509,-0.251448,-0.016092,-0.120300,-0.183554,-0.008953,-0.124361,-0.234678
2026-05-25 15:48:50.586,105.499899,0.000000,0.000000,0.000000,-0.100911,-0.093881,-0.252134,0.057866,-0.086967,-0.250864,-0.021523,-0.090424,-0.251499,-0.016092,-0.120300,-0.183554,-0.008953,-0.124361,-0.234678
2026-05-25 15:48:50.686,105.599899,0.000000,0.000000,0.000000,-0.100789,-0.094956,-0.252082,0.057736,-0.088063,-0.250814,-0.021527,-0.091509,-0.251448,-0.016092,-0.120300,-0.183554,-0.008282,-0.125385,-0.234648
2026-05-25 15:48:50.786,105.699899,0.000000,0.000000,0.000000,-0.100789,-0.094956,-0.252082,0.057736,-0.088063,-0.250814,-0.021527,-0.091509,-0.251448,-0.016079,-0.119232,-0.183496,-0.008953,-0.124361,-0.234678
2026-05-25 15:48:50.886,105.799899,0.000000,0.000000,0.000000,-0.100789,-0.094956,-0.252082,0.057606,-0.089159,-0.250764,-0.021592,-0.092057,-0.251423,-0.016092,-0.120300,-0.183554,-0.008953,-0.124361,-0.234678
2026-05-25 15:48:50.986,105.899899,0.000000,0.000000,0.000000,-0.100789,-0.094956,-0.252082,0.057736,-0.088063,-0.250814,-0.021527,-0.091509,-0.251448,-0.016092,-0.120300,-0.183554,-0.008282,-0.125385,-0.234648
2026-05-25 15:48:51.086,105.999899,0.000000,0.000000,0.000000,-0.100911,-0.093881,-0.252134,0.057736,-0.088063,-0.250814,-0.021588,-0.090972,-0.251474,-0.016098,-0.120834,-0.183583,-0.008953,-0.124361,-0.234678
2026-05-25 15:48:51.186,106.099899,0.000000,0.000000,0.000000,-0.100911,-0.093881,-0.252134,0.057736,-0.088063,-0.250814,-0.021588,-0.090972,-0.251474,-0.015381,-0.120240,-0.183550,-0.008953,-0.124361,-0.234678
2026-05-25 15:48:51.286,106.199899,0.000000,0.000000,0.000000,-0.100789,-0.094956,-0.252082,0.057736,-0.088063,-0.250814,-0.021527,-0.091509,-0.251448,-0.016092,-0.120300,-0.183554,-0.008953,-0.124361,-0.234678
2026-05-25 15:48:51.386,106.299899,0.000000,0.000000,0.000000,-0.100789,-0.094956,-0.252082,0.057736,-0.088063,-0.250814,-0.021527,-0.091509,-0.251448,-0.015394,-0.121308,-0.183608,-0.008953,-0.124361,-0.234678
2026-05-25 15:48:51.486,106.399899,0.000000,0.000000,0.000000,-0.100789,-0.094956,-0.252082,0.057736,-0.088063,-0.250814,-0.021527,-0.091509,-0.251448,-0.015394,-0.121308,-0.183608,-0.008256,-0.124302,-0.234674
2026-05-25 15:48:51.586,106.499898,0.000000,0.000000,0.000000,-0.100789,-0.094956,-0.252082,0.057736,-0.088063,-0.250814,-0.021527,-0.091509,-0.251448,-0.015394,-0.121308,-0.183608,-0.008256,-0.124302,-0.234674
2026-05-25 15:48:51.686,106.599898,0.000000,0.000000,0.000000,-0.100789,-0.094956,-0.252082,0.057736,-0.088063,-0.250814,-0.021527,-0.091509,-0.251448,-0.015381,-0.120240,-0.183550,-0.008953,-0.124361,-0.234678
2026-05-25 15:48:51.786,106.699898,0.000000,0.000000,0.000000,-0.100911,-0.093881,-0.252134,0.057606,-0.089159,-0.250764,-0.021653,-0.091520,-0.251449,-0.015386,-0.120127,-0.184255,-0.008282,-0.125385,-0.234648
2026-05-25 15:48:51.886,106.799898,0.000000,0.000000,0.000000,-0.100911,-0.093881,-0.252134,0.057736,-0.088063,-0.250814,-0.021588,-0.090972,-0.251474,-0.015381,-0.120240,-0.183550,-0.008953,-0.124361,-0.234678
2026-05-25 15:48:51.986,106.899898,0.000000,0.000000,0.000000,-0.100789,-0.094956,-0.252082,0.057736,-0.088063,-0.250814,-0.021527,-0.091509,-0.251448,-0.015381,-0.120240,-0.183550,-0.008256,-0.124302,-0.234674
2026-05-25 15:48:52.086,106.999898,0.000000,0.000000,0.000000,-0.100789,-0.094956,-0.252082,0.057736,-0.088063,-0.250814,-0.021527,-0.091509,-0.251448,-0.015386,-0.120127,-0.184255,-0.008256,-0.124302,-0.234674
2026-05-25 15:48:52.186,107.099898,0.000000,0.000000,0.000000,-0.100789,-0.094956,-0.252082,0.057736,-0.088063,-0.250814,-0.021527,-0.091509,-0.251448,-0.015386,-0.120127,-0.184255,-0.008953,-0.124361,-0.234678
2026-05-25 15:48:52.286,107.199898,0.000000,0.000000,0.000000,-0.100789,-0.094956,-0.252082,0.057736,-0.088063,-0.250814,-0.021527,-0.091509,-0.251448,-0.015399,-0.121195,-0.184312,-0.008953,-0.124361,-0.234678
2026-05-25 15:48:52.386,107.299898,0.000000,0.000000,0.000000,-0.100789,-0.094956,-0.252082,0.057736,-0.088063,-0.250814,-0.021527,-0.091509,-0.251448,-0.015399,-0.121195,-0.184312,-0.008953,-0.124361,-0.234678
2026-05-25 15:48:52.486,107.399898,0.000000,0.000000,0.000000,-0.100789,-0.094956,-0.252082,0.057736,-0.088063,-0.250814,-0.021527,-0.091509,-0.251448,-0.015399,-0.121195,-0.184312,-0.008953,-0.124361,-0.234678
2026-05-25 15:48:52.586,107.499897,0.000000,0.000000,0.000000,-0.100789,-0.094956,-0.252082,0.057736,-0.088063,-0.250814,-0.021527,-0.091509,-0.251448,-0.015399,-0.121195,-0.184312,-0.008977,-0.125443,-0.234652
2026-05-25 15:48:52.686,107.599897,0.000000,0.000000,0.000000,-0.100911,-0.093881,-0.252134,0.057736,-0.088063,-0.250814,-0.021588,-0.090972,-0.251474,-0.015399,-0.121195,-0.184312,-0.008256,-0.124302,-0.234674
2026-05-25 15:48:52.786,107.699897,0.000000,0.000000,0.000000,-0.100789,-0.094956,-0.252082,0.057736,-0.088063,-0.250814,-0.021527,-0.091509,-0.251448,-0.015386,-0.120127,-0.184255,-0.008269,-0.124843,-0.234661
2026-05-25 15:48:52.886,107.799897,0.000000,0.000000,0.000000,-0.100911,-0.093881,-0.252134,0.057736,-0.088063,-0.250814,-0.021588,-0.090972,-0.251474,-0.015399,-0.121195,-0.184312,-0.008977,-0.125443,-0.234652
2026-05-25 15:48:52.986,107.899897,0.000000,0.000000,0.000000,-0.100911,-0.093881,-0.252134,0.057736,-0.088063,-0.250814,-0.021588,-0.090972,-0.251474,-0.015386,-0.120127,-0.184255,-0.008282,-0.125385,-0.234648
2026-05-25 15:48:53.086,107.999897,0.000000,0.000000,0.000000,-0.100911,-0.093881,-0.252134,0.057736,-0.088063,-0.250814,-0.021588,-0.090972,-0.251474,-0.015399,-0.121195,-0.184312,-0.008256,-0.124302,-0.234674
2026-05-25 15:48:53.186,108.099897,0.000000,0.000000,0.000000,-0.100789,-0.094956,-0.252082,0.057736,-0.088063,-0.250814,-0.021527,-0.091509,-0.251448,-0.015386,-0.120127,-0.184255,-0.008256,-0.124302,-0.234674
2026-05-25 15:48:53.286,108.199897,0.000000,0.000000,0.000000,-0.100911,-0.093881,-0.252134,0.057736,-0.088063,-0.250814,-0.021588,-0.090972,-0.251474,-0.015372,-0.119058,-0.184198,-0.008953,-0.124361,-0.234678
2026-05-25 15:48:53.386,108.299897,0.000000,0.000000,0.000000,-0.100911,-0.093881,-0.252134,0.057736,-0.088063,-0.250814,-0.021588,-0.090972,-0.251474,-0.015386,-0.120127,-0.184255,-0.008983,-0.125333,-0.235343
2026-05-25 15:48:53.486,108.399897,0.000000,0.000000,0.000000,-0.100789,-0.094956,-0.252082,0.057606,-0.089159,-0.250764,-0.021592,-0.092057,-0.251423,-0.015393,-0.120661,-0.184283,-0.008953,-0.124361,-0.234678
2026-05-25 15:48:53.586,108.499897,0.000000,0.000000,0.000000,-0.100789,-0.094956,-0.252082,0.057736,-0.088063,-0.250814,-0.021527,-0.091509,-0.251448,-0.015399,-0.121195,-0.184312,-0.008256,-0.124302,-0.234674
2026-05-25 15:48:53.686,108.599896,0.000000,0.000000,0.000000,-0.100789,-0.094956,-0.252082,0.057736,-0.088063,-0.250814,-0.021527,-0.091509,-0.251448,-0.015399,-0.121195,-0.184312,-0.008256,-0.124302,-0.234674
2026-05-25 15:48:53.786,108.699896,0.000000,0.000000,0.000000,-0.100911,-0.093881,-0.252134,0.057866,-0.086967,-0.250864,-0.021523,-0.090424,-0.251499,-0.015386,-0.120127,-0.184255,-0.008269,-0.124843,-0.234661
2026-05-25 15:48:53.886,108.799896,0.000000,0.000000,0.000000,-0.100789,-0.094956,-0.252082,0.057736,-0.088063,-0.250814,-0.021527,-0.091509,-0.251448,-0.015399,-0.121195,-0.184312,-0.008256,-0.124302,-0.234674
2026-05-25 15:48:53.986,108.899896,0.000000,0.000000,0.000000,-0.100667,-0.096031,-0.252030,0.057736,-0.088063,-0.250814,-0.021466,-0.092047,-0.251422,-0.015399,-0.121195,-0.184312,-0.008256,-0.124302,-0.234674
2026-05-25 15:48:54.086,108.999896,0.000000,0.000000,0.000000,-0.100911,-0.093881,-0.252134,0.057736,-0.088063,-0.250814,-0.021588,-0.090972,-0.251474,-0.015386,-0.120127,-0.184255,-0.008953,-0.124361,-0.234678
2026-05-25 15:48:54.186,109.099896,0.000000,0.000000,0.000000,-0.100789,-0.094956,-0.252082,0.057866,-0.086967,-0.250864,-0.021462,-0.090962,-0.251473,-0.015386,-0.120127,-0.184255,-0.008977,-0.125443,-0.234652
2026-05-25 15:48:54.286,109.199896,0.000000,0.000000,0.000000,-0.100789,-0.094956,-0.252082,0.057736,-0.088063,-0.250814,-0.021527,-0.091509,-0.251448,-0.016092,-0.120300,-0.183554,-0.008977,-0.125443,-0.234652
2026-05-25 15:48:54.386,109.299896,0.000000,0.000000,0.000000,-0.100789,-0.094956,-0.252082,0.057736,-0.088063,-0.250814,-0.021527,-0.091509,-0.251448,-0.016814,-0.121428,-0.183617,-0.008977,-0.125443,-0.234652
2026-05-25 15:48:54.486,109.399896,0.000000,0.000000,0.000000,-0.100911,-0.093881,-0.252134,0.057736,-0.088063,-0.250814,-0.021588,-0.090972,-0.251474,-0.017523,-0.121488,-0.183621,-0.008983,-0.125333,-0.235343
2026-05-25 15:48:54.586,109.499896,0.000000,0.000000,0.000000,-0.100789,-0.094956,-0.252082,0.057736,-0.088063,-0.250814,-0.021527,-0.091509,-0.251448,-0.018246,-0.123797,-0.183040,-0.009002,-0.126526,-0.234627
2026-05-25 15:48:54.686,109.599895,0.000000,0.000000,0.000000,-0.100911,-0.093881,-0.252134,0.057736,-0.088063,-0.250814,-0.021588,-0.090972,-0.251474,-0.019660,-0.123917,-0.183049,-0.009032,-0.127499,-0.235289
2026-05-25 15:48:54.786,109.699895,0.000000,0.000000,0.000000,-0.100789,-0.094956,-0.252082,0.057736,-0.088063,-0.250814,-0.021527,-0.091509,-0.251448,-0.019667,-0.124984,-0.183108,-0.009056,-0.128582,-0.235262
2026-05-25 15:48:54.886,109.799895,0.000000,0.000000,0.000000,-0.100789,-0.094956,-0.252082,0.057736,-0.088063,-0.250814,-0.021527,-0.091509,-0.251448,-0.019647,-0.121782,-0.182930,-0.009056,-0.128582,-0.235262
2026-05-25 15:48:54.986,109.899895,0.000000,0.000000,0.000000,-0.100789,-0.094956,-0.252082,0.057736,-0.088063,-0.250814,-0.021527,-0.091509,-0.251448,-0.019659,-0.122736,-0.183692,-0.009056,-0.128582,-0.235262
2026-05-25 15:48:55.086,109.999895,0.000000,0.000000,0.000000,-0.100789,-0.094956,-0.252082,0.057736,-0.088063,-0.250814,-0.021527,-0.091509,-0.251448,-0.018951,-0.122676,-0.183688,-0.009056,-0.128582,-0.235262
2026-05-25 15:48:55.186,110.099895,0.000000,0.000000,0.000000,-0.100911,-0.093881,-0.252134,0.057736,-0.088063,-0.250814,-0.021588,-0.090972,-0.251474,-0.018964,-0.123631,-0.184448,-0.009056,-0.128582,-0.235262
2026-05-25 15:48:55.286,110.199895,0.000000,0.000000,0.000000,-0.100911,-0.093881,-0.252134,0.057736,-0.088063,-0.250814,-0.021588,-0.090972,-0.251474,-0.018956,-0.122563,-0.184391,-0.009081,-0.129665,-0.235235
2026-05-25 15:48:55.386,110.299895,0.000000,0.000000,0.000000,-0.100911,-0.093881,-0.252134,0.057866,-0.086967,-0.250864,-0.021523,-0.090424,-0.251499,-0.018265,-0.124640,-0.184501,-0.009056,-0.128582,-0.235262
2026-05-25 15:48:55.486,110.399895,0.000000,0.000000,0.000000,-0.100789,-0.094956,-0.252082,0.057736,-0.088063,-0.250814,-0.021527,-0.091509,-0.251448,-0.018256,-0.123572,-0.184444,-0.009081,-0.129665,-0.235235
2026-05-25 15:48:55.586,110.499895,0.000000,0.000000,0.000000,-0.100911,-0.093881,-0.252134,0.057736,-0.088063,-0.250814,-0.021588,-0.090972,-0.251474,-0.018265,-0.124640,-0.184501,-0.009056,-0.128582,-0.235262
2026-05-25 15:48:55.686,110.599895,0.000000,0.000000,0.000000,-0.100911,-0.093881,-0.252134,0.057866,-0.086967,-0.250864,-0.021523,-0.090424,-0.251499,-0.018956,-0.122563,-0.184391,-0.009068,-0.129123,-0.235249
2026-05-25 15:48:55.786,110.699894,0.000000,0.000000,0.000000,-0.100789,-0.094956,-0.252082,0.057866,-0.086967,-0.250864,-0.021462,-0.090962,-0.251473,-0.018265,-0.124640,-0.184501,-0.009056,-0.128582,-0.235262
2026-05-25 15:48:55.886,110.799894,0.000000,0.000000,0.000000,-0.100911,-0.093881,-0.252134,0.057866,-0.086967,-0.250864,-0.021523,-0.090424,-0.251499,-0.018256,-0.123572,-0.184444,-0.009081,-0.129665,-0.235235
2026-05-25 15:48:55.986,110.899894,0.000000,0.000000,0.000000,-0.100789,-0.094956,-0.252082,0.057736,-0.088063,-0.250814,-0.021527,-0.091509,-0.251448,-0.018261,-0.124106,-0.184472,-0.009081,-0.129665,-0.235235
2026-05-25 15:48:56.086,110.999894,0.000000,0.000000,0.000000,-0.100911,-0.093881,-0.252134,0.057736,-0.088063,-0.250814,-0.021588,-0.090972,-0.251474,-0.018256,-0.123572,-0.184444,-0.009081,-0.129665,-0.235235
2026-05-25 15:48:56.186,111.099894,0.000000,0.000000,0.000000,-0.100789,-0.094956,-0.252082,0.057736,-0.088063,-0.250814,-0.021527,-0.091509,-0.251448,-0.018256,-0.123572,-0.184444,-0.009081,-0.129665,-0.235235
2026-05-25 15:48:56.286,111.199894,0.000000,0.000000,0.000000,-0.100789,-0.094956,-0.252082,0.057606,-0.089159,-0.250764,-0.021592,-0.092057,-0.251423,-0.018256,-0.123572,-0.184444,-0.009081,-0.129665,-0.235235
2026-05-25 15:48:56.386,111.299894,0.000000,0.000000,0.000000,-0.100789,-0.094956,-0.252082,0.057736,-0.088063,-0.250814,-0.021527,-0.091509,-0.251448,-0.018256,-0.123572,-0.184444,-0.009081,-0.129665,-0.235235
2026-05-25 15:48:56.486,111.399894,0.000000,0.000000,0.000000,-0.100789,-0.094956,-0.252082,0.057736,-0.088063,-0.250814,-0.021527,-0.091509,-0.251448,-0.018256,-0.123572,-0.184444,-0.009081,-0.129665,-0.235235
2026-05-25 15:48:56.586,111.499894,0.000000,0.000000,0.000000,-0.100789,-0.094956,-0.252082,0.057736,-0.088063,-0.250814,-0.021527,-0.091509,-0.251448,-0.018971,-0.124699,-0.184505,-0.009081,-0.129665,-0.235235
2026-05-25 15:48:56.686,111.599894,0.000000,0.000000,0.000000,-0.100789,-0.094956,-0.252082,0.057736,-0.088063,-0.250814,-0.021527,-0.091509,-0.251448,-0.018265,-0.124640,-0.184501,-0.009056,-0.128582,-0.235262
2026-05-25 15:48:56.786,111.699893,0.000000,0.000000,0.000000,-0.100911,-0.093881,-0.252134,0.057736,-0.088063,-0.250814,-0.021588,-0.090972,-0.251474,-0.018256,-0.123572,-0.184444,-0.009081,-0.129665,-0.235235
2026-05-25 15:48:56.886,111.799893,0.000000,0.000000,0.000000,-0.100789,-0.094956,-0.252082,0.057866,-0.086967,-0.250864,-0.021462,-0.090962,-0.251473,-0.018265,-0.124640,-0.184501,-0.009056,-0.128582,-0.235262
2026-05-25 15:48:56.986,111.899893,0.000000,0.000000,0.000000,-0.100789,-0.094956,-0.252082,0.057866,-0.086967,-0.250864,-0.021462,-0.090962,-0.251473,-0.018274,-0.125708,-0.184558,-0.009081,-0.129665,-0.235235
2026-05-25 15:48:57.086,111.999893,0.000000,0.000000,0.000000,-0.100911,-0.093881,-0.252134,0.057736,-0.088063,-0.250814,-0.021588,-0.090972,-0.251474,-0.018265,-0.124640,-0.184501,-0.009081,-0.129665,-0.235235
2026-05-25 15:48:57.186,112.099893,0.000000,0.000000,0.000000,-0.100789,-0.094956,-0.252082,0.057736,-0.088063,-0.250814,-0.021527,-0.091509,-0.251448,-0.018274,-0.125708,-0.184558,-0.009056,-0.128582,-0.235262
2026-05-25 15:48:57.286,112.199893,0.000000,0.000000,0.000000,-0.100789,-0.094956,-0.252082,0.057866,-0.086967,-0.250864,-0.021462,-0.090962,-0.251473,-0.018265,-0.124640,-0.184501,-0.009081,-0.129665,-0.235235
2026-05-25 15:48:57.386,112.299893,0.000000,0.000000,0.000000,-0.100789,-0.094956,-0.252082,0.057866,-0.086967,-0.250864,-0.021462,-0.090962,-0.251473,-0.018265,-0.124640,-0.184501,-0.009081,-0.129665,-0.235235
2026-05-25 15:48:57.486,112.399893,0.000000,0.000000,0.000000,-0.100789,-0.094956,-0.252082,0.057736,-0.088063,-0.250814,-0.021527,-0.091509,-0.251448,-0.018265,-0.124640,-0.184501,-0.009068,-0.129123,-0.235249
2026-05-25 15:48:57.586,112.499893,0.000000,0.000000,0.000000,-0.100789,-0.094956,-0.252082,0.057736,-0.088063,-0.250814,-0.021527,-0.091509,-0.251448,-0.018256,-0.123572,-0.184444,-0.009081,-0.129665,-0.235235
2026-05-25 15:48:57.686,112.599893,0.000000,0.000000,0.000000,-0.100911,-0.093881,-0.252134,0.057736,-0.088063,-0.250814,-0.021588,-0.090972,-0.251474,-0.018265,-0.124640,-0.184501,-0.009081,-0.129665,-0.235235
2026-05-25 15:48:57.786,112.699893,0.000000,0.000000,0.000000,-0.100911,-0.093881,-0.252134,0.057736,-0.088063,-0.250814,-0.021588,-0.090972,-0.251474,-0.018256,-0.123572,-0.184444,-0.009081,-0.129665,-0.235235
2026-05-25 15:48:57.886,112.799892,0.000000,0.000000,0.000000,-0.100789,-0.094956,-0.252082,0.057736,-0.088063,-0.250814,-0.021527,-0.091509,-0.251448,-0.018265,-0.124640,-0.184501,-0.009081,-0.129665,-0.235235
2026-05-25 15:48:57.986,112.899892,0.000000,0.000000,0.000000,-0.100789,-0.094956,-0.252082,0.057736,-0.088063,-0.250814,-0.021527,-0.091509,-0.251448,-0.018265,-0.124640,-0.184501,-0.009081,-0.129665,-0.235235
2026-05-25 15:48:58.086,112.999892,0.000000,0.000000,0.000000,-0.100789,-0.094956,-0.252082,0.057736,-0.088063,-0.250814,-0.021527,-0.091509,-0.251448,-0.018256,-0.123572,-0.184444,-0.009081,-0.129665,-0.235235
2026-05-25 15:48:58.186,113.099892,0.000000,0.000000,0.000000,-0.100911,-0.093881,-0.252134,0.057736,-0.088063,-0.250814,-0.021588,-0.090972,-0.251474,-0.018247,-0.122503,-0.184386,-0.009056,-0.128582,-0.235262
2026-05-25 15:48:58.286,113.199892,0.000000,0.000000,0.000000,-0.100789,-0.094956,-0.252082,0.057866,-0.086967,-0.250864,-0.021462,-0.090962,-0.251473,-0.018256,-0.123572,-0.184444,-0.009081,-0.129665,-0.235235
2026-05-25 15:48:58.386,113.299892,0.000000,0.000000,0.000000,-0.100789,-0.094956,-0.252082,0.057736,-0.088063,-0.250814,-0.021527,-0.091509,-0.251448,-0.018265,-0.124640,-0.184501,-0.009056,-0.128582,-0.235262
2026-05-25 15:48:58.486,113.399892,0.000000,0.000000,0.000000,-0.100789,-0.094956,-0.252082,0.057736,-0.088063,-0.250814,-0.021527,-0.091509,-0.251448,-0.018256,-0.123572,-0.184444,-0.009056,-0.128582,-0.235262
2026-05-25 15:48:58.586,113.499892,0.000000,0.000000,0.000000,-0.100789,-0.094956,-0.252082,0.057866,-0.086967,-0.250864,-0.021462,-0.090962,-0.251473,-0.018265,-0.124640,-0.184501,-0.009056,-0.128582,-0.235262
2026-05-25 15:48:58.686,113.599892,0.000000,0.000000,0.000000,-0.100789,-0.094956,-0.252082,0.057736,-0.088063,-0.250814,-0.021527,-0.091509,-0.251448,-0.018256,-0.123572,-0.184444,-0.009056,-0.128582,-0.235262
2026-05-25 15:48:58.786,113.699892,0.000000,0.000000,0.000000,-0.100789,-0.094956,-0.252082,0.057736,-0.088063,-0.250814,-0.021527,-0.091509,-0.251448,-0.018265,-0.124640,-0.184501,-0.009081,-0.129665,-0.235235
2026-05-25 15:48:58.886,113.799891,0.000000,0.000000,0.000000,-0.100911,-0.093881,-0.252134,0.057736,-0.088063,-0.250814,-0.021588,-0.090972,-0.251474,-0.018274,-0.125708,-0.184558,-0.009081,-0.129665,-0.235235
2026-05-25 15:48:58.986,113.899891,0.000000,0.000000,0.000000,-0.100789,-0.094956,-0.252082,0.057736,-0.088063,-0.250814,-0.021527,-0.091509,-0.251448,-0.018279,-0.125595,-0.185257,-0.009081,-0.129665,-0.235235
2026-05-25 15:48:59.086,113.999891,0.000000,0.000000,0.000000,-0.100789,-0.094956,-0.252082,0.057736,-0.088063,-0.250814,-0.021527,-0.091509,-0.251448,-0.018256,-0.123572,-0.184444,-0.009081,-0.129665,-0.235235
2026-05-25 15:48:59.186,114.099891,0.000000,0.000000,0.000000,-0.100789,-0.094956,-0.252082,0.057736,-0.088063,-0.250814,-0.021527,-0.091509,-0.251448,-0.018274,-0.125708,-0.184558,-0.009081,-0.129665,-0.235235
2026-05-25 15:48:59.286,114.199891,0.000000,0.000000,0.000000,-0.100789,-0.094956,-0.252082,0.057736,-0.088063,-0.250814,-0.021527,-0.091509,-0.251448,-0.018256,-0.123572,-0.184444,-0.009056,-0.128582,-0.235262
2026-05-25 15:48:59.386,114.299891,0.000000,0.000000,0.000000,-0.100911,-0.093881,-0.252134,0.057736,-0.088063,-0.250814,-0.021588,-0.090972,-0.251474,-0.018256,-0.123572,-0.184444,-0.009056,-0.128582,-0.235262
2026-05-25 15:48:59.486,114.399891,0.000000,0.000000,0.000000,-0.100789,-0.094956,-0.252082,0.057736,-0.088063,-0.250814,-0.021527,-0.091509,-0.251448,-0.018247,-0.122503,-0.184386,-0.009081,-0.129665,-0.235235
2026-05-25 15:48:59.586,114.499891,0.000000,0.000000,0.000000,-0.100789,-0.094956,-0.252082,0.057606,-0.089159,-0.250764,-0.021592,-0.092057,-0.251423,-0.018256,-0.123572,-0.184444,-0.009081,-0.129665,-0.235235
2026-05-25 15:48:59.686,114.599891,0.000000,0.000000,0.000000,-0.100911,-0.093881,-0.252134,0.057736,-0.088063,-0.250814,-0.021588,-0.090972,-0.251474,-0.018261,-0.123459,-0.185145,-0.009081,-0.129665,-0.235235
2026-05-25 15:48:59.786,114.699891,0.000000,0.000000,0.000000,-0.100789,-0.094956,-0.252082,0.057736,-0.088063,-0.250814,-0.021527,-0.091509,-0.251448,-0.018256,-0.123572,-0.184444,-0.009081,-0.129665,-0.235235
2026-05-25 15:48:59.886,114.799891,0.000000,0.000000,0.000000,-0.100789,-0.094956,-0.252082,0.057606,-0.089159,-0.250764,-0.021592,-0.092057,-0.251423,-0.018256,-0.123572,-0.184444,-0.009056,-0.128582,-0.235262
2026-05-25 15:48:59.986,114.899890,0.000000,0.000000,0.000000,-0.100911,-0.093881,-0.252134,0.057736,-0.088063,-0.250814,-0.021588,-0.090972,-0.251474,-0.018265,-0.124640,-0.184501,-0.009081,-0.129665,-0.235235
2026-05-25 15:49:00.086,114.999890,0.000000,0.000000,0.000000,-0.100789,-0.094956,-0.252082,0.057736,-0.088063,-0.250814,-0.021527,-0.091509,-0.251448,-0.018256,-0.123572,-0.184444,-0.009056,-0.128582,-0.235262
2026-05-25 15:49:00.186,115.099890,0.000000,0.000000,0.000000,-0.100911,-0.093881,-0.252134,0.057736,-0.088063,-0.250814,-0.021588,-0.090972,-0.251474,-0.018265,-0.124640,-0.184501,-0.009056,-0.128582,-0.235262
2026-05-25 15:49:00.286,115.199890,0.000000,0.000000,0.000000,-0.100789,-0.094956,-0.252082,0.057736,-0.088063,-0.250814,-0.021527,-0.091509,-0.251448,-0.018270,-0.124527,-0.185201,-0.009056,-0.128582,-0.235262
2026-05-25 15:49:00.386,115.299890,0.000000,0.000000,0.000000,-0.100789,-0.094956,-0.252082,0.057736,-0.088063,-0.250814,-0.021527,-0.091509,-0.251448,-0.017554,-0.123399,-0.185141,-0.009056,-0.128582,-0.235262
2026-05-25 15:49:00.486,115.399890,0.000000,0.000000,0.000000,-0.100789,-0.094956,-0.252082,0.057736,-0.088063,-0.250814,-0.021527,-0.091509,-0.251448,-0.017549,-0.123512,-0.184439,-0.009056,-0.128582,-0.235262
2026-05-25 15:49:00.586,115.499890,0.000000,0.000000,0.000000,-0.100789,-0.094956,-0.252082,0.057606,-0.089159,-0.250764,-0.021592,-0.092057,-0.251423,-0.018265,-0.124640,-0.184501,-0.009056,-0.128582,-0.235262
2026-05-25 15:49:00.686,115.599890,0.000000,0.000000,0.000000,-0.100789,-0.094956,-0.252082,0.057736,-0.088063,-0.250814,-0.021527,-0.091509,-0.251448,-0.018256,-0.123572,-0.184444,-0.009032,-0.127499,-0.235289
2026-05-25 15:49:00.786,115.699890,0.000000,0.000000,0.000000,-0.100789,-0.094956,-0.252082,0.057736,-0.088063,-0.250814,-0.021527,-0.091509,-0.251448,-0.018265,-0.124640,-0.184501,-0.009032,-0.127499,-0.235289
2026-05-25 15:49:00.886,115.799890,0.000000,0.000000,0.000000,-0.100789,-0.094956,-0.252082,0.057736,-0.088063,-0.250814,-0.021527,-0.091509,-0.251448,-0.018956,-0.122563,-0.184391,-0.009007,-0.126416,-0.235316
2026-05-25 15:49:00.986,115.899889,0.000000,0.000000,0.000000,-0.100911,-0.093881,-0.252134,0.057736,-0.088063,-0.250814,-0.021588,-0.090972,-0.251474,-0.018948,-0.121495,-0.184334,-0.009007,-0.126416,-0.235316
2026-05-25 15:49:01.086,115.999889,0.000000,0.000000,0.000000,-0.100789,-0.094956,-0.252082,0.057736,-0.088063,-0.250814,-0.021527,-0.091509,-0.251448,-0.018971,-0.124699,-0.184505,-0.009007,-0.126416,-0.235316
2026-05-25 15:49:01.186,116.099889,0.000000,0.000000,0.000000,-0.100789,-0.094956,-0.252082,0.057736,-0.088063,-0.250814,-0.021527,-0.091509,-0.251448,-0.018964,-0.123631,-0.184448,-0.009007,-0.126416,-0.235316
2026-05-25 15:49:01.286,116.199889,0.000000,0.000000,0.000000,-0.100789,-0.094956,-0.252082,0.057736,-0.088063,-0.250814,-0.021527,-0.091509,-0.251448,-0.018956,-0.122563,-0.184391,-0.009007,-0.126416,-0.235316
2026-05-25 15:49:01.386,116.299889,0.000000,0.000000,0.000000,-0.100789,-0.094956,-0.252082,0.057736,-0.088063,-0.250814,-0.021527,-0.091509,-0.251448,-0.018956,-0.122563,-0.184391,-0.009032,-0.127499,-0.235289
2026-05-25 15:49:01.486,116.399889,0.000000,0.000000,0.000000,-0.100789,-0.094956,-0.252082,0.057736,-0.088063,-0.250814,-0.021527,-0.091509,-0.251448,-0.018964,-0.123631,-0.184448,-0.009032,-0.127499,-0.235289
2026-05-25 15:49:01.586,116.499889,0.000000,0.000000,0.000000,-0.100911,-0.093881,-0.252134,0.057736,-0.088063,-0.250814,-0.021588,-0.090972,-0.251474,-0.018964,-0.123631,-0.184448,-0.009007,-0.126416,-0.235316
2026-05-25 15:49:01.686,116.599889,0.000000,0.000000,0.000000,-0.100789,-0.094956,-0.252082,0.057736,-0.088063,-0.250814,-0.021527,-0.091509,-0.251448,-0.018956,-0.122563,-0.184391,-0.009032,-0.127499,-0.235289
2026-05-25 15:49:01.786,116.699889,0.000000,0.000000,0.000000,-0.100911,-0.093881,-0.252134,0.057736,-0.088063,-0.250814,-0.021588,-0.090972,-0.251474,-0.018964,-0.123631,-0.184448,-0.009032,-0.127499,-0.235289
2026-05-25 15:49:01.886,116.799889,0.000000,0.000000,0.000000,-0.100789,-0.094956,-0.252082,0.057606,-0.089159,-0.250764,-0.021592,-0.092057,-0.251423,-0.018956,-0.122563,-0.184391,-0.009032,-0.127499,-0.235289
2026-05-25 15:49:01.986,116.899889,0.000000,0.000000,0.000000,-0.100789,-0.094956,-0.252082,0.057736,-0.088063,-0.250814,-0.021527,-0.091509,-0.251448,-0.018948,-0.121495,-0.184334,-0.009032,-0.127499,-0.235289
2026-05-25 15:49:02.086,116.999888,0.000000,0.000000,0.000000,-0.100789,-0.094956,-0.252082,0.057736,-0.088063,-0.250814,-0.021527,-0.091509,-0.251448,-0.018956,-0.122563,-0.184391,-0.009007,-0.126416,-0.235316
2026-05-25 15:49:02.186,117.099888,0.000000,0.000000,0.000000,-0.100789,-0.094956,-0.252082,0.057606,-0.089159,-0.250764,-0.021592,-0.092057,-0.251423,-0.018964,-0.123631,-0.184448,-0.009032,-0.127499,-0.235289
2026-05-25 15:49:02.286,117.199888,0.000000,0.000000,0.000000,-0.100789,-0.094956,-0.252082,0.057736,-0.088063,-0.250814,-0.021527,-0.091509,-0.251448,-0.018960,-0.123097,-0.184419,-0.009007,-0.126416,-0.235316
2026-05-25 15:49:02.386,117.299888,0.000000,0.000000,0.000000,-0.100667,-0.096031,-0.252030,0.057606,-0.089159,-0.250764,-0.021531,-0.092595,-0.251397,-0.018956,-0.122563,-0.184391,-0.009007,-0.126416,-0.235316
2026-05-25 15:49:02.486,117.399888,0.000000,0.000000,0.000000,-0.100789,-0.094956,-0.252082,0.057866,-0.086967,-0.250864,-0.021462,-0.090962,-0.251473,-0.018948,-0.121495,-0.184334,-0.009032,-0.127499,-0.235289
2026-05-25 15:49:02.586,117.499888,0.000000,0.000000,0.000000,-0.100911,-0.093881,-0.252134,0.057736,-0.088063,-0.250814,-0.021588,-0.090972,-0.251474,-0.018956,-0.122563,-0.184391,-0.009007,-0.126416,-0.235316
2026-05-25 15:49:02.686,117.599888,0.000000,0.000000,0.000000,-0.100789,-0.094956,-0.252082,0.057736,-0.088063,-0.250814,-0.021527,-0.091509,-0.251448,-0.018956,-0.122563,-0.184391,-0.009007,-0.126416,-0.235316
2026-05-25 15:49:02.786,117.699888,0.000000,0.000000,0.000000,-0.100911,-0.093881,-0.252134,0.057736,-0.088063,-0.250814,-0.021588,-0.090972,-0.251474,-0.018256,-0.123572,-0.184444,-0.009007,-0.126416,-0.235316
2026-05-25 15:49:02.886,117.799888,0.000000,0.000000,0.000000,-0.100789,-0.094956,-0.252082,0.057736,-0.088063,-0.250814,-0.021527,-0.091509,-0.251448,-0.018948,-0.121495,-0.184334,-0.009007,-0.126416,-0.235316
2026-05-25 15:49:02.986,117.899888,0.000000,0.000000,0.000000,-0.100911,-0.093881,-0.252134,0.057606,-0.089159,-0.250764,-0.021653,-0.091520,-0.251449,-0.018964,-0.123631,-0.184448,-0.009032,-0.127499,-0.235289
2026-05-25 15:49:03.086,117.999887,0.000000,0.000000,0.000000,-0.100789,-0.094956,-0.252082,0.057736,-0.088063,-0.250814,-0.021527,-0.091509,-0.251448,-0.018265,-0.124640,-0.184501,-0.009032,-0.127499,-0.235289
2026-05-25 15:49:03.186,118.099887,0.000000,0.000000,0.000000,-0.100789,-0.094956,-0.252082,0.057736,-0.088063,-0.250814,-0.021527,-0.091509,-0.251448,-0.018964,-0.123631,-0.184448,-0.009007,-0.126416,-0.235316
2026-05-25 15:49:03.286,118.199887,0.000000,0.000000,0.000000,-0.100789,-0.094956,-0.252082,0.057736,-0.088063,-0.250814,-0.021527,-0.091509,-0.251448,-0.018964,-0.123631,-0.184448,-0.009002,-0.126526,-0.234627
2026-05-25 15:49:03.386,118.299887,0.000000,0.000000,0.000000,-0.100789,-0.094956,-0.252082,0.057606,-0.089159,-0.250764,-0.021592,-0.092057,-0.251423,-0.018956,-0.122563,-0.184391,-0.009032,-0.127499,-0.235289
2026-05-25 15:49:03.486,118.399887,0.000000,0.000000,0.000000,-0.100911,-0.093881,-0.252134,0.057736,-0.088063,-0.250814,-0.021588,-0.090972,-0.251474,-0.018964,-0.123631,-0.184448,-0.009032,-0.127499,-0.235289
2026-05-25 15:49:03.586,118.499887,0.000000,0.000000,0.000000,-0.100911,-0.093881,-0.252134,0.057736,-0.088063,-0.250814,-0.021588,-0.090972,-0.251474,-0.018948,-0.121495,-0.184334,-0.009032,-0.127499,-0.235289
2026-05-25 15:49:03.686,118.599887,0.000000,0.000000,0.000000,-0.100789,-0.094956,-0.252082,0.057736,-0.088063,-0.250814,-0.021527,-0.091509,-0.251448,-0.018256,-0.123572,-0.184444,-0.009032,-0.127499,-0.235289
2026-05-25 15:49:03.786,118.699887,0.000000,0.000000,0.000000,-0.100789,-0.094956,-0.252082,0.057736,-0.088063,-0.250814,-0.021527,-0.091509,-0.251448,-0.018238,-0.121435,-0.184329,-0.009007,-0.126416,-0.235316
2026-05-25 15:49:03.886,118.799887,0.000000,0.000000,0.000000,-0.100789,-0.094956,-0.252082,0.057866,-0.086967,-0.250864,-0.021462,-0.090962,-0.251473,-0.018238,-0.121435,-0.184329,-0.009007,-0.126416,-0.235316
2026-05-25 15:49:03.986,118.899887,0.000000,0.000000,0.000000,-0.100911,-0.093881,-0.252134,0.057736,-0.088063,-0.250814,-0.021588,-0.090972,-0.251474,-0.018956,-0.122563,-0.184391,-0.009007,-0.126416,-0.235316
2026-05-25 15:49:04.086,118.999887,0.000000,0.000000,0.000000,-0.100911,-0.093881,-0.252134,0.057606,-0.089159,-0.250764,-0.021653,-0.091520,-0.251449,-0.018256,-0.123572,-0.184444,-0.009032,-0.127499,-0.235289
2026-05-25 15:49:04.186,119.099886,0.000000,0.000000,0.000000,-0.100789,-0.094956,-0.252082,0.057736,-0.088063,-0.250814,-0.021527,-0.091509,-0.251448,-0.018956,-0.122563,-0.184391,-0.009032,-0.127499,-0.235289
2026-05-25 15:49:04.286,119.199886,0.000000,0.000000,0.000000,-0.100789,-0.094956,-0.252082,0.057606,-0.089159,-0.250764,-0.021592,-0.092057,-0.251423,-0.018265,-0.124640,-0.184501,-0.009032,-0.127499,-0.235289
2026-05-25 15:49:04.386,119.299886,0.000000,0.000000,0.000000,-0.100911,-0.093881,-0.252134,0.057736,-0.088063,-0.250814,-0.021588,-0.090972,-0.251474,-0.018956,-0.122563,-0.184391,-0.009007,-0.126416,-0.235316
2026-05-25 15:49:04.486,119.399886,0.000000,0.000000,0.000000,-0.100911,-0.093881,-0.252134,0.057736,-0.088063,-0.250814,-0.021588,-0.090972,-0.251474,-0.018964,-0.123631,-0.184448,-0.009007,-0.126416,-0.235316
2026-05-25 15:49:04.586,119.499886,0.000000,0.000000,0.000000,-0.100789,-0.094956,-0.252082,0.057736,-0.088063,-0.250814,-0.021527,-0.091509,-0.251448,-0.018256,-0.123572,-0.184444,-0.009007,-0.126416,-0.235316
2026-05-25 15:49:04.686,119.599886,0.000000,0.000000,0.000000,-0.100789,-0.094956,-0.252082,0.057606,-0.089159,-0.250764,-0.021592,-0.092057,-0.251423,-0.018247,-0.122503,-0.184386,-0.009032,-0.127499,-0.235289
2026-05-25 15:49:04.786,119.699886,0.000000,0.000000,0.000000,-0.100911,-0.093881,-0.252134,0.057736,-0.088063,-0.250814,-0.021588,-0.090972,-0.251474,-0.018256,-0.123572,-0.184444,-0.009032,-0.127499,-0.235289
2026-05-25 15:49:04.886,119.799886,0.000000,0.000000,0.000000,-0.100789,-0.094956,-0.252082,0.057736,-0.088063,-0.250814,-0.021527,-0.091509,-0.251448,-0.018964,-0.123631,-0.184448,-0.009007,-0.126416,-0.235316
2026-05-25 15:49:04.986,119.899886,0.000000,0.000000,0.000000,-0.100789,-0.094956,-0.252082,0.057736,-0.088063,-0.250814,-0.021527,-0.091509,-0.251448,-0.018256,-0.123572,-0.184444,-0.009007,-0.126416,-0.235316
2026-05-25 15:49:05.086,119.999886,0.000000,0.000000,0.000000,-0.100789,-0.094956,-0.252082,0.057736,-0.088063,-0.250814,-0.021527,-0.091509,-0.251448,-0.018265,-0.124640,-0.184501,-0.009007,-0.126416,-0.235316
2026-05-25 15:49:05.186,120.099885,0.000000,0.000000,0.000000,-0.100789,-0.094956,-0.252082,0.057736,-0.088063,-0.250814,-0.021527,-0.091509,-0.251448,-0.018256,-0.123572,-0.184444,-0.009007,-0.126416,-0.235316
2026-05-25 15:49:05.286,120.199885,0.000000,0.000000,0.000000,-0.100789,-0.094956,-0.252082,0.057736,-0.088063,-0.250814,-0.021527,-0.091509,-0.251448,-0.018256,-0.123572,-0.184444,-0.009007,-0.126416,-0.235316
2026-05-25 15:49:05.386,120.299885,0.000000,0.000000,0.000000,-0.100911,-0.093881,-0.252134,0.057736,-0.088063,-0.250814,-0.021588,-0.090972,-0.251474,-0.018256,-0.123572,-0.184444,-0.009007,-0.126416,-0.235316
2026-05-25 15:49:05.486,120.399885,0.000000,0.000000,0.000000,-0.100911,-0.093881,-0.252134,0.057736,-0.088063,-0.250814,-0.021588,-0.090972,-0.251474,-0.018265,-0.124640,-0.184501,-0.009019,-0.126957,-0.235302
2026-05-25 15:49:05.586,120.499885,0.000000,0.000000,0.000000,-0.100789,-0.094956,-0.252082,0.057606,-0.089159,-0.250764,-0.021592,-0.092057,-0.251423,-0.018256,-0.123572,-0.184444,-0.009007,-0.126416,-0.235316
2026-05-25 15:49:05.686,120.599885,0.000000,0.000000,0.000000,-0.100789,-0.094956,-0.252082,0.057736,-0.088063,-0.250814,-0.021527,-0.091509,-0.251448,-0.018247,-0.122503,-0.184386,-0.009007,-0.126416,-0.235316
2026-05-25 15:49:05.786,120.699885,0.000000,0.000000,0.000000,-0.100911,-0.093881,-0.252134,0.057736,-0.088063,-0.250814,-0.021588,-0.090972,-0.251474,-0.018247,-0.122503,-0.184386,-0.009032,-0.127499,-0.235289
2026-05-25 15:49:05.886,120.799885,0.000000,0.000000,0.000000,-0.100789,-0.094956,-0.252082,0.057736,-0.088063,-0.250814,-0.021527,-0.091509,-0.251448,-0.018247,-0.122503,-0.184386,-0.009007,-0.126416,-0.235316
2026-05-25 15:49:05.986,120.899885,0.000000,0.000000,0.000000,-0.100911,-0.093881,-0.252134,0.057736,-0.088063,-0.250814,-0.021588,-0.090972,-0.251474,-0.018247,-0.122503,-0.184386,-0.009007,-0.126416,-0.235316
2026-05-25 15:49:06.086,120.999885,0.000000,0.000000,0.000000,-0.100911,-0.093881,-0.252134,0.057736,-0.088063,-0.250814,-0.021588,-0.090972,-0.251474,-0.018247,-0.122503,-0.184386,-0.009007,-0.126416,-0.235316
2026-05-25 15:49:06.186,121.099885,0.000000,0.000000,0.000000,-0.100789,-0.094956,-0.252082,0.057736,-0.088063,-0.250814,-0.021527,-0.091509,-0.251448,-0.018256,-0.123572,-0.184444,-0.009032,-0.127499,-0.235289
2026-05-25 15:49:06.286,121.199884,0.000000,0.000000,0.000000,-0.100789,-0.094956,-0.252082,0.057736,-0.088063,-0.250814,-0.021527,-0.091509,-0.251448,-0.018964,-0.123631,-0.184448,-0.009007,-0.126416,-0.235316
2026-05-25 15:49:06.386,121.299884,0.000000,0.000000,0.000000,-0.100911,-0.093881,-0.252134,0.057736,-0.088063,-0.250814,-0.021588,-0.090972,-0.251474,-0.019666,-0.123804,-0.183750,-0.009002,-0.126526,-0.234627
2026-05-25 15:49:06.486,121.399884,0.000000,0.000000,0.000000,-0.100911,-0.093881,-0.252134,0.057736,-0.088063,-0.250814,-0.021588,-0.090972,-0.251474,-0.020357,-0.120661,-0.183580,-0.008977,-0.125443,-0.234652
2026-05-25 15:49:06.586,121.499884,0.000000,0.000000,0.000000,-0.100789,-0.094956,-0.252082,0.057736,-0.088063,-0.250814,-0.021527,-0.091509,-0.251448,-0.020362,-0.121729,-0.183638,-0.008977,-0.125443,-0.234652
2026-05-25 15:49:06.686,121.599884,0.000000,0.000000,0.000000,-0.100911,-0.093881,-0.252134,0.057736,-0.088063,-0.250814,-0.021588,-0.090972,-0.251474,-0.021064,-0.119653,-0.183526,-0.008977,-0.125443,-0.234652
2026-05-25 15:49:06.786,121.699884,0.000000,0.000000,0.000000,-0.100789,-0.094956,-0.252082,0.057736,-0.088063,-0.250814,-0.021527,-0.091509,-0.251448,-0.021068,-0.120721,-0.183584,-0.008977,-0.125443,-0.234652
2026-05-25 15:49:06.886,121.799884,0.000000,0.000000,0.000000,-0.100789,-0.094956,-0.252082,0.057736,-0.088063,-0.250814,-0.021527,-0.091509,-0.251448,-0.021776,-0.119714,-0.183530,-0.008977,-0.125443,-0.234652
2026-05-25 15:49:06.986,121.899884,0.000000,0.000000,0.000000,-0.100911,-0.093881,-0.252134,0.057606,-0.089159,-0.250764,-0.021653,-0.091520,-0.251449,-0.021782,-0.121849,-0.183647,-0.008953,-0.124361,-0.234678
2026-05-25 15:49:07.086,121.999884,0.000000,0.000000,0.000000,-0.100789,-0.094956,-0.252082,0.057606,-0.089159,-0.250764,-0.021592,-0.092057,-0.251423,-0.022488,-0.119774,-0.183534,-0.008953,-0.124361,-0.234678
2026-05-25 15:49:07.186,122.099884,0.000000,0.000000,0.000000,-0.100789,-0.094956,-0.252082,0.057736,-0.088063,-0.250814,-0.021527,-0.091509,-0.251448,-0.022488,-0.119774,-0.183534,-0.008953,-0.124361,-0.234678
2026-05-25 15:49:07.286,122.199883,0.000000,0.000000,0.000000,-0.100789,-0.094956,-0.252082,0.057736,-0.088063,-0.250814,-0.021527,-0.091509,-0.251448,-0.022490,-0.120841,-0.183593,-0.008953,-0.124361,-0.234678
2026-05-25 15:49:07.386,122.299883,0.000000,0.000000,0.000000,-0.100789,-0.094956,-0.252082,0.057736,-0.088063,-0.250814,-0.021527,-0.091509,-0.251448,-0.022482,-0.119887,-0.182828,-0.008953,-0.124361,-0.234678
2026-05-25 15:49:07.486,122.399883,0.000000,0.000000,0.000000,-0.100789,-0.094956,-0.252082,0.057736,-0.088063,-0.250814,-0.021527,-0.091509,-0.251448,-0.022480,-0.118820,-0.182769,-0.008953,-0.124361,-0.234678
2026-05-25 15:49:07.586,122.499883,0.000000,0.000000,0.000000,-0.100911,-0.093881,-0.252134,0.057736,-0.088063,-0.250814,-0.021588,-0.090972,-0.251474,-0.023195,-0.121015,-0.182892,-0.008928,-0.123278,-0.234704
2026-05-25 15:49:07.686,122.599883,0.000000,0.000000,0.000000,-0.100911,-0.093881,-0.252134,0.057736,-0.088063,-0.250814,-0.021588,-0.090972,-0.251474,-0.023194,-0.119948,-0.182832,-0.008953,-0.124361,-0.234678
2026-05-25 15:49:07.786,122.699883,0.000000,0.000000,0.000000,-0.100789,-0.094956,-0.252082,0.057736,-0.088063,-0.250814,-0.021527,-0.091509,-0.251448,-0.023196,-0.122082,-0.182951,-0.008928,-0.123278,-0.234704
2026-05-25 15:49:07.886,122.799883,0.000000,0.000000,0.000000,-0.100911,-0.093881,-0.252134,0.057736,-0.088063,-0.250814,-0.021588,-0.090972,-0.251474,-0.023196,-0.122082,-0.182951,-0.008928,-0.123278,-0.234704
2026-05-25 15:49:07.986,122.899883,0.000000,0.000000,0.000000,-0.100911,-0.093881,-0.252134,0.057736,-0.088063,-0.250814,-0.021588,-0.090972,-0.251474,-0.023191,-0.122195,-0.182247,-0.008928,-0.123278,-0.234704
2026-05-25 15:49:08.086,122.999883,0.000000,0.000000,0.000000,-0.100911,-0.093881,-0.252134,0.057736,-0.088063,-0.250814,-0.021588,-0.090972,-0.251474,-0.023901,-0.121188,-0.182191,-0.008904,-0.122195,-0.234729
2026-05-25 15:49:08.186,123.099883,0.000000,0.000000,0.000000,-0.100911,-0.093881,-0.252134,0.057736,-0.088063,-0.250814,-0.021588,-0.090972,-0.251474,-0.023901,-0.121188,-0.182191,-0.008904,-0.122195,-0.234729
2026-05-25 15:49:08.286,123.199883,0.000000,0.000000,0.000000,-0.100789,-0.094956,-0.252082,0.057866,-0.086967,-0.250864,-0.021462,-0.090962,-0.251473,-0.023900,-0.122255,-0.182252,-0.008928,-0.123278,-0.234704
2026-05-25 15:49:08.386,123.299882,0.000000,0.000000,0.000000,-0.100789,-0.094956,-0.252082,0.057736,-0.088063,-0.250814,-0.021527,-0.091509,-0.251448,-0.023900,-0.123322,-0.182312,-0.008904,-0.122195,-0.234729
2026-05-25 15:49:08.486,123.399882,0.000000,0.000000,0.000000,-0.100789,-0.094956,-0.252082,0.057736,-0.088063,-0.250814,-0.021527,-0.091509,-0.251448,-0.023900,-0.123322,-0.182312,-0.008928,-0.123278,-0.234704
2026-05-25 15:49:08.586,123.499882,0.000000,0.000000,0.000000,-0.100911,-0.093881,-0.252134,0.057736,-0.088063,-0.250814,-0.021588,-0.090972,-0.251474,-0.023900,-0.123322,-0.182312,-0.008904,-0.122195,-0.234729
2026-05-25 15:49:08.686,123.599882,0.000000,0.000000,0.000000,-0.100789,-0.094956,-0.252082,0.057736,-0.088063,-0.250814,-0.021527,-0.091509,-0.251448,-0.023900,-0.123322,-0.182312,-0.008904,-0.122195,-0.234729
2026-05-25 15:49:08.786,123.699882,0.000000,0.000000,0.000000,-0.100789,-0.094956,-0.252082,0.057736,-0.088063,-0.250814,-0.021527,-0.091509,-0.251448,-0.023900,-0.123322,-0.182312,-0.008904,-0.122195,-0.234729
2026-05-25 15:49:08.886,123.799882,0.000000,0.000000,0.000000,-0.100789,-0.094956,-0.252082,0.057736,-0.088063,-0.250814,-0.021527,-0.091509,-0.251448,-0.023900,-0.123322,-0.182312,-0.008904,-0.122195,-0.234729
2026-05-25 15:49:08.986,123.899882,0.000000,0.000000,0.000000,-0.100789,-0.094956,-0.252082,0.057606,-0.089159,-0.250764,-0.021592,-0.092057,-0.251423,-0.023900,-0.123322,-0.182312,-0.008904,-0.122195,-0.234729
2026-05-25 15:49:09.086,123.999882,0.000000,0.000000,0.000000,-0.100789,-0.094956,-0.252082,0.057736,-0.088063,-0.250814,-0.021527,-0.091509,-0.251448,-0.023900,-0.124388,-0.182373,-0.008904,-0.122195,-0.234729
2026-05-25 15:49:09.186,124.099882,0.000000,0.000000,0.000000,-0.100789,-0.094956,-0.252082,0.057736,-0.088063,-0.250814,-0.021527,-0.091509,-0.251448,-0.023900,-0.122255,-0.182252,-0.008904,-0.122195,-0.234729
2026-05-25 15:49:09.286,124.199882,0.000000,0.000000,0.000000,-0.100789,-0.094956,-0.252082,0.057736,-0.088063,-0.250814,-0.021527,-0.091509,-0.251448,-0.023900,-0.123322,-0.182312,-0.008904,-0.122195,-0.234729
2026-05-25 15:49:09.386,124.299881,0.000000,0.000000,0.000000,-0.100789,-0.094956,-0.252082,0.057736,-0.088063,-0.250814,-0.021527,-0.091509,-0.251448,-0.023900,-0.123322,-0.182312,-0.008904,-0.122195,-0.234729
2026-05-25 15:49:09.486,124.399881,0.000000,0.000000,0.000000,-0.100789,-0.094956,-0.252082,0.057736,-0.088063,-0.250814,-0.021527,-0.091509,-0.251448,-0.024609,-0.123381,-0.182316,-0.008928,-0.123278,-0.234704
2026-05-25 15:49:09.586,124.499881,0.000000,0.000000,0.000000,-0.100789,-0.094956,-0.252082,0.057736,-0.088063,-0.250814,-0.021527,-0.091509,-0.251448,-0.024609,-0.123381,-0.182316,-0.008928,-0.123278,-0.234704
2026-05-25 15:49:09.686,124.599881,0.000000,0.000000,0.000000,-0.100789,-0.094956,-0.252082,0.057736,-0.088063,-0.250814,-0.021527,-0.091509,-0.251448,-0.024610,-0.122315,-0.182256,-0.008904,-0.122195,-0.234729
2026-05-25 15:49:09.786,124.699881,0.000000,0.000000,0.000000,-0.100789,-0.094956,-0.252082,0.057736,-0.088063,-0.250814,-0.021527,-0.091509,-0.251448,-0.024610,-0.122315,-0.182256,-0.008904,-0.122195,-0.234729
2026-05-25 15:49:09.886,124.799881,0.000000,0.000000,0.000000,-0.100789,-0.094956,-0.252082,0.057736,-0.088063,-0.250814,-0.021527,-0.091509,-0.251448,-0.024610,-0.122315,-0.182256,-0.008928,-0.123278,-0.234704
2026-05-25 15:49:09.986,124.899881,0.000000,0.000000,0.000000,-0.100789,-0.094956,-0.252082,0.057736,-0.088063,-0.250814,-0.021527,-0.091509,-0.251448,-0.024610,-0.122315,-0.182256,-0.008904,-0.122195,-0.234729
2026-05-25 15:49:10.086,124.999881,0.000000,0.000000,0.000000,-0.100789,-0.094956,-0.252082,0.057736,-0.088063,-0.250814,-0.021527,-0.091509,-0.251448,-0.024609,-0.123381,-0.182316,-0.008904,-0.122195,-0.234729
2026-05-25 15:49:10.186,125.099881,0.000000,0.000000,0.000000,-0.100789,-0.094956,-0.252082,0.057736,-0.088063,-0.250814,-0.021527,-0.091509,-0.251448,-0.024610,-0.122315,-0.182256,-0.008904,-0.122195,-0.234729
2026-05-25 15:49:10.286,125.199881,0.000000,0.000000,0.000000,-0.100789,-0.094956,-0.252082,0.057736,-0.088063,-0.250814,-0.021527,-0.091509,-0.251448,-0.024610,-0.122315,-0.182256,-0.008904,-0.122195,-0.234729
2026-05-25 15:49:10.386,125.299881,0.000000,0.000000,0.000000,-0.100911,-0.093881,-0.252134,0.057736,-0.088063,-0.250814,-0.021588,-0.090972,-0.251474,-0.024610,-0.122315,-0.182256,-0.008904,-0.122195,-0.234729
2026-05-25 15:49:10.486,125.399880,0.000000,0.000000,0.000000,-0.100911,-0.093881,-0.252134,0.057736,-0.088063,-0.250814,-0.021588,-0.090972,-0.251474,-0.024610,-0.122315,-0.182256,-0.008928,-0.123278,-0.234704
2026-05-25 15:49:10.586,125.499880,0.000000,0.000000,0.000000,-0.100911,-0.093881,-0.252134,0.057736,-0.088063,-0.250814,-0.021588,-0.090972,-0.251474,-0.024610,-0.122315,-0.182256,-0.008904,-0.122195,-0.234729
2026-05-25 15:49:10.686,125.599880,0.000000,0.000000,0.000000,-0.100789,-0.094956,-0.252082,0.057866,-0.086967,-0.250864,-0.021462,-0.090962,-0.251473,-0.024610,-0.122315,-0.182256,-0.008928,-0.123278,-0.234704
2026-05-25 15:49:10.786,125.699880,0.000000,0.000000,0.000000,-0.100911,-0.093881,-0.252134,0.057736,-0.088063,-0.250814,-0.021588,-0.090972,-0.251474,-0.024610,-0.122315,-0.182256,-0.008904,-0.122195,-0.234729
2026-05-25 15:49:10.886,125.799880,0.000000,0.000000,0.000000,-0.100789,-0.094956,-0.252082,0.057736,-0.088063,-0.250814,-0.021527,-0.091509,-0.251448,-0.024610,-0.122315,-0.182256,-0.008904,-0.122195,-0.234729
2026-05-25 15:49:10.986,125.899880,0.000000,0.000000,0.000000,-0.100789,-0.094956,-0.252082,0.057736,-0.088063,-0.250814,-0.021527,-0.091509,-0.251448,-0.024610,-0.122315,-0.182256,-0.008904,-0.122195,-0.234729
2026-05-25 15:49:11.086,125.999880,0.000000,0.000000,0.000000,-0.100789,-0.094956,-0.252082,0.057736,-0.088063,-0.250814,-0.021527,-0.091509,-0.251448,-0.024610,-0.122315,-0.182256,-0.008904,-0.122195,-0.234729
2026-05-25 15:49:11.186,126.099880,0.000000,0.000000,0.000000,-0.100789,-0.094956,-0.252082,0.057866,-0.086967,-0.250864,-0.021462,-0.090962,-0.251473,-0.024610,-0.122315,-0.182256,-0.008904,-0.122195,-0.234729
2026-05-25 15:49:11.286,126.199880,0.000000,0.000000,0.000000,-0.100911,-0.093881,-0.252134,0.057866,-0.086967,-0.250864,-0.021523,-0.090424,-0.251499,-0.024610,-0.122315,-0.182256,-0.008928,-0.123278,-0.234704
2026-05-25 15:49:11.386,126.299880,0.000000,0.000000,0.000000,-0.100911,-0.093881,-0.252134,0.057736,-0.088063,-0.250814,-0.021588,-0.090972,-0.251474,-0.024610,-0.122315,-0.182256,-0.008904,-0.122195,-0.234729
2026-05-25 15:49:11.486,126.399879,0.000000,0.000000,0.000000,-0.100911,-0.093881,-0.252134,0.057736,-0.088063,-0.250814,-0.021588,-0.090972,-0.251474,-0.024610,-0.122315,-0.182256,-0.008904,-0.122195,-0.234729
2026-05-25 15:49:11.586,126.499879,0.000000,0.000000,0.000000,-0.100789,-0.094956,-0.252082,0.057866,-0.086967,-0.250864,-0.021462,-0.090962,-0.251473,-0.024609,-0.123381,-0.182316,-0.008904,-0.122195,-0.234729
2026-05-25 15:49:11.686,126.599879,0.000000,0.000000,0.000000,-0.100789,-0.094956,-0.252082,0.057736,-0.088063,-0.250814,-0.021527,-0.091509,-0.251448,-0.024610,-0.122315,-0.182256,-0.008904,-0.122195,-0.234729
2026-05-25 15:49:11.786,126.699879,0.000000,0.000000,0.000000,-0.100911,-0.093881,-0.252134,0.057736,-0.088063,-0.250814,-0.021588,-0.090972,-0.251474,-0.024610,-0.122315,-0.182256,-0.008904,-0.122195,-0.234729
2026-05-25 15:49:11.886,126.799879,0.000000,0.000000,0.000000,-0.100911,-0.093881,-0.252134,0.057736,-0.088063,-0.250814,-0.021588,-0.090972,-0.251474,-0.024610,-0.122315,-0.182256,-0.008928,-0.123278,-0.234704
2026-05-25 15:49:11.986,126.899879,0.000000,0.000000,0.000000,-0.100789,-0.094956,-0.252082,0.057736,-0.088063,-0.250814,-0.021527,-0.091509,-0.251448,-0.024610,-0.122315,-0.182256,-0.008928,-0.123278,-0.234704
2026-05-25 15:49:12.086,126.999879,0.000000,0.000000,0.000000,-0.100789,-0.094956,-0.252082,0.057736,-0.088063,-0.250814,-0.021527,-0.091509,-0.251448,-0.024610,-0.122315,-0.182256,-0.008879,-0.121112,-0.234755
2026-05-25 15:49:12.186,127.099879,0.000000,0.000000,0.000000,-0.100911,-0.093881,-0.252134,0.057736,-0.088063,-0.250814,-0.021588,-0.090972,-0.251474,-0.024610,-0.122315,-0.182256,-0.008928,-0.123278,-0.234704
2026-05-25 15:49:12.286,127.199879,0.000000,0.000000,0.000000,-0.100911,-0.093881,-0.252134,0.057606,-0.089159,-0.250764,-0.021653,-0.091520,-0.251449,-0.024610,-0.122315,-0.182256,-0.008904,-0.122195,-0.234729
2026-05-25 15:49:12.386,127.299879,0.000000,0.000000,0.000000,-0.100911,-0.093881,-0.252134,0.057736,-0.088063,-0.250814,-0.021588,-0.090972,-0.251474,-0.023900,-0.123322,-0.182312,-0.008904,-0.122195,-0.234729
2026-05-25 15:49:12.486,127.399879,0.000000,0.000000,0.000000,-0.100789,-0.094956,-0.252082,0.057736,-0.088063,-0.250814,-0.021527,-0.091509,-0.251448,-0.023195,-0.121015,-0.182892,-0.008904,-0.122195,-0.234729
2026-05-25 15:49:12.586,127.499878,0.000000,0.000000,0.000000,-0.100789,-0.094956,-0.252082,0.057866,-0.086967,-0.250864,-0.021462,-0.090962,-0.251473,-0.022484,-0.120955,-0.182888,-0.008904,-0.122195,-0.234729
2026-05-25 15:49:12.686,127.599878,0.000000,0.000000,0.000000,-0.100789,-0.094956,-0.252082,0.057736,-0.088063,-0.250814,-0.021527,-0.091509,-0.251448,-0.021776,-0.119714,-0.183530,-0.008928,-0.123278,-0.234704
2026-05-25 15:49:12.786,127.699878,0.000000,0.000000,0.000000,-0.100789,-0.094956,-0.252082,0.057736,-0.088063,-0.250814,-0.021527,-0.091509,-0.251448,-0.021064,-0.119653,-0.183526,-0.008904,-0.122195,-0.234729
2026-05-25 15:49:12.886,127.799878,0.000000,0.000000,0.000000,-0.100789,-0.094956,-0.252082,0.057736,-0.088063,-0.250814,-0.021527,-0.091509,-0.251448,-0.021059,-0.118586,-0.183468,-0.008928,-0.123278,-0.234704
2026-05-25 15:49:12.986,127.899878,0.000000,0.000000,0.000000,-0.100789,-0.094956,-0.252082,0.057736,-0.088063,-0.250814,-0.021527,-0.091509,-0.251448,-0.021068,-0.120721,-0.183584,-0.008916,-0.122736,-0.234717
2026-05-25 15:49:13.086,127.999878,0.000000,0.000000,0.000000,-0.100789,-0.094956,-0.252082,0.057736,-0.088063,-0.250814,-0.021527,-0.091509,-0.251448,-0.021064,-0.119653,-0.183526,-0.008904,-0.122195,-0.234729
2026-05-25 15:49:13.186,128.099878,0.000000,0.000000,0.000000,-0.100789,-0.094956,-0.252082,0.057736,-0.088063,-0.250814,-0.021527,-0.091509,-0.251448,-0.021064,-0.119653,-0.183526,-0.008928,-0.123278,-0.234704
2026-05-25 15:49:13.286,128.199878,0.000000,0.000000,0.000000,-0.100789,-0.094956,-0.252082,0.057866,-0.086967,-0.250864,-0.021462,-0.090962,-0.251473,-0.021064,-0.119653,-0.183526,-0.008904,-0.122195,-0.234729
2026-05-25 15:49:13.386,128.299878,0.000000,0.000000,0.000000,-0.100789,-0.094956,-0.252082,0.057866,-0.086967,-0.250864,-0.021462,-0.090962,-0.251473,-0.021055,-0.117518,-0.183409,-0.008904,-0.122195,-0.234729
2026-05-25 15:49:13.486,128.399878,0.000000,0.000000,0.000000,-0.100789,-0.094956,-0.252082,0.057736,-0.088063,-0.250814,-0.021527,-0.091509,-0.251448,-0.021064,-0.119653,-0.183526,-0.008904,-0.122195,-0.234729
2026-05-25 15:49:13.586,128.499877,0.000000,0.000000,0.000000,-0.100789,-0.094956,-0.252082,0.057736,-0.088063,-0.250814,-0.021527,-0.091509,-0.251448,-0.021064,-0.119653,-0.183526,-0.008904,-0.122195,-0.234729
2026-05-25 15:49:13.686,128.599877,0.000000,0.000000,0.000000,-0.100789,-0.094956,-0.252082,0.057736,-0.088063,-0.250814,-0.021527,-0.091509,-0.251448,-0.021059,-0.118586,-0.183468,-0.008904,-0.122195,-0.234729
2026-05-25 15:49:13.786,128.699877,0.000000,0.000000,0.000000,-0.100789,-0.094956,-0.252082,0.057866,-0.086967,-0.250864,-0.021462,-0.090962,-0.251473,-0.021064,-0.119653,-0.183526,-0.008904,-0.122195,-0.234729
2026-05-25 15:49:13.886,128.799877,0.000000,0.000000,0.000000,-0.100789,-0.094956,-0.252082,0.057736,-0.088063,-0.250814,-0.021527,-0.091509,-0.251448,-0.021064,-0.119653,-0.183526,-0.008928,-0.123278,-0.234704
2026-05-25 15:49:13.986,128.899877,0.000000,0.000000,0.000000,-0.100789,-0.094956,-0.252082,0.057736,-0.088063,-0.250814,-0.021527,-0.091509,-0.251448,-0.021055,-0.117518,-0.183409,-0.008904,-0.122195,-0.234729
2026-05-25 15:49:14.086,128.999877,0.000000,0.000000,0.000000,-0.100789,-0.094956,-0.252082,0.057866,-0.086967,-0.250864,-0.021462,-0.090962,-0.251473,-0.021059,-0.118586,-0.183468,-0.008904,-0.122195,-0.234729
2026-05-25 15:49:14.186,129.099877,0.000000,0.000000,0.000000,-0.100789,-0.094956,-0.252082,0.057736,-0.088063,-0.250814,-0.021527,-0.091509,-0.251448,-0.021064,-0.119653,-0.183526,-0.008904,-0.122195,-0.234729
2026-05-25 15:49:14.286,129.199877,0.000000,0.000000,0.000000,-0.100789,-0.094956,-0.252082,0.057606,-0.089159,-0.250764,-0.021592,-0.092057,-0.251423,-0.021068,-0.120721,-0.183584,-0.008928,-0.123278,-0.234704
2026-05-25 15:49:14.386,129.299877,0.000000,0.000000,0.000000,-0.101033,-0.092807,-0.252186,0.057736,-0.088063,-0.250814,-0.021649,-0.090435,-0.251500,-0.021059,-0.118586,-0.183468,-0.008904,-0.122195,-0.234729
2026-05-25 15:49:14.486,129.399877,0.000000,0.000000,0.000000,-0.100789,-0.094956,-0.252082,0.057736,-0.088063,-0.250814,-0.021527,-0.091509,-0.251448,-0.021068,-0.120721,-0.183584,-0.008928,-0.123278,-0.234704
2026-05-25 15:49:14.586,129.499876,0.000000,0.000000,0.000000,-0.100789,-0.094956,-0.252082,0.057736,-0.088063,-0.250814,-0.021527,-0.091509,-0.251448,-0.021059,-0.118586,-0.183468,-0.008928,-0.123278,-0.234704
2026-05-25 15:49:14.686,129.599876,0.000000,0.000000,0.000000,-0.100789,-0.094956,-0.252082,0.057736,-0.088063,-0.250814,-0.021527,-0.091509,-0.251448,-0.021059,-0.118586,-0.183468,-0.008928,-0.123278,-0.234704
2026-05-25 15:49:14.786,129.699876,0.000000,0.000000,0.000000,-0.100789,-0.094956,-0.252082,0.057606,-0.089159,-0.250764,-0.021592,-0.092057,-0.251423,-0.021059,-0.118586,-0.183468,-0.008928,-0.123278,-0.234704
2026-05-25 15:49:14.886,129.799876,0.000000,0.000000,0.000000,-0.100789,-0.094956,-0.252082,0.057736,-0.088063,-0.250814,-0.021527,-0.091509,-0.251448,-0.021055,-0.117518,-0.183409,-0.008916,-0.122736,-0.234717
2026-05-25 15:49:14.986,129.899876,0.000000,0.000000,0.000000,-0.100789,-0.094956,-0.252082,0.057736,-0.088063,-0.250814,-0.021527,-0.091509,-0.251448,-0.021064,-0.119653,-0.183526,-0.008928,-0.123278,-0.234704
2026-05-25 15:49:15.086,129.999876,0.000000,0.000000,0.000000,-0.100789,-0.094956,-0.252082,0.057736,-0.088063,-0.250814,-0.021527,-0.091509,-0.251448,-0.021059,-0.118586,-0.183468,-0.008904,-0.122195,-0.234729
2026-05-25 15:49:15.186,130.099876,0.000000,0.000000,0.000000,-0.100789,-0.094956,-0.252082,0.057736,-0.088063,-0.250814,-0.021527,-0.091509,-0.251448,-0.021064,-0.119653,-0.183526,-0.008928,-0.123278,-0.234704
2026-05-25 15:49:15.286,130.199876,0.000000,0.000000,0.000000,-0.100789,-0.094956,-0.252082,0.057736,-0.088063,-0.250814,-0.021527,-0.091509,-0.251448,-0.021068,-0.120721,-0.183584,-0.008928,-0.123278,-0.234704
2026-05-25 15:49:15.386,130.299876,0.000000,0.000000,0.000000,-0.100789,-0.094956,-0.252082,0.057736,-0.088063,-0.250814,-0.021527,-0.091509,-0.251448,-0.021055,-0.117518,-0.183409,-0.008904,-0.122195,-0.234729
2026-05-25 15:49:15.486,130.399876,0.000000,0.000000,0.000000,-0.100789,-0.094956,-0.252082,0.057736,-0.088063,-0.250814,-0.021527,-0.091509,-0.251448,-0.021068,-0.120721,-0.183584,-0.008904,-0.122195,-0.234729
2026-05-25 15:49:15.586,130.499876,0.000000,0.000000,0.000000,-0.100789,-0.094956,-0.252082,0.057866,-0.086967,-0.250864,-0.021462,-0.090962,-0.251473,-0.021059,-0.118586,-0.183468,-0.008928,-0.123278,-0.234704
2026-05-25 15:49:15.686,130.599875,0.000000,0.000000,0.000000,-0.100789,-0.094956,-0.252082,0.057606,-0.089159,-0.250764,-0.021592,-0.092057,-0.251423,-0.021059,-0.118586,-0.183468,-0.008904,-0.122195,-0.234729
2026-05-25 15:49:15.786,130.699875,0.000000,0.000000,0.000000,-0.100911,-0.093881,-0.252134,0.057866,-0.086967,-0.250864,-0.021523,-0.090424,-0.251499,-0.021059,-0.118586,-0.183468,-0.008928,-0.123278,-0.234704
2026-05-25 15:49:15.886,130.799875,0.000000,0.000000,0.000000,-0.100789,-0.094956,-0.252082,0.057736,-0.088063,-0.250814,-0.021527,-0.091509,-0.251448,-0.021055,-0.117518,-0.183409,-0.008928,-0.123278,-0.234704
2026-05-25 15:49:15.986,130.899875,0.000000,0.000000,0.000000,-0.100789,-0.094956,-0.252082,0.057736,-0.088063,-0.250814,-0.021527,-0.091509,-0.251448,-0.021059,-0.118586,-0.183468,-0.008904,-0.122195,-0.234729
2026-05-25 15:49:16.086,130.999875,0.000000,0.000000,0.000000,-0.100789,-0.094956,-0.252082,0.057736,-0.088063,-0.250814,-0.021527,-0.091509,-0.251448,-0.021064,-0.119653,-0.183526,-0.008928,-0.123278,-0.234704
2026-05-25 15:49:16.186,131.099875,0.000000,0.000000,0.000000,-0.100789,-0.094956,-0.252082,0.057736,-0.088063,-0.250814,-0.021527,-0.091509,-0.251448,-0.021055,-0.117518,-0.183409,-0.008928,-0.123278,-0.234704
2026-05-25 15:49:16.286,131.199875,0.000000,0.000000,0.000000,-0.100789,-0.094956,-0.252082,0.057736,-0.088063,-0.250814,-0.021527,-0.091509,-0.251448,-0.021059,-0.118586,-0.183468,-0.008928,-0.123278,-0.234704
2026-05-25 15:49:16.386,131.299875,0.000000,0.000000,0.000000,-0.100911,-0.093881,-0.252134,0.057736,-0.088063,-0.250814,-0.021588,-0.090972,-0.251474,-0.021059,-0.118586,-0.183468,-0.008928,-0.123278,-0.234704
2026-05-25 15:49:16.486,131.399875,0.000000,0.000000,0.000000,-0.100911,-0.093881,-0.252134,0.057736,-0.088063,-0.250814,-0.021588,-0.090972,-0.251474,-0.021059,-0.118586,-0.183468,-0.008928,-0.123278,-0.234704
2026-05-25 15:49:16.586,131.499875,0.000000,0.000000,0.000000,-0.100789,-0.094956,-0.252082,0.057736,-0.088063,-0.250814,-0.021527,-0.091509,-0.251448,-0.021064,-0.119653,-0.183526,-0.008928,-0.123278,-0.234704
2026-05-25 15:49:16.686,131.599874,0.000000,0.000000,0.000000,-0.100789,-0.094956,-0.252082,0.057736,-0.088063,-0.250814,-0.021527,-0.091509,-0.251448,-0.021059,-0.118586,-0.183468,-0.008904,-0.122195,-0.234729
2026-05-25 15:49:16.786,131.699874,0.000000,0.000000,0.000000,-0.100911,-0.093881,-0.252134,0.057866,-0.086967,-0.250864,-0.021523,-0.090424,-0.251499,-0.021059,-0.118586,-0.183468,-0.008904,-0.122195,-0.234729
2026-05-25 15:49:16.886,131.799874,0.000000,0.000000,0.000000,-0.100789,-0.094956,-0.252082,0.057866,-0.086967,-0.250864,-0.021462,-0.090962,-0.251473,-0.021064,-0.119653,-0.183526,-0.008953,-0.124361,-0.234678
2026-05-25 15:49:16.986,131.899874,0.000000,0.000000,0.000000,-0.100789,-0.094956,-0.252082,0.057736,-0.088063,-0.250814,-0.021527,-0.091509,-0.251448,-0.021064,-0.119653,-0.183526,-0.008904,-0.122195,-0.234729
2026-05-25 15:49:17.086,131.999874,0.000000,0.000000,0.000000,-0.100789,-0.094956,-0.252082,0.057736,-0.088063,-0.250814,-0.021527,-0.091509,-0.251448,-0.021064,-0.119653,-0.183526,-0.008928,-0.123278,-0.234704
2026-05-25 15:49:17.186,132.099874,0.000000,0.000000,0.000000,-0.100789,-0.094956,-0.252082,0.057736,-0.088063,-0.250814,-0.021527,-0.091509,-0.251448,-0.021064,-0.119653,-0.183526,-0.008904,-0.122195,-0.234729
2026-05-25 15:49:17.286,132.199874,0.000000,0.000000,0.000000,-0.100667,-0.096031,-0.252030,0.057866,-0.086967,-0.250864,-0.021401,-0.091499,-0.251447,-0.021064,-0.119653,-0.183526,-0.008928,-0.123278,-0.234704
2026-05-25 15:49:17.386,132.299874,0.000000,0.000000,0.000000,-0.100789,-0.094956,-0.252082,0.057736,-0.088063,-0.250814,-0.021527,-0.091509,-0.251448,-0.021068,-0.120721,-0.183584,-0.008928,-0.123278,-0.234704
2026-05-25 15:49:17.486,132.399874,0.000000,0.000000,0.000000,-0.100789,-0.094956,-0.252082,0.057736,-0.088063,-0.250814,-0.021527,-0.091509,-0.251448,-0.021059,-0.118586,-0.183468,-0.008928,-0.123278,-0.234704
2026-05-25 15:49:17.586,132.499874,0.000000,0.000000,0.000000,-0.100789,-0.094956,-0.252082,0.057736,-0.088063,-0.250814,-0.021527,-0.091509,-0.251448,-0.021064,-0.119653,-0.183526,-0.008904,-0.122195,-0.234729
2026-05-25 15:49:17.686,132.599874,0.000000,0.000000,0.000000,-0.100667,-0.096031,-0.252030,0.057736,-0.088063,-0.250814,-0.021466,-0.092047,-0.251422,-0.021055,-0.117518,-0.183409,-0.008904,-0.122195,-0.234729
2026-05-25 15:49:17.786,132.699873,0.000000,0.000000,0.000000,-0.100789,-0.094956,-0.252082,0.057606,-0.089159,-0.250764,-0.021592,-0.092057,-0.251423,-0.021068,-0.120721,-0.183584,-0.008928,-0.123278,-0.234704
2026-05-25 15:49:17.886,132.799873,0.000000,0.000000,0.000000,-0.100789,-0.094956,-0.252082,0.057736,-0.088063,-0.250814,-0.021527,-0.091509,-0.251448,-0.021055,-0.117518,-0.183409,-0.008928,-0.123278,-0.234704
2026-05-25 15:49:17.986,132.899873,0.000000,0.000000,0.000000,-0.100911,-0.093881,-0.252134,0.057736,-0.088063,-0.250814,-0.021588,-0.090972,-0.251474,-0.021064,-0.119653,-0.183526,-0.008928,-0.123278,-0.234704
2026-05-25 15:49:18.086,132.999873,0.000000,0.000000,0.000000,-0.100789,-0.094956,-0.252082,0.057736,-0.088063,-0.250814,-0.021527,-0.091509,-0.251448,-0.021068,-0.120721,-0.183584,-0.008916,-0.122736,-0.234717
2026-05-25 15:49:18.186,133.099873,0.000000,0.000000,0.000000,-0.100911,-0.093881,-0.252134,0.057736,-0.088063,-0.250814,-0.021588,-0.090972,-0.251474,-0.021064,-0.119653,-0.183526,-0.008928,-0.123278,-0.234704
2026-05-25 15:49:18.286,133.199873,0.000000,0.000000,0.000000,-0.100789,-0.094956,-0.252082,0.057736,-0.088063,-0.250814,-0.021527,-0.091509,-0.251448,-0.021059,-0.118586,-0.183468,-0.008904,-0.122195,-0.234729
2026-05-25 15:49:18.386,133.299873,0.000000,0.000000,0.000000,-0.100789,-0.094956,-0.252082,0.057866,-0.086967,-0.250864,-0.021462,-0.090962,-0.251473,-0.021054,-0.118700,-0.182760,-0.008928,-0.123278,-0.234704
2026-05-25 15:49:18.486,133.399873,0.000000,0.000000,0.000000,-0.100789,-0.094956,-0.252082,0.057736,-0.088063,-0.250814,-0.021527,-0.091509,-0.251448,-0.021770,-0.119827,-0.182824,-0.008928,-0.123278,-0.234704
2026-05-25 15:49:18.586,133.499873,0.000000,0.000000,0.000000,-0.100789,-0.094956,-0.252082,0.057736,-0.088063,-0.250814,-0.021527,-0.091509,-0.251448,-0.021770,-0.119827,-0.182824,-0.008928,-0.123278,-0.234704
2026-05-25 15:49:18.686,133.599873,0.000000,0.000000,0.000000,-0.100789,-0.094956,-0.252082,0.057736,-0.088063,-0.250814,-0.021527,-0.091509,-0.251448,-0.021773,-0.120894,-0.182883,-0.008928,-0.123278,-0.234704
2026-05-25 15:49:18.786,133.699872,0.000000,0.000000,0.000000,-0.100911,-0.093881,-0.252134,0.057736,-0.088063,-0.250814,-0.021588,-0.090972,-0.251474,-0.021762,-0.118874,-0.182057,-0.008904,-0.122195,-0.234729
2026-05-25 15:49:18.886,133.799872,0.000000,0.000000,0.000000,-0.100789,-0.094956,-0.252082,0.057736,-0.088063,-0.250814,-0.021527,-0.091509,-0.251448,-0.021762,-0.118874,-0.182057,-0.008928,-0.123278,-0.234704
2026-05-25 15:49:18.986,133.899872,0.000000,0.000000,0.000000,-0.100789,-0.094956,-0.252082,0.057866,-0.086967,-0.250864,-0.021462,-0.090962,-0.251473,-0.021053,-0.119880,-0.182113,-0.008928,-0.123278,-0.234704
2026-05-25 15:49:19.086,133.999872,0.000000,0.000000,0.000000,-0.100789,-0.094956,-0.252082,0.057736,-0.088063,-0.250814,-0.021527,-0.091509,-0.251448,-0.021053,-0.119880,-0.182113,-0.008904,-0.122195,-0.234729
2026-05-25 15:49:19.186,134.099872,0.000000,0.000000,0.000000,-0.100789,-0.094956,-0.252082,0.057866,-0.086967,-0.250864,-0.021462,-0.090962,-0.251473,-0.021053,-0.119880,-0.182113,-0.008904,-0.122195,-0.234729
2026-05-25 15:49:19.286,134.199872,0.000000,0.000000,0.000000,-0.100789,-0.094956,-0.252082,0.057736,-0.088063,-0.250814,-0.021527,-0.091509,-0.251448,-0.021053,-0.119880,-0.182113,-0.008928,-0.123278,-0.234704
2026-05-25 15:49:19.386,134.299872,0.000000,0.000000,0.000000,-0.100911,-0.093881,-0.252134,0.057736,-0.088063,-0.250814,-0.021588,-0.090972,-0.251474,-0.021049,-0.118813,-0.182053,-0.008904,-0.122195,-0.234729
2026-05-25 15:49:19.486,134.399872,0.000000,0.000000,0.000000,-0.100789,-0.094956,-0.252082,0.057736,-0.088063,-0.250814,-0.021527,-0.091509,-0.251448,-0.021049,-0.118813,-0.182053,-0.008904,-0.122195,-0.234729
2026-05-25 15:49:19.586,134.499872,0.000000,0.000000,0.000000,-0.100789,-0.094956,-0.252082,0.057736,-0.088063,-0.250814,-0.021527,-0.091509,-0.251448,-0.021053,-0.119880,-0.182113,-0.008904,-0.122195,-0.234729
2026-05-25 15:49:19.686,134.599872,0.000000,0.000000,0.000000,-0.100789,-0.094956,-0.252082,0.057736,-0.088063,-0.250814,-0.021527,-0.091509,-0.251448,-0.021049,-0.118813,-0.182053,-0.008928,-0.123278,-0.234704
2026-05-25 15:49:19.786,134.699872,0.000000,0.000000,0.000000,-0.100911,-0.093881,-0.252134,0.057736,-0.088063,-0.250814,-0.021588,-0.090972,-0.251474,-0.021053,-0.119880,-0.182113,-0.008928,-0.123278,-0.234704
2026-05-25 15:49:19.886,134.799871,0.000000,0.000000,0.000000,-0.100789,-0.094956,-0.252082,0.057736,-0.088063,-0.250814,-0.021527,-0.091509,-0.251448,-0.021053,-0.119880,-0.182113,-0.008904,-0.122195,-0.234729
2026-05-25 15:49:19.986,134.899871,0.000000,0.000000,0.000000,-0.100789,-0.094956,-0.252082,0.057736,-0.088063,-0.250814,-0.021527,-0.091509,-0.251448,-0.021053,-0.119880,-0.182113,-0.008904,-0.122195,-0.234729
2026-05-25 15:49:20.086,134.999871,0.000000,0.000000,0.000000,-0.100789,-0.094956,-0.252082,0.057606,-0.089159,-0.250764,-0.021592,-0.092057,-0.251423,-0.021053,-0.119880,-0.182113,-0.008904,-0.122195,-0.234729
2026-05-25 15:49:20.186,135.099871,0.000000,0.000000,0.000000,-0.100789,-0.094956,-0.252082,0.057736,-0.088063,-0.250814,-0.021527,-0.091509,-0.251448,-0.021057,-0.120948,-0.182174,-0.008904,-0.122195,-0.234729
2026-05-25 15:49:20.286,135.199871,0.000000,0.000000,0.000000,-0.100789,-0.094956,-0.252082,0.057736,-0.088063,-0.250814,-0.021527,-0.091509,-0.251448,-0.021053,-0.119880,-0.182113,-0.008928,-0.123278,-0.234704
2026-05-25 15:49:20.386,135.299871,0.000000,0.000000,0.000000,-0.100789,-0.094956,-0.252082,0.057736,-0.088063,-0.250814,-0.021527,-0.091509,-0.251448,-0.021053,-0.119880,-0.182113,-0.008928,-0.123278,-0.234704
2026-05-25 15:49:20.486,135.399871,0.000000,0.000000,0.000000,-0.100911,-0.093881,-0.252134,0.057736,-0.088063,-0.250814,-0.021588,-0.090972,-0.251474,-0.021049,-0.118813,-0.182053,-0.008904,-0.122195,-0.234729
2026-05-25 15:49:20.586,135.499871,0.000000,0.000000,0.000000,-0.100911,-0.093881,-0.252134,0.057736,-0.088063,-0.250814,-0.021588,-0.090972,-0.251474,-0.021049,-0.118813,-0.182053,-0.008904,-0.122195,-0.234729
2026-05-25 15:49:20.686,135.599871,0.000000,0.000000,0.000000,-0.100789,-0.094956,-0.252082,0.057736,-0.088063,-0.250814,-0.021527,-0.091509,-0.251448,-0.021053,-0.119880,-0.182113,-0.008904,-0.122195,-0.234729
2026-05-25 15:49:20.786,135.699871,0.000000,0.000000,0.000000,-0.100911,-0.093881,-0.252134,0.057736,-0.088063,-0.250814,-0.021588,-0.090972,-0.251474,-0.021053,-0.119880,-0.182113,-0.008928,-0.123278,-0.234704
2026-05-25 15:49:20.886,135.799870,0.000000,0.000000,0.000000,-0.100911,-0.093881,-0.252134,0.057736,-0.088063,-0.250814,-0.021588,-0.090972,-0.251474,-0.021057,-0.120948,-0.182174,-0.008928,-0.123278,-0.234704
2026-05-25 15:49:20.986,135.899870,0.000000,0.000000,0.000000,-0.100789,-0.094956,-0.252082,0.057866,-0.086967,-0.250864,-0.021462,-0.090962,-0.251473,-0.021057,-0.120948,-0.182174,-0.008928,-0.123278,-0.234704
2026-05-25 15:49:21.086,135.999870,0.000000,0.000000,0.000000,-0.100789,-0.094956,-0.252082,0.057736,-0.088063,-0.250814,-0.021527,-0.091509,-0.251448,-0.021049,-0.118813,-0.182053,-0.008928,-0.123278,-0.234704
2026-05-25 15:49:21.186,136.099870,0.000000,0.000000,0.000000,-0.100789,-0.094956,-0.252082,0.057736,-0.088063,-0.250814,-0.021527,-0.091509,-0.251448,-0.021049,-0.118813,-0.182053,-0.008928,-0.123278,-0.234704
2026-05-25 15:49:21.286,136.199870,0.000000,0.000000,0.000000,-0.100789,-0.094956,-0.252082,0.057866,-0.086967,-0.250864,-0.021462,-0.090962,-0.251473,-0.021057,-0.120948,-0.182174,-0.008928,-0.123278,-0.234704
2026-05-25 15:49:21.386,136.299870,0.000000,0.000000,0.000000,-0.100789,-0.094956,-0.252082,0.057736,-0.088063,-0.250814,-0.021527,-0.091509,-0.251448,-0.021053,-0.119880,-0.182113,-0.008904,-0.122195,-0.234729
2026-05-25 15:49:21.486,136.399870,0.000000,0.000000,0.000000,-0.100789,-0.094956,-0.252082,0.057736,-0.088063,-0.250814,-0.021527,-0.091509,-0.251448,-0.021049,-0.118813,-0.182053,-0.008928,-0.123278,-0.234704
2026-05-25 15:49:21.586,136.499870,0.000000,0.000000,0.000000,-0.100789,-0.094956,-0.252082,0.057736,-0.088063,-0.250814,-0.021527,-0.091509,-0.251448,-0.021049,-0.118813,-0.182053,-0.008904,-0.122195,-0.234729
2026-05-25 15:49:21.686,136.599870,0.000000,0.000000,0.000000,-0.100789,-0.094956,-0.252082,0.057736,-0.088063,-0.250814,-0.021527,-0.091509,-0.251448,-0.021053,-0.119880,-0.182113,-0.008904,-0.122195,-0.234729
2026-05-25 15:49:21.786,136.699870,0.000000,0.000000,0.000000,-0.100911,-0.093881,-0.252134,0.057736,-0.088063,-0.250814,-0.021588,-0.090972,-0.251474,-0.021049,-0.118813,-0.182053,-0.008928,-0.123278,-0.234704
2026-05-25 15:49:21.886,136.799870,0.000000,0.000000,0.000000,-0.100789,-0.094956,-0.252082,0.057736,-0.088063,-0.250814,-0.021527,-0.091509,-0.251448,-0.021049,-0.118813,-0.182053,-0.008928,-0.123278,-0.234704
2026-05-25 15:49:21.986,136.899869,0.000000,0.000000,0.000000,-0.100789,-0.094956,-0.252082,0.057736,-0.088063,-0.250814,-0.021527,-0.091509,-0.251448,-0.021057,-0.120948,-0.182174,-0.008928,-0.123278,-0.234704
2026-05-25 15:49:22.086,136.999869,0.000000,0.000000,0.000000,-0.100789,-0.094956,-0.252082,0.057736,-0.088063,-0.250814,-0.021527,-0.091509,-0.251448,-0.021053,-0.119880,-0.182113,-0.008904,-0.122195,-0.234729
2026-05-25 15:49:22.186,137.099869,0.000000,0.000000,0.000000,-0.100911,-0.093881,-0.252134,0.057736,-0.088063,-0.250814,-0.021588,-0.090972,-0.251474,-0.021049,-0.118813,-0.182053,-0.008904,-0.122195,-0.234729
2026-05-25 15:49:22.286,137.199869,0.000000,0.000000,0.000000,-0.100789,-0.094956,-0.252082,0.057736,-0.088063,-0.250814,-0.021527,-0.091509,-0.251448,-0.021053,-0.119880,-0.182113,-0.008928,-0.123278,-0.234704
2026-05-25 15:49:22.386,137.299869,0.000000,0.000000,0.000000,-0.100911,-0.093881,-0.252134,0.057736,-0.088063,-0.250814,-0.021588,-0.090972,-0.251474,-0.021053,-0.119880,-0.182113,-0.008916,-0.122736,-0.234717
2026-05-25 15:49:22.486,137.399869,0.000000,0.000000,0.000000,-0.100789,-0.094956,-0.252082,0.057736,-0.088063,-0.250814,-0.021527,-0.091509,-0.251448,-0.021053,-0.119880,-0.182113,-0.008928,-0.123278,-0.234704
2026-05-25 15:49:22.586,137.499869,0.000000,0.000000,0.000000,-0.100789,-0.094956,-0.252082,0.057736,-0.088063,-0.250814,-0.021527,-0.091509,-0.251448,-0.021053,-0.119880,-0.182113,-0.008904,-0.122195,-0.234729
2026-05-25 15:49:22.686,137.599869,0.000000,0.000000,0.000000,-0.100911,-0.093881,-0.252134,0.057736,-0.088063,-0.250814,-0.021588,-0.090972,-0.251474,-0.021057,-0.120948,-0.182174,-0.008904,-0.122195,-0.234729
2026-05-25 15:49:22.786,137.699869,0.000000,0.000000,0.000000,-0.100789,-0.094956,-0.252082,0.057736,-0.088063,-0.250814,-0.021527,-0.091509,-0.251448,-0.021053,-0.119880,-0.182113,-0.008904,-0.122195,-0.234729
2026-05-25 15:49:22.886,137.799869,0.000000,0.000000,0.000000,-0.100789,-0.094956,-0.252082,0.057866,-0.086967,-0.250864,-0.021462,-0.090962,-0.251473,-0.021057,-0.120948,-0.182174,-0.008928,-0.123278,-0.234704
2026-05-25 15:49:22.986,137.899868,0.000000,0.000000,0.000000,-0.100789,-0.094956,-0.252082,0.057736,-0.088063,-0.250814,-0.021527,-0.091509,-0.251448,-0.021053,-0.119880,-0.182113,-0.008928,-0.123278,-0.234704
2026-05-25 15:49:23.086,137.999868,0.000000,0.000000,0.000000,-0.100789,-0.094956,-0.252082,0.057736,-0.088063,-0.250814,-0.021527,-0.091509,-0.251448,-0.021057,-0.120948,-0.182174,-0.008904,-0.122195,-0.234729
2026-05-25 15:49:23.186,138.099868,0.000000,0.000000,0.000000,-0.100667,-0.096031,-0.252030,0.057866,-0.086967,-0.250864,-0.021401,-0.091499,-0.251447,-0.021053,-0.119880,-0.182113,-0.008928,-0.123278,-0.234704
2026-05-25 15:49:23.286,138.199868,0.000000,0.000000,0.000000,-0.100911,-0.093881,-0.252134,0.057736,-0.088063,-0.250814,-0.021588,-0.090972,-0.251474,-0.021053,-0.119880,-0.182113,-0.008928,-0.123278,-0.234704
2026-05-25 15:49:23.386,138.299868,0.000000,0.000000,0.000000,-0.100789,-0.094956,-0.252082,0.057866,-0.086967,-0.250864,-0.021462,-0.090962,-0.251473,-0.021053,-0.119880,-0.182113,-0.008904,-0.122195,-0.234729
2026-05-25 15:49:23.486,138.399868,0.000000,0.000000,0.000000,-0.100789,-0.094956,-0.252082,0.057736,-0.088063,-0.250814,-0.021527,-0.091509,-0.251448,-0.021053,-0.119880,-0.182113,-0.008928,-0.123278,-0.234704
2026-05-25 15:49:23.586,138.499868,0.000000,0.000000,0.000000,-0.100789,-0.094956,-0.252082,0.057736,-0.088063,-0.250814,-0.021527,-0.091509,-0.251448,-0.021057,-0.120948,-0.182174,-0.008916,-0.122736,-0.234717
2026-05-25 15:49:23.686,138.599868,0.000000,0.000000,0.000000,-0.100789,-0.094956,-0.252082,0.057736,-0.088063,-0.250814,-0.021527,-0.091509,-0.251448,-0.021053,-0.119880,-0.182113,-0.008928,-0.123278,-0.234704
2026-05-25 15:49:23.786,138.699868,0.000000,0.000000,0.000000,-0.100789,-0.094956,-0.252082,0.057736,-0.088063,-0.250814,-0.021527,-0.091509,-0.251448,-0.021057,-0.120948,-0.182174,-0.008904,-0.122195,-0.234729
2026-05-25 15:49:23.886,138.799868,0.000000,0.000000,0.000000,-0.100789,-0.094956,-0.252082,0.057736,-0.088063,-0.250814,-0.021527,-0.091509,-0.251448,-0.021055,-0.120414,-0.182143,-0.008916,-0.122736,-0.234717
2026-05-25 15:49:23.986,138.899868,0.000000,0.000000,0.000000,-0.100789,-0.094956,-0.252082,0.057736,-0.088063,-0.250814,-0.021527,-0.091509,-0.251448,-0.021053,-0.119880,-0.182113,-0.008928,-0.123278,-0.234704
2026-05-25 15:49:24.086,138.999867,0.000000,0.000000,0.000000,-0.100789,-0.094956,-0.252082,0.057866,-0.086967,-0.250864,-0.021462,-0.090962,-0.251473,-0.021053,-0.119880,-0.182113,-0.008928,-0.123278,-0.234704
2026-05-25 15:49:24.186,139.099867,0.000000,0.000000,0.000000,-0.100789,-0.094956,-0.252082,0.057736,-0.088063,-0.250814,-0.021527,-0.091509,-0.251448,-0.021057,-0.120948,-0.182174,-0.008928,-0.123278,-0.234704
2026-05-25 15:49:24.286,139.199867,0.000000,0.000000,0.000000,-0.100789,-0.094956,-0.252082,0.057736,-0.088063,-0.250814,-0.021527,-0.091509,-0.251448,-0.021053,-0.119880,-0.182113,-0.008904,-0.122195,-0.234729
2026-05-25 15:49:24.386,139.299867,0.000000,0.000000,0.000000,-0.100789,-0.094956,-0.252082,0.057736,-0.088063,-0.250814,-0.021527,-0.091509,-0.251448,-0.021053,-0.119880,-0.182113,-0.008928,-0.123278,-0.234704
2026-05-25 15:49:24.486,139.399867,0.000000,0.000000,0.000000,-0.100789,-0.094956,-0.252082,0.057736,-0.088063,-0.250814,-0.021527,-0.091509,-0.251448,-0.020330,-0.117686,-0.181988,-0.008928,-0.123278,-0.234704
2026-05-25 15:49:24.586,139.499867,0.000000,0.000000,0.000000,-0.100911,-0.093881,-0.252134,0.057736,-0.088063,-0.250814,-0.021588,-0.090972,-0.251474,-0.018922,-0.119586,-0.182807,-0.008904,-0.122195,-0.234729
2026-05-25 15:49:24.686,139.599867,0.000000,0.000000,0.000000,-0.100789,-0.094956,-0.252082,0.057866,-0.086967,-0.250864,-0.021462,-0.090962,-0.251473,-0.018909,-0.118632,-0.182040,-0.008928,-0.123278,-0.234704
2026-05-25 15:49:24.786,139.699867,0.000000,0.000000,0.000000,-0.100789,-0.094956,-0.252082,0.057736,-0.088063,-0.250814,-0.021527,-0.091509,-0.251448,-0.018901,-0.117565,-0.181979,-0.008904,-0.122195,-0.234729
2026-05-25 15:49:24.886,139.799867,0.000000,0.000000,0.000000,-0.100789,-0.094956,-0.252082,0.057736,-0.088063,-0.250814,-0.021527,-0.091509,-0.251448,-0.018917,-0.119700,-0.182100,-0.008928,-0.123278,-0.234704
2026-05-25 15:49:24.986,139.899867,0.000000,0.000000,0.000000,-0.100789,-0.094956,-0.252082,0.057736,-0.088063,-0.250814,-0.021527,-0.091509,-0.251448,-0.018911,-0.119813,-0.181394,-0.008928,-0.123278,-0.234704
2026-05-25 15:49:25.086,139.999866,0.000000,0.000000,0.000000,-0.100911,-0.093881,-0.252134,0.057866,-0.086967,-0.250864,-0.021523,-0.090424,-0.251499,-0.018199,-0.119753,-0.181390,-0.008928,-0.123278,-0.234704
2026-05-25 15:49:25.186,140.099866,0.000000,0.000000,0.000000,-0.100789,-0.094956,-0.252082,0.057866,-0.086967,-0.250864,-0.021462,-0.090962,-0.251473,-0.018185,-0.118799,-0.180620,-0.008904,-0.122195,-0.234729
2026-05-25 15:49:25.286,140.199866,0.000000,0.000000,0.000000,-0.100789,-0.094956,-0.252082,0.057736,-0.088063,-0.250814,-0.021527,-0.091509,-0.251448,-0.017472,-0.118739,-0.180616,-0.008904,-0.122195,-0.234729
2026-05-25 15:49:25.386,140.299866,0.000000,0.000000,0.000000,-0.100911,-0.093881,-0.252134,0.057736,-0.088063,-0.250814,-0.021588,-0.090972,-0.251474,-0.016753,-0.118793,-0.179904,-0.008904,-0.122195,-0.234729
2026-05-25 15:49:25.486,140.399866,0.000000,0.000000,0.000000,-0.100789,-0.094956,-0.252082,0.057866,-0.086967,-0.250864,-0.021462,-0.090962,-0.251473,-0.016742,-0.117725,-0.179840,-0.008904,-0.122195,-0.234729
2026-05-25 15:49:25.586,140.499866,0.000000,0.000000,0.000000,-0.100789,-0.094956,-0.252082,0.057736,-0.088063,-0.250814,-0.021527,-0.091509,-0.251448,-0.016035,-0.118846,-0.179192,-0.008904,-0.122195,-0.234729
2026-05-25 15:49:25.686,140.599866,0.000000,0.000000,0.000000,-0.100911,-0.093881,-0.252134,0.057866,-0.086967,-0.250864,-0.021523,-0.090424,-0.251499,-0.015328,-0.119319,-0.179221,-0.008904,-0.122195,-0.234729
2026-05-25 15:49:25.786,140.699866,0.000000,0.000000,0.000000,-0.100789,-0.094956,-0.252082,0.057736,-0.088063,-0.250814,-0.021527,-0.091509,-0.251448,-0.015322,-0.118786,-0.179188,-0.008904,-0.122195,-0.234729
2026-05-25 15:49:25.886,140.799866,0.000000,0.000000,0.000000,-0.100911,-0.093881,-0.252134,0.057736,-0.088063,-0.250814,-0.021588,-0.090972,-0.251474,-0.015308,-0.117718,-0.179123,-0.008879,-0.121112,-0.234755
2026-05-25 15:49:25.986,140.899866,0.000000,0.000000,0.000000,-0.100789,-0.094956,-0.252082,0.057866,-0.086967,-0.250864,-0.021462,-0.090962,-0.251473,-0.016022,-0.117779,-0.179127,-0.008904,-0.122195,-0.234729
2026-05-25 15:49:26.086,140.999866,0.000000,0.000000,0.000000,-0.100789,-0.094956,-0.252082,0.057866,-0.086967,-0.250864,-0.021462,-0.090962,-0.251473,-0.016035,-0.118846,-0.179192,-0.008904,-0.122195,-0.234729
2026-05-25 15:49:26.186,141.099865,0.000000,0.000000,0.000000,-0.100789,-0.094956,-0.252082,0.057736,-0.088063,-0.250814,-0.021527,-0.091509,-0.251448,-0.016022,-0.117779,-0.179127,-0.008904,-0.122195,-0.234729
2026-05-25 15:49:26.286,141.199865,0.000000,0.000000,0.000000,-0.100789,-0.094956,-0.252082,0.057736,-0.088063,-0.250814,-0.021527,-0.091509,-0.251448,-0.016022,-0.117779,-0.179127,-0.008879,-0.121112,-0.234755
2026-05-25 15:49:26.386,141.299865,0.000000,0.000000,0.000000,-0.100911,-0.093881,-0.252134,0.057866,-0.086967,-0.250864,-0.021523,-0.090424,-0.251499,-0.016035,-0.118846,-0.179192,-0.008879,-0.121112,-0.234755
2026-05-25 15:49:26.486,141.399865,0.000000,0.000000,0.000000,-0.100789,-0.094956,-0.252082,0.057866,-0.086967,-0.250864,-0.021462,-0.090962,-0.251473,-0.016035,-0.118846,-0.179192,-0.008904,-0.122195,-0.234729
2026-05-25 15:49:26.586,141.499865,0.000000,0.000000,0.000000,-0.100789,-0.094956,-0.252082,0.057736,-0.088063,-0.250814,-0.021527,-0.091509,-0.251448,-0.016022,-0.117779,-0.179127,-0.008879,-0.121112,-0.234755
2026-05-25 15:49:26.686,141.599865,0.000000,0.000000,0.000000,-0.100789,-0.094956,-0.252082,0.057866,-0.086967,-0.250864,-0.021462,-0.090962,-0.251473,-0.016022,-0.117779,-0.179127,-0.008904,-0.122195,-0.234729
2026-05-25 15:49:26.786,141.699865,0.000000,0.000000,0.000000,-0.100789,-0.094956,-0.252082,0.057736,-0.088063,-0.250814,-0.021527,-0.091509,-0.251448,-0.016035,-0.118846,-0.179192,-0.008904,-0.122195,-0.234729
2026-05-25 15:49:26.886,141.799865,0.000000,0.000000,0.000000,-0.100789,-0.094956,-0.252082,0.057866,-0.086967,-0.250864,-0.021462,-0.090962,-0.251473,-0.016035,-0.118846,-0.179192,-0.008904,-0.122195,-0.234729
2026-05-25 15:49:26.986,141.899865,0.000000,0.000000,0.000000,-0.100789,-0.094956,-0.252082,0.057866,-0.086967,-0.250864,-0.021462,-0.090962,-0.251473,-0.016022,-0.117779,-0.179127,-0.008879,-0.121112,-0.234755
2026-05-25 15:49:27.086,141.999865,0.000000,0.000000,0.000000,-0.100789,-0.094956,-0.252082,0.057736,-0.088063,-0.250814,-0.021527,-0.091509,-0.251448,-0.016035,-0.118846,-0.179192,-0.008904,-0.122195,-0.234729
2026-05-25 15:49:27.186,142.099864,0.000000,0.000000,0.000000,-0.100789,-0.094956,-0.252082,0.057866,-0.086967,-0.250864,-0.021462,-0.090962,-0.251473,-0.016035,-0.118846,-0.179192,-0.008892,-0.121654,-0.234742
2026-05-25 15:49:27.286,142.199864,0.000000,0.000000,0.000000,-0.100789,-0.094956,-0.252082,0.057736,-0.088063,-0.250814,-0.021527,-0.091509,-0.251448,-0.016035,-0.118846,-0.179192,-0.008904,-0.122195,-0.234729
2026-05-25 15:49:27.386,142.299864,0.000000,0.000000,0.000000,-0.100789,-0.094956,-0.252082,0.057866,-0.086967,-0.250864,-0.021462,-0.090962,-0.251473,-0.016022,-0.117779,-0.179127,-0.008892,-0.121654,-0.234742
2026-05-25 15:49:27.486,142.399864,0.000000,0.000000,0.000000,-0.100789,-0.094956,-0.252082,0.057736,-0.088063,-0.250814,-0.021527,-0.091509,-0.251448,-0.016022,-0.117779,-0.179127,-0.008879,-0.121112,-0.234755
2026-05-25 15:49:27.586,142.499864,0.000000,0.000000,0.000000,-0.100911,-0.093881,-0.252134,0.057736,-0.088063,-0.250814,-0.021588,-0.090972,-0.251474,-0.016022,-0.117779,-0.179127,-0.008904,-0.122195,-0.234729
2026-05-25 15:49:27.686,142.599864,0.000000,0.000000,0.000000,-0.100911,-0.093881,-0.252134,0.057866,-0.086967,-0.250864,-0.021523,-0.090424,-0.251499,-0.016022,-0.117779,-0.179127,-0.008879,-0.121112,-0.234755
2026-05-25 15:49:27.786,142.699864,0.000000,0.000000,0.000000,-0.100789,-0.094956,-0.252082,0.057866,-0.086967,-0.250864,-0.021462,-0.090962,-0.251473,-0.016035,-0.118846,-0.179192,-0.008879,-0.121112,-0.234755
2026-05-25 15:49:27.886,142.799864,0.000000,0.000000,0.000000,-0.100789,-0.094956,-0.252082,0.057736,-0.088063,-0.250814,-0.021527,-0.091509,-0.251448,-0.016035,-0.118846,-0.179192,-0.008879,-0.121112,-0.234755
2026-05-25 15:49:27.986,142.899864,0.000000,0.000000,0.000000,-0.100789,-0.094956,-0.252082,0.057736,-0.088063,-0.250814,-0.021527,-0.091509,-0.251448,-0.016035,-0.118846,-0.179192,-0.008879,-0.121112,-0.234755
2026-05-25 15:49:28.086,142.999864,0.000000,0.000000,0.000000,-0.100789,-0.094956,-0.252082,0.057866,-0.086967,-0.250864,-0.021462,-0.090962,-0.251473,-0.016035,-0.118846,-0.179192,-0.008904,-0.122195,-0.234729
2026-05-25 15:49:28.186,143.099864,0.000000,0.000000,0.000000,-0.100911,-0.093881,-0.252134,0.057736,-0.088063,-0.250814,-0.021588,-0.090972,-0.251474,-0.016035,-0.118846,-0.179192,-0.008904,-0.122195,-0.234729
2026-05-25 15:49:28.286,143.199863,0.000000,0.000000,0.000000,-0.100911,-0.093881,-0.252134,0.057736,-0.088063,-0.250814,-0.021588,-0.090972,-0.251474,-0.016022,-0.117779,-0.179127,-0.008904,-0.122195,-0.234729
2026-05-25 15:49:28.386,143.299863,0.000000,0.000000,0.000000,-0.100789,-0.094956,-0.252082,0.057866,-0.086967,-0.250864,-0.021462,-0.090962,-0.251473,-0.016035,-0.118846,-0.179192,-0.008904,-0.122195,-0.234729
2026-05-25 15:49:28.486,143.399863,0.000000,0.000000,0.000000,-0.100911,-0.093881,-0.252134,0.057866,-0.086967,-0.250864,-0.021523,-0.090424,-0.251499,-0.016035,-0.118846,-0.179192,-0.008879,-0.121112,-0.234755
2026-05-25 15:49:28.586,143.499863,0.000000,0.000000,0.000000,-0.100789,-0.094956,-0.252082,0.057866,-0.086967,-0.250864,-0.021462,-0.090962,-0.251473,-0.016035,-0.118846,-0.179192,-0.008904,-0.122195,-0.234729
2026-05-25 15:49:28.686,143.599863,0.000000,0.000000,0.000000,-0.100789,-0.094956,-0.252082,0.057736,-0.088063,-0.250814,-0.021527,-0.091509,-0.251448,-0.016010,-0.116712,-0.179062,-0.008904,-0.122195,-0.234729
2026-05-25 15:49:28.786,143.699863,0.000000,0.000000,0.000000,-0.100789,-0.094956,-0.252082,0.057736,-0.088063,-0.250814,-0.021527,-0.091509,-0.251448,-0.016035,-0.118846,-0.179192,-0.008904,-0.122195,-0.234729
2026-05-25 15:49:28.886,143.799863,0.000000,0.000000,0.000000,-0.100789,-0.094956,-0.252082,0.057736,-0.088063,-0.250814,-0.021527,-0.091509,-0.251448,-0.016035,-0.118846,-0.179192,-0.008904,-0.122195,-0.234729
2026-05-25 15:49:28.986,143.899863,0.000000,0.000000,0.000000,-0.100789,-0.094956,-0.252082,0.057866,-0.086967,-0.250864,-0.021462,-0.090962,-0.251473,-0.016022,-0.117779,-0.179127,-0.008904,-0.122195,-0.234729
2026-05-25 15:49:29.086,143.999863,0.000000,0.000000,0.000000,-0.100789,-0.094956,-0.252082,0.057866,-0.086967,-0.250864,-0.021462,-0.090962,-0.251473,-0.016035,-0.118846,-0.179192,-0.008904,-0.122195,-0.234729
2026-05-25 15:49:29.186,144.099863,0.000000,0.000000,0.000000,-0.100789,-0.094956,-0.252082,0.057736,-0.088063,-0.250814,-0.021527,-0.091509,-0.251448,-0.016035,-0.118846,-0.179192,-0.008879,-0.121112,-0.234755
2026-05-25 15:49:29.286,144.199862,0.000000,0.000000,0.000000,-0.100911,-0.093881,-0.252134,0.057736,-0.088063,-0.250814,-0.021588,-0.090972,-0.251474,-0.016022,-0.117779,-0.179127,-0.008904,-0.122195,-0.234729
2026-05-25 15:49:29.386,144.299862,0.000000,0.000000,0.000000,-0.100789,-0.094956,-0.252082,0.057866,-0.086967,-0.250864,-0.021462,-0.090962,-0.251473,-0.016035,-0.118846,-0.179192,-0.008904,-0.122195,-0.234729
2026-05-25 15:49:29.486,144.399862,0.000000,0.000000,0.000000,-0.100789,-0.094956,-0.252082,0.057866,-0.086967,-0.250864,-0.021462,-0.090962,-0.251473,-0.016035,-0.118846,-0.179192,-0.008904,-0.122195,-0.234729
2026-05-25 15:49:29.586,144.499862,0.000000,0.000000,0.000000,-0.100789,-0.094956,-0.252082,0.057736,-0.088063,-0.250814,-0.021527,-0.091509,-0.251448,-0.016022,-0.117779,-0.179127,-0.008904,-0.122195,-0.234729
2026-05-25 15:49:29.686,144.599862,0.000000,0.000000,0.000000,-0.100789,-0.094956,-0.252082,0.057736,-0.088063,-0.250814,-0.021527,-0.091509,-0.251448,-0.016035,-0.118846,-0.179192,-0.008904,-0.122195,-0.234729
2026-05-25 15:49:29.786,144.699862,0.000000,0.000000,0.000000,-0.100789,-0.094956,-0.252082,0.057736,-0.088063,-0.250814,-0.021527,-0.091509,-0.251448,-0.016035,-0.118846,-0.179192,-0.008904,-0.122195,-0.234729
2026-05-25 15:49:29.886,144.799862,0.000000,0.000000,0.000000,-0.100789,-0.094956,-0.252082,0.057736,-0.088063,-0.250814,-0.021527,-0.091509,-0.251448,-0.016035,-0.118846,-0.179192,-0.008879,-0.121112,-0.234755
2026-05-25 15:49:29.986,144.899862,0.000000,0.000000,0.000000,-0.100789,-0.094956,-0.252082,0.057736,-0.088063,-0.250814,-0.021527,-0.091509,-0.251448,-0.016035,-0.118846,-0.179192,-0.008904,-0.122195,-0.234729
2026-05-25 15:49:30.086,144.999862,0.000000,0.000000,0.000000,-0.100789,-0.094956,-0.252082,0.057736,-0.088063,-0.250814,-0.021527,-0.091509,-0.251448,-0.016022,-0.117779,-0.179127,-0.008879,-0.121112,-0.234755
2026-05-25 15:49:30.186,145.099862,0.000000,0.000000,0.000000,-0.100789,-0.094956,-0.252082,0.057736,-0.088063,-0.250814,-0.021527,-0.091509,-0.251448,-0.016035,-0.118846,-0.179192,-0.008904,-0.122195,-0.234729
2026-05-25 15:49:30.286,145.199862,0.000000,0.000000,0.000000,-0.100789,-0.094956,-0.252082,0.057736,-0.088063,-0.250814,-0.021527,-0.091509,-0.251448,-0.016035,-0.118846,-0.179192,-0.008904,-0.122195,-0.234729
2026-05-25 15:49:30.386,145.299861,0.000000,0.000000,0.000000,-0.100789,-0.094956,-0.252082,0.057736,-0.088063,-0.250814,-0.021527,-0.091509,-0.251448,-0.016035,-0.118846,-0.179192,-0.008904,-0.122195,-0.234729
2026-05-25 15:49:30.486,145.399861,0.000000,0.000000,0.000000,-0.100789,-0.094956,-0.252082,0.057736,-0.088063,-0.250814,-0.021527,-0.091509,-0.251448,-0.015322,-0.118786,-0.179188,-0.008904,-0.122195,-0.234729
2026-05-25 15:49:30.586,145.499861,0.000000,0.000000,0.000000,-0.100911,-0.093881,-0.252134,0.057736,-0.088063,-0.250814,-0.021588,-0.090972,-0.251474,-0.013879,-0.117598,-0.179114,-0.008879,-0.121112,-0.234755
2026-05-25 15:49:30.686,145.599861,0.000000,0.000000,0.000000,-0.100789,-0.094956,-0.252082,0.057866,-0.086967,-0.250864,-0.021462,-0.090962,-0.251473,-0.012451,-0.117477,-0.179105,-0.008179,-0.121053,-0.234751
2026-05-25 15:49:30.786,145.699861,0.000000,0.000000,0.000000,-0.100789,-0.094956,-0.252082,0.057736,-0.088063,-0.250814,-0.021527,-0.091509,-0.251448,-0.011058,-0.119605,-0.178521,-0.008205,-0.122136,-0.234725
2026-05-25 15:49:30.886,145.799861,0.000000,0.000000,0.000000,-0.100789,-0.094956,-0.252082,0.057736,-0.088063,-0.250814,-0.021527,-0.091509,-0.251448,-0.010324,-0.118477,-0.178450,-0.008179,-0.121053,-0.234751
2026-05-25 15:49:30.986,145.899861,0.000000,0.000000,0.000000,-0.100789,-0.094956,-0.252082,0.057736,-0.088063,-0.250814,-0.021527,-0.091509,-0.251448,-0.009588,-0.117349,-0.178379,-0.008179,-0.121053,-0.234751
2026-05-25 15:49:31.086,145.999861,0.000000,0.000000,0.000000,-0.100789,-0.094956,-0.252082,0.057866,-0.086967,-0.250864,-0.021462,-0.090962,-0.251473,-0.008855,-0.116107,-0.179018,-0.008179,-0.121053,-0.234751
2026-05-25 15:49:31.186,146.099861,0.000000,0.000000,0.000000,-0.100789,-0.094956,-0.252082,0.057736,-0.088063,-0.250814,-0.021527,-0.091509,-0.251448,-0.008139,-0.116046,-0.179014,-0.008179,-0.121053,-0.234751
2026-05-25 15:49:31.286,146.199861,0.000000,0.000000,0.000000,-0.100789,-0.094956,-0.252082,0.057866,-0.086967,-0.250864,-0.021462,-0.090962,-0.251473,-0.007424,-0.115986,-0.179010,-0.008179,-0.121053,-0.234751
2026-05-25 15:49:31.386,146.299860,0.000000,0.000000,0.000000,-0.100911,-0.093881,-0.252134,0.057736,-0.088063,-0.250814,-0.021588,-0.090972,-0.251474,-0.008139,-0.116046,-0.179014,-0.008179,-0.121053,-0.234751
2026-05-25 15:49:31.486,146.399860,0.000000,0.000000,0.000000,-0.100789,-0.094956,-0.252082,0.057866,-0.086967,-0.250864,-0.021462,-0.090962,-0.251473,-0.008139,-0.116046,-0.179014,-0.008179,-0.121053,-0.234751
2026-05-25 15:49:31.586,146.499860,0.000000,0.000000,0.000000,-0.100911,-0.093881,-0.252134,0.057736,-0.088063,-0.250814,-0.021588,-0.090972,-0.251474,-0.008144,-0.115932,-0.179724,-0.008179,-0.121053,-0.234751
2026-05-25 15:49:31.686,146.599860,0.000000,0.000000,0.000000,-0.100789,-0.094956,-0.252082,0.057736,-0.088063,-0.250814,-0.021527,-0.091509,-0.251448,-0.008114,-0.114978,-0.178949,-0.008179,-0.121053,-0.234751
2026-05-25 15:49:31.786,146.699860,0.000000,0.000000,0.000000,-0.100789,-0.094956,-0.252082,0.057866,-0.086967,-0.250864,-0.021462,-0.090962,-0.251473,-0.008119,-0.114864,-0.179660,-0.008179,-0.121053,-0.234751
2026-05-25 15:49:31.886,146.799860,0.000000,0.000000,0.000000,-0.100911,-0.093881,-0.252134,0.057866,-0.086967,-0.250864,-0.021523,-0.090424,-0.251499,-0.008144,-0.115932,-0.179724,-0.008179,-0.121053,-0.234751
2026-05-25 15:49:31.986,146.899860,0.000000,0.000000,0.000000,-0.100789,-0.094956,-0.252082,0.057736,-0.088063,-0.250814,-0.021527,-0.091509,-0.251448,-0.008119,-0.114864,-0.179660,-0.008153,-0.119970,-0.234776
2026-05-25 15:49:32.086,146.999860,0.000000,0.000000,0.000000,-0.100789,-0.094956,-0.252082,0.057736,-0.088063,-0.250814,-0.021527,-0.091509,-0.251448,-0.008164,-0.117114,-0.179079,-0.008179,-0.121053,-0.234751
2026-05-25 15:49:32.186,147.099860,0.000000,0.000000,0.000000,-0.100789,-0.094956,-0.252082,0.057866,-0.086967,-0.250864,-0.021462,-0.090962,-0.251473,-0.008139,-0.116046,-0.179014,-0.008179,-0.121053,-0.234751
2026-05-25 15:49:32.286,147.199860,0.000000,0.000000,0.000000,-0.100911,-0.093881,-0.252134,0.057736,-0.088063,-0.250814,-0.021588,-0.090972,-0.251474,-0.008132,-0.115398,-0.179692,-0.008179,-0.121053,-0.234751
2026-05-25 15:49:32.386,147.299860,0.000000,0.000000,0.000000,-0.100789,-0.094956,-0.252082,0.057866,-0.086967,-0.250864,-0.021462,-0.090962,-0.251473,-0.008144,-0.115932,-0.179724,-0.008179,-0.121053,-0.234751
2026-05-25 15:49:32.486,147.399859,0.000000,0.000000,0.000000,-0.100789,-0.094956,-0.252082,0.057736,-0.088063,-0.250814,-0.021527,-0.091509,-0.251448,-0.008144,-0.115932,-0.179724,-0.008179,-0.121053,-0.234751
2026-05-25 15:49:32.586,147.499859,0.000000,0.000000,0.000000,-0.100911,-0.093881,-0.252134,0.057736,-0.088063,-0.250814,-0.021588,-0.090972,-0.251474,-0.008144,-0.115932,-0.179724,-0.008179,-0.121053,-0.234751
2026-05-25 15:49:32.686,147.599859,0.000000,0.000000,0.000000,-0.100789,-0.094956,-0.252082,0.057866,-0.086967,-0.250864,-0.021462,-0.090962,-0.251473,-0.008144,-0.115932,-0.179724,-0.008179,-0.121053,-0.234751
2026-05-25 15:49:32.786,147.699859,0.000000,0.000000,0.000000,-0.100789,-0.094956,-0.252082,0.057736,-0.088063,-0.250814,-0.021527,-0.091509,-0.251448,-0.008144,-0.115932,-0.179724,-0.008179,-0.121053,-0.234751
2026-05-25 15:49:32.886,147.799859,0.000000,0.000000,0.000000,-0.100911,-0.093881,-0.252134,0.057736,-0.088063,-0.250814,-0.021588,-0.090972,-0.251474,-0.008144,-0.115932,-0.179724,-0.008179,-0.121053,-0.234751
2026-05-25 15:49:32.986,147.899859,0.000000,0.000000,0.000000,-0.100911,-0.093881,-0.252134,0.057736,-0.088063,-0.250814,-0.021588,-0.090972,-0.251474,-0.008144,-0.115932,-0.179724,-0.008179,-0.121053,-0.234751
2026-05-25 15:49:33.086,147.999859,0.000000,0.000000,0.000000,-0.100789,-0.094956,-0.252082,0.057736,-0.088063,-0.250814,-0.021527,-0.091509,-0.251448,-0.008170,-0.117001,-0.179788,-0.008179,-0.121053,-0.234751
2026-05-25 15:49:33.186,148.099859,0.000000,0.000000,0.000000,-0.100911,-0.093881,-0.252134,0.057866,-0.086967,-0.250864,-0.021523,-0.090424,-0.251499,-0.008119,-0.114864,-0.179660,-0.008179,-0.121053,-0.234751
2026-05-25 15:49:33.286,148.199859,0.000000,0.000000,0.000000,-0.100789,-0.094956,-0.252082,0.057736,-0.088063,-0.250814,-0.021527,-0.091509,-0.251448,-0.008144,-0.115932,-0.179724,-0.008179,-0.121053,-0.234751
2026-05-25 15:49:33.386,148.299859,0.000000,0.000000,0.000000,-0.100789,-0.094956,-0.252082,0.057866,-0.086967,-0.250864,-0.021462,-0.090962,-0.251473,-0.008119,-0.114864,-0.179660,-0.008179,-0.121053,-0.234751
2026-05-25 15:49:33.486,148.399858,0.000000,0.000000,0.000000,-0.100789,-0.094956,-0.252082,0.057736,-0.088063,-0.250814,-0.021527,-0.091509,-0.251448,-0.008144,-0.115932,-0.179724,-0.008179,-0.121053,-0.234751
2026-05-25 15:49:33.586,148.499858,0.000000,0.000000,0.000000,-0.100789,-0.094956,-0.252082,0.057736,-0.088063,-0.250814,-0.021527,-0.091509,-0.251448,-0.008144,-0.115932,-0.179724,-0.008179,-0.121053,-0.234751
2026-05-25 15:49:33.686,148.599858,0.000000,0.000000,0.000000,-0.100789,-0.094956,-0.252082,0.057736,-0.088063,-0.250814,-0.021527,-0.091509,-0.251448,-0.008170,-0.117001,-0.179788,-0.008179,-0.121053,-0.234751
2026-05-25 15:49:33.786,148.699858,0.000000,0.000000,0.000000,-0.100789,-0.094956,-0.252082,0.057736,-0.088063,-0.250814,-0.021527,-0.091509,-0.251448,-0.008170,-0.117001,-0.179788,-0.008205,-0.122136,-0.234725
2026-05-25 15:49:33.886,148.799858,0.000000,0.000000,0.000000,-0.100789,-0.094956,-0.252082,0.057736,-0.088063,-0.250814,-0.021527,-0.091509,-0.251448,-0.008170,-0.117001,-0.179788,-0.008205,-0.122136,-0.234725
2026-05-25 15:49:33.986,148.899858,0.000000,0.000000,0.000000,-0.100789,-0.094956,-0.252082,0.057736,-0.088063,-0.250814,-0.021527,-0.091509,-0.251448,-0.008144,-0.115932,-0.179724,-0.008192,-0.121594,-0.234738
2026-05-25 15:49:34.086,148.999858,0.000000,0.000000,0.000000,-0.100789,-0.094956,-0.252082,0.057866,-0.086967,-0.250864,-0.021462,-0.090962,-0.251473,-0.008144,-0.115932,-0.179724,-0.008179,-0.121053,-0.234751
2026-05-25 15:49:34.186,149.099858,0.000000,0.000000,0.000000,-0.100789,-0.094956,-0.252082,0.057736,-0.088063,-0.250814,-0.021527,-0.091509,-0.251448,-0.008144,-0.115932,-0.179724,-0.008179,-0.121053,-0.234751
2026-05-25 15:49:34.286,149.199858,0.000000,0.000000,0.000000,-0.100789,-0.094956,-0.252082,0.057866,-0.086967,-0.250864,-0.021462,-0.090962,-0.251473,-0.008144,-0.115932,-0.179724,-0.008179,-0.121053,-0.234751
2026-05-25 15:49:34.386,149.299858,0.000000,0.000000,0.000000,-0.100789,-0.094956,-0.252082,0.057866,-0.086967,-0.250864,-0.021462,-0.090962,-0.251473,-0.008144,-0.115932,-0.179724,-0.008205,-0.122136,-0.234725
2026-05-25 15:49:34.486,149.399858,0.000000,0.000000,0.000000,-0.100789,-0.094956,-0.252082,0.057866,-0.086967,-0.250864,-0.021462,-0.090962,-0.251473,-0.008144,-0.115932,-0.179724,-0.008179,-0.121053,-0.234751
2026-05-25 15:49:34.586,149.499857,0.000000,0.000000,0.000000,-0.100911,-0.093881,-0.252134,0.057736,-0.088063,-0.250814,-0.021588,-0.090972,-0.251474,-0.008144,-0.115932,-0.179724,-0.008179,-0.121053,-0.234751
2026-05-25 15:49:34.686,149.599857,0.000000,0.000000,0.000000,-0.100789,-0.094956,-0.252082,0.057736,-0.088063,-0.250814,-0.021527,-0.091509,-0.251448,-0.008144,-0.115932,-0.179724,-0.008179,-0.121053,-0.234751
2026-05-25 15:49:34.786,149.699857,0.000000,0.000000,0.000000,-0.100789,-0.094956,-0.252082,0.057866,-0.086967,-0.250864,-0.021462,-0.090962,-0.251473,-0.008144,-0.115932,-0.179724,-0.008179,-0.121053,-0.234751
2026-05-25 15:49:34.886,149.799857,0.000000,0.000000,0.000000,-0.100789,-0.094956,-0.252082,0.057736,-0.088063,-0.250814,-0.021527,-0.091509,-0.251448,-0.008144,-0.115932,-0.179724,-0.008179,-0.121053,-0.234751
2026-05-25 15:49:34.986,149.899857,0.000000,0.000000,0.000000,-0.100789,-0.094956,-0.252082,0.057736,-0.088063,-0.250814,-0.021527,-0.091509,-0.251448,-0.008144,-0.115932,-0.179724,-0.008179,-0.121053,-0.234751
2026-05-25 15:49:35.086,149.999857,0.000000,0.000000,0.000000,-0.100789,-0.094956,-0.252082,0.057736,-0.088063,-0.250814,-0.021527,-0.091509,-0.251448,-0.008144,-0.115932,-0.179724,-0.008179,-0.121053,-0.234751
2026-05-25 15:49:35.186,150.099857,0.000000,0.000000,0.000000,-0.100789,-0.094956,-0.252082,0.057866,-0.086967,-0.250864,-0.021462,-0.090962,-0.251473,-0.008170,-0.117001,-0.179788,-0.008179,-0.121053,-0.234751
2026-05-25 15:49:35.286,150.199857,0.000000,0.000000,0.000000,-0.100789,-0.094956,-0.252082,0.057736,-0.088063,-0.250814,-0.021527,-0.091509,-0.251448,-0.008170,-0.117001,-0.179788,-0.008179,-0.121053,-0.234751
2026-05-25 15:49:35.386,150.299857,0.000000,0.000000,0.000000,-0.100789,-0.094956,-0.252082,0.057736,-0.088063,-0.250814,-0.021527,-0.091509,-0.251448,-0.008170,-0.117001,-0.179788,-0.008179,-0.121053,-0.234751
2026-05-25 15:49:35.486,150.399857,0.000000,0.000000,0.000000,-0.100789,-0.094956,-0.252082,0.057866,-0.086967,-0.250864,-0.021462,-0.090962,-0.251473,-0.008144,-0.115932,-0.179724,-0.008179,-0.121053,-0.234751
2026-05-25 15:49:35.586,150.499856,0.000000,0.000000,0.000000,-0.100789,-0.094956,-0.252082,0.057736,-0.088063,-0.250814,-0.021527,-0.091509,-0.251448,-0.008164,-0.117114,-0.179079,-0.008179,-0.121053,-0.234751
2026-05-25 15:49:35.686,150.599856,0.000000,0.000000,0.000000,-0.100911,-0.093881,-0.252134,0.057866,-0.086967,-0.250864,-0.021523,-0.090424,-0.251499,-0.008144,-0.115932,-0.179724,-0.008205,-0.122136,-0.234725
2026-05-25 15:49:35.786,150.699856,0.000000,0.000000,0.000000,-0.100667,-0.096031,-0.252030,0.057736,-0.088063,-0.250814,-0.021466,-0.092047,-0.251422,-0.008144,-0.115932,-0.179724,-0.008179,-0.121053,-0.234751
2026-05-25 15:49:35.886,150.799856,0.000000,0.000000,0.000000,-0.100789,-0.094956,-0.252082,0.057736,-0.088063,-0.250814,-0.021527,-0.091509,-0.251448,-0.008144,-0.115932,-0.179724,-0.008179,-0.121053,-0.234751
2026-05-25 15:49:35.986,150.899856,0.000000,0.000000,0.000000,-0.100789,-0.094956,-0.252082,0.057866,-0.086967,-0.250864,-0.021462,-0.090962,-0.251473,-0.008144,-0.115932,-0.179724,-0.008179,-0.121053,-0.234751
2026-05-25 15:49:36.086,150.999856,0.000000,0.000000,0.000000,-0.100789,-0.094956,-0.252082,0.057736,-0.088063,-0.250814,-0.021527,-0.091509,-0.251448,-0.008144,-0.115932,-0.179724,-0.008179,-0.121053,-0.234751
2026-05-25 15:49:36.186,151.099856,0.000000,0.000000,0.000000,-0.100789,-0.094956,-0.252082,0.057866,-0.086967,-0.250864,-0.021462,-0.090962,-0.251473,-0.008170,-0.117001,-0.179788,-0.008192,-0.121594,-0.234738
2026-05-25 15:49:36.286,151.199856,0.000000,0.000000,0.000000,-0.100667,-0.096031,-0.252030,0.057736,-0.088063,-0.250814,-0.021466,-0.092047,-0.251422,-0.008170,-0.117001,-0.179788,-0.008179,-0.121053,-0.234751
2026-05-25 15:49:36.386,151.299856,0.000000,0.000000,0.000000,-0.100789,-0.094956,-0.252082,0.057736,-0.088063,-0.250814,-0.021527,-0.091509,-0.251448,-0.008170,-0.117001,-0.179788,-0.008179,-0.121053,-0.234751
2026-05-25 15:49:36.486,151.399856,0.000000,0.000000,0.000000,-0.100789,-0.094956,-0.252082,0.057736,-0.088063,-0.250814,-0.021527,-0.091509,-0.251448,-0.008170,-0.117001,-0.179788,-0.008179,-0.121053,-0.234751
2026-05-25 15:49:36.586,151.499856,0.000000,0.000000,0.000000,-0.100789,-0.094956,-0.252082,0.057736,-0.088063,-0.250814,-0.021527,-0.091509,-0.251448,-0.007410,-0.115452,-0.178977,-0.008179,-0.121053,-0.234751
2026-05-25 15:49:36.686,151.599855,0.000000,0.000000,0.000000,-0.100789,-0.094956,-0.252082,0.057866,-0.086967,-0.250864,-0.021462,-0.090962,-0.251473,-0.005992,-0.115865,-0.179001,-0.008205,-0.122136,-0.234725
2026-05-25 15:49:36.786,151.699855,0.000000,0.000000,0.000000,-0.100789,-0.094956,-0.252082,0.057866,-0.086967,-0.250864,-0.021462,-0.090962,-0.251473,-0.004556,-0.115858,-0.178283,-0.008179,-0.121053,-0.234751
2026-05-25 15:49:36.886,151.799855,0.000000,0.000000,0.000000,-0.100911,-0.093881,-0.252134,0.057866,-0.086967,-0.250864,-0.021523,-0.090424,-0.251499,-0.003092,-0.114668,-0.178207,-0.007505,-0.122077,-0.234721
2026-05-25 15:49:36.986,151.899855,0.000000,0.000000,0.000000,-0.100789,-0.094956,-0.252082,0.057866,-0.086967,-0.250864,-0.021462,-0.090962,-0.251473,-0.002409,-0.115676,-0.178269,-0.007479,-0.120994,-0.234747
2026-05-25 15:49:37.086,151.999855,0.000000,0.000000,0.000000,-0.100789,-0.094956,-0.252082,0.057736,-0.088063,-0.250814,-0.021527,-0.091509,-0.251448,-0.001653,-0.114661,-0.177488,-0.007479,-0.120994,-0.234747
2026-05-25 15:49:37.186,152.099855,0.000000,0.000000,0.000000,-0.100911,-0.093881,-0.252134,0.057866,-0.086967,-0.250864,-0.021523,-0.090424,-0.251499,-0.000219,-0.114540,-0.177479,-0.007479,-0.120994,-0.234747
2026-05-25 15:49:37.286,152.199855,0.000000,0.000000,0.000000,-0.100789,-0.094956,-0.252082,0.057866,-0.086967,-0.250864,-0.021462,-0.090962,-0.251473,0.000542,-0.113525,-0.176695,-0.007479,-0.120994,-0.234747
2026-05-25 15:49:37.386,152.299855,0.000000,0.000000,0.000000,-0.100789,-0.094956,-0.252082,0.057866,-0.086967,-0.250864,-0.021462,-0.090962,-0.251473,0.002019,-0.112335,-0.176617,-0.007479,-0.120994,-0.234747
2026-05-25 15:49:37.486,152.399855,0.000000,0.000000,0.000000,-0.100789,-0.094956,-0.252082,0.057736,-0.088063,-0.250814,-0.021527,-0.091509,-0.251448,0.002019,-0.112335,-0.176617,-0.007505,-0.122077,-0.234721
2026-05-25 15:49:37.586,152.499855,0.000000,0.000000,0.000000,-0.100911,-0.093881,-0.252134,0.057866,-0.086967,-0.250864,-0.021523,-0.090424,-0.251499,0.002060,-0.111266,-0.176548,-0.007479,-0.120994,-0.234747
2026-05-25 15:49:37.686,152.599854,0.000000,0.000000,0.000000,-0.100789,-0.094956,-0.252082,0.057866,-0.086967,-0.250864,-0.021462,-0.090962,-0.251473,0.002060,-0.111266,-0.176548,-0.007479,-0.120994,-0.234747
2026-05-25 15:49:37.786,152.699854,0.000000,0.000000,0.000000,-0.100789,-0.094956,-0.252082,0.057736,-0.088063,-0.250814,-0.021527,-0.091509,-0.251448,0.002019,-0.112335,-0.176617,-0.007505,-0.122077,-0.234721
2026-05-25 15:49:37.886,152.799854,0.000000,0.000000,0.000000,-0.100911,-0.093881,-0.252134,0.057866,-0.086967,-0.250864,-0.021523,-0.090424,-0.251499,0.002060,-0.111266,-0.176548,-0.007479,-0.120994,-0.234747
2026-05-25 15:49:37.986,152.899854,0.000000,0.000000,0.000000,-0.100789,-0.094956,-0.252082,0.057866,-0.086967,-0.250864,-0.021462,-0.090962,-0.251473,0.002060,-0.111266,-0.176548,-0.007479,-0.120994,-0.234747
2026-05-25 15:49:38.086,152.999854,0.000000,0.000000,0.000000,-0.100789,-0.094956,-0.252082,0.057866,-0.086967,-0.250864,-0.021462,-0.090962,-0.251473,0.002055,-0.111151,-0.177263,-0.007479,-0.120994,-0.234747
2026-05-25 15:49:38.186,153.099854,0.000000,0.000000,0.000000,-0.100789,-0.094956,-0.252082,0.057866,-0.086967,-0.250864,-0.021462,-0.090962,-0.251473,0.002060,-0.111266,-0.176548,-0.007479,-0.120994,-0.234747
2026-05-25 15:49:38.286,153.199854,0.000000,0.000000,0.000000,-0.100789,-0.094956,-0.252082,0.057866,-0.086967,-0.250864,-0.021462,-0.090962,-0.251473,0.002055,-0.111151,-0.177263,-0.007505,-0.122077,-0.234721
2026-05-25 15:49:38.386,153.299854,0.000000,0.000000,0.000000,-0.100911,-0.093881,-0.252134,0.057866,-0.086967,-0.250864,-0.021523,-0.090424,-0.251499,0.002019,-0.112335,-0.176617,-0.007505,-0.122077,-0.234721
2026-05-25 15:49:38.486,153.399854,0.000000,0.000000,0.000000,-0.100911,-0.093881,-0.252134,0.057866,-0.086967,-0.250864,-0.021523,-0.090424,-0.251499,0.002014,-0.112220,-0.177330,-0.007479,-0.120994,-0.234747
2026-05-25 15:49:38.586,153.499854,0.000000,0.000000,0.000000,-0.100789,-0.094956,-0.252082,0.057866,-0.086967,-0.250864,-0.021462,-0.090962,-0.251473,0.002055,-0.111151,-0.177263,-0.007505,-0.122077,-0.234721
2026-05-25 15:49:38.686,153.599854,0.000000,0.000000,0.000000,-0.100789,-0.094956,-0.252082,0.057866,-0.086967,-0.250864,-0.021462,-0.090962,-0.251473,0.002014,-0.112220,-0.177330,-0.007479,-0.120994,-0.234747
2026-05-25 15:49:38.786,153.699853,0.000000,0.000000,0.000000,-0.100911,-0.093881,-0.252134,0.057866,-0.086967,-0.250864,-0.021523,-0.090424,-0.251499,0.002055,-0.111151,-0.177263,-0.007479,-0.120994,-0.234747
2026-05-25 15:49:38.886,153.799853,0.000000,0.000000,0.000000,-0.100789,-0.094956,-0.252082,0.057736,-0.088063,-0.250814,-0.021527,-0.091509,-0.251448,0.002055,-0.111151,-0.177263,-0.007505,-0.122077,-0.234721
2026-05-25 15:49:38.986,153.899853,0.000000,0.000000,0.000000,-0.100667,-0.096031,-0.252030,0.057866,-0.086967,-0.250864,-0.021401,-0.091499,-0.251447,0.002055,-0.111151,-0.177263,-0.007479,-0.120994,-0.234747
2026-05-25 15:49:39.086,153.999853,0.000000,0.000000,0.000000,-0.100789,-0.094956,-0.252082,0.057866,-0.086967,-0.250864,-0.021462,-0.090962,-0.251473,0.002055,-0.111151,-0.177263,-0.007505,-0.122077,-0.234721
2026-05-25 15:49:39.186,154.099853,0.000000,0.000000,0.000000,-0.100789,-0.094956,-0.252082,0.057866,-0.086967,-0.250864,-0.021462,-0.090962,-0.251473,0.002055,-0.111151,-0.177263,-0.007505,-0.122077,-0.234721
2026-05-25 15:49:39.286,154.199853,0.000000,0.000000,0.000000,-0.100789,-0.094956,-0.252082,0.057866,-0.086967,-0.250864,-0.021462,-0.090962,-0.251473,0.002014,-0.112220,-0.177330,-0.007479,-0.120994,-0.234747
2026-05-25 15:49:39.386,154.299853,0.000000,0.000000,0.000000,-0.100789,-0.094956,-0.252082,0.057866,-0.086967,-0.250864,-0.021462,-0.090962,-0.251473,0.002055,-0.111151,-0.177263,-0.007505,-0.122077,-0.234721
2026-05-25 15:49:39.486,154.399853,0.000000,0.000000,0.000000,-0.100911,-0.093881,-0.252134,0.057866,-0.086967,-0.250864,-0.021523,-0.090424,-0.251499,0.002014,-0.112220,-0.177330,-0.007505,-0.122077,-0.234721
2026-05-25 15:49:39.586,154.499853,0.000000,0.000000,0.000000,-0.100789,-0.094956,-0.252082,0.057866,-0.086967,-0.250864,-0.021462,-0.090962,-0.251473,0.002014,-0.112220,-0.177330,-0.007505,-0.122077,-0.234721
2026-05-25 15:49:39.686,154.599853,0.000000,0.000000,0.000000,-0.100789,-0.094956,-0.252082,0.057736,-0.088063,-0.250814,-0.021527,-0.091509,-0.251448,0.002014,-0.112220,-0.177330,-0.007505,-0.122077,-0.234721
2026-05-25 15:49:39.786,154.699852,0.000000,0.000000,0.000000,-0.100789,-0.094956,-0.252082,0.057866,-0.086967,-0.250864,-0.021462,-0.090962,-0.251473,0.002014,-0.112220,-0.177330,-0.007505,-0.122077,-0.234721
2026-05-25 15:49:39.886,154.799852,0.000000,0.000000,0.000000,-0.100789,-0.094956,-0.252082,0.057866,-0.086967,-0.250864,-0.021462,-0.090962,-0.251473,0.001972,-0.113289,-0.177398,-0.007505,-0.122077,-0.234721
2026-05-25 15:49:39.986,154.899852,0.000000,0.000000,0.000000,-0.100789,-0.094956,-0.252082,0.057736,-0.088063,-0.250814,-0.021527,-0.091509,-0.251448,0.001335,-0.111212,-0.177267,-0.007505,-0.122077,-0.234721
2026-05-25 15:49:40.086,154.999852,0.000000,0.000000,0.000000,-0.100789,-0.094956,-0.252082,0.057866,-0.086967,-0.250864,-0.021462,-0.090962,-0.251473,0.002014,-0.112220,-0.177330,-0.007505,-0.122077,-0.234721
2026-05-25 15:49:40.186,155.099852,0.000000,0.000000,0.000000,-0.100789,-0.094956,-0.252082,0.057866,-0.086967,-0.250864,-0.021462,-0.090962,-0.251473,0.002055,-0.111151,-0.177263,-0.007479,-0.120994,-0.234747
2026-05-25 15:49:40.286,155.199852,0.000000,0.000000,0.000000,-0.100789,-0.094956,-0.252082,0.057736,-0.088063,-0.250814,-0.021527,-0.091509,-0.251448,0.001335,-0.111212,-0.177267,-0.007505,-0.122077,-0.234721
2026-05-25 15:49:40.386,155.299852,0.000000,0.000000,0.000000,-0.100789,-0.094956,-0.252082,0.057866,-0.086967,-0.250864,-0.021462,-0.090962,-0.251473,0.002055,-0.111151,-0.177263,-0.007505,-0.122077,-0.234721
2026-05-25 15:49:40.486,155.399852,0.000000,0.000000,0.000000,-0.100789,-0.094956,-0.252082,0.057736,-0.088063,-0.250814,-0.021527,-0.091509,-0.251448,0.002014,-0.112220,-0.177330,-0.007505,-0.122077,-0.234721
2026-05-25 15:49:40.586,155.499852,0.000000,0.000000,0.000000,-0.100911,-0.093881,-0.252134,0.057736,-0.088063,-0.250814,-0.021588,-0.090972,-0.251474,0.001335,-0.111212,-0.177267,-0.007505,-0.122077,-0.234721
2026-05-25 15:49:40.686,155.599852,0.000000,0.000000,0.000000,-0.100789,-0.094956,-0.252082,0.057736,-0.088063,-0.250814,-0.021527,-0.091509,-0.251448,0.001335,-0.111212,-0.177267,-0.007505,-0.122077,-0.234721
2026-05-25 15:49:40.786,155.699852,0.000000,0.000000,0.000000,-0.100789,-0.094956,-0.252082,0.057866,-0.086967,-0.250864,-0.021462,-0.090962,-0.251473,0.002014,-0.112220,-0.177330,-0.007505,-0.122077,-0.234721
2026-05-25 15:49:40.886,155.799851,0.000000,0.000000,0.000000,-0.100789,-0.094956,-0.252082,0.057866,-0.086967,-0.250864,-0.021462,-0.090962,-0.251473,0.001295,-0.112281,-0.177335,-0.007479,-0.120994,-0.234747
2026-05-25 15:49:40.986,155.899851,0.000000,0.000000,0.000000,-0.100911,-0.093881,-0.252134,0.057866,-0.086967,-0.250864,-0.021523,-0.090424,-0.251499,0.001295,-0.112281,-0.177335,-0.007505,-0.122077,-0.234721
2026-05-25 15:49:41.086,155.999851,0.000000,0.000000,0.000000,-0.100789,-0.094956,-0.252082,0.057866,-0.086967,-0.250864,-0.021462,-0.090962,-0.251473,0.001295,-0.112281,-0.177335,-0.007505,-0.122077,-0.234721
2026-05-25 15:49:41.186,156.099851,0.000000,0.000000,0.000000,-0.100789,-0.094956,-0.252082,0.057866,-0.086967,-0.250864,-0.021462,-0.090962,-0.251473,0.001335,-0.111212,-0.177267,-0.007479,-0.120994,-0.234747
2026-05-25 15:49:41.286,156.199851,0.000000,0.000000,0.000000,-0.100789,-0.094956,-0.252082,0.057736,-0.088063,-0.250814,-0.021527,-0.091509,-0.251448,0.001335,-0.111212,-0.177267,-0.007492,-0.121535,-0.234734
2026-05-25 15:49:41.386,156.299851,0.000000,0.000000,0.000000,-0.100789,-0.094956,-0.252082,0.057866,-0.086967,-0.250864,-0.021462,-0.090962,-0.251473,0.001295,-0.112281,-0.177335,-0.007479,-0.120994,-0.234747
2026-05-25 15:49:41.486,156.399851,0.000000,0.000000,0.000000,-0.100911,-0.093881,-0.252134,0.057736,-0.088063,-0.250814,-0.021588,-0.090972,-0.251474,0.001295,-0.112281,-0.177335,-0.007505,-0.122077,-0.234721
2026-05-25 15:49:41.586,156.499851,0.000000,0.000000,0.000000,-0.100667,-0.096031,-0.252030,0.057736,-0.088063,-0.250814,-0.021466,-0.092047,-0.251422,0.001335,-0.111212,-0.177267,-0.007505,-0.122077,-0.234721
2026-05-25 15:49:41.686,156.599851,0.000000,0.000000,0.000000,-0.100911,-0.093881,-0.252134,0.057866,-0.086967,-0.250864,-0.021523,-0.090424,-0.251499,0.001295,-0.112281,-0.177335,-0.007505,-0.122077,-0.234721
2026-05-25 15:49:41.786,156.699851,0.000000,0.000000,0.000000,-0.100789,-0.094956,-0.252082,0.057866,-0.086967,-0.250864,-0.021462,-0.090962,-0.251473,0.001295,-0.112281,-0.177335,-0.007505,-0.122077,-0.234721
2026-05-25 15:49:41.886,156.799850,0.000000,0.000000,0.000000,-0.100789,-0.094956,-0.252082,0.057866,-0.086967,-0.250864,-0.021462,-0.090962,-0.251473,0.001295,-0.112281,-0.177335,-0.007505,-0.122077,-0.234721
2026-05-25 15:49:41.986,156.899850,0.000000,0.000000,0.000000,-0.100789,-0.094956,-0.252082,0.057736,-0.088063,-0.250814,-0.021527,-0.091509,-0.251448,0.001295,-0.112281,-0.177335,-0.007505,-0.122077,-0.234721
2026-05-25 15:49:42.086,156.999850,0.000000,0.000000,0.000000,-0.100789,-0.094956,-0.252082,0.057736,-0.088063,-0.250814,-0.021527,-0.091509,-0.251448,0.001295,-0.112281,-0.177335,-0.007505,-0.122077,-0.234721
2026-05-25 15:49:42.186,157.099850,0.000000,0.000000,0.000000,-0.100789,-0.094956,-0.252082,0.057866,-0.086967,-0.250864,-0.021462,-0.090962,-0.251473,0.001295,-0.112281,-0.177335,-0.007505,-0.122077,-0.234721
2026-05-25 15:49:42.286,157.199850,0.000000,0.000000,0.000000,-0.100911,-0.093881,-0.252134,0.057866,-0.086967,-0.250864,-0.021523,-0.090424,-0.251499,0.001295,-0.112281,-0.177335,-0.007505,-0.122077,-0.234721
2026-05-25 15:49:42.386,157.299850,0.000000,0.000000,0.000000,-0.100667,-0.096031,-0.252030,0.057866,-0.086967,-0.250864,-0.021401,-0.091499,-0.251447,0.001295,-0.112281,-0.177335,-0.007505,-0.122077,-0.234721
2026-05-25 15:49:42.486,157.399850,0.000000,0.000000,0.000000,-0.100789,-0.094956,-0.252082,0.057866,-0.086967,-0.250864,-0.021462,-0.090962,-0.251473,0.001295,-0.112281,-0.177335,-0.007505,-0.122077,-0.234721
2026-05-25 15:49:42.586,157.499850,0.000000,0.000000,0.000000,-0.100911,-0.093881,-0.252134,0.057866,-0.086967,-0.250864,-0.021523,-0.090424,-0.251499,0.001234,-0.113884,-0.177436,-0.007479,-0.120994,-0.234747
2026-05-25 15:49:42.686,157.599850,0.000000,0.000000,0.000000,-0.100789,-0.094956,-0.252082,0.057866,-0.086967,-0.250864,-0.021462,-0.090962,-0.251473,0.000492,-0.114365,-0.178186,-0.007505,-0.122077,-0.234721
2026-05-25 15:49:42.786,157.699850,0.000000,0.000000,0.000000,-0.100789,-0.094956,-0.252082,0.057866,-0.086967,-0.250864,-0.021462,-0.090962,-0.251473,0.000487,-0.114251,-0.178897,-0.007479,-0.120994,-0.234747
2026-05-25 15:49:42.886,157.799850,0.000000,0.000000,0.000000,-0.100789,-0.094956,-0.252082,0.057866,-0.086967,-0.250864,-0.021462,-0.090962,-0.251473,0.000487,-0.114251,-0.178897,-0.007505,-0.122077,-0.234721
2026-05-25 15:49:42.986,157.899849,0.000000,0.000000,0.000000,-0.100789,-0.094956,-0.252082,0.057866,-0.086967,-0.250864,-0.021462,-0.090962,-0.251473,0.000487,-0.114251,-0.178897,-0.007492,-0.121535,-0.234734
2026-05-25 15:49:43.086,157.999849,0.000000,0.000000,0.000000,-0.100789,-0.094956,-0.252082,0.057736,-0.088063,-0.250814,-0.021527,-0.091509,-0.251448,0.001158,-0.115146,-0.179667,-0.007479,-0.120994,-0.234747
2026-05-25 15:49:43.186,158.099849,0.000000,0.000000,0.000000,-0.100789,-0.094956,-0.252082,0.057866,-0.086967,-0.250864,-0.021462,-0.090962,-0.251473,0.001198,-0.114076,-0.179603,-0.007505,-0.122077,-0.234721
2026-05-25 15:49:43.286,158.199849,0.000000,0.000000,0.000000,-0.100789,-0.094956,-0.252082,0.057866,-0.086967,-0.250864,-0.021462,-0.090962,-0.251473,0.001238,-0.113006,-0.179539,-0.007505,-0.122077,-0.234721
2026-05-25 15:49:43.386,158.299849,0.000000,0.000000,0.000000,-0.100911,-0.093881,-0.252134,0.057866,-0.086967,-0.250864,-0.021523,-0.090424,-0.251499,0.001198,-0.114076,-0.179603,-0.007505,-0.122077,-0.234721
2026-05-25 15:49:43.486,158.399849,0.000000,0.000000,0.000000,-0.100789,-0.094956,-0.252082,0.057866,-0.086967,-0.250864,-0.021462,-0.090962,-0.251473,0.001238,-0.113006,-0.179539,-0.007505,-0.122077,-0.234721
2026-05-25 15:49:43.586,158.499849,0.000000,0.000000,0.000000,-0.100789,-0.094956,-0.252082,0.057866,-0.086967,-0.250864,-0.021462,-0.090962,-0.251473,0.001198,-0.114076,-0.179603,-0.007505,-0.122077,-0.234721
2026-05-25 15:49:43.686,158.599849,0.000000,0.000000,0.000000,-0.100911,-0.093881,-0.252134,0.057866,-0.086967,-0.250864,-0.021523,-0.090424,-0.251499,0.001278,-0.111937,-0.179475,-0.007505,-0.122077,-0.234721
2026-05-25 15:49:43.786,158.699849,0.000000,0.000000,0.000000,-0.100789,-0.094956,-0.252082,0.057866,-0.086967,-0.250864,-0.021462,-0.090962,-0.251473,0.001238,-0.113006,-0.179539,-0.007479,-0.120994,-0.234747
2026-05-25 15:49:43.886,158.799849,0.000000,0.000000,0.000000,-0.100789,-0.094956,-0.252082,0.057736,-0.088063,-0.250814,-0.021527,-0.091509,-0.251448,0.001238,-0.113006,-0.179539,-0.007492,-0.121535,-0.234734
2026-05-25 15:49:43.986,158.899848,0.000000,0.000000,0.000000,-0.100789,-0.094956,-0.252082,0.057866,-0.086967,-0.250864,-0.021462,-0.090962,-0.251473,0.001198,-0.114076,-0.179603,-0.007505,-0.122077,-0.234721
2026-05-25 15:49:44.086,158.999848,0.000000,0.000000,0.000000,-0.100789,-0.094956,-0.252082,0.057996,-0.085871,-0.250915,-0.021397,-0.090414,-0.251499,0.001238,-0.113006,-0.179539,-0.007505,-0.122077,-0.234721
2026-05-25 15:49:44.186,159.099848,0.000000,0.000000,0.000000,-0.100789,-0.094956,-0.252082,0.057866,-0.086967,-0.250864,-0.021462,-0.090962,-0.251473,0.001238,-0.113006,-0.179539,-0.007505,-0.122077,-0.234721
2026-05-25 15:49:44.286,159.199848,0.000000,0.000000,0.000000,-0.100789,-0.094956,-0.252082,0.057866,-0.086967,-0.250864,-0.021462,-0.090962,-0.251473,0.001198,-0.114076,-0.179603,-0.007505,-0.122077,-0.234721
2026-05-25 15:49:44.386,159.299848,0.000000,0.000000,0.000000,-0.100789,-0.094956,-0.252082,0.057866,-0.086967,-0.250864,-0.021462,-0.090962,-0.251473,0.001223,-0.113656,-0.178859,-0.007505,-0.122077,-0.234721
2026-05-25 15:49:44.486,159.399848,0.000000,0.000000,0.000000,-0.100789,-0.094956,-0.252082,0.057866,-0.086967,-0.250864,-0.021462,-0.090962,-0.251473,0.001198,-0.114076,-0.179603,-0.007505,-0.122077,-0.234721
2026-05-25 15:49:44.586,159.499848,0.000000,0.000000,0.000000,-0.100789,-0.094956,-0.252082,0.057866,-0.086967,-0.250864,-0.021462,-0.090962,-0.251473,0.001238,-0.113006,-0.179539,-0.007505,-0.122077,-0.234721
2026-05-25 15:49:44.686,159.599848,0.000000,0.000000,0.000000,-0.100789,-0.094956,-0.252082,0.057866,-0.086967,-0.250864,-0.021462,-0.090962,-0.251473,0.001238,-0.113006,-0.179539,-0.007505,-0.122077,-0.234721
2026-05-25 15:49:44.786,159.699848,0.000000,0.000000,0.000000,-0.100789,-0.094956,-0.252082,0.057736,-0.088063,-0.250814,-0.021527,-0.091509,-0.251448,0.001198,-0.114076,-0.179603,-0.007505,-0.122077,-0.234721
2026-05-25 15:49:44.886,159.799848,0.000000,0.000000,0.000000,-0.100789,-0.094956,-0.252082,0.057866,-0.086967,-0.250864,-0.021462,-0.090962,-0.251473,0.001244,-0.113121,-0.178827,-0.007505,-0.122077,-0.234721
2026-05-25 15:49:44.986,159.899848,0.000000,0.000000,0.000000,-0.100789,-0.094956,-0.252082,0.057866,-0.086967,-0.250864,-0.021462,-0.090962,-0.251473,0.001238,-0.113006,-0.179539,-0.007505,-0.122077,-0.234721
2026-05-25 15:49:45.086,159.999847,0.000000,0.000000,0.000000,-0.100789,-0.094956,-0.252082,0.057866,-0.086967,-0.250864,-0.021462,-0.090962,-0.251473,0.001198,-0.114076,-0.179603,-0.007505,-0.122077,-0.234721
2026-05-25 15:49:45.186,160.099847,0.000000,0.000000,0.000000,-0.100789,-0.094956,-0.252082,0.057866,-0.086967,-0.250864,-0.021462,-0.090962,-0.251473,0.001203,-0.114190,-0.178892,-0.007505,-0.122077,-0.234721
2026-05-25 15:49:45.286,160.199847,0.000000,0.000000,0.000000,-0.100789,-0.094956,-0.252082,0.057996,-0.085871,-0.250915,-0.021397,-0.090414,-0.251499,0.001238,-0.113006,-0.179539,-0.007505,-0.122077,-0.234721
2026-05-25 15:49:45.386,160.299847,0.000000,0.000000,0.000000,-0.100789,-0.094956,-0.252082,0.057866,-0.086967,-0.250864,-0.021462,-0.090962,-0.251473,0.001238,-0.113006,-0.179539,-0.007505,-0.122077,-0.234721
2026-05-25 15:49:45.486,160.399847,0.000000,0.000000,0.000000,-0.100789,-0.094956,-0.252082,0.057736,-0.088063,-0.250814,-0.021527,-0.091509,-0.251448,0.001244,-0.113121,-0.178827,-0.007505,-0.122077,-0.234721
2026-05-25 15:49:45.586,160.499847,0.000000,0.000000,0.000000,-0.100789,-0.094956,-0.252082,0.057866,-0.086967,-0.250864,-0.021462,-0.090962,-0.251473,0.001198,-0.114076,-0.179603,-0.007505,-0.122077,-0.234721
2026-05-25 15:49:45.686,160.599847,0.000000,0.000000,0.000000,-0.100789,-0.094956,-0.252082,0.057866,-0.086967,-0.250864,-0.021462,-0.090962,-0.251473,0.001238,-0.113006,-0.179539,-0.007505,-0.122077,-0.234721
2026-05-25 15:49:45.786,160.699847,0.000000,0.000000,0.000000,-0.100789,-0.094956,-0.252082,0.057866,-0.086967,-0.250864,-0.021462,-0.090962,-0.251473,0.001238,-0.113006,-0.179539,-0.007505,-0.122077,-0.234721
2026-05-25 15:49:45.886,160.799847,0.000000,0.000000,0.000000,-0.100789,-0.094956,-0.252082,0.057866,-0.086967,-0.250864,-0.021462,-0.090962,-0.251473,0.001238,-0.113006,-0.179539,-0.007532,-0.123160,-0.234695
2026-05-25 15:49:45.986,160.899847,0.000000,0.000000,0.000000,-0.100789,-0.094956,-0.252082,0.057866,-0.086967,-0.250864,-0.021462,-0.090962,-0.251473,0.001198,-0.114076,-0.179603,-0.007532,-0.123160,-0.234695
2026-05-25 15:49:46.086,160.999846,0.000000,0.000000,0.000000,-0.100911,-0.093881,-0.252134,0.057866,-0.086967,-0.250864,-0.021523,-0.090424,-0.251499,0.001198,-0.114076,-0.179603,-0.007505,-0.122077,-0.234721
2026-05-25 15:49:46.186,161.099846,0.000000,0.000000,0.000000,-0.100911,-0.093881,-0.252134,0.057866,-0.086967,-0.250864,-0.021523,-0.090424,-0.251499,0.001244,-0.113121,-0.178827,-0.007505,-0.122077,-0.234721
2026-05-25 15:49:46.286,161.199846,0.000000,0.000000,0.000000,-0.100789,-0.094956,-0.252082,0.057736,-0.088063,-0.250814,-0.021527,-0.091509,-0.251448,0.001238,-0.113006,-0.179539,-0.007505,-0.122077,-0.234721
2026-05-25 15:49:46.386,161.299846,0.000000,0.000000,0.000000,-0.100789,-0.094956,-0.252082,0.057866,-0.086967,-0.250864,-0.021462,-0.090962,-0.251473,0.001198,-0.114076,-0.179603,-0.007532,-0.123160,-0.234695
2026-05-25 15:49:46.486,161.399846,0.000000,0.000000,0.000000,-0.100789,-0.094956,-0.252082,0.057866,-0.086967,-0.250864,-0.021462,-0.090962,-0.251473,0.001198,-0.114076,-0.179603,-0.007505,-0.122077,-0.234721
2026-05-25 15:49:46.586,161.499846,0.000000,0.000000,0.000000,-0.100789,-0.094956,-0.252082,0.057736,-0.088063,-0.250814,-0.021527,-0.091509,-0.251448,0.001258,-0.112472,-0.179507,-0.007505,-0.122077,-0.234721
2026-05-25 15:49:46.686,161.599846,0.000000,0.000000,0.000000,-0.100789,-0.094956,-0.252082,0.057866,-0.086967,-0.250864,-0.021462,-0.090962,-0.251473,0.001238,-0.113006,-0.179539,-0.007505,-0.122077,-0.234721
2026-05-25 15:49:46.786,161.699846,0.000000,0.000000,0.000000,-0.100789,-0.094956,-0.252082,0.057866,-0.086967,-0.250864,-0.021462,-0.090962,-0.251473,0.001238,-0.113006,-0.179539,-0.007505,-0.122077,-0.234721
2026-05-25 15:49:46.886,161.799846,0.000000,0.000000,0.000000,-0.100789,-0.094956,-0.252082,0.057866,-0.086967,-0.250864,-0.021462,-0.090962,-0.251473,0.001198,-0.114076,-0.179603,-0.007505,-0.122077,-0.234721
2026-05-25 15:49:46.986,161.899846,0.000000,0.000000,0.000000,-0.100789,-0.094956,-0.252082,0.057866,-0.086967,-0.250864,-0.021462,-0.090962,-0.251473,0.001238,-0.113006,-0.179539,-0.007505,-0.122077,-0.234721
2026-05-25 15:49:47.086,161.999846,0.000000,0.000000,0.000000,-0.100911,-0.093881,-0.252134,0.057866,-0.086967,-0.250864,-0.021523,-0.090424,-0.251499,0.001198,-0.114076,-0.179603,-0.007532,-0.123160,-0.234695
2026-05-25 15:49:47.186,162.099845,0.000000,0.000000,0.000000,-0.100789,-0.094956,-0.252082,0.057736,-0.088063,-0.250814,-0.021527,-0.091509,-0.251448,0.001238,-0.113006,-0.179539,-0.007505,-0.122077,-0.234721
2026-05-25 15:49:47.286,162.199845,0.000000,0.000000,0.000000,-0.100911,-0.093881,-0.252134,0.057866,-0.086967,-0.250864,-0.021523,-0.090424,-0.251499,0.001203,-0.114190,-0.178892,-0.007505,-0.122077,-0.234721
2026-05-25 15:49:47.386,162.299845,0.000000,0.000000,0.000000,-0.100789,-0.094956,-0.252082,0.057736,-0.088063,-0.250814,-0.021527,-0.091509,-0.251448,0.001238,-0.113006,-0.179539,-0.007505,-0.122077,-0.234721
2026-05-25 15:49:47.486,162.399845,0.000000,0.000000,0.000000,-0.100789,-0.094956,-0.252082,0.057866,-0.086967,-0.250864,-0.021462,-0.090962,-0.251473,0.001198,-0.114076,-0.179603,-0.007505,-0.122077,-0.234721
2026-05-25 15:49:47.586,162.499845,0.000000,0.000000,0.000000,-0.100667,-0.096031,-0.252030,0.057866,-0.086967,-0.250864,-0.021401,-0.091499,-0.251447,0.001203,-0.114190,-0.178892,-0.007479,-0.120994,-0.234747
2026-05-25 15:49:47.686,162.599845,0.000000,0.000000,0.000000,-0.100911,-0.093881,-0.252134,0.057866,-0.086967,-0.250864,-0.021523,-0.090424,-0.251499,0.001198,-0.114076,-0.179603,-0.007505,-0.122077,-0.234721
2026-05-25 15:49:47.786,162.699845,0.000000,0.000000,0.000000,-0.100911,-0.093881,-0.252134,0.057866,-0.086967,-0.250864,-0.021523,-0.090424,-0.251499,0.001198,-0.114076,-0.179603,-0.007505,-0.122077,-0.234721
2026-05-25 15:49:47.886,162.799845,0.000000,0.000000,0.000000,-0.100789,-0.094956,-0.252082,0.057866,-0.086967,-0.250864,-0.021462,-0.090962,-0.251473,0.001238,-0.113006,-0.179539,-0.007505,-0.122077,-0.234721
2026-05-25 15:49:47.986,162.899845,0.000000,0.000000,0.000000,-0.100789,-0.094956,-0.252082,0.057866,-0.086967,-0.250864,-0.021462,-0.090962,-0.251473,0.001198,-0.114076,-0.179603,-0.007479,-0.120994,-0.234747
2026-05-25 15:49:48.086,162.999845,0.000000,0.000000,0.000000,-0.100789,-0.094956,-0.252082,0.057866,-0.086967,-0.250864,-0.021462,-0.090962,-0.251473,0.001198,-0.114076,-0.179603,-0.007505,-0.122077,-0.234721
2026-05-25 15:49:48.186,163.099844,0.000000,0.000000,0.000000,-0.100789,-0.094956,-0.252082,0.057866,-0.086967,-0.250864,-0.021462,-0.090962,-0.251473,0.001203,-0.114190,-0.178892,-0.007505,-0.122077,-0.234721
2026-05-25 15:49:48.286,163.199844,0.000000,0.000000,0.000000,-0.100789,-0.094956,-0.252082,0.057736,-0.088063,-0.250814,-0.021527,-0.091509,-0.251448,0.001158,-0.115146,-0.179667,-0.007505,-0.122077,-0.234721
2026-05-25 15:49:48.386,163.299844,0.000000,0.000000,0.000000,-0.100667,-0.096031,-0.252030,0.057866,-0.086967,-0.250864,-0.021401,-0.091499,-0.251447,0.001198,-0.114076,-0.179603,-0.007505,-0.122077,-0.234721
2026-05-25 15:49:48.486,163.399844,0.000000,0.000000,0.000000,-0.100789,-0.094956,-0.252082,0.057866,-0.086967,-0.250864,-0.021462,-0.090962,-0.251473,0.001198,-0.114076,-0.179603,-0.007505,-0.122077,-0.234721
2026-05-25 15:49:48.586,163.499844,0.000000,0.000000,0.000000,-0.100789,-0.094956,-0.252082,0.057866,-0.086967,-0.250864,-0.021462,-0.090962,-0.251473,0.000481,-0.114137,-0.179607,-0.007505,-0.122077,-0.234721
2026-05-25 15:49:48.686,163.599844,0.000000,0.000000,0.000000,-0.100789,-0.094956,-0.252082,0.057866,-0.086967,-0.250864,-0.021462,-0.090962,-0.251473,0.000437,-0.115092,-0.180382,-0.007505,-0.122077,-0.234721
2026-05-25 15:49:48.786,163.699844,0.000000,0.000000,0.000000,-0.100789,-0.094956,-0.252082,0.057866,-0.086967,-0.250864,-0.021462,-0.090962,-0.251473,-0.000322,-0.116109,-0.181158,-0.007479,-0.120994,-0.234747
2026-05-25 15:49:48.886,163.799844,0.000000,0.000000,0.000000,-0.100789,-0.094956,-0.252082,0.057866,-0.086967,-0.250864,-0.021462,-0.090962,-0.251473,-0.001000,-0.115099,-0.181100,-0.007505,-0.122077,-0.234721
2026-05-25 15:49:48.986,163.899844,0.000000,0.000000,0.000000,-0.100789,-0.094956,-0.252082,0.057866,-0.086967,-0.250864,-0.021462,-0.090962,-0.251473,-0.001721,-0.115046,-0.181814,-0.007505,-0.122077,-0.234721
2026-05-25 15:49:49.086,163.999844,0.000000,0.000000,0.000000,-0.100789,-0.094956,-0.252082,0.057736,-0.088063,-0.250814,-0.021527,-0.091509,-0.251448,-0.001762,-0.116002,-0.182584,-0.007505,-0.122077,-0.234721
2026-05-25 15:49:49.186,164.099844,0.000000,0.000000,0.000000,-0.100789,-0.094956,-0.252082,0.057866,-0.086967,-0.250864,-0.021462,-0.090962,-0.251473,-0.002481,-0.115948,-0.183297,-0.007505,-0.122077,-0.234721
2026-05-25 15:49:49.286,164.199843,0.000000,0.000000,0.000000,-0.100789,-0.094956,-0.252082,0.057866,-0.086967,-0.250864,-0.021462,-0.090962,-0.251473,-0.003168,-0.114824,-0.183952,-0.007479,-0.120994,-0.234747
2026-05-25 15:49:49.386,164.299843,0.000000,0.000000,0.000000,-0.100789,-0.094956,-0.252082,0.057866,-0.086967,-0.250864,-0.021462,-0.090962,-0.251473,-0.003173,-0.114710,-0.184662,-0.007505,-0.122077,-0.234721
2026-05-25 15:49:49.486,164.399843,0.000000,0.000000,0.000000,-0.100789,-0.094956,-0.252082,0.057866,-0.086967,-0.250864,-0.021462,-0.090962,-0.251473,-0.003889,-0.114771,-0.184666,-0.007511,-0.121965,-0.235415
2026-05-25 15:49:49.586,164.499843,0.000000,0.000000,0.000000,-0.100911,-0.093881,-0.252134,0.057866,-0.086967,-0.250864,-0.021523,-0.090424,-0.251499,-0.003894,-0.114657,-0.185376,-0.007505,-0.122077,-0.234721
2026-05-25 15:49:49.686,164.599843,0.000000,0.000000,0.000000,-0.100789,-0.094956,-0.252082,0.057736,-0.088063,-0.250814,-0.021527,-0.091509,-0.251448,-0.004609,-0.114717,-0.185381,-0.007537,-0.123049,-0.235388
2026-05-25 15:49:49.786,164.699843,0.000000,0.000000,0.000000,-0.100911,-0.093881,-0.252134,0.057866,-0.086967,-0.250864,-0.021523,-0.090424,-0.251499,-0.004646,-0.115674,-0.186144,-0.008210,-0.122024,-0.235419
2026-05-25 15:49:49.886,164.799843,0.000000,0.000000,0.000000,-0.100789,-0.094956,-0.252082,0.057866,-0.086967,-0.250864,-0.021462,-0.090962,-0.251473,-0.005390,-0.116805,-0.186202,-0.008210,-0.122024,-0.235419
2026-05-25 15:49:49.986,164.899843,0.000000,0.000000,0.000000,-0.100789,-0.094956,-0.252082,0.057866,-0.086967,-0.250864,-0.021462,-0.090962,-0.251473,-0.005395,-0.116691,-0.186910,-0.008235,-0.123108,-0.235392
2026-05-25 15:49:50.086,164.999843,0.000000,0.000000,0.000000,-0.100789,-0.094956,-0.252082,0.057866,-0.086967,-0.250864,-0.021462,-0.090962,-0.251473,-0.005425,-0.117762,-0.186963,-0.008235,-0.123108,-0.235392
2026-05-25 15:49:50.186,165.099843,0.000000,0.000000,0.000000,-0.100789,-0.094956,-0.252082,0.057866,-0.086967,-0.250864,-0.021462,-0.090962,-0.251473,-0.005395,-0.116691,-0.186910,-0.008235,-0.123108,-0.235392
2026-05-25 15:49:50.286,165.199842,0.000000,0.000000,0.000000,-0.100789,-0.094956,-0.252082,0.057866,-0.086967,-0.250864,-0.021462,-0.090962,-0.251473,-0.005395,-0.116691,-0.186910,-0.008235,-0.123108,-0.235392
2026-05-25 15:49:50.386,165.299842,0.000000,0.000000,0.000000,-0.100789,-0.094956,-0.252082,0.057866,-0.086967,-0.250864,-0.021462,-0.090962,-0.251473,-0.005395,-0.116691,-0.186910,-0.008210,-0.122024,-0.235419
2026-05-25 15:49:50.486,165.399842,0.000000,0.000000,0.000000,-0.100789,-0.094956,-0.252082,0.057866,-0.086967,-0.250864,-0.021462,-0.090962,-0.251473,-0.005395,-0.116691,-0.186910,-0.008235,-0.123108,-0.235392
2026-05-25 15:49:50.586,165.499842,0.000000,0.000000,0.000000,-0.100911,-0.093881,-0.252134,0.057866,-0.086967,-0.250864,-0.021523,-0.090424,-0.251499,-0.005395,-0.116691,-0.186910,-0.008235,-0.123108,-0.235392
2026-05-25 15:49:50.686,165.599842,0.000000,0.000000,0.000000,-0.100911,-0.093881,-0.252134,0.057866,-0.086967,-0.250864,-0.021523,-0.090424,-0.251499,-0.005425,-0.117762,-0.186963,-0.008235,-0.123108,-0.235392
2026-05-25 15:49:50.786,165.699842,0.000000,0.000000,0.000000,-0.100911,-0.093881,-0.252134,0.057736,-0.088063,-0.250814,-0.021588,-0.090972,-0.251474,-0.005395,-0.116691,-0.186910,-0.008235,-0.123108,-0.235392
2026-05-25 15:49:50.886,165.799842,0.000000,0.000000,0.000000,-0.100911,-0.093881,-0.252134,0.057866,-0.086967,-0.250864,-0.021523,-0.090424,-0.251499,-0.005395,-0.116691,-0.186910,-0.008235,-0.123108,-0.235392
2026-05-25 15:49:50.986,165.899842,0.000000,0.000000,0.000000,-0.100789,-0.094956,-0.252082,0.057866,-0.086967,-0.250864,-0.021462,-0.090962,-0.251473,-0.005395,-0.116691,-0.186910,-0.008235,-0.123108,-0.235392
2026-05-25 15:49:51.086,165.999842,0.000000,0.000000,0.000000,-0.100789,-0.094956,-0.252082,0.057736,-0.088063,-0.250814,-0.021527,-0.091509,-0.251448,-0.005395,-0.116691,-0.186910,-0.008235,-0.123108,-0.235392
2026-05-25 15:49:51.186,166.099842,0.000000,0.000000,0.000000,-0.100911,-0.093881,-0.252134,0.057866,-0.086967,-0.250864,-0.021523,-0.090424,-0.251499,-0.005395,-0.116691,-0.186910,-0.008210,-0.122024,-0.235419
2026-05-25 15:49:51.286,166.199841,0.000000,0.000000,0.000000,-0.100789,-0.094956,-0.252082,0.057736,-0.088063,-0.250814,-0.021527,-0.091509,-0.251448,-0.005395,-0.116691,-0.186910,-0.008210,-0.122024,-0.235419
2026-05-25 15:49:51.386,166.299841,0.000000,0.000000,0.000000,-0.100789,-0.094956,-0.252082,0.057866,-0.086967,-0.250864,-0.021462,-0.090962,-0.251473,-0.005365,-0.115620,-0.186857,-0.008235,-0.123108,-0.235392
2026-05-25 15:49:51.486,166.399841,0.000000,0.000000,0.000000,-0.100789,-0.094956,-0.252082,0.057866,-0.086967,-0.250864,-0.021462,-0.090962,-0.251473,-0.005395,-0.116691,-0.186910,-0.008210,-0.122024,-0.235419
2026-05-25 15:49:51.586,166.499841,0.000000,0.000000,0.000000,-0.100789,-0.094956,-0.252082,0.057866,-0.086967,-0.250864,-0.021462,-0.090962,-0.251473,-0.005395,-0.116691,-0.186910,-0.008235,-0.123108,-0.235392
2026-05-25 15:49:51.686,166.599841,0.000000,0.000000,0.000000,-0.100789,-0.094956,-0.252082,0.057866,-0.086967,-0.250864,-0.021462,-0.090962,-0.251473,-0.005395,-0.116691,-0.186910,-0.008235,-0.123108,-0.235392
2026-05-25 15:49:51.786,166.699841,0.000000,0.000000,0.000000,-0.100789,-0.094956,-0.252082,0.057866,-0.086967,-0.250864,-0.021462,-0.090962,-0.251473,-0.005395,-0.116691,-0.186910,-0.008210,-0.122024,-0.235419
2026-05-25 15:49:51.886,166.799841,0.000000,0.000000,0.000000,-0.100789,-0.094956,-0.252082,0.057736,-0.088063,-0.250814,-0.021527,-0.091509,-0.251448,-0.005395,-0.116691,-0.186910,-0.008210,-0.122024,-0.235419
2026-05-25 15:49:51.986,166.899841,0.000000,0.000000,0.000000,-0.100911,-0.093881,-0.252134,0.057736,-0.088063,-0.250814,-0.021588,-0.090972,-0.251474,-0.005395,-0.116691,-0.186910,-0.008210,-0.122024,-0.235419
2026-05-25 15:49:52.086,166.999841,0.000000,0.000000,0.000000,-0.100789,-0.094956,-0.252082,0.057866,-0.086967,-0.250864,-0.021462,-0.090962,-0.251473,-0.005395,-0.116691,-0.186910,-0.008210,-0.122024,-0.235419
2026-05-25 15:49:52.186,167.099841,0.000000,0.000000,0.000000,-0.100667,-0.096031,-0.252030,0.057866,-0.086967,-0.250864,-0.021401,-0.091499,-0.251447,-0.005365,-0.115620,-0.186857,-0.008235,-0.123108,-0.235392
2026-05-25 15:49:52.286,167.199841,0.000000,0.000000,0.000000,-0.100911,-0.093881,-0.252134,0.057736,-0.088063,-0.250814,-0.021588,-0.090972,-0.251474,-0.005395,-0.116691,-0.186910,-0.008235,-0.123108,-0.235392
2026-05-25 15:49:52.386,167.299840,0.000000,0.000000,0.000000,-0.100789,-0.094956,-0.252082,0.057736,-0.088063,-0.250814,-0.021527,-0.091509,-0.251448,-0.005395,-0.116691,-0.186910,-0.008235,-0.123108,-0.235392
2026-05-25 15:49:52.486,167.399840,0.000000,0.000000,0.000000,-0.100789,-0.094956,-0.252082,0.057736,-0.088063,-0.250814,-0.021527,-0.091509,-0.251448,-0.005395,-0.116691,-0.186910,-0.008235,-0.123108,-0.235392
2026-05-25 15:49:52.586,167.499840,0.000000,0.000000,0.000000,-0.100789,-0.094956,-0.252082,0.057866,-0.086967,-0.250864,-0.021462,-0.090962,-0.251473,-0.005365,-0.115620,-0.186857,-0.008210,-0.122024,-0.235419
2026-05-25 15:49:52.686,167.599840,0.000000,0.000000,0.000000,-0.100789,-0.094956,-0.252082,0.057736,-0.088063,-0.250814,-0.021527,-0.091509,-0.251448,-0.005365,-0.115620,-0.186857,-0.008210,-0.122024,-0.235419
2026-05-25 15:49:52.786,167.699840,0.000000,0.000000,0.000000,-0.100667,-0.096031,-0.252030,0.057866,-0.086967,-0.250864,-0.021401,-0.091499,-0.251447,-0.005365,-0.115620,-0.186857,-0.008235,-0.123108,-0.235392
2026-05-25 15:49:52.886,167.799840,0.000000,0.000000,0.000000,-0.100789,-0.094956,-0.252082,0.057736,-0.088063,-0.250814,-0.021527,-0.091509,-0.251448,-0.005395,-0.116691,-0.186910,-0.008235,-0.123108,-0.235392
2026-05-25 15:49:52.986,167.899840,0.000000,0.000000,0.000000,-0.100789,-0.094956,-0.252082,0.057866,-0.086967,-0.250864,-0.021462,-0.090962,-0.251473,-0.005365,-0.115620,-0.186857,-0.008210,-0.122024,-0.235419
2026-05-25 15:49:53.086,167.999840,0.000000,0.000000,0.000000,-0.100789,-0.094956,-0.252082,0.057736,-0.088063,-0.250814,-0.021527,-0.091509,-0.251448,-0.005365,-0.115620,-0.186857,-0.008210,-0.122024,-0.235419
2026-05-25 15:49:53.186,168.099840,0.000000,0.000000,0.000000,-0.100911,-0.093881,-0.252134,0.057866,-0.086967,-0.250864,-0.021523,-0.090424,-0.251499,-0.005395,-0.116691,-0.186910,-0.008210,-0.122024,-0.235419
2026-05-25 15:49:53.286,168.199840,0.000000,0.000000,0.000000,-0.100789,-0.094956,-0.252082,0.057866,-0.086967,-0.250864,-0.021462,-0.090962,-0.251473,-0.005395,-0.116691,-0.186910,-0.008235,-0.123108,-0.235392
2026-05-25 15:49:53.386,168.299839,0.000000,0.000000,0.000000,-0.100789,-0.094956,-0.252082,0.057736,-0.088063,-0.250814,-0.021527,-0.091509,-0.251448,-0.005395,-0.116691,-0.186910,-0.008235,-0.123108,-0.235392
2026-05-25 15:49:53.486,168.399839,0.000000,0.000000,0.000000,-0.100789,-0.094956,-0.252082,0.057736,-0.088063,-0.250814,-0.021527,-0.091509,-0.251448,-0.005425,-0.117762,-0.186963,-0.008210,-0.122024,-0.235419
2026-05-25 15:49:53.586,168.499839,0.000000,0.000000,0.000000,-0.100789,-0.094956,-0.252082,0.057866,-0.086967,-0.250864,-0.021462,-0.090962,-0.251473,-0.005395,-0.116691,-0.186910,-0.008235,-0.123108,-0.235392
2026-05-25 15:49:53.686,168.599839,0.000000,0.000000,0.000000,-0.100911,-0.093881,-0.252134,0.057736,-0.088063,-0.250814,-0.021588,-0.090972,-0.251474,-0.005395,-0.116691,-0.186910,-0.008210,-0.122024,-0.235419
2026-05-25 15:49:53.786,168.699839,0.000000,0.000000,0.000000,-0.100911,-0.093881,-0.252134,0.057866,-0.086967,-0.250864,-0.021523,-0.090424,-0.251499,-0.005365,-0.115620,-0.186857,-0.008235,-0.123108,-0.235392
2026-05-25 15:49:53.886,168.799839,0.000000,0.000000,0.000000,-0.100789,-0.094956,-0.252082,0.057736,-0.088063,-0.250814,-0.021527,-0.091509,-0.251448,-0.005395,-0.116691,-0.186910,-0.008210,-0.122024,-0.235419
2026-05-25 15:49:53.986,168.899839,0.000000,0.000000,0.000000,-0.100789,-0.094956,-0.252082,0.057736,-0.088063,-0.250814,-0.021527,-0.091509,-0.251448,-0.005395,-0.116691,-0.186910,-0.008235,-0.123108,-0.235392
2026-05-25 15:49:54.086,168.999839,0.000000,0.000000,0.000000,-0.100789,-0.094956,-0.252082,0.057866,-0.086967,-0.250864,-0.021462,-0.090962,-0.251473,-0.005395,-0.116691,-0.186910,-0.008210,-0.122024,-0.235419
2026-05-25 15:49:54.186,169.099839,0.000000,0.000000,0.000000,-0.100789,-0.094956,-0.252082,0.057866,-0.086967,-0.250864,-0.021462,-0.090962,-0.251473,-0.005395,-0.116691,-0.186910,-0.008235,-0.123108,-0.235392
2026-05-25 15:49:54.286,169.199839,0.000000,0.000000,0.000000,-0.100911,-0.093881,-0.252134,0.057866,-0.086967,-0.250864,-0.021523,-0.090424,-0.251499,-0.005365,-0.115620,-0.186857,-0.008235,-0.123108,-0.235392
2026-05-25 15:49:54.386,169.299839,0.000000,0.000000,0.000000,-0.100789,-0.094956,-0.252082,0.057866,-0.086967,-0.250864,-0.021462,-0.090962,-0.251473,-0.005395,-0.116691,-0.186910,-0.008210,-0.122024,-0.235419
2026-05-25 15:49:54.486,169.399838,0.000000,0.000000,0.000000,-0.100789,-0.094956,-0.252082,0.057866,-0.086967,-0.250864,-0.021462,-0.090962,-0.251473,-0.005365,-0.115620,-0.186857,-0.008235,-0.123108,-0.235392
2026-05-25 15:49:54.586,169.499838,0.000000,0.000000,0.000000,-0.100789,-0.094956,-0.252082,0.057866,-0.086967,-0.250864,-0.021462,-0.090962,-0.251473,-0.005365,-0.115620,-0.186857,-0.008235,-0.123108,-0.235392
2026-05-25 15:49:54.686,169.599838,0.000000,0.000000,0.000000,-0.100911,-0.093881,-0.252134,0.057866,-0.086967,-0.250864,-0.021523,-0.090424,-0.251499,-0.005365,-0.115620,-0.186857,-0.008235,-0.123108,-0.235392
2026-05-25 15:49:54.786,169.699838,0.000000,0.000000,0.000000,-0.100911,-0.093881,-0.252134,0.057866,-0.086967,-0.250864,-0.021523,-0.090424,-0.251499,-0.006114,-0.116637,-0.187622,-0.008235,-0.123108,-0.235392
2026-05-25 15:49:54.886,169.799838,0.000000,0.000000,0.000000,-0.100789,-0.094956,-0.252082,0.057866,-0.086967,-0.250864,-0.021462,-0.090962,-0.251473,-0.006148,-0.117595,-0.188380,-0.008235,-0.123108,-0.235392
2026-05-25 15:49:54.986,169.899838,0.000000,0.000000,0.000000,-0.100789,-0.094956,-0.252082,0.057736,-0.088063,-0.250814,-0.021527,-0.091509,-0.251448,-0.006148,-0.117595,-0.188380,-0.008210,-0.122024,-0.235419
2026-05-25 15:49:55.086,169.999838,0.000000,0.000000,0.000000,-0.100789,-0.094956,-0.252082,0.057866,-0.086967,-0.250864,-0.021462,-0.090962,-0.251473,-0.006148,-0.117595,-0.188380,-0.008235,-0.123108,-0.235392
2026-05-25 15:49:55.186,170.099838,0.000000,0.000000,0.000000,-0.100911,-0.093881,-0.252134,0.057736,-0.088063,-0.250814,-0.021588,-0.090972,-0.251474,-0.006148,-0.117595,-0.188380,-0.008235,-0.123108,-0.235392
2026-05-25 15:49:55.286,170.199838,0.000000,0.000000,0.000000,-0.100911,-0.093881,-0.252134,0.057866,-0.086967,-0.250864,-0.021523,-0.090424,-0.251499,-0.006119,-0.116524,-0.188329,-0.008235,-0.123108,-0.235392
2026-05-25 15:49:55.386,170.299838,0.000000,0.000000,0.000000,-0.100789,-0.094956,-0.252082,0.057736,-0.088063,-0.250814,-0.021527,-0.091509,-0.251448,-0.006148,-0.117595,-0.188380,-0.008261,-0.124191,-0.235365
2026-05-25 15:49:55.486,170.399837,0.000000,0.000000,0.000000,-0.100789,-0.094956,-0.252082,0.057866,-0.086967,-0.250864,-0.021462,-0.090962,-0.251473,-0.006148,-0.117595,-0.188380,-0.008235,-0.123108,-0.235392
2026-05-25 15:49:55.586,170.499837,0.000000,0.000000,0.000000,-0.100911,-0.093881,-0.252134,0.057736,-0.088063,-0.250814,-0.021588,-0.090972,-0.251474,-0.006148,-0.117595,-0.188380,-0.008261,-0.124191,-0.235365
2026-05-25 15:49:55.686,170.599837,0.000000,0.000000,0.000000,-0.100789,-0.094956,-0.252082,0.057736,-0.088063,-0.250814,-0.021527,-0.091509,-0.251448,-0.006148,-0.117595,-0.188380,-0.008235,-0.123108,-0.235392
2026-05-25 15:49:55.786,170.699837,0.000000,0.000000,0.000000,-0.100789,-0.094956,-0.252082,0.057736,-0.088063,-0.250814,-0.021527,-0.091509,-0.251448,-0.006148,-0.117595,-0.188380,-0.008235,-0.123108,-0.235392
2026-05-25 15:49:55.886,170.799837,0.000000,0.000000,0.000000,-0.100789,-0.094956,-0.252082,0.057866,-0.086967,-0.250864,-0.021462,-0.090962,-0.251473,-0.006148,-0.117595,-0.188380,-0.008235,-0.123108,-0.235392
2026-05-25 15:49:55.986,170.899837,0.000000,0.000000,0.000000,-0.100789,-0.094956,-0.252082,0.057866,-0.086967,-0.250864,-0.021462,-0.090962,-0.251473,-0.006205,-0.119737,-0.188480,-0.008235,-0.123108,-0.235392
2026-05-25 15:49:56.086,170.999837,0.000000,0.000000,0.000000,-0.100789,-0.094956,-0.252082,0.057866,-0.086967,-0.250864,-0.021462,-0.090962,-0.251473,-0.006176,-0.118666,-0.188430,-0.008235,-0.123108,-0.235392
2026-05-25 15:49:56.186,171.099837,0.000000,0.000000,0.000000,-0.100789,-0.094956,-0.252082,0.057736,-0.088063,-0.250814,-0.021527,-0.091509,-0.251448,-0.006148,-0.117595,-0.188380,-0.008261,-0.124191,-0.235365
2026-05-25 15:49:56.286,171.199837,0.000000,0.000000,0.000000,-0.100789,-0.094956,-0.252082,0.057736,-0.088063,-0.250814,-0.021527,-0.091509,-0.251448,-0.006148,-0.117595,-0.188380,-0.008261,-0.124191,-0.235365
2026-05-25 15:49:56.386,171.299837,0.000000,0.000000,0.000000,-0.100789,-0.094956,-0.252082,0.057736,-0.088063,-0.250814,-0.021527,-0.091509,-0.251448,-0.006176,-0.118666,-0.188430,-0.008235,-0.123108,-0.235392
2026-05-25 15:49:56.486,171.399837,0.000000,0.000000,0.000000,-0.100789,-0.094956,-0.252082,0.057736,-0.088063,-0.250814,-0.021527,-0.091509,-0.251448,-0.006176,-0.118666,-0.188430,-0.008235,-0.123108,-0.235392
2026-05-25 15:49:56.586,171.499836,0.000000,0.000000,0.000000,-0.100911,-0.093881,-0.252134,0.057736,-0.088063,-0.250814,-0.021588,-0.090972,-0.251474,-0.006148,-0.117595,-0.188380,-0.008235,-0.123108,-0.235392
2026-05-25 15:49:56.686,171.599836,0.000000,0.000000,0.000000,-0.100911,-0.093881,-0.252134,0.057866,-0.086967,-0.250864,-0.021523,-0.090424,-0.251499,-0.006148,-0.117595,-0.188380,-0.008235,-0.123108,-0.235392
2026-05-25 15:49:56.786,171.699836,0.000000,0.000000,0.000000,-0.100789,-0.094956,-0.252082,0.057736,-0.088063,-0.250814,-0.021527,-0.091509,-0.251448,-0.006148,-0.117595,-0.188380,-0.008235,-0.123108,-0.235392
2026-05-25 15:49:56.886,171.799836,0.000000,0.000000,0.000000,-0.100789,-0.094956,-0.252082,0.057736,-0.088063,-0.250814,-0.021527,-0.091509,-0.251448,-0.006148,-0.117595,-0.188380,-0.008261,-0.124191,-0.235365
2026-05-25 15:49:56.986,171.899836,0.000000,0.000000,0.000000,-0.100911,-0.093881,-0.252134,0.057866,-0.086967,-0.250864,-0.021523,-0.090424,-0.251499,-0.006148,-0.117595,-0.188380,-0.008235,-0.123108,-0.235392
2026-05-25 15:49:57.086,171.999836,0.000000,0.000000,0.000000,-0.100911,-0.093881,-0.252134,0.057736,-0.088063,-0.250814,-0.021588,-0.090972,-0.251474,-0.006148,-0.117595,-0.188380,-0.008261,-0.124191,-0.235365
2026-05-25 15:49:57.186,172.099836,0.000000,0.000000,0.000000,-0.100911,-0.093881,-0.252134,0.057736,-0.088063,-0.250814,-0.021588,-0.090972,-0.251474,-0.006148,-0.117595,-0.188380,-0.008235,-0.123108,-0.235392
2026-05-25 15:49:57.286,172.199836,0.000000,0.000000,0.000000,-0.100789,-0.094956,-0.252082,0.057866,-0.086967,-0.250864,-0.021462,-0.090962,-0.251473,-0.006176,-0.118666,-0.188430,-0.008261,-0.124191,-0.235365
2026-05-25 15:49:57.386,172.299836,0.000000,0.000000,0.000000,-0.100911,-0.093881,-0.252134,0.057736,-0.088063,-0.250814,-0.021588,-0.090972,-0.251474,-0.006148,-0.117595,-0.188380,-0.008261,-0.124191,-0.235365
2026-05-25 15:49:57.486,172.399836,0.000000,0.000000,0.000000,-0.100789,-0.094956,-0.252082,0.057866,-0.086967,-0.250864,-0.021462,-0.090962,-0.251473,-0.006176,-0.118666,-0.188430,-0.008261,-0.124191,-0.235365
2026-05-25 15:49:57.586,172.499835,0.000000,0.000000,0.000000,-0.100789,-0.094956,-0.252082,0.057736,-0.088063,-0.250814,-0.021527,-0.091509,-0.251448,-0.006148,-0.117595,-0.188380,-0.008235,-0.123108,-0.235392
2026-05-25 15:49:57.686,172.599835,0.000000,0.000000,0.000000,-0.100911,-0.093881,-0.252134,0.057866,-0.086967,-0.250864,-0.021523,-0.090424,-0.251499,-0.006176,-0.118666,-0.188430,-0.008235,-0.123108,-0.235392
2026-05-25 15:49:57.786,172.699835,0.000000,0.000000,0.000000,-0.100911,-0.093881,-0.252134,0.057866,-0.086967,-0.250864,-0.021523,-0.090424,-0.251499,-0.006148,-0.117595,-0.188380,-0.008235,-0.123108,-0.235392
2026-05-25 15:49:57.886,172.799835,0.000000,0.000000,0.000000,-0.100789,-0.094956,-0.252082,0.057866,-0.086967,-0.250864,-0.021462,-0.090962,-0.251473,-0.006148,-0.117595,-0.188380,-0.008235,-0.123108,-0.235392
2026-05-25 15:49:57.986,172.899835,0.000000,0.000000,0.000000,-0.100789,-0.094956,-0.252082,0.057866,-0.086967,-0.250864,-0.021462,-0.090962,-0.251473,-0.006148,-0.117595,-0.188380,-0.008235,-0.123108,-0.235392
2026-05-25 15:49:58.086,172.999835,0.000000,0.000000,0.000000,-0.100789,-0.094956,-0.252082,0.057736,-0.088063,-0.250814,-0.021527,-0.091509,-0.251448,-0.006176,-0.118666,-0.188430,-0.008235,-0.123108,-0.235392
2026-05-25 15:49:58.186,173.099835,0.000000,0.000000,0.000000,-0.100789,-0.094956,-0.252082,0.057866,-0.086967,-0.250864,-0.021462,-0.090962,-0.251473,-0.006176,-0.118666,-0.188430,-0.008261,-0.124191,-0.235365
2026-05-25 15:49:58.286,173.199835,0.000000,0.000000,0.000000,-0.100789,-0.094956,-0.252082,0.057736,-0.088063,-0.250814,-0.021527,-0.091509,-0.251448,-0.006176,-0.118666,-0.188430,-0.008261,-0.124191,-0.235365
2026-05-25 15:49:58.386,173.299835,0.000000,0.000000,0.000000,-0.100911,-0.093881,-0.252134,0.057736,-0.088063,-0.250814,-0.021588,-0.090972,-0.251474,-0.006148,-0.117595,-0.188380,-0.008261,-0.124191,-0.235365
2026-05-25 15:49:58.486,173.399835,0.000000,0.000000,0.000000,-0.100911,-0.093881,-0.252134,0.057866,-0.086967,-0.250864,-0.021523,-0.090424,-0.251499,-0.006148,-0.117595,-0.188380,-0.008235,-0.123108,-0.235392
2026-05-25 15:49:58.586,173.499835,0.000000,0.000000,0.000000,-0.100911,-0.093881,-0.252134,0.057736,-0.088063,-0.250814,-0.021588,-0.090972,-0.251474,-0.006148,-0.117595,-0.188380,-0.008261,-0.124191,-0.235365
2026-05-25 15:49:58.686,173.599834,0.000000,0.000000,0.000000,-0.100789,-0.094956,-0.252082,0.057866,-0.086967,-0.250864,-0.021462,-0.090962,-0.251473,-0.006148,-0.117595,-0.188380,-0.008261,-0.124191,-0.235365
2026-05-25 15:49:58.786,173.699834,0.000000,0.000000,0.000000,-0.100789,-0.094956,-0.252082,0.057736,-0.088063,-0.250814,-0.021527,-0.091509,-0.251448,-0.006148,-0.117595,-0.188380,-0.008235,-0.123108,-0.235392
2026-05-25 15:49:58.886,173.799834,0.000000,0.000000,0.000000,-0.100789,-0.094956,-0.252082,0.057736,-0.088063,-0.250814,-0.021527,-0.091509,-0.251448,-0.006148,-0.117595,-0.188380,-0.008261,-0.124191,-0.235365
2026-05-25 15:49:58.986,173.899834,0.000000,0.000000,0.000000,-0.100911,-0.093881,-0.252134,0.057866,-0.086967,-0.250864,-0.021523,-0.090424,-0.251499,-0.006148,-0.117595,-0.188380,-0.008261,-0.124191,-0.235365
2026-05-25 15:49:59.086,173.999834,0.000000,0.000000,0.000000,-0.100789,-0.094956,-0.252082,0.057866,-0.086967,-0.250864,-0.021462,-0.090962,-0.251473,-0.006148,-0.117595,-0.188380,-0.008261,-0.124191,-0.235365
2026-05-25 15:49:59.186,174.099834,0.000000,0.000000,0.000000,-0.100789,-0.094956,-0.252082,0.057736,-0.088063,-0.250814,-0.021527,-0.091509,-0.251448,-0.006148,-0.117595,-0.188380,-0.008261,-0.124191,-0.235365
2026-05-25 15:49:59.286,174.199834,0.000000,0.000000,0.000000,-0.100911,-0.093881,-0.252134,0.057736,-0.088063,-0.250814,-0.021588,-0.090972,-0.251474,-0.006148,-0.117595,-0.188380,-0.008261,-0.124191,-0.235365
2026-05-25 15:49:59.386,174.299834,0.000000,0.000000,0.000000,-0.100789,-0.094956,-0.252082,0.057736,-0.088063,-0.250814,-0.021527,-0.091509,-0.251448,-0.006148,-0.117595,-0.188380,-0.008261,-0.124191,-0.235365
2026-05-25 15:49:59.486,174.399834,0.000000,0.000000,0.000000,-0.100789,-0.094956,-0.252082,0.057866,-0.086967,-0.250864,-0.021462,-0.090962,-0.251473,-0.006148,-0.117595,-0.188380,-0.008261,-0.124191,-0.235365
2026-05-25 15:49:59.586,174.499834,0.000000,0.000000,0.000000,-0.100789,-0.094956,-0.252082,0.057866,-0.086967,-0.250864,-0.021462,-0.090962,-0.251473,-0.006148,-0.117595,-0.188380,-0.008235,-0.123108,-0.235392
2026-05-25 15:49:59.686,174.599833,0.000000,0.000000,0.000000,-0.100911,-0.093881,-0.252134,0.057866,-0.086967,-0.250864,-0.021523,-0.090424,-0.251499,-0.006176,-0.118666,-0.188430,-0.008261,-0.124191,-0.235365
2026-05-25 15:49:59.786,174.699833,0.000000,0.000000,0.000000,-0.100789,-0.094956,-0.252082,0.057736,-0.088063,-0.250814,-0.021527,-0.091509,-0.251448,-0.006119,-0.116524,-0.188329,-0.008235,-0.123108,-0.235392
2026-05-25 15:49:59.886,174.799833,0.000000,0.000000,0.000000,-0.100789,-0.094956,-0.252082,0.057866,-0.086967,-0.250864,-0.021462,-0.090962,-0.251473,-0.006148,-0.117595,-0.188380,-0.008261,-0.124191,-0.235365
2026-05-25 15:49:59.986,174.899833,0.000000,0.000000,0.000000,-0.100911,-0.093881,-0.252134,0.057866,-0.086967,-0.250864,-0.021523,-0.090424,-0.251499,-0.006148,-0.117595,-0.188380,-0.008261,-0.124191,-0.235365
2026-05-25 15:50:00.086,174.999833,0.000000,0.000000,0.000000,-0.100789,-0.094956,-0.252082,0.057736,-0.088063,-0.250814,-0.021527,-0.091509,-0.251448,-0.006148,-0.117595,-0.188380,-0.008235,-0.123108,-0.235392
2026-05-25 15:50:00.186,175.099833,0.000000,0.000000,0.000000,-0.100789,-0.094956,-0.252082,0.057866,-0.086967,-0.250864,-0.021462,-0.090962,-0.251473,-0.006148,-0.117595,-0.188380,-0.008235,-0.123108,-0.235392
2026-05-25 15:50:00.286,175.199833,0.000000,0.000000,0.000000,-0.100789,-0.094956,-0.252082,0.057736,-0.088063,-0.250814,-0.021527,-0.091509,-0.251448,-0.006148,-0.117595,-0.188380,-0.008235,-0.123108,-0.235392
2026-05-25 15:50:00.386,175.299833,0.000000,0.000000,0.000000,-0.100911,-0.093881,-0.252134,0.057866,-0.086967,-0.250864,-0.021523,-0.090424,-0.251499,-0.006119,-0.116524,-0.188329,-0.008235,-0.123108,-0.235392
2026-05-25 15:50:00.486,175.399833,0.000000,0.000000,0.000000,-0.100789,-0.094956,-0.252082,0.057736,-0.088063,-0.250814,-0.021527,-0.091509,-0.251448,-0.006148,-0.117595,-0.188380,-0.008261,-0.124191,-0.235365
2026-05-25 15:50:00.586,175.499833,0.000000,0.000000,0.000000,-0.100789,-0.094956,-0.252082,0.057736,-0.088063,-0.250814,-0.021527,-0.091509,-0.251448,-0.006148,-0.117595,-0.188380,-0.008235,-0.123108,-0.235392
2026-05-25 15:50:00.686,175.599833,0.000000,0.000000,0.000000,-0.100667,-0.096031,-0.252030,0.057866,-0.086967,-0.250864,-0.021401,-0.091499,-0.251447,-0.006148,-0.117595,-0.188380,-0.008235,-0.123108,-0.235392
2026-05-25 15:50:00.786,175.699832,0.000000,0.000000,0.000000,-0.100789,-0.094956,-0.252082,0.057736,-0.088063,-0.250814,-0.021527,-0.091509,-0.251448,-0.006148,-0.117595,-0.188380,-0.008235,-0.123108,-0.235392
2026-05-25 15:50:00.886,175.799832,0.000000,0.000000,0.000000,-0.100789,-0.094956,-0.252082,0.057866,-0.086967,-0.250864,-0.021462,-0.090962,-0.251473,-0.006865,-0.117541,-0.189090,-0.008235,-0.123108,-0.235392
2026-05-25 15:50:00.986,175.899832,0.000000,0.000000,0.000000,-0.100789,-0.094956,-0.252082,0.057736,-0.088063,-0.250814,-0.021527,-0.091509,-0.251448,-0.006865,-0.117541,-0.189090,-0.008261,-0.124191,-0.235365
2026-05-25 15:50:01.086,175.999832,0.000000,0.000000,0.000000,-0.100789,-0.094956,-0.252082,0.057866,-0.086967,-0.250864,-0.021462,-0.090962,-0.251473,-0.006865,-0.117541,-0.189090,-0.008235,-0.123108,-0.235392
2026-05-25 15:50:01.186,176.099832,0.000000,0.000000,0.000000,-0.100911,-0.093881,-0.252134,0.057866,-0.086967,-0.250864,-0.021523,-0.090424,-0.251499,-0.006865,-0.117541,-0.189090,-0.008235,-0.123108,-0.235392
2026-05-25 15:50:01.286,176.199832,0.000000,0.000000,0.000000,-0.100789,-0.094956,-0.252082,0.057736,-0.088063,-0.250814,-0.021527,-0.091509,-0.251448,-0.007577,-0.117602,-0.189095,-0.008235,-0.123108,-0.235392
2026-05-25 15:50:01.386,176.299832,0.000000,0.000000,0.000000,-0.100789,-0.094956,-0.252082,0.057736,-0.088063,-0.250814,-0.021527,-0.091509,-0.251448,-0.007577,-0.117602,-0.189095,-0.008235,-0.123108,-0.235392
2026-05-25 15:50:01.486,176.399832,0.000000,0.000000,0.000000,-0.100789,-0.094956,-0.252082,0.057736,-0.088063,-0.250814,-0.021527,-0.091509,-0.251448,-0.007551,-0.116531,-0.189045,-0.008235,-0.123108,-0.235392
2026-05-25 15:50:01.586,176.499832,0.000000,0.000000,0.000000,-0.100911,-0.093881,-0.252134,0.057736,-0.088063,-0.250814,-0.021588,-0.090972,-0.251474,-0.008264,-0.116591,-0.189050,-0.008235,-0.123108,-0.235392
2026-05-25 15:50:01.686,176.599832,0.000000,0.000000,0.000000,-0.100789,-0.094956,-0.252082,0.057736,-0.088063,-0.250814,-0.021527,-0.091509,-0.251448,-0.008289,-0.117662,-0.189099,-0.008235,-0.123108,-0.235392
2026-05-25 15:50:01.786,176.699831,0.000000,0.000000,0.000000,-0.100789,-0.094956,-0.252082,0.057736,-0.088063,-0.250814,-0.021527,-0.091509,-0.251448,-0.008264,-0.116591,-0.189050,-0.008235,-0.123108,-0.235392
2026-05-25 15:50:01.886,176.799831,0.000000,0.000000,0.000000,-0.100789,-0.094956,-0.252082,0.057736,-0.088063,-0.250814,-0.021527,-0.091509,-0.251448,-0.008264,-0.116591,-0.189050,-0.008235,-0.123108,-0.235392
2026-05-25 15:50:01.986,176.899831,0.000000,0.000000,0.000000,-0.100789,-0.094956,-0.252082,0.057736,-0.088063,-0.250814,-0.021527,-0.091509,-0.251448,-0.008289,-0.117662,-0.189099,-0.008235,-0.123108,-0.235392
2026-05-25 15:50:02.086,176.999831,0.000000,0.000000,0.000000,-0.100911,-0.093881,-0.252134,0.057866,-0.086967,-0.250864,-0.021523,-0.090424,-0.251499,-0.008264,-0.116591,-0.189050,-0.008235,-0.123108,-0.235392
2026-05-25 15:50:02.186,177.099831,0.000000,0.000000,0.000000,-0.100789,-0.094956,-0.252082,0.057866,-0.086967,-0.250864,-0.021462,-0.090962,-0.251473,-0.008264,-0.116591,-0.189050,-0.008235,-0.123108,-0.235392
2026-05-25 15:50:02.286,177.199831,0.000000,0.000000,0.000000,-0.100789,-0.094956,-0.252082,0.057736,-0.088063,-0.250814,-0.021527,-0.091509,-0.251448,-0.008264,-0.116591,-0.189050,-0.008235,-0.123108,-0.235392
2026-05-25 15:50:02.386,177.299831,0.000000,0.000000,0.000000,-0.100789,-0.094956,-0.252082,0.057736,-0.088063,-0.250814,-0.021527,-0.091509,-0.251448,-0.008289,-0.117662,-0.189099,-0.008235,-0.123108,-0.235392
2026-05-25 15:50:02.486,177.399831,0.000000,0.000000,0.000000,-0.100789,-0.094956,-0.252082,0.057736,-0.088063,-0.250814,-0.021527,-0.091509,-0.251448,-0.008264,-0.116591,-0.189050,-0.008235,-0.123108,-0.235392
2026-05-25 15:50:02.586,177.499831,0.000000,0.000000,0.000000,-0.100789,-0.094956,-0.252082,0.057866,-0.086967,-0.250864,-0.021462,-0.090962,-0.251473,-0.008264,-0.116591,-0.189050,-0.008235,-0.123108,-0.235392
2026-05-25 15:50:02.686,177.599831,0.000000,0.000000,0.000000,-0.100789,-0.094956,-0.252082,0.057736,-0.088063,-0.250814,-0.021527,-0.091509,-0.251448,-0.008264,-0.116591,-0.189050,-0.008235,-0.123108,-0.235392
2026-05-25 15:50:02.786,177.699831,0.000000,0.000000,0.000000,-0.100911,-0.093881,-0.252134,0.057866,-0.086967,-0.250864,-0.021523,-0.090424,-0.251499,-0.008264,-0.116591,-0.189050,-0.008235,-0.123108,-0.235392
2026-05-25 15:50:02.886,177.799830,0.000000,0.000000,0.000000,-0.100789,-0.094956,-0.252082,0.057606,-0.089159,-0.250764,-0.021592,-0.092057,-0.251423,-0.008264,-0.116591,-0.189050,-0.008235,-0.123108,-0.235392
2026-05-25 15:50:02.986,177.899830,0.000000,0.000000,0.000000,-0.100789,-0.094956,-0.252082,0.057736,-0.088063,-0.250814,-0.021527,-0.091509,-0.251448,-0.008264,-0.116591,-0.189050,-0.008210,-0.122024,-0.235419
2026-05-25 15:50:03.086,177.999830,0.000000,0.000000,0.000000,-0.100789,-0.094956,-0.252082,0.057866,-0.086967,-0.250864,-0.021462,-0.090962,-0.251473,-0.008264,-0.116591,-0.189050,-0.008235,-0.123108,-0.235392
2026-05-25 15:50:03.186,178.099830,0.000000,0.000000,0.000000,-0.100789,-0.094956,-0.252082,0.057866,-0.086967,-0.250864,-0.021462,-0.090962,-0.251473,-0.008289,-0.117662,-0.189099,-0.008235,-0.123108,-0.235392
2026-05-25 15:50:03.286,178.199830,0.000000,0.000000,0.000000,-0.100911,-0.093881,-0.252134,0.057736,-0.088063,-0.250814,-0.021588,-0.090972,-0.251474,-0.008264,-0.116591,-0.189050,-0.008235,-0.123108,-0.235392
2026-05-25 15:50:03.386,178.299830,0.000000,0.000000,0.000000,-0.100911,-0.093881,-0.252134,0.057736,-0.088063,-0.250814,-0.021588,-0.090972,-0.251474,-0.008289,-0.117662,-0.189099,-0.008235,-0.123108,-0.235392
2026-05-25 15:50:03.486,178.399830,0.000000,0.000000,0.000000,-0.100911,-0.093881,-0.252134,0.057736,-0.088063,-0.250814,-0.021588,-0.090972,-0.251474,-0.008264,-0.116591,-0.189050,-0.008235,-0.123108,-0.235392
2026-05-25 15:50:03.586,178.499830,0.000000,0.000000,0.000000,-0.100789,-0.094956,-0.252082,0.057866,-0.086967,-0.250864,-0.021462,-0.090962,-0.251473,-0.008289,-0.117662,-0.189099,-0.008235,-0.123108,-0.235392
2026-05-25 15:50:03.686,178.599830,0.000000,0.000000,0.000000,-0.100789,-0.094956,-0.252082,0.057866,-0.086967,-0.250864,-0.021462,-0.090962,-0.251473,-0.008289,-0.117662,-0.189099,-0.008210,-0.122024,-0.235419
2026-05-25 15:50:03.786,178.699830,0.000000,0.000000,0.000000,-0.100911,-0.093881,-0.252134,0.057866,-0.086967,-0.250864,-0.021523,-0.090424,-0.251499,-0.008289,-0.117662,-0.189099,-0.008235,-0.123108,-0.235392
2026-05-25 15:50:03.886,178.799829,0.000000,0.000000,0.000000,-0.100667,-0.096031,-0.252030,0.057736,-0.088063,-0.250814,-0.021466,-0.092047,-0.251422,-0.008264,-0.116591,-0.189050,-0.008235,-0.123108,-0.235392
2026-05-25 15:50:03.986,178.899829,0.000000,0.000000,0.000000,-0.100667,-0.096031,-0.252030,0.057736,-0.088063,-0.250814,-0.021466,-0.092047,-0.251422,-0.008264,-0.116591,-0.189050,-0.008235,-0.123108,-0.235392
2026-05-25 15:50:04.086,178.999829,0.000000,0.000000,0.000000,-0.100789,-0.094956,-0.252082,0.057866,-0.086967,-0.250864,-0.021462,-0.090962,-0.251473,-0.008264,-0.116591,-0.189050,-0.008210,-0.122024,-0.235419
2026-05-25 15:50:04.186,179.099829,0.000000,0.000000,0.000000,-0.100911,-0.093881,-0.252134,0.057866,-0.086967,-0.250864,-0.021523,-0.090424,-0.251499,-0.008289,-0.117662,-0.189099,-0.008210,-0.122024,-0.235419
2026-05-25 15:50:04.286,179.199829,0.000000,0.000000,0.000000,-0.100789,-0.094956,-0.252082,0.057736,-0.088063,-0.250814,-0.021527,-0.091509,-0.251448,-0.008264,-0.116591,-0.189050,-0.008235,-0.123108,-0.235392
2026-05-25 15:50:04.386,179.299829,0.000000,0.000000,0.000000,-0.100789,-0.094956,-0.252082,0.057866,-0.086967,-0.250864,-0.021462,-0.090962,-0.251473,-0.008264,-0.116591,-0.189050,-0.008235,-0.123108,-0.235392
2026-05-25 15:50:04.486,179.399829,0.000000,0.000000,0.000000,-0.100911,-0.093881,-0.252134,0.057866,-0.086967,-0.250864,-0.021523,-0.090424,-0.251499,-0.008264,-0.116591,-0.189050,-0.008235,-0.123108,-0.235392
2026-05-25 15:50:04.586,179.499829,0.000000,0.000000,0.000000,-0.100789,-0.094956,-0.252082,0.057866,-0.086967,-0.250864,-0.021462,-0.090962,-0.251473,-0.008264,-0.116591,-0.189050,-0.008210,-0.122024,-0.235419
2026-05-25 15:50:04.686,179.599829,0.000000,0.000000,0.000000,-0.100911,-0.093881,-0.252134,0.057736,-0.088063,-0.250814,-0.021588,-0.090972,-0.251474,-0.008289,-0.117662,-0.189099,-0.008235,-0.123108,-0.235392
2026-05-25 15:50:04.786,179.699829,0.000000,0.000000,0.000000,-0.100789,-0.094956,-0.252082,0.057736,-0.088063,-0.250814,-0.021527,-0.091509,-0.251448,-0.008264,-0.116591,-0.189050,-0.008235,-0.123108,-0.235392
2026-05-25 15:50:04.886,179.799829,0.000000,0.000000,0.000000,-0.100789,-0.094956,-0.252082,0.057736,-0.088063,-0.250814,-0.021527,-0.091509,-0.251448,-0.008264,-0.116591,-0.189050,-0.008235,-0.123108,-0.235392
2026-05-25 15:50:04.986,179.899828,0.000000,0.000000,0.000000,-0.100789,-0.094956,-0.252082,0.057736,-0.088063,-0.250814,-0.021527,-0.091509,-0.251448,-0.008289,-0.117662,-0.189099,-0.008235,-0.123108,-0.235392
2026-05-25 15:50:05.086,179.999828,0.000000,0.000000,0.000000,-0.100789,-0.094956,-0.252082,0.057736,-0.088063,-0.250814,-0.021527,-0.091509,-0.251448,-0.008239,-0.115520,-0.189001,-0.008235,-0.123108,-0.235392
2026-05-25 15:50:05.186,180.099828,0.000000,0.000000,0.000000,-0.100789,-0.094956,-0.252082,0.057736,-0.088063,-0.250814,-0.021527,-0.091509,-0.251448,-0.008264,-0.116591,-0.189050,-0.008235,-0.123108,-0.235392
2026-05-25 15:50:05.286,180.199828,0.000000,0.000000,0.000000,-0.100789,-0.094956,-0.252082,0.057866,-0.086967,-0.250864,-0.021462,-0.090962,-0.251473,-0.008264,-0.116591,-0.189050,-0.008235,-0.123108,-0.235392
2026-05-25 15:50:05.386,180.299828,0.000000,0.000000,0.000000,-0.100789,-0.094956,-0.252082,0.057866,-0.086967,-0.250864,-0.021462,-0.090962,-0.251473,-0.008264,-0.116591,-0.189050,-0.008235,-0.123108,-0.235392
2026-05-25 15:50:05.486,180.399828,0.000000,0.000000,0.000000,-0.100789,-0.094956,-0.252082,0.057866,-0.086967,-0.250864,-0.021462,-0.090962,-0.251473,-0.008264,-0.116591,-0.189050,-0.008235,-0.123108,-0.235392
2026-05-25 15:50:05.586,180.499828,0.000000,0.000000,0.000000,-0.100789,-0.094956,-0.252082,0.057736,-0.088063,-0.250814,-0.021527,-0.091509,-0.251448,-0.008264,-0.116591,-0.189050,-0.008235,-0.123108,-0.235392
2026-05-25 15:50:05.686,180.599828,0.000000,0.000000,0.000000,-0.100911,-0.093881,-0.252134,0.057866,-0.086967,-0.250864,-0.021523,-0.090424,-0.251499,-0.008289,-0.117662,-0.189099,-0.008235,-0.123108,-0.235392
2026-05-25 15:50:05.786,180.699828,0.000000,0.000000,0.000000,-0.100789,-0.094956,-0.252082,0.057736,-0.088063,-0.250814,-0.021527,-0.091509,-0.251448,-0.008289,-0.117662,-0.189099,-0.008235,-0.123108,-0.235392
2026-05-25 15:50:05.886,180.799828,0.000000,0.000000,0.000000,-0.100789,-0.094956,-0.252082,0.057866,-0.086967,-0.250864,-0.021462,-0.090962,-0.251473,-0.008264,-0.116591,-0.189050,-0.008235,-0.123108,-0.235392
2026-05-25 15:50:05.986,180.899827,0.000000,0.000000,0.000000,-0.100789,-0.094956,-0.252082,0.057736,-0.088063,-0.250814,-0.021527,-0.091509,-0.251448,-0.008264,-0.116591,-0.189050,-0.008235,-0.123108,-0.235392
2026-05-25 15:50:06.086,180.999827,0.000000,0.000000,0.000000,-0.100789,-0.094956,-0.252082,0.057736,-0.088063,-0.250814,-0.021527,-0.091509,-0.251448,-0.008264,-0.116591,-0.189050,-0.008235,-0.123108,-0.235392
2026-05-25 15:50:06.186,181.099827,0.000000,0.000000,0.000000,-0.100789,-0.094956,-0.252082,0.057736,-0.088063,-0.250814,-0.021527,-0.091509,-0.251448,-0.008264,-0.116591,-0.189050,-0.008235,-0.123108,-0.235392
2026-05-25 15:50:06.286,181.199827,0.000000,0.000000,0.000000,-0.100789,-0.094956,-0.252082,0.057736,-0.088063,-0.250814,-0.021527,-0.091509,-0.251448,-0.008264,-0.116591,-0.189050,-0.008210,-0.122024,-0.235419
2026-05-25 15:50:06.386,181.299827,0.000000,0.000000,0.000000,-0.100789,-0.094956,-0.252082,0.057736,-0.088063,-0.250814,-0.021527,-0.091509,-0.251448,-0.008289,-0.117662,-0.189099,-0.008235,-0.123108,-0.235392
2026-05-25 15:50:06.486,181.399827,0.000000,0.000000,0.000000,-0.100789,-0.094956,-0.252082,0.057736,-0.088063,-0.250814,-0.021527,-0.091509,-0.251448,-0.008264,-0.116591,-0.189050,-0.008210,-0.122024,-0.235419
2026-05-25 15:50:06.586,181.499827,0.000000,0.000000,0.000000,-0.100911,-0.093881,-0.252134,0.057736,-0.088063,-0.250814,-0.021588,-0.090972,-0.251474,-0.008289,-0.117662,-0.189099,-0.008235,-0.123108,-0.235392
2026-05-25 15:50:06.686,181.599827,0.000000,0.000000,0.000000,-0.100789,-0.094956,-0.252082,0.057736,-0.088063,-0.250814,-0.021527,-0.091509,-0.251448,-0.008289,-0.117662,-0.189099,-0.008235,-0.123108,-0.235392
2026-05-25 15:50:06.786,181.699827,0.000000,0.000000,0.000000,-0.100667,-0.096031,-0.252030,0.057866,-0.086967,-0.250864,-0.021401,-0.091499,-0.251447,-0.008264,-0.116591,-0.189050,-0.008235,-0.123108,-0.235392
2026-05-25 15:50:06.886,181.799827,0.000000,0.000000,0.000000,-0.100911,-0.093881,-0.252134,0.057866,-0.086967,-0.250864,-0.021523,-0.090424,-0.251499,-0.008264,-0.116591,-0.189050,-0.008235,-0.123108,-0.235392
2026-05-25 15:50:06.986,181.899827,0.000000,0.000000,0.000000,-0.100789,-0.094956,-0.252082,0.057736,-0.088063,-0.250814,-0.021527,-0.091509,-0.251448,-0.008269,-0.116477,-0.189757,-0.008210,-0.122024,-0.235419
2026-05-25 15:50:07.086,181.999826,0.000000,0.000000,0.000000,-0.100789,-0.094956,-0.252082,0.057996,-0.085871,-0.250915,-0.021397,-0.090414,-0.251499,-0.008269,-0.116477,-0.189757,-0.008235,-0.123108,-0.235392
2026-05-25 15:50:07.186,182.099826,0.000000,0.000000,0.000000,-0.100789,-0.094956,-0.252082,0.057736,-0.088063,-0.250814,-0.021527,-0.091509,-0.251448,-0.008269,-0.116477,-0.189757,-0.008235,-0.123108,-0.235392
2026-05-25 15:50:07.286,182.199826,0.000000,0.000000,0.000000,-0.100789,-0.094956,-0.252082,0.057736,-0.088063,-0.250814,-0.021527,-0.091509,-0.251448,-0.008269,-0.116477,-0.189757,-0.008235,-0.123108,-0.235392
2026-05-25 15:50:07.386,182.299826,0.000000,0.000000,0.000000,-0.100789,-0.094956,-0.252082,0.057866,-0.086967,-0.250864,-0.021462,-0.090962,-0.251473,-0.008294,-0.117548,-0.189805,-0.008235,-0.123108,-0.235392
2026-05-25 15:50:07.486,182.399826,0.000000,0.000000,0.000000,-0.100911,-0.093881,-0.252134,0.057736,-0.088063,-0.250814,-0.021588,-0.090972,-0.251474,-0.008294,-0.117548,-0.189805,-0.008235,-0.123108,-0.235392
2026-05-25 15:50:07.586,182.499826,0.000000,0.000000,0.000000,-0.100667,-0.096031,-0.252030,0.057736,-0.088063,-0.250814,-0.021466,-0.092047,-0.251422,-0.008269,-0.116477,-0.189757,-0.008235,-0.123108,-0.235392
2026-05-25 15:50:07.686,182.599826,0.000000,0.000000,0.000000,-0.100789,-0.094956,-0.252082,0.057736,-0.088063,-0.250814,-0.021527,-0.091509,-0.251448,-0.008269,-0.116477,-0.189757,-0.008235,-0.123108,-0.235392
2026-05-25 15:50:07.786,182.699826,0.000000,0.000000,0.000000,-0.100667,-0.096031,-0.252030,0.057866,-0.086967,-0.250864,-0.021401,-0.091499,-0.251447,-0.008294,-0.117548,-0.189805,-0.008235,-0.123108,-0.235392
2026-05-25 15:50:07.886,182.799826,0.000000,0.000000,0.000000,-0.100789,-0.094956,-0.252082,0.057866,-0.086967,-0.250864,-0.021462,-0.090962,-0.251473,-0.008269,-0.116477,-0.189757,-0.008235,-0.123108,-0.235392
2026-05-25 15:50:07.986,182.899826,0.000000,0.000000,0.000000,-0.100789,-0.094956,-0.252082,0.057866,-0.086967,-0.250864,-0.021462,-0.090962,-0.251473,-0.008294,-0.117548,-0.189805,-0.008235,-0.123108,-0.235392
2026-05-25 15:50:08.086,182.999825,0.000000,0.000000,0.000000,-0.100789,-0.094956,-0.252082,0.057736,-0.088063,-0.250814,-0.021527,-0.091509,-0.251448,-0.008294,-0.117548,-0.189805,-0.008235,-0.123108,-0.235392
2026-05-25 15:50:08.186,183.099825,0.000000,0.000000,0.000000,-0.100789,-0.094956,-0.252082,0.057736,-0.088063,-0.250814,-0.021527,-0.091509,-0.251448,-0.008294,-0.117548,-0.189805,-0.008235,-0.123108,-0.235392
2026-05-25 15:50:08.286,183.199825,0.000000,0.000000,0.000000,-0.100789,-0.094956,-0.252082,0.057736,-0.088063,-0.250814,-0.021527,-0.091509,-0.251448,-0.008294,-0.117548,-0.189805,-0.008235,-0.123108,-0.235392
2026-05-25 15:50:08.386,183.299825,0.000000,0.000000,0.000000,-0.100789,-0.094956,-0.252082,0.057736,-0.088063,-0.250814,-0.021527,-0.091509,-0.251448,-0.008294,-0.117548,-0.189805,-0.008235,-0.123108,-0.235392
2026-05-25 15:50:08.486,183.399825,0.000000,0.000000,0.000000,-0.100789,-0.094956,-0.252082,0.057736,-0.088063,-0.250814,-0.021527,-0.091509,-0.251448,-0.008269,-0.116477,-0.189757,-0.008261,-0.124191,-0.235365
2026-05-25 15:50:08.586,183.499825,0.000000,0.000000,0.000000,-0.100789,-0.094956,-0.252082,0.057736,-0.088063,-0.250814,-0.021527,-0.091509,-0.251448,-0.008294,-0.117548,-0.189805,-0.008235,-0.123108,-0.235392
2026-05-25 15:50:08.686,183.599825,0.000000,0.000000,0.000000,-0.100789,-0.094956,-0.252082,0.057866,-0.086967,-0.250864,-0.021462,-0.090962,-0.251473,-0.008269,-0.116477,-0.189757,-0.008235,-0.123108,-0.235392
2026-05-25 15:50:08.786,183.699825,0.000000,0.000000,0.000000,-0.100789,-0.094956,-0.252082,0.057736,-0.088063,-0.250814,-0.021527,-0.091509,-0.251448,-0.008282,-0.117013,-0.189781,-0.008235,-0.123108,-0.235392
2026-05-25 15:50:08.886,183.799825,0.000000,0.000000,0.000000,-0.100789,-0.094956,-0.252082,0.057866,-0.086967,-0.250864,-0.021462,-0.090962,-0.251473,-0.008294,-0.117548,-0.189805,-0.008235,-0.123108,-0.235392
2026-05-25 15:50:08.986,183.899825,0.000000,0.000000,0.000000,-0.100911,-0.093881,-0.252134,0.057736,-0.088063,-0.250814,-0.021588,-0.090972,-0.251474,-0.008294,-0.117548,-0.189805,-0.008235,-0.123108,-0.235392
2026-05-25 15:50:09.086,183.999825,0.000000,0.000000,0.000000,-0.100911,-0.093881,-0.252134,0.057736,-0.088063,-0.250814,-0.021588,-0.090972,-0.251474,-0.008269,-0.116477,-0.189757,-0.008210,-0.122024,-0.235419
2026-05-25 15:50:09.186,184.099824,0.000000,0.000000,0.000000,-0.100789,-0.094956,-0.252082,0.057736,-0.088063,-0.250814,-0.021527,-0.091509,-0.251448,-0.008294,-0.117548,-0.189805,-0.008235,-0.123108,-0.235392
2026-05-25 15:50:09.286,184.199824,0.000000,0.000000,0.000000,-0.100911,-0.093881,-0.252134,0.057736,-0.088063,-0.250814,-0.021588,-0.090972,-0.251474,-0.008269,-0.116477,-0.189757,-0.008235,-0.123108,-0.235392
2026-05-25 15:50:09.386,184.299824,0.000000,0.000000,0.000000,-0.100789,-0.094956,-0.252082,0.057866,-0.086967,-0.250864,-0.021462,-0.090962,-0.251473,-0.008269,-0.116477,-0.189757,-0.008235,-0.123108,-0.235392
2026-05-25 15:50:09.486,184.399824,0.000000,0.000000,0.000000,-0.100789,-0.094956,-0.252082,0.057736,-0.088063,-0.250814,-0.021527,-0.091509,-0.251448,-0.008294,-0.117548,-0.189805,-0.008235,-0.123108,-0.235392
2026-05-25 15:50:09.586,184.499824,0.000000,0.000000,0.000000,-0.100789,-0.094956,-0.252082,0.057866,-0.086967,-0.250864,-0.021462,-0.090962,-0.251473,-0.008269,-0.116477,-0.189757,-0.008235,-0.123108,-0.235392
2026-05-25 15:50:09.686,184.599824,0.000000,0.000000,0.000000,-0.100789,-0.094956,-0.252082,0.057736,-0.088063,-0.250814,-0.021527,-0.091509,-0.251448,-0.008294,-0.117548,-0.189805,-0.008210,-0.122024,-0.235419
2026-05-25 15:50:09.786,184.699824,0.000000,0.000000,0.000000,-0.100789,-0.094956,-0.252082,0.057736,-0.088063,-0.250814,-0.021527,-0.091509,-0.251448,-0.008294,-0.117548,-0.189805,-0.008235,-0.123108,-0.235392
2026-05-25 15:50:09.886,184.799824,0.000000,0.000000,0.000000,-0.100789,-0.094956,-0.252082,0.057736,-0.088063,-0.250814,-0.021527,-0.091509,-0.251448,-0.008269,-0.116477,-0.189757,-0.008235,-0.123108,-0.235392
2026-05-25 15:50:09.986,184.899824,0.000000,0.000000,0.000000,-0.100789,-0.094956,-0.252082,0.057866,-0.086967,-0.250864,-0.021462,-0.090962,-0.251473,-0.008269,-0.116477,-0.189757,-0.008261,-0.124191,-0.235365
2026-05-25 15:50:10.086,184.999824,0.000000,0.000000,0.000000,-0.100789,-0.094956,-0.252082,0.057866,-0.086967,-0.250864,-0.021462,-0.090962,-0.251473,-0.008294,-0.117548,-0.189805,-0.008235,-0.123108,-0.235392
2026-05-25 15:50:10.186,185.099823,0.000000,0.000000,0.000000,-0.100789,-0.094956,-0.252082,0.057736,-0.088063,-0.250814,-0.021527,-0.091509,-0.251448,-0.008269,-0.116477,-0.189757,-0.008261,-0.124191,-0.235365
2026-05-25 15:50:10.286,185.199823,0.000000,0.000000,0.000000,-0.100789,-0.094956,-0.252082,0.057736,-0.088063,-0.250814,-0.021527,-0.091509,-0.251448,-0.008294,-0.117548,-0.189805,-0.008235,-0.123108,-0.235392
2026-05-25 15:50:10.386,185.299823,0.000000,0.000000,0.000000,-0.100911,-0.093881,-0.252134,0.057736,-0.088063,-0.250814,-0.021588,-0.090972,-0.251474,-0.008294,-0.117548,-0.189805,-0.008235,-0.123108,-0.235392
2026-05-25 15:50:10.486,185.399823,0.000000,0.000000,0.000000,-0.100789,-0.094956,-0.252082,0.057736,-0.088063,-0.250814,-0.021527,-0.091509,-0.251448,-0.008269,-0.116477,-0.189757,-0.008235,-0.123108,-0.235392
2026-05-25 15:50:10.586,185.499823,0.000000,0.000000,0.000000,-0.100911,-0.093881,-0.252134,0.057736,-0.088063,-0.250814,-0.021588,-0.090972,-0.251474,-0.008294,-0.117548,-0.189805,-0.008235,-0.123108,-0.235392
2026-05-25 15:50:10.686,185.599823,0.000000,0.000000,0.000000,-0.100911,-0.093881,-0.252134,0.057866,-0.086967,-0.250864,-0.021523,-0.090424,-0.251499,-0.008294,-0.117548,-0.189805,-0.008235,-0.123108,-0.235392
2026-05-25 15:50:10.786,185.699823,0.000000,0.000000,0.000000,-0.100789,-0.094956,-0.252082,0.057736,-0.088063,-0.250814,-0.021527,-0.091509,-0.251448,-0.008269,-0.116477,-0.189757,-0.008235,-0.123108,-0.235392
2026-05-25 15:50:10.886,185.799823,0.000000,0.000000,0.000000,-0.100667,-0.096031,-0.252030,0.057866,-0.086967,-0.250864,-0.021401,-0.091499,-0.251447,-0.008269,-0.116477,-0.189757,-0.008235,-0.123108,-0.235392
2026-05-25 15:50:10.986,185.899823,0.000000,0.000000,0.000000,-0.100789,-0.094956,-0.252082,0.057866,-0.086967,-0.250864,-0.021462,-0.090962,-0.251473,-0.008269,-0.116477,-0.189757,-0.008235,-0.123108,-0.235392
2026-05-25 15:50:11.086,185.999823,0.000000,0.000000,0.000000,-0.100789,-0.094956,-0.252082,0.057736,-0.088063,-0.250814,-0.021527,-0.091509,-0.251448,-0.008294,-0.117548,-0.189805,-0.008235,-0.123108,-0.235392
2026-05-25 15:50:11.186,186.099823,0.000000,0.000000,0.000000,-0.100789,-0.094956,-0.252082,0.057736,-0.088063,-0.250814,-0.021527,-0.091509,-0.251448,-0.008269,-0.116477,-0.189757,-0.008261,-0.124191,-0.235365
2026-05-25 15:50:11.286,186.199822,0.000000,0.000000,0.000000,-0.100789,-0.094956,-0.252082,0.057866,-0.086967,-0.250864,-0.021462,-0.090962,-0.251473,-0.008294,-0.117548,-0.189805,-0.008235,-0.123108,-0.235392
2026-05-25 15:50:11.386,186.299822,0.000000,0.000000,0.000000,-0.100789,-0.094956,-0.252082,0.057736,-0.088063,-0.250814,-0.021527,-0.091509,-0.251448,-0.008294,-0.117548,-0.189805,-0.008235,-0.123108,-0.235392
2026-05-25 15:50:11.486,186.399822,0.000000,0.000000,0.000000,-0.100789,-0.094956,-0.252082,0.057736,-0.088063,-0.250814,-0.021527,-0.091509,-0.251448,-0.008294,-0.117548,-0.189805,-0.008261,-0.124191,-0.235365
2026-05-25 15:50:11.586,186.499822,0.000000,0.000000,0.000000,-0.100789,-0.094956,-0.252082,0.057736,-0.088063,-0.250814,-0.021527,-0.091509,-0.251448,-0.008269,-0.116477,-0.189757,-0.008235,-0.123108,-0.235392
2026-05-25 15:50:11.686,186.599822,0.000000,0.000000,0.000000,-0.100911,-0.093881,-0.252134,0.057736,-0.088063,-0.250814,-0.021588,-0.090972,-0.251474,-0.008294,-0.117548,-0.189805,-0.008261,-0.124191,-0.235365
2026-05-25 15:50:11.786,186.699822,0.000000,0.000000,0.000000,-0.100667,-0.096031,-0.252030,0.057736,-0.088063,-0.250814,-0.021466,-0.092047,-0.251422,-0.008269,-0.116477,-0.189757,-0.008261,-0.124191,-0.235365
2026-05-25 15:50:11.886,186.799822,0.000000,0.000000,0.000000,-0.100789,-0.094956,-0.252082,0.057736,-0.088063,-0.250814,-0.021527,-0.091509,-0.251448,-0.008294,-0.117548,-0.189805,-0.008235,-0.123108,-0.235392
2026-05-25 15:50:11.986,186.899822,0.000000,0.000000,0.000000,-0.100911,-0.093881,-0.252134,0.057736,-0.088063,-0.250814,-0.021588,-0.090972,-0.251474,-0.008294,-0.117548,-0.189805,-0.008235,-0.123108,-0.235392
2026-05-25 15:50:12.086,186.999822,0.000000,0.000000,0.000000,-0.100789,-0.094956,-0.252082,0.057736,-0.088063,-0.250814,-0.021527,-0.091509,-0.251448,-0.008269,-0.116477,-0.189757,-0.008235,-0.123108,-0.235392
2026-05-25 15:50:12.186,187.099822,0.000000,0.000000,0.000000,-0.100789,-0.094956,-0.252082,0.057736,-0.088063,-0.250814,-0.021527,-0.091509,-0.251448,-0.008294,-0.117548,-0.189805,-0.008235,-0.123108,-0.235392
2026-05-25 15:50:12.286,187.199821,0.000000,0.000000,0.000000,-0.100789,-0.094956,-0.252082,0.057736,-0.088063,-0.250814,-0.021527,-0.091509,-0.251448,-0.008294,-0.117548,-0.189805,-0.008235,-0.123108,-0.235392
2026-05-25 15:50:12.386,187.299821,0.000000,0.000000,0.000000,-0.100789,-0.094956,-0.252082,0.057736,-0.088063,-0.250814,-0.021527,-0.091509,-0.251448,-0.008269,-0.116477,-0.189757,-0.008235,-0.123108,-0.235392
2026-05-25 15:50:12.486,187.399821,0.000000,0.000000,0.000000,-0.100789,-0.094956,-0.252082,0.057736,-0.088063,-0.250814,-0.021527,-0.091509,-0.251448,-0.008294,-0.117548,-0.189805,-0.008235,-0.123108,-0.235392
2026-05-25 15:50:12.586,187.499821,0.000000,0.000000,0.000000,-0.100789,-0.094956,-0.252082,0.057866,-0.086967,-0.250864,-0.021462,-0.090962,-0.251473,-0.008269,-0.116477,-0.189757,-0.008235,-0.123108,-0.235392
2026-05-25 15:50:12.686,187.599821,0.000000,0.000000,0.000000,-0.100911,-0.093881,-0.252134,0.057736,-0.088063,-0.250814,-0.021588,-0.090972,-0.251474,-0.008269,-0.116477,-0.189757,-0.008235,-0.123108,-0.235392
2026-05-25 15:50:12.786,187.699821,0.000000,0.000000,0.000000,-0.100911,-0.093881,-0.252134,0.057866,-0.086967,-0.250864,-0.021523,-0.090424,-0.251499,-0.008294,-0.117548,-0.189805,-0.008235,-0.123108,-0.235392
2026-05-25 15:50:12.886,187.799821,0.000000,0.000000,0.000000,-0.100911,-0.093881,-0.252134,0.057736,-0.088063,-0.250814,-0.021588,-0.090972,-0.251474,-0.008269,-0.116477,-0.189757,-0.008235,-0.123108,-0.235392
2026-05-25 15:50:12.986,187.899821,0.000000,0.000000,0.000000,-0.100789,-0.094956,-0.252082,0.057736,-0.088063,-0.250814,-0.021527,-0.091509,-0.251448,-0.008294,-0.117548,-0.189805,-0.008235,-0.123108,-0.235392
2026-05-25 15:50:13.086,187.999821,0.000000,0.000000,0.000000,-0.100911,-0.093881,-0.252134,0.057866,-0.086967,-0.250864,-0.021523,-0.090424,-0.251499,-0.008300,-0.117435,-0.190512,-0.008235,-0.123108,-0.235392
2026-05-25 15:50:13.186,188.099821,0.000000,0.000000,0.000000,-0.100789,-0.094956,-0.252082,0.057866,-0.086967,-0.250864,-0.021462,-0.090962,-0.251473,-0.008300,-0.117435,-0.190512,-0.008235,-0.123108,-0.235392
2026-05-25 15:50:13.286,188.199821,0.000000,0.000000,0.000000,-0.100789,-0.094956,-0.252082,0.057866,-0.086967,-0.250864,-0.021462,-0.090962,-0.251473,-0.008325,-0.118506,-0.190559,-0.008261,-0.124191,-0.235365
2026-05-25 15:50:13.386,188.299820,0.000000,0.000000,0.000000,-0.100911,-0.093881,-0.252134,0.057736,-0.088063,-0.250814,-0.021588,-0.090972,-0.251474,-0.007640,-0.119517,-0.190601,-0.008261,-0.124191,-0.235365
2026-05-25 15:50:13.486,188.399820,0.000000,0.000000,0.000000,-0.100789,-0.094956,-0.252082,0.057736,-0.088063,-0.250814,-0.021527,-0.091509,-0.251448,-0.007614,-0.118446,-0.190554,-0.008261,-0.124191,-0.235365
2026-05-25 15:50:13.586,188.499820,0.000000,0.000000,0.000000,-0.100911,-0.093881,-0.252134,0.057736,-0.088063,-0.250814,-0.021588,-0.090972,-0.251474,-0.007640,-0.119517,-0.190601,-0.008261,-0.124191,-0.235365
2026-05-25 15:50:13.686,188.599820,0.000000,0.000000,0.000000,-0.100789,-0.094956,-0.252082,0.057866,-0.086967,-0.250864,-0.021462,-0.090962,-0.251473,-0.007666,-0.120588,-0.190648,-0.008287,-0.125274,-0.235338
2026-05-25 15:50:13.786,188.699820,0.000000,0.000000,0.000000,-0.100789,-0.094956,-0.252082,0.057866,-0.086967,-0.250864,-0.021462,-0.090962,-0.251473,-0.007666,-0.120588,-0.190648,-0.008261,-0.124191,-0.235365
2026-05-25 15:50:13.886,188.799820,0.000000,0.000000,0.000000,-0.100789,-0.094956,-0.252082,0.057866,-0.086967,-0.250864,-0.021462,-0.090962,-0.251473,-0.007666,-0.120588,-0.190648,-0.008261,-0.124191,-0.235365
2026-05-25 15:50:13.986,188.899820,0.000000,0.000000,0.000000,-0.100789,-0.094956,-0.252082,0.057736,-0.088063,-0.250814,-0.021527,-0.091509,-0.251448,-0.007692,-0.121660,-0.190695,-0.008261,-0.124191,-0.235365
2026-05-25 15:50:14.086,188.999820,0.000000,0.000000,0.000000,-0.100789,-0.094956,-0.252082,0.057736,-0.088063,-0.250814,-0.021527,-0.091509,-0.251448,-0.007666,-0.120588,-0.190648,-0.008261,-0.124191,-0.235365
2026-05-25 15:50:14.186,189.099820,0.000000,0.000000,0.000000,-0.100789,-0.094956,-0.252082,0.057736,-0.088063,-0.250814,-0.021527,-0.091509,-0.251448,-0.007666,-0.120588,-0.190648,-0.008261,-0.124191,-0.235365
2026-05-25 15:50:14.286,189.199820,0.000000,0.000000,0.000000,-0.100911,-0.093881,-0.252134,0.057866,-0.086967,-0.250864,-0.021523,-0.090424,-0.251499,-0.007666,-0.120588,-0.190648,-0.008261,-0.124191,-0.235365
2026-05-25 15:50:14.386,189.299819,0.000000,0.000000,0.000000,-0.100789,-0.094956,-0.252082,0.057736,-0.088063,-0.250814,-0.021527,-0.091509,-0.251448,-0.007640,-0.119517,-0.190601,-0.008261,-0.124191,-0.235365
2026-05-25 15:50:14.486,189.399819,0.000000,0.000000,0.000000,-0.100911,-0.093881,-0.252134,0.057736,-0.088063,-0.250814,-0.021588,-0.090972,-0.251474,-0.007692,-0.121660,-0.190695,-0.008261,-0.124191,-0.235365
2026-05-25 15:50:14.586,189.499819,0.000000,0.000000,0.000000,-0.100789,-0.094956,-0.252082,0.057736,-0.088063,-0.250814,-0.021527,-0.091509,-0.251448,-0.007692,-0.121660,-0.190695,-0.008261,-0.124191,-0.235365
2026-05-25 15:50:14.686,189.599819,0.000000,0.000000,0.000000,-0.100789,-0.094956,-0.252082,0.057866,-0.086967,-0.250864,-0.021462,-0.090962,-0.251473,-0.007666,-0.120588,-0.190648,-0.008261,-0.124191,-0.235365
2026-05-25 15:50:14.786,189.699819,0.000000,0.000000,0.000000,-0.100911,-0.093881,-0.252134,0.057736,-0.088063,-0.250814,-0.021588,-0.090972,-0.251474,-0.007666,-0.120588,-0.190648,-0.008261,-0.124191,-0.235365
2026-05-25 15:50:14.886,189.799819,0.000000,0.000000,0.000000,-0.100789,-0.094956,-0.252082,0.057866,-0.086967,-0.250864,-0.021462,-0.090962,-0.251473,-0.007666,-0.120588,-0.190648,-0.008261,-0.124191,-0.235365
2026-05-25 15:50:14.986,189.899819,0.000000,0.000000,0.000000,-0.100911,-0.093881,-0.252134,0.057866,-0.086967,-0.250864,-0.021523,-0.090424,-0.251499,-0.007666,-0.120588,-0.190648,-0.008287,-0.125274,-0.235338
2026-05-25 15:50:15.086,189.999819,0.000000,0.000000,0.000000,-0.100911,-0.093881,-0.252134,0.057866,-0.086967,-0.250864,-0.021523,-0.090424,-0.251499,-0.007666,-0.120588,-0.190648,-0.008261,-0.124191,-0.235365
2026-05-25 15:50:15.186,190.099819,0.000000,0.000000,0.000000,-0.100911,-0.093881,-0.252134,0.057866,-0.086967,-0.250864,-0.021523,-0.090424,-0.251499,-0.007666,-0.120588,-0.190648,-0.008261,-0.124191,-0.235365
2026-05-25 15:50:15.286,190.199819,0.000000,0.000000,0.000000,-0.100789,-0.094956,-0.252082,0.057736,-0.088063,-0.250814,-0.021527,-0.091509,-0.251448,-0.007666,-0.120588,-0.190648,-0.008287,-0.125274,-0.235338
2026-05-25 15:50:15.386,190.299819,0.000000,0.000000,0.000000,-0.100789,-0.094956,-0.252082,0.057866,-0.086967,-0.250864,-0.021462,-0.090962,-0.251473,-0.007666,-0.120588,-0.190648,-0.008261,-0.124191,-0.235365
2026-05-25 15:50:15.486,190.399818,0.000000,0.000000,0.000000,-0.100789,-0.094956,-0.252082,0.057866,-0.086967,-0.250864,-0.021462,-0.090962,-0.251473,-0.007692,-0.121660,-0.190695,-0.008261,-0.124191,-0.235365
2026-05-25 15:50:15.586,190.499818,0.000000,0.000000,0.000000,-0.100789,-0.094956,-0.252082,0.057866,-0.086967,-0.250864,-0.021462,-0.090962,-0.251473,-0.007692,-0.121660,-0.190695,-0.008261,-0.124191,-0.235365
2026-05-25 15:50:15.686,190.599818,0.000000,0.000000,0.000000,-0.100789,-0.094956,-0.252082,0.057736,-0.088063,-0.250814,-0.021527,-0.091509,-0.251448,-0.007666,-0.120588,-0.190648,-0.008261,-0.124191,-0.235365
2026-05-25 15:50:15.786,190.699818,0.000000,0.000000,0.000000,-0.100667,-0.096031,-0.252030,0.057736,-0.088063,-0.250814,-0.021466,-0.092047,-0.251422,-0.007666,-0.120588,-0.190648,-0.008261,-0.124191,-0.235365
2026-05-25 15:50:15.886,190.799818,0.000000,0.000000,0.000000,-0.100911,-0.093881,-0.252134,0.057736,-0.088063,-0.250814,-0.021588,-0.090972,-0.251474,-0.007666,-0.120588,-0.190648,-0.008261,-0.124191,-0.235365
2026-05-25 15:50:15.986,190.899818,0.000000,0.000000,0.000000,-0.100789,-0.094956,-0.252082,0.057736,-0.088063,-0.250814,-0.021527,-0.091509,-0.251448,-0.007666,-0.120588,-0.190648,-0.008261,-0.124191,-0.235365
2026-05-25 15:50:16.086,190.999818,0.000000,0.000000,0.000000,-0.100911,-0.093881,-0.252134,0.057866,-0.086967,-0.250864,-0.021523,-0.090424,-0.251499,-0.007666,-0.120588,-0.190648,-0.008261,-0.124191,-0.235365
2026-05-25 15:50:16.186,191.099818,0.000000,0.000000,0.000000,-0.100789,-0.094956,-0.252082,0.057736,-0.088063,-0.250814,-0.021527,-0.091509,-0.251448,-0.007666,-0.120588,-0.190648,-0.008287,-0.125274,-0.235338
2026-05-25 15:50:16.286,191.199818,0.000000,0.000000,0.000000,-0.100789,-0.094956,-0.252082,0.057736,-0.088063,-0.250814,-0.021527,-0.091509,-0.251448,-0.007666,-0.120588,-0.190648,-0.008261,-0.124191,-0.235365
2026-05-25 15:50:16.386,191.299818,0.000000,0.000000,0.000000,-0.100789,-0.094956,-0.252082,0.057866,-0.086967,-0.250864,-0.021462,-0.090962,-0.251473,-0.007640,-0.119517,-0.190601,-0.008261,-0.124191,-0.235365
2026-05-25 15:50:16.486,191.399817,0.000000,0.000000,0.000000,-0.100789,-0.094956,-0.252082,0.057866,-0.086967,-0.250864,-0.021462,-0.090962,-0.251473,-0.007666,-0.120588,-0.190648,-0.008261,-0.124191,-0.235365
2026-05-25 15:50:16.586,191.499817,0.000000,0.000000,0.000000,-0.100911,-0.093881,-0.252134,0.057736,-0.088063,-0.250814,-0.021588,-0.090972,-0.251474,-0.007666,-0.120588,-0.190648,-0.008261,-0.124191,-0.235365
2026-05-25 15:50:16.686,191.599817,0.000000,0.000000,0.000000,-0.100911,-0.093881,-0.252134,0.057866,-0.086967,-0.250864,-0.021523,-0.090424,-0.251499,-0.007640,-0.119517,-0.190601,-0.008261,-0.124191,-0.235365
2026-05-25 15:50:16.786,191.699817,0.000000,0.000000,0.000000,-0.100789,-0.094956,-0.252082,0.057736,-0.088063,-0.250814,-0.021527,-0.091509,-0.251448,-0.007666,-0.120588,-0.190648,-0.008261,-0.124191,-0.235365
2026-05-25 15:50:16.886,191.799817,0.000000,0.000000,0.000000,-0.100911,-0.093881,-0.252134,0.057736,-0.088063,-0.250814,-0.021588,-0.090972,-0.251474,-0.007666,-0.120588,-0.190648,-0.008261,-0.124191,-0.235365
2026-05-25 15:50:16.986,191.899817,0.000000,0.000000,0.000000,-0.100789,-0.094956,-0.252082,0.057736,-0.088063,-0.250814,-0.021527,-0.091509,-0.251448,-0.007640,-0.119517,-0.190601,-0.008287,-0.125274,-0.235338
2026-05-25 15:50:17.086,191.999817,0.000000,0.000000,0.000000,-0.100789,-0.094956,-0.252082,0.057736,-0.088063,-0.250814,-0.021527,-0.091509,-0.251448,-0.007640,-0.119517,-0.190601,-0.008287,-0.125274,-0.235338
2026-05-25 15:50:17.186,192.099817,0.000000,0.000000,0.000000,-0.100911,-0.093881,-0.252134,0.057736,-0.088063,-0.250814,-0.021588,-0.090972,-0.251474,-0.007640,-0.119517,-0.190601,-0.008261,-0.124191,-0.235365
2026-05-25 15:50:17.286,192.199817,0.000000,0.000000,0.000000,-0.100911,-0.093881,-0.252134,0.057736,-0.088063,-0.250814,-0.021588,-0.090972,-0.251474,-0.007666,-0.120588,-0.190648,-0.008261,-0.124191,-0.235365
2026-05-25 15:50:17.386,192.299817,0.000000,0.000000,0.000000,-0.100789,-0.094956,-0.252082,0.057736,-0.088063,-0.250814,-0.021527,-0.091509,-0.251448,-0.007666,-0.120588,-0.190648,-0.008261,-0.124191,-0.235365
2026-05-25 15:50:17.486,192.399817,0.000000,0.000000,0.000000,-0.100789,-0.094956,-0.252082,0.057866,-0.086967,-0.250864,-0.021462,-0.090962,-0.251473,-0.007640,-0.119517,-0.190601,-0.008261,-0.124191,-0.235365
2026-05-25 15:50:17.586,192.499816,0.000000,0.000000,0.000000,-0.100789,-0.094956,-0.252082,0.057736,-0.088063,-0.250814,-0.021527,-0.091509,-0.251448,-0.007666,-0.120588,-0.190648,-0.008261,-0.124191,-0.235365
2026-05-25 15:50:17.686,192.599816,0.000000,0.000000,0.000000,-0.100789,-0.094956,-0.252082,0.057736,-0.088063,-0.250814,-0.021527,-0.091509,-0.251448,-0.007666,-0.120588,-0.190648,-0.008261,-0.124191,-0.235365
2026-05-25 15:50:17.786,192.699816,0.000000,0.000000,0.000000,-0.100789,-0.094956,-0.252082,0.057736,-0.088063,-0.250814,-0.021527,-0.091509,-0.251448,-0.007666,-0.120588,-0.190648,-0.008261,-0.124191,-0.235365
2026-05-25 15:50:17.886,192.799816,0.000000,0.000000,0.000000,-0.100789,-0.094956,-0.252082,0.057866,-0.086967,-0.250864,-0.021462,-0.090962,-0.251473,-0.007666,-0.120588,-0.190648,-0.008261,-0.124191,-0.235365
2026-05-25 15:50:17.986,192.899816,0.000000,0.000000,0.000000,-0.100789,-0.094956,-0.252082,0.057736,-0.088063,-0.250814,-0.021527,-0.091509,-0.251448,-0.007640,-0.119517,-0.190601,-0.008261,-0.124191,-0.235365
2026-05-25 15:50:18.086,192.999816,0.000000,0.000000,0.000000,-0.100911,-0.093881,-0.252134,0.057736,-0.088063,-0.250814,-0.021588,-0.090972,-0.251474,-0.007640,-0.119517,-0.190601,-0.008287,-0.125274,-0.235338
2026-05-25 15:50:18.186,193.099816,0.000000,0.000000,0.000000,-0.100789,-0.094956,-0.252082,0.057866,-0.086967,-0.250864,-0.021462,-0.090962,-0.251473,-0.007640,-0.119517,-0.190601,-0.008261,-0.124191,-0.235365
2026-05-25 15:50:18.286,193.199816,0.000000,0.000000,0.000000,-0.100789,-0.094956,-0.252082,0.057866,-0.086967,-0.250864,-0.021462,-0.090962,-0.251473,-0.007640,-0.119517,-0.190601,-0.008261,-0.124191,-0.235365
2026-05-25 15:50:18.386,193.299816,0.000000,0.000000,0.000000,-0.100911,-0.093881,-0.252134,0.057736,-0.088063,-0.250814,-0.021588,-0.090972,-0.251474,-0.007640,-0.119517,-0.190601,-0.008261,-0.124191,-0.235365
2026-05-25 15:50:18.486,193.399816,0.000000,0.000000,0.000000,-0.100911,-0.093881,-0.252134,0.057736,-0.088063,-0.250814,-0.021588,-0.090972,-0.251474,-0.007666,-0.120588,-0.190648,-0.008261,-0.124191,-0.235365
2026-05-25 15:50:18.586,193.499815,0.000000,0.000000,0.000000,-0.100789,-0.094956,-0.252082,0.057736,-0.088063,-0.250814,-0.021527,-0.091509,-0.251448,-0.007640,-0.119517,-0.190601,-0.008261,-0.124191,-0.235365
2026-05-25 15:50:18.686,193.599815,0.000000,0.000000,0.000000,-0.100789,-0.094956,-0.252082,0.057736,-0.088063,-0.250814,-0.021527,-0.091509,-0.251448,-0.007640,-0.119517,-0.190601,-0.008261,-0.124191,-0.235365
2026-05-25 15:50:18.786,193.699815,0.000000,0.000000,0.000000,-0.100789,-0.094956,-0.252082,0.057866,-0.086967,-0.250864,-0.021462,-0.090962,-0.251473,-0.007666,-0.120588,-0.190648,-0.008261,-0.124191,-0.235365
2026-05-25 15:50:18.886,193.799815,0.000000,0.000000,0.000000,-0.100789,-0.094956,-0.252082,0.057736,-0.088063,-0.250814,-0.021527,-0.091509,-0.251448,-0.007640,-0.119517,-0.190601,-0.008261,-0.124191,-0.235365
2026-05-25 15:50:18.986,193.899815,0.000000,0.000000,0.000000,-0.100789,-0.094956,-0.252082,0.057736,-0.088063,-0.250814,-0.021527,-0.091509,-0.251448,-0.007719,-0.122731,-0.190742,-0.008261,-0.124191,-0.235365
2026-05-25 15:50:19.086,193.999815,0.000000,0.000000,0.000000,-0.100789,-0.094956,-0.252082,0.057736,-0.088063,-0.250814,-0.021527,-0.091509,-0.251448,-0.007698,-0.121547,-0.191397,-0.008287,-0.125274,-0.235338
2026-05-25 15:50:19.186,194.099815,0.000000,0.000000,0.000000,-0.100789,-0.094956,-0.252082,0.057736,-0.088063,-0.250814,-0.021527,-0.091509,-0.251448,-0.007724,-0.122618,-0.191442,-0.008287,-0.125274,-0.235338
2026-05-25 15:50:19.286,194.199815,0.000000,0.000000,0.000000,-0.100789,-0.094956,-0.252082,0.057866,-0.086967,-0.250864,-0.021462,-0.090962,-0.251473,-0.007724,-0.122618,-0.191442,-0.008287,-0.125274,-0.235338
2026-05-25 15:50:19.386,194.299815,0.000000,0.000000,0.000000,-0.100789,-0.094956,-0.252082,0.057736,-0.088063,-0.250814,-0.021527,-0.091509,-0.251448,-0.007018,-0.122559,-0.191438,-0.008312,-0.126357,-0.235311
2026-05-25 15:50:19.486,194.399815,0.000000,0.000000,0.000000,-0.100911,-0.093881,-0.252134,0.057736,-0.088063,-0.250814,-0.021588,-0.090972,-0.251474,-0.007004,-0.122023,-0.191415,-0.008287,-0.125274,-0.235338
2026-05-25 15:50:19.586,194.499815,0.000000,0.000000,0.000000,-0.100789,-0.094956,-0.252082,0.057866,-0.086967,-0.250864,-0.021462,-0.090962,-0.251473,-0.006990,-0.121487,-0.191392,-0.008312,-0.126357,-0.235311
2026-05-25 15:50:19.686,194.599814,0.000000,0.000000,0.000000,-0.100789,-0.094956,-0.252082,0.057736,-0.088063,-0.250814,-0.021527,-0.091509,-0.251448,-0.006990,-0.121487,-0.191392,-0.008312,-0.126357,-0.235311
2026-05-25 15:50:19.786,194.699814,0.000000,0.000000,0.000000,-0.100789,-0.094956,-0.252082,0.057866,-0.086967,-0.250864,-0.021462,-0.090962,-0.251473,-0.007018,-0.122559,-0.191438,-0.008312,-0.126357,-0.235311
2026-05-25 15:50:19.886,194.799814,0.000000,0.000000,0.000000,-0.100789,-0.094956,-0.252082,0.057866,-0.086967,-0.250864,-0.021462,-0.090962,-0.251473,-0.006996,-0.121374,-0.192094,-0.008338,-0.127440,-0.235285
2026-05-25 15:50:19.986,194.899814,0.000000,0.000000,0.000000,-0.100789,-0.094956,-0.252082,0.057866,-0.086967,-0.250864,-0.021462,-0.090962,-0.251473,-0.006996,-0.121374,-0.192094,-0.008343,-0.127329,-0.235973
2026-05-25 15:50:20.086,194.999814,0.000000,0.000000,0.000000,-0.100911,-0.093881,-0.252134,0.057606,-0.089159,-0.250764,-0.021653,-0.091520,-0.251449,-0.006996,-0.121374,-0.192094,-0.008343,-0.127329,-0.235973
2026-05-25 15:50:20.186,195.099814,0.000000,0.000000,0.000000,-0.100789,-0.094956,-0.252082,0.057606,-0.089159,-0.250764,-0.021592,-0.092057,-0.251423,-0.006996,-0.121374,-0.192094,-0.008343,-0.127329,-0.235973
2026-05-25 15:50:20.286,195.199814,0.000000,0.000000,0.000000,-0.100789,-0.094956,-0.252082,0.057866,-0.086967,-0.250864,-0.021462,-0.090962,-0.251473,-0.006996,-0.121374,-0.192094,-0.009037,-0.127388,-0.235977
2026-05-25 15:50:20.386,195.299814,0.000000,0.000000,0.000000,-0.100911,-0.093881,-0.252134,0.057736,-0.088063,-0.250814,-0.021588,-0.090972,-0.251474,-0.007023,-0.122446,-0.192139,-0.009037,-0.127388,-0.235977
2026-05-25 15:50:20.486,195.399814,0.000000,0.000000,0.000000,-0.100789,-0.094956,-0.252082,0.057736,-0.088063,-0.250814,-0.021527,-0.091509,-0.251448,-0.006996,-0.121374,-0.192094,-0.008369,-0.128413,-0.235945
2026-05-25 15:50:20.586,195.499814,0.000000,0.000000,0.000000,-0.100789,-0.094956,-0.252082,0.057736,-0.088063,-0.250814,-0.021527,-0.091509,-0.251448,-0.007001,-0.121262,-0.192796,-0.008343,-0.127329,-0.235973
2026-05-25 15:50:20.686,195.599813,0.000000,0.000000,0.000000,-0.100789,-0.094956,-0.252082,0.057606,-0.089159,-0.250764,-0.021592,-0.092057,-0.251423,-0.006996,-0.121374,-0.192094,-0.009037,-0.127388,-0.235977
2026-05-25 15:50:20.786,195.699813,0.000000,0.000000,0.000000,-0.100789,-0.094956,-0.252082,0.057736,-0.088063,-0.250814,-0.021527,-0.091509,-0.251448,-0.006996,-0.121374,-0.192094,-0.008369,-0.128413,-0.235945
2026-05-25 15:50:20.886,195.799813,0.000000,0.000000,0.000000,-0.100667,-0.096031,-0.252030,0.057736,-0.088063,-0.250814,-0.021466,-0.092047,-0.251422,-0.006996,-0.121374,-0.192094,-0.008343,-0.127329,-0.235973
2026-05-25 15:50:20.986,195.899813,0.000000,0.000000,0.000000,-0.100789,-0.094956,-0.252082,0.057736,-0.088063,-0.250814,-0.021527,-0.091509,-0.251448,-0.007023,-0.122446,-0.192139,-0.008343,-0.127329,-0.235973
2026-05-25 15:50:21.086,195.999813,0.000000,0.000000,0.000000,-0.100789,-0.094956,-0.252082,0.057736,-0.088063,-0.250814,-0.021527,-0.091509,-0.251448,-0.006996,-0.121374,-0.192094,-0.008369,-0.128413,-0.235945
2026-05-25 15:50:21.186,196.099813,0.000000,0.000000,0.000000,-0.100789,-0.094956,-0.252082,0.057736,-0.088063,-0.250814,-0.021527,-0.091509,-0.251448,-0.007023,-0.122446,-0.192139,-0.009037,-0.127388,-0.235977
2026-05-25 15:50:21.286,196.199813,0.000000,0.000000,0.000000,-0.100789,-0.094956,-0.252082,0.057866,-0.086967,-0.250864,-0.021462,-0.090962,-0.251473,-0.007023,-0.122446,-0.192139,-0.009037,-0.127388,-0.235977
2026-05-25 15:50:21.386,196.299813,0.000000,0.000000,0.000000,-0.100789,-0.094956,-0.252082,0.057736,-0.088063,-0.250814,-0.021527,-0.091509,-0.251448,-0.007023,-0.122446,-0.192139,-0.009061,-0.128471,-0.235949
2026-05-25 15:50:21.486,196.399813,0.000000,0.000000,0.000000,-0.100789,-0.094956,-0.252082,0.057736,-0.088063,-0.250814,-0.021527,-0.091509,-0.251448,-0.007023,-0.122446,-0.192139,-0.009061,-0.128471,-0.235949
2026-05-25 15:50:21.586,196.499813,0.000000,0.000000,0.000000,-0.100789,-0.094956,-0.252082,0.057736,-0.088063,-0.250814,-0.021527,-0.091509,-0.251448,-0.007023,-0.122446,-0.192139,-0.008369,-0.128413,-0.235945
2026-05-25 15:50:21.686,196.599813,0.000000,0.000000,0.000000,-0.100911,-0.093881,-0.252134,0.057736,-0.088063,-0.250814,-0.021588,-0.090972,-0.251474,-0.007023,-0.122446,-0.192139,-0.008369,-0.128413,-0.235945
2026-05-25 15:50:21.786,196.699812,0.000000,0.000000,0.000000,-0.100789,-0.094956,-0.252082,0.057736,-0.088063,-0.250814,-0.021527,-0.091509,-0.251448,-0.006996,-0.121374,-0.192094,-0.009037,-0.127388,-0.235977
2026-05-25 15:50:21.886,196.799812,0.000000,0.000000,0.000000,-0.100789,-0.094956,-0.252082,0.057866,-0.086967,-0.250864,-0.021462,-0.090962,-0.251473,-0.007001,-0.121262,-0.192796,-0.008369,-0.128413,-0.235945
2026-05-25 15:50:21.986,196.899812,0.000000,0.000000,0.000000,-0.100789,-0.094956,-0.252082,0.057606,-0.089159,-0.250764,-0.021592,-0.092057,-0.251423,-0.007023,-0.122446,-0.192139,-0.009061,-0.128471,-0.235949
2026-05-25 15:50:22.086,196.999812,0.000000,0.000000,0.000000,-0.100789,-0.094956,-0.252082,0.057736,-0.088063,-0.250814,-0.021527,-0.091509,-0.251448,-0.007028,-0.122333,-0.192839,-0.009061,-0.128471,-0.235949
2026-05-25 15:50:22.186,197.099812,0.000000,0.000000,0.000000,-0.100789,-0.094956,-0.252082,0.057866,-0.086967,-0.250864,-0.021462,-0.090962,-0.251473,-0.007028,-0.122333,-0.192839,-0.009037,-0.127388,-0.235977
2026-05-25 15:50:22.286,197.199812,0.000000,0.000000,0.000000,-0.100789,-0.094956,-0.252082,0.057866,-0.086967,-0.250864,-0.021462,-0.090962,-0.251473,-0.007023,-0.122446,-0.192139,-0.009037,-0.127388,-0.235977
2026-05-25 15:50:22.386,197.299812,0.000000,0.000000,0.000000,-0.100789,-0.094956,-0.252082,0.057866,-0.086967,-0.250864,-0.021462,-0.090962,-0.251473,-0.007023,-0.122446,-0.192139,-0.009061,-0.128471,-0.235949
2026-05-25 15:50:22.486,197.399812,0.000000,0.000000,0.000000,-0.100789,-0.094956,-0.252082,0.057736,-0.088063,-0.250814,-0.021527,-0.091509,-0.251448,-0.007023,-0.122446,-0.192139,-0.009037,-0.127388,-0.235977
2026-05-25 15:50:22.586,197.499812,0.000000,0.000000,0.000000,-0.100789,-0.094956,-0.252082,0.057866,-0.086967,-0.250864,-0.021462,-0.090962,-0.251473,-0.007023,-0.122446,-0.192139,-0.008369,-0.128413,-0.235945
2026-05-25 15:50:22.686,197.599812,0.000000,0.000000,0.000000,-0.100789,-0.094956,-0.252082,0.057736,-0.088063,-0.250814,-0.021527,-0.091509,-0.251448,-0.007015,-0.121797,-0.192818,-0.008369,-0.128413,-0.235945
2026-05-25 15:50:22.786,197.699811,0.000000,0.000000,0.000000,-0.100911,-0.093881,-0.252134,0.057736,-0.088063,-0.250814,-0.021588,-0.090972,-0.251474,-0.007023,-0.122446,-0.192139,-0.009037,-0.127388,-0.235977
2026-05-25 15:50:22.886,197.799811,0.000000,0.000000,0.000000,-0.100789,-0.094956,-0.252082,0.057606,-0.089159,-0.250764,-0.021592,-0.092057,-0.251423,-0.007028,-0.122333,-0.192839,-0.009037,-0.127388,-0.235977
2026-05-25 15:50:22.986,197.899811,0.000000,0.000000,0.000000,-0.100911,-0.093881,-0.252134,0.057736,-0.088063,-0.250814,-0.021588,-0.090972,-0.251474,-0.006996,-0.121374,-0.192094,-0.009037,-0.127388,-0.235977
2026-05-25 15:50:23.086,197.999811,0.000000,0.000000,0.000000,-0.100795,-0.094839,-0.252811,0.057866,-0.086967,-0.250864,-0.021464,-0.090903,-0.251838,-0.007023,-0.122446,-0.192139,-0.008356,-0.127871,-0.235959
2026-05-25 15:50:23.186,198.099811,0.000000,0.000000,0.000000,-0.100911,-0.093881,-0.252134,0.057736,-0.088063,-0.250814,-0.021588,-0.090972,-0.251474,-0.007028,-0.122333,-0.192839,-0.009037,-0.127388,-0.235977
2026-05-25 15:50:23.286,198.199811,0.000000,0.000000,0.000000,-0.100789,-0.094956,-0.252082,0.057866,-0.086967,-0.250864,-0.021462,-0.090962,-0.251473,-0.006996,-0.121374,-0.192094,-0.008343,-0.127329,-0.235973
2026-05-25 15:50:23.386,198.299811,0.000000,0.000000,0.000000,-0.100789,-0.094956,-0.252082,0.057866,-0.086967,-0.250864,-0.021462,-0.090962,-0.251473,-0.007001,-0.121262,-0.192796,-0.009061,-0.128471,-0.235949
2026-05-25 15:50:23.486,198.399811,0.000000,0.000000,0.000000,-0.100789,-0.094956,-0.252082,0.057736,-0.088063,-0.250814,-0.021527,-0.091509,-0.251448,-0.007001,-0.121262,-0.192796,-0.009061,-0.128471,-0.235949
2026-05-25 15:50:23.586,198.499811,0.000000,0.000000,0.000000,-0.100667,-0.096031,-0.252030,0.057866,-0.086967,-0.250864,-0.021401,-0.091499,-0.251447,-0.006996,-0.121374,-0.192094,-0.009037,-0.127388,-0.235977
2026-05-25 15:50:23.686,198.599811,0.000000,0.000000,0.000000,-0.100789,-0.094956,-0.252082,0.057736,-0.088063,-0.250814,-0.021527,-0.091509,-0.251448,-0.007001,-0.121262,-0.192796,-0.008343,-0.127329,-0.235973
2026-05-25 15:50:23.786,198.699811,0.000000,0.000000,0.000000,-0.100789,-0.094956,-0.252082,0.057736,-0.088063,-0.250814,-0.021527,-0.091509,-0.251448,-0.007028,-0.122333,-0.192839,-0.009037,-0.127388,-0.235977
2026-05-25 15:50:23.886,198.799810,0.000000,0.000000,0.000000,-0.100789,-0.094956,-0.252082,0.057736,-0.088063,-0.250814,-0.021527,-0.091509,-0.251448,-0.007023,-0.122446,-0.192139,-0.008343,-0.127329,-0.235973
2026-05-25 15:50:23.986,198.899810,0.000000,0.000000,0.000000,-0.100789,-0.094956,-0.252082,0.057736,-0.088063,-0.250814,-0.021527,-0.091509,-0.251448,-0.007023,-0.122446,-0.192139,-0.008343,-0.127329,-0.235973
2026-05-25 15:50:24.086,198.999810,0.000000,0.000000,0.000000,-0.100911,-0.093881,-0.252134,0.057736,-0.088063,-0.250814,-0.021588,-0.090972,-0.251474,-0.007023,-0.122446,-0.192139,-0.009037,-0.127388,-0.235977
2026-05-25 15:50:24.186,199.099810,0.000000,0.000000,0.000000,-0.100789,-0.094956,-0.252082,0.057736,-0.088063,-0.250814,-0.021527,-0.091509,-0.251448,-0.007023,-0.122446,-0.192139,-0.008369,-0.128413,-0.235945
2026-05-25 15:50:24.286,199.199810,0.000000,0.000000,0.000000,-0.100789,-0.094956,-0.252082,0.057736,-0.088063,-0.250814,-0.021527,-0.091509,-0.251448,-0.006996,-0.121374,-0.192094,-0.009037,-0.127388,-0.235977
2026-05-25 15:50:24.386,199.299810,0.000000,0.000000,0.000000,-0.100789,-0.094956,-0.252082,0.057736,-0.088063,-0.250814,-0.021527,-0.091509,-0.251448,-0.007028,-0.122333,-0.192839,-0.008343,-0.127329,-0.235973
2026-05-25 15:50:24.486,199.399810,0.000000,0.000000,0.000000,-0.100789,-0.094956,-0.252082,0.057736,-0.088063,-0.250814,-0.021527,-0.091509,-0.251448,-0.007001,-0.121262,-0.192796,-0.008369,-0.128413,-0.235945
2026-05-25 15:50:24.586,199.499810,0.000000,0.000000,0.000000,-0.100911,-0.093881,-0.252134,0.057736,-0.088063,-0.250814,-0.021588,-0.090972,-0.251474,-0.007023,-0.122446,-0.192139,-0.008343,-0.127329,-0.235973
2026-05-25 15:50:24.686,199.599810,0.000000,0.000000,0.000000,-0.100789,-0.094956,-0.252082,0.057736,-0.088063,-0.250814,-0.021527,-0.091509,-0.251448,-0.007023,-0.122446,-0.192139,-0.008369,-0.128413,-0.235945
2026-05-25 15:50:24.786,199.699810,0.000000,0.000000,0.000000,-0.100667,-0.096031,-0.252030,0.057736,-0.088063,-0.250814,-0.021466,-0.092047,-0.251422,-0.006996,-0.121374,-0.192094,-0.009037,-0.127388,-0.235977
2026-05-25 15:50:24.886,199.799809,0.000000,0.000000,0.000000,-0.100789,-0.094956,-0.252082,0.057736,-0.088063,-0.250814,-0.021527,-0.091509,-0.251448,-0.007023,-0.122446,-0.192139,-0.009037,-0.127388,-0.235977
2026-05-25 15:50:24.986,199.899809,0.000000,0.000000,0.000000,-0.100789,-0.094956,-0.252082,0.057736,-0.088063,-0.250814,-0.021527,-0.091509,-0.251448,-0.006996,-0.121374,-0.192094,-0.008369,-0.128413,-0.235945
2026-05-25 15:50:25.086,199.999809,0.000000,0.000000,0.000000,-0.100789,-0.094956,-0.252082,0.057866,-0.086967,-0.250864,-0.021462,-0.090962,-0.251473,-0.006996,-0.121374,-0.192094,-0.008369,-0.128413,-0.235945
2026-05-25 15:50:25.186,200.099809,0.000000,0.000000,0.000000,-0.100789,-0.094956,-0.252082,0.057736,-0.088063,-0.250814,-0.021527,-0.091509,-0.251448,-0.006996,-0.121374,-0.192094,-0.008343,-0.127329,-0.235973
2026-05-25 15:50:25.286,200.199809,0.000000,0.000000,0.000000,-0.100789,-0.094956,-0.252082,0.057736,-0.088063,-0.250814,-0.021527,-0.091509,-0.251448,-0.006996,-0.121374,-0.192094,-0.008312,-0.126357,-0.235311
2026-05-25 15:50:25.386,200.299809,0.000000,0.000000,0.000000,-0.100789,-0.094956,-0.252082,0.057736,-0.088063,-0.250814,-0.021527,-0.091509,-0.251448,-0.006996,-0.121374,-0.192094,-0.008312,-0.126357,-0.235311
2026-05-25 15:50:25.486,200.399809,0.000000,0.000000,0.000000,-0.100911,-0.093881,-0.252134,0.057736,-0.088063,-0.250814,-0.021588,-0.090972,-0.251474,-0.006996,-0.121374,-0.192094,-0.008287,-0.125274,-0.235338
2026-05-25 15:50:25.586,200.499809,0.000000,0.000000,0.000000,-0.100911,-0.093881,-0.252134,0.057866,-0.086967,-0.250864,-0.021523,-0.090424,-0.251499,-0.006990,-0.121487,-0.191392,-0.008312,-0.126357,-0.235311
2026-05-25 15:50:25.686,200.599809,0.000000,0.000000,0.000000,-0.100789,-0.094956,-0.252082,0.057736,-0.088063,-0.250814,-0.021527,-0.091509,-0.251448,-0.007018,-0.122559,-0.191438,-0.008312,-0.126357,-0.235311
2026-05-25 15:50:25.786,200.699809,0.000000,0.000000,0.000000,-0.100789,-0.094956,-0.252082,0.057736,-0.088063,-0.250814,-0.021527,-0.091509,-0.251448,-0.006990,-0.121487,-0.191392,-0.008287,-0.125274,-0.235338
2026-05-25 15:50:25.886,200.799809,0.000000,0.000000,0.000000,-0.100789,-0.094956,-0.252082,0.057736,-0.088063,-0.250814,-0.021527,-0.091509,-0.251448,-0.007018,-0.122559,-0.191438,-0.008312,-0.126357,-0.235311
2026-05-25 15:50:25.986,200.899808,0.000000,0.000000,0.000000,-0.100789,-0.094956,-0.252082,0.057866,-0.086967,-0.250864,-0.021462,-0.090962,-0.251473,-0.006990,-0.121487,-0.191392,-0.008287,-0.125274,-0.235338
2026-05-25 15:50:26.086,200.999808,0.000000,0.000000,0.000000,-0.100789,-0.094956,-0.252082,0.057866,-0.086967,-0.250864,-0.021462,-0.090962,-0.251473,-0.006990,-0.121487,-0.191392,-0.008287,-0.125274,-0.235338
2026-05-25 15:50:26.186,201.099808,0.000000,0.000000,0.000000,-0.100789,-0.094956,-0.252082,0.057866,-0.086967,-0.250864,-0.021462,-0.090962,-0.251473,-0.007698,-0.121547,-0.191397,-0.008261,-0.124191,-0.235365
2026-05-25 15:50:26.286,201.199808,0.000000,0.000000,0.000000,-0.100789,-0.094956,-0.252082,0.057736,-0.088063,-0.250814,-0.021527,-0.091509,-0.251448,-0.006963,-0.120415,-0.191347,-0.008261,-0.124191,-0.235365
2026-05-25 15:50:26.386,201.299808,0.000000,0.000000,0.000000,-0.100789,-0.094956,-0.252082,0.057866,-0.086967,-0.250864,-0.021462,-0.090962,-0.251473,-0.007672,-0.120475,-0.191351,-0.008261,-0.124191,-0.235365
2026-05-25 15:50:26.486,201.399808,0.000000,0.000000,0.000000,-0.100911,-0.093881,-0.252134,0.057866,-0.086967,-0.250864,-0.021523,-0.090424,-0.251499,-0.007672,-0.120475,-0.191351,-0.008261,-0.124191,-0.235365
2026-05-25 15:50:26.586,201.499808,0.000000,0.000000,0.000000,-0.100789,-0.094956,-0.252082,0.057736,-0.088063,-0.250814,-0.021527,-0.091509,-0.251448,-0.007645,-0.119404,-0.191305,-0.008261,-0.124191,-0.235365
2026-05-25 15:50:26.686,201.599808,0.000000,0.000000,0.000000,-0.100789,-0.094956,-0.252082,0.057736,-0.088063,-0.250814,-0.021527,-0.091509,-0.251448,-0.007672,-0.120475,-0.191351,-0.008261,-0.124191,-0.235365
2026-05-25 15:50:26.786,201.699808,0.000000,0.000000,0.000000,-0.100789,-0.094956,-0.252082,0.057866,-0.086967,-0.250864,-0.021462,-0.090962,-0.251473,-0.007640,-0.119517,-0.190601,-0.008261,-0.124191,-0.235365
2026-05-25 15:50:26.886,201.799808,0.000000,0.000000,0.000000,-0.100789,-0.094956,-0.252082,0.057866,-0.086967,-0.250864,-0.021462,-0.090962,-0.251473,-0.007640,-0.119517,-0.190601,-0.008261,-0.124191,-0.235365
2026-05-25 15:50:26.986,201.899807,0.000000,0.000000,0.000000,-0.100789,-0.094956,-0.252082,0.057736,-0.088063,-0.250814,-0.021527,-0.091509,-0.251448,-0.007614,-0.118446,-0.190554,-0.008261,-0.124191,-0.235365
2026-05-25 15:50:27.086,201.999807,0.000000,0.000000,0.000000,-0.100911,-0.093881,-0.252134,0.057866,-0.086967,-0.250864,-0.021523,-0.090424,-0.251499,-0.008325,-0.118506,-0.190559,-0.008235,-0.123108,-0.235392
2026-05-25 15:50:27.186,202.099807,0.000000,0.000000,0.000000,-0.100789,-0.094956,-0.252082,0.057736,-0.088063,-0.250814,-0.021527,-0.091509,-0.251448,-0.008325,-0.118506,-0.190559,-0.008235,-0.123108,-0.235392
2026-05-25 15:50:27.286,202.199807,0.000000,0.000000,0.000000,-0.100789,-0.094956,-0.252082,0.057866,-0.086967,-0.250864,-0.021462,-0.090962,-0.251473,-0.008325,-0.118506,-0.190559,-0.008235,-0.123108,-0.235392
2026-05-25 15:50:27.386,202.299807,0.000000,0.000000,0.000000,-0.100911,-0.093881,-0.252134,0.057606,-0.089159,-0.250764,-0.021653,-0.091520,-0.251449,-0.008300,-0.117435,-0.190512,-0.008235,-0.123108,-0.235392
2026-05-25 15:50:27.486,202.399807,0.000000,0.000000,0.000000,-0.100789,-0.094956,-0.252082,0.057736,-0.088063,-0.250814,-0.021527,-0.091509,-0.251448,-0.008300,-0.117435,-0.190512,-0.008235,-0.123108,-0.235392
2026-05-25 15:50:27.586,202.499807,0.000000,0.000000,0.000000,-0.100789,-0.094956,-0.252082,0.057736,-0.088063,-0.250814,-0.021527,-0.091509,-0.251448,-0.008275,-0.116364,-0.190465,-0.008235,-0.123108,-0.235392
2026-05-25 15:50:27.686,202.599807,0.000000,0.000000,0.000000,-0.100789,-0.094956,-0.252082,0.057736,-0.088063,-0.250814,-0.021527,-0.091509,-0.251448,-0.008294,-0.117548,-0.189805,-0.008235,-0.123108,-0.235392
2026-05-25 15:50:27.786,202.699807,0.000000,0.000000,0.000000,-0.100911,-0.093881,-0.252134,0.057736,-0.088063,-0.250814,-0.021588,-0.090972,-0.251474,-0.008269,-0.116477,-0.189757,-0.008235,-0.123108,-0.235392
2026-05-25 15:50:27.886,202.799807,0.000000,0.000000,0.000000,-0.100789,-0.094956,-0.252082,0.057736,-0.088063,-0.250814,-0.021527,-0.091509,-0.251448,-0.008269,-0.116477,-0.189757,-0.008235,-0.123108,-0.235392
2026-05-25 15:50:27.986,202.899806,0.000000,0.000000,0.000000,-0.100789,-0.094956,-0.252082,0.057736,-0.088063,-0.250814,-0.021527,-0.091509,-0.251448,-0.008269,-0.116477,-0.189757,-0.008235,-0.123108,-0.235392
2026-05-25 15:50:28.086,202.999806,0.000000,0.000000,0.000000,-0.100911,-0.093881,-0.252134,0.057866,-0.086967,-0.250864,-0.021523,-0.090424,-0.251499,-0.008269,-0.116477,-0.189757,-0.008210,-0.122024,-0.235419
2026-05-25 15:50:28.186,203.099806,0.000000,0.000000,0.000000,-0.100789,-0.094956,-0.252082,0.057736,-0.088063,-0.250814,-0.021527,-0.091509,-0.251448,-0.008244,-0.115406,-0.189709,-0.008235,-0.123108,-0.235392
2026-05-25 15:50:28.286,203.199806,0.000000,0.000000,0.000000,-0.100789,-0.094956,-0.252082,0.057866,-0.086967,-0.250864,-0.021462,-0.090962,-0.251473,-0.008294,-0.117548,-0.189805,-0.008235,-0.123108,-0.235392
2026-05-25 15:50:28.386,203.299806,0.000000,0.000000,0.000000,-0.100789,-0.094956,-0.252082,0.057606,-0.089159,-0.250764,-0.021592,-0.092057,-0.251423,-0.008269,-0.116477,-0.189757,-0.008210,-0.122024,-0.235419
2026-05-25 15:50:28.486,203.399806,0.000000,0.000000,0.000000,-0.100911,-0.093881,-0.252134,0.057736,-0.088063,-0.250814,-0.021588,-0.090972,-0.251474,-0.008269,-0.116477,-0.189757,-0.008210,-0.122024,-0.235419
2026-05-25 15:50:28.586,203.499806,0.000000,0.000000,0.000000,-0.100789,-0.094956,-0.252082,0.057736,-0.088063,-0.250814,-0.021527,-0.091509,-0.251448,-0.008269,-0.116477,-0.189757,-0.008235,-0.123108,-0.235392
2026-05-25 15:50:28.686,203.599806,0.000000,0.000000,0.000000,-0.100789,-0.094956,-0.252082,0.057866,-0.086967,-0.250864,-0.021462,-0.090962,-0.251473,-0.008269,-0.116477,-0.189757,-0.008235,-0.123108,-0.235392
2026-05-25 15:50:28.786,203.699806,0.000000,0.000000,0.000000,-0.100789,-0.094956,-0.252082,0.057736,-0.088063,-0.250814,-0.021527,-0.091509,-0.251448,-0.008269,-0.116477,-0.189757,-0.008210,-0.122024,-0.235419
2026-05-25 15:50:28.886,203.799806,0.000000,0.000000,0.000000,-0.100789,-0.094956,-0.252082,0.057736,-0.088063,-0.250814,-0.021527,-0.091509,-0.251448,-0.008244,-0.115406,-0.189709,-0.008210,-0.122024,-0.235419
2026-05-25 15:50:28.986,203.899806,0.000000,0.000000,0.000000,-0.100789,-0.094956,-0.252082,0.057866,-0.086967,-0.250864,-0.021462,-0.090962,-0.251473,-0.008269,-0.116477,-0.189757,-0.008210,-0.122024,-0.235419
2026-05-25 15:50:29.086,203.999805,0.000000,0.000000,0.000000,-0.100789,-0.094956,-0.252082,0.057866,-0.086967,-0.250864,-0.021462,-0.090962,-0.251473,-0.008269,-0.116477,-0.189757,-0.008235,-0.123108,-0.235392
2026-05-25 15:50:29.186,204.099805,0.000000,0.000000,0.000000,-0.100789,-0.094956,-0.252082,0.057736,-0.088063,-0.250814,-0.021527,-0.091509,-0.251448,-0.008269,-0.116477,-0.189757,-0.008235,-0.123108,-0.235392
2026-05-25 15:50:29.286,204.199805,0.000000,0.000000,0.000000,-0.100789,-0.094956,-0.252082,0.057736,-0.088063,-0.250814,-0.021527,-0.091509,-0.251448,-0.008244,-0.115406,-0.189709,-0.008210,-0.122024,-0.235419
2026-05-25 15:50:29.386,204.299805,0.000000,0.000000,0.000000,-0.100789,-0.094956,-0.252082,0.057736,-0.088063,-0.250814,-0.021527,-0.091509,-0.251448,-0.008244,-0.115406,-0.189709,-0.008235,-0.123108,-0.235392
2026-05-25 15:50:29.486,204.399805,0.000000,0.000000,0.000000,-0.100789,-0.094956,-0.252082,0.057866,-0.086967,-0.250864,-0.021462,-0.090962,-0.251473,-0.008269,-0.116477,-0.189757,-0.008235,-0.123108,-0.235392
2026-05-25 15:50:29.586,204.499805,0.000000,0.000000,0.000000,-0.100789,-0.094956,-0.252082,0.057736,-0.088063,-0.250814,-0.021527,-0.091509,-0.251448,-0.008269,-0.116477,-0.189757,-0.008235,-0.123108,-0.235392
2026-05-25 15:50:29.686,204.599805,0.000000,0.000000,0.000000,-0.100789,-0.094956,-0.252082,0.057736,-0.088063,-0.250814,-0.021527,-0.091509,-0.251448,-0.008244,-0.115406,-0.189709,-0.008210,-0.122024,-0.235419
2026-05-25 15:50:29.786,204.699805,0.000000,0.000000,0.000000,-0.100667,-0.096031,-0.252030,0.057736,-0.088063,-0.250814,-0.021466,-0.092047,-0.251422,-0.008269,-0.116477,-0.189757,-0.008210,-0.122024,-0.235419
2026-05-25 15:50:29.886,204.799805,0.000000,0.000000,0.000000,-0.100789,-0.094956,-0.252082,0.057736,-0.088063,-0.250814,-0.021527,-0.091509,-0.251448,-0.008269,-0.116477,-0.189757,-0.008223,-0.122566,-0.235405
2026-05-25 15:50:29.986,204.899805,0.000000,0.000000,0.000000,-0.100789,-0.094956,-0.252082,0.057736,-0.088063,-0.250814,-0.021527,-0.091509,-0.251448,-0.008269,-0.116477,-0.189757,-0.008210,-0.122024,-0.235419
2026-05-25 15:50:30.086,204.999804,0.000000,0.000000,0.000000,-0.100789,-0.094956,-0.252082,0.057736,-0.088063,-0.250814,-0.021527,-0.091509,-0.251448,-0.008269,-0.116477,-0.189757,-0.008235,-0.123108,-0.235392
2026-05-25 15:50:30.186,205.099804,0.000000,0.000000,0.000000,-0.100789,-0.094956,-0.252082,0.057736,-0.088063,-0.250814,-0.021527,-0.091509,-0.251448,-0.008244,-0.115406,-0.189709,-0.008210,-0.122024,-0.235419
2026-05-25 15:50:30.286,205.199804,0.000000,0.000000,0.000000,-0.100789,-0.094956,-0.252082,0.057866,-0.086967,-0.250864,-0.021462,-0.090962,-0.251473,-0.008244,-0.115406,-0.189709,-0.008210,-0.122024,-0.235419
2026-05-25 15:50:30.386,205.299804,0.000000,0.000000,0.000000,-0.100789,-0.094956,-0.252082,0.057736,-0.088063,-0.250814,-0.021527,-0.091509,-0.251448,-0.008244,-0.115406,-0.189709,-0.008210,-0.122024,-0.235419
2026-05-25 15:50:30.486,205.399804,0.000000,0.000000,0.000000,-0.100789,-0.094956,-0.252082,0.057736,-0.088063,-0.250814,-0.021527,-0.091509,-0.251448,-0.008264,-0.116591,-0.189050,-0.008210,-0.122024,-0.235419
2026-05-25 15:50:30.586,205.499804,0.000000,0.000000,0.000000,-0.100789,-0.094956,-0.252082,0.057736,-0.088063,-0.250814,-0.021527,-0.091509,-0.251448,-0.008959,-0.115467,-0.189714,-0.008210,-0.122024,-0.235419
2026-05-25 15:50:30.686,205.599804,0.000000,0.000000,0.000000,-0.100667,-0.096031,-0.252030,0.057866,-0.086967,-0.250864,-0.021401,-0.091499,-0.251447,-0.008269,-0.116477,-0.189757,-0.008210,-0.122024,-0.235419
2026-05-25 15:50:30.786,205.699804,0.000000,0.000000,0.000000,-0.100789,-0.094956,-0.252082,0.057736,-0.088063,-0.250814,-0.021527,-0.091509,-0.251448,-0.008269,-0.116477,-0.189757,-0.008210,-0.122024,-0.235419
2026-05-25 15:50:30.886,205.799804,0.000000,0.000000,0.000000,-0.100667,-0.096031,-0.252030,0.057736,-0.088063,-0.250814,-0.021466,-0.092047,-0.251422,-0.008269,-0.116477,-0.189757,-0.008235,-0.123108,-0.235392
2026-05-25 15:50:30.986,205.899804,0.000000,0.000000,0.000000,-0.100789,-0.094956,-0.252082,0.057866,-0.086967,-0.250864,-0.021462,-0.090962,-0.251473,-0.008264,-0.116591,-0.189050,-0.008210,-0.122024,-0.235419
2026-05-25 15:50:31.086,205.999804,0.000000,0.000000,0.000000,-0.100789,-0.094956,-0.252082,0.057866,-0.086967,-0.250864,-0.021462,-0.090962,-0.251473,-0.008269,-0.116477,-0.189757,-0.008210,-0.122024,-0.235419
2026-05-25 15:50:31.186,206.099803,0.000000,0.000000,0.000000,-0.100911,-0.093881,-0.252134,0.057736,-0.088063,-0.250814,-0.021588,-0.090972,-0.251474,-0.008269,-0.116477,-0.189757,-0.008235,-0.123108,-0.235392
2026-05-25 15:50:31.286,206.199803,0.000000,0.000000,0.000000,-0.100789,-0.094956,-0.252082,0.057736,-0.088063,-0.250814,-0.021527,-0.091509,-0.251448,-0.008269,-0.116477,-0.189757,-0.008235,-0.123108,-0.235392
2026-05-25 15:50:31.386,206.299803,0.000000,0.000000,0.000000,-0.100789,-0.094956,-0.252082,0.057736,-0.088063,-0.250814,-0.021527,-0.091509,-0.251448,-0.008244,-0.115406,-0.189709,-0.008210,-0.122024,-0.235419
2026-05-25 15:50:31.486,206.399803,0.000000,0.000000,0.000000,-0.100789,-0.094956,-0.252082,0.057866,-0.086967,-0.250864,-0.021462,-0.090962,-0.251473,-0.008264,-0.116591,-0.189050,-0.008210,-0.122024,-0.235419
2026-05-25 15:50:31.586,206.499803,0.000000,0.000000,0.000000,-0.100911,-0.093881,-0.252134,0.057736,-0.088063,-0.250814,-0.021588,-0.090972,-0.251474,-0.008269,-0.116477,-0.189757,-0.008210,-0.122024,-0.235419
2026-05-25 15:50:31.686,206.599803,0.000000,0.000000,0.000000,-0.100789,-0.094956,-0.252082,0.057736,-0.088063,-0.250814,-0.021527,-0.091509,-0.251448,-0.008269,-0.116477,-0.189757,-0.008210,-0.122024,-0.235419
2026-05-25 15:50:31.786,206.699803,0.000000,0.000000,0.000000,-0.100789,-0.094956,-0.252082,0.057866,-0.086967,-0.250864,-0.021462,-0.090962,-0.251473,-0.008264,-0.116591,-0.189050,-0.008235,-0.123108,-0.235392
2026-05-25 15:50:31.886,206.799803,0.000000,0.000000,0.000000,-0.100789,-0.094956,-0.252082,0.057736,-0.088063,-0.250814,-0.021527,-0.091509,-0.251448,-0.008244,-0.115406,-0.189709,-0.008235,-0.123108,-0.235392
2026-05-25 15:50:31.986,206.899803,0.000000,0.000000,0.000000,-0.100911,-0.093881,-0.252134,0.057736,-0.088063,-0.250814,-0.021588,-0.090972,-0.251474,-0.008269,-0.116477,-0.189757,-0.008235,-0.123108,-0.235392
2026-05-25 15:50:32.086,206.999803,0.000000,0.000000,0.000000,-0.100789,-0.094956,-0.252082,0.057736,-0.088063,-0.250814,-0.021527,-0.091509,-0.251448,-0.008269,-0.116477,-0.189757,-0.008235,-0.123108,-0.235392
2026-05-25 15:50:32.186,207.099802,0.000000,0.000000,0.000000,-0.100789,-0.094956,-0.252082,0.057866,-0.086967,-0.250864,-0.021462,-0.090962,-0.251473,-0.008244,-0.115406,-0.189709,-0.008235,-0.123108,-0.235392
2026-05-25 15:50:32.286,207.199802,0.000000,0.000000,0.000000,-0.100911,-0.093881,-0.252134,0.057736,-0.088063,-0.250814,-0.021588,-0.090972,-0.251474,-0.008264,-0.116591,-0.189050,-0.008210,-0.122024,-0.235419
2026-05-25 15:50:32.386,207.299802,0.000000,0.000000,0.000000,-0.100911,-0.093881,-0.252134,0.057736,-0.088063,-0.250814,-0.021588,-0.090972,-0.251474,-0.008269,-0.116477,-0.189757,-0.008210,-0.122024,-0.235419
2026-05-25 15:50:32.486,207.399802,0.000000,0.000000,0.000000,-0.100911,-0.093881,-0.252134,0.057736,-0.088063,-0.250814,-0.021588,-0.090972,-0.251474,-0.008257,-0.115942,-0.189733,-0.008235,-0.123108,-0.235392
2026-05-25 15:50:32.586,207.499802,0.000000,0.000000,0.000000,-0.100789,-0.094956,-0.252082,0.057866,-0.086967,-0.250864,-0.021462,-0.090962,-0.251473,-0.008244,-0.115406,-0.189709,-0.008235,-0.123108,-0.235392
2026-05-25 15:50:32.686,207.599802,0.000000,0.000000,0.000000,-0.100789,-0.094956,-0.252082,0.057736,-0.088063,-0.250814,-0.021527,-0.091509,-0.251448,-0.008269,-0.116477,-0.189757,-0.008210,-0.122024,-0.235419
2026-05-25 15:50:32.786,207.699802,0.000000,0.000000,0.000000,-0.100789,-0.094956,-0.252082,0.057866,-0.086967,-0.250864,-0.021462,-0.090962,-0.251473,-0.008269,-0.116477,-0.189757,-0.008235,-0.123108,-0.235392
2026-05-25 15:50:32.886,207.799802,0.000000,0.000000,0.000000,-0.100789,-0.094956,-0.252082,0.057736,-0.088063,-0.250814,-0.021527,-0.091509,-0.251448,-0.008244,-0.115406,-0.189709,-0.008235,-0.123108,-0.235392
2026-05-25 15:50:32.986,207.899802,0.000000,0.000000,0.000000,-0.100911,-0.093881,-0.252134,0.057736,-0.088063,-0.250814,-0.021588,-0.090972,-0.251474,-0.008269,-0.116477,-0.189757,-0.008235,-0.123108,-0.235392
2026-05-25 15:50:33.086,207.999802,0.000000,0.000000,0.000000,-0.100789,-0.094956,-0.252082,0.057736,-0.088063,-0.250814,-0.021527,-0.091509,-0.251448,-0.008244,-0.115406,-0.189709,-0.008210,-0.122024,-0.235419
2026-05-25 15:50:33.186,208.099802,0.000000,0.000000,0.000000,-0.100789,-0.094956,-0.252082,0.057736,-0.088063,-0.250814,-0.021527,-0.091509,-0.251448,-0.008983,-0.116538,-0.189762,-0.008235,-0.123108,-0.235392
2026-05-25 15:50:33.286,208.199801,0.000000,0.000000,0.000000,-0.100789,-0.094956,-0.252082,0.057736,-0.088063,-0.250814,-0.021527,-0.091509,-0.251448,-0.008239,-0.115520,-0.189001,-0.008210,-0.122024,-0.235419
2026-05-25 15:50:33.386,208.299801,0.000000,0.000000,0.000000,-0.100789,-0.094956,-0.252082,0.057736,-0.088063,-0.250814,-0.021527,-0.091509,-0.251448,-0.008264,-0.116591,-0.189050,-0.008210,-0.122024,-0.235419
2026-05-25 15:50:33.486,208.399801,0.000000,0.000000,0.000000,-0.100789,-0.094956,-0.252082,0.057736,-0.088063,-0.250814,-0.021527,-0.091509,-0.251448,-0.008244,-0.115406,-0.189709,-0.008210,-0.122024,-0.235419
2026-05-25 15:50:33.586,208.499801,0.000000,0.000000,0.000000,-0.100789,-0.094956,-0.252082,0.057736,-0.088063,-0.250814,-0.021527,-0.091509,-0.251448,-0.008244,-0.115406,-0.189709,-0.008210,-0.122024,-0.235419
2026-05-25 15:50:33.686,208.599801,0.000000,0.000000,0.000000,-0.100911,-0.093881,-0.252134,0.057736,-0.088063,-0.250814,-0.021588,-0.090972,-0.251474,-0.008244,-0.115406,-0.189709,-0.008210,-0.122024,-0.235419
2026-05-25 15:50:33.786,208.699801,0.000000,0.000000,0.000000,-0.100789,-0.094956,-0.252082,0.057866,-0.086967,-0.250864,-0.021462,-0.090962,-0.251473,-0.008269,-0.116477,-0.189757,-0.008210,-0.122024,-0.235419
2026-05-25 15:50:33.886,208.799801,0.000000,0.000000,0.000000,-0.100911,-0.093881,-0.252134,0.057866,-0.086967,-0.250864,-0.021523,-0.090424,-0.251499,-0.008269,-0.116477,-0.189757,-0.008210,-0.122024,-0.235419
2026-05-25 15:50:33.986,208.899801,0.000000,0.000000,0.000000,-0.100789,-0.094956,-0.252082,0.057736,-0.088063,-0.250814,-0.021527,-0.091509,-0.251448,-0.008239,-0.115520,-0.189001,-0.008235,-0.123108,-0.235392
2026-05-25 15:50:34.086,208.999801,0.000000,0.000000,0.000000,-0.100789,-0.094956,-0.252082,0.057606,-0.089159,-0.250764,-0.021592,-0.092057,-0.251423,-0.008264,-0.116591,-0.189050,-0.008210,-0.122024,-0.235419
2026-05-25 15:50:34.186,209.099801,0.000000,0.000000,0.000000,-0.100789,-0.094956,-0.252082,0.057736,-0.088063,-0.250814,-0.021527,-0.091509,-0.251448,-0.008239,-0.115520,-0.189001,-0.008235,-0.123108,-0.235392
2026-05-25 15:50:34.286,209.199800,0.000000,0.000000,0.000000,-0.100789,-0.094956,-0.252082,0.057866,-0.086967,-0.250864,-0.021462,-0.090962,-0.251473,-0.008244,-0.115406,-0.189709,-0.008235,-0.123108,-0.235392
2026-05-25 15:50:34.386,209.299800,0.000000,0.000000,0.000000,-0.100789,-0.094956,-0.252082,0.057736,-0.088063,-0.250814,-0.021527,-0.091509,-0.251448,-0.008959,-0.115467,-0.189714,-0.008210,-0.122024,-0.235419
2026-05-25 15:50:34.486,209.399800,0.000000,0.000000,0.000000,-0.100789,-0.094956,-0.252082,0.057736,-0.088063,-0.250814,-0.021527,-0.091509,-0.251448,-0.008244,-0.115406,-0.189709,-0.008235,-0.123108,-0.235392
2026-05-25 15:50:34.586,209.499800,0.000000,0.000000,0.000000,-0.100789,-0.094956,-0.252082,0.057736,-0.088063,-0.250814,-0.021527,-0.091509,-0.251448,-0.008264,-0.116591,-0.189050,-0.008210,-0.122024,-0.235419
2026-05-25 15:50:34.686,209.599800,0.000000,0.000000,0.000000,-0.100789,-0.094956,-0.252082,0.057736,-0.088063,-0.250814,-0.021527,-0.091509,-0.251448,-0.008269,-0.116477,-0.189757,-0.008210,-0.122024,-0.235419
2026-05-25 15:50:34.786,209.699800,0.000000,0.000000,0.000000,-0.100911,-0.093881,-0.252134,0.057736,-0.088063,-0.250814,-0.021588,-0.090972,-0.251474,-0.008239,-0.115520,-0.189001,-0.008210,-0.122024,-0.235419
2026-05-25 15:50:34.886,209.799800,0.000000,0.000000,0.000000,-0.100789,-0.094956,-0.252082,0.057736,-0.088063,-0.250814,-0.021527,-0.091509,-0.251448,-0.008244,-0.115406,-0.189709,-0.008210,-0.122024,-0.235419
2026-05-25 15:50:34.986,209.899800,0.000000,0.000000,0.000000,-0.100789,-0.094956,-0.252082,0.057866,-0.086967,-0.250864,-0.021462,-0.090962,-0.251473,-0.008269,-0.116477,-0.189757,-0.008210,-0.122024,-0.235419
2026-05-25 15:50:35.086,209.999800,0.000000,0.000000,0.000000,-0.100667,-0.096031,-0.252030,0.057736,-0.088063,-0.250814,-0.021466,-0.092047,-0.251422,-0.008264,-0.116591,-0.189050,-0.008210,-0.122024,-0.235419
2026-05-25 15:50:35.186,210.099800,0.000000,0.000000,0.000000,-0.100789,-0.094956,-0.252082,0.057866,-0.086967,-0.250864,-0.021462,-0.090962,-0.251473,-0.008269,-0.116477,-0.189757,-0.008210,-0.122024,-0.235419
2026-05-25 15:50:35.286,210.199800,0.000000,0.000000,0.000000,-0.100789,-0.094956,-0.252082,0.057736,-0.088063,-0.250814,-0.021527,-0.091509,-0.251448,-0.008269,-0.116477,-0.189757,-0.008210,-0.122024,-0.235419
2026-05-25 15:50:35.386,210.299799,0.000000,0.000000,0.000000,-0.100789,-0.094956,-0.252082,0.057736,-0.088063,-0.250814,-0.021527,-0.091509,-0.251448,-0.008269,-0.116477,-0.189757,-0.008210,-0.122024,-0.235419
2026-05-25 15:50:35.486,210.399799,0.000000,0.000000,0.000000,-0.100911,-0.093881,-0.252134,0.057736,-0.088063,-0.250814,-0.021588,-0.090972,-0.251474,-0.008269,-0.116477,-0.189757,-0.008235,-0.123108,-0.235392
2026-05-25 15:50:35.586,210.499799,0.000000,0.000000,0.000000,-0.100911,-0.093881,-0.252134,0.057736,-0.088063,-0.250814,-0.021588,-0.090972,-0.251474,-0.008244,-0.115406,-0.189709,-0.008210,-0.122024,-0.235419
2026-05-25 15:50:35.686,210.599799,0.000000,0.000000,0.000000,-0.100789,-0.094956,-0.252082,0.057866,-0.086967,-0.250864,-0.021462,-0.090962,-0.251473,-0.008269,-0.116477,-0.189757,-0.008210,-0.122024,-0.235419
2026-05-25 15:50:35.786,210.699799,0.000000,0.000000,0.000000,-0.100789,-0.094956,-0.252082,0.057736,-0.088063,-0.250814,-0.021527,-0.091509,-0.251448,-0.008244,-0.115406,-0.189709,-0.008210,-0.122024,-0.235419
2026-05-25 15:50:35.886,210.799799,0.000000,0.000000,0.000000,-0.100667,-0.096031,-0.252030,0.057866,-0.086967,-0.250864,-0.021401,-0.091499,-0.251447,-0.008269,-0.116477,-0.189757,-0.008210,-0.122024,-0.235419
2026-05-25 15:50:35.986,210.899799,0.000000,0.000000,0.000000,-0.100789,-0.094956,-0.252082,0.057736,-0.088063,-0.250814,-0.021527,-0.091509,-0.251448,-0.008269,-0.116477,-0.189757,-0.008210,-0.122024,-0.235419
2026-05-25 15:50:36.086,210.999799,0.000000,0.000000,0.000000,-0.100789,-0.094956,-0.252082,0.057736,-0.088063,-0.250814,-0.021527,-0.091509,-0.251448,-0.008269,-0.116477,-0.189757,-0.008235,-0.123108,-0.235392
2026-05-25 15:50:36.186,211.099799,0.000000,0.000000,0.000000,-0.100789,-0.094956,-0.252082,0.057736,-0.088063,-0.250814,-0.021527,-0.091509,-0.251448,-0.008264,-0.116591,-0.189050,-0.008210,-0.122024,-0.235419
2026-05-25 15:50:36.286,211.199799,0.000000,0.000000,0.000000,-0.100911,-0.093881,-0.252134,0.057736,-0.088063,-0.250814,-0.021588,-0.090972,-0.251474,-0.008264,-0.116591,-0.189050,-0.008210,-0.122024,-0.235419
2026-05-25 15:50:36.386,211.299798,0.000000,0.000000,0.000000,-0.100789,-0.094956,-0.252082,0.057866,-0.086967,-0.250864,-0.021462,-0.090962,-0.251473,-0.008264,-0.116591,-0.189050,-0.008235,-0.123108,-0.235392
2026-05-25 15:50:36.486,211.399798,0.000000,0.000000,0.000000,-0.100789,-0.094956,-0.252082,0.057736,-0.088063,-0.250814,-0.021527,-0.091509,-0.251448,-0.008264,-0.116591,-0.189050,-0.008210,-0.122024,-0.235419
