RelativeTime_s,AbsoluteTimestamp_ISO8601
0,2026-06-11T17:29:48.148000
0.002,2026-06-11T17:29:48.150000
0.004,2026-06-11T17:29:48.152000
0.006,2026-06-11T17:29:48.154000
0.008,2026-06-11T17:29:48.156000
0.01,2026-06-11T17:29:48.158000
0.012,2026-06-11T17:29:48.160000
0.014,2026-06-11T17:29:48.162000
0.016,2026-06-11T17:29:48.164000
0.018,2026-06-11T17:29:48.166000
0.02,2026-06-11T17:29:48.168000
0.022,2026-06-11T17:29:48.170000
0.024,2026-06-11T17:29:48.172000
0.026,2026-06-11T17:29:48.174000
0.028,2026-06-11T17:29:48.176000
0.03,2026-06-11T17:29:48.178000
0.032,2026-06-11T17:29:48.180000
0.034,2026-06-11T17:29:48.182000
0.036,2026-06-11T17:29:48.184000
0.038,2026-06-11T17:29:48.186000
0.04,2026-06-11T17:29:48.188000
0.042,2026-06-11T17:29:48.190000
0.044,2026-06-11T17:29:48.192000
0.046,2026-06-11T17:29:48.194000
0.048,2026-06-11T17:29:48.196000
0.05,2026-06-11T17:29:48.198000
0.052,2026-06-11T17:29:48.200000
0.054,2026-06-11T17:29:48.202000
0.056,2026-06-11T17:29:48.204000
0.058,2026-06-11T17:29:48.206000
0.06,2026-06-11T17:29:48.208000
0.062,2026-06-11T17:29:48.210000
0.064,2026-06-11T17:29:48.212000
0.066,2026-06-11T17:29:48.214000
0.068,2026-06-11T17:29:48.216000
0.07,2026-06-11T17:29:48.218000
0.072,2026-06-11T17:29:48.220000
0.074,2026-06-11T17:29:48.222000
0.076,2026-06-11T17:29:48.224000
0.078,2026-06-11T17:29:48.226000
0.08,2026-06-11T17:29:48.228000
0.082,2026-06-11T17:29:48.230000
0.084,2026-06-11T17:29:48.232000
0.086,2026-06-11T17:29:48.234000
0.088,2026-06-11T17:29:48.236000
0.09,2026-06-11T17:29:48.238000
0.092,2026-06-11T17:29:48.240000
0.094,2026-06-11T17:29:48.242000
0.096,2026-06-11T17:29:48.244000
0.098,2026-06-11T17:29:48.246000
0.1,2026-06-11T17:29:48.248000
0.102,2026-06-11T17:29:48.250000
0.104,2026-06-11T17:29:48.252000
0.106,2026-06-11T17:29:48.254000
0.108,2026-06-11T17:29:48.256000
0.11,2026-06-11T17:29:48.258000
0.112,2026-06-11T17:29:48.260000
0.114,2026-06-11T17:29:48.262000
0.116,2026-06-11T17:29:48.264000
0.118,2026-06-11T17:29:48.266000
0.12,2026-06-11T17:29:48.268000
0.122,2026-06-11T17:29:48.270000
0.124,2026-06-11T17:29:48.272000
0.126,2026-06-11T17:29:48.274000
0.128,2026-06-11T17:29:48.276000
0.13,2026-06-11T17:29:48.278000
0.132,2026-06-11T17:29:48.280000
0.134,2026-06-11T17:29:48.282000
0.136,2026-06-11T17:29:48.284000
0.138,2026-06-11T17:29:48.286000
0.14,2026-06-11T17:29:48.288000
0.142,2026-06-11T17:29:48.290000
0.144,2026-06-11T17:29:48.292000
0.146,2026-06-11T17:29:48.294000
0.148,2026-06-11T17:29:48.296000
0.15,2026-06-11T17:29:48.298000
0.152,2026-06-11T17:29:48.300000
0.154,2026-06-11T17:29:48.302000
0.156,2026-06-11T17:29:48.304000
0.158,2026-06-11T17:29:48.306000
0.16,2026-06-11T17:29:48.308000
0.162,2026-06-11T17:29:48.310000
0.164,2026-06-11T17:29:48.312000
0.166,2026-06-11T17:29:48.314000
0.168,2026-06-11T17:29:48.316000
0.17,2026-06-11T17:29:48.318000
0.172,2026-06-11T17:29:48.320000
0.174,2026-06-11T17:29:48.322000
0.176,2026-06-11T17:29:48.324000
0.178,2026-06-11T17:29:48.326000
0.18,2026-06-11T17:29:48.328000
0.182,2026-06-11T17:29:48.330000
0.184,2026-06-11T17:29:48.332000
0.186,2026-06-11T17:29:48.334000
0.188,2026-06-11T17:29:48.336000
0.19,2026-06-11T17:29:48.338000
0.192,2026-06-11T17:29:48.340000
0.194,2026-06-11T17:29:48.342000
0.196,2026-06-11T17:29:48.344000
0.198,2026-06-11T17:29:48.346000
0.2,2026-06-11T17:29:48.348000
0.202,2026-06-11T17:29:48.350000
0.204,2026-06-11T17:29:48.352000
0.206,2026-06-11T17:29:48.354000
0.208,2026-06-11T17:29:48.356000
0.21,2026-06-11T17:29:48.358000
0.212,2026-06-11T17:29:48.360000
0.214,2026-06-11T17:29:48.362000
0.216,2026-06-11T17:29:48.364000
0.218,2026-06-11T17:29:48.366000
0.22,2026-06-11T17:29:48.368000
0.222,2026-06-11T17:29:48.370000
0.224,2026-06-11T17:29:48.372000
0.226,2026-06-11T17:29:48.374000
0.228,2026-06-11T17:29:48.376000
0.23,2026-06-11T17:29:48.378000
0.232,2026-06-11T17:29:48.380000
0.234,2026-06-11T17:29:48.382000
0.236,2026-06-11T17:29:48.384000
0.238,2026-06-11T17:29:48.386000
0.24,2026-06-11T17:29:48.388000
0.242,2026-06-11T17:29:48.390000
0.244,2026-06-11T17:29:48.392000
0.246,2026-06-11T17:29:48.394000
0.248,2026-06-11T17:29:48.396000
0.25,2026-06-11T17:29:48.398000
0.252,2026-06-11T17:29:48.400000
0.254,2026-06-11T17:29:48.402000
0.256,2026-06-11T17:29:48.404000
0.258,2026-06-11T17:29:48.406000
0.26,2026-06-11T17:29:48.408000
0.262,2026-06-11T17:29:48.410000
0.264,2026-06-11T17:29:48.412000
0.266,2026-06-11T17:29:48.414000
0.268,2026-06-11T17:29:48.416000
0.27,2026-06-11T17:29:48.418000
0.272,2026-06-11T17:29:48.420000
0.274,2026-06-11T17:29:48.422000
0.276,2026-06-11T17:29:48.424000
0.278,2026-06-11T17:29:48.426000
0.28,2026-06-11T17:29:48.428000
0.282,2026-06-11T17:29:48.430000
0.284,2026-06-11T17:29:48.432000
0.286,2026-06-11T17:29:48.434000
0.288,2026-06-11T17:29:48.436000
0.29,2026-06-11T17:29:48.438000
0.292,2026-06-11T17:29:48.440000
0.294,2026-06-11T17:29:48.442000
0.296,2026-06-11T17:29:48.444000
0.298,2026-06-11T17:29:48.446000
0.3,2026-06-11T17:29:48.448000
0.302,2026-06-11T17:29:48.450000
0.304,2026-06-11T17:29:48.452000
0.306,2026-06-11T17:29:48.454000
0.308,2026-06-11T17:29:48.456000
0.31,2026-06-11T17:29:48.458000
0.312,2026-06-11T17:29:48.460000
0.314,2026-06-11T17:29:48.462000
0.316,2026-06-11T17:29:48.464000
0.318,2026-06-11T17:29:48.466000
0.32,2026-06-11T17:29:48.468000
0.322,2026-06-11T17:29:48.470000
0.324,2026-06-11T17:29:48.472000
0.326,2026-06-11T17:29:48.474000
0.328,2026-06-11T17:29:48.476000
0.33,2026-06-11T17:29:48.478000
0.332,2026-06-11T17:29:48.480000
0.334,2026-06-11T17:29:48.482000
0.336,2026-06-11T17:29:48.484000
0.338,2026-06-11T17:29:48.486000
0.34,2026-06-11T17:29:48.488000
0.342,2026-06-11T17:29:48.490000
0.344,2026-06-11T17:29:48.492000
0.346,2026-06-11T17:29:48.494000
0.348,2026-06-11T17:29:48.496000
0.35,2026-06-11T17:29:48.498000
0.352,2026-06-11T17:29:48.500000
0.354,2026-06-11T17:29:48.502000
0.356,2026-06-11T17:29:48.504000
0.358,2026-06-11T17:29:48.506000
0.36,2026-06-11T17:29:48.508000
0.362,2026-06-11T17:29:48.510000
0.364,2026-06-11T17:29:48.512000
0.366,2026-06-11T17:29:48.514000
0.368,2026-06-11T17:29:48.516000
0.37,2026-06-11T17:29:48.518000
0.372,2026-06-11T17:29:48.520000
0.374,2026-06-11T17:29:48.522000
0.376,2026-06-11T17:29:48.524000
0.378,2026-06-11T17:29:48.526000
0.38,2026-06-11T17:29:48.528000
0.382,2026-06-11T17:29:48.530000
0.384,2026-06-11T17:29:48.532000
0.386,2026-06-11T17:29:48.534000
0.388,2026-06-11T17:29:48.536000
0.39,2026-06-11T17:29:48.538000
0.392,2026-06-11T17:29:48.540000
0.394,2026-06-11T17:29:48.542000
0.396,2026-06-11T17:29:48.544000
0.398,2026-06-11T17:29:48.546000
0.4,2026-06-11T17:29:48.548000
0.402,2026-06-11T17:29:48.550000
0.404,2026-06-11T17:29:48.552000
0.406,2026-06-11T17:29:48.554000
0.408,2026-06-11T17:29:48.556000
0.41,2026-06-11T17:29:48.558000
0.412,2026-06-11T17:29:48.560000
0.414,2026-06-11T17:29:48.562000
0.416,2026-06-11T17:29:48.564000
0.418,2026-06-11T17:29:48.566000
0.42,2026-06-11T17:29:48.568000
0.422,2026-06-11T17:29:48.570000
0.424,2026-06-11T17:29:48.572000
0.426,2026-06-11T17:29:48.574000
0.428,2026-06-11T17:29:48.576000
0.43,2026-06-11T17:29:48.578000
0.432,2026-06-11T17:29:48.580000
0.434,2026-06-11T17:29:48.582000
0.436,2026-06-11T17:29:48.584000
0.438,2026-06-11T17:29:48.586000
0.44,2026-06-11T17:29:48.588000
0.442,2026-06-11T17:29:48.590000
0.444,2026-06-11T17:29:48.592000
0.446,2026-06-11T17:29:48.594000
0.448,2026-06-11T17:29:48.596000
0.45,2026-06-11T17:29:48.598000
0.452,2026-06-11T17:29:48.600000
0.454,2026-06-11T17:29:48.602000
0.456,2026-06-11T17:29:48.604000
0.458,2026-06-11T17:29:48.606000
0.46,2026-06-11T17:29:48.608000
0.462,2026-06-11T17:29:48.610000
0.464,2026-06-11T17:29:48.612000
0.466,2026-06-11T17:29:48.614000
0.468,2026-06-11T17:29:48.616000
0.47,2026-06-11T17:29:48.618000
0.472,2026-06-11T17:29:48.620000
0.474,2026-06-11T17:29:48.622000
0.476,2026-06-11T17:29:48.624000
0.478,2026-06-11T17:29:48.626000
0.48,2026-06-11T17:29:48.628000
0.482,2026-06-11T17:29:48.630000
0.484,2026-06-11T17:29:48.632000
0.486,2026-06-11T17:29:48.634000
0.488,2026-06-11T17:29:48.636000
0.49,2026-06-11T17:29:48.638000
0.492,2026-06-11T17:29:48.640000
0.494,2026-06-11T17:29:48.642000
0.496,2026-06-11T17:29:48.644000
0.498,2026-06-11T17:29:48.646000
0.5,2026-06-11T17:29:48.648000
0.502,2026-06-11T17:29:48.650000
0.504,2026-06-11T17:29:48.652000
0.506,2026-06-11T17:29:48.654000
0.508,2026-06-11T17:29:48.656000
0.51,2026-06-11T17:29:48.658000
0.512,2026-06-11T17:29:48.660000
0.514,2026-06-11T17:29:48.662000
0.516,2026-06-11T17:29:48.664000
0.518,2026-06-11T17:29:48.666000
0.52,2026-06-11T17:29:48.668000
0.522,2026-06-11T17:29:48.670000
0.524,2026-06-11T17:29:48.672000
0.526,2026-06-11T17:29:48.674000
0.528,2026-06-11T17:29:48.676000
0.53,2026-06-11T17:29:48.678000
0.532,2026-06-11T17:29:48.680000
0.534,2026-06-11T17:29:48.682000
0.536,2026-06-11T17:29:48.684000
0.538,2026-06-11T17:29:48.686000
0.54,2026-06-11T17:29:48.688000
0.542,2026-06-11T17:29:48.690000
0.544,2026-06-11T17:29:48.692000
0.546,2026-06-11T17:29:48.694000
0.548,2026-06-11T17:29:48.696000
0.55,2026-06-11T17:29:48.698000
0.552,2026-06-11T17:29:48.700000
0.554,2026-06-11T17:29:48.702000
0.556,2026-06-11T17:29:48.704000
0.558,2026-06-11T17:29:48.706000
0.56,2026-06-11T17:29:48.708000
0.562,2026-06-11T17:29:48.710000
0.564,2026-06-11T17:29:48.712000
0.566,2026-06-11T17:29:48.714000
0.568,2026-06-11T17:29:48.716000
0.57,2026-06-11T17:29:48.718000
0.572,2026-06-11T17:29:48.720000
0.574,2026-06-11T17:29:48.722000
0.576,2026-06-11T17:29:48.724000
0.578,2026-06-11T17:29:48.726000
0.58,2026-06-11T17:29:48.728000
0.582,2026-06-11T17:29:48.730000
0.584,2026-06-11T17:29:48.732000
0.586,2026-06-11T17:29:48.734000
0.588,2026-06-11T17:29:48.736000
0.59,2026-06-11T17:29:48.738000
0.592,2026-06-11T17:29:48.740000
0.594,2026-06-11T17:29:48.742000
0.596,2026-06-11T17:29:48.744000
0.598,2026-06-11T17:29:48.746000
0.6,2026-06-11T17:29:48.748000
0.602,2026-06-11T17:29:48.750000
0.604,2026-06-11T17:29:48.752000
0.606,2026-06-11T17:29:48.754000
0.608,2026-06-11T17:29:48.756000
0.61,2026-06-11T17:29:48.758000
0.612,2026-06-11T17:29:48.760000
0.614,2026-06-11T17:29:48.762000
0.616,2026-06-11T17:29:48.764000
0.618,2026-06-11T17:29:48.766000
0.62,2026-06-11T17:29:48.768000
0.622,2026-06-11T17:29:48.770000
0.624,2026-06-11T17:29:48.772000
0.626,2026-06-11T17:29:48.774000
0.628,2026-06-11T17:29:48.776000
0.63,2026-06-11T17:29:48.778000
0.632,2026-06-11T17:29:48.780000
0.634,2026-06-11T17:29:48.782000
0.636,2026-06-11T17:29:48.784000
0.638,2026-06-11T17:29:48.786000
0.64,2026-06-11T17:29:48.788000
0.642,2026-06-11T17:29:48.790000
0.644,2026-06-11T17:29:48.792000
0.646,2026-06-11T17:29:48.794000
0.648,2026-06-11T17:29:48.796000
0.65,2026-06-11T17:29:48.798000
0.652,2026-06-11T17:29:48.800000
0.654,2026-06-11T17:29:48.802000
0.656,2026-06-11T17:29:48.804000
0.658,2026-06-11T17:29:48.806000
0.66,2026-06-11T17:29:48.808000
0.662,2026-06-11T17:29:48.810000
0.664,2026-06-11T17:29:48.812000
0.666,2026-06-11T17:29:48.814000
0.668,2026-06-11T17:29:48.816000
0.67,2026-06-11T17:29:48.818000
0.672,2026-06-11T17:29:48.820000
0.674,2026-06-11T17:29:48.822000
0.676,2026-06-11T17:29:48.824000
0.678,2026-06-11T17:29:48.826000
0.68,2026-06-11T17:29:48.828000
0.682,2026-06-11T17:29:48.830000
0.684,2026-06-11T17:29:48.832000
0.686,2026-06-11T17:29:48.834000
0.688,2026-06-11T17:29:48.836000
0.69,2026-06-11T17:29:48.838000
0.692,2026-06-11T17:29:48.840000
0.694,2026-06-11T17:29:48.842000
0.696,2026-06-11T17:29:48.844000
0.698,2026-06-11T17:29:48.846000
0.7,2026-06-11T17:29:48.848000
0.702,2026-06-11T17:29:48.850000
0.704,2026-06-11T17:29:48.852000
0.706,2026-06-11T17:29:48.854000
0.708,2026-06-11T17:29:48.856000
0.71,2026-06-11T17:29:48.858000
0.712,2026-06-11T17:29:48.860000
0.714,2026-06-11T17:29:48.862000
0.716,2026-06-11T17:29:48.864000
0.718,2026-06-11T17:29:48.866000
0.72,2026-06-11T17:29:48.868000
0.722,2026-06-11T17:29:48.870000
0.724,2026-06-11T17:29:48.872000
0.726,2026-06-11T17:29:48.874000
0.728,2026-06-11T17:29:48.876000
0.73,2026-06-11T17:29:48.878000
0.732,2026-06-11T17:29:48.880000
0.734,2026-06-11T17:29:48.882000
0.736,2026-06-11T17:29:48.884000
0.738,2026-06-11T17:29:48.886000
0.74,2026-06-11T17:29:48.888000
0.742,2026-06-11T17:29:48.890000
0.744,2026-06-11T17:29:48.892000
0.746,2026-06-11T17:29:48.894000
0.748,2026-06-11T17:29:48.896000
0.75,2026-06-11T17:29:48.898000
0.752,2026-06-11T17:29:48.900000
0.754,2026-06-11T17:29:48.902000
0.756,2026-06-11T17:29:48.904000
0.758,2026-06-11T17:29:48.906000
0.76,2026-06-11T17:29:48.908000
0.762,2026-06-11T17:29:48.910000
0.764,2026-06-11T17:29:48.912000
0.766,2026-06-11T17:29:48.914000
0.768,2026-06-11T17:29:48.916000
0.77,2026-06-11T17:29:48.918000
0.772,2026-06-11T17:29:48.920000
0.774,2026-06-11T17:29:48.922000
0.776,2026-06-11T17:29:48.924000
0.778,2026-06-11T17:29:48.926000
0.78,2026-06-11T17:29:48.928000
0.782,2026-06-11T17:29:48.930000
0.784,2026-06-11T17:29:48.932000
0.786,2026-06-11T17:29:48.934000
0.788,2026-06-11T17:29:48.936000
0.79,2026-06-11T17:29:48.938000
0.792,2026-06-11T17:29:48.940000
0.794,2026-06-11T17:29:48.942000
0.796,2026-06-11T17:29:48.944000
0.798,2026-06-11T17:29:48.946000
0.8,2026-06-11T17:29:48.948000
0.802,2026-06-11T17:29:48.950000
0.804,2026-06-11T17:29:48.952000
0.806,2026-06-11T17:29:48.954000
0.808,2026-06-11T17:29:48.956000
0.81,2026-06-11T17:29:48.958000
0.812,2026-06-11T17:29:48.960000
0.814,2026-06-11T17:29:48.962000
0.816,2026-06-11T17:29:48.964000
0.818,2026-06-11T17:29:48.966000
0.82,2026-06-11T17:29:48.968000
0.822,2026-06-11T17:29:48.970000
0.824,2026-06-11T17:29:48.972000
0.826,2026-06-11T17:29:48.974000
0.828,2026-06-11T17:29:48.976000
0.83,2026-06-11T17:29:48.978000
0.832,2026-06-11T17:29:48.980000
0.834,2026-06-11T17:29:48.982000
0.836,2026-06-11T17:29:48.984000
0.838,2026-06-11T17:29:48.986000
0.84,2026-06-11T17:29:48.988000
0.842,2026-06-11T17:29:48.990000
0.844,2026-06-11T17:29:48.992000
0.846,2026-06-11T17:29:48.994000
0.848,2026-06-11T17:29:48.996000
0.85,2026-06-11T17:29:48.998000
0.852,2026-06-11T17:29:49.000000
0.854,2026-06-11T17:29:49.002000
0.856,2026-06-11T17:29:49.004000
0.858,2026-06-11T17:29:49.006000
0.86,2026-06-11T17:29:49.008000
0.862,2026-06-11T17:29:49.010000
0.864,2026-06-11T17:29:49.012000
0.866,2026-06-11T17:29:49.014000
0.868,2026-06-11T17:29:49.016000
0.87,2026-06-11T17:29:49.018000
0.872,2026-06-11T17:29:49.020000
0.874,2026-06-11T17:29:49.022000
0.876,2026-06-11T17:29:49.024000
0.878,2026-06-11T17:29:49.026000
0.88,2026-06-11T17:29:49.028000
0.882,2026-06-11T17:29:49.030000
0.884,2026-06-11T17:29:49.032000
0.886,2026-06-11T17:29:49.034000
0.888,2026-06-11T17:29:49.036000
0.89,2026-06-11T17:29:49.038000
0.892,2026-06-11T17:29:49.040000
0.894,2026-06-11T17:29:49.042000
0.896,2026-06-11T17:29:49.044000
0.898,2026-06-11T17:29:49.046000
0.9,2026-06-11T17:29:49.048000
0.902,2026-06-11T17:29:49.050000
0.904,2026-06-11T17:29:49.052000
0.906,2026-06-11T17:29:49.054000
0.908,2026-06-11T17:29:49.056000
0.91,2026-06-11T17:29:49.058000
0.912,2026-06-11T17:29:49.060000
0.914,2026-06-11T17:29:49.062000
0.916,2026-06-11T17:29:49.064000
0.918,2026-06-11T17:29:49.066000
0.92,2026-06-11T17:29:49.068000
0.922,2026-06-11T17:29:49.070000
0.924,2026-06-11T17:29:49.072000
0.926,2026-06-11T17:29:49.074000
0.928,2026-06-11T17:29:49.076000
0.93,2026-06-11T17:29:49.078000
0.932,2026-06-11T17:29:49.080000
0.934,2026-06-11T17:29:49.082000
0.936,2026-06-11T17:29:49.084000
0.938,2026-06-11T17:29:49.086000
0.94,2026-06-11T17:29:49.088000
0.942,2026-06-11T17:29:49.090000
0.944,2026-06-11T17:29:49.092000
0.946,2026-06-11T17:29:49.094000
0.948,2026-06-11T17:29:49.096000
0.95,2026-06-11T17:29:49.098000
0.952,2026-06-11T17:29:49.100000
0.954,2026-06-11T17:29:49.102000
0.956,2026-06-11T17:29:49.104000
0.958,2026-06-11T17:29:49.106000
0.96,2026-06-11T17:29:49.108000
0.962,2026-06-11T17:29:49.110000
0.964,2026-06-11T17:29:49.112000
0.966,2026-06-11T17:29:49.114000
0.968,2026-06-11T17:29:49.116000
0.97,2026-06-11T17:29:49.118000
0.972,2026-06-11T17:29:49.120000
0.974,2026-06-11T17:29:49.122000
0.976,2026-06-11T17:29:49.124000
0.978,2026-06-11T17:29:49.126000
0.98,2026-06-11T17:29:49.128000
0.982,2026-06-11T17:29:49.130000
0.984,2026-06-11T17:29:49.132000
0.986,2026-06-11T17:29:49.134000
0.988,2026-06-11T17:29:49.136000
0.99,2026-06-11T17:29:49.138000
0.992,2026-06-11T17:29:49.140000
0.994,2026-06-11T17:29:49.142000
0.996,2026-06-11T17:29:49.144000
0.998,2026-06-11T17:29:49.146000
1,2026-06-11T17:29:49.148000
1.002,2026-06-11T17:29:49.150000
1.004,2026-06-11T17:29:49.152000
1.006,2026-06-11T17:29:49.154000
1.008,2026-06-11T17:29:49.156000
1.01,2026-06-11T17:29:49.158000
1.012,2026-06-11T17:29:49.160000
1.014,2026-06-11T17:29:49.162000
1.016,2026-06-11T17:29:49.164000
1.018,2026-06-11T17:29:49.166000
1.02,2026-06-11T17:29:49.168000
1.022,2026-06-11T17:29:49.170000
1.024,2026-06-11T17:29:49.172000
1.026,2026-06-11T17:29:49.174000
1.028,2026-06-11T17:29:49.176000
1.03,2026-06-11T17:29:49.178000
1.032,2026-06-11T17:29:49.180000
1.034,2026-06-11T17:29:49.182000
1.036,2026-06-11T17:29:49.184000
1.038,2026-06-11T17:29:49.186000
1.04,2026-06-11T17:29:49.188000
1.042,2026-06-11T17:29:49.190000
1.044,2026-06-11T17:29:49.192000
1.046,2026-06-11T17:29:49.194000
1.048,2026-06-11T17:29:49.196000
1.05,2026-06-11T17:29:49.198000
1.052,2026-06-11T17:29:49.200000
1.054,2026-06-11T17:29:49.202000
1.056,2026-06-11T17:29:49.204000
1.058,2026-06-11T17:29:49.206000
1.06,2026-06-11T17:29:49.208000
1.062,2026-06-11T17:29:49.210000
1.064,2026-06-11T17:29:49.212000
1.066,2026-06-11T17:29:49.214000
1.068,2026-06-11T17:29:49.216000
1.07,2026-06-11T17:29:49.218000
1.072,2026-06-11T17:29:49.220000
1.074,2026-06-11T17:29:49.222000
1.076,2026-06-11T17:29:49.224000
1.078,2026-06-11T17:29:49.226000
1.08,2026-06-11T17:29:49.228000
1.082,2026-06-11T17:29:49.230000
1.084,2026-06-11T17:29:49.232000
1.086,2026-06-11T17:29:49.234000
1.088,2026-06-11T17:29:49.236000
1.09,2026-06-11T17:29:49.238000
1.092,2026-06-11T17:29:49.240000
1.094,2026-06-11T17:29:49.242000
1.096,2026-06-11T17:29:49.244000
1.098,2026-06-11T17:29:49.246000
1.1,2026-06-11T17:29:49.248000
1.102,2026-06-11T17:29:49.250000
1.104,2026-06-11T17:29:49.252000
1.106,2026-06-11T17:29:49.254000
1.108,2026-06-11T17:29:49.256000
1.11,2026-06-11T17:29:49.258000
1.112,2026-06-11T17:29:49.260000
1.114,2026-06-11T17:29:49.262000
1.116,2026-06-11T17:29:49.264000
1.118,2026-06-11T17:29:49.266000
1.12,2026-06-11T17:29:49.268000
1.122,2026-06-11T17:29:49.270000
1.124,2026-06-11T17:29:49.272000
1.126,2026-06-11T17:29:49.274000
1.128,2026-06-11T17:29:49.276000
1.13,2026-06-11T17:29:49.278000
1.132,2026-06-11T17:29:49.280000
1.134,2026-06-11T17:29:49.282000
1.136,2026-06-11T17:29:49.284000
1.138,2026-06-11T17:29:49.286000
1.14,2026-06-11T17:29:49.288000
1.142,2026-06-11T17:29:49.290000
1.144,2026-06-11T17:29:49.292000
1.146,2026-06-11T17:29:49.294000
1.148,2026-06-11T17:29:49.296000
1.15,2026-06-11T17:29:49.298000
1.152,2026-06-11T17:29:49.300000
1.154,2026-06-11T17:29:49.302000
1.156,2026-06-11T17:29:49.304000
1.158,2026-06-11T17:29:49.306000
1.16,2026-06-11T17:29:49.308000
1.162,2026-06-11T17:29:49.310000
1.164,2026-06-11T17:29:49.312000
1.166,2026-06-11T17:29:49.314000
1.168,2026-06-11T17:29:49.316000
1.17,2026-06-11T17:29:49.318000
1.172,2026-06-11T17:29:49.320000
1.174,2026-06-11T17:29:49.322000
1.176,2026-06-11T17:29:49.324000
1.178,2026-06-11T17:29:49.326000
1.18,2026-06-11T17:29:49.328000
1.182,2026-06-11T17:29:49.330000
1.184,2026-06-11T17:29:49.332000
1.186,2026-06-11T17:29:49.334000
1.188,2026-06-11T17:29:49.336000
1.19,2026-06-11T17:29:49.338000
1.192,2026-06-11T17:29:49.340000
1.194,2026-06-11T17:29:49.342000
1.196,2026-06-11T17:29:49.344000
1.198,2026-06-11T17:29:49.346000
1.2,2026-06-11T17:29:49.348000
1.202,2026-06-11T17:29:49.350000
1.204,2026-06-11T17:29:49.352000
1.206,2026-06-11T17:29:49.354000
1.208,2026-06-11T17:29:49.356000
1.21,2026-06-11T17:29:49.358000
1.212,2026-06-11T17:29:49.360000
1.214,2026-06-11T17:29:49.362000
1.216,2026-06-11T17:29:49.364000
1.218,2026-06-11T17:29:49.366000
1.22,2026-06-11T17:29:49.368000
1.222,2026-06-11T17:29:49.370000
1.224,2026-06-11T17:29:49.372000
1.226,2026-06-11T17:29:49.374000
1.228,2026-06-11T17:29:49.376000
1.23,2026-06-11T17:29:49.378000
1.232,2026-06-11T17:29:49.380000
1.234,2026-06-11T17:29:49.382000
1.236,2026-06-11T17:29:49.384000
1.238,2026-06-11T17:29:49.386000
1.24,2026-06-11T17:29:49.388000
1.242,2026-06-11T17:29:49.390000
1.244,2026-06-11T17:29:49.392000
1.246,2026-06-11T17:29:49.394000
1.248,2026-06-11T17:29:49.396000
1.25,2026-06-11T17:29:49.398000
1.252,2026-06-11T17:29:49.400000
1.254,2026-06-11T17:29:49.402000
1.256,2026-06-11T17:29:49.404000
1.258,2026-06-11T17:29:49.406000
1.26,2026-06-11T17:29:49.408000
1.262,2026-06-11T17:29:49.410000
1.264,2026-06-11T17:29:49.412000
1.266,2026-06-11T17:29:49.414000
1.268,2026-06-11T17:29:49.416000
1.27,2026-06-11T17:29:49.418000
1.272,2026-06-11T17:29:49.420000
1.274,2026-06-11T17:29:49.422000
1.276,2026-06-11T17:29:49.424000
1.278,2026-06-11T17:29:49.426000
1.28,2026-06-11T17:29:49.428000
1.282,2026-06-11T17:29:49.430000
1.284,2026-06-11T17:29:49.432000
1.286,2026-06-11T17:29:49.434000
1.288,2026-06-11T17:29:49.436000
1.29,2026-06-11T17:29:49.438000
1.292,2026-06-11T17:29:49.440000
1.294,2026-06-11T17:29:49.442000
1.296,2026-06-11T17:29:49.444000
1.298,2026-06-11T17:29:49.446000
1.3,2026-06-11T17:29:49.448000
1.302,2026-06-11T17:29:49.450000
1.304,2026-06-11T17:29:49.452000
1.306,2026-06-11T17:29:49.454000
1.308,2026-06-11T17:29:49.456000
1.31,2026-06-11T17:29:49.458000
1.312,2026-06-11T17:29:49.460000
1.314,2026-06-11T17:29:49.462000
1.316,2026-06-11T17:29:49.464000
1.318,2026-06-11T17:29:49.466000
1.32,2026-06-11T17:29:49.468000
1.322,2026-06-11T17:29:49.470000
1.324,2026-06-11T17:29:49.472000
1.326,2026-06-11T17:29:49.474000
1.328,2026-06-11T17:29:49.476000
1.33,2026-06-11T17:29:49.478000
1.332,2026-06-11T17:29:49.480000
1.334,2026-06-11T17:29:49.482000
1.336,2026-06-11T17:29:49.484000
1.338,2026-06-11T17:29:49.486000
1.34,2026-06-11T17:29:49.488000
1.342,2026-06-11T17:29:49.490000
1.344,2026-06-11T17:29:49.492000
1.346,2026-06-11T17:29:49.494000
1.348,2026-06-11T17:29:49.496000
1.35,2026-06-11T17:29:49.498000
1.352,2026-06-11T17:29:49.500000
1.354,2026-06-11T17:29:49.502000
1.356,2026-06-11T17:29:49.504000
1.358,2026-06-11T17:29:49.506000
1.36,2026-06-11T17:29:49.508000
1.362,2026-06-11T17:29:49.510000
1.364,2026-06-11T17:29:49.512000
1.366,2026-06-11T17:29:49.514000
1.368,2026-06-11T17:29:49.516000
1.37,2026-06-11T17:29:49.518000
1.372,2026-06-11T17:29:49.520000
1.374,2026-06-11T17:29:49.522000
1.376,2026-06-11T17:29:49.524000
1.378,2026-06-11T17:29:49.526000
1.38,2026-06-11T17:29:49.528000
1.382,2026-06-11T17:29:49.530000
1.384,2026-06-11T17:29:49.532000
1.386,2026-06-11T17:29:49.534000
1.388,2026-06-11T17:29:49.536000
1.39,2026-06-11T17:29:49.538000
1.392,2026-06-11T17:29:49.540000
1.394,2026-06-11T17:29:49.542000
1.396,2026-06-11T17:29:49.544000
1.398,2026-06-11T17:29:49.546000
1.4,2026-06-11T17:29:49.548000
1.402,2026-06-11T17:29:49.550000
1.404,2026-06-11T17:29:49.552000
1.406,2026-06-11T17:29:49.554000
1.408,2026-06-11T17:29:49.556000
1.41,2026-06-11T17:29:49.558000
1.412,2026-06-11T17:29:49.560000
1.414,2026-06-11T17:29:49.562000
1.416,2026-06-11T17:29:49.564000
1.418,2026-06-11T17:29:49.566000
1.42,2026-06-11T17:29:49.568000
1.422,2026-06-11T17:29:49.570000
1.424,2026-06-11T17:29:49.572000
1.426,2026-06-11T17:29:49.574000
1.428,2026-06-11T17:29:49.576000
1.43,2026-06-11T17:29:49.578000
1.432,2026-06-11T17:29:49.580000
1.434,2026-06-11T17:29:49.582000
1.436,2026-06-11T17:29:49.584000
1.438,2026-06-11T17:29:49.586000
1.44,2026-06-11T17:29:49.588000
1.442,2026-06-11T17:29:49.590000
1.444,2026-06-11T17:29:49.592000
1.446,2026-06-11T17:29:49.594000
1.448,2026-06-11T17:29:49.596000
1.45,2026-06-11T17:29:49.598000
1.452,2026-06-11T17:29:49.600000
1.454,2026-06-11T17:29:49.602000
1.456,2026-06-11T17:29:49.604000
1.458,2026-06-11T17:29:49.606000
1.46,2026-06-11T17:29:49.608000
1.462,2026-06-11T17:29:49.610000
1.464,2026-06-11T17:29:49.612000
1.466,2026-06-11T17:29:49.614000
1.468,2026-06-11T17:29:49.616000
1.47,2026-06-11T17:29:49.618000
1.472,2026-06-11T17:29:49.620000
1.474,2026-06-11T17:29:49.622000
1.476,2026-06-11T17:29:49.624000
1.478,2026-06-11T17:29:49.626000
1.48,2026-06-11T17:29:49.628000
1.482,2026-06-11T17:29:49.630000
1.484,2026-06-11T17:29:49.632000
1.486,2026-06-11T17:29:49.634000
1.488,2026-06-11T17:29:49.636000
1.49,2026-06-11T17:29:49.638000
1.492,2026-06-11T17:29:49.640000
1.494,2026-06-11T17:29:49.642000
1.496,2026-06-11T17:29:49.644000
1.498,2026-06-11T17:29:49.646000
1.5,2026-06-11T17:29:49.648000
1.502,2026-06-11T17:29:49.650000
1.504,2026-06-11T17:29:49.652000
1.506,2026-06-11T17:29:49.654000
1.508,2026-06-11T17:29:49.656000
1.51,2026-06-11T17:29:49.658000
1.512,2026-06-11T17:29:49.660000
1.514,2026-06-11T17:29:49.662000
1.516,2026-06-11T17:29:49.664000
1.518,2026-06-11T17:29:49.666000
1.52,2026-06-11T17:29:49.668000
1.522,2026-06-11T17:29:49.670000
1.524,2026-06-11T17:29:49.672000
1.526,2026-06-11T17:29:49.674000
1.528,2026-06-11T17:29:49.676000
1.53,2026-06-11T17:29:49.678000
1.532,2026-06-11T17:29:49.680000
1.534,2026-06-11T17:29:49.682000
1.536,2026-06-11T17:29:49.684000
1.538,2026-06-11T17:29:49.686000
1.54,2026-06-11T17:29:49.688000
1.542,2026-06-11T17:29:49.690000
1.544,2026-06-11T17:29:49.692000
1.546,2026-06-11T17:29:49.694000
1.548,2026-06-11T17:29:49.696000
1.55,2026-06-11T17:29:49.698000
1.552,2026-06-11T17:29:49.700000
1.554,2026-06-11T17:29:49.702000
1.556,2026-06-11T17:29:49.704000
1.558,2026-06-11T17:29:49.706000
1.56,2026-06-11T17:29:49.708000
1.562,2026-06-11T17:29:49.710000
1.564,2026-06-11T17:29:49.712000
1.566,2026-06-11T17:29:49.714000
1.568,2026-06-11T17:29:49.716000
1.57,2026-06-11T17:29:49.718000
1.572,2026-06-11T17:29:49.720000
1.574,2026-06-11T17:29:49.722000
1.576,2026-06-11T17:29:49.724000
1.578,2026-06-11T17:29:49.726000
1.58,2026-06-11T17:29:49.728000
1.582,2026-06-11T17:29:49.730000
1.584,2026-06-11T17:29:49.732000
1.586,2026-06-11T17:29:49.734000
1.588,2026-06-11T17:29:49.736000
1.59,2026-06-11T17:29:49.738000
1.592,2026-06-11T17:29:49.740000
1.594,2026-06-11T17:29:49.742000
1.596,2026-06-11T17:29:49.744000
1.598,2026-06-11T17:29:49.746000
1.6,2026-06-11T17:29:49.748000
1.602,2026-06-11T17:29:49.750000
1.604,2026-06-11T17:29:49.752000
1.606,2026-06-11T17:29:49.754000
1.608,2026-06-11T17:29:49.756000
1.61,2026-06-11T17:29:49.758000
1.612,2026-06-11T17:29:49.760000
1.614,2026-06-11T17:29:49.762000
1.616,2026-06-11T17:29:49.764000
1.618,2026-06-11T17:29:49.766000
1.62,2026-06-11T17:29:49.768000
1.622,2026-06-11T17:29:49.770000
1.624,2026-06-11T17:29:49.772000
1.626,2026-06-11T17:29:49.774000
1.628,2026-06-11T17:29:49.776000
1.63,2026-06-11T17:29:49.778000
1.632,2026-06-11T17:29:49.780000
1.634,2026-06-11T17:29:49.782000
1.636,2026-06-11T17:29:49.784000
1.638,2026-06-11T17:29:49.786000
1.64,2026-06-11T17:29:49.788000
1.642,2026-06-11T17:29:49.790000
1.644,2026-06-11T17:29:49.792000
1.646,2026-06-11T17:29:49.794000
1.648,2026-06-11T17:29:49.796000
1.65,2026-06-11T17:29:49.798000
1.652,2026-06-11T17:29:49.800000
1.654,2026-06-11T17:29:49.802000
1.656,2026-06-11T17:29:49.804000
1.658,2026-06-11T17:29:49.806000
1.66,2026-06-11T17:29:49.808000
1.662,2026-06-11T17:29:49.810000
1.664,2026-06-11T17:29:49.812000
1.666,2026-06-11T17:29:49.814000
1.668,2026-06-11T17:29:49.816000
1.67,2026-06-11T17:29:49.818000
1.672,2026-06-11T17:29:49.820000
1.674,2026-06-11T17:29:49.822000
1.676,2026-06-11T17:29:49.824000
1.678,2026-06-11T17:29:49.826000
1.68,2026-06-11T17:29:49.828000
1.682,2026-06-11T17:29:49.830000
1.684,2026-06-11T17:29:49.832000
1.686,2026-06-11T17:29:49.834000
1.688,2026-06-11T17:29:49.836000
1.69,2026-06-11T17:29:49.838000
1.692,2026-06-11T17:29:49.840000
1.694,2026-06-11T17:29:49.842000
1.696,2026-06-11T17:29:49.844000
1.698,2026-06-11T17:29:49.846000
1.7,2026-06-11T17:29:49.848000
1.702,2026-06-11T17:29:49.850000
1.704,2026-06-11T17:29:49.852000
1.706,2026-06-11T17:29:49.854000
1.708,2026-06-11T17:29:49.856000
1.71,2026-06-11T17:29:49.858000
1.712,2026-06-11T17:29:49.860000
1.714,2026-06-11T17:29:49.862000
1.716,2026-06-11T17:29:49.864000
1.718,2026-06-11T17:29:49.866000
1.72,2026-06-11T17:29:49.868000
1.722,2026-06-11T17:29:49.870000
1.724,2026-06-11T17:29:49.872000
1.726,2026-06-11T17:29:49.874000
1.728,2026-06-11T17:29:49.876000
1.73,2026-06-11T17:29:49.878000
1.732,2026-06-11T17:29:49.880000
1.734,2026-06-11T17:29:49.882000
1.736,2026-06-11T17:29:49.884000
1.738,2026-06-11T17:29:49.886000
1.74,2026-06-11T17:29:49.888000
1.742,2026-06-11T17:29:49.890000
1.744,2026-06-11T17:29:49.892000
1.746,2026-06-11T17:29:49.894000
1.748,2026-06-11T17:29:49.896000
1.75,2026-06-11T17:29:49.898000
1.752,2026-06-11T17:29:49.900000
1.754,2026-06-11T17:29:49.902000
1.756,2026-06-11T17:29:49.904000
1.758,2026-06-11T17:29:49.906000
1.76,2026-06-11T17:29:49.908000
1.762,2026-06-11T17:29:49.910000
1.764,2026-06-11T17:29:49.912000
1.766,2026-06-11T17:29:49.914000
1.768,2026-06-11T17:29:49.916000
1.77,2026-06-11T17:29:49.918000
1.772,2026-06-11T17:29:49.920000
1.774,2026-06-11T17:29:49.922000
1.776,2026-06-11T17:29:49.924000
1.778,2026-06-11T17:29:49.926000
1.78,2026-06-11T17:29:49.928000
1.782,2026-06-11T17:29:49.930000
1.784,2026-06-11T17:29:49.932000
1.786,2026-06-11T17:29:49.934000
1.788,2026-06-11T17:29:49.936000
1.79,2026-06-11T17:29:49.938000
1.792,2026-06-11T17:29:49.940000
1.794,2026-06-11T17:29:49.942000
1.796,2026-06-11T17:29:49.944000
1.798,2026-06-11T17:29:49.946000
1.8,2026-06-11T17:29:49.948000
1.802,2026-06-11T17:29:49.950000
1.804,2026-06-11T17:29:49.952000
1.806,2026-06-11T17:29:49.954000
1.808,2026-06-11T17:29:49.956000
1.81,2026-06-11T17:29:49.958000
1.812,2026-06-11T17:29:49.960000
1.814,2026-06-11T17:29:49.962000
1.816,2026-06-11T17:29:49.964000
1.818,2026-06-11T17:29:49.966000
1.82,2026-06-11T17:29:49.968000
1.822,2026-06-11T17:29:49.970000
1.824,2026-06-11T17:29:49.972000
1.826,2026-06-11T17:29:49.974000
1.828,2026-06-11T17:29:49.976000
1.83,2026-06-11T17:29:49.978000
1.832,2026-06-11T17:29:49.980000
1.834,2026-06-11T17:29:49.982000
1.836,2026-06-11T17:29:49.984000
1.838,2026-06-11T17:29:49.986000
1.84,2026-06-11T17:29:49.988000
1.842,2026-06-11T17:29:49.990000
1.844,2026-06-11T17:29:49.992000
1.846,2026-06-11T17:29:49.994000
1.848,2026-06-11T17:29:49.996000
1.85,2026-06-11T17:29:49.998000
1.852,2026-06-11T17:29:50.000000
1.854,2026-06-11T17:29:50.002000
1.856,2026-06-11T17:29:50.004000
1.858,2026-06-11T17:29:50.006000
1.86,2026-06-11T17:29:50.008000
1.862,2026-06-11T17:29:50.010000
1.864,2026-06-11T17:29:50.012000
1.866,2026-06-11T17:29:50.014000
1.868,2026-06-11T17:29:50.016000
1.87,2026-06-11T17:29:50.018000
1.872,2026-06-11T17:29:50.020000
1.874,2026-06-11T17:29:50.022000
1.876,2026-06-11T17:29:50.024000
1.878,2026-06-11T17:29:50.026000
1.88,2026-06-11T17:29:50.028000
1.882,2026-06-11T17:29:50.030000
1.884,2026-06-11T17:29:50.032000
1.886,2026-06-11T17:29:50.034000
1.888,2026-06-11T17:29:50.036000
1.89,2026-06-11T17:29:50.038000
1.892,2026-06-11T17:29:50.040000
1.894,2026-06-11T17:29:50.042000
1.896,2026-06-11T17:29:50.044000
1.898,2026-06-11T17:29:50.046000
1.9,2026-06-11T17:29:50.048000
1.902,2026-06-11T17:29:50.050000
1.904,2026-06-11T17:29:50.052000
1.906,2026-06-11T17:29:50.054000
1.908,2026-06-11T17:29:50.056000
1.91,2026-06-11T17:29:50.058000
1.912,2026-06-11T17:29:50.060000
1.914,2026-06-11T17:29:50.062000
1.916,2026-06-11T17:29:50.064000
1.918,2026-06-11T17:29:50.066000
1.92,2026-06-11T17:29:50.068000
1.922,2026-06-11T17:29:50.070000
1.924,2026-06-11T17:29:50.072000
1.926,2026-06-11T17:29:50.074000
1.928,2026-06-11T17:29:50.076000
1.93,2026-06-11T17:29:50.078000
1.932,2026-06-11T17:29:50.080000
1.934,2026-06-11T17:29:50.082000
1.936,2026-06-11T17:29:50.084000
1.938,2026-06-11T17:29:50.086000
1.94,2026-06-11T17:29:50.088000
1.942,2026-06-11T17:29:50.090000
1.944,2026-06-11T17:29:50.092000
1.946,2026-06-11T17:29:50.094000
1.948,2026-06-11T17:29:50.096000
1.95,2026-06-11T17:29:50.098000
1.952,2026-06-11T17:29:50.100000
1.954,2026-06-11T17:29:50.102000
1.956,2026-06-11T17:29:50.104000
1.958,2026-06-11T17:29:50.106000
1.96,2026-06-11T17:29:50.108000
1.962,2026-06-11T17:29:50.110000
1.964,2026-06-11T17:29:50.112000
1.966,2026-06-11T17:29:50.114000
1.968,2026-06-11T17:29:50.116000
1.97,2026-06-11T17:29:50.118000
1.972,2026-06-11T17:29:50.120000
1.974,2026-06-11T17:29:50.122000
1.976,2026-06-11T17:29:50.124000
1.978,2026-06-11T17:29:50.126000
1.98,2026-06-11T17:29:50.128000
1.982,2026-06-11T17:29:50.130000
1.984,2026-06-11T17:29:50.132000
1.986,2026-06-11T17:29:50.134000
1.988,2026-06-11T17:29:50.136000
1.99,2026-06-11T17:29:50.138000
1.992,2026-06-11T17:29:50.140000
1.994,2026-06-11T17:29:50.142000
1.996,2026-06-11T17:29:50.144000
1.998,2026-06-11T17:29:50.146000
2,2026-06-11T17:29:50.148000
2.002,2026-06-11T17:29:50.150000
2.004,2026-06-11T17:29:50.152000
2.006,2026-06-11T17:29:50.154000
2.008,2026-06-11T17:29:50.156000
2.01,2026-06-11T17:29:50.158000
2.012,2026-06-11T17:29:50.160000
2.014,2026-06-11T17:29:50.162000
2.016,2026-06-11T17:29:50.164000
2.018,2026-06-11T17:29:50.166000
2.02,2026-06-11T17:29:50.168000
2.022,2026-06-11T17:29:50.170000
2.024,2026-06-11T17:29:50.172000
2.026,2026-06-11T17:29:50.174000
2.028,2026-06-11T17:29:50.176000
2.03,2026-06-11T17:29:50.178000
2.032,2026-06-11T17:29:50.180000
2.034,2026-06-11T17:29:50.182000
2.036,2026-06-11T17:29:50.184000
2.038,2026-06-11T17:29:50.186000
2.04,2026-06-11T17:29:50.188000
2.042,2026-06-11T17:29:50.190000
2.044,2026-06-11T17:29:50.192000
2.046,2026-06-11T17:29:50.194000
2.048,2026-06-11T17:29:50.196000
2.05,2026-06-11T17:29:50.198000
2.052,2026-06-11T17:29:50.200000
2.054,2026-06-11T17:29:50.202000
2.056,2026-06-11T17:29:50.204000
2.058,2026-06-11T17:29:50.206000
2.06,2026-06-11T17:29:50.208000
2.062,2026-06-11T17:29:50.210000
2.064,2026-06-11T17:29:50.212000
2.066,2026-06-11T17:29:50.214000
2.068,2026-06-11T17:29:50.216000
2.07,2026-06-11T17:29:50.218000
2.072,2026-06-11T17:29:50.220000
2.074,2026-06-11T17:29:50.222000
2.076,2026-06-11T17:29:50.224000
2.078,2026-06-11T17:29:50.226000
2.08,2026-06-11T17:29:50.228000
2.082,2026-06-11T17:29:50.230000
2.084,2026-06-11T17:29:50.232000
2.086,2026-06-11T17:29:50.234000
2.088,2026-06-11T17:29:50.236000
2.09,2026-06-11T17:29:50.238000
2.092,2026-06-11T17:29:50.240000
2.094,2026-06-11T17:29:50.242000
2.096,2026-06-11T17:29:50.244000
2.098,2026-06-11T17:29:50.246000
2.1,2026-06-11T17:29:50.248000
2.102,2026-06-11T17:29:50.250000
2.104,2026-06-11T17:29:50.252000
2.106,2026-06-11T17:29:50.254000
2.108,2026-06-11T17:29:50.256000
2.11,2026-06-11T17:29:50.258000
2.112,2026-06-11T17:29:50.260000
2.114,2026-06-11T17:29:50.262000
2.116,2026-06-11T17:29:50.264000
2.118,2026-06-11T17:29:50.266000
2.12,2026-06-11T17:29:50.268000
2.122,2026-06-11T17:29:50.270000
2.124,2026-06-11T17:29:50.272000
2.126,2026-06-11T17:29:50.274000
2.128,2026-06-11T17:29:50.276000
2.13,2026-06-11T17:29:50.278000
2.132,2026-06-11T17:29:50.280000
2.134,2026-06-11T17:29:50.282000
2.136,2026-06-11T17:29:50.284000
2.138,2026-06-11T17:29:50.286000
2.14,2026-06-11T17:29:50.288000
2.142,2026-06-11T17:29:50.290000
2.144,2026-06-11T17:29:50.292000
2.146,2026-06-11T17:29:50.294000
2.148,2026-06-11T17:29:50.296000
2.15,2026-06-11T17:29:50.298000
2.152,2026-06-11T17:29:50.300000
2.154,2026-06-11T17:29:50.302000
2.156,2026-06-11T17:29:50.304000
2.158,2026-06-11T17:29:50.306000
2.16,2026-06-11T17:29:50.308000
2.162,2026-06-11T17:29:50.310000
2.164,2026-06-11T17:29:50.312000
2.166,2026-06-11T17:29:50.314000
2.168,2026-06-11T17:29:50.316000
2.17,2026-06-11T17:29:50.318000
2.172,2026-06-11T17:29:50.320000
2.174,2026-06-11T17:29:50.322000
2.176,2026-06-11T17:29:50.324000
2.178,2026-06-11T17:29:50.326000
2.18,2026-06-11T17:29:50.328000
2.182,2026-06-11T17:29:50.330000
2.184,2026-06-11T17:29:50.332000
2.186,2026-06-11T17:29:50.334000
2.188,2026-06-11T17:29:50.336000
2.19,2026-06-11T17:29:50.338000
2.192,2026-06-11T17:29:50.340000
2.194,2026-06-11T17:29:50.342000
2.196,2026-06-11T17:29:50.344000
2.198,2026-06-11T17:29:50.346000
2.2,2026-06-11T17:29:50.348000
2.202,2026-06-11T17:29:50.350000
2.204,2026-06-11T17:29:50.352000
2.206,2026-06-11T17:29:50.354000
2.208,2026-06-11T17:29:50.356000
2.21,2026-06-11T17:29:50.358000
2.212,2026-06-11T17:29:50.360000
2.214,2026-06-11T17:29:50.362000
2.216,2026-06-11T17:29:50.364000
2.218,2026-06-11T17:29:50.366000
2.22,2026-06-11T17:29:50.368000
2.222,2026-06-11T17:29:50.370000
2.224,2026-06-11T17:29:50.372000
2.226,2026-06-11T17:29:50.374000
2.228,2026-06-11T17:29:50.376000
2.23,2026-06-11T17:29:50.378000
2.232,2026-06-11T17:29:50.380000
2.234,2026-06-11T17:29:50.382000
2.236,2026-06-11T17:29:50.384000
2.238,2026-06-11T17:29:50.386000
2.24,2026-06-11T17:29:50.388000
2.242,2026-06-11T17:29:50.390000
2.244,2026-06-11T17:29:50.392000
2.246,2026-06-11T17:29:50.394000
2.248,2026-06-11T17:29:50.396000
2.25,2026-06-11T17:29:50.398000
2.252,2026-06-11T17:29:50.400000
2.254,2026-06-11T17:29:50.402000
2.256,2026-06-11T17:29:50.404000
2.258,2026-06-11T17:29:50.406000
2.26,2026-06-11T17:29:50.408000
2.262,2026-06-11T17:29:50.410000
2.264,2026-06-11T17:29:50.412000
2.266,2026-06-11T17:29:50.414000
2.268,2026-06-11T17:29:50.416000
2.27,2026-06-11T17:29:50.418000
2.272,2026-06-11T17:29:50.420000
2.274,2026-06-11T17:29:50.422000
2.276,2026-06-11T17:29:50.424000
2.278,2026-06-11T17:29:50.426000
2.28,2026-06-11T17:29:50.428000
2.282,2026-06-11T17:29:50.430000
2.284,2026-06-11T17:29:50.432000
2.286,2026-06-11T17:29:50.434000
2.288,2026-06-11T17:29:50.436000
2.29,2026-06-11T17:29:50.438000
2.292,2026-06-11T17:29:50.440000
2.294,2026-06-11T17:29:50.442000
2.296,2026-06-11T17:29:50.444000
2.298,2026-06-11T17:29:50.446000
2.3,2026-06-11T17:29:50.448000
2.302,2026-06-11T17:29:50.450000
2.304,2026-06-11T17:29:50.452000
2.306,2026-06-11T17:29:50.454000
2.308,2026-06-11T17:29:50.456000
2.31,2026-06-11T17:29:50.458000
2.312,2026-06-11T17:29:50.460000
2.314,2026-06-11T17:29:50.462000
2.316,2026-06-11T17:29:50.464000
2.318,2026-06-11T17:29:50.466000
2.32,2026-06-11T17:29:50.468000
2.322,2026-06-11T17:29:50.470000
2.324,2026-06-11T17:29:50.472000
2.326,2026-06-11T17:29:50.474000
2.328,2026-06-11T17:29:50.476000
2.33,2026-06-11T17:29:50.478000
2.332,2026-06-11T17:29:50.480000
2.334,2026-06-11T17:29:50.482000
2.336,2026-06-11T17:29:50.484000
2.338,2026-06-11T17:29:50.486000
2.34,2026-06-11T17:29:50.488000
2.342,2026-06-11T17:29:50.490000
2.344,2026-06-11T17:29:50.492000
2.346,2026-06-11T17:29:50.494000
2.348,2026-06-11T17:29:50.496000
2.35,2026-06-11T17:29:50.498000
2.352,2026-06-11T17:29:50.500000
2.354,2026-06-11T17:29:50.502000
2.356,2026-06-11T17:29:50.504000
2.358,2026-06-11T17:29:50.506000
2.36,2026-06-11T17:29:50.508000
2.362,2026-06-11T17:29:50.510000
2.364,2026-06-11T17:29:50.512000
2.366,2026-06-11T17:29:50.514000
2.368,2026-06-11T17:29:50.516000
2.37,2026-06-11T17:29:50.518000
2.372,2026-06-11T17:29:50.520000
2.374,2026-06-11T17:29:50.522000
2.376,2026-06-11T17:29:50.524000
2.378,2026-06-11T17:29:50.526000
2.38,2026-06-11T17:29:50.528000
2.382,2026-06-11T17:29:50.530000
2.384,2026-06-11T17:29:50.532000
2.386,2026-06-11T17:29:50.534000
2.388,2026-06-11T17:29:50.536000
2.39,2026-06-11T17:29:50.538000
2.392,2026-06-11T17:29:50.540000
2.394,2026-06-11T17:29:50.542000
2.396,2026-06-11T17:29:50.544000
2.398,2026-06-11T17:29:50.546000
2.4,2026-06-11T17:29:50.548000
2.402,2026-06-11T17:29:50.550000
2.404,2026-06-11T17:29:50.552000
2.406,2026-06-11T17:29:50.554000
2.408,2026-06-11T17:29:50.556000
2.41,2026-06-11T17:29:50.558000
2.412,2026-06-11T17:29:50.560000
2.414,2026-06-11T17:29:50.562000
2.416,2026-06-11T17:29:50.564000
2.418,2026-06-11T17:29:50.566000
2.42,2026-06-11T17:29:50.568000
2.422,2026-06-11T17:29:50.570000
2.424,2026-06-11T17:29:50.572000
2.426,2026-06-11T17:29:50.574000
2.428,2026-06-11T17:29:50.576000
2.43,2026-06-11T17:29:50.578000
2.432,2026-06-11T17:29:50.580000
2.434,2026-06-11T17:29:50.582000
2.436,2026-06-11T17:29:50.584000
2.438,2026-06-11T17:29:50.586000
2.44,2026-06-11T17:29:50.588000
2.442,2026-06-11T17:29:50.590000
2.444,2026-06-11T17:29:50.592000
2.446,2026-06-11T17:29:50.594000
2.448,2026-06-11T17:29:50.596000
2.45,2026-06-11T17:29:50.598000
2.452,2026-06-11T17:29:50.600000
2.454,2026-06-11T17:29:50.602000
2.456,2026-06-11T17:29:50.604000
2.458,2026-06-11T17:29:50.606000
2.46,2026-06-11T17:29:50.608000
2.462,2026-06-11T17:29:50.610000
2.464,2026-06-11T17:29:50.612000
2.466,2026-06-11T17:29:50.614000
2.468,2026-06-11T17:29:50.616000
2.47,2026-06-11T17:29:50.618000
2.472,2026-06-11T17:29:50.620000
2.474,2026-06-11T17:29:50.622000
2.476,2026-06-11T17:29:50.624000
2.478,2026-06-11T17:29:50.626000
2.48,2026-06-11T17:29:50.628000
2.482,2026-06-11T17:29:50.630000
2.484,2026-06-11T17:29:50.632000
2.486,2026-06-11T17:29:50.634000
2.488,2026-06-11T17:29:50.636000
2.49,2026-06-11T17:29:50.638000
2.492,2026-06-11T17:29:50.640000
2.494,2026-06-11T17:29:50.642000
2.496,2026-06-11T17:29:50.644000
2.498,2026-06-11T17:29:50.646000
2.5,2026-06-11T17:29:50.648000
2.502,2026-06-11T17:29:50.650000
2.504,2026-06-11T17:29:50.652000
2.506,2026-06-11T17:29:50.654000
2.508,2026-06-11T17:29:50.656000
2.51,2026-06-11T17:29:50.658000
2.512,2026-06-11T17:29:50.660000
2.514,2026-06-11T17:29:50.662000
2.516,2026-06-11T17:29:50.664000
2.518,2026-06-11T17:29:50.666000
2.52,2026-06-11T17:29:50.668000
2.522,2026-06-11T17:29:50.670000
2.524,2026-06-11T17:29:50.672000
2.526,2026-06-11T17:29:50.674000
2.528,2026-06-11T17:29:50.676000
2.53,2026-06-11T17:29:50.678000
2.532,2026-06-11T17:29:50.680000
2.534,2026-06-11T17:29:50.682000
2.536,2026-06-11T17:29:50.684000
2.538,2026-06-11T17:29:50.686000
2.54,2026-06-11T17:29:50.688000
2.542,2026-06-11T17:29:50.690000
2.544,2026-06-11T17:29:50.692000
2.546,2026-06-11T17:29:50.694000
2.548,2026-06-11T17:29:50.696000
2.55,2026-06-11T17:29:50.698000
2.552,2026-06-11T17:29:50.700000
2.554,2026-06-11T17:29:50.702000
2.556,2026-06-11T17:29:50.704000
2.558,2026-06-11T17:29:50.706000
2.56,2026-06-11T17:29:50.708000
2.562,2026-06-11T17:29:50.710000
2.564,2026-06-11T17:29:50.712000
2.566,2026-06-11T17:29:50.714000
2.568,2026-06-11T17:29:50.716000
2.57,2026-06-11T17:29:50.718000
2.572,2026-06-11T17:29:50.720000
2.574,2026-06-11T17:29:50.722000
2.576,2026-06-11T17:29:50.724000
2.578,2026-06-11T17:29:50.726000
2.58,2026-06-11T17:29:50.728000
2.582,2026-06-11T17:29:50.730000
2.584,2026-06-11T17:29:50.732000
2.586,2026-06-11T17:29:50.734000
2.588,2026-06-11T17:29:50.736000
2.59,2026-06-11T17:29:50.738000
2.592,2026-06-11T17:29:50.740000
2.594,2026-06-11T17:29:50.742000
2.596,2026-06-11T17:29:50.744000
2.598,2026-06-11T17:29:50.746000
2.6,2026-06-11T17:29:50.748000
2.602,2026-06-11T17:29:50.750000
2.604,2026-06-11T17:29:50.752000
2.606,2026-06-11T17:29:50.754000
2.608,2026-06-11T17:29:50.756000
2.61,2026-06-11T17:29:50.758000
2.612,2026-06-11T17:29:50.760000
2.614,2026-06-11T17:29:50.762000
2.616,2026-06-11T17:29:50.764000
2.618,2026-06-11T17:29:50.766000
2.62,2026-06-11T17:29:50.768000
2.622,2026-06-11T17:29:50.770000
2.624,2026-06-11T17:29:50.772000
2.626,2026-06-11T17:29:50.774000
2.628,2026-06-11T17:29:50.776000
2.63,2026-06-11T17:29:50.778000
2.632,2026-06-11T17:29:50.780000
2.634,2026-06-11T17:29:50.782000
2.636,2026-06-11T17:29:50.784000
2.638,2026-06-11T17:29:50.786000
2.64,2026-06-11T17:29:50.788000
2.642,2026-06-11T17:29:50.790000
2.644,2026-06-11T17:29:50.792000
2.646,2026-06-11T17:29:50.794000
2.648,2026-06-11T17:29:50.796000
2.65,2026-06-11T17:29:50.798000
2.652,2026-06-11T17:29:50.800000
2.654,2026-06-11T17:29:50.802000
2.656,2026-06-11T17:29:50.804000
2.658,2026-06-11T17:29:50.806000
2.66,2026-06-11T17:29:50.808000
2.662,2026-06-11T17:29:50.810000
2.664,2026-06-11T17:29:50.812000
2.666,2026-06-11T17:29:50.814000
2.668,2026-06-11T17:29:50.816000
2.67,2026-06-11T17:29:50.818000
2.672,2026-06-11T17:29:50.820000
2.674,2026-06-11T17:29:50.822000
2.676,2026-06-11T17:29:50.824000
2.678,2026-06-11T17:29:50.826000
2.68,2026-06-11T17:29:50.828000
2.682,2026-06-11T17:29:50.830000
2.684,2026-06-11T17:29:50.832000
2.686,2026-06-11T17:29:50.834000
2.688,2026-06-11T17:29:50.836000
2.69,2026-06-11T17:29:50.838000
2.692,2026-06-11T17:29:50.840000
2.694,2026-06-11T17:29:50.842000
2.696,2026-06-11T17:29:50.844000
2.698,2026-06-11T17:29:50.846000
2.7,2026-06-11T17:29:50.848000
2.702,2026-06-11T17:29:50.850000
2.704,2026-06-11T17:29:50.852000
2.706,2026-06-11T17:29:50.854000
2.708,2026-06-11T17:29:50.856000
2.71,2026-06-11T17:29:50.858000
2.712,2026-06-11T17:29:50.860000
2.714,2026-06-11T17:29:50.862000
2.716,2026-06-11T17:29:50.864000
2.718,2026-06-11T17:29:50.866000
2.72,2026-06-11T17:29:50.868000
2.722,2026-06-11T17:29:50.870000
2.724,2026-06-11T17:29:50.872000
2.726,2026-06-11T17:29:50.874000
2.728,2026-06-11T17:29:50.876000
2.73,2026-06-11T17:29:50.878000
2.732,2026-06-11T17:29:50.880000
2.734,2026-06-11T17:29:50.882000
2.736,2026-06-11T17:29:50.884000
2.738,2026-06-11T17:29:50.886000
2.74,2026-06-11T17:29:50.888000
2.742,2026-06-11T17:29:50.890000
2.744,2026-06-11T17:29:50.892000
2.746,2026-06-11T17:29:50.894000
2.748,2026-06-11T17:29:50.896000
2.75,2026-06-11T17:29:50.898000
2.752,2026-06-11T17:29:50.900000
2.754,2026-06-11T17:29:50.902000
2.756,2026-06-11T17:29:50.904000
2.758,2026-06-11T17:29:50.906000
2.76,2026-06-11T17:29:50.908000
2.762,2026-06-11T17:29:50.910000
2.764,2026-06-11T17:29:50.912000
2.766,2026-06-11T17:29:50.914000
2.768,2026-06-11T17:29:50.916000
2.77,2026-06-11T17:29:50.918000
2.772,2026-06-11T17:29:50.920000
2.774,2026-06-11T17:29:50.922000
2.776,2026-06-11T17:29:50.924000
2.778,2026-06-11T17:29:50.926000
2.78,2026-06-11T17:29:50.928000
2.782,2026-06-11T17:29:50.930000
2.784,2026-06-11T17:29:50.932000
2.786,2026-06-11T17:29:50.934000
2.788,2026-06-11T17:29:50.936000
2.79,2026-06-11T17:29:50.938000
2.792,2026-06-11T17:29:50.940000
2.794,2026-06-11T17:29:50.942000
2.796,2026-06-11T17:29:50.944000
2.798,2026-06-11T17:29:50.946000
2.8,2026-06-11T17:29:50.948000
2.802,2026-06-11T17:29:50.950000
2.804,2026-06-11T17:29:50.952000
2.806,2026-06-11T17:29:50.954000
2.808,2026-06-11T17:29:50.956000
2.81,2026-06-11T17:29:50.958000
2.812,2026-06-11T17:29:50.960000
2.814,2026-06-11T17:29:50.962000
2.816,2026-06-11T17:29:50.964000
2.818,2026-06-11T17:29:50.966000
2.82,2026-06-11T17:29:50.968000
2.822,2026-06-11T17:29:50.970000
2.824,2026-06-11T17:29:50.972000
2.826,2026-06-11T17:29:50.974000
2.828,2026-06-11T17:29:50.976000
2.83,2026-06-11T17:29:50.978000
2.832,2026-06-11T17:29:50.980000
2.834,2026-06-11T17:29:50.982000
2.836,2026-06-11T17:29:50.984000
2.838,2026-06-11T17:29:50.986000
2.84,2026-06-11T17:29:50.988000
2.842,2026-06-11T17:29:50.990000
2.844,2026-06-11T17:29:50.992000
2.846,2026-06-11T17:29:50.994000
2.848,2026-06-11T17:29:50.996000
2.85,2026-06-11T17:29:50.998000
2.852,2026-06-11T17:29:51.000000
2.854,2026-06-11T17:29:51.002000
2.856,2026-06-11T17:29:51.004000
2.858,2026-06-11T17:29:51.006000
2.86,2026-06-11T17:29:51.008000
2.862,2026-06-11T17:29:51.010000
2.864,2026-06-11T17:29:51.012000
2.866,2026-06-11T17:29:51.014000
2.868,2026-06-11T17:29:51.016000
2.87,2026-06-11T17:29:51.018000
2.872,2026-06-11T17:29:51.020000
2.874,2026-06-11T17:29:51.022000
2.876,2026-06-11T17:29:51.024000
2.878,2026-06-11T17:29:51.026000
2.88,2026-06-11T17:29:51.028000
2.882,2026-06-11T17:29:51.030000
2.884,2026-06-11T17:29:51.032000
2.886,2026-06-11T17:29:51.034000
2.888,2026-06-11T17:29:51.036000
2.89,2026-06-11T17:29:51.038000
2.892,2026-06-11T17:29:51.040000
2.894,2026-06-11T17:29:51.042000
2.896,2026-06-11T17:29:51.044000
2.898,2026-06-11T17:29:51.046000
2.9,2026-06-11T17:29:51.048000
2.902,2026-06-11T17:29:51.050000
2.904,2026-06-11T17:29:51.052000
2.906,2026-06-11T17:29:51.054000
2.908,2026-06-11T17:29:51.056000
2.91,2026-06-11T17:29:51.058000
2.912,2026-06-11T17:29:51.060000
2.914,2026-06-11T17:29:51.062000
2.916,2026-06-11T17:29:51.064000
2.918,2026-06-11T17:29:51.066000
2.92,2026-06-11T17:29:51.068000
2.922,2026-06-11T17:29:51.070000
2.924,2026-06-11T17:29:51.072000
2.926,2026-06-11T17:29:51.074000
2.928,2026-06-11T17:29:51.076000
2.93,2026-06-11T17:29:51.078000
2.932,2026-06-11T17:29:51.080000
2.934,2026-06-11T17:29:51.082000
2.936,2026-06-11T17:29:51.084000
2.938,2026-06-11T17:29:51.086000
2.94,2026-06-11T17:29:51.088000
2.942,2026-06-11T17:29:51.090000
2.944,2026-06-11T17:29:51.092000
2.946,2026-06-11T17:29:51.094000
2.948,2026-06-11T17:29:51.096000
2.95,2026-06-11T17:29:51.098000
2.952,2026-06-11T17:29:51.100000
2.954,2026-06-11T17:29:51.102000
2.956,2026-06-11T17:29:51.104000
2.958,2026-06-11T17:29:51.106000
2.96,2026-06-11T17:29:51.108000
2.962,2026-06-11T17:29:51.110000
2.964,2026-06-11T17:29:51.112000
2.966,2026-06-11T17:29:51.114000
2.968,2026-06-11T17:29:51.116000
2.97,2026-06-11T17:29:51.118000
2.972,2026-06-11T17:29:51.120000
2.974,2026-06-11T17:29:51.122000
2.976,2026-06-11T17:29:51.124000
2.978,2026-06-11T17:29:51.126000
2.98,2026-06-11T17:29:51.128000
2.982,2026-06-11T17:29:51.130000
2.984,2026-06-11T17:29:51.132000
2.986,2026-06-11T17:29:51.134000
2.988,2026-06-11T17:29:51.136000
2.99,2026-06-11T17:29:51.138000
2.992,2026-06-11T17:29:51.140000
2.994,2026-06-11T17:29:51.142000
2.996,2026-06-11T17:29:51.144000
2.998,2026-06-11T17:29:51.146000
3,2026-06-11T17:29:51.148000
3.002,2026-06-11T17:29:51.150000
3.004,2026-06-11T17:29:51.152000
3.006,2026-06-11T17:29:51.154000
3.008,2026-06-11T17:29:51.156000
3.01,2026-06-11T17:29:51.158000
3.012,2026-06-11T17:29:51.160000
3.014,2026-06-11T17:29:51.162000
3.016,2026-06-11T17:29:51.164000
3.018,2026-06-11T17:29:51.166000
3.02,2026-06-11T17:29:51.168000
3.022,2026-06-11T17:29:51.170000
3.024,2026-06-11T17:29:51.172000
3.026,2026-06-11T17:29:51.174000
3.028,2026-06-11T17:29:51.176000
3.03,2026-06-11T17:29:51.178000
3.032,2026-06-11T17:29:51.180000
3.034,2026-06-11T17:29:51.182000
3.036,2026-06-11T17:29:51.184000
3.038,2026-06-11T17:29:51.186000
3.04,2026-06-11T17:29:51.188000
3.042,2026-06-11T17:29:51.190000
3.044,2026-06-11T17:29:51.192000
3.046,2026-06-11T17:29:51.194000
3.048,2026-06-11T17:29:51.196000
3.05,2026-06-11T17:29:51.198000
3.052,2026-06-11T17:29:51.200000
3.054,2026-06-11T17:29:51.202000
3.056,2026-06-11T17:29:51.204000
3.058,2026-06-11T17:29:51.206000
3.06,2026-06-11T17:29:51.208000
3.062,2026-06-11T17:29:51.210000
3.064,2026-06-11T17:29:51.212000
3.066,2026-06-11T17:29:51.214000
3.068,2026-06-11T17:29:51.216000
3.07,2026-06-11T17:29:51.218000
3.072,2026-06-11T17:29:51.220000
3.074,2026-06-11T17:29:51.222000
3.076,2026-06-11T17:29:51.224000
3.078,2026-06-11T17:29:51.226000
3.08,2026-06-11T17:29:51.228000
3.082,2026-06-11T17:29:51.230000
3.084,2026-06-11T17:29:51.232000
3.086,2026-06-11T17:29:51.234000
3.088,2026-06-11T17:29:51.236000
3.09,2026-06-11T17:29:51.238000
3.092,2026-06-11T17:29:51.240000
3.094,2026-06-11T17:29:51.242000
3.096,2026-06-11T17:29:51.244000
3.098,2026-06-11T17:29:51.246000
3.1,2026-06-11T17:29:51.248000
3.102,2026-06-11T17:29:51.250000
3.104,2026-06-11T17:29:51.252000
3.106,2026-06-11T17:29:51.254000
3.108,2026-06-11T17:29:51.256000
3.11,2026-06-11T17:29:51.258000
3.112,2026-06-11T17:29:51.260000
3.114,2026-06-11T17:29:51.262000
3.116,2026-06-11T17:29:51.264000
3.118,2026-06-11T17:29:51.266000
3.12,2026-06-11T17:29:51.268000
3.122,2026-06-11T17:29:51.270000
3.124,2026-06-11T17:29:51.272000
3.126,2026-06-11T17:29:51.274000
3.128,2026-06-11T17:29:51.276000
3.13,2026-06-11T17:29:51.278000
3.132,2026-06-11T17:29:51.280000
3.134,2026-06-11T17:29:51.282000
3.136,2026-06-11T17:29:51.284000
3.138,2026-06-11T17:29:51.286000
3.14,2026-06-11T17:29:51.288000
3.142,2026-06-11T17:29:51.290000
3.144,2026-06-11T17:29:51.292000
3.146,2026-06-11T17:29:51.294000
3.148,2026-06-11T17:29:51.296000
3.15,2026-06-11T17:29:51.298000
3.152,2026-06-11T17:29:51.300000
3.154,2026-06-11T17:29:51.302000
3.156,2026-06-11T17:29:51.304000
3.158,2026-06-11T17:29:51.306000
3.16,2026-06-11T17:29:51.308000
3.162,2026-06-11T17:29:51.310000
3.164,2026-06-11T17:29:51.312000
3.166,2026-06-11T17:29:51.314000
3.168,2026-06-11T17:29:51.316000
3.17,2026-06-11T17:29:51.318000
3.172,2026-06-11T17:29:51.320000
3.174,2026-06-11T17:29:51.322000
3.176,2026-06-11T17:29:51.324000
3.178,2026-06-11T17:29:51.326000
3.18,2026-06-11T17:29:51.328000
3.182,2026-06-11T17:29:51.330000
3.184,2026-06-11T17:29:51.332000
3.186,2026-06-11T17:29:51.334000
3.188,2026-06-11T17:29:51.336000
3.19,2026-06-11T17:29:51.338000
3.192,2026-06-11T17:29:51.340000
3.194,2026-06-11T17:29:51.342000
3.196,2026-06-11T17:29:51.344000
3.198,2026-06-11T17:29:51.346000
3.2,2026-06-11T17:29:51.348000
3.202,2026-06-11T17:29:51.350000
3.204,2026-06-11T17:29:51.352000
3.206,2026-06-11T17:29:51.354000
3.208,2026-06-11T17:29:51.356000
3.21,2026-06-11T17:29:51.358000
3.212,2026-06-11T17:29:51.360000
3.214,2026-06-11T17:29:51.362000
3.216,2026-06-11T17:29:51.364000
3.218,2026-06-11T17:29:51.366000
3.22,2026-06-11T17:29:51.368000
3.222,2026-06-11T17:29:51.370000
3.224,2026-06-11T17:29:51.372000
3.226,2026-06-11T17:29:51.374000
3.228,2026-06-11T17:29:51.376000
3.23,2026-06-11T17:29:51.378000
3.232,2026-06-11T17:29:51.380000
3.234,2026-06-11T17:29:51.382000
3.236,2026-06-11T17:29:51.384000
3.238,2026-06-11T17:29:51.386000
3.24,2026-06-11T17:29:51.388000
3.242,2026-06-11T17:29:51.390000
3.244,2026-06-11T17:29:51.392000
3.246,2026-06-11T17:29:51.394000
3.248,2026-06-11T17:29:51.396000
3.25,2026-06-11T17:29:51.398000
3.252,2026-06-11T17:29:51.400000
3.254,2026-06-11T17:29:51.402000
3.256,2026-06-11T17:29:51.404000
3.258,2026-06-11T17:29:51.406000
3.26,2026-06-11T17:29:51.408000
3.262,2026-06-11T17:29:51.410000
3.264,2026-06-11T17:29:51.412000
3.266,2026-06-11T17:29:51.414000
3.268,2026-06-11T17:29:51.416000
3.27,2026-06-11T17:29:51.418000
3.272,2026-06-11T17:29:51.420000
3.274,2026-06-11T17:29:51.422000
3.276,2026-06-11T17:29:51.424000
3.278,2026-06-11T17:29:51.426000
3.28,2026-06-11T17:29:51.428000
3.282,2026-06-11T17:29:51.430000
3.284,2026-06-11T17:29:51.432000
3.286,2026-06-11T17:29:51.434000
3.288,2026-06-11T17:29:51.436000
3.29,2026-06-11T17:29:51.438000
3.292,2026-06-11T17:29:51.440000
3.294,2026-06-11T17:29:51.442000
3.296,2026-06-11T17:29:51.444000
3.298,2026-06-11T17:29:51.446000
3.3,2026-06-11T17:29:51.448000
3.302,2026-06-11T17:29:51.450000
3.304,2026-06-11T17:29:51.452000
3.306,2026-06-11T17:29:51.454000
3.308,2026-06-11T17:29:51.456000
3.31,2026-06-11T17:29:51.458000
3.312,2026-06-11T17:29:51.460000
3.314,2026-06-11T17:29:51.462000
3.316,2026-06-11T17:29:51.464000
3.318,2026-06-11T17:29:51.466000
3.32,2026-06-11T17:29:51.468000
3.322,2026-06-11T17:29:51.470000
3.324,2026-06-11T17:29:51.472000
3.326,2026-06-11T17:29:51.474000
3.328,2026-06-11T17:29:51.476000
3.33,2026-06-11T17:29:51.478000
3.332,2026-06-11T17:29:51.480000
3.334,2026-06-11T17:29:51.482000
3.336,2026-06-11T17:29:51.484000
3.338,2026-06-11T17:29:51.486000
3.34,2026-06-11T17:29:51.488000
3.342,2026-06-11T17:29:51.490000
3.344,2026-06-11T17:29:51.492000
3.346,2026-06-11T17:29:51.494000
3.348,2026-06-11T17:29:51.496000
3.35,2026-06-11T17:29:51.498000
3.352,2026-06-11T17:29:51.500000
3.354,2026-06-11T17:29:51.502000
3.356,2026-06-11T17:29:51.504000
3.358,2026-06-11T17:29:51.506000
3.36,2026-06-11T17:29:51.508000
3.362,2026-06-11T17:29:51.510000
3.364,2026-06-11T17:29:51.512000
3.366,2026-06-11T17:29:51.514000
3.368,2026-06-11T17:29:51.516000
3.37,2026-06-11T17:29:51.518000
3.372,2026-06-11T17:29:51.520000
3.374,2026-06-11T17:29:51.522000
3.376,2026-06-11T17:29:51.524000
3.378,2026-06-11T17:29:51.526000
3.38,2026-06-11T17:29:51.528000
3.382,2026-06-11T17:29:51.530000
3.384,2026-06-11T17:29:51.532000
3.386,2026-06-11T17:29:51.534000
3.388,2026-06-11T17:29:51.536000
3.39,2026-06-11T17:29:51.538000
3.392,2026-06-11T17:29:51.540000
3.394,2026-06-11T17:29:51.542000
3.396,2026-06-11T17:29:51.544000
3.398,2026-06-11T17:29:51.546000
3.4,2026-06-11T17:29:51.548000
3.402,2026-06-11T17:29:51.550000
3.404,2026-06-11T17:29:51.552000
3.406,2026-06-11T17:29:51.554000
3.408,2026-06-11T17:29:51.556000
3.41,2026-06-11T17:29:51.558000
3.412,2026-06-11T17:29:51.560000
3.414,2026-06-11T17:29:51.562000
3.416,2026-06-11T17:29:51.564000
3.418,2026-06-11T17:29:51.566000
3.42,2026-06-11T17:29:51.568000
3.422,2026-06-11T17:29:51.570000
3.424,2026-06-11T17:29:51.572000
3.426,2026-06-11T17:29:51.574000
3.428,2026-06-11T17:29:51.576000
3.43,2026-06-11T17:29:51.578000
3.432,2026-06-11T17:29:51.580000
3.434,2026-06-11T17:29:51.582000
3.436,2026-06-11T17:29:51.584000
3.438,2026-06-11T17:29:51.586000
3.44,2026-06-11T17:29:51.588000
3.442,2026-06-11T17:29:51.590000
3.444,2026-06-11T17:29:51.592000
3.446,2026-06-11T17:29:51.594000
3.448,2026-06-11T17:29:51.596000
3.45,2026-06-11T17:29:51.598000
3.452,2026-06-11T17:29:51.600000
3.454,2026-06-11T17:29:51.602000
3.456,2026-06-11T17:29:51.604000
3.458,2026-06-11T17:29:51.606000
3.46,2026-06-11T17:29:51.608000
3.462,2026-06-11T17:29:51.610000
3.464,2026-06-11T17:29:51.612000
3.466,2026-06-11T17:29:51.614000
3.468,2026-06-11T17:29:51.616000
3.47,2026-06-11T17:29:51.618000
3.472,2026-06-11T17:29:51.620000
3.474,2026-06-11T17:29:51.622000
3.476,2026-06-11T17:29:51.624000
3.478,2026-06-11T17:29:51.626000
3.48,2026-06-11T17:29:51.628000
3.482,2026-06-11T17:29:51.630000
3.484,2026-06-11T17:29:51.632000
3.486,2026-06-11T17:29:51.634000
3.488,2026-06-11T17:29:51.636000
3.49,2026-06-11T17:29:51.638000
3.492,2026-06-11T17:29:51.640000
3.494,2026-06-11T17:29:51.642000
3.496,2026-06-11T17:29:51.644000
3.498,2026-06-11T17:29:51.646000
3.5,2026-06-11T17:29:51.648000
3.502,2026-06-11T17:29:51.650000
3.504,2026-06-11T17:29:51.652000
3.506,2026-06-11T17:29:51.654000
3.508,2026-06-11T17:29:51.656000
3.51,2026-06-11T17:29:51.658000
3.512,2026-06-11T17:29:51.660000
3.514,2026-06-11T17:29:51.662000
3.516,2026-06-11T17:29:51.664000
3.518,2026-06-11T17:29:51.666000
3.52,2026-06-11T17:29:51.668000
3.522,2026-06-11T17:29:51.670000
3.524,2026-06-11T17:29:51.672000
3.526,2026-06-11T17:29:51.674000
3.528,2026-06-11T17:29:51.676000
3.53,2026-06-11T17:29:51.678000
3.532,2026-06-11T17:29:51.680000
3.534,2026-06-11T17:29:51.682000
3.536,2026-06-11T17:29:51.684000
3.538,2026-06-11T17:29:51.686000
3.54,2026-06-11T17:29:51.688000
3.542,2026-06-11T17:29:51.690000
3.544,2026-06-11T17:29:51.692000
3.546,2026-06-11T17:29:51.694000
3.548,2026-06-11T17:29:51.696000
3.55,2026-06-11T17:29:51.698000
3.552,2026-06-11T17:29:51.700000
3.554,2026-06-11T17:29:51.702000
3.556,2026-06-11T17:29:51.704000
3.558,2026-06-11T17:29:51.706000
3.56,2026-06-11T17:29:51.708000
3.562,2026-06-11T17:29:51.710000
3.564,2026-06-11T17:29:51.712000
3.566,2026-06-11T17:29:51.714000
3.568,2026-06-11T17:29:51.716000
3.57,2026-06-11T17:29:51.718000
3.572,2026-06-11T17:29:51.720000
3.574,2026-06-11T17:29:51.722000
3.576,2026-06-11T17:29:51.724000
3.578,2026-06-11T17:29:51.726000
3.58,2026-06-11T17:29:51.728000
3.582,2026-06-11T17:29:51.730000
3.584,2026-06-11T17:29:51.732000
3.586,2026-06-11T17:29:51.734000
3.588,2026-06-11T17:29:51.736000
3.59,2026-06-11T17:29:51.738000
3.592,2026-06-11T17:29:51.740000
3.594,2026-06-11T17:29:51.742000
3.596,2026-06-11T17:29:51.744000
3.598,2026-06-11T17:29:51.746000
3.6,2026-06-11T17:29:51.748000
3.602,2026-06-11T17:29:51.750000
3.604,2026-06-11T17:29:51.752000
3.606,2026-06-11T17:29:51.754000
3.608,2026-06-11T17:29:51.756000
3.61,2026-06-11T17:29:51.758000
3.612,2026-06-11T17:29:51.760000
3.614,2026-06-11T17:29:51.762000
3.616,2026-06-11T17:29:51.764000
3.618,2026-06-11T17:29:51.766000
3.62,2026-06-11T17:29:51.768000
3.622,2026-06-11T17:29:51.770000
3.624,2026-06-11T17:29:51.772000
3.626,2026-06-11T17:29:51.774000
3.628,2026-06-11T17:29:51.776000
3.63,2026-06-11T17:29:51.778000
3.632,2026-06-11T17:29:51.780000
3.634,2026-06-11T17:29:51.782000
3.636,2026-06-11T17:29:51.784000
3.638,2026-06-11T17:29:51.786000
3.64,2026-06-11T17:29:51.788000
3.642,2026-06-11T17:29:51.790000
3.644,2026-06-11T17:29:51.792000
3.646,2026-06-11T17:29:51.794000
3.648,2026-06-11T17:29:51.796000
3.65,2026-06-11T17:29:51.798000
3.652,2026-06-11T17:29:51.800000
3.654,2026-06-11T17:29:51.802000
3.656,2026-06-11T17:29:51.804000
3.658,2026-06-11T17:29:51.806000
3.66,2026-06-11T17:29:51.808000
3.662,2026-06-11T17:29:51.810000
3.664,2026-06-11T17:29:51.812000
3.666,2026-06-11T17:29:51.814000
3.668,2026-06-11T17:29:51.816000
3.67,2026-06-11T17:29:51.818000
3.672,2026-06-11T17:29:51.820000
3.674,2026-06-11T17:29:51.822000
3.676,2026-06-11T17:29:51.824000
3.678,2026-06-11T17:29:51.826000
3.68,2026-06-11T17:29:51.828000
3.682,2026-06-11T17:29:51.830000
3.684,2026-06-11T17:29:51.832000
3.686,2026-06-11T17:29:51.834000
3.688,2026-06-11T17:29:51.836000
3.69,2026-06-11T17:29:51.838000
3.692,2026-06-11T17:29:51.840000
3.694,2026-06-11T17:29:51.842000
3.696,2026-06-11T17:29:51.844000
3.698,2026-06-11T17:29:51.846000
3.7,2026-06-11T17:29:51.848000
3.702,2026-06-11T17:29:51.850000
3.704,2026-06-11T17:29:51.852000
3.706,2026-06-11T17:29:51.854000
3.708,2026-06-11T17:29:51.856000
3.71,2026-06-11T17:29:51.858000
3.712,2026-06-11T17:29:51.860000
3.714,2026-06-11T17:29:51.862000
3.716,2026-06-11T17:29:51.864000
3.718,2026-06-11T17:29:51.866000
3.72,2026-06-11T17:29:51.868000
3.722,2026-06-11T17:29:51.870000
3.724,2026-06-11T17:29:51.872000
3.726,2026-06-11T17:29:51.874000
3.728,2026-06-11T17:29:51.876000
3.73,2026-06-11T17:29:51.878000
3.732,2026-06-11T17:29:51.880000
3.734,2026-06-11T17:29:51.882000
3.736,2026-06-11T17:29:51.884000
3.738,2026-06-11T17:29:51.886000
3.74,2026-06-11T17:29:51.888000
3.742,2026-06-11T17:29:51.890000
3.744,2026-06-11T17:29:51.892000
3.746,2026-06-11T17:29:51.894000
3.748,2026-06-11T17:29:51.896000
3.75,2026-06-11T17:29:51.898000
3.752,2026-06-11T17:29:51.900000
3.754,2026-06-11T17:29:51.902000
3.756,2026-06-11T17:29:51.904000
3.758,2026-06-11T17:29:51.906000
3.76,2026-06-11T17:29:51.908000
3.762,2026-06-11T17:29:51.910000
3.764,2026-06-11T17:29:51.912000
3.766,2026-06-11T17:29:51.914000
3.768,2026-06-11T17:29:51.916000
3.77,2026-06-11T17:29:51.918000
3.772,2026-06-11T17:29:51.920000
3.774,2026-06-11T17:29:51.922000
3.776,2026-06-11T17:29:51.924000
3.778,2026-06-11T17:29:51.926000
3.78,2026-06-11T17:29:51.928000
3.782,2026-06-11T17:29:51.930000
3.784,2026-06-11T17:29:51.932000
3.786,2026-06-11T17:29:51.934000
3.788,2026-06-11T17:29:51.936000
3.79,2026-06-11T17:29:51.938000
3.792,2026-06-11T17:29:51.940000
3.794,2026-06-11T17:29:51.942000
3.796,2026-06-11T17:29:51.944000
3.798,2026-06-11T17:29:51.946000
3.8,2026-06-11T17:29:51.948000
3.802,2026-06-11T17:29:51.950000
3.804,2026-06-11T17:29:51.952000
3.806,2026-06-11T17:29:51.954000
3.808,2026-06-11T17:29:51.956000
3.81,2026-06-11T17:29:51.958000
3.812,2026-06-11T17:29:51.960000
3.814,2026-06-11T17:29:51.962000
3.816,2026-06-11T17:29:51.964000
3.818,2026-06-11T17:29:51.966000
3.82,2026-06-11T17:29:51.968000
3.822,2026-06-11T17:29:51.970000
3.824,2026-06-11T17:29:51.972000
3.826,2026-06-11T17:29:51.974000
3.828,2026-06-11T17:29:51.976000
3.83,2026-06-11T17:29:51.978000
3.832,2026-06-11T17:29:51.980000
3.834,2026-06-11T17:29:51.982000
3.836,2026-06-11T17:29:51.984000
3.838,2026-06-11T17:29:51.986000
3.84,2026-06-11T17:29:51.988000
3.842,2026-06-11T17:29:51.990000
3.844,2026-06-11T17:29:51.992000
3.846,2026-06-11T17:29:51.994000
3.848,2026-06-11T17:29:51.996000
3.85,2026-06-11T17:29:51.998000
3.852,2026-06-11T17:29:52.000000
3.854,2026-06-11T17:29:52.002000
3.856,2026-06-11T17:29:52.004000
3.858,2026-06-11T17:29:52.006000
3.86,2026-06-11T17:29:52.008000
3.862,2026-06-11T17:29:52.010000
3.864,2026-06-11T17:29:52.012000
3.866,2026-06-11T17:29:52.014000
3.868,2026-06-11T17:29:52.016000
3.87,2026-06-11T17:29:52.018000
3.872,2026-06-11T17:29:52.020000
3.874,2026-06-11T17:29:52.022000
3.876,2026-06-11T17:29:52.024000
3.878,2026-06-11T17:29:52.026000
3.88,2026-06-11T17:29:52.028000
3.882,2026-06-11T17:29:52.030000
3.884,2026-06-11T17:29:52.032000
3.886,2026-06-11T17:29:52.034000
3.888,2026-06-11T17:29:52.036000
3.89,2026-06-11T17:29:52.038000
3.892,2026-06-11T17:29:52.040000
3.894,2026-06-11T17:29:52.042000
3.896,2026-06-11T17:29:52.044000
3.898,2026-06-11T17:29:52.046000
3.9,2026-06-11T17:29:52.048000
3.902,2026-06-11T17:29:52.050000
3.904,2026-06-11T17:29:52.052000
3.906,2026-06-11T17:29:52.054000
3.908,2026-06-11T17:29:52.056000
3.91,2026-06-11T17:29:52.058000
3.912,2026-06-11T17:29:52.060000
3.914,2026-06-11T17:29:52.062000
3.916,2026-06-11T17:29:52.064000
3.918,2026-06-11T17:29:52.066000
3.92,2026-06-11T17:29:52.068000
3.922,2026-06-11T17:29:52.070000
3.924,2026-06-11T17:29:52.072000
3.926,2026-06-11T17:29:52.074000
3.928,2026-06-11T17:29:52.076000
3.93,2026-06-11T17:29:52.078000
3.932,2026-06-11T17:29:52.080000
3.934,2026-06-11T17:29:52.082000
3.936,2026-06-11T17:29:52.084000
3.938,2026-06-11T17:29:52.086000
3.94,2026-06-11T17:29:52.088000
3.942,2026-06-11T17:29:52.090000
3.944,2026-06-11T17:29:52.092000
3.946,2026-06-11T17:29:52.094000
3.948,2026-06-11T17:29:52.096000
3.95,2026-06-11T17:29:52.098000
3.952,2026-06-11T17:29:52.100000
3.954,2026-06-11T17:29:52.102000
3.956,2026-06-11T17:29:52.104000
3.958,2026-06-11T17:29:52.106000
3.96,2026-06-11T17:29:52.108000
3.962,2026-06-11T17:29:52.110000
3.964,2026-06-11T17:29:52.112000
3.966,2026-06-11T17:29:52.114000
3.968,2026-06-11T17:29:52.116000
3.97,2026-06-11T17:29:52.118000
3.972,2026-06-11T17:29:52.120000
3.974,2026-06-11T17:29:52.122000
3.976,2026-06-11T17:29:52.124000
3.978,2026-06-11T17:29:52.126000
3.98,2026-06-11T17:29:52.128000
3.982,2026-06-11T17:29:52.130000
3.984,2026-06-11T17:29:52.132000
3.986,2026-06-11T17:29:52.134000
3.988,2026-06-11T17:29:52.136000
3.99,2026-06-11T17:29:52.138000
3.992,2026-06-11T17:29:52.140000
3.994,2026-06-11T17:29:52.142000
3.996,2026-06-11T17:29:52.144000
3.998,2026-06-11T17:29:52.146000
4,2026-06-11T17:29:52.148000
4.002,2026-06-11T17:29:52.150000
4.004,2026-06-11T17:29:52.152000
4.006,2026-06-11T17:29:52.154000
4.008,2026-06-11T17:29:52.156000
4.01,2026-06-11T17:29:52.158000
4.012,2026-06-11T17:29:52.160000
4.014,2026-06-11T17:29:52.162000
4.016,2026-06-11T17:29:52.164000
4.018,2026-06-11T17:29:52.166000
4.02,2026-06-11T17:29:52.168000
4.022,2026-06-11T17:29:52.170000
4.024,2026-06-11T17:29:52.172000
4.026,2026-06-11T17:29:52.174000
4.028,2026-06-11T17:29:52.176000
4.03,2026-06-11T17:29:52.178000
4.032,2026-06-11T17:29:52.180000
4.034,2026-06-11T17:29:52.182000
4.036,2026-06-11T17:29:52.184000
4.038,2026-06-11T17:29:52.186000
4.04,2026-06-11T17:29:52.188000
4.042,2026-06-11T17:29:52.190000
4.044,2026-06-11T17:29:52.192000
4.046,2026-06-11T17:29:52.194000
4.048,2026-06-11T17:29:52.196000
4.05,2026-06-11T17:29:52.198000
4.052,2026-06-11T17:29:52.200000
4.054,2026-06-11T17:29:52.202000
4.056,2026-06-11T17:29:52.204000
4.058,2026-06-11T17:29:52.206000
4.06,2026-06-11T17:29:52.208000
4.062,2026-06-11T17:29:52.210000
4.064,2026-06-11T17:29:52.212000
4.066,2026-06-11T17:29:52.214000
4.068,2026-06-11T17:29:52.216000
4.07,2026-06-11T17:29:52.218000
4.072,2026-06-11T17:29:52.220000
4.074,2026-06-11T17:29:52.222000
4.076,2026-06-11T17:29:52.224000
4.078,2026-06-11T17:29:52.226000
4.08,2026-06-11T17:29:52.228000
4.082,2026-06-11T17:29:52.230000
4.084,2026-06-11T17:29:52.232000
4.086,2026-06-11T17:29:52.234000
4.088,2026-06-11T17:29:52.236000
4.09,2026-06-11T17:29:52.238000
4.092,2026-06-11T17:29:52.240000
4.094,2026-06-11T17:29:52.242000
4.096,2026-06-11T17:29:52.244000
4.098,2026-06-11T17:29:52.246000
4.1,2026-06-11T17:29:52.248000
4.102,2026-06-11T17:29:52.250000
4.104,2026-06-11T17:29:52.252000
4.106,2026-06-11T17:29:52.254000
4.108,2026-06-11T17:29:52.256000
4.11,2026-06-11T17:29:52.258000
4.112,2026-06-11T17:29:52.260000
4.114,2026-06-11T17:29:52.262000
4.116,2026-06-11T17:29:52.264000
4.118,2026-06-11T17:29:52.266000
4.12,2026-06-11T17:29:52.268000
4.122,2026-06-11T17:29:52.270000
4.124,2026-06-11T17:29:52.272000
4.126,2026-06-11T17:29:52.274000
4.128,2026-06-11T17:29:52.276000
4.13,2026-06-11T17:29:52.278000
4.132,2026-06-11T17:29:52.280000
4.134,2026-06-11T17:29:52.282000
4.136,2026-06-11T17:29:52.284000
4.138,2026-06-11T17:29:52.286000
4.14,2026-06-11T17:29:52.288000
4.142,2026-06-11T17:29:52.290000
4.144,2026-06-11T17:29:52.292000
4.146,2026-06-11T17:29:52.294000
4.148,2026-06-11T17:29:52.296000
4.15,2026-06-11T17:29:52.298000
4.152,2026-06-11T17:29:52.300000
4.154,2026-06-11T17:29:52.302000
4.156,2026-06-11T17:29:52.304000
4.158,2026-06-11T17:29:52.306000
4.16,2026-06-11T17:29:52.308000
4.162,2026-06-11T17:29:52.310000
4.164,2026-06-11T17:29:52.312000
4.166,2026-06-11T17:29:52.314000
4.168,2026-06-11T17:29:52.316000
4.17,2026-06-11T17:29:52.318000
4.172,2026-06-11T17:29:52.320000
4.174,2026-06-11T17:29:52.322000
4.176,2026-06-11T17:29:52.324000
4.178,2026-06-11T17:29:52.326000
4.18,2026-06-11T17:29:52.328000
4.182,2026-06-11T17:29:52.330000
4.184,2026-06-11T17:29:52.332000
4.186,2026-06-11T17:29:52.334000
4.188,2026-06-11T17:29:52.336000
4.19,2026-06-11T17:29:52.338000
4.192,2026-06-11T17:29:52.340000
4.194,2026-06-11T17:29:52.342000
4.196,2026-06-11T17:29:52.344000
4.198,2026-06-11T17:29:52.346000
4.2,2026-06-11T17:29:52.348000
4.202,2026-06-11T17:29:52.350000
4.204,2026-06-11T17:29:52.352000
4.206,2026-06-11T17:29:52.354000
4.208,2026-06-11T17:29:52.356000
4.21,2026-06-11T17:29:52.358000
4.212,2026-06-11T17:29:52.360000
4.214,2026-06-11T17:29:52.362000
4.216,2026-06-11T17:29:52.364000
4.218,2026-06-11T17:29:52.366000
4.22,2026-06-11T17:29:52.368000
4.222,2026-06-11T17:29:52.370000
4.224,2026-06-11T17:29:52.372000
4.226,2026-06-11T17:29:52.374000
4.228,2026-06-11T17:29:52.376000
4.23,2026-06-11T17:29:52.378000
4.232,2026-06-11T17:29:52.380000
4.234,2026-06-11T17:29:52.382000
4.236,2026-06-11T17:29:52.384000
4.238,2026-06-11T17:29:52.386000
4.24,2026-06-11T17:29:52.388000
4.242,2026-06-11T17:29:52.390000
4.244,2026-06-11T17:29:52.392000
4.246,2026-06-11T17:29:52.394000
4.248,2026-06-11T17:29:52.396000
4.25,2026-06-11T17:29:52.398000
4.252,2026-06-11T17:29:52.400000
4.254,2026-06-11T17:29:52.402000
4.256,2026-06-11T17:29:52.404000
4.258,2026-06-11T17:29:52.406000
4.26,2026-06-11T17:29:52.408000
4.262,2026-06-11T17:29:52.410000
4.264,2026-06-11T17:29:52.412000
4.266,2026-06-11T17:29:52.414000
4.268,2026-06-11T17:29:52.416000
4.27,2026-06-11T17:29:52.418000
4.272,2026-06-11T17:29:52.420000
4.274,2026-06-11T17:29:52.422000
4.276,2026-06-11T17:29:52.424000
4.278,2026-06-11T17:29:52.426000
4.28,2026-06-11T17:29:52.428000
4.282,2026-06-11T17:29:52.430000
4.284,2026-06-11T17:29:52.432000
4.286,2026-06-11T17:29:52.434000
4.288,2026-06-11T17:29:52.436000
4.29,2026-06-11T17:29:52.438000
4.292,2026-06-11T17:29:52.440000
4.294,2026-06-11T17:29:52.442000
4.296,2026-06-11T17:29:52.444000
4.298,2026-06-11T17:29:52.446000
4.3,2026-06-11T17:29:52.448000
4.302,2026-06-11T17:29:52.450000
4.304,2026-06-11T17:29:52.452000
4.306,2026-06-11T17:29:52.454000
4.308,2026-06-11T17:29:52.456000
4.31,2026-06-11T17:29:52.458000
4.312,2026-06-11T17:29:52.460000
4.314,2026-06-11T17:29:52.462000
4.316,2026-06-11T17:29:52.464000
4.318,2026-06-11T17:29:52.466000
4.32,2026-06-11T17:29:52.468000
4.322,2026-06-11T17:29:52.470000
4.324,2026-06-11T17:29:52.472000
4.326,2026-06-11T17:29:52.474000
4.328,2026-06-11T17:29:52.476000
4.33,2026-06-11T17:29:52.478000
4.332,2026-06-11T17:29:52.480000
4.334,2026-06-11T17:29:52.482000
4.336,2026-06-11T17:29:52.484000
4.338,2026-06-11T17:29:52.486000
4.34,2026-06-11T17:29:52.488000
4.342,2026-06-11T17:29:52.490000
4.344,2026-06-11T17:29:52.492000
4.346,2026-06-11T17:29:52.494000
4.348,2026-06-11T17:29:52.496000
4.35,2026-06-11T17:29:52.498000
4.352,2026-06-11T17:29:52.500000
4.354,2026-06-11T17:29:52.502000
4.356,2026-06-11T17:29:52.504000
4.358,2026-06-11T17:29:52.506000
4.36,2026-06-11T17:29:52.508000
4.362,2026-06-11T17:29:52.510000
4.364,2026-06-11T17:29:52.512000
4.366,2026-06-11T17:29:52.514000
4.368,2026-06-11T17:29:52.516000
4.37,2026-06-11T17:29:52.518000
4.372,2026-06-11T17:29:52.520000
4.374,2026-06-11T17:29:52.522000
4.376,2026-06-11T17:29:52.524000
4.378,2026-06-11T17:29:52.526000
4.38,2026-06-11T17:29:52.528000
4.382,2026-06-11T17:29:52.530000
4.384,2026-06-11T17:29:52.532000
4.386,2026-06-11T17:29:52.534000
4.388,2026-06-11T17:29:52.536000
4.39,2026-06-11T17:29:52.538000
4.392,2026-06-11T17:29:52.540000
4.394,2026-06-11T17:29:52.542000
4.396,2026-06-11T17:29:52.544000
4.398,2026-06-11T17:29:52.546000
4.4,2026-06-11T17:29:52.548000
4.402,2026-06-11T17:29:52.550000
4.404,2026-06-11T17:29:52.552000
4.406,2026-06-11T17:29:52.554000
4.408,2026-06-11T17:29:52.556000
4.41,2026-06-11T17:29:52.558000
4.412,2026-06-11T17:29:52.560000
4.414,2026-06-11T17:29:52.562000
4.416,2026-06-11T17:29:52.564000
4.418,2026-06-11T17:29:52.566000
4.42,2026-06-11T17:29:52.568000
4.422,2026-06-11T17:29:52.570000
4.424,2026-06-11T17:29:52.572000
4.426,2026-06-11T17:29:52.574000
4.428,2026-06-11T17:29:52.576000
4.43,2026-06-11T17:29:52.578000
4.432,2026-06-11T17:29:52.580000
4.434,2026-06-11T17:29:52.582000
4.436,2026-06-11T17:29:52.584000
4.438,2026-06-11T17:29:52.586000
4.44,2026-06-11T17:29:52.588000
4.442,2026-06-11T17:29:52.590000
4.444,2026-06-11T17:29:52.592000
4.446,2026-06-11T17:29:52.594000
4.448,2026-06-11T17:29:52.596000
4.45,2026-06-11T17:29:52.598000
4.452,2026-06-11T17:29:52.600000
4.454,2026-06-11T17:29:52.602000
4.456,2026-06-11T17:29:52.604000
4.458,2026-06-11T17:29:52.606000
4.46,2026-06-11T17:29:52.608000
4.462,2026-06-11T17:29:52.610000
4.464,2026-06-11T17:29:52.612000
4.466,2026-06-11T17:29:52.614000
4.468,2026-06-11T17:29:52.616000
4.47,2026-06-11T17:29:52.618000
4.472,2026-06-11T17:29:52.620000
4.474,2026-06-11T17:29:52.622000
4.476,2026-06-11T17:29:52.624000
4.478,2026-06-11T17:29:52.626000
4.48,2026-06-11T17:29:52.628000
4.482,2026-06-11T17:29:52.630000
4.484,2026-06-11T17:29:52.632000
4.486,2026-06-11T17:29:52.634000
4.488,2026-06-11T17:29:52.636000
4.49,2026-06-11T17:29:52.638000
4.492,2026-06-11T17:29:52.640000
4.494,2026-06-11T17:29:52.642000
4.496,2026-06-11T17:29:52.644000
4.498,2026-06-11T17:29:52.646000
4.5,2026-06-11T17:29:52.648000
4.502,2026-06-11T17:29:52.650000
4.504,2026-06-11T17:29:52.652000
4.506,2026-06-11T17:29:52.654000
4.508,2026-06-11T17:29:52.656000
4.51,2026-06-11T17:29:52.658000
4.512,2026-06-11T17:29:52.660000
4.514,2026-06-11T17:29:52.662000
4.516,2026-06-11T17:29:52.664000
4.518,2026-06-11T17:29:52.666000
4.52,2026-06-11T17:29:52.668000
4.522,2026-06-11T17:29:52.670000
4.524,2026-06-11T17:29:52.672000
4.526,2026-06-11T17:29:52.674000
4.528,2026-06-11T17:29:52.676000
4.53,2026-06-11T17:29:52.678000
4.532,2026-06-11T17:29:52.680000
4.534,2026-06-11T17:29:52.682000
4.536,2026-06-11T17:29:52.684000
4.538,2026-06-11T17:29:52.686000
4.54,2026-06-11T17:29:52.688000
4.542,2026-06-11T17:29:52.690000
4.544,2026-06-11T17:29:52.692000
4.546,2026-06-11T17:29:52.694000
4.548,2026-06-11T17:29:52.696000
4.55,2026-06-11T17:29:52.698000
4.552,2026-06-11T17:29:52.700000
4.554,2026-06-11T17:29:52.702000
4.556,2026-06-11T17:29:52.704000
4.558,2026-06-11T17:29:52.706000
4.56,2026-06-11T17:29:52.708000
4.562,2026-06-11T17:29:52.710000
4.564,2026-06-11T17:29:52.712000
4.566,2026-06-11T17:29:52.714000
4.568,2026-06-11T17:29:52.716000
4.57,2026-06-11T17:29:52.718000
4.572,2026-06-11T17:29:52.720000
4.574,2026-06-11T17:29:52.722000
4.576,2026-06-11T17:29:52.724000
4.578,2026-06-11T17:29:52.726000
4.58,2026-06-11T17:29:52.728000
4.582,2026-06-11T17:29:52.730000
4.584,2026-06-11T17:29:52.732000
4.586,2026-06-11T17:29:52.734000
4.588,2026-06-11T17:29:52.736000
4.59,2026-06-11T17:29:52.738000
4.592,2026-06-11T17:29:52.740000
4.594,2026-06-11T17:29:52.742000
4.596,2026-06-11T17:29:52.744000
4.598,2026-06-11T17:29:52.746000
4.6,2026-06-11T17:29:52.748000
4.602,2026-06-11T17:29:52.750000
4.604,2026-06-11T17:29:52.752000
4.606,2026-06-11T17:29:52.754000
4.608,2026-06-11T17:29:52.756000
4.61,2026-06-11T17:29:52.758000
4.612,2026-06-11T17:29:52.760000
4.614,2026-06-11T17:29:52.762000
4.616,2026-06-11T17:29:52.764000
4.618,2026-06-11T17:29:52.766000
4.62,2026-06-11T17:29:52.768000
4.622,2026-06-11T17:29:52.770000
4.624,2026-06-11T17:29:52.772000
4.626,2026-06-11T17:29:52.774000
4.628,2026-06-11T17:29:52.776000
4.63,2026-06-11T17:29:52.778000
4.632,2026-06-11T17:29:52.780000
4.634,2026-06-11T17:29:52.782000
4.636,2026-06-11T17:29:52.784000
4.638,2026-06-11T17:29:52.786000
4.64,2026-06-11T17:29:52.788000
4.642,2026-06-11T17:29:52.790000
4.644,2026-06-11T17:29:52.792000
4.646,2026-06-11T17:29:52.794000
4.648,2026-06-11T17:29:52.796000
4.65,2026-06-11T17:29:52.798000
4.652,2026-06-11T17:29:52.800000
4.654,2026-06-11T17:29:52.802000
4.656,2026-06-11T17:29:52.804000
4.658,2026-06-11T17:29:52.806000
4.66,2026-06-11T17:29:52.808000
4.662,2026-06-11T17:29:52.810000
4.664,2026-06-11T17:29:52.812000
4.666,2026-06-11T17:29:52.814000
4.668,2026-06-11T17:29:52.816000
4.67,2026-06-11T17:29:52.818000
4.672,2026-06-11T17:29:52.820000
4.674,2026-06-11T17:29:52.822000
4.676,2026-06-11T17:29:52.824000
4.678,2026-06-11T17:29:52.826000
4.68,2026-06-11T17:29:52.828000
4.682,2026-06-11T17:29:52.830000
4.684,2026-06-11T17:29:52.832000
4.686,2026-06-11T17:29:52.834000
4.688,2026-06-11T17:29:52.836000
4.69,2026-06-11T17:29:52.838000
4.692,2026-06-11T17:29:52.840000
4.694,2026-06-11T17:29:52.842000
4.696,2026-06-11T17:29:52.844000
4.698,2026-06-11T17:29:52.846000
4.7,2026-06-11T17:29:52.848000
4.702,2026-06-11T17:29:52.850000
4.704,2026-06-11T17:29:52.852000
4.706,2026-06-11T17:29:52.854000
4.708,2026-06-11T17:29:52.856000
4.71,2026-06-11T17:29:52.858000
4.712,2026-06-11T17:29:52.860000
4.714,2026-06-11T17:29:52.862000
4.716,2026-06-11T17:29:52.864000
4.718,2026-06-11T17:29:52.866000
4.72,2026-06-11T17:29:52.868000
4.722,2026-06-11T17:29:52.870000
4.724,2026-06-11T17:29:52.872000
4.726,2026-06-11T17:29:52.874000
4.728,2026-06-11T17:29:52.876000
4.73,2026-06-11T17:29:52.878000
4.732,2026-06-11T17:29:52.880000
4.734,2026-06-11T17:29:52.882000
4.736,2026-06-11T17:29:52.884000
4.738,2026-06-11T17:29:52.886000
4.74,2026-06-11T17:29:52.888000
4.742,2026-06-11T17:29:52.890000
4.744,2026-06-11T17:29:52.892000
4.746,2026-06-11T17:29:52.894000
4.748,2026-06-11T17:29:52.896000
4.75,2026-06-11T17:29:52.898000
4.752,2026-06-11T17:29:52.900000
4.754,2026-06-11T17:29:52.902000
4.756,2026-06-11T17:29:52.904000
4.758,2026-06-11T17:29:52.906000
4.76,2026-06-11T17:29:52.908000
4.762,2026-06-11T17:29:52.910000
4.764,2026-06-11T17:29:52.912000
4.766,2026-06-11T17:29:52.914000
4.768,2026-06-11T17:29:52.916000
4.77,2026-06-11T17:29:52.918000
4.772,2026-06-11T17:29:52.920000
4.774,2026-06-11T17:29:52.922000
4.776,2026-06-11T17:29:52.924000
4.778,2026-06-11T17:29:52.926000
4.78,2026-06-11T17:29:52.928000
4.782,2026-06-11T17:29:52.930000
4.784,2026-06-11T17:29:52.932000
4.786,2026-06-11T17:29:52.934000
4.788,2026-06-11T17:29:52.936000
4.79,2026-06-11T17:29:52.938000
4.792,2026-06-11T17:29:52.940000
4.794,2026-06-11T17:29:52.942000
4.796,2026-06-11T17:29:52.944000
4.798,2026-06-11T17:29:52.946000
4.8,2026-06-11T17:29:52.948000
4.802,2026-06-11T17:29:52.950000
4.804,2026-06-11T17:29:52.952000
4.806,2026-06-11T17:29:52.954000
4.808,2026-06-11T17:29:52.956000
4.81,2026-06-11T17:29:52.958000
4.812,2026-06-11T17:29:52.960000
4.814,2026-06-11T17:29:52.962000
4.816,2026-06-11T17:29:52.964000
4.818,2026-06-11T17:29:52.966000
4.82,2026-06-11T17:29:52.968000
4.822,2026-06-11T17:29:52.970000
4.824,2026-06-11T17:29:52.972000
4.826,2026-06-11T17:29:52.974000
4.828,2026-06-11T17:29:52.976000
4.83,2026-06-11T17:29:52.978000
4.832,2026-06-11T17:29:52.980000
4.834,2026-06-11T17:29:52.982000
4.836,2026-06-11T17:29:52.984000
4.838,2026-06-11T17:29:52.986000
4.84,2026-06-11T17:29:52.988000
4.842,2026-06-11T17:29:52.990000
4.844,2026-06-11T17:29:52.992000
4.846,2026-06-11T17:29:52.994000
4.848,2026-06-11T17:29:52.996000
4.85,2026-06-11T17:29:52.998000
4.852,2026-06-11T17:29:53.000000
4.854,2026-06-11T17:29:53.002000
4.856,2026-06-11T17:29:53.004000
4.858,2026-06-11T17:29:53.006000
4.86,2026-06-11T17:29:53.008000
4.862,2026-06-11T17:29:53.010000
4.864,2026-06-11T17:29:53.012000
4.866,2026-06-11T17:29:53.014000
4.868,2026-06-11T17:29:53.016000
4.87,2026-06-11T17:29:53.018000
4.872,2026-06-11T17:29:53.020000
4.874,2026-06-11T17:29:53.022000
4.876,2026-06-11T17:29:53.024000
4.878,2026-06-11T17:29:53.026000
4.88,2026-06-11T17:29:53.028000
4.882,2026-06-11T17:29:53.030000
4.884,2026-06-11T17:29:53.032000
4.886,2026-06-11T17:29:53.034000
4.888,2026-06-11T17:29:53.036000
4.89,2026-06-11T17:29:53.038000
4.892,2026-06-11T17:29:53.040000
4.894,2026-06-11T17:29:53.042000
4.896,2026-06-11T17:29:53.044000
4.898,2026-06-11T17:29:53.046000
4.9,2026-06-11T17:29:53.048000
4.902,2026-06-11T17:29:53.050000
4.904,2026-06-11T17:29:53.052000
4.906,2026-06-11T17:29:53.054000
4.908,2026-06-11T17:29:53.056000
4.91,2026-06-11T17:29:53.058000
4.912,2026-06-11T17:29:53.060000
4.914,2026-06-11T17:29:53.062000
4.916,2026-06-11T17:29:53.064000
4.918,2026-06-11T17:29:53.066000
4.92,2026-06-11T17:29:53.068000
4.922,2026-06-11T17:29:53.070000
4.924,2026-06-11T17:29:53.072000
4.926,2026-06-11T17:29:53.074000
4.928,2026-06-11T17:29:53.076000
4.93,2026-06-11T17:29:53.078000
4.932,2026-06-11T17:29:53.080000
4.934,2026-06-11T17:29:53.082000
4.936,2026-06-11T17:29:53.084000
4.938,2026-06-11T17:29:53.086000
4.94,2026-06-11T17:29:53.088000
4.942,2026-06-11T17:29:53.090000
4.944,2026-06-11T17:29:53.092000
4.946,2026-06-11T17:29:53.094000
4.948,2026-06-11T17:29:53.096000
4.95,2026-06-11T17:29:53.098000
4.952,2026-06-11T17:29:53.100000
4.954,2026-06-11T17:29:53.102000
4.956,2026-06-11T17:29:53.104000
4.958,2026-06-11T17:29:53.106000
4.96,2026-06-11T17:29:53.108000
4.962,2026-06-11T17:29:53.110000
4.964,2026-06-11T17:29:53.112000
4.966,2026-06-11T17:29:53.114000
4.968,2026-06-11T17:29:53.116000
4.97,2026-06-11T17:29:53.118000
4.972,2026-06-11T17:29:53.120000
4.974,2026-06-11T17:29:53.122000
4.976,2026-06-11T17:29:53.124000
4.978,2026-06-11T17:29:53.126000
4.98,2026-06-11T17:29:53.128000
4.982,2026-06-11T17:29:53.130000
4.984,2026-06-11T17:29:53.132000
4.986,2026-06-11T17:29:53.134000
4.988,2026-06-11T17:29:53.136000
4.99,2026-06-11T17:29:53.138000
4.992,2026-06-11T17:29:53.140000
4.994,2026-06-11T17:29:53.142000
4.996,2026-06-11T17:29:53.144000
4.998,2026-06-11T17:29:53.146000
5,2026-06-11T17:29:53.148000
5.002,2026-06-11T17:29:53.150000
5.004,2026-06-11T17:29:53.152000
5.006,2026-06-11T17:29:53.154000
5.008,2026-06-11T17:29:53.156000
5.01,2026-06-11T17:29:53.158000
5.012,2026-06-11T17:29:53.160000
5.014,2026-06-11T17:29:53.162000
5.016,2026-06-11T17:29:53.164000
5.018,2026-06-11T17:29:53.166000
5.02,2026-06-11T17:29:53.168000
5.022,2026-06-11T17:29:53.170000
5.024,2026-06-11T17:29:53.172000
5.026,2026-06-11T17:29:53.174000
5.028,2026-06-11T17:29:53.176000
5.03,2026-06-11T17:29:53.178000
5.032,2026-06-11T17:29:53.180000
5.034,2026-06-11T17:29:53.182000
5.036,2026-06-11T17:29:53.184000
5.038,2026-06-11T17:29:53.186000
5.04,2026-06-11T17:29:53.188000
5.042,2026-06-11T17:29:53.190000
5.044,2026-06-11T17:29:53.192000
5.046,2026-06-11T17:29:53.194000
5.048,2026-06-11T17:29:53.196000
5.05,2026-06-11T17:29:53.198000
5.052,2026-06-11T17:29:53.200000
5.054,2026-06-11T17:29:53.202000
5.056,2026-06-11T17:29:53.204000
5.058,2026-06-11T17:29:53.206000
5.06,2026-06-11T17:29:53.208000
5.062,2026-06-11T17:29:53.210000
5.064,2026-06-11T17:29:53.212000
5.066,2026-06-11T17:29:53.214000
5.068,2026-06-11T17:29:53.216000
5.07,2026-06-11T17:29:53.218000
5.072,2026-06-11T17:29:53.220000
5.074,2026-06-11T17:29:53.222000
5.076,2026-06-11T17:29:53.224000
5.078,2026-06-11T17:29:53.226000
5.08,2026-06-11T17:29:53.228000
5.082,2026-06-11T17:29:53.230000
5.084,2026-06-11T17:29:53.232000
5.086,2026-06-11T17:29:53.234000
5.088,2026-06-11T17:29:53.236000
5.09,2026-06-11T17:29:53.238000
5.092,2026-06-11T17:29:53.240000
5.094,2026-06-11T17:29:53.242000
5.096,2026-06-11T17:29:53.244000
5.098,2026-06-11T17:29:53.246000
5.1,2026-06-11T17:29:53.248000
5.102,2026-06-11T17:29:53.250000
5.104,2026-06-11T17:29:53.252000
5.106,2026-06-11T17:29:53.254000
5.108,2026-06-11T17:29:53.256000
5.11,2026-06-11T17:29:53.258000
5.112,2026-06-11T17:29:53.260000
5.114,2026-06-11T17:29:53.262000
5.116,2026-06-11T17:29:53.264000
5.118,2026-06-11T17:29:53.266000
5.12,2026-06-11T17:29:53.268000
5.122,2026-06-11T17:29:53.270000
5.124,2026-06-11T17:29:53.272000
5.126,2026-06-11T17:29:53.274000
5.128,2026-06-11T17:29:53.276000
5.13,2026-06-11T17:29:53.278000
5.132,2026-06-11T17:29:53.280000
5.134,2026-06-11T17:29:53.282000
5.136,2026-06-11T17:29:53.284000
5.138,2026-06-11T17:29:53.286000
5.14,2026-06-11T17:29:53.288000
5.142,2026-06-11T17:29:53.290000
5.144,2026-06-11T17:29:53.292000
5.146,2026-06-11T17:29:53.294000
5.148,2026-06-11T17:29:53.296000
5.15,2026-06-11T17:29:53.298000
5.152,2026-06-11T17:29:53.300000
5.154,2026-06-11T17:29:53.302000
5.156,2026-06-11T17:29:53.304000
5.158,2026-06-11T17:29:53.306000
5.16,2026-06-11T17:29:53.308000
5.162,2026-06-11T17:29:53.310000
5.164,2026-06-11T17:29:53.312000
5.166,2026-06-11T17:29:53.314000
5.168,2026-06-11T17:29:53.316000
5.17,2026-06-11T17:29:53.318000
5.172,2026-06-11T17:29:53.320000
5.174,2026-06-11T17:29:53.322000
5.176,2026-06-11T17:29:53.324000
5.178,2026-06-11T17:29:53.326000
5.18,2026-06-11T17:29:53.328000
5.182,2026-06-11T17:29:53.330000
5.184,2026-06-11T17:29:53.332000
5.186,2026-06-11T17:29:53.334000
5.188,2026-06-11T17:29:53.336000
5.19,2026-06-11T17:29:53.338000
5.192,2026-06-11T17:29:53.340000
5.194,2026-06-11T17:29:53.342000
5.196,2026-06-11T17:29:53.344000
5.198,2026-06-11T17:29:53.346000
5.2,2026-06-11T17:29:53.348000
5.202,2026-06-11T17:29:53.350000
5.204,2026-06-11T17:29:53.352000
5.206,2026-06-11T17:29:53.354000
5.208,2026-06-11T17:29:53.356000
5.21,2026-06-11T17:29:53.358000
5.212,2026-06-11T17:29:53.360000
5.214,2026-06-11T17:29:53.362000
5.216,2026-06-11T17:29:53.364000
5.218,2026-06-11T17:29:53.366000
5.22,2026-06-11T17:29:53.368000
5.222,2026-06-11T17:29:53.370000
5.224,2026-06-11T17:29:53.372000
5.226,2026-06-11T17:29:53.374000
5.228,2026-06-11T17:29:53.376000
5.23,2026-06-11T17:29:53.378000
5.232,2026-06-11T17:29:53.380000
5.234,2026-06-11T17:29:53.382000
5.236,2026-06-11T17:29:53.384000
5.238,2026-06-11T17:29:53.386000
5.24,2026-06-11T17:29:53.388000
5.242,2026-06-11T17:29:53.390000
5.244,2026-06-11T17:29:53.392000
5.246,2026-06-11T17:29:53.394000
5.248,2026-06-11T17:29:53.396000
5.25,2026-06-11T17:29:53.398000
5.252,2026-06-11T17:29:53.400000
5.254,2026-06-11T17:29:53.402000
5.256,2026-06-11T17:29:53.404000
5.258,2026-06-11T17:29:53.406000
5.26,2026-06-11T17:29:53.408000
5.262,2026-06-11T17:29:53.410000
5.264,2026-06-11T17:29:53.412000
5.266,2026-06-11T17:29:53.414000
5.268,2026-06-11T17:29:53.416000
5.27,2026-06-11T17:29:53.418000
5.272,2026-06-11T17:29:53.420000
5.274,2026-06-11T17:29:53.422000
5.276,2026-06-11T17:29:53.424000
5.278,2026-06-11T17:29:53.426000
5.28,2026-06-11T17:29:53.428000
5.282,2026-06-11T17:29:53.430000
5.284,2026-06-11T17:29:53.432000
5.286,2026-06-11T17:29:53.434000
5.288,2026-06-11T17:29:53.436000
5.29,2026-06-11T17:29:53.438000
5.292,2026-06-11T17:29:53.440000
5.294,2026-06-11T17:29:53.442000
5.296,2026-06-11T17:29:53.444000
5.298,2026-06-11T17:29:53.446000
5.3,2026-06-11T17:29:53.448000
5.302,2026-06-11T17:29:53.450000
5.304,2026-06-11T17:29:53.452000
5.306,2026-06-11T17:29:53.454000
5.308,2026-06-11T17:29:53.456000
5.31,2026-06-11T17:29:53.458000
5.312,2026-06-11T17:29:53.460000
5.314,2026-06-11T17:29:53.462000
5.316,2026-06-11T17:29:53.464000
5.318,2026-06-11T17:29:53.466000
5.32,2026-06-11T17:29:53.468000
5.322,2026-06-11T17:29:53.470000
5.324,2026-06-11T17:29:53.472000
5.326,2026-06-11T17:29:53.474000
5.328,2026-06-11T17:29:53.476000
5.33,2026-06-11T17:29:53.478000
5.332,2026-06-11T17:29:53.480000
5.334,2026-06-11T17:29:53.482000
5.336,2026-06-11T17:29:53.484000
5.338,2026-06-11T17:29:53.486000
5.34,2026-06-11T17:29:53.488000
5.342,2026-06-11T17:29:53.490000
5.344,2026-06-11T17:29:53.492000
5.346,2026-06-11T17:29:53.494000
5.348,2026-06-11T17:29:53.496000
5.35,2026-06-11T17:29:53.498000
5.352,2026-06-11T17:29:53.500000
5.354,2026-06-11T17:29:53.502000
5.356,2026-06-11T17:29:53.504000
5.358,2026-06-11T17:29:53.506000
5.36,2026-06-11T17:29:53.508000
5.362,2026-06-11T17:29:53.510000
5.364,2026-06-11T17:29:53.512000
5.366,2026-06-11T17:29:53.514000
5.368,2026-06-11T17:29:53.516000
5.37,2026-06-11T17:29:53.518000
5.372,2026-06-11T17:29:53.520000
5.374,2026-06-11T17:29:53.522000
5.376,2026-06-11T17:29:53.524000
5.378,2026-06-11T17:29:53.526000
5.38,2026-06-11T17:29:53.528000
5.382,2026-06-11T17:29:53.530000
5.384,2026-06-11T17:29:53.532000
5.386,2026-06-11T17:29:53.534000
5.388,2026-06-11T17:29:53.536000
5.39,2026-06-11T17:29:53.538000
5.392,2026-06-11T17:29:53.540000
5.394,2026-06-11T17:29:53.542000
5.396,2026-06-11T17:29:53.544000
5.398,2026-06-11T17:29:53.546000
5.4,2026-06-11T17:29:53.548000
5.402,2026-06-11T17:29:53.550000
5.404,2026-06-11T17:29:53.552000
5.406,2026-06-11T17:29:53.554000
5.408,2026-06-11T17:29:53.556000
5.41,2026-06-11T17:29:53.558000
5.412,2026-06-11T17:29:53.560000
5.414,2026-06-11T17:29:53.562000
5.416,2026-06-11T17:29:53.564000
5.418,2026-06-11T17:29:53.566000
5.42,2026-06-11T17:29:53.568000
5.422,2026-06-11T17:29:53.570000
5.424,2026-06-11T17:29:53.572000
5.426,2026-06-11T17:29:53.574000
5.428,2026-06-11T17:29:53.576000
5.43,2026-06-11T17:29:53.578000
5.432,2026-06-11T17:29:53.580000
5.434,2026-06-11T17:29:53.582000
5.436,2026-06-11T17:29:53.584000
5.438,2026-06-11T17:29:53.586000
5.44,2026-06-11T17:29:53.588000
5.442,2026-06-11T17:29:53.590000
5.444,2026-06-11T17:29:53.592000
5.446,2026-06-11T17:29:53.594000
5.448,2026-06-11T17:29:53.596000
5.45,2026-06-11T17:29:53.598000
5.452,2026-06-11T17:29:53.600000
5.454,2026-06-11T17:29:53.602000
5.456,2026-06-11T17:29:53.604000
5.458,2026-06-11T17:29:53.606000
5.46,2026-06-11T17:29:53.608000
5.462,2026-06-11T17:29:53.610000
5.464,2026-06-11T17:29:53.612000
5.466,2026-06-11T17:29:53.614000
5.468,2026-06-11T17:29:53.616000
5.47,2026-06-11T17:29:53.618000
5.472,2026-06-11T17:29:53.620000
5.474,2026-06-11T17:29:53.622000
5.476,2026-06-11T17:29:53.624000
5.478,2026-06-11T17:29:53.626000
5.48,2026-06-11T17:29:53.628000
5.482,2026-06-11T17:29:53.630000
5.484,2026-06-11T17:29:53.632000
5.486,2026-06-11T17:29:53.634000
5.488,2026-06-11T17:29:53.636000
5.49,2026-06-11T17:29:53.638000
5.492,2026-06-11T17:29:53.640000
5.494,2026-06-11T17:29:53.642000
5.496,2026-06-11T17:29:53.644000
5.498,2026-06-11T17:29:53.646000
5.5,2026-06-11T17:29:53.648000
5.502,2026-06-11T17:29:53.650000
5.504,2026-06-11T17:29:53.652000
5.506,2026-06-11T17:29:53.654000
5.508,2026-06-11T17:29:53.656000
5.51,2026-06-11T17:29:53.658000
5.512,2026-06-11T17:29:53.660000
5.514,2026-06-11T17:29:53.662000
5.516,2026-06-11T17:29:53.664000
5.518,2026-06-11T17:29:53.666000
5.52,2026-06-11T17:29:53.668000
5.522,2026-06-11T17:29:53.670000
5.524,2026-06-11T17:29:53.672000
5.526,2026-06-11T17:29:53.674000
5.528,2026-06-11T17:29:53.676000
5.53,2026-06-11T17:29:53.678000
5.532,2026-06-11T17:29:53.680000
5.534,2026-06-11T17:29:53.682000
5.536,2026-06-11T17:29:53.684000
5.538,2026-06-11T17:29:53.686000
5.54,2026-06-11T17:29:53.688000
5.542,2026-06-11T17:29:53.690000
5.544,2026-06-11T17:29:53.692000
5.546,2026-06-11T17:29:53.694000
5.548,2026-06-11T17:29:53.696000
5.55,2026-06-11T17:29:53.698000
5.552,2026-06-11T17:29:53.700000
5.554,2026-06-11T17:29:53.702000
5.556,2026-06-11T17:29:53.704000
5.558,2026-06-11T17:29:53.706000
5.56,2026-06-11T17:29:53.708000
5.562,2026-06-11T17:29:53.710000
5.564,2026-06-11T17:29:53.712000
5.566,2026-06-11T17:29:53.714000
5.568,2026-06-11T17:29:53.716000
5.57,2026-06-11T17:29:53.718000
5.572,2026-06-11T17:29:53.720000
5.574,2026-06-11T17:29:53.722000
5.576,2026-06-11T17:29:53.724000
5.578,2026-06-11T17:29:53.726000
5.58,2026-06-11T17:29:53.728000
5.582,2026-06-11T17:29:53.730000
5.584,2026-06-11T17:29:53.732000
5.586,2026-06-11T17:29:53.734000
5.588,2026-06-11T17:29:53.736000
5.59,2026-06-11T17:29:53.738000
5.592,2026-06-11T17:29:53.740000
5.594,2026-06-11T17:29:53.742000
5.596,2026-06-11T17:29:53.744000
5.598,2026-06-11T17:29:53.746000
5.6,2026-06-11T17:29:53.748000
5.602,2026-06-11T17:29:53.750000
5.604,2026-06-11T17:29:53.752000
5.606,2026-06-11T17:29:53.754000
5.608,2026-06-11T17:29:53.756000
5.61,2026-06-11T17:29:53.758000
5.612,2026-06-11T17:29:53.760000
5.614,2026-06-11T17:29:53.762000
5.616,2026-06-11T17:29:53.764000
5.618,2026-06-11T17:29:53.766000
5.62,2026-06-11T17:29:53.768000
5.622,2026-06-11T17:29:53.770000
5.624,2026-06-11T17:29:53.772000
5.626,2026-06-11T17:29:53.774000
5.628,2026-06-11T17:29:53.776000
5.63,2026-06-11T17:29:53.778000
5.632,2026-06-11T17:29:53.780000
5.634,2026-06-11T17:29:53.782000
5.636,2026-06-11T17:29:53.784000
5.638,2026-06-11T17:29:53.786000
5.64,2026-06-11T17:29:53.788000
5.642,2026-06-11T17:29:53.790000
5.644,2026-06-11T17:29:53.792000
5.646,2026-06-11T17:29:53.794000
5.648,2026-06-11T17:29:53.796000
5.65,2026-06-11T17:29:53.798000
5.652,2026-06-11T17:29:53.800000
5.654,2026-06-11T17:29:53.802000
5.656,2026-06-11T17:29:53.804000
5.658,2026-06-11T17:29:53.806000
5.66,2026-06-11T17:29:53.808000
5.662,2026-06-11T17:29:53.810000
5.664,2026-06-11T17:29:53.812000
5.666,2026-06-11T17:29:53.814000
5.668,2026-06-11T17:29:53.816000
5.67,2026-06-11T17:29:53.818000
5.672,2026-06-11T17:29:53.820000
5.674,2026-06-11T17:29:53.822000
5.676,2026-06-11T17:29:53.824000
5.678,2026-06-11T17:29:53.826000
5.68,2026-06-11T17:29:53.828000
5.682,2026-06-11T17:29:53.830000
5.684,2026-06-11T17:29:53.832000
5.686,2026-06-11T17:29:53.834000
5.688,2026-06-11T17:29:53.836000
5.69,2026-06-11T17:29:53.838000
5.692,2026-06-11T17:29:53.840000
5.694,2026-06-11T17:29:53.842000
5.696,2026-06-11T17:29:53.844000
5.698,2026-06-11T17:29:53.846000
5.7,2026-06-11T17:29:53.848000
5.702,2026-06-11T17:29:53.850000
5.704,2026-06-11T17:29:53.852000
5.706,2026-06-11T17:29:53.854000
5.708,2026-06-11T17:29:53.856000
5.71,2026-06-11T17:29:53.858000
5.712,2026-06-11T17:29:53.860000
5.714,2026-06-11T17:29:53.862000
5.716,2026-06-11T17:29:53.864000
5.718,2026-06-11T17:29:53.866000
5.72,2026-06-11T17:29:53.868000
5.722,2026-06-11T17:29:53.870000
5.724,2026-06-11T17:29:53.872000
5.726,2026-06-11T17:29:53.874000
5.728,2026-06-11T17:29:53.876000
5.73,2026-06-11T17:29:53.878000
5.732,2026-06-11T17:29:53.880000
5.734,2026-06-11T17:29:53.882000
5.736,2026-06-11T17:29:53.884000
5.738,2026-06-11T17:29:53.886000
5.74,2026-06-11T17:29:53.888000
5.742,2026-06-11T17:29:53.890000
5.744,2026-06-11T17:29:53.892000
5.746,2026-06-11T17:29:53.894000
5.748,2026-06-11T17:29:53.896000
5.75,2026-06-11T17:29:53.898000
5.752,2026-06-11T17:29:53.900000
5.754,2026-06-11T17:29:53.902000
5.756,2026-06-11T17:29:53.904000
5.758,2026-06-11T17:29:53.906000
5.76,2026-06-11T17:29:53.908000
5.762,2026-06-11T17:29:53.910000
5.764,2026-06-11T17:29:53.912000
5.766,2026-06-11T17:29:53.914000
5.768,2026-06-11T17:29:53.916000
5.77,2026-06-11T17:29:53.918000
5.772,2026-06-11T17:29:53.920000
5.774,2026-06-11T17:29:53.922000
5.776,2026-06-11T17:29:53.924000
5.778,2026-06-11T17:29:53.926000
5.78,2026-06-11T17:29:53.928000
5.782,2026-06-11T17:29:53.930000
5.784,2026-06-11T17:29:53.932000
5.786,2026-06-11T17:29:53.934000
5.788,2026-06-11T17:29:53.936000
5.79,2026-06-11T17:29:53.938000
5.792,2026-06-11T17:29:53.940000
5.794,2026-06-11T17:29:53.942000
5.796,2026-06-11T17:29:53.944000
5.798,2026-06-11T17:29:53.946000
5.8,2026-06-11T17:29:53.948000
5.802,2026-06-11T17:29:53.950000
5.804,2026-06-11T17:29:53.952000
5.806,2026-06-11T17:29:53.954000
5.808,2026-06-11T17:29:53.956000
5.81,2026-06-11T17:29:53.958000
5.812,2026-06-11T17:29:53.960000
5.814,2026-06-11T17:29:53.962000
5.816,2026-06-11T17:29:53.964000
5.818,2026-06-11T17:29:53.966000
5.82,2026-06-11T17:29:53.968000
5.822,2026-06-11T17:29:53.970000
5.824,2026-06-11T17:29:53.972000
5.826,2026-06-11T17:29:53.974000
5.828,2026-06-11T17:29:53.976000
5.83,2026-06-11T17:29:53.978000
5.832,2026-06-11T17:29:53.980000
5.834,2026-06-11T17:29:53.982000
5.836,2026-06-11T17:29:53.984000
5.838,2026-06-11T17:29:53.986000
5.84,2026-06-11T17:29:53.988000
5.842,2026-06-11T17:29:53.990000
5.844,2026-06-11T17:29:53.992000
5.846,2026-06-11T17:29:53.994000
5.848,2026-06-11T17:29:53.996000
5.85,2026-06-11T17:29:53.998000
5.852,2026-06-11T17:29:54.000000
5.854,2026-06-11T17:29:54.002000
5.856,2026-06-11T17:29:54.004000
5.858,2026-06-11T17:29:54.006000
5.86,2026-06-11T17:29:54.008000
5.862,2026-06-11T17:29:54.010000
5.864,2026-06-11T17:29:54.012000
5.866,2026-06-11T17:29:54.014000
5.868,2026-06-11T17:29:54.016000
5.87,2026-06-11T17:29:54.018000
5.872,2026-06-11T17:29:54.020000
5.874,2026-06-11T17:29:54.022000
5.876,2026-06-11T17:29:54.024000
5.878,2026-06-11T17:29:54.026000
5.88,2026-06-11T17:29:54.028000
5.882,2026-06-11T17:29:54.030000
5.884,2026-06-11T17:29:54.032000
5.886,2026-06-11T17:29:54.034000
5.888,2026-06-11T17:29:54.036000
5.89,2026-06-11T17:29:54.038000
5.892,2026-06-11T17:29:54.040000
5.894,2026-06-11T17:29:54.042000
5.896,2026-06-11T17:29:54.044000
5.898,2026-06-11T17:29:54.046000
5.9,2026-06-11T17:29:54.048000
5.902,2026-06-11T17:29:54.050000
5.904,2026-06-11T17:29:54.052000
5.906,2026-06-11T17:29:54.054000
5.908,2026-06-11T17:29:54.056000
5.91,2026-06-11T17:29:54.058000
5.912,2026-06-11T17:29:54.060000
5.914,2026-06-11T17:29:54.062000
5.916,2026-06-11T17:29:54.064000
5.918,2026-06-11T17:29:54.066000
5.92,2026-06-11T17:29:54.068000
5.922,2026-06-11T17:29:54.070000
5.924,2026-06-11T17:29:54.072000
5.926,2026-06-11T17:29:54.074000
5.928,2026-06-11T17:29:54.076000
5.93,2026-06-11T17:29:54.078000
5.932,2026-06-11T17:29:54.080000
5.934,2026-06-11T17:29:54.082000
5.936,2026-06-11T17:29:54.084000
5.938,2026-06-11T17:29:54.086000
5.94,2026-06-11T17:29:54.088000
5.942,2026-06-11T17:29:54.090000
5.944,2026-06-11T17:29:54.092000
5.946,2026-06-11T17:29:54.094000
5.948,2026-06-11T17:29:54.096000
5.95,2026-06-11T17:29:54.098000
5.952,2026-06-11T17:29:54.100000
5.954,2026-06-11T17:29:54.102000
5.956,2026-06-11T17:29:54.104000
5.958,2026-06-11T17:29:54.106000
5.96,2026-06-11T17:29:54.108000
5.962,2026-06-11T17:29:54.110000
5.964,2026-06-11T17:29:54.112000
5.966,2026-06-11T17:29:54.114000
5.968,2026-06-11T17:29:54.116000
5.97,2026-06-11T17:29:54.118000
5.972,2026-06-11T17:29:54.120000
5.974,2026-06-11T17:29:54.122000
5.976,2026-06-11T17:29:54.124000
5.978,2026-06-11T17:29:54.126000
5.98,2026-06-11T17:29:54.128000
5.982,2026-06-11T17:29:54.130000
5.984,2026-06-11T17:29:54.132000
5.986,2026-06-11T17:29:54.134000
5.988,2026-06-11T17:29:54.136000
5.99,2026-06-11T17:29:54.138000
5.992,2026-06-11T17:29:54.140000
5.994,2026-06-11T17:29:54.142000
5.996,2026-06-11T17:29:54.144000
5.998,2026-06-11T17:29:54.146000
6,2026-06-11T17:29:54.148000
6.002,2026-06-11T17:29:54.150000
6.004,2026-06-11T17:29:54.152000
6.006,2026-06-11T17:29:54.154000
6.008,2026-06-11T17:29:54.156000
6.01,2026-06-11T17:29:54.158000
6.012,2026-06-11T17:29:54.160000
6.014,2026-06-11T17:29:54.162000
6.016,2026-06-11T17:29:54.164000
6.018,2026-06-11T17:29:54.166000
6.02,2026-06-11T17:29:54.168000
6.022,2026-06-11T17:29:54.170000
6.024,2026-06-11T17:29:54.172000
6.026,2026-06-11T17:29:54.174000
6.028,2026-06-11T17:29:54.176000
6.03,2026-06-11T17:29:54.178000
6.032,2026-06-11T17:29:54.180000
6.034,2026-06-11T17:29:54.182000
6.036,2026-06-11T17:29:54.184000
6.038,2026-06-11T17:29:54.186000
6.04,2026-06-11T17:29:54.188000
6.042,2026-06-11T17:29:54.190000
6.044,2026-06-11T17:29:54.192000
6.046,2026-06-11T17:29:54.194000
6.048,2026-06-11T17:29:54.196000
6.05,2026-06-11T17:29:54.198000
6.052,2026-06-11T17:29:54.200000
6.054,2026-06-11T17:29:54.202000
6.056,2026-06-11T17:29:54.204000
6.058,2026-06-11T17:29:54.206000
6.06,2026-06-11T17:29:54.208000
6.062,2026-06-11T17:29:54.210000
6.064,2026-06-11T17:29:54.212000
6.066,2026-06-11T17:29:54.214000
6.068,2026-06-11T17:29:54.216000
6.07,2026-06-11T17:29:54.218000
6.072,2026-06-11T17:29:54.220000
6.074,2026-06-11T17:29:54.222000
6.076,2026-06-11T17:29:54.224000
6.078,2026-06-11T17:29:54.226000
6.08,2026-06-11T17:29:54.228000
6.082,2026-06-11T17:29:54.230000
6.084,2026-06-11T17:29:54.232000
6.086,2026-06-11T17:29:54.234000
6.088,2026-06-11T17:29:54.236000
6.09,2026-06-11T17:29:54.238000
6.092,2026-06-11T17:29:54.240000
6.094,2026-06-11T17:29:54.242000
6.096,2026-06-11T17:29:54.244000
6.098,2026-06-11T17:29:54.246000
6.1,2026-06-11T17:29:54.248000
6.102,2026-06-11T17:29:54.250000
6.104,2026-06-11T17:29:54.252000
6.106,2026-06-11T17:29:54.254000
6.108,2026-06-11T17:29:54.256000
6.11,2026-06-11T17:29:54.258000
6.112,2026-06-11T17:29:54.260000
6.114,2026-06-11T17:29:54.262000
6.116,2026-06-11T17:29:54.264000
6.118,2026-06-11T17:29:54.266000
6.12,2026-06-11T17:29:54.268000
6.122,2026-06-11T17:29:54.270000
6.124,2026-06-11T17:29:54.272000
6.126,2026-06-11T17:29:54.274000
6.128,2026-06-11T17:29:54.276000
6.13,2026-06-11T17:29:54.278000
6.132,2026-06-11T17:29:54.280000
6.134,2026-06-11T17:29:54.282000
6.136,2026-06-11T17:29:54.284000
6.138,2026-06-11T17:29:54.286000
6.14,2026-06-11T17:29:54.288000
6.142,2026-06-11T17:29:54.290000
6.144,2026-06-11T17:29:54.292000
6.146,2026-06-11T17:29:54.294000
6.148,2026-06-11T17:29:54.296000
6.15,2026-06-11T17:29:54.298000
6.152,2026-06-11T17:29:54.300000
6.154,2026-06-11T17:29:54.302000
6.156,2026-06-11T17:29:54.304000
6.158,2026-06-11T17:29:54.306000
6.16,2026-06-11T17:29:54.308000
6.162,2026-06-11T17:29:54.310000
6.164,2026-06-11T17:29:54.312000
6.166,2026-06-11T17:29:54.314000
6.168,2026-06-11T17:29:54.316000
6.17,2026-06-11T17:29:54.318000
6.172,2026-06-11T17:29:54.320000
6.174,2026-06-11T17:29:54.322000
6.176,2026-06-11T17:29:54.324000
6.178,2026-06-11T17:29:54.326000
6.18,2026-06-11T17:29:54.328000
6.182,2026-06-11T17:29:54.330000
6.184,2026-06-11T17:29:54.332000
6.186,2026-06-11T17:29:54.334000
6.188,2026-06-11T17:29:54.336000
6.19,2026-06-11T17:29:54.338000
6.192,2026-06-11T17:29:54.340000
6.194,2026-06-11T17:29:54.342000
6.196,2026-06-11T17:29:54.344000
6.198,2026-06-11T17:29:54.346000
6.2,2026-06-11T17:29:54.348000
6.202,2026-06-11T17:29:54.350000
6.204,2026-06-11T17:29:54.352000
6.206,2026-06-11T17:29:54.354000
6.208,2026-06-11T17:29:54.356000
6.21,2026-06-11T17:29:54.358000
6.212,2026-06-11T17:29:54.360000
6.214,2026-06-11T17:29:54.362000
6.216,2026-06-11T17:29:54.364000
6.218,2026-06-11T17:29:54.366000
6.22,2026-06-11T17:29:54.368000
6.222,2026-06-11T17:29:54.370000
6.224,2026-06-11T17:29:54.372000
6.226,2026-06-11T17:29:54.374000
6.228,2026-06-11T17:29:54.376000
6.23,2026-06-11T17:29:54.378000
6.232,2026-06-11T17:29:54.380000
6.234,2026-06-11T17:29:54.382000
6.236,2026-06-11T17:29:54.384000
6.238,2026-06-11T17:29:54.386000
6.24,2026-06-11T17:29:54.388000
6.242,2026-06-11T17:29:54.390000
6.244,2026-06-11T17:29:54.392000
6.246,2026-06-11T17:29:54.394000
6.248,2026-06-11T17:29:54.396000
6.25,2026-06-11T17:29:54.398000
6.252,2026-06-11T17:29:54.400000
6.254,2026-06-11T17:29:54.402000
6.256,2026-06-11T17:29:54.404000
6.258,2026-06-11T17:29:54.406000
6.26,2026-06-11T17:29:54.408000
6.262,2026-06-11T17:29:54.410000
6.264,2026-06-11T17:29:54.412000
6.266,2026-06-11T17:29:54.414000
6.268,2026-06-11T17:29:54.416000
6.27,2026-06-11T17:29:54.418000
6.272,2026-06-11T17:29:54.420000
6.274,2026-06-11T17:29:54.422000
6.276,2026-06-11T17:29:54.424000
6.278,2026-06-11T17:29:54.426000
6.28,2026-06-11T17:29:54.428000
6.282,2026-06-11T17:29:54.430000
6.284,2026-06-11T17:29:54.432000
6.286,2026-06-11T17:29:54.434000
6.288,2026-06-11T17:29:54.436000
6.29,2026-06-11T17:29:54.438000
6.292,2026-06-11T17:29:54.440000
6.294,2026-06-11T17:29:54.442000
6.296,2026-06-11T17:29:54.444000
6.298,2026-06-11T17:29:54.446000
6.3,2026-06-11T17:29:54.448000
6.302,2026-06-11T17:29:54.450000
6.304,2026-06-11T17:29:54.452000
6.306,2026-06-11T17:29:54.454000
6.308,2026-06-11T17:29:54.456000
6.31,2026-06-11T17:29:54.458000
6.312,2026-06-11T17:29:54.460000
6.314,2026-06-11T17:29:54.462000
6.316,2026-06-11T17:29:54.464000
6.318,2026-06-11T17:29:54.466000
6.32,2026-06-11T17:29:54.468000
6.322,2026-06-11T17:29:54.470000
6.324,2026-06-11T17:29:54.472000
6.326,2026-06-11T17:29:54.474000
6.328,2026-06-11T17:29:54.476000
6.33,2026-06-11T17:29:54.478000
6.332,2026-06-11T17:29:54.480000
6.334,2026-06-11T17:29:54.482000
6.336,2026-06-11T17:29:54.484000
6.338,2026-06-11T17:29:54.486000
6.34,2026-06-11T17:29:54.488000
6.342,2026-06-11T17:29:54.490000
6.344,2026-06-11T17:29:54.492000
6.346,2026-06-11T17:29:54.494000
6.348,2026-06-11T17:29:54.496000
6.35,2026-06-11T17:29:54.498000
6.352,2026-06-11T17:29:54.500000
6.354,2026-06-11T17:29:54.502000
6.356,2026-06-11T17:29:54.504000
6.358,2026-06-11T17:29:54.506000
6.36,2026-06-11T17:29:54.508000
6.362,2026-06-11T17:29:54.510000
6.364,2026-06-11T17:29:54.512000
6.366,2026-06-11T17:29:54.514000
6.368,2026-06-11T17:29:54.516000
6.37,2026-06-11T17:29:54.518000
6.372,2026-06-11T17:29:54.520000
6.374,2026-06-11T17:29:54.522000
6.376,2026-06-11T17:29:54.524000
6.378,2026-06-11T17:29:54.526000
6.38,2026-06-11T17:29:54.528000
6.382,2026-06-11T17:29:54.530000
6.384,2026-06-11T17:29:54.532000
6.386,2026-06-11T17:29:54.534000
6.388,2026-06-11T17:29:54.536000
6.39,2026-06-11T17:29:54.538000
6.392,2026-06-11T17:29:54.540000
6.394,2026-06-11T17:29:54.542000
6.396,2026-06-11T17:29:54.544000
6.398,2026-06-11T17:29:54.546000
6.4,2026-06-11T17:29:54.548000
6.402,2026-06-11T17:29:54.550000
6.404,2026-06-11T17:29:54.552000
6.406,2026-06-11T17:29:54.554000
6.408,2026-06-11T17:29:54.556000
6.41,2026-06-11T17:29:54.558000
6.412,2026-06-11T17:29:54.560000
6.414,2026-06-11T17:29:54.562000
6.416,2026-06-11T17:29:54.564000
6.418,2026-06-11T17:29:54.566000
6.42,2026-06-11T17:29:54.568000
6.422,2026-06-11T17:29:54.570000
6.424,2026-06-11T17:29:54.572000
6.426,2026-06-11T17:29:54.574000
6.428,2026-06-11T17:29:54.576000
6.43,2026-06-11T17:29:54.578000
6.432,2026-06-11T17:29:54.580000
6.434,2026-06-11T17:29:54.582000
6.436,2026-06-11T17:29:54.584000
6.438,2026-06-11T17:29:54.586000
6.44,2026-06-11T17:29:54.588000
6.442,2026-06-11T17:29:54.590000
6.444,2026-06-11T17:29:54.592000
6.446,2026-06-11T17:29:54.594000
6.448,2026-06-11T17:29:54.596000
6.45,2026-06-11T17:29:54.598000
6.452,2026-06-11T17:29:54.600000
6.454,2026-06-11T17:29:54.602000
6.456,2026-06-11T17:29:54.604000
6.458,2026-06-11T17:29:54.606000
6.46,2026-06-11T17:29:54.608000
6.462,2026-06-11T17:29:54.610000
6.464,2026-06-11T17:29:54.612000
6.466,2026-06-11T17:29:54.614000
6.468,2026-06-11T17:29:54.616000
6.47,2026-06-11T17:29:54.618000
6.472,2026-06-11T17:29:54.620000
6.474,2026-06-11T17:29:54.622000
6.476,2026-06-11T17:29:54.624000
6.478,2026-06-11T17:29:54.626000
6.48,2026-06-11T17:29:54.628000
6.482,2026-06-11T17:29:54.630000
6.484,2026-06-11T17:29:54.632000
6.486,2026-06-11T17:29:54.634000
6.488,2026-06-11T17:29:54.636000
6.49,2026-06-11T17:29:54.638000
6.492,2026-06-11T17:29:54.640000
6.494,2026-06-11T17:29:54.642000
6.496,2026-06-11T17:29:54.644000
6.498,2026-06-11T17:29:54.646000
6.5,2026-06-11T17:29:54.648000
6.502,2026-06-11T17:29:54.650000
6.504,2026-06-11T17:29:54.652000
6.506,2026-06-11T17:29:54.654000
6.508,2026-06-11T17:29:54.656000
6.51,2026-06-11T17:29:54.658000
6.512,2026-06-11T17:29:54.660000
6.514,2026-06-11T17:29:54.662000
6.516,2026-06-11T17:29:54.664000
6.518,2026-06-11T17:29:54.666000
6.52,2026-06-11T17:29:54.668000
6.522,2026-06-11T17:29:54.670000
6.524,2026-06-11T17:29:54.672000
6.526,2026-06-11T17:29:54.674000
6.528,2026-06-11T17:29:54.676000
6.53,2026-06-11T17:29:54.678000
6.532,2026-06-11T17:29:54.680000
6.534,2026-06-11T17:29:54.682000
6.536,2026-06-11T17:29:54.684000
6.538,2026-06-11T17:29:54.686000
6.54,2026-06-11T17:29:54.688000
6.542,2026-06-11T17:29:54.690000
6.544,2026-06-11T17:29:54.692000
6.546,2026-06-11T17:29:54.694000
6.548,2026-06-11T17:29:54.696000
6.55,2026-06-11T17:29:54.698000
6.552,2026-06-11T17:29:54.700000
6.554,2026-06-11T17:29:54.702000
6.556,2026-06-11T17:29:54.704000
6.558,2026-06-11T17:29:54.706000
6.56,2026-06-11T17:29:54.708000
6.562,2026-06-11T17:29:54.710000
6.564,2026-06-11T17:29:54.712000
6.566,2026-06-11T17:29:54.714000
6.568,2026-06-11T17:29:54.716000
6.57,2026-06-11T17:29:54.718000
6.572,2026-06-11T17:29:54.720000
6.574,2026-06-11T17:29:54.722000
6.576,2026-06-11T17:29:54.724000
6.578,2026-06-11T17:29:54.726000
6.58,2026-06-11T17:29:54.728000
6.582,2026-06-11T17:29:54.730000
6.584,2026-06-11T17:29:54.732000
6.586,2026-06-11T17:29:54.734000
6.588,2026-06-11T17:29:54.736000
6.59,2026-06-11T17:29:54.738000
6.592,2026-06-11T17:29:54.740000
6.594,2026-06-11T17:29:54.742000
6.596,2026-06-11T17:29:54.744000
6.598,2026-06-11T17:29:54.746000
6.6,2026-06-11T17:29:54.748000
6.602,2026-06-11T17:29:54.750000
6.604,2026-06-11T17:29:54.752000
6.606,2026-06-11T17:29:54.754000
6.608,2026-06-11T17:29:54.756000
6.61,2026-06-11T17:29:54.758000
6.612,2026-06-11T17:29:54.760000
6.614,2026-06-11T17:29:54.762000
6.616,2026-06-11T17:29:54.764000
6.618,2026-06-11T17:29:54.766000
6.62,2026-06-11T17:29:54.768000
6.622,2026-06-11T17:29:54.770000
6.624,2026-06-11T17:29:54.772000
6.626,2026-06-11T17:29:54.774000
6.628,2026-06-11T17:29:54.776000
6.63,2026-06-11T17:29:54.778000
6.632,2026-06-11T17:29:54.780000
6.634,2026-06-11T17:29:54.782000
6.636,2026-06-11T17:29:54.784000
6.638,2026-06-11T17:29:54.786000
6.64,2026-06-11T17:29:54.788000
6.642,2026-06-11T17:29:54.790000
6.644,2026-06-11T17:29:54.792000
6.646,2026-06-11T17:29:54.794000
6.648,2026-06-11T17:29:54.796000
6.65,2026-06-11T17:29:54.798000
6.652,2026-06-11T17:29:54.800000
6.654,2026-06-11T17:29:54.802000
6.656,2026-06-11T17:29:54.804000
6.658,2026-06-11T17:29:54.806000
6.66,2026-06-11T17:29:54.808000
6.662,2026-06-11T17:29:54.810000
6.664,2026-06-11T17:29:54.812000
6.666,2026-06-11T17:29:54.814000
6.668,2026-06-11T17:29:54.816000
6.67,2026-06-11T17:29:54.818000
6.672,2026-06-11T17:29:54.820000
6.674,2026-06-11T17:29:54.822000
6.676,2026-06-11T17:29:54.824000
6.678,2026-06-11T17:29:54.826000
6.68,2026-06-11T17:29:54.828000
6.682,2026-06-11T17:29:54.830000
6.684,2026-06-11T17:29:54.832000
6.686,2026-06-11T17:29:54.834000
6.688,2026-06-11T17:29:54.836000
6.69,2026-06-11T17:29:54.838000
6.692,2026-06-11T17:29:54.840000
6.694,2026-06-11T17:29:54.842000
6.696,2026-06-11T17:29:54.844000
6.698,2026-06-11T17:29:54.846000
6.7,2026-06-11T17:29:54.848000
6.702,2026-06-11T17:29:54.850000
6.704,2026-06-11T17:29:54.852000
6.706,2026-06-11T17:29:54.854000
6.708,2026-06-11T17:29:54.856000
6.71,2026-06-11T17:29:54.858000
6.712,2026-06-11T17:29:54.860000
6.714,2026-06-11T17:29:54.862000
6.716,2026-06-11T17:29:54.864000
6.718,2026-06-11T17:29:54.866000
6.72,2026-06-11T17:29:54.868000
6.722,2026-06-11T17:29:54.870000
6.724,2026-06-11T17:29:54.872000
6.726,2026-06-11T17:29:54.874000
6.728,2026-06-11T17:29:54.876000
6.73,2026-06-11T17:29:54.878000
6.732,2026-06-11T17:29:54.880000
6.734,2026-06-11T17:29:54.882000
6.736,2026-06-11T17:29:54.884000
6.738,2026-06-11T17:29:54.886000
6.74,2026-06-11T17:29:54.888000
6.742,2026-06-11T17:29:54.890000
6.744,2026-06-11T17:29:54.892000
6.746,2026-06-11T17:29:54.894000
6.748,2026-06-11T17:29:54.896000
6.75,2026-06-11T17:29:54.898000
6.752,2026-06-11T17:29:54.900000
6.754,2026-06-11T17:29:54.902000
6.756,2026-06-11T17:29:54.904000
6.758,2026-06-11T17:29:54.906000
6.76,2026-06-11T17:29:54.908000
6.762,2026-06-11T17:29:54.910000
6.764,2026-06-11T17:29:54.912000
6.766,2026-06-11T17:29:54.914000
6.768,2026-06-11T17:29:54.916000
6.77,2026-06-11T17:29:54.918000
6.772,2026-06-11T17:29:54.920000
6.774,2026-06-11T17:29:54.922000
6.776,2026-06-11T17:29:54.924000
6.778,2026-06-11T17:29:54.926000
6.78,2026-06-11T17:29:54.928000
6.782,2026-06-11T17:29:54.930000
6.784,2026-06-11T17:29:54.932000
6.786,2026-06-11T17:29:54.934000
6.788,2026-06-11T17:29:54.936000
6.79,2026-06-11T17:29:54.938000
6.792,2026-06-11T17:29:54.940000
6.794,2026-06-11T17:29:54.942000
6.796,2026-06-11T17:29:54.944000
6.798,2026-06-11T17:29:54.946000
6.8,2026-06-11T17:29:54.948000
6.802,2026-06-11T17:29:54.950000
6.804,2026-06-11T17:29:54.952000
6.806,2026-06-11T17:29:54.954000
6.808,2026-06-11T17:29:54.956000
6.81,2026-06-11T17:29:54.958000
6.812,2026-06-11T17:29:54.960000
6.814,2026-06-11T17:29:54.962000
6.816,2026-06-11T17:29:54.964000
6.818,2026-06-11T17:29:54.966000
6.82,2026-06-11T17:29:54.968000
6.822,2026-06-11T17:29:54.970000
6.824,2026-06-11T17:29:54.972000
6.826,2026-06-11T17:29:54.974000
6.828,2026-06-11T17:29:54.976000
6.83,2026-06-11T17:29:54.978000
6.832,2026-06-11T17:29:54.980000
6.834,2026-06-11T17:29:54.982000
6.836,2026-06-11T17:29:54.984000
6.838,2026-06-11T17:29:54.986000
6.84,2026-06-11T17:29:54.988000
6.842,2026-06-11T17:29:54.990000
6.844,2026-06-11T17:29:54.992000
6.846,2026-06-11T17:29:54.994000
6.848,2026-06-11T17:29:54.996000
6.85,2026-06-11T17:29:54.998000
6.852,2026-06-11T17:29:55.000000
6.854,2026-06-11T17:29:55.002000
6.856,2026-06-11T17:29:55.004000
6.858,2026-06-11T17:29:55.006000
6.86,2026-06-11T17:29:55.008000
6.862,2026-06-11T17:29:55.010000
6.864,2026-06-11T17:29:55.012000
6.866,2026-06-11T17:29:55.014000
6.868,2026-06-11T17:29:55.016000
6.87,2026-06-11T17:29:55.018000
6.872,2026-06-11T17:29:55.020000
6.874,2026-06-11T17:29:55.022000
6.876,2026-06-11T17:29:55.024000
6.878,2026-06-11T17:29:55.026000
6.88,2026-06-11T17:29:55.028000
6.882,2026-06-11T17:29:55.030000
6.884,2026-06-11T17:29:55.032000
6.886,2026-06-11T17:29:55.034000
6.888,2026-06-11T17:29:55.036000
6.89,2026-06-11T17:29:55.038000
6.892,2026-06-11T17:29:55.040000
6.894,2026-06-11T17:29:55.042000
6.896,2026-06-11T17:29:55.044000
6.898,2026-06-11T17:29:55.046000
6.9,2026-06-11T17:29:55.048000
6.902,2026-06-11T17:29:55.050000
6.904,2026-06-11T17:29:55.052000
6.906,2026-06-11T17:29:55.054000
6.908,2026-06-11T17:29:55.056000
6.91,2026-06-11T17:29:55.058000
6.912,2026-06-11T17:29:55.060000
6.914,2026-06-11T17:29:55.062000
6.916,2026-06-11T17:29:55.064000
6.918,2026-06-11T17:29:55.066000
6.92,2026-06-11T17:29:55.068000
6.922,2026-06-11T17:29:55.070000
6.924,2026-06-11T17:29:55.072000
6.926,2026-06-11T17:29:55.074000
6.928,2026-06-11T17:29:55.076000
6.93,2026-06-11T17:29:55.078000
6.932,2026-06-11T17:29:55.080000
6.934,2026-06-11T17:29:55.082000
6.936,2026-06-11T17:29:55.084000
6.938,2026-06-11T17:29:55.086000
6.94,2026-06-11T17:29:55.088000
6.942,2026-06-11T17:29:55.090000
6.944,2026-06-11T17:29:55.092000
6.946,2026-06-11T17:29:55.094000
6.948,2026-06-11T17:29:55.096000
6.95,2026-06-11T17:29:55.098000
6.952,2026-06-11T17:29:55.100000
6.954,2026-06-11T17:29:55.102000
6.956,2026-06-11T17:29:55.104000
6.958,2026-06-11T17:29:55.106000
6.96,2026-06-11T17:29:55.108000
6.962,2026-06-11T17:29:55.110000
6.964,2026-06-11T17:29:55.112000
6.966,2026-06-11T17:29:55.114000
6.968,2026-06-11T17:29:55.116000
6.97,2026-06-11T17:29:55.118000
6.972,2026-06-11T17:29:55.120000
6.974,2026-06-11T17:29:55.122000
6.976,2026-06-11T17:29:55.124000
